customer_id,full_name,age,state_code,customer_since,tenure_months,customer_status,segment_name,lifetime_value_score,engagement_score,total_accounts,active_accounts,total_balance,total_credit_limit,credit_utilization_pct,monthly_transactions,monthly_spend,net_cash_flow,top_spend_category,digital_txn_pct,composite_risk_score,risk_tier,probability_of_default,watch_list_flag,cross_sell_flag,upsell_flag,retention_risk_flag,model_version,effective_date,load_ts
1,Joshua Walker,42,FM,2011-11-12,175,A,PREMIUM_WEALTH,19712.32,100.0,4,4.0,77978.21,25000.0,34.52,177.0,24196.32,7374.440000000002,RETAIL,40.11649717514125,10.91,LOW,0.0,N,N,N,N,MASTER_V1.5,2026-06-29,2026-06-29 19:54:02.726587
16,Angela Cohen,19,PA,2021-01-14,65,A,PREMIUM_WEALTH,7166.58,100.0,4,4.0,61420.81,15000.0,25.29,203.0,30180.67,-3324.7000000000007,RETAIL,41.871625615763556,14.73,LOW,0.0,N,N,N,N,MASTER_V1.5,2026-06-29,2026-06-29 19:54:02.726587
17,Jeremy Johnson,29,WI,2023-01-25,41,A,GROWING_DIGITAL,2256.21,100.0,2,2.0,60227.7,0.0,0.0,61.0,28692.85,-26400.64,GROCERY,39.3439344262295,26.27,MODERATE,0.0,N,N,N,N,MASTER_V1.5,2026-06-29,2026-06-29 19:54:02.726587
23,Daniel Burton,79,MS,2012-03-11,171,A,ENGAGED_MAINSTREAM,20196.93,100.0,4,4.0,134735.4,5000.0,85.88,218.0,36316.909999999996,-8902.199999999997,UTILITIES,33.02733944954129,26.5,MODERATE,0.0,N,N,N,N,MASTER_V1.5,2026-06-29,2026-06-29 19:54:02.726587
27,Daniel Graham,67,PR,2021-01-19,65,A,ENGAGED_MAINSTREAM,7294.23,100.0,4,4.0,74749.18,2000.0,77.5,152.0,8264.73,-956.9199999999992,RESTAURANT,38.158815789473685,13.73,LOW,0.0,N,N,N,N,MASTER_V1.5,2026-06-29,2026-06-29 19:54:02.726587
32,Andrew Hickman,85,MA,2016-04-29,122,A,ENGAGED_MAINSTREAM,10782.55,100.0,3,3.0,131164.77,25000.0,0.02,65.0,15316.75,-5622.99,TRAVEL,35.388,27.64,MODERATE,0.0,N,N,N,N,MASTER_V1.5,2026-06-29,2026-06-29 19:54:02.726587
33,Kyle Brown,26,NJ,2023-11-24,31,A,GROWING_DIGITAL,1738.27,100.0,2,2.0,74211.18,0.0,0.0,84.0,5653.26,-1370.3400000000001,RESTAURANT,41.66571428571429,7.68,LOW,0.0,N,N,N,N,MASTER_V1.5,2026-06-29,2026-06-29 19:54:02.726587
68,Lisa Evans,41,TN,2011-08-10,178,A,GROWING_DIGITAL,4309.0,100.0,1,1.0,16044.96,0.0,0.0,63.0,9980.99,5655.800000000001,RESTAURANT,46.03,31.0,MODERATE,0.0,N,Y,N,N,MASTER_V1.5,2026-06-29,2026-06-29 19:54:02.726587
82,Martin Galvan,83,PW,2022-06-24,48,A,GROWING_DIGITAL,2704.07,100.0,2,2.0,78194.82,0.0,0.0,115.0,15334.07,464.51000000000204,UTILITIES,41.74208695652174,13.27,LOW,0.0,N,N,N,N,MASTER_V1.5,2026-06-29,2026-06-29 19:54:02.726587
84,Monica Garrison,32,OK,2013-02-07,160,A,CREDIT_DEPENDENT,8244.75,50.0,2,1.0,29909.86,10000.0,35.69,92.0,22180.77,-17812.6,GROCERY,28.257826086956523,9.18,LOW,0.0,N,N,N,N,MASTER_V1.5,2026-06-29,2026-06-29 19:54:02.726587
92,Jonathan Fletcher,59,DE,2020-02-03,76,A,ENGAGED_MAINSTREAM,8641.27,100.0,4,4.0,86690.24,10000.0,62.71,208.0,56661.81,-32623.469999999998,RETAIL,37.02206730769231,18.53,LOW,0.0,N,N,N,N,MASTER_V1.5,2026-06-29,2026-06-29 19:54:02.726587
93,Amanda Ball,85,SD,2025-04-19,14,A,ENGAGED_MAINSTREAM,1594.23,100.0,4,4.0,88197.5,15000.0,22.93,255.0,56655.12,-25317.280000000002,TRAVEL,39.608392156862735,22.27,MODERATE,0.0,N,N,N,N,MASTER_V1.5,2026-06-29,2026-06-29 19:54:02.726587
98,Raven Gilbert,22,MO,2021-08-05,58,A,VALUE_BASIC,1378.36,100.0,1,1.0,13439.16,25000.0,53.76,39.0,2076.6,1732.2000000000003,GROCERY,30.769999999999996,19.36,LOW,0.0,N,Y,N,N,MASTER_V1.5,2026-06-29,2026-06-29 19:54:02.726587
111,Caitlin Dodson,40,MT,2026-03-25,3,A,PREMIUM_WEALTH,164.87,100.0,2,2.0,59370.74,10000.0,78.65,88.0,4505.139999999999,1355.840000000001,RETAIL,35.22613636363637,12.91,LOW,0.0,N,N,N,N,MASTER_V1.5,2026-06-29,2026-06-29 19:54:02.726587
123,Jeffrey Robinson,48,MS,2020-06-28,72,A,PREMIUM_WEALTH,5982.01,66.67,3,2.0,64718.42,15000.0,72.85,107.0,14817.74,19308.950000000004,RETAIL,38.31869158878504,16.68,LOW,0.0,N,N,N,N,MASTER_V1.5,2026-06-29,2026-06-29 19:54:02.726587
133,David Caldwell,84,MH,2013-10-06,152,A,VALUE_BASIC,2792.96,100.0,1,1.0,1556.04,2000.0,77.8,36.0,7162.34,5770.789999999999,HEALTHCARE,33.33,18.27,LOW,0.0,N,Y,Y,N,MASTER_V1.5,2026-06-29,2026-06-29 19:54:02.726587
156,James Wilson,68,MO,2013-04-16,158,A,ENGAGED_MAINSTREAM,18307.18,100.0,4,4.0,107669.81,15000.0,72.5,185.0,46431.73,-11960.370000000003,RETAIL,37.84016216216216,23.09,MODERATE,0.0,N,N,N,N,MASTER_V1.5,2026-06-29,2026-06-29 19:54:02.726587
164,Lynn Morales,22,AS,2018-08-14,94,A,PREMIUM_WEALTH,7217.36,100.0,3,3.0,27928.01,5000.0,87.47,133.0,18406.27,8970.98,UTILITIES,39.85315789473684,19.3,LOW,0.0,N,N,N,N,MASTER_V1.5,2026-06-29,2026-06-29 19:54:02.726587
167,Krystal Perez,34,CO,2020-07-14,71,A,GROWING_DIGITAL,3884.95,100.0,2,2.0,56586.8,0.0,0.0,57.0,3971.66,-1338.88,UTILITIES,35.08684210526316,14.82,LOW,0.0,N,N,N,N,MASTER_V1.5,2026-06-29,2026-06-29 19:54:02.726587
180,Marcus Wright,82,NV,2017-12-08,102,A,ENGAGED_MAINSTREAM,8695.21,100.0,3,3.0,86361.08,10000.0,38.91,139.0,15595.300000000001,1651.8899999999976,RETAIL,41.01035971223021,20.18,MODERATE,0.0,N,N,N,N,MASTER_V1.5,2026-06-29,2026-06-29 19:54:02.726587
181,Mary Johnston,79,NE,2025-11-03,7,A,ENGAGED_MAINSTREAM,391.12,100.0,2,2.0,71308.62,25000.0,78.17,79.0,8187.88,-2534.6799999999994,RETAIL,49.37012658227849,9.0,LOW,0.0,N,N,N,N,MASTER_V1.5,2026-06-29,2026-06-29 19:54:02.726587
205,Julie Thornton,33,DE,2012-02-21,172,A,PREMIUM_WEALTH,14771.07,100.0,3,3.0,93943.08,10000.0,70.25,75.0,21142.29,-17939.09,RETAIL,26.66293333333333,13.64,LOW,0.0,N,N,N,N,MASTER_V1.5,2026-06-29,2026-06-29 19:54:02.726587
221,Albert Ballard,68,NH,2015-04-20,134,A,ENGAGED_MAINSTREAM,11631.18,100.0,3,3.0,106224.36,25000.0,49.66,114.0,11771.92,-5412.21,UTILITIES,49.12263157894736,20.82,MODERATE,0.0,N,N,N,N,MASTER_V1.5,2026-06-29,2026-06-29 19:54:02.726587
237,Sydney Taylor,62,NE,2013-03-17,159,A,VALUE_BASIC,2128.27,100.0,1,1.0,211.48,5000.0,4.23,39.0,2128.79,514.0900000000001,GROCERY,33.33,17.73,LOW,0.0,N,Y,N,N,MASTER_V1.5,2026-06-29,2026-06-29 19:54:02.726587
239,Michael Gibbs,20,AR,2023-06-30,36,A,PREMIUM_WEALTH,3943.02,100.0,4,4.0,57115.25,15000.0,38.22,239.0,64725.35,-29550.009999999995,RETAIL,38.08012552301256,10.91,LOW,0.0,N,N,N,N,MASTER_V1.5,2026-06-29,2026-06-29 19:54:02.726587
245,Kevin Vasquez,76,NH,2025-08-10,10,A,ENGAGED_MAINSTREAM,854.21,100.0,3,3.0,88383.12,25000.0,96.46,161.0,37574.920000000006,-13512.150000000009,RETAIL,44.099440993788825,3.18,LOW,0.0,N,N,N,N,MASTER_V1.5,2026-06-29,2026-06-29 19:54:02.726587
254,Kristin Sanchez,45,PA,2011-10-23,176,A,GROWING_DIGITAL,9920.88,100.0,2,2.0,78726.32,5000.0,26.59,79.0,12245.17,1915.1399999999994,RESTAURANT,34.171772151898736,24.09,MODERATE,0.0,N,N,N,N,MASTER_V1.5,2026-06-29,2026-06-29 19:54:02.726587
255,Casey Hubbard,77,TN,2019-11-30,79,A,GROWING_DIGITAL,3953.96,100.0,2,2.0,22248.25,0.0,0.0,35.0,2715.56,8999.44,GROCERY,45.713428571428565,8.55,LOW,0.0,N,N,N,N,MASTER_V1.5,2026-06-29,2026-06-29 19:54:02.726587
260,Grant Williams,69,IA,2016-04-27,122,A,GROWING_DIGITAL,3333.87,100.0,1,1.0,55865.67,0.0,0.0,67.0,36252.0,-18800.38,GROCERY,32.84,14.09,LOW,0.0,N,Y,N,N,MASTER_V1.5,2026-06-29,2026-06-29 19:54:02.726587
269,Jacqueline Farrell,44,CT,2012-12-20,162,A,PREMIUM_WEALTH,18829.98,75.0,4,3.0,111685.63,25000.0,80.53,197.0,31656.97,-4563.190000000002,TRAVEL,34.00984771573603,22.6,MODERATE,0.0,N,N,N,N,MASTER_V1.5,2026-06-29,2026-06-29 19:54:02.726587
276,Michael Ortega,63,MI,2013-04-25,158,A,ENGAGED_MAINSTREAM,12828.2,66.67,3,2.0,50286.14,5000.0,5.35,116.0,20335.66,291.4300000000003,RESTAURANT,37.931293103448276,27.35,MODERATE,0.0,N,N,N,N,MASTER_V1.5,2026-06-29,2026-06-29 19:54:02.726587
299,Mark Solis,77,MP,2011-10-20,176,A,ENGAGED_MAINSTREAM,18770.6,100.0,4,4.0,42835.19,5000.0,98.68,166.0,22610.11,-7349.200000000001,GROCERY,41.56168674698795,17.82,LOW,0.0,N,N,N,N,MASTER_V1.5,2026-06-29,2026-06-29 19:54:02.726587
302,Matthew Cook,58,MT,2016-02-13,124,A,GROWING_DIGITAL,6482.05,100.0,2,2.0,34714.79,2000.0,47.25,108.0,5612.74,7070.57,GROCERY,30.560000000000002,16.29,LOW,0.0,N,N,N,N,MASTER_V1.5,2026-06-29,2026-06-29 19:54:02.726587
307,Karen Wolf,33,MN,2018-11-11,91,A,PREMIUM_WEALTH,10640.99,100.0,4,4.0,119777.44,2000.0,81.12,204.0,50993.16,-15013.370000000003,UTILITIES,35.78446078431373,22.9,MODERATE,0.0,N,N,N,N,MASTER_V1.5,2026-06-29,2026-06-29 19:54:02.726587
308,Anne Reid,55,WY,2025-04-11,14,A,ENGAGED_MAINSTREAM,1566.94,75.0,4,3.0,72577.43,2000.0,71.03,207.0,23476.5,2169.3300000000017,RETAIL,37.19927536231884,18.27,LOW,0.0,N,N,N,N,MASTER_V1.5,2026-06-29,2026-06-29 19:54:02.726587
311,Lance Hayes,81,WA,2019-01-22,89,A,GROWING_DIGITAL,5116.27,100.0,2,2.0,98443.87,0.0,0.0,64.0,2149.44,17272.42,INSURANCE,43.750468749999996,22.0,MODERATE,0.0,N,N,N,N,MASTER_V1.5,2026-06-29,2026-06-29 19:54:02.726587
313,William Ford,28,OR,2020-08-31,70,A,VALUE_BASIC,1480.98,100.0,1,1.0,4735.02,5000.0,94.7,25.0,9432.39,-7636.169999999999,UTILITIES,32.0,0.0,LOW,0.0,N,Y,Y,N,MASTER_V1.5,2026-06-29,2026-06-29 19:54:02.726587
318,Scott Mills,68,MD,2018-01-08,101,A,GROWING_DIGITAL,5334.75,100.0,2,2.0,38710.09,25000.0,40.33,70.0,21855.65,-6495.620000000001,TRAVEL,21.431285714285718,25.36,MODERATE,0.0,N,N,N,N,MASTER_V1.5,2026-06-29,2026-06-29 19:54:02.726587
339,Laurie Taylor,20,RI,2023-09-05,33,A,GROWING_DIGITAL,872.57,100.0,1,1.0,39205.04,0.0,0.0,23.0,1694.22,-1046.01,RETAIL,43.48,13.91,LOW,0.0,N,Y,N,N,MASTER_V1.5,2026-06-29,2026-06-29 19:54:02.726587
351,Robert Bauer,65,NY,2012-03-15,171,A,GROWING_DIGITAL,4567.34,100.0,1,1.0,43644.57,0.0,0.0,57.0,3765.56,16933.82,RESTAURANT,40.349999999999994,12.09,LOW,0.0,N,Y,N,N,MASTER_V1.5,2026-06-29,2026-06-29 19:54:02.726587
356,Vanessa Spencer,50,SD,2019-01-22,89,A,GROWING_DIGITAL,2108.25,100.0,1,1.0,13033.77,0.0,0.0,51.0,15856.71,-14012.84,EDUCATION,49.00999999999999,9.45,LOW,0.0,N,Y,N,N,MASTER_V1.5,2026-06-29,2026-06-29 19:54:02.726587
388,Laura Hicks,23,ND,2021-01-01,65,A,PREMIUM_WEALTH,5661.8,66.67,3,2.0,110629.14,10000.0,81.56,180.0,31821.79,19695.29,RESTAURANT,39.44116666666667,14.0,LOW,0.0,N,N,N,N,MASTER_V1.5,2026-06-29,2026-06-29 19:54:02.726587
394,Melvin Humphrey,55,PW,2021-08-20,58,A,GROWING_DIGITAL,3314.72,100.0,2,2.0,92047.59,0.0,0.0,97.0,25732.550000000003,-9406.490000000003,GROCERY,35.046494845360826,14.55,LOW,0.0,N,N,N,N,MASTER_V1.5,2026-06-29,2026-06-29 19:54:02.726587
419,Michael Morales,36,OR,2022-11-20,43,A,GROWING_DIGITAL,2348.39,100.0,2,2.0,55422.03,10000.0,18.17,101.0,17381.440000000002,-6288.420000000002,GROCERY,38.61722772277227,9.27,LOW,0.0,N,N,N,N,MASTER_V1.5,2026-06-29,2026-06-29 19:54:02.726587
433,Cristina Harvey,46,MI,2014-01-13,149,A,GROWING_DIGITAL,12977.3,100.0,3,3.0,110503.22,10000.0,10.66,132.0,36159.45,-30922.469999999998,RESTAURANT,34.0969696969697,8.36,LOW,0.0,N,N,N,N,MASTER_V1.5,2026-06-29,2026-06-29 19:54:02.726587
441,Chelsea Lee,42,ME,2021-10-31,56,A,GROWING_DIGITAL,3082.01,100.0,2,2.0,60306.34,0.0,0.0,86.0,24968.5,-21016.02,TRAVEL,45.35209302325581,25.05,MODERATE,0.0,N,N,N,N,MASTER_V1.5,2026-06-29,2026-06-29 19:54:02.726587
460,Daniel Bird,84,DC,2019-12-18,78,A,GROWING_DIGITAL,3961.45,100.0,2,2.0,25785.41,15000.0,21.84,84.0,25801.77,-20970.03,RESTAURANT,32.14071428571428,6.73,LOW,0.0,N,N,N,N,MASTER_V1.5,2026-06-29,2026-06-29 19:54:02.726587
473,Dennis Hernandez,44,MO,2014-10-05,140,A,VALUE_BASIC,2879.39,100.0,1,1.0,3739.98,5000.0,74.8,49.0,13175.89,-9505.43,RESTAURANT,38.78,15.21,LOW,0.0,N,Y,Y,N,MASTER_V1.5,2026-06-29,2026-06-29 19:54:02.726587
477,Christian Elliott,55,MA,2021-12-27,54,A,ENGAGED_MAINSTREAM,6464.78,75.0,4,3.0,158230.84,15000.0,17.7,156.0,69785.35,-36776.380000000005,UTILITIES,37.175961538461536,29.0,MODERATE,0.0,N,N,N,N,MASTER_V1.5,2026-06-29,2026-06-29 19:54:02.726587
480,Christopher Dixon,71,OK,2020-03-10,75,A,CREDIT_DEPENDENT,2053.96,0.0,1,0.0,57207.39,0.0,0.0,35.0,11873.48,-9626.38,RESTAURANT,31.429999999999996,16.55,LOW,0.0,N,N,N,Y,MASTER_V1.5,2026-06-29,2026-06-29 19:54:02.726587
481,William Bryant,31,WI,2018-04-03,98,A,GROWING_DIGITAL,2552.81,100.0,1,1.0,33510.6,0.0,0.0,32.0,15728.58,-15340.62,RETAIL,50.01000000000001,33.18,MODERATE,0.0,N,Y,N,N,MASTER_V1.5,2026-06-29,2026-06-29 19:54:02.726587
510,Joseph Nunez,36,IL,2014-05-01,145,A,PREMIUM_WEALTH,12395.77,66.67,3,2.0,89179.79,10000.0,63.86,112.0,33581.93,-9757.61,HEALTHCARE,40.18133928571429,15.82,LOW,0.0,N,N,N,N,MASTER_V1.5,2026-06-29,2026-06-29 19:54:02.726587
545,Jennifer Sanders,46,MA,2022-09-18,45,A,VALUE_BASIC,883.02,100.0,1,1.0,2563.26,5000.0,51.27,22.0,1092.87,7620.86,UTILITIES,59.089999999999996,12.45,LOW,0.0,N,Y,Y,N,MASTER_V1.5,2026-06-29,2026-06-29 19:54:02.726587
561,Ashley Jackson,24,LA,2026-01-31,5,A,PREMIUM_WEALTH,276.3,100.0,2,2.0,63070.99,5000.0,95.44,61.0,16055.62,-7933.9400000000005,RESTAURANT,37.69934426229508,2.45,LOW,0.0,N,N,N,N,MASTER_V1.5,2026-06-29,2026-06-29 19:54:02.726587
597,Monica Lopez,81,ND,2013-01-03,161,A,ENGAGED_MAINSTREAM,19066.36,75.0,4,3.0,139032.4,15000.0,23.35,157.0,19211.78,-12323.47,TRAVEL,35.031337579617826,26.28,MODERATE,0.0,N,N,N,N,MASTER_V1.5,2026-06-29,2026-06-29 19:54:02.726587
599,Candice Carr,50,IL,2021-01-09,65,A,PREMIUM_WEALTH,7802.19,100.0,4,4.0,163303.14,2000.0,99.3,191.0,30099.66,2770.4900000000016,RETAIL,45.54910994764397,10.82,LOW,0.0,N,N,N,N,MASTER_V1.5,2026-06-29,2026-06-29 19:54:02.726587
602,David Torres,79,WI,2013-06-27,156,A,VALUE_BASIC,3435.96,100.0,1,1.0,6701.97,0.0,0.0,64.0,40546.02,-38718.03,HEALTHCARE,31.25,16.09,LOW,0.0,N,Y,Y,N,MASTER_V1.5,2026-06-29,2026-06-29 19:54:02.726587
618,Brianna Bell,69,CA,2023-08-02,34,A,VALUE_BASIC,615.67,100.0,1,1.0,1398.6,0.0,0.0,47.0,27109.05,-25998.77,GROCERY,31.91,6.09,LOW,0.0,N,Y,Y,N,MASTER_V1.5,2026-06-29,2026-06-29 19:54:02.726587
621,Mario Padilla,66,SC,2019-07-12,83,A,ENGAGED_MAINSTREAM,9741.15,100.0,4,4.0,125032.5,15000.0,32.95,197.0,32727.85,59.34000000000378,RESTAURANT,37.56507614213198,6.05,LOW,0.0,N,N,N,N,MASTER_V1.5,2026-06-29,2026-06-29 19:54:02.726587
627,Shannon Schultz,67,MP,2017-09-02,105,A,ENGAGED_MAINSTREAM,12711.97,100.0,4,4.0,181070.23,15000.0,94.56,190.0,12703.36,-3606.959999999999,RETAIL,36.84242105263157,14.55,LOW,0.0,N,N,N,N,MASTER_V1.5,2026-06-29,2026-06-29 19:54:02.726587
635,Kristen Stevens,82,PR,2012-12-22,162,A,ENGAGED_MAINSTREAM,7674.35,100.0,2,2.0,13023.45,2000.0,83.59,47.0,35550.23,-25408.11,RESTAURANT,36.16978723404255,13.09,LOW,0.0,N,N,N,N,MASTER_V1.5,2026-06-29,2026-06-29 19:54:02.726587
637,Haley Anderson,21,CO,2014-07-05,143,A,PREMIUM_WEALTH,13084.9,100.0,3,3.0,198863.3,0.0,0.0,133.0,42239.119999999995,-25596.649999999994,RETAIL,34.583609022556395,11.73,LOW,0.0,N,N,N,N,MASTER_V1.5,2026-06-29,2026-06-29 19:54:02.726587
671,David Norman,37,MP,2013-12-24,150,A,PREMIUM_WEALTH,8228.51,100.0,2,2.0,58182.65,15000.0,71.06,40.0,2071.89,-49.37999999999988,RESTAURANT,42.5,20.27,MODERATE,0.0,N,N,N,N,MASTER_V1.5,2026-06-29,2026-06-29 19:54:02.726587
678,Edward Velazquez,53,MH,2017-03-15,111,A,ENGAGED_MAINSTREAM,9492.9,100.0,3,3.0,89579.12,10000.0,64.7,131.0,34123.91,-3770.310000000005,RETAIL,30.538167938931295,36.76,MODERATE,0.0,N,N,N,N,MASTER_V1.5,2026-06-29,2026-06-29 19:54:02.726587
681,Nathan Shaw,67,MA,2012-08-26,166,A,GROWING_DIGITAL,4321.52,100.0,1,1.0,33299.7,0.0,0.0,73.0,54300.82,-52631.69,GROCERY,39.730000000000004,17.27,LOW,0.0,N,Y,N,N,MASTER_V1.5,2026-06-29,2026-06-29 19:54:02.726587
682,Linda Jarvis,25,TX,2014-03-02,147,A,GROWING_DIGITAL,8216.5,100.0,2,2.0,71604.25,0.0,0.0,98.0,45963.3,-22635.530000000002,RETAIL,35.70877551020409,8.64,LOW,0.0,N,N,N,N,MASTER_V1.5,2026-06-29,2026-06-29 19:54:02.726587
688,Jesse Reed,85,IN,2017-08-10,106,A,ENGAGED_MAINSTREAM,8295.59,100.0,3,3.0,34019.82,15000.0,61.97,88.0,4640.57,23634.28,TRAVEL,36.362840909090906,15.61,LOW,0.0,N,N,N,N,MASTER_V1.5,2026-06-29,2026-06-29 19:54:02.726587
690,Jessica Garcia,41,MA,2024-02-27,28,A,PREMIUM_WEALTH,2267.42,66.67,3,2.0,48885.02,5000.0,50.1,163.0,56186.55,-22864.420000000006,TRAVEL,34.96907975460123,17.99,LOW,0.0,N,N,N,N,MASTER_V1.5,2026-06-29,2026-06-29 19:54:02.726587
697,Jill Stewart,31,MN,2021-12-11,54,A,PREMIUM_WEALTH,6373.28,100.0,4,4.0,133568.19,10000.0,81.65,192.0,39071.75,-8923.630000000001,RETAIL,36.98078124999999,12.73,LOW,0.0,N,N,N,N,MASTER_V1.5,2026-06-29,2026-06-29 19:54:02.726587
701,David Moore,64,TX,2015-06-12,132,A,ENGAGED_MAINSTREAM,15227.8,75.0,4,3.0,102356.16,2000.0,54.8,176.0,53437.95,-28232.809999999998,TRAVEL,34.661420454545464,21.17,MODERATE,0.0,N,N,N,N,MASTER_V1.5,2026-06-29,2026-06-29 19:54:02.726587
734,Samantha Schroeder,84,IA,2020-03-29,75,A,CREDIT_DEPENDENT,4292.88,50.0,2,1.0,93683.32,0.0,0.0,102.0,39540.49,-29644.019999999997,RETAIL,41.17411764705883,23.55,MODERATE,0.0,N,N,N,N,MASTER_V1.5,2026-06-29,2026-06-29 19:54:02.726587
739,Kristin Walker,39,DC,2025-05-07,13,A,CREDIT_DEPENDENT,747.11,50.0,2,1.0,98125.53,25000.0,94.24,106.0,6799.54,19302.01,RESTAURANT,40.56698113207547,18.96,LOW,0.0,N,N,N,N,MASTER_V1.5,2026-06-29,2026-06-29 19:54:02.726587
787,Heather Garcia,66,LA,2018-10-28,92,A,CREDIT_DEPENDENT,2476.88,0.0,1,0.0,47527.54,0.0,0.0,61.0,13208.01,2593.4400000000005,GAS_STATION,32.78,23.09,MODERATE,0.0,N,N,N,Y,MASTER_V1.5,2026-06-29,2026-06-29 19:54:02.726587
825,Brian Dickerson,59,MP,2015-12-10,126,A,CREDIT_DEPENDENT,3276.5,0.0,1,0.0,32912.06,0.0,0.0,28.0,1402.11,168.20000000000005,GROCERY,46.43,8.82,LOW,0.0,N,N,N,Y,MASTER_V1.5,2026-06-29,2026-06-29 19:54:02.726587
828,Crystal Thompson,33,FL,2018-10-06,92,A,CREDIT_DEPENDENT,2516.78,0.0,1,0.0,56528.57,0.0,0.0,19.0,1852.99,-1270.38,RETAIL,36.84,16.45,LOW,0.0,N,N,N,Y,MASTER_V1.5,2026-06-29,2026-06-29 19:54:02.726587
830,Tracy Gallagher,74,NM,2022-11-23,43,A,ENGAGED_MAINSTREAM,5049.08,100.0,4,4.0,125748.61,2000.0,84.3,191.0,12986.73,3166.1100000000006,RETAIL,30.888376963350783,13.95,LOW,0.0,N,N,N,N,MASTER_V1.5,2026-06-29,2026-06-29 19:54:02.726587
834,Courtney Wright,72,NH,2021-08-02,58,A,VALUE_BASIC,1014.7,100.0,1,1.0,1094.36,2000.0,54.72,21.0,1563.07,-25.929999999999836,UTILITIES,9.52,1.0,LOW,0.0,N,Y,Y,N,MASTER_V1.5,2026-06-29,2026-06-29 19:54:02.726587
853,Elizabeth Hernandez,24,WV,2023-12-14,30,A,GROWING_DIGITAL,828.71,100.0,1,1.0,62912.72,0.0,0.0,47.0,4290.74,17651.03,RESTAURANT,25.529999999999998,15.5,LOW,0.0,N,Y,N,N,MASTER_V1.5,2026-06-29,2026-06-29 19:54:02.726587
865,Howard James,31,GU,2021-08-11,58,A,PREMIUM_WEALTH,6406.76,75.0,4,3.0,62700.88,10000.0,27.6,215.0,47876.19,26393.350000000006,TRAVEL,38.138744186046516,15.36,LOW,0.0,N,N,N,N,MASTER_V1.5,2026-06-29,2026-06-29 19:54:02.726587
868,Jose Edwards,57,DC,2012-03-05,171,A,GROWING_DIGITAL,9106.53,100.0,2,2.0,42230.9,2000.0,9.99,47.0,4326.61,-2668.2599999999998,GROCERY,40.42851063829787,19.45,LOW,0.0,N,N,N,N,MASTER_V1.5,2026-06-29,2026-06-29 19:54:02.726587
879,Curtis Gutierrez,52,PW,2021-03-28,63,A,VALUE_BASIC,1428.09,100.0,1,1.0,8666.68,0.0,0.0,24.0,1732.05,-1051.6799999999998,ENTERTAINMENT,20.840000000000003,11.0,LOW,0.0,N,Y,Y,N,MASTER_V1.5,2026-06-29,2026-06-29 19:54:02.726587
886,Alejandra Park,20,TX,2015-11-06,127,A,PREMIUM_WEALTH,11055.91,66.67,3,2.0,109891.77,5000.0,33.81,182.0,22294.63,-6327.920000000002,PAWN_SHOP,40.10868131868131,23.12,MODERATE,0.0,N,N,N,N,MASTER_V1.5,2026-06-29,2026-06-29 19:54:02.726587
894,Samantha Thompson,53,NM,2019-01-27,89,A,ENGAGED_MAINSTREAM,7872.68,66.67,3,2.0,132491.23,0.0,0.0,154.0,35339.58,-19234.18,TRAVEL,36.368311688311685,6.57,LOW,0.0,N,N,N,N,MASTER_V1.5,2026-06-29,2026-06-29 19:54:02.726587
919,Willie Bennett,72,WY,2014-01-31,149,A,ENGAGED_MAINSTREAM,12580.47,100.0,3,3.0,77473.26,25000.0,28.23,118.0,7071.280000000001,8270.7,RESTAURANT,33.90313559322034,27.91,MODERATE,0.0,N,N,N,N,MASTER_V1.5,2026-06-29,2026-06-29 19:54:02.726587
926,Jeffrey Lewis,49,CT,2012-11-11,163,A,PREMIUM_WEALTH,13502.51,66.67,3,2.0,62629.9,5000.0,35.79,148.0,17043.61,-9322.45,TRAVEL,40.54033783783784,19.54,LOW,0.0,N,N,N,N,MASTER_V1.5,2026-06-29,2026-06-29 19:54:02.726587
934,Willie Vaughan,25,MP,2014-05-13,145,A,GROWING_DIGITAL,8410.87,100.0,2,2.0,109229.3,0.0,0.0,80.0,22332.339999999997,-9863.719999999998,GROCERY,43.74775000000001,15.63,LOW,0.0,N,N,N,N,MASTER_V1.5,2026-06-29,2026-06-29 19:54:02.726587
935,Amanda Smith,74,FM,2025-10-03,8,A,CREDIT_DEPENDENT,426.8,50.0,2,1.0,43045.9,25000.0,32.32,94.0,22607.43,-16772.43,TRAVEL,40.42446808510638,23.36,MODERATE,0.0,N,N,N,N,MASTER_V1.5,2026-06-29,2026-06-29 19:54:02.726587
937,Amanda Park,57,MD,2013-01-15,161,A,ENGAGED_MAINSTREAM,13341.24,100.0,3,3.0,62859.0,2000.0,37.73,173.0,53349.28,-16526.479999999996,GROCERY,37.573757225433525,19.97,LOW,0.0,N,N,N,N,MASTER_V1.5,2026-06-29,2026-06-29 19:54:02.726587
940,Laura Grant,79,AR,2012-04-19,170,A,GROWING_DIGITAL,4356.45,100.0,1,1.0,28296.01,0.0,0.0,56.0,3755.8,5529.339999999999,GROCERY,46.43,14.57,LOW,0.0,N,Y,N,N,MASTER_V1.5,2026-06-29,2026-06-29 19:54:02.726587
953,Debbie Hunt,62,MO,2017-08-24,106,A,CREDIT_DEPENDENT,5473.68,50.0,2,1.0,30567.69,2000.0,37.68,39.0,18095.68,-10939.51,GROCERY,43.590769230769226,1.36,LOW,0.0,N,N,N,N,MASTER_V1.5,2026-06-29,2026-06-29 19:54:02.726587
961,Leslie Patterson,47,AR,2016-12-05,114,A,GROWING_DIGITAL,2930.63,100.0,1,1.0,29229.17,0.0,0.0,52.0,10526.32,-1096.4300000000003,HEALTHCARE,34.61,22.18,MODERATE,0.0,N,Y,N,N,MASTER_V1.5,2026-06-29,2026-06-29 19:54:02.726587
970,Kimberly Diaz,18,AK,2018-07-14,95,A,PREMIUM_WEALTH,8387.43,100.0,3,3.0,129551.07,0.0,0.0,159.0,21184.93,-5945.209999999999,HEALTHCARE,40.88150943396226,24.74,MODERATE,0.0,N,N,N,N,MASTER_V1.5,2026-06-29,2026-06-29 19:54:02.726587
978,Terry Gibson,24,VI,2016-11-17,115,A,PREMIUM_WEALTH,13357.7,100.0,4,4.0,110790.23,2000.0,89.13,181.0,9094.23,22615.99,TRAVEL,35.909723756906075,27.64,MODERATE,0.0,N,N,N,N,MASTER_V1.5,2026-06-29,2026-06-29 19:54:02.726587
982,Zachary Bennett,41,IL,2023-12-15,30,A,GROWING_DIGITAL,2451.25,100.0,3,3.0,53876.78,2000.0,7.74,119.0,41396.89,-6962.770000000004,GROCERY,40.33546218487395,22.45,MODERATE,0.0,N,N,N,N,MASTER_V1.5,2026-06-29,2026-06-29 19:54:02.726587
994,George Greer,18,SC,2024-06-05,24,A,PREMIUM_WEALTH,2605.24,100.0,4,4.0,51801.68,2000.0,15.16,171.0,9305.31,60045.65000000001,UTILITIES,32.75245614035088,27.18,MODERATE,0.0,N,N,N,N,MASTER_V1.5,2026-06-29,2026-06-29 19:54:02.726587
998,Michele Gordon,78,CT,2014-07-05,143,A,GROWING_DIGITAL,8148.51,100.0,2,2.0,89010.72,0.0,0.0,88.0,27742.12,-6723.279999999999,HEALTHCARE,43.17999999999999,22.64,MODERATE,0.0,N,N,N,N,MASTER_V1.5,2026-06-29,2026-06-29 19:54:02.726587
1017,Andrea Terry,58,IA,2016-07-16,119,A,ENGAGED_MAINSTREAM,6358.01,100.0,2,2.0,43727.15,10000.0,85.36,71.0,22462.67,-8397.679999999998,TRAVEL,36.62,5.73,LOW,0.0,N,N,N,N,MASTER_V1.5,2026-06-29,2026-06-29 19:54:02.726587
1020,Christopher Johnson,81,UT,2014-10-19,140,A,GROWING_DIGITAL,7598.02,100.0,2,2.0,51756.75,0.0,0.0,58.0,19731.46,-16531.629999999997,RETAIL,37.93103448275862,32.0,MODERATE,0.0,N,N,N,N,MASTER_V1.5,2026-06-29,2026-06-29 19:54:02.726587
1034,Tammy Hart,46,PR,2021-11-05,55,A,GROWING_DIGITAL,3140.42,100.0,2,2.0,91100.97,0.0,0.0,55.0,2646.28,263.0499999999997,RESTAURANT,32.72727272727273,18.91,LOW,0.0,N,N,N,N,MASTER_V1.5,2026-06-29,2026-06-29 19:54:02.726587
1037,Virginia Rhodes,80,GU,2020-12-10,66,A,GROWING_DIGITAL,1748.58,100.0,1,1.0,40032.49,0.0,0.0,46.0,9916.78,14467.960000000001,HEALTHCARE,30.439999999999994,4.64,LOW,0.0,N,Y,N,N,MASTER_V1.5,2026-06-29,2026-06-29 19:54:02.726587
1040,Charles Velazquez,40,NC,2023-09-28,33,A,CREDIT_DEPENDENT,1761.97,50.0,2,1.0,43416.5,10000.0,49.48,84.0,3646.6600000000003,1060.7999999999997,RESTAURANT,30.95892857142857,23.64,MODERATE,0.0,N,N,N,N,MASTER_V1.5,2026-06-29,2026-06-29 19:54:02.726587
1046,Amber Williams,44,WI,2022-11-22,43,A,GROWING_DIGITAL,2288.65,100.0,2,2.0,41977.81,10000.0,2.38,94.0,15999.849999999999,8374.480000000003,UTILITIES,34.04010638297873,13.36,LOW,0.0,N,N,N,N,MASTER_V1.5,2026-06-29,2026-06-29 19:54:02.726587
1054,Amy Young,44,NH,2015-05-14,133,A,PREMIUM_WEALTH,15103.16,100.0,4,4.0,85456.28,5000.0,52.85,171.0,24232.12,-15817.75,UTILITIES,38.59538011695906,22.45,MODERATE,0.0,N,N,N,N,MASTER_V1.5,2026-06-29,2026-06-29 19:54:02.726587
1079,Jose Moore,34,PA,2012-09-24,165,A,GROWING_DIGITAL,9648.05,100.0,2,2.0,119923.26,0.0,0.0,85.0,18377.31,-4542.9000000000015,HEALTHCARE,32.937294117647056,32.18,MODERATE,0.0,N,N,N,N,MASTER_V1.5,2026-06-29,2026-06-29 19:54:02.726587
1090,Thomas Smith,23,AS,2025-08-13,10,A,PREMIUM_WEALTH,882.41,100.0,3,3.0,128724.57,0.0,0.0,141.0,46019.130000000005,-30118.870000000003,RESTAURANT,43.97964539007093,11.09,LOW,0.0,N,N,N,N,MASTER_V1.5,2026-06-29,2026-06-29 19:54:02.726587
1112,Mark Jackson,77,HI,2020-12-06,66,A,ENGAGED_MAINSTREAM,3482.81,100.0,2,2.0,38329.16,2000.0,47.82,65.0,18206.15,-2450.960000000001,RESTAURANT,30.76630769230769,7.55,LOW,0.0,N,N,N,N,MASTER_V1.5,2026-06-29,2026-06-29 19:54:02.726587
1128,Tyler Arnold,59,OR,2019-04-23,86,A,ENGAGED_MAINSTREAM,7350.97,100.0,3,3.0,89040.47,5000.0,56.93,167.0,56887.53,-34233.55,RESTAURANT,39.523652694610774,13.27,LOW,0.0,N,N,N,N,MASTER_V1.5,2026-06-29,2026-06-29 19:54:02.726587
1136,Robert Wood,48,WY,2025-06-27,12,A,PREMIUM_WEALTH,1422.94,100.0,4,4.0,141186.78,5000.0,75.56,176.0,41658.55,-21208.020000000004,WIRE_TRANSFER_INTL,33.523806818181825,14.91,LOW,0.0,N,N,N,N,MASTER_V1.5,2026-06-29,2026-06-29 19:54:02.726587
1163,Jeffrey Williams,75,CO,2018-12-26,90,A,VALUE_BASIC,1690.63,100.0,1,1.0,1833.35,2000.0,91.67,41.0,1780.95,410.4399999999998,RESTAURANT,29.270000000000007,6.09,LOW,0.0,N,Y,Y,N,MASTER_V1.5,2026-06-29,2026-06-29 19:54:02.726587
1169,Christina Fitzgerald,41,UT,2014-06-01,144,A,GROWING_DIGITAL,3604.01,100.0,1,1.0,22273.19,0.0,0.0,50.0,3085.16,-550.48,UTILITIES,32.0,35.06,MODERATE,0.0,N,Y,N,N,MASTER_V1.5,2026-06-29,2026-06-29 19:54:02.726587
1185,Debra Hall,84,PR,2024-06-06,24,A,GROWING_DIGITAL,583.58,100.0,1,1.0,16752.68,0.0,0.0,48.0,25772.07,-24041.579999999998,HEALTHCARE,39.59000000000001,19.91,LOW,0.0,N,Y,N,N,MASTER_V1.5,2026-06-29,2026-06-29 19:54:02.726587
1192,Lisa Johnson,26,CA,2024-10-09,20,A,GROWING_DIGITAL,1077.31,100.0,2,2.0,47718.43,0.0,0.0,97.0,5129.32,33765.799999999996,RESTAURANT,35.055154639175264,6.73,LOW,0.0,N,N,N,N,MASTER_V1.5,2026-06-29,2026-06-29 19:54:02.726587
1193,Edward Prince,48,RI,2015-09-02,129,A,PREMIUM_WEALTH,11315.81,100.0,3,3.0,120081.2,25000.0,21.88,146.0,40160.2,-7167.939999999995,RETAIL,32.876438356164385,17.55,LOW,0.0,N,N,N,N,MASTER_V1.5,2026-06-29,2026-06-29 19:54:02.726587
1194,Patrick Yu,41,WI,2012-10-19,164,A,PREMIUM_WEALTH,13975.83,100.0,3,3.0,86031.35,10000.0,14.66,79.0,22020.16,-17677.02,UTILITIES,41.76962025316455,18.18,LOW,0.0,N,N,N,N,MASTER_V1.5,2026-06-29,2026-06-29 19:54:02.726587
1200,Sally Stewart,75,CA,2025-05-30,13,A,ENGAGED_MAINSTREAM,1521.8,75.0,4,3.0,121315.45,15000.0,55.33,189.0,58120.79,-48487.21,RETAIL,36.510000000000005,17.91,LOW,0.0,N,N,N,N,MASTER_V1.5,2026-06-29,2026-06-29 19:54:02.726587
1203,Scott Peck,57,OK,2017-08-16,106,A,ENGAGED_MAINSTREAM,12499.33,100.0,4,4.0,132166.51,2000.0,34.51,170.0,18180.74,-2605.960000000001,RETAIL,34.706411764705884,7.55,LOW,0.0,N,N,N,N,MASTER_V1.5,2026-06-29,2026-06-29 19:54:02.726587
1216,Kristin Meyer,50,VI,2024-07-22,23,A,GROWING_DIGITAL,646.18,100.0,1,1.0,75954.6,0.0,0.0,64.0,21925.28,-19723.55,INSURANCE,29.69,8.09,LOW,0.0,N,Y,N,N,MASTER_V1.5,2026-06-29,2026-06-29 19:54:02.726587
1232,Kayla Griffin,57,NY,2016-02-09,124,A,ENGAGED_MAINSTREAM,11260.15,66.67,3,2.0,181260.83,0.0,0.0,128.0,14857.300000000001,3510.49,GROCERY,39.0625,18.18,LOW,0.0,N,N,N,N,MASTER_V1.5,2026-06-29,2026-06-29 19:54:02.726587
1235,Nicole Young,49,WY,2011-07-30,179,A,CREDIT_DEPENDENT,9272.5,50.0,2,1.0,31581.93,10000.0,39.43,97.0,12292.43,13741.309999999998,HEALTHCARE,40.20927835051546,16.0,LOW,0.0,N,N,N,N,MASTER_V1.5,2026-06-29,2026-06-29 19:54:02.726587
1253,Andrew Garrett,19,MI,2011-07-07,179,A,PREMIUM_WEALTH,14052.19,66.67,3,2.0,35143.05,5000.0,86.48,135.0,22488.13,-10655.45,RETAIL,35.553185185185185,19.32,LOW,0.0,N,N,N,N,MASTER_V1.5,2026-06-29,2026-06-29 19:54:02.726587
1261,Patricia Herrera,53,ID,2020-11-05,67,A,PREMIUM_WEALTH,7945.98,100.0,4,4.0,141445.37,10000.0,91.24,183.0,38560.729999999996,-11854.639999999996,TRAVEL,40.98726775956284,5.91,LOW,0.0,N,N,N,N,MASTER_V1.5,2026-06-29,2026-06-29 19:54:02.726587
1263,Jessica Stewart,29,PW,2015-12-16,126,A,VALUE_BASIC,2927.84,100.0,1,1.0,10880.43,15000.0,72.54,30.0,1626.88,11107.79,HEALTHCARE,43.34,10.82,LOW,0.0,N,Y,N,N,MASTER_V1.5,2026-06-29,2026-06-29 19:54:02.726587
1264,Gina Marsh,49,HI,2014-08-06,142,A,CREDIT_DEPENDENT,2016.47,0.0,1,0.0,293.01,15000.0,1.95,64.0,3303.05,20460.600000000002,GROCERY,42.19,17.9,LOW,0.0,N,N,N,Y,MASTER_V1.5,2026-06-29,2026-06-29 19:54:02.726587
1269,John Hayes,57,NY,2018-11-27,91,A,ENGAGED_MAINSTREAM,10611.98,75.0,4,3.0,116019.27,15000.0,37.9,100.0,6000.14,7797.399999999999,TRAVEL,33.0008,14.18,LOW,0.0,N,N,N,N,MASTER_V1.5,2026-06-29,2026-06-29 19:54:02.726587
1280,Luis Alexander,72,CO,2015-08-14,130,A,ENGAGED_MAINSTREAM,11096.08,100.0,3,3.0,87605.27,2000.0,22.87,175.0,13833.65,24025.810000000005,RESTAURANT,37.14542857142857,16.36,LOW,0.0,N,N,N,N,MASTER_V1.5,2026-06-29,2026-06-29 19:54:02.726587
1286,Ronald White,78,VI,2012-04-17,170,A,GROWING_DIGITAL,4523.59,100.0,1,1.0,41929.22,0.0,0.0,73.0,3858.21,8872.7,GROCERY,32.88,16.23,LOW,0.0,N,Y,N,N,MASTER_V1.5,2026-06-29,2026-06-29 19:54:02.726587
1307,Rebecca Fields,30,KY,2024-09-22,21,A,VALUE_BASIC,502.69,100.0,1,1.0,14400.02,15000.0,96.0,63.0,9860.14,-5785.73,GROCERY,42.849999999999994,32.0,MODERATE,0.0,N,Y,N,N,MASTER_V1.5,2026-06-29,2026-06-29 19:54:02.726587
1316,Patrick James,59,TN,2016-03-27,123,A,CREDIT_DEPENDENT,10025.77,33.33,3,1.0,52472.31,5000.0,24.81,107.0,11707.53,12067.78,UTILITIES,38.31953271028038,11.09,LOW,0.0,N,N,N,Y,MASTER_V1.5,2026-06-29,2026-06-29 19:54:02.726587
1321,Dawn Perry,19,RI,2012-10-02,164,A,PREMIUM_WEALTH,13961.41,100.0,3,3.0,85028.64,2000.0,7.87,117.0,33429.020000000004,-28745.520000000004,RESTAURANT,38.46264957264957,17.0,LOW,0.0,N,N,N,N,MASTER_V1.5,2026-06-29,2026-06-29 19:54:02.726587
1324,Cassandra Lane,61,MP,2014-04-06,146,A,VALUE_BASIC,3256.5,100.0,1,1.0,7494.44,0.0,0.0,55.0,12387.8,-9198.199999999999,TRAVEL,36.36000000000001,1.45,LOW,0.0,N,Y,Y,N,MASTER_V1.5,2026-06-29,2026-06-29 19:54:02.726587
1341,Jose Haynes,55,VI,2023-07-17,35,A,GROWING_DIGITAL,987.57,100.0,1,1.0,79741.41,0.0,0.0,49.0,13375.32,-2788.26,RETAIL,38.78,24.45,MODERATE,0.0,N,Y,N,N,MASTER_V1.5,2026-06-29,2026-06-29 19:54:02.726587
1347,Kevin Reese,74,GA,2017-06-09,108,A,ENGAGED_MAINSTREAM,6036.48,100.0,2,2.0,71586.97,10000.0,38.22,130.0,9282.470000000001,-2652.7000000000007,GROCERY,33.84553846153846,19.55,LOW,0.0,N,N,N,N,MASTER_V1.5,2026-06-29,2026-06-29 19:54:02.726587
1354,Kaitlyn Navarro,59,VA,2023-01-09,41,A,ENGAGED_MAINSTREAM,3490.78,100.0,3,3.0,85146.15,2000.0,83.76,114.0,27442.04,-6288.810000000001,RESTAURANT,43.86061403508773,17.64,LOW,0.0,N,N,N,N,MASTER_V1.5,2026-06-29,2026-06-29 19:54:02.726587
1379,Christopher Stevens,49,MO,2025-10-29,8,A,PREMIUM_WEALTH,692.28,66.67,3,2.0,102544.64,15000.0,27.93,129.0,37276.65,-23897.370000000003,TRAVEL,34.88806201550388,21.27,MODERATE,0.0,N,N,N,N,MASTER_V1.5,2026-06-29,2026-06-29 19:54:02.726587
1381,Heather Mosley,59,ID,2014-05-04,145,A,VALUE_BASIC,3538.87,100.0,1,1.0,17368.29,25000.0,69.47,71.0,3013.33,27682.519999999997,RETAIL,40.849999999999994,14.21,LOW,0.0,N,Y,N,N,MASTER_V1.5,2026-06-29,2026-06-29 19:54:02.726587
1388,Morgan Hernandez,54,UT,2021-08-09,58,A,CREDIT_DEPENDENT,2868.18,50.0,2,1.0,19737.82,15000.0,69.75,70.0,4829.79,21242.18,GROCERY,31.430000000000003,4.91,LOW,0.0,N,N,N,N,MASTER_V1.5,2026-06-29,2026-06-29 19:54:02.726587
1393,Daniel Crawford,45,KS,2023-09-10,33,A,VALUE_BASIC,720.34,100.0,1,1.0,6194.72,0.0,0.0,24.0,2022.45,-1720.08,ENTERTAINMENT,33.34000000000001,10.36,LOW,0.0,N,Y,Y,N,MASTER_V1.5,2026-06-29,2026-06-29 19:54:02.726587
1401,Adam White,84,CT,2018-10-03,92,A,GROWING_DIGITAL,5308.56,100.0,2,2.0,102780.54,0.0,0.0,55.0,14118.400000000001,-11237.570000000002,RESTAURANT,40.00472727272727,8.39,LOW,0.0,N,N,N,N,MASTER_V1.5,2026-06-29,2026-06-29 19:54:02.726587
1408,Kathleen Fernandez,79,CT,2016-11-21,115,A,CREDIT_DEPENDENT,5988.19,50.0,2,1.0,33331.06,15000.0,26.94,54.0,23165.160000000003,-18928.470000000005,RESTAURANT,27.775,22.18,MODERATE,0.0,N,N,N,N,MASTER_V1.5,2026-06-29,2026-06-29 19:54:02.726587
1435,Michaela Burgess,65,SD,2021-12-25,54,A,ENGAGED_MAINSTREAM,4674.56,100.0,3,3.0,102963.95,2000.0,99.73,144.0,21119.89,11765.339999999997,RETAIL,40.97500000000001,10.45,LOW,0.0,N,N,N,N,MASTER_V1.5,2026-06-29,2026-06-29 19:54:02.726587
1438,Chad Barry,43,OH,2024-04-29,26,A,CREDIT_DEPENDENT,648.18,0.0,1,0.0,21419.72,0.0,0.0,43.0,29087.55,-21258.43,GAS_STATION,39.53,24.45,MODERATE,0.0,N,N,N,N,MASTER_V1.5,2026-06-29,2026-06-29 19:54:02.726587
1451,Lisa Everett,31,DE,2025-08-05,10,A,PREMIUM_WEALTH,798.02,100.0,3,3.0,41785.85,5000.0,92.97,151.0,21867.27,19970.49,RETAIL,34.438145695364234,5.78,LOW,0.0,N,N,N,N,MASTER_V1.5,2026-06-29,2026-06-29 19:54:02.726587
1468,Amber Martin,62,OR,2017-01-20,113,A,GROWING_DIGITAL,9669.66,100.0,3,3.0,90185.85,0.0,0.0,102.0,12797.49,10264.199999999999,RETAIL,39.215,11.27,LOW,0.0,N,N,N,N,MASTER_V1.5,2026-06-29,2026-06-29 19:54:02.726587
1470,Luke Smith,75,AZ,2018-04-28,98,A,GROWING_DIGITAL,2761.23,100.0,1,1.0,78458.48,0.0,0.0,17.0,1484.13,-848.8000000000001,RETAIL,35.29,18.91,LOW,0.0,N,Y,N,N,MASTER_V1.5,2026-06-29,2026-06-29 19:54:02.726587
1490,Patrick Spencer,76,CO,2014-04-07,146,A,ENGAGED_MAINSTREAM,17421.18,100.0,4,4.0,152103.54,2000.0,91.1,193.0,34470.74,-10496.16,UTILITIES,33.158756476683934,15.65,LOW,0.0,N,N,N,N,MASTER_V1.5,2026-06-29,2026-06-29 19:54:02.726587
1496,Julie Perkins,18,CA,2012-06-26,168,A,PREMIUM_WEALTH,20150.81,100.0,4,4.0,161867.39,2000.0,26.23,184.0,15026.67,-7619.06,RETAIL,41.30630434782609,7.81,LOW,0.0,N,N,N,N,MASTER_V1.5,2026-06-29,2026-06-29 19:54:02.726587
1503,Karen Stephens,73,KS,2012-11-24,163,A,CREDIT_DEPENDENT,9594.83,50.0,2,1.0,129677.17,0.0,0.0,121.0,44741.22,-21836.730000000003,RETAIL,39.670082644628096,16.73,LOW,0.0,N,N,N,N,MASTER_V1.5,2026-06-29,2026-06-29 19:54:02.726587
1505,Cody Carpenter,39,VT,2021-10-04,56,A,PREMIUM_WEALTH,3079.13,100.0,2,2.0,59689.37,5000.0,83.7,79.0,19464.420000000002,18164.789999999997,RESTAURANT,30.37886075949367,3.18,LOW,0.0,N,N,N,N,MASTER_V1.5,2026-06-29,2026-06-29 19:54:02.726587
1525,Rachel Medina,72,AR,2015-09-11,129,A,GROWING_DIGITAL,7334.71,100.0,2,2.0,86824.54,0.0,0.0,127.0,15736.2,1864.8799999999974,RESTAURANT,39.37118110236221,28.32,MODERATE,0.0,N,N,N,N,MASTER_V1.5,2026-06-29,2026-06-29 19:54:02.726587
1541,Joshua Clarke,37,AK,2020-03-03,75,A,GROWING_DIGITAL,1986.64,100.0,1,1.0,39951.31,0.0,0.0,61.0,4913.63,-3740.69,GAS_STATION,37.7,16.09,LOW,0.0,N,Y,N,N,MASTER_V1.5,2026-06-29,2026-06-29 19:54:02.726587
1544,Tyler Fuller,78,UT,2015-03-26,135,A,ENGAGED_MAINSTREAM,11973.04,100.0,3,3.0,136656.98,2000.0,67.07,116.0,32497.79,-11974.5,UTILITIES,37.06603448275862,25.57,MODERATE,0.0,N,N,N,N,MASTER_V1.5,2026-06-29,2026-06-29 19:54:02.726587
1558,Anthony Williams,19,NC,2016-04-09,122,A,GROWING_DIGITAL,3034.3,100.0,1,1.0,20921.07,0.0,0.0,59.0,2418.87,1371.2000000000003,GROCERY,40.67,20.55,MODERATE,0.0,N,Y,N,N,MASTER_V1.5,2026-06-29,2026-06-29 19:54:02.726587
1593,Alejandra Calderon,36,VA,2025-05-29,13,A,GROWING_DIGITAL,344.62,100.0,1,1.0,40284.81,0.0,0.0,24.0,1114.98,580.0699999999999,GAS_STATION,33.33,25.82,MODERATE,0.0,N,Y,N,N,MASTER_V1.5,2026-06-29,2026-06-29 19:54:02.726587
1598,Bridget Henry,56,GU,2015-04-14,134,A,GROWING_DIGITAL,6963.0,100.0,2,2.0,32615.13,10000.0,59.39,105.0,4555.18,24142.09,GROCERY,43.81257142857143,6.27,LOW,0.0,N,N,N,N,MASTER_V1.5,2026-06-29,2026-06-29 19:54:02.726587
1622,Sandra Holland,70,FL,2025-08-20,10,A,ENGAGED_MAINSTREAM,1173.84,100.0,4,4.0,125294.95,25000.0,60.37,180.0,12900.2,30119.7,GROCERY,39.44155555555555,15.15,LOW,0.0,N,N,N,N,MASTER_V1.5,2026-06-29,2026-06-29 19:54:02.726587
1644,Chloe Juarez,66,ME,2024-07-28,23,A,ENGAGED_MAINSTREAM,1978.6,100.0,3,3.0,95814.04,25000.0,22.26,159.0,40122.23,-18406.280000000002,TRAVEL,33.33584905660378,5.23,LOW,0.0,N,N,N,N,MASTER_V1.5,2026-06-29,2026-06-29 19:54:02.726587
1649,Sara Williams,56,NV,2026-05-03,1,A,ENGAGED_MAINSTREAM,87.0,66.67,3,2.0,109143.52,2000.0,93.56,128.0,36182.34,-8334.859999999997,TRAVEL,38.28476562499999,37.64,MODERATE,0.0,N,N,N,N,MASTER_V1.5,2026-06-29,2026-06-29 19:54:02.726587
1654,Ashley Butler,20,AZ,2019-05-04,85,A,PREMIUM_WEALTH,9576.52,75.0,4,3.0,78158.11,2000.0,84.26,176.0,21786.989999999998,19057.170000000006,INSURANCE,34.09357954545454,3.0,LOW,0.0,N,N,N,N,MASTER_V1.5,2026-06-29,2026-06-29 19:54:02.726587
1655,Erica Clay,80,MO,2022-12-14,42,A,GROWING_DIGITAL,1130.42,100.0,1,1.0,47375.38,0.0,0.0,57.0,13996.48,-9695.33,ENTERTAINMENT,35.089999999999996,7.18,LOW,0.0,N,Y,N,N,MASTER_V1.5,2026-06-29,2026-06-29 19:54:02.726587
1662,Marcus Brown,82,SD,2021-02-03,64,A,ENGAGED_MAINSTREAM,5578.47,100.0,3,3.0,111503.63,0.0,0.0,82.0,42572.53,-38832.26,RESTAURANT,43.902682926829264,8.25,LOW,0.0,N,N,N,N,MASTER_V1.5,2026-06-29,2026-06-29 19:54:02.726587
1667,Kyle Cohen,56,CA,2023-07-09,35,A,GROWING_DIGITAL,2035.49,100.0,2,2.0,112572.84,0.0,0.0,76.0,32545.57,-29039.13,RESTAURANT,36.8425,2.55,LOW,0.0,N,N,N,N,MASTER_V1.5,2026-06-29,2026-06-29 19:54:02.726587
1697,Angela Roberts,36,TX,2020-05-18,73,A,VALUE_BASIC,1507.74,100.0,1,1.0,3872.15,5000.0,77.44,50.0,2033.71,15957.27,GROCERY,42.0,10.27,LOW,0.0,N,Y,Y,N,MASTER_V1.5,2026-06-29,2026-06-29 19:54:02.726587
1700,Leslie Brown,50,MI,2017-10-14,104,A,GROWING_DIGITAL,8150.08,100.0,3,3.0,34503.81,2000.0,26.16,171.0,11265.36,17881.29,RETAIL,38.0108187134503,7.81,LOW,0.0,N,N,N,N,MASTER_V1.5,2026-06-29,2026-06-29 19:54:02.726587
1707,Lauren Richard,36,AL,2023-05-14,37,A,PREMIUM_WEALTH,3300.87,66.67,3,2.0,146535.21,0.0,0.0,67.0,22048.61,-18785.05,UTILITIES,43.2865671641791,8.36,LOW,0.0,N,N,N,N,MASTER_V1.5,2026-06-29,2026-06-29 19:54:02.726587
1720,Rhonda Moore,43,ME,2024-06-25,24,A,PREMIUM_WEALTH,2122.34,100.0,3,3.0,132026.24,25000.0,59.0,161.0,29275.260000000002,11988.54,GAS_STATION,31.05670807453416,9.41,LOW,0.0,N,N,N,N,MASTER_V1.5,2026-06-29,2026-06-29 19:54:02.726587
1729,Alejandro Drake,83,AK,2013-08-30,154,A,ENGAGED_MAINSTREAM,13400.78,100.0,3,3.0,109360.9,25000.0,56.2,134.0,18792.57,-3477.9399999999987,TRAVEL,35.07761194029851,21.04,MODERATE,0.0,N,N,N,N,MASTER_V1.5,2026-06-29,2026-06-29 19:54:02.726587
1735,Alan Ramirez,35,MI,2025-01-20,17,A,GROWING_DIGITAL,958.97,100.0,2,2.0,79379.8,10000.0,12.8,79.0,14251.72,-10019.619999999999,HEALTHCARE,32.90974683544304,13.64,LOW,0.0,N,N,N,N,MASTER_V1.5,2026-06-29,2026-06-29 19:54:02.726587
1756,Tracy Mcpherson,56,DC,2025-05-19,13,A,ENGAGED_MAINSTREAM,732.87,100.0,2,2.0,78820.72,25000.0,98.33,92.0,35249.54,-23335.780000000002,RESTAURANT,31.518913043478257,9.15,LOW,0.0,N,N,N,N,MASTER_V1.5,2026-06-29,2026-06-29 19:54:02.726587
1767,Jennifer Obrien,33,AL,2018-07-31,95,A,PREMIUM_WEALTH,10613.34,100.0,4,4.0,71106.38,5000.0,26.63,187.0,32116.5,-11889.779999999999,HEALTHCARE,42.778021390374334,12.09,LOW,0.0,N,N,N,N,MASTER_V1.5,2026-06-29,2026-06-29 19:54:02.726587
1771,Pamela Fitzgerald,49,SD,2025-10-13,8,A,PREMIUM_WEALTH,956.89,100.0,4,4.0,156541.03,2000.0,88.67,131.0,30951.14,-23400.87,RETAIL,37.40786259541984,12.09,LOW,0.0,N,N,N,N,MASTER_V1.5,2026-06-29,2026-06-29 19:54:02.726587
1787,Paul Wilson,52,NV,2022-09-18,45,A,ENGAGED_MAINSTREAM,4997.49,100.0,4,4.0,66538.64,5000.0,42.1,147.0,19797.28,-15651.179999999998,TRAVEL,37.41462585034013,10.35,LOW,0.0,N,N,N,N,MASTER_V1.5,2026-06-29,2026-06-29 19:54:02.726587
1796,Carla Franco,22,OR,2018-09-07,93,A,GROWING_DIGITAL,2498.69,100.0,1,1.0,46493.06,0.0,0.0,60.0,14121.68,8189.5999999999985,GROCERY,33.330000000000005,7.27,LOW,0.0,N,Y,N,N,MASTER_V1.5,2026-06-29,2026-06-29 19:54:02.726587
1833,Christine Duran,22,MI,2023-01-24,41,A,CREDIT_DEPENDENT,1019.81,0.0,1,0.0,20939.28,0.0,0.0,34.0,1172.18,12220.57,RESTAURANT,29.409999999999993,24.82,MODERATE,0.0,N,N,N,N,MASTER_V1.5,2026-06-29,2026-06-29 19:54:02.726587
1851,Kristen Peterson,72,MH,2025-01-16,17,A,GROWING_DIGITAL,888.45,100.0,2,2.0,34626.23,5000.0,21.95,91.0,20362.35,-14883.899999999998,GROCERY,41.754945054945054,26.36,MODERATE,0.0,N,N,N,N,MASTER_V1.5,2026-06-29,2026-06-29 19:54:02.726587
1858,Michael Jones,73,MP,2026-04-04,2,A,VALUE_BASIC,36.84,100.0,1,1.0,1585.73,0.0,0.0,50.0,10903.98,24967.579999999998,UTILITIES,30.0,3.09,LOW,0.0,N,Y,N,N,MASTER_V1.5,2026-06-29,2026-06-29 19:54:02.726587
1862,Gregory Smith,62,DE,2019-10-06,80,A,ENGAGED_MAINSTREAM,9352.16,100.0,4,4.0,119395.23,5000.0,51.6,128.0,7780.73,-1599.7199999999993,RETAIL,34.37390625,40.18,ELEVATED,0.0,N,N,N,N,MASTER_V1.5,2026-06-29,2026-06-29 19:54:02.726587
1868,Nicholas Brooks,32,IL,2014-05-08,145,A,GROWING_DIGITAL,3826.77,100.0,1,1.0,38430.03,0.0,0.0,49.0,3280.94,504.75999999999976,GROCERY,34.699999999999996,12.82,LOW,0.0,N,Y,N,N,MASTER_V1.5,2026-06-29,2026-06-29 19:54:02.726587
1869,John Williams,45,OR,2026-01-24,5,A,GROWING_DIGITAL,285.48,100.0,2,2.0,91045.94,0.0,0.0,65.0,17149.27,-15028.27,HEALTHCARE,36.92369230769231,17.64,LOW,0.0,N,N,N,N,MASTER_V1.5,2026-06-29,2026-06-29 19:54:02.726587
1883,Patrick White,31,MN,2016-03-21,123,A,VALUE_BASIC,2872.4,100.0,1,1.0,11397.22,15000.0,75.98,38.0,734.75,22027.85,TRAVEL,50.0,14.64,LOW,0.0,N,Y,N,N,MASTER_V1.5,2026-06-29,2026-06-29 19:54:02.726587
1896,Heidi Clark,72,WV,2022-12-24,42,A,ENGAGED_MAINSTREAM,4531.47,100.0,4,4.0,48494.75,15000.0,78.42,200.0,27736.27,-9527.05,RETAIL,30.99955,16.91,LOW,0.0,N,N,N,N,MASTER_V1.5,2026-06-29,2026-06-29 19:54:02.726587
1916,Natasha Stevens,50,VA,2025-01-26,17,A,PREMIUM_WEALTH,1467.29,100.0,3,3.0,99524.92,5000.0,44.86,123.0,6250.74,-91.26000000000022,RESTAURANT,31.703902439024397,30.21,MODERATE,0.0,N,N,N,N,MASTER_V1.5,2026-06-29,2026-06-29 19:54:02.726587
1919,Gregory Wright,44,DC,2023-07-29,35,A,GROWING_DIGITAL,984.7,100.0,1,1.0,77168.32,0.0,0.0,37.0,2557.41,-717.4499999999998,GROCERY,35.14000000000001,30.91,MODERATE,0.0,N,Y,N,N,MASTER_V1.5,2026-06-29,2026-06-29 19:54:02.726587
1922,Joshua Fuller,69,OH,2024-06-23,24,A,GROWING_DIGITAL,1274.14,100.0,2,2.0,40856.55,10000.0,21.7,64.0,3663.67,10263.539999999999,RETAIL,24.99953125,14.03,LOW,0.0,N,N,N,N,MASTER_V1.5,2026-06-29,2026-06-29 19:54:02.726587
1936,Lisa Davidson,38,MT,2023-12-21,30,A,PREMIUM_WEALTH,2508.72,100.0,3,3.0,69554.65,15000.0,95.54,107.0,17099.83,-5130.800000000003,UTILITIES,28.97429906542056,13.33,LOW,0.0,N,N,N,N,MASTER_V1.5,2026-06-29,2026-06-29 19:54:02.726587
1952,Nicole Stewart,63,OH,2020-12-20,66,A,ENGAGED_MAINSTREAM,7402.34,100.0,4,4.0,74285.26,10000.0,6.71,188.0,45432.07,-10174.93,RESTAURANT,36.173138297872335,15.0,LOW,0.0,N,N,N,N,MASTER_V1.5,2026-06-29,2026-06-29 19:54:02.726587
1961,Keith Johnson,20,SC,2021-02-27,64,A,PREMIUM_WEALTH,7296.78,75.0,4,3.0,89430.11,25000.0,46.74,195.0,45377.06,-27971.96,GROCERY,41.029692307692315,17.91,LOW,0.0,N,N,N,N,MASTER_V1.5,2026-06-29,2026-06-29 19:54:02.726587
1969,Gregory Wright,37,TN,2015-02-22,136,A,VALUE_BASIC,9380.18,100.0,3,3.0,9860.09,5000.0,32.7,119.0,20116.510000000002,-14141.620000000003,INSURANCE,30.251344537815122,15.64,LOW,0.0,N,N,Y,N,MASTER_V1.5,2026-06-29,2026-06-29 19:54:02.726587
1977,Taylor Moore,80,IL,2013-07-12,155,A,ENGAGED_MAINSTREAM,8028.72,100.0,2,2.0,31559.94,5000.0,73.18,55.0,3281.65,17318.039999999997,TRAVEL,47.27381818181818,20.45,MODERATE,0.0,N,N,N,N,MASTER_V1.5,2026-06-29,2026-06-29 19:54:02.726587
1987,Erin King,67,DC,2018-04-14,98,A,GROWING_DIGITAL,2735.78,100.0,1,1.0,70718.53,0.0,0.0,44.0,9001.29,-7743.150000000001,TRAVEL,38.629999999999995,25.26,MODERATE,0.0,N,Y,N,N,MASTER_V1.5,2026-06-29,2026-06-29 19:54:02.726587
1998,Jane Gonzalez,74,AZ,2017-01-29,113,A,ENGAGED_MAINSTREAM,9292.64,100.0,3,3.0,57801.08,5000.0,34.21,121.0,18145.010000000002,-677.760000000002,INSURANCE,42.97479338842975,16.01,LOW,0.0,N,N,N,N,MASTER_V1.5,2026-06-29,2026-06-29 19:54:02.726587
2002,Gabriel Carter,43,AZ,2024-06-11,24,A,CREDIT_DEPENDENT,592.52,0.0,1,0.0,19443.91,0.0,0.0,68.0,2172.54,9755.240000000002,GROCERY,33.83,26.59,MODERATE,0.0,N,N,N,N,MASTER_V1.5,2026-06-29,2026-06-29 19:54:02.726587
2004,Craig Brown,53,IA,2021-07-12,59,A,ENGAGED_MAINSTREAM,6783.28,100.0,4,4.0,98428.56,5000.0,70.53,169.0,51992.44,-29503.780000000002,UTILITIES,37.2808875739645,8.82,LOW,0.0,N,N,N,N,MASTER_V1.5,2026-06-29,2026-06-29 19:54:02.726587
2010,Michael Rivera,60,VI,2012-05-05,169,A,ENGAGED_MAINSTREAM,14861.96,100.0,3,3.0,123675.33,10000.0,39.92,185.0,36942.45,-8128.3399999999965,GROCERY,34.054972972972976,8.29,LOW,0.0,N,N,N,N,MASTER_V1.5,2026-06-29,2026-06-29 19:54:02.726587
2017,Catherine Ross,63,CT,2018-02-13,100,A,ENGAGED_MAINSTREAM,8758.38,66.67,3,2.0,117929.15,2000.0,22.96,96.0,15771.460000000001,7740.459999999997,RESTAURANT,42.70802083333333,0.55,LOW,0.0,N,N,N,N,MASTER_V1.5,2026-06-29,2026-06-29 19:54:02.726587
2029,Heather Wiggins,36,PW,2012-11-02,163,A,PREMIUM_WEALTH,8313.93,100.0,2,2.0,26933.95,25000.0,64.15,110.0,33897.15,-20441.57,TRAVEL,37.2710909090909,12.45,LOW,0.0,N,N,N,N,MASTER_V1.5,2026-06-29,2026-06-29 19:54:02.726587
2036,Amanda Boone,85,MP,2012-05-31,169,A,GROWING_DIGITAL,4492.23,100.0,1,1.0,41460.4,0.0,0.0,40.0,1595.02,950.1700000000001,GAS_STATION,32.5,5.98,LOW,0.0,N,Y,N,N,MASTER_V1.5,2026-06-29,2026-06-29 19:54:02.726587
2040,Vincent Bryant,22,NV,2023-12-24,30,A,PREMIUM_WEALTH,3571.18,100.0,4,4.0,147847.05,10000.0,93.38,222.0,28269.51,5512.0400000000045,GROCERY,33.78608108108108,31.98,MODERATE,0.0,N,N,N,N,MASTER_V1.5,2026-06-29,2026-06-29 19:54:02.726587
2053,Stephen Martin,28,GU,2022-01-28,53,A,GROWING_DIGITAL,3052.4,100.0,2,2.0,100558.92,0.0,0.0,78.0,15582.630000000001,6964.450000000001,UTILITIES,44.87307692307692,14.18,LOW,0.0,N,N,N,N,MASTER_V1.5,2026-06-29,2026-06-29 19:54:02.726587
2062,Heather Pope,41,AK,2017-02-02,112,A,PREMIUM_WEALTH,9417.61,100.0,3,3.0,73971.83,25000.0,53.15,105.0,5840.57,751.1700000000001,RETAIL,37.14361904761905,11.55,LOW,0.0,N,N,N,N,MASTER_V1.5,2026-06-29,2026-06-29 19:54:02.726587
2067,Herbert Washington,35,AZ,2023-05-05,37,A,CREDIT_DEPENDENT,2094.67,50.0,2,1.0,82665.18,0.0,0.0,119.0,26058.46,-9805.64,INSURANCE,45.381764705882354,17.09,LOW,0.0,N,N,N,N,MASTER_V1.5,2026-06-29,2026-06-29 19:54:02.726587
2070,Angela Herrera,31,IN,2011-10-14,176,A,PREMIUM_WEALTH,20904.66,100.0,4,4.0,144011.63,5000.0,75.0,185.0,50555.33,-28867.350000000002,RETAIL,37.834108108108104,21.53,MODERATE,0.0,N,N,N,N,MASTER_V1.5,2026-06-29,2026-06-29 19:54:02.726587
2091,Amy Jones,77,OK,2013-02-17,160,A,GROWING_DIGITAL,9076.2,100.0,2,2.0,84562.34,0.0,0.0,66.0,22047.260000000002,-17963.38,RETAIL,36.364545454545464,5.82,LOW,0.0,N,N,N,N,MASTER_V1.5,2026-06-29,2026-06-29 19:54:02.726587
2121,Jeff Torres,36,IL,2019-12-23,78,A,GROWING_DIGITAL,3770.02,100.0,2,2.0,15783.29,2000.0,34.16,109.0,26636.14,-16293.81,RESTAURANT,37.61403669724771,28.64,MODERATE,0.0,N,N,N,N,MASTER_V1.5,2026-06-29,2026-06-29 19:54:02.726587
2128,Kevin Patterson,70,NV,2017-05-22,109,A,CREDIT_DEPENDENT,5797.93,50.0,2,1.0,41705.77,10000.0,22.62,84.0,25836.14,24684.379999999997,RETAIL,35.71107142857144,35.55,MODERATE,0.0,N,N,N,N,MASTER_V1.5,2026-06-29,2026-06-29 19:54:02.726587
2133,Timothy Ortega,74,WV,2014-06-17,144,A,GROWING_DIGITAL,6757.13,100.0,2,2.0,11907.24,2000.0,11.59,94.0,10854.91,13704.560000000001,RESTAURANT,39.36670212765957,9.27,LOW,0.0,N,N,N,N,MASTER_V1.5,2026-06-29,2026-06-29 19:54:02.726587
2137,Andrew Moore,78,AL,2013-02-05,160,A,CREDIT_DEPENDENT,9043.49,50.0,2,1.0,81174.71,0.0,0.0,73.0,12523.59,-450.4899999999998,RETAIL,39.72876712328767,33.73,MODERATE,0.0,N,N,N,N,MASTER_V1.5,2026-06-29,2026-06-29 19:54:02.726587
2157,David Newton,59,TN,2024-09-22,21,A,GROWING_DIGITAL,1094.89,100.0,2,2.0,33778.14,2000.0,13.66,125.0,25978.89,1011.2599999999984,RETAIL,27.99592,16.0,LOW,0.0,N,N,N,N,MASTER_V1.5,2026-06-29,2026-06-29 19:54:02.726587
2180,Tammy Thompson,30,DE,2014-10-05,140,A,PREMIUM_WEALTH,17053.41,100.0,4,4.0,195049.22,15000.0,11.01,163.0,38638.06,-11445.73,GROCERY,38.648957055214716,23.73,MODERATE,0.0,N,N,N,N,MASTER_V1.5,2026-06-29,2026-06-29 19:54:02.726587
2184,Joseph Perkins,30,NH,2014-10-13,140,A,PREMIUM_WEALTH,11842.1,100.0,3,3.0,79078.05,25000.0,61.29,114.0,20356.48,-2937.0099999999984,HEALTHCARE,32.453947368421055,12.92,LOW,0.0,N,N,N,N,MASTER_V1.5,2026-06-29,2026-06-29 19:54:02.726587
2193,Deanna Williams,30,DC,2022-11-18,43,A,VALUE_BASIC,993.33,100.0,1,1.0,10304.15,0.0,0.0,23.0,819.74,759.5699999999999,GROCERY,34.78,10.64,LOW,0.0,N,Y,N,N,MASTER_V1.5,2026-06-29,2026-06-29 19:54:02.726587
2207,Edward Contreras,45,PW,2021-08-17,58,A,CREDIT_DEPENDENT,3005.89,50.0,2,1.0,31734.14,5000.0,15.66,131.0,5702.71,33134.00000000001,GAS_STATION,41.98038167938932,23.27,MODERATE,0.0,N,N,N,N,MASTER_V1.5,2026-06-29,2026-06-29 19:54:02.726587
2212,Timothy Jones,37,ID,2023-03-18,39,A,CREDIT_DEPENDENT,2199.2,50.0,2,1.0,79059.27,2000.0,75.87,72.0,10852.210000000001,-6308.120000000001,WIRE_TRANSFER_INTL,43.056111111111115,14.36,LOW,0.0,N,N,N,N,MASTER_V1.5,2026-06-29,2026-06-29 19:54:02.726587
2246,Sherry Smith,82,OK,2016-03-08,123,A,ENGAGED_MAINSTREAM,10075.58,100.0,3,3.0,55383.82,15000.0,12.61,64.0,13972.54,-3852.380000000001,RETAIL,34.37796875,8.09,LOW,0.0,N,N,N,N,MASTER_V1.5,2026-06-29,2026-06-29 19:54:02.726587
2247,Raymond Lee,61,NV,2015-09-14,129,A,CREDIT_DEPENDENT,5898.38,50.0,2,1.0,9365.4,10000.0,71.0,82.0,4057.7400000000002,11212.83,RESTAURANT,37.80439024390244,14.09,LOW,0.0,N,N,Y,N,MASTER_V1.5,2026-06-29,2026-06-29 19:54:02.726587
2262,Christopher White,66,DE,2016-11-28,115,A,GROWING_DIGITAL,6615.02,100.0,2,2.0,99148.7,0.0,0.0,56.0,30325.28,-28493.36,HEALTHCARE,46.42910714285715,23.91,MODERATE,0.0,N,N,N,N,MASTER_V1.5,2026-06-29,2026-06-29 19:54:02.726587
2264,Donald Martinez,26,MH,2021-03-11,63,A,GROWING_DIGITAL,1689.23,100.0,1,1.0,45490.49,0.0,0.0,57.0,2032.97,18727.64,RETAIL,31.58,7.82,LOW,0.0,N,Y,N,N,MASTER_V1.5,2026-06-29,2026-06-29 19:54:02.726587
2270,Melissa Roberts,30,NE,2011-08-11,178,A,PREMIUM_WEALTH,14772.46,100.0,3,3.0,63927.93,10000.0,56.6,151.0,6137.0,3134.5699999999997,RETAIL,40.39437086092716,18.91,LOW,0.0,N,N,N,N,MASTER_V1.5,2026-06-29,2026-06-29 19:54:02.726587
2271,Charles Price,74,NV,2017-06-12,108,A,GROWING_DIGITAL,6363.48,100.0,2,2.0,131167.39,0.0,0.0,134.0,29997.61,-11902.220000000001,TRAVEL,40.30194029850746,16.03,LOW,0.0,N,N,N,N,MASTER_V1.5,2026-06-29,2026-06-29 19:54:02.726587
2273,Christopher Dennis,25,TX,2018-06-04,96,A,PREMIUM_WEALTH,8531.37,66.67,3,2.0,139962.56,25000.0,63.17,141.0,33886.39,-17824.79,GROCERY,29.073687943262417,19.17,LOW,0.0,N,N,N,N,MASTER_V1.5,2026-06-29,2026-06-29 19:54:02.726587
2289,Julia Doyle,19,VI,2025-07-01,11,A,CREDIT_DEPENDENT,550.94,50.0,2,1.0,22405.74,25000.0,44.7,73.0,27680.88,-23542.2,GAS_STATION,39.723287671232875,14.82,LOW,0.0,N,N,N,N,MASTER_V1.5,2026-06-29,2026-06-29 19:54:02.726587
2299,Alexandra Hubbard,61,NC,2019-08-01,82,A,ENGAGED_MAINSTREAM,7241.97,66.67,3,2.0,130034.31,0.0,0.0,196.0,28931.55,-2108.4399999999987,HEALTHCARE,40.81556122448979,28.91,MODERATE,0.0,N,N,N,N,MASTER_V1.5,2026-06-29,2026-06-29 19:54:02.726587
2308,David Ponce,72,NH,2018-06-30,96,A,ENGAGED_MAINSTREAM,11411.25,100.0,4,4.0,145323.04,25000.0,59.63,174.0,53124.100000000006,-36251.780000000006,RETAIL,34.47896551724138,17.91,LOW,0.0,N,N,N,N,MASTER_V1.5,2026-06-29,2026-06-29 19:54:02.726587
2331,Travis Johnson,29,NJ,2017-04-27,110,A,PREMIUM_WEALTH,9452.63,100.0,3,3.0,94630.72,25000.0,1.05,133.0,7743.360000000001,5688.009999999998,TRAVEL,37.597368421052636,21.62,MODERATE,0.0,N,N,N,N,MASTER_V1.5,2026-06-29,2026-06-29 19:54:02.726587
2334,Guy Bradley,73,CO,2011-08-23,178,A,ENGAGED_MAINSTREAM,19822.46,100.0,4,4.0,68611.22,10000.0,20.67,162.0,30962.08,-2411.9400000000023,TRAVEL,42.59135802469135,14.45,LOW,0.0,N,N,N,N,MASTER_V1.5,2026-06-29,2026-06-29 19:54:02.726587
2341,Andrea Phillips,21,VA,2016-09-09,117,A,PREMIUM_WEALTH,13548.81,100.0,4,4.0,106956.36,25000.0,75.6,242.0,48508.509999999995,-21555.509999999995,UTILITIES,41.32074380165289,30.91,MODERATE,0.0,N,N,N,N,MASTER_V1.5,2026-06-29,2026-06-29 19:54:02.726587
2366,Cheryl Long,48,KS,2016-02-29,124,A,GROWING_DIGITAL,3427.42,100.0,1,1.0,63334.16,0.0,0.0,63.0,10530.71,-8123.48,GAS_STATION,39.68,16.8,LOW,0.0,N,Y,N,N,MASTER_V1.5,2026-06-29,2026-06-29 19:54:02.726587
2376,Tammy Gutierrez,35,PA,2024-09-25,21,A,PREMIUM_WEALTH,2311.76,75.0,4,3.0,60379.03,15000.0,10.95,254.0,57485.7,-41863.149999999994,RETAIL,40.15763779527559,11.73,LOW,0.0,N,N,N,N,MASTER_V1.5,2026-06-29,2026-06-29 19:54:02.726587
2387,Joshua Martin,33,ME,2014-04-18,146,A,GROWING_DIGITAL,3814.25,100.0,1,1.0,34544.11,0.0,0.0,21.0,10263.43,-9570.59,GROCERY,42.85999999999999,16.27,LOW,0.0,N,Y,N,N,MASTER_V1.5,2026-06-29,2026-06-29 19:54:02.726587
2391,Christopher Reynolds,67,ME,2025-04-26,14,A,ENGAGED_MAINSTREAM,1105.03,100.0,3,3.0,37201.63,10000.0,64.72,159.0,20454.57,-7085.43,UTILITIES,38.9922641509434,17.91,LOW,0.0,N,N,N,N,MASTER_V1.5,2026-06-29,2026-06-29 19:54:02.726587
2393,Deborah Dennis,67,NM,2012-12-12,162,A,GROWING_DIGITAL,8575.25,100.0,2,2.0,39605.73,0.0,0.0,81.0,15113.96,-1498.3899999999994,TRAVEL,28.39888888888889,12.27,LOW,0.0,N,N,N,N,MASTER_V1.5,2026-06-29,2026-06-29 19:54:02.726587
2396,Jeffrey Brown,42,ME,2025-10-18,8,A,PREMIUM_WEALTH,917.85,100.0,4,4.0,96102.61,15000.0,53.74,237.0,52831.909999999996,-24.14999999999418,RETAIL,37.55443037974683,15.73,LOW,0.0,N,N,N,N,MASTER_V1.5,2026-06-29,2026-06-29 19:54:02.726587
2399,Natasha Adams,78,MO,2022-06-10,48,A,GROWING_DIGITAL,2638.83,100.0,2,2.0,59583.62,0.0,0.0,107.0,21854.39,-780.2000000000007,UTILITIES,33.64719626168225,3.64,LOW,0.0,N,N,N,N,MASTER_V1.5,2026-06-29,2026-06-29 19:54:02.726587
2402,Kevin Knox,38,VI,2018-08-08,94,A,GROWING_DIGITAL,2322.42,100.0,1,1.0,19587.23,0.0,0.0,49.0,10779.48,-9798.369999999999,WIRE_TRANSFER_INTL,36.739999999999995,0.64,LOW,0.0,N,Y,N,N,MASTER_V1.5,2026-06-29,2026-06-29 19:54:02.726587
2405,Joseph Jones,63,UT,2014-02-20,148,A,VALUE_BASIC,3665.89,100.0,1,1.0,20086.69,25000.0,80.35,67.0,9658.54,348.64999999999964,EDUCATION,37.31,21.73,MODERATE,0.0,N,Y,N,N,MASTER_V1.5,2026-06-29,2026-06-29 19:54:02.726587
2431,James Richards,67,NH,2026-05-07,1,A,GROWING_DIGITAL,25.13,100.0,1,1.0,23235.65,0.0,0.0,59.0,14082.69,-21.88000000000102,GROCERY,37.28,28.64,MODERATE,0.0,N,Y,N,N,MASTER_V1.5,2026-06-29,2026-06-29 19:54:02.726587
2443,David Daniels,69,VI,2019-02-18,88,A,ENGAGED_MAINSTREAM,7386.0,100.0,3,3.0,72468.77,2000.0,70.96,148.0,30526.309999999998,-21639.609999999997,RETAIL,43.92202702702702,18.82,LOW,0.0,N,N,N,N,MASTER_V1.5,2026-06-29,2026-06-29 19:54:02.726587
2456,Meagan Payne,19,PA,2023-09-23,33,A,PREMIUM_WEALTH,3831.34,75.0,4,3.0,110207.63,5000.0,56.47,194.0,24614.29,6915.379999999997,GROCERY,37.115927835051544,5.73,LOW,0.0,N,N,N,N,MASTER_V1.5,2026-06-29,2026-06-29 19:54:02.726587
2463,Alex Turner,54,VA,2019-11-28,79,A,ENGAGED_MAINSTREAM,8989.45,100.0,4,4.0,87470.49,5000.0,1.19,185.0,85456.69,-48909.01,UTILITIES,35.138864864864864,24.91,MODERATE,0.0,N,N,N,N,MASTER_V1.5,2026-06-29,2026-06-29 19:54:02.726587
2505,Kevin Horn,41,KY,2017-12-05,102,A,PREMIUM_WEALTH,11872.86,100.0,4,4.0,113556.78,15000.0,94.94,175.0,19250.24,-11818.410000000002,UTILITIES,41.13937142857142,11.03,LOW,0.0,N,N,N,N,MASTER_V1.5,2026-06-29,2026-06-29 19:54:02.726587
2527,Christopher Ramirez,59,AL,2023-10-31,32,A,ENGAGED_MAINSTREAM,3632.45,100.0,4,4.0,85085.04,5000.0,94.69,175.0,48122.7,-25631.219999999998,TRAVEL,39.42971428571429,14.18,LOW,0.0,N,N,N,N,MASTER_V1.5,2026-06-29,2026-06-29 19:54:02.726587
2538,Alexis Marsh,23,MD,2013-06-16,156,A,GROWING_DIGITAL,8895.08,100.0,2,2.0,89675.09,0.0,0.0,112.0,7282.5199999999995,-2677.7999999999993,RESTAURANT,32.144375,8.73,LOW,0.0,N,N,N,N,MASTER_V1.5,2026-06-29,2026-06-29 19:54:02.726587
2560,Maurice Lewis,51,VA,2020-03-01,75,A,VALUE_BASIC,1174.93,100.0,1,1.0,526.53,25000.0,2.11,32.0,9567.09,-637.5799999999999,GROCERY,40.63,11.82,LOW,0.0,N,Y,N,N,MASTER_V1.5,2026-06-29,2026-06-29 19:54:02.726587
2576,Jose Spencer,84,MI,2013-04-17,158,A,GROWING_DIGITAL,4217.69,100.0,1,1.0,43377.92,0.0,0.0,72.0,11215.85,-6538.990000000001,ENTERTAINMENT,41.67,26.82,MODERATE,0.0,N,Y,N,N,MASTER_V1.5,2026-06-29,2026-06-29 19:54:02.726587
2583,Shannon Davenport,55,ID,2017-08-03,106,A,ENGAGED_MAINSTREAM,12146.6,100.0,4,4.0,94756.05,2000.0,63.55,168.0,38147.11,-30072.07,UTILITIES,42.856190476190484,10.09,LOW,0.0,N,N,N,N,MASTER_V1.5,2026-06-29,2026-06-29 19:54:02.726587
2599,Ashley Dennis,71,WA,2025-07-16,11,A,ENGAGED_MAINSTREAM,1299.04,100.0,4,4.0,134517.25,25000.0,52.52,159.0,48760.729999999996,-18572.96,TRAVEL,33.33666666666667,4.18,LOW,0.0,N,N,N,N,MASTER_V1.5,2026-06-29,2026-06-29 19:54:02.726587
2613,Gregory Barnes,48,CT,2014-08-08,142,A,PREMIUM_WEALTH,12581.45,100.0,3,3.0,135072.69,2000.0,18.28,130.0,18661.02,-10920.91,RETAIL,37.69369230769231,12.18,LOW,0.0,N,N,N,N,MASTER_V1.5,2026-06-29,2026-06-29 19:54:02.726587
2634,Shelby Johnson,71,MH,2022-06-06,48,A,ENGAGED_MAINSTREAM,5682.44,100.0,4,4.0,138472.07,15000.0,33.84,234.0,21624.77,25948.390000000003,RETAIL,39.74576923076923,38.73,MODERATE,0.0,N,N,N,N,MASTER_V1.5,2026-06-29,2026-06-29 19:54:02.726587
2641,Jill Sparks,44,RI,2013-10-03,152,A,VALUE_BASIC,3631.74,100.0,1,1.0,14146.37,15000.0,94.31,39.0,1706.36,1171.09,HEALTHCARE,35.9,11.82,LOW,0.0,N,Y,N,N,MASTER_V1.5,2026-06-29,2026-06-29 19:54:02.726587
2643,Joshua Harris,51,IA,2011-11-03,175,A,PREMIUM_WEALTH,20182.46,100.0,4,4.0,102010.78,25000.0,56.99,205.0,45534.03,-28007.91,UTILITIES,38.53878048780488,16.78,LOW,0.0,N,N,N,N,MASTER_V1.5,2026-06-29,2026-06-29 19:54:02.726587
2645,Ann Webb,79,VI,2025-11-30,7,A,ENGAGED_MAINSTREAM,604.17,100.0,3,3.0,99509.24,10000.0,76.7,117.0,26185.379999999997,-4796.439999999995,INSURANCE,35.9,13.6,LOW,0.0,N,N,N,N,MASTER_V1.5,2026-06-29,2026-06-29 19:54:02.726587
2649,Anna Day,69,PR,2017-01-03,113,A,ENGAGED_MAINSTREAM,8557.17,100.0,3,3.0,24269.14,2000.0,15.6,92.0,17947.760000000002,-1779.720000000003,UTILITIES,38.041304347826085,14.27,LOW,0.0,N,N,N,N,MASTER_V1.5,2026-06-29,2026-06-29 19:54:02.726587
2660,Samuel Stanton,35,VT,2013-12-20,150,A,PREMIUM_WEALTH,8423.23,100.0,2,2.0,75431.06,10000.0,89.67,101.0,43967.05,-27639.240000000005,GROCERY,41.58227722772276,10.18,LOW,0.0,N,N,N,N,MASTER_V1.5,2026-06-29,2026-06-29 19:54:02.726587
2669,Edward Jones,84,DE,2017-09-13,105,A,ENGAGED_MAINSTREAM,9402.4,100.0,3,3.0,153207.82,15000.0,72.82,147.0,29800.73,-6601.600000000002,RETAIL,46.2565306122449,25.38,MODERATE,0.0,N,N,N,N,MASTER_V1.5,2026-06-29,2026-06-29 19:54:02.726587
2672,Angie Perez,75,ID,2016-09-19,117,A,ENGAGED_MAINSTREAM,10323.62,66.67,3,2.0,128644.41,5000.0,72.51,140.0,19330.07,8195.45,TRAVEL,42.14714285714285,10.64,LOW,0.0,N,N,N,N,MASTER_V1.5,2026-06-29,2026-06-29 19:54:02.726587
2681,Dwayne Martin,79,NH,2023-06-23,36,A,ENGAGED_MAINSTREAM,4276.08,75.0,4,3.0,144063.51,2000.0,87.27,119.0,6161.5,20739.420000000002,RETAIL,38.657226890756306,19.18,LOW,0.0,N,N,N,N,MASTER_V1.5,2026-06-29,2026-06-29 19:54:02.726587
2683,Elizabeth Murphy,51,MN,2018-01-18,101,A,PREMIUM_WEALTH,12168.38,75.0,4,3.0,170739.82,2000.0,64.07,233.0,13531.48,7501.75,RETAIL,34.76454935622318,21.27,MODERATE,0.0,N,N,N,N,MASTER_V1.5,2026-06-29,2026-06-29 19:54:02.726587
2701,Robert Singleton,27,NV,2013-06-15,156,A,CREDIT_DEPENDENT,11711.26,33.33,3,1.0,22239.43,2000.0,49.08,134.0,29592.61,-17739.690000000002,RETAIL,41.04164179104478,13.27,LOW,0.0,N,N,N,Y,MASTER_V1.5,2026-06-29,2026-06-29 19:54:02.726587
2707,Mandy Mason,40,MA,2012-06-16,168,A,PREMIUM_WEALTH,19350.96,75.0,4,3.0,100551.69,25000.0,73.86,260.0,57452.46,-24739.27,RETAIL,39.61857692307692,13.73,LOW,0.0,N,N,N,N,MASTER_V1.5,2026-06-29,2026-06-29 19:54:02.726587
2728,Arthur Haynes,60,IN,2020-04-08,74,A,ENGAGED_MAINSTREAM,6607.76,100.0,3,3.0,148135.48,0.0,0.0,90.0,18070.63,-6520.24,RETAIL,37.77433333333333,23.82,MODERATE,0.0,N,N,N,N,MASTER_V1.5,2026-06-29,2026-06-29 19:54:02.726587
2742,Christopher Young,26,PW,2015-12-26,126,A,PREMIUM_WEALTH,15078.74,100.0,4,4.0,157511.66,2000.0,82.84,250.0,43503.259999999995,4109.940000000002,RESTAURANT,40.79972,11.91,LOW,0.0,N,N,N,N,MASTER_V1.5,2026-06-29,2026-06-29 19:54:02.726587
2746,Jasmin Hines,40,MD,2023-11-23,31,A,GROWING_DIGITAL,2538.82,100.0,3,3.0,55251.11,0.0,0.0,148.0,8821.57,21380.68,TRAVEL,37.160135135135135,38.82,MODERATE,0.0,N,N,N,N,MASTER_V1.5,2026-06-29,2026-06-29 19:54:02.726587
2757,Gina Garcia,54,UT,2012-09-21,165,A,GROWING_DIGITAL,4250.38,100.0,1,1.0,29850.19,0.0,0.0,53.0,12357.33,5727.4400000000005,ENTERTAINMENT,43.39,8.73,LOW,0.0,N,Y,N,N,MASTER_V1.5,2026-06-29,2026-06-29 19:54:02.726587
2760,Kelsey Turner,21,NM,2017-06-25,108,A,PREMIUM_WEALTH,9466.13,100.0,3,3.0,118965.1,2000.0,84.97,152.0,18449.84,13358.34,RETAIL,44.07743421052631,14.23,LOW,0.0,N,N,N,N,MASTER_V1.5,2026-06-29,2026-06-29 19:54:02.726587
2764,Emily Hernandez,49,MS,2017-03-18,111,A,VALUE_BASIC,2417.9,100.0,1,1.0,6082.5,15000.0,40.55,22.0,1268.78,9580.17,GROCERY,36.370000000000005,26.45,MODERATE,0.0,N,Y,Y,N,MASTER_V1.5,2026-06-29,2026-06-29 19:54:02.726587
2771,Benjamin Rodgers,45,ID,2016-10-26,116,A,GROWING_DIGITAL,6167.25,100.0,2,2.0,41489.33,0.0,0.0,49.0,4711.87,-3361.42,RESTAURANT,42.85999999999999,18.06,LOW,0.0,N,N,N,N,MASTER_V1.5,2026-06-29,2026-06-29 19:54:02.726587
2780,Darren Lee,29,AS,2017-12-15,102,A,PREMIUM_WEALTH,7772.72,100.0,3,3.0,25859.0,5000.0,27.72,97.0,19457.730000000003,15102.259999999995,RETAIL,41.23773195876289,4.55,LOW,0.0,N,N,N,N,MASTER_V1.5,2026-06-29,2026-06-29 19:54:02.726587
2801,Jessica Morales,74,AS,2023-02-02,40,A,ENGAGED_MAINSTREAM,4549.22,100.0,4,4.0,86946.31,5000.0,61.78,181.0,17886.85,15386.629999999997,RETAIL,38.12375690607735,15.18,LOW,0.0,N,N,N,N,MASTER_V1.5,2026-06-29,2026-06-29 19:54:02.726587
2813,Destiny Arnold,35,MS,2024-09-02,21,A,GROWING_DIGITAL,546.59,100.0,1,1.0,33232.41,0.0,0.0,61.0,16760.03,275.25,RETAIL,29.500000000000004,7.55,LOW,0.0,N,Y,N,N,MASTER_V1.5,2026-06-29,2026-06-29 19:54:02.726587
2814,Evan Wood,27,SC,2024-03-05,27,A,PREMIUM_WEALTH,3159.21,100.0,4,4.0,120665.63,15000.0,12.09,187.0,49497.72,-10325.450000000004,RESTAURANT,45.454491978609624,25.77,MODERATE,0.0,N,N,N,N,MASTER_V1.5,2026-06-29,2026-06-29 19:54:02.726587
2815,Sharon Morse,26,KY,2014-02-07,148,A,PREMIUM_WEALTH,12711.98,100.0,3,3.0,94111.48,5000.0,8.48,142.0,31852.23,27386.649999999998,GROCERY,39.43345070422536,22.0,MODERATE,0.0,N,N,N,N,MASTER_V1.5,2026-06-29,2026-06-29 19:54:02.726587
2851,Jonathan Stevenson,47,PR,2015-03-11,135,A,PREMIUM_WEALTH,12018.4,100.0,3,3.0,142917.62,5000.0,94.56,136.0,27576.11,-13538.75,RETAIL,40.44191176470588,23.55,MODERATE,0.0,N,N,N,N,MASTER_V1.5,2026-06-29,2026-06-29 19:54:02.726587
2852,John Norris,39,KS,2021-03-14,63,A,PREMIUM_WEALTH,5472.16,100.0,3,3.0,107075.42,10000.0,93.94,167.0,23563.52,12802.539999999997,RESTAURANT,38.92754491017964,14.48,LOW,0.0,N,N,N,N,MASTER_V1.5,2026-06-29,2026-06-29 19:54:02.726587
2864,John Hill,65,NE,2024-06-05,24,A,CREDIT_DEPENDENT,1371.11,50.0,2,1.0,91665.36,0.0,0.0,106.0,25932.22,-15599.050000000001,TRAVEL,35.84745283018868,14.82,LOW,0.0,N,N,N,N,MASTER_V1.5,2026-06-29,2026-06-29 19:54:02.726587
2865,Scott Rowland,47,LA,2016-02-05,124,A,GROWING_DIGITAL,3275.85,100.0,1,1.0,38841.47,0.0,0.0,51.0,23544.08,-10325.79,HEALTHCARE,35.3,18.27,LOW,0.0,N,Y,N,N,MASTER_V1.5,2026-06-29,2026-06-29 19:54:02.726587
2878,Richard Schmitt,57,SC,2022-11-11,43,A,GROWING_DIGITAL,3739.99,100.0,3,3.0,108756.9,0.0,0.0,147.0,18079.75,-10880.75,TRAVEL,37.41537414965986,16.64,LOW,0.0,N,N,N,N,MASTER_V1.5,2026-06-29,2026-06-29 19:54:02.726587
2880,Jason Moran,84,MD,2021-12-30,54,A,ENGAGED_MAINSTREAM,4815.24,100.0,3,3.0,145724.11,10000.0,50.21,82.0,35862.39,-23435.78,RESTAURANT,45.122439024390246,11.27,LOW,0.0,N,N,N,N,MASTER_V1.5,2026-06-29,2026-06-29 19:54:02.726587
2888,Daniel Taylor,60,GU,2025-04-08,14,A,VALUE_BASIC,249.36,100.0,1,1.0,1241.97,2000.0,62.1,70.0,4052.6,6453.77,GROCERY,32.86,16.99,LOW,0.0,N,Y,Y,N,MASTER_V1.5,2026-06-29,2026-06-29 19:54:02.726587
2894,Rebecca Griffin,64,DE,2024-03-22,27,A,GROWING_DIGITAL,1553.81,100.0,2,2.0,99680.15,0.0,0.0,52.0,4380.49,5727.93,GROCERY,34.62153846153846,12.0,LOW,0.0,N,N,N,N,MASTER_V1.5,2026-06-29,2026-06-29 19:54:02.726587
2902,Kimberly Schmidt,47,AZ,2026-01-09,5,A,GROWING_DIGITAL,126.85,100.0,1,1.0,25543.26,0.0,0.0,43.0,2860.25,10998.12,GROCERY,46.51,17.82,LOW,0.0,N,Y,N,N,MASTER_V1.5,2026-06-29,2026-06-29 19:54:02.726587
2912,Michelle Hernandez,61,DC,2024-08-15,22,A,GROWING_DIGITAL,1271.54,100.0,2,2.0,104764.71,0.0,0.0,86.0,4109.66,1680.4300000000003,HEALTHCARE,45.35000000000001,5.64,LOW,0.0,N,N,N,N,MASTER_V1.5,2026-06-29,2026-06-29 19:54:02.726587
2917,Michael Taylor,22,TX,2014-09-24,141,A,CREDIT_DEPENDENT,8380.2,50.0,2,1.0,145337.74,0.0,0.0,105.0,14549.67,4181.910000000002,PAWN_SHOP,41.91,12.09,LOW,0.0,N,N,N,N,MASTER_V1.5,2026-06-29,2026-06-29 19:54:02.726587
2936,Kevin Garrett,74,VA,2018-11-30,91,A,GROWING_DIGITAL,2522.96,100.0,1,1.0,65507.75,0.0,0.0,62.0,10211.14,-8873.99,GROCERY,40.32,11.52,LOW,0.0,N,Y,N,N,MASTER_V1.5,2026-06-29,2026-06-29 19:54:02.726587
2937,Manuel Logan,24,NJ,2015-06-12,132,A,CREDIT_DEPENDENT,3103.12,0.0,1,0.0,12129.55,0.0,0.0,49.0,15775.78,-4759.130000000001,GROCERY,20.399999999999995,28.64,MODERATE,0.0,N,N,N,Y,MASTER_V1.5,2026-06-29,2026-06-29 19:54:02.726587
2966,Mary Walker,18,IA,2014-05-25,145,A,PREMIUM_WEALTH,12308.5,66.67,3,2.0,82303.14,15000.0,36.38,156.0,57141.200000000004,-7002.890000000007,GROCERY,37.18051282051282,9.36,LOW,0.0,N,N,N,N,MASTER_V1.5,2026-06-29,2026-06-29 19:54:02.726587
2973,Kenneth Santana,21,NM,2025-08-24,10,A,PREMIUM_WEALTH,843.96,100.0,3,3.0,77093.27,0.0,0.0,150.0,39404.72,1873.8799999999974,RESTAURANT,34.66773333333333,17.25,LOW,0.0,N,N,N,N,MASTER_V1.5,2026-06-29,2026-06-29 19:54:02.726587
2975,John Peters,22,TN,2011-06-30,180,A,CREDIT_DEPENDENT,10539.22,50.0,2,1.0,121812.81,0.0,0.0,83.0,30826.36,-12826.880000000001,TRAVEL,37.35240963855422,17.36,LOW,0.0,N,N,N,N,MASTER_V1.5,2026-06-29,2026-06-29 19:54:02.726587
2979,Peter Lee,32,HI,2021-02-16,64,A,PREMIUM_WEALTH,3485.39,100.0,2,2.0,53736.37,5000.0,60.42,68.0,11733.95,-1454.8300000000017,RESTAURANT,35.29132352941177,10.73,LOW,0.0,N,N,N,N,MASTER_V1.5,2026-06-29,2026-06-29 19:54:02.726587
2988,Nancy Holt,54,IA,2020-03-20,75,A,VALUE_BASIC,1568.49,100.0,1,1.0,4295.34,5000.0,85.91,47.0,9745.02,-6924.74,GROCERY,31.919999999999998,35.18,MODERATE,0.0,N,Y,Y,N,MASTER_V1.5,2026-06-29,2026-06-29 19:54:02.726587
2991,Mary Richmond,27,MO,2021-05-30,61,A,PREMIUM_WEALTH,5281.08,100.0,3,3.0,103088.98,10000.0,57.04,152.0,10067.41,22537.06,UTILITIES,40.136315789473684,12.45,LOW,0.0,N,N,N,N,MASTER_V1.5,2026-06-29,2026-06-29 19:54:02.726587
3005,Corey Knapp,83,NJ,2025-08-08,10,A,ENGAGED_MAINSTREAM,781.41,66.67,3,2.0,33482.34,2000.0,65.79,152.0,8070.26,17087.78,RESTAURANT,38.81552631578947,17.45,LOW,0.0,N,N,N,N,MASTER_V1.5,2026-06-29,2026-06-29 19:54:02.726587
3009,Jason Townsend,67,KS,2023-05-01,37,A,ENGAGED_MAINSTREAM,4364.12,100.0,4,4.0,132576.9,5000.0,93.13,217.0,65584.84,-55901.969999999994,TRAVEL,40.55308755760368,21.0,MODERATE,0.0,N,N,N,N,MASTER_V1.5,2026-06-29,2026-06-29 19:54:02.726587
3010,Richard Bailey,48,OH,2016-04-16,122,A,GROWING_DIGITAL,6806.13,100.0,2,2.0,70093.94,0.0,0.0,74.0,23506.050000000003,-14550.410000000003,RETAIL,33.78648648648648,18.91,LOW,0.0,N,N,N,N,MASTER_V1.5,2026-06-29,2026-06-29 19:54:02.726587
3017,Regina Graves,78,NH,2020-03-03,75,A,GROWING_DIGITAL,2002.31,100.0,1,1.0,43433.42,0.0,0.0,69.0,20219.32,-10243.18,GAS_STATION,34.78,4.91,LOW,0.0,N,Y,N,N,MASTER_V1.5,2026-06-29,2026-06-29 19:54:02.726587
3033,Valerie Wright,76,MT,2024-04-26,26,A,GROWING_DIGITAL,657.02,100.0,1,1.0,24536.77,0.0,0.0,34.0,9657.14,1453.5,INSURANCE,38.24000000000001,10.64,LOW,0.0,N,Y,N,N,MASTER_V1.5,2026-06-29,2026-06-29 19:54:02.726587
3047,Michael Wilson,44,TN,2022-02-11,52,A,VALUE_BASIC,2482.86,100.0,2,2.0,14037.37,10000.0,72.1,109.0,25679.92,-5100.769999999997,RETAIL,33.94715596330275,14.64,LOW,0.0,N,N,N,N,MASTER_V1.5,2026-06-29,2026-06-29 19:54:02.726587
3049,Carolyn Blake,36,AL,2015-03-15,135,A,CREDIT_DEPENDENT,10211.46,33.33,3,1.0,23989.97,5000.0,66.96,185.0,30008.61,-4082.5800000000017,HEALTHCARE,41.07643243243243,11.97,LOW,0.0,N,N,N,Y,MASTER_V1.5,2026-06-29,2026-06-29 19:54:02.726587
3054,Victor Lopez,38,MI,2024-08-09,22,A,PREMIUM_WEALTH,2671.88,100.0,4,4.0,188137.23,25000.0,81.8,222.0,57934.049999999996,-35729.369999999995,RETAIL,38.29018018018018,9.0,LOW,0.0,N,N,N,N,MASTER_V1.5,2026-06-29,2026-06-29 19:54:02.726587
3075,James Flores,59,MA,2019-08-23,82,A,GROWING_DIGITAL,4342.77,100.0,2,2.0,39819.73,10000.0,22.47,101.0,14908.39,21812.14,GROCERY,40.59574257425743,25.0,MODERATE,0.0,N,N,N,N,MASTER_V1.5,2026-06-29,2026-06-29 19:54:02.726587
3081,Danielle Stevenson,25,CT,2019-08-03,82,A,GROWING_DIGITAL,1907.8,100.0,1,1.0,11007.35,0.0,0.0,59.0,2240.91,9980.5,GROCERY,27.11,10.55,LOW,0.0,N,Y,N,N,MASTER_V1.5,2026-06-29,2026-06-29 19:54:02.726587
3101,David Carson,47,PA,2013-02-09,160,A,PREMIUM_WEALTH,13558.0,66.67,3,2.0,80686.78,2000.0,82.01,127.0,15921.029999999999,-2166.3399999999983,RETAIL,30.70685039370079,23.68,MODERATE,0.0,N,N,N,N,MASTER_V1.5,2026-06-29,2026-06-29 19:54:02.726587
3102,Angela Jimenez,26,WA,2025-08-31,10,A,PREMIUM_WEALTH,833.24,100.0,3,3.0,66829.84,0.0,0.0,117.0,58744.71000000001,-48031.450000000004,TRAVEL,35.89623931623932,14.27,LOW,0.0,N,N,N,N,MASTER_V1.5,2026-06-29,2026-06-29 19:54:02.726587
3117,David Walker,30,DE,2022-12-16,42,A,PREMIUM_WEALTH,2954.81,100.0,3,3.0,11853.22,15000.0,25.2,119.0,22529.28,1046.9800000000032,RETAIL,42.016302521008406,25.2,MODERATE,0.0,N,N,N,N,MASTER_V1.5,2026-06-29,2026-06-29 19:54:02.726587
3131,Rachel Kelley,41,OH,2020-09-21,69,A,PREMIUM_WEALTH,7933.12,100.0,4,4.0,98447.62,25000.0,7.96,221.0,32635.510000000002,15161.199999999997,RETAIL,39.820361990950225,32.73,MODERATE,0.0,N,N,N,N,MASTER_V1.5,2026-06-29,2026-06-29 19:54:02.726587
3154,Ashley Blackwell,20,HI,2025-08-12,10,A,PREMIUM_WEALTH,748.28,66.67,3,2.0,21528.25,2000.0,99.1,141.0,17186.21,-6267.359999999999,RESTAURANT,40.42574468085106,17.64,LOW,0.0,N,N,N,N,MASTER_V1.5,2026-06-29,2026-06-29 19:54:02.726587
3158,Christopher Morrison,37,HI,2025-08-23,10,A,GROWING_DIGITAL,753.64,100.0,3,3.0,23122.67,0.0,0.0,118.0,28994.13,-12753.970000000001,GROCERY,39.82779661016949,9.27,LOW,0.0,N,N,N,N,MASTER_V1.5,2026-06-29,2026-06-29 19:54:02.726587
3168,Richard Peterson,28,PW,2023-03-10,39,A,PREMIUM_WEALTH,4613.55,100.0,4,4.0,137258.17,25000.0,5.74,136.0,7019.48,10377.84,UTILITIES,42.645367647058826,20.61,MODERATE,0.0,N,N,N,N,MASTER_V1.5,2026-06-29,2026-06-29 19:54:02.726587
3179,Jesse Williams,85,AK,2023-04-20,38,A,GROWING_DIGITAL,1778.83,100.0,2,2.0,11640.48,10000.0,7.07,115.0,35053.13,7207.190000000002,UTILITIES,40.86739130434783,3.55,LOW,0.0,N,N,N,N,MASTER_V1.5,2026-06-29,2026-06-29 19:54:02.726587
3185,Jacob Morris,38,FL,2012-08-14,166,A,PREMIUM_WEALTH,8536.07,100.0,2,2.0,29272.91,15000.0,98.94,118.0,6136.35,2501.8600000000006,GAS_STATION,42.36745762711864,6.09,LOW,0.0,N,N,N,N,MASTER_V1.5,2026-06-29,2026-06-29 19:54:02.726587
3195,Victor Hines,35,AL,2018-08-28,94,A,PREMIUM_WEALTH,10184.82,75.0,4,3.0,50762.66,2000.0,21.22,178.0,75278.3,-68065.76000000001,UTILITIES,34.27005617977528,9.55,LOW,0.0,N,N,N,N,MASTER_V1.5,2026-06-29,2026-06-29 19:54:02.726587
3196,James Matthews,64,KY,2026-05-25,1,A,ENGAGED_MAINSTREAM,84.41,100.0,3,3.0,77260.88,25000.0,34.02,137.0,22106.7,-14449.7,RETAIL,40.1441605839416,19.76,LOW,0.0,N,N,N,N,MASTER_V1.5,2026-06-29,2026-06-29 19:54:02.726587
3200,Donald Stewart,57,AK,2011-11-09,175,A,GROWING_DIGITAL,10150.6,100.0,2,2.0,109172.32,0.0,0.0,103.0,23069.71,-7301.98,GAS_STATION,36.88834951456311,13.64,LOW,0.0,N,N,N,N,MASTER_V1.5,2026-06-29,2026-06-29 19:54:02.726587
3210,Crystal Sutton,64,LA,2013-11-09,151,A,CREDIT_DEPENDENT,4043.6,0.0,1,0.0,44869.56,0.0,0.0,22.0,670.33,852.13,HEALTHCARE,31.819999999999997,12.45,LOW,0.0,N,N,N,Y,MASTER_V1.5,2026-06-29,2026-06-29 19:54:02.726587
3233,Daniel Hill,45,TX,2022-10-21,44,A,VALUE_BASIC,910.75,100.0,1,1.0,3942.44,0.0,0.0,17.0,896.4,-119.81999999999994,GAS_STATION,47.059999999999995,15.64,LOW,0.0,N,Y,Y,N,MASTER_V1.5,2026-06-29,2026-06-29 19:54:02.726587
3243,Amy Warren,35,LA,2018-11-02,91,A,CREDIT_DEPENDENT,2473.65,0.0,1,0.0,52744.07,0.0,0.0,29.0,2078.69,-1192.0500000000002,GROCERY,31.04,8.82,LOW,0.0,N,N,N,Y,MASTER_V1.5,2026-06-29,2026-06-29 19:54:02.726587
3245,Darius Pruitt,30,UT,2018-03-07,99,A,PREMIUM_WEALTH,5304.78,100.0,2,2.0,45104.28,5000.0,79.77,119.0,14481.29,35968.28,RESTAURANT,37.819075630252094,7.73,LOW,0.0,N,N,N,N,MASTER_V1.5,2026-06-29,2026-06-29 19:54:02.726587
3247,Jeremiah Williams,81,GU,2024-01-24,29,A,ENGAGED_MAINSTREAM,3329.41,75.0,4,3.0,96832.46,10000.0,32.08,174.0,10560.18,-1717.1400000000012,UTILITIES,39.65775862068966,20.43,MODERATE,0.0,N,N,N,N,MASTER_V1.5,2026-06-29,2026-06-29 19:54:02.726587
3262,Connie Knight,61,NV,2012-04-20,170,A,CREDIT_DEPENDENT,9743.65,50.0,2,1.0,95141.41,0.0,0.0,100.0,14567.400000000001,-9930.990000000002,RETAIL,37.99550000000001,15.68,LOW,0.0,N,N,N,N,MASTER_V1.5,2026-06-29,2026-06-29 19:54:02.726587
3269,Aaron Wallace,84,GU,2015-08-01,130,A,GROWING_DIGITAL,7182.02,100.0,2,2.0,62897.13,0.0,0.0,64.0,3617.2799999999997,10614.7,RETAIL,42.191250000000004,5.73,LOW,0.0,N,N,N,N,MASTER_V1.5,2026-06-29,2026-06-29 19:54:02.726587
3273,Stephen Randolph,77,IN,2013-08-09,154,A,ENGAGED_MAINSTREAM,17579.49,100.0,4,4.0,90694.35,25000.0,69.3,184.0,45844.29,-5166.25,RETAIL,41.30576086956522,16.91,LOW,0.0,N,N,N,N,MASTER_V1.5,2026-06-29,2026-06-29 19:54:02.726587
3278,Heather Lewis,47,DE,2012-06-07,168,A,PREMIUM_WEALTH,19857.58,100.0,4,4.0,135942.51,10000.0,81.63,111.0,18313.7,-3555.6399999999994,RESTAURANT,31.53135135135135,30.36,MODERATE,0.0,N,N,N,N,MASTER_V1.5,2026-06-29,2026-06-29 19:54:02.726587
3287,Nathaniel Winters,30,TX,2019-08-13,82,A,PREMIUM_WEALTH,9652.41,100.0,4,4.0,129474.15,5000.0,87.92,218.0,34889.09,15108.020000000004,RETAIL,29.812614678899084,22.73,MODERATE,0.0,N,N,N,N,MASTER_V1.5,2026-06-29,2026-06-29 19:54:02.726587
3294,Tonya Thomas,62,CA,2025-03-10,15,A,ENGAGED_MAINSTREAM,1233.32,66.67,3,2.0,57691.84,0.0,0.0,84.0,20505.739999999998,-17099.73,RETAIL,35.714999999999996,20.91,MODERATE,0.0,N,N,N,N,MASTER_V1.5,2026-06-29,2026-06-29 19:54:02.726587
3297,Nicole Mooney,58,KS,2023-10-10,32,A,ENGAGED_MAINSTREAM,3827.43,100.0,4,4.0,156483.57,25000.0,28.53,176.0,48635.76,-42509.950000000004,TRAVEL,34.08835227272728,7.3,LOW,0.0,N,N,N,N,MASTER_V1.5,2026-06-29,2026-06-29 19:54:02.726587
3303,Shawn Flowers,78,VI,2021-01-16,65,A,GROWING_DIGITAL,3704.67,100.0,2,2.0,89232.04,0.0,0.0,82.0,11477.93,-8523.32,RESTAURANT,42.680121951219505,13.48,LOW,0.0,N,N,N,N,MASTER_V1.5,2026-06-29,2026-06-29 19:54:02.726587
3307,Lisa Johnson,49,KS,2012-12-06,162,A,PREMIUM_WEALTH,19643.08,100.0,4,4.0,184490.87,25000.0,34.67,217.0,24307.11,23455.29,TRAVEL,41.47179723502304,9.91,LOW,0.0,N,N,N,N,MASTER_V1.5,2026-06-29,2026-06-29 19:54:02.726587
3309,Stephanie Henderson,80,VT,2015-04-09,134,A,ENGAGED_MAINSTREAM,11262.07,100.0,3,3.0,73573.23,5000.0,28.53,90.0,12537.880000000001,-497.84000000000196,RESTAURANT,41.11055555555555,13.91,LOW,0.0,N,N,N,N,MASTER_V1.5,2026-06-29,2026-06-29 19:54:02.726587
3311,Roy Lawrence,59,UT,2014-08-07,142,A,GROWING_DIGITAL,7673.64,100.0,2,2.0,49411.65,0.0,0.0,87.0,16954.02,3039.8899999999994,RESTAURANT,33.34,13.55,LOW,0.0,N,N,N,N,MASTER_V1.5,2026-06-29,2026-06-29 19:54:02.726587
3313,Anthony Haynes,83,ND,2016-04-04,122,A,ENGAGED_MAINSTREAM,13420.88,75.0,4,3.0,59917.18,10000.0,25.45,249.0,22606.72,8570.509999999998,RETAIL,33.33253012048193,34.74,MODERATE,0.0,N,N,N,N,MASTER_V1.5,2026-06-29,2026-06-29 19:54:02.726587
3314,Amber Garcia,27,KY,2017-03-20,111,A,VALUE_BASIC,2494.33,100.0,1,1.0,8011.05,0.0,0.0,19.0,6970.36,-4932.2699999999995,GAS_STATION,36.85,10.27,LOW,0.0,N,Y,Y,N,MASTER_V1.5,2026-06-29,2026-06-29 19:54:02.726587
3318,Sandra Gibson,36,MA,2022-03-02,51,A,PREMIUM_WEALTH,5305.02,75.0,4,3.0,32925.18,2000.0,93.12,140.0,34976.77,-24169.509999999995,UTILITIES,40.00271428571428,29.09,MODERATE,0.0,N,N,N,N,MASTER_V1.5,2026-06-29,2026-06-29 19:54:02.726587
3334,Thomas Ramirez,42,OR,2013-01-28,161,A,PREMIUM_WEALTH,18547.23,100.0,4,4.0,100711.95,10000.0,13.3,223.0,48628.6,-29363.94,RETAIL,34.08264573991032,10.55,LOW,0.0,N,N,N,N,MASTER_V1.5,2026-06-29,2026-06-29 19:54:02.726587
3362,Tracy Peterson,54,PR,2012-11-05,163,A,CREDIT_DEPENDENT,9247.76,50.0,2,1.0,84706.35,0.0,0.0,70.0,12407.109999999999,-10450.23,RESTAURANT,37.142,19.73,LOW,0.0,N,N,N,N,MASTER_V1.5,2026-06-29,2026-06-29 19:54:02.726587
3373,Joseph Carroll,69,AZ,2018-09-19,93,A,ENGAGED_MAINSTREAM,8142.63,100.0,3,3.0,117479.04,5000.0,43.19,136.0,17728.59,-9852.529999999999,GROCERY,33.82558823529413,16.36,LOW,0.0,N,N,N,N,MASTER_V1.5,2026-06-29,2026-06-29 19:54:02.726587
3413,Shelly Thompson,32,MH,2025-09-20,9,A,PREMIUM_WEALTH,983.25,100.0,4,4.0,55548.41,2000.0,51.53,104.0,13197.67,-2381.1900000000005,TRAVEL,34.61673076923078,4.91,LOW,0.0,N,N,N,N,MASTER_V1.5,2026-06-29,2026-06-29 19:54:02.726587
3426,Sherry Gomez,50,WA,2025-11-04,7,A,PREMIUM_WEALTH,595.53,100.0,3,3.0,84414.31,2000.0,87.82,132.0,20907.22,-14306.11,RESTAURANT,29.546590909090902,9.36,LOW,0.0,N,N,N,N,MASTER_V1.5,2026-06-29,2026-06-29 19:54:02.726587
3457,Stephanie Scott,19,SC,2024-03-06,27,A,PREMIUM_WEALTH,3223.57,75.0,4,3.0,153143.66,25000.0,72.47,132.0,7023.67,12080.749999999998,RESTAURANT,40.90886363636364,22.54,MODERATE,0.0,N,N,N,N,MASTER_V1.5,2026-06-29,2026-06-29 19:54:02.726587
3460,Linda Osborne,45,MH,2021-09-03,57,A,PREMIUM_WEALTH,4512.4,66.67,3,2.0,38381.26,10000.0,14.03,145.0,9655.529999999999,7784.4100000000035,RESTAURANT,39.310206896551726,11.2,LOW,0.0,N,N,N,N,MASTER_V1.5,2026-06-29,2026-06-29 19:54:02.726587
3464,Megan Robinson,30,CA,2019-10-09,80,A,GROWING_DIGITAL,2147.73,100.0,1,1.0,46104.86,0.0,0.0,29.0,20630.5,-19052.34,RESTAURANT,27.590000000000003,17.64,LOW,0.0,N,Y,N,N,MASTER_V1.5,2026-06-29,2026-06-29 19:54:02.726587
3488,Tracey Parker,31,IN,2014-12-31,138,A,GROWING_DIGITAL,3178.5,100.0,1,1.0,10026.95,0.0,0.0,33.0,13094.39,-11348.13,INSURANCE,27.27,2.91,LOW,0.0,N,Y,N,N,MASTER_V1.5,2026-06-29,2026-06-29 19:54:02.726587
3506,Donna Doyle,71,KS,2016-06-13,120,A,ENGAGED_MAINSTREAM,10290.89,100.0,3,3.0,92440.16,2000.0,8.63,133.0,29578.690000000002,-23877.070000000003,RESTAURANT,44.359624060150374,12.27,LOW,0.0,N,N,N,N,MASTER_V1.5,2026-06-29,2026-06-29 19:54:02.726587
3520,Vanessa Lewis,45,VT,2012-04-02,170,A,PREMIUM_WEALTH,9533.46,100.0,2,2.0,74297.61,10000.0,84.34,118.0,16191.33,3511.08,RESTAURANT,39.833898305084745,16.64,LOW,0.0,N,N,N,N,MASTER_V1.5,2026-06-29,2026-06-29 19:54:02.726587
3547,Wendy Swanson,76,CT,2018-11-12,91,A,ENGAGED_MAINSTREAM,7919.81,100.0,3,3.0,109548.58,2000.0,38.52,143.0,37570.25,-17009.14,HEALTHCARE,38.457552447552445,11.79,LOW,0.0,N,N,N,N,MASTER_V1.5,2026-06-29,2026-06-29 19:54:02.726587
3550,Kevin Maynard,27,FL,2012-04-23,170,A,GROWING_DIGITAL,9647.93,100.0,2,2.0,85008.79,0.0,0.0,99.0,5989.26,5999.459999999999,RESTAURANT,38.38999999999999,6.73,LOW,0.0,N,N,N,N,MASTER_V1.5,2026-06-29,2026-06-29 19:54:02.726587
3552,Charles Schmidt,62,MH,2017-08-21,106,A,ENGAGED_MAINSTREAM,9163.99,66.67,3,2.0,101420.43,25000.0,43.32,122.0,7884.89,-2221.8900000000003,HEALTHCARE,36.8855737704918,15.37,LOW,0.0,N,N,N,N,MASTER_V1.5,2026-06-29,2026-06-29 19:54:02.726587
3557,Lauren Hall,73,AS,2014-08-28,142,A,ENGAGED_MAINSTREAM,15486.41,100.0,4,4.0,54498.24,15000.0,52.79,169.0,22773.920000000002,7267.049999999999,RESTAURANT,44.37869822485207,21.83,MODERATE,0.0,N,N,N,N,MASTER_V1.5,2026-06-29,2026-06-29 19:54:02.726587
3566,Deborah Carroll,80,OH,2014-01-01,149,A,ENGAGED_MAINSTREAM,12048.87,100.0,3,3.0,48145.76,15000.0,49.61,119.0,26085.93,-20385.739999999998,RESTAURANT,38.65470588235294,21.36,MODERATE,0.0,N,N,N,N,MASTER_V1.5,2026-06-29,2026-06-29 19:54:02.726587
3613,Clayton Mclean,25,VA,2024-10-24,20,A,PREMIUM_WEALTH,1753.26,66.67,3,2.0,119182.62,0.0,0.0,152.0,21671.95,-14557.75,RESTAURANT,36.18223684210526,14.31,LOW,0.0,N,N,N,N,MASTER_V1.5,2026-06-29,2026-06-29 19:54:02.726587
3615,John Alvarez,35,KY,2025-06-27,12,A,PREMIUM_WEALTH,1014.34,100.0,3,3.0,78468.86,10000.0,10.08,99.0,37734.49,3748.6900000000023,RETAIL,38.38464646464646,14.78,LOW,0.0,N,N,N,N,MASTER_V1.5,2026-06-29,2026-06-29 19:54:02.726587
3620,Frank Rodgers,35,WI,2019-10-16,80,A,CREDIT_DEPENDENT,4382.95,50.0,2,1.0,57375.92,25000.0,37.36,60.0,21139.1,-18144.149999999998,GROCERY,38.33633333333333,2.27,LOW,0.0,N,N,N,N,MASTER_V1.5,2026-06-29,2026-06-29 19:54:02.726587
3626,Hailey Bass,29,NM,2017-12-07,102,A,GROWING_DIGITAL,2811.22,100.0,1,1.0,61353.17,0.0,0.0,26.0,1658.36,-677.93,UTILITIES,30.769999999999996,22.73,MODERATE,0.0,N,Y,N,N,MASTER_V1.5,2026-06-29,2026-06-29 19:54:02.726587
3639,Ralph Banks,28,WI,2019-11-05,79,A,PREMIUM_WEALTH,6844.72,66.67,3,2.0,104012.98,0.0,0.0,141.0,19563.84,6729.610000000001,RESTAURANT,41.13248226950354,28.0,MODERATE,0.0,N,N,N,N,MASTER_V1.5,2026-06-29,2026-06-29 19:54:02.726587
3657,Alexa Tate,49,CA,2015-10-10,128,A,VALUE_BASIC,3030.55,100.0,1,1.0,12971.01,25000.0,51.88,58.0,11703.66,12896.09,GAS_STATION,44.830000000000005,22.0,MODERATE,0.0,N,Y,N,N,MASTER_V1.5,2026-06-29,2026-06-29 19:54:02.726587
3663,Joseph Perez,69,CO,2013-09-19,153,A,ENGAGED_MAINSTREAM,17405.14,100.0,4,4.0,87195.66,10000.0,39.24,125.0,15556.480000000001,-1054.840000000002,HEALTHCARE,39.2016,8.0,LOW,0.0,N,N,N,N,MASTER_V1.5,2026-06-29,2026-06-29 19:54:02.726587
3665,Bobby Klein,32,PA,2017-02-02,112,A,PREMIUM_WEALTH,12785.64,100.0,4,4.0,90739.97,10000.0,79.67,176.0,24702.55,-1210.8400000000001,TRAVEL,35.79511363636364,25.36,MODERATE,0.0,N,N,N,N,MASTER_V1.5,2026-06-29,2026-06-29 19:54:02.726587
3681,Peter Gomez,65,FL,2026-02-22,4,A,ENGAGED_MAINSTREAM,467.78,75.0,4,3.0,119900.39,10000.0,56.91,171.0,29613.12,-1990.4399999999987,TRAVEL,46.19865497076023,10.36,LOW,0.0,N,N,N,N,MASTER_V1.5,2026-06-29,2026-06-29 19:54:02.726587
3682,Michelle Williams,35,OR,2022-10-17,44,A,GROWING_DIGITAL,1165.96,100.0,1,1.0,40118.73,0.0,0.0,42.0,2241.61,-449.1100000000001,GAS_STATION,42.85999999999999,19.09,LOW,0.0,N,Y,N,N,MASTER_V1.5,2026-06-29,2026-06-29 19:54:02.726587
3698,Jeremiah Khan,58,VA,2016-04-23,122,A,ENGAGED_MAINSTREAM,14407.2,75.0,4,3.0,134481.68,2000.0,94.69,156.0,37914.94,-15656.380000000005,RETAIL,33.331153846153846,6.93,LOW,0.0,N,N,N,N,MASTER_V1.5,2026-06-29,2026-06-29 19:54:02.726587
3737,Richard Harper,68,MH,2023-07-15,35,A,GROWING_DIGITAL,953.45,100.0,1,1.0,53991.82,0.0,0.0,25.0,2191.06,-1460.98,GAS_STATION,32.0,0.27,LOW,0.0,N,Y,N,N,MASTER_V1.5,2026-06-29,2026-06-29 19:54:02.726587
3739,Diane Greer,31,VA,2024-06-18,24,A,GROWING_DIGITAL,570.11,100.0,1,1.0,13384.15,0.0,0.0,59.0,4170.58,-2428.52,RETAIL,49.150000000000006,12.55,LOW,0.0,N,Y,N,N,MASTER_V1.5,2026-06-29,2026-06-29 19:54:02.726587
3742,Beth Walsh,75,WI,2023-03-07,39,A,ENGAGED_MAINSTREAM,3252.68,100.0,3,3.0,67525.36,10000.0,50.9,164.0,33417.46,-21594.82,RESTAURANT,38.411402439024386,2.09,LOW,0.0,N,N,N,N,MASTER_V1.5,2026-06-29,2026-06-29 19:54:02.726587
3754,Justin Smith,84,HI,2023-09-15,33,A,ENGAGED_MAINSTREAM,3973.36,100.0,4,4.0,169480.96,5000.0,73.17,152.0,30112.94,-6102.919999999998,TRAVEL,44.07921052631579,25.18,MODERATE,0.0,N,N,N,N,MASTER_V1.5,2026-06-29,2026-06-29 19:54:02.726587
3762,Matthew Bradshaw,31,RI,2016-03-03,123,A,GROWING_DIGITAL,6853.09,100.0,2,2.0,69094.72,0.0,0.0,89.0,6564.47,26074.79,UTILITIES,39.32651685393258,24.76,MODERATE,0.0,N,N,N,N,MASTER_V1.5,2026-06-29,2026-06-29 19:54:02.726587
3763,Kimberly Ross,77,AR,2024-01-27,29,A,VALUE_BASIC,661.63,100.0,1,1.0,9190.65,10000.0,91.91,33.0,1828.68,856.4300000000001,INSURANCE,27.27,21.73,MODERATE,0.0,N,Y,Y,N,MASTER_V1.5,2026-06-29,2026-06-29 19:54:02.726587
3765,Melissa Wall,67,OR,2024-11-25,19,A,GROWING_DIGITAL,1043.47,100.0,2,2.0,58916.02,0.0,0.0,105.0,18486.13,4020.0499999999993,RESTAURANT,37.144285714285715,15.91,LOW,0.0,N,N,N,N,MASTER_V1.5,2026-06-29,2026-06-29 19:54:02.726587
3782,Emily Baker,83,OR,2025-06-18,12,A,ENGAGED_MAINSTREAM,1057.4,100.0,3,3.0,126615.28,25000.0,68.99,179.0,10533.18,26238.9,RETAIL,43.01932960893854,10.73,LOW,0.0,N,N,N,N,MASTER_V1.5,2026-06-29,2026-06-29 19:54:02.726587
3783,Shawn Davis,20,KY,2014-06-14,144,A,PREMIUM_WEALTH,12242.95,66.67,3,2.0,83789.61,25000.0,81.23,166.0,25070.65,4409.679999999997,RESTAURANT,36.139457831325295,27.27,MODERATE,0.0,N,N,N,N,MASTER_V1.5,2026-06-29,2026-06-29 19:54:02.726587
3792,Beth Williams,36,PR,2014-01-03,149,A,PREMIUM_WEALTH,13134.18,66.67,3,2.0,127157.73,0.0,0.0,123.0,32713.73,-27924.6,RETAIL,34.95991869918699,15.82,LOW,0.0,N,N,N,N,MASTER_V1.5,2026-06-29,2026-06-29 19:54:02.726587
3805,Kristen Chapman,21,DC,2011-10-31,176,A,PREMIUM_WEALTH,20323.85,100.0,4,4.0,103532.89,25000.0,66.46,139.0,13578.05,7724.710000000003,UTILITIES,41.73028776978418,24.52,MODERATE,0.0,N,N,N,N,MASTER_V1.5,2026-06-29,2026-06-29 19:54:02.726587
3811,Victoria Shelton,63,WI,2013-11-12,151,A,GROWING_DIGITAL,4261.12,100.0,1,1.0,79836.35,0.0,0.0,57.0,10402.47,-7675.709999999999,GAS_STATION,38.59,2.91,LOW,0.0,N,Y,N,N,MASTER_V1.5,2026-06-29,2026-06-29 19:54:02.726587
3814,Sharon Jones,80,MA,2021-03-16,63,A,GROWING_DIGITAL,3354.9,100.0,2,2.0,42212.55,0.0,0.0,105.0,30561.07,-6494.889999999999,GROCERY,30.470380952380953,20.96,MODERATE,0.0,N,N,N,N,MASTER_V1.5,2026-06-29,2026-06-29 19:54:02.726587
3823,Deborah Campbell,51,HI,2020-11-18,67,A,GROWING_DIGITAL,1882.02,100.0,1,1.0,75807.62,0.0,0.0,14.0,936.87,-180.61,INSURANCE,42.86,14.09,LOW,0.0,N,Y,N,N,MASTER_V1.5,2026-06-29,2026-06-29 19:54:02.726587
3828,Kimberly Stuart,44,UT,2015-08-04,130,A,PREMIUM_WEALTH,14670.4,100.0,4,4.0,79612.09,10000.0,91.61,170.0,27229.489999999998,26490.090000000004,HEALTHCARE,34.70623529411765,29.65,MODERATE,0.0,N,N,N,N,MASTER_V1.5,2026-06-29,2026-06-29 19:54:02.726587
3836,Peter Luna,27,OH,2022-10-06,44,A,PREMIUM_WEALTH,3796.09,100.0,3,3.0,99042.49,25000.0,10.0,167.0,40819.630000000005,-25818.820000000003,GAS_STATION,38.92107784431138,27.36,MODERATE,0.0,N,N,N,N,MASTER_V1.5,2026-06-29,2026-06-29 19:54:02.726587
3843,Shelia Payne,29,WA,2014-10-21,140,A,CREDIT_DEPENDENT,2945.51,0.0,1,0.0,4517.65,5000.0,90.35,30.0,1135.92,6524.49,RESTAURANT,33.330000000000005,3.0,LOW,0.0,N,N,Y,Y,MASTER_V1.5,2026-06-29,2026-06-29 19:54:02.726587
3907,Ashley Mendez,73,ME,2020-02-04,76,A,ENGAGED_MAINSTREAM,6663.36,100.0,3,3.0,119385.47,2000.0,18.43,111.0,57988.91,-45757.36,RETAIL,44.142612612612616,13.27,LOW,0.0,N,N,N,N,MASTER_V1.5,2026-06-29,2026-06-29 19:54:02.726587
3908,Stephanie Oconnor,35,TX,2024-08-22,22,A,CREDIT_DEPENDENT,1878.46,0.0,3,0.0,87956.8,25000.0,16.88,112.0,17033.49,3012.109999999997,UTILITIES,34.824910714285714,8.36,LOW,0.0,N,N,N,N,MASTER_V1.5,2026-06-29,2026-06-29 19:54:02.726587
3929,Bruce Monroe,42,NE,2017-05-16,109,A,PREMIUM_WEALTH,9384.98,66.67,3,2.0,96770.49,10000.0,24.14,186.0,39320.06,-8266.29,TRAVEL,39.24860215053763,5.99,LOW,0.0,N,N,N,N,MASTER_V1.5,2026-06-29,2026-06-29 19:54:02.726587
3937,Jessica Lee,53,FM,2021-03-30,63,A,CREDIT_DEPENDENT,1769.42,0.0,1,0.0,75690.09,0.0,0.0,43.0,3151.94,-1945.68,RESTAURANT,32.56,4.86,LOW,0.0,N,N,N,Y,MASTER_V1.5,2026-06-29,2026-06-29 19:54:02.726587
3941,David Mcdaniel,75,UT,2014-08-01,142,A,CREDIT_DEPENDENT,8013.06,50.0,2,1.0,79697.99,0.0,0.0,125.0,17177.17,7176.100000000002,RETAIL,43.9996,0.73,LOW,0.0,N,N,N,N,MASTER_V1.5,2026-06-29,2026-06-29 19:54:02.726587
3959,Joshua Coleman,20,AS,2013-04-05,158,A,PREMIUM_WEALTH,13087.64,100.0,3,3.0,62593.6,2000.0,75.55,111.0,15181.000000000002,-10831.230000000001,RETAIL,30.62864864864865,1.0,LOW,0.0,N,N,N,N,MASTER_V1.5,2026-06-29,2026-06-29 19:54:02.726587
3974,John Mendoza,57,CA,2014-01-23,149,A,ENGAGED_MAINSTREAM,16575.0,100.0,4,4.0,67789.28,2000.0,11.56,160.0,32443.760000000002,6517.559999999998,UTILITIES,43.12537499999999,11.73,LOW,0.0,N,N,N,N,MASTER_V1.5,2026-06-29,2026-06-29 19:54:02.726587
3982,Steven Gonzalez,20,UT,2021-12-30,54,A,VALUE_BASIC,1157.61,100.0,1,1.0,5297.03,0.0,0.0,20.0,857.74,380.0,ENTERTAINMENT,40.0,15.0,LOW,0.0,N,Y,Y,N,MASTER_V1.5,2026-06-29,2026-06-29 19:54:02.726587
3991,Scott King,30,TX,2025-03-17,15,A,PREMIUM_WEALTH,1340.72,66.67,3,2.0,149869.61,0.0,0.0,144.0,27740.91,-3297.5499999999993,GROCERY,32.63861111111111,21.59,MODERATE,0.0,N,N,N,N,MASTER_V1.5,2026-06-29,2026-06-29 19:54:02.726587
3995,Mark Lawrence,56,CO,2016-02-15,124,A,ENGAGED_MAINSTREAM,9773.94,100.0,3,3.0,36666.09,5000.0,81.99,127.0,9994.34,20790.02,RESTAURANT,39.373700787401575,27.08,MODERATE,0.0,N,N,N,N,MASTER_V1.5,2026-06-29,2026-06-29 19:54:02.726587
4003,Sarah Foster,29,PR,2023-10-01,32,A,PREMIUM_WEALTH,3793.29,100.0,4,4.0,140651.98,10000.0,99.95,159.0,27429.32,-5275.739999999998,HEALTHCARE,36.48062893081761,9.64,LOW,0.0,N,N,N,N,MASTER_V1.5,2026-06-29,2026-06-29 19:54:02.726587
4007,Javier Mitchell,59,NY,2012-12-22,162,A,ENGAGED_MAINSTREAM,18946.85,100.0,4,4.0,120041.1,10000.0,18.61,155.0,29224.129999999997,-20931.629999999997,WIRE_TRANSFER_INTL,43.87129032258065,9.55,LOW,0.0,N,N,N,N,MASTER_V1.5,2026-06-29,2026-06-29 19:54:02.726587
4008,Joseph Hall,82,MS,2018-08-25,94,A,ENGAGED_MAINSTREAM,11032.04,100.0,4,4.0,125018.42,2000.0,60.46,163.0,39927.47,-33274.200000000004,TRAVEL,39.26588957055215,23.64,MODERATE,0.0,N,N,N,N,MASTER_V1.5,2026-06-29,2026-06-29 19:54:02.726587
4016,Courtney Davis,83,ME,2023-06-22,36,A,ENGAGED_MAINSTREAM,4249.06,100.0,4,4.0,133644.04,2000.0,29.56,142.0,31201.42,-1985.199999999997,RETAIL,49.29429577464789,8.09,LOW,0.0,N,N,N,N,MASTER_V1.5,2026-06-29,2026-06-29 19:54:02.726587
4032,Rebecca Hernandez,45,MN,2017-10-22,104,A,PREMIUM_WEALTH,12034.71,100.0,4,4.0,106067.82,10000.0,98.75,143.0,32086.09,-15304.18,GROCERY,36.36328671328672,4.27,LOW,0.0,N,N,N,N,MASTER_V1.5,2026-06-29,2026-06-29 19:54:02.726587
4033,Sherry Santiago,36,GU,2017-05-04,109,A,GROWING_DIGITAL,6021.78,100.0,2,2.0,62889.75,0.0,0.0,68.0,11226.54,-1535.8600000000006,TRAVEL,41.175,32.59,MODERATE,0.0,N,N,N,N,MASTER_V1.5,2026-06-29,2026-06-29 19:54:02.726587
4043,Anthony Chavez,67,CT,2020-08-13,70,A,GROWING_DIGITAL,1714.97,100.0,1,1.0,18030.8,0.0,0.0,69.0,4499.34,11939.259999999998,RESTAURANT,47.83,2.55,LOW,0.0,N,Y,N,N,MASTER_V1.5,2026-06-29,2026-06-29 19:54:02.726587
4057,Cody Cook,68,ME,2019-10-16,80,A,ENGAGED_MAINSTREAM,9334.89,100.0,4,4.0,116845.92,5000.0,86.74,152.0,38023.04,-14273.000000000004,TRAVEL,41.44822368421053,20.73,MODERATE,0.0,N,N,N,N,MASTER_V1.5,2026-06-29,2026-06-29 19:54:02.726587
4069,Amanda Ballard,48,NH,2020-09-08,69,A,GROWING_DIGITAL,1786.92,100.0,1,1.0,31538.58,0.0,0.0,58.0,16499.08,-15042.170000000002,RETAIL,39.66,19.3,LOW,0.0,N,Y,N,N,MASTER_V1.5,2026-06-29,2026-06-29 19:54:02.726587
4071,Patrick Edwards,55,KY,2025-05-15,13,A,GROWING_DIGITAL,702.26,100.0,2,2.0,49215.52,0.0,0.0,96.0,25469.5,-14387.29,HEALTHCARE,39.5796875,10.36,LOW,0.0,N,N,N,N,MASTER_V1.5,2026-06-29,2026-06-29 19:54:02.726587
4079,David Robertson,57,NV,2022-01-27,53,A,VALUE_BASIC,2442.76,100.0,2,2.0,10076.4,10000.0,60.69,110.0,28822.449999999997,-16394.909999999996,RETAIL,39.99945454545454,26.82,MODERATE,0.0,N,N,N,N,MASTER_V1.5,2026-06-29,2026-06-29 19:54:02.726587
4100,Paul Brown,49,FM,2019-03-16,87,A,PREMIUM_WEALTH,10366.78,75.0,4,3.0,149617.83,25000.0,43.04,176.0,40970.83,-11402.970000000001,TRAVEL,38.06761363636363,18.18,LOW,0.0,N,N,N,N,MASTER_V1.5,2026-06-29,2026-06-29 19:54:02.726587
4102,Jennifer Frey,50,IL,2017-05-26,109,A,GROWING_DIGITAL,2755.99,100.0,1,1.0,24679.3,0.0,0.0,63.0,4357.91,7557.43,TRAVEL,28.579999999999995,12.91,LOW,0.0,N,Y,N,N,MASTER_V1.5,2026-06-29,2026-06-29 19:54:02.726587
4103,Gerald Larson,76,UT,2024-07-15,23,A,ENGAGED_MAINSTREAM,1787.92,100.0,3,3.0,31721.75,5000.0,56.06,161.0,32388.08,2477.159999999996,UTILITIES,33.540186335403725,17.0,LOW,0.0,N,N,N,N,MASTER_V1.5,2026-06-29,2026-06-29 19:54:02.726587
4105,Virginia Ortiz,31,DE,2018-02-22,100,A,CREDIT_DEPENDENT,5198.23,50.0,2,1.0,32743.33,15000.0,72.19,137.0,42194.19,-35581.990000000005,TRAVEL,45.98401459854015,10.78,LOW,0.0,N,N,N,N,MASTER_V1.5,2026-06-29,2026-06-29 19:54:02.726587
4113,Karen Dodson,26,NH,2016-11-21,115,A,PREMIUM_WEALTH,9909.18,100.0,3,3.0,97626.35,0.0,0.0,94.0,27461.48,-16096.92,INSURANCE,35.102553191489356,20.55,MODERATE,0.0,N,N,N,N,MASTER_V1.5,2026-06-29,2026-06-29 19:54:02.726587
4134,Cameron Morrison,49,WA,2016-11-19,115,A,CREDIT_DEPENDENT,6335.25,50.0,2,1.0,60950.89,0.0,0.0,61.0,20890.4,-7978.230000000001,GAS_STATION,49.18147540983607,20.09,MODERATE,0.0,N,N,N,N,MASTER_V1.5,2026-06-29,2026-06-29 19:54:02.726587
4137,Dylan Bryant,69,AS,2020-05-18,73,A,ENGAGED_MAINSTREAM,3779.93,100.0,2,2.0,31444.39,25000.0,58.18,53.0,3772.5,19442.16,RETAIL,41.51018867924529,20.29,MODERATE,0.0,N,N,N,N,MASTER_V1.5,2026-06-29,2026-06-29 19:54:02.726587
4139,Ronald Willis,31,MD,2019-12-18,78,A,PREMIUM_WEALTH,9263.74,100.0,4,4.0,143859.59,15000.0,52.33,162.0,35680.89,-21081.12,RETAIL,39.5054938271605,5.55,LOW,0.0,N,N,N,N,MASTER_V1.5,2026-06-29,2026-06-29 19:54:02.726587
4146,Francisco Young,42,KS,2020-04-29,74,A,PREMIUM_WEALTH,4003.71,100.0,2,2.0,50053.29,15000.0,85.25,116.0,7214.67,17987.72,GROCERY,31.036982758620685,26.0,MODERATE,0.0,N,N,N,N,MASTER_V1.5,2026-06-29,2026-06-29 19:54:02.726587
4157,Joe Tran,66,PR,2025-03-05,15,A,GROWING_DIGITAL,848.07,100.0,2,2.0,81436.78,0.0,0.0,79.0,10567.34,3771.1399999999994,TRAVEL,36.71417721518987,20.45,MODERATE,0.0,N,N,N,N,MASTER_V1.5,2026-06-29,2026-06-29 19:54:02.726587
4162,James Mejia,32,OR,2012-01-05,173,A,GROWING_DIGITAL,9327.65,100.0,2,2.0,48214.29,0.0,0.0,82.0,14348.220000000001,-11376.410000000002,RESTAURANT,36.58780487804878,3.27,LOW,0.0,N,N,N,N,MASTER_V1.5,2026-06-29,2026-06-29 19:54:02.726587
4182,Barbara Guerra,28,TN,2020-11-26,67,A,GROWING_DIGITAL,1783.73,100.0,1,1.0,42156.86,0.0,0.0,39.0,22086.95,-20912.91,HEALTHCARE,43.59,10.73,LOW,0.0,N,Y,N,N,MASTER_V1.5,2026-06-29,2026-06-29 19:54:02.726587
4183,Tiffany Tran,72,MP,2011-09-17,177,A,ENGAGED_MAINSTREAM,19571.71,75.0,4,3.0,63415.49,2000.0,3.56,160.0,43637.16,-25029.890000000003,TRAVEL,33.122125000000004,35.32,MODERATE,0.0,N,N,N,N,MASTER_V1.5,2026-06-29,2026-06-29 19:54:02.726587
4184,Phyllis Richardson,85,IN,2025-07-26,11,A,ENGAGED_MAINSTREAM,1283.7,100.0,4,4.0,117011.9,5000.0,85.11,192.0,28827.489999999998,-4366.009999999995,UTILITIES,39.061979166666674,18.05,LOW,0.0,N,N,N,N,MASTER_V1.5,2026-06-29,2026-06-29 19:54:02.726587
4186,Steven Bryant,64,NV,2025-10-09,8,A,ENGAGED_MAINSTREAM,689.95,100.0,3,3.0,98626.95,0.0,0.0,152.0,10485.38,6717.9299999999985,GAS_STATION,42.108092105263154,18.3,LOW,0.0,N,N,N,N,MASTER_V1.5,2026-06-29,2026-06-29 19:54:02.726587
4199,Stephen Lewis,58,PW,2025-09-03,9,A,CREDIT_DEPENDENT,232.64,0.0,1,0.0,30936.93,0.0,0.0,64.0,3875.0,347.9399999999996,RESTAURANT,42.19,7.0,LOW,0.0,N,N,N,N,MASTER_V1.5,2026-06-29,2026-06-29 19:54:02.726587
4206,Brian Bell,60,WI,2018-09-03,93,A,ENGAGED_MAINSTREAM,10834.18,75.0,4,3.0,114651.64,2000.0,90.65,186.0,46374.69,-27926.440000000002,TRAVEL,37.097741935483874,39.45,MODERATE,0.0,N,N,N,N,MASTER_V1.5,2026-06-29,2026-06-29 19:54:02.726587
4208,Cheryl Anthony,47,NY,2026-01-12,5,A,PREMIUM_WEALTH,576.99,100.0,4,4.0,102731.4,10000.0,73.26,175.0,23630.83,-14490.230000000001,TRAVEL,41.14405714285714,35.91,MODERATE,0.0,N,N,N,N,MASTER_V1.5,2026-06-29,2026-06-29 19:54:02.726587
4218,Jonathan Frye,57,DC,2013-06-14,156,A,GROWING_DIGITAL,4321.43,100.0,1,1.0,64899.62,0.0,0.0,19.0,1141.34,-209.28999999999996,INSURANCE,31.58,18.91,LOW,0.0,N,Y,N,N,MASTER_V1.5,2026-06-29,2026-06-29 19:54:02.726587
4220,Donald Wells,32,SC,2019-03-03,87,A,PREMIUM_WEALTH,7732.3,100.0,3,3.0,140122.49,0.0,0.0,102.0,37754.6,-34922.34,UTILITIES,33.33333333333333,24.56,MODERATE,0.0,N,N,N,N,MASTER_V1.5,2026-06-29,2026-06-29 19:54:02.726587
4222,Jonathan Williams,36,NY,2012-07-18,167,A,PREMIUM_WEALTH,19880.07,100.0,4,4.0,147891.47,25000.0,60.93,152.0,34341.25,-11032.98,RESTAURANT,40.79078947368422,21.73,MODERATE,0.0,N,N,N,N,MASTER_V1.5,2026-06-29,2026-06-29 19:54:02.726587
4249,Natalie Levy,37,KS,2014-03-22,147,A,GROWING_DIGITAL,3828.71,100.0,1,1.0,33464.74,0.0,0.0,50.0,39779.88,-38205.54,RESTAURANT,46.0,11.91,LOW,0.0,N,Y,N,N,MASTER_V1.5,2026-06-29,2026-06-29 19:54:02.726587
4256,Tara Mejia,21,WV,2020-10-08,68,A,VALUE_BASIC,1571.38,100.0,1,1.0,10336.48,0.0,0.0,39.0,2556.91,-1602.86,GROCERY,33.33,9.18,LOW,0.0,N,Y,N,N,MASTER_V1.5,2026-06-29,2026-06-29 19:54:02.726587
4265,Raymond Patterson,46,KY,2021-02-05,64,A,GROWING_DIGITAL,1730.49,100.0,1,1.0,49789.72,0.0,0.0,26.0,890.27,1139.9,INSURANCE,50.0,32.91,MODERATE,0.0,N,Y,N,N,MASTER_V1.5,2026-06-29,2026-06-29 19:54:02.726587
4273,Charles Lewis,43,VT,2023-11-07,31,A,PREMIUM_WEALTH,3494.2,100.0,4,4.0,78559.57,2000.0,54.96,193.0,64489.58,-30201.680000000008,TRAVEL,41.45113989637306,10.0,LOW,0.0,N,N,N,N,MASTER_V1.5,2026-06-29,2026-06-29 19:54:02.726587
4289,Abigail Jones,76,OR,2017-01-04,113,A,ENGAGED_MAINSTREAM,13237.25,100.0,4,4.0,122317.78,2000.0,41.9,182.0,22835.88,16851.44,RESTAURANT,37.91483516483517,18.55,LOW,0.0,N,N,N,N,MASTER_V1.5,2026-06-29,2026-06-29 19:54:02.726587
4292,Andrea White,74,ME,2022-02-19,52,A,GROWING_DIGITAL,1371.04,100.0,1,1.0,38042.74,0.0,0.0,70.0,4901.2,4117.580000000001,GAS_STATION,41.42999999999999,16.64,LOW,0.0,N,Y,N,N,MASTER_V1.5,2026-06-29,2026-06-29 19:54:02.726587
4293,Corey Pope,56,WA,2025-10-10,8,A,GROWING_DIGITAL,678.18,100.0,3,3.0,81070.02,0.0,0.0,119.0,25557.39,7974.309999999998,GROCERY,35.294537815126056,6.73,LOW,0.0,N,N,N,N,MASTER_V1.5,2026-06-29,2026-06-29 19:54:02.726587
4298,Lawrence Brady,80,AL,2020-04-08,74,A,ENGAGED_MAINSTREAM,6116.79,100.0,3,3.0,61159.28,25000.0,85.89,116.0,17166.050000000003,-7164.830000000002,TRAVEL,37.92896551724137,23.03,MODERATE,0.0,N,N,N,N,MASTER_V1.5,2026-06-29,2026-06-29 19:54:02.726587
4313,Jared Williams,84,CO,2012-01-11,173,A,VALUE_BASIC,3920.77,100.0,1,1.0,8650.44,15000.0,57.67,74.0,14185.0,-8999.08,RESTAURANT,41.89,1.91,LOW,0.0,N,Y,Y,N,MASTER_V1.5,2026-06-29,2026-06-29 19:54:02.726587
4333,Justin Hines,61,NE,2016-01-06,125,A,ENGAGED_MAINSTREAM,10840.96,66.67,3,2.0,105207.5,10000.0,89.7,105.0,16247.78,-2594.970000000001,UTILITIES,31.428571428571427,3.08,LOW,0.0,N,N,N,N,MASTER_V1.5,2026-06-29,2026-06-29 19:54:02.726587
4350,John Miller,30,OK,2023-07-23,35,A,PREMIUM_WEALTH,4090.83,75.0,4,3.0,119144.23,2000.0,62.6,227.0,29250.41,-11128.260000000002,TRAVEL,42.73092511013215,16.36,LOW,0.0,N,N,N,N,MASTER_V1.5,2026-06-29,2026-06-29 19:54:02.726587
4361,Sharon Stark,47,AL,2025-04-17,14,A,PREMIUM_WEALTH,1634.36,75.0,4,3.0,117474.44,10000.0,61.5,133.0,20907.409999999996,-14147.499999999996,HEALTHCARE,39.847669172932335,26.87,MODERATE,0.0,N,N,N,N,MASTER_V1.5,2026-06-29,2026-06-29 19:54:02.726587
4365,Tina Taylor,69,CA,2018-04-02,98,A,CREDIT_DEPENDENT,5166.28,50.0,2,1.0,37927.33,0.0,0.0,77.0,12668.880000000001,-9982.470000000001,RESTAURANT,31.168181818181818,2.18,LOW,0.0,N,N,N,N,MASTER_V1.5,2026-06-29,2026-06-29 19:54:02.726587
4367,Justin Cuevas,59,AR,2025-05-30,13,A,GROWING_DIGITAL,328.76,100.0,1,1.0,24725.58,0.0,0.0,72.0,9930.43,4126.58,INSURANCE,41.66,6.91,LOW,0.0,N,Y,N,N,MASTER_V1.5,2026-06-29,2026-06-29 19:54:02.726587
4370,Jennifer Brown,64,ME,2016-02-06,124,A,ENGAGED_MAINSTREAM,13585.82,100.0,4,4.0,57314.37,25000.0,45.56,186.0,15510.55,-3360.9300000000003,TRAVEL,36.02247311827957,4.82,LOW,0.0,N,N,N,N,MASTER_V1.5,2026-06-29,2026-06-29 19:54:02.726587
4374,David Richardson,23,MS,2013-08-11,154,A,PREMIUM_WEALTH,15541.54,100.0,4,4.0,24146.87,10000.0,87.88,191.0,30913.45,-21385.18,UTILITIES,40.31523560209424,22.64,MODERATE,0.0,N,N,N,N,MASTER_V1.5,2026-06-29,2026-06-29 19:54:02.726587
4377,Rebecca Salinas,25,AK,2017-12-13,102,A,PREMIUM_WEALTH,11972.7,75.0,4,3.0,125234.21,10000.0,43.36,178.0,41604.51,-25793.04,TRAVEL,30.339887640449444,30.91,MODERATE,0.0,N,N,N,N,MASTER_V1.5,2026-06-29,2026-06-29 19:54:02.726587
4383,Taylor Rodriguez,63,OH,2014-04-20,146,A,ENGAGED_MAINSTREAM,8054.52,100.0,2,2.0,61919.64,15000.0,56.02,102.0,20306.28,34184.73,GROCERY,42.15254901960784,10.27,LOW,0.0,N,N,N,N,MASTER_V1.5,2026-06-29,2026-06-29 19:54:02.726587
4389,Sierra Wilson,64,ND,2021-05-17,61,A,ENGAGED_MAINSTREAM,6716.67,100.0,4,4.0,60532.77,2000.0,94.82,183.0,23868.33,23993.54,RESTAURANT,37.70431693989072,6.55,LOW,0.0,N,N,N,N,MASTER_V1.5,2026-06-29,2026-06-29 19:54:02.726587
4412,David Clark,63,VA,2022-09-26,45,A,GROWING_DIGITAL,1202.16,100.0,1,1.0,43734.22,0.0,0.0,21.0,776.52,16773.739999999998,TRAVEL,23.810000000000002,11.18,LOW,0.0,N,Y,N,N,MASTER_V1.5,2026-06-29,2026-06-29 19:54:02.726587
4447,Christopher Carrillo,64,MS,2013-03-18,159,A,CREDIT_DEPENDENT,8642.03,50.0,2,1.0,52600.16,25000.0,11.4,58.0,2590.12,10564.060000000001,TRAVEL,37.92913793103448,6.73,LOW,0.0,N,N,N,N,MASTER_V1.5,2026-06-29,2026-06-29 19:54:02.726587
4462,Jamie Neal,38,NM,2014-10-24,140,A,CREDIT_DEPENDENT,15116.7,50.0,4,2.0,48905.5,5000.0,14.61,177.0,39176.85,-3737.6699999999983,GROCERY,42.372259887005654,18.55,LOW,0.0,N,N,N,N,MASTER_V1.5,2026-06-29,2026-06-29 19:54:02.726587
4488,Michelle Rice,54,MP,2024-04-18,26,A,ENGAGED_MAINSTREAM,2249.47,100.0,3,3.0,102309.93,25000.0,63.97,129.0,14478.59,15151.36,UTILITIES,39.53612403100775,10.83,LOW,0.0,N,N,N,N,MASTER_V1.5,2026-06-29,2026-06-29 19:54:02.726587
4491,Chelsea Blackburn,31,UT,2025-04-03,14,A,PREMIUM_WEALTH,797.3,100.0,2,2.0,88435.23,25000.0,55.85,51.0,3122.6400000000003,5109.7699999999995,RETAIL,47.059999999999995,21.18,MODERATE,0.0,N,N,N,N,MASTER_V1.5,2026-06-29,2026-06-29 19:54:02.726587
4493,Christopher Walker,63,NE,2017-04-11,110,A,GROWING_DIGITAL,6495.87,100.0,2,2.0,134681.14,0.0,0.0,37.0,8434.25,-6696.83,RETAIL,45.94567567567568,16.09,LOW,0.0,N,N,N,N,MASTER_V1.5,2026-06-29,2026-06-29 19:54:02.726587
4506,Stacey Martin,32,CA,2023-12-11,30,A,GROWING_DIGITAL,2399.92,100.0,3,3.0,42885.93,0.0,0.0,106.0,46038.03,-22707.309999999998,RETAIL,33.96292452830189,10.74,LOW,0.0,N,N,N,N,MASTER_V1.5,2026-06-29,2026-06-29 19:54:02.726587
4512,Jon Mcdonald,70,WI,2014-10-06,140,A,VALUE_BASIC,1573.41,100.0,1,1.0,89.61,2000.0,4.48,68.0,13273.81,-833.8799999999992,TRAVEL,44.120000000000005,19.45,LOW,0.0,N,Y,N,N,MASTER_V1.5,2026-06-29,2026-06-29 19:54:02.726587
4527,Daniel Buchanan,63,SD,2015-05-18,133,A,CREDIT_DEPENDENT,7202.68,50.0,2,1.0,50569.33,15000.0,22.72,66.0,21636.48,2260.1399999999994,HEALTHCARE,39.39242424242425,0.0,LOW,0.0,N,N,N,N,MASTER_V1.5,2026-06-29,2026-06-29 19:54:02.726587
4541,Michael Matthews,23,GA,2020-05-31,73,A,PREMIUM_WEALTH,8345.15,100.0,4,4.0,92199.14,15000.0,27.18,213.0,55644.65,-25280.300000000003,RETAIL,38.499154929577465,12.11,LOW,0.0,N,N,N,N,MASTER_V1.5,2026-06-29,2026-06-29 19:54:02.726587
4544,Sierra Goodman,73,MP,2024-12-30,18,A,GROWING_DIGITAL,998.41,100.0,2,2.0,65736.7,0.0,0.0,105.0,15624.66,-3499.7700000000004,GROCERY,41.90314285714285,1.09,LOW,0.0,N,N,N,N,MASTER_V1.5,2026-06-29,2026-06-29 19:54:02.726587
4545,Hunter Smith,68,PA,2019-10-23,80,A,ENGAGED_MAINSTREAM,9146.95,100.0,4,4.0,92381.43,25000.0,85.03,199.0,55104.2,-25783.389999999996,TRAVEL,39.69688442211055,8.02,LOW,0.0,N,N,N,N,MASTER_V1.5,2026-06-29,2026-06-29 19:54:02.726587
4552,Andrew Martin,63,DC,2015-07-14,131,A,ENGAGED_MAINSTREAM,11763.59,66.67,3,2.0,158437.83,0.0,0.0,190.0,54470.7,-45331.22,GAS_STATION,36.83726315789474,2.68,LOW,0.0,N,N,N,N,MASTER_V1.5,2026-06-29,2026-06-29 19:54:02.726587
4576,Mark Hawkins,34,IN,2013-02-15,160,A,VALUE_BASIC,3342.24,100.0,1,1.0,4253.96,5000.0,85.08,40.0,1636.8,1260.0000000000002,RESTAURANT,37.5,13.64,LOW,0.0,N,Y,Y,N,MASTER_V1.5,2026-06-29,2026-06-29 19:54:02.726587
4577,Kevin Anderson,81,WI,2016-02-08,124,A,GROWING_DIGITAL,3058.98,100.0,1,1.0,19296.21,0.0,0.0,26.0,1839.05,-1321.04,GROCERY,19.230000000000004,17.91,LOW,0.0,N,Y,N,N,MASTER_V1.5,2026-06-29,2026-06-29 19:54:02.726587
4582,David Graham,35,AR,2023-01-20,41,A,GROWING_DIGITAL,1059.24,100.0,1,1.0,30761.53,0.0,0.0,61.0,20988.35,-11266.499999999998,GROCERY,36.06000000000001,13.27,LOW,0.0,N,Y,N,N,MASTER_V1.5,2026-06-29,2026-06-29 19:54:02.726587
4588,Christopher Huffman,27,KY,2024-05-28,25,A,PREMIUM_WEALTH,2045.89,66.67,3,2.0,54798.73,2000.0,21.73,133.0,8816.94,9234.819999999998,RETAIL,36.08992481203008,7.18,LOW,0.0,N,N,N,N,MASTER_V1.5,2026-06-29,2026-06-29 19:54:02.726587
4597,Savannah Tran,69,IL,2022-01-29,53,A,VALUE_BASIC,2261.84,100.0,2,2.0,5091.05,5000.0,70.55,77.0,1944.46,25064.75,GROCERY,36.3603896103896,22.73,MODERATE,0.0,N,N,Y,N,MASTER_V1.5,2026-06-29,2026-06-29 19:54:02.726587
4598,Lisa Jackson,74,LA,2017-09-22,105,A,ENGAGED_MAINSTREAM,8879.22,100.0,3,3.0,78842.09,5000.0,5.14,189.0,24082.28,23881.260000000002,RESTAURANT,34.392698412698415,12.09,LOW,0.0,N,N,N,N,MASTER_V1.5,2026-06-29,2026-06-29 19:54:02.726587
4610,Michael Lopez,51,GA,2025-12-21,6,A,GROWING_DIGITAL,165.09,100.0,1,1.0,60231.11,0.0,0.0,70.0,4085.5,-1125.8400000000001,GROCERY,40.0,13.64,LOW,0.0,N,Y,N,N,MASTER_V1.5,2026-06-29,2026-06-29 19:54:02.726587
4617,Robert Murray,54,IA,2018-02-14,100,A,GROWING_DIGITAL,5862.79,100.0,2,2.0,123695.0,0.0,0.0,54.0,19847.67,-10943.119999999999,INSURANCE,46.291481481481476,13.64,LOW,0.0,N,N,N,N,MASTER_V1.5,2026-06-29,2026-06-29 19:54:02.726587
4652,Katrina Lee,65,NC,2019-10-25,80,A,GROWING_DIGITAL,4171.37,100.0,2,2.0,33806.82,0.0,0.0,123.0,24277.36,17443.449999999997,RETAIL,34.14569105691057,14.27,LOW,0.0,N,N,N,N,MASTER_V1.5,2026-06-29,2026-06-29 19:54:02.726587
4653,Megan Mooney,56,GU,2019-07-26,83,A,CREDIT_DEPENDENT,4709.86,0.0,2,0.0,84886.05,25000.0,70.18,69.0,6451.75,-4489.46,RESTAURANT,49.28115942028986,3.55,LOW,0.0,N,N,N,Y,MASTER_V1.5,2026-06-29,2026-06-29 19:54:02.726587
4656,Austin Rodriguez,57,PR,2021-01-29,65,A,GROWING_DIGITAL,1787.58,100.0,1,1.0,59903.21,0.0,0.0,20.0,1297.33,-734.52,TRAVEL,20.0,30.45,MODERATE,0.0,N,Y,N,N,MASTER_V1.5,2026-06-29,2026-06-29 19:54:02.726587
4702,Pamela Soto,46,CA,2020-01-29,77,A,GROWING_DIGITAL,4511.32,100.0,2,2.0,122727.47,0.0,0.0,127.0,40211.7,-13476.869999999999,HEALTHCARE,44.880629921259846,13.55,LOW,0.0,N,N,N,N,MASTER_V1.5,2026-06-29,2026-06-29 19:54:02.726587
4704,Hannah Rodriguez,46,CA,2023-04-13,38,A,PREMIUM_WEALTH,3169.82,66.67,3,2.0,67654.15,25000.0,16.24,134.0,8586.42,8978.13,TRAVEL,37.31268656716418,6.82,LOW,0.0,N,N,N,N,MASTER_V1.5,2026-06-29,2026-06-29 19:54:02.726587
4717,Rebecca Hayes,49,AS,2021-01-10,65,A,CREDIT_DEPENDENT,3604.23,50.0,2,1.0,65508.43,25000.0,37.37,128.0,14956.51,40288.74999999999,RETAIL,37.496875,23.69,MODERATE,0.0,N,N,N,N,MASTER_V1.5,2026-06-29,2026-06-29 19:54:02.726587
4731,Karen Webster,64,CA,2019-01-07,89,A,GROWING_DIGITAL,5094.23,100.0,2,2.0,93687.22,0.0,0.0,67.0,15887.4,-12084.89,HEALTHCARE,44.776119402985074,16.55,LOW,0.0,N,N,N,N,MASTER_V1.5,2026-06-29,2026-06-29 19:54:02.726587
4741,Tyler Gray,38,VT,2023-03-26,39,A,VALUE_BASIC,874.88,100.0,1,1.0,7888.14,0.0,0.0,49.0,2311.46,1040.23,HEALTHCARE,40.82,14.64,LOW,0.0,N,Y,Y,N,MASTER_V1.5,2026-06-29,2026-06-29 19:54:02.726587
4742,Christian Vaughn,58,NJ,2025-02-20,16,A,ENGAGED_MAINSTREAM,1365.2,100.0,3,3.0,87264.73,2000.0,16.55,113.0,12732.41,3153.08,UTILITIES,44.25017699115044,8.18,LOW,0.0,N,N,N,N,MASTER_V1.5,2026-06-29,2026-06-29 19:54:02.726587
4751,Stephen Wyatt,69,NV,2018-09-29,93,A,ENGAGED_MAINSTREAM,10812.43,100.0,4,4.0,112001.63,25000.0,6.55,186.0,62773.25,-46306.649999999994,RETAIL,38.70413978494624,24.36,MODERATE,0.0,N,N,N,N,MASTER_V1.5,2026-06-29,2026-06-29 19:54:02.726587
4754,Casey Bush,60,UT,2015-04-17,134,A,GROWING_DIGITAL,7506.41,100.0,2,2.0,73393.91,0.0,0.0,93.0,21204.31,867.2799999999988,TRAVEL,36.562258064516136,24.6,MODERATE,0.0,N,N,N,N,MASTER_V1.5,2026-06-29,2026-06-29 19:54:02.726587
4763,Sara Johnston,45,UT,2023-05-04,37,A,PREMIUM_WEALTH,4184.0,75.0,4,3.0,81479.83,25000.0,16.02,183.0,30409.43,4535.3499999999985,TRAVEL,38.79551912568306,7.36,LOW,0.0,N,N,N,N,MASTER_V1.5,2026-06-29,2026-06-29 19:54:02.726587
4765,Michelle Sims,34,SD,2025-03-06,15,A,GROWING_DIGITAL,846.47,100.0,2,2.0,79724.4,0.0,0.0,62.0,4084.58,9419.34,GROCERY,45.16,14.0,LOW,0.0,N,N,N,N,MASTER_V1.5,2026-06-29,2026-06-29 19:54:02.726587
4768,Susan Rodriguez,67,FL,2016-04-06,122,A,GROWING_DIGITAL,3231.22,100.0,1,1.0,39901.45,0.0,0.0,18.0,1075.93,18463.92,INSURANCE,50.0,13.82,LOW,0.0,N,Y,N,N,MASTER_V1.5,2026-06-29,2026-06-29 19:54:02.726587
4775,Trevor Kelley,50,AZ,2012-06-17,168,A,GROWING_DIGITAL,14337.0,66.67,3,2.0,87427.97,0.0,0.0,133.0,31471.35,-16915.929999999997,RESTAURANT,39.09285714285714,0.1,LOW,0.0,N,N,N,N,MASTER_V1.5,2026-06-29,2026-06-29 19:54:02.726587
4780,Tara Lopez,30,DC,2024-07-08,23,A,PREMIUM_WEALTH,2656.27,75.0,4,3.0,103673.67,2000.0,69.18,208.0,24442.690000000002,28459.14,TRAVEL,31.2475,24.91,MODERATE,0.0,N,N,N,N,MASTER_V1.5,2026-06-29,2026-06-29 19:54:02.726587
4781,Joseph Jackson,76,KS,2013-06-24,156,A,GROWING_DIGITAL,3794.58,100.0,1,1.0,16809.39,0.0,0.0,22.0,1682.71,-522.97,GROCERY,36.370000000000005,15.58,LOW,0.0,N,Y,N,N,MASTER_V1.5,2026-06-29,2026-06-29 19:54:02.726587
4785,Hannah Norris,81,VA,2012-05-02,169,A,GROWING_DIGITAL,9853.6,100.0,2,2.0,115967.06,0.0,0.0,125.0,27519.65,-13055.03,TRAVEL,29.603039999999996,25.01,MODERATE,0.0,N,N,N,N,MASTER_V1.5,2026-06-29,2026-06-29 19:54:02.726587
4790,Jill Wells,54,SC,2020-04-02,74,A,ENGAGED_MAINSTREAM,6589.43,100.0,3,3.0,143321.65,25000.0,18.82,115.0,28146.28,-5948.869999999999,RESTAURANT,39.13260869565217,30.27,MODERATE,0.0,N,N,N,N,MASTER_V1.5,2026-06-29,2026-06-29 19:54:02.726587
4797,Reginald Benson,53,NH,2013-09-19,153,A,GROWING_DIGITAL,7776.86,100.0,2,2.0,25999.34,0.0,0.0,81.0,5067.6900000000005,-1263.1300000000006,UTILITIES,38.266666666666666,4.64,LOW,0.0,N,N,N,N,MASTER_V1.5,2026-06-29,2026-06-29 19:54:02.726587
4832,Meghan Anderson,83,TN,2015-11-03,127,A,GROWING_DIGITAL,3044.0,100.0,1,1.0,14579.72,0.0,0.0,18.0,1299.07,-373.19999999999993,GAS_STATION,27.779999999999998,11.36,LOW,0.0,N,Y,N,N,MASTER_V1.5,2026-06-29,2026-06-29 19:54:02.726587
4849,Judy Perkins,52,KY,2025-06-03,12,A,VALUE_BASIC,282.61,100.0,1,1.0,12337.05,15000.0,82.25,22.0,495.96,1284.8799999999999,RETAIL,45.45,8.18,LOW,0.0,N,Y,N,N,MASTER_V1.5,2026-06-29,2026-06-29 19:54:02.726587
4861,Mario Allen,84,TN,2016-11-27,115,A,GROWING_DIGITAL,2847.71,100.0,1,1.0,20032.03,0.0,0.0,23.0,932.4,852.58,UTILITIES,34.78,5.0,LOW,0.0,N,Y,N,N,MASTER_V1.5,2026-06-29,2026-06-29 19:54:02.726587
4866,Amber Davis,31,IN,2022-01-10,53,A,PREMIUM_WEALTH,6164.14,100.0,4,4.0,112470.97,2000.0,44.88,188.0,28866.870000000003,-1947.4600000000028,TRAVEL,38.3004255319149,17.36,LOW,0.0,N,N,N,N,MASTER_V1.5,2026-06-29,2026-06-29 19:54:02.726587
4874,Andrea Rivera,33,KS,2025-09-01,9,A,PREMIUM_WEALTH,501.05,100.0,2,2.0,68493.42,10000.0,78.36,92.0,19118.199999999997,3284.170000000002,GROCERY,38.04532608695652,6.82,LOW,0.0,N,N,N,N,MASTER_V1.5,2026-06-29,2026-06-29 19:54:02.726587
4876,Michael Smith,32,TX,2026-01-11,5,A,PREMIUM_WEALTH,442.78,100.0,3,3.0,134244.45,2000.0,43.89,114.0,30129.999999999996,-25179.019999999997,RESTAURANT,40.35175438596491,17.29,LOW,0.0,N,N,N,N,MASTER_V1.5,2026-06-29,2026-06-29 19:54:02.726587
4878,Brian Simmons,54,HI,2014-01-26,149,A,GROWING_DIGITAL,4069.47,100.0,1,1.0,55534.09,0.0,0.0,38.0,29280.58,-28232.29,RETAIL,42.11,13.82,LOW,0.0,N,Y,N,N,MASTER_V1.5,2026-06-29,2026-06-29 19:54:02.726587
4891,Jimmy Grant,52,MD,2013-09-17,153,A,PREMIUM_WEALTH,13553.15,100.0,3,3.0,134729.09,2000.0,92.93,74.0,21071.93,-18896.45,RETAIL,44.59364864864865,24.39,MODERATE,0.0,N,N,N,N,MASTER_V1.5,2026-06-29,2026-06-29 19:54:02.726587
4898,Melissa Ramos,55,SD,2026-05-17,1,A,ENGAGED_MAINSTREAM,86.87,100.0,3,3.0,107263.63,10000.0,97.53,134.0,26644.640000000003,4624.569999999996,RESTAURANT,38.0629104477612,7.82,LOW,0.0,N,N,N,N,MASTER_V1.5,2026-06-29,2026-06-29 19:54:02.726587
4901,Theresa Rodriguez,61,MS,2012-01-13,173,A,GROWING_DIGITAL,14864.56,100.0,3,3.0,94495.73,5000.0,5.15,190.0,38159.32,4807.5,UTILITIES,34.735157894736844,31.45,MODERATE,0.0,N,N,N,N,MASTER_V1.5,2026-06-29,2026-06-29 19:54:02.726587
4902,Timothy Turner,51,ME,2018-12-16,90,A,PREMIUM_WEALTH,4849.98,100.0,2,2.0,47940.81,25000.0,62.49,97.0,32074.850000000002,-22453.510000000002,WIRE_TRANSFER_INTL,38.144329896907216,12.82,LOW,0.0,N,N,N,N,MASTER_V1.5,2026-06-29,2026-06-29 19:54:02.726587
4909,Craig Page,30,SD,2022-12-04,42,A,GROWING_DIGITAL,2107.58,100.0,2,2.0,22835.75,5000.0,12.1,50.0,14442.47,-11157.279999999999,UTILITIES,47.998400000000004,9.64,LOW,0.0,N,N,N,N,MASTER_V1.5,2026-06-29,2026-06-29 19:54:02.726587
4925,Thomas Wilson,71,ID,2025-03-14,15,A,ENGAGED_MAINSTREAM,1142.79,100.0,3,3.0,25800.54,2000.0,44.18,140.0,11369.97,14547.479999999998,UTILITIES,38.575714285714284,10.55,LOW,0.0,N,N,N,N,MASTER_V1.5,2026-06-29,2026-06-29 19:54:02.726587
4940,John Henry,46,AS,2026-03-24,3,A,PREMIUM_WEALTH,305.45,100.0,4,4.0,26415.88,5000.0,45.2,215.0,47389.31,-29861.62,RETAIL,37.67641860465116,20.41,MODERATE,0.0,N,N,N,N,MASTER_V1.5,2026-06-29,2026-06-29 19:54:02.726587
4951,John Atkinson,56,LA,2021-10-14,56,A,ENGAGED_MAINSTREAM,4465.6,100.0,3,3.0,41456.12,15000.0,25.09,105.0,36039.12,-16911.290000000005,RESTAURANT,34.28704761904762,35.27,MODERATE,0.0,N,N,N,N,MASTER_V1.5,2026-06-29,2026-06-29 19:54:02.726587
4975,Kristin Graham,59,OK,2013-10-12,152,A,ENGAGED_MAINSTREAM,13504.43,100.0,3,3.0,139523.48,15000.0,98.31,110.0,7799.02,4421.949999999999,UTILITIES,35.45390909090909,18.23,LOW,0.0,N,N,N,N,MASTER_V1.5,2026-06-29,2026-06-29 19:54:02.726587
4985,Allison Zavala,33,TX,2017-05-17,109,A,GROWING_DIGITAL,2976.02,100.0,1,1.0,55335.19,0.0,0.0,29.0,13734.87,-13261.19,GAS_STATION,24.130000000000003,18.09,LOW,0.0,N,Y,N,N,MASTER_V1.5,2026-06-29,2026-06-29 19:54:02.726587
4989,Jamie Morgan,80,PR,2023-12-12,30,A,ENGAGED_MAINSTREAM,2699.3,100.0,3,3.0,162248.72,0.0,0.0,79.0,15211.92,-10174.61,RESTAURANT,34.17443037974684,18.62,LOW,0.0,N,N,N,N,MASTER_V1.5,2026-06-29,2026-06-29 19:54:02.726587
4994,Erin Thompson,50,MI,2017-05-11,109,A,PREMIUM_WEALTH,9191.88,100.0,3,3.0,76411.7,25000.0,65.23,118.0,25514.32,-19110.6,TRAVEL,44.07016949152543,20.91,MODERATE,0.0,N,N,N,N,MASTER_V1.5,2026-06-29,2026-06-29 19:54:02.726587
4997,Becky Harmon,33,ID,2018-07-26,95,A,CREDIT_DEPENDENT,5037.46,50.0,2,1.0,40343.31,0.0,0.0,57.0,2846.38,500.0899999999997,RESTAURANT,36.84350877192983,11.45,LOW,0.0,N,N,N,N,MASTER_V1.5,2026-06-29,2026-06-29 19:54:02.726587
4,Debra Gardner,83,WV,2014-06-16,144,A,VALUE_BASIC,2504.53,100.0,1,1.0,1050.51,2000.0,52.53,24.0,573.35,1128.29,GAS_STATION,58.330000000000005,19.36,LOW,0.0,N,Y,Y,N,MASTER_V1.5,2026-06-29,2026-06-29 19:54:02.726587
7,Christopher Davis,21,ME,2016-07-06,119,A,GROWING_DIGITAL,3281.5,100.0,1,1.0,61713.32,0.0,0.0,68.0,29846.32,-19440.5,EDUCATION,38.239999999999995,10.0,LOW,0.0,N,Y,N,N,MASTER_V1.5,2026-06-29,2026-06-29 19:54:02.726587
21,Brenda Hurst,47,MH,2015-05-30,133,A,GROWING_DIGITAL,3730.63,100.0,1,1.0,74602.28,0.0,0.0,22.0,1457.99,-923.41,RETAIL,54.55,12.64,LOW,0.0,N,Y,N,N,MASTER_V1.5,2026-06-29,2026-06-29 19:54:02.726587
37,Amber Blair,57,KS,2014-08-26,142,A,ENGAGED_MAINSTREAM,16692.69,100.0,4,4.0,127441.78,10000.0,38.96,188.0,41933.03,-20528.73,UTILITIES,37.765531914893614,20.19,MODERATE,0.0,N,N,N,N,MASTER_V1.5,2026-06-29,2026-06-29 19:54:02.726587
39,David Walker,56,MD,2019-03-19,87,A,GROWING_DIGITAL,4566.3,100.0,2,2.0,36215.76,0.0,0.0,80.0,14824.51,414.9200000000001,TRAVEL,36.251749999999994,18.55,LOW,0.0,N,N,N,N,MASTER_V1.5,2026-06-29,2026-06-29 19:54:02.726587
42,John Caldwell,27,TN,2012-07-19,167,A,PREMIUM_WEALTH,19324.21,50.0,4,2.0,106019.71,15000.0,91.41,188.0,43922.32,-20328.46,RETAIL,35.64393617021277,17.09,LOW,0.0,N,N,N,N,MASTER_V1.5,2026-06-29,2026-06-29 19:54:02.726587
59,Joe Wilson,45,NC,2021-07-25,59,A,GROWING_DIGITAL,1661.43,100.0,1,1.0,77958.45,0.0,0.0,54.0,4125.34,-1591.9,GAS_STATION,55.55,28.53,MODERATE,0.0,N,Y,N,N,MASTER_V1.5,2026-06-29,2026-06-29 19:54:02.726587
69,Dennis Wilson,41,AR,2025-07-01,11,A,GROWING_DIGITAL,288.4,100.0,1,1.0,35853.5,0.0,0.0,26.0,9354.07,-2422.8499999999995,GROCERY,46.15,20.09,MODERATE,0.0,N,Y,N,N,MASTER_V1.5,2026-06-29,2026-06-29 19:54:02.726587
74,Joyce Arnold,42,WA,2015-05-26,133,A,PREMIUM_WEALTH,11545.11,100.0,3,3.0,106303.07,10000.0,18.8,128.0,55267.69,-38820.66,RETAIL,35.9365625,21.36,MODERATE,0.0,N,N,N,N,MASTER_V1.5,2026-06-29,2026-06-29 19:54:02.726587
77,Kyle Nolan,75,ID,2013-05-23,157,A,GROWING_DIGITAL,4225.44,100.0,1,1.0,47356.02,0.0,0.0,70.0,2124.62,9163.36,RETAIL,50.0,16.45,LOW,0.0,N,Y,N,N,MASTER_V1.5,2026-06-29,2026-06-29 19:54:02.726587
83,Lisa Adams,31,MD,2024-05-19,25,A,CREDIT_DEPENDENT,1356.49,50.0,2,1.0,51633.59,10000.0,9.61,50.0,11701.220000000001,-7937.930000000001,TRAVEL,34.0034,9.82,LOW,0.0,N,N,N,N,MASTER_V1.5,2026-06-29,2026-06-29 19:54:02.726587
90,Daniel Hamilton,21,MH,2015-06-14,132,A,GROWING_DIGITAL,3591.11,100.0,1,1.0,53217.54,0.0,0.0,68.0,4462.25,6429.17,RESTAURANT,33.83,14.18,LOW,0.0,N,Y,N,N,MASTER_V1.5,2026-06-29,2026-06-29 19:54:02.726587
95,Lee Charles,40,TX,2016-06-01,120,A,GROWING_DIGITAL,3113.62,100.0,1,1.0,32168.2,0.0,0.0,21.0,1706.81,-969.13,INSURANCE,9.52,13.64,LOW,0.0,N,Y,N,N,MASTER_V1.5,2026-06-29,2026-06-29 19:54:02.726587
99,Aaron Mitchell,65,MS,2019-08-31,82,A,CREDIT_DEPENDENT,4389.97,50.0,2,1.0,44678.37,0.0,0.0,52.0,14345.029999999999,-11833.339999999998,TRAVEL,46.154999999999994,33.27,MODERATE,0.0,N,N,N,N,MASTER_V1.5,2026-06-29,2026-06-29 19:54:02.726587
106,James Horton,57,LA,2020-11-19,67,A,ENGAGED_MAINSTREAM,7270.8,75.0,4,3.0,51634.4,5000.0,60.03,174.0,71415.65,-54396.78,TRAVEL,38.50557471264368,22.0,MODERATE,0.0,N,N,N,N,MASTER_V1.5,2026-06-29,2026-06-29 19:54:02.726587
110,Stephen Solis,68,AR,2024-02-23,28,A,GROWING_DIGITAL,757.12,100.0,1,1.0,49813.86,0.0,0.0,22.0,1764.73,-1246.53,GROCERY,31.819999999999997,25.73,MODERATE,0.0,N,Y,N,N,MASTER_V1.5,2026-06-29,2026-06-29 19:54:02.726587
117,Jesse Benson,49,MO,2013-07-22,155,A,PREMIUM_WEALTH,17546.56,100.0,4,4.0,82484.12,15000.0,75.65,150.0,30973.230000000003,-13411.390000000003,UTILITIES,32.6658,4.36,LOW,0.0,N,N,N,N,MASTER_V1.5,2026-06-29,2026-06-29 19:54:02.726587
143,Jasmine Graham,42,NV,2023-11-08,31,A,PREMIUM_WEALTH,3699.21,50.0,4,2.0,152196.93,15000.0,15.5,192.0,29509.06,-8545.86,TRAVEL,38.024739583333336,21.9,MODERATE,0.0,N,N,N,N,MASTER_V1.5,2026-06-29,2026-06-29 19:54:02.726587
147,Steven Bishop,26,MD,2015-02-16,136,A,PREMIUM_WEALTH,11347.68,100.0,3,3.0,67858.54,5000.0,43.41,136.0,7889.57,9211.27,RETAIL,38.97022058823529,2.91,LOW,0.0,N,N,N,N,MASTER_V1.5,2026-06-29,2026-06-29 19:54:02.726587
148,Melissa White,60,OH,2011-12-02,174,A,ENGAGED_MAINSTREAM,20994.35,75.0,4,3.0,173809.65,25000.0,31.37,164.0,49537.05,-32171.340000000004,RESTAURANT,39.02420731707317,13.4,LOW,0.0,N,N,N,N,MASTER_V1.5,2026-06-29,2026-06-29 19:54:02.726587
153,Heather Torres,79,MS,2014-10-18,140,A,GROWING_DIGITAL,3604.65,100.0,1,1.0,29702.91,0.0,0.0,16.0,995.0,-568.6700000000001,RETAIL,50.0,11.64,LOW,0.0,N,Y,N,N,MASTER_V1.5,2026-06-29,2026-06-29 19:54:02.726587
165,Brian Hernandez,80,IL,2020-11-17,67,A,ENGAGED_MAINSTREAM,5878.37,100.0,3,3.0,120361.05,0.0,0.0,130.0,26926.25,-18631.5,RESTAURANT,40.001999999999995,7.18,LOW,0.0,N,N,N,N,MASTER_V1.5,2026-06-29,2026-06-29 19:54:02.726587
186,Mark Steele,40,TX,2024-04-14,26,A,PREMIUM_WEALTH,2927.19,75.0,4,3.0,77531.28,2000.0,3.52,242.0,28184.649999999998,-3469.5499999999993,TRAVEL,39.25636363636363,17.59,LOW,0.0,N,N,N,N,MASTER_V1.5,2026-06-29,2026-06-29 19:54:02.726587
187,Lisa Pierce,66,OH,2025-08-04,10,A,ENGAGED_MAINSTREAM,1199.57,75.0,4,3.0,162059.88,15000.0,0.67,168.0,11846.22,12193.930000000002,RETAIL,33.92904761904762,11.55,LOW,0.0,N,N,N,N,MASTER_V1.5,2026-06-29,2026-06-29 19:54:02.726587
202,Amanda Reed,52,RI,2013-09-15,153,A,PREMIUM_WEALTH,8513.88,100.0,2,2.0,68135.41,25000.0,96.66,112.0,16927.6,21156.700000000004,UTILITIES,35.712500000000006,34.45,MODERATE,0.0,N,N,N,N,MASTER_V1.5,2026-06-29,2026-06-29 19:54:02.726587
211,Debra Christian,62,ME,2021-10-28,56,A,ENGAGED_MAINSTREAM,6719.51,100.0,4,4.0,162613.31,10000.0,66.73,193.0,42937.5,-14171.279999999999,TRAVEL,35.75,18.45,LOW,0.0,N,N,N,N,MASTER_V1.5,2026-06-29,2026-06-29 19:54:02.726587
216,Heather Berger,27,CT,2018-02-09,100,A,PREMIUM_WEALTH,11114.85,100.0,4,4.0,67161.0,2000.0,11.59,183.0,64148.78,-47296.32,UTILITIES,36.06087431693989,28.64,MODERATE,0.0,N,N,N,N,MASTER_V1.5,2026-06-29,2026-06-29 19:54:02.726587
219,Monica Harvey,74,IL,2012-09-01,165,A,GROWING_DIGITAL,8869.82,100.0,2,2.0,46690.5,0.0,0.0,70.0,3014.17,20062.97,RESTAURANT,48.571999999999996,5.64,LOW,0.0,N,N,N,N,MASTER_V1.5,2026-06-29,2026-06-29 19:54:02.726587
224,James Cruz,68,AS,2024-02-07,28,A,ENGAGED_MAINSTREAM,3227.25,75.0,4,3.0,101304.79,15000.0,71.88,158.0,47679.7,-32541.859999999997,UTILITIES,41.77088607594937,18.55,LOW,0.0,N,N,N,N,MASTER_V1.5,2026-06-29,2026-06-29 19:54:02.726587
263,Krista Camacho,22,CA,2012-02-20,172,A,PREMIUM_WEALTH,15080.08,100.0,3,3.0,119369.7,5000.0,69.89,149.0,39173.22,-21172.7,TRAVEL,32.8893288590604,0.0,LOW,0.0,N,N,N,N,MASTER_V1.5,2026-06-29,2026-06-29 19:54:02.726587
275,Brenda Hoffman,31,VA,2019-10-16,80,A,VALUE_BASIC,1522.53,100.0,1,1.0,2023.65,15000.0,13.49,38.0,9945.77,-7447.25,RETAIL,50.0,4.0,LOW,0.0,N,Y,Y,N,MASTER_V1.5,2026-06-29,2026-06-29 19:54:02.726587
294,Adrian Burgess,68,KS,2016-05-20,121,A,GROWING_DIGITAL,3382.31,100.0,1,1.0,71768.16,0.0,0.0,30.0,1925.67,-579.03,RESTAURANT,30.0,0.0,LOW,0.0,N,Y,N,N,MASTER_V1.5,2026-06-29,2026-06-29 19:54:02.726587
295,Jane Mason,73,IN,2017-02-28,112,A,CREDIT_DEPENDENT,5997.5,0.0,2,0.0,44793.35,10000.0,42.11,71.0,28934.88,-6341.690000000002,HEALTHCARE,47.888591549295775,6.37,LOW,0.0,N,N,N,Y,MASTER_V1.5,2026-06-29,2026-06-29 19:54:02.726587
305,Dwayne Gonzalez,30,AL,2015-01-06,137,A,PREMIUM_WEALTH,11835.82,100.0,3,3.0,100614.1,25000.0,18.49,144.0,26162.989999999998,1733.770000000004,RESTAURANT,31.250416666666663,9.27,LOW,0.0,N,N,N,N,MASTER_V1.5,2026-06-29,2026-06-29 19:54:02.726587
312,Chase Lin,81,FL,2023-11-24,31,A,ENGAGED_MAINSTREAM,3497.38,50.0,4,2.0,79369.21,2000.0,31.5,170.0,25718.99,-17603.980000000003,TRAVEL,35.29870588235294,16.64,LOW,0.0,N,N,N,N,MASTER_V1.5,2026-06-29,2026-06-29 19:54:02.726587
317,William Thompson,62,NV,2022-02-23,52,A,CREDIT_DEPENDENT,2243.89,50.0,2,1.0,5599.1,2000.0,21.32,94.0,4623.139999999999,1561.75,RESTAURANT,48.93829787234042,10.91,LOW,0.0,N,N,Y,N,MASTER_V1.5,2026-06-29,2026-06-29 19:54:02.726587
328,Henry Lewis,61,NH,2016-11-24,115,A,VALUE_BASIC,2798.01,100.0,1,1.0,16851.79,25000.0,67.41,56.0,10988.2,6996.189999999999,GROCERY,41.07,10.55,LOW,0.0,N,Y,N,N,MASTER_V1.5,2026-06-29,2026-06-29 19:54:02.726587
329,Jeremy Taylor,22,DE,2018-09-29,93,A,GROWING_DIGITAL,4941.83,100.0,2,2.0,41257.45,0.0,0.0,106.0,15759.17,-575.2900000000009,RESTAURANT,41.51377358490566,13.73,LOW,0.0,N,N,N,N,MASTER_V1.5,2026-06-29,2026-06-29 19:54:02.726587
330,Craig Wise,80,VI,2024-02-02,28,A,GROWING_DIGITAL,764.12,100.0,1,1.0,55047.36,0.0,0.0,49.0,4427.98,2753.5700000000006,RETAIL,34.699999999999996,16.36,LOW,0.0,N,Y,N,N,MASTER_V1.5,2026-06-29,2026-06-29 19:54:02.726587
340,Morgan Spencer,68,ID,2021-01-20,65,A,ENGAGED_MAINSTREAM,5545.25,100.0,3,3.0,87104.96,0.0,0.0,115.0,30051.579999999998,-7016.489999999998,RESTAURANT,46.088782608695645,15.74,LOW,0.0,N,N,N,N,MASTER_V1.5,2026-06-29,2026-06-29 19:54:02.726587
357,Cynthia Zavala,59,MO,2018-07-03,95,A,GROWING_DIGITAL,2263.94,100.0,1,1.0,13799.4,0.0,0.0,49.0,8972.17,2755.459999999999,GAS_STATION,34.699999999999996,30.64,MODERATE,0.0,N,Y,N,N,MASTER_V1.5,2026-06-29,2026-06-29 19:54:02.726587
360,Amy Li,63,CO,2012-02-25,172,A,CREDIT_DEPENDENT,7909.33,50.0,2,1.0,9866.49,5000.0,3.61,105.0,6251.5599999999995,11436.950000000003,TRAVEL,33.33266666666667,3.45,LOW,0.0,N,N,Y,N,MASTER_V1.5,2026-06-29,2026-06-29 19:54:02.726587
363,Bradley Gonzalez,54,MS,2015-11-13,127,A,VALUE_BASIC,2749.7,100.0,1,1.0,5770.23,25000.0,23.08,34.0,2409.36,-465.6700000000001,GAS_STATION,38.24000000000001,22.91,MODERATE,0.0,N,Y,Y,N,MASTER_V1.5,2026-06-29,2026-06-29 19:54:02.726587
371,Christopher Guerrero,48,WV,2016-04-13,122,A,GROWING_DIGITAL,3067.0,100.0,1,1.0,23289.18,0.0,0.0,31.0,2656.31,-1459.06,RETAIL,38.71,22.1,MODERATE,0.0,N,Y,N,N,MASTER_V1.5,2026-06-29,2026-06-29 19:54:02.726587
378,Ashley Jacobs,60,NH,2017-03-15,111,A,VALUE_BASIC,2279.81,100.0,1,1.0,3697.95,10000.0,36.98,63.0,1738.87,13692.009999999998,RESTAURANT,36.510000000000005,18.64,LOW,0.0,N,Y,Y,N,MASTER_V1.5,2026-06-29,2026-06-29 19:54:02.726587
403,Darlene Ray,83,OH,2012-03-02,171,A,ENGAGED_MAINSTREAM,19744.79,100.0,4,4.0,103430.8,5000.0,89.29,182.0,62342.83,-36827.36,UTILITIES,43.95192307692307,8.18,LOW,0.0,N,N,N,N,MASTER_V1.5,2026-06-29,2026-06-29 19:54:02.726587
416,Michael Williams,20,WV,2014-09-13,141,A,PREMIUM_WEALTH,16632.71,100.0,4,4.0,132753.15,15000.0,67.5,193.0,61484.17,-44288.38,UTILITIES,35.75108808290155,14.27,LOW,0.0,N,N,N,N,MASTER_V1.5,2026-06-29,2026-06-29 19:54:02.726587
417,Destiny Ruiz,52,IL,2024-08-26,22,A,PREMIUM_WEALTH,1899.17,100.0,3,3.0,99721.49,5000.0,94.07,163.0,63618.0,-46105.36,RETAIL,46.626319018404914,15.09,LOW,0.0,N,N,N,N,MASTER_V1.5,2026-06-29,2026-06-29 19:54:02.726587
421,Joshua Hays,51,GU,2022-11-23,43,A,ENGAGED_MAINSTREAM,5054.29,100.0,4,4.0,127283.68,2000.0,14.03,136.0,15263.23,12252.43,GROCERY,38.970588235294116,26.71,MODERATE,0.0,N,N,N,N,MASTER_V1.5,2026-06-29,2026-06-29 19:54:02.726587
434,Erin Johnson,29,OR,2013-09-11,153,A,PREMIUM_WEALTH,18667.41,75.0,4,3.0,198972.75,5000.0,33.08,188.0,20729.1,8406.310000000001,GROCERY,30.849627659574463,10.64,LOW,0.0,N,N,N,N,MASTER_V1.5,2026-06-29,2026-06-29 19:54:02.726587
437,Jill Brown,23,MO,2024-07-05,23,A,PREMIUM_WEALTH,2661.74,75.0,4,3.0,106169.51,10000.0,18.31,187.0,24429.01,-9764.989999999996,UTILITIES,40.63946524064171,16.06,LOW,0.0,N,N,N,N,MASTER_V1.5,2026-06-29,2026-06-29 19:54:02.726587
448,Timothy Harris,55,AL,2015-04-26,134,A,ENGAGED_MAINSTREAM,16154.84,50.0,4,2.0,172103.36,5000.0,92.57,119.0,20891.04,3595.010000000002,RETAIL,33.61218487394958,12.0,LOW,0.0,N,N,N,N,MASTER_V1.5,2026-06-29,2026-06-29 19:54:02.726587
452,Kelli Smith,37,MH,2012-12-27,162,A,PREMIUM_WEALTH,13716.12,100.0,3,3.0,79936.67,2000.0,45.44,126.0,28091.53,-22121.43,RESTAURANT,42.855714285714285,7.0,LOW,0.0,N,N,N,N,MASTER_V1.5,2026-06-29,2026-06-29 19:54:02.726587
461,Amy Snyder,66,NY,2026-03-31,3,A,ENGAGED_MAINSTREAM,253.14,100.0,3,3.0,76933.14,0.0,0.0,149.0,32313.030000000002,-26568.260000000002,RETAIL,34.23013422818792,23.38,MODERATE,0.0,N,N,N,N,MASTER_V1.5,2026-06-29,2026-06-29 19:54:02.726587
462,Taylor Lee,22,IL,2024-03-09,27,A,CREDIT_DEPENDENT,1523.34,50.0,2,1.0,79539.09,0.0,0.0,63.0,5415.610000000001,8479.269999999999,RETAIL,39.68000000000001,26.09,MODERATE,0.0,N,N,N,N,MASTER_V1.5,2026-06-29,2026-06-29 19:54:02.726587
478,William Armstrong,81,GA,2019-08-30,82,A,ENGAGED_MAINSTREAM,9110.45,100.0,4,4.0,66856.95,5000.0,15.51,92.0,24541.38,9997.509999999998,UTILITIES,29.34532608695652,4.64,LOW,0.0,N,N,N,N,MASTER_V1.5,2026-06-29,2026-06-29 19:54:02.726587
485,Sarah Johnson,22,NH,2012-07-09,167,A,PREMIUM_WEALTH,19803.96,50.0,4,2.0,141302.22,25000.0,27.28,164.0,21774.6,16411.04,RETAIL,38.41817073170732,22.04,MODERATE,0.0,N,N,N,N,MASTER_V1.5,2026-06-29,2026-06-29 19:54:02.726587
542,Thomas Williams,27,WY,2024-09-24,21,A,CREDIT_DEPENDENT,529.63,0.0,1,0.0,24057.88,0.0,0.0,55.0,22682.69,-10677.539999999999,RETAIL,29.090000000000003,8.91,LOW,0.0,N,N,N,N,MASTER_V1.5,2026-06-29,2026-06-29 19:54:02.726587
560,Christopher Santana,65,WY,2017-04-11,110,A,ENGAGED_MAINSTREAM,12773.94,75.0,4,3.0,110489.15,5000.0,18.37,162.0,38405.990000000005,54208.23999999999,GROCERY,41.977037037037036,25.47,MODERATE,0.0,N,N,N,N,MASTER_V1.5,2026-06-29,2026-06-29 19:54:02.726587
571,Lisa Long,69,TN,2017-02-06,112,A,ENGAGED_MAINSTREAM,11801.95,100.0,4,4.0,37701.6,15000.0,45.34,146.0,23932.32,-9244.41,RETAIL,41.778287671232874,2.65,LOW,0.0,N,N,N,N,MASTER_V1.5,2026-06-29,2026-06-29 19:54:02.726587
587,Darren Shepard,57,IA,2025-11-02,7,A,VALUE_BASIC,96.64,100.0,1,1.0,250.19,2000.0,12.51,18.0,937.82,215.58000000000004,RETAIL,44.449999999999996,26.09,MODERATE,0.0,N,Y,N,N,MASTER_V1.5,2026-06-29,2026-06-29 19:54:02.726587
609,Mary Burns,39,RI,2017-09-09,105,A,PREMIUM_WEALTH,12213.23,75.0,4,3.0,112605.51,2000.0,77.92,143.0,42829.79,-31230.7,UTILITIES,42.660489510489505,18.67,LOW,0.0,N,N,N,N,MASTER_V1.5,2026-06-29,2026-06-29 19:54:02.726587
623,Sydney Floyd,39,NJ,2012-11-28,163,A,PREMIUM_WEALTH,9126.52,100.0,2,2.0,72997.68,15000.0,75.84,69.0,14020.84,5948.630000000001,GAS_STATION,30.434637681159423,11.55,LOW,0.0,N,N,N,N,MASTER_V1.5,2026-06-29,2026-06-29 19:54:02.726587
625,Jennifer Poole,27,RI,2015-03-20,135,A,PREMIUM_WEALTH,15581.23,100.0,4,4.0,102914.65,10000.0,82.13,218.0,48653.88,-21584.659999999996,RETAIL,41.744311926605505,11.18,LOW,0.0,N,N,N,N,MASTER_V1.5,2026-06-29,2026-06-29 19:54:02.726587
630,Jessica Simon,85,WI,2023-01-15,41,A,ENGAGED_MAINSTREAM,3479.69,66.67,3,2.0,82130.39,10000.0,77.74,142.0,17885.57,-11350.68,RESTAURANT,40.84133802816902,18.4,LOW,0.0,N,N,N,N,MASTER_V1.5,2026-06-29,2026-06-29 19:54:02.726587
634,Matthew Fleming,47,NC,2018-09-24,93,A,GROWING_DIGITAL,5293.65,100.0,2,2.0,87921.54,0.0,0.0,84.0,16199.42,6435.949999999999,WIRE_TRANSFER_INTL,39.28619047619048,20.69,MODERATE,0.0,N,N,N,N,MASTER_V1.5,2026-06-29,2026-06-29 19:54:02.726587
643,Lisa Mcneil,84,CA,2021-11-13,55,A,ENGAGED_MAINSTREAM,6549.44,75.0,4,3.0,148460.69,10000.0,26.01,248.0,42923.27,6581.4000000000015,TRAVEL,38.30701612903227,17.0,LOW,0.0,N,N,N,N,MASTER_V1.5,2026-06-29,2026-06-29 19:54:02.726587
649,Glenda Heath,75,IA,2017-08-19,106,A,GROWING_DIGITAL,2853.09,100.0,1,1.0,47399.26,0.0,0.0,26.0,10252.53,-903.1700000000001,RESTAURANT,19.230000000000004,35.0,MODERATE,0.0,N,Y,N,N,MASTER_V1.5,2026-06-29,2026-06-29 19:54:02.726587
652,Angela Greene,66,HI,2012-09-30,165,A,GROWING_DIGITAL,3870.82,100.0,1,1.0,11894.12,0.0,0.0,56.0,12703.32,-11203.7,RESTAURANT,50.0,13.55,LOW,0.0,N,Y,N,N,MASTER_V1.5,2026-06-29,2026-06-29 19:54:02.726587
659,Kathryn Best,61,KS,2021-09-05,57,A,GROWING_DIGITAL,1335.49,100.0,1,1.0,11752.89,0.0,0.0,66.0,3095.89,645.04,RESTAURANT,45.45000000000001,21.64,MODERATE,0.0,N,Y,N,N,MASTER_V1.5,2026-06-29,2026-06-29 19:54:02.726587
666,Holly Blair,39,KY,2012-06-23,168,A,PREMIUM_WEALTH,18296.57,100.0,4,4.0,53681.2,10000.0,69.24,143.0,58041.58,-31489.21,UTILITIES,38.46076923076923,20.93,MODERATE,0.0,N,N,N,N,MASTER_V1.5,2026-06-29,2026-06-29 19:54:02.726587
686,Trevor Barton,54,MN,2020-04-26,74,A,GROWING_DIGITAL,1943.49,100.0,1,1.0,36511.22,0.0,0.0,19.0,1175.07,-868.6499999999999,ENTERTAINMENT,31.58,0.0,LOW,0.0,N,Y,N,N,MASTER_V1.5,2026-06-29,2026-06-29 19:54:02.726587
692,Christopher Morse,18,LA,2022-02-08,52,A,GROWING_DIGITAL,1399.76,100.0,1,1.0,47447.42,0.0,0.0,25.0,6730.88,4111.94,RESTAURANT,32.0,21.38,MODERATE,0.0,N,Y,N,N,MASTER_V1.5,2026-06-29,2026-06-29 19:54:02.726587
698,James Chan,67,NC,2012-08-08,166,A,CREDIT_DEPENDENT,3880.54,0.0,1,0.0,11506.79,0.0,0.0,19.0,1480.4,-603.1100000000001,GROCERY,21.060000000000002,20.18,MODERATE,0.0,N,N,N,Y,MASTER_V1.5,2026-06-29,2026-06-29 19:54:02.726587
709,Jonathan Hess,42,SC,2020-03-06,75,A,PREMIUM_WEALTH,6644.48,66.67,3,2.0,134916.48,2000.0,67.46,98.0,24321.79,-3579.9799999999996,UTILITIES,28.571632653061226,22.51,MODERATE,0.0,N,N,N,N,MASTER_V1.5,2026-06-29,2026-06-29 19:54:02.726587
713,Anthony Vega,30,ND,2017-05-20,109,A,GROWING_DIGITAL,2876.51,100.0,1,1.0,38407.04,0.0,0.0,34.0,1515.47,11789.900000000001,RESTAURANT,32.35,20.0,MODERATE,0.0,N,Y,N,N,MASTER_V1.5,2026-06-29,2026-06-29 19:54:02.726587
723,Terri Garcia,34,NE,2026-05-27,1,A,PREMIUM_WEALTH,117.24,100.0,4,4.0,123523.5,10000.0,21.5,149.0,8737.9,17552.440000000002,RETAIL,45.63852348993288,17.95,LOW,0.0,N,N,N,N,MASTER_V1.5,2026-06-29,2026-06-29 19:54:02.726587
725,Jeffrey Bradford,81,TN,2026-05-10,1,A,GROWING_DIGITAL,26.98,100.0,1,1.0,48608.61,0.0,0.0,16.0,1369.15,-768.4000000000001,GROCERY,25.0,11.18,LOW,0.0,N,Y,N,N,MASTER_V1.5,2026-06-29,2026-06-29 19:54:02.726587
738,Grant Novak,21,MS,2021-03-05,63,A,CREDIT_DEPENDENT,2907.11,50.0,2,1.0,10187.55,10000.0,62.11,95.0,22800.37,-12294.97,RETAIL,30.528421052631582,15.82,LOW,0.0,N,N,N,N,MASTER_V1.5,2026-06-29,2026-06-29 19:54:02.726587
740,Kurt Barker,46,RI,2014-02-08,148,A,PREMIUM_WEALTH,12682.67,100.0,3,3.0,91659.11,15000.0,65.89,180.0,54343.170000000006,-30157.110000000008,RETAIL,44.44733333333333,11.91,LOW,0.0,N,N,N,N,MASTER_V1.5,2026-06-29,2026-06-29 19:54:02.726587
741,Stacy Fry,76,IN,2022-05-13,49,A,CREDIT_DEPENDENT,1289.61,0.0,1,0.0,37325.53,0.0,0.0,23.0,497.36,13088.039999999999,INSURANCE,39.129999999999995,17.27,LOW,0.0,N,N,N,N,MASTER_V1.5,2026-06-29,2026-06-29 19:54:02.726587
758,Joseph Campbell,37,AZ,2022-05-19,49,A,CREDIT_DEPENDENT,2712.57,50.0,2,1.0,64325.69,0.0,0.0,48.0,2316.02,8125.609999999999,TRAVEL,31.25,24.91,MODERATE,0.0,N,N,N,N,MASTER_V1.5,2026-06-29,2026-06-29 19:54:02.726587
762,Christopher Anthony,74,MD,2015-11-05,127,A,ENGAGED_MAINSTREAM,7183.28,100.0,2,2.0,81817.36,15000.0,80.39,63.0,12434.81,1814.050000000001,RESTAURANT,36.50698412698413,20.36,MODERATE,0.0,N,N,N,N,MASTER_V1.5,2026-06-29,2026-06-29 19:54:02.726587
774,Rodney Mcneil,31,MN,2013-05-16,157,A,PREMIUM_WEALTH,17627.7,100.0,4,4.0,75194.71,2000.0,34.69,99.0,22255.03,30.770000000004075,TRAVEL,35.35454545454546,10.73,LOW,0.0,N,N,N,N,MASTER_V1.5,2026-06-29,2026-06-29 19:54:02.726587
792,William Taylor,74,MP,2016-02-18,124,A,ENGAGED_MAINSTREAM,10556.48,100.0,3,3.0,85054.75,5000.0,42.8,152.0,22014.13,22176.920000000002,RETAIL,36.84131578947368,9.55,LOW,0.0,N,N,N,N,MASTER_V1.5,2026-06-29,2026-06-29 19:54:02.726587
793,Anthony Lee,28,FL,2024-08-10,22,A,PREMIUM_WEALTH,2618.69,100.0,4,4.0,147731.66,15000.0,88.3,148.0,14810.64,6635.060000000001,RETAIL,31.756216216216217,26.36,MODERATE,0.0,N,N,N,N,MASTER_V1.5,2026-06-29,2026-06-29 19:54:02.726587
794,John Bryant,29,NM,2023-12-23,30,A,PREMIUM_WEALTH,3518.03,100.0,4,4.0,123841.3,2000.0,52.27,177.0,22275.57,-12511.47,RETAIL,36.72463276836158,0.0,LOW,0.0,N,N,N,N,MASTER_V1.5,2026-06-29,2026-06-29 19:54:02.726587
810,Jose Dawson,42,MT,2024-05-05,25,A,PREMIUM_WEALTH,2927.19,100.0,4,4.0,121633.91,15000.0,19.4,192.0,33399.18,-17335.309999999998,UTILITIES,39.06395833333334,5.09,LOW,0.0,N,N,N,N,MASTER_V1.5,2026-06-29,2026-06-29 19:54:02.726587
816,Amanda Glover,36,VT,2014-10-22,140,A,GROWING_DIGITAL,3834.23,100.0,1,1.0,57236.78,0.0,0.0,53.0,12390.76,-10275.01,RETAIL,43.400000000000006,5.55,LOW,0.0,N,Y,N,N,MASTER_V1.5,2026-06-29,2026-06-29 19:54:02.726587
822,Kelly York,63,MD,2015-05-18,133,A,GROWING_DIGITAL,7334.61,100.0,2,2.0,61666.39,15000.0,3.11,96.0,12350.230000000001,16133.81,GROCERY,33.325833333333335,31.18,MODERATE,0.0,N,N,N,N,MASTER_V1.5,2026-06-29,2026-06-29 19:54:02.726587
832,Benjamin Gonzalez,20,MD,2017-03-17,111,A,PREMIUM_WEALTH,8910.32,100.0,3,3.0,44492.75,0.0,0.0,149.0,26600.269999999997,13659.890000000007,RETAIL,41.60617449664429,18.66,LOW,0.0,N,N,N,N,MASTER_V1.5,2026-06-29,2026-06-29 19:54:02.726587
857,Larry Rodgers,66,OK,2023-06-13,36,A,CREDIT_DEPENDENT,1972.99,50.0,2,1.0,57585.86,0.0,0.0,116.0,23938.42,42387.369999999995,UTILITIES,32.762672413793105,15.55,LOW,0.0,N,N,N,N,MASTER_V1.5,2026-06-29,2026-06-29 19:54:02.726587
873,Vanessa Brown,29,NM,2019-10-27,80,A,GROWING_DIGITAL,3886.14,100.0,2,2.0,16569.92,0.0,0.0,51.0,10860.630000000001,-9268.44,RETAIL,43.13803921568628,17.55,LOW,0.0,N,N,N,N,MASTER_V1.5,2026-06-29,2026-06-29 19:54:02.726587
883,Ann Harvey,70,FM,2018-04-09,98,A,ENGAGED_MAINSTREAM,8575.23,100.0,3,3.0,116655.79,25000.0,55.01,163.0,35952.44,-11052.349999999999,HEALTHCARE,40.491901840490804,16.21,LOW,0.0,N,N,N,N,MASTER_V1.5,2026-06-29,2026-06-29 19:54:02.726587
885,Matthew Gallegos,34,IN,2014-10-19,140,A,PREMIUM_WEALTH,11668.91,66.67,3,2.0,67053.71,2000.0,26.66,145.0,19716.010000000002,-5936.1500000000015,RESTAURANT,35.868,13.7,LOW,0.0,N,N,N,N,MASTER_V1.5,2026-06-29,2026-06-29 19:54:02.726587
895,David Hughes,46,HI,2022-05-22,49,A,VALUE_BASIC,2443.9,100.0,2,2.0,21484.97,5000.0,59.78,87.0,21534.43,5849.049999999999,HEALTHCARE,33.33,24.45,MODERATE,0.0,N,N,N,N,MASTER_V1.5,2026-06-29,2026-06-29 19:54:02.726587
900,Jennifer Walls,38,WY,2024-04-30,26,A,PREMIUM_WEALTH,2287.91,100.0,3,3.0,124600.82,2000.0,28.14,167.0,34839.19,11843.54,TRAVEL,36.53185628742514,18.31,LOW,0.0,N,N,N,N,MASTER_V1.5,2026-06-29,2026-06-29 19:54:02.726587
903,Heather Morris,21,WA,2019-01-03,89,A,VALUE_BASIC,1804.55,100.0,1,1.0,3328.63,0.0,0.0,18.0,1837.16,-1361.45,ENTERTAINMENT,27.779999999999998,16.73,LOW,0.0,N,Y,Y,N,MASTER_V1.5,2026-06-29,2026-06-29 19:54:02.726587
907,Ellen Gonzalez,83,WY,2013-08-28,154,A,VALUE_BASIC,3248.82,100.0,1,1.0,4621.62,0.0,0.0,46.0,2292.57,21544.45,GROCERY,45.650000000000006,14.36,LOW,0.0,N,Y,Y,N,MASTER_V1.5,2026-06-29,2026-06-29 19:54:02.726587
910,Curtis Parrish,83,MH,2023-08-20,34,A,ENGAGED_MAINSTREAM,4114.73,100.0,4,4.0,180256.44,15000.0,66.9,221.0,52995.44,-37258.39,TRAVEL,40.72434389140271,13.64,LOW,0.0,N,N,N,N,MASTER_V1.5,2026-06-29,2026-06-29 19:54:02.726587
914,Andrea Smith,20,NC,2016-02-26,124,A,VALUE_BASIC,2793.86,100.0,1,1.0,8204.74,0.0,0.0,43.0,8013.73,-4059.5199999999995,CRYPTO_EXCHANGE,39.540000000000006,0.0,LOW,0.0,N,Y,Y,N,MASTER_V1.5,2026-06-29,2026-06-29 19:54:02.726587
927,Jeffery Goodwin,63,TN,2016-11-14,115,A,VALUE_BASIC,2620.23,100.0,1,1.0,9080.09,15000.0,60.53,15.0,8502.66,-6577.75,GROCERY,46.66,20.55,MODERATE,0.0,N,Y,Y,N,MASTER_V1.5,2026-06-29,2026-06-29 19:54:02.726587
928,Madison Zavala,49,TX,2026-05-11,1,A,GROWING_DIGITAL,28.06,100.0,1,1.0,74849.01,0.0,0.0,30.0,10736.97,-3442.159999999999,GROCERY,36.67,33.09,MODERATE,0.0,N,Y,N,N,MASTER_V1.5,2026-06-29,2026-06-29 19:54:02.726587
936,Kim Hancock,81,MT,2021-06-28,60,A,ENGAGED_MAINSTREAM,5334.18,66.67,3,2.0,140608.97,25000.0,75.96,140.0,38373.259999999995,-31751.029999999995,GROCERY,35.71621428571428,34.73,MODERATE,0.0,N,N,N,N,MASTER_V1.5,2026-06-29,2026-06-29 19:54:02.726587
955,Melissa York,73,AL,2023-06-03,36,A,GROWING_DIGITAL,2095.82,100.0,2,2.0,113941.63,0.0,0.0,46.0,12449.119999999999,-10303.14,INSURANCE,30.441304347826087,12.38,LOW,0.0,N,N,N,N,MASTER_V1.5,2026-06-29,2026-06-29 19:54:02.726587
964,Michael Torres,26,MS,2018-05-25,97,A,PREMIUM_WEALTH,8526.7,66.67,3,2.0,123074.78,5000.0,14.32,84.0,18924.35,31219.17,TRAVEL,39.28523809523809,21.56,MODERATE,0.0,N,N,N,N,MASTER_V1.5,2026-06-29,2026-06-29 19:54:02.726587
975,Tammy Fitzgerald,21,WY,2021-04-30,62,A,GROWING_DIGITAL,3565.19,100.0,2,2.0,98774.85,0.0,0.0,53.0,4577.360000000001,-2430.7400000000007,TRAVEL,33.96415094339622,11.45,LOW,0.0,N,N,N,N,MASTER_V1.5,2026-06-29,2026-06-29 19:54:02.726587
976,Jeffery Freeman,53,VI,2016-11-04,115,A,GROWING_DIGITAL,6283.87,100.0,2,2.0,55741.09,0.0,0.0,120.0,24305.83,-2776.920000000002,GROCERY,37.499,22.25,MODERATE,0.0,N,N,N,N,MASTER_V1.5,2026-06-29,2026-06-29 19:54:02.726587
977,Brad Clark,81,NH,2017-01-01,113,A,ENGAGED_MAINSTREAM,9675.81,100.0,3,3.0,90842.3,15000.0,40.02,171.0,57598.66,-29599.060000000005,UTILITIES,39.178421052631585,15.0,LOW,0.0,N,N,N,N,MASTER_V1.5,2026-06-29,2026-06-29 19:54:02.726587
995,Lori White,45,AL,2023-05-06,37,A,CREDIT_DEPENDENT,1600.08,50.0,2,1.0,5704.96,2000.0,63.8,138.0,27685.899999999998,17788.370000000006,INSURANCE,41.30478260869565,12.27,LOW,0.0,N,N,Y,N,MASTER_V1.5,2026-06-29,2026-06-29 19:54:02.726587
1041,Patricia Adams,53,OK,2016-10-06,116,A,ENGAGED_MAINSTREAM,9297.21,100.0,3,3.0,43759.03,15000.0,67.83,104.0,5984.14,155.52999999999975,RESTAURANT,39.42115384615385,8.09,LOW,0.0,N,N,N,N,MASTER_V1.5,2026-06-29,2026-06-29 19:54:02.726587
1048,Travis Joyce,25,WI,2024-06-13,24,A,PREMIUM_WEALTH,1300.12,100.0,2,2.0,50733.75,15000.0,90.7,86.0,25524.69,1679.6900000000023,RETAIL,38.37279069767442,12.91,LOW,0.0,N,N,N,N,MASTER_V1.5,2026-06-29,2026-06-29 19:54:02.726587
1057,David Johnston,66,AK,2014-03-05,147,A,GROWING_DIGITAL,4087.05,100.0,1,1.0,67591.41,0.0,0.0,42.0,3997.88,-2763.57,GROCERY,45.239999999999995,22.36,MODERATE,0.0,N,Y,N,N,MASTER_V1.5,2026-06-29,2026-06-29 19:54:02.726587
1058,Joseph Young,70,NJ,2012-12-24,162,A,ENGAGED_MAINSTREAM,18194.28,75.0,4,3.0,75435.6,10000.0,88.3,196.0,51563.020000000004,-34516.44,RESTAURANT,38.77678571428571,24.36,MODERATE,0.0,N,N,N,N,MASTER_V1.5,2026-06-29,2026-06-29 19:54:02.726587
1059,Dustin Haley,56,AS,2017-03-04,111,A,GROWING_DIGITAL,2901.04,100.0,1,1.0,34690.18,0.0,0.0,48.0,8772.46,-800.7399999999989,ENTERTAINMENT,39.59000000000001,23.8,MODERATE,0.0,N,Y,N,N,MASTER_V1.5,2026-06-29,2026-06-29 19:54:02.726587
1068,Emily Freeman,33,MH,2016-10-14,116,A,PREMIUM_WEALTH,10353.11,100.0,3,3.0,147284.52,0.0,0.0,143.0,31368.81,-5184.260000000002,UTILITIES,33.563566433566436,15.82,LOW,0.0,N,N,N,N,MASTER_V1.5,2026-06-29,2026-06-29 19:54:02.726587
1088,Aaron Ochoa,68,PW,2016-01-08,125,A,GROWING_DIGITAL,3460.01,100.0,1,1.0,64345.65,0.0,0.0,25.0,1769.92,-1121.06,RETAIL,32.0,18.36,LOW,0.0,N,Y,N,N,MASTER_V1.5,2026-06-29,2026-06-29 19:54:02.726587
1094,John Duran,67,HI,2017-10-15,104,A,ENGAGED_MAINSTREAM,5848.89,100.0,2,2.0,76715.32,2000.0,90.78,62.0,9723.460000000001,4364.1799999999985,UTILITIES,43.54903225806452,5.55,LOW,0.0,N,N,N,N,MASTER_V1.5,2026-06-29,2026-06-29 19:54:02.726587
1096,Robert Castaneda,35,NY,2023-07-23,35,A,PREMIUM_WEALTH,3968.6,75.0,4,3.0,84023.54,25000.0,77.27,140.0,27637.87,20394.900000000005,UTILITIES,47.14442857142857,7.73,LOW,0.0,N,N,N,N,MASTER_V1.5,2026-06-29,2026-06-29 19:54:02.726587
1109,Crystal Williams,64,CT,2016-04-23,122,A,ENGAGED_MAINSTREAM,14439.97,100.0,4,4.0,138142.33,10000.0,36.24,153.0,25593.949999999997,-10937.639999999996,UTILITIES,37.909084967320254,13.64,LOW,0.0,N,N,N,N,MASTER_V1.5,2026-06-29,2026-06-29 19:54:02.726587
1110,Jon Little,22,OR,2019-04-06,86,A,GROWING_DIGITAL,4761.15,100.0,2,2.0,64372.21,0.0,0.0,118.0,27400.53,-23856.989999999998,GROCERY,38.1386440677966,26.91,MODERATE,0.0,N,N,N,N,MASTER_V1.5,2026-06-29,2026-06-29 19:54:02.726587
1119,Samuel Lee,34,TX,2023-07-05,35,A,PREMIUM_WEALTH,1962.23,100.0,2,2.0,74067.28,2000.0,68.44,105.0,7567.49,4506.969999999999,RESTAURANT,38.09885714285714,0.0,LOW,0.0,N,N,N,N,MASTER_V1.5,2026-06-29,2026-06-29 19:54:02.726587
1131,Todd Garcia,26,CO,2014-07-04,143,A,PREMIUM_WEALTH,16296.0,100.0,4,4.0,88947.47,15000.0,10.26,214.0,51159.39,-27279.01,UTILITIES,46.258504672897196,17.55,LOW,0.0,N,N,N,N,MASTER_V1.5,2026-06-29,2026-06-29 19:54:02.726587
1138,Shirley Yu,80,GU,2016-01-09,125,A,ENGAGED_MAINSTREAM,10507.8,100.0,3,3.0,73741.55,15000.0,19.59,106.0,12863.96,-1185.449999999999,TRAVEL,37.733301886792454,13.82,LOW,0.0,N,N,N,N,MASTER_V1.5,2026-06-29,2026-06-29 19:54:02.726587
1143,Richard Morgan,74,VA,2014-03-07,147,A,ENGAGED_MAINSTREAM,17082.92,75.0,4,3.0,111416.77,15000.0,88.61,245.0,14661.26,14930.109999999999,RETAIL,40.00510204081632,9.55,LOW,0.0,N,N,N,N,MASTER_V1.5,2026-06-29,2026-06-29 19:54:02.726587
1153,Michael Taylor,75,NC,2012-01-20,173,A,ENGAGED_MAINSTREAM,14795.54,100.0,3,3.0,89600.09,2000.0,31.2,154.0,29833.699999999997,4449.950000000004,RESTAURANT,37.66324675324675,12.18,LOW,0.0,N,N,N,N,MASTER_V1.5,2026-06-29,2026-06-29 19:54:02.726587
1154,Jesse Shepherd,60,OR,2020-03-05,75,A,ENGAGED_MAINSTREAM,8847.9,100.0,4,4.0,132880.05,15000.0,67.12,158.0,10097.97,7483.680000000002,TRAVEL,36.71069620253164,24.16,MODERATE,0.0,N,N,N,N,MASTER_V1.5,2026-06-29,2026-06-29 19:54:02.726587
1160,Molly Perez,57,TN,2024-06-08,24,A,CREDIT_DEPENDENT,1269.43,50.0,2,1.0,39283.03,2000.0,53.73,72.0,20867.1,23940.72,UTILITIES,36.114999999999995,14.45,LOW,0.0,N,N,N,N,MASTER_V1.5,2026-06-29,2026-06-29 19:54:02.726587
1165,Keith Foster,51,VI,2014-10-21,140,A,GROWING_DIGITAL,3948.86,100.0,1,1.0,79416.58,0.0,0.0,33.0,1877.41,-124.5,GAS_STATION,27.27,18.91,LOW,0.0,N,Y,N,N,MASTER_V1.5,2026-06-29,2026-06-29 19:54:02.726587
1173,Christina Branch,65,RI,2026-03-23,3,A,ENGAGED_MAINSTREAM,336.06,75.0,4,3.0,73283.1,25000.0,63.64,218.0,70066.92,-40519.79,RETAIL,38.07422018348623,26.85,MODERATE,0.0,N,N,N,N,MASTER_V1.5,2026-06-29,2026-06-29 19:54:02.726587
1199,Wendy Daugherty,50,WV,2013-07-04,155,A,CREDIT_DEPENDENT,8161.22,50.0,2,1.0,37444.04,0.0,0.0,84.0,5363.379999999999,5239.18,GROCERY,32.13999999999999,14.91,LOW,0.0,N,N,N,N,MASTER_V1.5,2026-06-29,2026-06-29 19:54:02.726587
1206,Jerry Hall,67,VI,2019-12-13,78,A,GROWING_DIGITAL,4398.04,100.0,2,2.0,78985.06,0.0,0.0,82.0,20350.8,-17431.34,TRAVEL,42.682682926829266,14.0,LOW,0.0,N,N,N,N,MASTER_V1.5,2026-06-29,2026-06-29 19:54:02.726587
1215,Julia Wheeler,64,NH,2020-08-12,70,A,VALUE_BASIC,3277.57,100.0,2,2.0,11666.73,10000.0,21.05,74.0,13028.630000000001,1303.9999999999982,TRAVEL,43.244729729729734,12.18,LOW,0.0,N,N,N,N,MASTER_V1.5,2026-06-29,2026-06-29 19:54:02.726587
1227,Danny Cole,37,VI,2013-05-02,157,A,CREDIT_DEPENDENT,8935.95,0.0,2,0.0,87848.68,0.0,0.0,97.0,5117.93,10215.66,RESTAURANT,42.26762886597938,20.0,MODERATE,0.0,N,N,N,Y,MASTER_V1.5,2026-06-29,2026-06-29 19:54:02.726587
1266,Courtney Kirby,83,MP,2026-03-01,3,A,ENGAGED_MAINSTREAM,269.2,66.67,3,2.0,157090.53,0.0,0.0,112.0,20913.49,-16265.04,RESTAURANT,36.606160714285714,10.68,LOW,0.0,N,N,N,N,MASTER_V1.5,2026-06-29,2026-06-29 19:54:02.726587
1267,Brooke Hancock,47,WI,2017-04-20,110,A,PREMIUM_WEALTH,8286.89,100.0,3,3.0,23033.76,5000.0,29.6,125.0,27112.0,-18911.41,TRAVEL,32.79816,33.29,MODERATE,0.0,N,N,N,N,MASTER_V1.5,2026-06-29,2026-06-29 19:54:02.726587
1271,Robin Wallace,32,MT,2023-02-04,40,A,GROWING_DIGITAL,2245.79,100.0,2,2.0,75278.01,0.0,0.0,97.0,30392.47,-18162.910000000003,TRAVEL,35.0541237113402,12.77,LOW,0.0,N,N,N,N,MASTER_V1.5,2026-06-29,2026-06-29 19:54:02.726587
1275,Jenny Stevens,40,DE,2013-06-21,156,A,GROWING_DIGITAL,8717.88,100.0,2,2.0,71450.93,15000.0,2.26,43.0,10205.99,3834.6499999999996,RESTAURANT,37.209767441860464,32.66,MODERATE,0.0,N,N,N,N,MASTER_V1.5,2026-06-29,2026-06-29 19:54:02.726587
1285,Thomas Lowe,55,MN,2013-06-06,156,A,VALUE_BASIC,2785.66,100.0,1,1.0,1264.86,0.0,0.0,29.0,921.07,875.9,GROCERY,55.169999999999995,28.36,MODERATE,0.0,N,Y,Y,N,MASTER_V1.5,2026-06-29,2026-06-29 19:54:02.726587
1288,Lisa Marquez,44,NY,2016-02-25,124,A,GROWING_DIGITAL,3398.61,100.0,1,1.0,57714.26,0.0,0.0,20.0,1507.19,-1293.1200000000001,GROCERY,30.0,21.0,MODERATE,0.0,N,Y,N,N,MASTER_V1.5,2026-06-29,2026-06-29 19:54:02.726587
1303,Brittany Ford,47,MA,2018-10-01,92,A,GROWING_DIGITAL,8028.23,100.0,3,3.0,112997.6,0.0,0.0,111.0,15811.08,5928.879999999999,TRAVEL,39.645585585585586,23.57,MODERATE,0.0,N,N,N,N,MASTER_V1.5,2026-06-29,2026-06-29 19:54:02.726587
1328,Tonya Terrell,75,MA,2022-05-26,49,A,ENGAGED_MAINSTREAM,5874.68,75.0,4,3.0,160997.95,15000.0,87.73,200.0,44617.85,-18938.37,TRAVEL,43.0033,5.94,LOW,0.0,N,N,N,N,MASTER_V1.5,2026-06-29,2026-06-29 19:54:02.726587
1331,Lauren Edwards,80,FM,2020-12-10,66,A,ENGAGED_MAINSTREAM,5502.15,100.0,3,3.0,67202.18,2000.0,40.76,177.0,27275.019999999997,3309.7400000000016,RETAIL,44.071920903954805,23.73,MODERATE,0.0,N,N,N,N,MASTER_V1.5,2026-06-29,2026-06-29 19:54:02.726587
1338,Melissa Ramirez,79,WI,2019-01-12,89,A,GROWING_DIGITAL,2056.82,100.0,1,1.0,10343.57,0.0,0.0,26.0,13848.28,-13012.34,TRAVEL,42.300000000000004,15.36,LOW,0.0,N,Y,N,N,MASTER_V1.5,2026-06-29,2026-06-29 19:54:02.726587
1380,Gregory Williams,34,RI,2021-02-25,64,A,PREMIUM_WEALTH,5179.14,100.0,3,3.0,48526.7,25000.0,98.56,148.0,20084.34,-12660.66,TRAVEL,37.16297297297297,26.64,MODERATE,0.0,N,N,N,N,MASTER_V1.5,2026-06-29,2026-06-29 19:54:02.726587
1394,Linda Simmons,31,OR,2014-10-12,140,A,PREMIUM_WEALTH,16221.2,100.0,4,4.0,107642.79,25000.0,62.68,148.0,21186.48,10365.869999999999,RESTAURANT,37.83581081081081,8.91,LOW,0.0,N,N,N,N,MASTER_V1.5,2026-06-29,2026-06-29 19:54:02.726587
1404,Robert Hurley,42,WI,2019-04-18,86,A,PREMIUM_WEALTH,7053.14,66.67,3,2.0,56111.46,15000.0,69.86,167.0,41451.0,1675.800000000003,TRAVEL,40.71988023952096,8.57,LOW,0.0,N,N,N,N,MASTER_V1.5,2026-06-29,2026-06-29 19:54:02.726587
1411,Elizabeth Williams,53,MI,2014-02-13,148,A,GROWING_DIGITAL,7664.84,100.0,2,2.0,31504.5,25000.0,46.63,95.0,12139.42,2389.8500000000004,GROCERY,44.21210526315789,23.93,MODERATE,0.0,N,N,N,N,MASTER_V1.5,2026-06-29,2026-06-29 19:54:02.726587
1413,Bradley Yang,31,NH,2022-10-21,44,A,PREMIUM_WEALTH,5109.17,100.0,4,4.0,110387.85,5000.0,18.39,150.0,33397.53,-19219.69,TRAVEL,32.669533333333334,25.82,MODERATE,0.0,N,N,N,N,MASTER_V1.5,2026-06-29,2026-06-29 19:54:02.726587
1418,Jeffrey Ruiz,27,NC,2017-02-03,112,A,PREMIUM_WEALTH,6198.51,100.0,2,2.0,64135.89,5000.0,87.72,55.0,1880.76,2445.08,RETAIL,41.81545454545454,28.27,MODERATE,0.0,N,N,N,N,MASTER_V1.5,2026-06-29,2026-06-29 19:54:02.726587
1440,Laura French,22,AR,2019-08-01,82,A,PREMIUM_WEALTH,4631.6,100.0,2,2.0,80546.29,2000.0,74.05,79.0,10746.36,1075.0,INSURANCE,27.845949367088608,10.64,LOW,0.0,N,N,N,N,MASTER_V1.5,2026-06-29,2026-06-29 19:54:02.726587
1442,Pamela Rodriguez,22,GA,2021-07-22,59,A,PREMIUM_WEALTH,4846.54,100.0,3,3.0,57103.93,5000.0,96.92,114.0,14392.410000000002,6988.849999999997,RETAIL,42.105438596491226,10.91,LOW,0.0,N,N,N,N,MASTER_V1.5,2026-06-29,2026-06-29 19:54:02.726587
1450,Kelly Oliver,40,AK,2019-06-10,84,A,GROWING_DIGITAL,4520.96,100.0,2,2.0,47296.01,2000.0,23.63,68.0,14923.5,6586.470000000001,RESTAURANT,42.6425,6.09,LOW,0.0,N,N,N,N,MASTER_V1.5,2026-06-29,2026-06-29 19:54:02.726587
1454,Tyler Golden,67,NH,2021-11-21,55,A,GROWING_DIGITAL,1428.87,100.0,1,1.0,32591.4,0.0,0.0,54.0,4937.49,7448.639999999999,HEALTHCARE,29.630000000000006,16.09,LOW,0.0,N,Y,N,N,MASTER_V1.5,2026-06-29,2026-06-29 19:54:02.726587
1464,Teresa Franco,37,AL,2015-09-30,129,A,CREDIT_DEPENDENT,7104.37,50.0,2,1.0,60750.59,0.0,0.0,63.0,22407.059999999998,-19954.249999999996,RESTAURANT,46.034285714285716,31.45,MODERATE,0.0,N,N,N,N,MASTER_V1.5,2026-06-29,2026-06-29 19:54:02.726587
1478,Amanda Griffin,66,NC,2011-10-29,176,A,ENGAGED_MAINSTREAM,20701.27,100.0,4,4.0,128294.98,5000.0,76.1,174.0,18455.67,-11341.379999999997,HEALTHCARE,32.185,9.18,LOW,0.0,N,N,N,N,MASTER_V1.5,2026-06-29,2026-06-29 19:54:02.726587
1498,William Johnston,38,FL,2013-04-10,158,A,PREMIUM_WEALTH,18939.36,100.0,4,4.0,160642.06,10000.0,0.43,178.0,27538.9,-12517.740000000002,UTILITIES,36.51488764044944,21.6,MODERATE,0.0,N,N,N,N,MASTER_V1.5,2026-06-29,2026-06-29 19:54:02.726587
1515,David Anderson,75,CO,2014-11-14,139,A,ENGAGED_MAINSTREAM,16239.64,100.0,4,4.0,118562.62,5000.0,26.6,204.0,52168.11,-14942.800000000003,RETAIL,39.21431372549019,15.27,LOW,0.0,N,N,N,N,MASTER_V1.5,2026-06-29,2026-06-29 19:54:02.726587
1523,John Hudson,51,NM,2022-05-11,49,A,GROWING_DIGITAL,2738.11,100.0,2,2.0,71393.32,0.0,0.0,49.0,9656.5,-1921.7600000000002,RESTAURANT,32.657551020408164,40.91,ELEVATED,0.0,N,N,N,N,MASTER_V1.5,2026-06-29,2026-06-29 19:54:02.726587
1530,Derek Farmer,77,VI,2013-02-19,160,A,GROWING_DIGITAL,4214.15,100.0,1,1.0,37623.53,0.0,0.0,20.0,9885.97,-9591.73,GAS_STATION,35.0,17.18,LOW,0.0,N,Y,N,N,MASTER_V1.5,2026-06-29,2026-06-29 19:54:02.726587
1533,Angela Roberts,20,FL,2018-02-11,100,A,GROWING_DIGITAL,2686.32,100.0,1,1.0,46411.34,0.0,0.0,29.0,9622.6,-8391.04,UTILITIES,51.73000000000001,15.64,LOW,0.0,N,Y,N,N,MASTER_V1.5,2026-06-29,2026-06-29 19:54:02.726587
1537,Richard Garza,79,DC,2013-08-18,154,A,ENGAGED_MAINSTREAM,12975.62,100.0,3,3.0,75682.24,2000.0,95.48,114.0,16297.92,-9172.43,UTILITIES,30.699473684210528,37.82,MODERATE,0.0,N,N,N,N,MASTER_V1.5,2026-06-29,2026-06-29 19:54:02.726587
1546,Patrick Shelton,40,SD,2025-12-28,6,A,CREDIT_DEPENDENT,112.62,0.0,1,0.0,1822.57,2000.0,91.13,59.0,2479.72,19756.05,GAS_STATION,30.5,15.0,LOW,0.0,N,N,N,N,MASTER_V1.5,2026-06-29,2026-06-29 19:54:02.726587
1564,Ashley Valenzuela,54,MO,2024-05-15,25,A,GROWING_DIGITAL,620.33,100.0,1,1.0,20441.92,0.0,0.0,17.0,547.74,10618.44,RESTAURANT,23.52,10.45,LOW,0.0,N,Y,N,N,MASTER_V1.5,2026-06-29,2026-06-29 19:54:02.726587
1576,Kathryn White,43,MT,2018-04-02,98,A,GROWING_DIGITAL,2445.72,100.0,1,1.0,21645.11,0.0,0.0,36.0,2787.46,-1535.43,RETAIL,38.88,22.73,MODERATE,0.0,N,Y,N,N,MASTER_V1.5,2026-06-29,2026-06-29 19:54:02.726587
1588,Gregory Phelps,31,ME,2021-04-26,62,A,GROWING_DIGITAL,1657.02,100.0,1,1.0,43935.56,0.0,0.0,52.0,34468.91,-3535.7400000000052,ENTERTAINMENT,36.53999999999999,17.36,LOW,0.0,N,Y,N,N,MASTER_V1.5,2026-06-29,2026-06-29 19:54:02.726587
1610,Shelby Ruiz,27,ND,2023-10-09,32,A,GROWING_DIGITAL,1535.61,100.0,2,2.0,14728.61,25000.0,21.05,94.0,33014.25,-12691.259999999998,GROCERY,40.42978723404255,16.87,LOW,0.0,N,N,N,N,MASTER_V1.5,2026-06-29,2026-06-29 19:54:02.726587
1615,Derek Morales,43,MS,2023-04-17,38,A,GROWING_DIGITAL,2128.24,100.0,2,2.0,73222.34,0.0,0.0,98.0,31387.96,-3328.3899999999994,RESTAURANT,45.91836734693877,10.09,LOW,0.0,N,N,N,N,MASTER_V1.5,2026-06-29,2026-06-29 19:54:02.726587
1619,Jorge Mcdaniel,53,MD,2022-06-16,48,A,ENGAGED_MAINSTREAM,5678.17,100.0,4,4.0,137243.84,25000.0,67.85,202.0,38536.62,100.34999999999854,RETAIL,44.555247524752474,30.18,MODERATE,0.0,N,N,N,N,MASTER_V1.5,2026-06-29,2026-06-29 19:54:02.726587
1658,Donna Gibson,80,FL,2023-11-19,31,A,ENGAGED_MAINSTREAM,2524.64,100.0,3,3.0,51983.45,10000.0,56.6,97.0,14511.240000000002,-9712.240000000002,TRAVEL,42.27257731958763,18.36,LOW,0.0,N,N,N,N,MASTER_V1.5,2026-06-29,2026-06-29 19:54:02.726587
1669,Thomas Hart,52,FM,2024-09-12,21,A,CREDIT_DEPENDENT,1180.43,50.0,2,1.0,76283.95,5000.0,72.55,60.0,5152.38,-3317.7300000000005,RESTAURANT,38.33,26.06,MODERATE,0.0,N,N,N,N,MASTER_V1.5,2026-06-29,2026-06-29 19:54:02.726587
1675,Mckenzie Mills,76,WI,2024-12-16,18,A,GROWING_DIGITAL,933.99,100.0,2,2.0,32132.66,0.0,0.0,52.0,10960.5,-3785.41,GROCERY,36.5373076923077,22.64,MODERATE,0.0,N,N,N,N,MASTER_V1.5,2026-06-29,2026-06-29 19:54:02.726587
1689,Allen Waller,84,CO,2013-02-27,160,A,ENGAGED_MAINSTREAM,18004.91,75.0,4,3.0,77116.33,2000.0,90.63,218.0,38847.31999999999,-19333.359999999993,RETAIL,38.07495412844037,13.36,LOW,0.0,N,N,N,N,MASTER_V1.5,2026-06-29,2026-06-29 19:54:02.726587
1691,Kristy Lee,56,CA,2020-10-30,68,A,CREDIT_DEPENDENT,1643.43,0.0,1,0.0,15791.96,0.0,0.0,29.0,12070.77,-11440.550000000001,RESTAURANT,34.49,2.2,LOW,0.0,N,N,N,Y,MASTER_V1.5,2026-06-29,2026-06-29 19:54:02.726587
1702,Heidi Smith,22,DC,2016-08-30,118,A,GROWING_DIGITAL,3172.72,100.0,1,1.0,46862.91,0.0,0.0,72.0,13787.01,11743.97,GROCERY,45.83,21.45,MODERATE,0.0,N,Y,N,N,MASTER_V1.5,2026-06-29,2026-06-29 19:54:02.726587
1705,David Carter,29,VT,2021-04-16,62,A,PREMIUM_WEALTH,7286.37,75.0,4,3.0,127033.82,5000.0,76.82,184.0,11992.69,4179.279999999999,RETAIL,36.95739130434782,15.82,LOW,0.0,N,N,N,N,MASTER_V1.5,2026-06-29,2026-06-29 19:54:02.726587
1722,Matthew Taylor,78,OK,2021-02-22,64,A,GROWING_DIGITAL,3342.42,100.0,2,2.0,34374.39,25000.0,10.98,104.0,13921.14,3163.350000000002,GROCERY,36.53923076923077,22.18,MODERATE,0.0,N,N,N,N,MASTER_V1.5,2026-06-29,2026-06-29 19:54:02.726587
1724,Matthew Wagner,69,MH,2023-07-25,35,A,GROWING_DIGITAL,915.89,100.0,1,1.0,35148.0,0.0,0.0,66.0,13144.3,-3132.789999999999,RESTAURANT,36.36,0.36,LOW,0.0,N,Y,N,N,MASTER_V1.5,2026-06-29,2026-06-29 19:54:02.726587
1743,Kim Barber,45,NH,2015-02-03,136,A,CREDIT_DEPENDENT,3634.86,0.0,1,0.0,43947.92,0.0,0.0,12.0,465.37,46.82000000000005,GAS_STATION,41.67,18.65,LOW,0.0,N,N,N,Y,MASTER_V1.5,2026-06-29,2026-06-29 19:54:02.726587
1758,Michelle Wilson,76,NY,2021-12-31,54,A,GROWING_DIGITAL,2530.91,100.0,2,2.0,11775.08,0.0,0.0,78.0,16965.54,-13423.800000000001,HEALTHCARE,35.89846153846153,20.64,MODERATE,0.0,N,N,N,N,MASTER_V1.5,2026-06-29,2026-06-29 19:54:02.726587
1760,Carolyn Ortiz,60,KY,2025-09-09,9,A,GROWING_DIGITAL,464.18,100.0,2,2.0,30183.02,0.0,0.0,99.0,5030.6900000000005,-1012.6900000000005,HEALTHCARE,35.35111111111111,1.27,LOW,0.0,N,N,N,N,MASTER_V1.5,2026-06-29,2026-06-29 19:54:02.726587
1765,Michael Harrell,52,NH,2013-04-25,158,A,PREMIUM_WEALTH,8233.43,100.0,2,2.0,33592.47,2000.0,81.04,71.0,11244.849999999999,302.1000000000022,RETAIL,47.88633802816902,12.34,LOW,0.0,N,N,N,N,MASTER_V1.5,2026-06-29,2026-06-29 19:54:02.726587
1783,Christina Nguyen,58,IA,2014-01-05,149,A,VALUE_BASIC,3210.31,100.0,1,1.0,5531.83,0.0,0.0,72.0,4207.29,400.52999999999975,UTILITIES,34.72,23.67,MODERATE,0.0,N,Y,Y,N,MASTER_V1.5,2026-06-29,2026-06-29 19:54:02.726587
1800,Ryan Bishop,48,MD,2015-08-29,130,A,GROWING_DIGITAL,11058.33,100.0,3,3.0,84278.46,0.0,0.0,141.0,10621.35,-5359.52,TRAVEL,34.039858156028366,12.82,LOW,0.0,N,N,N,N,MASTER_V1.5,2026-06-29,2026-06-29 19:54:02.726587
1827,Anthony Mclaughlin,80,AS,2020-01-08,77,A,ENGAGED_MAINSTREAM,6765.56,100.0,3,3.0,122424.77,15000.0,18.74,133.0,18835.39,26182.850000000006,RESTAURANT,36.08827067669173,20.33,MODERATE,0.0,N,N,N,N,MASTER_V1.5,2026-06-29,2026-06-29 19:54:02.726587
1863,Andrew Byrd,29,AL,2025-01-28,17,A,PREMIUM_WEALTH,1347.75,100.0,3,3.0,38971.51,10000.0,87.73,138.0,18319.43,-12741.380000000001,RESTAURANT,32.61021739130435,17.45,LOW,0.0,N,N,N,N,MASTER_V1.5,2026-06-29,2026-06-29 19:54:02.726587
1871,Laura Salas,63,CT,2012-04-14,170,A,ENGAGED_MAINSTREAM,14640.55,100.0,3,3.0,97031.19,2000.0,6.56,72.0,13543.970000000001,1799.2799999999988,RETAIL,43.05902777777778,9.52,LOW,0.0,N,N,N,N,MASTER_V1.5,2026-06-29,2026-06-29 19:54:02.726587
1872,Norma Clark,28,MA,2025-12-08,6,A,GROWING_DIGITAL,327.14,100.0,2,2.0,54424.05,0.0,0.0,85.0,7461.7,-4997.94,UTILITIES,35.3,7.66,LOW,0.0,N,N,N,N,MASTER_V1.5,2026-06-29,2026-06-29 19:54:02.726587
1876,Troy Adams,38,MA,2022-03-02,51,A,PREMIUM_WEALTH,2911.23,100.0,2,2.0,90816.16,25000.0,55.55,82.0,12546.57,-9285.439999999999,RESTAURANT,41.46670731707317,10.91,LOW,0.0,N,N,N,N,MASTER_V1.5,2026-06-29,2026-06-29 19:54:02.726587
1898,Alec Cochran,76,NY,2025-07-25,11,A,VALUE_BASIC,263.07,100.0,1,1.0,14271.89,25000.0,57.09,64.0,3722.52,9559.199999999999,RESTAURANT,37.5,21.45,MODERATE,0.0,N,Y,N,N,MASTER_V1.5,2026-06-29,2026-06-29 19:54:02.726587
1908,Donna Jones,66,MN,2014-12-19,138,A,GROWING_DIGITAL,8045.32,100.0,2,2.0,115829.8,0.0,0.0,107.0,13616.09,7167.890000000003,UTILITIES,41.11700934579439,16.96,LOW,0.0,N,N,N,N,MASTER_V1.5,2026-06-29,2026-06-29 19:54:02.726587
1909,George Heath,81,SD,2019-03-24,87,A,ENGAGED_MAINSTREAM,6763.3,100.0,3,3.0,31736.09,10000.0,25.33,160.0,44613.340000000004,-11476.590000000004,TRAVEL,36.2518125,7.27,LOW,0.0,N,N,N,N,MASTER_V1.5,2026-06-29,2026-06-29 19:54:02.726587
1918,Jennifer Evans,54,VA,2021-12-09,54,A,ENGAGED_MAINSTREAM,4646.06,100.0,3,3.0,95965.45,15000.0,33.64,130.0,27741.45,-12693.420000000002,TRAVEL,34.61338461538461,16.0,LOW,0.0,N,N,N,N,MASTER_V1.5,2026-06-29,2026-06-29 19:54:02.726587
1929,Sally Murphy,84,PR,2013-03-14,159,A,GROWING_DIGITAL,4131.63,100.0,1,1.0,32663.98,0.0,0.0,48.0,9316.76,-7843.06,GAS_STATION,43.75,36.64,MODERATE,0.0,N,Y,N,N,MASTER_V1.5,2026-06-29,2026-06-29 19:54:02.726587
1932,Andrew Garcia,29,AK,2014-01-13,149,A,PREMIUM_WEALTH,17437.73,100.0,4,4.0,120955.27,15000.0,78.96,145.0,42748.840000000004,-6361.1600000000035,HEALTHCARE,43.44841379310345,10.91,LOW,0.0,N,N,N,N,MASTER_V1.5,2026-06-29,2026-06-29 19:54:02.726587
1942,Gary Perry,29,NV,2013-12-29,150,A,CREDIT_DEPENDENT,8683.49,50.0,2,1.0,106722.79,0.0,0.0,47.0,13130.8,-2426.3099999999977,INSURANCE,25.52957446808511,16.16,LOW,0.0,N,N,N,N,MASTER_V1.5,2026-06-29,2026-06-29 19:54:02.726587
1945,Glenn Morales,71,IA,2016-10-22,116,A,ENGAGED_MAINSTREAM,13800.92,75.0,4,3.0,146875.91,25000.0,86.25,199.0,34369.35,6420.25,UTILITIES,40.702663316582914,20.29,MODERATE,0.0,N,N,N,N,MASTER_V1.5,2026-06-29,2026-06-29 19:54:02.726587
1948,Carol Bird,70,VT,2015-12-28,126,A,CREDIT_DEPENDENT,6982.87,50.0,2,1.0,65115.69,0.0,0.0,41.0,3214.2,-1009.6799999999998,GROCERY,41.463902439024395,9.4,LOW,0.0,N,N,N,N,MASTER_V1.5,2026-06-29,2026-06-29 19:54:02.726587
1949,Veronica Jefferson,78,PW,2019-06-28,84,A,ENGAGED_MAINSTREAM,7394.12,100.0,3,3.0,125078.67,2000.0,42.62,123.0,21175.6,-5336.269999999997,UTILITIES,42.27715447154471,23.09,MODERATE,0.0,N,N,N,N,MASTER_V1.5,2026-06-29,2026-06-29 19:54:02.726587
1950,Carol Jarvis,74,PW,2025-10-18,8,A,GROWING_DIGITAL,429.71,100.0,2,2.0,46288.72,0.0,0.0,60.0,4229.59,20082.12,HEALTHCARE,23.334000000000003,14.64,LOW,0.0,N,N,N,N,MASTER_V1.5,2026-06-29,2026-06-29 19:54:02.726587
1951,Teresa Benson,38,KS,2021-08-08,58,A,PREMIUM_WEALTH,6825.1,100.0,4,4.0,128980.71,25000.0,43.77,172.0,29098.9,18155.049999999996,TRAVEL,39.52947674418605,3.91,LOW,0.0,N,N,N,N,MASTER_V1.5,2026-06-29,2026-06-29 19:54:02.726587
1953,Matthew Franklin,28,FM,2018-09-07,93,A,PREMIUM_WEALTH,7947.05,100.0,3,3.0,88753.56,25000.0,50.06,108.0,22824.98,-5412.84,RETAIL,30.560925925925925,3.18,LOW,0.0,N,N,N,N,MASTER_V1.5,2026-06-29,2026-06-29 19:54:02.726587
1960,Kathleen Meyer,66,OH,2021-02-02,64,A,ENGAGED_MAINSTREAM,5466.27,100.0,3,3.0,88262.07,10000.0,74.04,116.0,25312.04,5849.209999999999,HEALTHCARE,32.75810344827587,14.18,LOW,0.0,N,N,N,N,MASTER_V1.5,2026-06-29,2026-06-29 19:54:02.726587
1973,Laura Smith,34,CT,2023-09-20,33,A,PREMIUM_WEALTH,3937.81,100.0,4,4.0,152170.85,2000.0,67.97,195.0,32893.34,-4608.159999999996,TRAVEL,36.92384615384615,9.62,LOW,0.0,N,N,N,N,MASTER_V1.5,2026-06-29,2026-06-29 19:54:02.726587
1982,Samuel Scott,47,NJ,2014-05-22,145,A,PREMIUM_WEALTH,12366.44,100.0,3,3.0,86807.09,10000.0,70.26,183.0,53608.53,-14351.220000000001,RETAIL,30.059071038251368,9.66,LOW,0.0,N,N,N,N,MASTER_V1.5,2026-06-29,2026-06-29 19:54:02.726587
1989,Sabrina Sanders,33,NJ,2021-02-07,64,A,PREMIUM_WEALTH,5568.94,66.67,3,2.0,109312.41,25000.0,86.49,132.0,7951.950000000001,8027.85,TRAVEL,37.87689393939394,27.76,MODERATE,0.0,N,N,N,N,MASTER_V1.5,2026-06-29,2026-06-29 19:54:02.726587
2006,Adrian Morrison,79,TN,2019-04-14,86,A,ENGAGED_MAINSTREAM,7188.34,100.0,3,3.0,69197.35,0.0,0.0,82.0,11481.86,11170.14,RETAIL,30.488170731707314,23.36,MODERATE,0.0,N,N,N,N,MASTER_V1.5,2026-06-29,2026-06-29 19:54:02.726587
2014,Thomas Gutierrez,44,PA,2021-04-27,62,A,PREMIUM_WEALTH,7388.53,75.0,4,3.0,149789.08,15000.0,10.54,178.0,37037.41,-22823.750000000004,TRAVEL,38.204157303370785,22.73,MODERATE,0.0,N,N,N,N,MASTER_V1.5,2026-06-29,2026-06-29 19:54:02.726587
2020,James Thomas,36,VI,2015-11-16,127,A,PREMIUM_WEALTH,13515.37,100.0,4,4.0,41857.44,5000.0,93.04,217.0,50330.44,-31321.420000000002,UTILITIES,43.31589861751152,5.73,LOW,0.0,N,N,N,N,MASTER_V1.5,2026-06-29,2026-06-29 19:54:02.726587
2051,Melissa Long,38,SD,2014-05-27,145,A,GROWING_DIGITAL,3683.83,100.0,1,1.0,25907.77,0.0,0.0,31.0,2698.62,-950.8199999999999,GROCERY,41.93999999999999,15.64,LOW,0.0,N,Y,N,N,MASTER_V1.5,2026-06-29,2026-06-29 19:54:02.726587
2064,Michael Wilson,67,DC,2021-03-27,63,A,ENGAGED_MAINSTREAM,7360.69,100.0,4,4.0,118614.98,15000.0,28.83,235.0,38574.63,19031.250000000007,UTILITIES,40.425617021276594,35.55,MODERATE,0.0,N,N,N,N,MASTER_V1.5,2026-06-29,2026-06-29 19:54:02.726587
2066,Ashley Hill,83,MH,2020-01-15,77,A,GROWING_DIGITAL,4301.88,100.0,2,2.0,71233.41,0.0,0.0,112.0,6613.32,-876.04,RETAIL,40.17366071428571,13.79,LOW,0.0,N,N,N,N,MASTER_V1.5,2026-06-29,2026-06-29 19:54:02.726587
2077,Rodney Landry,61,WY,2019-08-12,82,A,ENGAGED_MAINSTREAM,6954.19,100.0,3,3.0,81440.52,25000.0,46.92,170.0,15646.82,26704.46,TRAVEL,33.52470588235295,7.81,LOW,0.0,N,N,N,N,MASTER_V1.5,2026-06-29,2026-06-29 19:54:02.726587
2112,Rhonda Reese,58,WA,2020-09-07,69,A,ENGAGED_MAINSTREAM,6083.09,100.0,3,3.0,127359.1,10000.0,62.49,117.0,30369.35,-17181.28,RETAIL,32.479145299145294,8.48,LOW,0.0,N,N,N,N,MASTER_V1.5,2026-06-29,2026-06-29 19:54:02.726587
2117,Willie Farley,80,NE,2024-01-05,29,A,GROWING_DIGITAL,788.97,100.0,1,1.0,53229.31,0.0,0.0,41.0,2475.52,-532.0699999999999,RESTAURANT,39.019999999999996,28.73,MODERATE,0.0,N,Y,N,N,MASTER_V1.5,2026-06-29,2026-06-29 19:54:02.726587
2141,John Wang,75,MO,2019-02-12,88,A,CREDIT_DEPENDENT,4693.24,50.0,2,1.0,42892.55,10000.0,12.61,69.0,10399.84,3771.3600000000006,RESTAURANT,44.93043478260869,18.18,LOW,0.0,N,N,N,N,MASTER_V1.5,2026-06-29,2026-06-29 19:54:02.726587
2169,Kimberly Morales,35,WY,2017-03-22,111,A,PREMIUM_WEALTH,13347.07,100.0,4,4.0,166772.67,25000.0,60.68,160.0,40950.369999999995,-31969.259999999995,RETAIL,40.624249999999996,25.55,MODERATE,0.0,N,N,N,N,MASTER_V1.5,2026-06-29,2026-06-29 19:54:02.726587
2188,Deborah Smith,52,MD,2022-05-16,49,A,GROWING_DIGITAL,1144.26,100.0,1,1.0,11394.61,0.0,0.0,71.0,36132.5,-34809.24,GAS_STATION,43.66,9.18,LOW,0.0,N,Y,N,N,MASTER_V1.5,2026-06-29,2026-06-29 19:54:02.726587
2190,John Stout,80,TX,2012-07-25,167,A,ENGAGED_MAINSTREAM,14602.18,66.67,3,2.0,115662.42,0.0,0.0,157.0,28878.73,-15365.359999999999,INSURANCE,42.673503184713375,12.55,LOW,0.0,N,N,N,N,MASTER_V1.5,2026-06-29,2026-06-29 19:54:02.726587
2211,Luke Myers,75,VT,2021-04-10,62,A,CREDIT_DEPENDENT,2963.13,50.0,2,1.0,14164.47,5000.0,48.63,107.0,14565.89,155.8100000000013,TRAVEL,35.513084112149535,7.55,LOW,0.0,N,N,N,N,MASTER_V1.5,2026-06-29,2026-06-29 19:54:02.726587
2218,Bianca Fisher,30,SC,2017-03-24,111,A,PREMIUM_WEALTH,12953.18,100.0,4,4.0,116953.41,25000.0,10.56,168.0,17139.59,-1784.8999999999996,TRAVEL,38.69077380952381,7.49,LOW,0.0,N,N,N,N,MASTER_V1.5,2026-06-29,2026-06-29 19:54:02.726587
2257,Paul Clark,25,HI,2023-01-15,41,A,PREMIUM_WEALTH,4886.94,100.0,4,4.0,150145.67,25000.0,25.05,161.0,27435.5,529.0599999999977,UTILITIES,34.78552795031056,34.4,MODERATE,0.0,N,N,N,N,MASTER_V1.5,2026-06-29,2026-06-29 19:54:02.726587
2261,Sarah Martin,79,WI,2016-03-03,123,A,VALUE_BASIC,2768.54,100.0,1,1.0,8130.49,0.0,0.0,38.0,3961.76,-2701.88,GROCERY,52.629999999999995,21.18,MODERATE,0.0,N,Y,Y,N,MASTER_V1.5,2026-06-29,2026-06-29 19:54:02.726587
2266,David Richardson,28,AK,2025-03-04,15,A,VALUE_BASIC,260.69,100.0,1,1.0,1045.01,25000.0,4.18,57.0,24821.18,-13510.51,EDUCATION,24.569999999999997,15.67,LOW,0.0,N,Y,Y,N,MASTER_V1.5,2026-06-29,2026-06-29 19:54:02.726587
2284,Karen Martin,25,DC,2016-08-04,118,A,GROWING_DIGITAL,3300.87,100.0,1,1.0,72359.35,0.0,0.0,66.0,5354.78,-2517.7,GROCERY,27.279999999999998,18.55,LOW,0.0,N,Y,N,N,MASTER_V1.5,2026-06-29,2026-06-29 19:54:02.726587
2285,Thomas Barker,62,PA,2017-09-28,105,A,CREDIT_DEPENDENT,6170.67,50.0,2,1.0,127218.37,0.0,0.0,104.0,26159.31,-6654.590000000004,RESTAURANT,41.34538461538462,27.55,MODERATE,0.0,N,N,N,N,MASTER_V1.5,2026-06-29,2026-06-29 19:54:02.726587
2294,Robert Payne,70,ID,2026-02-04,4,A,ENGAGED_MAINSTREAM,351.94,66.67,3,2.0,124391.1,0.0,0.0,146.0,20204.559999999998,-12889.199999999997,UTILITIES,30.142054794520547,0.0,LOW,0.0,N,N,N,N,MASTER_V1.5,2026-06-29,2026-06-29 19:54:02.726587
2298,Stephen Jenkins,38,NE,2021-03-03,63,A,PREMIUM_WEALTH,5142.78,100.0,3,3.0,53326.12,2000.0,11.48,136.0,18324.02,-3179.8200000000015,RESTAURANT,40.44492647058823,12.64,LOW,0.0,N,N,N,N,MASTER_V1.5,2026-06-29,2026-06-29 19:54:02.726587
2311,Joseph Roberson,66,NJ,2024-08-11,22,A,ENGAGED_MAINSTREAM,1832.77,66.67,3,2.0,66682.36,2000.0,47.46,106.0,41010.81,-12863.79,RESTAURANT,43.396320754716974,8.45,LOW,0.0,N,N,N,N,MASTER_V1.5,2026-06-29,2026-06-29 19:54:02.726587
2319,William Welch,78,PW,2023-06-11,36,A,ENGAGED_MAINSTREAM,1942.69,100.0,2,2.0,48666.13,25000.0,41.56,70.0,2351.67,24691.339999999997,TRAVEL,32.861714285714285,11.82,LOW,0.0,N,N,N,N,MASTER_V1.5,2026-06-29,2026-06-29 19:54:02.726587
2324,Shawn Welch,35,NY,2013-06-09,156,A,PREMIUM_WEALTH,13349.59,100.0,3,3.0,90211.32,5000.0,70.04,169.0,30333.41,-11886.66,TRAVEL,40.23644970414202,12.36,LOW,0.0,N,N,N,N,MASTER_V1.5,2026-06-29,2026-06-29 19:54:02.726587
2328,Beth Garcia,43,VT,2021-01-05,65,A,PREMIUM_WEALTH,7420.2,100.0,4,4.0,90734.06,15000.0,26.61,178.0,41302.72,-23123.71,TRAVEL,35.39073033707865,29.73,MODERATE,0.0,N,N,N,N,MASTER_V1.5,2026-06-29,2026-06-29 19:54:02.726587
2329,Daniel Campbell,54,AS,2020-05-19,73,A,GROWING_DIGITAL,6442.7,100.0,3,3.0,128989.45,0.0,0.0,99.0,26004.19,13093.819999999996,PAWN_SHOP,39.39343434343434,19.91,LOW,0.0,N,N,N,N,MASTER_V1.5,2026-06-29,2026-06-29 19:54:02.726587
2342,William Ross,35,WI,2018-11-20,91,A,GROWING_DIGITAL,2548.87,100.0,1,1.0,73410.65,0.0,0.0,32.0,10242.36,6343.489999999998,UTILITIES,43.76,7.0,LOW,0.0,N,Y,N,N,MASTER_V1.5,2026-06-29,2026-06-29 19:54:02.726587
2346,Julie Cabrera,26,NE,2017-10-23,104,A,CREDIT_DEPENDENT,5574.59,0.0,2,0.0,45268.75,15000.0,31.38,112.0,6239.200000000001,12814.879999999997,RETAIL,30.354821428571427,23.27,MODERATE,0.0,N,N,N,Y,MASTER_V1.5,2026-06-29,2026-06-29 19:54:02.726587
2362,Justin Skinner,19,TX,2025-02-02,16,A,PREMIUM_WEALTH,1429.7,100.0,3,3.0,149364.3,10000.0,29.06,171.0,46024.52,-18761.809999999998,TRAVEL,34.50333333333333,22.21,MODERATE,0.0,N,N,N,N,MASTER_V1.5,2026-06-29,2026-06-29 19:54:02.726587
2363,Samantha Williams,58,CT,2024-11-08,19,A,GROWING_DIGITAL,1052.13,100.0,2,2.0,64538.17,10000.0,3.91,106.0,5483.280000000001,7091.35,GROCERY,38.679811320754716,9.55,LOW,0.0,N,N,N,N,MASTER_V1.5,2026-06-29,2026-06-29 19:54:02.726587
2390,Dorothy Chavez,72,DE,2011-12-01,174,A,VALUE_BASIC,3974.8,100.0,1,1.0,9297.33,10000.0,92.97,49.0,1815.51,1564.3999999999999,GROCERY,46.93000000000001,9.91,LOW,0.0,N,Y,Y,N,MASTER_V1.5,2026-06-29,2026-06-29 19:54:02.726587
2392,William Brown,75,ID,2018-12-25,90,A,GROWING_DIGITAL,2077.33,100.0,1,1.0,10224.9,0.0,0.0,39.0,2506.68,10212.199999999999,RESTAURANT,33.33,12.85,LOW,0.0,N,Y,N,N,MASTER_V1.5,2026-06-29,2026-06-29 19:54:02.726587
2408,Veronica Conley,30,IL,2019-12-15,78,A,GROWING_DIGITAL,1987.21,100.0,1,1.0,26656.74,0.0,0.0,61.0,17621.55,-15613.59,ENTERTAINMENT,47.540000000000006,9.55,LOW,0.0,N,Y,N,N,MASTER_V1.5,2026-06-29,2026-06-29 19:54:02.726587
2411,Tom Diaz,19,MS,2015-05-01,133,A,PREMIUM_WEALTH,11041.58,100.0,3,3.0,64167.84,25000.0,93.0,177.0,38970.490000000005,381.79999999999563,RESTAURANT,32.77016949152542,11.82,LOW,0.0,N,N,N,N,MASTER_V1.5,2026-06-29,2026-06-29 19:54:02.726587
2414,Jessica Smith,77,FL,2021-09-20,57,A,GROWING_DIGITAL,3089.57,100.0,2,2.0,51051.75,0.0,0.0,88.0,23560.25,1472.0400000000009,GROCERY,39.77522727272728,9.05,LOW,0.0,N,N,N,N,MASTER_V1.5,2026-06-29,2026-06-29 19:54:02.726587
2437,Ashley Fuller,65,MA,2012-10-07,164,A,CREDIT_DEPENDENT,4147.55,0.0,1,0.0,24734.95,0.0,0.0,55.0,23113.88,-18251.120000000003,RESTAURANT,34.55,9.82,LOW,0.0,N,N,N,Y,MASTER_V1.5,2026-06-29,2026-06-29 19:54:02.726587
2457,Michele Williamson,30,CT,2021-08-27,58,A,GROWING_DIGITAL,3308.08,100.0,2,2.0,89965.6,0.0,0.0,135.0,19569.260000000002,16272.079999999994,RESTAURANT,37.03614814814815,14.64,LOW,0.0,N,N,N,N,MASTER_V1.5,2026-06-29,2026-06-29 19:54:02.726587
2484,Brandi Soto,31,OH,2014-05-11,145,A,GROWING_DIGITAL,3449.59,100.0,1,1.0,13576.7,0.0,0.0,69.0,3540.81,7626.560000000001,GAS_STATION,39.129999999999995,3.55,LOW,0.0,N,Y,N,N,MASTER_V1.5,2026-06-29,2026-06-29 19:54:02.726587
2492,Mark Walker,70,MO,2020-06-18,72,A,VALUE_BASIC,1622.82,100.0,1,1.0,8231.0,15000.0,54.87,47.0,2780.82,410.92999999999984,RESTAURANT,29.79,17.77,LOW,0.0,N,Y,Y,N,MASTER_V1.5,2026-06-29,2026-06-29 19:54:02.726587
2494,Tammy Jones,80,IL,2024-06-28,24,A,GROWING_DIGITAL,643.2,100.0,1,1.0,45253.8,0.0,0.0,50.0,4233.94,-2963.8599999999997,GAS_STATION,38.0,13.45,LOW,0.0,N,Y,N,N,MASTER_V1.5,2026-06-29,2026-06-29 19:54:02.726587
2497,Jose Johnson,53,LA,2025-03-05,15,A,GROWING_DIGITAL,844.69,100.0,2,2.0,77853.87,0.0,0.0,93.0,6840.17,5422.52,GROCERY,40.859032258064516,0.0,LOW,0.0,N,N,N,N,MASTER_V1.5,2026-06-29,2026-06-29 19:54:02.726587
2506,Brian Ayala,20,WI,2011-10-23,176,A,GROWING_DIGITAL,8727.86,100.0,2,2.0,20292.8,15000.0,5.79,123.0,61747.270000000004,-24682.380000000005,UTILITIES,39.83585365853658,13.73,LOW,0.0,N,N,N,N,MASTER_V1.5,2026-06-29,2026-06-29 19:54:02.726587
2511,Brian Hall,72,NC,2018-01-01,101,A,ENGAGED_MAINSTREAM,8578.82,66.67,3,2.0,82882.57,15000.0,39.73,108.0,22610.66,-9897.06,GROCERY,35.18574074074074,12.55,LOW,0.0,N,N,N,N,MASTER_V1.5,2026-06-29,2026-06-29 19:54:02.726587
2514,Chase Martinez,37,MD,2023-08-12,34,A,PREMIUM_WEALTH,4002.46,100.0,4,4.0,129564.96,15000.0,31.86,186.0,33081.2,-7529.779999999999,RETAIL,41.93521505376344,7.82,LOW,0.0,N,N,N,N,MASTER_V1.5,2026-06-29,2026-06-29 19:54:02.726587
2605,Kimberly Mann,43,LA,2019-02-21,88,A,GROWING_DIGITAL,5032.93,100.0,2,2.0,92825.56,0.0,0.0,93.0,23830.760000000002,-11457.740000000002,GROCERY,41.93419354838709,24.91,MODERATE,0.0,N,N,N,N,MASTER_V1.5,2026-06-29,2026-06-29 19:54:02.726587
2616,Todd Robles,69,MP,2015-11-06,127,A,CREDIT_DEPENDENT,2064.76,0.0,1,0.0,667.27,2000.0,33.36,33.0,9797.25,-7696.030000000001,HEALTHCARE,33.33,21.27,MODERATE,0.0,N,N,N,Y,MASTER_V1.5,2026-06-29,2026-06-29 19:54:02.726587
2631,April Cox,48,FM,2021-04-05,62,A,GROWING_DIGITAL,3551.22,100.0,2,2.0,94424.34,0.0,0.0,120.0,28153.06,-17254.83,INSURANCE,40.836666666666666,10.55,LOW,0.0,N,N,N,N,MASTER_V1.5,2026-06-29,2026-06-29 19:54:02.726587
2635,Curtis Sanders,84,NM,2025-07-08,11,A,GROWING_DIGITAL,310.36,100.0,1,1.0,79675.46,0.0,0.0,75.0,22593.43,-20295.72,EDUCATION,36.0,9.36,LOW,0.0,N,Y,N,N,MASTER_V1.5,2026-06-29,2026-06-29 19:54:02.726587
2655,Adam Vaughn,47,LA,2017-07-22,107,A,PREMIUM_WEALTH,12774.23,75.0,4,3.0,153051.3,15000.0,83.58,155.0,44089.02,-21669.489999999998,UTILITIES,38.06432258064517,12.64,LOW,0.0,N,N,N,N,MASTER_V1.5,2026-06-29,2026-06-29 19:54:02.726587
2656,Amy Edwards,34,ID,2023-05-07,37,A,CREDIT_DEPENDENT,733.25,0.0,1,0.0,2771.11,10000.0,27.71,32.0,12347.23,-11462.59,INSURANCE,46.88,37.55,MODERATE,0.0,N,N,Y,N,MASTER_V1.5,2026-06-29,2026-06-29 19:54:02.726587
2665,Alexandra Harris,41,NV,2013-08-08,154,A,PREMIUM_WEALTH,13247.97,100.0,3,3.0,95808.62,2000.0,59.37,149.0,51027.97,-36613.71,TRAVEL,41.611409395973155,15.0,LOW,0.0,N,N,N,N,MASTER_V1.5,2026-06-29,2026-06-29 19:54:02.726587
2712,Christopher Blair,54,TN,2013-03-23,159,A,GROWING_DIGITAL,8466.53,100.0,2,2.0,42180.98,2000.0,3.69,92.0,12730.34,-9054.53,GROCERY,32.60999999999999,29.09,MODERATE,0.0,N,N,N,N,MASTER_V1.5,2026-06-29,2026-06-29 19:54:02.726587
2767,Tracy Richardson,66,VI,2013-04-21,158,A,GROWING_DIGITAL,4255.66,100.0,1,1.0,47753.95,0.0,0.0,49.0,1498.64,2884.2799999999997,GROCERY,30.61,3.55,LOW,0.0,N,Y,N,N,MASTER_V1.5,2026-06-29,2026-06-29 19:54:02.726587
2793,Tammy Welch,83,WI,2024-03-16,27,A,GROWING_DIGITAL,1543.41,100.0,2,2.0,92285.57,0.0,0.0,84.0,7478.61,-4628.349999999999,RETAIL,39.287142857142854,0.0,LOW,0.0,N,N,N,N,MASTER_V1.5,2026-06-29,2026-06-29 19:54:02.726587
2798,Jimmy Morse,48,MS,2018-10-24,92,A,PREMIUM_WEALTH,10731.53,100.0,4,4.0,116391.16,15000.0,93.15,165.0,24141.83,-5080.260000000002,UTILITIES,39.392787878787885,22.79,MODERATE,0.0,N,N,N,N,MASTER_V1.5,2026-06-29,2026-06-29 19:54:02.726587
2800,Ashley White,70,MN,2026-04-17,2,A,ENGAGED_MAINSTREAM,155.89,66.67,3,2.0,32621.02,5000.0,75.86,126.0,6067.96,18807.59,RETAIL,38.89,15.97,LOW,0.0,N,N,N,N,MASTER_V1.5,2026-06-29,2026-06-29 19:54:02.726587
2807,Matthew Marshall,66,SC,2019-06-09,84,A,GROWING_DIGITAL,4834.7,100.0,2,2.0,99826.31,0.0,0.0,104.0,24445.75,-3137.260000000002,GROCERY,34.6176923076923,16.85,LOW,0.0,N,N,N,N,MASTER_V1.5,2026-06-29,2026-06-29 19:54:02.726587
2829,Laura Clark,62,NY,2025-02-09,16,A,ENGAGED_MAINSTREAM,1868.03,75.0,4,3.0,117620.49,5000.0,9.2,240.0,44948.85,-21472.16,TRAVEL,38.33233333333333,17.56,LOW,0.0,N,N,N,N,MASTER_V1.5,2026-06-29,2026-06-29 19:54:02.726587
2830,Charles Nolan,78,LA,2021-01-25,65,A,ENGAGED_MAINSTREAM,7589.99,100.0,4,4.0,117819.73,5000.0,30.3,195.0,47932.479999999996,-19993.699999999997,RESTAURANT,36.921846153846154,10.73,LOW,0.0,N,N,N,N,MASTER_V1.5,2026-06-29,2026-06-29 19:54:02.726587
2831,Jordan Phillips,52,FL,2015-02-21,136,A,ENGAGED_MAINSTREAM,15895.78,100.0,4,4.0,119142.62,15000.0,36.63,185.0,46918.69,-22848.020000000004,UTILITIES,39.99983783783783,14.51,LOW,0.0,N,N,N,N,MASTER_V1.5,2026-06-29,2026-06-29 19:54:02.726587
2835,Cynthia Alvarez,22,KY,2013-11-07,151,A,GROWING_DIGITAL,8582.16,100.0,2,2.0,86431.12,0.0,0.0,131.0,20429.6,-15394.399999999998,RESTAURANT,44.27236641221375,8.2,LOW,0.0,N,N,N,N,MASTER_V1.5,2026-06-29,2026-06-29 19:54:02.726587
2866,Luis Mccann,22,GU,2018-10-06,92,A,CREDIT_DEPENDENT,5205.95,50.0,2,1.0,82231.22,0.0,0.0,77.0,4430.139999999999,6831.02,RETAIL,37.65714285714286,17.37,LOW,0.0,N,N,N,N,MASTER_V1.5,2026-06-29,2026-06-29 19:54:02.726587
2879,Theresa Wang,61,MT,2023-07-04,35,A,CREDIT_DEPENDENT,2019.32,50.0,2,1.0,102641.34,0.0,0.0,86.0,6395.639999999999,17865.489999999998,UTILITIES,37.2093023255814,15.55,LOW,0.0,N,N,N,N,MASTER_V1.5,2026-06-29,2026-06-29 19:54:02.726587
2883,Daniel Sanchez,51,AL,2024-04-07,26,A,GROWING_DIGITAL,681.73,100.0,1,1.0,35886.01,0.0,0.0,45.0,13824.53,-13234.400000000001,RESTAURANT,37.78,11.18,LOW,0.0,N,Y,N,N,MASTER_V1.5,2026-06-29,2026-06-29 19:54:02.726587
2889,Kimberly Gutierrez,35,WA,2016-05-01,121,A,CREDIT_DEPENDENT,6457.75,50.0,2,1.0,43215.69,0.0,0.0,65.0,5106.22,-2074.8500000000004,HEALTHCARE,33.84615384615385,2.73,LOW,0.0,N,N,N,N,MASTER_V1.5,2026-06-29,2026-06-29 19:54:02.726587
2897,David Jenkins,35,CT,2011-11-02,175,A,PREMIUM_WEALTH,18945.72,75.0,4,3.0,50318.34,25000.0,64.03,206.0,55017.16,-15410.050000000003,RESTAURANT,41.746310679611646,18.11,LOW,0.0,N,N,N,N,MASTER_V1.5,2026-06-29,2026-06-29 19:54:02.726587
2899,Allen Kim,24,SC,2019-02-18,88,A,PREMIUM_WEALTH,9741.4,100.0,4,4.0,64200.96,10000.0,71.5,155.0,18477.68,7167.619999999999,HEALTHCARE,39.99819354838709,19.55,LOW,0.0,N,N,N,N,MASTER_V1.5,2026-06-29,2026-06-29 19:54:02.726587
2909,Jeffrey Simmons,30,IL,2011-10-09,176,A,PREMIUM_WEALTH,21126.32,75.0,4,3.0,163339.82,25000.0,9.61,141.0,25057.690000000002,-12133.790000000003,TRAVEL,36.168297872340425,18.09,LOW,0.0,N,N,N,N,MASTER_V1.5,2026-06-29,2026-06-29 19:54:02.726587
2916,Roger Nelson,71,MT,2016-01-04,125,A,GROWING_DIGITAL,6508.56,100.0,2,2.0,33312.71,0.0,0.0,94.0,50410.09,-44802.95,HEALTHCARE,32.97893617021276,15.27,LOW,0.0,N,N,N,N,MASTER_V1.5,2026-06-29,2026-06-29 19:54:02.726587
2921,Gregory Gentry,30,OH,2012-11-15,163,A,GROWING_DIGITAL,9209.75,100.0,2,2.0,80846.62,0.0,0.0,71.0,13711.699999999999,-9315.489999999998,TRAVEL,32.39450704225352,24.49,MODERATE,0.0,N,N,N,N,MASTER_V1.5,2026-06-29,2026-06-29 19:54:02.726587
2927,Ryan Abbott,22,MA,2023-12-21,30,A,PREMIUM_WEALTH,3569.87,100.0,4,4.0,147205.05,5000.0,98.73,187.0,23750.969999999998,-16909.049999999996,RETAIL,42.24754010695187,6.23,LOW,0.0,N,N,N,N,MASTER_V1.5,2026-06-29,2026-06-29 19:54:02.726587
2930,Donald Wright,42,MP,2016-04-24,122,A,VALUE_BASIC,2418.77,100.0,1,1.0,2780.49,25000.0,11.12,27.0,9676.62,478.47999999999956,UTILITIES,40.74,15.91,LOW,0.0,N,Y,Y,N,MASTER_V1.5,2026-06-29,2026-06-29 19:54:02.726587
2935,Natasha Rodriguez,31,MD,2014-03-14,147,A,PREMIUM_WEALTH,16742.92,75.0,4,3.0,88410.33,2000.0,3.7,152.0,33875.03,2701.8899999999994,TRAVEL,30.918486842105263,5.18,LOW,0.0,N,N,N,N,MASTER_V1.5,2026-06-29,2026-06-29 19:54:02.726587
2994,Tonya Miller,57,GU,2023-12-19,30,A,ENGAGED_MAINSTREAM,3610.85,75.0,4,3.0,168746.13,5000.0,45.81,170.0,80435.86,-56204.22,TRAVEL,34.705999999999996,20.18,MODERATE,0.0,N,N,N,N,MASTER_V1.5,2026-06-29,2026-06-29 19:54:02.726587
2995,John Simpson,78,PR,2023-07-07,35,A,ENGAGED_MAINSTREAM,3061.55,100.0,3,3.0,116197.43,2000.0,14.28,106.0,54232.61,-41940.57,RETAIL,32.075660377358496,0.0,LOW,0.0,N,N,N,N,MASTER_V1.5,2026-06-29,2026-06-29 19:54:02.726587
2998,Patrick Guzman,50,OR,2025-04-17,14,A,VALUE_BASIC,255.77,100.0,1,1.0,1491.86,5000.0,29.84,13.0,1044.43,5268.98,GAS_STATION,15.379999999999999,21.64,MODERATE,0.0,N,Y,Y,N,MASTER_V1.5,2026-06-29,2026-06-29 19:54:02.726587
2999,Stephanie Johnston,45,SC,2023-05-01,37,A,CREDIT_DEPENDENT,1970.81,50.0,2,1.0,42321.14,0.0,0.0,89.0,17851.839999999997,5957.840000000004,RETAIL,35.9570786516854,16.06,LOW,0.0,N,N,N,N,MASTER_V1.5,2026-06-29,2026-06-29 19:54:02.726587
3002,Melissa Berry,62,IN,2023-04-01,38,A,ENGAGED_MAINSTREAM,4442.75,100.0,4,4.0,119544.84,15000.0,98.27,202.0,52436.13,-36312.159999999996,RESTAURANT,40.095643564356436,34.18,MODERATE,0.0,N,N,N,N,MASTER_V1.5,2026-06-29,2026-06-29 19:54:02.726587
3014,Jacob Reyes,64,ND,2018-11-28,91,A,ENGAGED_MAINSTREAM,7723.44,100.0,3,3.0,82157.38,10000.0,34.78,136.0,32178.16,-21254.08,HEALTHCARE,41.17977941176471,11.15,LOW,0.0,N,N,N,N,MASTER_V1.5,2026-06-29,2026-06-29 19:54:02.726587
3043,Valerie Lewis,38,VI,2025-07-22,11,A,GROWING_DIGITAL,305.87,100.0,1,1.0,67689.58,0.0,0.0,33.0,15998.76,-14830.75,GAS_STATION,51.51,10.0,LOW,0.0,N,Y,N,N,MASTER_V1.5,2026-06-29,2026-06-29 19:54:02.726587
3050,Debra Simpson,73,GU,2014-03-12,147,A,ENGAGED_MAINSTREAM,12931.01,100.0,3,3.0,124095.81,0.0,0.0,159.0,65518.76,-29388.4,UTILITIES,36.477106918238995,7.09,LOW,0.0,N,N,N,N,MASTER_V1.5,2026-06-29,2026-06-29 19:54:02.726587
3065,Lindsay Collins,21,VA,2025-07-10,11,A,PREMIUM_WEALTH,960.1,100.0,3,3.0,113272.2,0.0,0.0,163.0,47512.75,-29596.6,RESTAURANT,38.6498773006135,20.27,MODERATE,0.0,N,N,N,N,MASTER_V1.5,2026-06-29,2026-06-29 19:54:02.726587
3091,John Barnett,82,MN,2013-08-08,154,A,ENGAGED_MAINSTREAM,18393.43,100.0,4,4.0,153857.71,10000.0,55.19,144.0,15059.13,1386.9800000000014,RETAIL,40.274652777777774,27.82,MODERATE,0.0,N,N,N,N,MASTER_V1.5,2026-06-29,2026-06-29 19:54:02.726587
3098,Tracy White,77,KS,2024-12-13,18,A,ENGAGED_MAINSTREAM,1473.85,100.0,3,3.0,55127.83,15000.0,7.86,109.0,6370.75,7989.110000000001,RETAIL,31.194954128440365,0.0,LOW,0.0,N,N,N,N,MASTER_V1.5,2026-06-29,2026-06-29 19:54:02.726587
3151,Parker Gray,34,AR,2013-07-06,155,A,VALUE_BASIC,3454.03,100.0,1,1.0,7432.62,15000.0,49.55,39.0,9317.22,-7497.369999999999,ENTERTAINMENT,48.71,23.64,MODERATE,0.0,N,Y,Y,N,MASTER_V1.5,2026-06-29,2026-06-29 19:54:02.726587
3152,Hailey Meyers,74,VA,2011-10-15,176,A,GROWING_DIGITAL,9592.31,100.0,2,2.0,54195.52,10000.0,34.35,65.0,14966.94,-12133.04,HEALTHCARE,44.61369230769231,15.73,LOW,0.0,N,N,N,N,MASTER_V1.5,2026-06-29,2026-06-29 19:54:02.726587
3153,Hunter Shannon,23,ID,2020-03-20,75,A,GROWING_DIGITAL,2042.14,100.0,1,1.0,53712.75,0.0,0.0,24.0,1247.71,617.8,RETAIL,33.34000000000001,15.09,LOW,0.0,N,Y,N,N,MASTER_V1.5,2026-06-29,2026-06-29 19:54:02.726587
3169,Andrea Burns,22,MT,2022-03-21,51,A,CREDIT_DEPENDENT,2648.45,50.0,2,1.0,32405.63,5000.0,94.5,89.0,5128.83,18829.690000000002,INSURANCE,40.44696629213484,12.45,LOW,0.0,N,N,N,N,MASTER_V1.5,2026-06-29,2026-06-29 19:54:02.726587
3171,William Wilson,40,VT,2016-03-30,123,A,PREMIUM_WEALTH,13576.6,75.0,4,3.0,62186.06,25000.0,25.03,155.0,18743.86,-11040.400000000001,UTILITIES,42.57832258064516,28.82,MODERATE,0.0,N,N,N,N,MASTER_V1.5,2026-06-29,2026-06-29 19:54:02.726587
3181,Catherine Lopez,72,VA,2026-03-25,3,A,ENGAGED_MAINSTREAM,352.08,100.0,4,4.0,124993.03,2000.0,35.17,171.0,58919.780000000006,-33335.21000000001,RESTAURANT,42.10941520467837,24.06,MODERATE,0.0,N,N,N,N,MASTER_V1.5,2026-06-29,2026-06-29 19:54:02.726587
3201,Reginald Smith,19,GA,2020-12-02,66,A,GROWING_DIGITAL,1798.63,100.0,1,1.0,54218.03,0.0,0.0,67.0,12130.67,-9254.79,GROCERY,37.32,12.91,LOW,0.0,N,Y,N,N,MASTER_V1.5,2026-06-29,2026-06-29 19:54:02.726587
3219,Andrew Dixon,52,AL,2018-07-01,95,A,VALUE_BASIC,1777.39,100.0,1,1.0,1778.92,5000.0,35.58,45.0,2385.14,-520.3899999999999,GROCERY,40.0,27.27,MODERATE,0.0,N,Y,Y,N,MASTER_V1.5,2026-06-29,2026-06-29 19:54:02.726587
3228,James Lindsey,36,VI,2022-06-18,48,A,PREMIUM_WEALTH,3961.11,66.67,3,2.0,60058.45,5000.0,55.02,116.0,27926.02,-12521.68,TRAVEL,35.34551724137931,10.94,LOW,0.0,N,N,N,N,MASTER_V1.5,2026-06-29,2026-06-29 19:54:02.726587
3237,Debbie Foster,48,NJ,2020-11-14,67,A,PREMIUM_WEALTH,5735.83,66.67,3,2.0,90633.36,5000.0,21.07,170.0,25759.07,-10686.29,UTILITIES,44.11600000000001,22.29,MODERATE,0.0,N,N,N,N,MASTER_V1.5,2026-06-29,2026-06-29 19:54:02.726587
3242,Matthew Gutierrez,34,ID,2025-12-30,6,A,PREMIUM_WEALTH,675.03,75.0,4,3.0,76923.57,15000.0,67.05,177.0,17639.010000000002,19049.219999999994,RESTAURANT,36.72271186440678,31.09,MODERATE,0.0,N,N,N,N,MASTER_V1.5,2026-06-29,2026-06-29 19:54:02.726587
3257,Justin Johnson,68,MH,2013-04-08,158,A,ENGAGED_MAINSTREAM,18603.24,75.0,4,3.0,129858.9,15000.0,21.46,239.0,28196.41,-3177.7700000000004,TRAVEL,36.40238493723849,18.0,LOW,0.0,N,N,N,N,MASTER_V1.5,2026-06-29,2026-06-29 19:54:02.726587
3312,Bobby Henry,53,IL,2020-08-30,70,A,GROWING_DIGITAL,1889.35,100.0,1,1.0,48839.15,0.0,0.0,48.0,10279.7,-8275.41,RESTAURANT,37.5,24.55,MODERATE,0.0,N,Y,N,N,MASTER_V1.5,2026-06-29,2026-06-29 19:54:02.726587
3315,Michael Mata,39,NH,2020-09-28,69,A,PREMIUM_WEALTH,3954.3,100.0,2,2.0,95009.99,25000.0,81.12,130.0,34319.58,3985.5,RESTAURANT,40.77092307692307,25.82,MODERATE,0.0,N,N,N,N,MASTER_V1.5,2026-06-29,2026-06-29 19:54:02.726587
3325,Kelly Martin,52,VT,2024-12-13,18,A,GROWING_DIGITAL,1607.57,100.0,3,3.0,148442.52,0.0,0.0,119.0,7422.32,19087.72,RETAIL,42.861176470588234,8.81,LOW,0.0,N,N,N,N,MASTER_V1.5,2026-06-29,2026-06-29 19:54:02.726587
3340,Anita Hall,73,VT,2017-08-27,106,A,GROWING_DIGITAL,2448.71,100.0,1,1.0,10305.15,0.0,0.0,59.0,2727.06,20913.68,GROCERY,33.89,2.18,LOW,0.0,N,Y,N,N,MASTER_V1.5,2026-06-29,2026-06-29 19:54:02.726587
3348,Ashlee Wright,51,DE,2026-03-22,3,A,GROWING_DIGITAL,81.87,100.0,1,1.0,55037.73,0.0,0.0,42.0,2558.05,-248.19000000000005,RETAIL,42.85,13.09,LOW,0.0,N,Y,N,N,MASTER_V1.5,2026-06-29,2026-06-29 19:54:02.726587
3349,Michael Perez,35,PW,2024-01-07,29,A,PREMIUM_WEALTH,3374.73,75.0,4,3.0,113210.88,5000.0,83.59,180.0,39218.31,-22187.19,RETAIL,34.44188888888889,18.99,LOW,0.0,N,N,N,N,MASTER_V1.5,2026-06-29,2026-06-29 19:54:02.726587
3363,John Adams,50,TX,2020-11-28,67,A,PREMIUM_WEALTH,7116.32,100.0,4,4.0,41002.13,10000.0,34.28,228.0,35771.29,-23876.010000000002,RESTAURANT,35.96701754385964,20.16,MODERATE,0.0,N,N,N,N,MASTER_V1.5,2026-06-29,2026-06-29 19:54:02.726587
3374,Catherine King,49,WA,2013-09-03,153,A,GROWING_DIGITAL,13902.38,100.0,3,3.0,182656.09,0.0,0.0,194.0,48720.89,-22735.239999999998,RETAIL,34.022783505154635,18.18,LOW,0.0,N,N,N,N,MASTER_V1.5,2026-06-29,2026-06-29 19:54:02.726587
3402,Shaun Mcbride,69,TX,2021-11-24,55,A,ENGAGED_MAINSTREAM,4451.8,66.67,3,2.0,48642.05,10000.0,58.31,128.0,24433.46,21021.1,RESTAURANT,44.5309375,13.57,LOW,0.0,N,N,N,N,MASTER_V1.5,2026-06-29,2026-06-29 19:54:02.726587
3409,Christian Frederick,38,SD,2012-03-27,171,A,PREMIUM_WEALTH,20269.87,100.0,4,4.0,140606.88,15000.0,62.6,220.0,60870.66,-13815.710000000006,TRAVEL,38.63618181818182,4.45,LOW,0.0,N,N,N,N,MASTER_V1.5,2026-06-29,2026-06-29 19:54:02.726587
3414,Patty Young,48,CA,2025-07-18,11,A,PREMIUM_WEALTH,1176.46,100.0,4,4.0,44140.6,15000.0,32.32,138.0,19613.28,-11609.599999999999,RETAIL,36.23253623188406,7.36,LOW,0.0,N,N,N,N,MASTER_V1.5,2026-06-29,2026-06-29 19:54:02.726587
3416,Guy Martinez,78,ME,2023-09-07,33,A,ENGAGED_MAINSTREAM,1846.75,100.0,2,2.0,72578.41,2000.0,42.39,67.0,19896.760000000002,-17434.97,RETAIL,44.77223880597015,16.29,LOW,0.0,N,N,N,N,MASTER_V1.5,2026-06-29,2026-06-29 19:54:02.726587
3417,Jennifer Hernandez,54,GU,2022-11-03,43,A,ENGAGED_MAINSTREAM,4781.51,100.0,4,4.0,67494.11,2000.0,86.7,221.0,33298.63,8814.18,TRAVEL,38.91190045248868,13.82,LOW,0.0,N,N,N,N,MASTER_V1.5,2026-06-29,2026-06-29 19:54:02.726587
3418,Alan Foley,23,MS,2015-02-26,136,A,PREMIUM_WEALTH,15038.27,100.0,4,4.0,63421.26,2000.0,74.93,142.0,30013.200000000004,8175.639999999992,WIRE_TRANSFER_INTL,41.548873239436624,14.62,LOW,0.0,N,N,N,N,MASTER_V1.5,2026-06-29,2026-06-29 19:54:02.726587
3427,Kara Walton,44,CT,2022-03-17,51,A,GROWING_DIGITAL,1271.58,100.0,1,1.0,21442.79,0.0,0.0,27.0,2348.89,-2031.7399999999998,RESTAURANT,37.03,16.27,LOW,0.0,N,Y,N,N,MASTER_V1.5,2026-06-29,2026-06-29 19:54:02.726587
3430,Robert Bennett,65,WV,2020-07-04,71,A,ENGAGED_MAINSTREAM,7709.84,100.0,4,4.0,51996.43,15000.0,75.06,174.0,18478.52,157.96999999999753,RETAIL,39.656781609195406,11.73,LOW,0.0,N,N,N,N,MASTER_V1.5,2026-06-29,2026-06-29 19:54:02.726587
3433,Deborah Turner,32,MI,2022-09-01,45,A,VALUE_BASIC,851.95,100.0,1,1.0,1944.75,2000.0,97.24,20.0,1764.34,5159.01,ENTERTAINMENT,20.0,10.45,LOW,0.0,N,Y,Y,N,MASTER_V1.5,2026-06-29,2026-06-29 19:54:02.726587
3443,Andrew Powell,70,GU,2019-04-07,86,A,GROWING_DIGITAL,2318.9,100.0,1,1.0,48317.96,0.0,0.0,42.0,10100.61,-7280.380000000001,GROCERY,28.57,17.36,LOW,0.0,N,Y,N,N,MASTER_V1.5,2026-06-29,2026-06-29 19:54:02.726587
3446,Barry Maxwell,52,NY,2022-11-19,43,A,GROWING_DIGITAL,2309.73,100.0,2,2.0,46302.46,0.0,0.0,61.0,14318.18,-12064.92,GAS_STATION,36.06360655737706,27.91,MODERATE,0.0,N,N,N,N,MASTER_V1.5,2026-06-29,2026-06-29 19:54:02.726587
3476,Victoria Smith,31,NY,2021-02-26,64,A,GROWING_DIGITAL,1678.59,100.0,1,1.0,35996.9,0.0,0.0,27.0,9320.61,10032.220000000001,RETAIL,29.630000000000003,17.55,LOW,0.0,N,Y,N,N,MASTER_V1.5,2026-06-29,2026-06-29 19:54:02.726587
3480,Christina Underwood,46,MT,2026-03-26,3,A,PREMIUM_WEALTH,350.48,100.0,4,4.0,118517.63,10000.0,96.13,213.0,28539.53,23113.03,RETAIL,43.665962441314555,3.27,LOW,0.0,N,N,N,N,MASTER_V1.5,2026-06-29,2026-06-29 19:54:02.726587
3485,Antonio Phelps,44,AZ,2021-10-08,56,A,PREMIUM_WEALTH,6563.12,100.0,4,4.0,122990.75,10000.0,2.91,211.0,13892.24,36398.32,RETAIL,39.333601895734596,6.72,LOW,0.0,N,N,N,N,MASTER_V1.5,2026-06-29,2026-06-29 19:54:02.726587
3501,Vanessa Hernandez,57,ID,2018-10-03,92,A,ENGAGED_MAINSTREAM,10288.33,100.0,4,4.0,71895.41,5000.0,22.67,122.0,8491.36,9556.009999999998,TRAVEL,36.88590163934426,16.95,LOW,0.0,N,N,N,N,MASTER_V1.5,2026-06-29,2026-06-29 19:54:02.726587
3502,Cassandra Krueger,26,MN,2015-01-26,137,A,GROWING_DIGITAL,3677.63,100.0,1,1.0,46055.61,0.0,0.0,54.0,1982.41,8405.380000000001,UTILITIES,40.74,11.18,LOW,0.0,N,Y,N,N,MASTER_V1.5,2026-06-29,2026-06-29 19:54:02.726587
3508,Ryan Dodson,44,KY,2020-08-16,70,A,GROWING_DIGITAL,6052.02,100.0,3,3.0,101484.61,0.0,0.0,112.0,27511.34,-7198.529999999999,RESTAURANT,39.28946428571429,29.8,MODERATE,0.0,N,N,N,N,MASTER_V1.5,2026-06-29,2026-06-29 19:54:02.726587
3510,Bradley Cook,49,NM,2022-10-07,44,A,CREDIT_DEPENDENT,1169.44,0.0,1,0.0,41408.02,0.0,0.0,18.0,729.16,10176.8,GROCERY,44.44,4.0,LOW,0.0,N,N,N,N,MASTER_V1.5,2026-06-29,2026-06-29 19:54:02.726587
3522,Mark Gardner,19,PR,2019-11-09,79,A,PREMIUM_WEALTH,7020.94,100.0,3,3.0,140041.33,0.0,0.0,164.0,10070.509999999998,24899.580000000005,GROCERY,37.80445121951219,16.95,LOW,0.0,N,N,N,N,MASTER_V1.5,2026-06-29,2026-06-29 19:54:02.726587
3525,Emily Perry,68,CO,2021-04-19,62,A,ENGAGED_MAINSTREAM,5311.42,100.0,3,3.0,91345.12,10000.0,36.73,122.0,36514.55,-20839.090000000004,HEALTHCARE,36.88229508196722,4.36,LOW,0.0,N,N,N,N,MASTER_V1.5,2026-06-29,2026-06-29 19:54:02.726587
3534,Rhonda Oliver,22,WI,2022-04-24,50,A,PREMIUM_WEALTH,5855.71,75.0,4,3.0,121956.13,15000.0,81.88,127.0,8174.76,39386.79,UTILITIES,37.79582677165355,14.73,LOW,0.0,N,N,N,N,MASTER_V1.5,2026-06-29,2026-06-29 19:54:02.726587
3544,Deborah Perry,19,LA,2025-06-03,12,A,VALUE_BASIC,278.99,100.0,1,1.0,10932.6,0.0,0.0,53.0,12109.7,-10479.52,RETAIL,41.510000000000005,22.73,MODERATE,0.0,N,Y,N,N,MASTER_V1.5,2026-06-29,2026-06-29 19:54:02.726587
3549,Lynn Carter,64,TX,2016-02-23,124,A,GROWING_DIGITAL,3379.51,100.0,1,1.0,54266.16,0.0,0.0,17.0,1491.84,-698.9799999999999,GROCERY,29.409999999999993,19.0,LOW,0.0,N,Y,N,N,MASTER_V1.5,2026-06-29,2026-06-29 19:54:02.726587
3559,Ana Ray,27,ID,2023-08-07,34,A,GROWING_DIGITAL,1898.52,100.0,2,2.0,70812.08,0.0,0.0,70.0,14263.830000000002,8514.129999999997,GAS_STATION,34.283714285714275,30.55,MODERATE,0.0,N,N,N,N,MASTER_V1.5,2026-06-29,2026-06-29 19:54:02.726587
3563,Brianna Rodriguez,80,AR,2025-08-25,10,A,ENGAGED_MAINSTREAM,1154.6,100.0,4,4.0,103363.55,10000.0,23.04,95.0,4677.55,20273.78,TRAVEL,39.996,25.64,MODERATE,0.0,N,N,N,N,MASTER_V1.5,2026-06-29,2026-06-29 19:54:02.726587
3583,Scott Harris,41,VA,2021-08-22,58,A,VALUE_BASIC,1335.42,100.0,1,1.0,9994.56,0.0,0.0,23.0,656.14,858.17,RETAIL,34.78,29.09,MODERATE,0.0,N,Y,Y,N,MASTER_V1.5,2026-06-29,2026-06-29 19:54:02.726587
3588,Justin Campbell,71,TX,2013-02-19,160,A,ENGAGED_MAINSTREAM,11341.67,66.67,3,2.0,12725.89,25000.0,7.91,86.0,4639.85,17299.739999999998,RETAIL,40.69837209302326,14.07,LOW,0.0,N,N,N,N,MASTER_V1.5,2026-06-29,2026-06-29 19:54:02.726587
3589,Thomas Farmer,73,IA,2022-12-18,42,A,GROWING_DIGITAL,2372.62,100.0,2,2.0,80676.83,0.0,0.0,89.0,16135.48,-13188.45,RESTAURANT,39.325842696629216,8.73,LOW,0.0,N,N,N,N,MASTER_V1.5,2026-06-29,2026-06-29 19:54:02.726587
3590,Kevin Walker,81,KY,2018-04-09,98,A,ENGAGED_MAINSTREAM,11780.75,100.0,4,4.0,166237.13,10000.0,5.28,141.0,14957.83,20970.25,RESTAURANT,43.262198581560284,27.74,MODERATE,0.0,N,N,N,N,MASTER_V1.5,2026-06-29,2026-06-29 19:54:02.726587
3601,Ashley Smith,39,FM,2019-10-03,80,A,VALUE_BASIC,645.77,100.0,1,1.0,25.25,2000.0,1.26,63.0,19369.94,-15029.279999999999,HEALTHCARE,38.09,21.27,MODERATE,0.0,N,Y,N,N,MASTER_V1.5,2026-06-29,2026-06-29 19:54:02.726587
3631,Rachel Vargas,26,MI,2019-05-30,85,A,PREMIUM_WEALTH,9810.6,100.0,4,4.0,102937.46,25000.0,11.29,203.0,18789.84,19790.750000000004,RETAIL,39.408571428571435,15.84,LOW,0.0,N,N,N,N,MASTER_V1.5,2026-06-29,2026-06-29 19:54:02.726587
3638,Jillian Ferguson,77,NM,2012-04-17,170,A,ENGAGED_MAINSTREAM,14313.73,100.0,3,3.0,75091.03,2000.0,76.52,114.0,13465.099999999999,28607.200000000004,HEALTHCARE,38.59561403508773,11.64,LOW,0.0,N,N,N,N,MASTER_V1.5,2026-06-29,2026-06-29 19:54:02.726587
3643,Clayton Green,79,AK,2019-04-29,86,A,GROWING_DIGITAL,2194.07,100.0,1,1.0,27037.15,0.0,0.0,29.0,12480.08,-10884.51,EDUCATION,37.93,14.73,LOW,0.0,N,Y,N,N,MASTER_V1.5,2026-06-29,2026-06-29 19:54:02.726587
3649,Elizabeth Johnson,84,OK,2011-11-24,175,A,VALUE_BASIC,3933.25,100.0,1,1.0,8024.82,15000.0,53.5,45.0,1801.66,8279.15,HEALTHCARE,35.559999999999995,19.48,LOW,0.0,N,Y,Y,N,MASTER_V1.5,2026-06-29,2026-06-29 19:54:02.726587
3651,Christopher Lee,31,AR,2020-03-25,75,A,GROWING_DIGITAL,6007.07,100.0,3,3.0,43444.65,0.0,0.0,130.0,15989.75,-1627.5900000000001,TRAVEL,43.07707692307692,21.85,MODERATE,0.0,N,N,N,N,MASTER_V1.5,2026-06-29,2026-06-29 19:54:02.726587
3669,Caleb Adams,23,VI,2014-03-31,147,A,GROWING_DIGITAL,3558.77,100.0,1,1.0,16054.18,0.0,0.0,32.0,1978.62,-815.7199999999998,UTILITIES,31.25,7.36,LOW,0.0,N,Y,N,N,MASTER_V1.5,2026-06-29,2026-06-29 19:54:02.726587
3674,Allison Brown,60,IN,2022-11-20,43,A,GROWING_DIGITAL,2096.75,100.0,2,2.0,17193.89,10000.0,11.11,106.0,35688.47,-29908.45,GROCERY,39.61933962264151,32.09,MODERATE,0.0,N,N,N,N,MASTER_V1.5,2026-06-29,2026-06-29 19:54:02.726587
3677,Rickey Moore,40,ME,2022-05-22,49,A,GROWING_DIGITAL,1200.68,100.0,1,1.0,18059.9,0.0,0.0,27.0,1472.38,8356.779999999999,TRAVEL,44.45,34.27,MODERATE,0.0,N,Y,N,N,MASTER_V1.5,2026-06-29,2026-06-29 19:54:02.726587
3688,Vincent White,60,GU,2019-10-15,80,A,ENGAGED_MAINSTREAM,9652.22,75.0,4,3.0,173733.61,25000.0,61.38,169.0,23193.61,5195.049999999999,UTILITIES,38.464497041420124,10.0,LOW,0.0,N,N,N,N,MASTER_V1.5,2026-06-29,2026-06-29 19:54:02.726587
3743,Annette Phillips,47,TN,2013-09-06,153,A,PREMIUM_WEALTH,16957.5,75.0,4,3.0,65077.55,5000.0,89.93,183.0,26968.54,4442.129999999997,TRAVEL,42.07945355191257,20.0,MODERATE,0.0,N,N,N,N,MASTER_V1.5,2026-06-29,2026-06-29 19:54:02.726587
3746,Jeffrey Deleon,29,MS,2023-07-13,35,A,PREMIUM_WEALTH,3094.6,66.67,3,2.0,131790.73,0.0,0.0,122.0,8806.24,2579.540000000001,UTILITIES,34.428688524590164,22.68,MODERATE,0.0,N,N,N,N,MASTER_V1.5,2026-06-29,2026-06-29 19:54:02.726587
3779,Monique Hardy,48,NY,2012-11-11,163,A,PREMIUM_WEALTH,19332.57,75.0,4,3.0,141558.86,2000.0,77.93,96.0,13682.48,261.96000000000095,RETAIL,42.70833333333333,5.73,LOW,0.0,N,N,N,N,MASTER_V1.5,2026-06-29,2026-06-29 19:54:02.726587
3795,Raymond Ferguson,39,RI,2023-11-26,31,A,PREMIUM_WEALTH,2680.85,66.67,3,2.0,101775.67,10000.0,56.39,152.0,51990.05,-10196.449999999997,RETAIL,44.07769736842105,12.36,LOW,0.0,N,N,N,N,MASTER_V1.5,2026-06-29,2026-06-29 19:54:02.726587
3807,Richard Hurley,55,MS,2021-12-07,54,A,GROWING_DIGITAL,1374.68,100.0,1,1.0,26445.73,0.0,0.0,61.0,25660.6,-23590.92,GROCERY,45.9,8.82,LOW,0.0,N,Y,N,N,MASTER_V1.5,2026-06-29,2026-06-29 19:54:02.726587
3830,Edward Hanson,49,TX,2017-03-24,111,A,GROWING_DIGITAL,6415.9,100.0,2,2.0,104838.29,0.0,0.0,132.0,8933.88,8548.26,RETAIL,37.88159090909092,14.91,LOW,0.0,N,N,N,N,MASTER_V1.5,2026-06-29,2026-06-29 19:54:02.726587
3834,Faith Sparks,85,FM,2021-02-02,64,A,ENGAGED_MAINSTREAM,5255.01,100.0,3,3.0,56837.02,0.0,0.0,137.0,24591.26,3254.7100000000028,GROCERY,40.145693430656934,15.76,LOW,0.0,N,N,N,N,MASTER_V1.5,2026-06-29,2026-06-29 19:54:02.726587
3849,Curtis Dalton,44,MA,2021-09-24,57,A,PREMIUM_WEALTH,6479.0,75.0,4,3.0,86393.52,25000.0,11.9,180.0,30320.1,16415.690000000002,UTILITIES,35.55605555555555,15.18,LOW,0.0,N,N,N,N,MASTER_V1.5,2026-06-29,2026-06-29 19:54:02.726587
3869,Derrick Rivera,62,LA,2013-12-02,150,A,GROWING_DIGITAL,3919.76,100.0,1,1.0,34637.34,0.0,0.0,17.0,1195.86,-489.79999999999995,UTILITIES,29.409999999999993,9.64,LOW,0.0,N,Y,N,N,MASTER_V1.5,2026-06-29,2026-06-29 19:54:02.726587
3879,Nathan Hall,82,PA,2023-06-14,36,A,GROWING_DIGITAL,1910.81,100.0,2,2.0,40765.59,15000.0,11.77,91.0,16208.18,25744.0,RETAIL,25.276153846153846,6.09,LOW,0.0,N,N,N,N,MASTER_V1.5,2026-06-29,2026-06-29 19:54:02.726587
3895,Ethan Robbins,69,RI,2015-05-28,133,A,ENGAGED_MAINSTREAM,15400.34,100.0,4,4.0,106852.38,5000.0,18.1,180.0,11193.39,19036.23,RESTAURANT,40.00344444444444,10.64,LOW,0.0,N,N,N,N,MASTER_V1.5,2026-06-29,2026-06-29 19:54:02.726587
3899,Timothy Gray,61,NV,2020-11-08,67,A,CREDIT_DEPENDENT,1606.15,0.0,1,0.0,14602.69,25000.0,58.41,19.0,853.94,654.0799999999999,EDUCATION,36.84,3.45,LOW,0.0,N,N,N,Y,MASTER_V1.5,2026-06-29,2026-06-29 19:54:02.726587
3919,Rachel Mcdonald,81,IN,2015-03-03,135,A,ENGAGED_MAINSTREAM,15460.05,100.0,4,4.0,94078.71,15000.0,83.05,147.0,34359.61,-7501.5,UTILITIES,33.331156462585035,22.64,MODERATE,0.0,N,N,N,N,MASTER_V1.5,2026-06-29,2026-06-29 19:54:02.726587
3923,Laura Sanders,35,ID,2012-12-17,162,A,PREMIUM_WEALTH,13920.71,66.67,3,2.0,94596.01,15000.0,69.13,148.0,36477.65,-30961.340000000004,INSURANCE,36.48567567567567,10.55,LOW,0.0,N,N,N,N,MASTER_V1.5,2026-06-29,2026-06-29 19:54:02.726587
3945,Sean Sharp,77,GU,2022-04-04,50,A,VALUE_BASIC,0.0,100.0,1,1.0,-269.43,0.0,0.0,53.0,24701.86,-22940.47,ENTERTAINMENT,33.96000000000001,11.64,LOW,0.0,N,Y,N,N,MASTER_V1.5,2026-06-29,2026-06-29 19:54:02.726587
3950,Kathy Campbell,33,ND,2013-01-13,161,A,PREMIUM_WEALTH,13258.09,100.0,3,3.0,58675.91,15000.0,14.85,115.0,7599.74,19065.0,RESTAURANT,43.48095652173913,15.93,LOW,0.0,N,N,N,N,MASTER_V1.5,2026-06-29,2026-06-29 19:54:02.726587
3954,Brittany Haynes,76,KY,2024-01-09,29,A,ENGAGED_MAINSTREAM,3311.68,100.0,4,4.0,91089.69,10000.0,38.23,207.0,48409.67,-6131.3499999999985,TRAVEL,38.16347826086957,17.36,LOW,0.0,N,N,N,N,MASTER_V1.5,2026-06-29,2026-06-29 19:54:02.726587
3955,Jennifer Franco,60,NC,2025-12-04,6,A,ENGAGED_MAINSTREAM,520.79,100.0,3,3.0,106202.12,5000.0,83.71,149.0,47082.36,-34708.83,RESTAURANT,36.91476510067114,10.45,LOW,0.0,N,N,N,N,MASTER_V1.5,2026-06-29,2026-06-29 19:54:02.726587
3958,Andre Davis,38,PW,2018-11-24,91,A,PREMIUM_WEALTH,10674.93,100.0,4,4.0,124329.11,10000.0,60.62,239.0,61519.14,-23118.07,UTILITIES,41.00569037656904,24.46,MODERATE,0.0,N,N,N,N,MASTER_V1.5,2026-06-29,2026-06-29 19:54:02.726587
3966,Jeremy Martinez,27,NV,2011-10-28,176,A,PREMIUM_WEALTH,15461.53,66.67,3,2.0,122183.52,0.0,0.0,86.0,5914.110000000001,6912.82,UTILITIES,38.376046511627905,23.57,MODERATE,0.0,N,N,N,N,MASTER_V1.5,2026-06-29,2026-06-29 19:54:02.726587
3978,Craig Ross,32,MN,2019-10-02,80,A,PREMIUM_WEALTH,9412.32,100.0,4,4.0,128720.67,15000.0,21.54,152.0,14777.2,4305.630000000001,UTILITIES,38.81421052631579,30.77,MODERATE,0.0,N,N,N,N,MASTER_V1.5,2026-06-29,2026-06-29 19:54:02.726587
3994,Tina Powell,53,ME,2011-12-20,174,A,GROWING_DIGITAL,14487.43,100.0,3,3.0,66268.96,15000.0,10.51,100.0,23109.23,3224.6900000000023,RESTAURANT,30.996599999999997,34.27,MODERATE,0.0,N,N,N,N,MASTER_V1.5,2026-06-29,2026-06-29 19:54:02.726587
4000,Aaron Wright,43,PR,2015-07-06,131,A,PREMIUM_WEALTH,14569.75,75.0,4,3.0,67639.41,5000.0,75.44,149.0,20208.0,-6691.58,UTILITIES,37.58281879194631,7.56,LOW,0.0,N,N,N,N,MASTER_V1.5,2026-06-29,2026-06-29 19:54:02.726587
4011,Sean Smith,24,MP,2026-05-06,1,A,PREMIUM_WEALTH,52.21,100.0,2,2.0,34245.34,25000.0,56.37,76.0,3778.9100000000003,2338.2399999999993,UTILITIES,46.057894736842115,21.27,MODERATE,0.0,N,N,N,N,MASTER_V1.5,2026-06-29,2026-06-29 19:54:02.726587
4027,Jordan Williams,73,NC,2023-08-08,34,A,VALUE_BASIC,1587.72,100.0,2,2.0,11379.05,5000.0,35.89,89.0,17670.35,-13366.019999999999,HEALTHCARE,37.08112359550561,23.09,MODERATE,0.0,N,N,N,N,MASTER_V1.5,2026-06-29,2026-06-29 19:54:02.726587
4039,Sarah Carpenter,60,IN,2013-02-01,160,A,GROWING_DIGITAL,7769.22,100.0,2,2.0,16506.72,25000.0,42.18,87.0,17433.57,-8540.5,RESTAURANT,35.633678160919544,18.0,LOW,0.0,N,N,N,N,MASTER_V1.5,2026-06-29,2026-06-29 19:54:02.726587
4044,Alexander Hoffman,64,SC,2012-06-15,168,A,GROWING_DIGITAL,9520.58,100.0,2,2.0,83619.18,0.0,0.0,93.0,20785.58,-14209.260000000002,RESTAURANT,41.93430107526883,1.36,LOW,0.0,N,N,N,N,MASTER_V1.5,2026-06-29,2026-06-29 19:54:02.726587
4058,Gabriel Knox,29,ND,2011-10-26,176,A,GROWING_DIGITAL,9834.83,100.0,2,2.0,71392.44,0.0,0.0,76.0,14682.25,-10507.09,RETAIL,39.47052631578947,26.45,MODERATE,0.0,N,N,N,N,MASTER_V1.5,2026-06-29,2026-06-29 19:54:02.726587
4080,Brian Washington,68,ND,2017-01-17,113,A,ENGAGED_MAINSTREAM,13205.01,75.0,4,3.0,118877.62,15000.0,78.76,191.0,22840.870000000003,-1632.810000000005,UTILITIES,36.64774869109947,20.99,MODERATE,0.0,N,N,N,N,MASTER_V1.5,2026-06-29,2026-06-29 19:54:02.726587
4083,Nicholas Grimes,65,CA,2017-02-07,112,A,ENGAGED_MAINSTREAM,9875.51,100.0,3,3.0,127587.01,0.0,0.0,104.0,14590.79,13059.740000000002,HEALTHCARE,36.53711538461538,45.73,ELEVATED,0.0,N,N,N,N,MASTER_V1.5,2026-06-29,2026-06-29 19:54:02.726587
4125,Mark Reid,68,HI,2012-02-11,172,A,GROWING_DIGITAL,4740.02,100.0,1,1.0,61285.36,0.0,0.0,30.0,2194.69,6541.639999999999,UTILITIES,46.67000000000001,3.27,LOW,0.0,N,Y,N,N,MASTER_V1.5,2026-06-29,2026-06-29 19:54:02.726587
4126,Laura Perez,83,WI,2020-07-28,71,A,ENGAGED_MAINSTREAM,8412.74,75.0,4,3.0,139934.57,25000.0,65.04,144.0,19213.37,-2927.5199999999986,WIRE_TRANSFER_INTL,40.97131944444444,9.18,LOW,0.0,N,N,N,N,MASTER_V1.5,2026-06-29,2026-06-29 19:54:02.726587
4131,Megan Reed,66,DE,2024-12-28,18,A,ENGAGED_MAINSTREAM,2117.71,100.0,4,4.0,128677.16,10000.0,90.98,196.0,20113.1,-2166.9799999999996,RETAIL,44.8925,15.91,LOW,0.0,N,N,N,N,MASTER_V1.5,2026-06-29,2026-06-29 19:54:02.726587
4140,Olivia Vaughn,51,AZ,2013-10-20,152,A,VALUE_BASIC,3470.28,100.0,1,1.0,9249.48,15000.0,61.66,36.0,14649.24,-12286.54,GROCERY,41.66,9.91,LOW,0.0,N,Y,Y,N,MASTER_V1.5,2026-06-29,2026-06-29 19:54:02.726587
4153,Danny Kent,59,NY,2017-12-18,102,A,ENGAGED_MAINSTREAM,12165.74,100.0,4,4.0,151327.21,5000.0,43.33,199.0,17830.45,47908.17,RETAIL,33.66844221105528,10.45,LOW,0.0,N,N,N,N,MASTER_V1.5,2026-06-29,2026-06-29 19:54:02.726587
4164,Sherry Cisneros,60,NC,2023-08-29,34,A,ENGAGED_MAINSTREAM,2866.86,66.67,3,2.0,76311.43,15000.0,9.62,112.0,7460.4400000000005,22086.879999999997,RETAIL,31.25214285714285,11.91,LOW,0.0,N,N,N,N,MASTER_V1.5,2026-06-29,2026-06-29 19:54:02.726587
4165,Charles Smith,46,FL,2018-01-07,101,A,PREMIUM_WEALTH,11587.36,100.0,4,4.0,96051.16,25000.0,10.05,105.0,6837.88,4154.829999999999,RETAIL,41.906666666666666,0.0,LOW,0.0,N,N,N,N,MASTER_V1.5,2026-06-29,2026-06-29 19:54:02.726587
4194,Kelly Tucker,30,VA,2016-08-29,118,A,GROWING_DIGITAL,3192.34,100.0,1,1.0,50086.3,0.0,0.0,74.0,3711.54,800.0100000000002,GROCERY,41.89,29.55,MODERATE,0.0,N,Y,N,N,MASTER_V1.5,2026-06-29,2026-06-29 19:54:02.726587
4205,Sandra Norton,59,NC,2025-06-04,12,A,ENGAGED_MAINSTREAM,1035.18,100.0,3,3.0,98918.39,0.0,0.0,128.0,8801.85,7573.389999999999,RESTAURANT,43.74890625,18.58,LOW,0.0,N,N,N,N,MASTER_V1.5,2026-06-29,2026-06-29 19:54:02.726587
4217,Ashley Grimes,54,AK,2020-05-03,73,A,ENGAGED_MAINSTREAM,8750.0,100.0,4,4.0,160539.68,15000.0,37.12,127.0,25111.48,-5523.189999999999,UTILITIES,42.52007874015747,14.27,LOW,0.0,N,N,N,N,MASTER_V1.5,2026-06-29,2026-06-29 19:54:02.726587
4232,Devin Williams,28,WA,2017-07-18,107,A,PREMIUM_WEALTH,8951.54,100.0,3,3.0,69882.48,5000.0,52.94,145.0,28435.79,-3791.6800000000003,WIRE_TRANSFER_INTL,40.693586206896555,10.47,LOW,0.0,N,N,N,N,MASTER_V1.5,2026-06-29,2026-06-29 19:54:02.726587
4240,Valerie Smith,22,WI,2012-11-26,163,A,GROWING_DIGITAL,8988.6,100.0,2,2.0,61633.64,0.0,0.0,94.0,15321.17,-2830.3200000000015,RESTAURANT,38.299574468085105,13.18,LOW,0.0,N,N,N,N,MASTER_V1.5,2026-06-29,2026-06-29 19:54:02.726587
4242,Gary Johnson,81,WV,2021-12-21,54,A,ENGAGED_MAINSTREAM,4477.55,100.0,3,3.0,63302.5,15000.0,27.57,164.0,47577.33,-25199.82,UTILITIES,34.14536585365853,10.09,LOW,0.0,N,N,N,N,MASTER_V1.5,2026-06-29,2026-06-29 19:54:02.726587
4260,Renee Moses,49,WV,2020-11-03,67,A,GROWING_DIGITAL,3762.69,100.0,2,2.0,75502.75,2000.0,8.75,95.0,4927.1,8082.469999999999,GROCERY,41.055789473684214,15.18,LOW,0.0,N,N,N,N,MASTER_V1.5,2026-06-29,2026-06-29 19:54:02.726587
4263,Dwayne Ward,60,NV,2019-12-14,78,A,ENGAGED_MAINSTREAM,6249.14,100.0,3,3.0,43577.08,2000.0,71.7,89.0,5770.22,2448.9000000000005,RETAIL,37.074382022471916,17.0,LOW,0.0,N,N,N,N,MASTER_V1.5,2026-06-29,2026-06-29 19:54:02.726587
4276,Jacqueline Hernandez,72,IN,2025-08-14,10,A,GROWING_DIGITAL,539.42,100.0,2,2.0,48459.03,0.0,0.0,98.0,4859.9400000000005,10318.47,TRAVEL,33.67326530612245,13.45,LOW,0.0,N,N,N,N,MASTER_V1.5,2026-06-29,2026-06-29 19:54:02.726587
4281,Rebecca Davis,69,PA,2013-10-01,152,A,ENGAGED_MAINSTREAM,13200.18,66.67,3,2.0,106842.07,5000.0,20.52,156.0,48523.61,-41485.86,UTILITIES,35.2575,15.91,LOW,0.0,N,N,N,N,MASTER_V1.5,2026-06-29,2026-06-29 19:54:02.726587
4282,Derek Pennington,59,MP,2014-10-09,140,A,GROWING_DIGITAL,3724.26,100.0,1,1.0,41803.92,0.0,0.0,41.0,15033.27,-13445.54,ENTERTAINMENT,46.349999999999994,17.0,LOW,0.0,N,Y,N,N,MASTER_V1.5,2026-06-29,2026-06-29 19:54:02.726587
4295,Renee Sharp,32,NJ,2019-04-13,86,A,PREMIUM_WEALTH,6983.26,66.67,3,2.0,50349.99,5000.0,22.64,164.0,33859.79,-9674.79,GROCERY,39.02682926829269,25.72,MODERATE,0.0,N,N,N,N,MASTER_V1.5,2026-06-29,2026-06-29 19:54:02.726587
4304,Suzanne Collins,31,KS,2015-08-11,130,A,PREMIUM_WEALTH,6652.43,100.0,2,2.0,27847.66,5000.0,80.75,67.0,3772.7000000000003,10861.67,RETAIL,26.86597014925373,16.25,LOW,0.0,N,N,N,N,MASTER_V1.5,2026-06-29,2026-06-29 19:54:02.726587
4311,Michael Morrison,57,RI,2025-09-18,9,A,CREDIT_DEPENDENT,216.32,0.0,1,0.0,14975.03,15000.0,99.83,46.0,2675.13,-181.6300000000001,GROCERY,43.480000000000004,18.18,LOW,0.0,N,N,N,N,MASTER_V1.5,2026-06-29,2026-06-29 19:54:02.726587
4327,Francis Bradley,81,TN,2017-04-07,110,A,CREDIT_DEPENDENT,2428.14,0.0,1,0.0,6833.43,15000.0,45.56,28.0,7134.77,3932.5599999999995,GROCERY,46.43,19.18,LOW,0.0,N,N,Y,Y,MASTER_V1.5,2026-06-29,2026-06-29 19:54:02.726587
4330,Rebecca Stevens,29,SD,2024-01-16,29,A,PREMIUM_WEALTH,2466.71,100.0,3,3.0,84220.76,15000.0,12.72,139.0,32321.92,-20911.309999999998,RESTAURANT,33.09151079136691,27.68,MODERATE,0.0,N,N,N,N,MASTER_V1.5,2026-06-29,2026-06-29 19:54:02.726587
4331,Patrick Graves,35,MP,2024-10-12,20,A,PREMIUM_WEALTH,1717.2,100.0,3,3.0,93711.63,10000.0,30.03,140.0,19008.9,19134.43,UTILITIES,36.428714285714285,12.9,LOW,0.0,N,N,N,N,MASTER_V1.5,2026-06-29,2026-06-29 19:54:02.726587
4337,David Jackson,60,IL,2018-04-04,98,A,VALUE_BASIC,1959.99,100.0,1,1.0,2980.82,10000.0,29.81,38.0,1807.57,548.9300000000001,RESTAURANT,31.58,19.64,LOW,0.0,N,Y,Y,N,MASTER_V1.5,2026-06-29,2026-06-29 19:54:02.726587
4352,Mitchell Owens,60,NE,2022-03-19,51,A,GROWING_DIGITAL,2908.35,100.0,2,2.0,89795.81,0.0,0.0,111.0,15660.949999999999,13197.260000000004,RETAIL,36.936126126126126,26.64,MODERATE,0.0,N,N,N,N,MASTER_V1.5,2026-06-29,2026-06-29 19:54:02.726587
4356,Michael Allen,42,GA,2025-08-14,10,A,GROWING_DIGITAL,262.05,100.0,1,1.0,35664.08,0.0,0.0,20.0,1818.52,-1462.3899999999999,RETAIL,50.0,24.82,MODERATE,0.0,N,Y,N,N,MASTER_V1.5,2026-06-29,2026-06-29 19:54:02.726587
4358,Wesley Rivers,23,AS,2020-05-12,73,A,PREMIUM_WEALTH,8315.65,100.0,4,4.0,88548.71,25000.0,25.62,229.0,41997.95,13725.650000000001,TRAVEL,37.11925764192141,34.82,MODERATE,0.0,N,N,N,N,MASTER_V1.5,2026-06-29,2026-06-29 19:54:02.726587
4368,Brandy Wright,21,MP,2021-03-13,63,A,GROWING_DIGITAL,1748.72,100.0,1,1.0,66366.85,0.0,0.0,46.0,11342.91,-9133.65,INSURANCE,36.96,4.18,LOW,0.0,N,Y,N,N,MASTER_V1.5,2026-06-29,2026-06-29 19:54:02.726587
4379,Dawn Martin,82,OR,2018-11-28,91,A,ENGAGED_MAINSTREAM,7943.06,100.0,3,3.0,113343.4,0.0,0.0,129.0,37388.53,-7762.870000000003,RETAIL,38.76279069767442,14.55,LOW,0.0,N,N,N,N,MASTER_V1.5,2026-06-29,2026-06-29 19:54:02.726587
4386,Michael Banks,81,PW,2025-04-30,14,A,ENGAGED_MAINSTREAM,1190.15,100.0,3,3.0,83677.71,15000.0,14.42,126.0,30757.280000000002,-3512.7299999999996,RETAIL,41.26642857142857,26.57,MODERATE,0.0,N,N,N,N,MASTER_V1.5,2026-06-29,2026-06-29 19:54:02.726587
4390,Tammy Schwartz,83,SC,2015-12-25,126,A,CREDIT_DEPENDENT,6211.12,50.0,2,1.0,19128.35,2000.0,85.53,120.0,48934.92,-42109.229999999996,RETAIL,37.50166666666666,12.73,LOW,0.0,N,N,N,N,MASTER_V1.5,2026-06-29,2026-06-29 19:54:02.726587
4408,Sydney Byrd,19,VA,2014-10-22,140,A,GROWING_DIGITAL,6610.73,100.0,2,2.0,12630.82,0.0,0.0,97.0,7877.73,4832.43,RESTAURANT,31.953092783505156,10.81,LOW,0.0,N,N,N,N,MASTER_V1.5,2026-06-29,2026-06-29 19:54:02.726587
4409,Christopher Trevino,43,NE,2014-03-21,147,A,GROWING_DIGITAL,4136.06,100.0,1,1.0,77233.31,0.0,0.0,58.0,9745.17,-7283.34,EDUCATION,43.11000000000001,13.3,LOW,0.0,N,Y,N,N,MASTER_V1.5,2026-06-29,2026-06-29 19:54:02.726587
4415,Wendy Reed,34,VI,2015-11-06,127,A,PREMIUM_WEALTH,15198.54,100.0,4,4.0,157526.75,25000.0,48.11,185.0,23008.739999999998,-8418.369999999999,RETAIL,30.807945945945946,17.55,LOW,0.0,N,N,N,N,MASTER_V1.5,2026-06-29,2026-06-29 19:54:02.726587
4428,Jessica Gibbs,61,AS,2012-06-07,168,A,ENGAGED_MAINSTREAM,14213.81,66.67,3,2.0,79285.05,0.0,0.0,128.0,15789.630000000001,618.9500000000007,HEALTHCARE,45.313359375000005,30.18,MODERATE,0.0,N,N,N,N,MASTER_V1.5,2026-06-29,2026-06-29 19:54:02.726587
4433,Brittany Lewis,79,MN,2022-03-31,51,A,ENGAGED_MAINSTREAM,4484.75,100.0,3,3.0,123605.36,25000.0,27.52,89.0,35386.22,-16883.920000000002,TRAVEL,40.44629213483146,17.27,LOW,0.0,N,N,N,N,MASTER_V1.5,2026-06-29,2026-06-29 19:54:02.726587
4435,Derrick King,53,KY,2011-07-01,179,A,GROWING_DIGITAL,15180.76,100.0,3,3.0,81456.83,25000.0,2.94,137.0,20227.64,6388.579999999998,GROCERY,31.38343065693431,18.55,LOW,0.0,N,N,N,N,MASTER_V1.5,2026-06-29,2026-06-29 19:54:02.726587
4449,Hunter Martinez,32,NC,2020-12-28,66,A,PREMIUM_WEALTH,5193.85,66.67,3,2.0,36049.05,15000.0,16.08,150.0,16219.02,10434.670000000002,UTILITIES,38.665533333333336,11.27,LOW,0.0,N,N,N,N,MASTER_V1.5,2026-06-29,2026-06-29 19:54:02.726587
4460,Sydney Alexander,47,DC,2020-09-08,69,A,PREMIUM_WEALTH,6191.42,100.0,3,3.0,157013.84,5000.0,84.15,93.0,15228.37,16031.789999999999,UTILITIES,35.483978494623656,0.49,LOW,0.0,N,N,N,N,MASTER_V1.5,2026-06-29,2026-06-29 19:54:02.726587
4484,Joshua Reynolds,69,WA,2012-02-17,172,A,CREDIT_DEPENDENT,4749.83,0.0,1,0.0,62699.87,0.0,0.0,38.0,2623.34,5743.209999999999,RETAIL,23.689999999999998,27.11,MODERATE,0.0,N,N,N,Y,MASTER_V1.5,2026-06-29,2026-06-29 19:54:02.726587
4513,Ellen Patterson,80,AK,2021-10-26,56,A,ENGAGED_MAINSTREAM,4708.17,100.0,3,3.0,73859.72,10000.0,68.98,144.0,35604.03,-25643.17,RETAIL,34.024166666666666,13.45,LOW,0.0,N,N,N,N,MASTER_V1.5,2026-06-29,2026-06-29 19:54:02.726587
4519,Joseph Hardin,74,WY,2011-12-04,174,A,ENGAGED_MAINSTREAM,14810.27,66.67,3,2.0,84869.46,0.0,0.0,100.0,12536.93,-8451.240000000002,TRAVEL,35.0009,26.41,MODERATE,0.0,N,N,N,N,MASTER_V1.5,2026-06-29,2026-06-29 19:54:02.726587
4524,Jennifer Hendricks,81,PW,2023-08-22,34,A,VALUE_BASIC,1551.64,100.0,2,2.0,9202.85,5000.0,75.79,123.0,21610.510000000002,-11866.440000000002,HEALTHCARE,33.33146341463415,15.91,LOW,0.0,N,N,Y,N,MASTER_V1.5,2026-06-29,2026-06-29 19:54:02.726587
4530,Cristina Morgan,75,MD,2021-08-07,58,A,GROWING_DIGITAL,1634.06,100.0,1,1.0,78383.97,0.0,0.0,17.0,8926.75,-8337.13,RETAIL,41.17999999999999,29.0,MODERATE,0.0,N,Y,N,N,MASTER_V1.5,2026-06-29,2026-06-29 19:54:02.726587
4531,Eric George,27,AK,2012-06-12,168,A,PREMIUM_WEALTH,14270.09,100.0,3,3.0,82906.61,5000.0,82.28,169.0,35744.94,-21538.660000000003,RESTAURANT,40.236804733727816,5.73,LOW,0.0,N,N,N,N,MASTER_V1.5,2026-06-29,2026-06-29 19:54:02.726587
4532,Hailey Cruz,31,AL,2020-03-20,75,A,VALUE_BASIC,1403.89,100.0,1,1.0,1785.42,2000.0,89.27,49.0,2503.82,252.40999999999985,GROCERY,28.57,4.45,LOW,0.0,N,Y,Y,N,MASTER_V1.5,2026-06-29,2026-06-29 19:54:02.726587
4549,James Cherry,85,LA,2019-07-17,83,A,ENGAGED_MAINSTREAM,9929.15,100.0,4,4.0,156816.77,2000.0,59.56,185.0,36298.08,11565.730000000003,UTILITIES,45.406486486486486,19.91,LOW,0.0,N,N,N,N,MASTER_V1.5,2026-06-29,2026-06-29 19:54:02.726587
4558,Laura Moore,23,VT,2018-07-25,95,A,PREMIUM_WEALTH,8150.74,100.0,3,3.0,92933.06,2000.0,9.03,96.0,26510.25,352.6899999999987,RETAIL,41.665104166666666,10.0,LOW,0.0,N,N,N,N,MASTER_V1.5,2026-06-29,2026-06-29 19:54:02.726587
4571,Lori Miller,38,RI,2013-10-31,152,A,CREDIT_DEPENDENT,8098.67,50.0,2,1.0,42452.38,2000.0,86.8,90.0,16626.43,8914.079999999998,RESTAURANT,35.55244444444444,13.0,LOW,0.0,N,N,N,N,MASTER_V1.5,2026-06-29,2026-06-29 19:54:02.726587
4578,Laura Thompson,29,MA,2011-07-04,179,A,VALUE_BASIC,7717.24,100.0,2,2.0,5555.9,5000.0,53.54,108.0,12818.78,23981.940000000002,TRAVEL,33.334074074074074,26.73,MODERATE,0.0,N,N,Y,N,MASTER_V1.5,2026-06-29,2026-06-29 19:54:02.726587
4587,Sally Carroll,36,PR,2025-06-24,12,A,GROWING_DIGITAL,326.62,100.0,1,1.0,53490.48,0.0,0.0,31.0,2301.33,5288.4400000000005,GROCERY,48.39,17.27,LOW,0.0,N,Y,N,N,MASTER_V1.5,2026-06-29,2026-06-29 19:54:02.726587
4595,Adam Welch,58,MT,2024-07-06,23,A,GROWING_DIGITAL,611.78,100.0,1,1.0,41760.75,0.0,0.0,62.0,11970.88,2794.75,HEALTHCARE,35.480000000000004,9.52,LOW,0.0,N,Y,N,N,MASTER_V1.5,2026-06-29,2026-06-29 19:54:02.726587
4622,Patrick Jackson,21,DC,2017-06-12,108,A,PREMIUM_WEALTH,9270.21,100.0,3,3.0,93405.9,2000.0,34.47,176.0,9891.18,33639.560000000005,RESTAURANT,37.50090909090909,18.09,LOW,0.0,N,N,N,N,MASTER_V1.5,2026-06-29,2026-06-29 19:54:02.726587
4624,Brittany Vance,71,RI,2020-09-09,69,A,CREDIT_DEPENDENT,3852.51,50.0,2,1.0,70734.52,15000.0,94.87,81.0,9511.17,11816.19,UTILITIES,41.97518518518518,18.0,LOW,0.0,N,N,N,N,MASTER_V1.5,2026-06-29,2026-06-29 19:54:02.726587
4629,Samuel Montgomery,18,NE,2012-06-05,168,A,PREMIUM_WEALTH,14521.41,100.0,3,3.0,101207.38,15000.0,90.32,187.0,9861.05,42256.59,UTILITIES,34.758609625668456,28.82,MODERATE,0.0,N,N,N,N,MASTER_V1.5,2026-06-29,2026-06-29 19:54:02.726587
4632,Richard Jones,44,TX,2020-01-04,77,A,PREMIUM_WEALTH,6659.17,100.0,3,3.0,101827.37,5000.0,26.67,85.0,3908.45,20546.28,TRAVEL,38.821882352941174,10.25,LOW,0.0,N,N,N,N,MASTER_V1.5,2026-06-29,2026-06-29 19:54:02.726587
4638,Linda Liu,74,PR,2021-01-14,65,A,ENGAGED_MAINSTREAM,7547.47,100.0,4,4.0,110358.7,25000.0,93.56,135.0,29687.25,-17334.21,UTILITIES,34.072148148148145,17.55,LOW,0.0,N,N,N,N,MASTER_V1.5,2026-06-29,2026-06-29 19:54:02.726587
4645,Joel Larson,40,AS,2019-07-24,83,A,GROWING_DIGITAL,1957.92,100.0,1,1.0,12528.7,0.0,0.0,40.0,1386.34,1295.47,RESTAURANT,30.0,0.0,LOW,0.0,N,Y,N,N,MASTER_V1.5,2026-06-29,2026-06-29 19:54:02.726587
4660,Angelica Hickman,40,KY,2025-09-25,9,A,GROWING_DIGITAL,510.4,100.0,2,2.0,84305.53,0.0,0.0,101.0,24704.38,-22443.77,HEALTHCARE,34.64950495049505,20.56,MODERATE,0.0,N,N,N,N,MASTER_V1.5,2026-06-29,2026-06-29 19:54:02.726587
4677,Angela Jackson,63,CO,2021-07-24,59,A,CREDIT_DEPENDENT,3043.82,0.0,2,0.0,30273.44,0.0,0.0,105.0,15702.66,418.96000000000095,RETAIL,33.336952380952376,28.55,MODERATE,0.0,N,N,N,N,MASTER_V1.5,2026-06-29,2026-06-29 19:54:02.726587
4685,Kristine Murray,36,NY,2013-03-01,159,A,PREMIUM_WEALTH,18288.25,100.0,4,4.0,98917.93,10000.0,6.08,215.0,42239.78,-23321.94,RESTAURANT,40.930883720930225,7.18,LOW,0.0,N,N,N,N,MASTER_V1.5,2026-06-29,2026-06-29 19:54:02.726587
4689,Christopher Cobb,77,NH,2014-09-27,141,A,ENGAGED_MAINSTREAM,11343.23,66.67,3,2.0,45545.23,5000.0,2.39,117.0,26954.370000000003,-5789.6600000000035,UTILITIES,38.45923076923077,24.3,MODERATE,0.0,N,N,N,N,MASTER_V1.5,2026-06-29,2026-06-29 19:54:02.726587
4715,Chelsea Prince,46,WV,2022-05-25,49,A,PREMIUM_WEALTH,5769.95,75.0,4,3.0,130015.98,5000.0,46.6,140.0,20716.97,1094.0099999999984,UTILITIES,41.42921428571429,31.4,MODERATE,0.0,N,N,N,N,MASTER_V1.5,2026-06-29,2026-06-29 19:54:02.726587
4725,Sabrina Ray,49,NH,2015-08-06,130,A,GROWING_DIGITAL,11639.89,100.0,3,3.0,153024.47,0.0,0.0,92.0,11230.119999999999,-6827.269999999999,RETAIL,41.30543478260869,20.18,MODERATE,0.0,N,N,N,N,MASTER_V1.5,2026-06-29,2026-06-29 19:54:02.726587
4729,Sandy Richards,75,GA,2024-05-05,25,A,ENGAGED_MAINSTREAM,2804.71,75.0,4,3.0,74521.21,5000.0,83.57,109.0,13466.23,22240.079999999998,RETAIL,44.04348623853211,15.85,LOW,0.0,N,N,N,N,MASTER_V1.5,2026-06-29,2026-06-29 19:54:02.726587
4733,Andrew Garner,72,NV,2021-07-14,59,A,GROWING_DIGITAL,2855.87,100.0,2,2.0,16009.35,0.0,0.0,81.0,12419.650000000001,4727.41,TRAVEL,40.74086419753087,21.22,MODERATE,0.0,N,N,N,N,MASTER_V1.5,2026-06-29,2026-06-29 19:54:02.726587
4740,Chad Cooper,37,MO,2014-07-28,143,A,VALUE_BASIC,1512.97,100.0,1,1.0,68.86,2000.0,3.44,50.0,3853.42,6954.709999999999,RETAIL,42.0,27.82,MODERATE,0.0,N,Y,N,N,MASTER_V1.5,2026-06-29,2026-06-29 19:54:02.726587
4748,Jacob Reed,69,HI,2018-10-05,92,A,ENGAGED_MAINSTREAM,11037.42,100.0,4,4.0,162298.23,2000.0,89.37,169.0,59962.31,-42903.649999999994,RESTAURANT,30.769053254437868,18.51,LOW,0.0,N,N,N,N,MASTER_V1.5,2026-06-29,2026-06-29 19:54:02.726587
4750,Dennis Romero,40,ND,2012-02-16,172,A,PREMIUM_WEALTH,21015.13,75.0,4,3.0,202419.64,15000.0,10.34,180.0,16339.23,9086.61,HEALTHCARE,35.55372222222222,20.09,MODERATE,0.0,N,N,N,N,MASTER_V1.5,2026-06-29,2026-06-29 19:54:02.726587
4761,Curtis Schultz,22,MI,2019-02-01,88,A,PREMIUM_WEALTH,4791.88,100.0,2,2.0,53671.59,10000.0,73.41,131.0,20633.29,10185.449999999997,RETAIL,33.589541984732826,19.91,LOW,0.0,N,N,N,N,MASTER_V1.5,2026-06-29,2026-06-29 19:54:02.726587
4764,Tyler Green,46,NE,2012-02-28,172,A,VALUE_BASIC,3930.07,100.0,1,1.0,9317.84,25000.0,37.27,61.0,18115.54,-7558.360000000001,GROCERY,40.980000000000004,13.27,LOW,0.0,N,Y,Y,N,MASTER_V1.5,2026-06-29,2026-06-29 19:54:02.726587
4779,Stephanie Lee,43,IN,2013-03-04,159,A,PREMIUM_WEALTH,17704.17,100.0,4,4.0,68507.28,2000.0,91.82,194.0,37550.63,5547.740000000005,RESTAURANT,38.6589175257732,6.5,LOW,0.0,N,N,N,N,MASTER_V1.5,2026-06-29,2026-06-29 19:54:02.726587
4783,Cheryl Ramsey,27,AL,2024-10-31,20,A,PREMIUM_WEALTH,1639.82,66.67,3,2.0,55945.85,2000.0,69.55,77.0,5204.73,24476.760000000002,RESTAURANT,42.86025974025974,15.58,LOW,0.0,N,N,N,N,MASTER_V1.5,2026-06-29,2026-06-29 19:54:02.726587
4798,Edward Johnson,74,IA,2025-06-05,12,A,ENGAGED_MAINSTREAM,1001.63,100.0,3,3.0,68133.98,0.0,0.0,133.0,47913.56,-3613.1600000000035,TRAVEL,43.607669172932326,12.45,LOW,0.0,N,N,N,N,MASTER_V1.5,2026-06-29,2026-06-29 19:54:02.726587
4821,Tara Anderson,37,NV,2011-11-07,175,A,GROWING_DIGITAL,10093.4,100.0,2,2.0,102264.39,0.0,0.0,85.0,12097.0,452.52000000000044,RESTAURANT,37.64505882352942,12.09,LOW,0.0,N,N,N,N,MASTER_V1.5,2026-06-29,2026-06-29 19:54:02.726587
4890,Jamie Dennis,35,MT,2020-10-29,68,A,GROWING_DIGITAL,3817.6,100.0,2,2.0,75224.89,2000.0,31.41,93.0,26855.29,4816.450000000001,RESTAURANT,33.339999999999996,4.45,LOW,0.0,N,N,N,N,MASTER_V1.5,2026-06-29,2026-06-29 19:54:02.726587
4896,Ricardo Hernandez,61,AZ,2021-11-30,55,A,GROWING_DIGITAL,1517.26,100.0,1,1.0,61983.95,0.0,0.0,58.0,4449.94,-2586.2499999999995,GROCERY,44.830000000000005,23.55,MODERATE,0.0,N,Y,N,N,MASTER_V1.5,2026-06-29,2026-06-29 19:54:02.726587
4904,Robert Stevenson,64,SD,2016-01-28,125,A,VALUE_BASIC,2615.94,100.0,1,1.0,4320.02,0.0,0.0,36.0,1989.87,346.4100000000003,GROCERY,58.34,20.55,MODERATE,0.0,N,Y,Y,N,MASTER_V1.5,2026-06-29,2026-06-29 19:54:02.726587
4908,Joshua Campbell,20,MA,2021-05-02,61,A,GROWING_DIGITAL,3495.69,100.0,2,2.0,94966.91,0.0,0.0,56.0,3793.2000000000003,-587.9600000000005,UTILITIES,32.14035714285714,21.16,MODERATE,0.0,N,N,N,N,MASTER_V1.5,2026-06-29,2026-06-29 19:54:02.726587
4913,Jennifer Rice,27,MA,2023-07-09,35,A,VALUE_BASIC,729.13,100.0,1,1.0,4158.32,0.0,0.0,58.0,16397.19,-2597.649999999998,RETAIL,34.48,9.0,LOW,0.0,N,Y,Y,N,MASTER_V1.5,2026-06-29,2026-06-29 19:54:02.726587
4922,Holly Garcia,71,AS,2012-06-03,168,A,ENGAGED_MAINSTREAM,19329.43,100.0,4,4.0,99271.6,5000.0,36.07,194.0,48442.85,-27974.659999999996,TRAVEL,45.35685567010309,11.18,LOW,0.0,N,N,N,N,MASTER_V1.5,2026-06-29,2026-06-29 19:54:02.726587
4926,Julie Lawrence,78,CA,2021-10-13,56,A,GROWING_DIGITAL,2902.9,100.0,2,2.0,31808.67,0.0,0.0,108.0,22901.8,-18877.75,WIRE_TRANSFER_INTL,46.3,28.27,MODERATE,0.0,N,N,N,N,MASTER_V1.5,2026-06-29,2026-06-29 19:54:02.726587
4941,Matthew Perez,77,AZ,2014-06-11,144,A,ENGAGED_MAINSTREAM,16556.79,100.0,4,4.0,98495.83,15000.0,20.33,148.0,26187.92,-21004.14,RETAIL,39.86777027027027,16.64,LOW,0.0,N,N,N,N,MASTER_V1.5,2026-06-29,2026-06-29 19:54:02.726587
4942,Michelle Yoder,55,MH,2017-09-29,105,A,CREDIT_DEPENDENT,2710.55,0.0,1,0.0,30512.83,0.0,0.0,23.0,916.87,6942.83,RESTAURANT,39.129999999999995,14.84,LOW,0.0,N,N,N,Y,MASTER_V1.5,2026-06-29,2026-06-29 19:54:02.726587
4945,Denise Caldwell,51,MD,2011-09-17,177,A,PREMIUM_WEALTH,21110.15,100.0,4,4.0,151242.08,25000.0,68.48,180.0,35942.97,4920.879999999997,RETAIL,40.55416666666667,5.73,LOW,0.0,N,N,N,N,MASTER_V1.5,2026-06-29,2026-06-29 19:54:02.726587
4966,Nicole Hill,63,MH,2023-09-23,33,A,ENGAGED_MAINSTREAM,2755.24,100.0,3,3.0,68342.54,0.0,0.0,163.0,28236.31,-249.20000000000073,UTILITIES,34.3615337423313,13.97,LOW,0.0,N,N,N,N,MASTER_V1.5,2026-06-29,2026-06-29 19:54:02.726587
4973,Melissa Fowler,61,WV,2013-10-19,152,A,GROWING_DIGITAL,4157.94,100.0,1,1.0,56496.85,0.0,0.0,54.0,11085.93,-8478.68,GAS_STATION,20.37,14.55,LOW,0.0,N,Y,N,N,MASTER_V1.5,2026-06-29,2026-06-29 19:54:02.726587
4978,Margaret Marshall,83,VI,2014-07-12,143,A,ENGAGED_MAINSTREAM,12204.93,66.67,3,2.0,87543.46,10000.0,99.31,170.0,23881.85,5849.889999999999,RESTAURANT,32.93994117647059,18.45,LOW,0.0,N,N,N,N,MASTER_V1.5,2026-06-29,2026-06-29 19:54:02.726587
4983,Mark Stevens,29,CT,2018-12-31,90,A,PREMIUM_WEALTH,10556.93,100.0,4,4.0,124234.3,15000.0,9.15,136.0,9527.19,43220.83,GROCERY,38.97095588235294,9.56,LOW,0.0,N,N,N,N,MASTER_V1.5,2026-06-29,2026-06-29 19:54:02.726587
4993,Jose Sellers,40,MP,2011-12-10,174,A,PREMIUM_WEALTH,21082.09,50.0,4,2.0,182799.06,2000.0,42.96,136.0,35334.72,-13107.64,TRAVEL,37.498014705882355,20.22,MODERATE,0.0,N,N,N,N,MASTER_V1.5,2026-06-29,2026-06-29 19:54:02.726587
4998,Melissa Patterson,21,PR,2016-05-16,121,A,GROWING_DIGITAL,3380.22,100.0,1,1.0,71273.74,0.0,0.0,58.0,9424.13,-6506.689999999999,RESTAURANT,46.54999999999999,12.55,LOW,0.0,N,Y,N,N,MASTER_V1.5,2026-06-29,2026-06-29 19:54:02.726587
5000,Jillian Porter,63,KY,2018-03-17,99,A,GROWING_DIGITAL,5222.7,100.0,2,2.0,38212.02,0.0,0.0,87.0,20839.36,-6673.32,GROCERY,32.18459770114943,11.55,LOW,0.0,N,N,N,N,MASTER_V1.5,2026-06-29,2026-06-29 19:54:02.726587
5,Lisa Smith,70,WA,2020-04-12,74,A,ENGAGED_MAINSTREAM,6332.69,100.0,3,3.0,90242.39,2000.0,62.09,182.0,25703.98,-1355.5,HEALTHCARE,37.360989010989,15.86,LOW,0.0,N,N,N,N,MASTER_V1.5,2026-06-29,2026-06-29 19:54:02.726587
24,Bryan James,32,HI,2017-10-15,104,A,PREMIUM_WEALTH,9020.22,100.0,3,3.0,105280.01,25000.0,55.86,122.0,5311.16,27354.16,HEALTHCARE,38.53032786885246,11.29,LOW,0.0,N,N,N,N,MASTER_V1.5,2026-06-29,2026-06-29 19:54:02.726587
25,Tasha Valencia,18,AL,2019-05-21,85,A,PREMIUM_WEALTH,7161.66,66.67,3,2.0,75657.33,15000.0,5.13,144.0,10135.21,22327.74,RETAIL,30.559583333333336,9.27,LOW,0.0,N,N,N,N,MASTER_V1.5,2026-06-29,2026-06-29 19:54:02.726587
41,Jeremy Whitehead,80,DC,2020-11-26,67,A,ENGAGED_MAINSTREAM,3696.12,100.0,2,2.0,61894.57,25000.0,54.71,95.0,11841.83,-5579.01,RETAIL,27.365789473684217,5.83,LOW,0.0,N,N,N,N,MASTER_V1.5,2026-06-29,2026-06-29 19:54:02.726587
46,Tracey Garcia,36,OH,2021-07-15,59,A,CREDIT_DEPENDENT,3011.72,50.0,2,1.0,27152.69,0.0,0.0,107.0,6004.259999999999,9169.850000000002,RETAIL,37.38392523364486,15.36,LOW,0.0,N,N,N,N,MASTER_V1.5,2026-06-29,2026-06-29 19:54:02.726587
52,Richard Brown,52,ID,2014-09-05,141,A,VALUE_BASIC,3307.67,100.0,1,1.0,11889.98,15000.0,79.27,45.0,1550.51,9474.36,GAS_STATION,37.78,12.09,LOW,0.0,N,Y,N,N,MASTER_V1.5,2026-06-29,2026-06-29 19:54:02.726587
57,Wesley Farrell,81,TN,2020-03-16,75,A,ENGAGED_MAINSTREAM,4230.85,100.0,2,2.0,79401.27,5000.0,28.07,96.0,16929.42,-11557.739999999998,GAS_STATION,32.287499999999994,8.55,LOW,0.0,N,N,N,N,MASTER_V1.5,2026-06-29,2026-06-29 19:54:02.726587
73,Adam Wise,57,NH,2015-08-14,130,A,CREDIT_DEPENDENT,2985.88,0.0,1,0.0,9772.5,10000.0,97.73,49.0,12200.41,16231.29,GROCERY,28.57,4.0,LOW,0.0,N,N,Y,Y,MASTER_V1.5,2026-06-29,2026-06-29 19:54:02.726587
112,Jennifer Wagner,25,WA,2020-08-18,70,A,CREDIT_DEPENDENT,3334.86,50.0,2,1.0,13741.34,0.0,0.0,75.0,16981.7,-14034.640000000001,RESTAURANT,33.3364,2.09,LOW,0.0,N,N,N,N,MASTER_V1.5,2026-06-29,2026-06-29 19:54:02.726587
114,John Walsh,53,LA,2015-05-11,133,A,GROWING_DIGITAL,7531.25,100.0,2,2.0,82882.87,0.0,0.0,115.0,6540.99,301.9500000000007,RETAIL,46.95452173913043,20.82,MODERATE,0.0,N,N,N,N,MASTER_V1.5,2026-06-29,2026-06-29 19:54:02.726587
121,Michael Molina,60,AL,2011-07-31,179,A,GROWING_DIGITAL,9786.08,100.0,2,2.0,56059.47,5000.0,46.57,95.0,22720.170000000002,-13600.450000000003,RETAIL,33.68726315789474,17.55,LOW,0.0,N,N,N,N,MASTER_V1.5,2026-06-29,2026-06-29 19:54:02.726587
127,Derek Murray,83,OH,2021-01-29,65,A,ENGAGED_MAINSTREAM,5462.79,100.0,3,3.0,73549.58,15000.0,26.39,100.0,5806.610000000001,281.1399999999994,UTILITIES,35.999300000000005,17.52,LOW,0.0,N,N,N,N,MASTER_V1.5,2026-06-29,2026-06-29 19:54:02.726587
137,Susan Sanders,64,NY,2021-08-05,58,A,ENGAGED_MAINSTREAM,6790.41,100.0,4,4.0,121491.71,2000.0,11.58,171.0,36970.63,-9329.519999999997,RETAIL,39.76502923976608,3.0,LOW,0.0,N,N,N,N,MASTER_V1.5,2026-06-29,2026-06-29 19:54:02.726587
139,Melissa Burke,78,MH,2023-01-06,41,A,VALUE_BASIC,887.18,100.0,1,1.0,5740.87,10000.0,57.41,18.0,1112.14,11054.25,INSURANCE,44.44,31.82,MODERATE,0.0,N,Y,Y,N,MASTER_V1.5,2026-06-29,2026-06-29 19:54:02.726587
152,Travis Mcguire,39,TN,2021-02-15,64,A,GROWING_DIGITAL,3693.25,100.0,2,2.0,102889.43,0.0,0.0,134.0,31066.519999999997,-2688.5799999999945,INSURANCE,33.58761194029851,27.27,MODERATE,0.0,N,N,N,N,MASTER_V1.5,2026-06-29,2026-06-29 19:54:02.726587
162,Monique Andrews,27,MN,2018-10-24,92,A,PREMIUM_WEALTH,7484.83,66.67,3,2.0,51409.64,0.0,0.0,135.0,42236.83,-23403.480000000003,TRAVEL,39.258148148148145,16.91,LOW,0.0,N,N,N,N,MASTER_V1.5,2026-06-29,2026-06-29 19:54:02.726587
172,Brittney Carter,85,NM,2018-03-18,99,A,ENGAGED_MAINSTREAM,8864.32,100.0,3,3.0,153043.62,0.0,0.0,149.0,28544.42,-2256.4299999999967,UTILITIES,40.94073825503356,28.18,MODERATE,0.0,N,N,N,N,MASTER_V1.5,2026-06-29,2026-06-29 19:54:02.726587
177,Kaitlyn Carroll,74,NE,2016-01-30,125,A,ENGAGED_MAINSTREAM,9857.57,100.0,3,3.0,36854.7,25000.0,17.59,143.0,8600.81,14439.480000000001,RETAIL,41.26027972027972,25.33,MODERATE,0.0,N,N,N,N,MASTER_V1.5,2026-06-29,2026-06-29 19:54:02.726587
189,Vanessa Sandoval,58,AS,2019-03-03,87,A,ENGAGED_MAINSTREAM,9762.34,100.0,4,4.0,74688.03,10000.0,54.13,174.0,44251.81,-16409.92,TRAVEL,39.65252873563219,14.18,LOW,0.0,N,N,N,N,MASTER_V1.5,2026-06-29,2026-06-29 19:54:02.726587
194,Andrea Davis,74,GA,2019-09-16,81,A,ENGAGED_MAINSTREAM,6978.9,100.0,3,3.0,97529.05,15000.0,58.64,147.0,46446.700000000004,2244.909999999996,INSURANCE,42.17748299319728,15.91,LOW,0.0,N,N,N,N,MASTER_V1.5,2026-06-29,2026-06-29 19:54:02.726587
197,Tina Sanchez,67,OK,2023-12-11,30,A,ENGAGED_MAINSTREAM,1523.79,100.0,2,2.0,25812.95,2000.0,88.55,124.0,23534.87,2884.260000000002,RESTAURANT,37.90008064516129,17.91,LOW,0.0,N,N,N,N,MASTER_V1.5,2026-06-29,2026-06-29 19:54:02.726587
203,Stanley Morris,48,NY,2019-08-07,82,A,VALUE_BASIC,1385.82,100.0,1,1.0,862.72,5000.0,17.25,47.0,1676.31,663.4500000000003,GAS_STATION,36.17,28.95,MODERATE,0.0,N,Y,N,N,MASTER_V1.5,2026-06-29,2026-06-29 19:54:02.726587
207,Benjamin Shaw,19,AZ,2018-11-18,91,A,PREMIUM_WEALTH,7775.81,66.67,3,2.0,88710.5,25000.0,71.55,111.0,23603.47,-12888.550000000003,GROCERY,28.827927927927927,30.45,MODERATE,0.0,N,N,N,N,MASTER_V1.5,2026-06-29,2026-06-29 19:54:02.726587
233,Kenneth Burgess,36,AK,2012-11-01,163,A,GROWING_DIGITAL,9553.41,100.0,2,2.0,123251.06,0.0,0.0,79.0,13161.04,-9998.35,TRAVEL,29.114936708860757,12.0,LOW,0.0,N,N,N,N,MASTER_V1.5,2026-06-29,2026-06-29 19:54:02.726587
235,Maria Scott,49,MH,2025-02-12,16,A,GROWING_DIGITAL,442.36,100.0,1,1.0,63505.82,0.0,0.0,49.0,3367.98,-1383.53,GAS_STATION,36.739999999999995,18.8,LOW,0.0,N,Y,N,N,MASTER_V1.5,2026-06-29,2026-06-29 19:54:02.726587
259,Alexis Tyler,41,MP,2011-11-16,175,A,VALUE_BASIC,7635.3,100.0,2,2.0,6161.36,2000.0,78.77,41.0,2582.81,9231.85,TRAVEL,34.14853658536586,28.45,MODERATE,0.0,N,N,Y,N,MASTER_V1.5,2026-06-29,2026-06-29 19:54:02.726587
266,Christopher Franklin,24,GU,2012-08-02,166,A,GROWING_DIGITAL,8845.25,100.0,2,2.0,42486.03,10000.0,32.77,104.0,26238.0,-11467.800000000001,GROCERY,43.27538461538462,13.84,LOW,0.0,N,N,N,N,MASTER_V1.5,2026-06-29,2026-06-29 19:54:02.726587
272,Ronald Ortega,57,DE,2012-11-28,163,A,GROWING_DIGITAL,4076.63,100.0,1,1.0,22114.91,0.0,0.0,14.0,1029.65,-652.3600000000001,GAS_STATION,28.57,16.73,LOW,0.0,N,Y,N,N,MASTER_V1.5,2026-06-29,2026-06-29 19:54:02.726587
282,Sarah Gallegos,42,ME,2011-11-19,175,A,PREMIUM_WEALTH,20835.05,100.0,4,4.0,148114.72,10000.0,32.9,146.0,16786.32,4921.279999999999,RETAIL,34.93219178082192,15.96,LOW,0.0,N,N,N,N,MASTER_V1.5,2026-06-29,2026-06-29 19:54:02.726587
284,Molly Knight,62,CT,2011-08-01,178,A,ENGAGED_MAINSTREAM,21186.87,100.0,4,4.0,147670.04,10000.0,25.41,194.0,36591.54,18154.559999999998,GROCERY,34.01664948453608,16.73,LOW,0.0,N,N,N,N,MASTER_V1.5,2026-06-29,2026-06-29 19:54:02.726587
285,Cynthia Johnson,58,FL,2013-08-10,154,A,GROWING_DIGITAL,13191.24,100.0,3,3.0,91215.98,0.0,0.0,142.0,26143.02,1141.3199999999997,GROCERY,37.3181690140845,23.36,MODERATE,0.0,N,N,N,N,MASTER_V1.5,2026-06-29,2026-06-29 19:54:02.726587
291,Erika Tucker,56,AR,2015-09-19,129,A,CREDIT_DEPENDENT,6674.12,50.0,2,1.0,31178.24,0.0,0.0,69.0,26313.050000000003,-11144.270000000002,GAS_STATION,46.37710144927536,6.36,LOW,0.0,N,N,N,N,MASTER_V1.5,2026-06-29,2026-06-29 19:54:02.726587
296,Charles Hensley,29,VI,2023-07-08,35,A,GROWING_DIGITAL,1871.36,100.0,2,2.0,44068.21,0.0,0.0,68.0,4240.51,9805.58,GROCERY,27.943235294117645,17.86,LOW,0.0,N,N,N,N,MASTER_V1.5,2026-06-29,2026-06-29 19:54:02.726587
316,Dale Nolan,75,NE,2012-05-31,169,A,ENGAGED_MAINSTREAM,19086.99,75.0,4,3.0,80344.36,15000.0,76.6,170.0,21817.14,26675.17,WIRE_TRANSFER_INTL,42.94029411764706,21.45,MODERATE,0.0,N,N,N,N,MASTER_V1.5,2026-06-29,2026-06-29 19:54:02.726587
334,Erica Young,56,AS,2017-08-14,106,A,CREDIT_DEPENDENT,2751.52,0.0,1,0.0,32308.34,0.0,0.0,48.0,20865.6,-19196.67,RESTAURANT,45.83,25.09,MODERATE,0.0,N,N,N,Y,MASTER_V1.5,2026-06-29,2026-06-29 19:54:02.726587
346,Debra Moody,23,VI,2024-01-04,29,A,PREMIUM_WEALTH,3480.12,100.0,4,4.0,162823.84,5000.0,59.34,144.0,23259.72,-8858.500000000002,TRAVEL,31.94222222222222,8.09,LOW,0.0,N,N,N,N,MASTER_V1.5,2026-06-29,2026-06-29 19:54:02.726587
350,Daniel Roberts,36,SC,2019-05-13,85,A,VALUE_BASIC,1807.16,100.0,1,1.0,4935.78,0.0,0.0,27.0,2829.45,5923.89,RESTAURANT,37.03,14.73,LOW,0.0,N,Y,Y,N,MASTER_V1.5,2026-06-29,2026-06-29 19:54:02.726587
373,Molly Gomez,61,SC,2012-02-14,172,A,GROWING_DIGITAL,3947.51,100.0,1,1.0,9703.62,0.0,0.0,73.0,3891.0,8624.04,GAS_STATION,34.25,10.82,LOW,0.0,N,Y,Y,N,MASTER_V1.5,2026-06-29,2026-06-29 19:54:02.726587
374,Tina Gould,18,NM,2015-08-03,130,A,GROWING_DIGITAL,3157.22,100.0,1,1.0,16556.51,0.0,0.0,39.0,1574.28,592.3999999999999,INSURANCE,35.9,24.82,MODERATE,0.0,N,Y,N,N,MASTER_V1.5,2026-06-29,2026-06-29 19:54:02.726587
383,Justin Hendricks,55,AL,2026-05-10,1,A,VALUE_BASIC,15.95,100.0,1,1.0,590.47,0.0,0.0,39.0,2162.22,24506.14,UTILITIES,35.9,20.0,MODERATE,0.0,N,Y,N,N,MASTER_V1.5,2026-06-29,2026-06-29 19:54:02.726587
390,Miguel Lara,83,MA,2019-10-03,80,A,CREDIT_DEPENDENT,4507.9,50.0,2,1.0,78412.61,0.0,0.0,77.0,21707.18,-17481.27,GROCERY,40.25740259740259,17.65,LOW,0.0,N,N,N,N,MASTER_V1.5,2026-06-29,2026-06-29 19:54:02.726587
399,Andrea Martinez,68,GA,2020-12-18,66,A,GROWING_DIGITAL,3717.09,100.0,2,2.0,77956.19,0.0,0.0,124.0,62378.86,-58387.75,GAS_STATION,42.74032258064516,13.73,LOW,0.0,N,N,N,N,MASTER_V1.5,2026-06-29,2026-06-29 19:54:02.726587
422,Theresa Long,39,SC,2013-04-06,158,A,GROWING_DIGITAL,13784.89,100.0,3,3.0,112737.85,0.0,0.0,143.0,21912.35,3327.25,RETAIL,37.06468531468531,10.82,LOW,0.0,N,N,N,N,MASTER_V1.5,2026-06-29,2026-06-29 19:54:02.726587
425,Thomas Bryant,76,DC,2016-06-16,120,A,GROWING_DIGITAL,7016.05,100.0,2,2.0,119780.43,0.0,0.0,84.0,24326.07,-13462.29,RETAIL,33.330000000000005,18.22,LOW,0.0,N,N,N,N,MASTER_V1.5,2026-06-29,2026-06-29 19:54:02.726587
426,Mark Austin,44,NH,2019-03-07,87,A,CREDIT_DEPENDENT,6997.33,33.33,3,1.0,45427.72,10000.0,92.26,139.0,7551.33,27622.92,UTILITIES,43.163884892086344,14.45,LOW,0.0,N,N,N,Y,MASTER_V1.5,2026-06-29,2026-06-29 19:54:02.726587
431,Thomas Coffey,39,AK,2011-11-21,175,A,GROWING_DIGITAL,10321.39,100.0,2,2.0,132704.18,0.0,0.0,78.0,27545.24,-14415.460000000003,UTILITIES,37.17589743589744,23.91,MODERATE,0.0,N,N,N,N,MASTER_V1.5,2026-06-29,2026-06-29 19:54:02.726587
457,Nicole Thompson,24,AL,2014-02-06,148,A,PREMIUM_WEALTH,17713.65,100.0,4,4.0,157736.73,2000.0,80.44,222.0,65525.81,-45173.83,RETAIL,37.386891891891885,14.29,LOW,0.0,N,N,N,N,MASTER_V1.5,2026-06-29,2026-06-29 19:54:02.726587
466,Christopher Caldwell,30,PW,2019-03-06,87,A,PREMIUM_WEALTH,9935.51,100.0,4,4.0,91137.68,2000.0,4.26,176.0,18916.5,14079.64,RESTAURANT,44.88380681818182,23.92,MODERATE,0.0,N,N,N,N,MASTER_V1.5,2026-06-29,2026-06-29 19:54:02.726587
493,Joshua Pineda,68,AL,2016-08-27,118,A,GROWING_DIGITAL,9299.22,100.0,3,3.0,36592.35,5000.0,0.05,139.0,42774.81,-15605.599999999999,GAS_STATION,33.09309352517985,14.91,LOW,0.0,N,N,N,N,MASTER_V1.5,2026-06-29,2026-06-29 19:54:02.726587
496,Carla Warner,78,AZ,2011-12-28,174,A,VALUE_BASIC,4063.36,100.0,1,1.0,11396.58,15000.0,75.98,26.0,1701.03,558.8199999999999,RETAIL,30.759999999999998,14.55,LOW,0.0,N,Y,N,N,MASTER_V1.5,2026-06-29,2026-06-29 19:54:02.726587
502,Nichole Buck,81,UT,2025-08-22,10,A,GROWING_DIGITAL,509.05,100.0,2,2.0,26397.3,0.0,0.0,61.0,11501.11,-8982.330000000002,HEALTHCARE,29.51262295081968,23.45,MODERATE,0.0,N,N,N,N,MASTER_V1.5,2026-06-29,2026-06-29 19:54:02.726587
504,Kristi Flores,22,PA,2021-07-04,59,A,PREMIUM_WEALTH,6857.81,100.0,4,4.0,111681.07,25000.0,22.52,139.0,28131.29,-16138.260000000002,TRAVEL,35.970935251798565,23.38,MODERATE,0.0,N,N,N,N,MASTER_V1.5,2026-06-29,2026-06-29 19:54:02.726587
506,Kevin Zimmerman,53,NH,2024-02-29,28,A,GROWING_DIGITAL,1648.3,100.0,2,2.0,129773.32,0.0,0.0,92.0,11277.61,-6536.770000000001,RESTAURANT,35.87130434782608,9.0,LOW,0.0,N,N,N,N,MASTER_V1.5,2026-06-29,2026-06-29 19:54:02.726587
512,Timothy Booth,36,HI,2019-10-30,80,A,CREDIT_DEPENDENT,1968.23,0.0,1,0.0,18791.5,0.0,0.0,29.0,2425.62,9801.189999999999,GROCERY,24.130000000000003,14.45,LOW,0.0,N,N,N,Y,MASTER_V1.5,2026-06-29,2026-06-29 19:54:02.726587
535,Randy Watson,30,HI,2015-06-24,132,A,PREMIUM_WEALTH,14651.57,100.0,4,4.0,66149.59,2000.0,3.5,179.0,15995.23,17438.889999999996,TRAVEL,38.55106145251397,17.09,LOW,0.0,N,N,N,N,MASTER_V1.5,2026-06-29,2026-06-29 19:54:02.726587
538,Nicholas Tran,34,MH,2012-11-19,163,A,PREMIUM_WEALTH,14421.33,100.0,3,3.0,132798.92,0.0,0.0,110.0,24329.100000000002,-19056.850000000002,UTILITIES,31.82072727272727,20.08,MODERATE,0.0,N,N,N,N,MASTER_V1.5,2026-06-29,2026-06-29 19:54:02.726587
549,Samuel Roberson,20,GA,2012-04-16,170,A,GROWING_DIGITAL,4594.32,100.0,1,1.0,49521.42,0.0,0.0,55.0,17604.55,-6362.719999999999,GROCERY,34.55,24.73,MODERATE,0.0,N,Y,N,N,MASTER_V1.5,2026-06-29,2026-06-29 19:54:02.726587
559,Mark Cruz,79,TN,2020-05-30,73,A,GROWING_DIGITAL,1949.39,100.0,1,1.0,43546.19,0.0,0.0,35.0,31220.2,-30093.82,HEALTHCARE,42.85,17.36,LOW,0.0,N,Y,N,N,MASTER_V1.5,2026-06-29,2026-06-29 19:54:02.726587
565,Daniel Torres,45,NY,2014-05-29,145,A,PREMIUM_WEALTH,16732.79,75.0,4,3.0,102729.58,25000.0,67.45,198.0,21595.510000000002,403.77999999999884,UTILITIES,34.34318181818182,16.45,LOW,0.0,N,N,N,N,MASTER_V1.5,2026-06-29,2026-06-29 19:54:02.726587
568,Malik Valentine,20,CT,2013-07-09,155,A,CREDIT_DEPENDENT,8548.05,50.0,2,1.0,61682.04,5000.0,78.54,61.0,3211.6899999999996,9635.870000000003,INSURANCE,34.42655737704918,7.36,LOW,0.0,N,N,N,N,MASTER_V1.5,2026-06-29,2026-06-29 19:54:02.726587
573,Stephanie Murray,39,FM,2019-09-12,81,A,GROWING_DIGITAL,2003.38,100.0,1,1.0,19795.87,0.0,0.0,25.0,2399.16,13459.77,UTILITIES,24.0,3.55,LOW,0.0,N,Y,N,N,MASTER_V1.5,2026-06-29,2026-06-29 19:54:02.726587
586,Angel Garcia,51,KS,2016-08-20,118,A,PREMIUM_WEALTH,13702.96,75.0,4,3.0,110489.35,5000.0,20.05,141.0,16074.789999999999,-7373.07,INSURANCE,43.26347517730497,19.91,LOW,0.0,N,N,N,N,MASTER_V1.5,2026-06-29,2026-06-29 19:54:02.726587
589,Samuel Horton,53,IA,2018-08-05,94,A,GROWING_DIGITAL,7803.97,66.67,3,2.0,64181.19,0.0,0.0,148.0,59522.759999999995,-41488.11,RESTAURANT,34.45716216216216,13.09,LOW,0.0,N,N,N,N,MASTER_V1.5,2026-06-29,2026-06-29 19:54:02.726587
607,Albert Taylor,81,WY,2016-11-05,115,A,ENGAGED_MAINSTREAM,9871.15,100.0,3,3.0,93414.96,15000.0,82.15,69.0,15092.199999999999,4323.980000000001,TRAVEL,36.23246376811594,6.64,LOW,0.0,N,N,N,N,MASTER_V1.5,2026-06-29,2026-06-29 19:54:02.726587
617,Victoria Rowe,30,WV,2018-01-15,101,A,VALUE_BASIC,4733.3,100.0,2,2.0,11764.77,2000.0,62.0,114.0,14175.61,2196.08,RESTAURANT,38.59578947368421,28.1,MODERATE,0.0,N,N,N,N,MASTER_V1.5,2026-06-29,2026-06-29 19:54:02.726587
622,Michele Duke,66,MA,2015-06-24,132,A,ENGAGED_MAINSTREAM,10361.52,100.0,3,3.0,35107.93,2000.0,76.24,81.0,11903.54,2403.659999999998,RETAIL,38.27037037037037,11.18,LOW,0.0,N,N,N,N,MASTER_V1.5,2026-06-29,2026-06-29 19:54:02.726587
629,Stephanie Murphy,22,NM,2016-12-30,114,A,PREMIUM_WEALTH,6096.63,100.0,2,2.0,44171.84,15000.0,89.59,106.0,16026.68,-8858.060000000001,INSURANCE,33.95990566037736,14.06,LOW,0.0,N,N,N,N,MASTER_V1.5,2026-06-29,2026-06-29 19:54:02.726587
633,Matthew Lane,67,FL,2023-11-06,31,A,GROWING_DIGITAL,860.53,100.0,1,1.0,66409.47,0.0,0.0,34.0,3772.02,-2910.71,GAS_STATION,38.24000000000001,15.36,LOW,0.0,N,Y,N,N,MASTER_V1.5,2026-06-29,2026-06-29 19:54:02.726587
641,Jane Smith,69,FL,2021-04-08,62,A,GROWING_DIGITAL,3515.8,100.0,2,2.0,84228.14,0.0,0.0,80.0,18143.64,-5037.41,GAS_STATION,37.503,14.52,LOW,0.0,N,N,N,N,MASTER_V1.5,2026-06-29,2026-06-29 19:54:02.726587
650,Karen Lawrence,79,KY,2012-12-27,162,A,VALUE_BASIC,3679.39,100.0,1,1.0,8821.17,10000.0,88.21,18.0,984.08,-173.25,RESTAURANT,66.66,9.64,LOW,0.0,N,Y,Y,N,MASTER_V1.5,2026-06-29,2026-06-29 19:54:02.726587
655,Brian Hurst,35,ND,2015-11-25,127,A,VALUE_BASIC,3122.43,100.0,1,1.0,18665.53,25000.0,74.66,58.0,18409.93,5473.549999999999,HEALTHCARE,31.029999999999998,1.45,LOW,0.0,N,Y,N,N,MASTER_V1.5,2026-06-29,2026-06-29 19:54:02.726587
657,Tiffany Hatfield,45,IL,2019-05-16,85,A,GROWING_DIGITAL,2286.16,100.0,1,1.0,47024.47,0.0,0.0,56.0,2081.71,22277.97,RETAIL,33.92,25.78,MODERATE,0.0,N,Y,N,N,MASTER_V1.5,2026-06-29,2026-06-29 19:54:02.726587
660,Carlos Baker,33,CA,2011-09-27,177,A,GROWING_DIGITAL,4949.63,100.0,1,1.0,72085.81,0.0,0.0,61.0,13516.92,-11646.81,GAS_STATION,32.78,30.09,MODERATE,0.0,N,Y,N,N,MASTER_V1.5,2026-06-29,2026-06-29 19:54:02.726587
670,Alexandra Logan,74,WV,2025-09-15,9,A,ENGAGED_MAINSTREAM,808.02,100.0,3,3.0,158061.01,0.0,0.0,164.0,89135.95999999999,-81140.62999999999,INSURANCE,43.291951219512185,19.64,LOW,0.0,N,N,N,N,MASTER_V1.5,2026-06-29,2026-06-29 19:54:02.726587
689,Stephanie Smith,29,CA,2024-07-29,23,A,CREDIT_DEPENDENT,1030.84,50.0,2,1.0,7814.88,5000.0,44.53,83.0,3474.32,28358.33,HEALTHCARE,36.14072289156627,5.27,LOW,0.0,N,N,Y,N,MASTER_V1.5,2026-06-29,2026-06-29 19:54:02.726587
695,Ashley Graham,30,IA,2012-08-09,166,A,VALUE_BASIC,3208.4,100.0,1,1.0,2278.05,5000.0,45.56,65.0,9034.72,11197.49,INSURANCE,21.53,11.64,LOW,0.0,N,Y,Y,N,MASTER_V1.5,2026-06-29,2026-06-29 19:54:02.726587
704,Erica Green,61,WI,2019-02-24,88,A,VALUE_BASIC,1990.04,100.0,1,1.0,8481.61,10000.0,84.82,54.0,2585.11,-170.32000000000016,UTILITIES,29.630000000000006,10.18,LOW,0.0,N,Y,Y,N,MASTER_V1.5,2026-06-29,2026-06-29 19:54:02.726587
710,Rachel Ramos,84,MS,2012-06-14,168,A,ENGAGED_MAINSTREAM,14054.57,100.0,3,3.0,69872.02,0.0,0.0,180.0,22214.33,-13931.710000000001,RESTAURANT,40.00205555555556,14.41,LOW,0.0,N,N,N,N,MASTER_V1.5,2026-06-29,2026-06-29 19:54:02.726587
719,Michael Stephens,19,UT,2023-02-26,40,A,PREMIUM_WEALTH,4700.4,75.0,4,3.0,126881.87,2000.0,66.05,137.0,14306.0,-1482.6000000000004,RESTAURANT,35.035912408759124,14.82,LOW,0.0,N,N,N,N,MASTER_V1.5,2026-06-29,2026-06-29 19:54:02.726587
730,Kyle Henry,26,MP,2018-11-01,91,A,PREMIUM_WEALTH,8246.37,100.0,3,3.0,176767.43,0.0,0.0,110.0,24108.920000000002,-18884.120000000003,RETAIL,42.72836363636364,4.09,LOW,0.0,N,N,N,N,MASTER_V1.5,2026-06-29,2026-06-29 19:54:02.726587
737,Stacy Conner,76,MP,2013-11-03,151,A,ENGAGED_MAINSTREAM,11953.11,66.67,3,2.0,38354.47,15000.0,64.44,157.0,7340.04,10979.869999999999,RETAIL,38.85414012738854,9.18,LOW,0.0,N,N,N,N,MASTER_V1.5,2026-06-29,2026-06-29 19:54:02.726587
750,Craig Mendoza,60,AS,2019-08-21,82,A,ENGAGED_MAINSTREAM,9288.62,100.0,4,4.0,83082.49,2000.0,64.66,143.0,21466.9,-1.4600000000027649,RETAIL,30.06825174825174,23.0,MODERATE,0.0,N,N,N,N,MASTER_V1.5,2026-06-29,2026-06-29 19:54:02.726587
755,Timothy Johnson,45,IL,2020-08-23,70,A,GROWING_DIGITAL,1802.63,100.0,1,1.0,29755.54,0.0,0.0,21.0,1000.45,280.70000000000005,RETAIL,38.099999999999994,17.36,LOW,0.0,N,Y,N,N,MASTER_V1.5,2026-06-29,2026-06-29 19:54:02.726587
756,Pamela Moore,22,GA,2013-12-14,150,A,PREMIUM_WEALTH,18245.43,100.0,4,4.0,191687.39,25000.0,9.27,93.0,6022.58,-2340.99,RETAIL,40.859032258064516,19.2,LOW,0.0,N,N,N,N,MASTER_V1.5,2026-06-29,2026-06-29 19:54:02.726587
764,Jackson Mcclure,79,IA,2019-08-10,82,A,VALUE_BASIC,1366.92,100.0,1,1.0,786.74,2000.0,39.34,43.0,2796.69,-551.6100000000001,RETAIL,44.190000000000005,26.53,MODERATE,0.0,N,Y,N,N,MASTER_V1.5,2026-06-29,2026-06-29 19:54:02.726587
778,Kristin Dean,54,VT,2024-07-09,23,A,VALUE_BASIC,379.7,100.0,1,1.0,737.64,15000.0,4.92,74.0,2981.74,22817.550000000003,GROCERY,37.84,11.73,LOW,0.0,N,Y,N,N,MASTER_V1.5,2026-06-29,2026-06-29 19:54:02.726587
780,Sheila Buckley,46,NH,2022-10-21,44,A,PREMIUM_WEALTH,5086.2,100.0,4,4.0,104773.28,10000.0,3.99,197.0,26774.829999999998,-9786.399999999998,TRAVEL,43.146294416243656,21.14,MODERATE,0.0,N,N,N,N,MASTER_V1.5,2026-06-29,2026-06-29 19:54:02.726587
791,Lori Robertson,34,ME,2024-06-05,24,A,PREMIUM_WEALTH,1966.73,100.0,3,3.0,55617.58,2000.0,64.03,184.0,9806.71,12903.400000000001,RETAIL,30.437065217391307,10.64,LOW,0.0,N,N,N,N,MASTER_V1.5,2026-06-29,2026-06-29 19:54:02.726587
795,Joshua Colon,23,GU,2022-01-01,53,A,VALUE_BASIC,1329.85,100.0,1,1.0,22847.37,25000.0,91.39,19.0,1532.32,7218.720000000001,GROCERY,47.370000000000005,16.45,LOW,0.0,N,Y,N,N,MASTER_V1.5,2026-06-29,2026-06-29 19:54:02.726587
798,Frank Kline,46,OR,2016-09-15,117,A,GROWING_DIGITAL,2973.83,100.0,1,1.0,26028.32,0.0,0.0,18.0,1301.4,-504.6300000000001,TRAVEL,44.449999999999996,3.18,LOW,0.0,N,Y,N,N,MASTER_V1.5,2026-06-29,2026-06-29 19:54:02.726587
804,Kevin Rasmussen,68,PR,2023-07-02,35,A,VALUE_BASIC,806.74,100.0,1,1.0,10095.75,0.0,0.0,28.0,892.17,19623.960000000003,UTILITIES,46.43,3.36,LOW,0.0,N,Y,N,N,MASTER_V1.5,2026-06-29,2026-06-29 19:54:02.726587
805,Nicholas Bailey,42,CO,2017-10-24,104,A,GROWING_DIGITAL,2789.77,100.0,1,1.0,45701.37,0.0,0.0,54.0,4088.58,-1681.42,RESTAURANT,44.44,16.73,LOW,0.0,N,Y,N,N,MASTER_V1.5,2026-06-29,2026-06-29 19:54:02.726587
831,Cynthia Powell,79,NJ,2020-08-28,70,A,ENGAGED_MAINSTREAM,5959.37,100.0,3,3.0,85065.85,25000.0,76.21,175.0,38454.31,7358.9100000000035,UTILITIES,37.714285714285715,30.02,MODERATE,0.0,N,N,N,N,MASTER_V1.5,2026-06-29,2026-06-29 19:54:02.726587
833,Marco Whitaker,60,VT,2011-09-13,177,A,GROWING_DIGITAL,4014.9,100.0,1,1.0,8718.56,0.0,0.0,37.0,11659.58,-10174.35,GAS_STATION,37.84,12.18,LOW,0.0,N,Y,Y,N,MASTER_V1.5,2026-06-29,2026-06-29 19:54:02.726587
836,Madison Evans,46,NC,2013-12-25,150,A,PREMIUM_WEALTH,17852.28,100.0,4,4.0,147490.43,25000.0,55.48,208.0,41056.13,7537.950000000004,RESTAURANT,36.53788461538462,18.64,LOW,0.0,N,N,N,N,MASTER_V1.5,2026-06-29,2026-06-29 19:54:02.726587
840,Jessica Anderson,58,MP,2014-11-24,139,A,ENGAGED_MAINSTREAM,10935.48,66.67,3,2.0,35942.22,10000.0,36.76,111.0,25412.4,6331.0999999999985,TRAVEL,35.13657657657657,21.52,MODERATE,0.0,N,N,N,N,MASTER_V1.5,2026-06-29,2026-06-29 19:54:02.726587
841,Gary Richardson,36,VA,2020-04-15,74,A,GROWING_DIGITAL,2076.34,100.0,1,1.0,74864.82,0.0,0.0,25.0,21508.32,-20517.489999999998,RETAIL,36.0,28.0,MODERATE,0.0,N,Y,N,N,MASTER_V1.5,2026-06-29,2026-06-29 19:54:02.726587
867,Samantha Rodriguez,20,VI,2013-06-09,156,A,PREMIUM_WEALTH,13741.72,100.0,3,3.0,126129.39,15000.0,65.06,118.0,40134.85,-33942.46,TRAVEL,35.59415254237288,13.55,LOW,0.0,N,N,N,N,MASTER_V1.5,2026-06-29,2026-06-29 19:54:02.726587
880,Christopher Munoz,48,MI,2011-06-29,180,A,PREMIUM_WEALTH,13948.16,66.67,3,2.0,30698.48,2000.0,79.66,172.0,34056.11,-5921.060000000001,TRAVEL,32.55912790697674,16.27,LOW,0.0,N,N,N,N,MASTER_V1.5,2026-06-29,2026-06-29 19:54:02.726587
887,Donald Love,82,VT,2013-12-09,150,A,ENGAGED_MAINSTREAM,16887.08,100.0,4,4.0,77501.52,15000.0,49.39,163.0,20136.41,-621.5600000000013,UTILITIES,38.03687116564417,20.82,MODERATE,0.0,N,N,N,N,MASTER_V1.5,2026-06-29,2026-06-29 19:54:02.726587
890,Robert House,37,IL,2013-02-05,160,A,VALUE_BASIC,3522.43,100.0,1,1.0,6674.71,0.0,0.0,36.0,1593.06,-330.3899999999999,RESTAURANT,36.11000000000001,10.45,LOW,0.0,N,Y,Y,N,MASTER_V1.5,2026-06-29,2026-06-29 19:54:02.726587
901,Claudia Roberts,43,MH,2014-06-27,144,A,PREMIUM_WEALTH,12769.26,66.67,3,2.0,136405.2,25000.0,21.65,178.0,11733.900000000001,26440.21,HEALTHCARE,34.268146067415735,2.64,LOW,0.0,N,N,N,N,MASTER_V1.5,2026-06-29,2026-06-29 19:54:02.726587
905,Julie Skinner,40,NH,2017-09-19,105,A,GROWING_DIGITAL,2928.63,100.0,1,1.0,70031.77,0.0,0.0,49.0,3680.97,8938.69,GAS_STATION,42.86,14.09,LOW,0.0,N,Y,N,N,MASTER_V1.5,2026-06-29,2026-06-29 19:54:02.726587
909,Kenneth Molina,29,NV,2021-10-17,56,A,GROWING_DIGITAL,3139.52,100.0,2,2.0,74055.03,0.0,0.0,105.0,29606.559999999998,-13897.729999999998,TRAVEL,33.327333333333335,7.18,LOW,0.0,N,N,N,N,MASTER_V1.5,2026-06-29,2026-06-29 19:54:02.726587
911,Julia Hoffman,35,OK,2024-05-23,25,A,VALUE_BASIC,342.14,100.0,1,1.0,238.46,2000.0,11.92,17.0,733.31,629.05,GROCERY,29.409999999999993,24.91,MODERATE,0.0,N,Y,N,N,MASTER_V1.5,2026-06-29,2026-06-29 19:54:02.726587
912,Lauren Roberts,69,PA,2023-03-11,39,A,ENGAGED_MAINSTREAM,3284.04,100.0,3,3.0,75168.65,2000.0,77.26,123.0,38777.76,-34683.270000000004,GROCERY,39.02357723577236,24.27,MODERATE,0.0,N,N,N,N,MASTER_V1.5,2026-06-29,2026-06-29 19:54:02.726587
913,Paul Frye,40,ID,2025-04-24,14,A,GROWING_DIGITAL,805.39,100.0,2,2.0,99265.94,0.0,0.0,90.0,14328.19,-934.1200000000008,RETAIL,30.0,14.91,LOW,0.0,N,N,N,N,MASTER_V1.5,2026-06-29,2026-06-29 19:54:02.726587
924,Louis Robinson,61,MP,2023-03-10,39,A,ENGAGED_MAINSTREAM,4512.29,75.0,4,3.0,105870.43,10000.0,98.83,218.0,73749.28,-33163.57,TRAVEL,38.99100917431193,26.78,MODERATE,0.0,N,N,N,N,MASTER_V1.5,2026-06-29,2026-06-29 19:54:02.726587
952,Kaitlin Berger,22,NV,2016-01-14,125,A,VALUE_BASIC,5541.78,100.0,2,2.0,7092.91,5000.0,48.94,105.0,14485.029999999999,18573.43,GROCERY,42.857142857142854,30.27,MODERATE,0.0,N,N,Y,N,MASTER_V1.5,2026-06-29,2026-06-29 19:54:02.726587
956,Steven Dunn,23,PA,2026-04-29,2,A,VALUE_BASIC,41.17,100.0,1,1.0,3768.44,10000.0,37.68,66.0,4823.45,18344.739999999998,GROCERY,30.3,0.18,LOW,0.0,N,Y,N,N,MASTER_V1.5,2026-06-29,2026-06-29 19:54:02.726587
958,David Rios,52,WY,2016-06-04,120,A,GROWING_DIGITAL,3265.9,100.0,1,1.0,53441.44,0.0,0.0,29.0,2169.68,-1006.1199999999999,GROCERY,51.73000000000001,33.0,MODERATE,0.0,N,Y,N,N,MASTER_V1.5,2026-06-29,2026-06-29 19:54:02.726587
969,Andrea Stephens,45,NC,2025-01-04,17,A,PREMIUM_WEALTH,1363.73,100.0,3,3.0,44176.89,25000.0,28.8,79.0,11730.07,-230.3099999999995,TRAVEL,32.91088607594937,6.09,LOW,0.0,N,N,N,N,MASTER_V1.5,2026-06-29,2026-06-29 19:54:02.726587
979,Mario Padilla,82,MT,2026-02-13,4,A,ENGAGED_MAINSTREAM,454.81,100.0,4,4.0,86711.64,5000.0,42.29,186.0,27226.239999999998,10405.510000000002,TRAVEL,40.32059139784946,21.2,MODERATE,0.0,N,N,N,N,MASTER_V1.5,2026-06-29,2026-06-29 19:54:02.726587
983,Michael Parrish,24,AR,2019-03-12,87,A,GROWING_DIGITAL,2117.99,100.0,1,1.0,16947.34,0.0,0.0,35.0,8242.33,-7439.05,RETAIL,40.0,8.55,LOW,0.0,N,Y,N,N,MASTER_V1.5,2026-06-29,2026-06-29 19:54:02.726587
986,Michael Love,71,OH,2014-04-12,146,A,ENGAGED_MAINSTREAM,11866.07,100.0,3,3.0,50847.92,2000.0,92.22,111.0,27833.37,7255.509999999998,UTILITIES,43.24162162162162,14.69,LOW,0.0,N,N,N,N,MASTER_V1.5,2026-06-29,2026-06-29 19:54:02.726587
992,Andrew Ball,45,DC,2019-11-25,79,A,CREDIT_DEPENDENT,4451.43,50.0,2,1.0,78389.13,15000.0,40.02,54.0,3051.12,6210.63,RETAIL,33.330370370370375,15.22,LOW,0.0,N,N,N,N,MASTER_V1.5,2026-06-29,2026-06-29 19:54:02.726587
1000,Kristen Gordon,44,FM,2012-01-27,173,A,VALUE_BASIC,3716.27,100.0,1,1.0,5391.26,0.0,0.0,34.0,3144.62,-1470.76,GAS_STATION,44.12,8.45,LOW,0.0,N,Y,Y,N,MASTER_V1.5,2026-06-29,2026-06-29 19:54:02.726587
1006,Thomas Hall,78,PR,2013-06-27,156,A,ENGAGED_MAINSTREAM,11175.12,100.0,3,3.0,14064.2,5000.0,41.91,131.0,18182.149999999998,19902.45,TRAVEL,35.11366412213741,17.64,LOW,0.0,N,N,N,N,MASTER_V1.5,2026-06-29,2026-06-29 19:54:02.726587
1031,Jose Russell,23,NJ,2020-01-25,77,A,PREMIUM_WEALTH,8893.21,75.0,4,3.0,103737.54,10000.0,12.48,154.0,39478.81,-2494.7599999999948,RESTAURANT,36.36025974025974,4.0,LOW,0.0,N,N,N,N,MASTER_V1.5,2026-06-29,2026-06-29 19:54:02.726587
1063,Brian Cervantes,58,KS,2021-10-16,56,A,GROWING_DIGITAL,1386.88,100.0,1,1.0,20055.81,0.0,0.0,20.0,1431.91,-509.5100000000001,RETAIL,60.0,8.91,LOW,0.0,N,Y,N,N,MASTER_V1.5,2026-06-29,2026-06-29 19:54:02.726587
1064,Shannon Cook,53,WA,2020-11-20,67,A,ENGAGED_MAINSTREAM,5644.13,66.67,3,2.0,75516.64,10000.0,62.87,115.0,6502.58,22266.15,TRAVEL,42.605652173913036,15.34,LOW,0.0,N,N,N,N,MASTER_V1.5,2026-06-29,2026-06-29 19:54:02.726587
1074,Michael Matthews,55,ND,2024-05-12,25,A,ENGAGED_MAINSTREAM,1910.12,100.0,3,3.0,26564.48,5000.0,27.31,137.0,26857.61,-12576.27,RETAIL,35.03627737226277,4.64,LOW,0.0,N,N,N,N,MASTER_V1.5,2026-06-29,2026-06-29 19:54:02.726587
1082,Michelle Nguyen,83,AK,2021-05-22,61,A,VALUE_BASIC,1365.4,100.0,1,1.0,7734.25,0.0,0.0,60.0,2141.36,21055.26,GROCERY,43.34,23.09,MODERATE,0.0,N,Y,Y,N,MASTER_V1.5,2026-06-29,2026-06-29 19:54:02.726587
1083,Amber Nelson,53,IA,2026-01-13,5,A,ENGAGED_MAINSTREAM,423.15,100.0,3,3.0,79547.92,25000.0,37.13,164.0,22667.94,-1543.0599999999977,UTILITIES,34.14634146341463,17.55,LOW,0.0,N,N,N,N,MASTER_V1.5,2026-06-29,2026-06-29 19:54:02.726587
1093,Peter Gray,74,AR,2022-06-27,48,A,GROWING_DIGITAL,1266.53,100.0,1,1.0,38345.62,0.0,0.0,29.0,2601.14,7854.9400000000005,GROCERY,37.93,33.47,MODERATE,0.0,N,Y,N,N,MASTER_V1.5,2026-06-29,2026-06-29 19:54:02.726587
1098,Jacob Smith,67,NH,2020-10-12,68,A,ENGAGED_MAINSTREAM,6069.95,100.0,3,3.0,147539.96,0.0,0.0,106.0,39939.54,-36254.44,TRAVEL,42.45405660377359,18.49,LOW,0.0,N,N,N,N,MASTER_V1.5,2026-06-29,2026-06-29 19:54:02.726587
1108,Thomas Maldonado,50,LA,2026-02-21,4,A,PREMIUM_WEALTH,326.03,66.67,3,2.0,52455.3,25000.0,25.17,167.0,12953.08,-2968.3900000000012,RETAIL,36.52221556886227,28.2,MODERATE,0.0,N,N,N,N,MASTER_V1.5,2026-06-29,2026-06-29 19:54:02.726587
1116,Wendy Garrett,44,MI,2025-05-18,13,A,PREMIUM_WEALTH,1007.95,100.0,3,3.0,30884.06,10000.0,76.08,145.0,10361.36,12515.5,RETAIL,37.23841379310345,8.91,LOW,0.0,N,N,N,N,MASTER_V1.5,2026-06-29,2026-06-29 19:54:02.726587
1151,Lynn Norris,28,PR,2011-10-25,176,A,VALUE_BASIC,3683.69,100.0,1,1.0,4324.37,0.0,0.0,30.0,11060.44,-9623.18,CRYPTO_EXCHANGE,26.66,25.91,MODERATE,0.0,N,Y,Y,N,MASTER_V1.5,2026-06-29,2026-06-29 19:54:02.726587
1155,Samantha Navarro,79,NM,2017-06-15,108,A,ENGAGED_MAINSTREAM,5860.56,100.0,2,2.0,51683.21,10000.0,97.8,91.0,22424.079999999998,-18264.64,GROCERY,36.262307692307694,17.88,LOW,0.0,N,N,N,N,MASTER_V1.5,2026-06-29,2026-06-29 19:54:02.726587
1174,Brady Meyers,55,NH,2013-08-31,154,A,VALUE_BASIC,6993.25,100.0,2,2.0,8796.84,15000.0,17.05,86.0,26597.36,-21903.46,EDUCATION,46.50976744186047,21.75,MODERATE,0.0,N,N,Y,N,MASTER_V1.5,2026-06-29,2026-06-29 19:54:02.726587
1178,Andrew Clark,78,ND,2018-03-16,99,A,GROWING_DIGITAL,5359.38,100.0,2,2.0,50363.53,0.0,0.0,91.0,12189.56,26594.740000000005,GROCERY,37.3654945054945,14.82,LOW,0.0,N,N,N,N,MASTER_V1.5,2026-06-29,2026-06-29 19:54:02.726587
1179,Alexandra Green,49,MH,2014-07-13,143,A,CREDIT_DEPENDENT,7731.19,50.0,2,1.0,49654.67,15000.0,78.32,86.0,17848.18,-14703.19,RETAIL,47.672790697674415,4.18,LOW,0.0,N,N,N,N,MASTER_V1.5,2026-06-29,2026-06-29 19:54:02.726587
1180,Donald Hale,53,HI,2022-05-19,49,A,ENGAGED_MAINSTREAM,5856.09,100.0,4,4.0,155003.94,2000.0,63.46,120.0,14720.199999999999,-3604.2599999999984,TRAVEL,41.666,7.0,LOW,0.0,N,N,N,N,MASTER_V1.5,2026-06-29,2026-06-29 19:54:02.726587
1187,Jacob Mason,27,IA,2019-06-03,84,A,GROWING_DIGITAL,4508.07,100.0,2,2.0,45867.02,2000.0,25.96,132.0,27234.379999999997,8.819999999999709,RETAIL,36.36848484848485,18.36,LOW,0.0,N,N,N,N,MASTER_V1.5,2026-06-29,2026-06-29 19:54:02.726587
1201,David Stewart,48,SD,2025-08-22,10,A,PREMIUM_WEALTH,861.59,66.67,3,2.0,97531.34,25000.0,97.08,158.0,27675.38,20431.719999999998,RESTAURANT,30.379430379746836,6.91,LOW,0.0,N,N,N,N,MASTER_V1.5,2026-06-29,2026-06-29 19:54:02.726587
1204,Joshua Maxwell,25,MD,2025-05-31,13,A,PREMIUM_WEALTH,1478.11,100.0,4,4.0,86688.61,15000.0,13.6,172.0,29849.1,13053.910000000003,RESTAURANT,40.69238372093023,6.73,LOW,0.0,N,N,N,N,MASTER_V1.5,2026-06-29,2026-06-29 19:54:02.726587
1207,Hailey Woods,39,CA,2016-11-06,115,A,GROWING_DIGITAL,6275.53,100.0,2,2.0,54938.14,0.0,0.0,51.0,8566.41,243.89999999999964,UTILITIES,27.449999999999996,19.47,LOW,0.0,N,N,N,N,MASTER_V1.5,2026-06-29,2026-06-29 19:54:02.726587
1209,Devin Lee,28,UT,2018-10-27,92,A,GROWING_DIGITAL,2414.36,100.0,1,1.0,36214.83,0.0,0.0,50.0,20510.8,-18866.559999999998,RETAIL,52.0,8.45,LOW,0.0,N,Y,N,N,MASTER_V1.5,2026-06-29,2026-06-29 19:54:02.726587
1213,Stephen Wright,52,PR,2016-05-03,121,A,PREMIUM_WEALTH,9863.29,100.0,3,3.0,52503.49,15000.0,65.72,66.0,4717.02,26993.62,RETAIL,40.91090909090909,9.55,LOW,0.0,N,N,N,N,MASTER_V1.5,2026-06-29,2026-06-29 19:54:02.726587
1214,Jill James,58,OK,2012-02-11,172,A,GROWING_DIGITAL,8593.36,100.0,2,2.0,21857.08,2000.0,48.69,83.0,36936.130000000005,-24466.380000000005,RESTAURANT,36.14120481927711,35.73,MODERATE,0.0,N,N,N,N,MASTER_V1.5,2026-06-29,2026-06-29 19:54:02.726587
1217,Bobby Forbes,55,IA,2023-10-30,32,A,ENGAGED_MAINSTREAM,3717.31,100.0,4,4.0,110921.82,5000.0,35.24,205.0,24423.05,1012.8899999999994,UTILITIES,36.5810243902439,14.18,LOW,0.0,N,N,N,N,MASTER_V1.5,2026-06-29,2026-06-29 19:54:02.726587
1226,Rebecca Hogan,68,TX,2021-10-23,56,A,ENGAGED_MAINSTREAM,6612.66,100.0,4,4.0,134366.95,25000.0,43.25,159.0,32748.48,22868.430000000004,UTILITIES,44.021823899371064,21.27,MODERATE,0.0,N,N,N,N,MASTER_V1.5,2026-06-29,2026-06-29 19:54:02.726587
1245,Kelly Taylor,56,AS,2019-09-14,81,A,VALUE_BASIC,1399.23,100.0,1,1.0,1002.01,2000.0,50.1,71.0,8210.29,-3286.430000000001,GROCERY,49.290000000000006,15.45,LOW,0.0,N,Y,Y,N,MASTER_V1.5,2026-06-29,2026-06-29 19:54:02.726587
1259,Mark Morgan,83,SC,2014-02-10,148,A,ENGAGED_MAINSTREAM,8172.99,100.0,2,2.0,62603.45,5000.0,44.82,131.0,27351.46,-11406.149999999998,GROCERY,31.300305343511447,22.91,MODERATE,0.0,N,N,N,N,MASTER_V1.5,2026-06-29,2026-06-29 19:54:02.726587
1297,Laura Nguyen,78,WY,2023-09-08,33,A,GROWING_DIGITAL,1882.13,100.0,2,2.0,89937.96,0.0,0.0,105.0,27056.46,-10538.27,RESTAURANT,45.71542857142857,8.91,LOW,0.0,N,N,N,N,MASTER_V1.5,2026-06-29,2026-06-29 19:54:02.726587
1317,Thomas Lopez,48,FM,2021-05-16,61,A,PREMIUM_WEALTH,7111.65,100.0,4,4.0,115664.2,10000.0,10.15,163.0,33420.45,567.1200000000026,RETAIL,36.195337423312886,14.45,LOW,0.0,N,N,N,N,MASTER_V1.5,2026-06-29,2026-06-29 19:54:02.726587
1329,Christian Wu,33,AS,2018-06-05,96,A,VALUE_BASIC,2233.16,100.0,1,1.0,10991.01,15000.0,73.27,27.0,1227.35,17477.440000000002,RETAIL,25.919999999999998,11.93,LOW,0.0,N,Y,N,N,MASTER_V1.5,2026-06-29,2026-06-29 19:54:02.726587
1337,Claudia Mitchell,19,ME,2023-07-23,35,A,PREMIUM_WEALTH,1835.19,100.0,2,2.0,35838.65,2000.0,50.38,90.0,13687.92,-8734.65,TRAVEL,41.11333333333333,3.18,LOW,0.0,N,N,N,N,MASTER_V1.5,2026-06-29,2026-06-29 19:54:02.726587
1340,Brittany Hernandez,78,NV,2014-02-04,148,A,ENGAGED_MAINSTREAM,17367.72,100.0,4,4.0,124859.88,5000.0,1.26,202.0,73146.42,17221.84999999999,RESTAURANT,42.077623762376234,28.45,MODERATE,0.0,N,N,N,N,MASTER_V1.5,2026-06-29,2026-06-29 19:54:02.726587
1348,Noah Thornton,35,WV,2019-06-08,84,A,PREMIUM_WEALTH,6878.08,100.0,3,3.0,55137.93,10000.0,10.23,139.0,45034.24,-31459.43,UTILITIES,35.970431654676254,18.31,LOW,0.0,N,N,N,N,MASTER_V1.5,2026-06-29,2026-06-29 19:54:02.726587
1362,Paula Dominguez,47,WI,2025-12-02,6,A,VALUE_BASIC,110.79,100.0,1,1.0,1613.34,2000.0,80.67,37.0,1364.15,9624.6,GROCERY,43.25000000000001,12.27,LOW,0.0,N,Y,N,N,MASTER_V1.5,2026-06-29,2026-06-29 19:54:02.726587
1395,Erika Nguyen,31,AR,2026-02-21,4,A,CREDIT_DEPENDENT,217.8,50.0,2,1.0,53626.67,15000.0,83.22,82.0,8907.39,6742.84,RETAIL,40.24463414634147,15.91,LOW,0.0,N,N,N,N,MASTER_V1.5,2026-06-29,2026-06-29 19:54:02.726587
1400,Cheyenne Strickland,78,MS,2024-02-18,28,A,ENGAGED_MAINSTREAM,1531.73,100.0,2,2.0,56440.17,5000.0,65.86,71.0,17344.48,1163.9399999999987,RESTAURANT,40.848732394366195,15.73,LOW,0.0,N,N,N,N,MASTER_V1.5,2026-06-29,2026-06-29 19:54:02.726587
1409,Donna Hill,70,KS,2022-12-25,42,A,ENGAGED_MAINSTREAM,4907.2,100.0,4,4.0,118634.28,5000.0,20.53,136.0,36576.96,-19912.36,RETAIL,43.38294117647059,15.19,LOW,0.0,N,N,N,N,MASTER_V1.5,2026-06-29,2026-06-29 19:54:02.726587
1414,Kristen Washington,23,DC,2014-02-11,148,A,PREMIUM_WEALTH,12932.96,66.67,3,2.0,114842.57,0.0,0.0,114.0,13460.03,-7791.170000000001,INSURANCE,38.592368421052626,14.42,LOW,0.0,N,N,N,N,MASTER_V1.5,2026-06-29,2026-06-29 19:54:02.726587
1417,Corey Rojas,33,DE,2016-05-10,121,A,GROWING_DIGITAL,6727.71,100.0,2,2.0,67520.46,0.0,0.0,87.0,5187.12,-1323.5500000000002,TRAVEL,31.030344827586205,14.91,LOW,0.0,N,N,N,N,MASTER_V1.5,2026-06-29,2026-06-29 19:54:02.726587
1423,Matthew Tanner,54,MO,2014-01-16,149,A,GROWING_DIGITAL,12166.49,100.0,3,3.0,53489.37,25000.0,2.75,140.0,7829.700000000001,187.40999999999894,RETAIL,45.000285714285724,7.36,LOW,0.0,N,N,N,N,MASTER_V1.5,2026-06-29,2026-06-29 19:54:02.726587
1424,Dana Carr,45,IA,2023-04-09,38,A,VALUE_BASIC,1760.46,100.0,2,2.0,10568.01,2000.0,31.79,94.0,18045.22,4607.929999999997,RESTAURANT,39.36606382978724,11.55,LOW,0.0,N,N,N,N,MASTER_V1.5,2026-06-29,2026-06-29 19:54:02.726587
1452,Stephen Miller,81,WY,2024-10-17,20,A,ENGAGED_MAINSTREAM,1566.68,66.67,3,2.0,34355.68,25000.0,45.05,141.0,27017.239999999998,-14972.729999999996,RESTAURANT,40.42269503546099,19.36,LOW,0.0,N,N,N,N,MASTER_V1.5,2026-06-29,2026-06-29 19:54:02.726587
1462,Kayla Williams,53,HI,2025-12-21,6,A,GROWING_DIGITAL,168.52,100.0,1,1.0,75729.15,0.0,0.0,55.0,9955.0,11877.52,GAS_STATION,40.0,16.78,LOW,0.0,N,Y,N,N,MASTER_V1.5,2026-06-29,2026-06-29 19:54:02.726587
1466,David Green,82,OR,2016-03-19,123,A,ENGAGED_MAINSTREAM,6832.52,100.0,2,2.0,66822.03,2000.0,74.06,124.0,33144.2,-5804.709999999999,TRAVEL,41.12532258064516,26.73,MODERATE,0.0,N,N,N,N,MASTER_V1.5,2026-06-29,2026-06-29 19:54:02.726587
1475,Kyle Morales,76,TN,2019-09-17,81,A,CREDIT_DEPENDENT,4370.55,50.0,2,1.0,48605.08,15000.0,52.25,76.0,3400.89,19758.84,TRAVEL,40.78960526315789,12.82,LOW,0.0,N,N,N,N,MASTER_V1.5,2026-06-29,2026-06-29 19:54:02.726587
1479,William Lee,40,VI,2012-10-17,164,A,GROWING_DIGITAL,13923.16,100.0,3,3.0,82424.85,0.0,0.0,146.0,47766.44,-15875.200000000004,RESTAURANT,34.93219178082192,17.45,LOW,0.0,N,N,N,N,MASTER_V1.5,2026-06-29,2026-06-29 19:54:02.726587
1481,Melissa Wood,61,OH,2013-09-12,153,A,ENGAGED_MAINSTREAM,17587.56,100.0,4,4.0,98236.73,15000.0,97.5,116.0,7521.88,5919.309999999999,TRAVEL,36.20517241379311,15.64,LOW,0.0,N,N,N,N,MASTER_V1.5,2026-06-29,2026-06-29 19:54:02.726587
1485,Peggy Taylor,20,FM,2017-10-24,104,A,PREMIUM_WEALTH,12056.25,100.0,4,4.0,108288.14,5000.0,86.82,178.0,42460.36,-17535.71,TRAVEL,34.26865168539326,16.82,LOW,0.0,N,N,N,N,MASTER_V1.5,2026-06-29,2026-06-29 19:54:02.726587
1497,Courtney Alvarez,47,AS,2024-06-11,24,A,PREMIUM_WEALTH,2822.26,100.0,4,4.0,127951.28,10000.0,80.06,227.0,37791.33,23536.33,TRAVEL,34.79986784140969,45.16,ELEVATED,0.0,N,N,N,N,MASTER_V1.5,2026-06-29,2026-06-29 19:54:02.726587
1502,Willie Miranda,50,CT,2025-06-16,12,A,PREMIUM_WEALTH,977.86,66.67,3,2.0,52319.15,15000.0,71.88,190.0,33727.23,-13887.600000000002,TRAVEL,42.106631578947365,19.91,LOW,0.0,N,N,N,N,MASTER_V1.5,2026-06-29,2026-06-29 19:54:02.726587
1506,April Watson,30,PR,2011-09-07,177,A,PREMIUM_WEALTH,20453.45,100.0,4,4.0,104362.01,10000.0,41.84,219.0,72565.48,-46654.7,TRAVEL,42.00616438356165,14.36,LOW,0.0,N,N,N,N,MASTER_V1.5,2026-06-29,2026-06-29 19:54:02.726587
1516,Kristen Jones,80,PR,2021-10-18,56,A,ENGAGED_MAINSTREAM,4930.61,100.0,3,3.0,125435.46,2000.0,5.59,93.0,21722.96,-6743.99,HEALTHCARE,37.63322580645161,23.53,MODERATE,0.0,N,N,N,N,MASTER_V1.5,2026-06-29,2026-06-29 19:54:02.726587
1531,Billy Murphy,38,FL,2019-10-20,80,A,PREMIUM_WEALTH,6618.58,100.0,3,3.0,61757.51,10000.0,68.32,155.0,33996.27,-25330.28,UTILITIES,43.227483870967745,7.82,LOW,0.0,N,N,N,N,MASTER_V1.5,2026-06-29,2026-06-29 19:54:02.726587
1540,Jessica Ramirez,77,PR,2023-12-29,30,A,GROWING_DIGITAL,702.13,100.0,1,1.0,11634.35,0.0,0.0,38.0,15254.56,-13925.24,GROCERY,44.73999999999999,33.45,MODERATE,0.0,N,Y,N,N,MASTER_V1.5,2026-06-29,2026-06-29 19:54:02.726587
1543,Joshua Tate,58,NC,2018-09-20,93,A,GROWING_DIGITAL,2496.52,100.0,1,1.0,46060.85,0.0,0.0,27.0,27357.02,-9511.600000000002,GROCERY,18.52,8.18,LOW,0.0,N,Y,N,N,MASTER_V1.5,2026-06-29,2026-06-29 19:54:02.726587
1547,Cole Jones,75,GU,2020-10-08,68,A,VALUE_BASIC,3224.05,100.0,2,2.0,13128.13,15000.0,29.06,80.0,28399.510000000002,-8080.490000000002,RETAIL,34.999375,32.64,MODERATE,0.0,N,N,N,N,MASTER_V1.5,2026-06-29,2026-06-29 19:54:02.726587
1552,Antonio Hawkins,60,DE,2018-05-07,97,A,GROWING_DIGITAL,2637.02,100.0,1,1.0,52802.03,0.0,0.0,18.0,1292.73,-971.35,GROCERY,38.88999999999999,6.64,LOW,0.0,N,Y,N,N,MASTER_V1.5,2026-06-29,2026-06-29 19:54:02.726587
1562,Renee Jones,42,TN,2020-04-30,74,A,GROWING_DIGITAL,3981.81,100.0,2,2.0,47176.43,0.0,0.0,117.0,35398.41,-30210.9,UTILITIES,35.891111111111115,15.46,LOW,0.0,N,N,N,N,MASTER_V1.5,2026-06-29,2026-06-29 19:54:02.726587
1572,Cody Rogers,79,NH,2024-01-31,29,A,ENGAGED_MAINSTREAM,3529.54,100.0,4,4.0,193072.53,15000.0,74.37,139.0,31676.95,-3509.16,TRAVEL,38.84539568345324,19.91,LOW,0.0,N,N,N,N,MASTER_V1.5,2026-06-29,2026-06-29 19:54:02.726587
1578,Judy Mcdonald,71,OR,2025-11-04,7,A,VALUE_BASIC,139.93,100.0,1,1.0,2969.59,5000.0,59.39,54.0,3130.66,21121.77,RETAIL,44.44,7.82,LOW,0.0,N,Y,N,N,MASTER_V1.5,2026-06-29,2026-06-29 19:54:02.726587
1583,Robert Colon,81,PW,2014-07-12,143,A,ENGAGED_MAINSTREAM,16744.49,100.0,4,4.0,121714.28,2000.0,12.55,206.0,70313.75,-53559.79,INSURANCE,38.83592233009709,12.64,LOW,0.0,N,N,N,N,MASTER_V1.5,2026-06-29,2026-06-29 19:54:02.726587
1587,Derek Green,83,WY,2013-11-13,151,A,ENGAGED_MAINSTREAM,18254.61,75.0,4,3.0,177929.78,25000.0,79.04,148.0,48747.67,-20689.67,UTILITIES,37.16324324324324,30.4,MODERATE,0.0,N,N,N,N,MASTER_V1.5,2026-06-29,2026-06-29 19:54:02.726587
1599,Leslie Coleman,60,NM,2025-08-23,10,A,ENGAGED_MAINSTREAM,1148.19,100.0,4,4.0,96942.78,10000.0,67.32,180.0,43750.26,-24621.15,UTILITIES,38.33283333333333,12.82,LOW,0.0,N,N,N,N,MASTER_V1.5,2026-06-29,2026-06-29 19:54:02.726587
1602,Mckenzie Bates,20,FL,2020-07-12,71,A,PREMIUM_WEALTH,8616.42,75.0,4,3.0,186429.35,10000.0,95.24,137.0,15211.24,4742.410000000002,HEALTHCARE,38.68401459854015,26.55,MODERATE,0.0,N,N,N,N,MASTER_V1.5,2026-06-29,2026-06-29 19:54:02.726587
1616,Christopher Moore,43,RI,2016-03-03,123,A,PREMIUM_WEALTH,6666.29,100.0,2,2.0,50995.41,5000.0,52.62,81.0,2858.88,17551.95,RESTAURANT,38.27320987654321,12.91,LOW,0.0,N,N,N,N,MASTER_V1.5,2026-06-29,2026-06-29 19:54:02.726587
1621,Shirley Wilkerson,73,OH,2024-07-25,23,A,GROWING_DIGITAL,1257.36,100.0,2,2.0,56026.23,0.0,0.0,101.0,14987.970000000001,-9928.09,RETAIL,38.614653465346535,17.64,LOW,0.0,N,N,N,N,MASTER_V1.5,2026-06-29,2026-06-29 19:54:02.726587
1630,Erica Barnes,18,VI,2015-09-17,129,A,PREMIUM_WEALTH,11108.73,100.0,3,3.0,96944.62,15000.0,44.25,137.0,28812.25,15755.029999999999,UTILITIES,41.60897810218978,15.27,LOW,0.0,N,N,N,N,MASTER_V1.5,2026-06-29,2026-06-29 19:54:02.726587
1631,Kelly Green,58,OR,2013-09-01,153,A,GROWING_DIGITAL,8463.42,100.0,2,2.0,63786.71,0.0,0.0,87.0,34000.91,-29759.600000000002,TRAVEL,31.039655172413788,10.15,LOW,0.0,N,N,N,N,MASTER_V1.5,2026-06-29,2026-06-29 19:54:02.726587
1643,Julie Howe,27,NE,2023-12-11,30,A,PREMIUM_WEALTH,3534.12,100.0,4,4.0,130665.89,2000.0,59.77,185.0,32901.21,-6923.299999999996,TRAVEL,38.918,7.85,LOW,0.0,N,N,N,N,MASTER_V1.5,2026-06-29,2026-06-29 19:54:02.726587
1646,Edward Farrell,18,KY,2022-11-19,43,A,GROWING_DIGITAL,2406.73,100.0,2,2.0,72700.1,10000.0,1.73,136.0,17661.21,-5130.98,RESTAURANT,41.17779411764706,13.82,LOW,0.0,N,N,N,N,MASTER_V1.5,2026-06-29,2026-06-29 19:54:02.726587
1650,Todd Vasquez,61,VA,2022-01-25,53,A,ENGAGED_MAINSTREAM,6214.31,75.0,4,3.0,123637.86,15000.0,10.62,189.0,26372.899999999998,-4065.5999999999985,TRAVEL,41.79857142857143,7.82,LOW,0.0,N,N,N,N,MASTER_V1.5,2026-06-29,2026-06-29 19:54:02.726587
1664,Michelle Davis,73,PA,2025-11-20,7,A,ENGAGED_MAINSTREAM,802.61,75.0,4,3.0,95408.43,10000.0,82.19,134.0,18705.100000000002,-993.9400000000023,RETAIL,38.80910447761194,28.91,MODERATE,0.0,N,N,N,N,MASTER_V1.5,2026-06-29,2026-06-29 19:54:02.726587
1688,Kevin Martinez,39,TX,2017-05-20,109,A,PREMIUM_WEALTH,13132.73,100.0,4,4.0,170822.54,2000.0,86.55,223.0,66705.29000000001,-29727.270000000004,TRAVEL,40.80569506726457,20.44,MODERATE,0.0,N,N,N,N,MASTER_V1.5,2026-06-29,2026-06-29 19:54:02.726587
1693,Jacqueline Maynard,74,TN,2013-10-06,152,A,ENGAGED_MAINSTREAM,17380.77,75.0,4,3.0,92477.39,5000.0,11.84,115.0,33142.630000000005,-28904.970000000005,RESTAURANT,27.826956521739127,23.3,MODERATE,0.0,N,N,N,N,MASTER_V1.5,2026-06-29,2026-06-29 19:54:02.726587
1694,Brenda Harris,53,TX,2024-04-26,26,A,ENGAGED_MAINSTREAM,3134.63,100.0,4,4.0,172176.09,15000.0,72.66,141.0,38198.08,-24232.270000000004,UTILITIES,44.68404255319148,13.18,LOW,0.0,N,N,N,N,MASTER_V1.5,2026-06-29,2026-06-29 19:54:02.726587
1695,Brent Smith,47,DC,2023-12-06,30,A,GROWING_DIGITAL,1618.18,100.0,2,2.0,48428.95,15000.0,19.34,78.0,10685.48,890.0200000000004,GROCERY,34.61666666666667,11.0,LOW,0.0,N,N,N,N,MASTER_V1.5,2026-06-29,2026-06-29 19:54:02.726587
1696,Tiffany Allison,43,MS,2022-02-16,52,A,PREMIUM_WEALTH,5940.52,100.0,4,4.0,91498.54,25000.0,42.51,179.0,26938.839999999997,19804.420000000006,TRAVEL,36.87642458100559,14.45,LOW,0.0,N,N,N,N,MASTER_V1.5,2026-06-29,2026-06-29 19:54:02.726587
1713,Christina Martinez,81,CT,2017-11-30,103,A,GROWING_DIGITAL,5499.21,100.0,2,2.0,43393.73,5000.0,18.65,68.0,24070.64,-19652.94,UTILITIES,38.233676470588236,30.27,MODERATE,0.0,N,N,N,N,MASTER_V1.5,2026-06-29,2026-06-29 19:54:02.726587
1723,Robert Mack,28,WY,2018-01-15,101,A,PREMIUM_WEALTH,8690.77,100.0,3,3.0,96083.09,2000.0,69.99,118.0,17332.73,3334.130000000001,TRAVEL,36.44050847457627,23.58,MODERATE,0.0,N,N,N,N,MASTER_V1.5,2026-06-29,2026-06-29 19:54:02.726587
1725,Kari Ward,79,GA,2017-01-17,113,A,ENGAGED_MAINSTREAM,13038.83,100.0,4,4.0,102619.54,10000.0,4.08,205.0,35618.0,2485.4199999999983,RESTAURANT,37.56175609756097,5.64,LOW,0.0,N,N,N,N,MASTER_V1.5,2026-06-29,2026-06-29 19:54:02.726587
1726,Karen Fisher,40,NH,2013-10-02,152,A,GROWING_DIGITAL,3762.78,100.0,1,1.0,19971.57,0.0,0.0,53.0,31888.08,-16268.810000000001,GROCERY,39.62,26.32,MODERATE,0.0,N,Y,N,N,MASTER_V1.5,2026-06-29,2026-06-29 19:54:02.726587
1742,Anthony Hogan,34,GA,2013-11-16,151,A,VALUE_BASIC,3278.84,100.0,1,1.0,5917.49,10000.0,59.17,54.0,3340.28,8532.5,RESTAURANT,46.3,29.64,MODERATE,0.0,N,Y,Y,N,MASTER_V1.5,2026-06-29,2026-06-29 19:54:02.726587
1745,Brandon Curtis,43,WV,2016-10-11,116,A,PREMIUM_WEALTH,9819.54,66.67,3,2.0,79764.04,10000.0,4.11,182.0,10212.0,25705.54,RETAIL,34.618351648351656,8.18,LOW,0.0,N,N,N,N,MASTER_V1.5,2026-06-29,2026-06-29 19:54:02.726587
1748,Amanda Larson,25,TX,2020-11-08,67,A,PREMIUM_WEALTH,7860.73,100.0,4,4.0,124546.38,25000.0,83.21,148.0,38503.46,-30216.03,GROCERY,37.164121621621625,13.73,LOW,0.0,N,N,N,N,MASTER_V1.5,2026-06-29,2026-06-29 19:54:02.726587
1766,Ariel Mccullough,57,AZ,2020-01-15,77,A,GROWING_DIGITAL,6859.02,100.0,3,3.0,143931.79,0.0,0.0,188.0,41756.58,-6597.370000000003,TRAVEL,38.83425531914894,17.28,LOW,0.0,N,N,N,N,MASTER_V1.5,2026-06-29,2026-06-29 19:54:02.726587
1769,Mark Marsh,55,OR,2024-05-31,25,A,GROWING_DIGITAL,663.73,100.0,1,1.0,40931.83,0.0,0.0,33.0,2040.71,-839.03,GROCERY,36.36,13.09,LOW,0.0,N,Y,N,N,MASTER_V1.5,2026-06-29,2026-06-29 19:54:02.726587
1789,Olivia Adams,58,GA,2014-12-23,138,A,ENGAGED_MAINSTREAM,15927.32,100.0,4,4.0,102902.48,5000.0,97.18,120.0,28956.86,-23091.440000000002,INSURANCE,34.16125,11.27,LOW,0.0,N,N,N,N,MASTER_V1.5,2026-06-29,2026-06-29 19:54:02.726587
1798,Jocelyn Hart,51,MS,2012-03-02,171,A,PREMIUM_WEALTH,9598.94,100.0,2,2.0,75119.56,15000.0,64.19,81.0,22683.94,-8315.369999999999,RESTAURANT,45.681234567901235,19.27,LOW,0.0,N,N,N,N,MASTER_V1.5,2026-06-29,2026-06-29 19:54:02.726587
1799,David Taylor,65,CA,2017-05-22,109,A,ENGAGED_MAINSTREAM,12866.26,100.0,4,4.0,133774.16,25000.0,23.9,172.0,37922.41,-20382.160000000003,RESTAURANT,35.468023255813954,17.36,LOW,0.0,N,N,N,N,MASTER_V1.5,2026-06-29,2026-06-29 19:54:02.726587
1805,Emily Gutierrez,53,PR,2024-12-08,18,A,VALUE_BASIC,371.96,100.0,1,1.0,3888.56,0.0,0.0,19.0,528.1,1181.5300000000002,TRAVEL,31.58,15.27,LOW,0.0,N,Y,Y,N,MASTER_V1.5,2026-06-29,2026-06-29 19:54:02.726587
1806,Kathryn Medina,25,FL,2021-12-25,54,A,PREMIUM_WEALTH,6340.97,100.0,4,4.0,125811.11,25000.0,46.18,217.0,65080.79,-22471.699999999997,RESTAURANT,38.24608294930875,7.09,LOW,0.0,N,N,N,N,MASTER_V1.5,2026-06-29,2026-06-29 19:54:02.726587
1811,Jeffrey Smith,22,MI,2018-02-14,100,A,GROWING_DIGITAL,5900.93,100.0,2,2.0,133500.26,0.0,0.0,121.0,48769.91,-45475.65,TRAVEL,40.498016528925625,13.45,LOW,0.0,N,N,N,N,MASTER_V1.5,2026-06-29,2026-06-29 19:54:02.726587
1813,Jennifer Young,44,AZ,2016-01-06,125,A,CREDIT_DEPENDENT,10817.86,33.33,3,1.0,102647.32,2000.0,84.24,130.0,44793.62,-33079.75,TRAVEL,39.23238461538461,16.44,LOW,0.0,N,N,N,Y,MASTER_V1.5,2026-06-29,2026-06-29 19:54:02.726587
1819,Jeremy Mills,68,GA,2019-12-29,78,A,GROWING_DIGITAL,4415.71,100.0,2,2.0,82647.49,0.0,0.0,121.0,9159.32,22493.93,GROCERY,46.280578512396694,5.55,LOW,0.0,N,N,N,N,MASTER_V1.5,2026-06-29,2026-06-29 19:54:02.726587
1852,Tina Greene,40,SD,2021-11-08,55,A,VALUE_BASIC,2730.92,100.0,2,2.0,20549.74,15000.0,54.93,70.0,2908.2799999999997,20702.210000000003,RETAIL,38.57000000000001,19.1,LOW,0.0,N,N,N,N,MASTER_V1.5,2026-06-29,2026-06-29 19:54:02.726587
1884,Michael Miller,69,SD,2021-02-12,64,A,ENGAGED_MAINSTREAM,3422.42,100.0,2,2.0,44138.07,2000.0,68.81,42.0,8603.73,5142.67,RETAIL,35.71857142857143,14.09,LOW,0.0,N,N,N,N,MASTER_V1.5,2026-06-29,2026-06-29 19:54:02.726587
1886,Charles Johnson,23,WI,2012-12-16,162,A,PREMIUM_WEALTH,13246.33,100.0,3,3.0,54302.92,10000.0,56.3,100.0,17465.93,-13860.77,RESTAURANT,47.001400000000004,18.09,LOW,0.0,N,N,N,N,MASTER_V1.5,2026-06-29,2026-06-29 19:54:02.726587
1887,Mark Turner,72,GU,2014-06-04,144,A,GROWING_DIGITAL,7764.31,100.0,2,2.0,48231.0,0.0,0.0,103.0,19895.49,-8894.960000000001,TRAVEL,39.80262135922331,11.15,LOW,0.0,N,N,N,N,MASTER_V1.5,2026-06-29,2026-06-29 19:54:02.726587
1895,Latoya Edwards,37,DE,2018-05-17,97,A,CREDIT_DEPENDENT,2628.72,0.0,1,0.0,51026.26,0.0,0.0,73.0,25192.82,-11862.0,GAS_STATION,36.98999999999999,20.0,MODERATE,0.0,N,N,N,Y,MASTER_V1.5,2026-06-29,2026-06-29 19:54:02.726587
1902,Crystal Morrison,21,AK,2016-06-01,120,A,PREMIUM_WEALTH,10560.16,100.0,3,3.0,124681.36,0.0,0.0,133.0,26622.07,-4821.049999999999,RETAIL,37.58849624060151,17.61,LOW,0.0,N,N,N,N,MASTER_V1.5,2026-06-29,2026-06-29 19:54:02.726587
1914,Joshua Smith,51,CO,2021-09-15,57,A,GROWING_DIGITAL,2971.55,100.0,2,2.0,33741.61,25000.0,50.85,138.0,7526.88,4945.329999999999,RETAIL,38.40521739130435,18.18,LOW,0.0,N,N,N,N,MASTER_V1.5,2026-06-29,2026-06-29 19:54:02.726587
1924,Victoria Tran,70,HI,2018-11-08,91,A,VALUE_BASIC,1394.62,100.0,1,1.0,459.52,0.0,0.0,70.0,21178.37,-18679.04,UTILITIES,44.29,2.91,LOW,0.0,N,Y,N,N,MASTER_V1.5,2026-06-29,2026-06-29 19:54:02.726587
1926,Johnny Hunter,63,DC,2018-03-21,99,A,ENGAGED_MAINSTREAM,8646.55,66.67,3,2.0,114140.69,25000.0,45.32,120.0,12875.949999999999,2032.8999999999996,GROCERY,36.66733333333333,10.82,LOW,0.0,N,N,N,N,MASTER_V1.5,2026-06-29,2026-06-29 19:54:02.726587
1927,Heather Brady,54,PR,2012-07-31,167,A,ENGAGED_MAINSTREAM,15089.21,66.67,3,2.0,170633.06,0.0,0.0,138.0,48838.25,-21471.77,TRAVEL,34.057173913043485,12.36,LOW,0.0,N,N,N,N,MASTER_V1.5,2026-06-29,2026-06-29 19:54:02.726587
1928,Melissa Sanders,59,SD,2022-08-14,46,A,CREDIT_DEPENDENT,4047.2,33.33,3,1.0,124369.49,5000.0,68.44,105.0,15090.289999999999,-141.79999999999745,RESTAURANT,38.095523809523804,44.64,ELEVATED,0.0,N,N,N,N,MASTER_V1.5,2026-06-29,2026-06-29 19:54:02.726587
1993,Jessica Davis,57,KS,2024-07-25,23,A,VALUE_BASIC,0.0,100.0,1,1.0,-189.65,0.0,0.0,71.0,17843.39,-9187.0,HEALTHCARE,33.8,19.27,LOW,0.0,N,Y,N,N,MASTER_V1.5,2026-06-29,2026-06-29 19:54:02.726587
2025,Christopher Graham,35,RI,2021-05-01,61,A,PREMIUM_WEALTH,5236.44,100.0,3,3.0,93504.72,25000.0,63.89,150.0,32726.229999999996,928.4100000000035,TRAVEL,43.330733333333335,17.91,LOW,0.0,N,N,N,N,MASTER_V1.5,2026-06-29,2026-06-29 19:54:02.726587
2032,Melissa Stokes,42,OR,2019-11-15,79,A,PREMIUM_WEALTH,8976.49,100.0,4,4.0,86046.78,5000.0,52.91,160.0,49835.259999999995,-38680.12999999999,WIRE_TRANSFER_INTL,39.3756875,0.0,LOW,0.0,N,N,N,N,MASTER_V1.5,2026-06-29,2026-06-29 19:54:02.726587
2047,Tony Myers,27,MP,2014-02-28,148,A,PREMIUM_WEALTH,17074.27,75.0,4,3.0,102402.67,2000.0,44.78,141.0,27735.860000000004,-22047.090000000004,TRAVEL,39.007446808510636,0.64,LOW,0.0,N,N,N,N,MASTER_V1.5,2026-06-29,2026-06-29 19:54:02.726587
2056,Erika Hinton,36,FM,2020-01-29,77,A,PREMIUM_WEALTH,4093.48,100.0,2,2.0,41457.61,10000.0,53.37,44.0,22708.8,-20332.09,RETAIL,34.092727272727274,27.18,MODERATE,0.0,N,N,N,N,MASTER_V1.5,2026-06-29,2026-06-29 19:54:02.726587
2065,Elizabeth Hicks,79,VA,2018-10-15,92,A,ENGAGED_MAINSTREAM,11098.23,100.0,4,4.0,173389.57,5000.0,85.41,177.0,31604.13,-23926.980000000003,RETAIL,38.419830508474575,15.99,LOW,0.0,N,N,N,N,MASTER_V1.5,2026-06-29,2026-06-29 19:54:02.726587
2081,Corey Weiss,49,NJ,2014-08-15,142,A,GROWING_DIGITAL,3781.02,100.0,1,1.0,42224.49,0.0,0.0,21.0,1725.93,-1147.3000000000002,RETAIL,33.34,8.73,LOW,0.0,N,Y,N,N,MASTER_V1.5,2026-06-29,2026-06-29 19:54:02.726587
2095,Kristopher Nicholson,73,CO,2022-05-10,49,A,ENGAGED_MAINSTREAM,4159.19,100.0,3,3.0,82251.43,15000.0,70.54,102.0,23451.069999999996,-5618.3299999999945,GROCERY,34.3171568627451,4.09,LOW,0.0,N,N,N,N,MASTER_V1.5,2026-06-29,2026-06-29 19:54:02.726587
2113,Kara Sanchez,37,KS,2021-12-21,54,A,PREMIUM_WEALTH,3835.29,100.0,3,3.0,12963.07,5000.0,30.32,96.0,22212.35,-11659.969999999998,RETAIL,38.53916666666667,14.26,LOW,0.0,N,N,N,N,MASTER_V1.5,2026-06-29,2026-06-29 19:54:02.726587
2115,Catherine Oconnell,50,NC,2020-07-30,71,A,PREMIUM_WEALTH,8381.11,75.0,4,3.0,133837.41,10000.0,90.37,98.0,5168.45,10238.93,UTILITIES,31.631938775510203,33.91,MODERATE,0.0,N,N,N,N,MASTER_V1.5,2026-06-29,2026-06-29 19:54:02.726587
2131,James Lopez,61,AZ,2024-06-23,24,A,GROWING_DIGITAL,660.19,100.0,1,1.0,60067.97,0.0,0.0,38.0,28317.95,-27707.91,RETAIL,36.85,15.18,LOW,0.0,N,Y,N,N,MASTER_V1.5,2026-06-29,2026-06-29 19:54:02.726587
2135,Kathy Macias,37,MO,2016-05-03,121,A,PREMIUM_WEALTH,10548.9,100.0,3,3.0,111762.22,2000.0,9.39,208.0,47376.33,-7647.800000000003,UTILITIES,37.02442307692307,6.13,LOW,0.0,N,N,N,N,MASTER_V1.5,2026-06-29,2026-06-29 19:54:02.726587
2143,Lisa Haynes,72,WA,2022-01-11,53,A,CREDIT_DEPENDENT,2949.27,50.0,2,1.0,68140.61,0.0,0.0,72.0,13712.98,-11312.73,RESTAURANT,43.053333333333335,17.42,LOW,0.0,N,N,N,N,MASTER_V1.5,2026-06-29,2026-06-29 19:54:02.726587
2144,Victoria Garza,51,OR,2014-03-12,147,A,PREMIUM_WEALTH,17541.84,100.0,4,4.0,152242.0,25000.0,60.36,160.0,17899.61,1405.9700000000012,GROCERY,31.2505625,20.36,MODERATE,0.0,N,N,N,N,MASTER_V1.5,2026-06-29,2026-06-29 19:54:02.726587
2175,Krystal Day,23,WV,2015-07-11,131,A,PREMIUM_WEALTH,10442.78,100.0,3,3.0,41306.66,10000.0,7.46,147.0,39321.25,-6156.57,RETAIL,37.41673469387755,18.18,LOW,0.0,N,N,N,N,MASTER_V1.5,2026-06-29,2026-06-29 19:54:02.726587
2178,Jennifer Ortiz,38,PR,2019-09-07,81,A,GROWING_DIGITAL,4360.55,100.0,2,2.0,47419.82,10000.0,13.84,90.0,28754.75,-24198.59,HEALTHCARE,31.115000000000002,14.94,LOW,0.0,N,N,N,N,MASTER_V1.5,2026-06-29,2026-06-29 19:54:02.726587
2191,Alison Acosta,20,MI,2012-12-26,162,A,GROWING_DIGITAL,8611.31,100.0,2,2.0,41408.76,15000.0,17.71,113.0,5746.32,24502.14,RETAIL,34.50902654867256,18.55,LOW,0.0,N,N,N,N,MASTER_V1.5,2026-06-29,2026-06-29 19:54:02.726587
2194,Douglas Burton,68,PR,2012-09-26,165,A,GROWING_DIGITAL,9455.25,100.0,2,2.0,94931.1,0.0,0.0,97.0,21035.4,-3491.390000000003,RESTAURANT,44.32721649484536,1.18,LOW,0.0,N,N,N,N,MASTER_V1.5,2026-06-29,2026-06-29 19:54:02.726587
2197,Sean Martin,53,AS,2019-11-20,79,A,ENGAGED_MAINSTREAM,9256.78,100.0,4,4.0,122693.25,2000.0,29.01,153.0,40320.92,-1657.7900000000009,RESTAURANT,39.870261437908496,14.82,LOW,0.0,N,N,N,N,MASTER_V1.5,2026-06-29,2026-06-29 19:54:02.726587
2200,Mary Thomas,65,NC,2019-02-14,88,A,ENGAGED_MAINSTREAM,10141.46,100.0,4,4.0,101153.06,25000.0,82.93,174.0,32004.18,-10247.850000000002,RESTAURANT,41.952528735632185,7.91,LOW,0.0,N,N,N,N,MASTER_V1.5,2026-06-29,2026-06-29 19:54:02.726587
2220,Victoria Smith,69,MH,2011-07-14,179,A,ENGAGED_MAINSTREAM,19908.58,100.0,4,4.0,67650.62,25000.0,28.97,186.0,31522.91,-3565.2999999999993,TRAVEL,37.63596774193548,20.27,MODERATE,0.0,N,N,N,N,MASTER_V1.5,2026-06-29,2026-06-29 19:54:02.726587
2226,Nathan Miles,83,NV,2025-11-19,7,A,ENGAGED_MAINSTREAM,598.52,100.0,3,3.0,89355.13,2000.0,51.89,100.0,19116.989999999998,11723.300000000003,RESTAURANT,37.9978,12.45,LOW,0.0,N,N,N,N,MASTER_V1.5,2026-06-29,2026-06-29 19:54:02.726587
2236,Adrienne Spence,74,PW,2026-01-03,5,A,ENGAGED_MAINSTREAM,572.71,100.0,4,4.0,94299.17,5000.0,77.42,161.0,33740.649999999994,-3969.9099999999926,TRAVEL,31.054968944099382,21.18,MODERATE,0.0,N,N,N,N,MASTER_V1.5,2026-06-29,2026-06-29 19:54:02.726587
2267,Nathaniel Fleming,28,OH,2025-09-10,9,A,GROWING_DIGITAL,513.57,100.0,2,2.0,90467.18,0.0,0.0,89.0,14809.859999999999,15893.049999999997,UTILITIES,41.571573033707864,13.18,LOW,0.0,N,N,N,N,MASTER_V1.5,2026-06-29,2026-06-29 19:54:02.726587
2268,Nancy Fleming,51,UT,2015-05-31,133,A,CREDIT_DEPENDENT,3190.85,0.0,1,0.0,14713.93,15000.0,98.09,47.0,1693.98,12054.310000000001,GAS_STATION,46.81,16.4,LOW,0.0,N,N,N,Y,MASTER_V1.5,2026-06-29,2026-06-29 19:54:02.726587
2274,Kayla Gonzalez,24,MN,2025-04-02,14,A,VALUE_BASIC,295.45,100.0,1,1.0,4635.59,5000.0,92.71,65.0,3199.53,1626.73,GROCERY,33.849999999999994,4.64,LOW,0.0,N,Y,Y,N,MASTER_V1.5,2026-06-29,2026-06-29 19:54:02.726587
2290,Stephen Hernandez,64,RI,2013-09-26,153,A,GROWING_DIGITAL,12300.31,100.0,3,3.0,45216.71,0.0,0.0,137.0,39176.94,-24407.530000000002,RETAIL,39.41299270072992,8.27,LOW,0.0,N,N,N,N,MASTER_V1.5,2026-06-29,2026-06-29 19:54:02.726587
2291,Tara Russell,27,ND,2013-03-09,159,A,PREMIUM_WEALTH,18443.69,100.0,4,4.0,109076.52,10000.0,18.67,165.0,12659.4,1106.3799999999992,RETAIL,43.63369696969697,8.11,LOW,0.0,N,N,N,N,MASTER_V1.5,2026-06-29,2026-06-29 19:54:02.726587
2292,Shannon Wall,50,AR,2011-07-19,179,A,PREMIUM_WEALTH,15350.66,100.0,3,3.0,92446.5,5000.0,71.1,128.0,27902.42,-7210.829999999998,INSURANCE,27.345312500000002,15.27,LOW,0.0,N,N,N,N,MASTER_V1.5,2026-06-29,2026-06-29 19:54:02.726587
2297,Wayne Parrish,84,WI,2024-11-12,19,A,GROWING_DIGITAL,529.59,100.0,1,1.0,69513.12,0.0,0.0,34.0,21739.03,-20875.739999999998,GAS_STATION,20.58,17.71,LOW,0.0,N,Y,N,N,MASTER_V1.5,2026-06-29,2026-06-29 19:54:02.726587
2300,Ross Thompson,77,TN,2014-02-11,148,A,ENGAGED_MAINSTREAM,11809.35,100.0,3,3.0,41733.19,5000.0,81.01,116.0,15824.599999999999,9028.940000000002,GROCERY,46.55603448275862,22.73,MODERATE,0.0,N,N,N,N,MASTER_V1.5,2026-06-29,2026-06-29 19:54:02.726587
2307,Shawn James,57,FL,2014-10-25,140,A,CREDIT_DEPENDENT,7553.08,50.0,2,1.0,48538.69,0.0,0.0,95.0,4098.37,34681.01,RETAIL,34.736,16.64,LOW,0.0,N,N,N,N,MASTER_V1.5,2026-06-29,2026-06-29 19:54:02.726587
2332,Charles Mcdaniel,80,ND,2025-10-19,8,A,ENGAGED_MAINSTREAM,940.87,100.0,4,4.0,128136.78,5000.0,44.65,188.0,47114.340000000004,-13705.330000000009,HEALTHCARE,42.55053191489362,25.74,MODERATE,0.0,N,N,N,N,MASTER_V1.5,2026-06-29,2026-06-29 19:54:02.726587
2340,Joseph Olson,36,CT,2025-07-06,11,A,GROWING_DIGITAL,268.5,100.0,1,1.0,17391.94,0.0,0.0,19.0,1621.08,-703.9699999999999,TRAVEL,26.32,5.45,LOW,0.0,N,Y,N,N,MASTER_V1.5,2026-06-29,2026-06-29 19:54:02.726587
2344,Brandy Miranda,66,CA,2017-05-08,109,A,VALUE_BASIC,5123.62,100.0,2,2.0,12102.12,5000.0,85.97,75.0,20825.09,-7799.689999999999,RESTAURANT,49.33,17.73,LOW,0.0,N,N,N,N,MASTER_V1.5,2026-06-29,2026-06-29 19:54:02.726587
2351,Marcus Gibbs,83,VT,2014-03-05,147,A,VALUE_BASIC,2494.13,100.0,1,1.0,886.03,0.0,0.0,27.0,24664.4,-24147.4,EDUCATION,44.45,22.73,MODERATE,0.0,N,Y,N,N,MASTER_V1.5,2026-06-29,2026-06-29 19:54:02.726587
2368,Christine Johnson,77,MP,2017-01-25,113,A,ENGAGED_MAINSTREAM,9557.16,100.0,3,3.0,78974.81,2000.0,4.14,109.0,19303.28,-14071.39,TRAVEL,31.191009174311922,16.76,LOW,0.0,N,N,N,N,MASTER_V1.5,2026-06-29,2026-06-29 19:54:02.726587
2374,Joseph Jackson,44,AR,2023-08-12,34,A,GROWING_DIGITAL,932.64,100.0,1,1.0,58235.31,0.0,0.0,30.0,2968.54,-1789.57,RESTAURANT,43.33,31.0,MODERATE,0.0,N,Y,N,N,MASTER_V1.5,2026-06-29,2026-06-29 19:54:02.726587
2377,Allison Lane,55,SC,2013-04-25,158,A,GROWING_DIGITAL,4333.85,100.0,1,1.0,58208.36,0.0,0.0,18.0,377.64,1088.6,GROCERY,27.779999999999998,12.82,LOW,0.0,N,Y,N,N,MASTER_V1.5,2026-06-29,2026-06-29 19:54:02.726587
2386,Miranda Palmer,61,SC,2026-01-14,5,A,VALUE_BASIC,103.43,100.0,1,1.0,3922.94,15000.0,26.15,32.0,1853.22,-937.72,GAS_STATION,28.130000000000006,16.18,LOW,0.0,N,Y,N,N,MASTER_V1.5,2026-06-29,2026-06-29 19:54:02.726587
2397,Cameron Garcia,83,MP,2015-06-18,132,A,GROWING_DIGITAL,7601.81,100.0,2,2.0,100497.37,0.0,0.0,96.0,14576.150000000001,7255.409999999996,RETAIL,35.41458333333333,17.18,LOW,0.0,N,N,N,N,MASTER_V1.5,2026-06-29,2026-06-29 19:54:02.726587
2419,Susan Rose,25,WV,2018-03-12,99,A,CREDIT_DEPENDENT,5549.18,50.0,2,1.0,73899.15,0.0,0.0,94.0,25818.03,-5468.239999999998,GAMBLING,41.48765957446808,34.17,MODERATE,0.0,N,N,N,N,MASTER_V1.5,2026-06-29,2026-06-29 19:54:02.726587
2429,Justin Trevino,68,TX,2016-09-18,117,A,ENGAGED_MAINSTREAM,10131.22,100.0,3,3.0,103315.74,0.0,0.0,158.0,10684.12,-4197.290000000001,RETAIL,29.11721518987342,0.0,LOW,0.0,N,N,N,N,MASTER_V1.5,2026-06-29,2026-06-29 19:54:02.726587
2449,Brian Harris,40,DE,2022-07-09,47,A,GROWING_DIGITAL,2666.95,100.0,2,2.0,84856.17,0.0,0.0,72.0,10977.13,-9104.41,RETAIL,47.22277777777777,13.65,LOW,0.0,N,N,N,N,MASTER_V1.5,2026-06-29,2026-06-29 19:54:02.726587
2453,Cassandra Martinez,77,AL,2011-06-29,180,A,ENGAGED_MAINSTREAM,15315.38,100.0,3,3.0,84518.35,15000.0,24.04,158.0,39866.68,-2436.769999999997,RESTAURANT,36.07594936708862,9.18,LOW,0.0,N,N,N,N,MASTER_V1.5,2026-06-29,2026-06-29 19:54:02.726587
2460,Elizabeth Haley,53,IL,2015-10-26,128,A,PREMIUM_WEALTH,11104.48,100.0,3,3.0,105574.33,5000.0,95.56,149.0,37409.59,-21215.519999999997,TRAVEL,34.228791946308725,11.45,LOW,0.0,N,N,N,N,MASTER_V1.5,2026-06-29,2026-06-29 19:54:02.726587
2464,Christine Williams,42,NH,2024-10-25,20,A,PREMIUM_WEALTH,1745.64,66.67,3,2.0,113277.66,0.0,0.0,103.0,15941.009999999998,-11736.899999999998,UTILITIES,34.95330097087378,15.36,LOW,0.0,N,N,N,N,MASTER_V1.5,2026-06-29,2026-06-29 19:54:02.726587
2467,Jasmin Myers,51,UT,2016-09-10,117,A,CREDIT_DEPENDENT,3143.12,0.0,1,0.0,46431.12,0.0,0.0,66.0,23763.07,-11794.07,RETAIL,33.34,3.09,LOW,0.0,N,N,N,Y,MASTER_V1.5,2026-06-29,2026-06-29 19:54:02.726587
2475,Daniel Villa,74,VT,2012-12-06,162,A,GROWING_DIGITAL,9438.69,100.0,2,2.0,115001.95,0.0,0.0,47.0,28469.0,-26992.02,RETAIL,31.91765957446809,17.09,LOW,0.0,N,N,N,N,MASTER_V1.5,2026-06-29,2026-06-29 19:54:02.726587
2500,Joe Jones,41,FL,2024-08-04,22,A,VALUE_BASIC,435.29,100.0,1,1.0,2736.12,0.0,0.0,51.0,28820.16,-27301.16,ENTERTAINMENT,47.059999999999995,24.09,MODERATE,0.0,N,Y,Y,N,MASTER_V1.5,2026-06-29,2026-06-29 19:54:02.726587
2508,Brett Cannon,36,MH,2019-09-25,81,A,PREMIUM_WEALTH,4550.76,100.0,2,2.0,75845.65,5000.0,86.39,81.0,28076.94,-25407.199999999997,RESTAURANT,46.91333333333334,3.27,LOW,0.0,N,N,N,N,MASTER_V1.5,2026-06-29,2026-06-29 19:54:02.726587
2519,Shelly Deleon,70,MD,2022-02-16,52,A,ENGAGED_MAINSTREAM,4442.7,100.0,3,3.0,88570.03,15000.0,16.05,143.0,31538.95,-7327.619999999999,GAS_STATION,44.75888111888112,6.82,LOW,0.0,N,N,N,N,MASTER_V1.5,2026-06-29,2026-06-29 19:54:02.726587
2531,Patricia Livingston,83,AS,2020-07-28,71,A,ENGAGED_MAINSTREAM,6154.19,100.0,3,3.0,104523.45,5000.0,2.75,116.0,22934.19,-15369.06,TRAVEL,41.3798275862069,15.64,LOW,0.0,N,N,N,N,MASTER_V1.5,2026-06-29,2026-06-29 19:54:02.726587
2533,Ryan Patterson,62,AK,2023-11-11,31,A,ENGAGED_MAINSTREAM,2764.57,100.0,3,3.0,145893.75,0.0,0.0,140.0,38786.59,-25425.019999999997,UTILITIES,34.287,17.91,LOW,0.0,N,N,N,N,MASTER_V1.5,2026-06-29,2026-06-29 19:54:02.726587
2534,Brian Rodriguez,36,VT,2022-06-18,48,A,GROWING_DIGITAL,2820.96,100.0,2,2.0,127263.39,0.0,0.0,47.0,12261.11,-1403.42,UTILITIES,34.04446808510638,7.91,LOW,0.0,N,N,N,N,MASTER_V1.5,2026-06-29,2026-06-29 19:54:02.726587
2535,Erica Garrison,59,VA,2022-04-02,50,A,VALUE_BASIC,1155.53,100.0,1,1.0,10344.63,0.0,0.0,29.0,1126.0,352.9100000000001,RETAIL,41.38,12.73,LOW,0.0,N,Y,N,N,MASTER_V1.5,2026-06-29,2026-06-29 19:54:02.726587
2541,Lisa Franklin,41,WV,2023-03-01,39,A,VALUE_BASIC,905.77,100.0,1,1.0,10828.41,0.0,0.0,25.0,10115.4,-337.9200000000001,GAMBLING,32.0,10.09,LOW,0.0,N,Y,N,N,MASTER_V1.5,2026-06-29,2026-06-29 19:54:02.726587
2549,Michelle Riley,82,CA,2021-09-13,57,A,GROWING_DIGITAL,3160.3,100.0,2,2.0,65433.12,0.0,0.0,107.0,24194.989999999998,4951.580000000002,RETAIL,48.59626168224299,18.91,LOW,0.0,N,N,N,N,MASTER_V1.5,2026-06-29,2026-06-29 19:54:02.726587
2550,Bruce Klein,82,WY,2022-03-11,51,A,GROWING_DIGITAL,1386.16,100.0,1,1.0,52672.57,0.0,0.0,26.0,2885.77,-2445.08,RETAIL,53.849999999999994,21.04,MODERATE,0.0,N,Y,N,N,MASTER_V1.5,2026-06-29,2026-06-29 19:54:02.726587
2553,William Young,80,NJ,2018-02-10,100,A,ENGAGED_MAINSTREAM,11725.44,75.0,4,3.0,123678.32,10000.0,82.87,138.0,30823.17,-23298.57,HEALTHCARE,39.855362318840584,26.91,MODERATE,0.0,N,N,N,N,MASTER_V1.5,2026-06-29,2026-06-29 19:54:02.726587
2568,John Oconnor,35,WY,2013-03-18,159,A,GROWING_DIGITAL,13669.35,100.0,3,3.0,95107.67,0.0,0.0,155.0,22673.329999999998,-1839.0299999999988,RETAIL,47.743806451612905,17.0,LOW,0.0,N,N,N,N,MASTER_V1.5,2026-06-29,2026-06-29 19:54:02.726587
2569,Michael Wagner,26,MO,2016-11-20,115,A,CREDIT_DEPENDENT,3215.04,0.0,1,0.0,71879.35,0.0,0.0,55.0,32813.27,-30440.53,GROCERY,43.629999999999995,18.73,LOW,0.0,N,N,N,Y,MASTER_V1.5,2026-06-29,2026-06-29 19:54:02.726587
2575,Rachel Walter,43,AK,2023-01-07,41,A,GROWING_DIGITAL,1140.42,100.0,1,1.0,67917.16,0.0,0.0,70.0,23849.8,-10779.269999999999,UTILITIES,31.429999999999996,10.82,LOW,0.0,N,Y,N,N,MASTER_V1.5,2026-06-29,2026-06-29 19:54:02.726587
2578,Veronica Anderson,56,IN,2021-10-14,56,A,ENGAGED_MAINSTREAM,6637.86,75.0,4,3.0,140549.94,15000.0,85.59,106.0,15496.17,1162.6900000000005,RESTAURANT,30.18971698113207,17.09,LOW,0.0,N,N,N,N,MASTER_V1.5,2026-06-29,2026-06-29 19:54:02.726587
2618,Kari Mitchell,77,KY,2024-08-18,22,A,VALUE_BASIC,466.94,100.0,1,1.0,4865.36,5000.0,97.31,67.0,10020.38,-6213.3099999999995,GROCERY,40.3,21.0,MODERATE,0.0,N,Y,Y,N,MASTER_V1.5,2026-06-29,2026-06-29 19:54:02.726587
2627,Garrett Harris,58,WA,2020-01-12,77,A,GROWING_DIGITAL,6542.07,100.0,3,3.0,83138.33,0.0,0.0,121.0,6626.0,1429.0299999999997,RESTAURANT,42.14834710743801,14.09,LOW,0.0,N,N,N,N,MASTER_V1.5,2026-06-29,2026-06-29 19:54:02.726587
2646,John Smith,24,SC,2019-06-12,84,A,GROWING_DIGITAL,4615.63,100.0,2,2.0,59254.9,0.0,0.0,94.0,14287.89,29405.800000000003,RETAIL,48.941595744680846,24.17,MODERATE,0.0,N,N,N,N,MASTER_V1.5,2026-06-29,2026-06-29 19:54:02.726587
2648,Theresa Sanders,78,CA,2014-10-31,140,A,GROWING_DIGITAL,7539.53,100.0,2,2.0,47608.07,10000.0,23.87,69.0,12161.550000000001,-7584.850000000001,RETAIL,42.028695652173916,2.55,LOW,0.0,N,N,N,N,MASTER_V1.5,2026-06-29,2026-06-29 19:54:02.726587
2661,George Pratt,82,NJ,2017-10-26,104,A,ENGAGED_MAINSTREAM,12100.26,100.0,4,4.0,112969.15,25000.0,35.68,183.0,25593.16,17453.91,TRAVEL,33.88442622950819,23.82,MODERATE,0.0,N,N,N,N,MASTER_V1.5,2026-06-29,2026-06-29 19:54:02.726587
2663,Kelly Weeks,65,UT,2017-12-26,102,A,ENGAGED_MAINSTREAM,12027.08,100.0,4,4.0,132091.72,5000.0,70.89,253.0,48653.1,4092.7000000000044,RETAIL,43.08355731225297,18.91,LOW,0.0,N,N,N,N,MASTER_V1.5,2026-06-29,2026-06-29 19:54:02.726587
2671,Bruce Harrison,49,VI,2016-06-05,120,A,GROWING_DIGITAL,6174.29,100.0,2,2.0,29451.19,2000.0,0.1,91.0,22414.05,-12145.469999999998,RETAIL,38.463516483516486,16.53,LOW,0.0,N,N,N,N,MASTER_V1.5,2026-06-29,2026-06-29 19:54:02.726587
2676,Jessica Ramirez,80,NJ,2013-10-06,152,A,ENGAGED_MAINSTREAM,17174.28,100.0,4,4.0,80730.07,15000.0,11.14,123.0,7060.46,8971.27,RESTAURANT,43.09138211382114,13.36,LOW,0.0,N,N,N,N,MASTER_V1.5,2026-06-29,2026-06-29 19:54:02.726587
2686,Megan Moses,49,WA,2024-09-01,21,A,VALUE_BASIC,363.97,100.0,1,1.0,1025.31,2000.0,51.27,64.0,20595.96,-7930.959999999999,ENTERTAINMENT,28.130000000000006,8.18,LOW,0.0,N,Y,Y,N,MASTER_V1.5,2026-06-29,2026-06-29 19:54:02.726587
2689,Michael Johnson,48,MS,2017-12-26,102,A,GROWING_DIGITAL,2794.57,100.0,1,1.0,57475.66,0.0,0.0,34.0,1948.9,-135.30000000000018,RETAIL,50.0,33.55,MODERATE,0.0,N,Y,N,N,MASTER_V1.5,2026-06-29,2026-06-29 19:54:02.726587
2690,Elizabeth Chandler,61,NH,2018-06-11,96,A,VALUE_BASIC,2174.32,100.0,1,1.0,8601.35,10000.0,86.01,30.0,13056.65,-11537.539999999999,GROCERY,16.67,6.82,LOW,0.0,N,Y,Y,N,MASTER_V1.5,2026-06-29,2026-06-29 19:54:02.726587
2691,Whitney Ayers,71,RI,2019-11-04,79,A,ENGAGED_MAINSTREAM,9581.99,100.0,4,4.0,185184.4,15000.0,88.86,169.0,29481.67,-15482.8,RESTAURANT,33.13751479289941,18.41,LOW,0.0,N,N,N,N,MASTER_V1.5,2026-06-29,2026-06-29 19:54:02.726587
2692,Julie Smith,59,ID,2014-02-28,148,A,CREDIT_DEPENDENT,12643.21,33.33,3,1.0,88457.75,0.0,0.0,69.0,39720.29,-29209.5,RETAIL,39.129999999999995,33.73,MODERATE,0.0,N,N,N,Y,MASTER_V1.5,2026-06-29,2026-06-29 19:54:02.726587
2700,Eric Fitzgerald,83,OK,2024-10-30,20,A,ENGAGED_MAINSTREAM,2363.35,100.0,4,4.0,135504.21,5000.0,11.74,177.0,27086.41,28641.34,TRAVEL,47.46186440677966,20.64,MODERATE,0.0,N,N,N,N,MASTER_V1.5,2026-06-29,2026-06-29 19:54:02.726587
2713,Tammy Wang,73,WY,2020-04-23,74,A,GROWING_DIGITAL,3931.11,100.0,2,2.0,41134.95,0.0,0.0,45.0,21254.239999999998,-20246.92,HEALTHCARE,46.66733333333333,18.45,LOW,0.0,N,N,N,N,MASTER_V1.5,2026-06-29,2026-06-29 19:54:02.726587
2724,William Gallegos,71,HI,2021-12-05,54,A,GROWING_DIGITAL,3046.25,100.0,2,2.0,79411.84,0.0,0.0,65.0,12991.960000000001,6748.239999999996,UTILITIES,49.23461538461538,13.73,LOW,0.0,N,N,N,N,MASTER_V1.5,2026-06-29,2026-06-29 19:54:02.726587
2730,Craig Gentry,63,GA,2021-02-26,64,A,GROWING_DIGITAL,1798.9,100.0,1,1.0,76354.82,0.0,0.0,52.0,24963.65,-23723.870000000003,RETAIL,42.309999999999995,2.91,LOW,0.0,N,Y,N,N,MASTER_V1.5,2026-06-29,2026-06-29 19:54:02.726587
2738,James Compton,20,ID,2025-07-22,11,A,PREMIUM_WEALTH,999.56,100.0,3,3.0,182756.68,0.0,0.0,162.0,58814.759999999995,-44789.02999999999,RESTAURANT,36.421913580246915,7.75,LOW,0.0,N,N,N,N,MASTER_V1.5,2026-06-29,2026-06-29 19:54:02.726587
2748,Lori Cross,33,IN,2024-11-20,19,A,VALUE_BASIC,354.77,100.0,1,1.0,1752.49,0.0,0.0,60.0,23533.22,9898.809999999998,INSURANCE,40.0,19.73,LOW,0.0,N,Y,Y,N,MASTER_V1.5,2026-06-29,2026-06-29 19:54:02.726587
2750,Jeffrey Franklin,35,AS,2020-03-28,75,A,GROWING_DIGITAL,1881.71,100.0,1,1.0,22828.6,0.0,0.0,53.0,14411.74,-10410.58,RESTAURANT,45.29,15.82,LOW,0.0,N,Y,N,N,MASTER_V1.5,2026-06-29,2026-06-29 19:54:02.726587
2759,Shawn Tucker,46,FM,2017-03-21,111,A,PREMIUM_WEALTH,12409.25,50.0,4,2.0,71647.0,2000.0,32.84,170.0,51698.26,-27644.660000000003,UTILITIES,37.06105882352941,10.45,LOW,0.0,N,N,N,N,MASTER_V1.5,2026-06-29,2026-06-29 19:54:02.726587
2770,Mark Fields,61,AK,2011-10-02,176,A,CREDIT_DEPENDENT,8175.07,50.0,2,1.0,10827.53,5000.0,34.45,117.0,18738.370000000003,-6784.990000000002,RETAIL,39.31307692307693,9.27,LOW,0.0,N,N,N,N,MASTER_V1.5,2026-06-29,2026-06-29 19:54:02.726587
2776,Tiffany Little,60,PW,2013-09-05,153,A,ENGAGED_MAINSTREAM,13226.83,66.67,3,2.0,101381.68,25000.0,52.95,144.0,20234.25,809.369999999999,RESTAURANT,35.41361111111111,22.0,MODERATE,0.0,N,N,N,N,MASTER_V1.5,2026-06-29,2026-06-29 19:54:02.726587
2778,Roberto Johnson,23,WI,2022-09-01,45,A,GROWING_DIGITAL,2304.44,100.0,2,2.0,28055.42,0.0,0.0,123.0,10674.039999999999,-1707.8099999999995,GROCERY,36.57780487804879,2.32,LOW,0.0,N,N,N,N,MASTER_V1.5,2026-06-29,2026-06-29 19:54:02.726587
2788,Keith Joseph,63,VI,2012-06-10,168,A,CREDIT_DEPENDENT,9044.56,50.0,2,1.0,47445.57,10000.0,90.57,78.0,10047.66,5920.390000000001,GROCERY,43.593589743589746,17.18,LOW,0.0,N,N,N,N,MASTER_V1.5,2026-06-29,2026-06-29 19:54:02.726587
2805,Troy Marshall,59,CO,2024-04-21,26,A,CREDIT_DEPENDENT,1136.85,0.0,2,0.0,6279.2,2000.0,16.65,98.0,32869.880000000005,-28641.940000000002,GROCERY,35.714285714285715,11.0,LOW,0.0,N,N,Y,N,MASTER_V1.5,2026-06-29,2026-06-29 19:54:02.726587
2808,Patrick Delgado,73,DC,2025-01-09,17,A,ENGAGED_MAINSTREAM,2001.15,75.0,4,3.0,129507.76,25000.0,40.47,148.0,15594.94,31640.86,TRAVEL,41.88804054054054,20.64,MODERATE,0.0,N,N,N,N,MASTER_V1.5,2026-06-29,2026-06-29 19:54:02.726587
2809,Dana Montgomery,20,MA,2017-08-11,106,A,PREMIUM_WEALTH,12815.22,100.0,4,4.0,178051.46,2000.0,80.45,191.0,29408.59,-4790.740000000002,HEALTHCARE,38.74157068062827,19.76,LOW,0.0,N,N,N,N,MASTER_V1.5,2026-06-29,2026-06-29 19:54:02.726587
2823,Deborah Ferguson,77,AS,2023-01-28,41,A,ENGAGED_MAINSTREAM,4882.02,50.0,4,2.0,148354.85,2000.0,98.69,196.0,44267.19,-23950.340000000004,RETAIL,43.36826530612245,8.36,LOW,0.0,N,N,N,N,MASTER_V1.5,2026-06-29,2026-06-29 19:54:02.726587
2825,Kayla Cox,58,CT,2023-10-04,32,A,VALUE_BASIC,729.5,100.0,1,1.0,9124.73,0.0,0.0,30.0,6874.88,4174.79,ENTERTAINMENT,36.67,0.18,LOW,0.0,N,Y,Y,N,MASTER_V1.5,2026-06-29,2026-06-29 19:54:02.726587
2834,Michael Carter,70,OH,2017-01-08,113,A,CREDIT_DEPENDENT,8833.23,33.33,3,1.0,33613.85,2000.0,3.84,127.0,37614.81,-5829.309999999998,RESTAURANT,26.770551181102363,7.09,LOW,0.0,N,N,N,Y,MASTER_V1.5,2026-06-29,2026-06-29 19:54:02.726587
2839,Julie Ferrell,68,OK,2022-04-01,50,A,GROWING_DIGITAL,1336.18,100.0,1,1.0,43888.58,0.0,0.0,35.0,2188.2,6430.650000000001,UTILITIES,28.57,5.64,LOW,0.0,N,Y,N,N,MASTER_V1.5,2026-06-29,2026-06-29 19:54:02.726587
2846,Rebecca Larsen,54,VI,2025-02-08,16,A,ENGAGED_MAINSTREAM,1897.59,75.0,4,3.0,141484.33,2000.0,46.32,157.0,39209.96,-21206.19,UTILITIES,30.571210191082805,10.18,LOW,0.0,N,N,N,N,MASTER_V1.5,2026-06-29,2026-06-29 19:54:02.726587
2850,Tara Brown,35,IA,2024-07-04,23,A,GROWING_DIGITAL,600.05,100.0,1,1.0,34051.85,0.0,0.0,18.0,994.8,302.6600000000001,GAS_STATION,44.44,14.18,LOW,0.0,N,Y,N,N,MASTER_V1.5,2026-06-29,2026-06-29 19:54:02.726587
2862,Carolyn Vasquez,85,CT,2022-09-30,45,A,GROWING_DIGITAL,1238.6,100.0,1,1.0,60463.83,0.0,0.0,61.0,15711.55,1076.7999999999993,RESTAURANT,40.980000000000004,29.36,MODERATE,0.0,N,Y,N,N,MASTER_V1.5,2026-06-29,2026-06-29 19:54:02.726587
2881,Marc Gibbs,65,MI,2017-01-23,113,A,ENGAGED_MAINSTREAM,12864.2,100.0,4,4.0,87925.76,2000.0,96.46,157.0,54057.51,-9439.54,RETAIL,42.04152866242038,21.48,MODERATE,0.0,N,N,N,N,MASTER_V1.5,2026-06-29,2026-06-29 19:54:02.726587
2884,Jennifer Harrison,63,IL,2018-08-24,94,A,ENGAGED_MAINSTREAM,10611.45,75.0,4,3.0,79919.76,15000.0,54.93,183.0,22814.53,-452.9799999999959,HEALTHCARE,33.879071038251375,6.09,LOW,0.0,N,N,N,N,MASTER_V1.5,2026-06-29,2026-06-29 19:54:02.726587
2892,Kelly Johnson,68,PA,2019-05-31,85,A,VALUE_BASIC,1847.37,100.0,1,1.0,5964.08,15000.0,39.76,61.0,2335.13,6931.839999999999,RETAIL,29.500000000000004,23.91,MODERATE,0.0,N,Y,Y,N,MASTER_V1.5,2026-06-29,2026-06-29 19:54:02.726587
2905,Shannon Gilmore,56,FM,2015-08-15,130,A,GROWING_DIGITAL,3627.34,100.0,1,1.0,70336.62,0.0,0.0,63.0,5612.87,-4071.33,HEALTHCARE,26.979999999999997,8.16,LOW,0.0,N,Y,N,N,MASTER_V1.5,2026-06-29,2026-06-29 19:54:02.726587
2924,Lauren Ward,72,NH,2026-03-10,3,A,ENGAGED_MAINSTREAM,244.14,66.67,3,2.0,51564.7,25000.0,61.51,100.0,25109.28,-21968.64,RESTAURANT,38.9978,12.73,LOW,0.0,N,N,N,N,MASTER_V1.5,2026-06-29,2026-06-29 19:54:02.726587
2929,Stephanie Hill,59,MO,2018-07-10,95,A,VALUE_BASIC,2236.03,100.0,1,1.0,12269.27,15000.0,81.8,27.0,1802.25,8411.96,GROCERY,25.919999999999998,11.18,LOW,0.0,N,Y,N,N,MASTER_V1.5,2026-06-29,2026-06-29 19:54:02.726587
2932,Leah Cline,34,GU,2012-05-27,169,A,GROWING_DIGITAL,4758.34,100.0,1,1.0,77834.01,0.0,0.0,60.0,12467.85,-1664.67,GROCERY,38.34,24.82,MODERATE,0.0,N,Y,N,N,MASTER_V1.5,2026-06-29,2026-06-29 19:54:02.726587
2938,Austin Wiggins,63,ID,2024-10-01,20,A,ENGAGED_MAINSTREAM,2309.15,75.0,4,3.0,103335.42,15000.0,99.27,134.0,47572.58,-28732.920000000002,INSURANCE,35.82388059701493,12.55,LOW,0.0,N,N,N,N,MASTER_V1.5,2026-06-29,2026-06-29 19:54:02.726587
2971,Karen Hernandez,44,VI,2024-01-26,29,A,PREMIUM_WEALTH,2344.81,66.67,3,2.0,48086.31,10000.0,41.24,98.0,6308.5599999999995,6641.620000000001,RESTAURANT,42.857142857142854,12.58,LOW,0.0,N,N,N,N,MASTER_V1.5,2026-06-29,2026-06-29 19:54:02.726587
2984,Donna Evans,43,VI,2018-07-09,95,A,GROWING_DIGITAL,2515.26,100.0,1,1.0,39758.27,0.0,0.0,67.0,21584.14,-6323.3499999999985,RESTAURANT,37.31,20.29,MODERATE,0.0,N,Y,N,N,MASTER_V1.5,2026-06-29,2026-06-29 19:54:02.726587
2989,Jeffrey Garcia,32,NV,2022-10-21,44,A,PREMIUM_WEALTH,2383.3,100.0,2,2.0,50674.45,25000.0,36.52,92.0,13691.57,2310.41,RETAIL,35.86760869565218,0.0,LOW,0.0,N,N,N,N,MASTER_V1.5,2026-06-29,2026-06-29 19:54:02.726587
3013,Jennifer Fowler,29,IA,2012-12-31,162,A,GROWING_DIGITAL,4190.07,100.0,1,1.0,31127.37,0.0,0.0,36.0,2957.82,3655.1199999999994,TRAVEL,36.11000000000001,3.18,LOW,0.0,N,Y,N,N,MASTER_V1.5,2026-06-29,2026-06-29 19:54:02.726587
3029,Courtney Oneal,28,GA,2020-02-27,76,A,PREMIUM_WEALTH,8553.6,75.0,4,3.0,77244.77,5000.0,4.31,193.0,27083.95,7982.490000000002,RETAIL,40.9338341968912,41.45,ELEVATED,0.0,N,N,N,N,MASTER_V1.5,2026-06-29,2026-06-29 19:54:02.726587
3045,Sophia Thomas,47,NV,2024-07-23,23,A,VALUE_BASIC,475.75,100.0,1,1.0,3920.38,5000.0,78.41,37.0,867.58,2432.83,GROCERY,35.13,14.0,LOW,0.0,N,Y,Y,N,MASTER_V1.5,2026-06-29,2026-06-29 19:54:02.726587
3055,Valerie Schultz,58,MN,2014-11-14,139,A,ENGAGED_MAINSTREAM,15710.58,100.0,4,4.0,81030.11,25000.0,75.55,145.0,9072.060000000001,24665.180000000004,RESTAURANT,41.377034482758624,3.21,LOW,0.0,N,N,N,N,MASTER_V1.5,2026-06-29,2026-06-29 19:54:02.726587
3059,Rebecca Elliott,59,CT,2011-11-26,175,A,VALUE_BASIC,4082.66,100.0,1,1.0,11291.45,15000.0,75.28,24.0,9642.03,-8657.52,GAS_STATION,41.65999999999999,19.0,LOW,0.0,N,Y,N,N,MASTER_V1.5,2026-06-29,2026-06-29 19:54:02.726587
3069,Darren Spencer,59,WV,2018-03-04,99,A,GROWING_DIGITAL,2636.52,100.0,1,1.0,42302.05,0.0,0.0,27.0,2029.34,-1176.03,RESTAURANT,48.15,18.91,LOW,0.0,N,Y,N,N,MASTER_V1.5,2026-06-29,2026-06-29 19:54:02.726587
3070,John Roth,62,TX,2016-12-11,114,A,ENGAGED_MAINSTREAM,9859.97,66.67,3,2.0,101939.42,0.0,0.0,76.0,4958.55,-1267.13,RESTAURANT,43.418157894736844,28.23,MODERATE,0.0,N,N,N,N,MASTER_V1.5,2026-06-29,2026-06-29 19:54:02.726587
3073,April Alvarado,29,NC,2012-12-18,162,A,PREMIUM_WEALTH,13442.34,66.67,3,2.0,63809.42,15000.0,35.81,116.0,13931.34,-1306.420000000002,RESTAURANT,47.41379310344828,16.72,LOW,0.0,N,N,N,N,MASTER_V1.5,2026-06-29,2026-06-29 19:54:02.726587
3096,Randall Dominguez,45,CA,2020-11-02,67,A,PREMIUM_WEALTH,7198.36,100.0,4,4.0,46342.93,15000.0,60.21,171.0,49581.229999999996,-10377.68,RETAIL,35.67064327485381,12.18,LOW,0.0,N,N,N,N,MASTER_V1.5,2026-06-29,2026-06-29 19:54:02.726587
3099,Jonathan Becker,63,GU,2025-07-26,11,A,VALUE_BASIC,215.91,100.0,1,1.0,2568.81,0.0,0.0,38.0,2806.79,-1504.19,RETAIL,44.73999999999999,20.0,MODERATE,0.0,N,Y,N,N,MASTER_V1.5,2026-06-29,2026-06-29 19:54:02.726587
3114,Amanda Montgomery,39,MO,2017-08-09,106,A,GROWING_DIGITAL,5778.6,100.0,2,2.0,54340.46,25000.0,1.4,60.0,18973.68,-5392.050000000001,GROCERY,43.33533333333333,13.82,LOW,0.0,N,N,N,N,MASTER_V1.5,2026-06-29,2026-06-29 19:54:02.726587
3124,Micheal Smith,18,HI,2024-08-24,22,A,GROWING_DIGITAL,1271.9,100.0,2,2.0,105103.81,0.0,0.0,133.0,19461.66,19217.219999999998,GROCERY,38.34646616541353,19.95,LOW,0.0,N,N,N,N,MASTER_V1.5,2026-06-29,2026-06-29 19:54:02.726587
3125,Steve Page,31,CO,2013-08-21,154,A,PREMIUM_WEALTH,17955.2,75.0,4,3.0,115754.09,2000.0,0.18,157.0,26013.89,9736.79,TRAVEL,33.76019108280255,15.55,LOW,0.0,N,N,N,N,MASTER_V1.5,2026-06-29,2026-06-29 19:54:02.726587
3127,Robert Butler,61,IL,2025-07-17,11,A,ENGAGED_MAINSTREAM,926.37,100.0,3,3.0,75264.5,5000.0,38.82,65.0,4551.48,-957.1599999999999,TRAVEL,23.073384615384615,15.27,LOW,0.0,N,N,N,N,MASTER_V1.5,2026-06-29,2026-06-29 19:54:02.726587
3137,Joshua Reese,59,MD,2021-06-10,60,A,ENGAGED_MAINSTREAM,5186.56,100.0,3,3.0,101284.16,25000.0,13.81,107.0,5925.55,9145.099999999999,UTILITIES,41.122242990654215,23.27,MODERATE,0.0,N,N,N,N,MASTER_V1.5,2026-06-29,2026-06-29 19:54:02.726587
3140,Leslie Fitzpatrick,76,AS,2025-05-20,13,A,GROWING_DIGITAL,340.19,100.0,1,1.0,35152.86,0.0,0.0,39.0,3016.09,-2021.7800000000002,TRAVEL,56.41,13.73,LOW,0.0,N,Y,N,N,MASTER_V1.5,2026-06-29,2026-06-29 19:54:02.726587
3144,Jason Pittman,71,NH,2013-09-26,153,A,ENGAGED_MAINSTREAM,16861.13,100.0,4,4.0,61104.83,25000.0,33.05,213.0,93813.38,-66497.42000000001,RESTAURANT,35.678497652582166,9.09,LOW,0.0,N,N,N,N,MASTER_V1.5,2026-06-29,2026-06-29 19:54:02.726587
3164,Andrea Anderson,54,KY,2012-09-08,165,A,ENGAGED_MAINSTREAM,13296.71,100.0,3,3.0,46389.0,25000.0,79.27,131.0,59847.130000000005,-43876.08,UTILITIES,35.114580152671756,24.64,MODERATE,0.0,N,N,N,N,MASTER_V1.5,2026-06-29,2026-06-29 19:54:02.726587
3166,Norman Johnson,59,GA,2024-12-25,18,A,VALUE_BASIC,268.86,100.0,1,1.0,393.35,5000.0,7.87,28.0,1223.42,563.4099999999999,GAS_STATION,28.57,13.27,LOW,0.0,N,Y,N,N,MASTER_V1.5,2026-06-29,2026-06-29 19:54:02.726587
3175,Eric Sims,27,TX,2020-09-13,69,A,PREMIUM_WEALTH,8246.0,75.0,4,3.0,154930.17,15000.0,66.75,166.0,29014.8,-14971.769999999999,TRAVEL,33.72951807228915,11.55,LOW,0.0,N,N,N,N,MASTER_V1.5,2026-06-29,2026-06-29 19:54:02.726587
3212,Michelle Wood,36,OK,2023-07-14,35,A,PREMIUM_WEALTH,4055.78,100.0,4,4.0,107791.15,2000.0,48.41,153.0,51012.78,-22115.79,TRAVEL,38.56509803921569,23.18,MODERATE,0.0,N,N,N,N,MASTER_V1.5,2026-06-29,2026-06-29 19:54:02.726587
3214,Jesus Wiggins,71,IL,2016-05-10,121,A,ENGAGED_MAINSTREAM,10230.34,100.0,3,3.0,78676.55,15000.0,62.18,74.0,6120.200000000001,-3227.920000000001,TRAVEL,35.134324324324325,16.49,LOW,0.0,N,N,N,N,MASTER_V1.5,2026-06-29,2026-06-29 19:54:02.726587
3221,Patricia Mullen,52,OK,2020-06-24,72,A,PREMIUM_WEALTH,3921.85,100.0,2,2.0,53853.12,5000.0,89.4,130.0,36006.39,-18499.63,INSURANCE,36.15923076923077,12.91,LOW,0.0,N,N,N,N,MASTER_V1.5,2026-06-29,2026-06-29 19:54:02.726587
3229,Rodney Cardenas,66,VT,2023-04-15,38,A,ENGAGED_MAINSTREAM,3208.83,66.67,3,2.0,77579.28,2000.0,20.11,133.0,31773.97,-13040.77,INSURANCE,42.85947368421053,14.55,LOW,0.0,N,N,N,N,MASTER_V1.5,2026-06-29,2026-06-29 19:54:02.726587
3230,Douglas Johnson,84,VT,2015-05-21,133,A,GROWING_DIGITAL,7710.07,100.0,2,2.0,108455.24,0.0,0.0,86.0,16318.220000000001,-13849.060000000001,RESTAURANT,41.86558139534883,11.73,LOW,0.0,N,N,N,N,MASTER_V1.5,2026-06-29,2026-06-29 19:54:02.726587
3235,David Parrish,76,AS,2025-10-02,8,A,CREDIT_DEPENDENT,673.71,33.33,3,1.0,75239.45,25000.0,5.48,97.0,13616.52,-10304.78,RETAIL,37.11268041237113,9.73,LOW,0.0,N,N,N,N,MASTER_V1.5,2026-06-29,2026-06-29 19:54:02.726587
3240,Caleb Jones,37,SD,2013-06-16,156,A,PREMIUM_WEALTH,12938.46,100.0,3,3.0,63481.9,5000.0,36.61,126.0,16080.830000000002,-10372.36,RESTAURANT,40.47452380952381,20.45,MODERATE,0.0,N,N,N,N,MASTER_V1.5,2026-06-29,2026-06-29 19:54:02.726587
3253,Rachel Martin,46,NH,2016-12-24,114,A,PREMIUM_WEALTH,9553.06,100.0,3,3.0,71194.09,2000.0,79.85,115.0,13694.36,19522.25,RETAIL,38.264434782608696,21.18,MODERATE,0.0,N,N,N,N,MASTER_V1.5,2026-06-29,2026-06-29 19:54:02.726587
3268,Anthony Williams,78,FM,2011-06-30,180,A,ENGAGED_MAINSTREAM,20868.08,75.0,4,3.0,108377.84,5000.0,76.3,214.0,42670.36,-4428.93,TRAVEL,36.916962616822424,8.82,LOW,0.0,N,N,N,N,MASTER_V1.5,2026-06-29,2026-06-29 19:54:02.726587
3274,David Fields,19,NJ,2025-02-18,16,A,GROWING_DIGITAL,929.62,100.0,2,2.0,111335.56,0.0,0.0,79.0,28238.86,-14914.67,INSURANCE,26.58037974683544,8.73,LOW,0.0,N,N,N,N,MASTER_V1.5,2026-06-29,2026-06-29 19:54:02.726587
3280,Alexander Merritt,54,GA,2014-02-06,148,A,GROWING_DIGITAL,8264.29,100.0,2,2.0,70824.24,0.0,0.0,130.0,22841.79,-17714.870000000003,GROCERY,36.922769230769234,13.35,LOW,0.0,N,N,N,N,MASTER_V1.5,2026-06-29,2026-06-29 19:54:02.726587
3281,Nancy Mckinney,41,VI,2025-10-20,8,A,CREDIT_DEPENDENT,712.93,33.33,3,1.0,144675.64,0.0,0.0,121.0,37414.009999999995,-15934.329999999994,PAWN_SHOP,38.015702479338835,9.45,LOW,0.0,N,N,N,N,MASTER_V1.5,2026-06-29,2026-06-29 19:54:02.726587
3298,Barbara Scott,49,PA,2019-03-30,87,A,PREMIUM_WEALTH,9778.29,100.0,4,4.0,76070.71,5000.0,67.89,155.0,57165.869999999995,-49291.67,TRAVEL,41.93619354838709,26.55,MODERATE,0.0,N,N,N,N,MASTER_V1.5,2026-06-29,2026-06-29 19:54:02.726587
3308,Jacob Parsons,83,AS,2013-04-18,158,A,GROWING_DIGITAL,4422.81,100.0,1,1.0,72909.96,0.0,0.0,28.0,9994.9,-89.95999999999913,ENTERTAINMENT,35.72,13.65,LOW,0.0,N,Y,N,N,MASTER_V1.5,2026-06-29,2026-06-29 19:54:02.726587
3316,Benjamin Freeman,52,TX,2011-11-24,175,A,PREMIUM_WEALTH,9242.1,100.0,2,2.0,38653.94,25000.0,98.93,91.0,15338.59,-5511.550000000001,UTILITIES,36.25978021978023,12.36,LOW,0.0,N,N,N,N,MASTER_V1.5,2026-06-29,2026-06-29 19:54:02.726587
3328,Rebecca Barton,33,NY,2023-07-12,35,A,VALUE_BASIC,805.47,100.0,1,1.0,9950.39,10000.0,99.5,58.0,14647.22,-4647.91,GROCERY,32.76,2.09,LOW,0.0,N,Y,Y,N,MASTER_V1.5,2026-06-29,2026-06-29 19:54:02.726587
3330,Sean Haynes,28,WY,2014-11-26,139,A,PREMIUM_WEALTH,11460.01,66.67,3,2.0,59445.67,25000.0,5.26,120.0,16775.01,-6082.759999999998,RESTAURANT,43.334500000000006,13.14,LOW,0.0,N,N,N,N,MASTER_V1.5,2026-06-29,2026-06-29 19:54:02.726587
3338,Sean Barajas,47,AK,2021-05-28,61,A,PREMIUM_WEALTH,6996.19,75.0,4,3.0,95718.53,2000.0,2.03,180.0,47787.619999999995,-30797.039999999997,UTILITIES,37.77638888888889,19.4,LOW,0.0,N,N,N,N,MASTER_V1.5,2026-06-29,2026-06-29 19:54:02.726587
3352,Michelle Goodman,59,NV,2020-07-15,71,A,GROWING_DIGITAL,3642.16,100.0,2,2.0,28555.92,25000.0,5.04,100.0,13946.69,2933.4100000000017,RESTAURANT,31.9971,25.3,MODERATE,0.0,N,N,N,N,MASTER_V1.5,2026-06-29,2026-06-29 19:54:02.726587
3360,Haley Dominguez,59,IN,2024-06-26,24,A,ENGAGED_MAINSTREAM,2098.12,100.0,3,3.0,115406.81,10000.0,90.93,147.0,17016.13,-2980.5600000000013,TRAVEL,34.01204081632654,9.19,LOW,0.0,N,N,N,N,MASTER_V1.5,2026-06-29,2026-06-29 19:54:02.726587
3369,Amy Morris,39,FL,2016-11-18,115,A,PREMIUM_WEALTH,13816.39,75.0,4,3.0,165091.14,5000.0,12.08,158.0,57211.47,-34874.57,RETAIL,28.47911392405063,39.55,MODERATE,0.0,N,N,N,N,MASTER_V1.5,2026-06-29,2026-06-29 19:54:02.726587
3376,Sarah Gibson,72,IN,2025-06-05,12,A,ENGAGED_MAINSTREAM,1065.38,100.0,3,3.0,138347.3,0.0,0.0,129.0,21872.13,-15230.880000000001,GROCERY,41.08891472868217,17.18,LOW,0.0,N,N,N,N,MASTER_V1.5,2026-06-29,2026-06-29 19:54:02.726587
3377,Joshua Bradley,19,MH,2020-03-12,75,A,GROWING_DIGITAL,4187.94,100.0,2,2.0,70816.27,0.0,0.0,75.0,14140.01,-781.9599999999991,INSURANCE,42.6696,22.55,MODERATE,0.0,N,N,N,N,MASTER_V1.5,2026-06-29,2026-06-29 19:54:02.726587
3381,Amy Adams,28,HI,2015-08-18,130,A,PREMIUM_WEALTH,7171.13,100.0,2,2.0,61852.88,5000.0,45.44,53.0,15473.050000000001,-12660.86,GROCERY,39.61811320754717,10.09,LOW,0.0,N,N,N,N,MASTER_V1.5,2026-06-29,2026-06-29 19:54:02.726587
3388,Christopher Yang,44,OR,2025-09-23,9,A,GROWING_DIGITAL,490.26,100.0,2,2.0,53893.82,0.0,0.0,43.0,9692.720000000001,-8156.980000000001,RETAIL,30.229069767441864,12.55,LOW,0.0,N,N,N,N,MASTER_V1.5,2026-06-29,2026-06-29 19:54:02.726587
3404,Christopher Scott,36,MA,2025-01-20,17,A,GROWING_DIGITAL,977.63,100.0,2,2.0,98863.0,0.0,0.0,100.0,37356.75,-21753.04,RESTAURANT,34.9987,5.18,LOW,0.0,N,N,N,N,MASTER_V1.5,2026-06-29,2026-06-29 19:54:02.726587
3419,Andrew Wagner,34,TX,2019-02-23,88,A,CREDIT_DEPENDENT,2395.39,0.0,1,0.0,53537.02,0.0,0.0,33.0,2538.34,-1307.7800000000002,GAS_STATION,54.54,6.18,LOW,0.0,N,N,N,Y,MASTER_V1.5,2026-06-29,2026-06-29 19:54:02.726587
3435,Steven Khan,52,NM,2018-06-13,96,A,PREMIUM_WEALTH,5189.7,100.0,2,2.0,49606.75,10000.0,88.44,84.0,27536.39,-3290.5699999999997,GROCERY,33.33428571428571,17.82,LOW,0.0,N,N,N,N,MASTER_V1.5,2026-06-29,2026-06-29 19:54:02.726587
3447,Carlos Donaldson,36,DC,2019-12-10,78,A,PREMIUM_WEALTH,8880.06,100.0,4,4.0,87964.98,15000.0,53.13,185.0,24646.4,9046.939999999995,RESTAURANT,37.83654054054054,8.64,LOW,0.0,N,N,N,N,MASTER_V1.5,2026-06-29,2026-06-29 19:54:02.726587
3462,Teresa Esparza,22,KS,2015-12-22,126,A,PREMIUM_WEALTH,11176.78,66.67,3,2.0,136937.31,0.0,0.0,149.0,73417.36,-60753.979999999996,INSURANCE,43.627785234899335,9.09,LOW,0.0,N,N,N,N,MASTER_V1.5,2026-06-29,2026-06-29 19:54:02.726587
3471,Susan Chapman,26,NV,2018-10-30,92,A,PREMIUM_WEALTH,11075.66,100.0,4,4.0,169187.91,10000.0,25.61,195.0,29068.85,12240.0,RETAIL,42.56461538461539,9.62,LOW,0.0,N,N,N,N,MASTER_V1.5,2026-06-29,2026-06-29 19:54:02.726587
3473,Mark Bennett,74,AZ,2013-11-12,151,A,CREDIT_DEPENDENT,4081.15,0.0,1,0.0,49563.05,0.0,0.0,71.0,29353.8,-26649.14,RETAIL,36.62,22.55,MODERATE,0.0,N,N,N,Y,MASTER_V1.5,2026-06-29,2026-06-29 19:54:02.726587
3491,Charles Townsend,55,AR,2013-09-19,153,A,GROWING_DIGITAL,3863.35,100.0,1,1.0,24349.44,0.0,0.0,24.0,2481.3,-1717.5000000000002,HEALTHCARE,54.169999999999995,14.36,LOW,0.0,N,Y,N,N,MASTER_V1.5,2026-06-29,2026-06-29 19:54:02.726587
3512,Robin Lynch,26,MS,2025-05-08,13,A,GROWING_DIGITAL,351.19,100.0,1,1.0,49301.09,0.0,0.0,42.0,3182.5,-1589.45,TRAVEL,38.099999999999994,5.34,LOW,0.0,N,Y,N,N,MASTER_V1.5,2026-06-29,2026-06-29 19:54:02.726587
3519,Danielle Torres,21,CO,2023-05-06,37,A,PREMIUM_WEALTH,4117.73,100.0,4,4.0,68118.79,5000.0,91.68,165.0,24357.66,-9866.6,RETAIL,31.51721212121212,12.0,LOW,0.0,N,N,N,N,MASTER_V1.5,2026-06-29,2026-06-29 19:54:02.726587
3524,David Curry,22,SD,2011-10-19,176,A,PREMIUM_WEALTH,20863.35,75.0,4,3.0,140670.8,5000.0,69.81,203.0,15328.019999999999,34079.340000000004,HEALTHCARE,32.01733990147783,19.77,LOW,0.0,N,N,N,N,MASTER_V1.5,2026-06-29,2026-06-29 19:54:02.726587
3560,Andrea Evans,39,WV,2015-12-04,126,A,VALUE_BASIC,2204.38,100.0,1,1.0,1094.47,0.0,0.0,65.0,2867.69,549.98,GROCERY,38.46000000000001,11.23,LOW,0.0,N,Y,Y,N,MASTER_V1.5,2026-06-29,2026-06-29 19:54:02.726587
3565,Ann Bauer,67,AZ,2020-04-21,74,A,ENGAGED_MAINSTREAM,6531.52,100.0,3,3.0,129120.8,0.0,0.0,150.0,22360.95,8070.75,RETAIL,39.3328,10.37,LOW,0.0,N,N,N,N,MASTER_V1.5,2026-06-29,2026-06-29 19:54:02.726587
3568,Susan Shields,38,PW,2014-01-06,149,A,PREMIUM_WEALTH,15964.77,100.0,4,4.0,45008.81,25000.0,23.99,185.0,32760.73,-16453.28,UTILITIES,43.784324324324324,13.45,LOW,0.0,N,N,N,N,MASTER_V1.5,2026-06-29,2026-06-29 19:54:02.726587
3576,Jack Davidson,68,RI,2013-05-27,157,A,ENGAGED_MAINSTREAM,18630.42,100.0,4,4.0,142416.11,2000.0,97.47,198.0,18084.03,47734.28,RETAIL,42.42666666666666,15.81,LOW,0.0,N,N,N,N,MASTER_V1.5,2026-06-29,2026-06-29 19:54:02.726587
3599,Sandra Burton,47,CT,2025-04-13,14,A,PREMIUM_WEALTH,1119.19,66.67,3,2.0,42572.35,25000.0,58.3,121.0,25731.15,-9236.64,HEALTHCARE,29.75611570247933,24.36,MODERATE,0.0,N,N,N,N,MASTER_V1.5,2026-06-29,2026-06-29 19:54:02.726587
3600,Susan Murphy,20,AK,2011-07-17,179,A,PREMIUM_WEALTH,15265.09,66.67,3,2.0,86737.62,25000.0,19.88,136.0,19832.74,-13296.850000000002,RETAIL,38.234558823529404,22.48,MODERATE,0.0,N,N,N,N,MASTER_V1.5,2026-06-29,2026-06-29 19:54:02.726587
3603,Brenda Fuller,68,GU,2023-06-30,36,A,VALUE_BASIC,1488.17,100.0,2,2.0,3895.67,2000.0,83.1,62.0,17126.35,-4134.5999999999985,TRAVEL,38.71032258064516,31.27,MODERATE,0.0,N,N,Y,N,MASTER_V1.5,2026-06-29,2026-06-29 19:54:02.726587
3608,Jesse Delacruz,78,OH,2024-11-08,19,A,ENGAGED_MAINSTREAM,1666.72,100.0,3,3.0,120120.21,0.0,0.0,180.0,18937.18,21213.059999999998,RESTAURANT,27.224611111111113,12.52,LOW,0.0,N,N,N,N,MASTER_V1.5,2026-06-29,2026-06-29 19:54:02.726587
3614,John George,44,NY,2012-11-19,163,A,PREMIUM_WEALTH,19216.66,100.0,4,4.0,131842.65,2000.0,80.67,114.0,17471.33,-11995.240000000002,UTILITIES,35.9661403508772,37.82,MODERATE,0.0,N,N,N,N,MASTER_V1.5,2026-06-29,2026-06-29 19:54:02.726587
3616,Katherine Chandler,66,CO,2013-12-25,150,A,ENGAGED_MAINSTREAM,17611.03,75.0,4,3.0,125578.45,25000.0,68.88,226.0,40654.9,-28922.420000000002,UTILITIES,42.921061946902654,18.18,LOW,0.0,N,N,N,N,MASTER_V1.5,2026-06-29,2026-06-29 19:54:02.726587
3644,Bradley Henry,48,NJ,2023-11-05,31,A,PREMIUM_WEALTH,2614.99,100.0,3,3.0,76670.62,25000.0,17.95,127.0,34544.33,-28922.5,RETAIL,39.367874015748036,22.0,MODERATE,0.0,N,N,N,N,MASTER_V1.5,2026-06-29,2026-06-29 19:54:02.726587
3647,Kathleen Murray,43,DE,2012-09-07,165,A,PREMIUM_WEALTH,20143.17,75.0,4,3.0,200382.28,25000.0,44.58,174.0,25235.36,-5147.34,UTILITIES,44.25327586206896,21.15,MODERATE,0.0,N,N,N,N,MASTER_V1.5,2026-06-29,2026-06-29 19:54:02.726587
3662,Richard Hart,50,VI,2019-05-26,85,A,GROWING_DIGITAL,4825.18,100.0,2,2.0,85251.87,25000.0,27.29,130.0,23468.78,3438.510000000002,GROCERY,40.767461538461546,17.45,LOW,0.0,N,N,N,N,MASTER_V1.5,2026-06-29,2026-06-29 19:54:02.726587
3668,Daisy Mays,84,DE,2020-10-21,68,A,GROWING_DIGITAL,3575.98,100.0,2,2.0,36959.95,0.0,0.0,95.0,28348.61,-22878.170000000002,INSURANCE,34.73842105263158,16.73,LOW,0.0,N,N,N,N,MASTER_V1.5,2026-06-29,2026-06-29 19:54:02.726587
3671,Allison Smith,77,VI,2019-10-13,80,A,GROWING_DIGITAL,1857.39,100.0,1,1.0,10796.36,0.0,0.0,51.0,15711.96,-13194.529999999999,GROCERY,35.290000000000006,11.82,LOW,0.0,N,Y,N,N,MASTER_V1.5,2026-06-29,2026-06-29 19:54:02.726587
3678,Jennifer Richardson,69,SD,2017-10-02,104,A,ENGAGED_MAINSTREAM,12185.25,100.0,4,4.0,122588.14,15000.0,88.6,232.0,25885.67,5380.200000000001,HEALTHCARE,37.06810344827586,12.36,LOW,0.0,N,N,N,N,MASTER_V1.5,2026-06-29,2026-06-29 19:54:02.726587
3680,Morgan Short,33,NV,2012-09-18,165,A,PREMIUM_WEALTH,19726.78,100.0,4,4.0,155690.03,2000.0,74.59,223.0,40395.4,-12938.02,RETAIL,40.35399103139013,27.42,MODERATE,0.0,N,N,N,N,MASTER_V1.5,2026-06-29,2026-06-29 19:54:02.726587
3685,Nicholas Jenkins,83,UT,2012-10-02,164,A,GROWING_DIGITAL,3911.02,100.0,1,1.0,13891.9,0.0,0.0,20.0,12300.15,-11965.949999999999,UTILITIES,25.0,16.45,LOW,0.0,N,Y,N,N,MASTER_V1.5,2026-06-29,2026-06-29 19:54:02.726587
3690,Haley Johnson,29,IL,2012-05-29,169,A,PREMIUM_WEALTH,15342.39,100.0,3,3.0,180673.61,0.0,0.0,112.0,20103.549999999996,2611.020000000004,RESTAURANT,35.71410714285715,22.86,MODERATE,0.0,N,N,N,N,MASTER_V1.5,2026-06-29,2026-06-29 19:54:02.726587
3708,Jason Richardson,85,MI,2020-10-03,68,A,ENGAGED_MAINSTREAM,3505.12,100.0,2,2.0,30007.08,10000.0,79.86,89.0,6264.64,15564.95,RETAIL,32.58157303370787,26.37,MODERATE,0.0,N,N,N,N,MASTER_V1.5,2026-06-29,2026-06-29 19:54:02.726587
3713,Jennifer David,58,AL,2014-01-13,149,A,CREDIT_DEPENDENT,17331.9,50.0,4,2.0,112661.7,2000.0,0.68,219.0,59503.42,-34647.61,UTILITIES,40.18474885844749,25.82,MODERATE,0.0,N,N,N,N,MASTER_V1.5,2026-06-29,2026-06-29 19:54:02.726587
3717,Maria Mccoy,58,IN,2022-08-21,46,A,GROWING_DIGITAL,2723.86,100.0,2,2.0,139091.02,0.0,0.0,108.0,41549.15,-19801.920000000002,RETAIL,43.52333333333333,17.63,LOW,0.0,N,N,N,N,MASTER_V1.5,2026-06-29,2026-06-29 19:54:02.726587
3719,Brandon Steele,56,AK,2023-04-15,38,A,ENGAGED_MAINSTREAM,4495.09,100.0,4,4.0,137197.87,10000.0,42.63,143.0,9025.13,18179.96,RETAIL,40.558321678321676,9.27,LOW,0.0,N,N,N,N,MASTER_V1.5,2026-06-29,2026-06-29 19:54:02.726587
3725,Michael Roth,70,GU,2024-11-17,19,A,GROWING_DIGITAL,531.36,100.0,1,1.0,72147.19,0.0,0.0,48.0,12630.58,-11238.94,UTILITIES,37.5,22.45,MODERATE,0.0,N,Y,N,N,MASTER_V1.5,2026-06-29,2026-06-29 19:54:02.726587
3728,Marie Roberts,43,MD,2026-03-03,3,A,GROWING_DIGITAL,170.16,100.0,2,2.0,84466.91,0.0,0.0,89.0,14680.029999999999,-11129.71,UTILITIES,43.8191011235955,15.27,LOW,0.0,N,N,N,N,MASTER_V1.5,2026-06-29,2026-06-29 19:54:02.726587
3738,Robert Weber,47,IL,2025-07-21,11,A,PREMIUM_WEALTH,1304.85,100.0,4,4.0,141818.64,25000.0,86.64,225.0,44930.82,-19343.97,TRAVEL,40.8896,34.36,MODERATE,0.0,N,N,N,N,MASTER_V1.5,2026-06-29,2026-06-29 19:54:02.726587
3755,Elizabeth Jarvis,62,CT,2017-07-27,107,A,ENGAGED_MAINSTREAM,8652.35,66.67,3,2.0,48133.8,10000.0,69.81,104.0,5704.0599999999995,11140.770000000002,RETAIL,38.458557692307686,6.9,LOW,0.0,N,N,N,N,MASTER_V1.5,2026-06-29,2026-06-29 19:54:02.726587
3769,James Salazar,71,MI,2012-09-13,165,A,GROWING_DIGITAL,3915.95,100.0,1,1.0,13269.27,0.0,0.0,48.0,30776.37,-29667.94,EDUCATION,37.5,3.82,LOW,0.0,N,Y,N,N,MASTER_V1.5,2026-06-29,2026-06-29 19:54:02.726587
3774,Robert Thomas,46,NM,2018-02-07,100,A,VALUE_BASIC,4708.13,100.0,2,2.0,12286.57,10000.0,92.84,83.0,4115.02,14427.18,GAS_STATION,40.96349397590362,0.09,LOW,0.0,N,N,N,N,MASTER_V1.5,2026-06-29,2026-06-29 19:54:02.726587
3785,Richard Mcdonald,71,KS,2025-02-25,16,A,VALUE_BASIC,702.35,100.0,2,2.0,6498.65,0.0,0.0,123.0,34701.659999999996,-19872.009999999995,RESTAURANT,42.275528455284544,21.88,MODERATE,0.0,N,N,Y,N,MASTER_V1.5,2026-06-29,2026-06-29 19:54:02.726587
3793,Bradley Roth,27,AK,2015-11-17,127,A,PREMIUM_WEALTH,8859.88,100.0,3,3.0,10956.78,2000.0,97.47,114.0,18820.31,2230.920000000002,UTILITIES,36.84052631578948,29.45,MODERATE,0.0,N,N,N,N,MASTER_V1.5,2026-06-29,2026-06-29 19:54:02.726587
3796,Joyce Porter,23,GA,2024-12-28,18,A,GROWING_DIGITAL,463.49,100.0,1,1.0,29728.53,0.0,0.0,62.0,11347.23,-9050.13,ENTERTAINMENT,41.93999999999999,11.27,LOW,0.0,N,Y,N,N,MASTER_V1.5,2026-06-29,2026-06-29 19:54:02.726587
3797,Charles Flowers,51,IN,2025-02-21,16,A,GROWING_DIGITAL,421.61,100.0,1,1.0,37806.98,0.0,0.0,36.0,1474.97,8773.400000000001,GAS_STATION,41.66,22.73,MODERATE,0.0,N,Y,N,N,MASTER_V1.5,2026-06-29,2026-06-29 19:54:02.726587
3815,Raymond Bryant,47,IN,2016-05-16,121,A,GROWING_DIGITAL,6359.43,100.0,2,2.0,36733.69,0.0,0.0,101.0,26415.13,-20408.04,RESTAURANT,42.57158415841584,3.36,LOW,0.0,N,N,N,N,MASTER_V1.5,2026-06-29,2026-06-29 19:54:02.726587
3817,Chelsea Roberts,67,MI,2017-11-26,103,A,CREDIT_DEPENDENT,5767.83,50.0,2,1.0,73106.18,0.0,0.0,98.0,16597.83,2214.579999999998,TRAVEL,37.75153061224489,8.27,LOW,0.0,N,N,N,N,MASTER_V1.5,2026-06-29,2026-06-29 19:54:02.726587
3822,Matthew Moss,76,NJ,2024-08-27,22,A,ENGAGED_MAINSTREAM,1228.28,100.0,2,2.0,70696.41,10000.0,48.94,78.0,3453.45,20840.789999999997,RESTAURANT,28.206923076923076,18.18,LOW,0.0,N,N,N,N,MASTER_V1.5,2026-06-29,2026-06-29 19:54:02.726587
3835,Nicole Alvarado,60,OH,2021-11-12,55,A,ENGAGED_MAINSTREAM,4862.48,100.0,3,3.0,131640.58,0.0,0.0,122.0,41854.12,-2315.209999999999,UTILITIES,35.24524590163934,24.54,MODERATE,0.0,N,N,N,N,MASTER_V1.5,2026-06-29,2026-06-29 19:54:02.726587
3840,Donald Serrano,54,NC,2017-05-15,109,A,GROWING_DIGITAL,5747.25,100.0,2,2.0,38002.83,0.0,0.0,91.0,20575.6,-16826.089999999997,GAS_STATION,47.254615384615384,16.95,LOW,0.0,N,N,N,N,MASTER_V1.5,2026-06-29,2026-06-29 19:54:02.726587
3857,Joseph Johnson,38,MS,2020-03-04,75,A,PREMIUM_WEALTH,8133.04,100.0,4,4.0,51228.31,5000.0,9.08,105.0,12573.46,11389.560000000001,TRAVEL,41.90152380952381,12.0,LOW,0.0,N,N,N,N,MASTER_V1.5,2026-06-29,2026-06-29 19:54:02.726587
3863,Heidi Schneider,67,PW,2024-02-14,28,A,ENGAGED_MAINSTREAM,2442.22,100.0,3,3.0,112378.65,25000.0,73.08,117.0,25868.14,-20029.1,INSURANCE,41.025299145299144,14.74,LOW,0.0,N,N,N,N,MASTER_V1.5,2026-06-29,2026-06-29 19:54:02.726587
3864,Laura Johnson,78,WV,2025-09-01,9,A,GROWING_DIGITAL,233.19,100.0,1,1.0,31693.27,0.0,0.0,29.0,2473.48,-1740.0900000000001,RETAIL,37.93,16.64,LOW,0.0,N,Y,N,N,MASTER_V1.5,2026-06-29,2026-06-29 19:54:02.726587
3889,Joanne Jackson,60,VT,2019-03-06,87,A,GROWING_DIGITAL,2332.08,100.0,1,1.0,45350.95,0.0,0.0,21.0,1177.12,13156.779999999999,GAS_STATION,38.099999999999994,28.91,MODERATE,0.0,N,Y,N,N,MASTER_V1.5,2026-06-29,2026-06-29 19:54:02.726587
3893,Adrian Torres,75,HI,2024-01-15,29,A,VALUE_BASIC,559.37,100.0,1,1.0,2242.84,0.0,0.0,46.0,9819.24,2077.0300000000007,RETAIL,47.83,5.0,LOW,0.0,N,Y,Y,N,MASTER_V1.5,2026-06-29,2026-06-29 19:54:02.726587
3897,Stephen Buchanan,50,ME,2012-10-15,164,A,GROWING_DIGITAL,9179.99,100.0,2,2.0,72773.7,5000.0,22.55,84.0,12984.720000000001,-1865.050000000001,HEALTHCARE,39.290952380952376,21.6,MODERATE,0.0,N,N,N,N,MASTER_V1.5,2026-06-29,2026-06-29 19:54:02.726587
3901,Elizabeth Chavez,51,KS,2023-01-22,41,A,PREMIUM_WEALTH,4770.37,100.0,4,4.0,112988.67,25000.0,40.0,146.0,36826.84,-21684.299999999996,TRAVEL,36.30383561643835,4.91,LOW,0.0,N,N,N,N,MASTER_V1.5,2026-06-29,2026-06-29 19:54:02.726587
3922,Edward Burnett,24,VI,2015-02-12,136,A,CREDIT_DEPENDENT,3617.8,0.0,1,0.0,41797.01,0.0,0.0,20.0,1369.05,4584.71,RETAIL,35.0,4.45,LOW,0.0,N,N,N,Y,MASTER_V1.5,2026-06-29,2026-06-29 19:54:02.726587
3935,Kimberly Blair,75,VI,2020-02-07,76,A,GROWING_DIGITAL,4107.44,100.0,2,2.0,49466.56,0.0,0.0,115.0,36049.03,-5746.709999999999,INSURANCE,33.04217391304347,9.16,LOW,0.0,N,N,N,N,MASTER_V1.5,2026-06-29,2026-06-29 19:54:02.726587
3938,Adam Perry,44,SC,2014-06-02,144,A,PREMIUM_WEALTH,17161.79,75.0,4,3.0,149928.03,2000.0,60.78,170.0,35677.93,-2774.8700000000026,UTILITIES,38.822941176470586,9.64,LOW,0.0,N,N,N,N,MASTER_V1.5,2026-06-29,2026-06-29 19:54:02.726587
3944,David White,77,IL,2017-07-01,107,A,ENGAGED_MAINSTREAM,9305.53,100.0,3,3.0,108626.49,0.0,0.0,131.0,26500.62,-14323.27,RESTAURANT,33.586183206106874,23.73,MODERATE,0.0,N,N,N,N,MASTER_V1.5,2026-06-29,2026-06-29 19:54:02.726587
3951,Kristine Vega,78,TX,2015-09-25,129,A,ENGAGED_MAINSTREAM,14677.15,100.0,4,4.0,87346.52,25000.0,0.45,180.0,30636.65,-22938.160000000003,WIRE_TRANSFER_INTL,42.778666666666666,8.18,LOW,0.0,N,N,N,N,MASTER_V1.5,2026-06-29,2026-06-29 19:54:02.726587
3963,Michael Martin,23,ND,2017-10-16,104,A,PREMIUM_WEALTH,8019.83,100.0,3,3.0,29197.5,10000.0,42.58,167.0,34532.41,-13898.030000000002,RETAIL,43.114011976047905,20.45,MODERATE,0.0,N,N,N,N,MASTER_V1.5,2026-06-29,2026-06-29 19:54:02.726587
3977,Anthony Pruitt,51,IN,2012-01-26,173,A,ENGAGED_MAINSTREAM,20286.83,100.0,4,4.0,123808.74,10000.0,10.46,173.0,62313.82,-40037.8,TRAVEL,39.30387283236994,27.21,MODERATE,0.0,N,N,N,N,MASTER_V1.5,2026-06-29,2026-06-29 19:54:02.726587
4002,Lindsey Evans,44,AR,2018-12-23,90,A,PREMIUM_WEALTH,10442.81,100.0,4,4.0,109438.86,15000.0,88.25,165.0,37052.84,-11591.449999999997,INSURANCE,36.364363636363635,15.89,LOW,0.0,N,N,N,N,MASTER_V1.5,2026-06-29,2026-06-29 19:54:02.726587
4010,Brooke Aguilar,20,PR,2021-06-25,60,A,PREMIUM_WEALTH,2975.52,100.0,2,2.0,20300.37,10000.0,62.35,77.0,22155.95,-19300.03,TRAVEL,38.959220779220786,29.0,MODERATE,0.0,N,N,N,N,MASTER_V1.5,2026-06-29,2026-06-29 19:54:02.726587
4012,Frederick Jordan,37,NC,2025-01-30,17,A,GROWING_DIGITAL,815.65,100.0,2,2.0,14704.91,0.0,0.0,111.0,8866.12,2081.749999999998,TRAVEL,47.74648648648649,18.36,LOW,0.0,N,N,N,N,MASTER_V1.5,2026-06-29,2026-06-29 19:54:02.726587
4013,Anthony Mcdonald,19,MA,2021-05-05,61,A,PREMIUM_WEALTH,6821.09,100.0,4,4.0,71833.62,15000.0,53.45,183.0,63078.23,-40270.58,WIRE_TRANSFER_INTL,38.25420765027322,5.82,LOW,0.0,N,N,N,N,MASTER_V1.5,2026-06-29,2026-06-29 19:54:02.726587
4028,Clayton Kirby,53,DE,2018-07-20,95,A,ENGAGED_MAINSTREAM,10892.93,100.0,4,4.0,95438.71,5000.0,40.71,157.0,36548.78,-15494.11,UTILITIES,37.577006369426755,28.91,MODERATE,0.0,N,N,N,N,MASTER_V1.5,2026-06-29,2026-06-29 19:54:02.726587
4035,Jonathan Tyler,61,RI,2022-02-18,52,A,CREDIT_DEPENDENT,2984.77,50.0,2,1.0,96748.42,25000.0,82.24,55.0,21764.46,-18473.32,RETAIL,43.632727272727266,16.73,LOW,0.0,N,N,N,N,MASTER_V1.5,2026-06-29,2026-06-29 19:54:02.726587
4040,Danielle White,27,IL,2021-04-25,62,A,PREMIUM_WEALTH,5469.2,100.0,3,3.0,128248.44,5000.0,0.32,73.0,13485.349999999999,-274.2999999999993,RETAIL,39.72616438356164,18.18,LOW,0.0,N,N,N,N,MASTER_V1.5,2026-06-29,2026-06-29 19:54:02.726587
4045,Tina Kelly,78,HI,2013-08-12,154,A,ENGAGED_MAINSTREAM,12673.27,100.0,3,3.0,58251.64,5000.0,34.57,171.0,31150.71,-19994.6,HEALTHCARE,39.76567251461989,25.64,MODERATE,0.0,N,N,N,N,MASTER_V1.5,2026-06-29,2026-06-29 19:54:02.726587
4076,Chad Miller,38,KS,2016-09-24,117,A,VALUE_BASIC,2785.93,100.0,1,1.0,13691.57,15000.0,91.28,27.0,1787.16,-176.0,RETAIL,25.919999999999998,23.55,MODERATE,0.0,N,Y,N,N,MASTER_V1.5,2026-06-29,2026-06-29 19:54:02.726587
4081,Denise Turner,82,MD,2020-05-09,73,A,ENGAGED_MAINSTREAM,8307.81,100.0,4,4.0,87602.53,25000.0,62.84,210.0,29719.48,2238.739999999998,UTILITIES,39.521190476190476,16.32,LOW,0.0,N,N,N,N,MASTER_V1.5,2026-06-29,2026-06-29 19:54:02.726587
4082,Betty White,76,IL,2019-05-27,85,A,CREDIT_DEPENDENT,3864.41,50.0,2,1.0,8890.48,5000.0,21.16,47.0,11793.16,-1158.5,RETAIL,38.306382978723406,8.45,LOW,0.0,N,N,Y,N,MASTER_V1.5,2026-06-29,2026-06-29 19:54:02.726587
4101,Alexis Wells,34,NJ,2026-02-06,4,A,PREMIUM_WEALTH,482.38,75.0,4,3.0,172733.76,10000.0,13.13,216.0,30427.760000000002,-448.21000000000276,RESTAURANT,32.87,23.83,MODERATE,0.0,N,N,N,N,MASTER_V1.5,2026-06-29,2026-06-29 19:54:02.726587
4118,Tiffany Fleming,44,IA,2022-06-24,48,A,PREMIUM_WEALTH,3777.06,66.67,3,2.0,36020.03,10000.0,74.63,72.0,17390.39,-1933.8099999999977,RETAIL,41.66763888888889,23.86,MODERATE,0.0,N,N,N,N,MASTER_V1.5,2026-06-29,2026-06-29 19:54:02.726587
4127,Duane Hanson,37,AS,2018-12-30,90,A,CREDIT_DEPENDENT,4474.71,50.0,2,1.0,20822.94,15000.0,11.22,111.0,26912.01,-16663.05,RESTAURANT,36.93927927927928,6.09,LOW,0.0,N,N,N,N,MASTER_V1.5,2026-06-29,2026-06-29 19:54:02.726587
4136,Lauren Caldwell,39,CO,2022-10-06,44,A,PREMIUM_WEALTH,4303.81,100.0,4,4.0,17701.27,10000.0,24.47,132.0,38367.200000000004,-16996.000000000004,TRAVEL,42.424469696969695,15.55,LOW,0.0,N,N,N,N,MASTER_V1.5,2026-06-29,2026-06-29 19:54:02.726587
4138,Morgan Moss,51,MD,2021-05-09,61,A,PREMIUM_WEALTH,7019.03,100.0,4,4.0,99370.86,25000.0,94.94,181.0,28639.31,13219.52,RETAIL,35.35895027624309,16.01,LOW,0.0,N,N,N,N,MASTER_V1.5,2026-06-29,2026-06-29 19:54:02.726587
4142,Joshua Cole,76,OK,2018-08-22,94,A,GROWING_DIGITAL,2457.71,100.0,1,1.0,34833.18,0.0,0.0,37.0,1713.69,6804.779999999999,GAS_STATION,43.24,9.45,LOW,0.0,N,Y,N,N,MASTER_V1.5,2026-06-29,2026-06-29 19:54:02.726587
4149,Tonya Holmes,22,GA,2019-12-11,78,A,PREMIUM_WEALTH,6932.59,100.0,3,3.0,140166.4,5000.0,54.45,129.0,25565.61,-10626.43,UTILITIES,49.605581395348835,20.0,MODERATE,0.0,N,N,N,N,MASTER_V1.5,2026-06-29,2026-06-29 19:54:02.726587
4150,Belinda Glass,51,WV,2012-03-24,171,A,PREMIUM_WEALTH,9609.65,100.0,2,2.0,76066.22,25000.0,71.19,90.0,17824.64,3842.16,UTILITIES,32.223888888888894,20.28,MODERATE,0.0,N,N,N,N,MASTER_V1.5,2026-06-29,2026-06-29 19:54:02.726587
4154,Emily Grant,51,MT,2020-11-28,67,A,GROWING_DIGITAL,5681.89,100.0,3,3.0,81409.79,2000.0,2.87,176.0,33755.88,20041.89,RESTAURANT,36.93363636363636,19.09,LOW,0.0,N,N,N,N,MASTER_V1.5,2026-06-29,2026-06-29 19:54:02.726587
4156,Nathan Robles,79,IL,2015-11-25,127,A,GROWING_DIGITAL,7456.07,100.0,2,2.0,125723.94,0.0,0.0,112.0,22834.04,9842.419999999998,RETAIL,50.00196428571429,14.0,LOW,0.0,N,N,N,N,MASTER_V1.5,2026-06-29,2026-06-29 19:54:02.726587
4166,Teresa Barnett,39,AS,2017-12-29,102,A,PREMIUM_WEALTH,9016.06,100.0,3,3.0,131359.87,15000.0,64.14,178.0,32036.41,3572.3000000000065,RESTAURANT,37.081348314606736,26.63,MODERATE,0.0,N,N,N,N,MASTER_V1.5,2026-06-29,2026-06-29 19:54:02.726587
4188,Colin Chambers,45,NJ,2023-03-10,39,A,PREMIUM_WEALTH,2082.54,100.0,2,2.0,43463.59,2000.0,79.52,36.0,1331.28,19969.54,ENTERTAINMENT,41.66666666666667,6.18,LOW,0.0,N,N,N,N,MASTER_V1.5,2026-06-29,2026-06-29 19:54:02.726587
4190,Ryan Thompson,45,ME,2025-07-06,11,A,GROWING_DIGITAL,639.39,100.0,2,2.0,111884.46,0.0,0.0,116.0,17117.440000000002,-13283.350000000002,RETAIL,40.518534482758625,20.66,MODERATE,0.0,N,N,N,N,MASTER_V1.5,2026-06-29,2026-06-29 19:54:02.726587
4211,Laura Brown,70,NH,2023-09-05,33,A,ENGAGED_MAINSTREAM,3883.51,75.0,4,3.0,129084.43,10000.0,16.89,154.0,17247.42,-2303.079999999998,RETAIL,39.61025974025974,23.29,MODERATE,0.0,N,N,N,N,MASTER_V1.5,2026-06-29,2026-06-29 19:54:02.726587
4215,Anna Murphy,51,AL,2023-03-16,39,A,PREMIUM_WEALTH,4784.34,100.0,4,4.0,212680.69,15000.0,85.08,149.0,38076.54,-31512.27,RETAIL,46.978724832214766,10.91,LOW,0.0,N,N,N,N,MASTER_V1.5,2026-06-29,2026-06-29 19:54:02.726587
4219,Jessica Chung,34,AZ,2017-08-28,106,A,CREDIT_DEPENDENT,12166.68,25.0,4,1.0,96568.15,15000.0,21.91,199.0,30534.49,-3342.6800000000003,RESTAURANT,35.6797487437186,7.36,LOW,0.0,N,N,N,Y,MASTER_V1.5,2026-06-29,2026-06-29 19:54:02.726587
4233,Sean Hill,63,NE,2018-02-19,100,A,GROWING_DIGITAL,2713.49,100.0,1,1.0,51737.65,0.0,0.0,37.0,12330.65,-10988.86,EDUCATION,35.14000000000001,14.18,LOW,0.0,N,Y,N,N,MASTER_V1.5,2026-06-29,2026-06-29 19:54:02.726587
4235,Jamie White,61,MA,2017-05-31,109,A,GROWING_DIGITAL,9207.15,100.0,3,3.0,77852.1,0.0,0.0,134.0,37948.57,-16442.58,TRAVEL,36.56492537313433,20.36,MODERATE,0.0,N,N,N,N,MASTER_V1.5,2026-06-29,2026-06-29 19:54:02.726587
4238,Carol Preston,36,WA,2021-06-05,60,A,PREMIUM_WEALTH,7077.9,100.0,4,4.0,132786.04,5000.0,21.47,135.0,39578.740000000005,-25631.790000000005,RESTAURANT,33.33333333333333,15.09,LOW,0.0,N,N,N,N,MASTER_V1.5,2026-06-29,2026-06-29 19:54:02.726587
4239,Craig Maxwell,78,PW,2012-09-25,165,A,ENGAGED_MAINSTREAM,8628.57,100.0,2,2.0,34852.45,5000.0,42.04,98.0,7089.65,10445.269999999999,UTILITIES,30.61061224489796,11.64,LOW,0.0,N,N,N,N,MASTER_V1.5,2026-06-29,2026-06-29 19:54:02.726587
4243,Jesus Roth,37,KY,2017-01-09,113,A,GROWING_DIGITAL,6172.19,100.0,2,2.0,55504.78,2000.0,3.16,107.0,14789.33,-202.65999999999985,RETAIL,42.99112149532711,10.48,LOW,0.0,N,N,N,N,MASTER_V1.5,2026-06-29,2026-06-29 19:54:02.726587
4251,Justin Blanchard,44,CT,2011-12-20,174,A,CREDIT_DEPENDENT,3247.57,0.0,1,0.0,1747.02,2000.0,87.35,64.0,2843.9,12983.95,GROCERY,34.38,16.73,LOW,0.0,N,N,Y,Y,MASTER_V1.5,2026-06-29,2026-06-29 19:54:02.726587
4290,Angel Larson,54,NY,2018-05-27,97,A,VALUE_BASIC,1997.74,100.0,1,1.0,3782.39,0.0,0.0,46.0,2154.79,15558.32,GROCERY,36.96,17.36,LOW,0.0,N,Y,Y,N,MASTER_V1.5,2026-06-29,2026-06-29 19:54:02.726587
4297,Nathan Pierce,51,MP,2014-08-24,142,A,PREMIUM_WEALTH,16497.47,100.0,4,4.0,111072.22,15000.0,72.44,181.0,24059.68,15518.89,RESTAURANT,39.224806629834255,15.67,LOW,0.0,N,N,N,N,MASTER_V1.5,2026-06-29,2026-06-29 19:54:02.726587
4299,Jane Davis,39,MS,2018-07-05,95,A,PREMIUM_WEALTH,7872.95,66.67,3,2.0,62928.15,10000.0,0.04,114.0,30254.839999999997,3366.3900000000067,UTILITIES,32.44929824561403,12.0,LOW,0.0,N,N,N,N,MASTER_V1.5,2026-06-29,2026-06-29 19:54:02.726587
4300,Brent Riddle,48,CT,2012-02-26,172,A,PREMIUM_WEALTH,20045.12,100.0,4,4.0,115167.15,25000.0,54.35,172.0,34976.24,17996.18,RETAIL,34.88546511627907,14.09,LOW,0.0,N,N,N,N,MASTER_V1.5,2026-06-29,2026-06-29 19:54:02.726587
4307,Colleen Roberson,44,MT,2019-07-01,83,A,GROWING_DIGITAL,2189.29,100.0,1,1.0,38207.74,0.0,0.0,72.0,4940.57,-1726.3199999999997,GROCERY,38.88999999999999,7.18,LOW,0.0,N,Y,N,N,MASTER_V1.5,2026-06-29,2026-06-29 19:54:02.726587
4324,Michelle Moore,60,UT,2020-07-24,71,A,ENGAGED_MAINSTREAM,6213.08,100.0,3,3.0,116746.05,25000.0,71.82,162.0,21269.13,-14612.310000000001,RESTAURANT,40.74407407407407,22.09,MODERATE,0.0,N,N,N,N,MASTER_V1.5,2026-06-29,2026-06-29 19:54:02.726587
4346,Matthew Allen,67,AL,2014-06-28,144,A,ENGAGED_MAINSTREAM,7483.12,100.0,2,2.0,32637.51,25000.0,74.61,79.0,14819.02,698.539999999999,RETAIL,35.44455696202532,4.73,LOW,0.0,N,N,N,N,MASTER_V1.5,2026-06-29,2026-06-29 19:54:02.726587
4348,Michael Brown,20,AK,2014-04-11,146,A,PREMIUM_WEALTH,12871.01,100.0,3,3.0,127305.3,10000.0,72.17,81.0,12496.49,29030.590000000004,TRAVEL,40.73827160493828,13.27,LOW,0.0,N,N,N,N,MASTER_V1.5,2026-06-29,2026-06-29 19:54:02.726587
4375,Sarah Campbell,48,WV,2012-11-13,163,A,VALUE_BASIC,1855.88,100.0,1,1.0,95.04,5000.0,1.9,67.0,20320.69,-15487.649999999998,GROCERY,44.78,7.55,LOW,0.0,N,Y,N,N,MASTER_V1.5,2026-06-29,2026-06-29 19:54:02.726587
4380,Anthony Rice,42,RI,2023-08-30,34,A,PREMIUM_WEALTH,2805.44,100.0,3,3.0,59977.67,15000.0,19.97,148.0,33221.18,-18685.07,UTILITIES,38.51101351351352,29.82,MODERATE,0.0,N,N,N,N,MASTER_V1.5,2026-06-29,2026-06-29 19:54:02.726587
4397,Donna Lewis,61,MP,2024-10-25,20,A,GROWING_DIGITAL,491.53,100.0,1,1.0,18592.74,0.0,0.0,20.0,1274.04,9226.66,GROCERY,50.0,14.45,LOW,0.0,N,Y,N,N,MASTER_V1.5,2026-06-29,2026-06-29 19:54:02.726587
4401,Marie Casey,39,SC,2024-10-31,20,A,CREDIT_DEPENDENT,1163.58,50.0,2,1.0,113069.21,0.0,0.0,97.0,6011.48,-817.4399999999996,RESTAURANT,37.1080412371134,13.52,LOW,0.0,N,N,N,N,MASTER_V1.5,2026-06-29,2026-06-29 19:54:02.726587
4420,Penny Tyler,25,MO,2015-02-07,136,A,PREMIUM_WEALTH,11000.43,100.0,3,3.0,48278.28,15000.0,58.13,98.0,30676.57,-24007.37,RETAIL,37.75367346938775,7.0,LOW,0.0,N,N,N,N,MASTER_V1.5,2026-06-29,2026-06-29 19:54:02.726587
4421,Carl Holland,53,WV,2023-05-29,37,A,ENGAGED_MAINSTREAM,4325.57,100.0,4,4.0,119458.07,2000.0,32.08,173.0,20873.83,8332.169999999998,RESTAURANT,35.25872832369942,29.99,MODERATE,0.0,N,N,N,N,MASTER_V1.5,2026-06-29,2026-06-29 19:54:02.726587
4431,Ashlee Hull,37,TN,2012-07-25,167,A,GROWING_DIGITAL,4219.09,100.0,1,1.0,24479.88,0.0,0.0,17.0,8295.97,-8103.089999999999,RESTAURANT,23.529999999999998,13.27,LOW,0.0,N,Y,N,N,MASTER_V1.5,2026-06-29,2026-06-29 19:54:02.726587
4437,Jessica Davis,41,IL,2012-12-03,162,A,PREMIUM_WEALTH,19362.41,100.0,4,4.0,155143.49,5000.0,4.19,186.0,47242.27,-16822.55,GROCERY,43.013548387096776,27.06,MODERATE,0.0,N,N,N,N,MASTER_V1.5,2026-06-29,2026-06-29 19:54:02.726587
4438,Ashley Walton,64,AS,2025-07-11,11,A,ENGAGED_MAINSTREAM,987.67,66.67,3,2.0,158217.81,0.0,0.0,112.0,14588.769999999999,2915.3300000000036,RETAIL,40.17205357142857,25.08,MODERATE,0.0,N,N,N,N,MASTER_V1.5,2026-06-29,2026-06-29 19:54:02.726587
4448,Stephanie Powers,63,NH,2014-04-20,146,A,ENGAGED_MAINSTREAM,15840.04,100.0,4,4.0,51500.23,15000.0,49.55,174.0,32371.08,144.38999999999578,RETAIL,35.631551724137935,6.91,LOW,0.0,N,N,N,N,MASTER_V1.5,2026-06-29,2026-06-29 19:54:02.726587
4458,Michael Hale,83,NM,2017-07-23,107,A,ENGAGED_MAINSTREAM,11686.76,100.0,4,4.0,55392.76,10000.0,37.43,171.0,48805.0,-21052.75,RETAIL,36.25742690058479,12.82,LOW,0.0,N,N,N,N,MASTER_V1.5,2026-06-29,2026-06-29 19:54:02.726587
4465,Melissa Mendez,65,GU,2026-03-22,3,A,ENGAGED_MAINSTREAM,357.74,75.0,4,3.0,150936.51,2000.0,33.37,207.0,41779.36,-5560.869999999995,TRAVEL,36.71613526570048,31.27,MODERATE,0.0,N,N,N,N,MASTER_V1.5,2026-06-29,2026-06-29 19:54:02.726587
4466,Anita Hudson,24,ID,2020-10-01,68,A,PREMIUM_WEALTH,7719.37,100.0,4,4.0,85136.93,2000.0,1.04,209.0,53844.5,-17081.190000000002,RETAIL,35.885071770334925,13.27,LOW,0.0,N,N,N,N,MASTER_V1.5,2026-06-29,2026-06-29 19:54:02.726587
4474,Erica Sandoval,67,VI,2019-05-03,85,A,ENGAGED_MAINSTREAM,7305.84,100.0,3,3.0,94857.88,25000.0,2.03,139.0,26257.61,-8825.779999999999,RETAIL,34.53309352517985,29.91,MODERATE,0.0,N,N,N,N,MASTER_V1.5,2026-06-29,2026-06-29 19:54:02.726587
4486,Donald Mclaughlin,47,IA,2023-10-08,32,A,VALUE_BASIC,311.38,100.0,1,1.0,49.02,15000.0,0.33,50.0,3242.65,6773.16,GROCERY,42.0,15.89,LOW,0.0,N,Y,N,N,MASTER_V1.5,2026-06-29,2026-06-29 19:54:02.726587
4500,Lacey Hinton,29,IL,2011-12-24,174,A,PREMIUM_WEALTH,20979.06,75.0,4,3.0,172289.45,15000.0,17.99,199.0,20196.63,-8374.5,RESTAURANT,38.190703517587934,12.64,LOW,0.0,N,N,N,N,MASTER_V1.5,2026-06-29,2026-06-29 19:54:02.726587
4522,Shawn Martin,24,NV,2011-09-26,177,A,GROWING_DIGITAL,4738.12,100.0,1,1.0,44695.28,0.0,0.0,36.0,11341.09,-10434.48,CRYPTO_EXCHANGE,38.88,18.82,LOW,0.0,N,Y,N,N,MASTER_V1.5,2026-06-29,2026-06-29 19:54:02.726587
4557,Jesse Lopez,45,FM,2016-03-18,123,A,CREDIT_DEPENDENT,6739.79,50.0,2,1.0,57469.66,0.0,0.0,78.0,12518.45,-8473.560000000001,RETAIL,42.30384615384615,21.49,MODERATE,0.0,N,N,N,N,MASTER_V1.5,2026-06-29,2026-06-29 19:54:02.726587
4569,Diana Wolf,71,KS,2013-01-31,161,A,ENGAGED_MAINSTREAM,13986.12,100.0,3,3.0,107227.11,10000.0,14.99,128.0,14594.15,10596.449999999999,GROCERY,37.4984375,14.47,LOW,0.0,N,N,N,N,MASTER_V1.5,2026-06-29,2026-06-29 19:54:02.726587
4585,Caleb Mitchell,73,AR,2016-01-19,125,A,GROWING_DIGITAL,6268.14,100.0,2,2.0,22675.2,0.0,0.0,62.0,11571.65,-8897.009999999998,GROCERY,33.86774193548388,16.28,LOW,0.0,N,N,N,N,MASTER_V1.5,2026-06-29,2026-06-29 19:54:02.726587
4589,Richard Lynch,55,IA,2023-10-21,32,A,CREDIT_DEPENDENT,1586.67,50.0,2,1.0,20265.98,2000.0,28.31,56.0,3012.92,11041.21,RESTAURANT,41.06892857142857,22.55,MODERATE,0.0,N,N,N,N,MASTER_V1.5,2026-06-29,2026-06-29 19:54:02.726587
4592,Robert Smith,81,NV,2024-07-18,23,A,VALUE_BASIC,410.01,100.0,1,1.0,1249.68,2000.0,62.48,26.0,8727.87,-6631.320000000001,WIRE_TRANSFER_INTL,53.849999999999994,28.0,MODERATE,0.0,N,Y,Y,N,MASTER_V1.5,2026-06-29,2026-06-29 19:54:02.726587
4602,Walter Orozco,25,SD,2024-08-25,22,A,PREMIUM_WEALTH,2502.45,100.0,4,4.0,87095.73,10000.0,79.67,198.0,27532.44,-2152.2299999999996,TRAVEL,32.82762626262626,26.43,MODERATE,0.0,N,N,N,N,MASTER_V1.5,2026-06-29,2026-06-29 19:54:02.726587
4604,William Reid,58,WV,2022-08-20,46,A,ENGAGED_MAINSTREAM,5308.24,100.0,4,4.0,102708.53,25000.0,29.78,157.0,42028.71,-28134.21,UTILITIES,30.574458598726117,18.64,LOW,0.0,N,N,N,N,MASTER_V1.5,2026-06-29,2026-06-29 19:54:02.726587
4608,Kylie Harris,72,MI,2021-05-24,61,A,ENGAGED_MAINSTREAM,7091.02,100.0,4,4.0,111816.69,2000.0,25.11,166.0,45668.81,-21579.799999999996,TRAVEL,37.348313253012044,15.73,LOW,0.0,N,N,N,N,MASTER_V1.5,2026-06-29,2026-06-29 19:54:02.726587
4614,Mitchell Perkins,57,WI,2020-11-16,67,A,GROWING_DIGITAL,3945.13,100.0,2,2.0,130156.73,0.0,0.0,101.0,19699.16,-2803.100000000002,GROCERY,37.626633663366334,12.18,LOW,0.0,N,N,N,N,MASTER_V1.5,2026-06-29,2026-06-29 19:54:02.726587
4633,Laurie Boone,51,CO,2023-06-20,36,A,GROWING_DIGITAL,966.38,100.0,1,1.0,46052.04,0.0,0.0,20.0,756.01,282.03,GROCERY,50.0,18.45,LOW,0.0,N,Y,N,N,MASTER_V1.5,2026-06-29,2026-06-29 19:54:02.726587
4637,Leslie Sparks,49,NV,2015-06-13,132,A,VALUE_BASIC,2437.49,100.0,1,1.0,1613.8,2000.0,80.69,67.0,11842.34,-7746.860000000001,UTILITIES,43.28999999999999,7.73,LOW,0.0,N,Y,Y,N,MASTER_V1.5,2026-06-29,2026-06-29 19:54:02.726587
4642,Johnny Meyer,73,ME,2019-06-20,84,A,VALUE_BASIC,1998.78,100.0,1,1.0,13602.33,15000.0,90.68,26.0,10794.74,-8930.35,ENTERTAINMENT,38.46000000000001,18.55,LOW,0.0,N,Y,N,N,MASTER_V1.5,2026-06-29,2026-06-29 19:54:02.726587
4647,Joel Hernandez,62,CA,2026-03-05,3,A,GROWING_DIGITAL,76.25,100.0,1,1.0,26004.71,0.0,0.0,46.0,23918.23,-17032.48,EDUCATION,32.60999999999999,12.36,LOW,0.0,N,Y,N,N,MASTER_V1.5,2026-06-29,2026-06-29 19:54:02.726587
4655,David Kennedy,37,MD,2011-10-13,176,A,VALUE_BASIC,3537.27,100.0,1,1.0,3100.3,15000.0,20.67,52.0,19260.77,-17382.74,GROCERY,34.61,12.27,LOW,0.0,N,Y,Y,N,MASTER_V1.5,2026-06-29,2026-06-29 19:54:02.726587
4670,Tara Roberts,85,IA,2023-11-18,31,A,ENGAGED_MAINSTREAM,3624.89,100.0,4,4.0,119753.61,15000.0,65.19,206.0,33961.78,-22960.59,TRAVEL,44.662233009708736,1.27,LOW,0.0,N,N,N,N,MASTER_V1.5,2026-06-29,2026-06-29 19:54:02.726587
4675,Eric Barton,43,DE,2018-05-27,97,A,GROWING_DIGITAL,5690.68,100.0,2,2.0,124661.9,0.0,0.0,79.0,19462.62,-15594.489999999998,TRAVEL,27.845443037974686,31.53,MODERATE,0.0,N,N,N,N,MASTER_V1.5,2026-06-29,2026-06-29 19:54:02.726587
4684,Allison Paul,76,NC,2018-01-11,101,A,ENGAGED_MAINSTREAM,5408.08,100.0,2,2.0,44759.52,5000.0,33.29,91.0,26850.59,-21210.72,HEALTHCARE,40.661978021978015,9.64,LOW,0.0,N,N,N,N,MASTER_V1.5,2026-06-29,2026-06-29 19:54:02.726587
4686,Linda Duncan,61,WI,2015-12-21,126,A,ENGAGED_MAINSTREAM,10438.64,100.0,3,3.0,62704.06,15000.0,45.12,170.0,37997.14,-12562.559999999998,RETAIL,38.823647058823525,11.55,LOW,0.0,N,N,N,N,MASTER_V1.5,2026-06-29,2026-06-29 19:54:02.726587
4691,Benjamin Wells,19,MS,2017-11-11,103,A,PREMIUM_WEALTH,7883.84,100.0,3,3.0,27054.74,15000.0,15.78,138.0,43202.5,-26017.9,TRAVEL,45.65231884057972,22.73,MODERATE,0.0,N,N,N,N,MASTER_V1.5,2026-06-29,2026-06-29 19:54:02.726587
4694,Leslie Brown,30,AS,2017-12-23,102,A,PREMIUM_WEALTH,12429.52,100.0,4,4.0,195986.71,10000.0,97.16,183.0,22347.9,-6867.560000000001,TRAVEL,45.358797814207655,21.64,MODERATE,0.0,N,N,N,N,MASTER_V1.5,2026-06-29,2026-06-29 19:54:02.726587
4695,Kevin Murphy,73,GA,2018-02-17,100,A,VALUE_BASIC,4801.93,100.0,2,2.0,14822.02,15000.0,55.56,115.0,10317.6,11998.859999999999,RETAIL,36.51791304347826,11.82,LOW,0.0,N,N,N,N,MASTER_V1.5,2026-06-29,2026-06-29 19:54:02.726587
4699,Jill Ramos,27,NJ,2018-11-24,91,A,PREMIUM_WEALTH,6867.45,100.0,3,3.0,23440.11,2000.0,78.88,185.0,36447.19,-26279.710000000003,GROCERY,40.53789189189189,10.36,LOW,0.0,N,N,N,N,MASTER_V1.5,2026-06-29,2026-06-29 19:54:02.726587
4716,Lori Evans,28,WV,2024-01-01,29,A,PREMIUM_WEALTH,3326.98,75.0,4,3.0,96023.33,5000.0,41.63,177.0,49659.78,-19841.239999999998,RESTAURANT,42.94118644067797,12.36,LOW,0.0,N,N,N,N,MASTER_V1.5,2026-06-29,2026-06-29 19:54:02.726587
4724,Valerie Vasquez,80,WA,2015-02-27,136,A,GROWING_DIGITAL,3668.8,100.0,1,1.0,48561.61,0.0,0.0,28.0,875.36,9162.32,GAS_STATION,35.72,10.27,LOW,0.0,N,Y,N,N,MASTER_V1.5,2026-06-29,2026-06-29 19:54:02.726587
4739,Natasha Evans,82,GA,2016-05-18,121,A,ENGAGED_MAINSTREAM,10077.67,100.0,3,3.0,66494.04,2000.0,6.02,146.0,18989.65,-10757.220000000001,RETAIL,42.46479452054795,11.18,LOW,0.0,N,N,N,N,MASTER_V1.5,2026-06-29,2026-06-29 19:54:02.726587
4757,Samantha Ortiz,49,OR,2023-09-12,33,A,GROWING_DIGITAL,915.13,100.0,1,1.0,65672.17,0.0,0.0,46.0,25291.45,-23162.25,HEALTHCARE,30.43,11.91,LOW,0.0,N,Y,N,N,MASTER_V1.5,2026-06-29,2026-06-29 19:54:02.726587
4772,Kristina Todd,21,TN,2026-03-09,3,A,PREMIUM_WEALTH,358.65,50.0,4,2.0,155572.61,2000.0,52.58,127.0,13588.65,6786.330000000004,INSURANCE,50.39228346456694,14.0,LOW,0.0,N,N,N,N,MASTER_V1.5,2026-06-29,2026-06-29 19:54:02.726587
4784,Adrian Chang,61,NE,2018-05-19,97,A,GROWING_DIGITAL,5535.43,100.0,2,2.0,90514.15,0.0,0.0,39.0,2313.86,11293.009999999998,GAS_STATION,38.46333333333333,10.36,LOW,0.0,N,N,N,N,MASTER_V1.5,2026-06-29,2026-06-29 19:54:02.726587
4795,Brett Lee,78,VA,2023-11-07,31,A,GROWING_DIGITAL,1707.0,100.0,2,2.0,60651.67,15000.0,4.57,94.0,18254.95,-784.4000000000015,RESTAURANT,32.97755319148936,0.0,LOW,0.0,N,N,N,N,MASTER_V1.5,2026-06-29,2026-06-29 19:54:02.726587
4802,Cody Sanchez,44,HI,2011-12-09,174,A,GROWING_DIGITAL,4803.75,100.0,1,1.0,62512.0,0.0,0.0,66.0,19845.86,-17699.23,UTILITIES,37.879999999999995,3.55,LOW,0.0,N,Y,N,N,MASTER_V1.5,2026-06-29,2026-06-29 19:54:02.726587
4815,Karina Thomas,71,TN,2020-04-04,74,A,ENGAGED_MAINSTREAM,3760.91,100.0,2,2.0,25967.82,5000.0,97.83,99.0,24210.89,-8544.3,HEALTHCARE,40.404444444444444,23.45,MODERATE,0.0,N,N,N,N,MASTER_V1.5,2026-06-29,2026-06-29 19:54:02.726587
4818,Jared White,73,KS,2020-09-11,69,A,GROWING_DIGITAL,3899.54,100.0,2,2.0,81066.12,0.0,0.0,133.0,64771.34,-60747.409999999996,RESTAURANT,42.10894736842105,33.55,MODERATE,0.0,N,N,N,N,MASTER_V1.5,2026-06-29,2026-06-29 19:54:02.726587
4827,Ronnie Koch,57,GU,2018-08-20,94,A,ENGAGED_MAINSTREAM,10948.92,75.0,4,3.0,114437.41,2000.0,84.75,153.0,45461.1,1773.3500000000058,UTILITIES,45.75176470588236,23.31,MODERATE,0.0,N,N,N,N,MASTER_V1.5,2026-06-29,2026-06-29 19:54:02.726587
4830,Kara Gonzales,54,NE,2011-11-04,175,A,PREMIUM_WEALTH,15268.71,100.0,3,3.0,112792.24,25000.0,87.5,148.0,34665.86,-21138.989999999998,HEALTHCARE,31.08067567567568,7.36,LOW,0.0,N,N,N,N,MASTER_V1.5,2026-06-29,2026-06-29 19:54:02.726587
4839,Jennifer Smith,67,VT,2014-04-15,146,A,ENGAGED_MAINSTREAM,16397.46,75.0,4,3.0,75443.55,10000.0,13.96,146.0,38417.83,-25300.65,RETAIL,36.299863013698626,0.0,LOW,0.0,N,N,N,N,MASTER_V1.5,2026-06-29,2026-06-29 19:54:02.726587
4852,Stephanie Bender,65,IA,2026-03-31,3,A,CREDIT_DEPENDENT,83.23,0.0,1,0.0,65987.64,0.0,0.0,21.0,15825.21,-15591.939999999999,GAS_STATION,42.85999999999999,13.82,LOW,0.0,N,N,N,N,MASTER_V1.5,2026-06-29,2026-06-29 19:54:02.726587
4854,Sandra Cabrera,69,CA,2012-03-31,171,A,ENGAGED_MAINSTREAM,14668.35,66.67,3,2.0,92716.91,2000.0,18.3,120.0,20031.010000000002,-3713.0700000000015,RETAIL,44.168,27.67,MODERATE,0.0,N,N,N,N,MASTER_V1.5,2026-06-29,2026-06-29 19:54:02.726587
4863,Brandi Padilla,44,MI,2015-03-24,135,A,CREDIT_DEPENDENT,7229.49,50.0,2,1.0,44817.26,0.0,0.0,115.0,25000.260000000002,2658.970000000001,GAS_STATION,31.303043478260868,24.18,MODERATE,0.0,N,N,N,N,MASTER_V1.5,2026-06-29,2026-06-29 19:54:02.726587
4864,Eddie Brown,27,FL,2017-12-07,102,A,PREMIUM_WEALTH,12047.87,75.0,4,3.0,134812.62,15000.0,39.85,209.0,41765.83,-15720.240000000005,TRAVEL,40.19177033492823,27.36,MODERATE,0.0,N,N,N,N,MASTER_V1.5,2026-06-29,2026-06-29 19:54:02.726587
4873,Erik Davis,84,PA,2015-11-20,127,A,GROWING_DIGITAL,6993.61,100.0,2,2.0,60691.86,0.0,0.0,118.0,28101.449999999997,-14596.489999999996,RESTAURANT,34.74440677966102,13.66,LOW,0.0,N,N,N,N,MASTER_V1.5,2026-06-29,2026-06-29 19:54:02.726587
4892,Robert Jackson,57,MN,2018-10-26,92,A,ENGAGED_MAINSTREAM,7677.05,66.67,3,2.0,67925.1,15000.0,83.32,126.0,37603.89,-33898.24,UTILITIES,42.85761904761904,23.0,MODERATE,0.0,N,N,N,N,MASTER_V1.5,2026-06-29,2026-06-29 19:54:02.726587
4894,Phillip Hatfield,54,TN,2025-09-14,9,A,VALUE_BASIC,189.71,100.0,1,1.0,4589.16,0.0,0.0,29.0,1508.38,7340.64,HEALTHCARE,37.93,4.36,LOW,0.0,N,Y,N,N,MASTER_V1.5,2026-06-29,2026-06-29 19:54:02.726587
4903,Michelle Cain,75,AL,2015-01-01,137,A,VALUE_BASIC,2157.79,100.0,1,1.0,544.64,15000.0,3.63,54.0,14434.33,10877.699999999999,HEALTHCARE,35.18999999999999,12.0,LOW,0.0,N,Y,N,N,MASTER_V1.5,2026-06-29,2026-06-29 19:54:02.726587
4915,Andrew Bradford,58,PW,2024-05-30,25,A,ENGAGED_MAINSTREAM,2839.52,100.0,4,4.0,85655.16,2000.0,0.91,209.0,38080.67,-12379.009999999998,UTILITIES,32.53904306220096,20.0,MODERATE,0.0,N,N,N,N,MASTER_V1.5,2026-06-29,2026-06-29 19:54:02.726587
4918,Michelle Wilson,31,ND,2014-04-10,146,A,GROWING_DIGITAL,7061.37,100.0,2,2.0,15884.72,10000.0,39.65,83.0,21603.16,-3460.369999999999,UTILITIES,34.9378313253012,23.27,MODERATE,0.0,N,N,N,N,MASTER_V1.5,2026-06-29,2026-06-29 19:54:02.726587
4923,Cindy Gaines,55,LA,2023-11-05,31,A,GROWING_DIGITAL,1702.48,100.0,2,2.0,58908.95,2000.0,13.64,64.0,17518.12,-5547.449999999999,UTILITIES,45.31265625,34.36,MODERATE,0.0,N,N,N,N,MASTER_V1.5,2026-06-29,2026-06-29 19:54:02.726587
4936,Kathleen Espinoza,76,GU,2018-06-22,96,A,GROWING_DIGITAL,5226.73,100.0,2,2.0,53584.71,0.0,0.0,84.0,10335.85,35383.62,INSURANCE,42.85571428571429,10.09,LOW,0.0,N,N,N,N,MASTER_V1.5,2026-06-29,2026-06-29 19:54:02.726587
4938,Christina Daugherty,39,PW,2013-02-23,160,A,VALUE_BASIC,2956.24,100.0,1,1.0,1620.66,0.0,0.0,57.0,12528.06,-10330.47,RETAIL,33.330000000000005,5.64,LOW,0.0,N,Y,Y,N,MASTER_V1.5,2026-06-29,2026-06-29 19:54:02.726587
4947,Madison Myers,20,DC,2013-11-29,151,A,GROWING_DIGITAL,7888.45,100.0,2,2.0,34485.1,0.0,0.0,59.0,13487.75,-9946.42,TRAVEL,25.424067796610167,14.73,LOW,0.0,N,N,N,N,MASTER_V1.5,2026-06-29,2026-06-29 19:54:02.726587
4955,Michael Krause,23,NE,2014-09-26,141,A,PREMIUM_WEALTH,7619.35,100.0,2,2.0,49394.43,15000.0,90.1,78.0,3500.09,23411.64,HEALTHCARE,34.61538461538461,15.91,LOW,0.0,N,N,N,N,MASTER_V1.5,2026-06-29,2026-06-29 19:54:02.726587
4986,Zachary Evans,25,MN,2014-04-07,146,A,PREMIUM_WEALTH,12460.92,66.67,3,2.0,87538.44,0.0,0.0,105.0,12345.71,2402.620000000001,RESTAURANT,34.28809523809523,25.35,MODERATE,0.0,N,N,N,N,MASTER_V1.5,2026-06-29,2026-06-29 19:54:02.726587
4987,John Smith,82,ID,2017-09-15,105,A,ENGAGED_MAINSTREAM,12096.0,100.0,4,4.0,100709.53,2000.0,57.96,217.0,18879.969999999998,15674.880000000001,TRAVEL,36.86387096774193,38.36,MODERATE,0.0,N,N,N,N,MASTER_V1.5,2026-06-29,2026-06-29 19:54:02.726587
4990,Richard Butler,36,TN,2025-11-30,7,A,PREMIUM_WEALTH,826.88,100.0,4,4.0,134935.48,2000.0,98.36,166.0,40893.229999999996,-11235.829999999994,RETAIL,34.94289156626506,13.26,LOW,0.0,N,N,N,N,MASTER_V1.5,2026-06-29,2026-06-29 19:54:02.726587
6,Matthew Moore,31,NJ,2021-11-27,55,A,PREMIUM_WEALTH,2664.56,100.0,2,2.0,16143.97,15000.0,94.2,121.0,17136.78,36966.68,RETAIL,42.978099173553716,26.36,MODERATE,0.0,N,N,N,N,MASTER_V1.5,2026-06-29,2026-06-29 19:54:02.726587
10,Michelle Ray,29,NY,2020-09-19,69,A,VALUE_BASIC,1569.88,100.0,1,1.0,8962.0,0.0,0.0,32.0,1048.98,1023.1999999999998,TRAVEL,34.38,2.09,LOW,0.0,N,Y,Y,N,MASTER_V1.5,2026-06-29,2026-06-29 19:54:02.726587
15,Frank Gray,74,RI,2022-05-15,49,A,ENGAGED_MAINSTREAM,4098.5,100.0,3,3.0,69730.06,10000.0,48.72,126.0,44659.73,-39384.590000000004,RESTAURANT,40.479841269841266,5.45,LOW,0.0,N,N,N,N,MASTER_V1.5,2026-06-29,2026-06-29 19:54:02.726587
18,Jason Hahn,64,HI,2015-06-26,132,A,CREDIT_DEPENDENT,2974.36,0.0,1,0.0,8210.94,10000.0,82.11,61.0,2229.89,9488.09,RESTAURANT,34.419999999999995,31.91,MODERATE,0.0,N,N,Y,Y,MASTER_V1.5,2026-06-29,2026-06-29 19:54:02.726587
31,Kimberly Moreno,34,VT,2019-07-16,83,A,CREDIT_DEPENDENT,4762.95,50.0,2,1.0,96470.62,0.0,0.0,56.0,3581.1400000000003,11600.970000000001,GAS_STATION,33.92785714285714,13.74,LOW,0.0,N,N,N,N,MASTER_V1.5,2026-06-29,2026-06-29 19:54:02.726587
36,Joseph Brennan,53,AS,2019-09-10,81,A,ENGAGED_MAINSTREAM,9370.32,100.0,4,4.0,105693.13,5000.0,10.77,177.0,20019.57,22946.730000000003,UTILITIES,37.85389830508475,3.45,LOW,0.0,N,N,N,N,MASTER_V1.5,2026-06-29,2026-06-29 19:54:02.726587
38,Wanda Santos,72,NC,2016-02-21,124,A,ENGAGED_MAINSTREAM,14778.69,100.0,4,4.0,149985.63,15000.0,65.84,214.0,59158.46,-40201.14,RESTAURANT,37.38285046728972,5.55,LOW,0.0,N,N,N,N,MASTER_V1.5,2026-06-29,2026-06-29 19:54:02.726587
45,Rodney Owens,79,TN,2017-12-02,102,A,GROWING_DIGITAL,5451.6,100.0,2,2.0,43888.61,5000.0,1.42,115.0,21289.920000000002,3429.399999999998,RESTAURANT,42.61330434782608,34.09,MODERATE,0.0,N,N,N,N,MASTER_V1.5,2026-06-29,2026-06-29 19:54:02.726587
55,Eric Phillips,48,WI,2022-03-17,51,A,PREMIUM_WEALTH,3869.19,100.0,3,3.0,24724.01,10000.0,86.2,92.0,32143.91,-27453.48,RETAIL,39.12782608695653,8.18,LOW,0.0,N,N,N,N,MASTER_V1.5,2026-06-29,2026-06-29 19:54:02.726587
65,Joseph Mahoney,80,IL,2014-09-02,141,A,GROWING_DIGITAL,3362.39,100.0,1,1.0,13886.65,0.0,0.0,27.0,12739.41,-10769.79,RESTAURANT,29.630000000000003,27.45,MODERATE,0.0,N,Y,N,N,MASTER_V1.5,2026-06-29,2026-06-29 19:54:02.726587
66,Mike Moore,26,OH,2024-08-10,22,A,CREDIT_DEPENDENT,1271.45,50.0,2,1.0,104673.47,0.0,0.0,79.0,27365.46,-24757.3,TRAVEL,35.44316455696202,12.64,LOW,0.0,N,N,N,N,MASTER_V1.5,2026-06-29,2026-06-29 19:54:02.726587
76,Mary Aguilar,24,OH,2019-08-18,82,A,VALUE_BASIC,1487.57,100.0,1,1.0,1417.23,5000.0,28.34,39.0,10228.39,-7703.089999999999,RESTAURANT,38.47,32.0,MODERATE,0.0,N,Y,Y,N,MASTER_V1.5,2026-06-29,2026-06-29 19:54:02.726587
80,Eric Spears,58,NM,2020-09-30,69,A,ENGAGED_MAINSTREAM,6084.51,100.0,3,3.0,127709.89,25000.0,85.59,153.0,17527.53,7693.450000000001,INSURANCE,39.87,6.64,LOW,0.0,N,N,N,N,MASTER_V1.5,2026-06-29,2026-06-29 19:54:02.726587
86,Andrew Lee,32,NY,2014-11-20,139,A,PREMIUM_WEALTH,16499.46,100.0,4,4.0,142930.7,5000.0,37.09,229.0,43823.13,-25673.079999999998,UTILITIES,36.2485152838428,21.69,MODERATE,0.0,N,N,N,N,MASTER_V1.5,2026-06-29,2026-06-29 19:54:02.726587
97,David Fisher,58,ID,2015-11-26,127,A,GROWING_DIGITAL,7058.43,100.0,2,2.0,67214.43,0.0,0.0,94.0,23121.15,-18872.61,RETAIL,38.299574468085105,17.09,LOW,0.0,N,N,N,N,MASTER_V1.5,2026-06-29,2026-06-29 19:54:02.726587
115,Courtney Hill,34,PR,2019-04-08,86,A,GROWING_DIGITAL,2091.77,100.0,1,1.0,16800.17,0.0,0.0,35.0,1674.58,1001.2400000000002,RESTAURANT,42.85,25.45,MODERATE,0.0,N,Y,N,N,MASTER_V1.5,2026-06-29,2026-06-29 19:54:02.726587
136,Daniel Johnson,30,FL,2025-11-18,7,A,PREMIUM_WEALTH,601.19,66.67,3,2.0,94017.99,25000.0,18.34,124.0,27057.75,-22123.15,TRAVEL,34.67403225806452,17.11,LOW,0.0,N,N,N,N,MASTER_V1.5,2026-06-29,2026-06-29 19:54:02.726587
144,Joseph Morton,36,IN,2025-11-22,7,A,PREMIUM_WEALTH,559.97,66.67,3,2.0,42878.15,10000.0,65.02,160.0,30459.450000000004,9076.129999999997,RETAIL,36.87825,11.18,LOW,0.0,N,N,N,N,MASTER_V1.5,2026-06-29,2026-06-29 19:54:02.726587
161,Heidi Martinez,20,CA,2019-09-30,81,A,PREMIUM_WEALTH,7245.33,100.0,3,3.0,151217.5,5000.0,86.46,119.0,8207.13,1380.6100000000006,INSURANCE,36.97453781512605,23.23,MODERATE,0.0,N,N,N,N,MASTER_V1.5,2026-06-29,2026-06-29 19:54:02.726587
163,Jack Williams,54,MD,2018-01-23,101,A,ENGAGED_MAINSTREAM,12116.06,100.0,4,4.0,162121.66,5000.0,10.23,173.0,19134.98,-3085.5700000000015,RESTAURANT,40.463757225433525,11.09,LOW,0.0,N,N,N,N,MASTER_V1.5,2026-06-29,2026-06-29 19:54:02.726587
169,Christine Lynch,19,OH,2016-01-18,125,A,PREMIUM_WEALTH,14427.53,100.0,4,4.0,102952.78,10000.0,78.33,185.0,65996.52,-36610.520000000004,RETAIL,36.21589189189189,4.36,LOW,0.0,N,N,N,N,MASTER_V1.5,2026-06-29,2026-06-29 19:54:02.726587
173,Jacqueline Gibson,69,ME,2022-01-14,53,A,GROWING_DIGITAL,1451.94,100.0,1,1.0,57412.4,0.0,0.0,64.0,19020.57,-17259.87,GROCERY,43.75,10.09,LOW,0.0,N,Y,N,N,MASTER_V1.5,2026-06-29,2026-06-29 19:54:02.726587
178,Haley Lyons,66,WV,2013-05-06,157,A,ENGAGED_MAINSTREAM,17892.6,100.0,4,4.0,89014.99,10000.0,18.57,193.0,37193.22,-4512.489999999998,RETAIL,40.935544041450775,21.68,MODERATE,0.0,N,N,N,N,MASTER_V1.5,2026-06-29,2026-06-29 19:54:02.726587
185,Michael Cook,52,GU,2012-11-07,163,A,PREMIUM_WEALTH,8982.51,100.0,2,2.0,61174.43,5000.0,81.75,58.0,16667.63,-7853.850000000002,TRAVEL,32.75689655172414,10.09,LOW,0.0,N,N,N,N,MASTER_V1.5,2026-06-29,2026-06-29 19:54:02.726587
190,Jacob Cox,49,NE,2017-08-27,106,A,PREMIUM_WEALTH,7800.83,100.0,3,3.0,18258.12,10000.0,95.8,115.0,18192.129999999997,1804.8600000000006,UTILITIES,40.0,15.48,LOW,0.0,N,N,N,N,MASTER_V1.5,2026-06-29,2026-06-29 19:54:02.726587
195,Steven Wilson,19,SD,2025-02-09,16,A,PREMIUM_WEALTH,1798.57,100.0,4,4.0,76197.79,2000.0,12.97,134.0,24766.96,-4346.279999999999,TRAVEL,37.316044776119405,13.27,LOW,0.0,N,N,N,N,MASTER_V1.5,2026-06-29,2026-06-29 19:54:02.726587
206,Elizabeth Hoover,31,IN,2017-04-01,110,A,PREMIUM_WEALTH,9595.75,100.0,3,3.0,112556.64,15000.0,72.48,79.0,4743.86,-113.55999999999949,RETAIL,44.30367088607595,9.91,LOW,0.0,N,N,N,N,MASTER_V1.5,2026-06-29,2026-06-29 19:54:02.726587
214,Samantha Bright,80,MD,2020-11-27,67,A,ENGAGED_MAINSTREAM,5899.94,100.0,3,3.0,125638.55,0.0,0.0,140.0,17413.82,22790.550000000003,UTILITIES,42.14007142857143,2.45,LOW,0.0,N,N,N,N,MASTER_V1.5,2026-06-29,2026-06-29 19:54:02.726587
225,Ashley Andrews,53,NC,2015-01-11,137,A,ENGAGED_MAINSTREAM,11150.67,66.67,3,2.0,51649.54,2000.0,22.18,144.0,44129.36,-38496.25,UTILITIES,37.50236111111111,20.0,MODERATE,0.0,N,N,N,N,MASTER_V1.5,2026-06-29,2026-06-29 19:54:02.726587
226,Tiffany Barrett,18,HI,2015-11-23,127,A,PREMIUM_WEALTH,14807.01,100.0,4,4.0,115735.33,10000.0,42.52,148.0,31317.64,-9965.219999999998,RETAIL,38.51331081081081,15.18,LOW,0.0,N,N,N,N,MASTER_V1.5,2026-06-29,2026-06-29 19:54:02.726587
230,Erica Le,42,NH,2020-10-02,68,A,PREMIUM_WEALTH,8053.25,50.0,4,2.0,139109.96,10000.0,97.0,110.0,34946.41,-18910.250000000004,TRAVEL,40.91018181818182,17.62,LOW,0.0,N,N,N,N,MASTER_V1.5,2026-06-29,2026-06-29 19:54:02.726587
236,Lindsay Francis,30,AZ,2018-09-05,93,A,PREMIUM_WEALTH,9628.69,75.0,4,3.0,31364.59,10000.0,57.42,161.0,39366.68,-12299.489999999998,RESTAURANT,40.3716149068323,13.09,LOW,0.0,N,N,N,N,MASTER_V1.5,2026-06-29,2026-06-29 19:54:02.726587
238,Jennifer Whitney,20,LA,2024-04-27,26,A,VALUE_BASIC,645.47,100.0,1,1.0,20542.79,25000.0,82.17,38.0,1863.78,9862.099999999999,RESTAURANT,28.95,18.91,LOW,0.0,N,Y,N,N,MASTER_V1.5,2026-06-29,2026-06-29 19:54:02.726587
256,Molly Murphy,71,OK,2014-09-17,141,A,ENGAGED_MAINSTREAM,14789.29,100.0,4,4.0,35913.02,5000.0,99.86,155.0,46234.770000000004,-23527.230000000003,TRAVEL,36.77374193548387,18.82,LOW,0.0,N,N,N,N,MASTER_V1.5,2026-06-29,2026-06-29 19:54:02.726587
258,John Thompson,75,LA,2013-06-06,156,A,VALUE_BASIC,7345.13,100.0,2,2.0,12293.52,10000.0,49.56,112.0,17923.02,-3299.2700000000004,GROCERY,37.5,20.48,MODERATE,0.0,N,N,N,N,MASTER_V1.5,2026-06-29,2026-06-29 19:54:02.726587
288,Eric Williamson,79,CT,2012-04-10,170,A,GROWING_DIGITAL,4533.49,100.0,1,1.0,42917.88,0.0,0.0,33.0,1062.2,19045.0,GAS_STATION,45.45000000000001,11.27,LOW,0.0,N,Y,N,N,MASTER_V1.5,2026-06-29,2026-06-29 19:54:02.726587
289,Ebony Tucker,40,AZ,2015-07-20,131,A,PREMIUM_WEALTH,7155.26,100.0,2,2.0,55495.92,25000.0,79.23,86.0,4393.26,1296.5699999999997,HEALTHCARE,34.8839534883721,28.74,MODERATE,0.0,N,N,N,N,MASTER_V1.5,2026-06-29,2026-06-29 19:54:02.726587
324,Philip Larson,20,FL,2021-11-29,55,A,CREDIT_DEPENDENT,2773.48,50.0,2,1.0,23990.04,15000.0,68.2,112.0,17253.2,-11784.42,RESTAURANT,35.71580357142857,17.71,LOW,0.0,N,N,N,N,MASTER_V1.5,2026-06-29,2026-06-29 19:54:02.726587
327,Debbie Henderson,39,RI,2019-05-06,85,A,PREMIUM_WEALTH,6926.18,100.0,3,3.0,52291.8,2000.0,43.81,106.0,16558.239999999998,-1959.0199999999968,TRAVEL,36.79339622641509,43.0,ELEVATED,0.0,N,N,N,N,MASTER_V1.5,2026-06-29,2026-06-29 19:54:02.726587
333,Lisa Martin,29,IL,2022-12-29,42,A,PREMIUM_WEALTH,2030.77,100.0,2,2.0,15840.4,5000.0,90.93,81.0,13936.39,-3248.119999999999,RETAIL,45.67111111111111,21.38,MODERATE,0.0,N,N,N,N,MASTER_V1.5,2026-06-29,2026-06-29 19:54:02.726587
342,Rebecca Hernandez,34,AS,2015-07-24,131,A,GROWING_DIGITAL,3546.72,100.0,1,1.0,50496.89,0.0,0.0,65.0,22125.24,-18261.65,GROCERY,41.54,21.98,MODERATE,0.0,N,Y,N,N,MASTER_V1.5,2026-06-29,2026-06-29 19:54:02.726587
361,Steven Dominguez,73,VI,2023-02-11,40,A,ENGAGED_MAINSTREAM,3381.12,100.0,3,3.0,78463.61,2000.0,24.37,92.0,13328.15,-8711.439999999999,WIRE_TRANSFER_INTL,36.95543478260869,5.0,LOW,0.0,N,N,N,N,MASTER_V1.5,2026-06-29,2026-06-29 19:54:02.726587
372,Ronald Norris,64,DE,2020-06-24,72,A,ENGAGED_MAINSTREAM,8446.67,100.0,4,4.0,124429.06,25000.0,85.02,182.0,31140.809999999998,-3029.1399999999994,RETAIL,40.105604395604395,16.64,LOW,0.0,N,N,N,N,MASTER_V1.5,2026-06-29,2026-06-29 19:54:02.726587
375,Michael Owen,80,WA,2020-12-31,66,A,ENGAGED_MAINSTREAM,3771.21,100.0,2,2.0,91849.97,15000.0,97.41,94.0,20739.190000000002,2599.099999999995,HEALTHCARE,36.17117021276596,10.0,LOW,0.0,N,N,N,N,MASTER_V1.5,2026-06-29,2026-06-29 19:54:02.726587
380,Raymond Banks,47,VA,2019-05-23,85,A,PREMIUM_WEALTH,7083.39,100.0,3,3.0,66916.8,15000.0,20.86,95.0,5508.03,-962.8100000000004,RESTAURANT,42.10568421052632,11.55,LOW,0.0,N,N,N,N,MASTER_V1.5,2026-06-29,2026-06-29 19:54:02.726587
410,Luis Owens,60,NV,2019-11-14,79,A,ENGAGED_MAINSTREAM,7005.96,66.67,3,2.0,136544.91,0.0,0.0,176.0,18345.15,-851.4500000000007,RETAIL,41.47715909090909,10.49,LOW,0.0,N,N,N,N,MASTER_V1.5,2026-06-29,2026-06-29 19:54:02.726587
420,Angela Jones,47,MP,2014-05-24,145,A,VALUE_BASIC,6672.97,100.0,2,2.0,9937.77,10000.0,48.63,71.0,20979.02,-8431.760000000002,WIRE_TRANSFER_INTL,29.57464788732394,16.01,LOW,0.0,N,N,Y,N,MASTER_V1.5,2026-06-29,2026-06-29 19:54:02.726587
423,Sheila Fischer,32,KY,2016-07-19,119,A,PREMIUM_WEALTH,10244.54,100.0,3,3.0,96613.53,0.0,0.0,156.0,45927.11,-39111.020000000004,RESTAURANT,36.541474358974355,9.27,LOW,0.0,N,N,N,N,MASTER_V1.5,2026-06-29,2026-06-29 19:54:02.726587
424,Vincent Williams,72,ND,2019-02-01,88,A,ENGAGED_MAINSTREAM,7087.15,100.0,3,3.0,46078.62,10000.0,59.36,116.0,11939.759999999998,2828.8900000000012,RESTAURANT,32.75525862068965,8.18,LOW,0.0,N,N,N,N,MASTER_V1.5,2026-06-29,2026-06-29 19:54:02.726587
445,Erica James,67,TX,2013-04-23,158,A,ENGAGED_MAINSTREAM,13466.16,66.67,3,2.0,86149.98,25000.0,29.6,163.0,32479.63,3129.2999999999993,TRAVEL,42.33282208588957,7.45,LOW,0.0,N,N,N,N,MASTER_V1.5,2026-06-29,2026-06-29 19:54:02.726587
458,Randy Simpson,23,MP,2026-05-14,1,A,PREMIUM_WEALTH,118.63,75.0,4,3.0,141934.01,15000.0,47.42,122.0,15711.47,5324.590000000002,RETAIL,41.80524590163934,18.09,LOW,0.0,N,N,N,N,MASTER_V1.5,2026-06-29,2026-06-29 19:54:02.726587
459,Sara Mcdowell,22,NJ,2025-11-04,7,A,GROWING_DIGITAL,504.35,100.0,3,3.0,14862.44,0.0,0.0,131.0,8897.63,3303.3900000000012,RESTAURANT,37.407251908396944,17.19,LOW,0.0,N,N,N,N,MASTER_V1.5,2026-06-29,2026-06-29 19:54:02.726587
463,Stephen Scott,77,MD,2013-11-30,151,A,ENGAGED_MAINSTREAM,13216.07,100.0,3,3.0,116987.55,25000.0,53.44,145.0,14798.0,33673.189999999995,GAS_STATION,36.549379310344825,3.18,LOW,0.0,N,N,N,N,MASTER_V1.5,2026-06-29,2026-06-29 19:54:02.726587
483,Julie Lane,58,NH,2023-09-02,33,A,ENGAGED_MAINSTREAM,3990.81,100.0,4,4.0,178680.3,10000.0,34.99,201.0,41743.85,-25021.129999999997,RESTAURANT,37.812537313432834,12.39,LOW,0.0,N,N,N,N,MASTER_V1.5,2026-06-29,2026-06-29 19:54:02.726587
487,Victoria Reyes,42,FL,2017-10-05,104,A,GROWING_DIGITAL,2529.87,100.0,1,1.0,16818.91,0.0,0.0,49.0,2246.72,20508.079999999998,GROCERY,34.690000000000005,17.0,LOW,0.0,N,Y,N,N,MASTER_V1.5,2026-06-29,2026-06-29 19:54:02.726587
497,Richard Young,82,RI,2022-07-16,47,A,ENGAGED_MAINSTREAM,4202.86,66.67,3,2.0,150696.0,0.0,0.0,65.0,46693.759999999995,-30978.809999999994,GROCERY,38.458461538461535,18.27,LOW,0.0,N,N,N,N,MASTER_V1.5,2026-06-29,2026-06-29 19:54:02.726587
501,Jeffrey Turner,75,KS,2021-05-04,61,A,ENGAGED_MAINSTREAM,7261.45,75.0,4,3.0,147859.92,15000.0,13.69,175.0,26470.9,-7581.959999999999,RETAIL,38.85662857142857,30.09,MODERATE,0.0,N,N,N,N,MASTER_V1.5,2026-06-29,2026-06-29 19:54:02.726587
518,Terrance Franco,78,WY,2026-02-17,4,A,ENGAGED_MAINSTREAM,334.59,100.0,3,3.0,69778.99,10000.0,38.99,166.0,40971.67,-14436.82,TRAVEL,40.96463855421687,17.27,LOW,0.0,N,N,N,N,MASTER_V1.5,2026-06-29,2026-06-29 19:54:02.726587
548,Jennifer Mason,76,GA,2026-03-28,3,A,ENGAGED_MAINSTREAM,332.43,100.0,4,4.0,64930.01,10000.0,37.12,190.0,34559.63,13704.850000000006,TRAVEL,36.314368421052635,18.73,LOW,0.0,N,N,N,N,MASTER_V1.5,2026-06-29,2026-06-29 19:54:02.726587
551,Joshua Riddle,33,CT,2011-12-07,174,A,PREMIUM_WEALTH,20395.52,50.0,4,2.0,123199.71,25000.0,40.69,115.0,14316.14,-9804.55,RETAIL,33.04521739130434,17.82,LOW,0.0,N,N,N,N,MASTER_V1.5,2026-06-29,2026-06-29 19:54:02.726587
558,Anthony Gomez,48,VI,2017-07-30,107,A,PREMIUM_WEALTH,12865.6,100.0,4,4.0,166695.9,2000.0,2.5,160.0,18738.58,17025.129999999997,UTILITIES,38.7485,19.91,LOW,0.0,N,N,N,N,MASTER_V1.5,2026-06-29,2026-06-29 19:54:02.726587
562,Kevin Snyder,59,PR,2013-07-24,155,A,ENGAGED_MAINSTREAM,18431.37,100.0,4,4.0,145977.54,15000.0,60.27,168.0,35789.32000000001,-20142.97000000001,RETAIL,31.54416666666667,0.09,LOW,0.0,N,N,N,N,MASTER_V1.5,2026-06-29,2026-06-29 19:54:02.726587
588,Stanley Clark,76,FL,2016-02-22,124,A,ENGAGED_MAINSTREAM,10732.3,100.0,3,3.0,102755.47,10000.0,31.21,103.0,36831.45,-15379.919999999995,RESTAURANT,31.066796116504857,11.18,LOW,0.0,N,N,N,N,MASTER_V1.5,2026-06-29,2026-06-29 19:54:02.726587
603,William Barnes,73,DC,2021-11-01,55,A,GROWING_DIGITAL,1383.75,100.0,1,1.0,23474.03,0.0,0.0,26.0,2634.05,-2285.1800000000003,GROCERY,26.920000000000005,15.64,LOW,0.0,N,Y,N,N,MASTER_V1.5,2026-06-29,2026-06-29 19:54:02.726587
610,Kathleen Carter,79,RI,2011-12-14,174,A,GROWING_DIGITAL,10054.56,100.0,2,2.0,104502.44,0.0,0.0,133.0,37655.97,-21799.050000000003,GROCERY,45.11699248120301,18.55,LOW,0.0,N,N,N,N,MASTER_V1.5,2026-06-29,2026-06-29 19:54:02.726587
613,Madeline Richardson,77,NV,2023-01-20,41,A,GROWING_DIGITAL,2348.76,100.0,2,2.0,94597.38,0.0,0.0,112.0,9072.72,6749.859999999999,GAS_STATION,34.8275,30.45,MODERATE,0.0,N,N,N,N,MASTER_V1.5,2026-06-29,2026-06-29 19:54:02.726587
620,Brian Bell,71,NY,2014-07-30,143,A,ENGAGED_MAINSTREAM,11699.75,100.0,3,3.0,54658.38,0.0,0.0,111.0,9098.960000000001,-4949.530000000001,RESTAURANT,32.43135135135135,17.64,LOW,0.0,N,N,N,N,MASTER_V1.5,2026-06-29,2026-06-29 19:54:02.726587
677,Michelle Sanchez,51,NH,2012-02-23,172,A,GROWING_DIGITAL,4467.24,100.0,1,1.0,32497.7,0.0,0.0,63.0,6224.83,-3651.84,GROCERY,26.99,19.0,LOW,0.0,N,Y,N,N,MASTER_V1.5,2026-06-29,2026-06-29 19:54:02.726587
694,Cody Anderson,20,FL,2012-10-03,164,A,VALUE_BASIC,7590.05,100.0,2,2.0,10468.79,10000.0,48.87,67.0,2582.67,9657.289999999999,GROCERY,44.778656716417906,14.82,LOW,0.0,N,N,N,N,MASTER_V1.5,2026-06-29,2026-06-29 19:54:02.726587
702,Heidi Williams,39,PA,2023-10-26,32,A,CREDIT_DEPENDENT,882.24,0.0,1,0.0,61573.34,0.0,0.0,31.0,2817.82,-1732.0800000000002,RETAIL,32.25999999999999,16.0,LOW,0.0,N,N,N,N,MASTER_V1.5,2026-06-29,2026-06-29 19:54:02.726587
703,Christopher Wright,29,NY,2016-05-19,121,A,PREMIUM_WEALTH,14244.28,100.0,4,4.0,129590.57,15000.0,47.07,162.0,63334.770000000004,-47670.94,RESTAURANT,32.09401234567901,28.82,MODERATE,0.0,N,N,N,N,MASTER_V1.5,2026-06-29,2026-06-29 19:54:02.726587
711,Maria Rivera,76,MO,2024-12-28,18,A,ENGAGED_MAINSTREAM,2192.49,75.0,4,3.0,194947.43,5000.0,81.17,208.0,59753.649999999994,23893.14,TRAVEL,46.153798076923074,17.23,LOW,0.0,N,N,N,N,MASTER_V1.5,2026-06-29,2026-06-29 19:54:02.726587
714,Jacob Ramirez,73,HI,2014-09-10,141,A,GROWING_DIGITAL,8306.5,100.0,2,2.0,130909.99,0.0,0.0,97.0,34075.72,-31186.18,RESTAURANT,40.208556701030936,4.27,LOW,0.0,N,N,N,N,MASTER_V1.5,2026-06-29,2026-06-29 19:54:02.726587
720,Wayne Price,53,ND,2025-02-08,16,A,ENGAGED_MAINSTREAM,1784.59,100.0,4,4.0,69821.17,25000.0,0.22,202.0,44066.770000000004,-20356.340000000004,INSURANCE,37.6230198019802,13.51,LOW,0.0,N,N,N,N,MASTER_V1.5,2026-06-29,2026-06-29 19:54:02.726587
724,Lisa Stark,41,PW,2015-06-20,132,A,GROWING_DIGITAL,6935.22,100.0,2,2.0,36603.94,0.0,0.0,64.0,3372.4700000000003,1313.6499999999996,TRAVEL,45.309374999999996,37.36,MODERATE,0.0,N,N,N,N,MASTER_V1.5,2026-06-29,2026-06-29 19:54:02.726587
727,Linda Wolfe,73,KY,2020-04-30,74,A,ENGAGED_MAINSTREAM,5869.29,100.0,3,3.0,39155.46,15000.0,25.58,123.0,23623.73,-7614.629999999999,INSURANCE,43.89967479674796,29.77,MODERATE,0.0,N,N,N,N,MASTER_V1.5,2026-06-29,2026-06-29 19:54:02.726587
729,Jacob Travis,47,SD,2019-11-22,79,A,PREMIUM_WEALTH,9492.32,100.0,4,4.0,165311.97,5000.0,96.07,204.0,48350.17,-20921.909999999996,WIRE_TRANSFER_INTL,39.7085294117647,11.04,LOW,0.0,N,N,N,N,MASTER_V1.5,2026-06-29,2026-06-29 19:54:02.726587
742,Tammy Johnson,59,OR,2026-04-28,2,A,ENGAGED_MAINSTREAM,225.08,75.0,4,3.0,77178.93,2000.0,30.96,202.0,21370.14,29635.130000000005,RETAIL,36.6359405940594,10.35,LOW,0.0,N,N,N,N,MASTER_V1.5,2026-06-29,2026-06-29 19:54:02.726587
748,Aaron Cruz,68,NE,2013-02-06,160,A,ENGAGED_MAINSTREAM,18061.48,75.0,4,3.0,79891.31,5000.0,86.39,178.0,42917.130000000005,-1926.0800000000017,RETAIL,41.00943820224719,20.22,MODERATE,0.0,N,N,N,N,MASTER_V1.5,2026-06-29,2026-06-29 19:54:02.726587
761,James Johnson,41,MT,2020-06-11,72,A,CREDIT_DEPENDENT,3991.47,50.0,2,1.0,65343.57,0.0,0.0,80.0,53986.71000000001,-51212.37000000001,TRAVEL,33.748999999999995,15.51,LOW,0.0,N,N,N,N,MASTER_V1.5,2026-06-29,2026-06-29 19:54:02.726587
773,Tracey Stanton,34,GU,2014-01-26,149,A,PREMIUM_WEALTH,8423.89,100.0,2,2.0,81408.55,10000.0,50.4,100.0,15122.52,-4374.09,GROCERY,38.0048,19.0,LOW,0.0,N,N,N,N,MASTER_V1.5,2026-06-29,2026-06-29 19:54:02.726587
775,Courtney Flowers,56,MA,2026-05-15,1,A,ENGAGED_MAINSTREAM,82.75,100.0,3,3.0,61877.12,10000.0,21.38,170.0,32531.920000000002,34045.509999999995,HEALTHCARE,40.58705882352942,5.27,LOW,0.0,N,N,N,N,MASTER_V1.5,2026-06-29,2026-06-29 19:54:02.726587
781,Justin Nichols,47,CT,2012-12-30,162,A,PREMIUM_WEALTH,18287.51,100.0,4,4.0,79904.19,25000.0,93.31,194.0,41709.84,14098.86,TRAVEL,36.598659793814434,5.0,LOW,0.0,N,N,N,N,MASTER_V1.5,2026-06-29,2026-06-29 19:54:02.726587
785,Julie Mccall,63,ID,2015-01-13,137,A,GROWING_DIGITAL,3393.53,100.0,1,1.0,20092.84,0.0,0.0,49.0,2304.25,20307.98,UTILITIES,36.739999999999995,11.73,LOW,0.0,N,Y,N,N,MASTER_V1.5,2026-06-29,2026-06-29 19:54:02.726587
789,Robert Brewer,30,MH,2015-07-06,131,A,PREMIUM_WEALTH,15177.08,75.0,4,3.0,107533.23,10000.0,73.01,163.0,45052.05,576.4599999999919,RESTAURANT,38.03736196319018,7.02,LOW,0.0,N,N,N,N,MASTER_V1.5,2026-06-29,2026-06-29 19:54:02.726587
801,Joseph Ortiz,42,NC,2021-08-07,58,A,CREDIT_DEPENDENT,3251.95,50.0,2,1.0,74133.07,0.0,0.0,78.0,6225.09,-3036.95,GROCERY,29.481923076923078,15.41,LOW,0.0,N,N,N,N,MASTER_V1.5,2026-06-29,2026-06-29 19:54:02.726587
803,Carolyn Smith,24,OH,2021-02-23,64,A,PREMIUM_WEALTH,5338.29,100.0,3,3.0,67605.57,0.0,0.0,144.0,7733.969999999999,9658.269999999999,GROCERY,36.108125,19.36,LOW,0.0,N,N,N,N,MASTER_V1.5,2026-06-29,2026-06-29 19:54:02.726587
813,Jennifer Rios,41,TX,2021-08-24,58,A,PREMIUM_WEALTH,6808.66,75.0,4,3.0,125376.12,25000.0,87.76,178.0,22935.230000000003,-5757.210000000006,TRAVEL,41.01252808988763,28.29,MODERATE,0.0,N,N,N,N,MASTER_V1.5,2026-06-29,2026-06-29 19:54:02.726587
824,Vincent Dillon,80,VT,2024-10-04,20,A,VALUE_BASIC,379.12,100.0,1,1.0,1963.45,2000.0,98.17,49.0,2423.45,40419.12,UTILITIES,32.66,13.09,LOW,0.0,N,Y,Y,N,MASTER_V1.5,2026-06-29,2026-06-29 19:54:02.726587
855,Vanessa Phillips,68,CO,2014-12-09,138,A,GROWING_DIGITAL,8042.92,100.0,2,2.0,115428.97,0.0,0.0,83.0,6354.3,-4333.54,RETAIL,33.7344578313253,19.2,LOW,0.0,N,N,N,N,MASTER_V1.5,2026-06-29,2026-06-29 19:54:02.726587
858,Brandon Christian,79,DE,2022-10-20,44,A,GROWING_DIGITAL,1020.93,100.0,1,1.0,10733.76,0.0,0.0,59.0,4583.48,13479.670000000002,GAS_STATION,40.67,18.45,LOW,0.0,N,Y,N,N,MASTER_V1.5,2026-06-29,2026-06-29 19:54:02.726587
860,Christopher Briggs,43,OR,2024-08-05,22,A,PREMIUM_WEALTH,1883.0,100.0,3,3.0,90409.4,25000.0,74.04,168.0,29337.440000000002,-2809.5800000000017,UTILITIES,33.33214285714286,27.7,MODERATE,0.0,N,N,N,N,MASTER_V1.5,2026-06-29,2026-06-29 19:54:02.726587
866,Gabrielle Roberson,61,RI,2011-12-03,174,A,GROWING_DIGITAL,9275.56,100.0,2,2.0,42683.25,0.0,0.0,93.0,21575.11,-10178.720000000001,GAS_STATION,38.70795698924731,17.82,LOW,0.0,N,N,N,N,MASTER_V1.5,2026-06-29,2026-06-29 19:54:02.726587
876,Jeffrey Schneider,20,AR,2012-03-29,171,A,GROWING_DIGITAL,9794.11,100.0,2,2.0,94380.95,0.0,0.0,99.0,6189.14,8490.09,GROCERY,32.32,16.64,LOW,0.0,N,N,N,N,MASTER_V1.5,2026-06-29,2026-06-29 19:54:02.726587
881,William Clark,44,NV,2016-01-13,125,A,GROWING_DIGITAL,10457.59,100.0,3,3.0,69895.79,10000.0,12.62,88.0,4639.92,10420.64,HEALTHCARE,44.31863636363636,24.33,MODERATE,0.0,N,N,N,N,MASTER_V1.5,2026-06-29,2026-06-29 19:54:02.726587
908,Justin King,35,OH,2013-11-21,151,A,CREDIT_DEPENDENT,4087.49,0.0,1,0.0,50402.67,0.0,0.0,42.0,11342.23,4509.5,RETAIL,35.72,9.45,LOW,0.0,N,N,N,Y,MASTER_V1.5,2026-06-29,2026-06-29 19:54:02.726587
916,Janet Holland,29,AS,2025-02-01,16,A,PREMIUM_WEALTH,1399.61,66.67,3,2.0,116237.47,0.0,0.0,129.0,19093.23,13314.29,TRAVEL,44.183798449612404,10.45,LOW,0.0,N,N,N,N,MASTER_V1.5,2026-06-29,2026-06-29 19:54:02.726587
929,Sean Conway,84,ND,2021-06-21,60,A,ENGAGED_MAINSTREAM,5215.72,100.0,3,3.0,108064.7,2000.0,79.15,111.0,39274.020000000004,-34853.44,GROCERY,37.83432432432433,21.34,MODERATE,0.0,N,N,N,N,MASTER_V1.5,2026-06-29,2026-06-29 19:54:02.726587
945,Kevin Miller,78,FM,2023-03-25,39,A,ENGAGED_MAINSTREAM,2120.78,100.0,2,2.0,52879.62,2000.0,23.92,100.0,24566.39,-11399.72,WIRE_TRANSFER_INTL,37.0019,9.27,LOW,0.0,N,N,N,N,MASTER_V1.5,2026-06-29,2026-06-29 19:54:02.726587
950,Angela Peters,60,MT,2025-08-27,10,A,VALUE_BASIC,246.96,100.0,1,1.0,19505.88,25000.0,78.02,73.0,3743.9,40546.08,UTILITIES,35.620000000000005,10.0,LOW,0.0,N,Y,N,N,MASTER_V1.5,2026-06-29,2026-06-29 19:54:02.726587
957,Corey Swanson,66,MD,2012-06-30,168,A,GROWING_DIGITAL,9842.91,100.0,2,2.0,122730.87,0.0,0.0,88.0,4092.0599999999995,8035.91,RESTAURANT,40.913409090909084,27.64,MODERATE,0.0,N,N,N,N,MASTER_V1.5,2026-06-29,2026-06-29 19:54:02.726587
959,Rachel Stewart,78,PR,2020-09-24,69,A,ENGAGED_MAINSTREAM,8173.34,75.0,4,3.0,139444.06,10000.0,47.68,190.0,34847.29,-19552.31,RETAIL,40.528263157894735,24.41,MODERATE,0.0,N,N,N,N,MASTER_V1.5,2026-06-29,2026-06-29 19:54:02.726587
968,Bonnie Sullivan,51,AR,2011-12-15,174,A,GROWING_DIGITAL,9721.35,100.0,2,2.0,71251.01,0.0,0.0,96.0,19321.809999999998,-5047.459999999997,TRAVEL,42.70875,18.93,LOW,0.0,N,N,N,N,MASTER_V1.5,2026-06-29,2026-06-29 19:54:02.726587
971,Jessica Carter,70,AZ,2023-01-04,41,A,ENGAGED_MAINSTREAM,4599.11,100.0,4,4.0,74409.1,25000.0,77.76,224.0,24661.58,5282.189999999999,HEALTHCARE,41.06892857142858,13.0,LOW,0.0,N,N,N,N,MASTER_V1.5,2026-06-29,2026-06-29 19:54:02.726587
974,Sean White,74,WY,2019-02-28,88,A,ENGAGED_MAINSTREAM,10344.76,75.0,4,3.0,127441.15,25000.0,46.36,190.0,37785.49,8427.120000000003,RETAIL,37.364631578947375,17.9,LOW,0.0,N,N,N,N,MASTER_V1.5,2026-06-29,2026-06-29 19:54:02.726587
984,Cassandra Shaw,52,IA,2018-09-07,93,A,VALUE_BASIC,2036.94,100.0,1,1.0,6380.57,10000.0,63.81,52.0,13393.33,-3065.5699999999997,TRAVEL,38.45999999999999,11.64,LOW,0.0,N,Y,Y,N,MASTER_V1.5,2026-06-29,2026-06-29 19:54:02.726587
988,Jason Martin,53,OR,2018-08-20,94,A,PREMIUM_WEALTH,4849.31,100.0,2,2.0,30263.09,25000.0,92.78,100.0,5942.31,9403.989999999998,UTILITIES,41.9996,15.09,LOW,0.0,N,N,N,N,MASTER_V1.5,2026-06-29,2026-06-29 19:54:02.726587
1005,Kathleen Horton,46,WI,2022-07-20,47,A,VALUE_BASIC,1101.95,100.0,1,1.0,11828.86,15000.0,78.86,25.0,1051.14,156.74,GROCERY,40.0,24.64,MODERATE,0.0,N,Y,N,N,MASTER_V1.5,2026-06-29,2026-06-29 19:54:02.726587
1032,Kelly Arroyo,78,MT,2012-07-27,167,A,ENGAGED_MAINSTREAM,19565.9,100.0,4,4.0,122529.81,5000.0,59.02,204.0,78440.08,-10085.89,WIRE_TRANSFER_INTL,34.31485294117647,9.73,LOW,0.0,N,N,N,N,MASTER_V1.5,2026-06-29,2026-06-29 19:54:02.726587
1042,Renee Porter,22,ID,2021-09-06,57,A,PREMIUM_WEALTH,4914.19,100.0,3,3.0,98240.99,10000.0,33.03,174.0,34527.11,-17651.56,RESTAURANT,43.10229885057472,20.57,MODERATE,0.0,N,N,N,N,MASTER_V1.5,2026-06-29,2026-06-29 19:54:02.726587
1087,Scott Diaz,49,MN,2023-06-30,36,A,GROWING_DIGITAL,2917.38,100.0,3,3.0,49272.88,0.0,0.0,126.0,29476.48,-11808.98,RESTAURANT,33.329206349206345,28.11,MODERATE,0.0,N,N,N,N,MASTER_V1.5,2026-06-29,2026-06-29 19:54:02.726587
1133,Michael Obrien,38,NH,2015-04-23,134,A,GROWING_DIGITAL,7660.86,100.0,2,2.0,92421.77,0.0,0.0,132.0,24963.72,-19048.09,TRAVEL,39.395,17.14,LOW,0.0,N,N,N,N,MASTER_V1.5,2026-06-29,2026-06-29 19:54:02.726587
1157,Rebecca Larson,39,CO,2020-02-01,76,A,VALUE_BASIC,1716.42,100.0,1,1.0,8381.76,10000.0,83.82,60.0,20889.54,-16719.23,GAS_STATION,45.0,10.82,LOW,0.0,N,Y,Y,N,MASTER_V1.5,2026-06-29,2026-06-29 19:54:02.726587
1168,Anita Freeman,76,TN,2013-07-02,155,A,ENGAGED_MAINSTREAM,13359.02,100.0,3,3.0,97892.57,15000.0,53.28,92.0,12240.34,-8507.01,RETAIL,41.300760869565224,9.36,LOW,0.0,N,N,N,N,MASTER_V1.5,2026-06-29,2026-06-29 19:54:02.726587
1183,Alan Price,81,ME,2021-04-04,62,A,GROWING_DIGITAL,1748.71,100.0,1,1.0,79379.36,0.0,0.0,50.0,3686.09,4734.15,TRAVEL,34.0,14.73,LOW,0.0,N,Y,N,N,MASTER_V1.5,2026-06-29,2026-06-29 19:54:02.726587
1202,Kathy Beard,26,AR,2022-05-03,49,A,GROWING_DIGITAL,1361.27,100.0,1,1.0,66999.68,0.0,0.0,17.0,1569.73,-1084.18,ENTERTAINMENT,29.410000000000004,20.45,MODERATE,0.0,N,Y,N,N,MASTER_V1.5,2026-06-29,2026-06-29 19:54:02.726587
1208,Jennifer Brooks,51,CO,2020-07-06,71,A,VALUE_BASIC,4867.45,100.0,3,3.0,9327.77,2000.0,44.58,77.0,12279.41,2407.9799999999996,UTILITIES,37.661818181818184,20.59,MODERATE,0.0,N,N,Y,N,MASTER_V1.5,2026-06-29,2026-06-29 19:54:02.726587
1223,Sharon Horton,77,ND,2023-02-09,40,A,ENGAGED_MAINSTREAM,4662.7,100.0,4,4.0,115466.98,10000.0,71.36,146.0,41453.42,-16703.929999999997,WIRE_TRANSFER_INTL,38.35705479452055,19.09,LOW,0.0,N,N,N,N,MASTER_V1.5,2026-06-29,2026-06-29 19:54:02.726587
1236,Robert Miller,46,DE,2018-08-03,94,A,PREMIUM_WEALTH,7915.17,66.67,3,2.0,75146.28,0.0,0.0,167.0,22899.19,5845.079999999998,HEALTHCARE,38.92311377245509,11.45,LOW,0.0,N,N,N,N,MASTER_V1.5,2026-06-29,2026-06-29 19:54:02.726587
1240,Samantha Williams,29,KY,2015-12-11,126,A,GROWING_DIGITAL,6463.58,100.0,2,2.0,28556.75,0.0,0.0,120.0,26119.29,12392.230000000003,RESTAURANT,32.503499999999995,6.91,LOW,0.0,N,N,N,N,MASTER_V1.5,2026-06-29,2026-06-29 19:54:02.726587
1246,Alison Warren,38,GU,2015-08-02,130,A,GROWING_DIGITAL,3629.6,100.0,1,1.0,70826.88,0.0,0.0,40.0,12861.0,-11833.81,TRAVEL,45.0,27.83,MODERATE,0.0,N,Y,N,N,MASTER_V1.5,2026-06-29,2026-06-29 19:54:02.726587
1254,Lauren Duarte,77,KY,2024-02-22,28,A,GROWING_DIGITAL,1581.91,100.0,2,2.0,80767.21,0.0,0.0,126.0,26217.54,-2452.8300000000017,GROCERY,46.03484126984127,8.64,LOW,0.0,N,N,N,N,MASTER_V1.5,2026-06-29,2026-06-29 19:54:02.726587
1255,Ann Walsh,57,MA,2016-06-20,120,A,GROWING_DIGITAL,8938.87,100.0,3,3.0,20580.04,25000.0,21.77,151.0,23917.97,-7857.5700000000015,RETAIL,44.36516556291391,8.55,LOW,0.0,N,N,N,N,MASTER_V1.5,2026-06-29,2026-06-29 19:54:02.726587
1258,Jennifer Gilbert,39,AS,2016-08-01,118,A,PREMIUM_WEALTH,13814.41,75.0,4,3.0,121434.2,10000.0,91.01,168.0,9351.69,24246.71,RETAIL,36.30732142857143,17.33,LOW,0.0,N,N,N,N,MASTER_V1.5,2026-06-29,2026-06-29 19:54:02.726587
1273,Alexandra Rowe,23,MD,2022-06-02,48,A,GROWING_DIGITAL,1247.92,100.0,1,1.0,32838.71,0.0,0.0,40.0,8177.77,-5066.650000000001,GROCERY,32.5,43.18,ELEVATED,0.0,N,Y,N,N,MASTER_V1.5,2026-06-29,2026-06-29 19:54:02.726587
1276,Adam Randolph,37,NJ,2019-04-14,86,A,PREMIUM_WEALTH,9498.06,75.0,4,3.0,62583.72,15000.0,61.2,201.0,46463.84,-27646.94,RETAIL,42.783184079601995,8.09,LOW,0.0,N,N,N,N,MASTER_V1.5,2026-06-29,2026-06-29 19:54:02.726587
1283,Janet Campbell,64,PA,2013-08-08,154,A,ENGAGED_MAINSTREAM,17801.2,100.0,4,4.0,104738.24,10000.0,79.72,131.0,44582.95,-17077.449999999997,RETAIL,44.27465648854961,10.55,LOW,0.0,N,N,N,N,MASTER_V1.5,2026-06-29,2026-06-29 19:54:02.726587
1294,Nicole Chavez,40,MP,2023-04-05,38,A,GROWING_DIGITAL,975.74,100.0,1,1.0,28881.1,0.0,0.0,68.0,32238.37,-29803.239999999998,RESTAURANT,32.349999999999994,0.91,LOW,0.0,N,Y,N,N,MASTER_V1.5,2026-06-29,2026-06-29 19:54:02.726587
1298,Amanda Morales,41,NH,2023-04-24,38,A,PREMIUM_WEALTH,4377.02,100.0,4,4.0,100555.3,5000.0,29.9,176.0,37659.65,-18720.66,TRAVEL,42.040909090909096,29.91,MODERATE,0.0,N,N,N,N,MASTER_V1.5,2026-06-29,2026-06-29 19:54:02.726587
1301,Kristin Stephens,32,OH,2017-12-26,102,A,PREMIUM_WEALTH,11978.88,100.0,4,4.0,125995.92,25000.0,4.69,224.0,52174.939999999995,-40680.549999999996,GROCERY,38.395223214285714,21.49,MODERATE,0.0,N,N,N,N,MASTER_V1.5,2026-06-29,2026-06-29 19:54:02.726587
1304,Gregory Blanchard,48,MP,2023-10-03,32,A,PREMIUM_WEALTH,2736.14,100.0,3,3.0,89375.48,10000.0,92.3,115.0,25616.72,-18515.780000000002,HEALTHCARE,38.26130434782609,16.73,LOW,0.0,N,N,N,N,MASTER_V1.5,2026-06-29,2026-06-29 19:54:02.726587
1308,Edward Schmidt,85,UT,2013-09-05,153,A,GROWING_DIGITAL,4142.73,100.0,1,1.0,50547.82,0.0,0.0,44.0,25470.61,-24375.84,GROCERY,45.45,0.0,LOW,0.0,N,Y,N,N,MASTER_V1.5,2026-06-29,2026-06-29 19:54:02.726587
1350,Erika Nixon,23,MO,2018-03-09,99,A,GROWING_DIGITAL,2411.03,100.0,1,1.0,17009.55,0.0,0.0,35.0,10659.35,-9397.66,HEALTHCARE,48.57,31.0,MODERATE,0.0,N,Y,N,N,MASTER_V1.5,2026-06-29,2026-06-29 19:54:02.726587
1355,Matthew Vaughn,46,SC,2014-05-26,145,A,VALUE_BASIC,2572.73,100.0,1,1.0,1208.57,2000.0,60.43,23.0,649.47,629.81,EDUCATION,43.480000000000004,19.91,LOW,0.0,N,Y,Y,N,MASTER_V1.5,2026-06-29,2026-06-29 19:54:02.726587
1363,Sharon Fowler,68,PR,2018-06-16,96,A,VALUE_BASIC,2243.38,100.0,1,1.0,11469.28,25000.0,45.88,29.0,1447.58,12894.31,GROCERY,44.830000000000005,10.2,LOW,0.0,N,Y,N,N,MASTER_V1.5,2026-06-29,2026-06-29 19:54:02.726587
1367,Scott Vasquez,21,NY,2015-06-10,132,A,PREMIUM_WEALTH,11249.09,100.0,3,3.0,86053.02,2000.0,60.43,133.0,15566.37,15007.960000000001,RETAIL,30.07548872180451,17.07,LOW,0.0,N,N,N,N,MASTER_V1.5,2026-06-29,2026-06-29 19:54:02.726587
1370,Dakota Jones,24,MT,2022-03-01,51,A,GROWING_DIGITAL,1293.32,100.0,1,1.0,25430.59,0.0,0.0,54.0,10904.39,-9019.05,RESTAURANT,37.03,25.27,MODERATE,0.0,N,Y,N,N,MASTER_V1.5,2026-06-29,2026-06-29 19:54:02.726587
1372,Sarah Ortega,75,MO,2021-01-16,65,A,ENGAGED_MAINSTREAM,5711.6,100.0,3,3.0,122529.98,15000.0,1.21,105.0,16376.720000000001,2720.4500000000007,INSURANCE,41.90438095238095,29.5,MODERATE,0.0,N,N,N,N,MASTER_V1.5,2026-06-29,2026-06-29 19:54:02.726587
1374,Tracy Graham,50,MP,2025-07-06,11,A,GROWING_DIGITAL,632.93,100.0,2,2.0,99493.25,0.0,0.0,122.0,15587.16,10217.29,RETAIL,33.60524590163935,27.77,MODERATE,0.0,N,N,N,N,MASTER_V1.5,2026-06-29,2026-06-29 19:54:02.726587
1375,Kristen Fernandez,28,WV,2023-02-21,40,A,CREDIT_DEPENDENT,1037.79,0.0,1,0.0,32140.5,0.0,0.0,29.0,842.61,8908.97,GROCERY,44.830000000000005,5.18,LOW,0.0,N,N,N,N,MASTER_V1.5,2026-06-29,2026-06-29 19:54:02.726587
1391,Gerald Williams,38,OH,2013-06-09,156,A,GROWING_DIGITAL,9066.34,100.0,2,2.0,111692.81,0.0,0.0,116.0,19807.36,-19.19000000000233,HEALTHCARE,39.65827586206896,31.42,MODERATE,0.0,N,N,N,N,MASTER_V1.5,2026-06-29,2026-06-29 19:54:02.726587
1399,Sara Williams,48,NJ,2018-01-13,101,A,PREMIUM_WEALTH,5368.85,100.0,2,2.0,41414.55,25000.0,59.11,103.0,15425.35,3234.999999999998,UTILITIES,38.83291262135922,21.82,MODERATE,0.0,N,N,N,N,MASTER_V1.5,2026-06-29,2026-06-29 19:54:02.726587
1406,Kimberly Bailey,21,AZ,2020-11-05,67,A,PREMIUM_WEALTH,7573.25,50.0,4,2.0,81093.4,2000.0,53.52,176.0,29790.49,6418.039999999997,TRAVEL,40.91380681818181,15.91,LOW,0.0,N,N,N,N,MASTER_V1.5,2026-06-29,2026-06-29 19:54:02.726587
1434,Christopher Castillo,65,NM,2021-02-24,64,A,VALUE_BASIC,1352.08,100.0,1,1.0,4677.36,10000.0,46.77,61.0,22558.84,-12631.56,UTILITIES,32.78,22.29,MODERATE,0.0,N,Y,Y,N,MASTER_V1.5,2026-06-29,2026-06-29 19:54:02.726587
1463,Garrett Glass,61,MO,2018-04-17,98,A,ENGAGED_MAINSTREAM,11782.83,100.0,4,4.0,166591.18,2000.0,45.79,180.0,25252.29,-13094.750000000002,TRAVEL,35.00144444444444,13.8,LOW,0.0,N,N,N,N,MASTER_V1.5,2026-06-29,2026-06-29 19:54:02.726587
1477,Jeffrey Walls,42,RI,2020-03-12,75,A,VALUE_BASIC,1614.12,100.0,1,1.0,5478.79,0.0,0.0,34.0,2724.98,-1504.8,GAS_STATION,38.239999999999995,2.0,LOW,0.0,N,Y,Y,N,MASTER_V1.5,2026-06-29,2026-06-29 19:54:02.726587
1484,Keith Shaffer,18,AZ,2023-06-25,36,A,GROWING_DIGITAL,1963.52,100.0,2,2.0,54634.38,0.0,0.0,54.0,2779.54,13329.82,GROCERY,42.590555555555554,12.09,LOW,0.0,N,N,N,N,MASTER_V1.5,2026-06-29,2026-06-29 19:54:02.726587
1491,Mary Torres,82,CT,2023-10-26,32,A,VALUE_BASIC,738.11,100.0,1,1.0,10161.42,15000.0,67.74,16.0,715.45,491.39999999999986,TRAVEL,50.0,9.45,LOW,0.0,N,Y,N,N,MASTER_V1.5,2026-06-29,2026-06-29 19:54:02.726587
1508,Jacob Prince,75,NY,2014-10-15,140,A,ENGAGED_MAINSTREAM,11469.52,100.0,3,3.0,55456.31,15000.0,23.16,126.0,19141.93,-13123.1,HEALTHCARE,35.71460317460317,13.09,LOW,0.0,N,N,N,N,MASTER_V1.5,2026-06-29,2026-06-29 19:54:02.726587
1510,Daniel Stevens,48,MT,2022-10-10,44,A,VALUE_BASIC,970.92,100.0,1,1.0,6812.72,25000.0,27.25,67.0,28638.94,-24473.0,GROCERY,49.26,10.55,LOW,0.0,N,Y,Y,N,MASTER_V1.5,2026-06-29,2026-06-29 19:54:02.726587
1526,Jason Gordon,20,ME,2012-12-17,162,A,PREMIUM_WEALTH,19292.79,100.0,4,4.0,148617.66,10000.0,35.35,114.0,22374.239999999998,-17088.5,TRAVEL,38.59622807017544,25.27,MODERATE,0.0,N,N,N,N,MASTER_V1.5,2026-06-29,2026-06-29 19:54:02.726587
1529,Daniel Rollins,71,SD,2014-11-19,139,A,ENGAGED_MAINSTREAM,16275.22,50.0,4,2.0,121636.41,10000.0,31.97,133.0,52836.91,-31725.320000000003,RETAIL,36.84360902255639,5.45,LOW,0.0,N,N,N,N,MASTER_V1.5,2026-06-29,2026-06-29 19:54:02.726587
1553,Janice Henry,27,WA,2016-01-05,125,A,GROWING_DIGITAL,3393.51,100.0,1,1.0,52012.01,0.0,0.0,50.0,3567.14,-1256.6,GROCERY,36.0,24.78,MODERATE,0.0,N,Y,N,N,MASTER_V1.5,2026-06-29,2026-06-29 19:54:02.726587
1568,Christina Cox,34,WA,2016-07-22,119,A,CREDIT_DEPENDENT,6603.19,50.0,2,1.0,66025.75,0.0,0.0,116.0,22656.86,-18538.57,RESTAURANT,47.413103448275855,20.0,MODERATE,0.0,N,N,N,N,MASTER_V1.5,2026-06-29,2026-06-29 19:54:02.726587
1571,Jeremiah Newton,18,NH,2017-06-27,108,A,PREMIUM_WEALTH,8936.74,100.0,3,3.0,61884.0,25000.0,35.42,118.0,5887.35,32391.640000000007,RETAIL,32.207966101694915,24.18,MODERATE,0.0,N,N,N,N,MASTER_V1.5,2026-06-29,2026-06-29 19:54:02.726587
1579,Christina Hammond,22,MP,2019-06-09,84,A,PREMIUM_WEALTH,9690.47,75.0,4,3.0,102362.04,15000.0,84.26,155.0,21146.699999999997,28233.600000000006,UTILITIES,36.13232258064516,16.82,LOW,0.0,N,N,N,N,MASTER_V1.5,2026-06-29,2026-06-29 19:54:02.726587
1594,Johnathan Wilkerson,21,PW,2025-05-22,13,A,CREDIT_DEPENDENT,767.43,50.0,2,1.0,134139.75,0.0,0.0,57.0,3926.2299999999996,7515.23,RESTAURANT,42.11087719298246,9.82,LOW,0.0,N,N,N,N,MASTER_V1.5,2026-06-29,2026-06-29 19:54:02.726587
1603,Kristina Allen,22,MP,2021-10-17,56,A,PREMIUM_WEALTH,6607.48,100.0,4,4.0,133128.88,10000.0,8.65,134.0,19491.61,4140.700000000001,UTILITIES,28.35694029850746,17.91,LOW,0.0,N,N,N,N,MASTER_V1.5,2026-06-29,2026-06-29 19:54:02.726587
1604,Susan Cox,48,CO,2016-02-08,124,A,GROWING_DIGITAL,3397.29,100.0,1,1.0,57469.81,0.0,0.0,58.0,3418.2,-74.98999999999978,RETAIL,25.86,5.0,LOW,0.0,N,Y,N,N,MASTER_V1.5,2026-06-29,2026-06-29 19:54:02.726587
1620,James Perry,30,SD,2023-06-02,36,A,GROWING_DIGITAL,882.35,100.0,1,1.0,18104.43,0.0,0.0,54.0,13729.49,-5412.449999999999,GAS_STATION,40.74,9.0,LOW,0.0,N,Y,N,N,MASTER_V1.5,2026-06-29,2026-06-29 19:54:02.726587
1634,Jennifer Erickson,39,FM,2021-09-26,57,A,GROWING_DIGITAL,2911.96,100.0,2,2.0,27375.89,0.0,0.0,85.0,31157.300000000003,-9800.54,UTILITIES,40.0,21.6,MODERATE,0.0,N,N,N,N,MASTER_V1.5,2026-06-29,2026-06-29 19:54:02.726587
1651,David Davis,28,CO,2024-06-03,24,A,PREMIUM_WEALTH,2761.2,100.0,4,4.0,99209.01,15000.0,67.38,224.0,63522.2,-20936.489999999998,TRAVEL,41.07004464285715,9.0,LOW,0.0,N,N,N,N,MASTER_V1.5,2026-06-29,2026-06-29 19:54:02.726587
1653,Brenda Silva,67,ID,2024-10-12,20,A,CREDIT_DEPENDENT,1135.44,50.0,2,1.0,85337.81,0.0,0.0,108.0,36224.96,-32329.829999999998,RETAIL,37.96111111111111,15.58,LOW,0.0,N,N,N,N,MASTER_V1.5,2026-06-29,2026-06-29 19:54:02.726587
1659,Adam Booker,21,WA,2020-05-09,73,A,PREMIUM_WEALTH,6439.22,100.0,3,3.0,128171.35,0.0,0.0,95.0,40939.39,-30763.55,RESTAURANT,30.52642105263158,18.87,LOW,0.0,N,N,N,N,MASTER_V1.5,2026-06-29,2026-06-29 19:54:02.726587
1660,Mark Dennis,41,TX,2025-09-04,9,A,PREMIUM_WEALTH,707.29,100.0,3,3.0,35540.76,2000.0,29.04,129.0,58304.8,-48575.740000000005,RETAIL,31.78023255813953,19.18,LOW,0.0,N,N,N,N,MASTER_V1.5,2026-06-29,2026-06-29 19:54:02.726587
1676,Charles Williams,65,UT,2012-03-15,171,A,CREDIT_DEPENDENT,9038.07,0.0,2,0.0,38981.43,0.0,0.0,108.0,13560.56,12243.550000000001,RESTAURANT,47.225,0.0,LOW,0.0,N,N,N,Y,MASTER_V1.5,2026-06-29,2026-06-29 19:54:02.726587
1678,Jonathan Miller,47,MI,2015-04-09,134,A,PREMIUM_WEALTH,9843.18,100.0,3,3.0,17929.54,15000.0,55.54,110.0,43241.0,-32025.82,RESTAURANT,41.81654545454545,12.09,LOW,0.0,N,N,N,N,MASTER_V1.5,2026-06-29,2026-06-29 19:54:02.726587
1683,Julie Munoz,72,IA,2014-04-02,146,A,ENGAGED_MAINSTREAM,11966.37,100.0,3,3.0,55725.34,2000.0,83.79,121.0,15158.060000000001,14388.229999999996,RETAIL,38.01628099173554,19.55,LOW,0.0,N,N,N,N,MASTER_V1.5,2026-06-29,2026-06-29 19:54:02.726587
1690,Deborah Santos,27,AL,2014-08-12,142,A,GROWING_DIGITAL,8193.17,100.0,2,2.0,102710.65,0.0,0.0,116.0,42991.6,-38948.93,RESTAURANT,38.79370689655172,5.82,LOW,0.0,N,N,N,N,MASTER_V1.5,2026-06-29,2026-06-29 19:54:02.726587
1708,Kara Estrada,43,OH,2015-09-15,129,A,GROWING_DIGITAL,6943.31,100.0,2,2.0,47326.61,0.0,0.0,65.0,19304.08,-15746.530000000002,TRAVEL,26.15676923076923,12.91,LOW,0.0,N,N,N,N,MASTER_V1.5,2026-06-29,2026-06-29 19:54:02.726587
1721,William Oconnor,65,MT,2018-01-28,101,A,ENGAGED_MAINSTREAM,11922.81,75.0,4,3.0,133888.39,25000.0,68.02,149.0,58057.65,-40487.29,UTILITIES,38.9286577181208,8.91,LOW,0.0,N,N,N,N,MASTER_V1.5,2026-06-29,2026-06-29 19:54:02.726587
1740,David Braun,36,MI,2022-07-13,47,A,GROWING_DIGITAL,2750.87,100.0,2,2.0,121276.56,0.0,0.0,82.0,5632.75,8179.049999999999,RETAIL,39.02987804878049,10.82,LOW,0.0,N,N,N,N,MASTER_V1.5,2026-06-29,2026-06-29 19:54:02.726587
1788,Richard Washington,81,RI,2018-06-04,96,A,ENGAGED_MAINSTREAM,11095.38,100.0,4,4.0,104577.88,15000.0,4.17,119.0,6425.77,14142.07,RESTAURANT,36.97588235294117,22.36,MODERATE,0.0,N,N,N,N,MASTER_V1.5,2026-06-29,2026-06-29 19:54:02.726587
1794,Aaron Marshall,24,FL,2018-03-25,99,A,GROWING_DIGITAL,5463.58,100.0,2,2.0,62164.24,0.0,0.0,90.0,14263.38,-11025.9,RETAIL,37.775777777777776,13.55,LOW,0.0,N,N,N,N,MASTER_V1.5,2026-06-29,2026-06-29 19:54:02.726587
1810,Alan Ford,34,WV,2021-11-21,55,A,PREMIUM_WEALTH,6337.77,50.0,4,2.0,101034.08,2000.0,4.87,192.0,56478.32,-27941.12,TRAVEL,35.418124999999996,17.55,LOW,0.0,N,N,N,N,MASTER_V1.5,2026-06-29,2026-06-29 19:54:02.726587
1837,Erica Hansen,43,MA,2012-06-21,168,A,GROWING_DIGITAL,4441.68,100.0,1,1.0,39161.02,0.0,0.0,39.0,3014.35,20349.890000000003,GROCERY,48.72,28.27,MODERATE,0.0,N,Y,N,N,MASTER_V1.5,2026-06-29,2026-06-29 19:54:02.726587
1838,Cody Walton,65,NC,2017-03-07,111,A,ENGAGED_MAINSTREAM,11795.31,100.0,4,4.0,41208.9,5000.0,17.02,205.0,30176.809999999998,36271.240000000005,UTILITIES,34.634926829268295,26.27,MODERATE,0.0,N,N,N,N,MASTER_V1.5,2026-06-29,2026-06-29 19:54:02.726587
1842,Curtis Larson,63,AS,2014-05-12,145,A,VALUE_BASIC,3037.7,100.0,1,1.0,4358.4,10000.0,43.58,71.0,18451.4,-2386.8200000000015,UTILITIES,43.66,25.27,MODERATE,0.0,N,Y,Y,N,MASTER_V1.5,2026-06-29,2026-06-29 19:54:02.726587
1848,Miguel Smith,64,VT,2016-08-09,118,A,ENGAGED_MAINSTREAM,14117.92,100.0,4,4.0,157052.47,15000.0,91.0,181.0,30073.34,16433.77,UTILITIES,35.91160220994475,17.45,LOW,0.0,N,N,N,N,MASTER_V1.5,2026-06-29,2026-06-29 19:54:02.726587
1850,Robert Gonzalez,29,AL,2024-04-20,26,A,PREMIUM_WEALTH,2989.97,100.0,4,4.0,98706.26,25000.0,59.26,166.0,38389.01,-5790.150000000005,RETAIL,35.544036144578314,17.05,LOW,0.0,N,N,N,N,MASTER_V1.5,2026-06-29,2026-06-29 19:54:02.726587
1861,Nicole Higgins,72,PR,2014-02-01,148,A,GROWING_DIGITAL,8131.47,100.0,2,2.0,59188.19,0.0,0.0,86.0,21909.29,-18884.63,RESTAURANT,41.86081395348837,18.45,LOW,0.0,N,N,N,N,MASTER_V1.5,2026-06-29,2026-06-29 19:54:02.726587
1867,Drew Glass,26,WA,2012-06-19,168,A,GROWING_DIGITAL,7784.2,100.0,2,2.0,10582.0,10000.0,2.37,115.0,25518.48,-14880.89,UTILITIES,36.52469565217391,17.45,LOW,0.0,N,N,N,N,MASTER_V1.5,2026-06-29,2026-06-29 19:54:02.726587
1873,Elizabeth Brown,80,PA,2018-07-06,95,A,ENGAGED_MAINSTREAM,11391.08,100.0,4,4.0,161233.07,15000.0,13.05,218.0,18634.14,11456.990000000002,RETAIL,35.77591743119266,5.64,LOW,0.0,N,N,N,N,MASTER_V1.5,2026-06-29,2026-06-29 19:54:02.726587
1879,Ashley Walls,64,CO,2024-09-30,21,A,ENGAGED_MAINSTREAM,1809.75,100.0,3,3.0,97777.75,5000.0,51.66,126.0,20540.97,-6184.92,RETAIL,34.131666666666675,7.82,LOW,0.0,N,N,N,N,MASTER_V1.5,2026-06-29,2026-06-29 19:54:02.726587
1881,Brandy Marshall,55,NY,2016-09-25,117,A,ENGAGED_MAINSTREAM,10328.0,66.67,3,2.0,129288.29,25000.0,92.71,119.0,21199.01,-15472.859999999997,UTILITIES,37.81075630252101,14.36,LOW,0.0,N,N,N,N,MASTER_V1.5,2026-06-29,2026-06-29 19:54:02.726587
1905,Patricia Davis,47,NM,2018-03-24,99,A,GROWING_DIGITAL,8711.92,100.0,3,3.0,124645.55,0.0,0.0,159.0,31139.18,4441.07,TRAVEL,32.075094339622645,15.42,LOW,0.0,N,N,N,N,MASTER_V1.5,2026-06-29,2026-06-29 19:54:02.726587
1920,Stephen Bartlett,25,PA,2022-06-06,48,A,PREMIUM_WEALTH,2656.47,100.0,2,2.0,64127.62,10000.0,67.92,86.0,18056.38,-13860.16,UTILITIES,41.86302325581395,36.64,MODERATE,0.0,N,N,N,N,MASTER_V1.5,2026-06-29,2026-06-29 19:54:02.726587
1921,Phillip Bautista,73,VT,2019-12-22,78,A,GROWING_DIGITAL,4456.19,100.0,2,2.0,91687.05,0.0,0.0,125.0,16788.97,2201.209999999999,INSURANCE,36.80120000000001,11.58,LOW,0.0,N,N,N,N,MASTER_V1.5,2026-06-29,2026-06-29 19:54:02.726587
1931,Donald Hoover,69,GU,2025-08-30,10,A,ENGAGED_MAINSTREAM,1147.09,75.0,4,3.0,95882.99,2000.0,13.14,233.0,66698.17,-27844.229999999996,TRAVEL,36.04703862660944,8.82,LOW,0.0,N,N,N,N,MASTER_V1.5,2026-06-29,2026-06-29 19:54:02.726587
1939,John Davis,23,FM,2017-01-29,113,A,PREMIUM_WEALTH,13710.59,100.0,4,4.0,185955.94,15000.0,44.91,155.0,10502.4,6881.42,RETAIL,43.22670967741936,5.91,LOW,0.0,N,N,N,N,MASTER_V1.5,2026-06-29,2026-06-29 19:54:02.726587
1984,Debra House,39,WI,2021-11-17,55,A,VALUE_BASIC,1244.22,100.0,1,1.0,8509.15,0.0,0.0,26.0,9481.99,-7921.96,TRAVEL,34.62,14.18,LOW,0.0,N,Y,Y,N,MASTER_V1.5,2026-06-29,2026-06-29 19:54:02.726587
1992,Patrick Parker,20,FM,2021-04-25,62,A,GROWING_DIGITAL,1681.73,100.0,1,1.0,51526.12,0.0,0.0,18.0,469.74,11395.11,RESTAURANT,55.55,17.64,LOW,0.0,N,Y,N,N,MASTER_V1.5,2026-06-29,2026-06-29 19:54:02.726587
1995,Raymond Parker,35,FL,2025-05-13,13,A,PREMIUM_WEALTH,1452.12,100.0,4,4.0,70980.75,15000.0,39.8,219.0,42041.9,5362.010000000002,RESTAURANT,33.33771689497717,19.09,LOW,0.0,N,N,N,N,MASTER_V1.5,2026-06-29,2026-06-29 19:54:02.726587
2000,Ian Malone,73,ND,2012-05-15,169,A,ENGAGED_MAINSTREAM,8937.95,100.0,2,2.0,39240.36,10000.0,64.85,91.0,11854.3,-6454.98,RETAIL,39.56186813186813,1.64,LOW,0.0,N,N,N,N,MASTER_V1.5,2026-06-29,2026-06-29 19:54:02.726587
2033,Christopher Davis,70,IA,2013-03-20,159,A,GROWING_DIGITAL,8557.85,100.0,2,2.0,47315.38,0.0,0.0,87.0,26196.95,-16163.000000000002,GAS_STATION,42.52620689655172,21.27,MODERATE,0.0,N,N,N,N,MASTER_V1.5,2026-06-29,2026-06-29 19:54:02.726587
2037,Michael Shelton,19,WA,2016-04-04,122,A,CREDIT_DEPENDENT,6965.33,50.0,2,1.0,90996.22,0.0,0.0,125.0,26655.44,-13468.789999999999,GAS_STATION,38.39592,5.82,LOW,0.0,N,N,N,N,MASTER_V1.5,2026-06-29,2026-06-29 19:54:02.726587
2039,Steven Thomas,59,GU,2019-07-10,83,A,ENGAGED_MAINSTREAM,7260.56,66.67,3,2.0,116255.61,15000.0,92.91,134.0,18738.149999999998,-12337.309999999998,RETAIL,44.0310447761194,16.09,LOW,0.0,N,N,N,N,MASTER_V1.5,2026-06-29,2026-06-29 19:54:02.726587
2044,Janet Bennett,29,ME,2018-11-16,91,A,VALUE_BASIC,1337.53,100.0,1,1.0,357.54,2000.0,17.88,38.0,1960.3,707.8999999999999,GROCERY,36.84,10.73,LOW,0.0,N,Y,N,N,MASTER_V1.5,2026-06-29,2026-06-29 19:54:02.726587
2068,Ashley Garcia,42,NM,2017-12-16,102,A,CREDIT_DEPENDENT,5408.09,50.0,2,1.0,40299.88,5000.0,30.85,82.0,40123.56,-29664.6,RETAIL,25.60280487804878,7.09,LOW,0.0,N,N,N,N,MASTER_V1.5,2026-06-29,2026-06-29 19:54:02.726587
2073,Henry George,20,GU,2024-11-18,19,A,PREMIUM_WEALTH,1017.2,100.0,2,2.0,44684.31,25000.0,54.8,57.0,3097.95,-654.0099999999998,HEALTHCARE,33.330000000000005,15.91,LOW,0.0,N,N,N,N,MASTER_V1.5,2026-06-29,2026-06-29 19:54:02.726587
2078,Sophia Stone,85,WY,2015-12-22,126,A,CREDIT_DEPENDENT,3238.83,0.0,1,0.0,29202.23,0.0,0.0,75.0,6311.76,6540.58,RETAIL,36.0,2.18,LOW,0.0,N,N,N,Y,MASTER_V1.5,2026-06-29,2026-06-29 19:54:02.726587
2085,Ricardo Miller,59,SC,2024-12-21,18,A,VALUE_BASIC,435.13,100.0,1,1.0,15830.06,25000.0,63.32,46.0,1386.5,2522.2,GROCERY,34.78,0.0,LOW,0.0,N,Y,N,N,MASTER_V1.5,2026-06-29,2026-06-29 19:54:02.726587
2099,Brooke Atkinson,20,OK,2019-06-04,84,A,PREMIUM_WEALTH,7217.84,100.0,3,3.0,94551.14,25000.0,65.01,125.0,41889.25,-37363.07,RETAIL,36.8016,18.91,LOW,0.0,N,N,N,N,MASTER_V1.5,2026-06-29,2026-06-29 19:54:02.726587
2104,Wayne Hill,19,CT,2023-05-27,37,A,GROWING_DIGITAL,1034.67,100.0,1,1.0,72090.28,0.0,0.0,45.0,10510.38,2855.380000000001,WIRE_TRANSFER_INTL,37.78,24.55,MODERATE,0.0,N,Y,N,N,MASTER_V1.5,2026-06-29,2026-06-29 19:54:02.726587
2130,Michael Hamilton,29,TX,2013-11-26,151,A,PREMIUM_WEALTH,17943.0,100.0,4,4.0,144752.45,2000.0,83.81,234.0,40513.479999999996,-5715.899999999994,RETAIL,35.89666666666667,6.88,LOW,0.0,N,N,N,N,MASTER_V1.5,2026-06-29,2026-06-29 19:54:02.726587
2134,Andrea Marsh,67,AR,2017-10-09,104,A,GROWING_DIGITAL,2821.13,100.0,1,1.0,51559.91,0.0,0.0,39.0,2031.99,652.1200000000001,UTILITIES,56.41,20.84,MODERATE,0.0,N,Y,N,N,MASTER_V1.5,2026-06-29,2026-06-29 19:54:02.726587
2138,Joel Gregory,52,VT,2022-12-09,42,A,GROWING_DIGITAL,2127.76,100.0,2,2.0,25139.32,10000.0,58.15,117.0,35770.06,-20082.739999999998,GROCERY,29.909487179487183,0.91,LOW,0.0,N,N,N,N,MASTER_V1.5,2026-06-29,2026-06-29 19:54:02.726587
2158,Rhonda Pena,77,WV,2020-03-29,75,A,ENGAGED_MAINSTREAM,5841.14,100.0,3,3.0,32345.99,2000.0,56.36,124.0,33968.729999999996,-20234.92,UTILITIES,28.22153225806452,11.05,LOW,0.0,N,N,N,N,MASTER_V1.5,2026-06-29,2026-06-29 19:54:02.726587
2168,Teresa Martin,39,PR,2024-06-22,24,A,PREMIUM_WEALTH,2746.94,50.0,4,2.0,93488.32,5000.0,22.33,176.0,32660.739999999998,-6309.7099999999955,UTILITIES,36.93045454545455,10.46,LOW,0.0,N,N,N,N,MASTER_V1.5,2026-06-29,2026-06-29 19:54:02.726587
2177,Miguel Miller,62,MA,2020-07-08,71,A,ENGAGED_MAINSTREAM,6133.01,66.67,3,2.0,100448.32,0.0,0.0,140.0,46791.94,-27253.280000000002,RETAIL,36.43307142857143,18.05,LOW,0.0,N,N,N,N,MASTER_V1.5,2026-06-29,2026-06-29 19:54:02.726587
2179,Brian Cabrera,44,FL,2016-05-01,121,A,VALUE_BASIC,1951.54,100.0,1,1.0,633.58,2000.0,31.68,63.0,14491.08,-11331.3,GROCERY,46.03,20.73,MODERATE,0.0,N,Y,N,N,MASTER_V1.5,2026-06-29,2026-06-29 19:54:02.726587
2209,Sarah Cochran,24,AZ,2021-05-12,61,A,PREMIUM_WEALTH,5520.33,100.0,3,3.0,173909.43,0.0,0.0,104.0,16728.170000000002,3707.209999999999,TRAVEL,37.49923076923077,19.67,LOW,0.0,N,N,N,N,MASTER_V1.5,2026-06-29,2026-06-29 19:54:02.726587
2213,Joshua Davis,46,OR,2025-10-21,8,A,PREMIUM_WEALTH,957.59,100.0,4,4.0,157918.55,5000.0,84.3,171.0,19223.780000000002,111.05999999999767,UTILITIES,36.841520467836254,20.16,MODERATE,0.0,N,N,N,N,MASTER_V1.5,2026-06-29,2026-06-29 19:54:02.726587
2223,Melissa Bonilla,65,SD,2013-08-22,154,A,ENGAGED_MAINSTREAM,17346.38,100.0,4,4.0,77954.45,15000.0,87.97,162.0,17331.92,15836.910000000003,RESTAURANT,41.97716049382716,16.36,LOW,0.0,N,N,N,N,MASTER_V1.5,2026-06-29,2026-06-29 19:54:02.726587
2228,Christian Jones,83,SD,2016-12-09,114,A,ENGAGED_MAINSTREAM,10027.69,100.0,3,3.0,124031.22,0.0,0.0,133.0,28734.73,-21193.04,HEALTHCARE,37.58984962406015,13.36,LOW,0.0,N,N,N,N,MASTER_V1.5,2026-06-29,2026-06-29 19:54:02.726587
2239,Lawrence May,30,NY,2018-06-24,96,A,GROWING_DIGITAL,5378.97,100.0,2,2.0,73584.22,0.0,0.0,112.0,14754.650000000001,-8505.060000000001,RETAIL,44.643125,19.64,LOW,0.0,N,N,N,N,MASTER_V1.5,2026-06-29,2026-06-29 19:54:02.726587
2242,Julian Weaver,28,CA,2011-11-28,175,A,GROWING_DIGITAL,4396.35,100.0,1,1.0,23128.13,0.0,0.0,48.0,13166.71,-12049.849999999999,RESTAURANT,43.75,17.25,LOW,0.0,N,Y,N,N,MASTER_V1.5,2026-06-29,2026-06-29 19:54:02.726587
2251,Kelly Hernandez,46,KY,2024-03-14,27,A,CREDIT_DEPENDENT,1520.29,50.0,2,1.0,77761.0,5000.0,94.5,79.0,15965.15,-12933.08,GROCERY,39.23860759493671,3.68,LOW,0.0,N,N,N,N,MASTER_V1.5,2026-06-29,2026-06-29 19:54:02.726587
2265,Michele Morales,47,MO,2012-01-30,173,A,GROWING_DIGITAL,4389.22,100.0,1,1.0,25552.26,0.0,0.0,20.0,1412.02,14507.05,GAS_STATION,45.0,8.55,LOW,0.0,N,Y,N,N,MASTER_V1.5,2026-06-29,2026-06-29 19:54:02.726587
2269,Joyce Sanchez,43,CO,2021-02-04,64,A,PREMIUM_WEALTH,7229.37,100.0,4,4.0,80490.08,15000.0,70.17,180.0,41835.28,-7239.479999999996,RESTAURANT,33.33494444444444,19.32,LOW,0.0,N,N,N,N,MASTER_V1.5,2026-06-29,2026-06-29 19:54:02.726587
2276,Joshua Johnson,38,OK,2018-08-05,94,A,CREDIT_DEPENDENT,2584.61,0.0,1,0.0,59774.35,0.0,0.0,17.0,11712.32,-10482.99,HEALTHCARE,35.29,11.27,LOW,0.0,N,N,N,Y,MASTER_V1.5,2026-06-29,2026-06-29 19:54:02.726587
2277,Danielle Flores,75,KS,2018-07-02,95,A,ENGAGED_MAINSTREAM,11466.89,100.0,4,4.0,174627.83,10000.0,54.41,122.0,8593.62,-4438.630000000001,RETAIL,40.16254098360656,23.55,MODERATE,0.0,N,N,N,N,MASTER_V1.5,2026-06-29,2026-06-29 19:54:02.726587
2303,Wanda Shaffer,23,WI,2024-04-10,26,A,VALUE_BASIC,0.0,0.0,1,0.0,-374.03,0.0,0.0,28.0,1575.12,6236.75,TRAVEL,32.14,18.0,LOW,0.0,N,N,N,N,MASTER_V1.5,2026-06-29,2026-06-29 19:54:02.726587
2320,Courtney Green,32,ID,2024-01-25,29,A,VALUE_BASIC,1388.62,100.0,2,2.0,14424.34,25000.0,39.26,84.0,22134.96,-1648.699999999997,RETAIL,39.28607142857143,35.18,MODERATE,0.0,N,N,N,N,MASTER_V1.5,2026-06-29,2026-06-29 19:54:02.726587
2337,James Johnson,35,FL,2025-04-24,14,A,PREMIUM_WEALTH,1612.87,50.0,4,2.0,100762.48,15000.0,64.55,153.0,20783.15,1915.7799999999952,INSURANCE,31.371503267973853,20.18,MODERATE,0.0,N,N,N,N,MASTER_V1.5,2026-06-29,2026-06-29 19:54:02.726587
2353,Lucas Smith,33,PR,2013-04-25,158,A,PREMIUM_WEALTH,13624.54,100.0,3,3.0,98469.46,10000.0,42.54,171.0,30781.17,-15459.539999999997,RETAIL,39.178947368421056,15.82,LOW,0.0,N,N,N,N,MASTER_V1.5,2026-06-29,2026-06-29 19:54:02.726587
2369,Daniel Morris,82,PR,2011-08-24,178,A,ENGAGED_MAINSTREAM,9690.11,100.0,2,2.0,53517.65,25000.0,62.3,97.0,13028.53,7791.58,UTILITIES,45.36113402061856,19.39,LOW,0.0,N,N,N,N,MASTER_V1.5,2026-06-29,2026-06-29 19:54:02.726587
2375,David Atkins,76,MH,2018-05-13,97,A,VALUE_BASIC,2421.32,100.0,1,1.0,21694.5,25000.0,86.78,43.0,2527.35,53.51999999999998,RETAIL,25.58,14.0,LOW,0.0,N,Y,N,N,MASTER_V1.5,2026-06-29,2026-06-29 19:54:02.726587
2384,Larry Gibson,27,AR,2022-11-01,43,A,PREMIUM_WEALTH,3704.98,100.0,3,3.0,97567.39,25000.0,79.82,161.0,22981.280000000002,-7194.130000000003,TRAVEL,36.64472049689441,18.18,LOW,0.0,N,N,N,N,MASTER_V1.5,2026-06-29,2026-06-29 19:54:02.726587
2385,Robin Robinson,75,TX,2019-01-07,89,A,ENGAGED_MAINSTREAM,10311.91,100.0,4,4.0,107626.02,5000.0,81.68,157.0,39857.33,-22366.960000000003,INSURANCE,35.66535031847134,14.09,LOW,0.0,N,N,N,N,MASTER_V1.5,2026-06-29,2026-06-29 19:54:02.726587
2389,John Shannon,26,CT,2022-08-09,46,A,GROWING_DIGITAL,2607.94,100.0,2,2.0,84023.6,0.0,0.0,50.0,13708.039999999999,4021.0300000000007,RETAIL,20.001199999999997,16.06,LOW,0.0,N,N,N,N,MASTER_V1.5,2026-06-29,2026-06-29 19:54:02.726587
2418,Natalie Shelton,42,TX,2025-11-22,7,A,PREMIUM_WEALTH,559.78,100.0,3,3.0,42725.42,25000.0,17.37,168.0,45072.38,-130.98999999999796,UTILITIES,32.73833333333333,23.24,MODERATE,0.0,N,N,N,N,MASTER_V1.5,2026-06-29,2026-06-29 19:54:02.726587
2423,Laura Roberts,55,NY,2025-12-07,6,A,GROWING_DIGITAL,304.11,100.0,2,2.0,25256.69,0.0,0.0,137.0,9300.630000000001,6629.450000000001,HEALTHCARE,37.955474452554746,21.81,MODERATE,0.0,N,N,N,N,MASTER_V1.5,2026-06-29,2026-06-29 19:54:02.726587
2436,Derek Spencer,39,WV,2014-06-20,144,A,GROWING_DIGITAL,8456.77,100.0,2,2.0,126187.02,0.0,0.0,117.0,7035.030000000001,-2099.3900000000003,UTILITIES,33.32888888888888,18.09,LOW,0.0,N,N,N,N,MASTER_V1.5,2026-06-29,2026-06-29 19:54:02.726587
2448,Bruce Yang,53,FL,2016-06-07,120,A,CREDIT_DEPENDENT,2937.95,0.0,1,0.0,17910.83,0.0,0.0,64.0,32012.84,-9500.91,RESTAURANT,31.25,12.82,LOW,0.0,N,N,N,Y,MASTER_V1.5,2026-06-29,2026-06-29 19:54:02.726587
2470,Phillip Hendricks,34,MN,2016-01-04,125,A,PREMIUM_WEALTH,10595.08,66.67,3,2.0,80936.6,10000.0,71.15,143.0,7680.469999999999,8274.110000000002,RESTAURANT,35.66216783216783,31.18,MODERATE,0.0,N,N,N,N,MASTER_V1.5,2026-06-29,2026-06-29 19:54:02.726587
2503,Andrea Potts,44,IL,2012-09-10,165,A,GROWING_DIGITAL,4489.06,100.0,1,1.0,53240.8,0.0,0.0,62.0,11387.56,-9306.259999999998,HEALTHCARE,37.1,15.84,LOW,0.0,N,Y,N,N,MASTER_V1.5,2026-06-29,2026-06-29 19:54:02.726587
2513,Vicki Smith,32,VI,2019-12-19,78,A,PREMIUM_WEALTH,9320.8,100.0,4,4.0,154777.68,15000.0,83.86,149.0,15682.039999999999,17694.61,RETAIL,43.62040268456377,15.0,LOW,0.0,N,N,N,N,MASTER_V1.5,2026-06-29,2026-06-29 19:54:02.726587
2521,Brian Mccullough,38,CO,2019-01-01,89,A,PREMIUM_WEALTH,7783.73,100.0,3,3.0,115962.38,15000.0,81.1,133.0,20630.78,3930.09,GROCERY,46.61954887218045,24.36,MODERATE,0.0,N,N,N,N,MASTER_V1.5,2026-06-29,2026-06-29 19:54:02.726587
2522,Joshua Harris,38,OH,2020-10-07,68,A,PREMIUM_WEALTH,5936.07,100.0,3,3.0,113477.3,25000.0,96.24,138.0,26073.62,-9705.999999999998,RETAIL,38.4068115942029,10.55,LOW,0.0,N,N,N,N,MASTER_V1.5,2026-06-29,2026-06-29 19:54:02.726587
2525,Debra Chavez,19,DC,2021-11-28,55,A,CREDIT_DEPENDENT,2438.07,50.0,2,1.0,7084.85,5000.0,34.43,113.0,15844.82,1813.4000000000015,TRAVEL,41.59336283185841,11.18,LOW,0.0,N,N,Y,N,MASTER_V1.5,2026-06-29,2026-06-29 19:54:02.726587
2537,Patrick Reese,50,MO,2013-11-30,151,A,PREMIUM_WEALTH,18244.71,100.0,4,4.0,176766.9,10000.0,86.06,125.0,8620.09,30211.749999999996,RETAIL,39.198,12.73,LOW,0.0,N,N,N,N,MASTER_V1.5,2026-06-29,2026-06-29 19:54:02.726587
2559,William Norman,44,TX,2023-07-18,35,A,GROWING_DIGITAL,1899.91,100.0,2,2.0,51877.89,0.0,0.0,79.0,15190.3,-11971.619999999999,RETAIL,41.77329113924051,7.45,LOW,0.0,N,N,N,N,MASTER_V1.5,2026-06-29,2026-06-29 19:54:02.726587
2571,Margaret Martinez,57,UT,2019-12-26,78,A,ENGAGED_MAINSTREAM,9180.1,100.0,4,4.0,129230.86,5000.0,29.94,135.0,15073.89,11401.09,RESTAURANT,37.03703703703703,33.45,MODERATE,0.0,N,N,N,N,MASTER_V1.5,2026-06-29,2026-06-29 19:54:02.726587
2573,Justin Edwards,76,SC,2015-05-17,133,A,ENGAGED_MAINSTREAM,11468.78,100.0,3,3.0,98471.46,15000.0,59.09,129.0,16204.75,-9788.43,RETAIL,34.109302325581396,18.38,LOW,0.0,N,N,N,N,MASTER_V1.5,2026-06-29,2026-06-29 19:54:02.726587
2579,Rebecca Gomez,27,AL,2025-03-12,15,A,PREMIUM_WEALTH,1314.14,100.0,3,3.0,118328.56,25000.0,99.42,129.0,13843.130000000001,-1293.6399999999994,TRAVEL,29.455658914728684,17.73,LOW,0.0,N,N,N,N,MASTER_V1.5,2026-06-29,2026-06-29 19:54:02.726587
2584,Dennis White,66,MN,2018-08-10,94,A,ENGAGED_MAINSTREAM,10739.5,100.0,4,4.0,91583.09,2000.0,89.71,137.0,14799.96,22899.449999999997,RETAIL,35.76795620437956,22.59,MODERATE,0.0,N,N,N,N,MASTER_V1.5,2026-06-29,2026-06-29 19:54:02.726587
2589,Bethany Anthony,47,NE,2024-11-16,19,A,PREMIUM_WEALTH,1660.28,100.0,3,3.0,114819.72,10000.0,73.5,176.0,20276.1,26384.129999999997,GROCERY,34.65704545454545,28.57,MODERATE,0.0,N,N,N,N,MASTER_V1.5,2026-06-29,2026-06-29 19:54:02.726587
2594,Keith Hardin,56,GA,2024-09-12,21,A,GROWING_DIGITAL,569.53,100.0,1,1.0,51437.03,0.0,0.0,50.0,15517.04,-13454.25,ENTERTAINMENT,40.0,27.36,MODERATE,0.0,N,Y,N,N,MASTER_V1.5,2026-06-29,2026-06-29 19:54:02.726587
2604,William Hill,36,ND,2016-05-15,121,A,VALUE_BASIC,5455.68,100.0,2,2.0,8247.33,15000.0,5.04,95.0,12626.35,12622.489999999996,TRAVEL,37.894,17.82,LOW,0.0,N,N,Y,N,MASTER_V1.5,2026-06-29,2026-06-29 19:54:02.726587
2608,Cynthia Smith,26,OR,2012-01-09,173,A,PREMIUM_WEALTH,14552.28,66.67,3,2.0,74282.48,15000.0,54.59,140.0,17322.23,17320.48,TRAVEL,36.43085714285714,28.51,MODERATE,0.0,N,N,N,N,MASTER_V1.5,2026-06-29,2026-06-29 19:54:02.726587
2615,Hector Evans,53,WA,2021-04-16,62,A,GROWING_DIGITAL,3383.27,100.0,2,2.0,54928.59,5000.0,43.88,94.0,14268.16,11637.54,UTILITIES,30.845744680851066,30.55,MODERATE,0.0,N,N,N,N,MASTER_V1.5,2026-06-29,2026-06-29 19:54:02.726587
2625,Rita Adams,55,PR,2017-06-09,108,A,CREDIT_DEPENDENT,5883.45,50.0,2,1.0,53921.6,5000.0,15.51,115.0,54521.28,-49892.82,RETAIL,42.611304347826085,8.55,LOW,0.0,N,N,N,N,MASTER_V1.5,2026-06-29,2026-06-29 19:54:02.726587
2642,Larry Morris,72,MN,2020-07-11,71,A,ENGAGED_MAINSTREAM,8137.94,75.0,4,3.0,95024.35,25000.0,21.11,186.0,18990.74,4714.32,RETAIL,39.78752688172043,18.23,LOW,0.0,N,N,N,N,MASTER_V1.5,2026-06-29,2026-06-29 19:54:02.726587
2651,Tracy Wright,74,OR,2024-05-23,25,A,VALUE_BASIC,424.3,100.0,1,1.0,887.9,2000.0,44.4,28.0,1214.4,165.88999999999987,GROCERY,39.29,24.64,MODERATE,0.0,N,Y,N,N,MASTER_V1.5,2026-06-29,2026-06-29 19:54:02.726587
2653,Katrina King,47,ME,2014-12-16,138,A,GROWING_DIGITAL,7801.9,100.0,2,2.0,81397.62,0.0,0.0,100.0,31175.41,-26316.010000000002,RETAIL,36.0017,17.91,LOW,0.0,N,N,N,N,MASTER_V1.5,2026-06-29,2026-06-29 19:54:02.726587
2659,Katherine Martin,38,FM,2017-02-04,112,A,GROWING_DIGITAL,2928.66,100.0,1,1.0,34873.79,0.0,0.0,72.0,3816.85,8085.07,GAS_STATION,33.33,1.45,LOW,0.0,N,Y,N,N,MASTER_V1.5,2026-06-29,2026-06-29 19:54:02.726587
2667,Sara Cortez,54,NY,2025-06-16,12,A,GROWING_DIGITAL,877.64,100.0,3,3.0,17180.37,25000.0,15.61,89.0,13432.48,-9918.8,RESTAURANT,41.57089887640449,5.64,LOW,0.0,N,N,N,N,MASTER_V1.5,2026-06-29,2026-06-29 19:54:02.726587
2693,Adam Collins,55,PW,2019-05-04,85,A,GROWING_DIGITAL,2082.73,100.0,1,1.0,18053.05,0.0,0.0,41.0,3098.63,-1227.67,GROCERY,26.83,9.36,LOW,0.0,N,Y,N,N,MASTER_V1.5,2026-06-29,2026-06-29 19:54:02.726587
2704,Melanie Stewart,84,AS,2023-12-25,30,A,ENGAGED_MAINSTREAM,3455.98,100.0,4,4.0,100703.22,15000.0,99.36,200.0,44022.86,9869.789999999994,TRAVEL,39.499399999999994,11.61,LOW,0.0,N,N,N,N,MASTER_V1.5,2026-06-29,2026-06-29 19:54:02.726587
2715,Mary May,36,GU,2015-03-04,135,A,PREMIUM_WEALTH,15896.04,75.0,4,3.0,129942.17,10000.0,16.81,227.0,33565.81,3100.2400000000052,RETAIL,36.56123348017621,19.09,LOW,0.0,N,N,N,N,MASTER_V1.5,2026-06-29,2026-06-29 19:54:02.726587
2716,Katelyn Anderson,25,OH,2014-05-05,145,A,PREMIUM_WEALTH,17300.82,75.0,4,3.0,151994.7,10000.0,59.58,153.0,28736.25,-5950.649999999998,TRAVEL,39.21300653594771,18.36,LOW,0.0,N,N,N,N,MASTER_V1.5,2026-06-29,2026-06-29 19:54:02.726587
2729,Alan Fisher,43,OH,2024-06-16,24,A,PREMIUM_WEALTH,2771.25,100.0,4,4.0,103451.42,10000.0,22.87,177.0,33278.18,-3646.1900000000023,RESTAURANT,42.37553672316384,13.45,LOW,0.0,N,N,N,N,MASTER_V1.5,2026-06-29,2026-06-29 19:54:02.726587
2732,Barbara Graham,31,OR,2018-04-20,98,A,VALUE_BASIC,1810.64,100.0,1,1.0,1620.27,2000.0,81.01,59.0,12224.89,-70.38999999999942,UTILITIES,40.67,21.36,MODERATE,0.0,N,Y,Y,N,MASTER_V1.5,2026-06-29,2026-06-29 19:54:02.726587
2752,Robin Brewer,44,PR,2022-09-14,45,A,GROWING_DIGITAL,2385.76,100.0,2,2.0,40269.83,2000.0,13.66,86.0,22064.35,-17400.55,GAS_STATION,40.69662790697674,16.64,LOW,0.0,N,N,N,N,MASTER_V1.5,2026-06-29,2026-06-29 19:54:02.726587
2761,Cassandra Lang,68,IL,2020-12-13,66,A,ENGAGED_MAINSTREAM,5794.93,100.0,3,3.0,121411.23,0.0,0.0,127.0,17324.79,-13162.84,RESTAURANT,44.094173228346456,4.93,LOW,0.0,N,N,N,N,MASTER_V1.5,2026-06-29,2026-06-29 19:54:02.726587
2775,Stephen Jones,36,OH,2019-04-20,86,A,VALUE_BASIC,1702.2,100.0,1,1.0,2744.09,5000.0,54.88,40.0,1663.81,12241.33,RETAIL,30.0,17.82,LOW,0.0,N,Y,Y,N,MASTER_V1.5,2026-06-29,2026-06-29 19:54:02.726587
2779,Denise Andrade,21,AS,2015-04-28,134,A,PREMIUM_WEALTH,14848.15,75.0,4,3.0,64907.11,5000.0,52.01,215.0,18574.95,3973.3600000000006,GROCERY,38.60674418604651,21.73,MODERATE,0.0,N,N,N,N,MASTER_V1.5,2026-06-29,2026-06-29 19:54:02.726587
2812,Christopher Wood,47,AL,2018-07-13,95,A,PREMIUM_WEALTH,7933.77,100.0,3,3.0,68536.55,2000.0,51.39,128.0,15792.599999999999,1564.4800000000032,UTILITIES,42.190703125,15.98,LOW,0.0,N,N,N,N,MASTER_V1.5,2026-06-29,2026-06-29 19:54:02.726587
2822,Jordan Baldwin,80,NH,2017-09-17,105,A,GROWING_DIGITAL,2859.64,100.0,1,1.0,53844.83,0.0,0.0,20.0,1742.71,-1406.78,GAS_STATION,35.0,16.64,LOW,0.0,N,Y,N,N,MASTER_V1.5,2026-06-29,2026-06-29 19:54:02.726587
2824,Jessica Carter,83,ME,2018-08-30,94,A,VALUE_BASIC,1848.24,100.0,1,1.0,2604.12,10000.0,26.04,51.0,9997.43,-1984.5700000000006,GROCERY,33.34,27.83,MODERATE,0.0,N,Y,Y,N,MASTER_V1.5,2026-06-29,2026-06-29 19:54:02.726587
2868,Scott Little,65,UT,2025-04-17,14,A,GROWING_DIGITAL,388.96,100.0,1,1.0,67049.35,0.0,0.0,70.0,5770.51,1563.6999999999998,UTILITIES,38.57000000000001,27.73,MODERATE,0.0,N,Y,N,N,MASTER_V1.5,2026-06-29,2026-06-29 19:54:02.726587
2869,Kimberly Hines,49,KY,2014-03-20,147,A,PREMIUM_WEALTH,16516.36,75.0,4,3.0,75781.98,10000.0,14.84,182.0,42554.340000000004,-21670.240000000005,TRAVEL,34.06373626373627,10.27,LOW,0.0,N,N,N,N,MASTER_V1.5,2026-06-29,2026-06-29 19:54:02.726587
2875,Thomas Chase,67,OR,2025-05-29,13,A,ENGAGED_MAINSTREAM,1068.35,100.0,3,3.0,57378.44,0.0,0.0,136.0,52874.78999999999,-33247.73999999999,TRAVEL,35.29558823529412,18.23,LOW,0.0,N,N,N,N,MASTER_V1.5,2026-06-29,2026-06-29 19:54:02.726587
2876,Matthew Gomez,65,NH,2013-08-27,154,A,GROWING_DIGITAL,8856.63,100.0,2,2.0,98925.24,0.0,0.0,82.0,6873.07,3068.210000000001,GROCERY,39.0251219512195,9.45,LOW,0.0,N,N,N,N,MASTER_V1.5,2026-06-29,2026-06-29 19:54:02.726587
2898,Brandon Rice,58,NH,2018-09-30,93,A,ENGAGED_MAINSTREAM,10348.88,100.0,4,4.0,68038.75,15000.0,13.99,139.0,23915.69,-16754.17,RETAIL,38.126762589928056,22.27,MODERATE,0.0,N,N,N,N,MASTER_V1.5,2026-06-29,2026-06-29 19:54:02.726587
2901,Cynthia Navarro,52,CO,2020-01-25,77,A,GROWING_DIGITAL,6513.63,100.0,3,3.0,79143.4,10000.0,0.71,185.0,47008.19,-8181.260000000002,RESTAURANT,38.91562162162162,10.82,LOW,0.0,N,N,N,N,MASTER_V1.5,2026-06-29,2026-06-29 19:54:02.726587
2904,Karen Wang,44,NH,2026-04-21,2,A,GROWING_DIGITAL,107.03,100.0,2,2.0,44491.8,5000.0,28.69,66.0,22426.47,-18277.21,GROCERY,46.96636363636364,13.64,LOW,0.0,N,N,N,N,MASTER_V1.5,2026-06-29,2026-06-29 19:54:02.726587
2906,Charles Holland,35,ND,2021-03-12,63,A,GROWING_DIGITAL,1601.19,100.0,1,1.0,26011.14,0.0,0.0,68.0,12357.07,-8885.33,UTILITIES,33.83,8.64,LOW,0.0,N,Y,N,N,MASTER_V1.5,2026-06-29,2026-06-29 19:54:02.726587
2911,Kayla Andrews,54,NV,2021-06-01,60,A,ENGAGED_MAINSTREAM,6775.9,100.0,4,4.0,80271.47,5000.0,69.45,159.0,48133.05,-28198.4,TRAVEL,32.07427672955974,15.09,LOW,0.0,N,N,N,N,MASTER_V1.5,2026-06-29,2026-06-29 19:54:02.726587
2920,Jamie James,55,CO,2017-06-12,108,A,ENGAGED_MAINSTREAM,12739.51,100.0,4,4.0,132699.28,2000.0,60.94,118.0,21792.43,-9479.99,TRAVEL,39.82974576271187,14.18,LOW,0.0,N,N,N,N,MASTER_V1.5,2026-06-29,2026-06-29 19:54:02.726587
2944,Diana Diaz,25,RI,2013-05-27,157,A,GROWING_DIGITAL,4183.46,100.0,1,1.0,42552.77,0.0,0.0,31.0,2581.3,13417.7,RETAIL,32.25999999999999,34.18,MODERATE,0.0,N,Y,N,N,MASTER_V1.5,2026-06-29,2026-06-29 19:54:02.726587
2946,Jeffrey Anderson,28,NE,2014-06-02,144,A,PREMIUM_WEALTH,17423.65,75.0,4,3.0,179828.43,15000.0,44.15,252.0,85541.70999999999,-68222.15999999999,RETAIL,40.07825396825396,10.64,LOW,0.0,N,N,N,N,MASTER_V1.5,2026-06-29,2026-06-29 19:54:02.726587
2948,Daniel Perez,58,IL,2024-09-20,21,A,ENGAGED_MAINSTREAM,1138.68,100.0,2,2.0,51256.05,5000.0,96.93,92.0,25317.050000000003,-13128.140000000003,RESTAURANT,35.86608695652174,14.36,LOW,0.0,N,N,N,N,MASTER_V1.5,2026-06-29,2026-06-29 19:54:02.726587
2970,Gabriel Walters,60,WY,2012-12-25,162,A,GROWING_DIGITAL,9163.73,100.0,2,2.0,81899.22,0.0,0.0,139.0,47862.08,-42405.37,GROCERY,31.656402877697843,11.82,LOW,0.0,N,N,N,N,MASTER_V1.5,2026-06-29,2026-06-29 19:54:02.726587
3023,Yvonne Ramos,47,NC,2012-09-18,165,A,PREMIUM_WEALTH,18950.02,75.0,4,3.0,97232.72,25000.0,79.24,144.0,33450.47,-6141.5300000000025,RETAIL,35.41541666666667,8.82,LOW,0.0,N,N,N,N,MASTER_V1.5,2026-06-29,2026-06-29 19:54:02.726587
3034,Tina Mueller,49,UT,2013-05-30,157,A,VALUE_BASIC,3923.35,100.0,1,1.0,21934.16,25000.0,87.74,32.0,1542.91,555.6099999999999,HEALTHCARE,46.879999999999995,16.2,LOW,0.0,N,Y,N,N,MASTER_V1.5,2026-06-29,2026-06-29 19:54:02.726587
3046,Leonard Smith,49,MA,2021-08-27,58,A,PREMIUM_WEALTH,6828.06,75.0,4,3.0,129640.31,2000.0,16.94,152.0,14972.720000000001,1785.75,RETAIL,37.50059210526316,9.27,LOW,0.0,N,N,N,N,MASTER_V1.5,2026-06-29,2026-06-29 19:54:02.726587
3048,Alyssa Cross,20,SC,2020-08-24,70,A,PREMIUM_WEALTH,7905.15,100.0,4,4.0,80264.04,25000.0,29.4,186.0,33214.090000000004,-13624.440000000002,RETAIL,43.01,10.74,LOW,0.0,N,N,N,N,MASTER_V1.5,2026-06-29,2026-06-29 19:54:02.726587
3051,Sophia Berry,77,IL,2012-10-26,164,A,CREDIT_DEPENDENT,8890.86,50.0,2,1.0,51149.6,0.0,0.0,89.0,5402.139999999999,-1272.4299999999994,RESTAURANT,38.19730337078652,25.66,MODERATE,0.0,N,N,N,N,MASTER_V1.5,2026-06-29,2026-06-29 19:54:02.726587
3058,Allison Smith,74,NE,2025-11-12,7,A,ENGAGED_MAINSTREAM,586.08,100.0,3,3.0,70506.46,5000.0,19.93,147.0,16682.33,7109.0,RETAIL,36.73367346938775,16.27,LOW,0.0,N,N,N,N,MASTER_V1.5,2026-06-29,2026-06-29 19:54:02.726587
3066,Henry Stone,65,GA,2016-09-11,117,A,ENGAGED_MAINSTREAM,13695.99,100.0,4,4.0,121294.28,25000.0,15.51,174.0,22682.75,14857.61,UTILITIES,35.058678160919534,18.36,LOW,0.0,N,N,N,N,MASTER_V1.5,2026-06-29,2026-06-29 19:54:02.726587
3067,Carrie Osborn,25,GU,2018-11-30,91,A,GROWING_DIGITAL,4816.05,100.0,2,2.0,39526.24,0.0,0.0,123.0,8681.13,6123.250000000002,GROCERY,30.889268292682925,4.0,LOW,0.0,N,N,N,N,MASTER_V1.5,2026-06-29,2026-06-29 19:54:02.726587
3083,Marcia Russo,20,KY,2012-04-09,170,A,PREMIUM_WEALTH,19698.45,100.0,4,4.0,107723.33,10000.0,51.88,190.0,43822.409999999996,9260.870000000003,GROCERY,36.31873684210527,5.09,LOW,0.0,N,N,N,N,MASTER_V1.5,2026-06-29,2026-06-29 19:54:02.726587
3087,Alexis Weeks,71,MN,2021-01-16,65,A,GROWING_DIGITAL,1703.93,100.0,1,1.0,35801.22,0.0,0.0,29.0,1542.97,-151.8800000000001,UTILITIES,34.48,10.09,LOW,0.0,N,Y,N,N,MASTER_V1.5,2026-06-29,2026-06-29 19:54:02.726587
3090,Nathan Monroe,19,CA,2023-10-27,32,A,VALUE_BASIC,767.75,100.0,1,1.0,14719.07,25000.0,58.88,56.0,2944.54,14168.39,UTILITIES,41.07,14.18,LOW,0.0,N,Y,N,N,MASTER_V1.5,2026-06-29,2026-06-29 19:54:02.726587
3095,Lisa Freeman,66,GU,2024-12-06,18,A,ENGAGED_MAINSTREAM,899.72,100.0,2,2.0,21956.85,25000.0,60.98,92.0,33088.55,-15648.580000000002,RESTAURANT,53.26173913043478,10.91,LOW,0.0,N,N,N,N,MASTER_V1.5,2026-06-29,2026-06-29 19:54:02.726587
3112,John Rice,27,MO,2012-07-11,167,A,GROWING_DIGITAL,4432.4,100.0,1,1.0,40803.99,0.0,0.0,67.0,12936.54,-11057.900000000001,TRAVEL,41.79,5.82,LOW,0.0,N,Y,N,N,MASTER_V1.5,2026-06-29,2026-06-29 19:54:02.726587
3115,Mitchell Thomas,74,PA,2025-05-28,13,A,ENGAGED_MAINSTREAM,1088.1,100.0,3,3.0,70265.64,25000.0,71.51,119.0,25724.42,-20573.43,RESTAURANT,37.817647058823525,17.73,LOW,0.0,N,N,N,N,MASTER_V1.5,2026-06-29,2026-06-29 19:54:02.726587
3128,Paul Cox,36,FM,2018-02-10,100,A,VALUE_BASIC,4882.12,100.0,2,2.0,17400.15,25000.0,64.32,46.0,7822.66,-5824.42,UTILITIES,39.12717391304348,29.82,MODERATE,0.0,N,N,N,N,MASTER_V1.5,2026-06-29,2026-06-29 19:54:02.726587
3138,Richard Casey,47,SC,2013-10-25,152,A,PREMIUM_WEALTH,17239.52,100.0,4,4.0,84270.66,15000.0,62.3,113.0,37959.06,-30912.969999999998,UTILITIES,34.512831858407075,17.42,LOW,0.0,N,N,N,N,MASTER_V1.5,2026-06-29,2026-06-29 19:54:02.726587
3194,Mary Hayes,81,MD,2015-05-29,133,A,ENGAGED_MAINSTREAM,10843.83,100.0,3,3.0,52628.41,5000.0,58.11,110.0,7147.8,4924.500000000001,TRAVEL,38.18036363636364,31.86,MODERATE,0.0,N,N,N,N,MASTER_V1.5,2026-06-29,2026-06-29 19:54:02.726587
3199,Douglas Christensen,25,NE,2018-03-27,99,A,PREMIUM_WEALTH,8406.49,100.0,3,3.0,82608.48,0.0,0.0,124.0,49754.25,-43778.37,RESTAURANT,37.90040322580645,15.45,LOW,0.0,N,N,N,N,MASTER_V1.5,2026-06-29,2026-06-29 19:54:02.726587
3215,Teresa Buchanan,64,TN,2025-02-24,16,A,ENGAGED_MAINSTREAM,1816.55,100.0,4,4.0,85257.2,15000.0,88.89,228.0,46383.31,-29711.73,RETAIL,35.527280701754385,22.39,MODERATE,0.0,N,N,N,N,MASTER_V1.5,2026-06-29,2026-06-29 19:54:02.726587
3217,Cynthia Maddox,76,HI,2016-04-16,122,A,VALUE_BASIC,2410.65,100.0,1,1.0,2707.51,5000.0,54.15,48.0,3607.08,-1306.81,RESTAURANT,41.65999999999999,14.82,LOW,0.0,N,Y,Y,N,MASTER_V1.5,2026-06-29,2026-06-29 19:54:02.726587
3227,Carla Martinez,42,ID,2025-10-11,8,A,GROWING_DIGITAL,453.55,100.0,2,2.0,84006.72,0.0,0.0,74.0,14690.49,-12210.14,TRAVEL,39.18729729729729,32.19,MODERATE,0.0,N,N,N,N,MASTER_V1.5,2026-06-29,2026-06-29 19:54:02.726587
3234,Shawn Martin,67,WY,2022-01-10,53,A,CREDIT_DEPENDENT,2532.65,50.0,2,1.0,14145.69,5000.0,61.82,83.0,47152.66,-34780.880000000005,UTILITIES,40.96433734939759,18.91,LOW,0.0,N,N,N,N,MASTER_V1.5,2026-06-29,2026-06-29 19:54:02.726587
3236,Leslie Le,48,NY,2016-12-28,114,A,GROWING_DIGITAL,9665.99,100.0,3,3.0,81247.03,0.0,0.0,116.0,25898.89,-1314.7799999999988,RESTAURANT,31.032327586206893,16.64,LOW,0.0,N,N,N,N,MASTER_V1.5,2026-06-29,2026-06-29 19:54:02.726587
3252,Adrian Miles,71,GA,2020-03-08,75,A,ENGAGED_MAINSTREAM,6209.07,100.0,3,3.0,62214.92,10000.0,67.86,155.0,20918.67,3473.3100000000013,UTILITIES,42.58283870967742,19.36,LOW,0.0,N,N,N,N,MASTER_V1.5,2026-06-29,2026-06-29 19:54:02.726587
3288,Malik Fowler,36,FM,2019-07-23,83,A,PREMIUM_WEALTH,7254.23,100.0,3,3.0,115080.29,0.0,0.0,147.0,30996.05,-7831.489999999998,HEALTHCARE,38.774421768707484,12.64,LOW,0.0,N,N,N,N,MASTER_V1.5,2026-06-29,2026-06-29 19:54:02.726587
3321,David Huffman,57,HI,2011-08-24,178,A,ENGAGED_MAINSTREAM,14531.47,100.0,3,3.0,53369.55,15000.0,22.69,110.0,5713.72,-141.2500000000009,RETAIL,35.45436363636364,12.73,LOW,0.0,N,N,N,N,MASTER_V1.5,2026-06-29,2026-06-29 19:54:02.726587
3323,Paul Buckley,54,SC,2021-11-21,55,A,GROWING_DIGITAL,1479.67,100.0,1,1.0,47157.41,0.0,0.0,38.0,1613.31,623.0,RESTAURANT,42.11,12.64,LOW,0.0,N,Y,N,N,MASTER_V1.5,2026-06-29,2026-06-29 19:54:02.726587
3329,Matthew Vega,82,WY,2014-03-20,147,A,CREDIT_DEPENDENT,7568.21,50.0,2,1.0,29640.05,5000.0,69.21,124.0,14306.33,14532.06,RETAIL,41.93532258064516,6.36,LOW,0.0,N,N,N,N,MASTER_V1.5,2026-06-29,2026-06-29 19:54:02.726587
3333,Alicia Benson,38,NE,2011-10-18,176,A,PREMIUM_WEALTH,21015.08,100.0,4,4.0,153336.15,25000.0,71.83,192.0,19055.54,-8924.7,RESTAURANT,36.97770833333334,17.82,LOW,0.0,N,N,N,N,MASTER_V1.5,2026-06-29,2026-06-29 19:54:02.726587
3342,Daniel Wade,81,GU,2023-04-01,38,A,ENGAGED_MAINSTREAM,3017.39,100.0,3,3.0,39630.2,15000.0,2.8,132.0,8350.17,35851.97,RETAIL,37.87757575757576,11.4,LOW,0.0,N,N,N,N,MASTER_V1.5,2026-06-29,2026-06-29 19:54:02.726587
3346,Linda Thomas,43,AR,2019-07-27,83,A,GROWING_DIGITAL,6090.37,100.0,3,3.0,17742.64,0.0,0.0,141.0,54481.17999999999,-28263.719999999994,GROCERY,39.716808510638295,16.0,LOW,0.0,N,N,N,N,MASTER_V1.5,2026-06-29,2026-06-29 19:54:02.726587
3384,Russell Hall,43,AS,2015-08-17,130,A,VALUE_BASIC,2119.48,100.0,1,1.0,679.59,2000.0,33.98,34.0,8360.9,-5707.28,RESTAURANT,38.24000000000001,12.55,LOW,0.0,N,Y,N,N,MASTER_V1.5,2026-06-29,2026-06-29 19:54:02.726587
3394,Patrick Gilbert,55,VT,2022-07-08,47,A,GROWING_DIGITAL,2690.0,100.0,2,2.0,93601.14,0.0,0.0,81.0,5402.4,-1554.08,RESTAURANT,37.04333333333334,13.55,LOW,0.0,N,N,N,N,MASTER_V1.5,2026-06-29,2026-06-29 19:54:02.726587
3399,Jamie Edwards,60,SD,2023-04-01,38,A,ENGAGED_MAINSTREAM,4466.97,100.0,4,4.0,127413.57,5000.0,42.65,172.0,29818.04,-784.1899999999987,RESTAURANT,38.37377906976744,21.43,MODERATE,0.0,N,N,N,N,MASTER_V1.5,2026-06-29,2026-06-29 19:54:02.726587
3401,Andrew Mcconnell,45,TN,2018-07-01,95,A,GROWING_DIGITAL,2586.37,100.0,1,1.0,53635.29,0.0,0.0,52.0,4510.65,17871.269999999997,RESTAURANT,28.849999999999998,6.18,LOW,0.0,N,Y,N,N,MASTER_V1.5,2026-06-29,2026-06-29 19:54:02.726587
3421,Mary Berry,76,MS,2024-05-06,25,A,GROWING_DIGITAL,1289.44,100.0,2,2.0,30198.11,0.0,0.0,90.0,12646.16,-7629.25,TRAVEL,36.662000000000006,34.91,MODERATE,0.0,N,N,N,N,MASTER_V1.5,2026-06-29,2026-06-29 19:54:02.726587
3456,Rachel Jensen,80,AL,2018-05-07,97,A,GROWING_DIGITAL,2498.63,100.0,1,1.0,29840.5,0.0,0.0,59.0,3485.6,-669.21,RETAIL,52.54,22.27,MODERATE,0.0,N,Y,N,N,MASTER_V1.5,2026-06-29,2026-06-29 19:54:02.726587
3465,Eric Garcia,21,KS,2018-06-02,96,A,PREMIUM_WEALTH,11282.84,100.0,4,4.0,127129.5,2000.0,92.98,162.0,46512.89,-19146.87,RETAIL,38.27123456790124,8.64,LOW,0.0,N,N,N,N,MASTER_V1.5,2026-06-29,2026-06-29 19:54:02.726587
3467,Francisco Olson,63,IN,2012-09-13,165,A,GROWING_DIGITAL,9348.72,100.0,2,2.0,83431.33,0.0,0.0,66.0,26741.93,-25286.99,GROCERY,33.330303030303035,3.45,LOW,0.0,N,N,N,N,MASTER_V1.5,2026-06-29,2026-06-29 19:54:02.726587
3468,Lee Small,23,SD,2012-06-24,168,A,PREMIUM_WEALTH,13620.93,100.0,3,3.0,49526.29,15000.0,84.24,118.0,20774.51,1824.9500000000007,WIRE_TRANSFER_INTL,38.98220338983051,14.27,LOW,0.0,N,N,N,N,MASTER_V1.5,2026-06-29,2026-06-29 19:54:02.726587
3472,Justin Bishop,58,MH,2024-02-29,28,A,VALUE_BASIC,707.85,100.0,1,1.0,24640.21,25000.0,98.56,62.0,14498.09,-9743.91,RETAIL,37.09,21.73,MODERATE,0.0,N,Y,N,N,MASTER_V1.5,2026-06-29,2026-06-29 19:54:02.726587
3492,Jennifer Graham,39,MS,2020-02-18,76,A,CREDIT_DEPENDENT,4202.96,50.0,2,1.0,63602.54,0.0,0.0,90.0,25230.399999999998,-4996.239999999998,EDUCATION,36.66777777777778,26.06,MODERATE,0.0,N,N,N,N,MASTER_V1.5,2026-06-29,2026-06-29 19:54:02.726587
3499,Ruth Knight,57,ND,2016-03-09,123,A,ENGAGED_MAINSTREAM,14861.31,75.0,4,3.0,176728.45,25000.0,64.81,213.0,34075.740000000005,-23641.940000000006,UTILITIES,37.08882629107981,16.62,LOW,0.0,N,N,N,N,MASTER_V1.5,2026-06-29,2026-06-29 19:54:02.726587
3500,Krista Best,38,OR,2011-08-08,178,A,CREDIT_DEPENDENT,9764.87,50.0,2,1.0,58207.21,0.0,0.0,120.0,46284.22,-42697.94,GROCERY,37.50225,0.0,LOW,0.0,N,N,N,N,MASTER_V1.5,2026-06-29,2026-06-29 19:54:02.726587
3511,Latoya Wells,58,WV,2020-11-04,67,A,ENGAGED_MAINSTREAM,5452.92,100.0,3,3.0,51616.07,5000.0,26.71,96.0,17851.63,12983.779999999999,UTILITIES,33.33197916666666,31.0,MODERATE,0.0,N,N,N,N,MASTER_V1.5,2026-06-29,2026-06-29 19:54:02.726587
3517,Leah Hill,56,IN,2025-10-16,8,A,ENGAGED_MAINSTREAM,863.71,100.0,4,4.0,48841.38,5000.0,2.19,200.0,67265.98,-27742.619999999995,TRAVEL,34.5002,0.0,LOW,0.0,N,N,N,N,MASTER_V1.5,2026-06-29,2026-06-29 19:54:02.726587
3528,Morgan Farrell,80,RI,2026-02-25,4,A,ENGAGED_MAINSTREAM,474.62,75.0,4,3.0,142257.67,2000.0,73.52,175.0,16935.77,4712.540000000001,GROCERY,30.85548571428572,4.0,LOW,0.0,N,N,N,N,MASTER_V1.5,2026-06-29,2026-06-29 19:54:02.726587
3533,Paul Lopez,32,PW,2016-10-04,116,A,GROWING_DIGITAL,5439.3,100.0,2,2.0,11826.49,10000.0,10.66,78.0,5318.96,5866.209999999998,UTILITIES,35.89346153846154,14.73,LOW,0.0,N,N,N,N,MASTER_V1.5,2026-06-29,2026-06-29 19:54:02.726587
3541,Roberta Snyder,70,IN,2021-04-17,62,A,ENGAGED_MAINSTREAM,7212.72,100.0,4,4.0,112806.16,10000.0,42.95,149.0,41221.29,-23382.18,GROCERY,37.58597315436242,10.09,LOW,0.0,N,N,N,N,MASTER_V1.5,2026-06-29,2026-06-29 19:54:02.726587
3546,Anna Wilson,29,HI,2020-05-12,73,A,PREMIUM_WEALTH,8182.11,75.0,4,3.0,73744.89,15000.0,50.16,164.0,11902.91,6337.060000000001,RETAIL,42.68323170731708,17.45,LOW,0.0,N,N,N,N,MASTER_V1.5,2026-06-29,2026-06-29 19:54:02.726587
3553,Kevin Johnson,80,OR,2016-02-03,124,A,GROWING_DIGITAL,3380.34,100.0,1,1.0,54411.33,0.0,0.0,65.0,5206.9,6831.5599999999995,GROCERY,40.0,7.82,LOW,0.0,N,Y,N,N,MASTER_V1.5,2026-06-29,2026-06-29 19:54:02.726587
3579,Susan Andrews,76,TN,2014-09-29,141,A,ENGAGED_MAINSTREAM,16705.15,100.0,4,4.0,139752.38,5000.0,28.56,154.0,27374.7,-14464.95,RETAIL,36.35915584415584,18.91,LOW,0.0,N,N,N,N,MASTER_V1.5,2026-06-29,2026-06-29 19:54:02.726587
3612,Vickie Day,23,NH,2017-08-05,106,A,VALUE_BASIC,1928.82,100.0,1,1.0,1448.93,0.0,0.0,44.0,10371.87,1217.0899999999983,PAWN_SHOP,36.36,11.55,LOW,0.0,N,Y,Y,N,MASTER_V1.5,2026-06-29,2026-06-29 19:54:02.726587
3622,Brandon White,30,AL,2014-12-26,138,A,PREMIUM_WEALTH,6615.62,100.0,2,2.0,14586.65,15000.0,93.23,106.0,37135.02,-31045.809999999998,GROCERY,37.73320754716982,13.64,LOW,0.0,N,N,N,N,MASTER_V1.5,2026-06-29,2026-06-29 19:54:02.726587
3627,George Johnson,74,OH,2017-02-17,112,A,GROWING_DIGITAL,5791.51,100.0,2,2.0,31007.31,0.0,0.0,103.0,7102.24,14692.099999999997,RETAIL,40.771650485436886,24.43,MODERATE,0.0,N,N,N,N,MASTER_V1.5,2026-06-29,2026-06-29 19:54:02.726587
3634,Mary Wallace,55,NH,2014-01-21,149,A,GROWING_DIGITAL,3758.78,100.0,1,1.0,24117.61,0.0,0.0,26.0,2364.79,-1315.77,GROCERY,46.15,15.86,LOW,0.0,N,Y,N,N,MASTER_V1.5,2026-06-29,2026-06-29 19:54:02.726587
3636,Kenneth Barton,29,AS,2014-06-02,144,A,PREMIUM_WEALTH,16659.63,100.0,4,4.0,105787.6,2000.0,59.67,192.0,49616.380000000005,-26990.9,RETAIL,37.5,13.64,LOW,0.0,N,N,N,N,MASTER_V1.5,2026-06-29,2026-06-29 19:54:02.726587
3641,John Williams,26,NH,2023-05-30,37,A,PREMIUM_WEALTH,4329.19,75.0,4,3.0,120634.41,10000.0,51.94,233.0,28149.21,2108.9400000000023,TRAVEL,35.618540772532185,6.46,LOW,0.0,N,N,N,N,MASTER_V1.5,2026-06-29,2026-06-29 19:54:02.726587
3645,Kristy Hale,29,SC,2013-07-29,155,A,CREDIT_DEPENDENT,8649.89,50.0,2,1.0,70344.04,25000.0,68.14,97.0,6737.969999999999,6071.960000000001,HEALTHCARE,42.26474226804124,21.82,MODERATE,0.0,N,N,N,N,MASTER_V1.5,2026-06-29,2026-06-29 19:54:02.726587
3646,Scott Henderson,79,DE,2013-09-11,153,A,ENGAGED_MAINSTREAM,18172.85,100.0,4,4.0,144016.1,5000.0,32.62,200.0,45486.86,-25388.27,RETAIL,39.999849999999995,28.63,MODERATE,0.0,N,N,N,N,MASTER_V1.5,2026-06-29,2026-06-29 19:54:02.726587
3655,Kelly Carter,32,HI,2019-01-04,89,A,PREMIUM_WEALTH,7510.32,100.0,3,3.0,76988.6,5000.0,91.96,153.0,52234.03,-27261.05,RETAIL,37.9113725490196,14.45,LOW,0.0,N,N,N,N,MASTER_V1.5,2026-06-29,2026-06-29 19:54:02.726587
3679,Jason Collins,36,NY,2019-05-16,85,A,GROWING_DIGITAL,4825.67,100.0,2,2.0,85351.0,0.0,0.0,108.0,19582.739999999998,-3117.659999999996,INSURANCE,42.592222222222226,24.36,MODERATE,0.0,N,N,N,N,MASTER_V1.5,2026-06-29,2026-06-29 19:54:02.726587
3692,Kathy Kelly,24,CT,2014-08-10,142,A,PREMIUM_WEALTH,16971.8,100.0,4,4.0,155123.0,10000.0,38.16,218.0,45817.23,-11959.150000000001,UTILITIES,40.82798165137615,12.08,LOW,0.0,N,N,N,N,MASTER_V1.5,2026-06-29,2026-06-29 19:54:02.726587
3701,Vincent Russell,59,IN,2018-05-18,97,A,GROWING_DIGITAL,5639.06,100.0,2,2.0,112075.89,0.0,0.0,92.0,14058.15,-10569.529999999999,GROCERY,39.132173913043474,5.82,LOW,0.0,N,N,N,N,MASTER_V1.5,2026-06-29,2026-06-29 19:54:02.726587
3702,Patricia Smith,48,ND,2024-05-19,25,A,PREMIUM_WEALTH,2831.06,100.0,4,4.0,82804.07,5000.0,47.3,178.0,24011.53,-16537.03,TRAVEL,33.70314606741574,9.45,LOW,0.0,N,N,N,N,MASTER_V1.5,2026-06-29,2026-06-29 19:54:02.726587
3714,Charles Hayes,44,PA,2019-01-14,89,A,GROWING_DIGITAL,5165.41,100.0,2,2.0,109936.66,0.0,0.0,118.0,30076.56,-14574.85,RESTAURANT,30.508813559322036,17.65,LOW,0.0,N,N,N,N,MASTER_V1.5,2026-06-29,2026-06-29 19:54:02.726587
3735,Calvin Roberts,18,SC,2020-02-27,76,A,PREMIUM_WEALTH,6463.81,100.0,3,3.0,84121.14,15000.0,93.35,139.0,15576.6,-1458.710000000001,TRAVEL,41.00582733812949,12.45,LOW,0.0,N,N,N,N,MASTER_V1.5,2026-06-29,2026-06-29 19:54:02.726587
3736,Jennifer Chavez,47,AL,2025-06-09,12,A,PREMIUM_WEALTH,1429.81,100.0,4,4.0,149501.87,10000.0,87.45,189.0,44416.21,-21280.0,RETAIL,39.68349206349207,17.49,LOW,0.0,N,N,N,N,MASTER_V1.5,2026-06-29,2026-06-29 19:54:02.726587
3747,Anne Yu,33,RI,2017-11-26,103,A,PREMIUM_WEALTH,12219.3,75.0,4,3.0,141973.34,15000.0,8.58,167.0,45839.29,-19668.5,TRAVEL,34.12916167664671,9.45,LOW,0.0,N,N,N,N,MASTER_V1.5,2026-06-29,2026-06-29 19:54:02.726587
3766,Aaron Contreras,74,CO,2022-09-18,45,A,ENGAGED_MAINSTREAM,3908.18,66.67,3,2.0,106915.67,0.0,0.0,155.0,31376.0,-1303.5,WIRE_TRANSFER_INTL,41.93490322580645,10.91,LOW,0.0,N,N,N,N,MASTER_V1.5,2026-06-29,2026-06-29 19:54:02.726587
3786,Jamie Ferrell,23,IA,2018-06-01,96,A,PREMIUM_WEALTH,11387.64,100.0,4,4.0,141793.87,5000.0,85.83,149.0,7886.1900000000005,25361.629999999997,RESTAURANT,35.572214765100675,16.36,LOW,0.0,N,N,N,N,MASTER_V1.5,2026-06-29,2026-06-29 19:54:02.726587
3791,Kurt Watkins,25,NJ,2019-08-16,82,A,GROWING_DIGITAL,2116.96,100.0,1,1.0,30534.53,0.0,0.0,41.0,1240.2,9979.82,GAS_STATION,29.270000000000003,35.73,MODERATE,0.0,N,Y,N,N,MASTER_V1.5,2026-06-29,2026-06-29 19:54:02.726587
3794,Brian Hayes,56,TX,2015-09-27,129,A,ENGAGED_MAINSTREAM,11114.69,66.67,3,2.0,97543.46,5000.0,8.58,111.0,21806.25,191.11000000000058,UTILITIES,39.642162162162165,13.86,LOW,0.0,N,N,N,N,MASTER_V1.5,2026-06-29,2026-06-29 19:54:02.726587
3800,Amy Navarro,20,OK,2014-01-19,149,A,CREDIT_DEPENDENT,7961.85,50.0,2,1.0,43785.31,25000.0,10.6,89.0,33143.96,-19346.61,UTILITIES,41.57056179775281,32.91,MODERATE,0.0,N,N,N,N,MASTER_V1.5,2026-06-29,2026-06-29 19:54:02.726587
3816,Brittany Barton,45,NC,2012-01-29,173,A,GROWING_DIGITAL,4405.05,100.0,1,1.0,26505.05,0.0,0.0,65.0,11919.65,1164.5200000000004,GROCERY,30.770000000000003,0.0,LOW,0.0,N,Y,N,N,MASTER_V1.5,2026-06-29,2026-06-29 19:54:02.726587
3820,Amy Proctor,36,ME,2021-05-15,61,A,PREMIUM_WEALTH,7267.74,75.0,4,3.0,149391.5,25000.0,93.36,113.0,31715.82,-26627.16,UTILITIES,42.47787610619469,0.0,LOW,0.0,N,N,N,N,MASTER_V1.5,2026-06-29,2026-06-29 19:54:02.726587
3826,Richard Myers,73,DE,2024-11-04,19,A,ENGAGED_MAINSTREAM,2297.77,100.0,4,4.0,178708.43,15000.0,34.08,202.0,31751.600000000002,-12561.070000000003,GROCERY,36.63707920792079,18.45,LOW,0.0,N,N,N,N,MASTER_V1.5,2026-06-29,2026-06-29 19:54:02.726587
3831,Jennifer Moore,24,KS,2019-01-14,89,A,PREMIUM_WEALTH,10667.61,100.0,4,4.0,160504.74,15000.0,92.02,204.0,36789.45,-16011.109999999997,RESTAURANT,40.684901960784316,9.82,LOW,0.0,N,N,N,N,MASTER_V1.5,2026-06-29,2026-06-29 19:54:02.726587
3838,Gregory Francis,74,NC,2024-11-29,19,A,CREDIT_DEPENDENT,1066.55,50.0,2,1.0,75120.25,10000.0,58.2,43.0,2409.43,122.57000000000016,RESTAURANT,44.190000000000005,10.82,LOW,0.0,N,N,N,N,MASTER_V1.5,2026-06-29,2026-06-29 19:54:02.726587
3842,Melanie Clarke,39,CT,2022-07-09,47,A,GROWING_DIGITAL,3800.11,100.0,3,3.0,48071.71,0.0,0.0,130.0,24131.510000000002,23535.939999999995,RETAIL,40.77061538461538,21.27,MODERATE,0.0,N,N,N,N,MASTER_V1.5,2026-06-29,2026-06-29 19:54:02.726587
3846,Sarah Thompson,34,WA,2022-04-08,50,A,PREMIUM_WEALTH,5991.56,100.0,4,4.0,160030.52,25000.0,39.51,192.0,52470.76,-12900.650000000001,RETAIL,42.18734375,6.36,LOW,0.0,N,N,N,N,MASTER_V1.5,2026-06-29,2026-06-29 19:54:02.726587
3859,Mark Rodriguez,55,VA,2016-05-13,121,A,ENGAGED_MAINSTREAM,14285.88,100.0,4,4.0,134123.3,2000.0,21.05,210.0,10569.94,1829.2099999999991,GROCERY,36.19285714285714,22.35,MODERATE,0.0,N,N,N,N,MASTER_V1.5,2026-06-29,2026-06-29 19:54:02.726587
3866,Thomas Brown,77,CO,2020-04-26,74,A,VALUE_BASIC,1250.96,100.0,1,1.0,864.34,2000.0,43.22,27.0,1643.89,-418.01,GAS_STATION,55.559999999999995,25.73,MODERATE,0.0,N,Y,N,N,MASTER_V1.5,2026-06-29,2026-06-29 19:54:02.726587
3871,William Sparks,63,VI,2023-01-08,41,A,ENGAGED_MAINSTREAM,4785.11,100.0,4,4.0,117126.38,2000.0,76.77,177.0,45037.71,-18993.53,RETAIL,37.29062146892655,4.69,LOW,0.0,N,N,N,N,MASTER_V1.5,2026-06-29,2026-06-29 19:54:02.726587
3873,Matthew Yang,52,NJ,2016-07-13,119,A,GROWING_DIGITAL,3122.94,100.0,1,1.0,36216.39,0.0,0.0,52.0,15908.01,-14747.7,GROCERY,42.309999999999995,10.3,LOW,0.0,N,Y,N,N,MASTER_V1.5,2026-06-29,2026-06-29 19:54:02.726587
3890,Susan Fox,60,VA,2014-08-11,142,A,GROWING_DIGITAL,7457.52,100.0,2,2.0,36444.56,25000.0,50.16,77.0,15978.48,-7272.199999999999,UTILITIES,42.85636363636364,16.15,LOW,0.0,N,N,N,N,MASTER_V1.5,2026-06-29,2026-06-29 19:54:02.726587
3892,Bryan Gonzalez,36,KY,2014-05-01,145,A,PREMIUM_WEALTH,12189.12,100.0,3,3.0,73746.22,15000.0,59.95,159.0,21019.86,2060.989999999998,UTILITIES,32.07056603773585,6.82,LOW,0.0,N,N,N,N,MASTER_V1.5,2026-06-29,2026-06-29 19:54:02.726587
3910,Joel Jackson,69,NY,2019-09-15,81,A,ENGAGED_MAINSTREAM,9535.23,100.0,4,4.0,129558.38,15000.0,15.12,189.0,17322.059999999998,-7310.379999999997,TRAVEL,35.97767195767196,2.55,LOW,0.0,N,N,N,N,MASTER_V1.5,2026-06-29,2026-06-29 19:54:02.726587
3911,John Lane,41,DC,2021-12-20,54,A,VALUE_BASIC,1222.14,100.0,1,1.0,8543.33,0.0,0.0,36.0,13537.88,-12114.71,HEALTHCARE,22.22,18.36,LOW,0.0,N,Y,Y,N,MASTER_V1.5,2026-06-29,2026-06-29 19:54:02.726587
3912,Angela Parker,25,MS,2014-07-10,143,A,PREMIUM_WEALTH,11959.69,100.0,3,3.0,69648.85,10000.0,86.65,143.0,7841.33,18624.43,TRAVEL,31.467902097902094,36.52,MODERATE,0.0,N,N,N,N,MASTER_V1.5,2026-06-29,2026-06-29 19:54:02.726587
3928,Willie Lopez,38,AR,2017-01-16,113,A,PREMIUM_WEALTH,6162.85,100.0,2,2.0,54594.87,25000.0,95.44,88.0,25633.43,-19196.91,RESTAURANT,30.68170454545454,18.0,LOW,0.0,N,N,N,N,MASTER_V1.5,2026-06-29,2026-06-29 19:54:02.726587
3936,Andrew Turner,46,GU,2016-09-07,117,A,GROWING_DIGITAL,6196.99,100.0,2,2.0,39860.48,25000.0,2.91,105.0,9815.76,13777.1,TRAVEL,28.57,30.27,MODERATE,0.0,N,N,N,N,MASTER_V1.5,2026-06-29,2026-06-29 19:54:02.726587
3940,Brandon Hernandez,20,PW,2013-08-28,154,A,GROWING_DIGITAL,4291.24,100.0,1,1.0,69291.01,0.0,0.0,34.0,2256.15,-1355.7400000000002,RETAIL,38.239999999999995,13.91,LOW,0.0,N,Y,N,N,MASTER_V1.5,2026-06-29,2026-06-29 19:54:02.726587
3947,Jessica Johnson,72,AZ,2020-10-13,68,A,GROWING_DIGITAL,1888.53,100.0,1,1.0,66770.66,0.0,0.0,30.0,2245.2,6768.240000000001,GROCERY,53.33,28.7,MODERATE,0.0,N,Y,N,N,MASTER_V1.5,2026-06-29,2026-06-29 19:54:02.726587
3948,Matthew Herrera,47,PR,2017-12-04,102,A,PREMIUM_WEALTH,11369.93,100.0,4,4.0,69354.95,10000.0,61.7,177.0,39930.479999999996,-12260.449999999997,TRAVEL,38.98350282485875,19.64,LOW,0.0,N,N,N,N,MASTER_V1.5,2026-06-29,2026-06-29 19:54:02.726587
3969,Jennifer Mitchell,42,AR,2014-10-19,140,A,GROWING_DIGITAL,12365.44,100.0,3,3.0,130171.25,25000.0,2.13,169.0,9157.35,26775.29,UTILITIES,32.54443786982248,12.73,LOW,0.0,N,N,N,N,MASTER_V1.5,2026-06-29,2026-06-29 19:54:02.726587
3970,Christina Velez,68,NE,2013-05-08,157,A,CREDIT_DEPENDENT,8348.59,50.0,2,1.0,41570.7,15000.0,56.07,117.0,25414.45,-4229.110000000001,INSURANCE,47.00615384615385,17.73,LOW,0.0,N,N,N,N,MASTER_V1.5,2026-06-29,2026-06-29 19:54:02.726587
3972,Kyle Brown,60,MP,2024-10-24,20,A,VALUE_BASIC,461.58,100.0,1,1.0,10215.5,0.0,0.0,36.0,11538.95,1951.1299999999992,RESTAURANT,52.779999999999994,5.55,LOW,0.0,N,Y,N,N,MASTER_V1.5,2026-06-29,2026-06-29 19:54:02.726587
3973,Whitney Watson,55,MD,2021-08-04,58,A,GROWING_DIGITAL,4979.59,100.0,3,3.0,93652.28,0.0,0.0,98.0,26516.85,-12805.219999999998,TRAVEL,42.85857142857142,15.18,LOW,0.0,N,N,N,N,MASTER_V1.5,2026-06-29,2026-06-29 19:54:02.726587
3996,Brent Chapman,34,PW,2023-05-09,37,A,PREMIUM_WEALTH,4185.05,100.0,4,4.0,81711.44,15000.0,43.98,152.0,29574.53,-21204.26,UTILITIES,33.55322368421053,34.18,MODERATE,0.0,N,N,N,N,MASTER_V1.5,2026-06-29,2026-06-29 19:54:02.726587
3997,Johnny Smith,40,WV,2013-05-06,157,A,PREMIUM_WEALTH,13312.99,100.0,3,3.0,81320.29,10000.0,31.17,145.0,14090.91,11373.030000000002,RESTAURANT,37.9323448275862,26.41,MODERATE,0.0,N,N,N,N,MASTER_V1.5,2026-06-29,2026-06-29 19:54:02.726587
4019,Kimberly West,45,AR,2024-09-10,21,A,PREMIUM_WEALTH,2492.81,100.0,4,4.0,142987.83,2000.0,71.22,195.0,34089.99,-11669.39,UTILITIES,37.94892307692307,25.81,MODERATE,0.0,N,N,N,N,MASTER_V1.5,2026-06-29,2026-06-29 19:54:02.726587
4022,Lisa York,23,MP,2019-01-27,89,A,PREMIUM_WEALTH,10539.04,100.0,4,4.0,138915.7,2000.0,18.42,190.0,17533.61,31417.550000000003,RETAIL,37.368947368421054,20.64,MODERATE,0.0,N,N,N,N,MASTER_V1.5,2026-06-29,2026-06-29 19:54:02.726587
4030,Christopher Moore,79,PW,2021-02-26,64,A,ENGAGED_MAINSTREAM,5254.86,100.0,3,3.0,56818.74,2000.0,50.35,130.0,36632.98,-3953.4100000000035,TRAVEL,45.383923076923075,16.32,LOW,0.0,N,N,N,N,MASTER_V1.5,2026-06-29,2026-06-29 19:54:02.726587
4038,Angela Cook,25,AS,2021-10-18,56,A,PREMIUM_WEALTH,6763.65,100.0,4,4.0,175949.08,10000.0,64.26,193.0,30808.23,19538.01,RETAIL,36.26927461139896,24.74,MODERATE,0.0,N,N,N,N,MASTER_V1.5,2026-06-29,2026-06-29 19:54:02.726587
4055,Jason Cortez,37,IL,2013-02-06,160,A,PREMIUM_WEALTH,12998.15,100.0,3,3.0,50604.29,10000.0,79.89,94.0,13403.189999999999,9489.3,RETAIL,32.97851063829788,27.71,MODERATE,0.0,N,N,N,N,MASTER_V1.5,2026-06-29,2026-06-29 19:54:02.726587
4062,Todd Buck,81,MS,2022-10-06,44,A,ENGAGED_MAINSTREAM,5080.35,75.0,4,3.0,103388.03,15000.0,83.35,172.0,28002.94,-19234.03,TRAVEL,36.633546511627905,2.64,LOW,0.0,N,N,N,N,MASTER_V1.5,2026-06-29,2026-06-29 19:54:02.726587
4064,Crystal Payne,49,NH,2022-09-22,45,A,CREDIT_DEPENDENT,2491.31,50.0,2,1.0,64375.53,0.0,0.0,115.0,17248.5,-14138.08,HEALTHCARE,34.779478260869574,18.09,LOW,0.0,N,N,N,N,MASTER_V1.5,2026-06-29,2026-06-29 19:54:02.726587
4092,Brian Sanders,57,PR,2021-12-10,54,A,CREDIT_DEPENDENT,3005.51,50.0,2,1.0,68289.95,0.0,0.0,91.0,17840.670000000002,4447.689999999999,GROCERY,47.24999999999999,24.49,MODERATE,0.0,N,N,N,N,MASTER_V1.5,2026-06-29,2026-06-29 19:54:02.726587
4095,Sylvia Yates,73,IL,2015-11-17,127,A,ENGAGED_MAINSTREAM,11242.49,100.0,3,3.0,133670.83,0.0,0.0,160.0,40429.44,-26895.270000000004,TRAVEL,35.625499999999995,13.41,LOW,0.0,N,N,N,N,MASTER_V1.5,2026-06-29,2026-06-29 19:54:02.726587
4097,Christina Price,58,UT,2022-11-19,43,A,CREDIT_DEPENDENT,2191.91,50.0,2,1.0,26766.95,10000.0,39.62,84.0,3768.79,33639.19,UTILITIES,28.57142857142857,8.27,LOW,0.0,N,N,N,N,MASTER_V1.5,2026-06-29,2026-06-29 19:54:02.726587
4106,Lisa Jones,67,DC,2013-12-09,150,A,ENGAGED_MAINSTREAM,7961.6,100.0,2,2.0,40760.24,5000.0,61.77,85.0,3140.08,2790.4000000000005,GROCERY,37.65105882352941,11.55,LOW,0.0,N,N,N,N,MASTER_V1.5,2026-06-29,2026-06-29 19:54:02.726587
4112,Karen Gordon,77,DC,2019-10-22,80,A,ENGAGED_MAINSTREAM,6945.46,100.0,3,3.0,106485.59,15000.0,90.63,120.0,49393.13,-26628.949999999997,UTILITIES,41.666166666666676,23.87,MODERATE,0.0,N,N,N,N,MASTER_V1.5,2026-06-29,2026-06-29 19:54:02.726587
4114,Ruben Torres,82,WV,2021-07-28,59,A,ENGAGED_MAINSTREAM,2795.81,100.0,2,2.0,13060.15,2000.0,92.42,101.0,49612.15,-32713.72,RETAIL,37.62356435643564,14.77,LOW,0.0,N,N,N,N,MASTER_V1.5,2026-06-29,2026-06-29 19:54:02.726587
4116,Daniel Blackburn,72,PW,2024-08-14,22,A,ENGAGED_MAINSTREAM,2304.37,50.0,4,2.0,35398.15,5000.0,52.53,160.0,16248.22,-242.36000000000058,UTILITIES,38.75425,18.55,LOW,0.0,N,N,N,N,MASTER_V1.5,2026-06-29,2026-06-29 19:54:02.726587
4120,John Carter,33,CA,2022-11-21,43,A,GROWING_DIGITAL,2385.55,100.0,2,2.0,65880.61,0.0,0.0,106.0,13183.5,-6184.42,TRAVEL,41.507547169811325,13.36,LOW,0.0,N,N,N,N,MASTER_V1.5,2026-06-29,2026-06-29 19:54:02.726587
4123,Jennifer Pena,80,NM,2018-07-28,95,A,ENGAGED_MAINSTREAM,11128.27,75.0,4,3.0,122268.3,10000.0,56.46,203.0,32238.75,-12077.46,TRAVEL,38.42472906403941,9.73,LOW,0.0,N,N,N,N,MASTER_V1.5,2026-06-29,2026-06-29 19:54:02.726587
4132,Sabrina Moses,73,TX,2015-04-13,134,A,ENGAGED_MAINSTREAM,11766.78,100.0,3,3.0,121569.28,15000.0,84.52,152.0,43521.17,-16748.98,RETAIL,32.89671052631579,5.52,LOW,0.0,N,N,N,N,MASTER_V1.5,2026-06-29,2026-06-29 19:54:02.726587
4133,Margaret Clark,67,VA,2017-11-13,103,A,ENGAGED_MAINSTREAM,5315.02,100.0,2,2.0,30346.44,2000.0,58.32,71.0,13371.57,16936.090000000004,RESTAURANT,39.44140845070422,2.82,LOW,0.0,N,N,N,N,MASTER_V1.5,2026-06-29,2026-06-29 19:54:02.726587
4143,Benjamin Davis,76,TN,2017-02-10,112,A,ENGAGED_MAINSTREAM,12475.89,75.0,4,3.0,68815.6,2000.0,79.04,175.0,10773.52,7823.48,RESTAURANT,42.28525714285715,15.09,LOW,0.0,N,N,N,N,MASTER_V1.5,2026-06-29,2026-06-29 19:54:02.726587
4151,Lisa Smith,74,MA,2013-04-19,158,A,GROWING_DIGITAL,3998.56,100.0,1,1.0,24908.04,0.0,0.0,66.0,11154.94,-7482.540000000001,RETAIL,37.88000000000001,20.55,MODERATE,0.0,N,Y,N,N,MASTER_V1.5,2026-06-29,2026-06-29 19:54:02.726587
4168,Christopher Davis,24,IN,2015-12-14,126,A,VALUE_BASIC,2664.46,100.0,1,1.0,4715.51,5000.0,94.31,33.0,1188.15,2061.74,GAS_STATION,45.45000000000001,6.0,LOW,0.0,N,Y,Y,N,MASTER_V1.5,2026-06-29,2026-06-29 19:54:02.726587
4181,Kathryn Howard,76,VA,2024-08-20,22,A,ENGAGED_MAINSTREAM,2564.18,100.0,4,4.0,115308.84,15000.0,77.82,195.0,51256.87,-24367.68,TRAVEL,34.87282051282051,25.39,MODERATE,0.0,N,N,N,N,MASTER_V1.5,2026-06-29,2026-06-29 19:54:02.726587
4191,Matthew Matthews,76,MT,2025-07-23,11,A,ENGAGED_MAINSTREAM,1228.08,100.0,4,4.0,70570.56,5000.0,92.12,155.0,27026.96,-18914.239999999998,TRAVEL,41.28696774193548,8.36,LOW,0.0,N,N,N,N,MASTER_V1.5,2026-06-29,2026-06-29 19:54:02.726587
4197,Andrew Navarro,29,AK,2022-02-01,52,A,PREMIUM_WEALTH,6103.1,100.0,4,4.0,125081.82,2000.0,8.48,204.0,45671.950000000004,-19835.950000000004,UTILITIES,37.25558823529411,15.55,LOW,0.0,N,N,N,N,MASTER_V1.5,2026-06-29,2026-06-29 19:54:02.726587
4203,Ian Barker,22,MS,2023-09-04,33,A,PREMIUM_WEALTH,3956.47,100.0,4,4.0,161022.9,5000.0,24.91,182.0,19403.16,33723.84,UTILITIES,37.9076923076923,14.0,LOW,0.0,N,N,N,N,MASTER_V1.5,2026-06-29,2026-06-29 19:54:02.726587
4231,Lauren Mccoy,70,DE,2025-03-26,15,A,ENGAGED_MAINSTREAM,784.25,100.0,2,2.0,34775.58,10000.0,37.39,110.0,18759.91,-6078.030000000001,RETAIL,40.906545454545466,21.96,MODERATE,0.0,N,N,N,N,MASTER_V1.5,2026-06-29,2026-06-29 19:54:02.726587
4241,Sherri Fleming,63,NH,2015-11-22,127,A,ENGAGED_MAINSTREAM,10777.31,66.67,3,2.0,82023.9,2000.0,7.29,169.0,49928.51,-23856.89,TRAVEL,33.13917159763314,19.09,LOW,0.0,N,N,N,N,MASTER_V1.5,2026-06-29,2026-06-29 19:54:02.726587
4253,Sarah Erickson,54,ND,2019-09-16,81,A,GROWING_DIGITAL,4280.85,100.0,2,2.0,38948.42,15000.0,30.2,85.0,11897.16,7256.040000000001,TRAVEL,41.17882352941176,6.55,LOW,0.0,N,N,N,N,MASTER_V1.5,2026-06-29,2026-06-29 19:54:02.726587
4254,Anthony Hall,45,CO,2016-12-14,114,A,PREMIUM_WEALTH,6388.49,100.0,2,2.0,73709.14,10000.0,79.82,70.0,36247.47,-32641.33,UTILITIES,41.42999999999999,7.82,LOW,0.0,N,N,N,N,MASTER_V1.5,2026-06-29,2026-06-29 19:54:02.726587
4255,Alec Long,35,MO,2012-06-21,168,A,PREMIUM_WEALTH,18843.03,100.0,4,4.0,74316.69,25000.0,93.6,222.0,43283.99,-30452.42,TRAVEL,38.287432432432425,7.73,LOW,0.0,N,N,N,N,MASTER_V1.5,2026-06-29,2026-06-29 19:54:02.726587
4258,Natalie Patterson,62,VI,2025-06-24,12,A,VALUE_BASIC,218.56,100.0,1,1.0,1458.8,2000.0,72.94,38.0,12100.55,-580.5799999999999,HEALTHCARE,39.47,13.91,LOW,0.0,N,Y,Y,N,MASTER_V1.5,2026-06-29,2026-06-29 19:54:02.726587
4264,Tamara Hudson,80,PW,2012-05-17,169,A,VALUE_BASIC,4082.99,100.0,1,1.0,15738.73,25000.0,62.95,63.0,10591.83,12521.050000000001,GROCERY,31.75,29.27,MODERATE,0.0,N,Y,N,N,MASTER_V1.5,2026-06-29,2026-06-29 19:54:02.726587
4279,Michael Smith,57,NV,2021-08-02,58,A,ENGAGED_MAINSTREAM,6913.93,100.0,4,4.0,150325.95,25000.0,61.77,150.0,10437.16,-3471.4699999999993,RETAIL,35.334199999999996,14.36,LOW,0.0,N,N,N,N,MASTER_V1.5,2026-06-29,2026-06-29 19:54:02.726587
4296,Ryan Mejia,39,MP,2019-12-05,78,A,PREMIUM_WEALTH,6759.31,100.0,3,3.0,104232.66,15000.0,55.16,132.0,23184.83,6688.48,RETAIL,35.60356060606061,18.45,LOW,0.0,N,N,N,N,MASTER_V1.5,2026-06-29,2026-06-29 19:54:02.726587
4306,Brian Arnold,34,NC,2013-11-30,151,A,PREMIUM_WEALTH,12623.47,66.67,3,2.0,69324.26,5000.0,42.24,119.0,44912.33,-40506.82,RETAIL,31.931344537815125,9.91,LOW,0.0,N,N,N,N,MASTER_V1.5,2026-06-29,2026-06-29 19:54:02.726587
4320,Michael Leach,30,TN,2018-04-22,98,A,PREMIUM_WEALTH,11112.83,100.0,4,4.0,84087.96,2000.0,64.64,206.0,22991.91,712.3100000000013,RETAIL,40.77305825242718,14.64,LOW,0.0,N,N,N,N,MASTER_V1.5,2026-06-29,2026-06-29 19:54:02.726587
4323,Julia Harrison,26,KS,2021-09-20,57,A,PREMIUM_WEALTH,4759.12,100.0,3,3.0,68352.55,15000.0,36.06,135.0,11963.84,41090.39,TRAVEL,32.59422222222222,5.45,LOW,0.0,N,N,N,N,MASTER_V1.5,2026-06-29,2026-06-29 19:54:02.726587
4341,Erin Horn,67,ME,2013-09-30,153,A,ENGAGED_MAINSTREAM,8640.4,100.0,2,2.0,80390.14,2000.0,69.81,69.0,3468.9399999999996,10332.060000000001,INSURANCE,40.585217391304354,23.84,MODERATE,0.0,N,N,N,N,MASTER_V1.5,2026-06-29,2026-06-29 19:54:02.726587
4353,Anne Adams,36,VT,2025-02-27,16,A,PREMIUM_WEALTH,1363.81,100.0,3,3.0,86258.36,0.0,0.0,151.0,37114.26,-18135.72,RETAIL,37.7448344370861,20.27,MODERATE,0.0,N,N,N,N,MASTER_V1.5,2026-06-29,2026-06-29 19:54:02.726587
4359,Juan Miller,81,MT,2014-08-08,142,A,ENGAGED_MAINSTREAM,16901.21,100.0,4,4.0,147599.58,25000.0,59.93,156.0,28168.88,-9437.98,RESTAURANT,35.25358974358975,9.73,LOW,0.0,N,N,N,N,MASTER_V1.5,2026-06-29,2026-06-29 19:54:02.726587
4372,Andrew Ferguson,21,PR,2021-08-23,58,A,VALUE_BASIC,1380.8,100.0,1,1.0,13667.62,15000.0,91.12,26.0,1846.43,-192.73000000000002,RESTAURANT,26.920000000000005,31.27,MODERATE,0.0,N,Y,N,N,MASTER_V1.5,2026-06-29,2026-06-29 19:54:02.726587
4376,Tara Ramirez,75,PA,2016-11-25,115,A,ENGAGED_MAINSTREAM,12702.64,100.0,4,4.0,62678.4,10000.0,73.85,199.0,43824.1,-33905.84,RETAIL,39.700904522613065,18.16,LOW,0.0,N,N,N,N,MASTER_V1.5,2026-06-29,2026-06-29 19:54:02.726587
4384,Brandon Hines,24,FL,2021-02-14,64,A,PREMIUM_WEALTH,7154.55,100.0,4,4.0,71609.95,2000.0,17.41,168.0,20101.09,27387.56,UTILITIES,36.90696428571428,15.09,LOW,0.0,N,N,N,N,MASTER_V1.5,2026-06-29,2026-06-29 19:54:02.726587
4391,Kathryn Rice,77,TN,2025-03-11,15,A,ENGAGED_MAINSTREAM,1797.7,100.0,4,4.0,160274.39,25000.0,93.7,159.0,26193.64,-3273.7199999999975,RETAIL,33.96465408805031,26.33,MODERATE,0.0,N,N,N,N,MASTER_V1.5,2026-06-29,2026-06-29 19:54:02.726587
4392,Victoria Kerr,43,WA,2012-10-14,164,A,CREDIT_DEPENDENT,3154.04,0.0,1,0.0,2192.44,15000.0,14.62,26.0,9360.63,-8380.55,ENTERTAINMENT,23.07,6.09,LOW,0.0,N,N,Y,Y,MASTER_V1.5,2026-06-29,2026-06-29 19:54:02.726587
4411,Kimberly Mendoza,67,VA,2024-04-24,26,A,ENGAGED_MAINSTREAM,2093.19,100.0,3,3.0,45905.05,5000.0,31.46,152.0,49531.31999999999,-24242.799999999992,RESTAURANT,35.52717105263158,11.02,LOW,0.0,N,N,N,N,MASTER_V1.5,2026-06-29,2026-06-29 19:54:02.726587
4413,Hannah Hernandez,20,NY,2014-09-21,141,A,CREDIT_DEPENDENT,3534.72,0.0,1,0.0,22642.38,25000.0,90.57,36.0,2065.61,673.1999999999998,RESTAURANT,27.779999999999998,25.09,MODERATE,0.0,N,N,N,Y,MASTER_V1.5,2026-06-29,2026-06-29 19:54:02.726587
4418,Nicholas Nicholson,21,MA,2017-07-13,107,A,PREMIUM_WEALTH,8710.6,100.0,3,3.0,51757.78,10000.0,19.96,104.0,7241.18,-2682.62,GROCERY,32.69423076923077,8.18,LOW,0.0,N,N,N,N,MASTER_V1.5,2026-06-29,2026-06-29 19:54:02.726587
4423,Todd Stewart,78,UT,2015-01-06,137,A,ENGAGED_MAINSTREAM,11575.89,100.0,3,3.0,78125.44,25000.0,33.26,160.0,67532.56,-39539.49,TRAVEL,35.001625000000004,14.45,LOW,0.0,N,N,N,N,MASTER_V1.5,2026-06-29,2026-06-29 19:54:02.726587
4424,Kelsey Delgado,28,PA,2025-08-29,10,A,VALUE_BASIC,227.91,100.0,1,1.0,9104.26,10000.0,91.04,17.0,480.23,725.94,HEALTHCARE,29.410000000000004,17.09,LOW,0.0,N,Y,N,N,MASTER_V1.5,2026-06-29,2026-06-29 19:54:02.726587
4426,Brian Mueller,59,FM,2017-06-23,108,A,GROWING_DIGITAL,2929.29,100.0,1,1.0,51494.22,0.0,0.0,47.0,12897.67,-5788.32,GROCERY,36.17,2.88,LOW,0.0,N,Y,N,N,MASTER_V1.5,2026-06-29,2026-06-29 19:54:02.726587
4444,Amanda Alvarez,38,PA,2025-11-13,7,A,PREMIUM_WEALTH,616.76,66.67,3,2.0,126483.12,25000.0,38.94,122.0,29985.54,-8238.02,UTILITIES,43.44426229508196,15.0,LOW,0.0,N,N,N,N,MASTER_V1.5,2026-06-29,2026-06-29 19:54:02.726587
4452,Sandra Castillo,47,FL,2018-04-18,98,A,VALUE_BASIC,1981.9,100.0,1,1.0,3259.69,10000.0,32.6,28.0,1137.37,10815.21,GAS_STATION,32.15,13.36,LOW,0.0,N,Y,Y,N,MASTER_V1.5,2026-06-29,2026-06-29 19:54:02.726587
4457,Arthur Hodge,62,DE,2021-10-17,56,A,GROWING_DIGITAL,1576.76,100.0,1,1.0,77852.57,0.0,0.0,58.0,20630.98,-10770.91,GAS_STATION,32.75,27.73,MODERATE,0.0,N,Y,N,N,MASTER_V1.5,2026-06-29,2026-06-29 19:54:02.726587
4461,Debra Taylor,78,NM,2020-12-18,66,A,GROWING_DIGITAL,1777.95,100.0,1,1.0,47832.5,0.0,0.0,63.0,23934.36,-21848.54,GAS_STATION,46.03,24.45,MODERATE,0.0,N,Y,N,N,MASTER_V1.5,2026-06-29,2026-06-29 19:54:02.726587
4467,Sandra Gutierrez,63,MT,2017-05-12,109,A,ENGAGED_MAINSTREAM,12548.85,50.0,4,2.0,99978.19,2000.0,60.38,177.0,11357.33,15643.81,TRAVEL,37.85666666666667,20.82,MODERATE,0.0,N,N,N,N,MASTER_V1.5,2026-06-29,2026-06-29 19:54:02.726587
4485,Eddie Carr,65,MO,2025-05-07,13,A,GROWING_DIGITAL,342.34,100.0,1,1.0,37558.38,0.0,0.0,63.0,38375.47,-36888.68,GROCERY,34.92,14.45,LOW,0.0,N,Y,N,N,MASTER_V1.5,2026-06-29,2026-06-29 19:54:02.726587
4495,Eric Lambert,73,NH,2023-11-09,31,A,GROWING_DIGITAL,824.55,100.0,1,1.0,41745.25,0.0,0.0,32.0,2104.38,7376.829999999999,GROCERY,18.76,29.28,MODERATE,0.0,N,Y,N,N,MASTER_V1.5,2026-06-29,2026-06-29 19:54:02.726587
4509,Dennis Mcknight,34,TN,2014-06-17,144,A,GROWING_DIGITAL,3886.36,100.0,1,1.0,48798.46,0.0,0.0,53.0,11239.17,-7903.9,RESTAURANT,39.63,11.64,LOW,0.0,N,Y,N,N,MASTER_V1.5,2026-06-29,2026-06-29 19:54:02.726587
4511,Jason Rich,58,RI,2026-04-13,2,A,ENGAGED_MAINSTREAM,240.39,100.0,4,4.0,165961.36,25000.0,31.51,136.0,53322.130000000005,-40239.630000000005,RETAIL,36.767426470588234,13.36,LOW,0.0,N,N,N,N,MASTER_V1.5,2026-06-29,2026-06-29 19:54:02.726587
4515,Chelsea Potter,75,IL,2018-08-17,94,A,ENGAGED_MAINSTREAM,11266.1,100.0,4,4.0,160366.5,10000.0,94.09,203.0,24389.22,4198.949999999997,TRAVEL,38.422167487684725,15.36,LOW,0.0,N,N,N,N,MASTER_V1.5,2026-06-29,2026-06-29 19:54:02.726587
4538,Julia Williams,48,MT,2023-07-15,35,A,GROWING_DIGITAL,929.49,100.0,1,1.0,41059.95,0.0,0.0,59.0,18348.62,-16403.23,UTILITIES,40.67,22.9,MODERATE,0.0,N,Y,N,N,MASTER_V1.5,2026-06-29,2026-06-29 19:54:02.726587
4539,Charles Wyatt,24,VT,2026-01-19,5,A,PREMIUM_WEALTH,581.74,100.0,4,4.0,112964.5,25000.0,11.92,207.0,23752.61,-5760.739999999998,RETAIL,34.30024154589372,19.64,LOW,0.0,N,N,N,N,MASTER_V1.5,2026-06-29,2026-06-29 19:54:02.726587
4546,Daniel Thompson,28,NE,2013-09-21,153,A,CREDIT_DEPENDENT,7497.17,50.0,2,1.0,18037.83,0.0,0.0,84.0,13029.73,-1327.0599999999995,HEALTHCARE,54.767380952380954,28.83,MODERATE,0.0,N,N,N,N,MASTER_V1.5,2026-06-29,2026-06-29 19:54:02.726587
4562,Sandra Friedman,66,MN,2012-07-21,167,A,GROWING_DIGITAL,9435.61,100.0,2,2.0,80832.09,0.0,0.0,98.0,5554.63,8309.219999999998,RETAIL,38.775612244897964,38.91,MODERATE,0.0,N,N,N,N,MASTER_V1.5,2026-06-29,2026-06-29 19:54:02.726587
4580,Abigail Parsons,53,UT,2023-11-26,31,A,VALUE_BASIC,341.98,100.0,1,1.0,82.49,15000.0,0.55,43.0,1926.33,7848.35,GAS_STATION,37.21,5.27,LOW,0.0,N,Y,N,N,MASTER_V1.5,2026-06-29,2026-06-29 19:54:02.726587
4590,Hannah Davis,20,NH,2015-08-20,130,A,PREMIUM_WEALTH,11324.5,100.0,3,3.0,110731.96,0.0,0.0,93.0,13245.34,-8749.19,UTILITIES,32.25838709677419,23.82,MODERATE,0.0,N,N,N,N,MASTER_V1.5,2026-06-29,2026-06-29 19:54:02.726587
4601,Gregory Peters,22,VI,2024-04-15,26,A,PREMIUM_WEALTH,3086.89,75.0,4,3.0,143294.82,10000.0,28.89,178.0,11936.01,-3400.8200000000015,RESTAURANT,42.69651685393258,5.82,LOW,0.0,N,N,N,N,MASTER_V1.5,2026-06-29,2026-06-29 19:54:02.726587
4615,Amanda Garcia,85,UT,2024-11-24,19,A,VALUE_BASIC,426.47,100.0,1,1.0,7928.66,0.0,0.0,67.0,24104.95,-21595.36,ENTERTAINMENT,38.81,12.55,LOW,0.0,N,Y,Y,N,MASTER_V1.5,2026-06-29,2026-06-29 19:54:02.726587
4619,Amber Evans,28,AS,2021-02-01,64,A,PREMIUM_WEALTH,7631.37,100.0,4,4.0,150845.32,2000.0,26.46,161.0,20229.78,-11905.39,UTILITIES,34.782360248447205,14.21,LOW,0.0,N,N,N,N,MASTER_V1.5,2026-06-29,2026-06-29 19:54:02.726587
4623,Clinton Morris,27,NV,2020-01-24,77,A,GROWING_DIGITAL,4142.79,100.0,2,2.0,47121.45,10000.0,6.92,101.0,9883.939999999999,3636.2800000000007,RETAIL,33.66227722772277,30.27,MODERATE,0.0,N,N,N,N,MASTER_V1.5,2026-06-29,2026-06-29 19:54:02.726587
4640,Stephen Sanders,74,GU,2013-07-28,155,A,ENGAGED_MAINSTREAM,13531.38,100.0,3,3.0,113538.07,0.0,0.0,99.0,14499.439999999999,-10486.529999999999,RESTAURANT,33.333636363636366,16.52,LOW,0.0,N,N,N,N,MASTER_V1.5,2026-06-29,2026-06-29 19:54:02.726587
4646,Julia Rodriguez,53,IA,2023-12-04,30,A,ENGAGED_MAINSTREAM,3461.32,100.0,4,4.0,102513.02,10000.0,44.74,178.0,45909.94,-36716.66,RETAIL,40.44960674157303,17.27,LOW,0.0,N,N,N,N,MASTER_V1.5,2026-06-29,2026-06-29 19:54:02.726587
4648,Rose Williams,21,IL,2023-04-02,38,A,PREMIUM_WEALTH,1836.34,100.0,2,2.0,15755.36,2000.0,99.52,98.0,51921.81,-33499.36,GROCERY,34.69183673469388,6.09,LOW,0.0,N,N,N,N,MASTER_V1.5,2026-06-29,2026-06-29 19:54:02.726587
4651,Tammy Howard,42,NV,2011-10-01,176,A,GROWING_DIGITAL,4546.79,100.0,1,1.0,30748.92,0.0,0.0,32.0,10440.52,-8533.89,GROCERY,25.009999999999998,31.09,MODERATE,0.0,N,Y,N,N,MASTER_V1.5,2026-06-29,2026-06-29 19:54:02.726587
4658,Kevin Novak,70,WV,2025-03-14,15,A,ENGAGED_MAINSTREAM,1234.15,100.0,3,3.0,58119.69,10000.0,96.96,106.0,10163.77,14293.649999999998,TRAVEL,39.62103773584906,14.65,LOW,0.0,N,N,N,N,MASTER_V1.5,2026-06-29,2026-06-29 19:54:02.726587
4661,Kevin Johnson,30,PA,2017-01-27,113,A,PREMIUM_WEALTH,9625.47,100.0,3,3.0,85604.36,15000.0,42.85,101.0,12137.1,-5741.500000000001,UTILITIES,39.60356435643564,25.45,MODERATE,0.0,N,N,N,N,MASTER_V1.5,2026-06-29,2026-06-29 19:54:02.726587
4666,Anthony Porter,41,AR,2018-01-18,101,A,GROWING_DIGITAL,5414.87,100.0,2,2.0,45365.86,0.0,0.0,107.0,12859.83,9226.069999999998,HEALTHCARE,42.99242990654205,9.27,LOW,0.0,N,N,N,N,MASTER_V1.5,2026-06-29,2026-06-29 19:54:02.726587
4667,Amber Cohen,53,AL,2017-04-16,110,A,ENGAGED_MAINSTREAM,13211.59,75.0,4,3.0,164479.25,25000.0,55.25,151.0,29354.51,-20621.949999999997,TRAVEL,37.087615894039736,20.18,MODERATE,0.0,N,N,N,N,MASTER_V1.5,2026-06-29,2026-06-29 19:54:02.726587
4681,Melissa Williams,62,SD,2012-04-08,170,A,GROWING_DIGITAL,4431.92,100.0,1,1.0,33794.1,0.0,0.0,23.0,1227.96,16.339999999999918,GROCERY,65.21999999999998,12.55,LOW,0.0,N,Y,N,N,MASTER_V1.5,2026-06-29,2026-06-29 19:54:02.726587
4688,Amanda Walker,63,NM,2018-10-10,92,A,GROWING_DIGITAL,5197.63,100.0,2,2.0,80756.35,0.0,0.0,41.0,14863.69,-14515.1,RETAIL,48.78048780487805,24.12,MODERATE,0.0,N,N,N,N,MASTER_V1.5,2026-06-29,2026-06-29 19:54:02.726587
4693,Thomas Smith,32,OR,2018-08-26,94,A,GROWING_DIGITAL,5440.87,100.0,2,2.0,106544.87,0.0,0.0,98.0,40764.299999999996,-30275.909999999996,RESTAURANT,39.79795918367347,5.55,LOW,0.0,N,N,N,N,MASTER_V1.5,2026-06-29,2026-06-29 19:54:02.726587
4697,Craig Cunningham,31,AL,2019-02-16,88,A,PREMIUM_WEALTH,10574.82,75.0,4,3.0,165519.32,10000.0,54.99,197.0,36596.37,34962.26,GROCERY,35.02147208121828,16.29,LOW,0.0,N,N,N,N,MASTER_V1.5,2026-06-29,2026-06-29 19:54:02.726587
4706,Sarah Fletcher,49,CA,2014-12-24,138,A,GROWING_DIGITAL,3687.57,100.0,1,1.0,43853.92,0.0,0.0,70.0,5209.71,-1611.38,GROCERY,31.429999999999996,12.27,LOW,0.0,N,Y,N,N,MASTER_V1.5,2026-06-29,2026-06-29 19:54:02.726587
4712,Mark Mckinney,30,NH,2024-10-06,20,A,VALUE_BASIC,400.63,100.0,1,1.0,3018.5,0.0,0.0,26.0,1648.09,223.61000000000013,GROCERY,34.61,15.36,LOW,0.0,N,Y,Y,N,MASTER_V1.5,2026-06-29,2026-06-29 19:54:02.726587
4726,Laura Douglas,26,IN,2011-10-30,176,A,PREMIUM_WEALTH,20752.92,100.0,4,4.0,132115.63,2000.0,36.25,134.0,26734.55,-14453.289999999999,RETAIL,39.548208955223885,6.18,LOW,0.0,N,N,N,N,MASTER_V1.5,2026-06-29,2026-06-29 19:54:02.726587
4738,Melissa Love,30,DE,2023-05-23,37,A,GROWING_DIGITAL,1001.18,100.0,1,1.0,50187.26,0.0,0.0,60.0,19247.67,-6695.769999999999,RESTAURANT,40.0,11.36,LOW,0.0,N,Y,N,N,MASTER_V1.5,2026-06-29,2026-06-29 19:54:02.726587
4743,Ashley Clark,51,LA,2020-06-08,72,A,ENGAGED_MAINSTREAM,6356.58,100.0,3,3.0,129501.06,25000.0,18.17,164.0,21056.36,13036.419999999998,RESTAURANT,40.24378048780488,0.73,LOW,0.0,N,N,N,N,MASTER_V1.5,2026-06-29,2026-06-29 19:54:02.726587
4773,Kimberly Cannon,29,SD,2023-09-26,33,A,PREMIUM_WEALTH,3801.73,50.0,4,2.0,100750.33,25000.0,15.96,186.0,39211.46,1682.6399999999994,TRAVEL,38.70881720430108,11.91,LOW,0.0,N,N,N,N,MASTER_V1.5,2026-06-29,2026-06-29 19:54:02.726587
4782,Diana Jackson,82,UT,2015-05-26,133,A,ENGAGED_MAINSTREAM,15827.4,75.0,4,3.0,147311.18,25000.0,55.23,167.0,10248.689999999999,30392.150000000005,RETAIL,37.124550898203594,9.73,LOW,0.0,N,N,N,N,MASTER_V1.5,2026-06-29,2026-06-29 19:54:02.726587
4791,Michelle Andrews,35,IN,2026-02-26,4,A,PREMIUM_WEALTH,335.36,100.0,3,3.0,71588.71,15000.0,95.0,191.0,25719.36,15163.970000000001,GROCERY,37.69340314136125,15.73,LOW,0.0,N,N,N,N,MASTER_V1.5,2026-06-29,2026-06-29 19:54:02.726587
4794,Jason Barnes,25,AL,2021-02-14,64,A,CREDIT_DEPENDENT,1783.45,0.0,1,0.0,69324.24,0.0,0.0,68.0,15732.03,3261.800000000001,RETAIL,41.17999999999999,23.02,MODERATE,0.0,N,N,N,Y,MASTER_V1.5,2026-06-29,2026-06-29 19:54:02.726587
4796,Grace Lewis,59,PA,2017-12-05,102,A,ENGAGED_MAINSTREAM,8194.16,66.67,3,2.0,44860.89,15000.0,16.81,153.0,27066.11,7316.459999999999,RETAIL,37.907058823529404,19.73,LOW,0.0,N,N,N,N,MASTER_V1.5,2026-06-29,2026-06-29 19:54:02.726587
4809,Laura Lutz,33,WI,2022-08-01,46,A,PREMIUM_WEALTH,2558.42,100.0,2,2.0,67747.67,5000.0,59.96,99.0,11731.740000000002,-7113.470000000001,RESTAURANT,44.44282828282828,8.29,LOW,0.0,N,N,N,N,MASTER_V1.5,2026-06-29,2026-06-29 19:54:02.726587
4822,Michael Fernandez,21,PR,2023-10-31,32,A,CREDIT_DEPENDENT,901.25,0.0,1,0.0,78086.34,0.0,0.0,55.0,10238.65,-8108.28,GAS_STATION,41.81999999999999,17.44,LOW,0.0,N,N,N,N,MASTER_V1.5,2026-06-29,2026-06-29 19:54:02.726587
4828,David Ford,19,AS,2021-07-21,59,A,GROWING_DIGITAL,1603.79,100.0,1,1.0,52739.88,0.0,0.0,37.0,11353.54,220.6899999999987,GROCERY,37.84,4.03,LOW,0.0,N,Y,N,N,MASTER_V1.5,2026-06-29,2026-06-29 19:54:02.726587
4833,Richard Mclaughlin,56,TX,2012-02-21,172,A,VALUE_BASIC,3623.1,100.0,1,1.0,4563.37,5000.0,91.27,38.0,1295.24,1860.89,GROCERY,36.84,15.55,LOW,0.0,N,Y,Y,N,MASTER_V1.5,2026-06-29,2026-06-29 19:54:02.726587
4840,Julia Vasquez,81,UT,2013-12-22,150,A,ENGAGED_MAINSTREAM,18196.88,100.0,4,4.0,185582.32,5000.0,81.95,197.0,31928.2,6014.070000000003,RESTAURANT,35.02522842639594,17.0,LOW,0.0,N,N,N,N,MASTER_V1.5,2026-06-29,2026-06-29 19:54:02.726587
4844,John Rodriguez,37,MO,2017-07-04,107,A,GROWING_DIGITAL,2955.73,100.0,1,1.0,62910.93,0.0,0.0,67.0,13710.9,-10779.42,ENTERTAINMENT,38.8,29.64,MODERATE,0.0,N,Y,N,N,MASTER_V1.5,2026-06-29,2026-06-29 19:54:02.726587
4853,Timothy Scott,27,OK,2019-08-29,82,A,PREMIUM_WEALTH,9660.93,100.0,4,4.0,130825.15,2000.0,44.54,226.0,28828.020000000004,2891.469999999994,UTILITIES,32.7433185840708,20.27,MODERATE,0.0,N,N,N,N,MASTER_V1.5,2026-06-29,2026-06-29 19:54:02.726587
4870,Mark Taylor,80,AZ,2015-05-27,133,A,VALUE_BASIC,3061.51,100.0,1,1.0,9972.21,10000.0,99.72,48.0,1592.16,10700.39,UTILITIES,35.42,8.27,LOW,0.0,N,Y,Y,N,MASTER_V1.5,2026-06-29,2026-06-29 19:54:02.726587
4877,Danny Johnson,40,NY,2024-10-19,20,A,GROWING_DIGITAL,510.53,100.0,1,1.0,27191.3,0.0,0.0,24.0,1493.49,-32.6400000000001,RETAIL,45.83,15.18,LOW,0.0,N,Y,N,N,MASTER_V1.5,2026-06-29,2026-06-29 19:54:02.726587
4879,Anna Boyd,83,PA,2012-10-05,164,A,ENGAGED_MAINSTREAM,8894.65,100.0,2,2.0,51386.43,25000.0,89.22,111.0,27393.26,-5055.539999999997,UTILITIES,36.939099099099096,17.73,LOW,0.0,N,N,N,N,MASTER_V1.5,2026-06-29,2026-06-29 19:54:02.726587
4883,Amanda Brooks,41,OR,2015-06-09,132,A,GROWING_DIGITAL,11465.43,100.0,3,3.0,107070.37,0.0,0.0,161.0,36601.36,-14239.43,RETAIL,37.888819875776406,14.82,LOW,0.0,N,N,N,N,MASTER_V1.5,2026-06-29,2026-06-29 19:54:02.726587
4885,Robin Molina,30,MD,2024-10-14,20,A,PREMIUM_WEALTH,2224.68,75.0,4,3.0,67738.43,2000.0,97.05,228.0,36625.31,-3430.019999999997,RESTAURANT,35.087543859649124,15.0,LOW,0.0,N,N,N,N,MASTER_V1.5,2026-06-29,2026-06-29 19:54:02.726587
4910,Andrea Schmidt,52,MA,2014-05-29,145,A,GROWING_DIGITAL,3449.15,100.0,1,1.0,13560.34,0.0,0.0,41.0,23419.82,-9661.029999999999,RETAIL,36.58,15.73,LOW,0.0,N,Y,N,N,MASTER_V1.5,2026-06-29,2026-06-29 19:54:02.726587
4914,Amanda Kaiser,66,AL,2023-06-12,36,A,ENGAGED_MAINSTREAM,3002.59,100.0,3,3.0,67556.28,15000.0,22.58,147.0,9708.72,6972.469999999999,TRAVEL,36.734693877551024,4.55,LOW,0.0,N,N,N,N,MASTER_V1.5,2026-06-29,2026-06-29 19:54:02.726587
4934,Sandra Grant,38,KY,2011-10-30,176,A,GROWING_DIGITAL,15188.81,100.0,3,3.0,99376.86,0.0,0.0,134.0,13195.71,1240.8500000000004,RESTAURANT,41.79082089552239,17.09,LOW,0.0,N,N,N,N,MASTER_V1.5,2026-06-29,2026-06-29 19:54:02.726587
9,Nicholas Arnold,49,TX,2026-01-03,5,A,VALUE_BASIC,103.14,100.0,1,1.0,3831.75,5000.0,76.63,18.0,365.39,970.5600000000001,GROCERY,50.0,10.91,LOW,0.0,N,Y,N,N,MASTER_V1.5,2026-06-29,2026-06-29 19:54:02.726587
14,Deborah Lynch,67,VI,2025-06-18,12,A,VALUE_BASIC,257.88,100.0,1,1.0,5410.07,0.0,0.0,17.0,1426.07,-1126.06,ENTERTAINMENT,29.410000000000004,4.45,LOW,0.0,N,Y,Y,N,MASTER_V1.5,2026-06-29,2026-06-29 19:54:02.726587
20,Joseph Wright,24,MD,2018-05-03,97,A,PREMIUM_WEALTH,11192.77,100.0,4,4.0,102635.66,25000.0,32.65,108.0,7129.33,5289.219999999999,HEALTHCARE,37.95981481481481,11.0,LOW,0.0,N,N,N,N,MASTER_V1.5,2026-06-29,2026-06-29 19:54:02.726587
28,Nancy Baker,55,PR,2025-09-20,9,A,ENGAGED_MAINSTREAM,800.64,66.67,3,2.0,141682.17,0.0,0.0,156.0,42744.020000000004,-35773.86,RESTAURANT,33.33480769230769,24.73,MODERATE,0.0,N,N,N,N,MASTER_V1.5,2026-06-29,2026-06-29 19:54:02.726587
47,Michelle Wright,58,WI,2016-07-20,119,A,ENGAGED_MAINSTREAM,10504.64,66.67,3,2.0,129301.85,0.0,0.0,119.0,24231.63,-11954.760000000002,UTILITIES,32.77117647058824,12.09,LOW,0.0,N,N,N,N,MASTER_V1.5,2026-06-29,2026-06-29 19:54:02.726587
49,Scott Callahan,68,CA,2025-04-06,14,A,GROWING_DIGITAL,797.69,100.0,2,2.0,88923.92,0.0,0.0,126.0,15835.34,3699.4300000000003,RETAIL,33.331428571428575,4.64,LOW,0.0,N,N,N,N,MASTER_V1.5,2026-06-29,2026-06-29 19:54:02.726587
58,Christopher Lopez,74,SD,2025-10-28,8,A,ENGAGED_MAINSTREAM,657.04,66.67,3,2.0,56989.12,2000.0,98.13,187.0,43193.84,-34837.97,GROCERY,35.29577540106952,12.74,LOW,0.0,N,N,N,N,MASTER_V1.5,2026-06-29,2026-06-29 19:54:02.726587
60,Brooke Harvey,25,IN,2015-03-01,135,A,GROWING_DIGITAL,3622.81,100.0,1,1.0,45901.11,0.0,0.0,24.0,1287.13,-207.92000000000007,TRAVEL,25.0,11.55,LOW,0.0,N,Y,N,N,MASTER_V1.5,2026-06-29,2026-06-29 19:54:02.726587
62,John Foster,71,MI,2022-03-05,51,A,ENGAGED_MAINSTREAM,4230.62,100.0,3,3.0,63604.31,2000.0,31.19,163.0,42211.94,-35403.21,UTILITIES,41.10018404907976,14.09,LOW,0.0,N,N,N,N,MASTER_V1.5,2026-06-29,2026-06-29 19:54:02.726587
67,Cheryl Archer,29,ID,2021-12-26,54,A,PREMIUM_WEALTH,6443.07,100.0,4,4.0,151996.82,10000.0,26.94,112.0,19743.0,16530.559999999998,RETAIL,38.39696428571428,10.82,LOW,0.0,N,N,N,N,MASTER_V1.5,2026-06-29,2026-06-29 19:54:02.726587
78,Rachel Clark,32,CA,2024-04-30,26,A,PREMIUM_WEALTH,3089.68,75.0,4,3.0,144839.56,5000.0,68.84,193.0,65082.42,-45360.97,RESTAURANT,42.48450777202073,25.42,MODERATE,0.0,N,N,N,N,MASTER_V1.5,2026-06-29,2026-06-29 19:54:02.726587
85,Steven Torres,70,AK,2023-09-03,33,A,VALUE_BASIC,739.43,100.0,1,1.0,7806.99,0.0,0.0,26.0,1068.42,348.92999999999984,RESTAURANT,34.62,5.27,LOW,0.0,N,Y,Y,N,MASTER_V1.5,2026-06-29,2026-06-29 19:54:02.726587
87,Tammy Ramirez,63,MP,2024-05-20,25,A,ENGAGED_MAINSTREAM,2677.16,75.0,4,3.0,44740.77,25000.0,53.69,139.0,13737.82,-6163.62,TRAVEL,28.05791366906475,27.64,MODERATE,0.0,N,N,N,N,MASTER_V1.5,2026-06-29,2026-06-29 19:54:02.726587
91,Catherine Dixon,36,WA,2016-03-03,123,A,VALUE_BASIC,5120.09,100.0,2,2.0,4127.16,5000.0,19.76,119.0,36683.04,-11640.34,RETAIL,31.095882352941178,21.61,MODERATE,0.0,N,N,Y,N,MASTER_V1.5,2026-06-29,2026-06-29 19:54:02.726587
103,Loretta Potter,43,MI,2016-06-28,120,A,GROWING_DIGITAL,3273.87,100.0,1,1.0,54880.49,0.0,0.0,43.0,12283.29,-10923.490000000002,RESTAURANT,37.21,12.18,LOW,0.0,N,Y,N,N,MASTER_V1.5,2026-06-29,2026-06-29 19:54:02.726587
120,Melissa Cannon,46,WI,2021-11-12,55,A,GROWING_DIGITAL,1508.9,100.0,1,1.0,58327.8,0.0,0.0,18.0,1432.6,-1189.6,RETAIL,55.55,24.18,MODERATE,0.0,N,Y,N,N,MASTER_V1.5,2026-06-29,2026-06-29 19:54:02.726587
145,Ryan Simon,49,NC,2018-09-14,93,A,VALUE_BASIC,1742.0,100.0,1,1.0,1794.5,2000.0,89.73,43.0,1708.35,6335.76,GROCERY,46.51,21.91,MODERATE,0.0,N,Y,Y,N,MASTER_V1.5,2026-06-29,2026-06-29 19:54:02.726587
150,Alejandro Vaughan,38,TN,2015-08-12,130,A,CREDIT_DEPENDENT,7316.05,50.0,2,1.0,77300.88,0.0,0.0,137.0,38574.1,-14044.14,UTILITIES,35.767737226277376,10.45,LOW,0.0,N,N,N,N,MASTER_V1.5,2026-06-29,2026-06-29 19:54:02.726587
154,Alyssa Coleman,46,MD,2018-07-20,95,A,PREMIUM_WEALTH,8404.38,66.67,3,2.0,132669.7,0.0,0.0,122.0,23976.83,-19273.170000000002,RESTAURANT,41.8022131147541,27.49,MODERATE,0.0,N,N,N,N,MASTER_V1.5,2026-06-29,2026-06-29 19:54:02.726587
170,Jared Clark,35,IA,2025-08-17,10,A,PREMIUM_WEALTH,533.19,100.0,2,2.0,42778.86,10000.0,64.84,95.0,26256.59,-11703.97,GROCERY,45.26894736842105,23.94,MODERATE,0.0,N,N,N,N,MASTER_V1.5,2026-06-29,2026-06-29 19:54:02.726587
176,Margaret Jones,42,FM,2025-01-15,17,A,PREMIUM_WEALTH,894.86,100.0,2,2.0,37338.96,10000.0,88.3,91.0,36205.81,-32627.659999999996,UTILITIES,38.46637362637363,5.73,LOW,0.0,N,N,N,N,MASTER_V1.5,2026-06-29,2026-06-29 19:54:02.726587
188,Marcus Cordova,55,NV,2016-03-07,123,A,GROWING_DIGITAL,6688.18,100.0,2,2.0,52843.86,15000.0,41.61,67.0,11556.349999999999,1978.1400000000012,TRAVEL,41.78731343283582,12.09,LOW,0.0,N,N,N,N,MASTER_V1.5,2026-06-29,2026-06-29 19:54:02.726587
210,Terrance Costa,41,NY,2013-10-17,152,A,GROWING_DIGITAL,3612.5,100.0,1,1.0,13447.94,0.0,0.0,45.0,3020.58,9710.18,GROCERY,42.22,20.35,MODERATE,0.0,N,Y,N,N,MASTER_V1.5,2026-06-29,2026-06-29 19:54:02.726587
212,Norman Stewart,28,IL,2024-04-23,26,A,VALUE_BASIC,441.84,100.0,1,1.0,895.63,0.0,0.0,33.0,9403.49,-8445.17,GROCERY,30.3,6.27,LOW,0.0,N,Y,N,N,MASTER_V1.5,2026-06-29,2026-06-29 19:54:02.726587
217,Kelly Brooks,82,IA,2023-05-15,37,A,ENGAGED_MAINSTREAM,3067.25,100.0,3,3.0,63143.55,15000.0,33.73,186.0,33017.11,1228.989999999998,UTILITIES,39.25069892473118,8.09,LOW,0.0,N,N,N,N,MASTER_V1.5,2026-06-29,2026-06-29 19:54:02.726587
223,Danielle Coleman,62,WY,2020-04-03,74,A,ENGAGED_MAINSTREAM,8692.44,100.0,4,4.0,126315.01,10000.0,94.15,171.0,46203.12,11162.299999999996,UTILITIES,36.83964912280702,16.09,LOW,0.0,N,N,N,N,MASTER_V1.5,2026-06-29,2026-06-29 19:54:02.726587
232,Scott Riley,42,NV,2016-02-06,124,A,PREMIUM_WEALTH,10477.48,100.0,3,3.0,78128.13,15000.0,59.62,131.0,39616.62,-26563.460000000003,RESTAURANT,32.82221374045802,21.17,MODERATE,0.0,N,N,N,N,MASTER_V1.5,2026-06-29,2026-06-29 19:54:02.726587
244,Kevin Ortiz,30,MO,2025-01-21,17,A,PREMIUM_WEALTH,967.5,100.0,2,2.0,87754.44,25000.0,94.37,138.0,16362.61,-10349.630000000001,RESTAURANT,34.78478260869565,6.73,LOW,0.0,N,N,N,N,MASTER_V1.5,2026-06-29,2026-06-29 19:54:02.726587
251,Amy Levine,78,WA,2021-09-20,57,A,GROWING_DIGITAL,3115.99,100.0,2,2.0,56010.93,0.0,0.0,111.0,47477.74,-41737.72,RESTAURANT,35.13567567567568,18.27,LOW,0.0,N,N,N,N,MASTER_V1.5,2026-06-29,2026-06-29 19:54:02.726587
298,Jenna Butler,46,PW,2020-01-17,77,A,PREMIUM_WEALTH,9230.0,75.0,4,3.0,160654.51,2000.0,33.14,179.0,18510.25,-4901.439999999999,HEALTHCARE,35.75603351955308,27.48,MODERATE,0.0,N,N,N,N,MASTER_V1.5,2026-06-29,2026-06-29 19:54:02.726587
300,Samantha Davis,44,VT,2023-11-26,31,A,CREDIT_DEPENDENT,2704.86,33.33,3,1.0,112851.4,5000.0,42.99,158.0,44274.08,-21211.78,RETAIL,39.23955696202531,20.14,MODERATE,0.0,N,N,N,N,MASTER_V1.5,2026-06-29,2026-06-29 19:54:02.726587
319,Justin Ortiz,74,IL,2017-01-19,113,A,ENGAGED_MAINSTREAM,10050.66,100.0,3,3.0,141377.04,0.0,0.0,129.0,33490.56,-28796.28,TRAVEL,38.759767441860454,11.17,LOW,0.0,N,N,N,N,MASTER_V1.5,2026-06-29,2026-06-29 19:54:02.726587
336,Lindsey Harrison,49,GA,2016-02-09,124,A,GROWING_DIGITAL,3311.05,100.0,1,1.0,43512.19,0.0,0.0,21.0,2479.04,-2132.46,RESTAURANT,42.85999999999999,0.0,LOW,0.0,N,Y,N,N,MASTER_V1.5,2026-06-29,2026-06-29 19:54:02.726587
341,Melissa Mitchell,78,DE,2024-02-10,28,A,GROWING_DIGITAL,1417.71,100.0,2,2.0,24997.36,0.0,0.0,107.0,18388.12,-1971.2000000000007,RETAIL,28.04,5.36,LOW,0.0,N,N,N,N,MASTER_V1.5,2026-06-29,2026-06-29 19:54:02.726587
343,Jeffrey Hayes,56,WI,2025-08-11,10,A,GROWING_DIGITAL,258.64,100.0,1,1.0,31115.77,0.0,0.0,46.0,8820.17,1057.0900000000001,RETAIL,28.259999999999998,9.09,LOW,0.0,N,Y,N,N,MASTER_V1.5,2026-06-29,2026-06-29 19:54:02.726587
349,Mary Dunn,80,WV,2015-04-23,134,A,GROWING_DIGITAL,3214.94,100.0,1,1.0,14718.13,0.0,0.0,46.0,20764.46,-12552.98,GROCERY,43.48,6.0,LOW,0.0,N,Y,N,N,MASTER_V1.5,2026-06-29,2026-06-29 19:54:02.726587
364,Zachary Hays,82,MA,2025-05-31,13,A,ENGAGED_MAINSTREAM,1461.33,100.0,4,4.0,76192.25,5000.0,76.79,193.0,43837.08,-8821.07,RESTAURANT,39.38253886010362,18.27,LOW,0.0,N,N,N,N,MASTER_V1.5,2026-06-29,2026-06-29 19:54:02.726587
370,Carrie Short,36,IA,2012-09-01,165,A,PREMIUM_WEALTH,14495.91,66.67,3,2.0,122255.23,25000.0,37.69,166.0,33607.03,-3024.449999999997,GROCERY,34.33638554216868,6.39,LOW,0.0,N,N,N,N,MASTER_V1.5,2026-06-29,2026-06-29 19:54:02.726587
381,Jill Porter,68,NJ,2013-03-08,159,A,CREDIT_DEPENDENT,8532.36,50.0,2,1.0,45822.53,10000.0,2.21,51.0,3682.62,8895.95,RETAIL,35.29254901960785,29.82,MODERATE,0.0,N,N,N,N,MASTER_V1.5,2026-06-29,2026-06-29 19:54:02.726587
387,Melissa Joseph,49,FM,2024-10-14,20,A,PREMIUM_WEALTH,2349.88,100.0,4,4.0,126676.06,5000.0,14.21,118.0,38005.53,-24487.719999999998,TRAVEL,44.065677966101696,12.09,LOW,0.0,N,N,N,N,MASTER_V1.5,2026-06-29,2026-06-29 19:54:02.726587
393,Teresa Day,30,NV,2012-08-03,166,A,GROWING_DIGITAL,4650.78,100.0,1,1.0,73622.38,0.0,0.0,34.0,2455.62,-1463.79,GROCERY,35.29,4.0,LOW,0.0,N,Y,N,N,MASTER_V1.5,2026-06-29,2026-06-29 19:54:02.726587
395,Hunter Burch,33,MN,2021-01-13,65,A,VALUE_BASIC,1378.7,100.0,1,1.0,4838.3,5000.0,96.77,55.0,23273.22,-12731.79,GROCERY,47.27,20.27,MODERATE,0.0,N,Y,Y,N,MASTER_V1.5,2026-06-29,2026-06-29 19:54:02.726587
407,Scott Washington,80,MT,2012-05-20,169,A,GROWING_DIGITAL,4070.83,100.0,1,1.0,15292.35,0.0,0.0,38.0,9468.84,1339.67,GROCERY,34.21,10.78,LOW,0.0,N,Y,N,N,MASTER_V1.5,2026-06-29,2026-06-29 19:54:02.726587
435,Andrew Edwards,21,MP,2013-02-16,160,A,VALUE_BASIC,3446.85,100.0,1,1.0,5525.5,10000.0,55.26,20.0,22598.64,-10409.81,UTILITIES,35.0,18.09,LOW,0.0,N,Y,Y,N,MASTER_V1.5,2026-06-29,2026-06-29 19:54:02.726587
440,Kelsey Le,62,IN,2016-10-10,116,A,ENGAGED_MAINSTREAM,9847.85,100.0,3,3.0,82401.8,5000.0,20.1,157.0,14507.68,17405.98,TRAVEL,32.4840127388535,11.82,LOW,0.0,N,N,N,N,MASTER_V1.5,2026-06-29,2026-06-29 19:54:02.726587
469,Alexander Valdez,65,AS,2022-04-10,50,A,CREDIT_DEPENDENT,2627.86,50.0,2,1.0,36733.04,0.0,0.0,78.0,15304.0,-13273.17,HEALTHCARE,33.33205128205128,26.32,MODERATE,0.0,N,N,N,N,MASTER_V1.5,2026-06-29,2026-06-29 19:54:02.726587
503,Tyler Compton,43,WI,2017-11-11,103,A,GROWING_DIGITAL,8722.23,100.0,3,3.0,80090.3,0.0,0.0,147.0,43647.4,-29267.33,TRAVEL,33.33571428571428,7.64,LOW,0.0,N,N,N,N,MASTER_V1.5,2026-06-29,2026-06-29 19:54:02.726587
531,Alexander Moreno,85,WV,2019-09-20,81,A,ENGAGED_MAINSTREAM,9294.71,100.0,4,4.0,96274.1,25000.0,72.06,232.0,79368.8,-56402.090000000004,TRAVEL,37.06948275862069,9.64,LOW,0.0,N,N,N,N,MASTER_V1.5,2026-06-29,2026-06-29 19:54:02.726587
540,Ariel Hodge,56,TX,2023-03-12,39,A,ENGAGED_MAINSTREAM,3388.12,100.0,3,3.0,107292.32,10000.0,53.76,118.0,17901.19,-12767.059999999998,RESTAURANT,34.74381355932203,7.18,LOW,0.0,N,N,N,N,MASTER_V1.5,2026-06-29,2026-06-29 19:54:02.726587
544,Leonard Ali,83,GU,2025-05-06,13,A,ENGAGED_MAINSTREAM,1093.45,66.67,3,2.0,74227.56,15000.0,1.39,129.0,15998.970000000001,-3618.4300000000003,RESTAURANT,37.98472868217054,14.72,LOW,0.0,N,N,N,N,MASTER_V1.5,2026-06-29,2026-06-29 19:54:02.726587
567,Lisa Villarreal,63,AS,2016-06-25,120,A,GROWING_DIGITAL,6792.62,100.0,2,2.0,82539.08,0.0,0.0,112.0,8017.95,-3314.95,RETAIL,39.287142857142854,11.09,LOW,0.0,N,N,N,N,MASTER_V1.5,2026-06-29,2026-06-29 19:54:02.726587
579,Michael Woodard,49,MN,2023-04-15,38,A,PREMIUM_WEALTH,3097.81,100.0,3,3.0,52549.47,5000.0,27.77,145.0,30354.96,-14210.549999999997,UTILITIES,32.41586206896552,27.03,MODERATE,0.0,N,N,N,N,MASTER_V1.5,2026-06-29,2026-06-29 19:54:02.726587
581,Deborah Williams,41,CO,2016-10-14,116,A,GROWING_DIGITAL,3172.46,100.0,1,1.0,56360.37,0.0,0.0,17.0,1123.3,-526.16,RETAIL,41.17999999999999,16.27,LOW,0.0,N,Y,N,N,MASTER_V1.5,2026-06-29,2026-06-29 19:54:02.726587
585,Kelsey Chapman,55,MD,2017-04-29,110,A,ENGAGED_MAINSTREAM,9240.7,100.0,3,3.0,73192.28,10000.0,66.56,109.0,22732.34,-10906.800000000001,RETAIL,42.20073394495413,3.55,LOW,0.0,N,N,N,N,MASTER_V1.5,2026-06-29,2026-06-29 19:54:02.726587
591,Erica Martin,28,TX,2021-02-26,64,A,PREMIUM_WEALTH,5010.57,66.67,3,2.0,34155.99,0.0,0.0,156.0,34587.3,-22258.450000000004,HEALTHCARE,32.69346153846154,11.0,LOW,0.0,N,N,N,N,MASTER_V1.5,2026-06-29,2026-06-29 19:54:02.726587
592,Greg Moore,19,KY,2015-02-17,136,A,GROWING_DIGITAL,3773.1,100.0,1,1.0,65997.04,0.0,0.0,24.0,1685.2,7195.97,RESTAURANT,37.5,14.12,LOW,0.0,N,Y,N,N,MASTER_V1.5,2026-06-29,2026-06-29 19:54:02.726587
593,Jesse Sullivan,47,IA,2025-10-15,8,A,PREMIUM_WEALTH,953.9,75.0,4,3.0,150799.25,25000.0,87.93,130.0,7066.75,21887.129999999997,UTILITIES,36.15123076923077,17.09,LOW,0.0,N,N,N,N,MASTER_V1.5,2026-06-29,2026-06-29 19:54:02.726587
612,Andrea Wilson,35,AK,2022-12-01,42,A,PREMIUM_WEALTH,3338.79,66.67,3,2.0,40108.46,2000.0,16.97,161.0,42219.68,-13006.48,UTILITIES,31.67689440993789,15.0,LOW,0.0,N,N,N,N,MASTER_V1.5,2026-06-29,2026-06-29 19:54:02.726587
619,Gabriel Taylor,37,RI,2020-12-05,66,A,PREMIUM_WEALTH,7395.26,75.0,4,3.0,73492.99,10000.0,40.43,224.0,78775.08,-59812.73,UTILITIES,37.95098214285714,25.25,MODERATE,0.0,N,N,N,N,MASTER_V1.5,2026-06-29,2026-06-29 19:54:02.726587
628,Zachary Ramirez,26,UT,2012-11-17,163,A,PREMIUM_WEALTH,9194.51,100.0,2,2.0,79348.48,25000.0,96.69,98.0,26674.230000000003,-6594.620000000003,GROCERY,37.75397959183673,20.0,MODERATE,0.0,N,N,N,N,MASTER_V1.5,2026-06-29,2026-06-29 19:54:02.726587
631,Michael Brown,54,UT,2021-05-25,61,A,GROWING_DIGITAL,3533.28,100.0,2,2.0,107421.76,0.0,0.0,86.0,15476.189999999999,12593.260000000002,RETAIL,36.047209302325584,5.64,LOW,0.0,N,N,N,N,MASTER_V1.5,2026-06-29,2026-06-29 19:54:02.726587
642,Jeremy Frazier,53,MP,2013-06-21,156,A,GROWING_DIGITAL,3608.63,100.0,1,1.0,10434.67,0.0,0.0,21.0,1163.97,-44.6400000000001,RETAIL,38.089999999999996,7.64,LOW,0.0,N,Y,N,N,MASTER_V1.5,2026-06-29,2026-06-29 19:54:02.726587
651,Leonard Taylor,59,TN,2025-11-10,7,A,ENGAGED_MAINSTREAM,580.28,100.0,3,3.0,63127.37,25000.0,22.52,93.0,14101.34,-8871.05,HEALTHCARE,43.00892473118279,24.16,MODERATE,0.0,N,N,N,N,MASTER_V1.5,2026-06-29,2026-06-29 19:54:02.726587
654,April Hicks,41,SD,2015-12-28,126,A,PREMIUM_WEALTH,10600.18,100.0,3,3.0,74393.01,5000.0,29.45,116.0,17828.18,11149.080000000002,GROCERY,32.75896551724138,18.82,LOW,0.0,N,N,N,N,MASTER_V1.5,2026-06-29,2026-06-29 19:54:02.726587
661,Kristina Hunter,82,KY,2012-05-23,169,A,GROWING_DIGITAL,4035.19,100.0,1,1.0,14055.32,0.0,0.0,32.0,2179.77,8683.98,GROCERY,31.25,23.61,MODERATE,0.0,N,Y,N,N,MASTER_V1.5,2026-06-29,2026-06-29 19:54:02.726587
668,Kyle Harmon,55,AR,2020-07-28,71,A,GROWING_DIGITAL,3984.62,100.0,2,2.0,74927.75,0.0,0.0,86.0,14772.09,-464.5699999999997,TRAVEL,40.69744186046512,9.58,LOW,0.0,N,N,N,N,MASTER_V1.5,2026-06-29,2026-06-29 19:54:02.726587
674,Spencer Ward,46,MT,2012-08-21,166,A,PREMIUM_WEALTH,13904.81,100.0,3,3.0,70864.19,10000.0,44.72,117.0,23237.629999999997,15528.309999999998,RESTAURANT,38.46119658119658,17.91,LOW,0.0,N,N,N,N,MASTER_V1.5,2026-06-29,2026-06-29 19:54:02.726587
684,Angela Smith,28,VA,2016-05-16,121,A,PREMIUM_WEALTH,14374.58,100.0,4,4.0,144324.61,25000.0,25.9,213.0,21347.5,11166.949999999997,TRAVEL,30.990093896713617,26.82,MODERATE,0.0,N,N,N,N,MASTER_V1.5,2026-06-29,2026-06-29 19:54:02.726587
687,Kathleen Sanchez,72,IA,2024-12-03,18,A,ENGAGED_MAINSTREAM,2118.58,100.0,4,4.0,129302.18,15000.0,85.87,162.0,21045.16,-2527.040000000001,RETAIL,41.97623456790123,9.09,LOW,0.0,N,N,N,N,MASTER_V1.5,2026-06-29,2026-06-29 19:54:02.726587
691,Travis Brown,50,AZ,2015-01-16,137,A,GROWING_DIGITAL,11919.79,100.0,3,3.0,109182.2,0.0,0.0,156.0,28219.63,-21129.68,HEALTHCARE,41.66935897435897,7.73,LOW,0.0,N,N,N,N,MASTER_V1.5,2026-06-29,2026-06-29 19:54:02.726587
696,Jose Edwards,20,AK,2015-01-09,137,A,PREMIUM_WEALTH,12093.43,100.0,3,3.0,129283.13,2000.0,39.62,126.0,13780.6,23600.629999999997,TRAVEL,38.887142857142855,21.25,MODERATE,0.0,N,N,N,N,MASTER_V1.5,2026-06-29,2026-06-29 19:54:02.726587
700,Tami Clark,58,PW,2019-06-27,84,A,ENGAGED_MAINSTREAM,9560.46,75.0,4,3.0,87683.98,25000.0,50.92,200.0,27426.47,24939.71,RESTAURANT,34.4992,20.63,MODERATE,0.0,N,N,N,N,MASTER_V1.5,2026-06-29,2026-06-29 19:54:02.726587
732,James Anderson,85,DE,2025-03-08,15,A,ENGAGED_MAINSTREAM,1803.26,100.0,4,4.0,166329.57,25000.0,24.79,180.0,38346.11,-9318.009999999998,TRAVEL,41.11211111111111,24.78,MODERATE,0.0,N,N,N,N,MASTER_V1.5,2026-06-29,2026-06-29 19:54:02.726587
735,Susan Brooks,28,OK,2024-04-30,26,A,CREDIT_DEPENDENT,1322.45,50.0,2,1.0,26178.54,0.0,0.0,58.0,13371.16,-1097.7700000000004,TRAVEL,32.758793103448276,9.45,LOW,0.0,N,N,N,N,MASTER_V1.5,2026-06-29,2026-06-29 19:54:02.726587
753,George Bennett,21,PR,2012-08-06,166,A,PREMIUM_WEALTH,19251.01,100.0,4,4.0,108770.17,5000.0,72.24,155.0,45994.939999999995,-27702.639999999996,RETAIL,36.77348387096774,29.51,MODERATE,0.0,N,N,N,N,MASTER_V1.5,2026-06-29,2026-06-29 19:54:02.726587
757,James Terry,78,AK,2014-07-23,143,A,CREDIT_DEPENDENT,7749.96,50.0,2,1.0,50975.7,0.0,0.0,79.0,16691.14,-14399.15,RESTAURANT,39.23924050632912,23.75,MODERATE,0.0,N,N,N,N,MASTER_V1.5,2026-06-29,2026-06-29 19:54:02.726587
763,Tracy Guerrero,64,MN,2017-06-02,108,A,ENGAGED_MAINSTREAM,12235.99,100.0,4,4.0,83251.04,2000.0,21.61,173.0,28830.21,-16158.489999999998,RETAIL,34.10277456647399,15.91,LOW,0.0,N,N,N,N,MASTER_V1.5,2026-06-29,2026-06-29 19:54:02.726587
765,Jose Marshall,60,NC,2018-02-21,100,A,GROWING_DIGITAL,5724.45,100.0,2,2.0,93798.41,0.0,0.0,77.0,17197.31,-13396.730000000001,RETAIL,33.76779220779221,14.09,LOW,0.0,N,N,N,N,MASTER_V1.5,2026-06-29,2026-06-29 19:54:02.726587
771,Wayne Lester,25,IA,2022-02-23,52,A,PREMIUM_WEALTH,4315.42,66.67,3,2.0,63907.3,5000.0,86.7,112.0,17323.13,-3138.350000000002,RESTAURANT,38.39071428571429,11.18,LOW,0.0,N,N,N,N,MASTER_V1.5,2026-06-29,2026-06-29 19:54:02.726587
776,Robin Jones,68,KY,2025-01-28,17,A,VALUE_BASIC,319.65,100.0,1,1.0,1846.62,15000.0,12.31,22.0,1210.53,200.45000000000005,GAS_STATION,59.089999999999996,15.82,LOW,0.0,N,Y,Y,N,MASTER_V1.5,2026-06-29,2026-06-29 19:54:02.726587
777,Mark Hill,59,CT,2017-06-02,108,A,ENGAGED_MAINSTREAM,12848.47,75.0,4,3.0,146785.79,2000.0,55.37,186.0,52844.32,-10407.410000000003,TRAVEL,36.55736559139785,20.95,MODERATE,0.0,N,N,N,N,MASTER_V1.5,2026-06-29,2026-06-29 19:54:02.726587
802,Katrina Smith,84,PW,2023-02-17,40,A,ENGAGED_MAINSTREAM,3404.92,66.67,3,2.0,84943.63,0.0,0.0,140.0,27525.39,-15586.66,GROCERY,39.28228571428571,24.64,MODERATE,0.0,N,N,N,N,MASTER_V1.5,2026-06-29,2026-06-29 19:54:02.726587
827,Leslie Baldwin,24,OH,2018-04-26,98,A,PREMIUM_WEALTH,11088.98,100.0,4,4.0,82066.68,25000.0,2.7,171.0,46532.01,-27451.510000000002,RETAIL,38.01269005847953,19.91,LOW,0.0,N,N,N,N,MASTER_V1.5,2026-06-29,2026-06-29 19:54:02.726587
842,Nancy Scott,41,CA,2012-01-18,173,A,GROWING_DIGITAL,15399.12,100.0,3,3.0,142671.31,0.0,0.0,107.0,21468.2,-9347.12,TRAVEL,35.51429906542056,21.73,MODERATE,0.0,N,N,N,N,MASTER_V1.5,2026-06-29,2026-06-29 19:54:02.726587
849,James Gonzalez,77,MA,2013-01-28,161,A,CREDIT_DEPENDENT,8759.42,50.0,2,1.0,53171.21,0.0,0.0,59.0,22448.48,16894.890000000003,RESTAURANT,32.199322033898305,8.82,LOW,0.0,N,N,N,N,MASTER_V1.5,2026-06-29,2026-06-29 19:54:02.726587
851,Tyler Clark,65,ID,2012-01-29,173,A,VALUE_BASIC,3933.97,100.0,1,1.0,8918.41,25000.0,35.67,44.0,7879.6,1332.3500000000004,GROCERY,34.09,14.64,LOW,0.0,N,Y,Y,N,MASTER_V1.5,2026-06-29,2026-06-29 19:54:02.726587
861,Suzanne Nelson,73,AS,2017-06-20,108,A,ENGAGED_MAINSTREAM,11967.16,75.0,4,3.0,64906.59,15000.0,30.4,147.0,28495.27,8469.369999999999,RESTAURANT,31.972925170068024,13.93,LOW,0.0,N,N,N,N,MASTER_V1.5,2026-06-29,2026-06-29 19:54:02.726587
878,Sergio Wilson,55,CT,2024-04-08,26,A,GROWING_DIGITAL,1239.85,100.0,2,2.0,13867.32,2000.0,9.56,94.0,5471.71,30786.410000000003,UTILITIES,30.847234042553197,26.0,MODERATE,0.0,N,N,N,N,MASTER_V1.5,2026-06-29,2026-06-29 19:54:02.726587
884,Jennifer Wilson,53,AZ,2021-04-17,62,A,ENGAGED_MAINSTREAM,7397.6,75.0,4,3.0,151995.99,10000.0,56.27,127.0,9586.77,24374.029999999995,UTILITIES,39.369133858267716,25.45,MODERATE,0.0,N,N,N,N,MASTER_V1.5,2026-06-29,2026-06-29 19:54:02.726587
931,Sierra Cruz,63,VT,2025-02-25,16,A,ENGAGED_MAINSTREAM,1340.87,66.67,3,2.0,71247.68,2000.0,61.33,98.0,6633.41,11522.670000000002,HEALTHCARE,37.75551020408163,20.7,MODERATE,0.0,N,N,N,N,MASTER_V1.5,2026-06-29,2026-06-29 19:54:02.726587
941,Jonathan Hughes,46,WV,2014-11-20,139,A,PREMIUM_WEALTH,12118.29,100.0,3,3.0,111777.17,15000.0,77.39,126.0,16734.32,-9491.7,RETAIL,39.68063492063492,12.55,LOW,0.0,N,N,N,N,MASTER_V1.5,2026-06-29,2026-06-29 19:54:02.726587
942,Andre Nunez,43,VA,2017-12-13,102,A,GROWING_DIGITAL,4993.84,100.0,2,2.0,17887.11,25000.0,28.2,64.0,3340.59,6968.0599999999995,RETAIL,32.81390625,22.36,MODERATE,0.0,N,N,N,N,MASTER_V1.5,2026-06-29,2026-06-29 19:54:02.726587
960,Kevin Silva,55,IN,2020-09-07,69,A,GROWING_DIGITAL,1620.93,100.0,1,1.0,12048.31,0.0,0.0,20.0,1322.64,-820.8300000000002,INSURANCE,30.0,7.27,LOW,0.0,N,Y,N,N,MASTER_V1.5,2026-06-29,2026-06-29 19:54:02.726587
966,Amanda Baker,27,OK,2013-07-30,155,A,CREDIT_DEPENDENT,2865.85,0.0,1,0.0,1629.05,2000.0,81.45,70.0,11765.3,9464.970000000001,RETAIL,37.15,19.36,LOW,0.0,N,N,Y,Y,MASTER_V1.5,2026-06-29,2026-06-29 19:54:02.726587
981,Desiree Diaz,49,PW,2014-01-31,149,A,PREMIUM_WEALTH,11585.86,100.0,3,3.0,31813.91,2000.0,56.23,141.0,14997.49,8705.069999999998,RESTAURANT,46.807801418439716,18.29,LOW,0.0,N,N,N,N,MASTER_V1.5,2026-06-29,2026-06-29 19:54:02.726587
985,Chris Schneider,76,NH,2013-12-17,150,A,ENGAGED_MAINSTREAM,12172.86,100.0,3,3.0,50026.93,0.0,0.0,139.0,46398.06,-31832.46,RETAIL,30.2094964028777,6.36,LOW,0.0,N,N,N,N,MASTER_V1.5,2026-06-29,2026-06-29 19:54:02.726587
989,Bradley Berry,29,VT,2011-10-29,176,A,PREMIUM_WEALTH,20398.55,100.0,4,4.0,108021.34,10000.0,86.48,249.0,43922.99,-17357.93,RETAIL,35.74759036144578,17.02,LOW,0.0,N,N,N,N,MASTER_V1.5,2026-06-29,2026-06-29 19:54:02.726587
1007,Nancy Ortiz,27,OR,2015-09-19,129,A,PREMIUM_WEALTH,7233.51,100.0,2,2.0,74216.93,10000.0,59.79,61.0,29863.260000000002,-17501.070000000003,TRAVEL,44.25852459016394,26.27,MODERATE,0.0,N,N,N,N,MASTER_V1.5,2026-06-29,2026-06-29 19:54:02.726587
1009,Diamond Watts,77,HI,2011-08-07,178,A,ENGAGED_MAINSTREAM,15551.7,100.0,3,3.0,114600.93,0.0,0.0,113.0,18381.54,4829.279999999999,RESTAURANT,37.16415929203541,22.27,MODERATE,0.0,N,N,N,N,MASTER_V1.5,2026-06-29,2026-06-29 19:54:02.726587
1011,Rodney Diaz,68,TN,2024-03-30,27,A,GROWING_DIGITAL,736.75,100.0,1,1.0,54981.09,0.0,0.0,63.0,18016.9,-5030.550000000001,GROCERY,31.739999999999995,7.55,LOW,0.0,N,Y,N,N,MASTER_V1.5,2026-06-29,2026-06-29 19:54:02.726587
1015,Donna Adkins,36,NY,2024-03-30,27,A,CREDIT_DEPENDENT,1533.32,50.0,2,1.0,85644.5,0.0,0.0,88.0,25472.81,-14433.7,RETAIL,32.94772727272727,9.91,LOW,0.0,N,N,N,N,MASTER_V1.5,2026-06-29,2026-06-29 19:54:02.726587
1043,Monique Clark,72,AK,2022-06-18,48,A,ENGAGED_MAINSTREAM,2357.12,100.0,2,2.0,18422.55,5000.0,78.65,75.0,17228.71,14606.11,GROCERY,42.66413333333334,25.0,MODERATE,0.0,N,N,N,N,MASTER_V1.5,2026-06-29,2026-06-29 19:54:02.726587
1050,Timothy Fernandez,81,FL,2023-06-01,36,A,VALUE_BASIC,490.05,100.0,1,1.0,231.6,10000.0,2.32,45.0,11080.62,2234.1099999999988,HEALTHCARE,31.110000000000003,15.18,LOW,0.0,N,Y,N,N,MASTER_V1.5,2026-06-29,2026-06-29 19:54:02.726587
1067,Debra Thompson,72,GU,2020-01-31,77,A,CREDIT_DEPENDENT,2023.24,0.0,1,0.0,36692.44,0.0,0.0,18.0,365.84,962.7900000000002,RESTAURANT,33.34,13.45,LOW,0.0,N,N,N,Y,MASTER_V1.5,2026-06-29,2026-06-29 19:54:02.726587
1069,Patrick Mitchell,36,DE,2024-10-05,20,A,GROWING_DIGITAL,1086.94,100.0,2,2.0,52544.6,0.0,0.0,44.0,10909.300000000001,-9108.75,GROCERY,36.365454545454554,11.73,LOW,0.0,N,N,N,N,MASTER_V1.5,2026-06-29,2026-06-29 19:54:02.726587
1097,Dana Williamson,73,CA,2015-10-24,128,A,ENGAGED_MAINSTREAM,11164.69,100.0,3,3.0,112407.02,2000.0,11.04,135.0,6127.59,10940.48,RETAIL,30.369481481481486,10.41,LOW,0.0,N,N,N,N,MASTER_V1.5,2026-06-29,2026-06-29 19:54:02.726587
1107,Steven Wise,36,IL,2011-12-28,174,A,GROWING_DIGITAL,9915.92,100.0,2,2.0,89108.13,0.0,0.0,94.0,16816.86,9387.169999999998,RESTAURANT,38.30148936170213,28.18,MODERATE,0.0,N,N,N,N,MASTER_V1.5,2026-06-29,2026-06-29 19:54:02.726587
1120,Dennis Roach,39,AL,2016-10-31,116,A,VALUE_BASIC,2154.82,100.0,1,1.0,1686.49,0.0,0.0,34.0,3432.57,-2347.9500000000003,INSURANCE,38.23000000000001,32.43,MODERATE,0.0,N,Y,Y,N,MASTER_V1.5,2026-06-29,2026-06-29 19:54:02.726587
1124,Kenneth Baker,80,NM,2013-10-20,152,A,ENGAGED_MAINSTREAM,12894.29,100.0,3,3.0,81697.73,10000.0,67.45,101.0,34559.74,-30274.149999999998,GROCERY,29.69980198019802,16.0,LOW,0.0,N,N,N,N,MASTER_V1.5,2026-06-29,2026-06-29 19:54:02.726587
1126,Melissa Parsons,73,NC,2011-10-09,176,A,ENGAGED_MAINSTREAM,15112.33,100.0,3,3.0,93782.48,5000.0,28.43,82.0,12205.29,-8560.960000000001,WIRE_TRANSFER_INTL,36.58134146341463,21.44,MODERATE,0.0,N,N,N,N,MASTER_V1.5,2026-06-29,2026-06-29 19:54:02.726587
1129,Danielle Rodriguez,44,WV,2016-04-20,122,A,PREMIUM_WEALTH,14270.22,50.0,4,2.0,120199.07,25000.0,50.87,224.0,23207.94,26463.720000000005,HEALTHCARE,36.60973214285714,14.55,LOW,0.0,N,N,N,N,MASTER_V1.5,2026-06-29,2026-06-29 19:54:02.726587
1132,Diane Fox,47,IA,2023-12-19,30,A,PREMIUM_WEALTH,2475.0,66.67,3,2.0,59873.45,2000.0,38.44,116.0,21260.18,11009.91,RETAIL,41.3751724137931,20.91,MODERATE,0.0,N,N,N,N,MASTER_V1.5,2026-06-29,2026-06-29 19:54:02.726587
1135,Laurie Brown,25,MP,2012-09-06,165,A,PREMIUM_WEALTH,14514.68,100.0,3,3.0,124123.96,0.0,0.0,123.0,16418.77,5885.07,RESTAURANT,34.959999999999994,16.75,LOW,0.0,N,N,N,N,MASTER_V1.5,2026-06-29,2026-06-29 19:54:02.726587
1139,Amanda Lopez,78,RI,2022-04-23,50,A,GROWING_DIGITAL,1307.39,100.0,1,1.0,34861.63,0.0,0.0,45.0,30299.71,-17331.62,GROCERY,44.440000000000005,7.74,LOW,0.0,N,Y,N,N,MASTER_V1.5,2026-06-29,2026-06-29 19:54:02.726587
1145,Mark Watson,64,MT,2026-04-13,2,A,GROWING_DIGITAL,52.7,100.0,1,1.0,37833.96,0.0,0.0,34.0,23169.76,-22342.609999999997,GROCERY,32.35,13.09,LOW,0.0,N,Y,N,N,MASTER_V1.5,2026-06-29,2026-06-29 19:54:02.726587
1166,Ashley Williams,76,ID,2012-09-20,165,A,ENGAGED_MAINSTREAM,13922.31,100.0,3,3.0,76907.02,0.0,0.0,167.0,34428.66,-26028.140000000003,RETAIL,38.325808383233536,10.45,LOW,0.0,N,N,N,N,MASTER_V1.5,2026-06-29,2026-06-29 19:54:02.726587
1171,Emily Henderson,23,PR,2012-10-29,164,A,GROWING_DIGITAL,4256.09,100.0,1,1.0,32232.08,0.0,0.0,72.0,45725.32,-25276.78,RESTAURANT,31.939999999999998,21.91,MODERATE,0.0,N,Y,N,N,MASTER_V1.5,2026-06-29,2026-06-29 19:54:02.726587
1177,Alexander Benson,27,NE,2023-09-22,33,A,PREMIUM_WEALTH,3955.76,100.0,4,4.0,160676.34,25000.0,88.46,198.0,20444.61,8897.43,RETAIL,39.899444444444434,18.49,LOW,0.0,N,N,N,N,MASTER_V1.5,2026-06-29,2026-06-29 19:54:02.726587
1188,Andrew Wright,54,NC,2025-04-23,14,A,CREDIT_DEPENDENT,256.84,0.0,1,0.0,1538.13,5000.0,30.76,37.0,2490.88,-282.5799999999999,RESTAURANT,29.730000000000008,13.73,LOW,0.0,N,N,Y,N,MASTER_V1.5,2026-06-29,2026-06-29 19:54:02.726587
1195,Jeremy Allen,44,VA,2020-10-27,68,A,GROWING_DIGITAL,5619.51,100.0,3,3.0,61000.87,10000.0,8.7,155.0,39343.44,-8795.650000000001,RETAIL,37.418,18.42,LOW,0.0,N,N,N,N,MASTER_V1.5,2026-06-29,2026-06-29 19:54:02.726587
1212,Valerie Camacho,81,PW,2025-04-27,14,A,CREDIT_DEPENDENT,267.84,0.0,1,0.0,2105.78,0.0,0.0,30.0,11146.88,-3727.819999999999,UTILITIES,40.0,20.0,MODERATE,0.0,N,N,Y,N,MASTER_V1.5,2026-06-29,2026-06-29 19:54:02.726587
1222,Shannon Sharp,75,WY,2023-11-15,31,A,VALUE_BASIC,529.73,100.0,1,1.0,930.03,2000.0,46.5,74.0,24825.96,10191.330000000002,TRAVEL,37.83,1.64,LOW,0.0,N,Y,N,N,MASTER_V1.5,2026-06-29,2026-06-29 19:54:02.726587
1252,Chelsea Erickson,52,PW,2014-03-05,147,A,GROWING_DIGITAL,7692.61,100.0,2,2.0,35106.47,0.0,0.0,73.0,34241.17,-32619.429999999997,INSURANCE,42.46095890410959,23.53,MODERATE,0.0,N,N,N,N,MASTER_V1.5,2026-06-29,2026-06-29 19:54:02.726587
1257,Mario Smith,64,OR,2019-01-18,89,A,ENGAGED_MAINSTREAM,7453.21,100.0,3,3.0,70675.54,25000.0,57.82,92.0,14688.45,-757.6000000000004,HEALTHCARE,42.391630434782606,25.83,MODERATE,0.0,N,N,N,N,MASTER_V1.5,2026-06-29,2026-06-29 19:54:02.726587
1287,Mary Lyons,45,SD,2020-05-01,73,A,GROWING_DIGITAL,2048.82,100.0,1,1.0,75089.23,0.0,0.0,41.0,4290.12,-3632.5,RETAIL,29.270000000000003,19.1,LOW,0.0,N,Y,N,N,MASTER_V1.5,2026-06-29,2026-06-29 19:54:02.726587
1290,Lisa Gillespie,54,SD,2013-06-16,156,A,ENGAGED_MAINSTREAM,16394.4,75.0,4,3.0,36652.17,10000.0,17.11,188.0,43443.729999999996,-34166.28,RETAIL,40.42867021276596,21.82,MODERATE,0.0,N,N,N,N,MASTER_V1.5,2026-06-29,2026-06-29 19:54:02.726587
1292,Jeffrey Callahan,54,FL,2014-12-12,138,A,VALUE_BASIC,2851.78,100.0,1,1.0,3889.49,0.0,0.0,64.0,2103.69,10149.33,RESTAURANT,32.81,32.61,MODERATE,0.0,N,Y,Y,N,MASTER_V1.5,2026-06-29,2026-06-29 19:54:02.726587
1295,Michael Murray,83,MT,2018-08-01,94,A,ENGAGED_MAINSTREAM,9609.58,100.0,4,4.0,27527.97,25000.0,13.07,210.0,44422.35,-5803.459999999999,UTILITIES,43.81290476190476,14.09,LOW,0.0,N,N,N,N,MASTER_V1.5,2026-06-29,2026-06-29 19:54:02.726587
1300,Lisa Garza,59,VI,2016-07-28,119,A,ENGAGED_MAINSTREAM,13930.71,100.0,4,4.0,121355.15,5000.0,60.36,229.0,44444.65,-18193.18,UTILITIES,37.551834061135374,17.87,LOW,0.0,N,N,N,N,MASTER_V1.5,2026-06-29,2026-06-29 19:54:02.726587
1313,Mike Dunn,76,UT,2015-11-18,127,A,VALUE_BASIC,2312.6,100.0,1,1.0,1456.49,10000.0,14.56,46.0,12733.73,-9515.279999999999,GROCERY,39.129999999999995,28.18,MODERATE,0.0,N,Y,Y,N,MASTER_V1.5,2026-06-29,2026-06-29 19:54:02.726587
1322,Cassandra Simmons,54,DC,2023-04-05,38,A,GROWING_DIGITAL,1020.93,100.0,1,1.0,46470.99,0.0,0.0,55.0,10410.76,7031.519999999999,INSURANCE,43.63999999999999,18.64,LOW,0.0,N,Y,N,N,MASTER_V1.5,2026-06-29,2026-06-29 19:54:02.726587
1326,Tiffany Carroll,48,KY,2016-12-18,114,A,PREMIUM_WEALTH,13735.47,100.0,4,4.0,170869.45,25000.0,65.71,152.0,22263.15,-5091.190000000002,RESTAURANT,36.840592105263156,7.82,LOW,0.0,N,N,N,N,MASTER_V1.5,2026-06-29,2026-06-29 19:54:02.726587
1327,Timothy Vaughn,38,NY,2013-03-06,159,A,VALUE_BASIC,2528.15,100.0,1,1.0,578.32,2000.0,28.92,16.0,996.59,-376.14,UTILITIES,62.5,10.82,LOW,0.0,N,Y,N,N,MASTER_V1.5,2026-06-29,2026-06-29 19:54:02.726587
1330,Judith Horne,79,FL,2018-07-16,95,A,GROWING_DIGITAL,5320.4,100.0,2,2.0,73191.8,0.0,0.0,130.0,18719.85,68.62000000000262,GAS_STATION,33.84461538461539,34.18,MODERATE,0.0,N,N,N,N,MASTER_V1.5,2026-06-29,2026-06-29 19:54:02.726587
1342,Michelle Cooper,53,AS,2023-06-01,36,A,GROWING_DIGITAL,964.75,100.0,1,1.0,45226.29,0.0,0.0,31.0,10243.0,-9724.41,TRAVEL,38.709999999999994,8.09,LOW,0.0,N,Y,N,N,MASTER_V1.5,2026-06-29,2026-06-29 19:54:02.726587
1358,James Johnson,70,NY,2015-09-19,129,A,VALUE_BASIC,1929.01,100.0,1,1.0,396.01,2000.0,19.8,37.0,13481.72,-11375.029999999999,PAWN_SHOP,27.030000000000005,24.82,MODERATE,0.0,N,Y,N,N,MASTER_V1.5,2026-06-29,2026-06-29 19:54:02.726587
1365,Fernando Jones,33,WA,2016-04-25,122,A,GROWING_DIGITAL,7041.88,100.0,2,2.0,103162.19,0.0,0.0,63.0,18432.989999999998,8880.960000000003,RETAIL,42.85873015873016,12.0,LOW,0.0,N,N,N,N,MASTER_V1.5,2026-06-29,2026-06-29 19:54:02.726587
1386,Brian French,18,MS,2012-01-16,173,A,VALUE_BASIC,3116.1,100.0,1,1.0,1345.95,0.0,0.0,23.0,10853.3,-50.649999999999636,GAS_STATION,30.43,28.27,MODERATE,0.0,N,Y,Y,N,MASTER_V1.5,2026-06-29,2026-06-29 19:54:02.726587
1390,Samantha Williams,41,HI,2018-07-09,95,A,VALUE_BASIC,1945.22,100.0,1,1.0,3606.19,10000.0,36.06,58.0,9034.29,5130.8499999999985,RESTAURANT,34.489999999999995,7.91,LOW,0.0,N,Y,Y,N,MASTER_V1.5,2026-06-29,2026-06-29 19:54:02.726587
1419,Dustin Reilly,53,MA,2024-10-10,20,A,GROWING_DIGITAL,537.13,100.0,1,1.0,46283.68,0.0,0.0,40.0,11517.26,-9299.41,HEALTHCARE,32.5,12.55,LOW,0.0,N,Y,N,N,MASTER_V1.5,2026-06-29,2026-06-29 19:54:02.726587
1422,Derek York,39,PA,2012-05-19,169,A,CREDIT_DEPENDENT,17917.66,25.0,4,1.0,40221.94,10000.0,27.84,145.0,9157.57,22819.08,RESTAURANT,32.41186206896552,15.36,LOW,0.0,N,N,N,Y,MASTER_V1.5,2026-06-29,2026-06-29 19:54:02.726587
1433,Stephanie Anderson,84,MH,2022-05-29,49,A,ENGAGED_MAINSTREAM,3966.56,100.0,3,3.0,48696.91,15000.0,98.94,149.0,17479.07,14703.690000000002,GROCERY,33.55489932885906,9.36,LOW,0.0,N,N,N,N,MASTER_V1.5,2026-06-29,2026-06-29 19:54:02.726587
1437,Mitchell Marshall,58,UT,2023-04-10,38,A,GROWING_DIGITAL,2194.01,100.0,2,2.0,103511.19,0.0,0.0,91.0,6971.6900000000005,5784.23,RESTAURANT,47.24714285714286,13.91,LOW,0.0,N,N,N,N,MASTER_V1.5,2026-06-29,2026-06-29 19:54:02.726587
1459,Mark Watkins,62,AK,2021-02-16,64,A,GROWING_DIGITAL,1651.59,100.0,1,1.0,30406.72,0.0,0.0,70.0,11174.77,-601.3299999999999,GAS_STATION,38.58,14.0,LOW,0.0,N,Y,N,N,MASTER_V1.5,2026-06-29,2026-06-29 19:54:02.726587
1487,Carl Choi,27,NY,2026-03-18,3,A,PREMIUM_WEALTH,257.8,100.0,3,3.0,94633.16,15000.0,79.62,144.0,36849.18,8635.279999999999,RESTAURANT,32.63604166666667,27.36,MODERATE,0.0,N,N,N,N,MASTER_V1.5,2026-06-29,2026-06-29 19:54:02.726587
1488,Robert Rocha,34,WY,2012-10-22,164,A,PREMIUM_WEALTH,19131.49,100.0,4,4.0,116487.67,10000.0,34.35,185.0,26516.18,32439.510000000002,TRAVEL,35.136648648648645,11.73,LOW,0.0,N,N,N,N,MASTER_V1.5,2026-06-29,2026-06-29 19:54:02.726587
1509,Alicia Patel,44,VA,2023-11-23,31,A,PREMIUM_WEALTH,1700.39,100.0,2,2.0,58120.16,2000.0,93.81,72.0,5570.89,28212.089999999997,TRAVEL,33.33,8.73,LOW,0.0,N,N,N,N,MASTER_V1.5,2026-06-29,2026-06-29 19:54:02.726587
1512,Lisa Preston,64,NY,2016-11-24,115,A,GROWING_DIGITAL,6364.58,100.0,2,2.0,64140.95,0.0,0.0,70.0,16170.810000000001,-4211.84,GAS_STATION,31.428571428571427,9.91,LOW,0.0,N,N,N,N,MASTER_V1.5,2026-06-29,2026-06-29 19:54:02.726587
1514,Jeffrey Vincent,83,NE,2023-08-23,34,A,ENGAGED_MAINSTREAM,3903.21,100.0,4,4.0,96765.08,15000.0,44.88,173.0,9129.369999999999,8085.630000000001,RETAIL,41.043179190751445,16.36,LOW,0.0,N,N,N,N,MASTER_V1.5,2026-06-29,2026-06-29 19:54:02.726587
1517,Brad Rodriguez,33,MT,2022-10-15,44,A,PREMIUM_WEALTH,3856.15,66.67,3,2.0,118813.19,5000.0,55.08,124.0,29277.6,-9949.439999999999,RETAIL,41.13040322580645,12.55,LOW,0.0,N,N,N,N,MASTER_V1.5,2026-06-29,2026-06-29 19:54:02.726587
1524,Alexis Robinson,78,MN,2020-02-12,76,A,ENGAGED_MAINSTREAM,8498.68,100.0,4,4.0,71859.78,2000.0,94.66,166.0,57382.83,-26507.230000000003,RETAIL,39.7522891566265,20.09,MODERATE,0.0,N,N,N,N,MASTER_V1.5,2026-06-29,2026-06-29 19:54:02.726587
1534,Chad Randall,28,OH,2014-04-22,146,A,PREMIUM_WEALTH,7812.19,100.0,2,2.0,44428.17,2000.0,57.59,113.0,35878.58,-19876.280000000002,RESTAURANT,36.27982300884956,23.09,MODERATE,0.0,N,N,N,N,MASTER_V1.5,2026-06-29,2026-06-29 19:54:02.726587
1538,Tiffany Brown,78,IN,2025-04-17,14,A,ENGAGED_MAINSTREAM,1195.79,100.0,3,3.0,88299.38,5000.0,89.25,117.0,13983.95,-6294.970000000001,TRAVEL,35.89666666666667,23.27,MODERATE,0.0,N,N,N,N,MASTER_V1.5,2026-06-29,2026-06-29 19:54:02.726587
1542,Thomas Morrison,42,AR,2017-06-17,108,A,VALUE_BASIC,2693.25,100.0,1,1.0,21482.44,25000.0,85.93,19.0,468.27,955.27,GROCERY,31.58,14.18,LOW,0.0,N,Y,N,N,MASTER_V1.5,2026-06-29,2026-06-29 19:54:02.726587
1548,Laura Harris,35,RI,2022-12-10,42,A,GROWING_DIGITAL,1033.11,100.0,1,1.0,18753.81,0.0,0.0,61.0,4306.63,6368.820000000001,UTILITIES,45.9,18.73,LOW,0.0,N,Y,N,N,MASTER_V1.5,2026-06-29,2026-06-29 19:54:02.726587
1566,Ashley Stokes,60,LA,2017-04-24,110,A,VALUE_BASIC,2170.11,100.0,1,1.0,2673.94,15000.0,17.83,41.0,2194.2,968.9300000000003,GROCERY,21.96,5.45,LOW,0.0,N,Y,Y,N,MASTER_V1.5,2026-06-29,2026-06-29 19:54:02.726587
1580,Courtney Boyd,56,NH,2019-12-08,78,A,CREDIT_DEPENDENT,2138.95,0.0,1,0.0,58043.77,0.0,0.0,26.0,1028.64,396.65999999999985,HEALTHCARE,30.769999999999996,8.64,LOW,0.0,N,N,N,Y,MASTER_V1.5,2026-06-29,2026-06-29 19:54:02.726587
1590,Michelle Lester,79,HI,2020-06-19,72,A,ENGAGED_MAINSTREAM,8511.28,75.0,4,3.0,136111.08,15000.0,21.29,130.0,14119.439999999999,28907.27,UTILITIES,40.001769230769234,8.33,LOW,0.0,N,N,N,N,MASTER_V1.5,2026-06-29,2026-06-29 19:54:02.726587
1595,Lindsay Murphy,69,PR,2013-04-25,158,A,ENGAGED_MAINSTREAM,13844.09,100.0,3,3.0,118513.19,0.0,0.0,158.0,36385.37,-20103.110000000004,HEALTHCARE,37.342215189873414,20.6,MODERATE,0.0,N,N,N,N,MASTER_V1.5,2026-06-29,2026-06-29 19:54:02.726587
1597,Gregory Booker,57,VI,2013-08-23,154,A,GROWING_DIGITAL,8833.55,100.0,2,2.0,96003.43,0.0,0.0,61.0,14881.619999999999,-6610.279999999999,RETAIL,42.62491803278689,26.77,MODERATE,0.0,N,N,N,N,MASTER_V1.5,2026-06-29,2026-06-29 19:54:02.726587
1608,Ruth Welch,71,MP,2024-10-08,20,A,ENGAGED_MAINSTREAM,1701.06,100.0,3,3.0,84153.01,2000.0,0.69,57.0,10118.869999999999,-8057.449999999999,UTILITIES,35.085087719298244,15.0,LOW,0.0,N,N,N,N,MASTER_V1.5,2026-06-29,2026-06-29 19:54:02.726587
1609,Richard Johnson,26,ID,2022-12-05,42,A,CREDIT_DEPENDENT,2422.11,50.0,2,1.0,102116.73,0.0,0.0,70.0,13164.36,-446.02000000000044,TRAVEL,41.42657142857143,8.18,LOW,0.0,N,N,N,N,MASTER_V1.5,2026-06-29,2026-06-29 19:54:02.726587
1614,Brett May,55,UT,2011-11-25,175,A,GROWING_DIGITAL,14865.83,100.0,3,3.0,82979.5,0.0,0.0,126.0,34059.41,-516.0900000000038,RESTAURANT,44.44761904761905,22.31,MODERATE,0.0,N,N,N,N,MASTER_V1.5,2026-06-29,2026-06-29 19:54:02.726587
1623,Terri Gonzalez,43,ID,2025-01-07,17,A,GROWING_DIGITAL,1173.36,100.0,3,3.0,9924.86,0.0,0.0,138.0,20932.04,-303.16999999999825,UTILITIES,38.40644927536231,20.36,MODERATE,0.0,N,N,Y,N,MASTER_V1.5,2026-06-29,2026-06-29 19:54:02.726587
1629,Melissa Greene,52,GU,2013-06-07,156,A,CREDIT_DEPENDENT,8504.59,50.0,2,1.0,54356.48,10000.0,13.08,81.0,10815.76,28354.54,RESTAURANT,38.273456790123454,11.36,LOW,0.0,N,N,N,N,MASTER_V1.5,2026-06-29,2026-06-29 19:54:02.726587
1637,Carmen Goodman,22,IN,2025-12-02,6,A,PREMIUM_WEALTH,543.86,100.0,3,3.0,177338.64,0.0,0.0,74.0,21575.05,-18484.44,RETAIL,36.48405405405405,6.82,LOW,0.0,N,N,N,N,MASTER_V1.5,2026-06-29,2026-06-29 19:54:02.726587
1645,Patricia Stewart,67,PA,2016-02-28,124,A,GROWING_DIGITAL,3361.37,100.0,1,1.0,51181.84,0.0,0.0,50.0,22133.85,-19798.37,UTILITIES,24.0,24.26,MODERATE,0.0,N,Y,N,N,MASTER_V1.5,2026-06-29,2026-06-29 19:54:02.726587
1652,Gary Hicks,27,FM,2014-03-09,147,A,GROWING_DIGITAL,8242.63,100.0,2,2.0,74195.37,0.0,0.0,89.0,7066.7,-3629.6099999999997,GROCERY,44.94584269662922,10.31,LOW,0.0,N,N,N,N,MASTER_V1.5,2026-06-29,2026-06-29 19:54:02.726587
1657,Mary Hernandez,45,VA,2025-09-06,9,A,GROWING_DIGITAL,245.67,100.0,1,1.0,55189.25,0.0,0.0,61.0,32319.89,-30834.71,GAS_STATION,31.14,16.55,LOW,0.0,N,Y,N,N,MASTER_V1.5,2026-06-29,2026-06-29 19:54:02.726587
1661,Ashley Lewis,36,PW,2025-10-09,8,A,PREMIUM_WEALTH,906.58,100.0,4,4.0,83466.0,5000.0,4.49,138.0,26874.65,11827.870000000003,RESTAURANT,47.10253623188406,5.91,LOW,0.0,N,N,N,N,MASTER_V1.5,2026-06-29,2026-06-29 19:54:02.726587
1704,Matthew Guzman,70,LA,2025-01-19,17,A,ENGAGED_MAINSTREAM,2034.21,75.0,4,3.0,157304.07,15000.0,56.76,221.0,43061.77,10229.400000000001,RETAIL,36.64900452488688,15.82,LOW,0.0,N,N,N,N,MASTER_V1.5,2026-06-29,2026-06-29 19:54:02.726587
1711,Nicole Kelly,82,LA,2011-10-05,176,A,ENGAGED_MAINSTREAM,14767.26,100.0,3,3.0,72209.14,25000.0,61.11,179.0,50883.130000000005,-2928.87000000001,RETAIL,43.016256983240226,32.3,MODERATE,0.0,N,N,N,N,MASTER_V1.5,2026-06-29,2026-06-29 19:54:02.726587
1733,April Phillips,37,GA,2021-05-05,61,A,VALUE_BASIC,1371.52,100.0,1,1.0,8050.94,10000.0,80.51,26.0,1171.01,7005.17,RETAIL,46.15999999999999,17.73,LOW,0.0,N,Y,Y,N,MASTER_V1.5,2026-06-29,2026-06-29 19:54:02.726587
1734,Angela Torres,58,MI,2021-08-25,58,A,GROWING_DIGITAL,3402.96,100.0,2,2.0,124782.83,0.0,0.0,81.0,20041.33,-8944.470000000001,HEALTHCARE,41.97358024691358,15.71,LOW,0.0,N,N,N,N,MASTER_V1.5,2026-06-29,2026-06-29 19:54:02.726587
1750,April Wright,40,DE,2022-02-23,52,A,GROWING_DIGITAL,2667.31,100.0,2,2.0,28534.48,0.0,0.0,110.0,46090.88,-28626.44,TRAVEL,34.54818181818182,13.55,LOW,0.0,N,N,N,N,MASTER_V1.5,2026-06-29,2026-06-29 19:54:02.726587
1754,Brianna Stone,60,NY,2019-05-05,85,A,ENGAGED_MAINSTREAM,10063.64,75.0,4,3.0,138632.38,5000.0,7.95,236.0,62182.0,-50031.009999999995,TRAVEL,42.792711864406776,10.91,LOW,0.0,N,N,N,N,MASTER_V1.5,2026-06-29,2026-06-29 19:54:02.726587
1759,Julie Raymond,71,MO,2018-07-21,95,A,CREDIT_DEPENDENT,2591.12,0.0,1,0.0,54720.78,0.0,0.0,41.0,2450.27,-450.1700000000001,GROCERY,39.03,42.36,ELEVATED,0.0,N,N,N,Y,MASTER_V1.5,2026-06-29,2026-06-29 19:54:02.726587
1777,John Thornton,84,TN,2023-03-25,39,A,GROWING_DIGITAL,2246.09,100.0,2,2.0,100550.77,0.0,0.0,117.0,42945.229999999996,-37409.20999999999,TRAVEL,38.464188034188034,19.73,LOW,0.0,N,N,N,N,MASTER_V1.5,2026-06-29,2026-06-29 19:54:02.726587
1779,Michelle Johnson,58,AS,2012-02-29,172,A,VALUE_BASIC,3515.1,100.0,1,1.0,3549.85,0.0,0.0,27.0,2127.95,5881.6900000000005,HEALTHCARE,37.04,18.18,LOW,0.0,N,Y,Y,N,MASTER_V1.5,2026-06-29,2026-06-29 19:54:02.726587
1790,John Peters,20,OK,2021-07-24,59,A,PREMIUM_WEALTH,3354.07,100.0,2,2.0,86657.21,25000.0,70.09,83.0,21698.59,-17633.89,RETAIL,32.5367469879518,22.17,MODERATE,0.0,N,N,N,N,MASTER_V1.5,2026-06-29,2026-06-29 19:54:02.726587
1807,Chris Johnson,32,MH,2021-03-04,63,A,PREMIUM_WEALTH,7273.82,100.0,4,4.0,103335.83,2000.0,96.41,153.0,17730.55,-8695.689999999999,RETAIL,36.60490196078431,0.0,LOW,0.0,N,N,N,N,MASTER_V1.5,2026-06-29,2026-06-29 19:54:02.726587
1808,Emily Gomez,29,CO,2021-07-05,59,A,GROWING_DIGITAL,1379.38,100.0,1,1.0,11518.36,0.0,0.0,17.0,986.46,-406.96000000000004,RETAIL,35.29,15.09,LOW,0.0,N,Y,N,N,MASTER_V1.5,2026-06-29,2026-06-29 19:54:02.726587
1814,Juan Conway,52,PR,2016-11-26,115,A,GROWING_DIGITAL,2965.85,100.0,1,1.0,30212.65,0.0,0.0,45.0,4133.04,-1943.6999999999998,RETAIL,35.559999999999995,0.0,LOW,0.0,N,Y,N,N,MASTER_V1.5,2026-06-29,2026-06-29 19:54:02.726587
1820,Erica Braun,33,MH,2014-05-09,145,A,GROWING_DIGITAL,3885.56,100.0,1,1.0,45196.47,0.0,0.0,52.0,16046.06,-14559.359999999999,GROCERY,46.15999999999999,16.09,LOW,0.0,N,Y,N,N,MASTER_V1.5,2026-06-29,2026-06-29 19:54:02.726587
1821,Johnny Castro,39,KY,2019-06-10,84,A,PREMIUM_WEALTH,9906.57,100.0,4,4.0,132393.05,10000.0,96.54,200.0,51343.68,-40827.76,UTILITIES,38.5019,28.73,MODERATE,0.0,N,N,N,N,MASTER_V1.5,2026-06-29,2026-06-29 19:54:02.726587
1823,Ryan Carney,82,MT,2025-06-30,12,A,ENGAGED_MAINSTREAM,1424.23,75.0,4,3.0,142712.17,25000.0,25.66,222.0,58541.31,-6128.440000000002,INSURANCE,39.18891891891892,12.64,LOW,0.0,N,N,N,N,MASTER_V1.5,2026-06-29,2026-06-29 19:54:02.726587
1829,Connie Davis,74,OH,2016-02-16,124,A,ENGAGED_MAINSTREAM,6250.69,100.0,2,2.0,23903.01,2000.0,75.08,114.0,35516.91,-30053.79,RESTAURANT,37.715175438596496,11.55,LOW,0.0,N,N,N,N,MASTER_V1.5,2026-06-29,2026-06-29 19:54:02.726587
1832,Matthew Bauer,62,VA,2012-04-20,170,A,ENGAGED_MAINSTREAM,14524.14,66.67,3,2.0,88564.13,0.0,0.0,125.0,34558.13,-23138.649999999998,UTILITIES,35.996159999999996,22.82,MODERATE,0.0,N,N,N,N,MASTER_V1.5,2026-06-29,2026-06-29 19:54:02.726587
1840,Nichole Harvey,59,DE,2023-05-09,37,A,GROWING_DIGITAL,2059.26,100.0,2,2.0,68265.6,0.0,0.0,88.0,31017.579999999998,-17617.989999999998,TRAVEL,31.821022727272723,11.55,LOW,0.0,N,N,N,N,MASTER_V1.5,2026-06-29,2026-06-29 19:54:02.726587
1841,Krista Gibson,62,NM,2025-06-23,12,A,GROWING_DIGITAL,314.52,100.0,1,1.0,35743.08,0.0,0.0,23.0,2265.21,-1916.74,EDUCATION,30.43,9.55,LOW,0.0,N,Y,N,N,MASTER_V1.5,2026-06-29,2026-06-29 19:54:02.726587
1846,Susan Webster,64,WI,2017-12-28,102,A,ENGAGED_MAINSTREAM,9012.67,100.0,3,3.0,130778.72,5000.0,14.76,122.0,8697.95,10162.29,UTILITIES,39.34081967213115,16.45,LOW,0.0,N,N,N,N,MASTER_V1.5,2026-06-29,2026-06-29 19:54:02.726587
1870,Amanda Clarke,44,NV,2014-04-24,146,A,GROWING_DIGITAL,7631.85,100.0,2,2.0,34703.42,0.0,0.0,113.0,46244.509999999995,-41701.88999999999,INSURANCE,40.70513274336283,9.27,LOW,0.0,N,N,N,N,MASTER_V1.5,2026-06-29,2026-06-29 19:54:02.726587
1892,William Juarez,41,MD,2018-07-13,95,A,PREMIUM_WEALTH,8163.31,100.0,3,3.0,94587.05,10000.0,9.69,111.0,39421.74,-33534.88,GROCERY,40.542342342342344,12.27,LOW,0.0,N,N,N,N,MASTER_V1.5,2026-06-29,2026-06-29 19:54:02.726587
1903,Tina Harris,44,RI,2024-06-03,24,A,GROWING_DIGITAL,593.16,100.0,1,1.0,19652.98,0.0,0.0,49.0,1496.19,19428.95,GROCERY,42.85,7.0,LOW,0.0,N,Y,N,N,MASTER_V1.5,2026-06-29,2026-06-29 19:54:02.726587
1906,Antonio Barker,78,AK,2019-09-27,81,A,GROWING_DIGITAL,4508.82,100.0,2,2.0,68382.87,0.0,0.0,101.0,35957.47,-24182.700000000004,RESTAURANT,37.62514851485149,18.36,LOW,0.0,N,N,N,N,MASTER_V1.5,2026-06-29,2026-06-29 19:54:02.726587
1930,Carlos Kelley,35,FL,2018-09-21,93,A,VALUE_BASIC,2138.92,100.0,1,1.0,9893.86,0.0,0.0,13.0,570.2,222.20999999999992,INSURANCE,38.46000000000001,12.09,LOW,0.0,N,Y,Y,N,MASTER_V1.5,2026-06-29,2026-06-29 19:54:02.726587
1937,Peter Parker,37,AR,2024-11-14,19,A,CREDIT_DEPENDENT,250.9,0.0,1,0.0,196.8,5000.0,3.94,56.0,2284.05,10520.189999999999,GAS_STATION,32.15,21.45,MODERATE,0.0,N,N,N,N,MASTER_V1.5,2026-06-29,2026-06-29 19:54:02.726587
1944,Sheila Martinez,71,FM,2019-07-28,83,A,ENGAGED_MAINSTREAM,9876.92,100.0,4,4.0,147252.5,25000.0,13.96,170.0,42155.65,-22897.670000000002,UTILITIES,35.880529411764705,20.99,MODERATE,0.0,N,N,N,N,MASTER_V1.5,2026-06-29,2026-06-29 19:54:02.726587
1954,Danielle Hall,46,HI,2017-03-12,111,A,GROWING_DIGITAL,2568.78,100.0,1,1.0,10476.41,0.0,0.0,24.0,2196.82,-1724.9900000000002,GROCERY,37.5,10.0,LOW,0.0,N,Y,N,N,MASTER_V1.5,2026-06-29,2026-06-29 19:54:02.726587
1958,Benjamin Mclean,75,PA,2014-07-16,143,A,ENGAGED_MAINSTREAM,12002.98,66.67,3,2.0,72518.12,15000.0,92.06,143.0,55868.770000000004,-40889.36,TRAVEL,32.164545454545454,28.13,MODERATE,0.0,N,N,N,N,MASTER_V1.5,2026-06-29,2026-06-29 19:54:02.726587
1965,Molly Jones,55,WA,2011-07-31,179,A,GROWING_DIGITAL,4471.7,100.0,1,1.0,21864.86,0.0,0.0,54.0,2090.35,10859.67,GAS_STATION,42.59,1.91,LOW,0.0,N,Y,N,N,MASTER_V1.5,2026-06-29,2026-06-29 19:54:02.726587
1971,Teresa Sanders,33,FL,2012-09-07,165,A,PREMIUM_WEALTH,14520.71,100.0,3,3.0,124730.02,0.0,0.0,124.0,52319.060000000005,-41837.00000000001,RESTAURANT,40.325322580645164,15.36,LOW,0.0,N,N,N,N,MASTER_V1.5,2026-06-29,2026-06-29 19:54:02.726587
1985,Austin Li,36,AR,2015-02-08,136,A,PREMIUM_WEALTH,7681.73,100.0,2,2.0,80551.72,10000.0,55.74,56.0,3700.49,11227.699999999999,GAS_STATION,42.857142857142854,14.82,LOW,0.0,N,N,N,N,MASTER_V1.5,2026-06-29,2026-06-29 19:54:02.726587
1986,Heidi Brewer,43,IA,2021-07-31,59,A,PREMIUM_WEALTH,6866.99,75.0,4,3.0,113433.07,5000.0,96.17,169.0,26467.88,-8859.220000000001,TRAVEL,34.31958579881657,26.27,MODERATE,0.0,N,N,N,N,MASTER_V1.5,2026-06-29,2026-06-29 19:54:02.726587
1996,Aaron Jones,19,NC,2023-09-02,33,A,CREDIT_DEPENDENT,1612.95,50.0,2,1.0,17596.59,15000.0,92.17,90.0,2844.37,32495.38,RESTAURANT,33.33266666666667,17.55,LOW,0.0,N,N,N,N,MASTER_V1.5,2026-06-29,2026-06-29 19:54:02.726587
1999,Shannon Olsen,73,AZ,2025-08-22,10,A,ENGAGED_MAINSTREAM,1160.49,100.0,4,4.0,109638.7,15000.0,65.42,139.0,24489.809999999998,-17239.489999999998,UTILITIES,42.44791366906475,24.18,MODERATE,0.0,N,N,N,N,MASTER_V1.5,2026-06-29,2026-06-29 19:54:02.726587
2022,Kevin Nunez,76,PW,2023-05-18,37,A,GROWING_DIGITAL,2056.44,100.0,2,2.0,67229.61,0.0,0.0,62.0,31926.21,-29410.01,TRAVEL,32.259032258064515,20.27,MODERATE,0.0,N,N,N,N,MASTER_V1.5,2026-06-29,2026-06-29 19:54:02.726587
2035,Stephanie Ray,60,TX,2024-03-21,27,A,ENGAGED_MAINSTREAM,3063.27,75.0,4,3.0,84579.67,15000.0,87.47,179.0,11027.529999999999,13709.090000000004,TRAVEL,34.63927374301676,16.73,LOW,0.0,N,N,N,N,MASTER_V1.5,2026-06-29,2026-06-29 19:54:02.726587
2048,Melinda Ritter,19,NV,2021-04-29,62,A,GROWING_DIGITAL,1735.87,100.0,1,1.0,73070.08,0.0,0.0,65.0,21583.85,-9857.359999999999,RETAIL,40.0,12.82,LOW,0.0,N,Y,N,N,MASTER_V1.5,2026-06-29,2026-06-29 19:54:02.726587
2049,Erica Mooney,48,WV,2016-07-10,119,A,PREMIUM_WEALTH,9880.05,66.67,3,2.0,64220.8,15000.0,79.57,165.0,20792.989999999998,217.45000000000073,TRAVEL,40.60884848484848,0.36,LOW,0.0,N,N,N,N,MASTER_V1.5,2026-06-29,2026-06-29 19:54:02.726587
2052,Betty Trujillo,76,ID,2022-09-18,45,A,ENGAGED_MAINSTREAM,5324.19,100.0,4,4.0,137520.12,10000.0,45.21,191.0,23685.81,31779.19,TRAVEL,41.88492146596859,34.93,MODERATE,0.0,N,N,N,N,MASTER_V1.5,2026-06-29,2026-06-29 19:54:02.726587
2057,Ronald Skinner,75,IN,2025-09-01,9,A,ENGAGED_MAINSTREAM,741.7,66.67,3,2.0,59170.96,25000.0,73.3,130.0,17519.57,-10935.54,PAWN_SHOP,39.23107692307693,12.36,LOW,0.0,N,N,N,N,MASTER_V1.5,2026-06-29,2026-06-29 19:54:02.726587
2069,Laura Lopez,81,TN,2025-01-18,17,A,VALUE_BASIC,224.9,100.0,1,1.0,198.69,15000.0,1.32,67.0,21918.69,6983.990000000002,RETAIL,31.350000000000005,17.36,LOW,0.0,N,Y,N,N,MASTER_V1.5,2026-06-29,2026-06-29 19:54:02.726587
2072,David Mullins,37,MH,2023-04-12,38,A,PREMIUM_WEALTH,4395.24,100.0,4,4.0,105496.56,25000.0,96.19,120.0,26320.75,-11696.04,TRAVEL,39.16316666666667,5.82,LOW,0.0,N,N,N,N,MASTER_V1.5,2026-06-29,2026-06-29 19:54:02.726587
2096,Jackie Grimes,52,AS,2019-05-20,85,A,PREMIUM_WEALTH,10051.85,75.0,4,3.0,136721.95,15000.0,52.56,140.0,45907.43,-24590.010000000002,WIRE_TRANSFER_INTL,38.571714285714286,14.59,LOW,0.0,N,N,N,N,MASTER_V1.5,2026-06-29,2026-06-29 19:54:02.726587
2100,Albert Palmer,53,GU,2013-05-24,157,A,GROWING_DIGITAL,8877.76,100.0,2,2.0,81572.19,0.0,0.0,71.0,29946.1,-26308.91,RETAIL,36.623380281690146,14.73,LOW,0.0,N,N,N,N,MASTER_V1.5,2026-06-29,2026-06-29 19:54:02.726587
2102,Terri Zimmerman,81,AR,2022-04-24,50,A,ENGAGED_MAINSTREAM,5807.34,100.0,4,4.0,110711.75,10000.0,29.88,183.0,42410.81,-22168.96,RETAIL,32.78382513661202,17.69,LOW,0.0,N,N,N,N,MASTER_V1.5,2026-06-29,2026-06-29 19:54:02.726587
2116,Alexandra Walker,40,ID,2024-08-24,22,A,PREMIUM_WEALTH,2491.09,100.0,4,4.0,82713.87,5000.0,10.58,115.0,8574.77,17419.09,TRAVEL,35.65086956521739,12.27,LOW,0.0,N,N,N,N,MASTER_V1.5,2026-06-29,2026-06-29 19:54:02.726587
2127,Eric Douglas,77,SC,2018-10-05,92,A,GROWING_DIGITAL,2466.55,100.0,1,1.0,45438.78,0.0,0.0,69.0,3584.54,11785.95,GROCERY,42.03,17.36,LOW,0.0,N,Y,N,N,MASTER_V1.5,2026-06-29,2026-06-29 19:54:02.726587
2145,David Johnson,42,MT,2014-11-29,139,A,PREMIUM_WEALTH,11371.37,66.67,3,2.0,54599.94,15000.0,85.71,174.0,23844.93,391.59999999999854,RESTAURANT,41.95758620689656,16.0,LOW,0.0,N,N,N,N,MASTER_V1.5,2026-06-29,2026-06-29 19:54:02.726587
2147,Richard Torres,79,CA,2012-04-01,170,A,GROWING_DIGITAL,4551.73,100.0,1,1.0,44799.21,0.0,0.0,66.0,22874.93,-21062.53,TRAVEL,42.43,11.23,LOW,0.0,N,Y,N,N,MASTER_V1.5,2026-06-29,2026-06-29 19:54:02.726587
2162,Natalie Castaneda,48,NM,2015-04-05,134,A,GROWING_DIGITAL,7903.33,100.0,2,2.0,132722.43,0.0,0.0,88.0,6021.91,11734.23,UTILITIES,38.6325,0.0,LOW,0.0,N,N,N,N,MASTER_V1.5,2026-06-29,2026-06-29 19:54:02.726587
2163,Patricia West,24,IL,2026-01-14,5,A,GROWING_DIGITAL,264.87,100.0,2,2.0,39923.85,2000.0,10.36,117.0,28886.73,-13655.14,RETAIL,39.32136752136752,13.71,LOW,0.0,N,N,N,N,MASTER_V1.5,2026-06-29,2026-06-29 19:54:02.726587
2167,Joy Sanders,32,NH,2021-11-03,55,A,PREMIUM_WEALTH,6286.25,100.0,4,4.0,92000.2,2000.0,52.8,228.0,86018.54,-31045.589999999997,UTILITIES,39.03464912280702,27.35,MODERATE,0.0,N,N,N,N,MASTER_V1.5,2026-06-29,2026-06-29 19:54:02.726587
2171,Krystal Gibson,38,NY,2024-08-09,22,A,PREMIUM_WEALTH,1805.49,100.0,3,3.0,56521.85,5000.0,26.63,126.0,42507.119999999995,-30894.709999999995,GROCERY,39.681269841269845,20.09,MODERATE,0.0,N,N,N,N,MASTER_V1.5,2026-06-29,2026-06-29 19:54:02.726587
2172,Kevin Robinson,38,CT,2019-04-29,86,A,GROWING_DIGITAL,4510.01,100.0,2,2.0,35896.72,0.0,0.0,40.0,25393.84,-23244.91,TRAVEL,37.502500000000005,15.0,LOW,0.0,N,N,N,N,MASTER_V1.5,2026-06-29,2026-06-29 19:54:02.726587
2181,Tiffany Osborne,20,DC,2019-07-05,83,A,PREMIUM_WEALTH,9819.19,100.0,4,4.0,137359.19,5000.0,95.27,214.0,61539.24,-23579.83,RETAIL,36.91757009345795,13.3,LOW,0.0,N,N,N,N,MASTER_V1.5,2026-06-29,2026-06-29 19:54:02.726587
2183,Cynthia Pierce,41,RI,2024-06-20,24,A,GROWING_DIGITAL,563.26,100.0,1,1.0,11940.36,0.0,0.0,19.0,1185.38,406.7199999999998,UTILITIES,42.1,14.64,LOW,0.0,N,Y,N,N,MASTER_V1.5,2026-06-29,2026-06-29 19:54:02.726587
2189,Phillip Franklin,74,IN,2014-02-21,148,A,GROWING_DIGITAL,3449.25,100.0,1,1.0,11184.53,0.0,0.0,61.0,14033.01,8720.839999999998,RETAIL,44.25999999999999,7.18,LOW,0.0,N,Y,N,N,MASTER_V1.5,2026-06-29,2026-06-29 19:54:02.726587
2195,Susan Rodriguez,84,MA,2025-11-27,7,A,ENGAGED_MAINSTREAM,616.91,66.67,3,2.0,126831.88,0.0,0.0,168.0,28089.73,-7004.310000000001,RESTAURANT,41.665,19.57,LOW,0.0,N,N,N,N,MASTER_V1.5,2026-06-29,2026-06-29 19:54:02.726587
2204,Stephanie Howard,78,TN,2013-01-03,161,A,ENGAGED_MAINSTREAM,18341.68,100.0,4,4.0,88640.6,10000.0,63.87,187.0,42943.19,-34775.54,GROCERY,33.15566844919786,24.63,MODERATE,0.0,N,N,N,N,MASTER_V1.5,2026-06-29,2026-06-29 19:54:02.726587
2224,Maria Brown,24,GA,2015-02-09,136,A,PREMIUM_WEALTH,11780.2,100.0,3,3.0,103695.22,10000.0,76.09,141.0,28545.93,-9424.079999999998,RESTAURANT,36.88170212765957,5.64,LOW,0.0,N,N,N,N,MASTER_V1.5,2026-06-29,2026-06-29 19:54:02.726587
2229,Edward White,47,MN,2023-08-18,34,A,GROWING_DIGITAL,931.15,100.0,1,1.0,57220.37,0.0,0.0,70.0,36494.17,-21124.79,HEALTHCARE,42.85,11.55,LOW,0.0,N,Y,N,N,MASTER_V1.5,2026-06-29,2026-06-29 19:54:02.726587
2231,Kimberly Dominguez,57,FM,2016-07-10,119,A,GROWING_DIGITAL,3071.79,100.0,1,1.0,30495.33,0.0,0.0,54.0,10469.4,-7601.289999999999,TRAVEL,37.040000000000006,18.45,LOW,0.0,N,Y,N,N,MASTER_V1.5,2026-06-29,2026-06-29 19:54:02.726587
2243,Katherine Parker,81,ND,2020-05-25,73,A,ENGAGED_MAINSTREAM,8330.13,50.0,4,2.0,90322.51,15000.0,57.57,130.0,8341.26,-1512.0,RETAIL,30.76953846153846,18.61,LOW,0.0,N,N,N,N,MASTER_V1.5,2026-06-29,2026-06-29 19:54:02.726587
2256,Melissa Jordan,62,FM,2016-11-12,115,A,ENGAGED_MAINSTREAM,13423.87,75.0,4,3.0,117351.88,10000.0,66.55,178.0,53067.53999999999,-33411.70999999999,INSURANCE,35.389719101123596,16.27,LOW,0.0,N,N,N,N,MASTER_V1.5,2026-06-29,2026-06-29 19:54:02.726587
2258,Elijah Burton,44,VA,2012-08-10,166,A,GROWING_DIGITAL,4488.25,100.0,1,1.0,49765.19,0.0,0.0,66.0,23356.9,-21629.530000000002,RETAIL,45.46000000000001,12.83,LOW,0.0,N,Y,N,N,MASTER_V1.5,2026-06-29,2026-06-29 19:54:02.726587
2282,Monica Warren,65,MD,2022-02-11,52,A,GROWING_DIGITAL,2793.5,100.0,2,2.0,46360.99,0.0,0.0,97.0,24944.760000000002,-4598.580000000002,GROCERY,48.45649484536082,13.93,LOW,0.0,N,N,N,N,MASTER_V1.5,2026-06-29,2026-06-29 19:54:02.726587
2301,Patrick Bruce,45,HI,2019-08-03,82,A,VALUE_BASIC,1824.78,100.0,1,1.0,7342.09,0.0,0.0,52.0,23632.05,-23004.76,RESTAURANT,32.69,5.09,LOW,0.0,N,Y,Y,N,MASTER_V1.5,2026-06-29,2026-06-29 19:54:02.726587
2309,Lori Padilla,24,MI,2017-08-26,106,A,PREMIUM_WEALTH,12279.73,75.0,4,3.0,107436.53,2000.0,45.95,220.0,36676.2,-7590.559999999998,RESTAURANT,38.63572727272727,8.92,LOW,0.0,N,N,N,N,MASTER_V1.5,2026-06-29,2026-06-29 19:54:02.726587
2310,Nicholas Walker,35,NJ,2011-08-09,178,A,GROWING_DIGITAL,4174.81,100.0,1,1.0,11867.98,0.0,0.0,55.0,25168.27,-7201.100000000002,INSURANCE,40.0,20.45,MODERATE,0.0,N,Y,N,N,MASTER_V1.5,2026-06-29,2026-06-29 19:54:02.726587
2333,Rebekah Stokes,60,OK,2016-03-02,123,A,ENGAGED_MAINSTREAM,14410.5,100.0,4,4.0,122498.88,10000.0,81.72,169.0,28818.620000000003,8937.259999999995,RESTAURANT,33.72680473372781,4.27,LOW,0.0,N,N,N,N,MASTER_V1.5,2026-06-29,2026-06-29 19:54:02.726587
2347,Ruben Bradley,43,GA,2020-07-20,71,A,PREMIUM_WEALTH,3888.88,100.0,2,2.0,57216.73,2000.0,52.53,72.0,19221.440000000002,-15168.580000000002,GROCERY,37.50055555555555,11.82,LOW,0.0,N,N,N,N,MASTER_V1.5,2026-06-29,2026-06-29 19:54:02.726587
2349,Brenda Carter,83,PR,2019-02-13,88,A,GROWING_DIGITAL,4912.74,100.0,2,2.0,70638.3,0.0,0.0,131.0,8304.64,5111.93,HEALTHCARE,40.45847328244274,22.19,MODERATE,0.0,N,N,N,N,MASTER_V1.5,2026-06-29,2026-06-29 19:54:02.726587
2355,Carolyn Rose,47,NV,2017-03-30,111,A,VALUE_BASIC,2280.58,100.0,1,1.0,3708.27,5000.0,74.17,62.0,3007.74,1514.5,RESTAURANT,38.709999999999994,18.1,LOW,0.0,N,Y,Y,N,MASTER_V1.5,2026-06-29,2026-06-29 19:54:02.726587
2359,Veronica Fisher,31,ME,2018-12-06,90,A,PREMIUM_WEALTH,7628.25,100.0,3,3.0,80910.99,0.0,0.0,118.0,19068.93,10209.2,TRAVEL,48.302711864406774,19.73,LOW,0.0,N,N,N,N,MASTER_V1.5,2026-06-29,2026-06-29 19:54:02.726587
2371,Rebecca Mayo,25,KS,2016-12-29,114,A,CREDIT_DEPENDENT,6256.32,50.0,2,1.0,58454.08,0.0,0.0,99.0,6316.5599999999995,5480.290000000001,RETAIL,37.37191919191919,6.55,LOW,0.0,N,N,N,N,MASTER_V1.5,2026-06-29,2026-06-29 19:54:02.726587
2378,Marc Simon,41,ID,2026-01-21,5,A,GROWING_DIGITAL,139.7,100.0,1,1.0,71412.08,0.0,0.0,21.0,1161.72,11654.67,GROCERY,47.62,23.09,MODERATE,0.0,N,Y,N,N,MASTER_V1.5,2026-06-29,2026-06-29 19:54:02.726587
2388,Deborah Thomas,64,KS,2024-06-19,24,A,GROWING_DIGITAL,1181.8,100.0,2,2.0,18927.51,10000.0,35.32,76.0,21139.73,-16786.08,RETAIL,39.477105263157895,11.78,LOW,0.0,N,N,N,N,MASTER_V1.5,2026-06-29,2026-06-29 19:54:02.726587
2394,Richard Wheeler,57,MP,2015-11-17,127,A,GROWING_DIGITAL,2973.9,100.0,1,1.0,11691.42,0.0,0.0,60.0,22368.94,-20977.91,INSURANCE,38.34,16.45,LOW,0.0,N,Y,N,N,MASTER_V1.5,2026-06-29,2026-06-29 19:54:02.726587
2417,James Blevins,61,GU,2022-08-06,46,A,GROWING_DIGITAL,2467.59,100.0,2,2.0,45645.32,10000.0,29.16,73.0,29115.690000000002,-17980.640000000003,RETAIL,42.47287671232877,16.09,LOW,0.0,N,N,N,N,MASTER_V1.5,2026-06-29,2026-06-29 19:54:02.726587
2421,Kyle Williams,57,NV,2026-04-26,2,A,ENGAGED_MAINSTREAM,235.09,75.0,4,3.0,127296.08,5000.0,11.0,159.0,17245.98,7738.290000000001,TRAVEL,37.73603773584906,6.45,LOW,0.0,N,N,N,N,MASTER_V1.5,2026-06-29,2026-06-29 19:54:02.726587
2425,Cindy Beck,75,MA,2025-11-29,7,A,VALUE_BASIC,147.73,100.0,1,1.0,4636.43,0.0,0.0,49.0,20489.47,-10027.880000000001,GROCERY,26.530000000000005,27.45,MODERATE,0.0,N,Y,N,N,MASTER_V1.5,2026-06-29,2026-06-29 19:54:02.726587
2427,Brittany Brown,82,AK,2015-09-18,129,A,ENGAGED_MAINSTREAM,9911.18,100.0,3,3.0,28116.62,2000.0,0.57,166.0,46793.22,-15664.23,RETAIL,39.7544578313253,9.06,LOW,0.0,N,N,N,N,MASTER_V1.5,2026-06-29,2026-06-29 19:54:02.726587
2439,Lawrence Donovan,76,NE,2018-01-30,101,A,VALUE_BASIC,1995.63,100.0,1,1.0,2706.7,0.0,0.0,41.0,9928.76,-7077.1,RESTAURANT,36.59,27.73,MODERATE,0.0,N,Y,Y,N,MASTER_V1.5,2026-06-29,2026-06-29 19:54:02.726587
2440,Ronald Fisher,37,OH,2018-06-24,96,A,CREDIT_DEPENDENT,2151.9,0.0,1,0.0,7834.06,0.0,0.0,27.0,3065.02,7482.16,GROCERY,33.33,27.27,MODERATE,0.0,N,N,Y,Y,MASTER_V1.5,2026-06-29,2026-06-29 19:54:02.726587
2442,Christina Turner,57,NM,2022-10-07,44,A,ENGAGED_MAINSTREAM,3741.8,66.67,3,2.0,84017.82,2000.0,3.07,159.0,42088.11,-31175.739999999998,RETAIL,36.47691823899371,7.91,LOW,0.0,N,N,N,N,MASTER_V1.5,2026-06-29,2026-06-29 19:54:02.726587
2446,Brian Gallegos,54,KY,2012-04-20,170,A,GROWING_DIGITAL,4641.33,100.0,1,1.0,55313.35,0.0,0.0,41.0,10522.36,4246.51,RESTAURANT,31.710000000000004,29.09,MODERATE,0.0,N,Y,N,N,MASTER_V1.5,2026-06-29,2026-06-29 19:54:02.726587
2451,Kevin Collins,40,PA,2024-03-15,27,A,VALUE_BASIC,1006.89,50.0,2,1.0,1734.43,2000.0,63.9,87.0,12126.68,-7583.210000000001,GROCERY,32.185517241379316,15.0,LOW,0.0,N,N,Y,N,MASTER_V1.5,2026-06-29,2026-06-29 19:54:02.726587
2455,David Sullivan,55,RI,2012-04-27,170,A,CREDIT_DEPENDENT,8810.41,50.0,2,1.0,31735.43,0.0,0.0,112.0,38984.83,-26242.65,RETAIL,39.28776785714286,25.73,MODERATE,0.0,N,N,N,N,MASTER_V1.5,2026-06-29,2026-06-29 19:54:02.726587
2493,John Warner,22,KS,2025-04-01,14,A,GROWING_DIGITAL,354.09,100.0,1,1.0,24759.0,0.0,0.0,19.0,1284.61,10023.189999999999,RESTAURANT,31.58,15.91,LOW,0.0,N,Y,N,N,MASTER_V1.5,2026-06-29,2026-06-29 19:54:02.726587
2495,Sarah Porter,46,CO,2024-03-21,27,A,PREMIUM_WEALTH,3288.03,50.0,4,2.0,194445.15,10000.0,95.15,175.0,36910.61,-9969.66,INSURANCE,34.28525714285715,17.0,LOW,0.0,N,N,N,N,MASTER_V1.5,2026-06-29,2026-06-29 19:54:02.726587
2496,Heidi Rodriguez,58,MI,2012-05-02,169,A,ENGAGED_MAINSTREAM,14823.82,100.0,3,3.0,120009.04,10000.0,92.32,94.0,20005.350000000002,-14552.680000000002,RESTAURANT,38.297340425531914,22.55,MODERATE,0.0,N,N,N,N,MASTER_V1.5,2026-06-29,2026-06-29 19:54:02.726587
2523,Jerry Harmon,76,SD,2026-01-18,5,A,GROWING_DIGITAL,124.95,100.0,1,1.0,21938.34,0.0,0.0,37.0,2284.52,8213.039999999999,RESTAURANT,48.64,8.36,LOW,0.0,N,Y,N,N,MASTER_V1.5,2026-06-29,2026-06-29 19:54:02.726587
2526,Arthur Ramirez,77,AK,2018-12-07,90,A,GROWING_DIGITAL,2371.92,100.0,1,1.0,37868.06,0.0,0.0,45.0,1970.69,24031.07,RESTAURANT,40.0,15.45,LOW,0.0,N,Y,N,N,MASTER_V1.5,2026-06-29,2026-06-29 19:54:02.726587
2546,Hector Miranda,64,IN,2012-06-11,168,A,VALUE_BASIC,3180.28,100.0,1,1.0,1943.21,0.0,0.0,17.0,18891.59,-13158.95,GAS_STATION,52.94,32.18,MODERATE,0.0,N,Y,Y,N,MASTER_V1.5,2026-06-29,2026-06-29 19:54:02.726587
2548,Brandon Wilson,75,RI,2020-09-16,69,A,ENGAGED_MAINSTREAM,8391.14,100.0,4,4.0,191199.01,15000.0,35.95,209.0,46147.5,-21195.0,GROCERY,34.92693779904306,7.48,LOW,0.0,N,N,N,N,MASTER_V1.5,2026-06-29,2026-06-29 19:54:02.726587
2566,Kelly Sanchez,67,MI,2023-12-18,30,A,ENGAGED_MAINSTREAM,3534.08,75.0,4,3.0,130649.68,15000.0,39.14,149.0,31495.039999999997,-12404.629999999997,RESTAURANT,34.22852348993289,14.0,LOW,0.0,N,N,N,N,MASTER_V1.5,2026-06-29,2026-06-29 19:54:02.726587
2574,Tonya Johnston,80,DC,2017-10-09,104,A,ENGAGED_MAINSTREAM,5367.46,100.0,2,2.0,30395.3,25000.0,53.97,138.0,9978.0,-4269.99,RESTAURANT,30.441594202898546,26.27,MODERATE,0.0,N,N,N,N,MASTER_V1.5,2026-06-29,2026-06-29 19:54:02.726587
2588,Kenneth Peterson,22,FM,2012-12-08,162,A,PREMIUM_WEALTH,13190.63,100.0,3,3.0,51869.31,2000.0,87.72,161.0,41057.43,-33159.94,TRAVEL,31.678819875776394,8.27,LOW,0.0,N,N,N,N,MASTER_V1.5,2026-06-29,2026-06-29 19:54:02.726587
2598,Marissa Johnson,31,MO,2011-08-04,178,A,GROWING_DIGITAL,4685.89,100.0,1,1.0,37424.79,0.0,0.0,75.0,20421.11,-7735.980000000001,RETAIL,28.000000000000004,8.27,LOW,0.0,N,Y,N,N,MASTER_V1.5,2026-06-29,2026-06-29 19:54:02.726587
2600,Kenneth Rodriguez,50,MD,2023-11-21,31,A,VALUE_BASIC,1526.74,100.0,2,2.0,18957.51,25000.0,72.63,80.0,14458.13,-11413.06,RETAIL,39.998,26.73,MODERATE,0.0,N,N,N,N,MASTER_V1.5,2026-06-29,2026-06-29 19:54:02.726587
2614,Brandy Little,67,IL,2017-03-01,111,A,ENGAGED_MAINSTREAM,13188.07,75.0,4,3.0,144516.31,25000.0,0.86,186.0,16973.829999999998,47377.75,TRAVEL,42.475913978494624,6.18,LOW,0.0,N,N,N,N,MASTER_V1.5,2026-06-29,2026-06-29 19:54:02.726587
2620,Daniel Terry,54,SD,2016-03-31,123,A,ENGAGED_MAINSTREAM,13749.99,100.0,4,4.0,71599.98,15000.0,13.49,103.0,33692.75,-11999.519999999997,RESTAURANT,42.71825242718447,3.36,LOW,0.0,N,N,N,N,MASTER_V1.5,2026-06-29,2026-06-29 19:54:02.726587
2623,Kirsten Brown,51,AR,2024-10-06,20,A,VALUE_BASIC,463.24,100.0,1,1.0,10559.02,0.0,0.0,42.0,20951.2,-9756.43,GROCERY,45.24,22.45,MODERATE,0.0,N,Y,N,N,MASTER_V1.5,2026-06-29,2026-06-29 19:54:02.726587
2628,Christina Rivera,43,OR,2025-08-18,10,A,PREMIUM_WEALTH,826.83,100.0,3,3.0,61351.32,25000.0,78.32,68.0,5629.75,12139.59,TRAVEL,48.53279411764706,8.18,LOW,0.0,N,N,N,N,MASTER_V1.5,2026-06-29,2026-06-29 19:54:02.726587
2640,Alexis Greer,34,PR,2017-09-08,105,A,PREMIUM_WEALTH,5653.89,100.0,2,2.0,47539.84,15000.0,52.53,72.0,16104.439999999999,-360.2999999999993,RESTAURANT,43.05180555555556,0.55,LOW,0.0,N,N,N,N,MASTER_V1.5,2026-06-29,2026-06-29 19:54:02.726587
2664,Christina Watson,40,IN,2019-04-14,86,A,PREMIUM_WEALTH,9947.02,100.0,4,4.0,105482.97,10000.0,16.35,156.0,33190.68,2364.0800000000017,RETAIL,46.794230769230765,13.82,LOW,0.0,N,N,N,N,MASTER_V1.5,2026-06-29,2026-06-29 19:54:02.726587
2673,Joshua Hoover,43,IN,2025-05-02,13,A,PREMIUM_WEALTH,1500.25,100.0,4,4.0,102786.91,2000.0,43.32,235.0,44408.759999999995,-7720.289999999994,RESTAURANT,35.74629787234042,30.85,MODERATE,0.0,N,N,N,N,MASTER_V1.5,2026-06-29,2026-06-29 19:54:02.726587
2685,Larry Boyd,59,MN,2018-07-27,95,A,VALUE_BASIC,2162.75,100.0,1,1.0,9012.05,0.0,0.0,39.0,3063.82,-290.28999999999996,HEALTHCARE,38.46000000000001,9.09,LOW,0.0,N,Y,Y,N,MASTER_V1.5,2026-06-29,2026-06-29 19:54:02.726587
2687,Jennifer Larsen,22,ND,2023-12-05,30,A,PREMIUM_WEALTH,3529.06,75.0,4,3.0,128480.86,2000.0,32.86,153.0,38559.72,-30566.190000000002,RETAIL,39.21352941176471,9.36,LOW,0.0,N,N,N,N,MASTER_V1.5,2026-06-29,2026-06-29 19:54:02.726587
2688,Kristina Jennings,47,SD,2018-10-20,92,A,GROWING_DIGITAL,8352.35,100.0,3,3.0,180748.54,0.0,0.0,104.0,33615.39,-13521.399999999998,RETAIL,41.3476923076923,6.27,LOW,0.0,N,N,N,N,MASTER_V1.5,2026-06-29,2026-06-29 19:54:02.726587
2697,Michelle Pennington,20,ND,2023-10-10,32,A,PREMIUM_WEALTH,3817.66,75.0,4,3.0,151777.76,5000.0,42.26,161.0,39469.4,-20551.95,RETAIL,40.99478260869565,10.82,LOW,0.0,N,N,N,N,MASTER_V1.5,2026-06-29,2026-06-29 19:54:02.726587
2703,James Mendez,49,PW,2026-02-28,4,A,PREMIUM_WEALTH,342.44,66.67,3,2.0,90629.8,5000.0,57.65,146.0,48205.600000000006,-27743.090000000004,GAS_STATION,41.78246575342467,27.73,MODERATE,0.0,N,N,N,N,MASTER_V1.5,2026-06-29,2026-06-29 19:54:02.726587
2706,Richard Monroe,50,NJ,2025-07-10,11,A,PREMIUM_WEALTH,1343.09,100.0,4,4.0,200776.75,25000.0,69.66,163.0,22088.36,1938.1399999999994,TRAVEL,45.398650306748465,11.16,LOW,0.0,N,N,N,N,MASTER_V1.5,2026-06-29,2026-06-29 19:54:02.726587
2731,Jacob Johnson,64,HI,2018-06-15,96,A,GROWING_DIGITAL,4956.91,100.0,2,2.0,30542.84,2000.0,31.23,99.0,25809.2,-13206.77,RESTAURANT,45.45212121212121,26.36,MODERATE,0.0,N,N,N,N,MASTER_V1.5,2026-06-29,2026-06-29 19:54:02.726587
2736,Stephanie Morales,57,SC,2023-01-14,41,A,GROWING_DIGITAL,1133.58,100.0,1,1.0,63530.33,0.0,0.0,44.0,13008.07,-6187.63,GROCERY,43.18,18.82,LOW,0.0,N,Y,N,N,MASTER_V1.5,2026-06-29,2026-06-29 19:54:02.726587
2741,Aaron Hernandez,54,FM,2013-12-15,150,A,ENGAGED_MAINSTREAM,17547.52,100.0,4,4.0,120372.61,5000.0,66.19,135.0,17348.440000000002,8659.989999999998,UTILITIES,36.29407407407407,33.25,MODERATE,0.0,N,N,N,N,MASTER_V1.5,2026-06-29,2026-06-29 19:54:02.726587
2744,Thomas Cooper,28,MO,2017-01-27,113,A,GROWING_DIGITAL,6533.99,100.0,2,2.0,105301.83,0.0,0.0,77.0,6384.21,-3515.58,RESTAURANT,41.557272727272725,10.45,LOW,0.0,N,N,N,N,MASTER_V1.5,2026-06-29,2026-06-29 19:54:02.726587
2754,Ronald Mitchell,62,FM,2021-03-31,63,A,ENGAGED_MAINSTREAM,5128.97,100.0,3,3.0,51790.83,25000.0,57.9,121.0,36058.92,-30922.409999999996,TRAVEL,39.6701652892562,12.55,LOW,0.0,N,N,N,N,MASTER_V1.5,2026-06-29,2026-06-29 19:54:02.726587
2768,Johnny Rogers,25,UT,2021-09-24,57,A,GROWING_DIGITAL,3280.77,100.0,2,2.0,99856.36,0.0,0.0,60.0,27112.39,-16382.7,RETAIL,45.003,15.0,LOW,0.0,N,N,N,N,MASTER_V1.5,2026-06-29,2026-06-29 19:54:02.726587
2772,Cody Acosta,68,LA,2012-09-28,165,A,GROWING_DIGITAL,3910.44,100.0,1,1.0,13093.39,0.0,0.0,70.0,10620.02,-5305.59,TRAVEL,42.86,16.62,LOW,0.0,N,Y,N,N,MASTER_V1.5,2026-06-29,2026-06-29 19:54:02.726587
2773,Joshua Bonilla,43,ID,2017-12-03,102,A,GROWING_DIGITAL,5225.19,100.0,2,2.0,28154.79,2000.0,28.06,53.0,22688.78,-20345.98,TRAVEL,33.96528301886793,35.55,MODERATE,0.0,N,N,N,N,MASTER_V1.5,2026-06-29,2026-06-29 19:54:02.726587
2817,Carrie Fritz,54,KY,2015-02-23,136,A,ENGAGED_MAINSTREAM,15716.68,100.0,4,4.0,104441.38,15000.0,69.78,236.0,60112.909999999996,-25611.68,RESTAURANT,38.13766949152543,8.16,LOW,0.0,N,N,N,N,MASTER_V1.5,2026-06-29,2026-06-29 19:54:02.726587
2818,Vincent Rodriguez,32,FM,2026-01-01,5,A,GROWING_DIGITAL,129.52,100.0,1,1.0,31614.32,0.0,0.0,40.0,14343.83,-13223.49,EDUCATION,47.5,12.36,LOW,0.0,N,Y,N,N,MASTER_V1.5,2026-06-29,2026-06-29 19:54:02.726587
2819,Samantha Moore,45,IA,2016-06-07,120,A,PREMIUM_WEALTH,13988.17,75.0,4,3.0,115474.87,10000.0,87.03,170.0,23650.55,15932.670000000002,UTILITIES,31.766647058823533,10.91,LOW,0.0,N,N,N,N,MASTER_V1.5,2026-06-29,2026-06-29 19:54:02.726587
2827,Jose Bryan,77,MO,2013-09-01,153,A,ENGAGED_MAINSTREAM,18250.28,100.0,4,4.0,151491.62,2000.0,87.21,192.0,23735.79,-1843.4700000000012,TRAVEL,35.937656249999996,18.36,LOW,0.0,N,N,N,N,MASTER_V1.5,2026-06-29,2026-06-29 19:54:02.726587
2833,Earl Roberts,45,AL,2022-11-06,43,A,PREMIUM_WEALTH,2295.99,100.0,2,2.0,43435.68,5000.0,53.26,110.0,4133.95,31301.960000000003,RETAIL,41.81890909090909,15.13,LOW,0.0,N,N,N,N,MASTER_V1.5,2026-06-29,2026-06-29 19:54:02.726587
2838,Kevin Silva,83,NC,2014-08-25,142,A,GROWING_DIGITAL,8066.9,100.0,2,2.0,85976.62,0.0,0.0,113.0,17109.65,-12785.25,RESTAURANT,34.51318584070796,16.25,LOW,0.0,N,N,N,N,MASTER_V1.5,2026-06-29,2026-06-29 19:54:02.726587
2847,Alexandria Perez,28,DE,2023-03-05,39,A,GROWING_DIGITAL,2680.54,100.0,3,3.0,9549.36,10000.0,7.81,142.0,29527.079999999998,-4693.5899999999965,RESTAURANT,33.097605633802814,25.28,MODERATE,0.0,N,N,Y,N,MASTER_V1.5,2026-06-29,2026-06-29 19:54:02.726587
2849,Angela Nichols,63,AK,2012-06-29,168,A,ENGAGED_MAINSTREAM,14809.63,100.0,3,3.0,127219.7,10000.0,25.42,140.0,55840.259999999995,-39358.969999999994,RETAIL,38.57514285714286,32.43,MODERATE,0.0,N,N,N,N,MASTER_V1.5,2026-06-29,2026-06-29 19:54:02.726587
2853,Chelsea Arnold,54,PA,2012-02-03,172,A,ENGAGED_MAINSTREAM,14160.11,100.0,3,3.0,58502.61,5000.0,60.24,147.0,33242.44,10957.32,HEALTHCARE,36.73578231292517,12.09,LOW,0.0,N,N,N,N,MASTER_V1.5,2026-06-29,2026-06-29 19:54:02.726587
2856,Steven Herrera,46,MH,2020-02-29,76,A,CREDIT_DEPENDENT,3888.17,50.0,2,1.0,27778.78,25000.0,60.25,61.0,10961.919999999998,2997.5600000000013,RETAIL,34.42852459016393,13.0,LOW,0.0,N,N,N,N,MASTER_V1.5,2026-06-29,2026-06-29 19:54:02.726587
2857,Cynthia Gonzalez,33,FL,2016-03-31,123,A,PREMIUM_WEALTH,10441.49,100.0,3,3.0,82346.3,15000.0,15.74,91.0,15768.869999999999,-11560.309999999998,RETAIL,30.76813186813187,12.27,LOW,0.0,N,N,N,N,MASTER_V1.5,2026-06-29,2026-06-29 19:54:02.726587
2877,Ronald Long,35,NM,2018-03-14,99,A,PREMIUM_WEALTH,8715.93,100.0,3,3.0,125320.35,5000.0,81.24,125.0,28835.83,-7390.529999999999,UTILITIES,27.19912,10.45,LOW,0.0,N,N,N,N,MASTER_V1.5,2026-06-29,2026-06-29 19:54:02.726587
2885,Donna Watts,20,DE,2012-03-05,171,A,PREMIUM_WEALTH,9395.85,100.0,2,2.0,59236.92,15000.0,92.54,89.0,17356.24,-1829.340000000002,TRAVEL,42.692247191011234,12.91,LOW,0.0,N,N,N,N,MASTER_V1.5,2026-06-29,2026-06-29 19:54:02.726587
2900,Lauren Tyler,83,WV,2019-01-05,89,A,ENGAGED_MAINSTREAM,7361.61,100.0,3,3.0,61612.93,2000.0,41.22,129.0,7372.780000000001,30396.75,RETAIL,36.43286821705426,21.12,MODERATE,0.0,N,N,N,N,MASTER_V1.5,2026-06-29,2026-06-29 19:54:02.726587
2903,Christopher Nielsen,31,CA,2024-02-12,28,A,PREMIUM_WEALTH,2251.75,100.0,3,3.0,45370.11,10000.0,60.66,127.0,37936.92,-9511.449999999997,RETAIL,40.94566929133859,18.36,LOW,0.0,N,N,N,N,MASTER_V1.5,2026-06-29,2026-06-29 19:54:02.726587
2931,Eric Neal,47,NH,2013-05-26,157,A,GROWING_DIGITAL,7746.6,100.0,2,2.0,19308.14,5000.0,29.34,94.0,16396.62,18689.980000000007,RESTAURANT,37.234042553191486,26.64,MODERATE,0.0,N,N,N,N,MASTER_V1.5,2026-06-29,2026-06-29 19:54:02.726587
2934,Tammy Harmon,73,CO,2025-06-16,12,A,ENGAGED_MAINSTREAM,1037.12,66.67,3,2.0,101065.77,25000.0,93.88,157.0,39571.55,-22695.690000000002,RESTAURANT,37.57777070063694,16.03,LOW,0.0,N,N,N,N,MASTER_V1.5,2026-06-29,2026-06-29 19:54:02.726587
2949,Mark Dickson,73,FM,2021-04-29,62,A,ENGAGED_MAINSTREAM,7253.5,75.0,4,3.0,120474.05,25000.0,66.53,142.0,33296.659999999996,-5407.349999999995,RESTAURANT,44.36971830985915,16.82,LOW,0.0,N,N,N,N,MASTER_V1.5,2026-06-29,2026-06-29 19:54:02.726587
2952,Austin Bullock,46,AK,2025-06-07,12,A,PREMIUM_WEALTH,1053.32,100.0,3,3.0,121001.22,25000.0,76.25,120.0,40608.24,-28761.78,UTILITIES,35.001333333333335,15.36,LOW,0.0,N,N,N,N,MASTER_V1.5,2026-06-29,2026-06-29 19:54:02.726587
2957,Amy Wilson,71,AK,2020-10-04,68,A,ENGAGED_MAINSTREAM,6055.95,100.0,3,3.0,143545.53,0.0,0.0,176.0,22475.34,9152.960000000003,RETAIL,43.75352272727273,31.73,MODERATE,0.0,N,N,N,N,MASTER_V1.5,2026-06-29,2026-06-29 19:54:02.726587
2959,Lindsay Freeman,25,ND,2015-04-20,134,A,GROWING_DIGITAL,7880.63,100.0,2,2.0,128300.88,0.0,0.0,124.0,8538.83,19397.659999999996,RESTAURANT,41.9325,18.45,LOW,0.0,N,N,N,N,MASTER_V1.5,2026-06-29,2026-06-29 19:54:02.726587
2976,Christie Chung,64,KY,2025-04-05,14,A,CREDIT_DEPENDENT,665.41,50.0,2,1.0,13437.71,10000.0,13.64,97.0,5770.07,8706.27,HEALTHCARE,40.20556701030928,5.0,LOW,0.0,N,N,N,N,MASTER_V1.5,2026-06-29,2026-06-29 19:54:02.726587
2982,Emily Hodges,75,TN,2018-02-07,100,A,ENGAGED_MAINSTREAM,11417.39,100.0,4,4.0,90888.63,5000.0,29.15,167.0,31393.04,-12514.21,RETAIL,37.727305389221556,8.84,LOW,0.0,N,N,N,N,MASTER_V1.5,2026-06-29,2026-06-29 19:54:02.726587
2983,Larry Garcia,84,AR,2013-03-29,159,A,ENGAGED_MAINSTREAM,18628.57,100.0,4,4.0,122526.67,25000.0,85.41,212.0,23098.649999999998,-2316.369999999999,RETAIL,38.20731132075472,13.64,LOW,0.0,N,N,N,N,MASTER_V1.5,2026-06-29,2026-06-29 19:54:02.726587
3001,Phillip Garner,24,NC,2017-10-13,104,A,PREMIUM_WEALTH,9054.9,100.0,3,3.0,110067.32,5000.0,73.76,117.0,21959.04,-7731.0700000000015,RESTAURANT,41.87940170940171,9.0,LOW,0.0,N,N,N,N,MASTER_V1.5,2026-06-29,2026-06-29 19:54:02.726587
3003,Lisa Fuller,50,SC,2025-07-08,11,A,VALUE_BASIC,248.11,100.0,1,1.0,8285.49,0.0,0.0,40.0,9386.86,-7745.77,RETAIL,37.5,16.91,LOW,0.0,N,Y,N,N,MASTER_V1.5,2026-06-29,2026-06-29 19:54:02.726587
3011,Melissa Cook,30,TN,2024-02-03,28,A,CREDIT_DEPENDENT,653.13,0.0,1,0.0,11275.79,0.0,0.0,21.0,8766.31,-6639.33,INSURANCE,33.34,25.55,MODERATE,0.0,N,N,N,N,MASTER_V1.5,2026-06-29,2026-06-29 19:54:02.726587
3016,Susan Morris,25,RI,2022-10-01,44,A,VALUE_BASIC,990.46,100.0,1,1.0,8136.84,10000.0,81.37,59.0,2981.37,7296.150000000001,GROCERY,37.29,21.27,MODERATE,0.0,N,Y,Y,N,MASTER_V1.5,2026-06-29,2026-06-29 19:54:02.726587
3020,Jose Baldwin,26,DC,2017-07-11,107,A,GROWING_DIGITAL,6226.04,100.0,2,2.0,113262.68,0.0,0.0,46.0,14696.050000000001,-12705.410000000002,RESTAURANT,39.12913043478261,22.55,MODERATE,0.0,N,N,N,N,MASTER_V1.5,2026-06-29,2026-06-29 19:54:02.726587
3037,Steven Andrews,48,HI,2026-03-09,3,A,GROWING_DIGITAL,169.11,100.0,2,2.0,78723.73,25000.0,24.78,79.0,4299.48,41152.89,GROCERY,32.90822784810127,24.82,MODERATE,0.0,N,N,N,N,MASTER_V1.5,2026-06-29,2026-06-29 19:54:02.726587
3039,Ann Hansen,21,TN,2014-01-17,149,A,PREMIUM_WEALTH,13150.37,100.0,3,3.0,129013.48,0.0,0.0,194.0,23313.56,18786.169999999995,INSURANCE,32.46963917525774,1.73,LOW,0.0,N,N,N,N,MASTER_V1.5,2026-06-29,2026-06-29 19:54:02.726587
3052,Rick Horton,21,OK,2017-04-09,110,A,PREMIUM_WEALTH,9608.7,100.0,3,3.0,114337.45,0.0,0.0,127.0,27054.5,361.5,UTILITIES,37.79527559055118,19.36,LOW,0.0,N,N,N,N,MASTER_V1.5,2026-06-29,2026-06-29 19:54:02.726587
3061,Michael Wiggins,73,NJ,2014-09-30,141,A,ENGAGED_MAINSTREAM,16878.9,75.0,4,3.0,158078.81,15000.0,71.3,106.0,16409.33,10336.519999999997,RESTAURANT,35.852075471698114,26.0,MODERATE,0.0,N,N,N,N,MASTER_V1.5,2026-06-29,2026-06-29 19:54:02.726587
3064,Benjamin Medina,30,LA,2011-12-11,174,A,GROWING_DIGITAL,8946.95,100.0,2,2.0,29256.16,5000.0,41.66,123.0,10958.240000000002,29958.829999999998,RETAIL,41.468780487804885,29.45,MODERATE,0.0,N,N,N,N,MASTER_V1.5,2026-06-29,2026-06-29 19:54:02.726587
3078,Kevin Gay,47,IA,2020-08-02,70,A,PREMIUM_WEALTH,8142.26,100.0,4,4.0,112622.93,25000.0,8.51,161.0,35462.93000000001,23552.449999999997,TRAVEL,36.02900621118012,21.73,MODERATE,0.0,N,N,N,N,MASTER_V1.5,2026-06-29,2026-06-29 19:54:02.726587
3079,Holly Rose,33,MP,2022-12-28,42,A,PREMIUM_WEALTH,4657.7,75.0,4,3.0,65497.78,5000.0,90.58,200.0,64953.23,-46029.37,HEALTHCARE,40.4976,14.47,LOW,0.0,N,N,N,N,MASTER_V1.5,2026-06-29,2026-06-29 19:54:02.726587
3085,Corey Dodson,38,TN,2025-01-28,17,A,PREMIUM_WEALTH,907.1,100.0,2,2.0,43118.61,2000.0,96.41,99.0,40381.590000000004,5111.8299999999945,RETAIL,42.42272727272727,10.41,LOW,0.0,N,N,N,N,MASTER_V1.5,2026-06-29,2026-06-29 19:54:02.726587
3088,Sandra Smith,71,GA,2021-10-10,56,A,ENGAGED_MAINSTREAM,6276.06,100.0,4,4.0,73662.19,10000.0,31.27,188.0,23525.74,-5612.210000000003,UTILITIES,38.83367021276596,3.36,LOW,0.0,N,N,N,N,MASTER_V1.5,2026-06-29,2026-06-29 19:54:02.726587
3089,Marie Joyce,69,TX,2023-08-18,34,A,ENGAGED_MAINSTREAM,2892.31,66.67,3,2.0,84322.96,15000.0,45.12,59.0,5492.780000000001,-3822.1700000000005,HEALTHCARE,38.98050847457627,10.36,LOW,0.0,N,N,N,N,MASTER_V1.5,2026-06-29,2026-06-29 19:54:02.726587
3113,Tamara Brown,48,NY,2013-08-18,154,A,PREMIUM_WEALTH,17711.57,100.0,4,4.0,98816.52,10000.0,67.65,243.0,33800.659999999996,36860.13000000001,HEALTHCARE,37.039341563786,11.0,LOW,0.0,N,N,N,N,MASTER_V1.5,2026-06-29,2026-06-29 19:54:02.726587
3118,Charles Banks,43,ME,2019-11-25,79,A,VALUE_BASIC,1275.78,100.0,1,1.0,638.84,2000.0,31.94,58.0,3332.2,18623.01,GAS_STATION,43.11000000000001,23.09,MODERATE,0.0,N,Y,N,N,MASTER_V1.5,2026-06-29,2026-06-29 19:54:02.726587
3121,Vanessa Gibson,44,DC,2016-08-21,118,A,PREMIUM_WEALTH,8993.61,100.0,3,3.0,25907.1,10000.0,88.41,156.0,8577.93,6044.75,TRAVEL,38.4648717948718,22.96,MODERATE,0.0,N,N,N,N,MASTER_V1.5,2026-06-29,2026-06-29 19:54:02.726587
3134,Cindy Williams,29,NV,2023-01-17,41,A,CREDIT_DEPENDENT,3608.97,33.33,3,1.0,125053.84,10000.0,84.1,98.0,5778.4800000000005,9540.8,GROCERY,47.95969387755101,10.73,LOW,0.0,N,N,N,N,MASTER_V1.5,2026-06-29,2026-06-29 19:54:02.726587
3145,Brandy Clayton,61,DC,2025-01-20,17,A,ENGAGED_MAINSTREAM,2045.9,100.0,4,4.0,168501.43,5000.0,40.23,186.0,41331.420000000006,-34157.530000000006,RETAIL,37.09763440860215,1.01,LOW,0.0,N,N,N,N,MASTER_V1.5,2026-06-29,2026-06-29 19:54:02.726587
3160,James Ramirez,74,MA,2024-03-10,27,A,CREDIT_DEPENDENT,1478.62,50.0,2,1.0,57109.54,0.0,0.0,65.0,5924.13,-4389.26,RESTAURANT,27.695999999999998,14.0,LOW,0.0,N,N,N,N,MASTER_V1.5,2026-06-29,2026-06-29 19:54:02.726587
3170,Samantha Miller,67,NY,2025-02-11,16,A,GROWING_DIGITAL,879.54,100.0,2,2.0,59534.45,0.0,0.0,114.0,44856.08,-40722.01,RETAIL,44.73666666666667,11.18,LOW,0.0,N,N,N,N,MASTER_V1.5,2026-06-29,2026-06-29 19:54:02.726587
3184,Teresa Graves,75,MA,2019-07-30,83,A,ENGAGED_MAINSTREAM,6948.53,66.67,3,2.0,70425.01,2000.0,21.59,172.0,52901.91,-32354.210000000003,RESTAURANT,38.375058139534886,11.91,LOW,0.0,N,N,N,N,MASTER_V1.5,2026-06-29,2026-06-29 19:54:02.726587
3188,Alyssa Pena,30,CO,2022-06-18,48,A,PREMIUM_WEALTH,4269.22,100.0,3,3.0,141343.05,25000.0,79.94,146.0,57328.12,-39039.26,TRAVEL,36.987671232876714,16.35,LOW,0.0,N,N,N,N,MASTER_V1.5,2026-06-29,2026-06-29 19:54:02.726587
3202,Gerald Watkins,32,IL,2021-05-12,61,A,GROWING_DIGITAL,1436.35,100.0,1,1.0,12316.14,0.0,0.0,66.0,12846.68,14190.09,HEALTHCARE,40.91000000000001,15.0,LOW,0.0,N,Y,N,N,MASTER_V1.5,2026-06-29,2026-06-29 19:54:02.726587
3203,Peter Hernandez,73,DC,2012-11-26,163,A,GROWING_DIGITAL,4040.1,100.0,1,1.0,20218.58,0.0,0.0,41.0,9231.62,-7817.650000000001,HEALTHCARE,34.14,11.27,LOW,0.0,N,Y,N,N,MASTER_V1.5,2026-06-29,2026-06-29 19:54:02.726587
3208,Keith Young,63,NJ,2018-08-08,94,A,GROWING_DIGITAL,2567.0,100.0,1,1.0,55459.67,0.0,0.0,54.0,2901.66,18867.420000000002,GROCERY,27.779999999999998,11.82,LOW,0.0,N,Y,N,N,MASTER_V1.5,2026-06-29,2026-06-29 19:54:02.726587
3209,Robert Smith,22,LA,2023-06-24,36,A,PREMIUM_WEALTH,3042.98,100.0,3,3.0,78455.83,5000.0,92.93,175.0,38861.920000000006,-28013.910000000003,RETAIL,34.285428571428575,7.18,LOW,0.0,N,N,N,N,MASTER_V1.5,2026-06-29,2026-06-29 19:54:02.726587
3216,Mark Lee,48,MO,2020-02-07,76,A,PREMIUM_WEALTH,8804.18,100.0,4,4.0,107414.36,2000.0,60.75,140.0,48414.729999999996,-8374.779999999999,TRAVEL,32.14057142857143,13.64,LOW,0.0,N,N,N,N,MASTER_V1.5,2026-06-29,2026-06-29 19:54:02.726587
3222,Kimberly Moody,67,AK,2018-03-13,99,A,ENGAGED_MAINSTREAM,8146.55,100.0,3,3.0,58208.43,25000.0,46.32,150.0,40456.270000000004,-25977.830000000005,UTILITIES,34.00053333333333,38.0,MODERATE,0.0,N,N,N,N,MASTER_V1.5,2026-06-29,2026-06-29 19:54:02.726587
3225,Joseph Flores,53,DE,2013-09-02,153,A,ENGAGED_MAINSTREAM,12660.58,100.0,3,3.0,61894.36,2000.0,60.67,147.0,42266.0,-35226.86,RESTAURANT,46.93761904761905,11.27,LOW,0.0,N,N,N,N,MASTER_V1.5,2026-06-29,2026-06-29 19:54:02.726587
3231,Christian Marshall,41,OH,2022-11-12,43,A,GROWING_DIGITAL,1155.13,100.0,1,1.0,46413.7,0.0,0.0,22.0,1571.43,-297.99,TRAVEL,36.36,14.55,LOW,0.0,N,Y,N,N,MASTER_V1.5,2026-06-29,2026-06-29 19:54:02.726587
3248,Elijah Harrell,70,NY,2014-12-17,138,A,GROWING_DIGITAL,3729.91,100.0,1,1.0,49579.02,0.0,0.0,55.0,3375.62,13511.7,RETAIL,41.81000000000001,18.09,LOW,0.0,N,Y,N,N,MASTER_V1.5,2026-06-29,2026-06-29 19:54:02.726587
3250,Travis Caldwell,84,NJ,2022-11-29,43,A,CREDIT_DEPENDENT,2564.07,50.0,2,1.0,151134.55,0.0,0.0,126.0,16180.720000000001,-3850.4400000000023,RESTAURANT,37.303333333333335,9.18,LOW,0.0,N,N,N,N,MASTER_V1.5,2026-06-29,2026-06-29 19:54:02.726587
3251,Billy Lawrence,38,PW,2019-09-12,81,A,PREMIUM_WEALTH,7130.57,100.0,3,3.0,125187.62,0.0,0.0,137.0,20868.89,3657.41,RETAIL,38.68642335766423,31.09,MODERATE,0.0,N,N,N,N,MASTER_V1.5,2026-06-29,2026-06-29 19:54:02.726587
3259,Linda Newton,73,PW,2012-02-11,172,A,GROWING_DIGITAL,9163.0,100.0,2,2.0,42389.47,0.0,0.0,99.0,23996.67,-12077.569999999998,INSURANCE,39.39333333333333,6.64,LOW,0.0,N,N,N,N,MASTER_V1.5,2026-06-29,2026-06-29 19:54:02.726587
3270,Colton Richardson,36,AL,2025-10-30,8,A,PREMIUM_WEALTH,681.06,100.0,3,3.0,85052.32,5000.0,89.8,176.0,22134.190000000002,5662.239999999998,UTILITIES,38.63903409090909,13.45,LOW,0.0,N,N,N,N,MASTER_V1.5,2026-06-29,2026-06-29 19:54:02.726587
3272,Kenneth Johnson,66,WA,2021-03-29,63,A,ENGAGED_MAINSTREAM,5530.35,66.67,3,2.0,121109.23,15000.0,59.04,133.0,37304.1,359.47000000000116,RETAIL,36.091127819548866,4.27,LOW,0.0,N,N,N,N,MASTER_V1.5,2026-06-29,2026-06-29 19:54:02.726587
3282,Joseph Lambert,37,FM,2014-07-07,143,A,PREMIUM_WEALTH,7973.22,100.0,2,2.0,69658.66,15000.0,58.35,140.0,42182.45,-27306.299999999996,TRAVEL,43.571285714285715,16.82,LOW,0.0,N,N,N,N,MASTER_V1.5,2026-06-29,2026-06-29 19:54:02.726587
3293,Erin Preston,55,WI,2019-07-15,83,A,ENGAGED_MAINSTREAM,7184.9,66.67,3,2.0,102950.46,2000.0,49.8,198.0,24088.98,31883.639999999996,GROCERY,36.86984848484848,5.09,LOW,0.0,N,N,N,N,MASTER_V1.5,2026-06-29,2026-06-29 19:54:02.726587
3296,Laura Summers,47,MI,2026-01-25,5,A,PREMIUM_WEALTH,543.0,75.0,4,3.0,52047.29,10000.0,4.38,163.0,27127.850000000002,-7816.000000000004,UTILITIES,35.57858895705521,14.27,LOW,0.0,N,N,N,N,MASTER_V1.5,2026-06-29,2026-06-29 19:54:02.726587
3299,Jodi Sutton,48,PA,2025-07-19,11,A,PREMIUM_WEALTH,902.63,66.67,3,2.0,56439.3,10000.0,73.92,101.0,14674.199999999999,147.78000000000065,RESTAURANT,38.61227722772277,15.91,LOW,0.0,N,N,N,N,MASTER_V1.5,2026-06-29,2026-06-29 19:54:02.726587
3327,Todd Smith,29,NE,2014-06-18,144,A,GROWING_DIGITAL,8310.34,100.0,2,2.0,102964.32,0.0,0.0,72.0,23558.99,-19819.22,GAS_STATION,29.165416666666673,25.09,MODERATE,0.0,N,N,N,N,MASTER_V1.5,2026-06-29,2026-06-29 19:54:02.726587
3331,Donald Yang,24,WI,2013-01-02,161,A,CREDIT_DEPENDENT,7953.93,50.0,2,1.0,19548.57,25000.0,48.58,127.0,5622.04,29137.689999999995,GROCERY,34.646220472440945,16.91,LOW,0.0,N,N,N,N,MASTER_V1.5,2026-06-29,2026-06-29 19:54:02.726587
3336,Richard Calhoun,21,VI,2016-10-28,116,A,PREMIUM_WEALTH,13660.23,100.0,4,4.0,130100.45,25000.0,26.15,105.0,28802.23,-7687.829999999998,RESTAURANT,34.28666666666666,16.0,LOW,0.0,N,N,N,N,MASTER_V1.5,2026-06-29,2026-06-29 19:54:02.726587
3343,Nicole Taylor,46,FM,2011-08-16,178,A,GROWING_DIGITAL,14685.75,100.0,3,3.0,59907.8,0.0,0.0,114.0,15827.75,-10920.66,RESTAURANT,40.35087719298245,6.36,LOW,0.0,N,N,N,N,MASTER_V1.5,2026-06-29,2026-06-29 19:54:02.726587
3347,Michelle Jones,76,TN,2019-02-05,88,A,ENGAGED_MAINSTREAM,9700.92,100.0,4,4.0,61314.32,2000.0,76.14,140.0,9331.880000000001,29088.2,TRAVEL,32.14142857142858,28.64,MODERATE,0.0,N,N,N,N,MASTER_V1.5,2026-06-29,2026-06-29 19:54:02.726587
3350,Ryan Harrell,67,WI,2012-05-19,169,A,ENGAGED_MAINSTREAM,14177.79,100.0,3,3.0,72087.05,15000.0,14.59,140.0,29235.24,2111.4599999999955,RETAIL,42.86114285714286,0.27,LOW,0.0,N,N,N,N,MASTER_V1.5,2026-06-29,2026-06-29 19:54:02.726587
3367,Donna Tate,67,MD,2017-10-24,104,A,ENGAGED_MAINSTREAM,11886.98,100.0,4,4.0,92022.07,2000.0,92.54,114.0,16290.63,-812.4699999999993,TRAVEL,44.73850877192982,5.09,LOW,0.0,N,N,N,N,MASTER_V1.5,2026-06-29,2026-06-29 19:54:02.726587
3378,Ronald Holden,72,OK,2012-04-01,170,A,VALUE_BASIC,2361.04,100.0,1,1.0,258.63,0.0,0.0,68.0,22447.3,-12460.009999999998,RESTAURANT,38.24000000000001,22.18,MODERATE,0.0,N,Y,N,N,MASTER_V1.5,2026-06-29,2026-06-29 19:54:02.726587
3382,Gloria Harris,32,KY,2025-04-20,14,A,PREMIUM_WEALTH,1125.58,100.0,3,3.0,45242.25,2000.0,6.25,132.0,6165.32,1863.4500000000007,TRAVEL,38.635984848484846,17.09,LOW,0.0,N,N,N,N,MASTER_V1.5,2026-06-29,2026-06-29 19:54:02.726587
3385,Joseph Tran,44,HI,2020-01-02,77,A,GROWING_DIGITAL,3977.56,100.0,2,2.0,30678.51,5000.0,32.37,87.0,12501.18,3541.7000000000007,GROCERY,39.078620689655175,5.36,LOW,0.0,N,N,N,N,MASTER_V1.5,2026-06-29,2026-06-29 19:54:02.726587
3387,Mandy Harris,70,IN,2023-07-06,35,A,ENGAGED_MAINSTREAM,1842.1,100.0,2,2.0,37282.6,5000.0,72.16,52.0,4512.9400000000005,-2876.3900000000003,UTILITIES,26.923461538461535,7.73,LOW,0.0,N,N,N,N,MASTER_V1.5,2026-06-29,2026-06-29 19:54:02.726587
3389,Todd Davis,19,NV,2015-07-07,131,A,PREMIUM_WEALTH,15512.92,75.0,4,3.0,138957.25,2000.0,31.45,219.0,35728.17,20128.660000000003,TRAVEL,41.09465753424658,22.78,MODERATE,0.0,N,N,N,N,MASTER_V1.5,2026-06-29,2026-06-29 19:54:02.726587
3390,Stephen Martin,28,NV,2014-10-15,140,A,PREMIUM_WEALTH,12187.65,100.0,3,3.0,109895.51,10000.0,96.58,133.0,27526.43,3516.7599999999984,RETAIL,38.34541353383459,12.73,LOW,0.0,N,N,N,N,MASTER_V1.5,2026-06-29,2026-06-29 19:54:02.726587
3391,Daniel Allen,73,AR,2014-10-11,140,A,ENGAGED_MAINSTREAM,11045.44,100.0,3,3.0,37029.39,15000.0,28.56,91.0,20838.03,-7411.9699999999975,RETAIL,40.65967032967033,34.27,MODERATE,0.0,N,N,N,N,MASTER_V1.5,2026-06-29,2026-06-29 19:54:02.726587
3400,Kelly Hall,58,IL,2015-03-15,135,A,CREDIT_DEPENDENT,7853.81,50.0,2,1.0,113014.29,0.0,0.0,46.0,2928.4300000000003,5800.879999999999,RESTAURANT,32.60913043478261,13.18,LOW,0.0,N,N,N,N,MASTER_V1.5,2026-06-29,2026-06-29 19:54:02.726587
3412,Brett Pena,69,ND,2012-11-12,163,A,ENGAGED_MAINSTREAM,14138.19,66.67,3,2.0,105343.41,0.0,0.0,141.0,37131.66,8509.209999999992,TRAVEL,38.292907801418444,11.0,LOW,0.0,N,N,N,N,MASTER_V1.5,2026-06-29,2026-06-29 19:54:02.726587
3422,Gregory Rodriguez,66,VI,2015-02-27,136,A,ENGAGED_MAINSTREAM,11477.27,100.0,3,3.0,77051.03,25000.0,46.7,118.0,21960.1,540.1900000000023,RETAIL,33.9014406779661,17.73,LOW,0.0,N,N,N,N,MASTER_V1.5,2026-06-29,2026-06-29 19:54:02.726587
3437,Kenneth Brown,25,TN,2025-04-04,14,A,CREDIT_DEPENDENT,770.03,50.0,2,1.0,59899.47,0.0,0.0,92.0,15829.24,-11106.51,GROCERY,44.568695652173915,23.38,MODERATE,0.0,N,N,N,N,MASTER_V1.5,2026-06-29,2026-06-29 19:54:02.726587
3450,Preston Williams,79,VI,2017-03-20,111,A,ENGAGED_MAINSTREAM,9195.41,100.0,3,3.0,62663.53,5000.0,9.8,150.0,49218.31,-7909.330000000002,TRAVEL,33.33093333333333,12.19,LOW,0.0,N,N,N,N,MASTER_V1.5,2026-06-29,2026-06-29 19:54:02.726587
3451,James Hudson,65,NE,2025-09-18,9,A,ENGAGED_MAINSTREAM,1069.72,75.0,4,3.0,145183.04,5000.0,25.51,201.0,37669.41,-9069.940000000002,TRAVEL,42.785273631840795,14.12,LOW,0.0,N,N,N,N,MASTER_V1.5,2026-06-29,2026-06-29 19:54:02.726587
3453,Aaron Jones,68,OK,2025-02-26,16,A,GROWING_DIGITAL,898.66,100.0,2,2.0,75602.22,0.0,0.0,130.0,8874.86,22340.969999999998,RESTAURANT,40.77076923076924,3.0,LOW,0.0,N,N,N,N,MASTER_V1.5,2026-06-29,2026-06-29 19:54:02.726587
3458,Lisa Rivera,48,ND,2024-10-03,20,A,GROWING_DIGITAL,524.13,100.0,1,1.0,35686.63,0.0,0.0,36.0,2420.77,-1845.6999999999998,GROCERY,47.220000000000006,11.45,LOW,0.0,N,Y,N,N,MASTER_V1.5,2026-06-29,2026-06-29 19:54:02.726587
3461,Ryan Nelson,69,AL,2023-08-25,34,A,ENGAGED_MAINSTREAM,3882.26,100.0,4,4.0,90981.48,5000.0,58.03,215.0,32695.17,-218.1800000000003,RETAIL,39.99553488372093,11.18,LOW,0.0,N,N,N,N,MASTER_V1.5,2026-06-29,2026-06-29 19:54:02.726587
3463,Laurie Scott,82,AR,2020-04-26,74,A,ENGAGED_MAINSTREAM,6307.41,100.0,3,3.0,86224.29,0.0,0.0,111.0,25119.510000000002,-3602.25,TRAVEL,36.93513513513514,14.8,LOW,0.0,N,N,N,N,MASTER_V1.5,2026-06-29,2026-06-29 19:54:02.726587
3470,David Young,83,MI,2025-06-23,12,A,GROWING_DIGITAL,298.82,100.0,1,1.0,21180.42,0.0,0.0,61.0,3274.36,24551.21,HEALTHCARE,49.18,24.18,MODERATE,0.0,N,Y,N,N,MASTER_V1.5,2026-06-29,2026-06-29 19:54:02.726587
3489,Eduardo Moore,63,NY,2015-01-30,137,A,GROWING_DIGITAL,7635.22,100.0,2,2.0,69307.15,0.0,0.0,52.0,4037.2200000000003,-1779.1100000000001,RETAIL,40.38538461538461,24.18,MODERATE,0.0,N,N,N,N,MASTER_V1.5,2026-06-29,2026-06-29 19:54:02.726587
3495,James Jones,83,VI,2013-10-28,152,A,ENGAGED_MAINSTREAM,18122.89,100.0,4,4.0,150685.71,2000.0,34.76,148.0,9808.380000000001,15615.259999999998,UTILITIES,39.870270270270275,16.45,LOW,0.0,N,N,N,N,MASTER_V1.5,2026-06-29,2026-06-29 19:54:02.726587
3496,Johnny Lopez,83,TN,2024-03-20,27,A,ENGAGED_MAINSTREAM,2408.47,66.67,3,2.0,146338.6,2000.0,3.55,125.0,34835.76,-29721.32,WIRE_TRANSFER_INTL,42.403279999999995,15.44,LOW,0.0,N,N,N,N,MASTER_V1.5,2026-06-29,2026-06-29 19:54:02.726587
3504,Lauren Watson,43,ID,2022-02-07,52,A,GROWING_DIGITAL,1281.73,100.0,1,1.0,19139.25,0.0,0.0,52.0,2493.46,8449.55,RESTAURANT,26.920000000000005,10.82,LOW,0.0,N,Y,N,N,MASTER_V1.5,2026-06-29,2026-06-29 19:54:02.726587
3521,Darrell Young,41,SC,2015-10-12,128,A,GROWING_DIGITAL,7405.69,100.0,2,2.0,106020.96,0.0,0.0,80.0,6244.709999999999,2689.250000000002,RETAIL,35.004625,12.0,LOW,0.0,N,N,N,N,MASTER_V1.5,2026-06-29,2026-06-29 19:54:02.726587
3532,Joshua Miller,77,OH,2021-06-15,60,A,ENGAGED_MAINSTREAM,6770.63,100.0,4,4.0,79568.89,10000.0,41.52,203.0,101164.9,-50055.81,TRAVEL,39.40768472906404,10.0,LOW,0.0,N,N,N,N,MASTER_V1.5,2026-06-29,2026-06-29 19:54:02.726587
3536,Hannah Lee,62,CT,2019-04-12,86,A,GROWING_DIGITAL,2343.43,100.0,1,1.0,54159.02,0.0,0.0,69.0,13486.74,-10132.72,GROCERY,46.379999999999995,8.36,LOW,0.0,N,Y,N,N,MASTER_V1.5,2026-06-29,2026-06-29 19:54:02.726587
3537,Michael Peterson,19,HI,2022-10-15,44,A,CREDIT_DEPENDENT,1049.19,0.0,1,0.0,13878.21,0.0,0.0,58.0,27801.45,-26651.11,GAS_STATION,24.130000000000003,16.81,LOW,0.0,N,N,N,N,MASTER_V1.5,2026-06-29,2026-06-29 19:54:02.726587
3538,Dale Hunt,59,VI,2022-10-12,44,A,GROWING_DIGITAL,2416.31,100.0,2,2.0,58879.3,10000.0,41.45,105.0,16489.12,-36.849999999998545,GROCERY,42.86,13.18,LOW,0.0,N,N,N,N,MASTER_V1.5,2026-06-29,2026-06-29 19:54:02.726587
3540,Carl Kaiser,33,ID,2022-08-24,46,A,GROWING_DIGITAL,2464.35,100.0,2,2.0,45006.03,10000.0,13.76,80.0,5650.84,4320.669999999998,HEALTHCARE,36.25125,10.18,LOW,0.0,N,N,N,N,MASTER_V1.5,2026-06-29,2026-06-29 19:54:02.726587
3554,Jennifer Kane,19,PA,2016-05-18,121,A,VALUE_BASIC,2231.08,100.0,1,1.0,1596.36,2000.0,79.82,71.0,11681.49,-8417.7,HEALTHCARE,43.67,15.45,LOW,0.0,N,Y,Y,N,MASTER_V1.5,2026-06-29,2026-06-29 19:54:02.726587
3556,Matthew Beasley,79,HI,2015-06-07,132,A,ENGAGED_MAINSTREAM,15864.73,100.0,4,4.0,165833.09,10000.0,68.93,167.0,52944.11,-32661.18,RETAIL,37.72269461077844,12.26,LOW,0.0,N,N,N,N,MASTER_V1.5,2026-06-29,2026-06-29 19:54:02.726587
3561,Billy Ellison,25,MI,2022-09-18,45,A,PREMIUM_WEALTH,5136.18,100.0,4,4.0,90556.07,10000.0,62.27,205.0,38940.21,20736.68,TRAVEL,36.5850243902439,11.18,LOW,0.0,N,N,N,N,MASTER_V1.5,2026-06-29,2026-06-29 19:54:02.726587
3567,Andre Robinson,27,WI,2020-11-25,67,A,PREMIUM_WEALTH,7755.95,75.0,4,3.0,106515.9,25000.0,65.99,240.0,49347.090000000004,-293.26000000000204,TRAVEL,43.333875,13.37,LOW,0.0,N,N,N,N,MASTER_V1.5,2026-06-29,2026-06-29 19:54:02.726587
3577,David Williams,77,NM,2021-07-02,59,A,ENGAGED_MAINSTREAM,5305.55,66.67,3,2.0,161127.68,0.0,0.0,101.0,7461.13,4765.200000000002,RETAIL,36.63207920792079,1.82,LOW,0.0,N,N,N,N,MASTER_V1.5,2026-06-29,2026-06-29 19:54:02.726587
3580,Maria Smith,41,MT,2022-03-11,51,A,GROWING_DIGITAL,1341.94,100.0,1,1.0,37234.55,0.0,0.0,62.0,10597.46,-7565.289999999999,GAS_STATION,38.709999999999994,5.55,LOW,0.0,N,Y,N,N,MASTER_V1.5,2026-06-29,2026-06-29 19:54:02.726587
3581,Drew Ramsey,78,MA,2014-07-27,143,A,ENGAGED_MAINSTREAM,7983.31,100.0,2,2.0,70648.63,25000.0,83.24,78.0,24185.32,-21592.559999999998,GAS_STATION,33.32884615384615,10.27,LOW,0.0,N,N,N,N,MASTER_V1.5,2026-06-29,2026-06-29 19:54:02.726587
3585,Tracy Avery,28,AS,2021-05-15,61,A,GROWING_DIGITAL,1666.61,100.0,1,1.0,55748.57,0.0,0.0,63.0,22485.67,-20592.109999999997,ENTERTAINMENT,34.92,16.3,LOW,0.0,N,Y,N,N,MASTER_V1.5,2026-06-29,2026-06-29 19:54:02.726587
3586,Ryan Moore,56,CO,2015-04-02,134,A,ENGAGED_MAINSTREAM,15832.02,100.0,4,4.0,135258.33,25000.0,71.43,140.0,19122.52,14414.2,UTILITIES,39.290000000000006,32.01,MODERATE,0.0,N,N,N,N,MASTER_V1.5,2026-06-29,2026-06-29 19:54:02.726587
3598,Sarah Foley,69,CO,2025-10-11,8,A,ENGAGED_MAINSTREAM,649.3,66.67,3,2.0,50091.75,25000.0,11.37,75.0,3836.6,19037.460000000003,GROCERY,36.00026666666666,12.64,LOW,0.0,N,N,N,N,MASTER_V1.5,2026-06-29,2026-06-29 19:54:02.726587
3605,Pamela Nguyen,60,SD,2020-10-22,68,A,GROWING_DIGITAL,3772.84,100.0,2,2.0,65944.91,0.0,0.0,108.0,13546.779999999999,8967.260000000002,GROCERY,39.81407407407407,23.55,MODERATE,0.0,N,N,N,N,MASTER_V1.5,2026-06-29,2026-06-29 19:54:02.726587
3611,Collin Scott,36,RI,2014-10-01,140,A,GROWING_DIGITAL,11719.95,100.0,3,3.0,70393.82,0.0,0.0,120.0,16205.94,-1728.1200000000008,UTILITIES,47.49816666666666,21.44,MODERATE,0.0,N,N,N,N,MASTER_V1.5,2026-06-29,2026-06-29 19:54:02.726587
3621,Elizabeth Lee,19,FL,2020-01-08,77,A,VALUE_BASIC,1627.49,100.0,1,1.0,4696.09,0.0,0.0,66.0,4558.78,-2553.43,GROCERY,43.94,9.24,LOW,0.0,N,Y,Y,N,MASTER_V1.5,2026-06-29,2026-06-29 19:54:02.726587
3629,Robert Hamilton,74,MI,2012-07-31,167,A,ENGAGED_MAINSTREAM,19383.62,100.0,4,4.0,109859.45,5000.0,79.49,147.0,22937.54,-1502.6399999999994,TRAVEL,37.41176870748299,12.0,LOW,0.0,N,N,N,N,MASTER_V1.5,2026-06-29,2026-06-29 19:54:02.726587
3656,Dylan Barnett,74,AZ,2019-08-19,82,A,GROWING_DIGITAL,4530.54,100.0,2,2.0,62949.35,0.0,0.0,107.0,15254.69,6116.289999999999,RETAIL,39.252897196261685,18.55,LOW,0.0,N,N,N,N,MASTER_V1.5,2026-06-29,2026-06-29 19:54:02.726587
3658,Keith Howell,75,UT,2023-10-15,32,A,ENGAGED_MAINSTREAM,2657.36,66.67,3,2.0,64365.09,15000.0,24.66,147.0,39325.56,-4554.539999999994,RESTAURANT,40.137414965986395,7.27,LOW,0.0,N,N,N,N,MASTER_V1.5,2026-06-29,2026-06-29 19:54:02.726587
3684,Susan Pruitt,39,OK,2015-11-16,127,A,VALUE_BASIC,2280.59,100.0,1,1.0,1316.82,0.0,0.0,72.0,4762.17,-1788.3200000000002,GROCERY,34.72,9.64,LOW,0.0,N,Y,Y,N,MASTER_V1.5,2026-06-29,2026-06-29 19:54:02.726587
3689,Teresa Owens,19,VT,2016-06-08,120,A,PREMIUM_WEALTH,13270.37,100.0,4,4.0,63490.18,5000.0,12.11,198.0,22174.93,-2737.350000000002,RESTAURANT,42.42373737373738,8.27,LOW,0.0,N,N,N,N,MASTER_V1.5,2026-06-29,2026-06-29 19:54:02.726587
3696,Catherine Gonzalez,32,KS,2019-08-12,82,A,PREMIUM_WEALTH,9845.05,75.0,4,3.0,163760.03,10000.0,59.85,141.0,48619.53,-10019.54,RETAIL,35.46468085106383,15.27,LOW,0.0,N,N,N,N,MASTER_V1.5,2026-06-29,2026-06-29 19:54:02.726587
3700,Katherine Murphy,44,MP,2019-01-09,89,A,PREMIUM_WEALTH,7548.07,100.0,3,3.0,81467.97,10000.0,85.26,179.0,40822.73,-14443.660000000003,TRAVEL,36.3149720670391,1.18,LOW,0.0,N,N,N,N,MASTER_V1.5,2026-06-29,2026-06-29 19:54:02.726587
3707,Jenny Perry,19,PA,2013-04-11,158,A,VALUE_BASIC,7377.51,100.0,2,2.0,11368.78,15000.0,31.98,98.0,3992.89,20206.120000000003,RETAIL,34.69244897959184,8.74,LOW,0.0,N,N,N,N,MASTER_V1.5,2026-06-29,2026-06-29 19:54:02.726587
3709,Brian Collins,32,HI,2013-06-27,156,A,GROWING_DIGITAL,4209.79,100.0,1,1.0,48743.65,0.0,0.0,36.0,1428.24,1105.2900000000002,RESTAURANT,41.67,12.0,LOW,0.0,N,Y,N,N,MASTER_V1.5,2026-06-29,2026-06-29 19:54:02.726587
3711,Jeremiah Sanders,66,ME,2019-07-15,83,A,ENGAGED_MAINSTREAM,9135.56,75.0,4,3.0,60276.25,10000.0,61.71,168.0,62925.670000000006,-26936.620000000003,RESTAURANT,33.33178571428571,18.27,LOW,0.0,N,N,N,N,MASTER_V1.5,2026-06-29,2026-06-29 19:54:02.726587
3748,Andrew Grant,81,IA,2020-10-09,68,A,ENGAGED_MAINSTREAM,5849.35,100.0,3,3.0,95732.82,5000.0,64.71,171.0,52043.630000000005,-42303.39000000001,TRAVEL,34.49918128654971,35.18,MODERATE,0.0,N,N,N,N,MASTER_V1.5,2026-06-29,2026-06-29 19:54:02.726587
3759,Melvin Mccoy,48,WI,2020-01-14,77,A,PREMIUM_WEALTH,8927.7,100.0,4,4.0,108490.23,25000.0,72.5,107.0,11415.66,13018.030000000002,RETAIL,39.25196261682243,0.0,LOW,0.0,N,N,N,N,MASTER_V1.5,2026-06-29,2026-06-29 19:54:02.726587
3773,Crystal Gonzalez,58,PA,2014-02-18,148,A,ENGAGED_MAINSTREAM,7886.37,100.0,2,2.0,42499.71,10000.0,83.75,95.0,5529.79,8406.98,TRAVEL,35.78568421052632,15.27,LOW,0.0,N,N,N,N,MASTER_V1.5,2026-06-29,2026-06-29 19:54:02.726587
3775,Joshua Smith,36,AZ,2014-10-12,140,A,GROWING_DIGITAL,11794.18,100.0,3,3.0,75550.03,2000.0,1.26,109.0,14570.56,1430.8799999999992,GROCERY,33.940275229357795,17.91,LOW,0.0,N,N,N,N,MASTER_V1.5,2026-06-29,2026-06-29 19:54:02.726587
3789,Taylor Payne,19,NV,2016-03-25,123,A,GROWING_DIGITAL,2969.57,100.0,1,1.0,15632.97,0.0,0.0,59.0,2415.42,13007.12,GAS_STATION,32.2,19.86,LOW,0.0,N,Y,N,N,MASTER_V1.5,2026-06-29,2026-06-29 19:54:02.726587
3798,Patricia Chapman,42,NV,2024-08-04,22,A,PREMIUM_WEALTH,1922.84,66.67,3,2.0,115099.06,0.0,0.0,97.0,11148.43,1702.2000000000007,RESTAURANT,36.081340206185565,11.36,LOW,0.0,N,N,N,N,MASTER_V1.5,2026-06-29,2026-06-29 19:54:02.726587
3803,Gregory Maldonado,26,MA,2024-02-22,28,A,GROWING_DIGITAL,2083.52,100.0,3,3.0,20364.25,25000.0,2.95,107.0,24767.21,-9245.719999999998,UTILITIES,41.123084112149535,12.45,LOW,0.0,N,N,N,N,MASTER_V1.5,2026-06-29,2026-06-29 19:54:02.726587
3813,Richard Hernandez,22,FL,2021-09-26,57,A,PREMIUM_WEALTH,5010.77,66.67,3,2.0,123141.57,25000.0,13.91,67.0,5028.57,7475.6900000000005,RESTAURANT,29.851791044776117,25.18,MODERATE,0.0,N,N,N,N,MASTER_V1.5,2026-06-29,2026-06-29 19:54:02.726587
3851,April Huber,83,MP,2021-02-15,64,A,CREDIT_DEPENDENT,5311.67,33.33,3,1.0,63957.89,2000.0,6.97,119.0,29863.52,-16092.36,TRAVEL,29.412857142857142,19.09,LOW,0.0,N,N,N,Y,MASTER_V1.5,2026-06-29,2026-06-29 19:54:02.726587
3852,Alexis Flores,21,OR,2019-10-29,80,A,PREMIUM_WEALTH,6987.77,100.0,3,3.0,114265.59,2000.0,12.51,112.0,13210.689999999999,5606.080000000002,RESTAURANT,34.81669642857143,12.79,LOW,0.0,N,N,N,N,MASTER_V1.5,2026-06-29,2026-06-29 19:54:02.726587
3853,Mallory Walker,52,VA,2021-08-20,58,A,VALUE_BASIC,1257.8,100.0,1,1.0,5851.64,0.0,0.0,49.0,4736.52,-3694.8300000000004,RETAIL,48.980000000000004,18.82,LOW,0.0,N,Y,Y,N,MASTER_V1.5,2026-06-29,2026-06-29 19:54:02.726587
3855,Sara Wilson,51,ME,2020-02-05,76,A,GROWING_DIGITAL,1932.8,100.0,1,1.0,26176.7,0.0,0.0,61.0,2879.85,14951.94,GROCERY,29.51,5.18,LOW,0.0,N,Y,N,N,MASTER_V1.5,2026-06-29,2026-06-29 19:54:02.726587
3856,Brandon Boyd,53,AK,2018-09-18,93,A,ENGAGED_MAINSTREAM,11126.75,100.0,4,4.0,157037.99,15000.0,70.75,153.0,15636.01,12725.4,RETAIL,35.948300653594764,4.27,LOW,0.0,N,N,N,N,MASTER_V1.5,2026-06-29,2026-06-29 19:54:02.726587
3888,Edward Smith,21,NH,2021-01-31,65,A,GROWING_DIGITAL,3727.14,100.0,2,2.0,95617.86,0.0,0.0,122.0,21357.260000000002,1575.6500000000015,HEALTHCARE,40.98377049180328,22.55,MODERATE,0.0,N,N,N,N,MASTER_V1.5,2026-06-29,2026-06-29 19:54:02.726587
3902,Jessica Long,25,SC,2019-10-02,80,A,GROWING_DIGITAL,4307.13,100.0,2,2.0,47468.64,0.0,0.0,75.0,26639.93,-23268.43,RETAIL,34.66466666666667,19.36,LOW,0.0,N,N,N,N,MASTER_V1.5,2026-06-29,2026-06-29 19:54:02.726587
3904,Grace Gonzalez,54,NE,2012-06-08,168,A,ENGAGED_MAINSTREAM,19484.26,75.0,4,3.0,108855.21,10000.0,61.33,176.0,27387.559999999998,-8505.509999999998,RESTAURANT,36.93210227272728,10.0,LOW,0.0,N,N,N,N,MASTER_V1.5,2026-06-29,2026-06-29 19:54:02.726587
3917,Mallory Valencia,73,MI,2018-02-26,100,A,ENGAGED_MAINSTREAM,8677.49,100.0,3,3.0,105872.67,15000.0,22.83,85.0,16870.89,15089.940000000002,UTILITIES,40.00482352941176,12.55,LOW,0.0,N,N,N,N,MASTER_V1.5,2026-06-29,2026-06-29 19:54:02.726587
3924,Amy Thompson,32,PA,2024-05-13,25,A,VALUE_BASIC,487.38,100.0,1,1.0,2435.76,5000.0,48.72,20.0,1006.36,308.59000000000003,RETAIL,15.0,8.82,LOW,0.0,N,Y,Y,N,MASTER_V1.5,2026-06-29,2026-06-29 19:54:02.726587
3927,Jason Singh,47,FM,2016-09-13,117,A,PREMIUM_WEALTH,13558.77,100.0,4,4.0,107871.31,10000.0,95.26,210.0,22006.59,14433.259999999998,RESTAURANT,42.3782380952381,13.55,LOW,0.0,N,N,N,N,MASTER_V1.5,2026-06-29,2026-06-29 19:54:02.726587
3934,Mikayla Johnson,36,RI,2024-11-23,19,A,PREMIUM_WEALTH,2172.55,100.0,4,4.0,92456.1,10000.0,12.57,154.0,9111.460000000001,6401.1799999999985,RETAIL,31.16792207792208,19.36,LOW,0.0,N,N,N,N,MASTER_V1.5,2026-06-29,2026-06-29 19:54:02.726587
3939,Brittney Davis,54,MO,2014-08-18,142,A,VALUE_BASIC,6904.13,100.0,2,2.0,16715.97,5000.0,48.73,99.0,5929.9800000000005,23857.29,GROCERY,35.35151515151516,12.0,LOW,0.0,N,N,N,N,MASTER_V1.5,2026-06-29,2026-06-29 19:54:02.726587
3943,Julie Davis,81,MO,2020-07-12,71,A,ENGAGED_MAINSTREAM,8031.33,100.0,4,4.0,81775.11,5000.0,59.67,191.0,18458.44,11972.370000000003,TRAVEL,43.453507853403146,18.55,LOW,0.0,N,N,N,N,MASTER_V1.5,2026-06-29,2026-06-29 19:54:02.726587
3946,Kathleen Randolph,41,KY,2025-04-19,14,A,PREMIUM_WEALTH,1629.72,100.0,4,4.0,113649.73,25000.0,26.24,137.0,26649.2,-20779.65,RESTAURANT,32.846131386861316,27.82,MODERATE,0.0,N,N,N,N,MASTER_V1.5,2026-06-29,2026-06-29 19:54:02.726587
3962,Anthony Branch,26,MH,2023-02-08,40,A,PREMIUM_WEALTH,4702.28,100.0,4,4.0,127477.48,10000.0,54.03,151.0,43877.08,-4582.880000000005,UTILITIES,43.706887417218546,12.55,LOW,0.0,N,N,N,N,MASTER_V1.5,2026-06-29,2026-06-29 19:54:02.726587
3968,Maria Cohen,68,ND,2024-05-19,25,A,ENGAGED_MAINSTREAM,2151.42,100.0,3,3.0,96206.05,25000.0,80.12,109.0,14172.710000000001,-7710.460000000001,RESTAURANT,41.28752293577981,20.17,MODERATE,0.0,N,N,N,N,MASTER_V1.5,2026-06-29,2026-06-29 19:54:02.726587
3975,John Hamilton,78,IN,2023-12-22,30,A,ENGAGED_MAINSTREAM,2577.86,100.0,3,3.0,94575.38,25000.0,22.1,93.0,15128.12,7233.17,TRAVEL,43.010215053763446,11.0,LOW,0.0,N,N,N,N,MASTER_V1.5,2026-06-29,2026-06-29 19:54:02.726587
3984,Brandon Berg,70,AL,2012-09-05,165,A,ENGAGED_MAINSTREAM,13971.05,100.0,3,3.0,79996.46,15000.0,81.28,73.0,14132.560000000001,-10692.280000000002,TRAVEL,45.20534246575343,27.5,MODERATE,0.0,N,N,N,N,MASTER_V1.5,2026-06-29,2026-06-29 19:54:02.726587
3985,Joshua Evans,61,IN,2019-05-29,85,A,VALUE_BASIC,1689.12,100.0,1,1.0,2832.12,10000.0,28.32,51.0,2698.03,259.6899999999996,GROCERY,29.42,17.55,LOW,0.0,N,Y,Y,N,MASTER_V1.5,2026-06-29,2026-06-29 19:54:02.726587
3993,Mariah Lyons,46,GA,2019-04-26,86,A,GROWING_DIGITAL,2289.7,100.0,1,1.0,42183.53,0.0,0.0,48.0,5500.11,-4732.61,RESTAURANT,45.83,32.0,MODERATE,0.0,N,Y,N,N,MASTER_V1.5,2026-06-29,2026-06-29 19:54:02.726587
3998,Amy David,41,AZ,2020-03-23,75,A,GROWING_DIGITAL,3912.48,100.0,2,2.0,33971.62,0.0,0.0,74.0,3951.6099999999997,9780.0,RESTAURANT,41.89513513513513,10.55,LOW,0.0,N,N,N,N,MASTER_V1.5,2026-06-29,2026-06-29 19:54:02.726587
4005,Gina Cervantes,72,ND,2020-04-18,74,A,ENGAGED_MAINSTREAM,8819.13,100.0,4,4.0,149903.41,25000.0,87.3,196.0,17005.74,80361.03,RETAIL,40.30923469387754,16.13,LOW,0.0,N,N,N,N,MASTER_V1.5,2026-06-29,2026-06-29 19:54:02.726587
4015,Eric Ortega,79,KS,2012-04-23,170,A,ENGAGED_MAINSTREAM,19905.21,100.0,4,4.0,121655.38,15000.0,10.96,171.0,44871.3,-20118.79,GAS_STATION,35.67280701754386,20.7,MODERATE,0.0,N,N,N,N,MASTER_V1.5,2026-06-29,2026-06-29 19:54:02.726587
4023,Patricia Torres,20,DC,2025-05-03,13,A,GROWING_DIGITAL,318.47,100.0,1,1.0,18019.46,0.0,0.0,24.0,828.13,869.0000000000001,RETAIL,37.5,10.45,LOW,0.0,N,Y,N,N,MASTER_V1.5,2026-06-29,2026-06-29 19:54:02.726587
4050,Karen Wallace,53,TN,2026-04-08,2,A,ENGAGED_MAINSTREAM,228.1,100.0,4,4.0,89753.13,25000.0,27.99,185.0,42009.97,-18612.72,GROCERY,35.674054054054054,17.84,LOW,0.0,N,N,N,N,MASTER_V1.5,2026-06-29,2026-06-29 19:54:02.726587
4061,Ashley Morales,66,FL,2011-11-29,175,A,CREDIT_DEPENDENT,10297.46,50.0,2,1.0,129124.32,0.0,0.0,42.0,2719.94,-1174.51,UTILITIES,30.950476190476184,5.91,LOW,0.0,N,N,N,N,MASTER_V1.5,2026-06-29,2026-06-29 19:54:02.726587
4074,Brian Mcdaniel,37,PR,2021-08-17,58,A,PREMIUM_WEALTH,5067.01,100.0,3,3.0,114495.28,25000.0,94.65,156.0,15583.34,15177.91,GROCERY,37.17621794871795,11.55,LOW,0.0,N,N,N,N,MASTER_V1.5,2026-06-29,2026-06-29 19:54:02.726587
4078,Jamie Edwards,33,NM,2023-07-16,35,A,GROWING_DIGITAL,2052.42,100.0,2,2.0,124011.46,0.0,0.0,119.0,18941.38,2248.079999999998,GAS_STATION,42.017647058823535,3.83,LOW,0.0,N,N,N,N,MASTER_V1.5,2026-06-29,2026-06-29 19:54:02.726587
4086,Lance Henderson,84,WV,2023-04-14,38,A,ENGAGED_MAINSTREAM,2122.89,100.0,2,2.0,71188.42,15000.0,33.15,80.0,22056.27,-17868.550000000003,RESTAURANT,27.497875,11.72,LOW,0.0,N,N,N,N,MASTER_V1.5,2026-06-29,2026-06-29 19:54:02.726587
4104,Kristen Smith,22,WI,2018-02-11,100,A,PREMIUM_WEALTH,11690.38,100.0,4,4.0,119417.83,5000.0,91.53,202.0,37478.12,-27833.22,RESTAURANT,35.642227722772276,11.9,LOW,0.0,N,N,N,N,MASTER_V1.5,2026-06-29,2026-06-29 19:54:02.726587
4115,Matthew Thomas,60,MI,2021-03-21,63,A,ENGAGED_MAINSTREAM,7210.94,75.0,4,3.0,93520.12,5000.0,90.95,159.0,10037.61,6903.369999999999,UTILITIES,38.99477987421385,15.39,LOW,0.0,N,N,N,N,MASTER_V1.5,2026-06-29,2026-06-29 19:54:02.726587
4119,Christopher Gonzales,43,WA,2023-08-29,34,A,PREMIUM_WEALTH,3032.66,100.0,3,3.0,146205.45,25000.0,86.75,111.0,24539.21,-627.7099999999991,RETAIL,34.23099099099098,23.7,MODERATE,0.0,N,N,N,N,MASTER_V1.5,2026-06-29,2026-06-29 19:54:02.726587
4122,Noah Jackson,27,WA,2019-10-09,80,A,GROWING_DIGITAL,4222.34,100.0,2,2.0,38401.01,0.0,0.0,44.0,20748.07,-12129.73,TRAVEL,34.090909090909086,27.64,MODERATE,0.0,N,N,N,N,MASTER_V1.5,2026-06-29,2026-06-29 19:54:02.726587
4129,Kristin Yang,28,AZ,2024-05-14,25,A,PREMIUM_WEALTH,2737.97,100.0,4,4.0,57060.1,15000.0,26.42,173.0,24212.68,19148.670000000006,RETAIL,38.14728323699422,10.75,LOW,0.0,N,N,N,N,MASTER_V1.5,2026-06-29,2026-06-29 19:54:02.726587
4130,Randy Wells,51,CT,2022-02-27,52,A,GROWING_DIGITAL,2477.28,100.0,2,2.0,13738.89,0.0,0.0,66.0,16300.66,-13979.8,GROCERY,46.96818181818182,18.36,LOW,0.0,N,N,N,N,MASTER_V1.5,2026-06-29,2026-06-29 19:54:02.726587
4161,Brianna Collier,64,WV,2024-05-31,25,A,GROWING_DIGITAL,684.19,100.0,1,1.0,56787.69,0.0,0.0,34.0,13049.56,-11945.64,RETAIL,41.17999999999999,25.09,MODERATE,0.0,N,Y,N,N,MASTER_V1.5,2026-06-29,2026-06-29 19:54:02.726587
4167,Alexander Holland,57,PR,2012-11-11,163,A,ENGAGED_MAINSTREAM,19536.28,100.0,4,4.0,160403.55,15000.0,72.88,122.0,12953.48,-7129.759999999999,UTILITIES,39.34770491803278,11.63,LOW,0.0,N,N,N,N,MASTER_V1.5,2026-06-29,2026-06-29 19:54:02.726587
4171,Kelsey Harrison,23,MN,2020-04-24,74,A,PREMIUM_WEALTH,8239.78,75.0,4,3.0,68517.24,15000.0,7.0,151.0,44038.17,-29149.93,INSURANCE,40.39907284768211,12.35,LOW,0.0,N,N,N,N,MASTER_V1.5,2026-06-29,2026-06-29 19:54:02.726587
4193,Joseph Anderson,67,MS,2022-05-27,49,A,ENGAGED_MAINSTREAM,3900.57,100.0,3,3.0,40692.27,10000.0,64.7,165.0,37122.409999999996,-3834.6800000000003,UTILITIES,41.214060606060606,20.58,MODERATE,0.0,N,N,N,N,MASTER_V1.5,2026-06-29,2026-06-29 19:54:02.726587
4196,Megan Richardson,28,LA,2013-08-08,154,A,PREMIUM_WEALTH,17782.78,100.0,4,4.0,103493.02,5000.0,7.53,152.0,29903.09,-6894.52,HEALTHCARE,37.50394736842105,26.89,MODERATE,0.0,N,N,N,N,MASTER_V1.5,2026-06-29,2026-06-29 19:54:02.726587
4200,Theodore Thompson,76,PA,2024-02-19,28,A,GROWING_DIGITAL,766.36,100.0,1,1.0,56842.72,0.0,0.0,57.0,3239.77,11892.21,RETAIL,28.07,2.45,LOW,0.0,N,Y,N,N,MASTER_V1.5,2026-06-29,2026-06-29 19:54:02.726587
4209,Lisa Miller,26,UT,2013-02-13,160,A,PREMIUM_WEALTH,13639.65,100.0,3,3.0,86367.94,0.0,0.0,138.0,18224.239999999998,18893.46,TRAVEL,42.028550724637675,13.0,LOW,0.0,N,N,N,N,MASTER_V1.5,2026-06-29,2026-06-29 19:54:02.726587
4224,Kenneth Arellano,73,AL,2018-06-23,96,A,VALUE_BASIC,1903.99,100.0,1,1.0,2788.6,5000.0,55.77,15.0,667.78,8759.55,RESTAURANT,33.34,15.0,LOW,0.0,N,Y,Y,N,MASTER_V1.5,2026-06-29,2026-06-29 19:54:02.726587
4225,Samuel Warren,32,VA,2022-05-10,49,A,PREMIUM_WEALTH,5754.35,100.0,4,4.0,125942.51,15000.0,70.09,169.0,8523.04,35779.65,UTILITIES,30.767455621301774,22.96,MODERATE,0.0,N,N,N,N,MASTER_V1.5,2026-06-29,2026-06-29 19:54:02.726587
4229,Patricia Galvan,19,AK,2026-05-10,1,A,GROWING_DIGITAL,26.35,100.0,1,1.0,37871.93,0.0,0.0,40.0,1981.78,12461.41,HEALTHCARE,45.0,8.18,LOW,0.0,N,Y,N,N,MASTER_V1.5,2026-06-29,2026-06-29 19:54:02.726587
4245,Derek Kim,85,KS,2012-09-21,165,A,ENGAGED_MAINSTREAM,18887.72,75.0,4,3.0,93629.78,10000.0,13.55,231.0,49271.03,3441.5699999999997,RETAIL,42.42835497835498,16.37,LOW,0.0,N,N,N,N,MASTER_V1.5,2026-06-29,2026-06-29 19:54:02.726587
4247,Robert Burnett,81,NH,2013-11-05,151,A,GROWING_DIGITAL,8623.59,100.0,2,2.0,91306.43,0.0,0.0,71.0,4656.139999999999,10805.35,RESTAURANT,40.84098591549296,5.09,LOW,0.0,N,N,N,N,MASTER_V1.5,2026-06-29,2026-06-29 19:54:02.726587
4248,Daniel Lewis,23,VT,2012-09-01,165,A,PREMIUM_WEALTH,14283.87,100.0,3,3.0,103003.4,15000.0,67.01,168.0,19883.440000000002,-1094.4700000000012,RESTAURANT,32.73708333333333,11.91,LOW,0.0,N,N,N,N,MASTER_V1.5,2026-06-29,2026-06-29 19:54:02.726587
4268,Joseph Frazier,69,KY,2018-08-20,94,A,CREDIT_DEPENDENT,2103.56,0.0,1,0.0,7718.03,0.0,0.0,67.0,7687.0,9187.7,TRAVEL,31.350000000000005,12.18,LOW,0.0,N,N,Y,Y,MASTER_V1.5,2026-06-29,2026-06-29 19:54:02.726587
4269,Eileen Hudson,37,IN,2025-10-04,8,A,GROWING_DIGITAL,218.37,100.0,1,1.0,55189.63,0.0,0.0,34.0,1778.17,7623.450000000001,RETAIL,50.0,26.91,MODERATE,0.0,N,Y,N,N,MASTER_V1.5,2026-06-29,2026-06-29 19:54:02.726587
4271,Travis Bennett,70,SD,2011-07-14,179,A,ENGAGED_MAINSTREAM,14741.09,100.0,3,3.0,58707.71,25000.0,15.71,133.0,15229.49,-560.5799999999999,TRAVEL,36.08992481203008,15.55,LOW,0.0,N,N,N,N,MASTER_V1.5,2026-06-29,2026-06-29 19:54:02.726587
4274,Rachel White,60,VT,2015-04-19,134,A,VALUE_BASIC,2702.35,100.0,1,1.0,3186.62,5000.0,63.73,64.0,9072.08,-4723.24,RETAIL,32.81,29.09,MODERATE,0.0,N,Y,Y,N,MASTER_V1.5,2026-06-29,2026-06-29 19:54:02.726587
4277,Melissa Jones,32,UT,2016-01-30,125,A,GROWING_DIGITAL,3499.94,100.0,1,1.0,73116.78,0.0,0.0,18.0,11898.39,-11031.42,RETAIL,33.33,12.73,LOW,0.0,N,Y,N,N,MASTER_V1.5,2026-06-29,2026-06-29 19:54:02.726587
4284,Wendy Hawkins,54,AS,2022-09-28,45,A,ENGAGED_MAINSTREAM,5027.29,100.0,4,4.0,71093.43,2000.0,33.96,216.0,51904.88,-3417.3499999999985,GROCERY,38.88518518518518,8.0,LOW,0.0,N,N,N,N,MASTER_V1.5,2026-06-29,2026-06-29 19:54:02.726587
4288,Laura Dyer,40,MT,2024-08-26,22,A,VALUE_BASIC,506.12,100.0,1,1.0,9918.05,0.0,0.0,25.0,750.15,1249.0,TRAVEL,48.0,10.36,LOW,0.0,N,Y,Y,N,MASTER_V1.5,2026-06-29,2026-06-29 19:54:02.726587
4303,Bonnie Nolan,22,MI,2019-01-28,89,A,VALUE_BASIC,1420.56,100.0,1,1.0,592.6,2000.0,29.63,51.0,20382.17,-16139.669999999998,TRAVEL,19.6,22.55,MODERATE,0.0,N,Y,N,N,MASTER_V1.5,2026-06-29,2026-06-29 19:54:02.726587
4308,Eric King,70,WI,2021-05-16,61,A,CREDIT_DEPENDENT,1697.3,0.0,1,0.0,68176.95,0.0,0.0,60.0,3889.13,-2126.9,GAS_STATION,40.0,46.91,ELEVATED,0.0,N,N,N,Y,MASTER_V1.5,2026-06-29,2026-06-29 19:54:02.726587
4310,Alicia Rodriguez,76,FL,2022-09-01,45,A,GROWING_DIGITAL,1180.26,100.0,1,1.0,35996.72,0.0,0.0,19.0,12795.88,-12439.67,GROCERY,36.84,13.82,LOW,0.0,N,Y,N,N,MASTER_V1.5,2026-06-29,2026-06-29 19:54:02.726587
4316,Jennifer Williams,26,MP,2015-02-15,136,A,CREDIT_DEPENDENT,7979.16,50.0,2,1.0,124749.32,0.0,0.0,86.0,21569.33,-13124.640000000001,GROCERY,37.21023255813953,33.82,MODERATE,0.0,N,N,N,N,MASTER_V1.5,2026-06-29,2026-06-29 19:54:02.726587
4334,Scott Reynolds,68,NV,2021-04-11,62,A,ENGAGED_MAINSTREAM,5201.78,66.67,3,2.0,72159.42,0.0,0.0,219.0,15963.96,3423.2400000000016,RETAIL,43.38232876712329,20.53,MODERATE,0.0,N,N,N,N,MASTER_V1.5,2026-06-29,2026-06-29 19:54:02.726587
4345,Carolyn Fleming,30,ID,2012-10-02,164,A,GROWING_DIGITAL,4058.5,100.0,1,1.0,19906.15,0.0,0.0,63.0,11116.98,2028.1499999999996,GROCERY,30.159999999999997,12.45,LOW,0.0,N,Y,N,N,MASTER_V1.5,2026-06-29,2026-06-29 19:54:02.726587
4347,Veronica Valentine,76,WV,2025-11-24,7,A,ENGAGED_MAINSTREAM,570.08,66.67,3,2.0,51985.44,25000.0,26.52,166.0,49795.5,-10494.150000000001,UTILITIES,40.96433734939759,6.91,LOW,0.0,N,N,N,N,MASTER_V1.5,2026-06-29,2026-06-29 19:54:02.726587
4393,Cindy Bell,72,KY,2014-06-12,144,A,CREDIT_DEPENDENT,7537.08,50.0,2,1.0,35177.59,15000.0,0.27,131.0,26952.989999999998,2682.4000000000015,UTILITIES,44.27679389312977,15.82,LOW,0.0,N,N,N,N,MASTER_V1.5,2026-06-29,2026-06-29 19:54:02.726587
4394,Gregory Le,75,AS,2023-01-23,41,A,ENGAGED_MAINSTREAM,4872.69,100.0,4,4.0,145016.33,5000.0,8.73,116.0,7685.55,6591.54,TRAVEL,35.343879310344825,27.31,MODERATE,0.0,N,N,N,N,MASTER_V1.5,2026-06-29,2026-06-29 19:54:02.726587
4399,James Boyd,55,KS,2021-12-03,54,A,ENGAGED_MAINSTREAM,6099.67,100.0,4,4.0,80474.3,10000.0,50.63,120.0,52254.47,-45897.770000000004,RETAIL,33.33225,28.64,MODERATE,0.0,N,N,N,N,MASTER_V1.5,2026-06-29,2026-06-29 19:54:02.726587
4402,Ronald Hunter,70,MP,2014-11-14,139,A,ENGAGED_MAINSTREAM,16322.46,50.0,4,2.0,125841.25,10000.0,70.39,165.0,53336.850000000006,-23233.380000000005,UTILITIES,40.0009696969697,15.23,LOW,0.0,N,N,N,N,MASTER_V1.5,2026-06-29,2026-06-29 19:54:02.726587
4404,Jacob Lawson,20,WA,2012-03-03,171,A,PREMIUM_WEALTH,19525.55,100.0,4,4.0,90984.82,2000.0,91.8,144.0,17616.65,10091.619999999999,TRAVEL,41.6663888888889,14.35,LOW,0.0,N,N,N,N,MASTER_V1.5,2026-06-29,2026-06-29 19:54:02.726587
4410,Ryan Zimmerman,40,OK,2024-01-19,29,A,PREMIUM_WEALTH,2363.0,100.0,3,3.0,52279.87,5000.0,84.88,124.0,9087.21,-2358.959999999999,GROCERY,40.31879032258065,22.09,MODERATE,0.0,N,N,N,N,MASTER_V1.5,2026-06-29,2026-06-29 19:54:02.726587
4419,Jason Douglas,44,WI,2026-04-22,2,A,PREMIUM_WEALTH,171.75,100.0,3,3.0,93891.03,2000.0,30.62,130.0,28359.86,-19809.4,RETAIL,40.00276923076924,16.09,LOW,0.0,N,N,N,N,MASTER_V1.5,2026-06-29,2026-06-29 19:54:02.726587
4440,Ashley Mills,42,NM,2017-07-19,107,A,GROWING_DIGITAL,6180.46,100.0,2,2.0,104012.8,0.0,0.0,103.0,24468.8,-11924.13,GROCERY,33.01242718446601,31.99,MODERATE,0.0,N,N,N,N,MASTER_V1.5,2026-06-29,2026-06-29 19:54:02.726587
4450,Chad Wilkinson,82,TN,2013-04-18,158,A,ENGAGED_MAINSTREAM,13123.37,100.0,3,3.0,64509.67,25000.0,78.58,143.0,29194.559999999998,-3651.7999999999956,TRAVEL,38.45944055944056,25.41,MODERATE,0.0,N,N,N,N,MASTER_V1.5,2026-06-29,2026-06-29 19:54:02.726587
4451,Nicholas Kaiser,33,NM,2018-09-29,93,A,CREDIT_DEPENDENT,5171.1,50.0,2,1.0,67551.51,10000.0,91.51,109.0,20632.85,-3797.459999999999,RETAIL,32.109816513761466,0.0,LOW,0.0,N,N,N,N,MASTER_V1.5,2026-06-29,2026-06-29 19:54:02.726587
4475,Brandon Murphy,47,CT,2013-09-02,153,A,CREDIT_DEPENDENT,8370.85,50.0,2,1.0,56516.45,0.0,0.0,63.0,11554.86,-893.0499999999993,GAS_STATION,33.330000000000005,3.91,LOW,0.0,N,N,N,N,MASTER_V1.5,2026-06-29,2026-06-29 19:54:02.726587
4476,Thomas Mcconnell,57,MH,2020-07-10,71,A,GROWING_DIGITAL,1753.16,100.0,1,1.0,19476.58,0.0,0.0,61.0,11478.04,-2414.9000000000015,RETAIL,37.7,29.82,MODERATE,0.0,N,Y,N,N,MASTER_V1.5,2026-06-29,2026-06-29 19:54:02.726587
4480,Darius Mendoza,76,OK,2021-10-20,56,A,GROWING_DIGITAL,1575.66,100.0,1,1.0,77240.56,0.0,0.0,57.0,10183.27,2806.4799999999996,GROCERY,35.089999999999996,22.14,MODERATE,0.0,N,Y,N,N,MASTER_V1.5,2026-06-29,2026-06-29 19:54:02.726587
4487,Danny Gross,61,NC,2013-07-11,155,A,ENGAGED_MAINSTREAM,13259.98,100.0,3,3.0,89897.95,5000.0,77.47,112.0,21178.97,-6340.310000000001,RESTAURANT,41.967499999999994,24.71,MODERATE,0.0,N,N,N,N,MASTER_V1.5,2026-06-29,2026-06-29 19:54:02.726587
4489,Brandi Burton,45,GU,2014-05-01,145,A,PREMIUM_WEALTH,12659.54,100.0,3,3.0,113658.9,15000.0,17.26,189.0,40237.88,-10910.949999999997,RETAIL,33.86433862433863,10.36,LOW,0.0,N,N,N,N,MASTER_V1.5,2026-06-29,2026-06-29 19:54:02.726587
4490,Angela Jordan,29,MT,2025-11-13,7,A,PREMIUM_WEALTH,808.16,100.0,4,4.0,103275.92,5000.0,7.82,160.0,22936.68,8581.970000000001,RETAIL,37.502874999999996,33.36,MODERATE,0.0,N,N,N,N,MASTER_V1.5,2026-06-29,2026-06-29 19:54:02.726587
4529,Amanda Knapp,61,GA,2019-07-28,83,A,GROWING_DIGITAL,2195.51,100.0,1,1.0,39370.01,0.0,0.0,39.0,2981.13,-1444.89,GAS_STATION,46.150000000000006,12.18,LOW,0.0,N,Y,N,N,MASTER_V1.5,2026-06-29,2026-06-29 19:54:02.726587
4547,Jorge Koch,40,NH,2021-09-17,57,A,PREMIUM_WEALTH,6586.57,100.0,4,4.0,104338.25,2000.0,95.23,170.0,21159.449999999997,212.13000000000102,UTILITIES,34.70535294117647,27.27,MODERATE,0.0,N,N,N,N,MASTER_V1.5,2026-06-29,2026-06-29 19:54:02.726587
4572,Maria Casey,28,AS,2012-11-24,163,A,PREMIUM_WEALTH,19259.33,75.0,4,3.0,135339.47,25000.0,51.16,127.0,55787.39,-50415.33,UTILITIES,47.24417322834646,18.27,LOW,0.0,N,N,N,N,MASTER_V1.5,2026-06-29,2026-06-29 19:54:02.726587
4574,Molly Stephens,37,MN,2019-07-10,83,A,CREDIT_DEPENDENT,4664.68,50.0,2,1.0,76128.75,0.0,0.0,105.0,36225.77,-31692.219999999998,GAS_STATION,40.00171428571429,24.02,MODERATE,0.0,N,N,N,N,MASTER_V1.5,2026-06-29,2026-06-29 19:54:02.726587
4593,Aaron Smith,39,TX,2013-12-30,150,A,GROWING_DIGITAL,3797.3,100.0,1,1.0,24987.48,0.0,0.0,32.0,2038.59,21347.71,GROCERY,34.38,23.45,MODERATE,0.0,N,Y,N,N,MASTER_V1.5,2026-06-29,2026-06-29 19:54:02.726587
4594,Amber Lee,22,IA,2022-08-25,46,A,GROWING_DIGITAL,1175.51,100.0,1,1.0,27497.35,0.0,0.0,21.0,2718.2,-2563.0099999999998,HEALTHCARE,52.38,31.73,MODERATE,0.0,N,Y,N,N,MASTER_V1.5,2026-06-29,2026-06-29 19:54:02.726587
4599,Bryan Hayes,33,OK,2022-12-09,42,A,PREMIUM_WEALTH,5044.58,100.0,4,4.0,164539.06,10000.0,70.51,121.0,14539.46,7162.040000000001,RETAIL,40.492396694214875,5.82,LOW,0.0,N,N,N,N,MASTER_V1.5,2026-06-29,2026-06-29 19:54:02.726587
4626,Sean Evans,43,GA,2011-08-17,178,A,VALUE_BASIC,3966.82,100.0,1,1.0,7436.77,0.0,0.0,64.0,3277.27,183.94000000000005,RESTAURANT,37.5,16.18,LOW,0.0,N,Y,Y,N,MASTER_V1.5,2026-06-29,2026-06-29 19:54:02.726587
4630,Angela Larson,53,ND,2019-11-18,79,A,GROWING_DIGITAL,4488.83,100.0,2,2.0,86174.96,0.0,0.0,94.0,6713.3099999999995,-1870.6799999999994,GROCERY,37.23106382978723,9.64,LOW,0.0,N,N,N,N,MASTER_V1.5,2026-06-29,2026-06-29 19:54:02.726587
4631,Jonathan Bell,64,NH,2021-08-18,58,A,ENGAGED_MAINSTREAM,6718.59,100.0,4,4.0,107342.07,15000.0,25.51,150.0,38104.08,697.3899999999994,UTILITIES,38.666133333333335,15.73,LOW,0.0,N,N,N,N,MASTER_V1.5,2026-06-29,2026-06-29 19:54:02.726587
4644,Blake Olson,72,WY,2021-06-03,60,A,ENGAGED_MAINSTREAM,5106.17,100.0,3,3.0,84715.36,15000.0,42.46,73.0,4550.39,5834.509999999999,INSURANCE,43.8372602739726,9.55,LOW,0.0,N,N,N,N,MASTER_V1.5,2026-06-29,2026-06-29 19:54:02.726587
4663,Tim Stewart,44,MA,2017-12-30,102,A,PREMIUM_WEALTH,11906.0,100.0,4,4.0,117307.38,15000.0,3.06,181.0,26893.010000000002,-4687.32,UTILITIES,41.98889502762431,7.73,LOW,0.0,N,N,N,N,MASTER_V1.5,2026-06-29,2026-06-29 19:54:02.726587
4671,Gabriel Poole,36,UT,2014-09-29,141,A,GROWING_DIGITAL,10705.55,100.0,3,3.0,24920.6,25000.0,17.15,132.0,60817.89,-56117.34,HEALTHCARE,40.91098484848485,13.36,LOW,0.0,N,N,N,N,MASTER_V1.5,2026-06-29,2026-06-29 19:54:02.726587
4679,Richard Madden,37,SD,2016-02-26,124,A,PREMIUM_WEALTH,14234.92,50.0,4,2.0,96738.84,10000.0,59.22,214.0,36794.18,-16934.81,RESTAURANT,40.65621495327103,22.18,MODERATE,0.0,N,N,N,N,MASTER_V1.5,2026-06-29,2026-06-29 19:54:02.726587
4701,Jason Foster,81,GA,2016-02-14,124,A,GROWING_DIGITAL,3426.35,100.0,1,1.0,63117.78,0.0,0.0,76.0,14755.27,5037.639999999999,RETAIL,40.790000000000006,10.18,LOW,0.0,N,Y,N,N,MASTER_V1.5,2026-06-29,2026-06-29 19:54:02.726587
4711,Ann Mcdowell,46,AK,2018-01-09,101,A,PREMIUM_WEALTH,12024.9,100.0,4,4.0,148129.53,10000.0,19.22,203.0,24855.43,-1693.6899999999987,TRAVEL,34.48305418719212,19.64,LOW,0.0,N,N,N,N,MASTER_V1.5,2026-06-29,2026-06-29 19:54:02.726587
4714,Douglas Alexander,29,FL,2012-04-03,170,A,GROWING_DIGITAL,8633.12,100.0,2,2.0,25760.84,0.0,0.0,65.0,14531.79,7081.799999999999,RETAIL,35.38153846153846,35.0,MODERATE,0.0,N,N,N,N,MASTER_V1.5,2026-06-29,2026-06-29 19:54:02.726587
4752,Katie Gray,49,MN,2017-10-13,104,A,PREMIUM_WEALTH,12514.08,100.0,4,4.0,168176.24,2000.0,25.85,246.0,36851.46,-828.4000000000015,RETAIL,36.588780487804875,10.45,LOW,0.0,N,N,N,N,MASTER_V1.5,2026-06-29,2026-06-29 19:54:02.726587
4771,Tammy Shaffer,25,TX,2011-10-22,176,A,GROWING_DIGITAL,9732.72,100.0,2,2.0,63570.7,0.0,0.0,59.0,13686.27,-10647.1,GROCERY,40.68271186440678,29.1,MODERATE,0.0,N,N,N,N,MASTER_V1.5,2026-06-29,2026-06-29 19:54:02.726587
4793,Keith Baker,65,WV,2013-08-22,154,A,ENGAGED_MAINSTREAM,18051.64,75.0,4,3.0,123234.31,25000.0,52.94,193.0,51862.79,-20702.58,HEALTHCARE,38.340880829015546,24.36,MODERATE,0.0,N,N,N,N,MASTER_V1.5,2026-06-29,2026-06-29 19:54:02.726587
4806,Blake Hicks,49,KY,2017-03-03,111,A,GROWING_DIGITAL,5472.2,100.0,2,2.0,19145.29,0.0,0.0,92.0,25451.45,-22309.14,GROCERY,34.78,13.22,LOW,0.0,N,N,N,N,MASTER_V1.5,2026-06-29,2026-06-29 19:54:02.726587
4807,Tyler Lopez,26,NM,2021-04-06,62,A,PREMIUM_WEALTH,5291.5,66.67,3,2.0,87516.13,25000.0,80.18,169.0,34718.56,-10635.650000000001,UTILITIES,33.73094674556213,30.73,MODERATE,0.0,N,N,N,N,MASTER_V1.5,2026-06-29,2026-06-29 19:54:02.726587
4811,Jonathan Sanchez,53,TN,2011-08-02,178,A,GROWING_DIGITAL,4935.75,100.0,1,1.0,65615.21,0.0,0.0,75.0,5891.45,5021.580000000001,RETAIL,29.330000000000002,30.18,MODERATE,0.0,N,Y,N,N,MASTER_V1.5,2026-06-29,2026-06-29 19:54:02.726587
4820,Steven Cardenas,53,TX,2012-08-31,166,A,GROWING_DIGITAL,4552.95,100.0,1,1.0,58160.68,0.0,0.0,22.0,10586.25,-9731.55,RETAIL,50.0,16.91,LOW,0.0,N,Y,N,N,MASTER_V1.5,2026-06-29,2026-06-29 19:54:02.726587
4824,Amanda Nielsen,78,DE,2025-09-27,9,A,ENGAGED_MAINSTREAM,1057.74,100.0,4,4.0,127097.89,15000.0,80.24,167.0,28490.69,-4075.2199999999975,RESTAURANT,44.3131137724551,16.0,LOW,0.0,N,N,N,N,MASTER_V1.5,2026-06-29,2026-06-29 19:54:02.726587
4838,Tammy Ortiz,74,FM,2014-10-31,140,A,ENGAGED_MAINSTREAM,11463.33,100.0,3,3.0,55130.46,2000.0,58.16,120.0,43472.48,1976.3699999999953,HEALTHCARE,37.501583333333336,12.91,LOW,0.0,N,N,N,N,MASTER_V1.5,2026-06-29,2026-06-29 19:54:02.726587
4848,Lori Taylor,35,GU,2020-11-08,67,A,VALUE_BASIC,1534.67,100.0,1,1.0,9530.3,10000.0,95.3,35.0,1562.88,7385.47,GROCERY,28.57,14.82,LOW,0.0,N,Y,Y,N,MASTER_V1.5,2026-06-29,2026-06-29 19:54:02.726587
4865,Nicole Le,81,WV,2013-07-19,155,A,ENGAGED_MAINSTREAM,10373.28,100.0,3,3.0,7504.45,5000.0,43.02,88.0,26697.92,-20300.93,UTILITIES,32.95840909090909,22.86,MODERATE,0.0,N,N,Y,N,MASTER_V1.5,2026-06-29,2026-06-29 19:54:02.726587
4868,Tammy Hernandez,45,AK,2022-12-07,42,A,VALUE_BASIC,734.48,100.0,1,1.0,1091.18,25000.0,4.36,45.0,9565.08,-7220.13,RESTAURANT,35.559999999999995,14.91,LOW,0.0,N,Y,Y,N,MASTER_V1.5,2026-06-29,2026-06-29 19:54:02.726587
4872,Jeffrey Forbes,64,NH,2025-09-05,9,A,ENGAGED_MAINSTREAM,756.72,66.67,3,2.0,73915.91,2000.0,91.08,123.0,16635.12,21818.3,UTILITIES,36.58747967479675,13.26,LOW,0.0,N,N,N,N,MASTER_V1.5,2026-06-29,2026-06-29 19:54:02.726587
4884,Karen Walker,52,VI,2017-11-23,103,A,PREMIUM_WEALTH,7982.59,100.0,3,3.0,30744.09,10000.0,68.58,95.0,5159.57,10849.939999999999,RETAIL,41.05368421052631,21.27,MODERATE,0.0,N,N,N,N,MASTER_V1.5,2026-06-29,2026-06-29 19:54:02.726587
4889,Adam Porter,43,NM,2016-06-15,120,A,PREMIUM_WEALTH,10290.33,100.0,3,3.0,92383.28,10000.0,87.13,105.0,11222.92,2436.3199999999997,RESTAURANT,37.13885714285715,37.91,MODERATE,0.0,N,N,N,N,MASTER_V1.5,2026-06-29,2026-06-29 19:54:02.726587
4897,Stephanie Howell,76,SC,2026-03-01,3,A,ENGAGED_MAINSTREAM,364.39,75.0,4,3.0,188413.72,2000.0,50.36,191.0,24948.47,11880.589999999997,UTILITIES,42.41083769633508,30.64,MODERATE,0.0,N,N,N,N,MASTER_V1.5,2026-06-29,2026-06-29 19:54:02.726587
4917,Diana Ramirez,26,PR,2016-02-17,124,A,GROWING_DIGITAL,3197.9,100.0,1,1.0,30206.34,0.0,0.0,52.0,2905.6,16098.53,RETAIL,40.38,7.64,LOW,0.0,N,Y,N,N,MASTER_V1.5,2026-06-29,2026-06-29 19:54:02.726587
4919,Julie Rice,58,GU,2016-02-17,124,A,GROWING_DIGITAL,10349.88,100.0,3,3.0,68111.37,5000.0,6.65,114.0,20518.2,14421.329999999998,GROCERY,35.085175438596494,15.39,LOW,0.0,N,N,N,N,MASTER_V1.5,2026-06-29,2026-06-29 19:54:02.726587
4948,Carrie Hines,82,VA,2026-04-23,2,A,CREDIT_DEPENDENT,116.8,50.0,2,1.0,118199.76,0.0,0.0,40.0,3320.5,-1136.56,GROCERY,24.999749999999995,4.82,LOW,0.0,N,N,N,N,MASTER_V1.5,2026-06-29,2026-06-29 19:54:02.726587
4952,Kaitlyn Rich,24,AL,2016-12-06,114,A,PREMIUM_WEALTH,12713.99,100.0,4,4.0,69746.45,5000.0,98.17,218.0,36164.04,-11419.349999999999,TRAVEL,38.53348623853211,19.45,LOW,0.0,N,N,N,N,MASTER_V1.5,2026-06-29,2026-06-29 19:54:02.726587
4961,Jeremy Hernandez,30,AS,2016-03-18,123,A,CREDIT_DEPENDENT,3366.53,0.0,1,0.0,56843.7,0.0,0.0,70.0,23332.98,-20886.01,RESTAURANT,38.57000000000001,17.86,LOW,0.0,N,N,N,Y,MASTER_V1.5,2026-06-29,2026-06-29 19:54:02.726587
4964,Elizabeth Walls,37,FL,2015-02-23,136,A,CREDIT_DEPENDENT,3310.59,0.0,1,0.0,16933.16,25000.0,67.73,54.0,1674.92,2193.12,INSURANCE,31.480000000000004,9.73,LOW,0.0,N,N,N,Y,MASTER_V1.5,2026-06-29,2026-06-29 19:54:02.726587
4974,Steven Perez,34,OH,2023-08-10,34,A,PREMIUM_WEALTH,2867.6,66.67,3,2.0,76534.3,15000.0,87.76,101.0,37493.84,6750.060000000005,UTILITIES,34.657128712871284,3.82,LOW,0.0,N,N,N,N,MASTER_V1.5,2026-06-29,2026-06-29 19:54:02.726587
4980,Timothy Sharp,18,KY,2022-09-20,45,A,PREMIUM_WEALTH,5322.42,100.0,4,4.0,136980.04,25000.0,70.39,199.0,35026.0,-6488.850000000002,TRAVEL,35.682763819095484,8.52,LOW,0.0,N,N,N,N,MASTER_V1.5,2026-06-29,2026-06-29 19:54:02.726587
4982,Scott Nicholson,84,MN,2014-04-05,146,A,ENGAGED_MAINSTREAM,12094.87,100.0,3,3.0,62663.93,25000.0,64.15,69.0,16333.060000000001,9481.899999999998,TRAVEL,27.533478260869565,6.45,LOW,0.0,N,N,N,N,MASTER_V1.5,2026-06-29,2026-06-29 19:54:02.726587
4995,Kimberly Green,39,WY,2023-02-17,40,A,VALUE_BASIC,748.45,100.0,1,1.0,1780.31,5000.0,35.61,39.0,12599.88,-2166.41,GAS_STATION,30.77000000000001,2.45,LOW,0.0,N,Y,Y,N,MASTER_V1.5,2026-06-29,2026-06-29 19:54:02.726587
4999,James Douglas,68,NJ,2011-08-16,178,A,GROWING_DIGITAL,4688.79,100.0,1,1.0,37669.13,0.0,0.0,30.0,14579.99,-6498.03,EDUCATION,20.0,10.0,LOW,0.0,N,Y,N,N,MASTER_V1.5,2026-06-29,2026-06-29 19:54:02.726587
22,Whitney Hicks,58,DE,2014-10-06,140,A,ENGAGED_MAINSTREAM,15032.95,100.0,4,4.0,46065.53,2000.0,61.69,201.0,39492.76,-10679.04,RETAIL,31.842935323383088,6.27,LOW,0.0,N,N,N,N,MASTER_V1.5,2026-06-29,2026-06-29 19:54:02.726587
26,Erin Herrera,84,MH,2022-03-30,51,A,ENGAGED_MAINSTREAM,4339.51,66.67,3,2.0,84551.6,2000.0,69.74,132.0,21886.850000000002,15348.439999999999,GAS_STATION,37.123636363636365,13.18,LOW,0.0,N,N,N,N,MASTER_V1.5,2026-06-29,2026-06-29 19:54:02.726587
79,Kimberly Henson,68,NE,2013-01-09,161,A,CREDIT_DEPENDENT,9047.89,50.0,2,1.0,76085.48,0.0,0.0,51.0,11083.15,-2041.9299999999985,RESTAURANT,23.52607843137255,8.27,LOW,0.0,N,N,N,N,MASTER_V1.5,2026-06-29,2026-06-29 19:54:02.726587
88,Tina Herrera,42,KY,2017-06-14,108,A,GROWING_DIGITAL,6383.87,100.0,2,2.0,136214.97,0.0,0.0,85.0,30299.21,-21341.18,RETAIL,43.53164705882353,24.83,MODERATE,0.0,N,N,N,N,MASTER_V1.5,2026-06-29,2026-06-29 19:54:02.726587
96,Kyle Ortiz,37,MD,2015-12-21,126,A,PREMIUM_WEALTH,15239.28,100.0,4,4.0,178915.57,25000.0,94.96,153.0,44203.880000000005,-30683.190000000002,UTILITIES,30.721307189542486,15.55,LOW,0.0,N,N,N,N,MASTER_V1.5,2026-06-29,2026-06-29 19:54:02.726587
100,Diana Marshall,56,MT,2020-02-22,76,A,GROWING_DIGITAL,2054.99,100.0,1,1.0,49799.62,0.0,0.0,24.0,1795.45,-1333.1100000000001,GROCERY,16.670000000000005,3.73,LOW,0.0,N,Y,N,N,MASTER_V1.5,2026-06-29,2026-06-29 19:54:02.726587
101,Thomas Santana,55,PW,2014-09-05,141,A,CREDIT_DEPENDENT,2753.65,0.0,1,0.0,2469.52,15000.0,16.46,33.0,11177.49,-8527.54,RETAIL,36.36,2.45,LOW,0.0,N,N,Y,Y,MASTER_V1.5,2026-06-29,2026-06-29 19:54:02.726587
107,Diana Smith,52,AR,2015-02-17,136,A,PREMIUM_WEALTH,10988.47,100.0,3,3.0,47715.55,10000.0,88.58,137.0,7348.86,6955.820000000001,INSURANCE,46.72014598540146,8.02,LOW,0.0,N,N,N,N,MASTER_V1.5,2026-06-29,2026-06-29 19:54:02.726587
124,Matthew Shelton,56,AZ,2011-12-04,174,A,ENGAGED_MAINSTREAM,18862.34,100.0,4,4.0,51043.09,2000.0,63.09,193.0,30801.86,-13717.260000000002,TRAVEL,35.75398963730569,20.56,MODERATE,0.0,N,N,N,N,MASTER_V1.5,2026-06-29,2026-06-29 19:54:02.726587
134,Holly Wang,47,RI,2014-09-28,141,A,PREMIUM_WEALTH,16121.14,50.0,4,2.0,92358.65,5000.0,36.13,158.0,14683.619999999999,-5599.58,UTILITIES,32.27183544303797,10.55,LOW,0.0,N,N,N,N,MASTER_V1.5,2026-06-29,2026-06-29 19:54:02.726587
142,Daniel Yu,28,WA,2023-10-04,32,A,GROWING_DIGITAL,1793.2,100.0,2,2.0,73681.5,0.0,0.0,103.0,34739.82,-25803.25,HEALTHCARE,41.74504854368933,1.09,LOW,0.0,N,N,N,N,MASTER_V1.5,2026-06-29,2026-06-29 19:54:02.726587
149,Matthew Beard,71,MO,2023-05-24,37,A,ENGAGED_MAINSTREAM,2797.24,100.0,3,3.0,23864.05,25000.0,27.19,150.0,14737.269999999999,30942.050000000003,RETAIL,36.67013333333333,19.08,LOW,0.0,N,N,N,N,MASTER_V1.5,2026-06-29,2026-06-29 19:54:02.726587
158,Tiffany Warren,53,CT,2022-04-20,50,A,GROWING_DIGITAL,4137.21,100.0,3,3.0,61856.23,0.0,0.0,134.0,27771.83,-8977.920000000002,RETAIL,32.092238805970155,19.18,LOW,0.0,N,N,N,N,MASTER_V1.5,2026-06-29,2026-06-29 19:54:02.726587
215,Corey Schultz,35,NC,2017-12-18,102,A,PREMIUM_WEALTH,11673.23,100.0,4,4.0,93371.36,5000.0,11.56,209.0,43221.68,-19605.57,UTILITIES,40.19425837320574,17.63,LOW,0.0,N,N,N,N,MASTER_V1.5,2026-06-29,2026-06-29 19:54:02.726587
222,Eric Alexander,25,DC,2021-08-07,58,A,CREDIT_DEPENDENT,3056.4,50.0,2,1.0,37771.65,0.0,0.0,118.0,25869.12,-13888.169999999998,UTILITIES,38.13593220338983,23.73,MODERATE,0.0,N,N,N,N,MASTER_V1.5,2026-06-29,2026-06-29 19:54:02.726587
228,Tyler Strong,82,IN,2020-07-15,71,A,ENGAGED_MAINSTREAM,7532.69,100.0,4,4.0,40514.79,10000.0,44.78,152.0,41828.66,-8528.310000000005,RETAIL,39.47552631578947,13.27,LOW,0.0,N,N,N,N,MASTER_V1.5,2026-06-29,2026-06-29 19:54:02.726587
234,Amber Mata,73,GU,2013-06-18,156,A,ENGAGED_MAINSTREAM,17612.52,75.0,4,3.0,80023.58,2000.0,5.76,194.0,30063.11,-7635.5999999999985,RESTAURANT,37.113969072164956,17.73,LOW,0.0,N,N,N,N,MASTER_V1.5,2026-06-29,2026-06-29 19:54:02.726587
261,Julie Alvarez,35,NM,2019-05-04,85,A,GROWING_DIGITAL,2368.37,100.0,1,1.0,69237.05,0.0,0.0,53.0,32661.98,-29959.79,GROCERY,32.07,33.82,MODERATE,0.0,N,Y,N,N,MASTER_V1.5,2026-06-29,2026-06-29 19:54:02.726587
264,Tamara Brown,50,OR,2018-04-28,98,A,PREMIUM_WEALTH,11393.78,100.0,4,4.0,112005.25,2000.0,32.73,180.0,59494.85,-37598.02,RESTAURANT,37.223277777777774,23.84,MODERATE,0.0,N,N,N,N,MASTER_V1.5,2026-06-29,2026-06-29 19:54:02.726587
270,Jennifer Lewis,41,KS,2022-12-18,42,A,PREMIUM_WEALTH,4994.58,75.0,4,3.0,146072.0,2000.0,39.65,198.0,34879.08,-24731.190000000002,INSURANCE,40.407121212121204,2.44,LOW,0.0,N,N,N,N,MASTER_V1.5,2026-06-29,2026-06-29 19:54:02.726587
277,Jennifer Schmitt,35,AR,2024-06-10,24,A,GROWING_DIGITAL,1384.13,100.0,2,2.0,102170.62,0.0,0.0,120.0,7208.530000000001,6552.109999999999,RESTAURANT,38.332499999999996,17.0,LOW,0.0,N,N,N,N,MASTER_V1.5,2026-06-29,2026-06-29 19:54:02.726587
279,Daniel Bruce,41,KY,2014-11-01,139,A,GROWING_DIGITAL,12267.6,100.0,3,3.0,128989.19,0.0,0.0,130.0,37620.07,-24251.85,RETAIL,40.77069230769231,12.91,LOW,0.0,N,N,N,N,MASTER_V1.5,2026-06-29,2026-06-29 19:54:02.726587
292,Randall Greene,40,MS,2012-03-02,171,A,GROWING_DIGITAL,4562.74,100.0,1,1.0,43177.09,0.0,0.0,42.0,22581.7,-19484.420000000002,INSURANCE,42.85999999999999,15.45,LOW,0.0,N,Y,N,N,MASTER_V1.5,2026-06-29,2026-06-29 19:54:02.726587
301,Brianna Warren,28,WA,2015-02-13,136,A,PREMIUM_WEALTH,7297.09,100.0,2,2.0,45753.39,5000.0,38.84,80.0,3144.27,18887.899999999998,UTILITIES,36.254000000000005,14.27,LOW,0.0,N,N,N,N,MASTER_V1.5,2026-06-29,2026-06-29 19:54:02.726587
303,Daniel Hicks,74,NE,2019-02-08,88,A,ENGAGED_MAINSTREAM,10515.23,75.0,4,3.0,154682.26,5000.0,12.65,161.0,11237.86,10804.029999999999,TRAVEL,36.64869565217392,31.49,MODERATE,0.0,N,N,N,N,MASTER_V1.5,2026-06-29,2026-06-29 19:54:02.726587
323,Donald Bailey,63,VA,2020-03-08,75,A,ENGAGED_MAINSTREAM,6340.71,100.0,3,3.0,78619.33,2000.0,46.27,157.0,37734.32,-5818.519999999997,GROCERY,37.58299363057324,11.73,LOW,0.0,N,N,N,N,MASTER_V1.5,2026-06-29,2026-06-29 19:54:02.726587
332,Nicholas Martin,34,KS,2013-06-12,156,A,GROWING_DIGITAL,4399.26,100.0,1,1.0,79234.09,0.0,0.0,27.0,2045.77,-508.6600000000001,RETAIL,40.739999999999995,13.26,LOW,0.0,N,Y,N,N,MASTER_V1.5,2026-06-29,2026-06-29 19:54:02.726587
335,Kaitlyn Cole,55,RI,2015-09-28,129,A,GROWING_DIGITAL,3340.59,100.0,1,1.0,31521.57,0.0,0.0,59.0,18076.47,-7874.710000000001,UTILITIES,40.67999999999999,20.0,MODERATE,0.0,N,Y,N,N,MASTER_V1.5,2026-06-29,2026-06-29 19:54:02.726587
347,Maria Horton,76,PR,2015-10-09,128,A,GROWING_DIGITAL,7025.75,100.0,2,2.0,58556.13,0.0,0.0,67.0,12161.83,35495.2,RESTAURANT,28.35582089552239,4.82,LOW,0.0,N,N,N,N,MASTER_V1.5,2026-06-29,2026-06-29 19:54:02.726587
353,John Thomas,84,WI,2019-03-07,87,A,CREDIT_DEPENDENT,4592.43,50.0,2,1.0,38457.29,25000.0,55.06,137.0,16242.66,-1448.949999999999,RESTAURANT,36.49985401459854,19.36,LOW,0.0,N,N,N,N,MASTER_V1.5,2026-06-29,2026-06-29 19:54:02.726587
354,John Butler,56,DC,2020-08-30,70,A,ENGAGED_MAINSTREAM,8203.74,75.0,4,3.0,122961.49,10000.0,91.72,174.0,56964.25,-32003.09,TRAVEL,38.50580459770115,11.45,LOW,0.0,N,N,N,N,MASTER_V1.5,2026-06-29,2026-06-29 19:54:02.726587
385,Christopher Fleming,25,IA,2018-02-17,100,A,PREMIUM_WEALTH,8762.71,100.0,3,3.0,118611.83,5000.0,94.1,104.0,24290.19,-20517.769999999997,GROCERY,46.15461538461538,11.91,LOW,0.0,N,N,N,N,MASTER_V1.5,2026-06-29,2026-06-29 19:54:02.726587
400,Wayne Jackson,65,MA,2019-06-13,84,A,GROWING_DIGITAL,4312.74,100.0,2,2.0,28808.84,5000.0,22.66,61.0,4732.01,16656.019999999997,TRAVEL,39.340655737704914,12.91,LOW,0.0,N,N,N,N,MASTER_V1.5,2026-06-29,2026-06-29 19:54:02.726587
401,Donna Le,22,MI,2013-10-16,152,A,CREDIT_DEPENDENT,4061.85,0.0,1,0.0,43873.78,0.0,0.0,35.0,3823.61,-2423.4700000000003,HEALTHCARE,25.71,5.36,LOW,0.0,N,N,N,Y,MASTER_V1.5,2026-06-29,2026-06-29 19:54:02.726587
405,Keith Frye,52,AR,2020-11-05,67,A,GROWING_DIGITAL,1843.49,100.0,1,1.0,60227.7,0.0,0.0,17.0,12876.67,-12122.4,HEALTHCARE,29.409999999999993,12.55,LOW,0.0,N,Y,N,N,MASTER_V1.5,2026-06-29,2026-06-29 19:54:02.726587
415,Sierra Wagner,64,IA,2011-11-02,175,A,ENGAGED_MAINSTREAM,9825.42,100.0,2,2.0,75285.79,5000.0,57.16,115.0,23472.27,-3632.59,RETAIL,39.13304347826087,1.27,LOW,0.0,N,N,N,N,MASTER_V1.5,2026-06-29,2026-06-29 19:54:02.726587
418,Ryan Khan,49,AK,2024-02-17,28,A,GROWING_DIGITAL,757.68,100.0,1,1.0,50212.2,0.0,0.0,65.0,5818.1,-3694.8900000000003,RETAIL,38.46000000000001,8.91,LOW,0.0,N,Y,N,N,MASTER_V1.5,2026-06-29,2026-06-29 19:54:02.726587
432,Becky Griffith,33,NJ,2023-01-26,41,A,PREMIUM_WEALTH,3513.23,100.0,3,3.0,91596.53,2000.0,30.18,109.0,20882.42,-12592.099999999999,GROCERY,38.53449541284404,13.91,LOW,0.0,N,N,N,N,MASTER_V1.5,2026-06-29,2026-06-29 19:54:02.726587
436,Robert Hampton,75,VA,2021-10-16,56,A,ENGAGED_MAINSTREAM,4704.43,100.0,3,3.0,73205.83,0.0,0.0,167.0,38762.479999999996,-12217.139999999996,RESTAURANT,34.73233532934132,14.45,LOW,0.0,N,N,N,N,MASTER_V1.5,2026-06-29,2026-06-29 19:54:02.726587
450,John Santiago,44,TN,2020-03-30,75,A,PREMIUM_WEALTH,6403.32,66.67,3,2.0,87875.29,0.0,0.0,161.0,48406.43,-41690.770000000004,RETAIL,36.648819875776404,13.27,LOW,0.0,N,N,N,N,MASTER_V1.5,2026-06-29,2026-06-29 19:54:02.726587
484,Bryce Mcknight,82,NJ,2016-08-18,118,A,GROWING_DIGITAL,3225.11,100.0,1,1.0,55970.36,0.0,0.0,26.0,1984.56,-927.5999999999999,GAS_STATION,34.61,25.0,MODERATE,0.0,N,Y,N,N,MASTER_V1.5,2026-06-29,2026-06-29 19:54:02.726587
494,Lisa Barnes,36,AZ,2013-03-04,159,A,GROWING_DIGITAL,9105.4,100.0,2,2.0,94214.29,0.0,0.0,49.0,22804.19,-11686.419999999998,PAWN_SHOP,34.68979591836735,17.18,LOW,0.0,N,N,N,N,MASTER_V1.5,2026-06-29,2026-06-29 19:54:02.726587
517,William Crawford,61,VI,2015-05-24,133,A,ENGAGED_MAINSTREAM,15307.84,75.0,4,3.0,99673.15,25000.0,59.56,202.0,55631.43,-17357.85,RESTAURANT,44.05876237623763,4.27,LOW,0.0,N,N,N,N,MASTER_V1.5,2026-06-29,2026-06-29 19:54:02.726587
520,Jose Donovan,70,MI,2013-09-01,153,A,VALUE_BASIC,7366.33,100.0,2,2.0,15202.06,25000.0,46.28,90.0,4142.07,13603.7,RESTAURANT,39.99777777777778,14.43,LOW,0.0,N,N,N,N,MASTER_V1.5,2026-06-29,2026-06-29 19:54:02.726587
543,Rachel Elliott,80,WY,2025-04-19,14,A,GROWING_DIGITAL,331.89,100.0,1,1.0,13127.24,0.0,0.0,15.0,9615.82,-9113.61,GROCERY,40.0,16.73,LOW,0.0,N,Y,N,N,MASTER_V1.5,2026-06-29,2026-06-29 19:54:02.726587
550,Stephanie Sanders,62,NJ,2022-12-18,42,A,GROWING_DIGITAL,978.12,100.0,1,1.0,11107.97,0.0,0.0,71.0,15399.26,-2445.040000000001,GROCERY,36.62,11.36,LOW,0.0,N,Y,N,N,MASTER_V1.5,2026-06-29,2026-06-29 19:54:02.726587
556,Kyle Ward,78,MN,2011-07-27,179,A,ENGAGED_MAINSTREAM,15324.52,100.0,3,3.0,90663.45,15000.0,21.62,146.0,17986.22,2474.989999999998,UTILITIES,43.152054794520545,14.91,LOW,0.0,N,N,N,N,MASTER_V1.5,2026-06-29,2026-06-29 19:54:02.726587
563,Robert Washington,81,NJ,2017-12-22,102,A,GROWING_DIGITAL,2541.01,100.0,1,1.0,21263.05,0.0,0.0,55.0,12269.94,-11188.68,INSURANCE,40.0,8.0,LOW,0.0,N,Y,N,N,MASTER_V1.5,2026-06-29,2026-06-29 19:54:02.726587
606,Leonard Hayes,52,SC,2013-08-01,154,A,GROWING_DIGITAL,4189.23,100.0,1,1.0,53162.26,0.0,0.0,57.0,2798.58,921.19,GAS_STATION,47.37,17.32,LOW,0.0,N,Y,N,N,MASTER_V1.5,2026-06-29,2026-06-29 19:54:02.726587
624,Michelle Martinez,23,DE,2026-04-19,2,A,PREMIUM_WEALTH,223.06,75.0,4,3.0,69777.42,15000.0,53.16,210.0,39345.88,-12262.579999999998,UTILITIES,38.09171428571429,1.66,LOW,0.0,N,N,N,N,MASTER_V1.5,2026-06-29,2026-06-29 19:54:02.726587
626,Tracy Ray,34,ME,2021-07-30,59,A,GROWING_DIGITAL,3299.77,100.0,2,2.0,72089.37,0.0,0.0,70.0,11670.029999999999,-7412.8499999999985,RESTAURANT,35.717999999999996,27.05,MODERATE,0.0,N,N,N,N,MASTER_V1.5,2026-06-29,2026-06-29 19:54:02.726587
639,Nathan Mckee,41,OK,2015-03-24,135,A,PREMIUM_WEALTH,16028.93,75.0,4,3.0,143383.79,15000.0,54.64,185.0,32273.02,-22964.300000000003,RETAIL,30.270378378378375,14.88,LOW,0.0,N,N,N,N,MASTER_V1.5,2026-06-29,2026-06-29 19:54:02.726587
667,Christopher Hamilton,28,WI,2012-05-09,169,A,PREMIUM_WEALTH,14704.54,100.0,3,3.0,109230.63,25000.0,48.31,139.0,15379.92,19434.96,GROCERY,37.40928057553957,21.96,MODERATE,0.0,N,N,N,N,MASTER_V1.5,2026-06-29,2026-06-29 19:54:02.726587
673,Caleb Joseph,31,RI,2015-07-20,131,A,GROWING_DIGITAL,3046.34,100.0,1,1.0,10957.61,0.0,0.0,48.0,14511.99,-12110.51,TRAVEL,29.159999999999997,10.82,LOW,0.0,N,Y,N,N,MASTER_V1.5,2026-06-29,2026-06-29 19:54:02.726587
675,Michael Scott,52,AZ,2019-12-12,78,A,ENGAGED_MAINSTREAM,6367.93,100.0,3,3.0,53388.3,5000.0,24.57,101.0,26577.66,-21034.46,HEALTHCARE,30.69009900990099,17.78,LOW,0.0,N,N,N,N,MASTER_V1.5,2026-06-29,2026-06-29 19:54:02.726587
699,Frank Owens,46,CT,2013-10-22,152,A,GROWING_DIGITAL,8781.14,100.0,2,2.0,104206.96,0.0,0.0,115.0,27001.739999999998,-621.1499999999942,RESTAURANT,35.65478260869565,17.82,LOW,0.0,N,N,N,N,MASTER_V1.5,2026-06-29,2026-06-29 19:54:02.726587
708,Nathan Mccoy,76,AZ,2023-10-12,32,A,ENGAGED_MAINSTREAM,2439.24,100.0,3,3.0,25938.98,0.0,0.0,143.0,36316.25,-29904.17,RETAIL,42.65846153846154,7.84,LOW,0.0,N,N,N,N,MASTER_V1.5,2026-06-29,2026-06-29 19:54:02.726587
715,Christine Sanchez,26,OK,2012-01-03,173,A,GROWING_DIGITAL,4576.28,100.0,1,1.0,39378.99,0.0,0.0,55.0,2248.39,7857.1900000000005,TRAVEL,49.09,12.55,LOW,0.0,N,Y,N,N,MASTER_V1.5,2026-06-29,2026-06-29 19:54:02.726587
722,Victoria Moreno,33,SD,2012-05-13,169,A,PREMIUM_WEALTH,18628.14,75.0,4,3.0,61240.72,10000.0,26.93,199.0,27310.86,6301.489999999998,UTILITIES,40.202562814070355,6.91,LOW,0.0,N,N,N,N,MASTER_V1.5,2026-06-29,2026-06-29 19:54:02.726587
728,Jackie Meza,24,PA,2011-11-29,175,A,PREMIUM_WEALTH,15625.01,100.0,3,3.0,147970.27,0.0,0.0,113.0,19326.03,-3390.1099999999988,GAS_STATION,34.50858407079645,22.77,MODERATE,0.0,N,N,N,N,MASTER_V1.5,2026-06-29,2026-06-29 19:54:02.726587
731,Jeffery Fox,79,FL,2014-12-17,138,A,ENGAGED_MAINSTREAM,10388.52,100.0,3,3.0,22861.66,25000.0,12.88,97.0,15208.029999999999,8086.18,GROCERY,36.08567010309278,27.55,MODERATE,0.0,N,N,N,N,MASTER_V1.5,2026-06-29,2026-06-29 19:54:02.726587
744,Donald Mcgee,47,ND,2025-06-19,12,A,PREMIUM_WEALTH,644.66,100.0,2,2.0,46363.06,25000.0,59.76,75.0,13906.62,20177.909999999996,RESTAURANT,42.66773333333333,27.41,MODERATE,0.0,N,N,N,N,MASTER_V1.5,2026-06-29,2026-06-29 19:54:02.726587
745,Gary Mcclure,69,ND,2026-02-22,4,A,GROWING_DIGITAL,100.65,100.0,1,1.0,23510.73,0.0,0.0,47.0,19753.01,-18294.719999999998,TRAVEL,40.42,35.07,MODERATE,0.0,N,Y,N,N,MASTER_V1.5,2026-06-29,2026-06-29 19:54:02.726587
747,John Jones,55,CO,2015-06-13,132,A,VALUE_BASIC,5845.22,100.0,2,2.0,7019.08,2000.0,69.18,51.0,25942.73,-11857.0,INSURANCE,29.41156862745098,33.82,MODERATE,0.0,N,N,Y,N,MASTER_V1.5,2026-06-29,2026-06-29 19:54:02.726587
751,Gloria Martin,27,OR,2021-03-15,63,A,PREMIUM_WEALTH,5189.42,66.67,3,2.0,58859.27,5000.0,76.72,84.0,19967.61,4662.869999999999,TRAVEL,29.76142857142857,3.27,LOW,0.0,N,N,N,N,MASTER_V1.5,2026-06-29,2026-06-29 19:54:02.726587
754,Rachael Davis,36,NC,2019-08-26,82,A,GROWING_DIGITAL,4712.93,100.0,2,2.0,98217.99,0.0,0.0,96.0,47764.8,-31898.840000000004,UTILITIES,46.87791666666667,24.71,MODERATE,0.0,N,N,N,N,MASTER_V1.5,2026-06-29,2026-06-29 19:54:02.726587
760,Ronald Phillips,75,FM,2016-11-15,115,A,ENGAGED_MAINSTREAM,9535.5,66.67,3,2.0,63300.46,10000.0,48.02,166.0,32672.56,4024.2599999999984,RETAIL,31.92578313253012,21.36,MODERATE,0.0,N,N,N,N,MASTER_V1.5,2026-06-29,2026-06-29 19:54:02.726587
779,Robert Hernandez,50,NV,2017-10-01,104,A,PREMIUM_WEALTH,11438.4,100.0,4,4.0,59782.12,2000.0,56.37,126.0,7753.51,3634.2700000000004,RETAIL,40.47857142857143,21.27,MODERATE,0.0,N,N,N,N,MASTER_V1.5,2026-06-29,2026-06-29 19:54:02.726587
782,Patrick Washington,62,NM,2017-08-14,106,A,GROWING_DIGITAL,2620.88,100.0,1,1.0,19734.66,0.0,0.0,62.0,8871.7,-1558.0600000000004,GAS_STATION,41.92999999999999,24.2,MODERATE,0.0,N,Y,N,N,MASTER_V1.5,2026-06-29,2026-06-29 19:54:02.726587
783,Joshua Thomas,44,MD,2012-01-19,173,A,PREMIUM_WEALTH,20032.04,100.0,4,4.0,106853.48,25000.0,14.94,231.0,31417.08,826.7299999999996,TRAVEL,34.6334632034632,24.73,MODERATE,0.0,N,N,N,N,MASTER_V1.5,2026-06-29,2026-06-29 19:54:02.726587
784,Benjamin Preston,44,ID,2021-11-02,55,A,VALUE_BASIC,1215.41,100.0,1,1.0,6900.44,10000.0,69.0,19.0,824.26,5848.78,HEALTHCARE,10.52,24.18,MODERATE,0.0,N,Y,Y,N,MASTER_V1.5,2026-06-29,2026-06-29 19:54:02.726587
788,Terri Ramos,27,ME,2013-06-30,156,A,GROWING_DIGITAL,9210.29,100.0,2,2.0,134331.11,0.0,0.0,76.0,12886.94,-3039.7300000000014,RETAIL,31.57789473684211,9.91,LOW,0.0,N,N,N,N,MASTER_V1.5,2026-06-29,2026-06-29 19:54:02.726587
820,Matthew Davis,73,AR,2021-08-18,58,A,ENGAGED_MAINSTREAM,4440.17,100.0,3,3.0,27099.98,10000.0,99.34,145.0,33844.08,-5170.420000000002,HEALTHCARE,39.99903448275862,20.36,MODERATE,0.0,N,N,N,N,MASTER_V1.5,2026-06-29,2026-06-29 19:54:02.726587
821,Kurt French,61,WA,2022-08-05,46,A,CREDIT_DEPENDENT,2591.3,50.0,2,1.0,78160.83,25000.0,87.38,65.0,19358.300000000003,27368.559999999998,UTILITIES,46.1563076923077,14.09,LOW,0.0,N,N,N,N,MASTER_V1.5,2026-06-29,2026-06-29 19:54:02.726587
843,Virginia Stanley,49,OH,2012-03-19,171,A,GROWING_DIGITAL,4648.93,100.0,1,1.0,52822.15,0.0,0.0,28.0,1084.62,938.8200000000002,GAS_STATION,14.280000000000001,33.45,MODERATE,0.0,N,Y,N,N,MASTER_V1.5,2026-06-29,2026-06-29 19:54:02.726587
852,Aaron Powers,22,AR,2016-06-03,120,A,PREMIUM_WEALTH,13382.02,75.0,4,3.0,69680.95,2000.0,44.2,158.0,26525.18,-10875.32,RETAIL,38.60943037974683,18.36,LOW,0.0,N,N,N,N,MASTER_V1.5,2026-06-29,2026-06-29 19:54:02.726587
859,Michael Kim,41,MD,2014-01-13,149,A,GROWING_DIGITAL,6899.95,100.0,2,2.0,10526.83,2000.0,13.44,121.0,18012.350000000002,-1406.3300000000017,GROCERY,41.32545454545454,11.37,LOW,0.0,N,N,N,N,MASTER_V1.5,2026-06-29,2026-06-29 19:54:02.726587
864,Robert Garza,22,AL,2013-11-13,151,A,PREMIUM_WEALTH,13415.03,100.0,3,3.0,139455.26,0.0,0.0,145.0,18575.63,-5086.26,UTILITIES,38.61779310344828,4.83,LOW,0.0,N,N,N,N,MASTER_V1.5,2026-06-29,2026-06-29 19:54:02.726587
874,Melinda Christian,42,WI,2013-10-31,152,A,PREMIUM_WEALTH,12646.15,100.0,3,3.0,65717.15,10000.0,91.55,135.0,32135.369999999995,-14700.419999999995,RESTAURANT,35.55392592592593,20.44,MODERATE,0.0,N,N,N,N,MASTER_V1.5,2026-06-29,2026-06-29 19:54:02.726587
875,Travis Allen,27,VT,2012-08-09,166,A,CREDIT_DEPENDENT,4200.23,0.0,1,0.0,24860.49,0.0,0.0,72.0,12074.87,6404.449999999999,RESTAURANT,34.72,15.73,LOW,0.0,N,N,N,Y,MASTER_V1.5,2026-06-29,2026-06-29 19:54:02.726587
877,Stephen Solis,58,DE,2014-12-30,138,A,GROWING_DIGITAL,8211.86,100.0,2,2.0,147449.6,0.0,0.0,84.0,13316.019999999999,-4083.529999999999,TRAVEL,32.140952380952385,5.09,LOW,0.0,N,N,N,N,MASTER_V1.5,2026-06-29,2026-06-29 19:54:02.726587
882,Michael Brown,40,NM,2025-09-01,9,A,PREMIUM_WEALTH,491.77,100.0,2,2.0,55731.17,25000.0,43.0,130.0,32946.7,-14448.749999999996,TRAVEL,43.07653846153846,6.64,LOW,0.0,N,N,N,N,MASTER_V1.5,2026-06-29,2026-06-29 19:54:02.726587
891,Kelsey Hayes,29,KY,2020-04-10,74,A,GROWING_DIGITAL,1914.35,100.0,1,1.0,31188.94,0.0,0.0,31.0,1540.32,-574.79,GROCERY,41.92999999999999,27.45,MODERATE,0.0,N,Y,N,N,MASTER_V1.5,2026-06-29,2026-06-29 19:54:02.726587
896,William Cruz,45,VI,2024-08-28,22,A,PREMIUM_WEALTH,1929.59,66.67,3,2.0,119907.29,0.0,0.0,133.0,30387.649999999998,-13688.679999999997,RETAIL,39.097819548872174,4.09,LOW,0.0,N,N,N,N,MASTER_V1.5,2026-06-29,2026-06-29 19:54:02.726587
897,Kathryn Hill,19,PA,2025-02-25,16,A,PREMIUM_WEALTH,1745.75,100.0,4,4.0,54770.53,25000.0,41.0,199.0,20707.98,15016.329999999998,RETAIL,41.71095477386935,7.18,LOW,0.0,N,N,N,N,MASTER_V1.5,2026-06-29,2026-06-29 19:54:02.726587
902,Tina Santos,62,UT,2021-07-09,59,A,VALUE_BASIC,1431.14,100.0,1,1.0,16361.32,25000.0,65.45,41.0,2742.35,18360.07,RETAIL,39.03,4.0,LOW,0.0,N,Y,N,N,MASTER_V1.5,2026-06-29,2026-06-29 19:54:02.726587
920,David Silva,56,WA,2019-10-17,80,A,ENGAGED_MAINSTREAM,6841.85,100.0,3,3.0,89596.86,5000.0,85.17,171.0,30606.54,9397.230000000003,TRAVEL,33.915906432748535,16.35,LOW,0.0,N,N,N,N,MASTER_V1.5,2026-06-29,2026-06-29 19:54:02.726587
922,Brent Randolph,75,AZ,2016-04-21,122,A,ENGAGED_MAINSTREAM,10398.95,100.0,3,3.0,86247.37,0.0,0.0,181.0,66430.51,-59691.02,UTILITIES,46.96348066298342,11.48,LOW,0.0,N,N,N,N,MASTER_V1.5,2026-06-29,2026-06-29 19:54:02.726587
930,Susan Fleming,44,MI,2020-10-03,68,A,GROWING_DIGITAL,5428.48,100.0,3,3.0,41943.58,2000.0,12.76,168.0,61275.35,-34033.24,RESTAURANT,36.9045238095238,4.73,LOW,0.0,N,N,N,N,MASTER_V1.5,2026-06-29,2026-06-29 19:54:02.726587
939,Stephen Rivera,35,NM,2013-10-13,152,A,GROWING_DIGITAL,3955.57,100.0,1,1.0,33169.5,0.0,0.0,75.0,13070.75,-5419.77,UTILITIES,32.0,5.36,LOW,0.0,N,Y,N,N,MASTER_V1.5,2026-06-29,2026-06-29 19:54:02.726587
943,Christine Avila,49,NH,2021-01-22,65,A,PREMIUM_WEALTH,5554.77,66.67,3,2.0,88822.28,0.0,0.0,72.0,12671.9,11711.519999999999,UTILITIES,36.11208333333333,7.91,LOW,0.0,N,N,N,N,MASTER_V1.5,2026-06-29,2026-06-29 19:54:02.726587
946,Randall Guerrero,34,WV,2018-01-07,101,A,PREMIUM_WEALTH,7779.43,66.67,3,2.0,28850.44,2000.0,32.22,94.0,5553.48,7895.43,RETAIL,37.23510638297872,26.11,MODERATE,0.0,N,N,N,N,MASTER_V1.5,2026-06-29,2026-06-29 19:54:02.726587
947,Derek Myers,53,OR,2019-06-13,84,A,ENGAGED_MAINSTREAM,9647.27,100.0,4,4.0,97231.17,2000.0,30.2,146.0,10788.42,14002.769999999999,RETAIL,38.355410958904116,17.73,LOW,0.0,N,N,N,N,MASTER_V1.5,2026-06-29,2026-06-29 19:54:02.726587
951,Candice Medina,77,KS,2011-07-26,179,A,GROWING_DIGITAL,9510.45,100.0,2,2.0,41200.49,0.0,0.0,113.0,43269.28,-25338.3,UTILITIES,31.85743362831859,26.55,MODERATE,0.0,N,N,N,N,MASTER_V1.5,2026-06-29,2026-06-29 19:54:02.726587
963,Dennis Quinn,56,IN,2024-01-09,29,A,GROWING_DIGITAL,2359.26,100.0,3,3.0,51389.78,15000.0,8.38,136.0,36669.87,-30468.370000000003,HEALTHCARE,39.70308823529411,6.45,LOW,0.0,N,N,N,N,MASTER_V1.5,2026-06-29,2026-06-29 19:54:02.726587
980,Mary Baker,50,AR,2023-11-13,31,A,GROWING_DIGITAL,799.42,100.0,1,1.0,30185.84,0.0,0.0,27.0,1967.19,-549.19,RETAIL,48.15000000000001,13.73,LOW,0.0,N,Y,N,N,MASTER_V1.5,2026-06-29,2026-06-29 19:54:02.726587
991,Hector Mullen,81,VA,2015-05-06,133,A,ENGAGED_MAINSTREAM,7336.45,100.0,2,2.0,61837.3,10000.0,95.19,45.0,15168.45,-2453.130000000001,TRAVEL,48.88711111111111,25.91,MODERATE,0.0,N,N,N,N,MASTER_V1.5,2026-06-29,2026-06-29 19:54:02.726587
1004,Kristine James,70,FM,2023-06-17,36,A,ENGAGED_MAINSTREAM,4252.74,75.0,4,3.0,135018.65,10000.0,24.39,126.0,8477.01,13090.050000000001,RETAIL,34.92055555555555,6.64,LOW,0.0,N,N,N,N,MASTER_V1.5,2026-06-29,2026-06-29 19:54:02.726587
1021,Christina Meyer,59,DC,2026-03-06,3,A,VALUE_BASIC,141.52,100.0,2,2.0,12517.51,25000.0,30.31,74.0,13695.24,-323.9499999999989,RESTAURANT,36.489459459459454,24.55,MODERATE,0.0,N,N,N,N,MASTER_V1.5,2026-06-29,2026-06-29 19:54:02.726587
1029,Robyn Bailey,66,NE,2023-11-14,31,A,GROWING_DIGITAL,812.05,100.0,1,1.0,35527.47,0.0,0.0,34.0,3407.89,-2759.67,GROCERY,32.36,28.0,MODERATE,0.0,N,Y,N,N,MASTER_V1.5,2026-06-29,2026-06-29 19:54:02.726587
1044,Christine Moore,71,VT,2015-03-20,135,A,ENGAGED_MAINSTREAM,16062.44,75.0,4,3.0,146987.27,15000.0,47.28,175.0,71337.63,-45035.76000000001,RETAIL,34.85977142857143,12.09,LOW,0.0,N,N,N,N,MASTER_V1.5,2026-06-29,2026-06-29 19:54:02.726587
1047,Travis Galloway,53,AR,2020-10-01,68,A,GROWING_DIGITAL,5808.11,100.0,3,3.0,88295.69,0.0,0.0,114.0,30926.01,-186.0,TRAVEL,28.94868421052631,33.27,MODERATE,0.0,N,N,N,N,MASTER_V1.5,2026-06-29,2026-06-29 19:54:02.726587
1052,Steve Norris,20,WA,2021-11-27,55,A,PREMIUM_WEALTH,6540.94,75.0,4,3.0,146182.63,15000.0,62.04,170.0,35728.57000000001,-8791.240000000009,RETAIL,34.70764705882353,29.18,MODERATE,0.0,N,N,N,N,MASTER_V1.5,2026-06-29,2026-06-29 19:54:02.726587
1056,Nathan Dickerson,71,PW,2021-12-11,54,A,ENGAGED_MAINSTREAM,6283.86,100.0,4,4.0,113183.9,5000.0,68.86,240.0,62884.81,-29416.579999999994,TRAVEL,34.583999999999996,16.09,LOW,0.0,N,N,N,N,MASTER_V1.5,2026-06-29,2026-06-29 19:54:02.726587
1070,Gary Morton,43,SD,2013-08-26,154,A,PREMIUM_WEALTH,18018.68,100.0,4,4.0,120625.03,10000.0,13.69,168.0,33006.78,-7292.330000000002,RESTAURANT,39.88190476190476,6.78,LOW,0.0,N,N,N,N,MASTER_V1.5,2026-06-29,2026-06-29 19:54:02.726587
1077,Dakota Brown,80,MT,2013-12-24,150,A,GROWING_DIGITAL,4004.44,100.0,1,1.0,43412.11,0.0,0.0,39.0,11658.84,-10034.380000000001,HEALTHCARE,41.03,4.45,LOW,0.0,N,Y,N,N,MASTER_V1.5,2026-06-29,2026-06-29 19:54:02.726587
1078,Anthony Sanders,26,WI,2019-09-03,81,A,GROWING_DIGITAL,2158.58,100.0,1,1.0,42601.08,0.0,0.0,35.0,2397.63,11182.079999999998,HEALTHCARE,25.72,23.56,MODERATE,0.0,N,Y,N,N,MASTER_V1.5,2026-06-29,2026-06-29 19:54:02.726587
1081,David Roberson,66,CO,2020-11-01,67,A,ENGAGED_MAINSTREAM,5054.21,100.0,3,3.0,23344.96,2000.0,78.05,127.0,26372.61,-3985.4900000000016,RESTAURANT,35.431338582677164,12.33,LOW,0.0,N,N,N,N,MASTER_V1.5,2026-06-29,2026-06-29 19:54:02.726587
1092,Ann Foster,60,AZ,2017-08-19,106,A,CREDIT_DEPENDENT,5804.77,50.0,2,1.0,57090.41,0.0,0.0,100.0,13815.49,-11130.43,UTILITIES,32.0015,14.36,LOW,0.0,N,N,N,N,MASTER_V1.5,2026-06-29,2026-06-29 19:54:02.726587
1100,Jessica Hall,67,KS,2022-02-28,52,A,ENGAGED_MAINSTREAM,5755.76,75.0,4,3.0,64136.13,5000.0,52.56,155.0,21200.77,-7691.740000000002,HEALTHCARE,36.76987096774194,24.82,MODERATE,0.0,N,N,N,N,MASTER_V1.5,2026-06-29,2026-06-29 19:54:02.726587
1113,Kristina Smith,67,TX,2013-04-10,158,A,GROWING_DIGITAL,7584.41,100.0,2,2.0,14772.4,5000.0,30.56,71.0,4192.31,16561.969999999998,GROCERY,45.076619718309864,13.0,LOW,0.0,N,N,N,N,MASTER_V1.5,2026-06-29,2026-06-29 19:54:02.726587
1114,Thomas Carlson,82,AL,2023-03-07,39,A,GROWING_DIGITAL,1080.16,100.0,1,1.0,64766.05,0.0,0.0,24.0,8554.48,-8046.36,EDUCATION,41.67,14.55,LOW,0.0,N,Y,N,N,MASTER_V1.5,2026-06-29,2026-06-29 19:54:02.726587
1117,Jacqueline Moody,81,ID,2021-02-08,64,A,ENGAGED_MAINSTREAM,5462.17,100.0,3,3.0,87511.39,2000.0,11.8,159.0,23740.09,-3741.130000000001,GROCERY,33.33534591194968,23.36,MODERATE,0.0,N,N,N,N,MASTER_V1.5,2026-06-29,2026-06-29 19:54:02.726587
1127,Dominique Ryan,69,DE,2022-03-31,51,A,ENGAGED_MAINSTREAM,4435.42,100.0,3,3.0,108649.27,10000.0,20.42,156.0,50985.28,-18006.21,HEALTHCARE,44.23006410256411,20.36,MODERATE,0.0,N,N,N,N,MASTER_V1.5,2026-06-29,2026-06-29 19:54:02.726587
1130,Mary Anderson,50,IA,2012-06-26,168,A,PREMIUM_WEALTH,14221.75,100.0,3,3.0,79786.0,15000.0,51.63,169.0,45166.69,-12593.990000000002,RESTAURANT,37.280295857988165,20.4,MODERATE,0.0,N,N,N,N,MASTER_V1.5,2026-06-29,2026-06-29 19:54:02.726587
1140,Colleen White,50,DE,2015-03-15,135,A,PREMIUM_WEALTH,11371.39,66.67,3,2.0,75433.26,25000.0,85.97,102.0,12898.300000000001,-383.7300000000014,RETAIL,36.27274509803922,12.82,LOW,0.0,N,N,N,N,MASTER_V1.5,2026-06-29,2026-06-29 19:54:02.726587
1147,Katie Howe,47,FL,2014-09-06,141,A,PREMIUM_WEALTH,7599.24,100.0,2,2.0,48004.97,2000.0,57.1,82.0,15550.759999999998,-12870.219999999998,RETAIL,32.92658536585366,16.82,LOW,0.0,N,N,N,N,MASTER_V1.5,2026-06-29,2026-06-29 19:54:02.726587
1148,Seth Sanders,68,AZ,2025-11-02,7,A,ENGAGED_MAINSTREAM,773.41,100.0,4,4.0,62861.26,5000.0,74.49,149.0,29878.76,24367.969999999998,RETAIL,40.26859060402684,11.0,LOW,0.0,N,N,N,N,MASTER_V1.5,2026-06-29,2026-06-29 19:54:02.726587
1162,Blake Fernandez,59,MA,2016-01-14,125,A,ENGAGED_MAINSTREAM,14010.34,100.0,4,4.0,73737.92,5000.0,95.09,135.0,27723.21,-7274.59,UTILITIES,48.14940740740741,15.0,LOW,0.0,N,N,N,N,MASTER_V1.5,2026-06-29,2026-06-29 19:54:02.726587
1170,Kimberly Morris,69,TN,2012-07-23,167,A,ENGAGED_MAINSTREAM,14611.59,100.0,3,3.0,116534.29,15000.0,23.74,121.0,14394.95,1621.8700000000008,RESTAURANT,41.32371900826446,14.82,LOW,0.0,N,N,N,N,MASTER_V1.5,2026-06-29,2026-06-29 19:54:02.726587
1190,Colleen Young,62,SC,2016-09-27,117,A,ENGAGED_MAINSTREAM,10154.78,66.67,3,2.0,106127.48,5000.0,59.3,139.0,11677.24,8033.889999999998,GAS_STATION,27.339424460431655,13.0,LOW,0.0,N,N,N,N,MASTER_V1.5,2026-06-29,2026-06-29 19:54:02.726587
1191,Lisa Garrett,19,PW,2018-12-20,90,A,CREDIT_DEPENDENT,5045.15,50.0,2,1.0,73972.04,2000.0,76.01,105.0,12653.34,3461.4699999999993,RESTAURANT,39.99666666666666,27.36,MODERATE,0.0,N,N,N,N,MASTER_V1.5,2026-06-29,2026-06-29 19:54:02.726587
1230,Ariana Keller,34,NM,2025-02-05,16,A,PREMIUM_WEALTH,1861.99,100.0,4,4.0,113261.48,15000.0,44.16,195.0,38826.100000000006,-14303.230000000007,RETAIL,38.97451282051282,36.09,MODERATE,0.0,N,N,N,N,MASTER_V1.5,2026-06-29,2026-06-29 19:54:02.726587
1233,David Harris,43,IL,2013-03-30,159,A,PREMIUM_WEALTH,18963.98,100.0,4,4.0,151302.15,25000.0,86.4,191.0,60331.979999999996,-52066.329999999994,HEALTHCARE,39.26858638743455,16.53,LOW,0.0,N,N,N,N,MASTER_V1.5,2026-06-29,2026-06-29 19:54:02.726587
1242,Kristin Thompson,39,MO,2020-05-13,73,A,PREMIUM_WEALTH,8632.95,100.0,4,4.0,136756.92,25000.0,23.72,201.0,36593.73,-17768.180000000004,RESTAURANT,48.75636815920398,15.99,LOW,0.0,N,N,N,N,MASTER_V1.5,2026-06-29,2026-06-29 19:54:02.726587
1243,Sarah Davis,54,HI,2020-02-16,76,A,GROWING_DIGITAL,1783.76,100.0,1,1.0,11946.96,0.0,0.0,48.0,1477.08,2027.33,RETAIL,45.83,14.09,LOW,0.0,N,Y,N,N,MASTER_V1.5,2026-06-29,2026-06-29 19:54:02.726587
1265,Tara Ramirez,26,WA,2016-10-06,116,A,GROWING_DIGITAL,6672.09,100.0,2,2.0,99071.37,0.0,0.0,92.0,23426.769999999997,-8968.319999999996,RESTAURANT,34.775217391304345,23.55,MODERATE,0.0,N,N,N,N,MASTER_V1.5,2026-06-29,2026-06-29 19:54:02.726587
1270,Kevin Rodriguez,21,WY,2014-09-18,141,A,PREMIUM_WEALTH,16707.34,75.0,4,3.0,139969.27,15000.0,4.09,235.0,71867.62,-20286.23999999999,UTILITIES,38.72442553191489,13.18,LOW,0.0,N,N,N,N,MASTER_V1.5,2026-06-29,2026-06-29 19:54:02.726587
1274,Lynn Hurley,75,DC,2024-06-30,24,A,GROWING_DIGITAL,1189.19,100.0,2,2.0,20128.58,5000.0,23.18,109.0,6319.17,7897.299999999999,TRAVEL,40.36935779816514,15.39,LOW,0.0,N,N,N,N,MASTER_V1.5,2026-06-29,2026-06-29 19:54:02.726587
1279,Patricia Flores,46,MH,2016-02-23,124,A,GROWING_DIGITAL,7131.13,100.0,2,2.0,98895.6,0.0,0.0,116.0,14527.75,-10707.01,TRAVEL,42.24224137931034,17.91,LOW,0.0,N,N,N,N,MASTER_V1.5,2026-06-29,2026-06-29 19:54:02.726587
1281,Joshua Smith,77,MN,2013-09-19,153,A,GROWING_DIGITAL,8979.17,100.0,2,2.0,125176.86,0.0,0.0,110.0,35287.8,-9456.030000000002,UTILITIES,34.546,5.18,LOW,0.0,N,N,N,N,MASTER_V1.5,2026-06-29,2026-06-29 19:54:02.726587
1282,Jamie Bell,43,RI,2019-02-28,88,A,GROWING_DIGITAL,7655.15,100.0,3,3.0,108958.07,0.0,0.0,120.0,28578.300000000003,-13803.220000000003,TRAVEL,44.167833333333334,11.55,LOW,0.0,N,N,N,N,MASTER_V1.5,2026-06-29,2026-06-29 19:54:02.726587
1289,Terri Campos,40,GA,2019-06-13,84,A,PREMIUM_WEALTH,7489.0,66.67,3,2.0,145409.48,10000.0,52.98,175.0,56523.340000000004,-23805.090000000004,RETAIL,36.00011428571428,3.36,LOW,0.0,N,N,N,N,MASTER_V1.5,2026-06-29,2026-06-29 19:54:02.726587
1291,Gabrielle Mckinney,54,MT,2018-04-15,98,A,GROWING_DIGITAL,8546.63,100.0,3,3.0,112203.42,5000.0,1.34,146.0,9219.630000000001,9047.169999999998,RETAIL,31.502945205479456,6.91,LOW,0.0,N,N,N,N,MASTER_V1.5,2026-06-29,2026-06-29 19:54:02.726587
1293,Philip Lyons,44,MI,2025-02-09,16,A,PREMIUM_WEALTH,1351.86,100.0,3,3.0,78080.78,10000.0,74.15,86.0,19591.85,-6194.399999999998,RESTAURANT,36.04488372093023,8.91,LOW,0.0,N,N,N,N,MASTER_V1.5,2026-06-29,2026-06-29 19:54:02.726587
1299,Amy Dickson,57,NY,2020-10-02,68,A,ENGAGED_MAINSTREAM,3695.52,100.0,2,2.0,52531.53,25000.0,95.25,65.0,35048.03,-31362.26,RETAIL,33.84676923076923,1.18,LOW,0.0,N,N,N,N,MASTER_V1.5,2026-06-29,2026-06-29 19:54:02.726587
1305,Lisa Wise,80,KS,2013-02-10,160,A,VALUE_BASIC,3102.1,100.0,1,1.0,2333.8,5000.0,46.68,73.0,3972.71,1357.0900000000001,GROCERY,42.47,15.0,LOW,0.0,N,Y,Y,N,MASTER_V1.5,2026-06-29,2026-06-29 19:54:02.726587
1309,James Maldonado,59,MP,2020-02-11,76,A,GROWING_DIGITAL,4271.25,100.0,2,2.0,76125.09,0.0,0.0,67.0,10892.76,7396.000000000002,TRAVEL,38.80641791044776,20.09,MODERATE,0.0,N,N,N,N,MASTER_V1.5,2026-06-29,2026-06-29 19:54:02.726587
1311,Toni Cooper,22,TN,2017-12-22,102,A,PREMIUM_WEALTH,8685.72,100.0,3,3.0,85295.46,5000.0,74.18,104.0,11445.62,-6570.990000000001,RESTAURANT,45.19192307692307,15.32,LOW,0.0,N,N,N,N,MASTER_V1.5,2026-06-29,2026-06-29 19:54:02.726587
1315,Joe Park,27,OR,2024-05-28,25,A,PREMIUM_WEALTH,2933.94,75.0,4,3.0,124961.29,10000.0,95.6,153.0,48168.399999999994,-28292.619999999995,UTILITIES,37.908496732026144,12.68,LOW,0.0,N,N,N,N,MASTER_V1.5,2026-06-29,2026-06-29 19:54:02.726587
1319,Dennis Jones,18,CT,2021-06-27,60,A,GROWING_DIGITAL,1584.7,100.0,1,1.0,38741.63,0.0,0.0,23.0,2448.87,-1867.9899999999998,GROCERY,30.43,15.73,LOW,0.0,N,Y,N,N,MASTER_V1.5,2026-06-29,2026-06-29 19:54:02.726587
1339,Michaela Smith,76,NH,2015-09-07,129,A,ENGAGED_MAINSTREAM,10780.99,100.0,3,3.0,69088.35,0.0,0.0,119.0,14235.04,7875.879999999997,GROCERY,34.45798319327731,9.0,LOW,0.0,N,N,N,N,MASTER_V1.5,2026-06-29,2026-06-29 19:54:02.726587
1359,Diane Houston,79,FM,2025-06-28,12,A,GROWING_DIGITAL,303.34,100.0,1,1.0,24620.06,0.0,0.0,71.0,26550.32,-17590.949999999997,GROCERY,42.26,13.64,LOW,0.0,N,Y,N,N,MASTER_V1.5,2026-06-29,2026-06-29 19:54:02.726587
1364,Ronald Berger,23,FL,2015-08-13,130,A,GROWING_DIGITAL,7453.63,100.0,2,2.0,95523.5,0.0,0.0,52.0,13983.45,-2777.99,UTILITIES,44.23384615384615,8.73,LOW,0.0,N,N,N,N,MASTER_V1.5,2026-06-29,2026-06-29 19:54:02.726587
1377,Michael Maldonado,47,CO,2025-06-10,12,A,GROWING_DIGITAL,299.8,100.0,1,1.0,21881.58,0.0,0.0,33.0,9016.83,-7763.97,RETAIL,36.36,11.09,LOW,0.0,N,Y,N,N,MASTER_V1.5,2026-06-29,2026-06-29 19:54:02.726587
1382,Christopher Chen,43,WV,2016-11-06,115,A,PREMIUM_WEALTH,13358.51,75.0,4,3.0,110868.43,25000.0,86.91,189.0,63471.66,-43395.82000000001,INSURANCE,35.44888888888889,22.73,MODERATE,0.0,N,N,N,N,MASTER_V1.5,2026-06-29,2026-06-29 19:54:02.726587
1385,Mary Cole,64,TN,2019-06-16,84,A,ENGAGED_MAINSTREAM,4614.41,100.0,2,2.0,59082.4,5000.0,79.1,115.0,12601.529999999999,6546.510000000002,RETAIL,34.78034782608695,9.82,LOW,0.0,N,N,N,N,MASTER_V1.5,2026-06-29,2026-06-29 19:54:02.726587
1432,John Hansen,30,RI,2018-03-29,99,A,PREMIUM_WEALTH,8472.6,66.67,3,2.0,90301.64,10000.0,59.63,153.0,28471.08,-12282.700000000003,GROCERY,37.25529411764706,8.82,LOW,0.0,N,N,N,N,MASTER_V1.5,2026-06-29,2026-06-29 19:54:02.726587
1444,Jenna Harris,48,AS,2012-06-28,168,A,PREMIUM_WEALTH,14648.3,100.0,3,3.0,111930.69,10000.0,86.95,183.0,31490.76,16484.620000000006,TRAVEL,41.52896174863388,14.45,LOW,0.0,N,N,N,N,MASTER_V1.5,2026-06-29,2026-06-29 19:54:02.726587
1446,Susan Clark,22,MO,2020-02-23,76,A,CREDIT_DEPENDENT,4187.44,50.0,2,1.0,61057.82,25000.0,74.08,70.0,4127.42,8843.210000000001,RESTAURANT,32.85542857142857,6.0,LOW,0.0,N,N,N,N,MASTER_V1.5,2026-06-29,2026-06-29 19:54:02.726587
1458,Deanna Jenkins,69,AZ,2025-08-16,10,A,ENGAGED_MAINSTREAM,872.67,100.0,3,3.0,113054.66,10000.0,58.06,159.0,19012.37,861.0400000000045,RESTAURANT,44.024716981132066,18.55,LOW,0.0,N,N,N,N,MASTER_V1.5,2026-06-29,2026-06-29 19:54:02.726587
1460,Sean Torres,38,SD,2024-01-19,29,A,PREMIUM_WEALTH,2469.33,100.0,3,3.0,85240.2,15000.0,3.54,140.0,28640.57,-22733.67,GROCERY,41.42771428571429,12.55,LOW,0.0,N,N,N,N,MASTER_V1.5,2026-06-29,2026-06-29 19:54:02.726587
1471,Mark Thornton,36,ND,2026-01-17,5,A,VALUE_BASIC,104.16,100.0,1,1.0,4159.57,10000.0,41.6,46.0,15729.6,7719.879999999999,GAS_STATION,39.14,8.45,LOW,0.0,N,Y,N,N,MASTER_V1.5,2026-06-29,2026-06-29 19:54:02.726587
1472,Sherry Hooper,53,NY,2015-10-25,128,A,PREMIUM_WEALTH,10807.42,66.67,3,2.0,77476.83,15000.0,81.85,130.0,23292.5,-5301.880000000001,TRAVEL,46.15,8.18,LOW,0.0,N,N,N,N,MASTER_V1.5,2026-06-29,2026-06-29 19:54:02.726587
1482,Michael Madden,60,OK,2015-09-27,129,A,ENGAGED_MAINSTREAM,15538.01,100.0,4,4.0,170241.08,15000.0,5.1,189.0,30132.829999999998,39304.7,INSURANCE,42.33047619047619,19.86,LOW,0.0,N,N,N,N,MASTER_V1.5,2026-06-29,2026-06-29 19:54:02.726587
1494,Robert Vasquez,41,NY,2024-10-22,20,A,PREMIUM_WEALTH,2369.93,100.0,4,4.0,140032.27,5000.0,0.87,169.0,47982.57,-2682.3699999999953,RESTAURANT,37.27591715976332,19.0,LOW,0.0,N,N,N,N,MASTER_V1.5,2026-06-29,2026-06-29 19:54:02.726587
1499,Brian Flores,28,MO,2013-12-02,150,A,GROWING_DIGITAL,8198.96,100.0,2,2.0,55934.69,0.0,0.0,86.0,10336.91,2002.9000000000015,GROCERY,34.8793023255814,12.91,LOW,0.0,N,N,N,N,MASTER_V1.5,2026-06-29,2026-06-29 19:54:02.726587
1511,Sandra Mendoza,80,MA,2023-09-15,33,A,ENGAGED_MAINSTREAM,2876.96,100.0,3,3.0,111755.42,15000.0,88.34,207.0,40784.369999999995,-29697.759999999995,RESTAURANT,37.195748792270535,5.73,LOW,0.0,N,N,N,N,MASTER_V1.5,2026-06-29,2026-06-29 19:54:02.726587
1527,Bridget Gonzales,38,LA,2016-12-15,114,A,PREMIUM_WEALTH,9874.87,100.0,3,3.0,103731.26,10000.0,32.42,125.0,50761.59,-34015.53999999999,TRAVEL,40.00208,15.09,LOW,0.0,N,N,N,N,MASTER_V1.5,2026-06-29,2026-06-29 19:54:02.726587
1536,Samuel Barrett,52,CO,2013-01-22,161,A,GROWING_DIGITAL,4028.63,100.0,1,1.0,22226.21,0.0,0.0,40.0,18720.5,-7541.549999999999,UTILITIES,35.0,6.91,LOW,0.0,N,Y,N,N,MASTER_V1.5,2026-06-29,2026-06-29 19:54:02.726587
1555,Gina Armstrong,40,PW,2021-05-03,61,A,VALUE_BASIC,2647.88,100.0,2,2.0,5893.34,0.0,0.0,118.0,31659.6,-24646.54,GROCERY,45.76305084745763,16.27,LOW,0.0,N,N,Y,N,MASTER_V1.5,2026-06-29,2026-06-29 19:54:02.726587
1556,William Myers,53,VT,2024-03-27,27,A,PREMIUM_WEALTH,2247.22,100.0,3,3.0,65997.25,5000.0,98.68,98.0,55380.55,-31797.49,TRAVEL,41.836122448979594,18.73,LOW,0.0,N,N,N,N,MASTER_V1.5,2026-06-29,2026-06-29 19:54:02.726587
1581,Edward Jennings,61,MN,2013-09-11,153,A,GROWING_DIGITAL,3625.57,100.0,1,1.0,13076.93,0.0,0.0,38.0,9368.9,1622.8400000000001,GROCERY,28.950000000000003,18.37,LOW,0.0,N,Y,N,N,MASTER_V1.5,2026-06-29,2026-06-29 19:54:02.726587
1589,Andrew Heath,20,GU,2018-09-27,93,A,GROWING_DIGITAL,2342.09,100.0,1,1.0,23706.09,0.0,0.0,52.0,27810.32,-10460.02,HEALTHCARE,26.93,12.0,LOW,0.0,N,Y,N,N,MASTER_V1.5,2026-06-29,2026-06-29 19:54:02.726587
1606,Phillip Spence,59,TX,2025-01-23,17,A,VALUE_BASIC,817.29,100.0,2,2.0,14990.89,5000.0,53.28,102.0,36097.83,-30293.39,HEALTHCARE,38.23352941176471,23.41,MODERATE,0.0,N,N,N,N,MASTER_V1.5,2026-06-29,2026-06-29 19:54:02.726587
1607,Mackenzie Young,68,TX,2012-11-01,163,A,CREDIT_DEPENDENT,9103.4,50.0,2,1.0,70956.21,0.0,0.0,91.0,46521.73,-44080.43,RETAIL,40.66153846153846,14.82,LOW,0.0,N,N,N,N,MASTER_V1.5,2026-06-29,2026-06-29 19:54:02.726587
1612,Holly Hunter,30,TN,2023-10-16,32,A,VALUE_BASIC,647.81,100.0,1,1.0,3286.81,15000.0,21.91,65.0,14149.91,-447.10000000000036,EDUCATION,36.92,25.79,MODERATE,0.0,N,Y,Y,N,MASTER_V1.5,2026-06-29,2026-06-29 19:54:02.726587
1628,Kimberly Roberts,72,MI,2024-05-07,25,A,ENGAGED_MAINSTREAM,1422.44,50.0,2,1.0,87510.9,15000.0,96.14,109.0,19000.26,-14417.019999999999,HEALTHCARE,33.94256880733945,2.27,LOW,0.0,N,N,N,N,MASTER_V1.5,2026-06-29,2026-06-29 19:54:02.726587
1633,Dean Morris,54,TN,2011-08-24,178,A,ENGAGED_MAINSTREAM,18947.38,100.0,4,4.0,41965.22,5000.0,29.82,236.0,27310.46,-2840.459999999999,UTILITIES,38.560296610169495,31.82,MODERATE,0.0,N,N,N,N,MASTER_V1.5,2026-06-29,2026-06-29 19:54:02.726587
1636,Rebekah Barajas,63,PR,2014-12-29,138,A,GROWING_DIGITAL,3597.69,100.0,1,1.0,33795.35,0.0,0.0,62.0,12713.11,-10242.390000000001,UTILITIES,43.55,25.45,MODERATE,0.0,N,Y,N,N,MASTER_V1.5,2026-06-29,2026-06-29 19:54:02.726587
1671,Billy Peterson,56,NE,2017-11-05,103,A,GROWING_DIGITAL,5491.16,100.0,2,2.0,42721.09,5000.0,9.67,120.0,32372.41,-13555.29,RESTAURANT,41.661833333333334,21.73,MODERATE,0.0,N,N,N,N,MASTER_V1.5,2026-06-29,2026-06-29 19:54:02.726587
1677,Cody Guerrero,78,VA,2017-10-30,104,A,GROWING_DIGITAL,2773.91,100.0,1,1.0,42997.02,0.0,0.0,31.0,10951.41,-9690.59,GAS_STATION,41.93999999999999,11.09,LOW,0.0,N,Y,N,N,MASTER_V1.5,2026-06-29,2026-06-29 19:54:02.726587
1679,Dorothy White,51,HI,2013-03-10,159,A,GROWING_DIGITAL,13195.66,66.67,3,2.0,63929.67,0.0,0.0,185.0,48678.090000000004,1382.969999999994,RESTAURANT,34.59783783783784,19.73,LOW,0.0,N,N,N,N,MASTER_V1.5,2026-06-29,2026-06-29 19:54:02.726587
1681,Spencer Santiago,65,PW,2020-04-01,74,A,ENGAGED_MAINSTREAM,8765.7,75.0,4,3.0,139460.9,10000.0,93.16,235.0,21206.29,1040.7299999999996,UTILITIES,43.40331914893617,18.5,LOW,0.0,N,N,N,N,MASTER_V1.5,2026-06-29,2026-06-29 19:54:02.726587
1692,Thomas Johnson,65,AR,2018-05-28,97,A,VALUE_BASIC,4609.62,100.0,2,2.0,13418.22,10000.0,57.83,85.0,16631.68,11300.3,TRAVEL,37.64529411764707,4.45,LOW,0.0,N,N,N,N,MASTER_V1.5,2026-06-29,2026-06-29 19:54:02.726587
1712,Patricia Johnson,74,AZ,2023-11-04,31,A,ENGAGED_MAINSTREAM,2700.59,66.67,3,2.0,110796.69,15000.0,80.47,126.0,7153.03,6342.2699999999995,TRAVEL,38.09309523809524,19.82,LOW,0.0,N,N,N,N,MASTER_V1.5,2026-06-29,2026-06-29 19:54:02.726587
1730,Leroy Holden,22,AS,2012-10-02,164,A,GROWING_DIGITAL,4323.09,100.0,1,1.0,37953.67,0.0,0.0,44.0,1371.92,1964.9699999999998,GROCERY,36.36,27.45,MODERATE,0.0,N,Y,N,N,MASTER_V1.5,2026-06-29,2026-06-29 19:54:02.726587
1738,Kimberly Sullivan,38,IN,2024-09-24,21,A,PREMIUM_WEALTH,1841.52,100.0,3,3.0,119636.06,15000.0,21.75,148.0,36892.77,-12211.489999999998,UTILITIES,39.1895945945946,25.07,MODERATE,0.0,N,N,N,N,MASTER_V1.5,2026-06-29,2026-06-29 19:54:02.726587
1744,Brian Watson,19,WI,2013-02-19,160,A,PREMIUM_WEALTH,13829.07,66.67,3,2.0,101136.54,15000.0,10.33,170.0,23166.05,12320.800000000007,RESTAURANT,35.8864705882353,22.57,MODERATE,0.0,N,N,N,N,MASTER_V1.5,2026-06-29,2026-06-29 19:54:02.726587
1764,Jason Fuentes,25,SC,2024-10-02,20,A,PREMIUM_WEALTH,2394.26,100.0,4,4.0,158150.86,15000.0,82.48,142.0,23075.989999999998,-14724.339999999998,RESTAURANT,34.50823943661972,9.09,LOW,0.0,N,N,N,N,MASTER_V1.5,2026-06-29,2026-06-29 19:54:02.726587
1768,Steven Cole,34,IL,2019-01-08,89,A,GROWING_DIGITAL,4971.3,100.0,2,2.0,71072.52,0.0,0.0,85.0,13882.85,-1344.7300000000014,GROCERY,42.3564705882353,16.64,LOW,0.0,N,N,N,N,MASTER_V1.5,2026-06-29,2026-06-29 19:54:02.726587
1772,Jasmine Armstrong,42,PA,2024-05-29,25,A,GROWING_DIGITAL,1230.96,100.0,2,2.0,18914.28,0.0,0.0,87.0,25276.66,-12639.41,UTILITIES,37.92770114942529,22.18,MODERATE,0.0,N,N,N,N,MASTER_V1.5,2026-06-29,2026-06-29 19:54:02.726587
1776,Sharon White,25,MD,2013-04-14,158,A,PREMIUM_WEALTH,13380.83,100.0,3,3.0,80164.79,10000.0,98.89,176.0,12516.5,21349.57,GROCERY,43.18897727272727,9.09,LOW,0.0,N,N,N,N,MASTER_V1.5,2026-06-29,2026-06-29 19:54:02.726587
1778,Lindsay Lawson,26,IN,2018-02-12,100,A,CREDIT_DEPENDENT,2592.42,0.0,1,0.0,31878.04,0.0,0.0,44.0,3645.19,-2074.83,UTILITIES,43.19,22.18,MODERATE,0.0,N,N,N,Y,MASTER_V1.5,2026-06-29,2026-06-29 19:54:02.726587
1797,Crystal Richards,60,AR,2016-09-24,117,A,ENGAGED_MAINSTREAM,13487.29,100.0,4,4.0,101478.38,10000.0,44.08,220.0,49260.490000000005,-29849.380000000005,RESTAURANT,35.906363636363636,12.55,LOW,0.0,N,N,N,N,MASTER_V1.5,2026-06-29,2026-06-29 19:54:02.726587
1804,Deborah Smith,84,NM,2021-10-23,56,A,ENGAGED_MAINSTREAM,6795.56,100.0,4,4.0,186265.63,25000.0,27.83,198.0,44112.9,2551.689999999995,TRAVEL,35.351212121212114,8.64,LOW,0.0,N,N,N,N,MASTER_V1.5,2026-06-29,2026-06-29 19:54:02.726587
1809,Michael Thompson,31,NM,2023-11-01,31,A,CREDIT_DEPENDENT,796.73,0.0,1,0.0,29155.79,0.0,0.0,45.0,12522.27,-10566.1,GROCERY,31.110000000000003,11.24,LOW,0.0,N,N,N,N,MASTER_V1.5,2026-06-29,2026-06-29 19:54:02.726587
1812,Michael Davis,66,PR,2025-03-27,15,A,ENGAGED_MAINSTREAM,811.66,100.0,2,2.0,50120.59,25000.0,66.67,120.0,33978.82,-4795.119999999999,RESTAURANT,35.83625,12.55,LOW,0.0,N,N,N,N,MASTER_V1.5,2026-06-29,2026-06-29 19:54:02.726587
1817,Ariel Fleming,48,RI,2021-05-02,61,A,PREMIUM_WEALTH,6928.58,100.0,4,4.0,85676.68,10000.0,17.79,145.0,57170.3,-29102.150000000005,RESTAURANT,40.688206896551726,40.09,ELEVATED,0.0,N,N,N,N,MASTER_V1.5,2026-06-29,2026-06-29 19:54:02.726587
1818,David Brown,47,VA,2012-06-19,168,A,GROWING_DIGITAL,9131.79,100.0,2,2.0,52637.33,10000.0,12.22,72.0,24966.27,-11429.16,GAS_STATION,33.33666666666667,25.0,MODERATE,0.0,N,N,N,N,MASTER_V1.5,2026-06-29,2026-06-29 19:54:02.726587
1834,Christopher Brown,43,OH,2020-02-16,76,A,VALUE_BASIC,1565.94,100.0,1,1.0,3796.39,15000.0,25.31,62.0,12399.53,217.23999999999978,UTILITIES,35.480000000000004,14.04,LOW,0.0,N,Y,Y,N,MASTER_V1.5,2026-06-29,2026-06-29 19:54:02.726587
1847,Kimberly Hernandez,64,ME,2024-09-11,21,A,ENGAGED_MAINSTREAM,2491.38,100.0,4,4.0,142020.28,10000.0,15.89,208.0,54776.71,-10242.249999999993,RESTAURANT,40.384230769230776,27.45,MODERATE,0.0,N,N,N,N,MASTER_V1.5,2026-06-29,2026-06-29 19:54:02.726587
1864,Daniel Boyle,60,ID,2023-03-28,39,A,ENGAGED_MAINSTREAM,4633.12,75.0,4,3.0,144320.22,25000.0,50.39,146.0,25206.030000000002,-17771.280000000002,TRAVEL,32.876438356164385,16.18,LOW,0.0,N,N,N,N,MASTER_V1.5,2026-06-29,2026-06-29 19:54:02.726587
1875,Marc Brooks,52,ND,2018-06-01,96,A,PREMIUM_WEALTH,11015.34,100.0,4,4.0,96212.74,2000.0,64.52,212.0,19894.0,8428.68,RESTAURANT,33.48943396226415,16.73,LOW,0.0,N,N,N,N,MASTER_V1.5,2026-06-29,2026-06-29 19:54:02.726587
1894,Kristi Todd,53,AL,2019-03-09,87,A,GROWING_DIGITAL,7196.06,100.0,3,3.0,61601.96,0.0,0.0,99.0,7325.84,4491.07,RESTAURANT,38.38181818181819,8.48,LOW,0.0,N,N,N,N,MASTER_V1.5,2026-06-29,2026-06-29 19:54:02.726587
1900,Amanda Nguyen,58,PR,2023-02-08,40,A,ENGAGED_MAINSTREAM,3546.51,100.0,3,3.0,136177.08,0.0,0.0,149.0,10084.02,38926.130000000005,RESTAURANT,32.884765100671146,11.43,LOW,0.0,N,N,N,N,MASTER_V1.5,2026-06-29,2026-06-29 19:54:02.726587
1911,Stephanie Glenn,53,KY,2012-07-07,167,A,GROWING_DIGITAL,9226.28,100.0,2,2.0,62908.54,25000.0,14.33,90.0,10773.7,3764.7699999999986,GROCERY,40.0,34.45,MODERATE,0.0,N,N,N,N,MASTER_V1.5,2026-06-29,2026-06-29 19:54:02.726587
1915,Reginald Aguirre,75,CT,2012-06-11,168,A,ENGAGED_MAINSTREAM,14181.84,100.0,3,3.0,77298.61,25000.0,91.03,71.0,30620.79,-18938.15,TRAVEL,42.2512676056338,4.09,LOW,0.0,N,N,N,N,MASTER_V1.5,2026-06-29,2026-06-29 19:54:02.726587
1923,Helen Bowen,65,OH,2025-02-27,16,A,CREDIT_DEPENDENT,883.46,50.0,2,1.0,62517.68,25000.0,18.71,93.0,12977.119999999999,3275.1800000000003,UTILITIES,35.48258064516129,4.88,LOW,0.0,N,N,N,N,MASTER_V1.5,2026-06-29,2026-06-29 19:54:02.726587
1933,Peter Jones,65,OH,2019-06-20,84,A,GROWING_DIGITAL,2088.34,100.0,1,1.0,20836.99,0.0,0.0,39.0,767.14,2342.67,HEALTHCARE,38.47,18.45,LOW,0.0,N,Y,N,N,MASTER_V1.5,2026-06-29,2026-06-29 19:54:02.726587
1934,Eric Howard,34,CT,2021-08-06,58,A,PREMIUM_WEALTH,4540.46,66.67,3,2.0,34126.64,15000.0,32.45,150.0,7851.01,1440.449999999999,RESTAURANT,35.337999999999994,6.82,LOW,0.0,N,N,N,N,MASTER_V1.5,2026-06-29,2026-06-29 19:54:02.726587
1946,Stephen Jones,64,VI,2017-04-18,110,A,VALUE_BASIC,1805.18,100.0,1,1.0,709.31,5000.0,14.19,18.0,10207.47,-9447.48,GAS_STATION,16.669999999999995,6.45,LOW,0.0,N,Y,N,N,MASTER_V1.5,2026-06-29,2026-06-29 19:54:02.726587
1957,Nicholas Phillips,43,NY,2012-05-20,169,A,PREMIUM_WEALTH,19504.85,100.0,4,4.0,102881.14,15000.0,54.81,166.0,61213.72,-41142.479999999996,UTILITIES,43.374518072289156,13.36,LOW,0.0,N,N,N,N,MASTER_V1.5,2026-06-29,2026-06-29 19:54:02.726587
1974,Katherine Dorsey,59,AS,2024-03-25,27,A,GROWING_DIGITAL,1460.46,100.0,2,2.0,49922.83,0.0,0.0,111.0,23169.99,-18492.57,RETAIL,28.8327027027027,14.64,LOW,0.0,N,N,N,N,MASTER_V1.5,2026-06-29,2026-06-29 19:54:02.726587
1983,William Burns,24,CO,2022-04-07,50,A,GROWING_DIGITAL,2775.08,100.0,2,2.0,66191.61,0.0,0.0,90.0,5652.93,6991.450000000001,RETAIL,37.77700000000001,24.91,MODERATE,0.0,N,N,N,N,MASTER_V1.5,2026-06-29,2026-06-29 19:54:02.726587
1990,April Lopez,46,PR,2024-12-06,18,A,PREMIUM_WEALTH,2197.81,75.0,4,3.0,200799.21,25000.0,69.68,151.0,44127.130000000005,-12775.600000000006,RETAIL,35.09847682119205,9.91,LOW,0.0,N,N,N,N,MASTER_V1.5,2026-06-29,2026-06-29 19:54:02.726587
1991,Johnny Turner,57,SD,2023-11-14,31,A,GROWING_DIGITAL,847.98,100.0,1,1.0,56484.34,0.0,0.0,61.0,13880.34,-4006.870000000001,INSURANCE,36.06000000000001,23.73,MODERATE,0.0,N,Y,N,N,MASTER_V1.5,2026-06-29,2026-06-29 19:54:02.726587
2001,Riley Sims,68,RI,2024-12-13,18,A,VALUE_BASIC,401.43,100.0,1,1.0,7485.64,10000.0,74.86,47.0,1848.34,967.53,HEALTHCARE,29.79,28.68,MODERATE,0.0,N,Y,Y,N,MASTER_V1.5,2026-06-29,2026-06-29 19:54:02.726587
2011,Holly Hardy,78,DC,2018-04-22,98,A,ENGAGED_MAINSTREAM,8698.17,100.0,3,3.0,137895.04,0.0,0.0,129.0,18459.489999999998,6164.750000000004,TRAVEL,35.656666666666666,6.82,LOW,0.0,N,N,N,N,MASTER_V1.5,2026-06-29,2026-06-29 19:54:02.726587
2015,Susan Hess,72,MN,2026-03-15,3,A,ENGAGED_MAINSTREAM,256.5,66.67,3,2.0,89312.74,25000.0,69.54,70.0,3610.1800000000003,10789.44,RETAIL,40.00057142857143,20.0,MODERATE,0.0,N,N,N,N,MASTER_V1.5,2026-06-29,2026-06-29 19:54:02.726587
2016,Brandon Aguirre,84,CO,2016-11-11,115,A,ENGAGED_MAINSTREAM,6509.62,100.0,2,2.0,82543.22,25000.0,89.41,86.0,23740.05,1841.3100000000013,TRAVEL,30.226976744186047,14.45,LOW,0.0,N,N,N,N,MASTER_V1.5,2026-06-29,2026-06-29 19:54:02.726587
2019,Mercedes Stein,23,AZ,2026-03-19,3,A,GROWING_DIGITAL,81.36,100.0,1,1.0,51454.81,0.0,0.0,45.0,13128.07,-11461.88,RESTAURANT,46.67,13.0,LOW,0.0,N,Y,N,N,MASTER_V1.5,2026-06-29,2026-06-29 19:54:02.726587
2024,John Lewis,77,IL,2021-05-17,61,A,CREDIT_DEPENDENT,1357.9,0.0,1,0.0,7363.5,0.0,0.0,35.0,11390.18,-9509.82,GROCERY,37.14,4.09,LOW,0.0,N,N,Y,Y,MASTER_V1.5,2026-06-29,2026-06-29 19:54:02.726587
2026,Sarah Orr,37,OR,2013-11-18,151,A,GROWING_DIGITAL,8875.09,100.0,2,2.0,127399.93,0.0,0.0,41.0,2625.8,11780.07,RESTAURANT,29.267560975609758,0.45,LOW,0.0,N,N,N,N,MASTER_V1.5,2026-06-29,2026-06-29 19:54:02.726587
2027,Jonathan Alvarez,34,TN,2014-10-11,140,A,PREMIUM_WEALTH,16384.85,100.0,4,4.0,120990.43,25000.0,45.22,161.0,8108.12,11594.29,RETAIL,34.78571428571428,11.72,LOW,0.0,N,N,N,N,MASTER_V1.5,2026-06-29,2026-06-29 19:54:02.726587
2030,Caroline Schneider,23,IN,2022-12-03,42,A,GROWING_DIGITAL,1081.24,100.0,1,1.0,29659.96,0.0,0.0,31.0,34406.77,-33622.74,GROCERY,35.480000000000004,23.28,MODERATE,0.0,N,Y,N,N,MASTER_V1.5,2026-06-29,2026-06-29 19:54:02.726587
2043,Jasmine Mendoza,77,AL,2026-05-12,1,A,CREDIT_DEPENDENT,55.87,50.0,2,1.0,71217.4,0.0,0.0,77.0,13009.519999999999,16333.630000000003,TRAVEL,36.36909090909091,33.82,MODERATE,0.0,N,N,N,N,MASTER_V1.5,2026-06-29,2026-06-29 19:54:02.726587
2046,Isabella Williams,36,LA,2023-07-31,35,A,PREMIUM_WEALTH,2962.67,100.0,3,3.0,79725.43,15000.0,56.67,118.0,6373.93,17876.72,UTILITIES,42.37525423728813,12.77,LOW,0.0,N,N,N,N,MASTER_V1.5,2026-06-29,2026-06-29 19:54:02.726587
2061,Hailey Blevins,69,MN,2018-10-12,92,A,GROWING_DIGITAL,4907.17,100.0,2,2.0,42948.81,0.0,0.0,79.0,21413.65,-16762.530000000002,RETAIL,40.51101265822784,15.55,LOW,0.0,N,N,N,N,MASTER_V1.5,2026-06-29,2026-06-29 19:54:02.726587
2071,April Richards,31,MA,2018-10-12,92,A,PREMIUM_WEALTH,10361.37,100.0,4,4.0,77835.92,2000.0,10.75,195.0,45135.81,-19436.969999999998,TRAVEL,43.076615384615394,17.27,LOW,0.0,N,N,N,N,MASTER_V1.5,2026-06-29,2026-06-29 19:54:02.726587
2080,Valerie Bell,38,AR,2019-04-16,86,A,GROWING_DIGITAL,2193.38,100.0,1,1.0,26950.51,0.0,0.0,50.0,12089.84,10499.59,RESTAURANT,28.000000000000004,16.15,LOW,0.0,N,Y,N,N,MASTER_V1.5,2026-06-29,2026-06-29 19:54:02.726587
2098,Michael Figueroa,22,HI,2017-04-20,110,A,PREMIUM_WEALTH,9349.23,100.0,3,3.0,83482.7,15000.0,4.83,151.0,18280.79,-9164.82,TRAVEL,33.11218543046357,14.45,LOW,0.0,N,N,N,N,MASTER_V1.5,2026-06-29,2026-06-29 19:54:02.726587
2119,Amber Miranda,24,PA,2015-03-20,135,A,CREDIT_DEPENDENT,7280.26,50.0,2,1.0,48318.63,0.0,0.0,60.0,3097.82,600.5300000000002,UTILITIES,29.995833333333334,20.27,MODERATE,0.0,N,N,N,N,MASTER_V1.5,2026-06-29,2026-06-29 19:54:02.726587
2151,Brett Garner,82,CO,2012-02-06,172,A,ENGAGED_MAINSTREAM,15531.32,100.0,3,3.0,169359.88,0.0,0.0,91.0,5915.2,9868.779999999999,UTILITIES,34.066153846153846,22.82,MODERATE,0.0,N,N,N,N,MASTER_V1.5,2026-06-29,2026-06-29 19:54:02.726587
2160,Jessica Mayo,48,VI,2016-08-09,118,A,GROWING_DIGITAL,10607.63,100.0,3,3.0,160496.06,0.0,0.0,149.0,19354.85,14677.04,UTILITIES,34.22536912751678,22.98,MODERATE,0.0,N,N,N,N,MASTER_V1.5,2026-06-29,2026-06-29 19:54:02.726587
2165,Andrew Greene,23,DC,2019-01-03,89,A,GROWING_DIGITAL,5010.47,100.0,2,2.0,77613.06,0.0,0.0,68.0,11911.390000000001,-10285.77,RESTAURANT,47.06176470588236,22.73,MODERATE,0.0,N,N,N,N,MASTER_V1.5,2026-06-29,2026-06-29 19:54:02.726587
2182,Julie Reyes,33,KS,2013-01-29,161,A,PREMIUM_WEALTH,18476.53,75.0,4,3.0,96384.92,5000.0,93.32,116.0,14019.32,17905.5,RESTAURANT,43.965344827586215,15.09,LOW,0.0,N,N,N,N,MASTER_V1.5,2026-06-29,2026-06-29 19:54:02.726587
2185,Eric Hall,31,AS,2022-09-21,45,A,VALUE_BASIC,520.67,100.0,1,1.0,102.33,2000.0,5.12,65.0,3941.99,2.7600000000002183,RETAIL,35.38,5.18,LOW,0.0,N,Y,N,N,MASTER_V1.5,2026-06-29,2026-06-29 19:54:02.726587
2196,Jasmine Harris,36,DE,2016-07-15,119,A,GROWING_DIGITAL,3257.46,100.0,1,1.0,56923.03,0.0,0.0,29.0,3017.26,-2394.88,ENTERTAINMENT,51.72,22.64,MODERATE,0.0,N,Y,N,N,MASTER_V1.5,2026-06-29,2026-06-29 19:54:02.726587
2202,Natasha Cruz,41,MP,2014-11-10,139,A,PREMIUM_WEALTH,11848.36,100.0,3,3.0,86278.0,5000.0,90.92,144.0,38029.0,-20097.5,UTILITIES,28.467291666666668,20.53,MODERATE,0.0,N,N,N,N,MASTER_V1.5,2026-06-29,2026-06-29 19:54:02.726587
2215,Robert Leon,57,NJ,2021-11-01,55,A,CREDIT_DEPENDENT,2933.13,50.0,2,1.0,42869.4,0.0,0.0,101.0,21741.199999999997,-7416.769999999997,RESTAURANT,38.612376237623764,10.64,LOW,0.0,N,N,N,N,MASTER_V1.5,2026-06-29,2026-06-29 19:54:02.726587
2221,Samantha Brown,48,OH,2025-10-11,8,A,GROWING_DIGITAL,203.87,100.0,1,1.0,26733.39,0.0,0.0,54.0,12144.2,-660.2200000000012,GAS_STATION,44.44,32.09,MODERATE,0.0,N,Y,N,N,MASTER_V1.5,2026-06-29,2026-06-29 19:54:02.726587
2222,Michelle Fuentes,62,RI,2024-02-25,28,A,ENGAGED_MAINSTREAM,2434.73,66.67,3,2.0,108437.96,25000.0,76.29,109.0,17883.93,-13328.73,RETAIL,38.531100917431196,4.82,LOW,0.0,N,N,N,N,MASTER_V1.5,2026-06-29,2026-06-29 19:54:02.726587
2230,Holly Evans,35,WY,2022-08-26,46,A,PREMIUM_WEALTH,5263.71,100.0,4,4.0,93233.12,5000.0,41.02,166.0,22642.260000000002,-10389.990000000002,RETAIL,36.142289156626504,6.18,LOW,0.0,N,N,N,N,MASTER_V1.5,2026-06-29,2026-06-29 19:54:02.726587
2235,Jenna Henderson,23,AS,2018-12-23,90,A,PREMIUM_WEALTH,10540.86,100.0,4,4.0,122035.13,2000.0,74.63,186.0,25748.49,-2918.390000000003,TRAVEL,38.174516129032256,21.72,MODERATE,0.0,N,N,N,N,MASTER_V1.5,2026-06-29,2026-06-29 19:54:02.726587
2249,Judith Garcia,78,NM,2017-07-26,107,A,VALUE_BASIC,4956.04,100.0,2,2.0,10547.33,15000.0,43.91,97.0,19683.67,5199.790000000001,GROCERY,39.17484536082475,14.64,LOW,0.0,N,N,N,N,MASTER_V1.5,2026-06-29,2026-06-29 19:54:02.726587
2272,Steven Day,54,RI,2012-11-19,163,A,GROWING_DIGITAL,12815.57,100.0,3,3.0,35706.22,0.0,0.0,140.0,9212.48,11485.900000000001,GROCERY,34.28807142857143,6.55,LOW,0.0,N,N,N,N,MASTER_V1.5,2026-06-29,2026-06-29 19:54:02.726587
2281,Chad Sullivan,42,TN,2012-09-26,165,A,CREDIT_DEPENDENT,9108.54,50.0,2,1.0,62358.71,0.0,0.0,116.0,42138.62,-27317.230000000003,RETAIL,37.07137931034483,17.0,LOW,0.0,N,N,N,N,MASTER_V1.5,2026-06-29,2026-06-29 19:54:02.726587
2283,Maria Davis,40,OH,2015-05-12,133,A,PREMIUM_WEALTH,11567.97,100.0,3,3.0,108767.42,10000.0,96.53,142.0,15532.02,8649.46,TRAVEL,41.5469014084507,8.09,LOW,0.0,N,N,N,N,MASTER_V1.5,2026-06-29,2026-06-29 19:54:02.726587
2306,Antonio Roberts,55,AL,2020-02-29,76,A,GROWING_DIGITAL,6558.18,100.0,3,3.0,99268.28,0.0,0.0,108.0,24105.04,-4133.610000000001,TRAVEL,39.81361111111111,16.09,LOW,0.0,N,N,N,N,MASTER_V1.5,2026-06-29,2026-06-29 19:54:02.726587
2314,Carol Rogers,30,HI,2023-09-22,33,A,GROWING_DIGITAL,1811.54,100.0,2,2.0,58630.92,15000.0,17.61,130.0,17097.07,-7660.720000000001,RESTAURANT,27.694307692307696,12.64,LOW,0.0,N,N,N,N,MASTER_V1.5,2026-06-29,2026-06-29 19:54:02.726587
2318,Zachary Kim,73,WY,2024-12-23,18,A,GROWING_DIGITAL,435.51,100.0,1,1.0,15960.78,0.0,0.0,43.0,3418.05,3074.7200000000003,GROCERY,27.9,3.45,LOW,0.0,N,Y,N,N,MASTER_V1.5,2026-06-29,2026-06-29 19:54:02.726587
2322,Brittney Johnson,56,UT,2020-11-14,67,A,ENGAGED_MAINSTREAM,7958.59,100.0,4,4.0,144133.79,5000.0,77.59,152.0,28294.29,17420.129999999997,UTILITIES,34.87006578947368,26.2,MODERATE,0.0,N,N,N,N,MASTER_V1.5,2026-06-29,2026-06-29 19:54:02.726587
2360,Mark Reyes,77,WY,2014-01-16,149,A,ENGAGED_MAINSTREAM,17640.36,75.0,4,3.0,138575.31,10000.0,68.35,152.0,25316.2,-2053.760000000002,TRAVEL,32.23894736842105,14.3,LOW,0.0,N,N,N,N,MASTER_V1.5,2026-06-29,2026-06-29 19:54:02.726587
2373,Charles Murphy,78,WV,2025-08-14,10,A,ENGAGED_MAINSTREAM,869.28,100.0,3,3.0,108058.37,0.0,0.0,125.0,7237.16,10028.400000000001,INSURANCE,31.1988,10.45,LOW,0.0,N,N,N,N,MASTER_V1.5,2026-06-29,2026-06-29 19:54:02.726587
2380,Donna Moss,48,CA,2024-07-06,23,A,PREMIUM_WEALTH,1776.2,100.0,3,3.0,29637.58,25000.0,45.24,128.0,31780.0,-14947.599999999999,TRAVEL,28.903828124999997,23.45,MODERATE,0.0,N,N,N,N,MASTER_V1.5,2026-06-29,2026-06-29 19:54:02.726587
2400,Michael Roberts,71,NV,2023-03-19,39,A,GROWING_DIGITAL,2147.7,100.0,2,2.0,60707.75,0.0,0.0,95.0,17349.309999999998,-4965.339999999998,INSURANCE,31.577578947368423,11.45,LOW,0.0,N,N,N,N,MASTER_V1.5,2026-06-29,2026-06-29 19:54:02.726587
2401,Clinton Gordon,45,TX,2022-06-09,48,A,GROWING_DIGITAL,1243.08,100.0,1,1.0,31540.06,0.0,0.0,66.0,23162.24,-21431.24,UTILITIES,34.849999999999994,11.28,LOW,0.0,N,Y,N,N,MASTER_V1.5,2026-06-29,2026-06-29 19:54:02.726587
2407,John Rodriguez,46,ID,2018-10-10,92,A,GROWING_DIGITAL,4496.07,100.0,2,2.0,17572.21,0.0,0.0,43.0,9511.22,-185.95999999999913,GROCERY,39.53348837209303,20.89,MODERATE,0.0,N,N,N,N,MASTER_V1.5,2026-06-29,2026-06-29 19:54:02.726587
2410,Shaun Navarro,65,MP,2022-06-22,48,A,ENGAGED_MAINSTREAM,5495.71,50.0,4,2.0,93845.41,2000.0,3.72,186.0,30791.660000000003,28435.519999999997,RESTAURANT,32.795698924731184,13.82,LOW,0.0,N,N,N,N,MASTER_V1.5,2026-06-29,2026-06-29 19:54:02.726587
2413,Rachel Larson,33,AS,2024-04-10,26,A,GROWING_DIGITAL,702.42,100.0,1,1.0,49339.23,0.0,0.0,61.0,20935.55,-18683.34,GAS_STATION,34.419999999999995,10.78,LOW,0.0,N,Y,N,N,MASTER_V1.5,2026-06-29,2026-06-29 19:54:02.726587
2434,Kevin Collins,78,FL,2015-05-22,133,A,CREDIT_DEPENDENT,7557.9,50.0,2,1.0,86272.48,0.0,0.0,101.0,44752.740000000005,-41702.600000000006,GROCERY,38.6149504950495,7.36,LOW,0.0,N,N,N,N,MASTER_V1.5,2026-06-29,2026-06-29 19:54:02.726587
2438,Nancy Kim,48,TX,2017-02-05,112,A,GROWING_DIGITAL,8993.84,66.67,3,2.0,44665.37,10000.0,0.74,157.0,52356.8,-14960.510000000002,TRAVEL,31.846433121019114,21.09,MODERATE,0.0,N,N,N,N,MASTER_V1.5,2026-06-29,2026-06-29 19:54:02.726587
2447,Connor Roberts,41,GA,2016-06-19,120,A,PREMIUM_WEALTH,6612.5,100.0,2,2.0,61134.11,10000.0,61.34,84.0,37045.37,-28426.36,RESTAURANT,40.472142857142856,10.71,LOW,0.0,N,N,N,N,MASTER_V1.5,2026-06-29,2026-06-29 19:54:02.726587
2468,Michael Ball,81,OK,2021-04-11,62,A,GROWING_DIGITAL,1684.94,100.0,1,1.0,52606.24,0.0,0.0,75.0,15847.79,-12709.02,GROCERY,32.0,4.73,LOW,0.0,N,Y,N,N,MASTER_V1.5,2026-06-29,2026-06-29 19:54:02.726587
2477,Rachel Thompson,36,AK,2015-01-08,137,A,GROWING_DIGITAL,3345.78,100.0,1,1.0,17478.23,0.0,0.0,39.0,22099.27,-20100.9,GAS_STATION,51.28,11.0,LOW,0.0,N,Y,N,N,MASTER_V1.5,2026-06-29,2026-06-29 19:54:02.726587
2480,Mary Mclean,34,MH,2020-07-15,71,A,PREMIUM_WEALTH,3778.16,100.0,2,2.0,41886.01,5000.0,72.92,109.0,5805.79,19855.83,GAS_STATION,35.7808256880734,34.27,MODERATE,0.0,N,N,N,N,MASTER_V1.5,2026-06-29,2026-06-29 19:54:02.726587
2489,Angelica Taylor,61,DC,2020-09-19,69,A,GROWING_DIGITAL,5936.07,100.0,3,3.0,95862.03,0.0,0.0,131.0,28160.45,-8374.470000000001,GROCERY,38.17091603053435,13.82,LOW,0.0,N,N,N,N,MASTER_V1.5,2026-06-29,2026-06-29 19:54:02.726587
2517,John Stephens,77,RI,2012-08-20,166,A,ENGAGED_MAINSTREAM,14721.04,66.67,3,2.0,136506.46,0.0,0.0,142.0,10109.31,6283.130000000003,RESTAURANT,43.65908450704226,23.77,MODERATE,0.0,N,N,N,N,MASTER_V1.5,2026-06-29,2026-06-29 19:54:02.726587
2518,Michael Herman,52,GA,2022-06-17,48,A,PREMIUM_WEALTH,4123.74,100.0,3,3.0,94356.31,15000.0,94.22,146.0,14123.82,6631.459999999999,GROCERY,38.35780821917808,3.27,LOW,0.0,N,N,N,N,MASTER_V1.5,2026-06-29,2026-06-29 19:54:02.726587
2542,Manuel Baker,77,MI,2019-12-21,78,A,GROWING_DIGITAL,2048.73,100.0,1,1.0,36545.48,0.0,0.0,40.0,4289.74,-3676.3599999999997,GROCERY,45.0,25.82,MODERATE,0.0,N,Y,N,N,MASTER_V1.5,2026-06-29,2026-06-29 19:54:02.726587
2567,Michael Bryant,69,SD,2022-12-10,42,A,VALUE_BASIC,745.76,100.0,1,1.0,1214.99,10000.0,12.15,60.0,9942.54,12947.09,GAS_STATION,35.0,28.3,MODERATE,0.0,N,Y,Y,N,MASTER_V1.5,2026-06-29,2026-06-29 19:54:02.726587
2592,Barbara Gilbert,71,PR,2019-03-27,87,A,VALUE_BASIC,1883.88,100.0,1,1.0,5776.26,0.0,0.0,27.0,1347.56,315.75,RESTAURANT,37.03,2.45,LOW,0.0,N,Y,Y,N,MASTER_V1.5,2026-06-29,2026-06-29 19:54:02.726587
2593,David Hill,78,LA,2015-09-27,129,A,CREDIT_DEPENDENT,3400.13,0.0,1,0.0,37913.12,0.0,0.0,55.0,20749.42,-18448.44,GAS_STATION,27.27,21.45,MODERATE,0.0,N,N,N,Y,MASTER_V1.5,2026-06-29,2026-06-29 19:54:02.726587
2603,Christian Mcguire,77,GU,2016-10-07,116,A,GROWING_DIGITAL,6490.61,100.0,2,2.0,72453.87,0.0,0.0,58.0,28246.54,-27099.7,UTILITIES,31.031724137931032,25.09,MODERATE,0.0,N,N,N,N,MASTER_V1.5,2026-06-29,2026-06-29 19:54:02.726587
2606,Ryan Randolph,64,FL,2025-04-14,14,A,CREDIT_DEPENDENT,783.21,50.0,2,1.0,72308.35,0.0,0.0,59.0,24879.620000000003,-5493.450000000004,RESTAURANT,28.81423728813559,14.09,LOW,0.0,N,N,N,N,MASTER_V1.5,2026-06-29,2026-06-29 19:54:02.726587
2612,Aaron Jones,28,PA,2022-09-02,45,A,VALUE_BASIC,981.79,100.0,1,1.0,6167.09,25000.0,24.67,65.0,3571.27,17146.75,TRAVEL,46.15,8.35,LOW,0.0,N,Y,Y,N,MASTER_V1.5,2026-06-29,2026-06-29 19:54:02.726587
2633,Renee Rivera,70,FL,2023-06-12,36,A,GROWING_DIGITAL,876.23,100.0,1,1.0,16914.33,0.0,0.0,40.0,1888.27,-59.97000000000003,GROCERY,45.0,15.36,LOW,0.0,N,Y,N,N,MASTER_V1.5,2026-06-29,2026-06-29 19:54:02.726587
2644,Thomas Carter,67,CT,2021-04-11,62,A,GROWING_DIGITAL,1552.45,100.0,1,1.0,22376.95,0.0,0.0,22.0,1564.41,-748.5300000000001,HEALTHCARE,45.46000000000001,10.09,LOW,0.0,N,Y,N,N,MASTER_V1.5,2026-06-29,2026-06-29 19:54:02.726587
2650,Theresa Davis,63,TN,2023-07-27,35,A,ENGAGED_MAINSTREAM,3053.53,100.0,3,3.0,112702.78,15000.0,63.56,114.0,8533.35,6350.129999999999,RESTAURANT,35.964210526315796,16.51,LOW,0.0,N,N,N,N,MASTER_V1.5,2026-06-29,2026-06-29 19:54:02.726587
2652,Thomas Sharp,76,NC,2020-09-08,69,A,GROWING_DIGITAL,1886.04,100.0,1,1.0,56025.92,0.0,0.0,47.0,1828.58,8021.15,GROCERY,48.93,6.73,LOW,0.0,N,Y,N,N,MASTER_V1.5,2026-06-29,2026-06-29 19:54:02.726587
2666,April King,44,AK,2022-02-24,52,A,PREMIUM_WEALTH,6111.3,100.0,4,4.0,127071.58,5000.0,76.69,170.0,39944.03,3075.3199999999997,UTILITIES,43.53076470588235,13.27,LOW,0.0,N,N,N,N,MASTER_V1.5,2026-06-29,2026-06-29 19:54:02.726587
2668,Alice Calderon,28,NJ,2013-07-05,155,A,GROWING_DIGITAL,3964.13,100.0,1,1.0,27722.93,0.0,0.0,22.0,1007.07,7808.530000000001,RETAIL,40.91,6.64,LOW,0.0,N,Y,N,N,MASTER_V1.5,2026-06-29,2026-06-29 19:54:02.726587
2678,Kelsey Vargas,34,NJ,2016-06-01,120,A,PREMIUM_WEALTH,13312.85,100.0,4,4.0,65778.31,15000.0,44.32,235.0,23047.260000000002,15038.939999999995,RETAIL,34.46778723404256,1.18,LOW,0.0,N,N,N,N,MASTER_V1.5,2026-06-29,2026-06-29 19:54:02.726587
2679,Monica Barnett,66,MI,2023-07-14,35,A,ENGAGED_MAINSTREAM,1987.75,100.0,2,2.0,85695.29,25000.0,66.95,134.0,10061.17,-3907.7199999999993,GROCERY,36.56873134328358,18.91,LOW,0.0,N,N,N,N,MASTER_V1.5,2026-06-29,2026-06-29 19:54:02.726587
2680,Krista Hays,53,GU,2013-12-30,150,A,GROWING_DIGITAL,12914.09,100.0,3,3.0,96683.05,0.0,0.0,162.0,36965.659999999996,-30507.569999999996,RESTAURANT,44.44777777777777,11.1,LOW,0.0,N,N,N,N,MASTER_V1.5,2026-06-29,2026-06-29 19:54:02.726587
2696,Johnny Garrett,82,MS,2021-11-12,55,A,VALUE_BASIC,1199.83,100.0,1,1.0,6161.39,0.0,0.0,24.0,3011.59,5350.039999999999,RESTAURANT,33.34000000000001,12.64,LOW,0.0,N,Y,Y,N,MASTER_V1.5,2026-06-29,2026-06-29 19:54:02.726587
2705,Brenda Blackburn,37,PA,2025-01-01,17,A,GROWING_DIGITAL,437.12,100.0,1,1.0,29292.43,0.0,0.0,36.0,2669.73,-717.98,ENTERTAINMENT,47.220000000000006,14.18,LOW,0.0,N,Y,N,N,MASTER_V1.5,2026-06-29,2026-06-29 19:54:02.726587
2710,Joshua Bell,29,AK,2011-07-16,179,A,GROWING_DIGITAL,8692.09,100.0,2,2.0,16511.76,0.0,0.0,40.0,9574.689999999999,-8414.13,HEALTHCARE,32.49875,0.0,LOW,0.0,N,N,N,N,MASTER_V1.5,2026-06-29,2026-06-29 19:54:02.726587
2711,Heather Knight,62,PA,2019-12-19,78,A,ENGAGED_MAINSTREAM,6305.57,66.67,3,2.0,47990.32,2000.0,20.97,132.0,36988.8,-20314.420000000002,TRAVEL,46.208106060606056,25.55,MODERATE,0.0,N,N,N,N,MASTER_V1.5,2026-06-29,2026-06-29 19:54:02.726587
2720,Michael May,52,MH,2020-02-15,76,A,GROWING_DIGITAL,4141.83,100.0,2,2.0,54152.3,0.0,0.0,71.0,11925.15,-8983.939999999999,RETAIL,50.70352112676056,4.64,LOW,0.0,N,N,N,N,MASTER_V1.5,2026-06-29,2026-06-29 19:54:02.726587
2722,Amanda Clark,29,CA,2017-03-30,111,A,VALUE_BASIC,2265.83,100.0,1,1.0,3516.25,5000.0,70.33,39.0,2229.16,19826.72,RETAIL,33.33,1.98,LOW,0.0,N,Y,Y,N,MASTER_V1.5,2026-06-29,2026-06-29 19:54:02.726587
2723,Lisa Hogan,38,NJ,2016-08-31,118,A,GROWING_DIGITAL,10122.46,100.0,3,3.0,92763.16,0.0,0.0,111.0,33275.63,-12437.949999999997,RESTAURANT,42.34297297297297,20.27,MODERATE,0.0,N,N,N,N,MASTER_V1.5,2026-06-29,2026-06-29 19:54:02.726587
2740,Katie Solis,20,WV,2016-02-08,124,A,PREMIUM_WEALTH,14602.77,75.0,4,3.0,130147.86,2000.0,84.31,229.0,20907.670000000002,39621.880000000005,HEALTHCARE,36.67737991266375,18.82,LOW,0.0,N,N,N,N,MASTER_V1.5,2026-06-29,2026-06-29 19:54:02.726587
2756,Faith Flowers,57,AR,2013-12-06,150,A,ENGAGED_MAINSTREAM,17398.16,50.0,4,2.0,108964.05,25000.0,79.17,188.0,11701.439999999999,16982.95,RETAIL,44.681170212765956,7.73,LOW,0.0,N,N,N,N,MASTER_V1.5,2026-06-29,2026-06-29 19:54:02.726587
2765,Brittany Gonzalez,62,IN,2025-06-05,12,A,VALUE_BASIC,216.69,100.0,1,1.0,1370.46,2000.0,68.52,24.0,12427.28,-11126.66,GAS_STATION,16.670000000000005,36.82,MODERATE,0.0,N,Y,Y,N,MASTER_V1.5,2026-06-29,2026-06-29 19:54:02.726587
2786,Joseph George,57,WA,2013-06-05,156,A,GROWING_DIGITAL,3975.77,100.0,1,1.0,26749.52,0.0,0.0,52.0,10041.0,-8110.54,GROCERY,40.38,20.64,MODERATE,0.0,N,Y,N,N,MASTER_V1.5,2026-06-29,2026-06-29 19:54:02.726587
2795,Leslie Craig,60,PA,2015-11-05,127,A,ENGAGED_MAINSTREAM,15261.77,100.0,4,4.0,165568.91,15000.0,45.92,164.0,18902.58,-10343.910000000002,TRAVEL,32.92890243902439,19.36,LOW,0.0,N,N,N,N,MASTER_V1.5,2026-06-29,2026-06-29 19:54:02.726587
2796,Garrett Bell,83,WA,2020-10-23,68,A,GROWING_DIGITAL,1765.16,100.0,1,1.0,32314.94,0.0,0.0,24.0,13291.76,-12606.14,RESTAURANT,29.17,9.09,LOW,0.0,N,Y,N,N,MASTER_V1.5,2026-06-29,2026-06-29 19:54:02.726587
2810,Yolanda Greene,76,NV,2020-09-26,69,A,ENGAGED_MAINSTREAM,6061.56,100.0,3,3.0,122169.43,0.0,0.0,168.0,49641.44,-24641.22,UTILITIES,39.286904761904765,11.45,LOW,0.0,N,N,N,N,MASTER_V1.5,2026-06-29,2026-06-29 19:54:02.726587
2816,Patricia Clark,63,MT,2015-11-11,127,A,CREDIT_DEPENDENT,2980.76,0.0,1,0.0,11946.79,0.0,0.0,31.0,8128.72,-6239.860000000001,GAS_STATION,45.15999999999999,15.82,LOW,0.0,N,N,N,Y,MASTER_V1.5,2026-06-29,2026-06-29 19:54:02.726587
2820,Adam Johnson,54,NH,2025-11-06,7,A,VALUE_BASIC,132.33,100.0,1,1.0,1923.68,0.0,0.0,64.0,12954.79,-10862.670000000002,INSURANCE,40.62,11.0,LOW,0.0,N,Y,N,N,MASTER_V1.5,2026-06-29,2026-06-29 19:54:02.726587
2828,Gary Gutierrez,35,IN,2013-02-27,160,A,PREMIUM_WEALTH,19086.82,100.0,4,4.0,151639.4,15000.0,35.82,206.0,35643.2,-27532.769999999997,TRAVEL,38.34907766990291,9.27,LOW,0.0,N,N,N,N,MASTER_V1.5,2026-06-29,2026-06-29 19:54:02.726587
2840,George Cooper,58,ND,2020-09-18,69,A,ENGAGED_MAINSTREAM,8191.48,75.0,4,3.0,143158.81,15000.0,28.13,231.0,31523.05,-13585.23,RETAIL,37.6608658008658,5.36,LOW,0.0,N,N,N,N,MASTER_V1.5,2026-06-29,2026-06-29 19:54:02.726587
2841,Leon Brooks,75,TX,2024-03-17,27,A,ENGAGED_MAINSTREAM,2379.88,66.67,3,2.0,127072.75,15000.0,36.86,139.0,54726.96,-40254.74,WIRE_TRANSFER_INTL,43.16935251798561,20.41,MODERATE,0.0,N,N,N,N,MASTER_V1.5,2026-06-29,2026-06-29 19:54:02.726587
2845,Debra Kelly,33,AS,2023-04-07,38,A,GROWING_DIGITAL,1049.02,100.0,1,1.0,62464.76,0.0,0.0,18.0,1474.84,-225.68999999999983,GROCERY,55.55,16.64,LOW,0.0,N,Y,N,N,MASTER_V1.5,2026-06-29,2026-06-29 19:54:02.726587
2855,Bruce Perez,24,MO,2019-04-15,86,A,VALUE_BASIC,1698.85,100.0,1,1.0,2701.65,15000.0,18.01,26.0,1586.56,16.350000000000136,TRAVEL,26.93,12.91,LOW,0.0,N,Y,Y,N,MASTER_V1.5,2026-06-29,2026-06-29 19:54:02.726587
2859,Ashley Perkins,71,MS,2018-10-04,92,A,ENGAGED_MAINSTREAM,7861.67,100.0,3,3.0,88762.76,5000.0,4.56,162.0,47258.42,-39442.17,RETAIL,39.51172839506173,28.01,MODERATE,0.0,N,N,N,N,MASTER_V1.5,2026-06-29,2026-06-29 19:54:02.726587
2870,Luke Moreno,71,NM,2018-12-23,90,A,ENGAGED_MAINSTREAM,7567.45,100.0,3,3.0,73942.51,2000.0,38.08,88.0,4658.36,-103.46000000000004,INSURANCE,38.63170454545454,28.91,MODERATE,0.0,N,N,N,N,MASTER_V1.5,2026-06-29,2026-06-29 19:54:02.726587
2893,Kristi Dawson,33,OK,2012-07-03,167,A,GROWING_DIGITAL,8999.84,100.0,2,2.0,47965.94,25000.0,21.55,102.0,17482.510000000002,-6295.270000000002,RETAIL,38.230000000000004,18.36,LOW,0.0,N,N,N,N,MASTER_V1.5,2026-06-29,2026-06-29 19:54:02.726587
2910,Emily Nguyen,68,WY,2014-10-25,140,A,ENGAGED_MAINSTREAM,16108.73,100.0,4,4.0,99333.4,2000.0,79.33,129.0,25684.91,-10032.55,WIRE_TRANSFER_INTL,44.18744186046512,23.16,MODERATE,0.0,N,N,N,N,MASTER_V1.5,2026-06-29,2026-06-29 19:54:02.726587
2913,Hunter Johnson,33,IL,2014-07-26,143,A,GROWING_DIGITAL,3983.07,100.0,1,1.0,68972.14,0.0,0.0,35.0,10347.03,-10035.630000000001,RETAIL,31.429999999999996,23.64,MODERATE,0.0,N,Y,N,N,MASTER_V1.5,2026-06-29,2026-06-29 19:54:02.726587
2923,Kara Stewart,52,OK,2020-07-06,71,A,ENGAGED_MAINSTREAM,8505.09,100.0,4,4.0,159373.48,25000.0,40.94,154.0,19963.61,-11303.16,TRAVEL,35.714805194805194,10.18,LOW,0.0,N,N,N,N,MASTER_V1.5,2026-06-29,2026-06-29 19:54:02.726587
2940,Alexis Prince,50,ID,2013-11-06,151,A,GROWING_DIGITAL,3853.86,100.0,1,1.0,27144.06,0.0,0.0,25.0,2076.86,-725.96,RESTAURANT,40.0,5.55,LOW,0.0,N,Y,N,N,MASTER_V1.5,2026-06-29,2026-06-29 19:54:02.726587
2942,Amanda Taylor,19,KS,2024-04-06,26,A,PREMIUM_WEALTH,2165.53,100.0,3,3.0,66521.91,15000.0,21.2,125.0,32316.870000000003,-7193.9000000000015,UTILITIES,38.39728,21.71,MODERATE,0.0,N,N,N,N,MASTER_V1.5,2026-06-29,2026-06-29 19:54:02.726587
2947,Christopher Davis,22,SD,2014-11-09,139,A,VALUE_BASIC,2871.71,100.0,1,1.0,3881.26,25000.0,15.53,15.0,280.98,8135.85,RESTAURANT,53.33,9.45,LOW,0.0,N,Y,Y,N,MASTER_V1.5,2026-06-29,2026-06-29 19:54:02.726587
2960,Elizabeth Peterson,48,NE,2021-05-21,61,A,PREMIUM_WEALTH,5437.27,66.67,3,2.0,145037.3,10000.0,67.97,158.0,17253.63,18395.37,INSURANCE,36.07563291139241,31.64,MODERATE,0.0,N,N,N,N,MASTER_V1.5,2026-06-29,2026-06-29 19:54:02.726587
2961,Michael May,50,PA,2012-06-06,168,A,GROWING_DIGITAL,14623.23,100.0,3,3.0,109725.62,0.0,0.0,118.0,19187.8,13352.980000000003,RESTAURANT,37.286440677966105,26.29,MODERATE,0.0,N,N,N,N,MASTER_V1.5,2026-06-29,2026-06-29 19:54:02.726587
2962,Jeremy Ellis,20,KY,2013-05-16,157,A,VALUE_BASIC,2467.96,100.0,1,1.0,537.97,2000.0,26.9,19.0,776.81,355.6100000000001,RESTAURANT,31.58,22.09,MODERATE,0.0,N,Y,N,N,MASTER_V1.5,2026-06-29,2026-06-29 19:54:02.726587
2978,Stephanie Sanchez,34,GU,2023-07-13,35,A,GROWING_DIGITAL,1993.17,100.0,2,2.0,88391.62,0.0,0.0,99.0,6491.83,34733.03,GROCERY,43.43181818181818,17.82,LOW,0.0,N,N,N,N,MASTER_V1.5,2026-06-29,2026-06-29 19:54:02.726587
2985,Shawn Jones,77,WY,2022-07-29,47,A,GROWING_DIGITAL,2645.78,100.0,2,2.0,77547.08,0.0,0.0,112.0,19515.09,4346.759999999998,TRAVEL,46.432589285714286,25.96,MODERATE,0.0,N,N,N,N,MASTER_V1.5,2026-06-29,2026-06-29 19:54:02.726587
2993,Johnathan Romero,36,IN,2015-08-10,130,A,PREMIUM_WEALTH,10568.93,66.67,3,2.0,51017.9,10000.0,46.64,173.0,75764.88,-55892.53,TRAVEL,39.888612716763,11.48,LOW,0.0,N,N,N,N,MASTER_V1.5,2026-06-29,2026-06-29 19:54:02.726587
3018,Amanda Sanders,47,DC,2022-10-12,44,A,PREMIUM_WEALTH,5275.72,75.0,4,3.0,161179.24,25000.0,98.31,143.0,29064.68,109.04999999999927,UTILITIES,33.56433566433566,12.09,LOW,0.0,N,N,N,N,MASTER_V1.5,2026-06-29,2026-06-29 19:54:02.726587
3026,Jason Smith,70,IL,2021-02-26,64,A,ENGAGED_MAINSTREAM,3486.46,100.0,2,2.0,53916.65,2000.0,67.92,57.0,1567.3,2389.5299999999997,RETAIL,40.35333333333333,30.19,MODERATE,0.0,N,N,N,N,MASTER_V1.5,2026-06-29,2026-06-29 19:54:02.726587
3031,Mitchell Mccullough,31,OR,2015-06-04,132,A,GROWING_DIGITAL,3276.79,100.0,1,1.0,20530.57,0.0,0.0,54.0,20241.64,-9571.039999999999,ENTERTAINMENT,35.18,22.36,MODERATE,0.0,N,Y,N,N,MASTER_V1.5,2026-06-29,2026-06-29 19:54:02.726587
3032,Michael Rubio,22,DE,2016-04-07,122,A,VALUE_BASIC,2209.13,100.0,1,1.0,1398.33,2000.0,69.92,55.0,4469.27,-1291.9900000000002,GAS_STATION,41.81000000000001,12.09,LOW,0.0,N,Y,Y,N,MASTER_V1.5,2026-06-29,2026-06-29 19:54:02.726587
3035,Lawrence Aguirre,51,IA,2018-08-03,94,A,PREMIUM_WEALTH,8013.06,100.0,3,3.0,86339.7,2000.0,97.41,149.0,21775.4,-7300.600000000002,RETAIL,32.886577181208054,25.94,MODERATE,0.0,N,N,N,N,MASTER_V1.5,2026-06-29,2026-06-29 19:54:02.726587
3036,Jennifer Newman,45,NY,2022-03-26,51,A,PREMIUM_WEALTH,6092.4,100.0,4,4.0,154180.21,10000.0,18.83,220.0,82284.47,-56731.740000000005,RESTAURANT,35.91163636363636,11.09,LOW,0.0,N,N,N,N,MASTER_V1.5,2026-06-29,2026-06-29 19:54:02.726587
3041,Jennifer Hudson,39,TX,2012-06-19,168,A,GROWING_DIGITAL,4441.59,100.0,1,1.0,39152.65,0.0,0.0,57.0,11654.76,-5025.08,ENTERTAINMENT,31.58,20.94,MODERATE,0.0,N,Y,N,N,MASTER_V1.5,2026-06-29,2026-06-29 19:54:02.726587
3063,Gregory Hernandez,38,OK,2024-08-12,22,A,PREMIUM_WEALTH,1931.22,100.0,3,3.0,121095.62,0.0,0.0,105.0,21559.690000000002,-16584.800000000003,RETAIL,33.33666666666667,27.0,MODERATE,0.0,N,N,N,N,MASTER_V1.5,2026-06-29,2026-06-29 19:54:02.726587
3072,Renee Zimmerman,23,IN,2023-08-03,34,A,PREMIUM_WEALTH,1686.27,100.0,2,2.0,20317.6,2000.0,85.6,62.0,11595.45,8434.149999999998,GROCERY,32.25774193548387,13.09,LOW,0.0,N,N,N,N,MASTER_V1.5,2026-06-29,2026-06-29 19:54:02.726587
3074,Bailey Patel,64,MT,2019-05-11,85,A,ENGAGED_MAINSTREAM,10145.04,100.0,4,4.0,152565.09,25000.0,33.12,152.0,39433.52,-17196.949999999997,RETAIL,38.811184210526314,0.73,LOW,0.0,N,N,N,N,MASTER_V1.5,2026-06-29,2026-06-29 19:54:02.726587
3086,Charles Harris,25,CT,2022-02-12,52,A,GROWING_DIGITAL,1442.75,100.0,1,1.0,66045.55,0.0,0.0,70.0,16680.87,-14110.88,RESTAURANT,32.85,4.73,LOW,0.0,N,Y,N,N,MASTER_V1.5,2026-06-29,2026-06-29 19:54:02.726587
3093,Natasha Doyle,43,ME,2014-07-19,143,A,PREMIUM_WEALTH,16579.58,75.0,4,3.0,108456.98,25000.0,50.78,164.0,26568.29,7312.8499999999985,UTILITIES,32.314878048780486,25.47,MODERATE,0.0,N,N,N,N,MASTER_V1.5,2026-06-29,2026-06-29 19:54:02.726587
3106,Blake Peck,75,MO,2020-05-25,73,A,GROWING_DIGITAL,2009.05,100.0,1,1.0,60383.95,0.0,0.0,40.0,13791.66,-1894.08,GAS_STATION,42.5,11.91,LOW,0.0,N,Y,N,N,MASTER_V1.5,2026-06-29,2026-06-29 19:54:02.726587
3107,Jason Stewart,34,DC,2014-04-23,146,A,GROWING_DIGITAL,8048.61,100.0,2,2.0,61420.48,0.0,0.0,67.0,4492.91,-2488.56,GAS_STATION,29.857014925373136,21.68,MODERATE,0.0,N,N,N,N,MASTER_V1.5,2026-06-29,2026-06-29 19:54:02.726587
3123,Greg Coffey,75,TN,2020-12-29,66,A,ENGAGED_MAINSTREAM,3737.07,100.0,2,2.0,82822.77,15000.0,80.63,115.0,22838.27,10289.48,GROCERY,37.393565217391306,15.45,LOW,0.0,N,N,N,N,MASTER_V1.5,2026-06-29,2026-06-29 19:54:02.726587
3139,Taylor Parrish,72,CO,2017-08-17,106,A,ENGAGED_MAINSTREAM,12419.08,75.0,4,3.0,122530.21,10000.0,1.54,245.0,59353.0,-8981.489999999998,GROCERY,36.32902040816327,19.27,LOW,0.0,N,N,N,N,MASTER_V1.5,2026-06-29,2026-06-29 19:54:02.726587
3143,Lawrence Winters,81,CT,2024-03-17,27,A,GROWING_DIGITAL,735.28,100.0,1,1.0,53804.4,0.0,0.0,46.0,2380.73,845.44,GAS_STATION,36.96,7.18,LOW,0.0,N,Y,N,N,MASTER_V1.5,2026-06-29,2026-06-29 19:54:02.726587
3148,Eric Tran,49,MT,2020-09-18,69,A,PREMIUM_WEALTH,7643.66,100.0,4,4.0,64716.39,2000.0,6.04,141.0,18375.8,-6266.039999999999,RETAIL,36.87914893617021,7.45,LOW,0.0,N,N,N,N,MASTER_V1.5,2026-06-29,2026-06-29 19:54:02.726587
3149,Hannah Mckee,54,HI,2026-02-28,4,A,ENGAGED_MAINSTREAM,454.28,75.0,4,3.0,85569.88,15000.0,71.68,189.0,29296.25,10303.729999999996,RETAIL,31.221269841269844,22.91,MODERATE,0.0,N,N,N,N,MASTER_V1.5,2026-06-29,2026-06-29 19:54:02.726587
3150,Dwayne Wallace,20,OR,2021-05-24,61,A,PREMIUM_WEALTH,7303.96,100.0,4,4.0,158529.88,5000.0,64.22,260.0,28789.270000000004,23814.409999999996,RETAIL,31.54096153846153,9.91,LOW,0.0,N,N,N,N,MASTER_V1.5,2026-06-29,2026-06-29 19:54:02.726587
3155,Casey Taylor,19,AK,2024-09-18,21,A,PREMIUM_WEALTH,1044.91,100.0,2,2.0,20983.74,15000.0,44.78,110.0,31722.35,-9902.789999999997,RETAIL,43.63418181818182,15.0,LOW,0.0,N,N,N,N,MASTER_V1.5,2026-06-29,2026-06-29 19:54:02.726587
3156,Edward Haney,65,MO,2017-05-12,109,A,ENGAGED_MAINSTREAM,8946.13,100.0,3,3.0,56572.18,10000.0,85.13,112.0,25514.8,-1915.7499999999964,GROCERY,34.82071428571429,6.18,LOW,0.0,N,N,N,N,MASTER_V1.5,2026-06-29,2026-06-29 19:54:02.726587
3163,Karen Wolf,56,MO,2012-02-04,172,A,GROWING_DIGITAL,3937.63,100.0,1,1.0,9483.18,0.0,0.0,30.0,1729.53,-15.990000000000009,GAS_STATION,23.33,21.09,MODERATE,0.0,N,Y,Y,N,MASTER_V1.5,2026-06-29,2026-06-29 19:54:02.726587
3173,Laurie Maxwell,60,PW,2013-10-15,152,A,ENGAGED_MAINSTREAM,17409.51,100.0,4,4.0,94242.56,2000.0,14.88,94.0,6521.5599999999995,9312.93,TRAVEL,43.6163829787234,20.73,MODERATE,0.0,N,N,N,N,MASTER_V1.5,2026-06-29,2026-06-29 19:54:02.726587
3176,Morgan Hartman,27,AK,2018-05-13,97,A,PREMIUM_WEALTH,10806.52,100.0,4,4.0,68922.61,5000.0,17.59,179.0,36061.69,11879.96,RESTAURANT,41.34340782122905,23.73,MODERATE,0.0,N,N,N,N,MASTER_V1.5,2026-06-29,2026-06-29 19:54:02.726587
3182,Michelle Brown,66,AZ,2021-07-30,59,A,ENGAGED_MAINSTREAM,6917.26,100.0,4,4.0,123522.1,2000.0,48.13,252.0,56332.21000000001,-17019.020000000004,UTILITIES,36.902857142857144,10.64,LOW,0.0,N,N,N,N,MASTER_V1.5,2026-06-29,2026-06-29 19:54:02.726587
3220,Cindy Miller,79,PA,2022-09-06,45,A,ENGAGED_MAINSTREAM,3967.25,100.0,3,3.0,127365.04,0.0,0.0,120.0,18730.08,-13438.27,GAS_STATION,35.00033333333333,10.27,LOW,0.0,N,N,N,N,MASTER_V1.5,2026-06-29,2026-06-29 19:54:02.726587
3232,Connie Peters,24,OK,2013-09-10,153,A,PREMIUM_WEALTH,11883.63,100.0,3,3.0,31448.57,5000.0,28.05,182.0,46899.61,-22376.09,INSURANCE,36.8128021978022,12.82,LOW,0.0,N,N,N,N,MASTER_V1.5,2026-06-29,2026-06-29 19:54:02.726587
3241,Shelby Young,75,NE,2019-04-16,86,A,CREDIT_DEPENDENT,4961.71,50.0,2,1.0,102628.17,0.0,0.0,86.0,21113.0,-18063.08,GAS_STATION,45.34744186046512,0.0,LOW,0.0,N,N,N,N,MASTER_V1.5,2026-06-29,2026-06-29 19:54:02.726587
3254,Rose Garner,71,NC,2019-06-28,84,A,GROWING_DIGITAL,4378.43,100.0,2,2.0,33686.15,0.0,0.0,60.0,4354.57,7174.9,HEALTHCARE,40.00266666666666,11.51,LOW,0.0,N,N,N,N,MASTER_V1.5,2026-06-29,2026-06-29 19:54:02.726587
3256,Matthew Murphy,71,MI,2020-07-21,71,A,GROWING_DIGITAL,4137.4,100.0,2,2.0,115224.31,0.0,0.0,95.0,26268.93,-12634.23,RESTAURANT,43.15842105263158,11.36,LOW,0.0,N,N,N,N,MASTER_V1.5,2026-06-29,2026-06-29 19:54:02.726587
3258,William Sullivan,45,WV,2021-03-17,63,A,GROWING_DIGITAL,3440.86,100.0,2,2.0,55457.82,15000.0,38.71,64.0,4022.6800000000003,-756.0900000000001,RETAIL,29.690468749999997,28.31,MODERATE,0.0,N,N,N,N,MASTER_V1.5,2026-06-29,2026-06-29 19:54:02.726587
3261,Olivia Meyers,29,ID,2021-07-19,59,A,CREDIT_DEPENDENT,976.63,0.0,1,0.0,750.85,10000.0,7.51,70.0,2211.41,9110.56,RETAIL,35.72,7.0,LOW,0.0,N,N,N,N,MASTER_V1.5,2026-06-29,2026-06-29 19:54:02.726587
3263,William Collins,26,AZ,2015-04-03,134,A,PREMIUM_WEALTH,7567.75,100.0,2,2.0,80431.08,10000.0,76.96,93.0,22800.530000000002,-3741.0800000000017,RESTAURANT,38.708387096774196,14.27,LOW,0.0,N,N,N,N,MASTER_V1.5,2026-06-29,2026-06-29 19:54:02.726587
3264,Matthew Porter,70,IN,2014-03-10,147,A,ENGAGED_MAINSTREAM,16943.98,100.0,4,4.0,101368.53,15000.0,72.29,215.0,40452.31,-10204.439999999995,TRAVEL,37.2087441860465,8.27,LOW,0.0,N,N,N,N,MASTER_V1.5,2026-06-29,2026-06-29 19:54:02.726587
3266,Timothy Carlson,34,OK,2025-03-24,15,A,CREDIT_DEPENDENT,813.76,50.0,2,1.0,51543.68,0.0,0.0,105.0,31211.54,-15372.04,GROCERY,43.809714285714286,10.11,LOW,0.0,N,N,N,N,MASTER_V1.5,2026-06-29,2026-06-29 19:54:02.726587
3279,Benjamin Reynolds,58,NH,2017-02-13,112,A,ENGAGED_MAINSTREAM,9923.89,100.0,3,3.0,135152.18,15000.0,46.3,136.0,15540.66,-7008.200000000001,UTILITIES,44.85308823529412,25.36,MODERATE,0.0,N,N,N,N,MASTER_V1.5,2026-06-29,2026-06-29 19:54:02.726587
3285,Latoya Baldwin,48,VI,2021-12-23,54,A,GROWING_DIGITAL,3082.43,100.0,2,2.0,90799.57,0.0,0.0,98.0,29944.339999999997,-26401.119999999995,RETAIL,41.83357142857143,8.27,LOW,0.0,N,N,N,N,MASTER_V1.5,2026-06-29,2026-06-29 19:54:02.726587
3291,Susan Miller,40,SC,2017-07-29,107,A,GROWING_DIGITAL,9388.82,100.0,3,3.0,120506.98,0.0,0.0,111.0,16128.88,752.590000000002,UTILITIES,43.24774774774775,24.73,MODERATE,0.0,N,N,N,N,MASTER_V1.5,2026-06-29,2026-06-29 19:54:02.726587
3304,Aaron Leon,25,NV,2014-04-20,146,A,GROWING_DIGITAL,3639.24,100.0,1,1.0,21386.71,0.0,0.0,27.0,779.79,1554.2400000000002,RESTAURANT,33.33,16.64,LOW,0.0,N,Y,N,N,MASTER_V1.5,2026-06-29,2026-06-29 19:54:02.726587
3306,Richard Bryan,21,ID,2015-02-05,136,A,PREMIUM_WEALTH,15838.43,100.0,4,4.0,114222.55,15000.0,36.57,213.0,34940.2,25866.620000000003,UTILITIES,39.435915492957754,8.82,LOW,0.0,N,N,N,N,MASTER_V1.5,2026-06-29,2026-06-29 19:54:02.726587
3320,Melissa Robinson,64,NE,2023-01-31,41,A,CREDIT_DEPENDENT,2110.19,50.0,2,1.0,29542.72,15000.0,97.15,118.0,3720.76,6888.890000000001,GROCERY,42.378135593220335,1.36,LOW,0.0,N,N,N,N,MASTER_V1.5,2026-06-29,2026-06-29 19:54:02.726587
3339,Carl Tyler,60,MH,2015-06-01,132,A,ENGAGED_MAINSTREAM,15462.53,75.0,4,3.0,122276.04,5000.0,81.46,147.0,8435.78,-719.0900000000001,UTILITIES,42.179523809523815,17.27,LOW,0.0,N,N,N,N,MASTER_V1.5,2026-06-29,2026-06-29 19:54:02.726587
3375,Tonya Smith,20,CT,2023-08-15,34,A,PREMIUM_WEALTH,1692.75,100.0,2,2.0,21106.49,2000.0,35.58,69.0,21625.48,-10294.009999999998,GROCERY,33.3327536231884,12.45,LOW,0.0,N,N,N,N,MASTER_V1.5,2026-06-29,2026-06-29 19:54:02.726587
3405,Wendy Mendoza,70,MN,2016-12-16,114,A,GROWING_DIGITAL,3098.3,100.0,1,1.0,52639.67,0.0,0.0,67.0,10617.65,-7672.849999999999,CRYPTO_EXCHANGE,32.839999999999996,14.99,LOW,0.0,N,Y,N,N,MASTER_V1.5,2026-06-29,2026-06-29 19:54:02.726587
3406,Deanna George,74,CA,2024-03-23,27,A,ENGAGED_MAINSTREAM,2315.93,66.67,3,2.0,92660.8,25000.0,43.1,174.0,30889.300000000003,-10210.720000000001,RESTAURANT,39.0801724137931,8.45,LOW,0.0,N,N,N,N,MASTER_V1.5,2026-06-29,2026-06-29 19:54:02.726587
3411,Larry Meyer,24,OK,2014-11-28,139,A,CREDIT_DEPENDENT,7870.87,50.0,2,1.0,82866.61,5000.0,78.42,60.0,23104.04,-20237.09,GROCERY,39.998,16.35,LOW,0.0,N,N,N,N,MASTER_V1.5,2026-06-29,2026-06-29 19:54:02.726587
3424,Steven Lindsey,60,AS,2011-07-02,179,A,ENGAGED_MAINSTREAM,9822.03,100.0,2,2.0,58356.98,2000.0,53.89,114.0,12546.68,-7419.8,RETAIL,35.964035087719296,16.55,LOW,0.0,N,N,N,N,MASTER_V1.5,2026-06-29,2026-06-29 19:54:02.726587
3434,Jeremy Gonzales,69,NY,2011-09-26,177,A,ENGAGED_MAINSTREAM,13494.32,100.0,3,3.0,25983.4,5000.0,88.45,114.0,25886.73,-6583.740000000002,RETAIL,31.578421052631576,15.36,LOW,0.0,N,N,N,N,MASTER_V1.5,2026-06-29,2026-06-29 19:54:02.726587
3442,Joseph Johnson,75,OK,2022-02-05,52,A,ENGAGED_MAINSTREAM,6094.24,100.0,4,4.0,122968.47,10000.0,18.3,133.0,38388.509999999995,-13107.969999999994,RESTAURANT,30.076165413533833,10.64,LOW,0.0,N,N,N,N,MASTER_V1.5,2026-06-29,2026-06-29 19:54:02.726587
3449,Douglas Herman,37,MP,2015-06-23,132,A,GROWING_DIGITAL,11502.33,100.0,3,3.0,111136.76,0.0,0.0,118.0,17493.95,-1583.4000000000015,TRAVEL,38.98415254237288,17.09,LOW,0.0,N,N,N,N,MASTER_V1.5,2026-06-29,2026-06-29 19:54:02.726587
3454,Timothy Jones,27,DE,2015-06-14,132,A,GROWING_DIGITAL,6965.79,100.0,2,2.0,38339.34,25000.0,12.28,119.0,23196.66,3222.7700000000004,UTILITIES,35.295630252100835,10.71,LOW,0.0,N,N,N,N,MASTER_V1.5,2026-06-29,2026-06-29 19:54:02.726587
3474,Laura Smith,79,UT,2012-09-18,165,A,ENGAGED_MAINSTREAM,13558.75,100.0,3,3.0,57329.2,15000.0,58.38,165.0,24150.81,7001.9699999999975,UTILITIES,40.001393939393935,17.56,LOW,0.0,N,N,N,N,MASTER_V1.5,2026-06-29,2026-06-29 19:54:02.726587
3482,Christina Fox,78,OH,2020-05-05,73,A,VALUE_BASIC,1578.57,100.0,1,1.0,5708.44,15000.0,38.06,56.0,10712.09,-2208.8600000000006,UTILITIES,37.5,14.18,LOW,0.0,N,Y,Y,N,MASTER_V1.5,2026-06-29,2026-06-29 19:54:02.726587
3483,Calvin Obrien,29,AK,2015-09-25,129,A,VALUE_BASIC,3100.0,100.0,1,1.0,14948.82,15000.0,99.66,50.0,2387.74,9689.85,GROCERY,48.0,29.0,MODERATE,0.0,N,Y,N,N,MASTER_V1.5,2026-06-29,2026-06-29 19:54:02.726587
3523,Christopher Lucas,72,ND,2021-09-17,57,A,ENGAGED_MAINSTREAM,6799.24,100.0,4,4.0,151522.92,15000.0,29.1,175.0,36441.31,7516.460000000006,TRAVEL,44.00297142857143,20.73,MODERATE,0.0,N,N,N,N,MASTER_V1.5,2026-06-29,2026-06-29 19:54:02.726587
3526,Frank Davis,24,MN,2014-07-15,143,A,GROWING_DIGITAL,7467.05,100.0,2,2.0,34317.85,0.0,0.0,102.0,6627.93,-2271.5700000000006,RESTAURANT,39.21696078431373,29.92,MODERATE,0.0,N,N,N,N,MASTER_V1.5,2026-06-29,2026-06-29 19:54:02.726587
3531,Kimberly Marshall,77,MN,2022-12-01,42,A,ENGAGED_MAINSTREAM,3683.37,100.0,3,3.0,119757.92,0.0,0.0,186.0,22822.18,4101.18,UTILITIES,38.70978494623657,24.02,MODERATE,0.0,N,N,N,N,MASTER_V1.5,2026-06-29,2026-06-29 19:54:02.726587
3539,James Walsh,31,MI,2014-08-29,142,A,PREMIUM_WEALTH,7499.04,100.0,2,2.0,38639.51,10000.0,44.44,79.0,22544.59,8132.82,RESTAURANT,35.440759493670896,36.45,MODERATE,0.0,N,N,N,N,MASTER_V1.5,2026-06-29,2026-06-29 19:54:02.726587
3542,Dawn Gonzalez,33,WY,2017-04-08,110,A,VALUE_BASIC,1889.38,100.0,1,1.0,963.41,2000.0,48.17,54.0,12090.33,-8591.07,GAS_STATION,35.18999999999999,14.18,LOW,0.0,N,Y,N,N,MASTER_V1.5,2026-06-29,2026-06-29 19:54:02.726587
3558,Andrea Weaver,66,HI,2024-01-17,29,A,CREDIT_DEPENDENT,1529.32,50.0,2,1.0,38064.45,0.0,0.0,66.0,30179.55,-20458.079999999998,UTILITIES,28.792424242424243,26.36,MODERATE,0.0,N,N,N,N,MASTER_V1.5,2026-06-29,2026-06-29 19:54:02.726587
3564,Michael Weaver,53,PA,2018-06-28,96,A,ENGAGED_MAINSTREAM,11600.78,100.0,4,4.0,177042.67,10000.0,9.14,186.0,37354.1,-26824.159999999996,RETAIL,34.409462365591395,10.73,LOW,0.0,N,N,N,N,MASTER_V1.5,2026-06-29,2026-06-29 19:54:02.726587
3569,Adam Mills,51,NY,2026-04-03,2,A,CREDIT_DEPENDENT,49.0,0.0,1,0.0,18017.02,0.0,0.0,41.0,2063.45,8795.619999999999,GROCERY,48.78,0.0,LOW,0.0,N,N,N,N,MASTER_V1.5,2026-06-29,2026-06-29 19:54:02.726587
3578,Jessica Sutton,18,NV,2022-08-08,46,A,PREMIUM_WEALTH,3894.11,100.0,3,3.0,79800.87,0.0,0.0,109.0,34801.659999999996,-25885.379999999997,RETAIL,40.37064220183487,4.14,LOW,0.0,N,N,N,N,MASTER_V1.5,2026-06-29,2026-06-29 19:54:02.726587
3595,Corey Atkins,60,OH,2015-04-17,134,A,GROWING_DIGITAL,3481.5,100.0,1,1.0,32615.09,0.0,0.0,67.0,27583.04,-16877.5,GROCERY,41.79,13.64,LOW,0.0,N,Y,N,N,MASTER_V1.5,2026-06-29,2026-06-29 19:54:02.726587
3597,Rachel King,21,AS,2013-02-01,160,A,PREMIUM_WEALTH,13835.98,100.0,3,3.0,101720.53,0.0,0.0,184.0,53289.52,-17303.339999999997,INSURANCE,33.69592391304347,43.82,ELEVATED,0.0,N,N,N,N,MASTER_V1.5,2026-06-29,2026-06-29 19:54:02.726587
3602,Kirk Duran,72,NH,2013-02-09,160,A,ENGAGED_MAINSTREAM,14217.55,100.0,3,3.0,139798.14,5000.0,11.37,93.0,16928.93,-11097.400000000001,RESTAURANT,44.08451612903227,19.36,LOW,0.0,N,N,N,N,MASTER_V1.5,2026-06-29,2026-06-29 19:54:02.726587
3625,Katherine Juarez,36,WY,2016-12-16,114,A,VALUE_BASIC,2271.52,100.0,1,1.0,2893.56,15000.0,19.29,17.0,930.72,35.809999999999945,HEALTHCARE,35.29,15.0,LOW,0.0,N,Y,Y,N,MASTER_V1.5,2026-06-29,2026-06-29 19:54:02.726587
3659,Billy Hamilton,82,IN,2017-02-24,112,A,GROWING_DIGITAL,2571.96,100.0,1,1.0,9755.23,0.0,0.0,27.0,2939.88,-2253.06,TRAVEL,33.34,16.09,LOW,0.0,N,Y,Y,N,MASTER_V1.5,2026-06-29,2026-06-29 19:54:02.726587
3686,Barbara Briggs,66,AK,2015-10-29,128,A,ENGAGED_MAINSTREAM,6616.46,100.0,2,2.0,30890.84,25000.0,71.85,80.0,20289.54,-15906.87,GROCERY,43.749874999999996,7.55,LOW,0.0,N,N,N,N,MASTER_V1.5,2026-06-29,2026-06-29 19:54:02.726587
3694,Donald Garcia,59,NM,2014-10-20,140,A,ENGAGED_MAINSTREAM,16468.3,75.0,4,3.0,128420.95,5000.0,22.32,228.0,61563.25,-43431.18,RESTAURANT,40.788640350877195,4.55,LOW,0.0,N,N,N,N,MASTER_V1.5,2026-06-29,2026-06-29 19:54:02.726587
3703,Wendy Johnson,73,NH,2023-09-24,33,A,GROWING_DIGITAL,920.64,100.0,1,1.0,70211.83,0.0,0.0,59.0,12101.98,-10006.13,UTILITIES,38.980000000000004,34.05,MODERATE,0.0,N,Y,N,N,MASTER_V1.5,2026-06-29,2026-06-29 19:54:02.726587
3718,Travis Foster,33,TN,2016-07-10,119,A,CREDIT_DEPENDENT,6761.03,50.0,2,1.0,86083.91,0.0,0.0,89.0,6727.639999999999,-2853.7599999999993,RETAIL,40.455617977528085,10.55,LOW,0.0,N,N,N,N,MASTER_V1.5,2026-06-29,2026-06-29 19:54:02.726587
3720,Kimberly Smith,77,MD,2013-05-30,157,A,ENGAGED_MAINSTREAM,14108.29,100.0,3,3.0,159780.9,0.0,0.0,120.0,22138.600000000002,-18114.86,RETAIL,45.83433333333333,15.3,LOW,0.0,N,N,N,N,MASTER_V1.5,2026-06-29,2026-06-29 19:54:02.726587
3724,Cory Thompson,64,PW,2022-08-10,46,A,ENGAGED_MAINSTREAM,5535.21,100.0,4,4.0,168225.27,10000.0,83.99,180.0,37118.08,29699.119999999995,UTILITIES,35.555,12.82,LOW,0.0,N,N,N,N,MASTER_V1.5,2026-06-29,2026-06-29 19:54:02.726587
3729,Kevin Spencer,20,NC,2013-03-21,159,A,PREMIUM_WEALTH,13776.34,100.0,3,3.0,104035.34,2000.0,98.31,165.0,14108.720000000001,21488.769999999997,RETAIL,35.152242424242424,22.09,MODERATE,0.0,N,N,N,N,MASTER_V1.5,2026-06-29,2026-06-29 19:54:02.726587
3731,Roberta Doyle,69,KS,2024-05-12,25,A,GROWING_DIGITAL,650.46,100.0,1,1.0,33103.27,0.0,0.0,66.0,17221.3,-14918.099999999999,ENTERTAINMENT,30.31,6.53,LOW,0.0,N,Y,N,N,MASTER_V1.5,2026-06-29,2026-06-29 19:54:02.726587
3734,Lynn Romero,39,GA,2011-10-05,176,A,GROWING_DIGITAL,14137.09,100.0,3,3.0,44797.8,0.0,0.0,119.0,15189.91,-9164.32,TRAVEL,43.69840336134454,20.36,MODERATE,0.0,N,N,N,N,MASTER_V1.5,2026-06-29,2026-06-29 19:54:02.726587
3740,Julie Lowe,42,CA,2022-10-27,44,A,PREMIUM_WEALTH,5311.53,75.0,4,3.0,174845.81,10000.0,91.13,164.0,22245.73,-15621.58,UTILITIES,40.85213414634146,29.99,MODERATE,0.0,N,N,N,N,MASTER_V1.5,2026-06-29,2026-06-29 19:54:02.726587
3753,Diane Hoffman,25,OK,2019-04-02,86,A,CREDIT_DEPENDENT,4517.95,50.0,2,1.0,36565.55,2000.0,41.44,92.0,5115.870000000001,1101.8199999999997,RETAIL,35.87369565217391,15.27,LOW,0.0,N,N,N,N,MASTER_V1.5,2026-06-29,2026-06-29 19:54:02.726587
3756,Ryan Johnson,25,MD,2019-12-09,78,A,PREMIUM_WEALTH,5850.13,66.67,3,2.0,22031.3,15000.0,9.01,97.0,30786.410000000003,-14630.760000000004,UTILITIES,44.32845360824742,15.73,LOW,0.0,N,N,N,N,MASTER_V1.5,2026-06-29,2026-06-29 19:54:02.726587
3764,Kendra Atkinson,75,KY,2020-04-03,74,A,ENGAGED_MAINSTREAM,8299.94,100.0,4,4.0,74319.73,15000.0,42.35,173.0,44463.4,-12929.270000000004,RESTAURANT,36.989999999999995,17.73,LOW,0.0,N,N,N,N,MASTER_V1.5,2026-06-29,2026-06-29 19:54:02.726587
3767,Rebecca Price,51,MP,2020-06-12,72,A,GROWING_DIGITAL,3981.88,100.0,2,2.0,63626.12,0.0,0.0,101.0,25257.73,-21895.67,TRAVEL,35.644059405940595,19.55,LOW,0.0,N,N,N,N,MASTER_V1.5,2026-06-29,2026-06-29 19:54:02.726587
3771,Deborah Miller,60,TX,2012-04-29,170,A,ENGAGED_MAINSTREAM,15100.19,100.0,3,3.0,139146.6,5000.0,4.96,122.0,14744.400000000001,13162.82,UTILITIES,36.88114754098361,11.91,LOW,0.0,N,N,N,N,MASTER_V1.5,2026-06-29,2026-06-29 19:54:02.726587
3781,Carl Strickland,47,GU,2025-05-27,13,A,GROWING_DIGITAL,1161.93,100.0,3,3.0,149822.11,0.0,0.0,131.0,17477.96,-198.05999999999767,TRAVEL,35.112671755725195,17.44,LOW,0.0,N,N,N,N,MASTER_V1.5,2026-06-29,2026-06-29 19:54:02.726587
3788,Robert Bryan,60,MD,2014-10-03,140,A,ENGAGED_MAINSTREAM,13915.38,100.0,4,4.0,20734.6,5000.0,8.82,132.0,16467.440000000002,10863.609999999997,RETAIL,43.18174242424242,8.0,LOW,0.0,N,N,N,N,MASTER_V1.5,2026-06-29,2026-06-29 19:54:02.726587
3801,Catherine Hall,52,IL,2022-05-26,49,A,GROWING_DIGITAL,1291.92,100.0,1,1.0,38035.83,0.0,0.0,34.0,6153.16,13441.900000000001,RETAIL,52.94,8.18,LOW,0.0,N,Y,N,N,MASTER_V1.5,2026-06-29,2026-06-29 19:54:02.726587
3812,Matthew Zhang,41,CO,2011-09-17,177,A,GROWING_DIGITAL,4512.16,100.0,1,1.0,26822.07,0.0,0.0,25.0,15616.99,-14082.789999999999,ENTERTAINMENT,48.0,3.27,LOW,0.0,N,Y,N,N,MASTER_V1.5,2026-06-29,2026-06-29 19:54:02.726587
3824,Stephen Patrick,55,NV,2019-08-19,82,A,GROWING_DIGITAL,4392.15,100.0,2,2.0,44916.35,5000.0,29.04,122.0,27330.940000000002,-5151.110000000004,GROCERY,39.34655737704917,10.82,LOW,0.0,N,N,N,N,MASTER_V1.5,2026-06-29,2026-06-29 19:54:02.726587
3825,Scott Kelly,24,NH,2021-11-11,55,A,PREMIUM_WEALTH,6526.18,75.0,4,3.0,142311.48,10000.0,88.28,135.0,49452.6,-33111.64,TRAVEL,34.07548148148148,9.27,LOW,0.0,N,N,N,N,MASTER_V1.5,2026-06-29,2026-06-29 19:54:02.726587
3827,Diane Johnson,72,MA,2022-12-18,42,A,GROWING_DIGITAL,2374.86,100.0,2,2.0,81539.85,0.0,0.0,116.0,30391.41,-15431.89,RETAIL,34.476810344827584,17.3,LOW,0.0,N,N,N,N,MASTER_V1.5,2026-06-29,2026-06-29 19:54:02.726587
3844,Dakota Sullivan,25,HI,2020-01-13,77,A,PREMIUM_WEALTH,6100.63,100.0,3,3.0,38710.28,5000.0,89.63,164.0,46994.96,-30082.909999999996,RESTAURANT,39.02158536585366,10.45,LOW,0.0,N,N,N,N,MASTER_V1.5,2026-06-29,2026-06-29 19:54:02.726587
3881,Margaret Lloyd,26,ND,2024-08-30,22,A,GROWING_DIGITAL,1192.74,100.0,2,2.0,51178.12,0.0,0.0,115.0,36282.58,-15103.220000000001,UTILITIES,40.00217391304348,5.36,LOW,0.0,N,N,N,N,MASTER_V1.5,2026-06-29,2026-06-29 19:54:02.726587
3918,Grant Jones,56,PR,2014-04-11,146,A,GROWING_DIGITAL,4084.99,100.0,1,1.0,72529.49,0.0,0.0,53.0,4196.61,3096.29,GROCERY,33.96000000000001,13.73,LOW,0.0,N,Y,N,N,MASTER_V1.5,2026-06-29,2026-06-29 19:54:02.726587
3932,Audrey Rodriguez,30,DE,2024-03-31,27,A,PREMIUM_WEALTH,1485.84,100.0,2,2.0,60246.03,10000.0,64.85,73.0,25852.89,-7337.379999999997,GROCERY,42.46630136986301,35.18,MODERATE,0.0,N,N,N,N,MASTER_V1.5,2026-06-29,2026-06-29 19:54:02.726587
3933,Frank Clark,81,VI,2023-12-13,30,A,ENGAGED_MAINSTREAM,2585.91,66.67,3,2.0,98021.27,5000.0,44.37,157.0,7214.63,3246.1099999999997,RETAIL,44.58968152866242,12.16,LOW,0.0,N,N,N,N,MASTER_V1.5,2026-06-29,2026-06-29 19:54:02.726587
3949,Natalie Shepherd,41,WY,2018-04-14,98,A,GROWING_DIGITAL,5562.88,100.0,2,2.0,85205.56,0.0,0.0,80.0,10775.42,12104.389999999998,RESTAURANT,35.008,16.45,LOW,0.0,N,N,N,N,MASTER_V1.5,2026-06-29,2026-06-29 19:54:02.726587
3961,Anthony David,23,VT,2014-08-27,142,A,PREMIUM_WEALTH,16240.33,100.0,4,4.0,92674.98,5000.0,79.12,152.0,39499.23,-12067.130000000005,TRAVEL,32.896776315789474,22.91,MODERATE,0.0,N,N,N,N,MASTER_V1.5,2026-06-29,2026-06-29 19:54:02.726587
3980,Lisa Santiago,49,DE,2019-03-15,87,A,GROWING_DIGITAL,4577.21,100.0,2,2.0,37135.51,10000.0,23.66,98.0,17436.04,779.0299999999988,GROCERY,33.68081632653061,23.48,MODERATE,0.0,N,N,N,N,MASTER_V1.5,2026-06-29,2026-06-29 19:54:02.726587
3987,Amanda Rice,47,TX,2014-03-15,147,A,GROWING_DIGITAL,8009.9,100.0,2,2.0,54058.9,15000.0,25.12,123.0,5639.68,23280.39,GROCERY,33.33243902439025,28.09,MODERATE,0.0,N,N,N,N,MASTER_V1.5,2026-06-29,2026-06-29 19:54:02.726587
3992,Madeline Miller,56,AZ,2017-05-12,109,A,VALUE_BASIC,2249.65,100.0,1,1.0,3849.16,15000.0,25.66,38.0,1563.95,707.3700000000001,GROCERY,36.84,11.55,LOW,0.0,N,Y,Y,N,MASTER_V1.5,2026-06-29,2026-06-29 19:54:02.726587
4009,Isaac Mclaughlin,73,SC,2016-04-19,122,A,GROWING_DIGITAL,7050.57,100.0,2,2.0,104643.34,0.0,0.0,82.0,27656.08,-24810.870000000003,TRAVEL,43.90634146341463,14.45,LOW,0.0,N,N,N,N,MASTER_V1.5,2026-06-29,2026-06-29 19:54:02.726587
4048,Amanda Shaw,70,NV,2019-06-20,84,A,ENGAGED_MAINSTREAM,7353.31,100.0,3,3.0,117234.03,0.0,0.0,142.0,32216.36,18144.08,GROCERY,41.5456338028169,9.27,LOW,0.0,N,N,N,N,MASTER_V1.5,2026-06-29,2026-06-29 19:54:02.726587
4063,David Green,35,AR,2023-01-05,41,A,GROWING_DIGITAL,2106.1,100.0,2,2.0,28959.5,2000.0,8.08,81.0,12520.14,2789.9100000000017,RESTAURANT,28.396666666666665,31.77,MODERATE,0.0,N,N,N,N,MASTER_V1.5,2026-06-29,2026-06-29 19:54:02.726587
4075,Heidi James,53,MN,2016-11-17,115,A,ENGAGED_MAINSTREAM,9537.33,100.0,3,3.0,63435.48,25000.0,67.03,62.0,23784.23,-6650.869999999999,RESTAURANT,40.3241935483871,22.33,MODERATE,0.0,N,N,N,N,MASTER_V1.5,2026-06-29,2026-06-29 19:54:02.726587
4090,Mike Lindsey,76,MD,2024-04-10,26,A,ENGAGED_MAINSTREAM,1881.43,100.0,3,3.0,15496.35,10000.0,22.48,145.0,32756.04,23969.729999999996,RESTAURANT,40.692689655172416,28.88,MODERATE,0.0,N,N,N,N,MASTER_V1.5,2026-06-29,2026-06-29 19:54:02.726587
4093,Jeremy Brown,63,UT,2020-07-25,71,A,CREDIT_DEPENDENT,5624.04,33.33,3,1.0,38622.27,5000.0,34.32,163.0,40247.54,-21723.04,RETAIL,34.35736196319018,10.0,LOW,0.0,N,N,N,Y,MASTER_V1.5,2026-06-29,2026-06-29 19:54:02.726587
4099,Wesley Frye,60,FM,2025-12-30,6,A,GROWING_DIGITAL,157.24,100.0,1,1.0,35701.94,0.0,0.0,30.0,13471.96,-13014.07,GROCERY,50.0,38.82,MODERATE,0.0,N,Y,N,N,MASTER_V1.5,2026-06-29,2026-06-29 19:54:02.726587
4108,Timothy Perez,70,WA,2022-10-28,44,A,ENGAGED_MAINSTREAM,3872.67,100.0,3,3.0,124911.86,0.0,0.0,186.0,39178.03,-12122.16,GROCERY,35.48322580645161,8.2,LOW,0.0,N,N,N,N,MASTER_V1.5,2026-06-29,2026-06-29 19:54:02.726587
4110,Terri Reid,82,NC,2019-10-04,80,A,ENGAGED_MAINSTREAM,8372.11,100.0,4,4.0,35071.4,2000.0,14.28,224.0,35526.67,-19677.479999999996,RETAIL,37.05285714285714,13.33,LOW,0.0,N,N,N,N,MASTER_V1.5,2026-06-29,2026-06-29 19:54:02.726587
4148,Philip Montoya,41,VA,2018-12-13,90,A,GROWING_DIGITAL,4671.15,100.0,2,2.0,32219.87,15000.0,43.31,99.0,30842.13,-15479.910000000002,UTILITIES,36.36848484848485,22.55,MODERATE,0.0,N,N,N,N,MASTER_V1.5,2026-06-29,2026-06-29 19:54:02.726587
4152,Allen Holt,70,LA,2024-10-01,20,A,ENGAGED_MAINSTREAM,1643.81,100.0,3,3.0,57453.67,2000.0,67.91,112.0,54397.53,-40853.74,RESTAURANT,38.39178571428572,19.87,LOW,0.0,N,N,N,N,MASTER_V1.5,2026-06-29,2026-06-29 19:54:02.726587
4163,Richard White,84,ND,2023-12-14,30,A,ENGAGED_MAINSTREAM,2519.43,100.0,3,3.0,72945.83,5000.0,78.82,150.0,14691.470000000001,25218.46,UTILITIES,47.3316,13.73,LOW,0.0,N,N,N,N,MASTER_V1.5,2026-06-29,2026-06-29 19:54:02.726587
4173,Kelly Taylor,56,FM,2019-09-02,81,A,ENGAGED_MAINSTREAM,9400.19,75.0,4,3.0,109663.12,15000.0,52.07,184.0,33295.8,-6591.9100000000035,RETAIL,37.49766304347826,9.99,LOW,0.0,N,N,N,N,MASTER_V1.5,2026-06-29,2026-06-29 19:54:02.726587
4174,Christy Moore,49,HI,2019-12-16,78,A,GROWING_DIGITAL,2036.55,100.0,1,1.0,34332.74,0.0,0.0,16.0,959.89,9737.94,RETAIL,37.5,5.55,LOW,0.0,N,Y,N,N,MASTER_V1.5,2026-06-29,2026-06-29 19:54:02.726587
4177,Danielle Harrington,50,MH,2021-08-31,58,A,GROWING_DIGITAL,3204.85,100.0,2,2.0,63018.96,0.0,0.0,61.0,17992.77,-7275.68,UTILITIES,40.987049180327865,17.36,LOW,0.0,N,N,N,N,MASTER_V1.5,2026-06-29,2026-06-29 19:54:02.726587
4179,Ashley Mosley,61,MO,2024-01-30,29,A,VALUE_BASIC,672.64,100.0,1,1.0,10697.66,0.0,0.0,63.0,22167.4,-18734.18,PAWN_SHOP,39.68,6.82,LOW,0.0,N,Y,N,N,MASTER_V1.5,2026-06-29,2026-06-29 19:54:02.726587
4180,David Harding,83,NM,2020-05-12,73,A,ENGAGED_MAINSTREAM,8791.74,100.0,4,4.0,169987.1,25000.0,36.92,170.0,39978.13,-2315.1699999999983,GROCERY,38.234352941176475,7.4,LOW,0.0,N,N,N,N,MASTER_V1.5,2026-06-29,2026-06-29 19:54:02.726587
4185,Steven Rogers,76,DE,2012-07-29,167,A,ENGAGED_MAINSTREAM,14134.21,100.0,3,3.0,79602.47,25000.0,32.35,146.0,14815.76,22140.9,UTILITIES,33.565479452054795,22.31,MODERATE,0.0,N,N,N,N,MASTER_V1.5,2026-06-29,2026-06-29 19:54:02.726587
4187,Devin Phillips,38,LA,2021-07-02,59,A,PREMIUM_WEALTH,5183.3,100.0,3,3.0,122231.92,2000.0,14.61,130.0,20480.29,-14593.37,RESTAURANT,40.767230769230764,20.09,MODERATE,0.0,N,N,N,N,MASTER_V1.5,2026-06-29,2026-06-29 19:54:02.726587
4189,Juan Franklin,29,MH,2019-09-19,81,A,GROWING_DIGITAL,4565.85,100.0,2,2.0,78724.27,10000.0,22.98,70.0,14357.310000000001,3027.869999999999,HEALTHCARE,24.285,20.35,MODERATE,0.0,N,N,N,N,MASTER_V1.5,2026-06-29,2026-06-29 19:54:02.726587
4198,Sara Roach,81,NC,2017-06-12,108,A,ENGAGED_MAINSTREAM,12285.55,100.0,4,4.0,87160.44,5000.0,38.28,114.0,15462.119999999999,3275.6200000000026,UTILITIES,34.21026315789474,4.09,LOW,0.0,N,N,N,N,MASTER_V1.5,2026-06-29,2026-06-29 19:54:02.726587
4210,Nicole Manning,73,OR,2012-09-11,165,A,ENGAGED_MAINSTREAM,13930.72,66.67,3,2.0,77431.49,15000.0,79.32,142.0,19167.46,-12999.599999999999,RETAIL,34.51084507042253,4.46,LOW,0.0,N,N,N,N,MASTER_V1.5,2026-06-29,2026-06-29 19:54:02.726587
4212,Antonio Jones,47,CO,2014-06-20,144,A,GROWING_DIGITAL,3961.97,100.0,1,1.0,60202.36,0.0,0.0,19.0,1063.89,-585.3100000000002,GROCERY,47.37,16.29,LOW,0.0,N,Y,N,N,MASTER_V1.5,2026-06-29,2026-06-29 19:54:02.726587
4214,Vanessa Miller,68,NJ,2021-12-10,54,A,ENGAGED_MAINSTREAM,6399.05,100.0,4,4.0,140096.84,15000.0,70.68,242.0,49575.020000000004,-5079.070000000007,RETAIL,41.733429752066115,17.14,LOW,0.0,N,N,N,N,MASTER_V1.5,2026-06-29,2026-06-29 19:54:02.726587
4221,Christopher Winters,31,KS,2023-08-03,34,A,PREMIUM_WEALTH,3958.56,100.0,4,4.0,113871.0,25000.0,24.62,156.0,24170.71,1061.2300000000032,UTILITIES,44.22826923076923,6.64,LOW,0.0,N,N,N,N,MASTER_V1.5,2026-06-29,2026-06-29 19:54:02.726587
4226,Monica Hernandez,26,NY,2015-02-06,136,A,PREMIUM_WEALTH,15563.67,75.0,4,3.0,93328.07,25000.0,49.34,227.0,32789.759999999995,-11079.009999999995,GROCERY,33.91859030837005,24.09,MODERATE,0.0,N,N,N,N,MASTER_V1.5,2026-06-29,2026-06-29 19:54:02.726587
4236,Amber Cook,30,PR,2020-05-09,73,A,GROWING_DIGITAL,1825.01,100.0,1,1.0,22027.55,0.0,0.0,42.0,16240.61,-13570.970000000001,RESTAURANT,38.09,18.64,LOW,0.0,N,Y,N,N,MASTER_V1.5,2026-06-29,2026-06-29 19:54:02.726587
4252,Janet Richard,52,WI,2022-11-26,43,A,VALUE_BASIC,1983.13,100.0,2,2.0,10136.01,25000.0,19.42,64.0,3631.81,10482.710000000001,TRAVEL,35.941875,7.36,LOW,0.0,N,N,N,N,MASTER_V1.5,2026-06-29,2026-06-29 19:54:02.726587
4261,Christina Mcclain,19,MA,2016-07-07,119,A,VALUE_BASIC,2314.35,100.0,1,1.0,2390.64,5000.0,47.81,15.0,865.36,-509.63,TRAVEL,33.34,10.45,LOW,0.0,N,Y,Y,N,MASTER_V1.5,2026-06-29,2026-06-29 19:54:02.726587
4266,Brian Payne,24,MO,2023-10-15,32,A,PREMIUM_WEALTH,3456.73,75.0,4,3.0,49132.53,25000.0,11.88,156.0,45298.060000000005,-15619.270000000004,RETAIL,42.30500000000001,7.73,LOW,0.0,N,N,N,N,MASTER_V1.5,2026-06-29,2026-06-29 19:54:02.726587
4278,Bill Jacobson,36,FM,2011-12-20,174,A,PREMIUM_WEALTH,15709.53,100.0,3,3.0,169050.37,0.0,0.0,184.0,26709.42,-6749.8499999999985,RETAIL,35.8704347826087,11.18,LOW,0.0,N,N,N,N,MASTER_V1.5,2026-06-29,2026-06-29 19:54:02.726587
4283,Susan Mclean,66,MA,2021-08-11,58,A,VALUE_BASIC,1276.65,100.0,1,1.0,6664.27,0.0,0.0,37.0,12004.89,-2353.3999999999996,EDUCATION,29.73,14.91,LOW,0.0,N,Y,Y,N,MASTER_V1.5,2026-06-29,2026-06-29 19:54:02.726587
4285,Meredith Valencia,19,TN,2018-03-22,99,A,PREMIUM_WEALTH,5126.68,100.0,2,2.0,31474.52,15000.0,86.41,147.0,34201.95,-13598.749999999996,RESTAURANT,43.535238095238086,9.09,LOW,0.0,N,N,N,N,MASTER_V1.5,2026-06-29,2026-06-29 19:54:02.726587
4286,Brittney Henderson,79,IN,2020-05-05,73,A,GROWING_DIGITAL,1966.55,100.0,1,1.0,47840.01,0.0,0.0,25.0,463.77,1531.5,RETAIL,32.0,20.0,MODERATE,0.0,N,Y,N,N,MASTER_V1.5,2026-06-29,2026-06-29 19:54:02.726587
4291,Christopher Cooper,85,AS,2018-02-16,100,A,ENGAGED_MAINSTREAM,8254.75,66.67,3,2.0,60254.78,5000.0,74.96,109.0,18757.620000000003,1553.9699999999975,UTILITIES,38.5340366972477,4.18,LOW,0.0,N,N,N,N,MASTER_V1.5,2026-06-29,2026-06-29 19:54:02.726587
4317,Clayton Rogers,33,VT,2013-06-09,156,A,GROWING_DIGITAL,7832.59,100.0,2,2.0,22966.21,2000.0,13.61,66.0,26320.43,-23304.32,UTILITIES,42.421818181818175,26.82,MODERATE,0.0,N,N,N,N,MASTER_V1.5,2026-06-29,2026-06-29 19:54:02.726587
4321,David Jones,79,WV,2019-07-04,83,A,VALUE_BASIC,1450.89,100.0,1,1.0,1088.14,2000.0,54.41,36.0,1542.06,7085.15,RETAIL,33.33,0.0,LOW,0.0,N,Y,Y,N,MASTER_V1.5,2026-06-29,2026-06-29 19:54:02.726587
4339,Robert Taylor,75,NE,2014-09-20,141,A,ENGAGED_MAINSTREAM,7563.53,100.0,2,2.0,45634.24,2000.0,41.53,90.0,30782.28,-4490.629999999997,TRAVEL,36.672000000000004,13.64,LOW,0.0,N,N,N,N,MASTER_V1.5,2026-06-29,2026-06-29 19:54:02.726587
4355,Kelsey Valenzuela,32,NY,2015-06-29,132,A,PREMIUM_WEALTH,11505.52,100.0,3,3.0,111494.79,0.0,0.0,98.0,47709.14,-43619.979999999996,HEALTHCARE,37.755102040816325,16.82,LOW,0.0,N,N,N,N,MASTER_V1.5,2026-06-29,2026-06-29 19:54:02.726587
4362,Matthew Hodges,64,ID,2012-10-17,164,A,ENGAGED_MAINSTREAM,17284.13,100.0,4,4.0,37763.76,10000.0,56.77,145.0,37175.37,-30822.570000000003,TRAVEL,40.69255172413793,4.18,LOW,0.0,N,N,N,N,MASTER_V1.5,2026-06-29,2026-06-29 19:54:02.726587
4373,Shelby Short,39,WY,2013-04-23,158,A,GROWING_DIGITAL,8921.99,100.0,2,2.0,80311.07,10000.0,33.06,89.0,32057.55,-18331.089999999997,RESTAURANT,41.574269662921346,27.61,MODERATE,0.0,N,N,N,N,MASTER_V1.5,2026-06-29,2026-06-29 19:54:02.726587
4381,Lori Walker,32,PA,2024-07-19,23,A,PREMIUM_WEALTH,2032.24,100.0,3,3.0,130755.36,15000.0,37.45,174.0,20243.039999999997,24858.920000000002,GROCERY,35.054712643678165,12.45,LOW,0.0,N,N,N,N,MASTER_V1.5,2026-06-29,2026-06-29 19:54:02.726587
4398,Danielle Townsend,69,WY,2014-01-04,149,A,ENGAGED_MAINSTREAM,17678.0,75.0,4,3.0,142120.2,10000.0,68.55,224.0,43643.86,-8548.870000000003,RESTAURANT,41.06861607142857,11.32,LOW,0.0,N,N,N,N,MASTER_V1.5,2026-06-29,2026-06-29 19:54:02.726587
4416,Ashlee Love,19,NV,2024-04-16,26,A,PREMIUM_WEALTH,3127.38,100.0,4,4.0,167441.23,15000.0,46.06,202.0,28944.87,7116.710000000003,UTILITIES,36.63896039603961,9.54,LOW,0.0,N,N,N,N,MASTER_V1.5,2026-06-29,2026-06-29 19:54:02.726587
4430,Micheal Patterson,22,DE,2021-05-01,61,A,PREMIUM_WEALTH,5341.19,66.67,3,2.0,117563.34,10000.0,32.58,132.0,7062.42,-68.98999999999978,UTILITIES,41.662878787878796,17.18,LOW,0.0,N,N,N,N,MASTER_V1.5,2026-06-29,2026-06-29 19:54:02.726587
4454,Elizabeth Graham,58,UT,2016-02-07,124,A,GROWING_DIGITAL,10409.93,100.0,3,3.0,72654.64,15000.0,2.36,63.0,4163.77,25825.569999999996,RESTAURANT,44.445079365079366,16.91,LOW,0.0,N,N,N,N,MASTER_V1.5,2026-06-29,2026-06-29 19:54:02.726587
4468,Mark Green,56,IA,2015-12-11,126,A,ENGAGED_MAINSTREAM,10442.81,100.0,3,3.0,62981.56,10000.0,22.87,112.0,36896.9,-21813.82,TRAVEL,50.894285714285715,24.5,MODERATE,0.0,N,N,N,N,MASTER_V1.5,2026-06-29,2026-06-29 19:54:02.726587
4479,Patricia Duncan,78,WY,2011-08-11,178,A,CREDIT_DEPENDENT,15440.67,33.33,3,1.0,105455.47,15000.0,5.16,146.0,27568.4,5262.379999999997,UTILITIES,43.83452054794521,24.45,MODERATE,0.0,N,N,N,Y,MASTER_V1.5,2026-06-29,2026-06-29 19:54:02.726587
4481,Rachel Stone,82,LA,2016-05-13,121,A,ENGAGED_MAINSTREAM,10496.11,100.0,3,3.0,105447.11,25000.0,21.77,135.0,7999.81,18143.12,TRAVEL,39.260962962962964,23.36,MODERATE,0.0,N,N,N,N,MASTER_V1.5,2026-06-29,2026-06-29 19:54:02.726587
4482,Kristen Wood,72,SC,2020-11-22,67,A,GROWING_DIGITAL,1855.3,100.0,1,1.0,64630.45,0.0,0.0,21.0,1241.81,8030.960000000001,TRAVEL,38.099999999999994,25.79,MODERATE,0.0,N,Y,N,N,MASTER_V1.5,2026-06-29,2026-06-29 19:54:02.726587
4494,Nicole Phillips,49,VT,2017-01-09,113,A,PREMIUM_WEALTH,9756.95,66.67,3,2.0,99969.45,15000.0,26.48,139.0,34122.64,2038.5599999999977,RETAIL,39.57194244604317,14.32,LOW,0.0,N,N,N,N,MASTER_V1.5,2026-06-29,2026-06-29 19:54:02.726587
4499,Randy Underwood,39,MT,2023-06-10,36,A,GROWING_DIGITAL,968.79,100.0,1,1.0,47302.98,0.0,0.0,48.0,2501.8,7590.579999999999,RETAIL,37.5,29.32,MODERATE,0.0,N,Y,N,N,MASTER_V1.5,2026-06-29,2026-06-29 19:54:02.726587
4505,Brian Perez,65,WY,2024-01-17,29,A,GROWING_DIGITAL,707.37,100.0,1,1.0,17270.7,0.0,0.0,66.0,5464.37,6209.7699999999995,GROCERY,33.33,8.11,LOW,0.0,N,Y,N,N,MASTER_V1.5,2026-06-29,2026-06-29 19:54:02.726587
4507,Juan Myers,30,AR,2020-08-01,70,A,VALUE_BASIC,1591.46,100.0,1,1.0,8902.38,15000.0,59.35,65.0,3945.97,858.94,TRAVEL,44.61,17.82,LOW,0.0,N,Y,Y,N,MASTER_V1.5,2026-06-29,2026-06-29 19:54:02.726587
4517,Shelly Thompson,60,CO,2012-04-29,170,A,GROWING_DIGITAL,9564.91,100.0,2,2.0,77098.08,0.0,0.0,103.0,30260.449999999997,-9029.449999999997,RETAIL,33.98,20.36,MODERATE,0.0,N,N,N,N,MASTER_V1.5,2026-06-29,2026-06-29 19:54:02.726587
4533,Jonathan Hunter,34,MS,2015-09-11,129,A,GROWING_DIGITAL,7553.93,100.0,2,2.0,121968.21,0.0,0.0,70.0,31038.690000000002,-19301.97,RESTAURANT,32.858,26.92,MODERATE,0.0,N,N,N,N,MASTER_V1.5,2026-06-29,2026-06-29 19:54:02.726587
4535,Charles Lopez,55,NV,2022-12-20,42,A,GROWING_DIGITAL,1110.41,100.0,1,1.0,39158.1,0.0,0.0,40.0,3511.49,-2053.75,GROCERY,47.5,21.09,MODERATE,0.0,N,Y,N,N,MASTER_V1.5,2026-06-29,2026-06-29 19:54:02.726587
4542,Michael George,44,PA,2015-04-01,134,A,GROWING_DIGITAL,7653.92,100.0,2,2.0,91469.88,0.0,0.0,96.0,28191.92,-23795.149999999998,UTILITIES,36.455312500000005,6.18,LOW,0.0,N,N,N,N,MASTER_V1.5,2026-06-29,2026-06-29 19:54:02.726587
4548,Regina Singh,59,WI,2025-10-13,8,A,ENGAGED_MAINSTREAM,652.67,100.0,3,3.0,52989.07,5000.0,65.87,106.0,19133.27,-14402.26,RESTAURANT,43.398113207547176,1.91,LOW,0.0,N,N,N,N,MASTER_V1.5,2026-06-29,2026-06-29 19:54:02.726587
4550,Rebecca Smith,65,KS,2018-02-04,100,A,ENGAGED_MAINSTREAM,8770.49,100.0,3,3.0,119848.54,15000.0,74.8,140.0,9879.71,-2871.7599999999993,RESTAURANT,36.424,17.6,LOW,0.0,N,N,N,N,MASTER_V1.5,2026-06-29,2026-06-29 19:54:02.726587
4555,Claire Mckee,39,ID,2018-11-26,91,A,PREMIUM_WEALTH,7255.97,100.0,3,3.0,41417.5,5000.0,74.5,119.0,33814.76,-27865.56,GROCERY,45.37966386554621,21.75,MODERATE,0.0,N,N,N,N,MASTER_V1.5,2026-06-29,2026-06-29 19:54:02.726587
4564,Richard Graham,34,IN,2021-12-13,54,A,PREMIUM_WEALTH,6076.64,100.0,4,4.0,77113.18,10000.0,83.4,221.0,23418.35,11734.269999999997,RETAIL,37.55769230769231,25.55,MODERATE,0.0,N,N,N,N,MASTER_V1.5,2026-06-29,2026-06-29 19:54:02.726587
4567,Matthew Green,82,NM,2017-02-11,112,A,VALUE_BASIC,2554.73,100.0,1,1.0,9173.16,10000.0,91.73,67.0,4191.0,7445.4,GROCERY,35.82,12.79,LOW,0.0,N,Y,Y,N,MASTER_V1.5,2026-06-29,2026-06-29 19:54:02.726587
4568,Andrea Davis,51,OH,2021-02-17,64,A,PREMIUM_WEALTH,7361.16,100.0,4,4.0,98894.86,15000.0,45.18,179.0,46280.86,-20211.420000000002,UTILITIES,39.10296089385474,8.94,LOW,0.0,N,N,N,N,MASTER_V1.5,2026-06-29,2026-06-29 19:54:02.726587
4573,Elizabeth Stephenson,60,SD,2015-11-28,127,A,ENGAGED_MAINSTREAM,13626.25,100.0,4,4.0,45676.16,10000.0,92.62,193.0,28667.84,-21188.17,TRAVEL,29.01984455958549,26.91,MODERATE,0.0,N,N,N,N,MASTER_V1.5,2026-06-29,2026-06-29 19:54:02.726587
4575,Kenneth Smith,49,WY,2026-04-13,2,A,PREMIUM_WEALTH,238.11,100.0,4,4.0,148080.39,25000.0,33.12,126.0,7339.82,10229.760000000002,TRAVEL,26.982936507936508,13.54,LOW,0.0,N,N,N,N,MASTER_V1.5,2026-06-29,2026-06-29 19:54:02.726587
4583,Henry Bishop,76,IL,2015-11-28,127,A,ENGAGED_MAINSTREAM,14879.23,100.0,4,4.0,122507.97,10000.0,36.62,180.0,17117.63,169.7599999999984,GROCERY,37.782611111111116,17.64,LOW,0.0,N,N,N,N,MASTER_V1.5,2026-06-29,2026-06-29 19:54:02.726587
4591,Daniel Dunn,74,NC,2021-11-28,55,A,ENGAGED_MAINSTREAM,4861.56,100.0,3,3.0,131347.32,25000.0,8.88,159.0,21482.129999999997,9600.370000000003,TRAVEL,42.13962264150943,20.91,MODERATE,0.0,N,N,N,N,MASTER_V1.5,2026-06-29,2026-06-29 19:54:02.726587
4600,Lynn Avila,49,ME,2017-12-09,102,A,PREMIUM_WEALTH,8723.17,100.0,3,3.0,89575.62,2000.0,39.6,173.0,56077.119999999995,-28415.919999999995,RESTAURANT,35.838728323699414,18.37,LOW,0.0,N,N,N,N,MASTER_V1.5,2026-06-29,2026-06-29 19:54:02.726587
4613,Paul Curtis,21,ID,2018-09-07,93,A,PREMIUM_WEALTH,11204.61,75.0,4,3.0,170752.3,10000.0,6.71,152.0,17388.23,-695.1599999999999,RESTAURANT,39.47394736842106,12.0,LOW,0.0,N,N,N,N,MASTER_V1.5,2026-06-29,2026-06-29 19:54:02.726587
4616,Kayla Howell,41,IL,2015-06-19,132,A,CREDIT_DEPENDENT,11739.24,33.33,3,1.0,141183.44,10000.0,39.02,175.0,30408.379999999997,9555.699999999997,UTILITIES,36.57114285714286,16.91,LOW,0.0,N,N,N,Y,MASTER_V1.5,2026-06-29,2026-06-29 19:54:02.726587
4650,Molly Carlson,58,VA,2020-04-28,74,A,GROWING_DIGITAL,3954.16,100.0,2,2.0,43779.42,0.0,0.0,99.0,8219.5,-4189.8,RESTAURANT,44.44313131313132,22.31,MODERATE,0.0,N,N,N,N,MASTER_V1.5,2026-06-29,2026-06-29 19:54:02.726587
4659,Bradley Webb,76,WY,2020-05-15,73,A,ENGAGED_MAINSTREAM,6266.7,100.0,3,3.0,93528.24,0.0,0.0,101.0,34271.83,-30678.480000000003,TRAVEL,34.651683168316836,19.18,LOW,0.0,N,N,N,N,MASTER_V1.5,2026-06-29,2026-06-29 19:54:02.726587
4669,Jesse Perez,79,RI,2023-10-14,32,A,ENGAGED_MAINSTREAM,2745.92,100.0,3,3.0,93090.17,5000.0,68.19,166.0,42169.91,-2870.6300000000047,GAS_STATION,33.73409638554217,10.91,LOW,0.0,N,N,N,N,MASTER_V1.5,2026-06-29,2026-06-29 19:54:02.726587
4687,Rachel Harris,72,UT,2015-10-22,128,A,ENGAGED_MAINSTREAM,10228.16,66.67,3,2.0,42375.97,25000.0,82.57,148.0,32917.81,-15478.179999999997,TRAVEL,36.4854054054054,5.47,LOW,0.0,N,N,N,N,MASTER_V1.5,2026-06-29,2026-06-29 19:54:02.726587
4703,Matthew Lynch,56,FL,2025-12-26,6,A,ENGAGED_MAINSTREAM,335.23,100.0,2,2.0,71281.53,2000.0,97.16,116.0,34584.549999999996,-30112.339999999997,TRAVEL,38.792068965517245,13.82,LOW,0.0,N,N,N,N,MASTER_V1.5,2026-06-29,2026-06-29 19:54:02.726587
4708,George Phillips,50,VA,2024-12-26,18,A,CREDIT_DEPENDENT,997.13,50.0,2,1.0,64812.09,25000.0,89.37,120.0,24108.28,-13368.479999999998,TRAVEL,44.166,10.55,LOW,0.0,N,N,N,N,MASTER_V1.5,2026-06-29,2026-06-29 19:54:02.726587
4710,Elizabeth Ramsey,35,NE,2024-12-06,18,A,CREDIT_DEPENDENT,878.26,50.0,2,1.0,17300.57,10000.0,30.62,108.0,14405.18,-1285.9799999999996,RESTAURANT,30.55888888888888,7.55,LOW,0.0,N,N,N,N,MASTER_V1.5,2026-06-29,2026-06-29 19:54:02.726587
4721,Peter Mills,26,MA,2019-04-18,86,A,VALUE_BASIC,1925.92,100.0,1,1.0,7767.97,10000.0,77.68,59.0,9326.16,-5023.07,GAS_STATION,35.59,19.64,LOW,0.0,N,Y,Y,N,MASTER_V1.5,2026-06-29,2026-06-29 19:54:02.726587
4722,Danielle Clark,79,MN,2022-04-28,50,A,ENGAGED_MAINSTREAM,4437.2,100.0,3,3.0,137657.55,25000.0,1.28,92.0,24383.100000000002,-2787.5800000000017,HEALTHCARE,40.217608695652174,23.99,MODERATE,0.0,N,N,N,N,MASTER_V1.5,2026-06-29,2026-06-29 19:54:02.726587
4723,Melinda Wilson,51,NY,2022-09-16,45,A,GROWING_DIGITAL,2546.33,100.0,2,2.0,82210.05,0.0,0.0,140.0,26782.95,-14618.35,RESTAURANT,36.43028571428571,13.36,LOW,0.0,N,N,N,N,MASTER_V1.5,2026-06-29,2026-06-29 19:54:02.726587
4735,Melissa Rollins,21,WY,2019-06-09,84,A,CREDIT_DEPENDENT,4520.04,50.0,2,1.0,47192.72,25000.0,19.72,119.0,26329.56,-9283.490000000002,TRAVEL,35.292941176470585,30.27,MODERATE,0.0,N,N,N,N,MASTER_V1.5,2026-06-29,2026-06-29 19:54:02.726587
4747,Michelle Hoover,68,MI,2021-03-13,63,A,ENGAGED_MAINSTREAM,5501.89,100.0,3,3.0,114030.11,0.0,0.0,133.0,30863.27,-15504.019999999999,INSURANCE,35.33849624060151,3.61,LOW,0.0,N,N,N,N,MASTER_V1.5,2026-06-29,2026-06-29 19:54:02.726587
4753,Kenneth Boyd,85,KS,2025-02-15,16,A,ENGAGED_MAINSTREAM,1413.65,66.67,3,2.0,130673.25,15000.0,39.89,140.0,26611.059999999998,-11915.769999999997,HEALTHCARE,39.99907142857143,8.64,LOW,0.0,N,N,N,N,MASTER_V1.5,2026-06-29,2026-06-29 19:54:02.726587
4770,Travis Chavez,25,NV,2013-07-07,155,A,PREMIUM_WEALTH,17567.22,100.0,4,4.0,83590.87,25000.0,69.63,153.0,22340.16,-3000.3499999999985,TRAVEL,37.26065359477124,8.45,LOW,0.0,N,N,N,N,MASTER_V1.5,2026-06-29,2026-06-29 19:54:02.726587
4774,Jared Gordon,83,AL,2016-01-16,125,A,ENGAGED_MAINSTREAM,10222.26,100.0,3,3.0,54379.32,5000.0,27.46,163.0,26614.92,4013.4200000000055,RETAIL,33.12834355828221,19.91,LOW,0.0,N,N,N,N,MASTER_V1.5,2026-06-29,2026-06-29 19:54:02.726587
4823,Daniel Andrews,78,LA,2012-01-16,173,A,ENGAGED_MAINSTREAM,9212.55,100.0,2,2.0,42207.03,15000.0,53.89,122.0,19310.28,-2473.079999999998,RESTAURANT,40.16532786885246,20.36,MODERATE,0.0,N,N,N,N,MASTER_V1.5,2026-06-29,2026-06-29 19:54:02.726587
4829,Vincent Adams,18,KS,2025-01-12,17,A,GROWING_DIGITAL,433.31,100.0,1,1.0,26785.86,0.0,0.0,62.0,12364.53,-9840.61,GROCERY,37.1,23.09,MODERATE,0.0,N,Y,N,N,MASTER_V1.5,2026-06-29,2026-06-29 19:54:02.726587
4834,Kayla Dunlap,34,MI,2025-05-31,13,A,PREMIUM_WEALTH,1109.4,66.67,3,2.0,87414.98,25000.0,22.17,134.0,24655.34,6350.84,RESTAURANT,36.56768656716417,12.37,LOW,0.0,N,N,N,N,MASTER_V1.5,2026-06-29,2026-06-29 19:54:02.726587
4837,Shirley Williams,51,MH,2015-07-11,131,A,ENGAGED_MAINSTREAM,12712.99,100.0,4,4.0,16392.43,2000.0,3.92,170.0,58469.47,-24897.809999999998,RESTAURANT,29.999117647058824,13.11,LOW,0.0,N,N,N,N,MASTER_V1.5,2026-06-29,2026-06-29 19:54:02.726587
4843,John Carter,84,GU,2019-03-27,87,A,ENGAGED_MAINSTREAM,10296.54,100.0,4,4.0,138012.26,25000.0,26.13,228.0,33077.39,-4161.3399999999965,UTILITIES,39.47267543859649,16.55,LOW,0.0,N,N,N,N,MASTER_V1.5,2026-06-29,2026-06-29 19:54:02.726587
4855,Gabrielle Wright,20,PR,2019-03-05,87,A,PREMIUM_WEALTH,9675.82,100.0,4,4.0,67618.26,10000.0,71.39,208.0,54632.9,-10879.980000000003,RETAIL,33.65206730769231,14.73,LOW,0.0,N,N,N,N,MASTER_V1.5,2026-06-29,2026-06-29 19:54:02.726587
4856,Mary Benton,77,AL,2012-12-07,162,A,ENGAGED_MAINSTREAM,17647.47,100.0,4,4.0,53825.33,10000.0,15.84,182.0,40575.299999999996,-666.5499999999956,RETAIL,40.6578021978022,10.23,LOW,0.0,N,N,N,N,MASTER_V1.5,2026-06-29,2026-06-29 19:54:02.726587
4857,Nicole Flores,79,MN,2012-12-03,162,A,VALUE_BASIC,3081.9,100.0,1,1.0,2017.52,15000.0,13.45,47.0,1405.06,18479.92,INSURANCE,42.56000000000001,12.45,LOW,0.0,N,Y,Y,N,MASTER_V1.5,2026-06-29,2026-06-29 19:54:02.726587
4869,Alyssa Mason,25,ME,2013-08-03,154,A,VALUE_BASIC,7436.99,100.0,2,2.0,15653.07,10000.0,44.55,51.0,2854.0699999999997,10852.45,GAS_STATION,33.33352941176471,11.91,LOW,0.0,N,N,N,N,MASTER_V1.5,2026-06-29,2026-06-29 19:54:02.726587
4881,David Moss,73,NE,2026-03-01,3,A,ENGAGED_MAINSTREAM,346.46,100.0,4,4.0,103655.1,15000.0,6.93,147.0,9483.67,5362.040000000001,HEALTHCARE,37.417414965986396,7.82,LOW,0.0,N,N,N,N,MASTER_V1.5,2026-06-29,2026-06-29 19:54:02.726587
4888,Mandy Johnson,28,MI,2015-12-18,126,A,GROWING_DIGITAL,7482.46,100.0,2,2.0,143906.77,0.0,0.0,108.0,11511.060000000001,-8915.800000000001,RESTAURANT,38.88666666666667,31.28,MODERATE,0.0,N,N,N,N,MASTER_V1.5,2026-06-29,2026-06-29 19:54:02.726587
4899,Cindy Kennedy,28,MT,2015-07-06,131,A,PREMIUM_WEALTH,14883.04,75.0,4,3.0,85913.85,2000.0,69.86,156.0,35743.56,-23253.19,UTILITIES,37.18160256410256,9.55,LOW,0.0,N,N,N,N,MASTER_V1.5,2026-06-29,2026-06-29 19:54:02.726587
4927,Robert Norman,54,GU,2021-03-22,63,A,ENGAGED_MAINSTREAM,7511.73,100.0,4,4.0,150751.24,25000.0,86.29,221.0,21924.34,24485.44,RESTAURANT,38.007194570135745,2.36,LOW,0.0,N,N,N,N,MASTER_V1.5,2026-06-29,2026-06-29 19:54:02.726587
4929,Gabriela Jensen,34,MS,2025-07-06,11,A,PREMIUM_WEALTH,603.68,100.0,2,2.0,58454.43,15000.0,74.07,101.0,13815.68,5671.739999999998,RETAIL,40.58811881188119,21.0,MODERATE,0.0,N,N,N,N,MASTER_V1.5,2026-06-29,2026-06-29 19:54:02.726587
4931,Daisy Underwood,42,CT,2024-02-07,28,A,PREMIUM_WEALTH,2406.85,100.0,3,3.0,94959.88,2000.0,20.55,107.0,16456.75,247.98999999999796,RETAIL,40.188037383177566,6.45,LOW,0.0,N,N,N,N,MASTER_V1.5,2026-06-29,2026-06-29 19:54:02.726587
4949,Jordan Estrada,48,SD,2024-02-15,28,A,PREMIUM_WEALTH,2341.08,100.0,3,3.0,69425.85,5000.0,34.03,157.0,21585.350000000002,1957.6899999999987,UTILITIES,44.58547770700637,20.15,MODERATE,0.0,N,N,N,N,MASTER_V1.5,2026-06-29,2026-06-29 19:54:02.726587
4956,Katie Orozco,21,DE,2021-03-03,63,A,PREMIUM_WEALTH,5391.32,100.0,3,3.0,90236.74,2000.0,79.74,83.0,3442.9,17221.429999999997,UTILITIES,49.39867469879518,6.64,LOW,0.0,N,N,N,N,MASTER_V1.5,2026-06-29,2026-06-29 19:54:02.726587
4957,Jacqueline Neal,75,UT,2024-02-24,28,A,GROWING_DIGITAL,715.69,100.0,1,1.0,27560.72,0.0,0.0,15.0,9521.17,-8592.7,GAS_STATION,46.67000000000001,19.45,LOW,0.0,N,Y,N,N,MASTER_V1.5,2026-06-29,2026-06-29 19:54:02.726587
4960,Caroline Pacheco,24,TX,2022-07-05,47,A,VALUE_BASIC,893.27,100.0,1,1.0,2002.8,5000.0,40.06,69.0,3616.39,730.9100000000003,RESTAURANT,30.43,27.82,MODERATE,0.0,N,Y,Y,N,MASTER_V1.5,2026-06-29,2026-06-29 19:54:02.726587
4965,Andrea Davis,27,MN,2014-12-17,138,A,PREMIUM_WEALTH,16162.91,75.0,4,3.0,122058.61,10000.0,40.74,194.0,20098.989999999998,22592.439999999995,RETAIL,34.01948453608248,32.0,MODERATE,0.0,N,N,N,N,MASTER_V1.5,2026-06-29,2026-06-29 19:54:02.726587
4976,Kelsey Henderson,36,PW,2026-04-09,2,A,GROWING_DIGITAL,109.81,100.0,2,2.0,58750.84,0.0,0.0,126.0,42342.36,-13525.690000000002,RESTAURANT,39.68222222222222,2.18,LOW,0.0,N,N,N,N,MASTER_V1.5,2026-06-29,2026-06-29 19:54:02.726587
4979,Karen Castillo,61,MO,2023-07-05,35,A,GROWING_DIGITAL,828.74,100.0,1,1.0,12981.89,0.0,0.0,28.0,1880.39,-1154.41,RETAIL,39.29,21.45,MODERATE,0.0,N,Y,N,N,MASTER_V1.5,2026-06-29,2026-06-29 19:54:02.726587
3,Jeffery Wagner,57,IN,2011-12-08,174,A,VALUE_BASIC,3835.06,100.0,1,1.0,6742.79,0.0,0.0,44.0,10587.33,694.8400000000001,GROCERY,34.09,21.03,MODERATE,0.0,N,Y,Y,N,MASTER_V1.5,2026-06-29,2026-06-29 19:54:02.726587
11,Jeremy Roberts,38,MH,2012-03-04,171,A,GROWING_DIGITAL,9542.81,100.0,2,2.0,70346.36,15000.0,24.58,109.0,5807.23,-662.6699999999992,GROCERY,33.94522935779816,13.0,LOW,0.0,N,N,N,N,MASTER_V1.5,2026-06-29,2026-06-29 19:54:02.726587
19,Diana Foster,26,NH,2016-03-08,123,A,PREMIUM_WEALTH,14649.71,75.0,4,3.0,148796.54,25000.0,26.96,162.0,43775.21000000001,-34950.93000000001,RESTAURANT,35.1854938271605,24.64,MODERATE,0.0,N,N,N,N,MASTER_V1.5,2026-06-29,2026-06-29 19:54:02.726587
29,Rita Harrell,51,DE,2014-02-26,148,A,GROWING_DIGITAL,7153.29,100.0,2,2.0,15781.69,25000.0,32.71,48.0,2931.86,-677.27,HEALTHCARE,35.42125,3.09,LOW,0.0,N,N,N,N,MASTER_V1.5,2026-06-29,2026-06-29 19:54:02.726587
30,Chelsea Hernandez,65,MO,2021-01-08,65,A,GROWING_DIGITAL,1733.7,100.0,1,1.0,42999.82,0.0,0.0,12.0,888.5,-316.66999999999996,EDUCATION,25.0,12.09,LOW,0.0,N,Y,N,N,MASTER_V1.5,2026-06-29,2026-06-29 19:54:02.726587
40,Jerry Robinson,62,RI,2020-04-07,74,A,ENGAGED_MAINSTREAM,8640.54,100.0,4,4.0,117760.87,25000.0,27.34,109.0,25350.13,325.53999999999724,INSURANCE,37.61174311926606,14.09,LOW,0.0,N,N,N,N,MASTER_V1.5,2026-06-29,2026-06-29 19:54:02.726587
48,Robert Ramirez,72,DC,2018-03-08,99,A,GROWING_DIGITAL,5805.92,100.0,2,2.0,124134.8,0.0,0.0,131.0,26669.79,-4315.0999999999985,RETAIL,35.112977099236645,12.45,LOW,0.0,N,N,N,N,MASTER_V1.5,2026-06-29,2026-06-29 19:54:02.726587
50,Yvette Huff,48,SC,2012-03-30,171,A,PREMIUM_WEALTH,20843.25,100.0,4,4.0,196621.6,10000.0,17.64,153.0,32381.25,-3545.5,RETAIL,33.98686274509804,3.23,LOW,0.0,N,N,N,N,MASTER_V1.5,2026-06-29,2026-06-29 19:54:02.726587
61,Alexandra Donovan,57,MH,2020-03-13,75,A,GROWING_DIGITAL,4170.79,100.0,2,2.0,67649.99,0.0,0.0,64.0,18365.65,-16137.000000000002,UTILITIES,35.933749999999996,11.11,LOW,0.0,N,N,N,N,MASTER_V1.5,2026-06-29,2026-06-29 19:54:02.726587
64,Yolanda Ferrell,80,IL,2018-04-30,98,A,ENGAGED_MAINSTREAM,8387.94,100.0,3,3.0,90414.82,5000.0,8.2,158.0,58466.32,-32319.829999999998,TRAVEL,31.010569620253165,14.27,LOW,0.0,N,N,N,N,MASTER_V1.5,2026-06-29,2026-06-29 19:54:02.726587
72,Meghan Davis,52,SD,2024-12-30,18,A,ENGAGED_MAINSTREAM,1490.4,100.0,3,3.0,62319.52,2000.0,41.34,168.0,23208.089999999997,21564.420000000006,GROCERY,42.85541666666666,0.18,LOW,0.0,N,N,N,N,MASTER_V1.5,2026-06-29,2026-06-29 19:54:02.726587
94,Michael Jones,35,KY,2021-06-30,60,A,PREMIUM_WEALTH,5299.5,100.0,3,3.0,130179.83,10000.0,60.63,125.0,13096.91,11024.880000000001,RETAIL,36.80400000000001,31.9,MODERATE,0.0,N,N,N,N,MASTER_V1.5,2026-06-29,2026-06-29 19:54:02.726587
102,Christopher Robertson,32,NH,2014-01-08,149,A,PREMIUM_WEALTH,12390.59,100.0,3,3.0,65367.05,2000.0,32.25,136.0,8938.68,27126.54,RETAIL,38.96647058823529,25.18,MODERATE,0.0,N,N,N,N,MASTER_V1.5,2026-06-29,2026-06-29 19:54:02.726587
104,James Johnson,40,MH,2014-11-04,139,A,GROWING_DIGITAL,3740.11,100.0,1,1.0,47235.33,0.0,0.0,47.0,14103.34,-352.3299999999999,GAS_STATION,44.68,15.27,LOW,0.0,N,Y,N,N,MASTER_V1.5,2026-06-29,2026-06-29 19:54:02.726587
118,Rick Daniels,38,NC,2012-06-12,168,A,PREMIUM_WEALTH,20038.76,75.0,4,3.0,151423.02,10000.0,94.61,197.0,20115.83,13902.759999999995,RESTAURANT,38.57598984771574,24.04,MODERATE,0.0,N,N,N,N,MASTER_V1.5,2026-06-29,2026-06-29 19:54:02.726587
130,Andrew Ryan,68,PA,2012-09-17,165,A,VALUE_BASIC,2880.61,100.0,1,1.0,1078.46,2000.0,53.92,14.0,278.6,1205.8200000000002,ENTERTAINMENT,28.57,18.45,LOW,0.0,N,Y,Y,N,MASTER_V1.5,2026-06-29,2026-06-29 19:54:02.726587
132,Stefanie Gonzalez,41,WI,2022-09-28,45,A,VALUE_BASIC,884.55,100.0,1,1.0,2598.4,5000.0,51.97,32.0,1866.53,10296.33,GAS_STATION,34.38,31.09,MODERATE,0.0,N,Y,Y,N,MASTER_V1.5,2026-06-29,2026-06-29 19:54:02.726587
138,Hannah Burton,37,NY,2012-08-16,166,A,PREMIUM_WEALTH,18357.71,75.0,4,3.0,63504.04,2000.0,50.74,191.0,30990.040000000005,-3202.3300000000054,RETAIL,36.12408376963351,24.18,MODERATE,0.0,N,N,N,N,MASTER_V1.5,2026-06-29,2026-06-29 19:54:02.726587
146,Mariah Miller,67,SD,2024-03-12,27,A,GROWING_DIGITAL,755.07,100.0,1,1.0,72131.0,0.0,0.0,56.0,23291.18,-22661.12,HEALTHCARE,32.15,22.55,MODERATE,0.0,N,Y,N,N,MASTER_V1.5,2026-06-29,2026-06-29 19:54:02.726587
157,Jacob Robinson,49,MS,2022-11-11,43,A,PREMIUM_WEALTH,3451.95,100.0,3,3.0,44521.27,10000.0,35.79,111.0,25732.51,-1969.7000000000007,UTILITIES,30.627297297297297,32.56,MODERATE,0.0,N,N,N,N,MASTER_V1.5,2026-06-29,2026-06-29 19:54:02.726587
159,James Perez,66,UT,2012-12-27,162,A,GROWING_DIGITAL,9086.94,100.0,2,2.0,74491.88,0.0,0.0,90.0,18936.88,-5061.0,RESTAURANT,37.783,14.36,LOW,0.0,N,N,N,N,MASTER_V1.5,2026-06-29,2026-06-29 19:54:02.726587
182,Emily Adams,21,AZ,2026-05-27,1,A,PREMIUM_WEALTH,119.9,75.0,4,3.0,161069.25,25000.0,26.28,214.0,43061.06,-13878.899999999998,TRAVEL,40.652616822429906,21.73,MODERATE,0.0,N,N,N,N,MASTER_V1.5,2026-06-29,2026-06-29 19:54:02.726587
200,William Hoover,57,NV,2025-06-05,12,A,ENGAGED_MAINSTREAM,1410.43,100.0,4,4.0,127205.14,15000.0,38.24,194.0,34997.26,-2653.0800000000017,RETAIL,34.53773195876289,0.55,LOW,0.0,N,N,N,N,MASTER_V1.5,2026-06-29,2026-06-29 19:54:02.726587
209,Jennifer Ortiz,50,VI,2018-04-22,98,A,PREMIUM_WEALTH,10899.58,100.0,4,4.0,67644.78,2000.0,13.47,177.0,30903.84,-713.6100000000006,RETAIL,40.11220338983051,14.82,LOW,0.0,N,N,N,N,MASTER_V1.5,2026-06-29,2026-06-29 19:54:02.726587
213,Monique Johnson,37,MD,2022-10-26,44,A,PREMIUM_WEALTH,5272.79,100.0,4,4.0,160107.95,5000.0,95.41,167.0,16825.8,-1339.619999999999,INSURANCE,32.93808383233533,24.36,MODERATE,0.0,N,N,N,N,MASTER_V1.5,2026-06-29,2026-06-29 19:54:02.726587
231,Courtney Berger,41,VA,2023-12-31,30,A,VALUE_BASIC,548.27,100.0,1,1.0,1495.61,0.0,0.0,67.0,4153.4,-807.4299999999998,GAS_STATION,38.81,17.26,LOW,0.0,N,Y,Y,N,MASTER_V1.5,2026-06-29,2026-06-29 19:54:02.726587
268,Alyssa Chavez,63,AS,2026-04-30,2,A,ENGAGED_MAINSTREAM,220.16,100.0,4,4.0,60346.31,10000.0,42.36,169.0,45743.18,-16492.0,RESTAURANT,40.23982248520711,8.55,LOW,0.0,N,N,N,N,MASTER_V1.5,2026-06-29,2026-06-29 19:54:02.726587
271,Matthew Chavez,55,TN,2014-11-25,139,A,ENGAGED_MAINSTREAM,12122.46,100.0,3,3.0,112224.57,10000.0,61.33,120.0,40474.350000000006,-33962.86000000001,RESTAURANT,43.33566666666667,10.55,LOW,0.0,N,N,N,N,MASTER_V1.5,2026-06-29,2026-06-29 19:54:02.726587
280,Audrey Aguirre,60,LA,2022-11-13,43,A,CREDIT_DEPENDENT,1207.47,0.0,1,0.0,75529.38,0.0,0.0,25.0,7690.83,-1526.0199999999995,RETAIL,48.0,14.45,LOW,0.0,N,N,N,N,MASTER_V1.5,2026-06-29,2026-06-29 19:54:02.726587
283,Jacqueline Parker,67,AL,2014-03-08,147,A,ENGAGED_MAINSTREAM,17352.79,100.0,4,4.0,133869.37,2000.0,51.47,245.0,42238.93,-5001.139999999999,UTILITIES,38.776816326530614,23.6,MODERATE,0.0,N,N,N,N,MASTER_V1.5,2026-06-29,2026-06-29 19:54:02.726587
286,Robert Peterson,35,MP,2014-09-13,141,A,CREDIT_DEPENDENT,7982.71,50.0,2,1.0,82701.95,0.0,0.0,92.0,11070.17,7632.6900000000005,RESTAURANT,35.87652173913043,18.85,LOW,0.0,N,N,N,N,MASTER_V1.5,2026-06-29,2026-06-29 19:54:02.726587
287,Kimberly Bradley,60,MN,2022-04-03,50,A,ENGAGED_MAINSTREAM,5633.14,100.0,4,4.0,78142.11,25000.0,70.31,132.0,14766.8,1080.7000000000007,INSURANCE,40.912878787878796,22.52,MODERATE,0.0,N,N,N,N,MASTER_V1.5,2026-06-29,2026-06-29 19:54:02.726587
304,Jessica Fuentes,24,AS,2016-09-13,117,A,PREMIUM_WEALTH,12691.23,100.0,4,4.0,51390.45,2000.0,30.27,199.0,47326.36,-7012.880000000005,RETAIL,38.1943216080402,11.85,LOW,0.0,N,N,N,N,MASTER_V1.5,2026-06-29,2026-06-29 19:54:02.726587
309,Courtney Hernandez,43,VA,2024-05-20,25,A,PREMIUM_WEALTH,2138.95,66.67,3,2.0,90016.48,0.0,0.0,149.0,36774.74,-4066.769999999997,TRAVEL,32.21342281879195,37.17,MODERATE,0.0,N,N,N,N,MASTER_V1.5,2026-06-29,2026-06-29 19:54:02.726587
321,Erika Mitchell,81,AR,2012-11-24,163,A,ENGAGED_MAINSTREAM,19320.65,100.0,4,4.0,140527.53,10000.0,70.47,94.0,5446.95,6234.03,HEALTHCARE,36.16723404255319,4.09,LOW,0.0,N,N,N,N,MASTER_V1.5,2026-06-29,2026-06-29 19:54:02.726587
322,Rebecca Marks,37,CA,2021-04-14,62,A,VALUE_BASIC,2512.42,100.0,2,2.0,3309.55,10000.0,10.71,86.0,21365.25,-18061.68,RESTAURANT,36.046046511627914,29.5,MODERATE,0.0,N,N,Y,N,MASTER_V1.5,2026-06-29,2026-06-29 19:54:02.726587
345,Nicholas Johnson,69,PR,2026-04-30,2,A,GROWING_DIGITAL,118.88,100.0,2,2.0,145503.1,0.0,0.0,112.0,30552.06,-21837.5,UTILITIES,35.71125,10.45,LOW,0.0,N,N,N,N,MASTER_V1.5,2026-06-29,2026-06-29 19:54:02.726587
348,Shane Smith,76,AZ,2022-01-06,53,A,GROWING_DIGITAL,2640.73,100.0,2,2.0,21269.28,0.0,0.0,52.0,4070.4700000000003,-2566.76,RETAIL,32.694615384615375,31.45,MODERATE,0.0,N,N,N,N,MASTER_V1.5,2026-06-29,2026-06-29 19:54:02.726587
355,Theresa Jones,40,RI,2012-10-07,164,A,GROWING_DIGITAL,9582.72,100.0,2,2.0,118925.11,0.0,0.0,73.0,11500.22,4278.110000000001,INSURANCE,31.505068493150684,11.79,LOW,0.0,N,N,N,N,MASTER_V1.5,2026-06-29,2026-06-29 19:54:02.726587
362,Bryan Parsons,43,CT,2023-08-06,34,A,GROWING_DIGITAL,1864.22,100.0,2,2.0,57872.71,0.0,0.0,79.0,26821.29,-5752.9000000000015,INSURANCE,41.77050632911392,0.8,LOW,0.0,N,N,N,N,MASTER_V1.5,2026-06-29,2026-06-29 19:54:02.726587
366,Michelle Rivera,61,DC,2023-02-20,40,A,GROWING_DIGITAL,993.91,100.0,1,1.0,20725.49,0.0,0.0,34.0,20654.97,-19290.79,RESTAURANT,38.239999999999995,24.73,MODERATE,0.0,N,Y,N,N,MASTER_V1.5,2026-06-29,2026-06-29 19:54:02.726587
369,April Owen,52,RI,2025-04-12,14,A,ENGAGED_MAINSTREAM,1163.78,100.0,3,3.0,65098.55,25000.0,28.69,107.0,16439.05,-3974.3599999999988,UTILITIES,43.923271028037384,13.99,LOW,0.0,N,N,N,N,MASTER_V1.5,2026-06-29,2026-06-29 19:54:02.726587
398,Patty Singleton,62,GA,2025-07-11,11,A,CREDIT_DEPENDENT,619.68,50.0,2,1.0,78184.43,0.0,0.0,102.0,37794.380000000005,-29300.210000000006,HEALTHCARE,33.33529411764707,9.0,LOW,0.0,N,N,N,N,MASTER_V1.5,2026-06-29,2026-06-29 19:54:02.726587
408,Larry Higgins,71,ME,2020-07-16,71,A,ENGAGED_MAINSTREAM,8242.7,75.0,4,3.0,110132.47,15000.0,66.9,118.0,19270.06,9969.509999999998,RETAIL,35.59474576271187,3.64,LOW,0.0,N,N,N,N,MASTER_V1.5,2026-06-29,2026-06-29 19:54:02.726587
427,Jodi Evans,74,VI,2026-04-08,2,A,ENGAGED_MAINSTREAM,174.73,100.0,3,3.0,114572.38,25000.0,58.91,129.0,17419.48,-11280.86,HEALTHCARE,33.331395348837205,10.15,LOW,0.0,N,N,N,N,MASTER_V1.5,2026-06-29,2026-06-29 19:54:02.726587
429,Micheal Nunez,65,PR,2023-08-30,34,A,GROWING_DIGITAL,1612.59,100.0,2,2.0,13171.86,0.0,0.0,95.0,18716.21,-2400.3999999999996,RETAIL,32.6341052631579,18.3,LOW,0.0,N,N,N,N,MASTER_V1.5,2026-06-29,2026-06-29 19:54:02.726587
443,Jared Bush,65,LA,2015-10-20,128,A,ENGAGED_MAINSTREAM,14476.19,100.0,4,4.0,81595.11,15000.0,60.97,107.0,11732.560000000001,11686.819999999996,UTILITIES,39.2511214953271,0.91,LOW,0.0,N,N,N,N,MASTER_V1.5,2026-06-29,2026-06-29 19:54:02.726587
444,Sarah Pope,64,ME,2016-09-10,117,A,GROWING_DIGITAL,5555.56,100.0,2,2.0,13315.54,10000.0,21.06,51.0,14644.32,-1993.3599999999988,TRAVEL,27.451960784313727,14.82,LOW,0.0,N,N,N,N,MASTER_V1.5,2026-06-29,2026-06-29 19:54:02.726587
451,Brian Gutierrez,49,RI,2021-01-03,65,A,GROWING_DIGITAL,1782.32,100.0,1,1.0,57994.61,0.0,0.0,66.0,19650.52,-15395.91,GROCERY,33.34,9.82,LOW,0.0,N,Y,N,N,MASTER_V1.5,2026-06-29,2026-06-29 19:54:02.726587
453,Richard Donovan,48,RI,2025-05-08,13,A,CREDIT_DEPENDENT,654.75,50.0,2,1.0,23694.63,0.0,0.0,48.0,22899.7,-12288.7,RESTAURANT,31.253333333333327,10.64,LOW,0.0,N,N,N,N,MASTER_V1.5,2026-06-29,2026-06-29 19:54:02.726587
455,Rebecca Davis,63,MP,2021-02-15,64,A,VALUE_BASIC,1169.75,100.0,1,1.0,1496.54,10000.0,14.97,35.0,1179.08,1320.06,UTILITIES,34.28999999999999,9.27,LOW,0.0,N,Y,Y,N,MASTER_V1.5,2026-06-29,2026-06-29 19:54:02.726587
456,Jennifer Zuniga,47,NV,2019-06-23,84,A,PREMIUM_WEALTH,10230.06,100.0,4,4.0,194589.24,5000.0,90.88,183.0,54495.7,-38193.49,UTILITIES,36.06617486338797,7.27,LOW,0.0,N,N,N,N,MASTER_V1.5,2026-06-29,2026-06-29 19:54:02.726587
464,Krystal Bradley,73,KS,2022-06-24,48,A,VALUE_BASIC,2214.03,100.0,2,2.0,10149.04,5000.0,78.21,74.0,11224.23,10749.119999999999,RESTAURANT,37.83310810810811,9.55,LOW,0.0,N,N,N,N,MASTER_V1.5,2026-06-29,2026-06-29 19:54:02.726587
488,Nicholas Vega,27,SC,2025-01-06,17,A,PREMIUM_WEALTH,2006.24,100.0,4,4.0,133439.85,15000.0,2.16,137.0,18384.04,-5272.24,RETAIL,40.14693430656934,0.0,LOW,0.0,N,N,N,N,MASTER_V1.5,2026-06-29,2026-06-29 19:54:02.726587
492,Amanda Morrow,40,NH,2019-08-12,82,A,GROWING_DIGITAL,2278.39,100.0,1,1.0,67109.32,0.0,0.0,38.0,3507.72,12850.36,RETAIL,39.47999999999999,32.96,MODERATE,0.0,N,Y,N,N,MASTER_V1.5,2026-06-29,2026-06-29 19:54:02.726587
498,Brian Gordon,70,VT,2024-05-17,25,A,ENGAGED_MAINSTREAM,2223.23,100.0,3,3.0,141098.37,0.0,0.0,118.0,13423.970000000001,11041.149999999998,UTILITIES,30.50330508474576,12.73,LOW,0.0,N,N,N,N,MASTER_V1.5,2026-06-29,2026-06-29 19:54:02.726587
515,James Herman,69,MA,2020-07-04,71,A,ENGAGED_MAINSTREAM,7298.72,100.0,4,4.0,29140.7,5000.0,48.26,147.0,27766.39,-5258.989999999998,RESTAURANT,34.01428571428571,21.23,MODERATE,0.0,N,N,N,N,MASTER_V1.5,2026-06-29,2026-06-29 19:54:02.726587
516,Oscar Ferguson,48,CO,2023-01-22,41,A,PREMIUM_WEALTH,4799.58,100.0,4,4.0,121331.39,15000.0,58.89,231.0,53806.899999999994,-31028.059999999994,TRAVEL,38.09580086580087,39.98,MODERATE,0.0,N,N,N,N,MASTER_V1.5,2026-06-29,2026-06-29 19:54:02.726587
521,Elijah Rivera,46,MH,2017-09-20,105,A,GROWING_DIGITAL,2642.99,100.0,1,1.0,23588.8,0.0,0.0,21.0,1891.1,-1200.27,EDUCATION,33.34,21.0,MODERATE,0.0,N,Y,N,N,MASTER_V1.5,2026-06-29,2026-06-29 19:54:02.726587
526,Brian Johnson,49,LA,2021-01-24,65,A,PREMIUM_WEALTH,7681.92,100.0,4,4.0,135718.45,10000.0,19.52,192.0,46281.26,-18284.4,UTILITIES,40.1021875,16.09,LOW,0.0,N,N,N,N,MASTER_V1.5,2026-06-29,2026-06-29 19:54:02.726587
529,Nathaniel Williamson,84,AL,2019-01-13,89,A,ENGAGED_MAINSTREAM,10158.88,75.0,4,3.0,90623.88,2000.0,24.33,105.0,6871.62,2747.3,UTILITIES,33.33495238095238,7.52,LOW,0.0,N,N,N,N,MASTER_V1.5,2026-06-29,2026-06-29 19:54:02.726587
546,John Davenport,80,AZ,2013-11-30,151,A,GROWING_DIGITAL,4030.75,100.0,1,1.0,43368.56,0.0,0.0,36.0,2812.94,-2323.14,GAS_STATION,36.11000000000001,10.82,LOW,0.0,N,Y,N,N,MASTER_V1.5,2026-06-29,2026-06-29 19:54:02.726587
547,Martin Campos,59,IN,2024-11-12,19,A,GROWING_DIGITAL,1604.35,100.0,3,3.0,77541.88,0.0,0.0,134.0,32194.69,-15639.579999999998,TRAVEL,37.31634328358209,16.91,LOW,0.0,N,N,N,N,MASTER_V1.5,2026-06-29,2026-06-29 19:54:02.726587
566,Christine Brock,21,NV,2016-06-12,120,A,PREMIUM_WEALTH,9997.02,100.0,3,3.0,66689.41,2000.0,97.67,105.0,13206.42,14954.49,RESTAURANT,37.14285714285715,0.36,LOW,0.0,N,N,N,N,MASTER_V1.5,2026-06-29,2026-06-29 19:54:02.726587
572,Brittany Gardner,77,FL,2019-11-26,79,A,CREDIT_DEPENDENT,2097.96,0.0,1,0.0,41050.72,0.0,0.0,49.0,4209.52,5422.369999999999,TRAVEL,30.61,9.36,LOW,0.0,N,N,N,Y,MASTER_V1.5,2026-06-29,2026-06-29 19:54:02.726587
577,Vicki Mendoza,32,MA,2012-08-05,166,A,GROWING_DIGITAL,13022.91,100.0,3,3.0,34897.43,0.0,0.0,158.0,16485.38,16174.75,RESTAURANT,39.238101265822785,19.72,LOW,0.0,N,N,N,N,MASTER_V1.5,2026-06-29,2026-06-29 19:54:02.726587
583,Alex Green,20,CT,2017-11-29,103,A,PREMIUM_WEALTH,11543.88,75.0,4,3.0,73692.16,10000.0,15.98,237.0,66634.92,-37533.869999999995,RETAIL,37.97767932489452,10.91,LOW,0.0,N,N,N,N,MASTER_V1.5,2026-06-29,2026-06-29 19:54:02.726587
590,Lisa Wilson,64,VI,2015-12-21,126,A,VALUE_BASIC,2925.14,100.0,1,1.0,10787.68,15000.0,71.92,18.0,980.12,126.64999999999998,UTILITIES,33.33,21.0,MODERATE,0.0,N,Y,N,N,MASTER_V1.5,2026-06-29,2026-06-29 19:54:02.726587
594,Ryan Johnson,73,KS,2021-01-16,65,A,ENGAGED_MAINSTREAM,7368.81,100.0,4,4.0,83836.77,15000.0,82.99,196.0,26572.09,36566.509999999995,GROCERY,35.71051020408163,14.09,LOW,0.0,N,N,N,N,MASTER_V1.5,2026-06-29,2026-06-29 19:54:02.726587
600,Megan Williamson,46,FL,2016-09-05,117,A,VALUE_BASIC,2426.48,100.0,1,1.0,4006.5,0.0,0.0,27.0,1676.95,-266.35000000000014,ENTERTAINMENT,44.45,16.36,LOW,0.0,N,Y,Y,N,MASTER_V1.5,2026-06-29,2026-06-29 19:54:02.726587
601,Kenneth Mendez,30,NE,2022-01-08,53,A,PREMIUM_WEALTH,5782.44,100.0,4,4.0,54734.95,5000.0,10.5,155.0,23248.260000000002,20809.309999999998,UTILITIES,38.71077419354839,18.27,LOW,0.0,N,N,N,N,MASTER_V1.5,2026-06-29,2026-06-29 19:54:02.726587
604,Jacob Reid,76,AR,2017-03-19,111,A,CREDIT_DEPENDENT,2497.69,0.0,1,0.0,8108.49,0.0,0.0,61.0,21452.64,-10332.8,HEALTHCARE,24.59,20.75,MODERATE,0.0,N,N,Y,Y,MASTER_V1.5,2026-06-29,2026-06-29 19:54:02.726587
605,Zoe Peters,39,ID,2021-02-12,64,A,GROWING_DIGITAL,1717.66,100.0,1,1.0,45953.73,0.0,0.0,60.0,14680.56,2906.51,ENTERTAINMENT,31.66,23.82,MODERATE,0.0,N,Y,N,N,MASTER_V1.5,2026-06-29,2026-06-29 19:54:02.726587
608,William Simpson,30,OR,2025-11-13,7,A,GROWING_DIGITAL,351.96,100.0,2,2.0,23294.04,0.0,0.0,55.0,5100.19,8185.8600000000015,RETAIL,32.72727272727273,21.17,MODERATE,0.0,N,N,N,N,MASTER_V1.5,2026-06-29,2026-06-29 19:54:02.726587
614,Jennifer Payne,30,MA,2012-02-10,172,A,CREDIT_DEPENDENT,14637.96,33.33,3,1.0,84732.65,15000.0,61.97,76.0,13688.34,34383.34,GROCERY,38.156447368421055,0.0,LOW,0.0,N,N,N,Y,MASTER_V1.5,2026-06-29,2026-06-29 19:54:02.726587
636,Scott Smith,77,OK,2024-04-14,26,A,ENGAGED_MAINSTREAM,2810.94,100.0,4,4.0,49578.57,10000.0,15.76,157.0,53000.740000000005,-39980.530000000006,TRAVEL,34.39859872611465,18.36,LOW,0.0,N,N,N,N,MASTER_V1.5,2026-06-29,2026-06-29 19:54:02.726587
638,Sarah Hill,41,NV,2013-11-11,151,A,GROWING_DIGITAL,4260.71,100.0,1,1.0,79749.16,0.0,0.0,19.0,1850.7,-989.0300000000001,RESTAURANT,36.839999999999996,5.55,LOW,0.0,N,Y,N,N,MASTER_V1.5,2026-06-29,2026-06-29 19:54:02.726587
665,Cynthia Davenport,49,RI,2017-04-27,110,A,GROWING_DIGITAL,6329.19,100.0,2,2.0,99470.21,0.0,0.0,109.0,13625.59,-9745.4,GROCERY,42.200917431192664,11.06,LOW,0.0,N,N,N,N,MASTER_V1.5,2026-06-29,2026-06-29 19:54:02.726587
669,Jean Miles,35,CT,2013-04-09,158,A,GROWING_DIGITAL,4028.86,100.0,1,1.0,26893.61,0.0,0.0,69.0,22576.55,-19252.059999999998,RETAIL,30.43,21.77,MODERATE,0.0,N,Y,N,N,MASTER_V1.5,2026-06-29,2026-06-29 19:54:02.726587
705,Richard Chavez,19,ND,2011-12-15,174,A,PREMIUM_WEALTH,15314.93,66.67,3,2.0,124938.94,2000.0,54.51,103.0,13663.29,4244.720000000001,RESTAURANT,30.09873786407767,16.75,LOW,0.0,N,N,N,N,MASTER_V1.5,2026-06-29,2026-06-29 19:54:02.726587
707,Maria Haas,76,NV,2011-09-02,177,A,GROWING_DIGITAL,4677.68,100.0,1,1.0,38988.31,0.0,0.0,51.0,3748.28,3492.6999999999994,GROCERY,41.18,4.27,LOW,0.0,N,Y,N,N,MASTER_V1.5,2026-06-29,2026-06-29 19:54:02.726587
712,Gary Berry,82,WV,2018-05-14,97,A,CREDIT_DEPENDENT,2591.45,0.0,1,0.0,43756.07,0.0,0.0,33.0,1877.45,1.1800000000000637,RETAIL,30.299999999999994,5.18,LOW,0.0,N,N,N,Y,MASTER_V1.5,2026-06-29,2026-06-29 19:54:02.726587
733,Megan Morris,37,ND,2025-03-13,15,A,PREMIUM_WEALTH,1776.18,75.0,4,3.0,138856.91,15000.0,1.24,208.0,50127.64,6676.0899999999965,HEALTHCARE,32.693894230769224,20.27,MODERATE,0.0,N,N,N,N,MASTER_V1.5,2026-06-29,2026-06-29 19:54:02.726587
743,Tammy Walker,45,DC,2025-03-25,15,A,PREMIUM_WEALTH,1735.05,75.0,4,3.0,105559.67,2000.0,22.58,180.0,42247.8,-27584.660000000003,RESTAURANT,36.666222222222224,31.0,MODERATE,0.0,N,N,N,N,MASTER_V1.5,2026-06-29,2026-06-29 19:54:02.726587
766,Bryan Goodwin,70,WV,2015-07-01,131,A,ENGAGED_MAINSTREAM,14375.72,100.0,4,4.0,58327.64,5000.0,58.66,179.0,53763.16,-32435.910000000003,RETAIL,31.844189944134076,14.69,LOW,0.0,N,N,N,N,MASTER_V1.5,2026-06-29,2026-06-29 19:54:02.726587
767,Maurice Weaver,40,VA,2012-10-08,164,A,GROWING_DIGITAL,8914.63,100.0,2,2.0,52653.85,0.0,0.0,47.0,14266.46,-12010.349999999999,RETAIL,42.55723404255319,8.45,LOW,0.0,N,N,N,N,MASTER_V1.5,2026-06-29,2026-06-29 19:54:02.726587
769,Amanda Camacho,30,SC,2017-09-26,105,A,PREMIUM_WEALTH,8793.6,66.67,3,2.0,70719.4,10000.0,74.72,150.0,7389.08,19329.940000000002,RETAIL,36.66193333333334,13.18,LOW,0.0,N,N,N,N,MASTER_V1.5,2026-06-29,2026-06-29 19:54:02.726587
806,Erica Holloway,68,OH,2018-06-15,96,A,ENGAGED_MAINSTREAM,11522.66,100.0,4,4.0,163206.32,10000.0,33.05,224.0,51746.18,-21268.83,INSURANCE,33.48084821428571,3.0,LOW,0.0,N,N,N,N,MASTER_V1.5,2026-06-29,2026-06-29 19:54:02.726587
835,David Reyes,39,DC,2016-08-17,118,A,PREMIUM_WEALTH,6399.29,100.0,2,2.0,51341.54,5000.0,81.55,52.0,23153.67,-3324.689999999995,GROCERY,42.308269230769234,14.99,LOW,0.0,N,N,N,N,MASTER_V1.5,2026-06-29,2026-06-29 19:54:02.726587
838,Matthew Valenzuela,26,WY,2026-05-05,1,A,PREMIUM_WEALTH,87.11,100.0,3,3.0,110671.49,0.0,0.0,135.0,18809.239999999998,-12770.21,RETAIL,41.484,13.0,LOW,0.0,N,N,N,N,MASTER_V1.5,2026-06-29,2026-06-29 19:54:02.726587
845,Thomas Hernandez,60,MD,2019-08-28,82,A,ENGAGED_MAINSTREAM,6916.4,66.67,3,2.0,76587.18,10000.0,41.2,144.0,28277.46,-21858.26,RESTAURANT,31.255277777777774,11.36,LOW,0.0,N,N,N,N,MASTER_V1.5,2026-06-29,2026-06-29 19:54:02.726587
846,Kevin Stanley,38,PA,2020-11-22,67,A,PREMIUM_WEALTH,7781.42,100.0,4,4.0,110643.01,5000.0,93.76,175.0,21662.52,24832.899999999998,TRAVEL,38.28594285714286,20.32,MODERATE,0.0,N,N,N,N,MASTER_V1.5,2026-06-29,2026-06-29 19:54:02.726587
847,Catherine Taylor,41,AL,2015-07-09,131,A,PREMIUM_WEALTH,7139.84,100.0,2,2.0,54204.75,25000.0,77.4,79.0,29681.95,-26314.78,RESTAURANT,36.71303797468354,9.91,LOW,0.0,N,N,N,N,MASTER_V1.5,2026-06-29,2026-06-29 19:54:02.726587
850,James Warner,67,MI,2019-04-18,86,A,ENGAGED_MAINSTREAM,7385.59,66.67,3,2.0,93951.39,5000.0,29.99,180.0,46981.5,-21121.489999999998,HEALTHCARE,42.77327777777778,5.09,LOW,0.0,N,N,N,N,MASTER_V1.5,2026-06-29,2026-06-29 19:54:02.726587
862,Lauren Banks,59,AS,2024-03-07,27,A,ENGAGED_MAINSTREAM,3138.73,75.0,4,3.0,111850.51,2000.0,54.96,158.0,28206.57,2061.260000000002,RETAIL,38.60993670886076,18.09,LOW,0.0,N,N,N,N,MASTER_V1.5,2026-06-29,2026-06-29 19:54:02.726587
863,Heather Brown,32,PW,2013-03-06,159,A,PREMIUM_WEALTH,13773.98,100.0,3,3.0,103829.36,5000.0,48.6,100.0,23837.52,-15022.890000000001,TRAVEL,46.001599999999996,30.36,MODERATE,0.0,N,N,N,N,MASTER_V1.5,2026-06-29,2026-06-29 19:54:02.726587
872,Erica Cruz,68,NC,2016-08-24,118,A,GROWING_DIGITAL,6259.06,100.0,2,2.0,40480.78,2000.0,37.23,79.0,3724.31,7087.410000000002,UTILITIES,32.913544303797465,18.46,LOW,0.0,N,N,N,N,MASTER_V1.5,2026-06-29,2026-06-29 19:54:02.726587
917,Carrie Parsons,34,OK,2019-08-24,82,A,PREMIUM_WEALTH,4095.35,100.0,2,2.0,21777.82,15000.0,73.96,77.0,20155.92,-15851.789999999997,RETAIL,29.874285714285715,25.45,MODERATE,0.0,N,N,N,N,MASTER_V1.5,2026-06-29,2026-06-29 19:54:02.726587
925,William Perry,73,OR,2012-07-04,167,A,ENGAGED_MAINSTREAM,18371.86,100.0,4,4.0,59940.88,2000.0,12.17,188.0,51453.15,-26503.15,UTILITIES,39.36281914893618,10.0,LOW,0.0,N,N,N,N,MASTER_V1.5,2026-06-29,2026-06-29 19:54:02.726587
965,Catherine Wilkinson,48,FM,2014-02-10,148,A,PREMIUM_WEALTH,17194.45,100.0,4,4.0,111064.78,5000.0,91.94,146.0,22495.629999999997,-16518.46,RETAIL,43.837397260273974,5.09,LOW,0.0,N,N,N,N,MASTER_V1.5,2026-06-29,2026-06-29 19:54:02.726587
973,Lindsay Mendez,41,ND,2024-02-21,28,A,GROWING_DIGITAL,653.66,100.0,1,1.0,11361.21,0.0,0.0,24.0,11125.82,-10310.65,GAS_STATION,25.0,9.27,LOW,0.0,N,Y,N,N,MASTER_V1.5,2026-06-29,2026-06-29 19:54:02.726587
987,Lisa Cortez,77,AL,2014-12-05,138,A,ENGAGED_MAINSTREAM,16390.95,100.0,4,4.0,143990.18,15000.0,54.89,140.0,18615.37,-11883.009999999998,UTILITIES,36.425999999999995,38.82,MODERATE,0.0,N,N,N,N,MASTER_V1.5,2026-06-29,2026-06-29 19:54:02.726587
1002,Kimberly Banks,30,VT,2024-11-14,19,A,PREMIUM_WEALTH,2167.0,100.0,4,4.0,89792.81,15000.0,40.67,81.0,5292.18,-1423.23,UTILITIES,35.80456790123457,18.62,LOW,0.0,N,N,N,N,MASTER_V1.5,2026-06-29,2026-06-29 19:54:02.726587
1026,Eric Shea,69,IA,2011-06-30,180,A,ENGAGED_MAINSTREAM,20924.47,100.0,4,4.0,111826.53,25000.0,52.6,145.0,15039.890000000001,12790.1,RESTAURANT,37.929448275862065,15.55,LOW,0.0,N,N,N,N,MASTER_V1.5,2026-06-29,2026-06-29 19:54:02.726587
1033,Nancy Li,31,OH,2025-10-06,8,A,PREMIUM_WEALTH,884.83,75.0,4,3.0,63601.0,15000.0,34.96,212.0,48276.28,-18624.329999999998,UTILITIES,42.452688679245284,11.45,LOW,0.0,N,N,N,N,MASTER_V1.5,2026-06-29,2026-06-29 19:54:02.726587
1038,Stephanie Black,70,OK,2016-03-14,123,A,GROWING_DIGITAL,7258.52,100.0,2,2.0,133581.67,0.0,0.0,92.0,23111.84,-8785.8,HEALTHCARE,35.87130434782608,14.33,LOW,0.0,N,N,N,N,MASTER_V1.5,2026-06-29,2026-06-29 19:54:02.726587
1039,John Davis,84,MS,2023-11-27,31,A,ENGAGED_MAINSTREAM,3729.84,100.0,4,4.0,168002.96,15000.0,65.12,103.0,41994.71,-19624.52,RESTAURANT,40.775242718446606,33.24,MODERATE,0.0,N,N,N,N,MASTER_V1.5,2026-06-29,2026-06-29 19:54:02.726587
1065,Sarah Scott,61,NM,2019-11-07,79,A,ENGAGED_MAINSTREAM,4443.26,100.0,2,2.0,76785.4,15000.0,88.29,60.0,4267.19,-1745.9699999999993,GROCERY,41.672666666666665,20.26,MODERATE,0.0,N,N,N,N,MASTER_V1.5,2026-06-29,2026-06-29 19:54:02.726587
1066,Michelle Mccarty,84,OR,2013-04-19,158,A,GROWING_DIGITAL,7172.96,100.0,2,2.0,8775.31,0.0,0.0,100.0,7668.6,-3082.8200000000006,RESTAURANT,52.00499999999999,12.18,LOW,0.0,N,N,Y,N,MASTER_V1.5,2026-06-29,2026-06-29 19:54:02.726587
1071,Ashley Sweeney,62,LA,2020-11-27,67,A,VALUE_BASIC,945.26,100.0,1,1.0,282.4,5000.0,5.65,48.0,11696.99,2602.2700000000004,RETAIL,39.58,7.09,LOW,0.0,N,Y,N,N,MASTER_V1.5,2026-06-29,2026-06-29 19:54:02.726587
1072,Jeremy Stewart,80,AR,2013-11-27,151,A,VALUE_BASIC,0.0,100.0,1,1.0,-26.79,0.0,0.0,30.0,2486.15,3718.9999999999995,GAS_STATION,40.0,10.55,LOW,0.0,N,Y,N,N,MASTER_V1.5,2026-06-29,2026-06-29 19:54:02.726587
1099,Jacob Garcia,82,UT,2019-06-22,84,A,ENGAGED_MAINSTREAM,7120.09,100.0,3,3.0,80961.2,10000.0,83.28,150.0,26071.67,-1841.25,TRAVEL,42.664199999999994,18.93,LOW,0.0,N,N,N,N,MASTER_V1.5,2026-06-29,2026-06-29 19:54:02.726587
1101,Matthew Collins,75,AL,2018-11-08,91,A,ENGAGED_MAINSTREAM,10324.36,50.0,4,2.0,84580.0,15000.0,7.69,227.0,55482.58,-27217.07,UTILITIES,36.12674008810572,0.0,LOW,0.0,N,N,N,N,MASTER_V1.5,2026-06-29,2026-06-29 19:54:02.726587
1106,Kelsey Ramos,34,GU,2015-03-16,135,A,PREMIUM_WEALTH,16314.5,75.0,4,3.0,177160.59,25000.0,88.06,171.0,31630.2,-7958.09,INSURANCE,39.76362573099415,0.91,LOW,0.0,N,N,N,N,MASTER_V1.5,2026-06-29,2026-06-29 19:54:02.726587
1134,Jason Henry,80,PW,2025-05-14,13,A,ENGAGED_MAINSTREAM,1157.26,66.67,3,2.0,142825.9,25000.0,79.1,124.0,12584.76,6250.180000000002,TRAVEL,33.06774193548387,4.23,LOW,0.0,N,N,N,N,MASTER_V1.5,2026-06-29,2026-06-29 19:54:02.726587
1144,Scott Gomez,74,AL,2026-05-21,1,A,ENGAGED_MAINSTREAM,114.38,100.0,4,4.0,92753.58,10000.0,13.83,186.0,31390.88,3989.8100000000013,HEALTHCARE,40.32225806451613,11.0,LOW,0.0,N,N,N,N,MASTER_V1.5,2026-06-29,2026-06-29 19:54:02.726587
1156,Gerald Petersen,37,MP,2023-04-27,38,A,VALUE_BASIC,1887.48,100.0,2,2.0,20622.27,5000.0,49.64,106.0,41970.19,-29042.030000000002,ENTERTAINMENT,36.79518867924528,0.0,LOW,0.0,N,N,N,N,MASTER_V1.5,2026-06-29,2026-06-29 19:54:02.726587
1176,Stacy Mcintosh,77,AR,2012-04-21,170,A,ENGAGED_MAINSTREAM,14088.21,100.0,3,3.0,62917.41,15000.0,91.29,141.0,32957.979999999996,-17378.78,GROCERY,32.622340425531924,10.76,LOW,0.0,N,N,N,N,MASTER_V1.5,2026-06-29,2026-06-29 19:54:02.726587
1182,Kristina Williamson,74,NY,2015-09-23,129,A,GROWING_DIGITAL,7196.01,100.0,2,2.0,70025.01,0.0,0.0,46.0,3248.04,4185.639999999999,GROCERY,34.783043478260865,11.27,LOW,0.0,N,N,N,N,MASTER_V1.5,2026-06-29,2026-06-29 19:54:02.726587
1189,Phillip Moore,50,ME,2016-06-19,120,A,PREMIUM_WEALTH,10398.99,100.0,3,3.0,104237.59,25000.0,33.14,124.0,7802.75,27069.799999999996,UTILITIES,37.09911290322581,13.73,LOW,0.0,N,N,N,N,MASTER_V1.5,2026-06-29,2026-06-29 19:54:02.726587
1218,Jill Grant,50,DE,2017-05-23,109,A,GROWING_DIGITAL,6114.96,100.0,2,2.0,74615.98,15000.0,30.9,100.0,6218.44,8140.61,UTILITIES,37.995999999999995,9.27,LOW,0.0,N,N,N,N,MASTER_V1.5,2026-06-29,2026-06-29 19:54:02.726587
1219,Brandon Carter,50,AL,2020-11-24,67,A,PREMIUM_WEALTH,5816.02,100.0,3,3.0,106316.01,25000.0,78.58,108.0,42322.51,-28095.95,GAS_STATION,33.33138888888889,20.02,MODERATE,0.0,N,N,N,N,MASTER_V1.5,2026-06-29,2026-06-29 19:54:02.726587
1225,James Gibson,45,AL,2022-02-14,52,A,GROWING_DIGITAL,1359.4,100.0,1,1.0,34785.52,0.0,0.0,19.0,1646.48,-933.76,RESTAURANT,21.060000000000002,12.45,LOW,0.0,N,Y,N,N,MASTER_V1.5,2026-06-29,2026-06-29 19:54:02.726587
1234,Stephen Foley,43,DE,2015-04-08,134,A,GROWING_DIGITAL,7417.9,100.0,2,2.0,64311.44,15000.0,8.26,103.0,34890.64,-30681.51,TRAVEL,38.83174757281554,13.32,LOW,0.0,N,N,N,N,MASTER_V1.5,2026-06-29,2026-06-29 19:54:02.726587
1238,Brandon Hernandez,48,VA,2023-10-20,32,A,GROWING_DIGITAL,837.7,100.0,1,1.0,35287.01,0.0,0.0,37.0,20615.36,3856.970000000001,RETAIL,43.24,10.27,LOW,0.0,N,Y,N,N,MASTER_V1.5,2026-06-29,2026-06-29 19:54:02.726587
1251,April Welch,76,MN,2019-11-19,79,A,ENGAGED_MAINSTREAM,8938.56,50.0,4,2.0,82013.27,15000.0,72.86,191.0,11495.86,36241.7,TRAVEL,42.93057591623037,15.02,LOW,0.0,N,N,N,N,MASTER_V1.5,2026-06-29,2026-06-29 19:54:02.726587
1256,Juan Tyler,84,AL,2014-06-29,144,A,GROWING_DIGITAL,4030.5,100.0,1,1.0,72826.01,0.0,0.0,51.0,10704.91,-8083.67,GAS_STATION,35.3,18.39,LOW,0.0,N,Y,N,N,MASTER_V1.5,2026-06-29,2026-06-29 19:54:02.726587
1260,Laura Brewer,40,WY,2025-02-27,16,A,PREMIUM_WEALTH,1842.8,100.0,4,4.0,100457.91,25000.0,79.9,176.0,33616.5,-12013.05,UTILITIES,36.93386363636363,9.45,LOW,0.0,N,N,N,N,MASTER_V1.5,2026-06-29,2026-06-29 19:54:02.726587
1268,Leonard Johnson,35,WV,2022-01-04,53,A,GROWING_DIGITAL,1423.11,100.0,1,1.0,46187.59,0.0,0.0,73.0,13773.52,-10587.86,HEALTHCARE,36.98999999999999,18.91,LOW,0.0,N,Y,N,N,MASTER_V1.5,2026-06-29,2026-06-29 19:54:02.726587
1277,Christopher Owens,39,KS,2020-05-10,73,A,PREMIUM_WEALTH,8608.81,75.0,4,3.0,132309.02,25000.0,63.18,222.0,15113.33,20163.949999999997,TRAVEL,41.89405405405407,22.27,MODERATE,0.0,N,N,N,N,MASTER_V1.5,2026-06-29,2026-06-29 19:54:02.726587
1296,Cassandra Anderson,74,AS,2022-12-12,42,A,ENGAGED_MAINSTREAM,5091.05,75.0,4,3.0,183788.18,10000.0,81.06,238.0,35189.0,6958.940000000002,TRAVEL,41.179915966386545,17.41,LOW,0.0,N,N,N,N,MASTER_V1.5,2026-06-29,2026-06-29 19:54:02.726587
1310,Robin Torres,64,IN,2019-12-31,78,A,ENGAGED_MAINSTREAM,4275.77,100.0,2,2.0,57729.36,15000.0,68.44,96.0,4639.62,12426.600000000002,RETAIL,36.455625,15.5,LOW,0.0,N,N,N,N,MASTER_V1.5,2026-06-29,2026-06-29 19:54:02.726587
1314,Lori Howard,81,OK,2021-12-25,54,A,ENGAGED_MAINSTREAM,4691.6,100.0,3,3.0,107388.46,10000.0,17.6,154.0,26491.6,847.75,GROCERY,44.155584415584414,19.45,LOW,0.0,N,N,N,N,MASTER_V1.5,2026-06-29,2026-06-29 19:54:02.726587
1318,Mary Moore,59,SC,2025-04-13,14,A,ENGAGED_MAINSTREAM,1046.06,66.67,3,2.0,21214.93,2000.0,32.42,136.0,16376.28,-10892.550000000001,UTILITIES,44.8514705882353,22.73,MODERATE,0.0,N,N,N,N,MASTER_V1.5,2026-06-29,2026-06-29 19:54:02.726587
1332,Kimberly Harrison,81,OR,2016-08-12,118,A,ENGAGED_MAINSTREAM,10300.66,66.67,3,2.0,113455.65,25000.0,38.18,192.0,40630.25,-30437.98,RETAIL,35.9375,25.82,MODERATE,0.0,N,N,N,N,MASTER_V1.5,2026-06-29,2026-06-29 19:54:02.726587
1333,Jessica Fisher,51,TX,2018-06-28,96,A,PREMIUM_WEALTH,10694.28,100.0,4,4.0,68863.11,5000.0,82.41,202.0,39663.97,5522.689999999995,RETAIL,40.095990099009896,25.43,MODERATE,0.0,N,N,N,N,MASTER_V1.5,2026-06-29,2026-06-29 19:54:02.726587
1336,Gary Williams,81,AZ,2018-07-20,95,A,ENGAGED_MAINSTREAM,11051.84,100.0,4,4.0,112816.57,15000.0,89.32,190.0,63137.600000000006,-37303.170000000006,RETAIL,40.00105263157894,11.73,LOW,0.0,N,N,N,N,MASTER_V1.5,2026-06-29,2026-06-29 19:54:02.726587
1345,Jason Navarro,56,WI,2021-01-01,65,A,ENGAGED_MAINSTREAM,7416.14,75.0,4,3.0,90169.07,5000.0,51.2,171.0,51887.4,-30532.18,RESTAURANT,43.860935672514614,14.91,LOW,0.0,N,N,N,N,MASTER_V1.5,2026-06-29,2026-06-29 19:54:02.726587
1346,Karla Wilson,62,LA,2021-01-26,65,A,GROWING_DIGITAL,1537.53,100.0,1,1.0,12857.65,0.0,0.0,54.0,22351.15,-20964.760000000002,HEALTHCARE,38.88999999999999,7.09,LOW,0.0,N,Y,N,N,MASTER_V1.5,2026-06-29,2026-06-29 19:54:02.726587
1360,Jean Wilson,21,NY,2021-01-03,65,A,GROWING_DIGITAL,1527.71,100.0,1,1.0,12104.08,0.0,0.0,65.0,16223.08,2237.7699999999986,RESTAURANT,35.38,10.79,LOW,0.0,N,Y,N,N,MASTER_V1.5,2026-06-29,2026-06-29 19:54:02.726587
1369,Jeffery Schneider,75,AR,2022-12-16,42,A,ENGAGED_MAINSTREAM,4656.83,100.0,4,4.0,65361.56,10000.0,48.89,224.0,50450.799999999996,-38543.67999999999,INSURANCE,37.05058035714286,17.38,LOW,0.0,N,N,N,N,MASTER_V1.5,2026-06-29,2026-06-29 19:54:02.726587
1384,Bryan Fernandez,45,MI,2018-10-15,92,A,GROWING_DIGITAL,8249.74,100.0,3,3.0,155772.09,0.0,0.0,201.0,51033.84,-43032.89,RETAIL,37.31064676616916,16.18,LOW,0.0,N,N,N,N,MASTER_V1.5,2026-06-29,2026-06-29 19:54:02.726587
1397,Brittany Rogers,32,MA,2022-11-22,43,A,PREMIUM_WEALTH,3521.23,66.67,3,2.0,55189.61,15000.0,21.33,159.0,31086.4,2748.040000000001,RESTAURANT,45.28150943396227,1.01,LOW,0.0,N,N,N,N,MASTER_V1.5,2026-06-29,2026-06-29 19:54:02.726587
1402,Olivia Butler,79,TX,2021-03-19,63,A,ENGAGED_MAINSTREAM,5131.15,100.0,3,3.0,52029.75,0.0,0.0,143.0,47532.579999999994,-20382.889999999992,UTILITIES,44.755524475524474,11.87,LOW,0.0,N,N,N,N,MASTER_V1.5,2026-06-29,2026-06-29 19:54:02.726587
1403,Heather Harris,31,OH,2023-01-06,41,A,PREMIUM_WEALTH,4727.62,100.0,4,4.0,101801.18,5000.0,4.63,181.0,17884.6,1189.8100000000013,RETAIL,35.907679558011054,10.55,LOW,0.0,N,N,N,N,MASTER_V1.5,2026-06-29,2026-06-29 19:54:02.726587
1405,Hector Porter,44,MT,2012-01-19,173,A,GROWING_DIGITAL,9525.19,100.0,2,2.0,60583.52,5000.0,46.8,101.0,32315.61,-14286.68,RESTAURANT,32.67386138613861,18.81,LOW,0.0,N,N,N,N,MASTER_V1.5,2026-06-29,2026-06-29 19:54:02.726587
1412,Ryan Cook,42,NM,2015-09-29,129,A,GROWING_DIGITAL,7444.55,100.0,2,2.0,102943.15,0.0,0.0,72.0,15536.710000000001,5127.9,GROCERY,34.72388888888889,20.0,MODERATE,0.0,N,N,N,N,MASTER_V1.5,2026-06-29,2026-06-29 19:54:02.726587
1415,Jennifer Watkins,77,MO,2024-11-04,19,A,CREDIT_DEPENDENT,1560.68,33.33,3,1.0,57076.88,2000.0,1.83,141.0,19376.17,-11972.869999999999,HEALTHCARE,38.30085106382978,24.27,MODERATE,0.0,N,N,N,N,MASTER_V1.5,2026-06-29,2026-06-29 19:54:02.726587
1455,Kelly Montes,50,AS,2020-11-06,67,A,GROWING_DIGITAL,3694.15,100.0,2,2.0,61532.53,0.0,0.0,75.0,28148.93,-24198.8,TRAVEL,30.666666666666664,10.09,LOW,0.0,N,N,N,N,MASTER_V1.5,2026-06-29,2026-06-29 19:54:02.726587
1461,George Green,76,AL,2023-04-08,38,A,ENGAGED_MAINSTREAM,1945.49,100.0,2,2.0,27984.95,5000.0,94.8,80.0,4077.79,1063.3999999999996,GROCERY,41.25500000000001,12.09,LOW,0.0,N,N,N,N,MASTER_V1.5,2026-06-29,2026-06-29 19:54:02.726587
1483,Jessica Wallace,26,VI,2012-10-18,164,A,PREMIUM_WEALTH,13572.76,100.0,3,3.0,61992.14,10000.0,56.53,144.0,37099.490000000005,-18973.860000000004,UTILITIES,39.58236111111111,33.39,MODERATE,0.0,N,N,N,N,MASTER_V1.5,2026-06-29,2026-06-29 19:54:02.726587
1486,Jared Wells,46,AK,2012-10-10,164,A,GROWING_DIGITAL,13751.84,100.0,3,3.0,71707.85,0.0,0.0,166.0,20685.43,17666.25,RESTAURANT,40.36301204819277,12.29,LOW,0.0,N,N,N,N,MASTER_V1.5,2026-06-29,2026-06-29 19:54:02.726587
1495,David Ramirez,39,KY,2015-02-21,136,A,GROWING_DIGITAL,7797.8,100.0,2,2.0,95545.61,0.0,0.0,56.0,10490.24,-8035.09,GAS_STATION,30.36285714285714,12.27,LOW,0.0,N,N,N,N,MASTER_V1.5,2026-06-29,2026-06-29 19:54:02.726587
1507,Renee Garcia,53,NJ,2016-07-26,119,A,GROWING_DIGITAL,6399.72,100.0,2,2.0,46903.08,15000.0,7.76,85.0,13918.3,61.080000000001746,RETAIL,38.82458823529412,15.55,LOW,0.0,N,N,N,N,MASTER_V1.5,2026-06-29,2026-06-29 19:54:02.726587
1528,Michael Gray,21,PW,2014-03-10,147,A,PREMIUM_WEALTH,11718.58,100.0,3,3.0,41319.78,25000.0,34.5,132.0,18825.11,-1261.380000000001,RETAIL,39.394015151515156,14.18,LOW,0.0,N,N,N,N,MASTER_V1.5,2026-06-29,2026-06-29 19:54:02.726587
1535,Harry Lutz,53,MS,2021-08-15,58,A,VALUE_BASIC,1084.25,100.0,1,1.0,1767.91,5000.0,35.36,25.0,10192.23,-8933.4,RETAIL,36.0,14.27,LOW,0.0,N,Y,Y,N,MASTER_V1.5,2026-06-29,2026-06-29 19:54:02.726587
1549,Jose Cooper,41,SC,2018-10-21,92,A,GROWING_DIGITAL,2293.69,100.0,1,1.0,21430.68,0.0,0.0,22.0,1292.89,-354.7400000000001,RETAIL,40.91,23.0,MODERATE,0.0,N,Y,N,N,MASTER_V1.5,2026-06-29,2026-06-29 19:54:02.726587
1550,Stephanie Johnson,27,GU,2019-08-24,82,A,PREMIUM_WEALTH,7213.25,100.0,3,3.0,124103.33,0.0,0.0,113.0,61102.5,-17513.21,RETAIL,32.743274336283186,27.36,MODERATE,0.0,N,N,N,N,MASTER_V1.5,2026-06-29,2026-06-29 19:54:02.726587
1563,Andrew Nguyen,65,IN,2016-07-11,119,A,ENGAGED_MAINSTREAM,12197.23,75.0,4,3.0,28276.16,10000.0,9.83,175.0,31062.14,-15665.27,TRAVEL,37.14668571428571,34.74,MODERATE,0.0,N,N,N,N,MASTER_V1.5,2026-06-29,2026-06-29 19:54:02.726587
1569,Melanie Cobb,56,IL,2018-11-26,91,A,ENGAGED_MAINSTREAM,7781.03,66.67,3,2.0,89391.68,15000.0,97.13,157.0,39135.3,2132.769999999997,RETAIL,41.40012738853503,10.82,LOW,0.0,N,N,N,N,MASTER_V1.5,2026-06-29,2026-06-29 19:54:02.726587
1577,Michelle Ray,84,LA,2021-12-25,54,A,ENGAGED_MAINSTREAM,4611.17,100.0,3,3.0,88045.91,15000.0,17.27,123.0,12112.82,-5643.82,GROCERY,34.14739837398374,24.29,MODERATE,0.0,N,N,N,N,MASTER_V1.5,2026-06-29,2026-06-29 19:54:02.726587
1584,Carolyn Sullivan,42,KY,2015-04-26,134,A,VALUE_BASIC,2991.02,100.0,1,1.0,7543.39,25000.0,30.17,38.0,2067.52,13999.65,GROCERY,50.0,16.91,LOW,0.0,N,Y,Y,N,MASTER_V1.5,2026-06-29,2026-06-29 19:54:02.726587
1586,Ryan Lucas,54,RI,2019-11-04,79,A,GROWING_DIGITAL,6526.73,100.0,3,3.0,60814.08,5000.0,4.83,95.0,33063.6,-18742.309999999998,HEALTHCARE,37.89557894736842,13.55,LOW,0.0,N,N,N,N,MASTER_V1.5,2026-06-29,2026-06-29 19:54:02.726587
1591,Diane Davis,58,ND,2016-11-29,115,A,ENGAGED_MAINSTREAM,10262.12,66.67,3,2.0,146989.17,0.0,0.0,148.0,32198.660000000003,-15989.330000000002,TRAVEL,37.83844594594594,25.98,MODERATE,0.0,N,N,N,N,MASTER_V1.5,2026-06-29,2026-06-29 19:54:02.726587
1601,Lori Smith,61,MI,2022-03-02,51,A,GROWING_DIGITAL,3717.15,100.0,3,3.0,16614.49,5000.0,6.1,113.0,31628.76,-26077.299999999996,TRAVEL,37.169203539823,15.55,LOW,0.0,N,N,N,N,MASTER_V1.5,2026-06-29,2026-06-29 19:54:02.726587
1618,Laura Flores,28,RI,2021-09-20,57,A,GROWING_DIGITAL,1449.7,100.0,1,1.0,26195.56,0.0,0.0,23.0,1946.55,-967.25,EDUCATION,39.129999999999995,5.18,LOW,0.0,N,Y,N,N,MASTER_V1.5,2026-06-29,2026-06-29 19:54:02.726587
1625,Micheal Valentine,68,MS,2012-10-26,164,A,ENGAGED_MAINSTREAM,19267.34,75.0,4,3.0,126548.42,15000.0,66.75,164.0,30254.510000000002,-2769.3100000000013,RESTAURANT,37.192987804878044,28.27,MODERATE,0.0,N,N,N,N,MASTER_V1.5,2026-06-29,2026-06-29 19:54:02.726587
1627,David Reeves,55,CT,2021-07-16,59,A,ENGAGED_MAINSTREAM,6957.76,75.0,4,3.0,132297.17,10000.0,63.85,149.0,30844.28,-17749.03,UTILITIES,40.26818791946309,12.09,LOW,0.0,N,N,N,N,MASTER_V1.5,2026-06-29,2026-06-29 19:54:02.726587
1641,Logan Moreno,26,WA,2013-06-16,156,A,GROWING_DIGITAL,4192.94,100.0,1,1.0,46682.74,0.0,0.0,33.0,8257.4,-7580.32,RETAIL,27.27,14.36,LOW,0.0,N,Y,N,N,MASTER_V1.5,2026-06-29,2026-06-29 19:54:02.726587
1685,Thomas Holt,77,AK,2014-01-19,149,A,ENGAGED_MAINSTREAM,16774.1,75.0,4,3.0,77480.87,5000.0,51.5,182.0,50054.29,-18057.15,UTILITIES,33.513351648351644,3.88,LOW,0.0,N,N,N,N,MASTER_V1.5,2026-06-29,2026-06-29 19:54:02.726587
1698,Brittany Carr,52,KS,2018-09-28,93,A,GROWING_DIGITAL,8076.53,100.0,3,3.0,106858.42,15000.0,11.5,144.0,20183.940000000002,-1037.7100000000028,TRAVEL,33.33423611111111,10.98,LOW,0.0,N,N,N,N,MASTER_V1.5,2026-06-29,2026-06-29 19:54:02.726587
1709,Catherine Garcia,76,GU,2014-06-19,144,A,ENGAGED_MAINSTREAM,16902.23,50.0,4,2.0,125198.81,25000.0,63.3,158.0,45919.270000000004,-21116.590000000004,TRAVEL,39.8753164556962,12.73,LOW,0.0,N,N,N,N,MASTER_V1.5,2026-06-29,2026-06-29 19:54:02.726587
1710,Kevin Clark,57,SD,2026-04-26,2,A,ENGAGED_MAINSTREAM,109.94,100.0,2,2.0,59536.69,10000.0,86.35,62.0,9695.43,1487.25,TRAVEL,37.09548387096774,18.64,LOW,0.0,N,N,N,N,MASTER_V1.5,2026-06-29,2026-06-29 19:54:02.726587
1714,Matthew Kelly,70,OH,2015-05-03,133,A,ENGAGED_MAINSTREAM,15925.13,75.0,4,3.0,158543.03,15000.0,21.84,161.0,31514.46,-16203.55,TRAVEL,29.81130434782609,9.4,LOW,0.0,N,N,N,N,MASTER_V1.5,2026-06-29,2026-06-29 19:54:02.726587
1715,Joseph Hernandez,82,NH,2024-08-01,22,A,ENGAGED_MAINSTREAM,1835.88,100.0,3,3.0,67951.64,0.0,0.0,112.0,23512.760000000002,-9813.630000000003,UTILITIES,38.39830357142856,13.45,LOW,0.0,N,N,N,N,MASTER_V1.5,2026-06-29,2026-06-29 19:54:02.726587
1717,Stephen Skinner,23,MO,2018-01-08,101,A,PREMIUM_WEALTH,11205.92,75.0,4,3.0,65839.19,15000.0,19.66,187.0,33050.03,-10091.619999999999,RETAIL,35.831497326203205,23.29,MODERATE,0.0,N,N,N,N,MASTER_V1.5,2026-06-29,2026-06-29 19:54:02.726587
1718,Cheryl Casey,78,GU,2013-01-26,161,A,ENGAGED_MAINSTREAM,11442.95,100.0,3,3.0,13050.21,25000.0,32.79,160.0,47119.26,-27469.7,RETAIL,39.995875000000005,8.64,LOW,0.0,N,N,N,N,MASTER_V1.5,2026-06-29,2026-06-29 19:54:02.726587
1737,Kristina Pearson,71,LA,2019-08-12,82,A,GROWING_DIGITAL,2294.96,100.0,1,1.0,72758.83,0.0,0.0,41.0,2327.8,9683.810000000001,GROCERY,43.89999999999999,18.36,LOW,0.0,N,Y,N,N,MASTER_V1.5,2026-06-29,2026-06-29 19:54:02.726587
1746,Jillian Chavez,77,WA,2015-12-08,126,A,ENGAGED_MAINSTREAM,10753.94,100.0,3,3.0,87538.46,10000.0,86.09,165.0,26365.63,-17942.48,INSURANCE,33.93418181818183,5.45,LOW,0.0,N,N,N,N,MASTER_V1.5,2026-06-29,2026-06-29 19:54:02.726587
1751,Mackenzie Ward,63,TN,2020-03-06,75,A,GROWING_DIGITAL,3782.48,100.0,2,2.0,24019.11,0.0,0.0,78.0,15300.0,-4954.41,GROCERY,30.769743589743587,12.82,LOW,0.0,N,N,N,N,MASTER_V1.5,2026-06-29,2026-06-29 19:54:02.726587
1752,Maria Miller,78,CO,2022-02-08,52,A,ENGAGED_MAINSTREAM,4158.17,100.0,3,3.0,42701.32,2000.0,5.59,103.0,26469.089999999997,1073.3700000000026,UTILITIES,31.069611650485434,35.16,MODERATE,0.0,N,N,N,N,MASTER_V1.5,2026-06-29,2026-06-29 19:54:02.726587
1753,Thomas Griffin,81,OR,2024-09-29,21,A,ENGAGED_MAINSTREAM,1805.32,100.0,3,3.0,95068.65,10000.0,92.36,139.0,43866.3,-36291.380000000005,RETAIL,36.69474820143885,0.55,LOW,0.0,N,N,N,N,MASTER_V1.5,2026-06-29,2026-06-29 19:54:02.726587
1763,Brittany Williams,32,NY,2013-08-11,154,A,PREMIUM_WEALTH,18139.79,100.0,4,4.0,130494.39,15000.0,30.7,161.0,45638.649999999994,3239.3600000000006,UTILITIES,47.20670807453416,14.4,LOW,0.0,N,N,N,N,MASTER_V1.5,2026-06-29,2026-06-29 19:54:02.726587
1775,Jaime Alvarez,81,OR,2019-12-31,78,A,VALUE_BASIC,1683.33,100.0,1,1.0,5610.99,15000.0,37.41,24.0,1198.42,509.16999999999985,GAS_STATION,29.17,14.73,LOW,0.0,N,Y,Y,N,MASTER_V1.5,2026-06-29,2026-06-29 19:54:02.726587
1792,Tammy Brooks,42,FL,2014-07-11,143,A,PREMIUM_WEALTH,10281.46,66.67,3,2.0,14565.94,2000.0,32.3,127.0,11470.22,13532.15,HEALTHCARE,38.584803149606294,3.64,LOW,0.0,N,N,N,N,MASTER_V1.5,2026-06-29,2026-06-29 19:54:02.726587
1795,Teresa Smith,29,AL,2015-10-22,128,A,GROWING_DIGITAL,3435.65,100.0,1,1.0,45999.93,0.0,0.0,66.0,4613.52,-2173.26,GAS_STATION,37.879999999999995,11.18,LOW,0.0,N,Y,N,N,MASTER_V1.5,2026-06-29,2026-06-29 19:54:02.726587
1802,Shawn Sanchez,67,VI,2022-09-20,45,A,CREDIT_DEPENDENT,2511.63,50.0,2,1.0,70460.74,2000.0,66.39,79.0,24574.129999999997,-15101.009999999998,RETAIL,37.97341772151899,10.09,LOW,0.0,N,N,N,N,MASTER_V1.5,2026-06-29,2026-06-29 19:54:02.726587
1822,Danielle Hahn,55,ME,2025-06-25,12,A,ENGAGED_MAINSTREAM,1057.0,100.0,3,3.0,126046.64,5000.0,50.29,121.0,14380.449999999999,-9016.73,RETAIL,36.36371900826447,22.65,MODERATE,0.0,N,N,N,N,MASTER_V1.5,2026-06-29,2026-06-29 19:54:02.726587
1824,Steven Ward,67,IA,2021-08-21,58,A,ENGAGED_MAINSTREAM,6635.18,75.0,4,3.0,92964.3,2000.0,6.04,185.0,70225.56,-44831.67999999999,RETAIL,42.70308108108108,23.18,MODERATE,0.0,N,N,N,N,MASTER_V1.5,2026-06-29,2026-06-29 19:54:02.726587
1825,Jeffrey Ramirez,34,NE,2024-09-03,21,A,PREMIUM_WEALTH,1760.07,100.0,3,3.0,71327.36,2000.0,10.68,112.0,36822.21,-15424.329999999998,RESTAURANT,41.07357142857143,0.0,LOW,0.0,N,N,N,N,MASTER_V1.5,2026-06-29,2026-06-29 19:54:02.726587
1826,Adam Lee,57,DC,2018-03-09,99,A,ENGAGED_MAINSTREAM,10615.75,100.0,4,4.0,45386.81,2000.0,10.07,158.0,36117.03,-5754.279999999999,UTILITIES,44.93607594936709,29.6,MODERATE,0.0,N,N,N,N,MASTER_V1.5,2026-06-29,2026-06-29 19:54:02.726587
1835,Melanie Brown,83,NE,2016-03-01,123,A,ENGAGED_MAINSTREAM,10446.49,66.67,3,2.0,82793.61,5000.0,67.41,135.0,24594.86,-18148.77,INSURANCE,35.55911111111111,18.55,LOW,0.0,N,N,N,N,MASTER_V1.5,2026-06-29,2026-06-29 19:54:02.726587
1836,Scott Turner,76,TN,2025-03-15,15,A,VALUE_BASIC,347.04,100.0,1,1.0,10449.64,15000.0,69.66,46.0,17767.35,-7015.479999999998,GROCERY,32.60999999999999,19.41,LOW,0.0,N,Y,N,N,MASTER_V1.5,2026-06-29,2026-06-29 19:54:02.726587
1843,James Berry,80,AZ,2023-04-08,38,A,ENGAGED_MAINSTREAM,4581.2,75.0,4,3.0,172093.21,15000.0,45.71,184.0,10631.34,16866.53,RETAIL,40.763586956521735,13.45,LOW,0.0,N,N,N,N,MASTER_V1.5,2026-06-29,2026-06-29 19:54:02.726587
1857,Jody Harris,21,TX,2016-06-08,120,A,PREMIUM_WEALTH,9386.83,100.0,3,3.0,33854.0,5000.0,70.8,129.0,28878.96,-23191.739999999998,UTILITIES,31.011937984496118,5.18,LOW,0.0,N,N,N,N,MASTER_V1.5,2026-06-29,2026-06-29 19:54:02.726587
1860,Bradley Johnson,46,AZ,2022-11-29,43,A,VALUE_BASIC,740.68,100.0,1,1.0,982.47,2000.0,49.12,48.0,2146.28,580.0499999999997,HEALTHCARE,43.75,11.27,LOW,0.0,N,Y,N,N,MASTER_V1.5,2026-06-29,2026-06-29 19:54:02.726587
1878,Michelle Foster,70,OR,2014-07-09,143,A,ENGAGED_MAINSTREAM,12117.01,100.0,3,3.0,80652.71,10000.0,82.72,152.0,24368.75,24294.72,RESTAURANT,36.83894736842105,16.0,LOW,0.0,N,N,N,N,MASTER_V1.5,2026-06-29,2026-06-29 19:54:02.726587
1885,Dawn Hartman,29,FM,2019-02-21,88,A,PREMIUM_WEALTH,7508.2,100.0,3,3.0,87208.56,0.0,0.0,112.0,22105.83,2678.3099999999977,TRAVEL,40.17857142857143,13.64,LOW,0.0,N,N,N,N,MASTER_V1.5,2026-06-29,2026-06-29 19:54:02.726587
1889,Karen Singh,18,MP,2026-05-21,1,A,PREMIUM_WEALTH,121.43,75.0,4,3.0,187844.48,10000.0,79.81,162.0,36298.600000000006,-19706.140000000007,UTILITIES,38.892345679012344,10.73,LOW,0.0,N,N,N,N,MASTER_V1.5,2026-06-29,2026-06-29 19:54:02.726587
1893,Jeremy Curry,75,CT,2017-06-03,108,A,ENGAGED_MAINSTREAM,9026.28,100.0,3,3.0,69116.75,10000.0,2.83,133.0,36710.55,12892.099999999999,UTILITIES,37.59360902255639,19.39,LOW,0.0,N,N,N,N,MASTER_V1.5,2026-06-29,2026-06-29 19:54:02.726587
1897,Nicholas Ray,55,OR,2019-10-27,80,A,GROWING_DIGITAL,4241.68,100.0,2,2.0,40303.67,25000.0,26.55,100.0,17701.12,-13987.619999999999,RESTAURANT,41.99980000000001,25.93,MODERATE,0.0,N,N,N,N,MASTER_V1.5,2026-06-29,2026-06-29 19:54:02.726587
1899,Robert Jennings,29,ND,2016-07-23,119,A,VALUE_BASIC,5429.04,100.0,2,2.0,9176.84,10000.0,31.46,134.0,6671.12,759.0999999999995,GROCERY,36.56470149253732,2.64,LOW,0.0,N,N,Y,N,MASTER_V1.5,2026-06-29,2026-06-29 19:54:02.726587
1904,Jacob Rodriguez,59,HI,2019-06-19,84,A,GROWING_DIGITAL,2266.58,100.0,1,1.0,48689.42,0.0,0.0,47.0,2503.71,689.0099999999998,RETAIL,42.55,30.66,MODERATE,0.0,N,Y,N,N,MASTER_V1.5,2026-06-29,2026-06-29 19:54:02.726587
1910,Daniel Herrera,57,CT,2013-10-31,152,A,GROWING_DIGITAL,8511.56,100.0,2,2.0,73088.07,0.0,0.0,93.0,19392.69,25307.34,RESTAURANT,32.25752688172043,9.0,LOW,0.0,N,N,N,N,MASTER_V1.5,2026-06-29,2026-06-29 19:54:02.726587
1925,Daniel Miranda,18,GA,2012-08-19,166,A,PREMIUM_WEALTH,20312.14,100.0,4,4.0,206122.86,10000.0,21.66,166.0,27115.48,-18842.89,TRAVEL,33.73578313253012,13.4,LOW,0.0,N,N,N,N,MASTER_V1.5,2026-06-29,2026-06-29 19:54:02.726587
1935,Emily Robinson,70,ND,2012-01-02,173,A,VALUE_BASIC,4257.1,100.0,1,1.0,18826.42,25000.0,75.31,57.0,19089.07,-5655.389999999999,GROCERY,35.089999999999996,18.36,LOW,0.0,N,Y,N,N,MASTER_V1.5,2026-06-29,2026-06-29 19:54:02.726587
1940,Matthew Lee,57,NE,2026-04-01,2,A,ENGAGED_MAINSTREAM,222.52,100.0,4,4.0,67906.74,10000.0,62.06,118.0,19907.12,-13212.88,GROCERY,35.59669491525423,18.23,LOW,0.0,N,N,N,N,MASTER_V1.5,2026-06-29,2026-06-29 19:54:02.726587
1947,Miguel Jones,30,ND,2021-03-09,63,A,PREMIUM_WEALTH,7439.33,100.0,4,4.0,134383.95,25000.0,4.62,133.0,24059.85,-17910.01,UTILITIES,36.09248120300752,30.55,MODERATE,0.0,N,N,N,N,MASTER_V1.5,2026-06-29,2026-06-29 19:54:02.726587
1962,John Ryan,28,MA,2016-06-07,120,A,GROWING_DIGITAL,6666.94,100.0,2,2.0,66940.62,15000.0,20.22,55.0,14231.22,-11383.509999999998,INSURANCE,32.72418181818182,9.0,LOW,0.0,N,N,N,N,MASTER_V1.5,2026-06-29,2026-06-29 19:54:02.726587
1966,Donald Harris,72,MO,2020-12-14,66,A,ENGAGED_MAINSTREAM,5413.18,66.67,3,2.0,56146.73,10000.0,19.29,103.0,13910.09,33803.83,GROCERY,32.03611650485437,20.9,MODERATE,0.0,N,N,N,N,MASTER_V1.5,2026-06-29,2026-06-29 19:54:02.726587
1968,Jessica Collins,69,CA,2012-08-27,166,A,CREDIT_DEPENDENT,9488.19,50.0,2,1.0,92185.44,15000.0,95.52,109.0,14050.97,18621.659999999996,UTILITIES,36.698715596330274,22.91,MODERATE,0.0,N,N,N,N,MASTER_V1.5,2026-06-29,2026-06-29 19:54:02.726587
1978,Vincent Swanson,72,NH,2011-09-06,177,A,GROWING_DIGITAL,8977.3,100.0,2,2.0,25433.97,0.0,0.0,132.0,76426.08,-72125.17,RESTAURANT,46.96818181818182,20.09,MODERATE,0.0,N,N,N,N,MASTER_V1.5,2026-06-29,2026-06-29 19:54:02.726587
2007,Sarah Kennedy,19,NJ,2022-11-06,43,A,PREMIUM_WEALTH,4967.65,100.0,4,4.0,104055.77,25000.0,14.27,224.0,66276.18,-47444.579999999994,UTILITIES,37.05441964285714,7.55,LOW,0.0,N,N,N,N,MASTER_V1.5,2026-06-29,2026-06-29 19:54:02.726587
2009,Shelley Ortega,18,VI,2023-09-05,33,A,PREMIUM_WEALTH,2827.79,100.0,3,3.0,91621.99,25000.0,46.78,158.0,49266.770000000004,-2420.9000000000087,UTILITIES,39.23822784810127,17.52,LOW,0.0,N,N,N,N,MASTER_V1.5,2026-06-29,2026-06-29 19:54:02.726587
2042,Kyle Mooney,38,GU,2020-06-04,72,A,GROWING_DIGITAL,4047.55,100.0,2,2.0,76359.17,0.0,0.0,92.0,5793.95,-931.04,GROCERY,33.697391304347825,19.18,LOW,0.0,N,N,N,N,MASTER_V1.5,2026-06-29,2026-06-29 19:54:02.726587
2059,Debra Watkins,81,AZ,2026-02-11,4,A,GROWING_DIGITAL,227.37,100.0,2,2.0,86535.12,0.0,0.0,113.0,34745.38,-23432.559999999998,UTILITIES,34.513893805309735,35.45,MODERATE,0.0,N,N,N,N,MASTER_V1.5,2026-06-29,2026-06-29 19:54:02.726587
2063,Michelle Santos,41,KY,2023-02-03,40,A,VALUE_BASIC,577.72,100.0,1,1.0,322.84,2000.0,16.14,31.0,1022.27,8930.47,GROCERY,45.15999999999999,6.64,LOW,0.0,N,Y,N,N,MASTER_V1.5,2026-06-29,2026-06-29 19:54:02.726587
2083,Jason Howard,21,OR,2020-06-22,72,A,GROWING_DIGITAL,4116.17,100.0,2,2.0,92393.57,0.0,0.0,45.0,2148.79,981.9300000000003,GROCERY,37.776,17.73,LOW,0.0,N,N,N,N,MASTER_V1.5,2026-06-29,2026-06-29 19:54:02.726587
2103,Jasmine White,68,MO,2020-07-27,71,A,VALUE_BASIC,1350.96,100.0,1,1.0,2020.42,10000.0,20.2,53.0,2185.69,14448.249999999998,HEALTHCARE,33.96000000000001,11.45,LOW,0.0,N,Y,Y,N,MASTER_V1.5,2026-06-29,2026-06-29 19:54:02.726587
2106,Stacey Russell,65,MA,2024-04-15,26,A,GROWING_DIGITAL,1461.5,100.0,2,2.0,76291.48,2000.0,31.13,60.0,20497.34,-18478.28,TRAVEL,36.663666666666664,12.91,LOW,0.0,N,N,N,N,MASTER_V1.5,2026-06-29,2026-06-29 19:54:02.726587
2109,Nancy Hayden,48,VT,2018-11-04,91,A,PREMIUM_WEALTH,7188.25,66.67,3,2.0,37505.01,15000.0,91.82,148.0,26029.14,23813.879999999997,RESTAURANT,32.43310810810811,19.66,LOW,0.0,N,N,N,N,MASTER_V1.5,2026-06-29,2026-06-29 19:54:02.726587
2118,Nathaniel Wilson,57,DC,2017-02-22,112,A,GROWING_DIGITAL,6284.73,100.0,2,2.0,74812.56,0.0,0.0,82.0,15708.66,-4096.290000000001,RESTAURANT,35.359024390243896,16.64,LOW,0.0,N,N,N,N,MASTER_V1.5,2026-06-29,2026-06-29 19:54:02.726587
2122,Margaret Johnson,22,KS,2021-01-30,65,A,VALUE_BASIC,1457.91,100.0,1,1.0,7877.46,0.0,0.0,77.0,13334.63,1531.1900000000005,TRAVEL,37.66,23.36,MODERATE,0.0,N,Y,Y,N,MASTER_V1.5,2026-06-29,2026-06-29 19:54:02.726587
2126,Willie Hernandez,52,PA,2012-10-02,164,A,GROWING_DIGITAL,12225.86,100.0,3,3.0,20738.05,2000.0,11.06,84.0,40259.009999999995,-24070.639999999996,TRAVEL,51.1877380952381,10.18,LOW,0.0,N,N,N,N,MASTER_V1.5,2026-06-29,2026-06-29 19:54:02.726587
2132,Julie Santana,82,KY,2017-05-17,109,A,CREDIT_DEPENDENT,6335.11,50.0,2,1.0,111753.58,0.0,0.0,111.0,33888.91,-7771.090000000004,UTILITIES,32.42612612612613,2.82,LOW,0.0,N,N,N,N,MASTER_V1.5,2026-06-29,2026-06-29 19:54:02.726587
2148,Matthew Mendoza,43,WV,2014-12-11,138,A,PREMIUM_WEALTH,11772.64,100.0,3,3.0,87075.18,15000.0,86.34,104.0,17108.71,-5976.319999999998,RESTAURANT,36.541057692307696,17.0,LOW,0.0,N,N,N,N,MASTER_V1.5,2026-06-29,2026-06-29 19:54:02.726587
2149,Kevin Adams,51,PW,2021-02-04,64,A,PREMIUM_WEALTH,7273.14,100.0,4,4.0,86188.05,2000.0,70.7,148.0,23334.79,3711.6299999999974,TRAVEL,35.13121621621622,21.82,MODERATE,0.0,N,N,N,N,MASTER_V1.5,2026-06-29,2026-06-29 19:54:02.726587
2153,Michael Torres,73,GA,2025-08-21,10,A,ENGAGED_MAINSTREAM,1162.93,75.0,4,3.0,112343.98,10000.0,50.33,227.0,31776.61,6601.75,UTILITIES,39.20577092511013,16.38,LOW,0.0,N,N,N,N,MASTER_V1.5,2026-06-29,2026-06-29 19:54:02.726587
2155,Michael Maxwell,63,ID,2022-07-20,47,A,ENGAGED_MAINSTREAM,5425.91,50.0,4,2.0,103206.23,15000.0,3.4,242.0,44070.23,-16100.330000000002,UTILITIES,36.77690082644627,15.27,LOW,0.0,N,N,N,N,MASTER_V1.5,2026-06-29,2026-06-29 19:54:02.726587
2156,Debra Clark,50,MI,2017-01-12,113,A,PREMIUM_WEALTH,9573.94,66.67,3,2.0,80554.45,2000.0,75.51,144.0,20839.52,-13428.57,RETAIL,32.63986111111111,20.73,MODERATE,0.0,N,N,N,N,MASTER_V1.5,2026-06-29,2026-06-29 19:54:02.726587
2199,Mallory Garcia,43,AL,2013-04-29,158,A,GROWING_DIGITAL,4402.39,100.0,1,1.0,69237.56,0.0,0.0,54.0,16155.35,3778.7699999999986,RETAIL,50.0,13.55,LOW,0.0,N,Y,N,N,MASTER_V1.5,2026-06-29,2026-06-29 19:54:02.726587
2203,Daniel Jackson,26,OR,2023-10-07,32,A,CREDIT_DEPENDENT,1790.38,50.0,2,1.0,72391.74,10000.0,84.71,84.0,11359.269999999999,-1558.699999999997,TRAVEL,39.28285714285714,5.36,LOW,0.0,N,N,N,N,MASTER_V1.5,2026-06-29,2026-06-29 19:54:02.726587
2205,Sandra Gillespie,44,AL,2013-04-03,158,A,GROWING_DIGITAL,9250.41,100.0,2,2.0,121707.42,0.0,0.0,106.0,34703.88,-30296.649999999998,RETAIL,40.56575471698113,20.09,MODERATE,0.0,N,N,N,N,MASTER_V1.5,2026-06-29,2026-06-29 19:54:02.726587
2216,Desiree Sanchez,63,KS,2023-06-16,36,A,ENGAGED_MAINSTREAM,4180.16,100.0,4,4.0,110364.76,2000.0,2.96,191.0,12829.35,6719.910000000002,HEALTHCARE,36.12795811518325,24.05,MODERATE,0.0,N,N,N,N,MASTER_V1.5,2026-06-29,2026-06-29 19:54:02.726587
2225,Jane Bennett,76,SD,2025-11-04,7,A,ENGAGED_MAINSTREAM,789.28,100.0,4,4.0,78854.58,10000.0,57.5,239.0,44501.11,-23306.12,UTILITIES,38.90953974895397,18.53,LOW,0.0,N,N,N,N,MASTER_V1.5,2026-06-29,2026-06-29 19:54:02.726587
2241,Christian Morrison,72,UT,2013-02-08,160,A,ENGAGED_MAINSTREAM,17836.4,100.0,4,4.0,69407.7,2000.0,47.55,183.0,37466.14,-23951.739999999998,HEALTHCARE,33.33267759562842,34.87,MODERATE,0.0,N,N,N,N,MASTER_V1.5,2026-06-29,2026-06-29 19:54:02.726587
2260,Kimberly Miller,48,CT,2025-12-11,6,A,PREMIUM_WEALTH,524.91,100.0,3,3.0,116398.16,5000.0,12.75,171.0,8313.79,24444.620000000003,RETAIL,40.35204678362573,21.64,MODERATE,0.0,N,N,N,N,MASTER_V1.5,2026-06-29,2026-06-29 19:54:02.726587
2279,Thomas Brown,61,KS,2017-11-27,103,A,GROWING_DIGITAL,2647.63,100.0,1,1.0,29203.94,0.0,0.0,35.0,14955.34,-13809.29,GROCERY,40.0,26.82,MODERATE,0.0,N,Y,N,N,MASTER_V1.5,2026-06-29,2026-06-29 19:54:02.726587
2286,Michael Schwartz,74,AZ,2021-11-19,55,A,ENGAGED_MAINSTREAM,4535.75,100.0,3,3.0,59621.3,15000.0,66.05,113.0,34517.44,-13066.470000000001,HEALTHCARE,40.70345132743363,8.94,LOW,0.0,N,N,N,N,MASTER_V1.5,2026-06-29,2026-06-29 19:54:02.726587
2293,Tara Davis,77,MO,2018-03-12,99,A,ENGAGED_MAINSTREAM,8601.71,100.0,3,3.0,107450.76,0.0,0.0,137.0,13259.73,2763.4800000000014,TRAVEL,35.035474452554745,5.64,LOW,0.0,N,N,N,N,MASTER_V1.5,2026-06-29,2026-06-29 19:54:02.726587
2295,Michael Farley,74,DE,2017-02-14,112,A,GROWING_DIGITAL,3158.53,100.0,1,1.0,79257.82,0.0,0.0,26.0,1612.86,8640.539999999999,RETAIL,19.230000000000004,12.36,LOW,0.0,N,Y,N,N,MASTER_V1.5,2026-06-29,2026-06-29 19:54:02.726587
2304,Christina Jenkins,78,HI,2021-03-07,63,A,ENGAGED_MAINSTREAM,5605.59,100.0,3,3.0,142013.03,0.0,0.0,103.0,35966.68,-11534.21,HEALTHCARE,28.152718446601938,7.84,LOW,0.0,N,N,N,N,MASTER_V1.5,2026-06-29,2026-06-29 19:54:02.726587
2317,Daisy Madden,46,TX,2013-05-31,157,A,PREMIUM_WEALTH,13048.08,100.0,3,3.0,64937.17,2000.0,87.11,110.0,7078.11,3466.010000000001,RESTAURANT,43.63663636363636,3.64,LOW,0.0,N,N,N,N,MASTER_V1.5,2026-06-29,2026-06-29 19:54:02.726587
2323,Christian Reyes,38,NJ,2025-03-23,15,A,GROWING_DIGITAL,825.54,100.0,2,2.0,60302.85,0.0,0.0,96.0,42607.36,-22022.030000000002,GAS_STATION,38.540625,19.64,LOW,0.0,N,N,N,N,MASTER_V1.5,2026-06-29,2026-06-29 19:54:02.726587
2338,Edwin Camacho,83,CA,2019-02-15,88,A,ENGAGED_MAINSTREAM,10390.17,100.0,4,4.0,134189.89,15000.0,11.65,235.0,61022.990000000005,-33065.18000000001,TRAVEL,38.72268085106383,34.82,MODERATE,0.0,N,N,N,N,MASTER_V1.5,2026-06-29,2026-06-29 19:54:02.726587
2339,Mark Robinson,77,RI,2014-09-23,141,A,ENGAGED_MAINSTREAM,7184.1,100.0,2,2.0,26641.19,10000.0,47.89,89.0,15401.630000000001,2240.779999999999,GROCERY,37.07179775280899,13.09,LOW,0.0,N,N,N,N,MASTER_V1.5,2026-06-29,2026-06-29 19:54:02.726587
2343,Gloria Clay,72,MN,2014-01-26,149,A,ENGAGED_MAINSTREAM,11547.87,100.0,3,3.0,30750.67,15000.0,23.01,122.0,27691.379999999997,-15718.499999999996,RESTAURANT,40.98385245901639,16.54,LOW,0.0,N,N,N,N,MASTER_V1.5,2026-06-29,2026-06-29 19:54:02.726587
2348,Caleb Jackson,60,AS,2020-12-05,66,A,ENGAGED_MAINSTREAM,5730.21,100.0,3,3.0,106530.04,15000.0,85.19,112.0,16194.66,4712.07,RETAIL,33.03258928571428,17.18,LOW,0.0,N,N,N,N,MASTER_V1.5,2026-06-29,2026-06-29 19:54:02.726587
2350,Tammy Bell,30,GA,2021-02-11,64,A,PREMIUM_WEALTH,5176.48,100.0,3,3.0,48259.09,10000.0,27.74,113.0,22613.98,-5989.5999999999985,RESTAURANT,46.905309734513274,13.18,LOW,0.0,N,N,N,N,MASTER_V1.5,2026-06-29,2026-06-29 19:54:02.726587
2358,Luke Gonzalez,34,KY,2016-03-25,123,A,GROWING_DIGITAL,3246.09,100.0,1,1.0,38422.16,0.0,0.0,66.0,11624.83,-8967.96,GAS_STATION,37.879999999999995,16.45,LOW,0.0,N,Y,N,N,MASTER_V1.5,2026-06-29,2026-06-29 19:54:02.726587
2364,Cody Lang,42,TX,2012-07-11,167,A,GROWING_DIGITAL,4517.83,100.0,1,1.0,50068.7,0.0,0.0,30.0,1713.47,-271.23,GAS_STATION,30.0,19.36,LOW,0.0,N,Y,N,N,MASTER_V1.5,2026-06-29,2026-06-29 19:54:02.726587
2365,Karen Ross,37,MI,2015-08-03,130,A,PREMIUM_WEALTH,10563.41,66.67,3,2.0,50729.92,2000.0,52.64,154.0,28279.6,-10205.279999999999,UTILITIES,35.06616883116883,22.09,MODERATE,0.0,N,N,N,N,MASTER_V1.5,2026-06-29,2026-06-29 19:54:02.726587
2367,Melinda Coffey,38,OK,2018-04-10,98,A,PREMIUM_WEALTH,10914.04,100.0,4,4.0,68649.82,15000.0,37.9,161.0,17594.39,-3186.7299999999996,UTILITIES,37.88472049689441,9.09,LOW,0.0,N,N,N,N,MASTER_V1.5,2026-06-29,2026-06-29 19:54:02.726587
2370,George Lee,39,AL,2017-12-28,102,A,PREMIUM_WEALTH,12420.38,75.0,4,3.0,194239.15,10000.0,43.71,145.0,40005.060000000005,7810.349999999991,TRAVEL,35.86331034482759,9.55,LOW,0.0,N,N,N,N,MASTER_V1.5,2026-06-29,2026-06-29 19:54:02.726587
2379,Kenneth Miller,70,MH,2015-06-05,132,A,ENGAGED_MAINSTREAM,11540.0,66.67,3,2.0,115446.92,2000.0,10.12,159.0,57948.28,-31517.78,RETAIL,42.7625786163522,9.64,LOW,0.0,N,N,N,N,MASTER_V1.5,2026-06-29,2026-06-29 19:54:02.726587
2398,Jennifer Myers,70,KS,2020-09-28,69,A,ENGAGED_MAINSTREAM,8270.5,100.0,4,4.0,160530.29,15000.0,89.76,195.0,32214.24,-11350.05,TRAVEL,32.81923076923077,21.92,MODERATE,0.0,N,N,N,N,MASTER_V1.5,2026-06-29,2026-06-29 19:54:02.726587
2403,Chad Lopez,69,NE,2016-03-11,123,A,GROWING_DIGITAL,3256.99,100.0,1,1.0,39809.02,0.0,0.0,43.0,3204.86,14894.470000000001,GAS_STATION,51.17,21.43,MODERATE,0.0,N,Y,N,N,MASTER_V1.5,2026-06-29,2026-06-29 19:54:02.726587
2420,Pamela Myers,67,NV,2021-08-15,58,A,ENGAGED_MAINSTREAM,4883.26,100.0,3,3.0,75047.58,15000.0,74.77,149.0,54192.28,-39249.520000000004,RETAIL,46.310402684563755,17.41,LOW,0.0,N,N,N,N,MASTER_V1.5,2026-06-29,2026-06-29 19:54:02.726587
2458,Jack Cardenas,56,MT,2020-12-24,66,A,ENGAGED_MAINSTREAM,3508.86,100.0,2,2.0,41478.13,15000.0,93.99,94.0,23596.52,-4014.66,RETAIL,26.596276595744676,29.82,MODERATE,0.0,N,N,N,N,MASTER_V1.5,2026-06-29,2026-06-29 19:54:02.726587
2471,Thomas Hopkins,42,UT,2017-02-08,112,A,GROWING_DIGITAL,6400.71,100.0,2,2.0,92027.41,0.0,0.0,77.0,15786.14,-864.289999999999,HEALTHCARE,35.068051948051945,7.36,LOW,0.0,N,N,N,N,MASTER_V1.5,2026-06-29,2026-06-29 19:54:02.726587
2474,Brady Christian,44,DE,2017-07-07,107,A,GROWING_DIGITAL,2802.17,100.0,1,1.0,35433.05,0.0,0.0,65.0,23449.76,-21434.23,UTILITIES,27.699999999999996,21.09,MODERATE,0.0,N,Y,N,N,MASTER_V1.5,2026-06-29,2026-06-29 19:54:02.726587
2478,Robert Brown,25,CA,2022-10-07,44,A,PREMIUM_WEALTH,3528.8,100.0,3,3.0,44061.6,10000.0,84.23,133.0,38618.81,-19621.569999999996,RETAIL,38.35285714285715,7.59,LOW,0.0,N,N,N,N,MASTER_V1.5,2026-06-29,2026-06-29 19:54:02.726587
2485,Lisa Barry,40,KY,2014-07-12,143,A,GROWING_DIGITAL,3917.1,100.0,1,1.0,57350.01,0.0,0.0,45.0,14215.06,-12597.72,EDUCATION,44.45,15.2,LOW,0.0,N,Y,N,N,MASTER_V1.5,2026-06-29,2026-06-29 19:54:02.726587
2487,Rhonda May,73,KY,2022-05-19,49,A,VALUE_BASIC,895.61,100.0,1,1.0,1496.86,0.0,0.0,29.0,9026.26,-7619.530000000001,UTILITIES,34.48,23.0,MODERATE,0.0,N,Y,Y,N,MASTER_V1.5,2026-06-29,2026-06-29 19:54:02.726587
2547,David Mccoy,66,MT,2024-06-15,24,A,ENGAGED_MAINSTREAM,2042.71,100.0,3,3.0,84826.34,5000.0,95.44,122.0,16184.02,19880.34,UTILITIES,41.80327868852459,11.0,LOW,0.0,N,N,N,N,MASTER_V1.5,2026-06-29,2026-06-29 19:54:02.726587
2551,Erika Mathews,68,MD,2015-05-01,133,A,CREDIT_DEPENDENT,7254.45,50.0,2,1.0,54662.93,0.0,0.0,123.0,34654.77,-10091.499999999996,RETAIL,42.27926829268293,27.29,MODERATE,0.0,N,N,N,N,MASTER_V1.5,2026-06-29,2026-06-29 19:54:02.726587
2562,Chris Walls,18,NC,2012-08-29,166,A,VALUE_BASIC,3701.02,100.0,1,1.0,7465.99,10000.0,74.66,20.0,8392.97,-7105.349999999999,RESTAURANT,35.0,5.55,LOW,0.0,N,Y,Y,N,MASTER_V1.5,2026-06-29,2026-06-29 19:54:02.726587
2564,Melanie Rose,57,AK,2022-06-05,48,A,ENGAGED_MAINSTREAM,5469.85,50.0,4,2.0,88923.29,2000.0,29.48,237.0,48315.58,-19191.93,UTILITIES,37.1337552742616,29.18,MODERATE,0.0,N,N,N,N,MASTER_V1.5,2026-06-29,2026-06-29 19:54:02.726587
2580,Jennifer Wilson,58,GA,2019-10-19,80,A,GROWING_DIGITAL,4604.83,100.0,2,2.0,99914.15,0.0,0.0,124.0,58037.25,-52096.76,RESTAURANT,37.902338709677416,10.18,LOW,0.0,N,N,N,N,MASTER_V1.5,2026-06-29,2026-06-29 19:54:02.726587
2581,Brittany Jensen,25,NY,2024-11-22,19,A,GROWING_DIGITAL,514.88,100.0,1,1.0,50997.61,0.0,0.0,70.0,26823.0,-15212.64,RETAIL,28.58,3.09,LOW,0.0,N,Y,N,N,MASTER_V1.5,2026-06-29,2026-06-29 19:54:02.726587
2585,Sharon Miller,34,KY,2025-02-28,16,A,CREDIT_DEPENDENT,1376.57,33.33,3,1.0,95932.76,15000.0,30.75,82.0,21221.76,-10923.809999999998,RETAIL,43.90487804878048,35.65,MODERATE,0.0,N,N,N,N,MASTER_V1.5,2026-06-29,2026-06-29 19:54:02.726587
2586,Mitchell Banks,25,SC,2020-05-06,73,A,CREDIT_DEPENDENT,2924.19,50.0,2,1.0,3015.34,15000.0,16.38,103.0,5037.41,21645.81,RESTAURANT,36.89165048543689,6.64,LOW,0.0,N,N,Y,N,MASTER_V1.5,2026-06-29,2026-06-29 19:54:02.726587
2595,Sandra Estrada,19,MA,2022-09-24,45,A,GROWING_DIGITAL,1257.36,100.0,1,1.0,71433.72,0.0,0.0,58.0,19678.33,-8079.620000000003,RETAIL,41.38,23.82,MODERATE,0.0,N,Y,N,N,MASTER_V1.5,2026-06-29,2026-06-29 19:54:02.726587
2596,Mary Fischer,76,FM,2014-07-30,143,A,GROWING_DIGITAL,7961.86,100.0,2,2.0,68560.19,0.0,0.0,68.0,5144.97,4139.3899999999985,TRAVEL,41.17926470588235,16.9,LOW,0.0,N,N,N,N,MASTER_V1.5,2026-06-29,2026-06-29 19:54:02.726587
2597,Susan Fernandez,83,KY,2024-12-14,18,A,ENGAGED_MAINSTREAM,1575.77,100.0,3,3.0,117283.88,25000.0,76.06,133.0,24526.34,19235.640000000003,TRAVEL,44.35902255639098,11.18,LOW,0.0,N,N,N,N,MASTER_V1.5,2026-06-29,2026-06-29 19:54:02.726587
2602,Victoria Dennis,67,MA,2024-05-21,25,A,ENGAGED_MAINSTREAM,2099.62,100.0,3,3.0,72982.64,2000.0,35.69,137.0,16910.41,19855.000000000004,HEALTHCARE,37.95547445255474,24.08,MODERATE,0.0,N,N,N,N,MASTER_V1.5,2026-06-29,2026-06-29 19:54:02.726587
2607,Mckenzie Guerrero,32,FM,2016-03-24,123,A,PREMIUM_WEALTH,14333.54,100.0,4,4.0,115068.81,2000.0,87.52,151.0,47909.97,-33574.75,RETAIL,38.41456953642384,26.04,MODERATE,0.0,N,N,N,N,MASTER_V1.5,2026-06-29,2026-06-29 19:54:02.726587
2629,Jennifer Lang,44,WY,2011-10-15,176,A,PREMIUM_WEALTH,20500.82,75.0,4,3.0,114484.49,25000.0,86.93,233.0,31826.36,15092.970000000001,RESTAURANT,40.77248927038627,33.51,MODERATE,0.0,N,N,N,N,MASTER_V1.5,2026-06-29,2026-06-29 19:54:02.726587
2632,Amanda Heath,72,DC,2013-10-31,152,A,ENGAGED_MAINSTREAM,18217.05,100.0,4,4.0,160316.22,10000.0,0.09,159.0,33785.37,-19329.760000000002,UTILITIES,32.703522012578624,17.67,LOW,0.0,N,N,N,N,MASTER_V1.5,2026-06-29,2026-06-29 19:54:02.726587
2636,Kevin Hall,53,TN,2013-10-31,152,A,ENGAGED_MAINSTREAM,13145.0,66.67,3,2.0,101793.2,10000.0,35.92,118.0,16810.04,11359.41,RETAIL,35.59389830508474,13.27,LOW,0.0,N,N,N,N,MASTER_V1.5,2026-06-29,2026-06-29 19:54:02.726587
2638,David Yang,32,HI,2021-04-07,62,A,GROWING_DIGITAL,3672.54,100.0,2,2.0,139653.36,0.0,0.0,67.0,11222.210000000001,-8936.02,UTILITIES,32.83522388059701,20.82,MODERATE,0.0,N,N,N,N,MASTER_V1.5,2026-06-29,2026-06-29 19:54:02.726587
2654,Edward Morris,64,SD,2016-07-13,119,A,GROWING_DIGITAL,6613.31,100.0,2,2.0,67157.84,0.0,0.0,89.0,14836.07,-11915.66,RETAIL,41.56831460674157,17.91,LOW,0.0,N,N,N,N,MASTER_V1.5,2026-06-29,2026-06-29 19:54:02.726587
2670,Jacob Benson,20,TN,2016-02-22,124,A,GROWING_DIGITAL,3397.21,100.0,1,1.0,57453.6,0.0,0.0,48.0,14187.76,-11847.1,TRAVEL,35.42,11.48,LOW,0.0,N,Y,N,N,MASTER_V1.5,2026-06-29,2026-06-29 19:54:02.726587
2674,Kevin Weber,27,TN,2020-03-17,75,A,GROWING_DIGITAL,4274.7,100.0,2,2.0,89251.48,0.0,0.0,89.0,13747.04,-12065.44,GROCERY,40.453033707865174,30.67,MODERATE,0.0,N,N,N,N,MASTER_V1.5,2026-06-29,2026-06-29 19:54:02.726587
2684,Ann Bennett,51,LA,2013-03-29,159,A,PREMIUM_WEALTH,13591.75,66.67,3,2.0,89116.2,5000.0,66.07,146.0,68133.04000000001,-44064.130000000005,RESTAURANT,36.30020547945206,17.62,LOW,0.0,N,N,N,N,MASTER_V1.5,2026-06-29,2026-06-29 19:54:02.726587
2694,Jon Dorsey,79,OK,2016-12-28,114,A,VALUE_BASIC,2499.95,100.0,1,1.0,6449.48,0.0,0.0,49.0,2038.45,18905.29,RESTAURANT,36.74,20.0,MODERATE,0.0,N,Y,Y,N,MASTER_V1.5,2026-06-29,2026-06-29 19:54:02.726587
2698,Tracy Wells,18,MP,2020-12-03,66,A,PREMIUM_WEALTH,5114.06,100.0,3,3.0,30682.1,10000.0,25.61,124.0,32079.7,-18498.27,UTILITIES,29.840241935483874,11.91,LOW,0.0,N,N,N,N,MASTER_V1.5,2026-06-29,2026-06-29 19:54:02.726587
2709,Gerald Francis,72,TX,2019-01-12,89,A,GROWING_DIGITAL,4575.18,100.0,2,2.0,29181.78,0.0,0.0,122.0,25559.620000000003,9563.11,RESTAURANT,40.166065573770496,12.78,LOW,0.0,N,N,N,N,MASTER_V1.5,2026-06-29,2026-06-29 19:54:02.726587
2714,Nicholas Miller,32,KS,2014-09-26,141,A,PREMIUM_WEALTH,16571.89,75.0,4,3.0,127149.15,2000.0,24.55,242.0,79075.78,-63582.58,UTILITIES,42.97388429752067,24.41,MODERATE,0.0,N,N,N,N,MASTER_V1.5,2026-06-29,2026-06-29 19:54:02.726587
2727,Brenda Watson,73,IA,2013-07-29,155,A,GROWING_DIGITAL,8772.04,100.0,2,2.0,82351.84,0.0,0.0,110.0,14566.74,1615.2199999999993,WIRE_TRANSFER_INTL,44.544363636363634,28.35,MODERATE,0.0,N,N,N,N,MASTER_V1.5,2026-06-29,2026-06-29 19:54:02.726587
2733,Johnny Brooks,58,MD,2023-12-07,30,A,GROWING_DIGITAL,1379.81,100.0,2,2.0,9884.37,5000.0,5.51,52.0,2945.74,18568.08,RETAIL,34.60826923076923,20.36,MODERATE,0.0,N,N,Y,N,MASTER_V1.5,2026-06-29,2026-06-29 19:54:02.726587
2743,John Cohen,71,CA,2012-11-01,163,A,ENGAGED_MAINSTREAM,14609.28,100.0,3,3.0,154867.88,25000.0,93.56,107.0,15892.55,-10370.02,TRAVEL,38.316074766355136,10.64,LOW,0.0,N,N,N,N,MASTER_V1.5,2026-06-29,2026-06-29 19:54:02.726587
2745,Holly Durham,53,AR,2021-09-26,57,A,CREDIT_DEPENDENT,3190.06,50.0,2,1.0,72633.23,0.0,0.0,59.0,14321.15,-11547.119999999999,HEALTHCARE,37.28932203389831,18.36,LOW,0.0,N,N,N,N,MASTER_V1.5,2026-06-29,2026-06-29 19:54:02.726587
2747,Kathryn Anderson,79,CO,2013-05-29,157,A,ENGAGED_MAINSTREAM,10986.01,100.0,3,3.0,11270.47,10000.0,70.98,140.0,15540.629999999997,4334.180000000004,RETAIL,38.573714285714274,7.27,LOW,0.0,N,N,N,N,MASTER_V1.5,2026-06-29,2026-06-29 19:54:02.726587
2749,Charles Freeman,57,NC,2017-05-14,109,A,ENGAGED_MAINSTREAM,9124.03,100.0,3,3.0,70325.65,5000.0,25.46,140.0,26924.469999999998,5923.930000000004,RESTAURANT,35.71335714285714,22.36,MODERATE,0.0,N,N,N,N,MASTER_V1.5,2026-06-29,2026-06-29 19:54:02.726587
2763,Kristen Pollard,49,MH,2016-12-07,114,A,GROWING_DIGITAL,3105.3,100.0,1,1.0,53949.36,0.0,0.0,61.0,16593.87,450.59000000000015,RESTAURANT,31.14,22.27,MODERATE,0.0,N,Y,N,N,MASTER_V1.5,2026-06-29,2026-06-29 19:54:02.726587
2777,Tina Miller,26,AS,2017-03-10,111,A,CREDIT_DEPENDENT,2776.49,0.0,1,0.0,22144.79,0.0,0.0,33.0,2805.57,-1906.88,RETAIL,51.51,3.36,LOW,0.0,N,N,N,Y,MASTER_V1.5,2026-06-29,2026-06-29 19:54:02.726587
2794,Jared Mercer,47,VT,2016-08-22,118,A,GROWING_DIGITAL,6306.31,100.0,2,2.0,43856.1,0.0,0.0,100.0,5553.14,6776.509999999999,HEALTHCARE,38.99850000000001,15.45,LOW,0.0,N,N,N,N,MASTER_V1.5,2026-06-29,2026-06-29 19:54:02.726587
2797,Andrew Mcpherson,56,MD,2026-05-07,1,A,GROWING_DIGITAL,25.02,100.0,1,1.0,22224.29,0.0,0.0,53.0,23127.74,-14558.960000000001,TRAVEL,32.080000000000005,13.73,LOW,0.0,N,Y,N,N,MASTER_V1.5,2026-06-29,2026-06-29 19:54:02.726587
2811,Mark Wright,36,MH,2025-08-05,10,A,GROWING_DIGITAL,532.36,100.0,2,2.0,42074.68,15000.0,2.14,46.0,3572.6,-1600.7299999999998,RESTAURANT,32.6095652173913,11.56,LOW,0.0,N,N,N,N,MASTER_V1.5,2026-06-29,2026-06-29 19:54:02.726587
2858,James Daniels,77,ID,2012-09-25,165,A,GROWING_DIGITAL,8709.6,100.0,2,2.0,38449.08,0.0,0.0,81.0,27239.75,-22708.97,RESTAURANT,35.80814814814815,23.23,MODERATE,0.0,N,N,N,N,MASTER_V1.5,2026-06-29,2026-06-29 19:54:02.726587
2874,Kristina Chan,19,GA,2021-03-28,63,A,PREMIUM_WEALTH,5363.52,100.0,3,3.0,85081.5,25000.0,71.61,130.0,35629.67,-10211.149999999998,RETAIL,40.002153846153846,20.0,MODERATE,0.0,N,N,N,N,MASTER_V1.5,2026-06-29,2026-06-29 19:54:02.726587
2891,Ashley Farmer,79,RI,2015-02-24,136,A,GROWING_DIGITAL,3191.4,100.0,1,1.0,11925.86,0.0,0.0,35.0,1107.01,459.5,GROCERY,37.15,7.0,LOW,0.0,N,Y,N,N,MASTER_V1.5,2026-06-29,2026-06-29 19:54:02.726587
2895,Taylor Murray,26,WI,2014-03-28,147,A,GROWING_DIGITAL,8056.95,100.0,2,2.0,57632.45,5000.0,29.48,122.0,19633.12,-1781.079999999998,TRAVEL,30.324999999999996,18.83,LOW,0.0,N,N,N,N,MASTER_V1.5,2026-06-29,2026-06-29 19:54:02.726587
2908,Autumn Smith,56,PW,2011-10-24,176,A,VALUE_BASIC,7362.56,100.0,2,2.0,4300.77,10000.0,28.17,68.0,30558.480000000003,-19347.060000000005,TRAVEL,44.11132352941176,8.64,LOW,0.0,N,N,Y,N,MASTER_V1.5,2026-06-29,2026-06-29 19:54:02.726587
2925,Stephen Smith,68,MO,2013-02-28,160,A,CREDIT_DEPENDENT,4283.76,0.0,1,0.0,44775.16,0.0,0.0,43.0,17871.99,-11196.910000000002,INSURANCE,25.580000000000002,29.73,MODERATE,0.0,N,N,N,Y,MASTER_V1.5,2026-06-29,2026-06-29 19:54:02.726587
2941,Daniel Alvarez,79,VT,2026-03-26,3,A,ENGAGED_MAINSTREAM,254.59,66.67,3,2.0,82051.64,10000.0,44.47,94.0,15559.56,-10065.289999999999,RETAIL,40.42606382978723,16.73,LOW,0.0,N,N,N,N,MASTER_V1.5,2026-06-29,2026-06-29 19:54:02.726587
2943,Larry Harrison,45,OH,2020-12-28,66,A,GROWING_DIGITAL,1754.79,100.0,1,1.0,41567.31,0.0,0.0,28.0,10632.05,-9206.169999999998,ENTERTAINMENT,28.57,6.73,LOW,0.0,N,Y,N,N,MASTER_V1.5,2026-06-29,2026-06-29 19:54:02.726587
2956,Barbara Hayes,43,AK,2023-09-05,33,A,GROWING_DIGITAL,907.17,100.0,1,1.0,59635.19,0.0,0.0,40.0,2347.59,10541.33,RESTAURANT,52.5,25.56,MODERATE,0.0,N,Y,N,N,MASTER_V1.5,2026-06-29,2026-06-29 19:54:02.726587
2972,Michele Ramirez,22,NE,2020-08-02,70,A,PREMIUM_WEALTH,6016.2,66.67,3,2.0,94790.61,25000.0,49.68,75.0,17783.239999999998,-2638.749999999998,RETAIL,40.0,8.82,LOW,0.0,N,N,N,N,MASTER_V1.5,2026-06-29,2026-06-29 19:54:02.726587
2981,Jodi Blackburn,25,AZ,2013-05-01,157,A,PREMIUM_WEALTH,18710.41,100.0,4,4.0,149860.39,25000.0,18.92,224.0,41598.33,-14134.190000000002,TRAVEL,33.48254464285714,10.91,LOW,0.0,N,N,N,N,MASTER_V1.5,2026-06-29,2026-06-29 19:54:02.726587
3004,Anthony Bradley,33,SD,2021-06-21,60,A,PREMIUM_WEALTH,4975.63,100.0,3,3.0,63382.88,10000.0,71.65,99.0,32221.74,-10148.800000000003,RESTAURANT,34.340909090909086,25.04,MODERATE,0.0,N,N,N,N,MASTER_V1.5,2026-06-29,2026-06-29 19:54:02.726587
3008,Stephen Ritter,55,MO,2012-03-15,171,A,CREDIT_DEPENDENT,9685.03,50.0,2,1.0,83077.21,0.0,0.0,85.0,31831.81,-29272.36,RESTAURANT,31.762823529411765,8.64,LOW,0.0,N,N,N,N,MASTER_V1.5,2026-06-29,2026-06-29 19:54:02.726587
3015,Michael Shaffer,67,VI,2022-01-16,53,A,GROWING_DIGITAL,1235.66,100.0,1,1.0,11222.86,0.0,0.0,51.0,16503.25,-14133.93,GROCERY,25.490000000000002,22.44,MODERATE,0.0,N,Y,N,N,MASTER_V1.5,2026-06-29,2026-06-29 19:54:02.726587
3019,Christopher Harper,38,CA,2014-06-15,144,A,PREMIUM_WEALTH,11542.46,66.67,3,2.0,43803.11,25000.0,13.57,125.0,17916.309999999998,14969.900000000001,RETAIL,36.79736,0.0,LOW,0.0,N,N,N,N,MASTER_V1.5,2026-06-29,2026-06-29 19:54:02.726587
3024,Elizabeth Hill,82,ID,2019-08-31,82,A,ENGAGED_MAINSTREAM,4545.56,100.0,2,2.0,65299.22,25000.0,17.84,85.0,26348.44,-8904.41,INSURANCE,40.001999999999995,11.36,LOW,0.0,N,N,N,N,MASTER_V1.5,2026-06-29,2026-06-29 19:54:02.726587
3030,Jasmine Holden,19,ID,2022-08-19,46,A,PREMIUM_WEALTH,3882.83,100.0,3,3.0,77233.7,15000.0,92.81,123.0,24372.28,4280.950000000001,TRAVEL,33.33146341463414,21.45,MODERATE,0.0,N,N,N,N,MASTER_V1.5,2026-06-29,2026-06-29 19:54:02.726587
3053,Cody Kelly,76,MT,2016-08-11,118,A,ENGAGED_MAINSTREAM,14057.77,75.0,4,3.0,149248.28,5000.0,70.57,161.0,36488.35,-23665.3,TRAVEL,40.99403726708075,16.77,LOW,0.0,N,N,N,N,MASTER_V1.5,2026-06-29,2026-06-29 19:54:02.726587
3062,Audrey Vance,24,UT,2020-06-08,72,A,VALUE_BASIC,1528.0,100.0,1,1.0,4860.49,5000.0,97.21,18.0,1056.63,-66.62000000000012,GAS_STATION,50.0,4.18,LOW,0.0,N,Y,Y,N,MASTER_V1.5,2026-06-29,2026-06-29 19:54:02.726587
3084,Gregory Wood,36,WY,2019-04-23,86,A,PREMIUM_WEALTH,7515.86,100.0,3,3.0,114977.88,5000.0,29.23,135.0,11359.9,557.0200000000004,RESTAURANT,32.59111111111111,9.7,LOW,0.0,N,N,N,N,MASTER_V1.5,2026-06-29,2026-06-29 19:54:02.726587
3104,Jack Farmer,70,KY,2023-12-02,30,A,GROWING_DIGITAL,736.56,100.0,1,1.0,18412.94,0.0,0.0,58.0,4942.89,-3419.2900000000004,GROCERY,41.38,15.73,LOW,0.0,N,Y,N,N,MASTER_V1.5,2026-06-29,2026-06-29 19:54:02.726587
3109,James Schneider,23,CA,2016-09-17,117,A,VALUE_BASIC,1988.18,100.0,1,1.0,895.33,5000.0,17.91,51.0,2000.89,7034.22,RESTAURANT,39.220000000000006,20.73,MODERATE,0.0,N,Y,N,N,MASTER_V1.5,2026-06-29,2026-06-29 19:54:02.726587
3119,Deanna Campbell,24,WV,2025-06-21,12,A,GROWING_DIGITAL,328.36,100.0,1,1.0,56688.56,0.0,0.0,64.0,25468.33,-16888.72,GROCERY,42.19,18.75,LOW,0.0,N,Y,N,N,MASTER_V1.5,2026-06-29,2026-06-29 19:54:02.726587
3122,Amanda Ward,23,MI,2013-10-10,152,A,GROWING_DIGITAL,7509.47,100.0,2,2.0,19552.95,0.0,0.0,102.0,8900.81,-4626.089999999999,RESTAURANT,25.491764705882353,3.64,LOW,0.0,N,N,N,N,MASTER_V1.5,2026-06-29,2026-06-29 19:54:02.726587
3126,Richard Larsen,49,CA,2014-11-16,139,A,GROWING_DIGITAL,3556.28,100.0,1,1.0,27830.64,0.0,0.0,58.0,2988.22,-117.67999999999984,RESTAURANT,51.72,15.0,LOW,0.0,N,Y,N,N,MASTER_V1.5,2026-06-29,2026-06-29 19:54:02.726587
3136,Scott Benson,50,GU,2014-03-07,147,A,VALUE_BASIC,3094.24,100.0,1,1.0,4535.51,15000.0,30.24,53.0,11498.07,-3176.619999999999,ENTERTAINMENT,33.96000000000001,15.0,LOW,0.0,N,Y,Y,N,MASTER_V1.5,2026-06-29,2026-06-29 19:54:02.726587
3165,Jessica Smith,19,WA,2020-10-20,68,A,GROWING_DIGITAL,3783.16,100.0,2,2.0,67978.96,0.0,0.0,88.0,22648.09,-12793.970000000001,HEALTHCARE,45.45090909090909,5.64,LOW,0.0,N,N,N,N,MASTER_V1.5,2026-06-29,2026-06-29 19:54:02.726587
3172,Daniel Jones,31,MD,2023-07-09,35,A,PREMIUM_WEALTH,2825.33,100.0,3,3.0,47247.74,5000.0,46.71,109.0,22817.53,-3993.75,RETAIL,34.86321100917431,19.55,LOW,0.0,N,N,N,N,MASTER_V1.5,2026-06-29,2026-06-29 19:54:02.726587
3180,Alyssa Alvarez,80,WV,2016-04-08,122,A,ENGAGED_MAINSTREAM,14363.42,75.0,4,3.0,129740.45,25000.0,97.69,151.0,36895.64,-27522.9,GROCERY,39.7358940397351,4.64,LOW,0.0,N,N,N,N,MASTER_V1.5,2026-06-29,2026-06-29 19:54:02.726587
3183,Gregory Gonzalez,73,NC,2011-08-02,178,A,GROWING_DIGITAL,4858.83,100.0,1,1.0,55199.85,0.0,0.0,55.0,4224.49,3985.67,GAS_STATION,40.0,16.55,LOW,0.0,N,Y,N,N,MASTER_V1.5,2026-06-29,2026-06-29 19:54:02.726587
3186,Cynthia Vargas,19,ND,2013-11-30,151,A,PREMIUM_WEALTH,12790.77,100.0,3,3.0,80360.37,15000.0,82.32,123.0,27935.36,-2547.1699999999983,TRAVEL,40.64780487804878,0.0,LOW,0.0,N,N,N,N,MASTER_V1.5,2026-06-29,2026-06-29 19:54:02.726587
3187,Justin Simmons,45,AS,2019-01-18,89,A,GROWING_DIGITAL,4872.91,100.0,2,2.0,56973.99,0.0,0.0,65.0,26329.55,-1199.449999999997,RETAIL,29.231999999999996,14.98,LOW,0.0,N,N,N,N,MASTER_V1.5,2026-06-29,2026-06-29 19:54:02.726587
3190,Jessica Harvey,81,SC,2016-08-16,118,A,ENGAGED_MAINSTREAM,9761.2,100.0,3,3.0,61672.97,5000.0,10.19,99.0,20432.63,1888.7199999999975,TRAVEL,28.284848484848478,20.71,MODERATE,0.0,N,N,N,N,MASTER_V1.5,2026-06-29,2026-06-29 19:54:02.726587
3191,Kathy Moran,30,MT,2012-09-06,165,A,GROWING_DIGITAL,9013.61,100.0,2,2.0,55580.2,0.0,0.0,53.0,3234.21,13252.090000000004,RETAIL,39.62981132075471,4.09,LOW,0.0,N,N,N,N,MASTER_V1.5,2026-06-29,2026-06-29 19:54:02.726587
3211,David Campbell,56,FL,2013-04-22,158,A,GROWING_DIGITAL,8218.78,100.0,2,2.0,32975.52,0.0,0.0,113.0,15808.580000000002,-12402.2,RESTAURANT,33.61946902654868,9.73,LOW,0.0,N,N,N,N,MASTER_V1.5,2026-06-29,2026-06-29 19:54:02.726587
3218,Joel Weiss,70,DE,2020-05-02,73,A,ENGAGED_MAINSTREAM,6139.43,100.0,3,3.0,74128.99,0.0,0.0,123.0,12350.64,-5360.869999999999,RETAIL,36.58365853658537,24.82,MODERATE,0.0,N,N,N,N,MASTER_V1.5,2026-06-29,2026-06-29 19:54:02.726587
3224,Mark Summers,68,HI,2020-12-07,66,A,ENGAGED_MAINSTREAM,7869.29,75.0,4,3.0,150717.3,10000.0,34.71,108.0,46893.11,-31348.15,GROCERY,38.88666666666666,23.63,MODERATE,0.0,N,N,N,N,MASTER_V1.5,2026-06-29,2026-06-29 19:54:02.726587
3244,Eric Carson,42,PA,2017-05-25,109,A,CREDIT_DEPENDENT,3055.21,0.0,1,0.0,73998.04,0.0,0.0,69.0,14526.57,-3629.369999999999,TRAVEL,37.68,0.45,LOW,0.0,N,N,N,Y,MASTER_V1.5,2026-06-29,2026-06-29 19:54:02.726587
3246,Deanna Grant,68,NY,2015-01-22,137,A,ENGAGED_MAINSTREAM,15564.07,100.0,4,4.0,85873.76,10000.0,27.04,190.0,27487.989999999998,-17231.989999999998,TRAVEL,36.840842105263164,14.73,LOW,0.0,N,N,N,N,MASTER_V1.5,2026-06-29,2026-06-29 19:54:02.726587
3265,Stephen Myers,37,NH,2022-03-26,51,A,GROWING_DIGITAL,4356.97,100.0,3,3.0,88501.15,0.0,0.0,77.0,33599.68,-29315.42,UTILITIES,42.859350649350645,21.73,MODERATE,0.0,N,N,N,N,MASTER_V1.5,2026-06-29,2026-06-29 19:54:02.726587
3267,Sharon Jones,32,MH,2021-06-10,60,A,VALUE_BASIC,1307.61,100.0,1,1.0,6108.48,15000.0,40.72,29.0,806.24,788.54,RESTAURANT,41.38,14.64,LOW,0.0,N,Y,Y,N,MASTER_V1.5,2026-06-29,2026-06-29 19:54:02.726587
3286,Christopher Richardson,35,PR,2015-10-07,128,A,GROWING_DIGITAL,3382.15,100.0,1,1.0,38918.6,0.0,0.0,33.0,13982.62,-13207.94,RESTAURANT,39.39,11.18,LOW,0.0,N,Y,N,N,MASTER_V1.5,2026-06-29,2026-06-29 19:54:02.726587
3301,Alexandra Weiss,60,MT,2025-06-20,12,A,ENGAGED_MAINSTREAM,1456.49,100.0,4,4.0,186737.11,15000.0,73.78,167.0,41515.53,-15666.57,TRAVEL,38.92,14.55,LOW,0.0,N,N,N,N,MASTER_V1.5,2026-06-29,2026-06-29 19:54:02.726587
3310,Heidi Evans,61,CT,2017-07-02,107,A,CREDIT_DEPENDENT,8924.3,0.0,3,0.0,67550.3,5000.0,18.76,116.0,33656.020000000004,-7974.310000000005,RESTAURANT,40.51801724137931,16.45,LOW,0.0,N,N,N,Y,MASTER_V1.5,2026-06-29,2026-06-29 19:54:02.726587
3317,Amy Miller,24,OH,2018-07-29,95,A,PREMIUM_WEALTH,7623.66,100.0,3,3.0,44350.08,15000.0,38.39,135.0,20688.49,27864.02,RETAIL,40.00681481481481,15.24,LOW,0.0,N,N,N,N,MASTER_V1.5,2026-06-29,2026-06-29 19:54:02.726587
3326,Daniel Moore,66,VA,2016-06-07,120,A,ENGAGED_MAINSTREAM,9260.96,100.0,3,3.0,29435.42,15000.0,45.19,124.0,27871.56,2484.9399999999987,RESTAURANT,30.64604838709677,14.27,LOW,0.0,N,N,N,N,MASTER_V1.5,2026-06-29,2026-06-29 19:54:02.726587
3332,Samuel Richardson,22,MI,2019-11-20,79,A,PREMIUM_WEALTH,9035.01,100.0,4,4.0,92662.29,2000.0,9.59,197.0,43848.07,7781.260000000002,RESTAURANT,31.9846192893401,2.09,LOW,0.0,N,N,N,N,MASTER_V1.5,2026-06-29,2026-06-29 19:54:02.726587
3345,Cory Hughes,53,MO,2018-08-19,94,A,ENGAGED_MAINSTREAM,8795.98,75.0,4,3.0,11584.52,15000.0,38.13,188.0,46233.78,-120.43000000000029,RETAIL,37.234255319148936,15.36,LOW,0.0,N,N,N,N,MASTER_V1.5,2026-06-29,2026-06-29 19:54:02.726587
3355,Ryan Johnson,66,KY,2023-01-09,41,A,ENGAGED_MAINSTREAM,3556.81,100.0,3,3.0,105541.18,0.0,0.0,155.0,42452.479999999996,2777.5800000000017,UTILITIES,34.1961935483871,29.54,MODERATE,0.0,N,N,N,N,MASTER_V1.5,2026-06-29,2026-06-29 19:54:02.726587
3357,Phillip Marshall,42,NJ,2017-01-01,113,A,PREMIUM_WEALTH,13745.1,100.0,4,4.0,191722.67,25000.0,74.56,202.0,20749.440000000002,-152.27000000000407,UTILITIES,36.63262376237624,15.0,LOW,0.0,N,N,N,N,MASTER_V1.5,2026-06-29,2026-06-29 19:54:02.726587
3361,Donna Berry,23,ID,2020-07-08,71,A,PREMIUM_WEALTH,6322.28,100.0,3,3.0,143318.29,0.0,0.0,146.0,34325.81,-5010.199999999997,TRAVEL,37.671027397260275,20.27,MODERATE,0.0,N,N,N,N,MASTER_V1.5,2026-06-29,2026-06-29 19:54:02.726587
3364,William Edwards,67,LA,2015-10-20,128,A,ENGAGED_MAINSTREAM,11040.54,100.0,3,3.0,98771.36,5000.0,13.65,98.0,5959.5599999999995,352.28000000000065,HEALTHCARE,43.88193877551021,2.55,LOW,0.0,N,N,N,N,MASTER_V1.5,2026-06-29,2026-06-29 19:54:02.726587
3368,Kayla Phillips,25,MP,2013-07-26,155,A,GROWING_DIGITAL,8664.14,100.0,2,2.0,71648.88,0.0,0.0,117.0,13773.96,-167.5099999999984,INSURANCE,41.02700854700854,14.73,LOW,0.0,N,N,N,N,MASTER_V1.5,2026-06-29,2026-06-29 19:54:02.726587
3370,Glenn Hardy,32,OH,2020-03-02,75,A,VALUE_BASIC,1577.25,100.0,1,1.0,4500.7,0.0,0.0,36.0,21009.14,-9390.119999999999,GROCERY,44.449999999999996,14.82,LOW,0.0,N,Y,Y,N,MASTER_V1.5,2026-06-29,2026-06-29 19:54:02.726587
3371,Jamie Tyler,26,NJ,2021-01-06,65,A,PREMIUM_WEALTH,5530.89,100.0,3,3.0,84576.29,2000.0,13.91,128.0,16208.52,58949.84999999999,UTILITIES,36.718671875,9.45,LOW,0.0,N,N,N,N,MASTER_V1.5,2026-06-29,2026-06-29 19:54:02.726587
3379,Paul Wilson,45,MT,2018-08-06,94,A,PREMIUM_WEALTH,10498.91,75.0,4,3.0,70902.09,25000.0,54.64,195.0,24736.51,1931.0400000000045,TRAVEL,37.948358974358975,9.82,LOW,0.0,N,N,N,N,MASTER_V1.5,2026-06-29,2026-06-29 19:54:02.726587
3383,Alejandro Morgan,25,CT,2019-12-11,78,A,GROWING_DIGITAL,4307.98,100.0,2,2.0,62698.4,0.0,0.0,50.0,23595.829999999998,-13033.589999999998,RETAIL,45.999,19.18,LOW,0.0,N,N,N,N,MASTER_V1.5,2026-06-29,2026-06-29 19:54:02.726587
3420,Brandon Moore,81,AK,2013-07-03,155,A,GROWING_DIGITAL,8524.43,100.0,2,2.0,59830.45,25000.0,18.32,100.0,25319.329999999998,-8588.089999999997,UTILITIES,29.9989,4.36,LOW,0.0,N,N,N,N,MASTER_V1.5,2026-06-29,2026-06-29 19:54:02.726587
3423,Karen Jones,68,NV,2021-01-15,65,A,ENGAGED_MAINSTREAM,7505.02,75.0,4,3.0,103381.18,2000.0,29.23,121.0,14360.9,-9616.23,TRAVEL,36.36454545454545,20.73,MODERATE,0.0,N,N,N,N,MASTER_V1.5,2026-06-29,2026-06-29 19:54:02.726587
3436,Brett Gould,54,TX,2017-09-10,105,A,ENGAGED_MAINSTREAM,12250.07,100.0,4,4.0,116626.81,5000.0,9.85,183.0,12511.11,-2987.4800000000014,TRAVEL,42.07666666666666,13.27,LOW,0.0,N,N,N,N,MASTER_V1.5,2026-06-29,2026-06-29 19:54:02.726587
3448,Donna Gonzales,22,PA,2017-02-16,112,A,VALUE_BASIC,5255.39,100.0,2,2.0,11903.89,15000.0,28.79,61.0,2197.41,8527.11,RESTAURANT,40.9827868852459,9.82,LOW,0.0,N,N,N,N,MASTER_V1.5,2026-06-29,2026-06-29 19:54:02.726587
3452,Edward Payne,57,PW,2023-10-24,32,A,ENGAGED_MAINSTREAM,2828.35,66.67,3,2.0,131242.71,15000.0,61.26,133.0,9330.18,7544.360000000001,RESTAURANT,42.106015037593984,8.98,LOW,0.0,N,N,N,N,MASTER_V1.5,2026-06-29,2026-06-29 19:54:02.726587
3459,Elizabeth Conley,40,MT,2019-05-08,85,A,PREMIUM_WEALTH,9226.47,100.0,4,4.0,51775.62,25000.0,89.47,163.0,41746.64,7226.550000000003,UTILITIES,38.64785276073619,20.45,MODERATE,0.0,N,N,N,N,MASTER_V1.5,2026-06-29,2026-06-29 19:54:02.726587
3478,Michael Armstrong,39,SD,2023-10-29,32,A,GROWING_DIGITAL,1631.02,100.0,2,2.0,26738.78,10000.0,14.45,120.0,28467.17,-9142.23,INSURANCE,40.83375,36.0,MODERATE,0.0,N,N,N,N,MASTER_V1.5,2026-06-29,2026-06-29 19:54:02.726587
3479,Mark Williams,82,WY,2024-10-23,20,A,ENGAGED_MAINSTREAM,956.39,100.0,2,2.0,14240.7,10000.0,70.17,123.0,45480.86,-41333.86,TRAVEL,37.40382113821139,5.13,LOW,0.0,N,N,N,N,MASTER_V1.5,2026-06-29,2026-06-29 19:54:02.726587
3486,Lisa Howard,40,AS,2021-11-09,55,A,PREMIUM_WEALTH,6605.89,100.0,4,4.0,164506.53,10000.0,86.96,226.0,64266.62,-44714.78,UTILITIES,37.61008849557522,22.58,MODERATE,0.0,N,N,N,N,MASTER_V1.5,2026-06-29,2026-06-29 19:54:02.726587
3518,Robert Shaw,30,DC,2019-08-24,82,A,CREDIT_DEPENDENT,4249.2,50.0,2,1.0,31694.38,0.0,0.0,93.0,41855.56,-38982.29,RETAIL,41.93709677419355,0.82,LOW,0.0,N,N,N,N,MASTER_V1.5,2026-06-29,2026-06-29 19:54:02.726587
3535,Victoria Martin,20,PR,2022-12-04,42,A,PREMIUM_WEALTH,3494.87,66.67,3,2.0,65828.97,15000.0,10.64,104.0,4868.55,12154.8,RETAIL,41.34990384615384,16.73,LOW,0.0,N,N,N,N,MASTER_V1.5,2026-06-29,2026-06-29 19:54:02.726587
3543,Adam Kelly,82,OK,2018-03-31,99,A,ENGAGED_MAINSTREAM,11948.66,100.0,4,4.0,174443.68,25000.0,97.0,137.0,13529.52,8267.529999999999,RESTAURANT,42.331897810218976,0.91,LOW,0.0,N,N,N,N,MASTER_V1.5,2026-06-29,2026-06-29 19:54:02.726587
3555,Melissa Cox,23,MI,2020-06-26,72,A,PREMIUM_WEALTH,6393.82,100.0,3,3.0,138748.08,0.0,0.0,89.0,13910.59,-10524.06,TRAVEL,39.328651685393254,26.94,MODERATE,0.0,N,N,N,N,MASTER_V1.5,2026-06-29,2026-06-29 19:54:02.726587
3572,Max Sullivan,72,NV,2019-05-13,85,A,GROWING_DIGITAL,4248.22,100.0,2,2.0,21934.22,2000.0,25.27,124.0,25968.969999999998,-17825.42,TRAVEL,33.87153225806451,15.27,LOW,0.0,N,N,N,N,MASTER_V1.5,2026-06-29,2026-06-29 19:54:02.726587
3587,Kaitlin Warren,33,NH,2023-12-05,30,A,PREMIUM_WEALTH,3234.24,100.0,4,4.0,48087.95,2000.0,38.21,195.0,26704.68,21598.030000000006,TRAVEL,36.409179487179486,21.04,MODERATE,0.0,N,N,N,N,MASTER_V1.5,2026-06-29,2026-06-29 19:54:02.726587
3594,Duane Adams,48,TX,2021-01-24,65,A,CREDIT_DEPENDENT,5298.24,33.33,3,1.0,52479.48,5000.0,36.01,101.0,17163.440000000002,-12734.550000000003,RESTAURANT,37.6240594059406,8.55,LOW,0.0,N,N,N,Y,MASTER_V1.5,2026-06-29,2026-06-29 19:54:02.726587
3596,Richard Brown,50,VI,2016-02-13,124,A,PREMIUM_WEALTH,13736.44,75.0,4,3.0,64716.77,25000.0,5.87,110.0,13374.92,1631.9800000000014,UTILITIES,46.36372727272727,27.09,MODERATE,0.0,N,N,N,N,MASTER_V1.5,2026-06-29,2026-06-29 19:54:02.726587
3606,Katherine Patel,28,IA,2016-10-24,116,A,GROWING_DIGITAL,5888.12,100.0,2,2.0,25640.75,0.0,0.0,94.0,11858.880000000001,6496.790000000001,GROCERY,38.29595744680851,11.36,LOW,0.0,N,N,N,N,MASTER_V1.5,2026-06-29,2026-06-29 19:54:02.726587
3617,Victoria Flynn,23,DE,2018-10-17,92,A,CREDIT_DEPENDENT,5027.54,50.0,2,1.0,55794.19,15000.0,49.05,96.0,5497.24,10848.36,INSURANCE,40.625729166666666,9.49,LOW,0.0,N,N,N,N,MASTER_V1.5,2026-06-29,2026-06-29 19:54:02.726587
3619,Heather Michael,46,UT,2011-06-29,180,A,PREMIUM_WEALTH,15381.02,66.67,3,2.0,88729.47,25000.0,74.04,156.0,37042.8,-31027.270000000004,RESTAURANT,44.8675641025641,13.63,LOW,0.0,N,N,N,N,MASTER_V1.5,2026-06-29,2026-06-29 19:54:02.726587
3630,Jennifer Reeves,38,NE,2013-12-20,150,A,PREMIUM_WEALTH,12525.67,100.0,3,3.0,68455.08,25000.0,53.29,109.0,14645.900000000001,-8884.710000000003,TRAVEL,34.86385321100917,20.45,MODERATE,0.0,N,N,N,N,MASTER_V1.5,2026-06-29,2026-06-29 19:54:02.726587
3652,Kristen Ryan,21,IL,2012-12-15,162,A,PREMIUM_WEALTH,19195.67,100.0,4,4.0,139968.96,10000.0,43.67,182.0,65265.75,-23209.160000000003,RESTAURANT,34.06615384615385,33.27,MODERATE,0.0,N,N,N,N,MASTER_V1.5,2026-06-29,2026-06-29 19:54:02.726587
3654,Lawrence Chambers,37,ND,2026-03-27,3,A,GROWING_DIGITAL,170.08,100.0,2,2.0,84012.07,0.0,0.0,82.0,27525.86,-10724.300000000003,RESTAURANT,30.48390243902439,20.27,MODERATE,0.0,N,N,N,N,MASTER_V1.5,2026-06-29,2026-06-29 19:54:02.726587
3661,Matthew Ward,69,CO,2016-08-22,118,A,VALUE_BASIC,2686.18,100.0,1,1.0,9006.34,15000.0,60.04,36.0,8781.63,5538.77,INSURANCE,22.22,22.36,MODERATE,0.0,N,Y,Y,N,MASTER_V1.5,2026-06-29,2026-06-29 19:54:02.726587
3670,Peter Davenport,82,MI,2013-04-26,158,A,ENGAGED_MAINSTREAM,18774.49,100.0,4,4.0,144724.41,15000.0,27.22,170.0,33660.92,-18946.989999999998,RETAIL,30.587764705882353,23.99,MODERATE,0.0,N,N,N,N,MASTER_V1.5,2026-06-29,2026-06-29 19:54:02.726587
3675,Cameron Horton,67,SD,2013-10-19,152,A,ENGAGED_MAINSTREAM,13741.79,100.0,3,3.0,171819.3,0.0,0.0,127.0,30943.52,-6182.439999999999,RESTAURANT,41.732283464566926,15.0,LOW,0.0,N,N,N,N,MASTER_V1.5,2026-06-29,2026-06-29 19:54:02.726587
3693,Leslie Fletcher,29,NJ,2015-05-03,133,A,PREMIUM_WEALTH,11672.93,100.0,3,3.0,120835.19,15000.0,26.31,104.0,18137.29,18127.479999999996,RETAIL,44.230000000000004,16.09,LOW,0.0,N,N,N,N,MASTER_V1.5,2026-06-29,2026-06-29 19:54:02.726587
3712,Brenda Avila,53,AR,2023-12-29,30,A,ENGAGED_MAINSTREAM,1666.68,100.0,2,2.0,66914.65,15000.0,50.61,101.0,12005.5,-5418.84,TRAVEL,46.532376237623765,2.0,LOW,0.0,N,N,N,N,MASTER_V1.5,2026-06-29,2026-06-29 19:54:02.726587
3730,Kimberly Cooper,32,FM,2026-03-10,3,A,PREMIUM_WEALTH,249.2,100.0,3,3.0,64563.14,25000.0,75.66,138.0,39725.14,-24154.8,TRAVEL,40.578478260869566,19.04,LOW,0.0,N,N,N,N,MASTER_V1.5,2026-06-29,2026-06-29 19:54:02.726587
3744,Ashley Sparks,33,RI,2024-09-23,21,A,PREMIUM_WEALTH,2389.39,75.0,4,3.0,87382.44,5000.0,26.47,165.0,33119.93,-25408.5,RETAIL,39.3950303030303,9.0,LOW,0.0,N,N,N,N,MASTER_V1.5,2026-06-29,2026-06-29 19:54:02.726587
3749,Stephen Butler,75,CA,2021-01-15,65,A,ENGAGED_MAINSTREAM,3564.78,100.0,2,2.0,58020.54,5000.0,81.82,75.0,22197.5,-8783.669999999998,TRAVEL,33.3312,17.27,LOW,0.0,N,N,N,N,MASTER_V1.5,2026-06-29,2026-06-29 19:54:02.726587
3758,Donna Davis,49,PR,2013-09-04,153,A,CREDIT_DEPENDENT,8539.96,50.0,2,1.0,70498.92,0.0,0.0,75.0,13151.08,-8558.81,RESTAURANT,38.666666666666664,23.0,MODERATE,0.0,N,N,N,N,MASTER_V1.5,2026-06-29,2026-06-29 19:54:02.726587
3770,Anthony Dougherty,30,AZ,2023-10-10,32,A,GROWING_DIGITAL,1596.46,100.0,2,2.0,21544.18,2000.0,0.39,69.0,17459.91,-13430.23,GROCERY,42.0291304347826,10.09,LOW,0.0,N,N,N,N,MASTER_V1.5,2026-06-29,2026-06-29 19:54:02.726587
3787,Christian Martin,24,UT,2021-08-09,58,A,PREMIUM_WEALTH,4788.36,100.0,3,3.0,60337.84,25000.0,14.79,124.0,25255.050000000003,-1109.6800000000003,TRAVEL,34.67709677419355,25.8,MODERATE,0.0,N,N,N,N,MASTER_V1.5,2026-06-29,2026-06-29 19:54:02.726587
3799,James Stone,30,MA,2013-01-06,161,A,VALUE_BASIC,3486.4,100.0,1,1.0,5778.24,15000.0,38.52,40.0,21762.7,-19278.84,RESTAURANT,27.500000000000004,19.36,LOW,0.0,N,Y,Y,N,MASTER_V1.5,2026-06-29,2026-06-29 19:54:02.726587
3809,Aaron Fernandez,32,IA,2016-12-08,114,A,GROWING_DIGITAL,6619.96,100.0,2,2.0,110632.98,0.0,0.0,104.0,20893.120000000003,-16730.620000000003,RESTAURANT,45.19326923076923,17.36,LOW,0.0,N,N,N,N,MASTER_V1.5,2026-06-29,2026-06-29 19:54:02.726587
3841,John Lynn,44,MP,2014-04-05,146,A,PREMIUM_WEALTH,12196.8,66.67,3,2.0,68777.08,15000.0,77.83,166.0,24446.050000000003,56742.40999999999,RETAIL,34.93843373493976,4.91,LOW,0.0,N,N,N,N,MASTER_V1.5,2026-06-29,2026-06-29 19:54:02.726587
3845,Sabrina Lopez,68,UT,2021-09-13,57,A,GROWING_DIGITAL,1491.15,100.0,1,1.0,35039.99,0.0,0.0,74.0,16480.94,-14833.599999999999,RESTAURANT,35.14000000000001,11.0,LOW,0.0,N,Y,N,N,MASTER_V1.5,2026-06-29,2026-06-29 19:54:02.726587
3850,Jennifer Wood,22,WV,2013-01-27,161,A,PREMIUM_WEALTH,19338.61,75.0,4,3.0,164647.08,10000.0,26.91,180.0,42775.92999999999,-36081.59999999999,UTILITIES,37.22016666666668,22.18,MODERATE,0.0,N,N,N,N,MASTER_V1.5,2026-06-29,2026-06-29 19:54:02.726587
3861,Alice Allen,53,NJ,2024-02-10,28,A,ENGAGED_MAINSTREAM,2432.52,100.0,3,3.0,107303.38,5000.0,38.75,114.0,29901.99,-2660.8700000000026,TRAVEL,33.33394736842105,12.87,LOW,0.0,N,N,N,N,MASTER_V1.5,2026-06-29,2026-06-29 19:54:02.726587
3868,Alison Gates,76,IA,2024-02-03,28,A,VALUE_BASIC,413.26,100.0,1,1.0,366.41,2000.0,18.32,25.0,2149.75,-665.2,GAS_STATION,28.000000000000004,29.0,MODERATE,0.0,N,Y,N,N,MASTER_V1.5,2026-06-29,2026-06-29 19:54:02.726587
3872,Kenneth Jackson,55,GU,2018-02-01,100,A,VALUE_BASIC,2280.33,100.0,1,1.0,9148.14,15000.0,60.99,23.0,8456.35,-6919.26,GAS_STATION,26.090000000000003,22.36,MODERATE,0.0,N,Y,Y,N,MASTER_V1.5,2026-06-29,2026-06-29 19:54:02.726587
3875,Logan Marquez,20,UT,2023-05-17,37,A,PREMIUM_WEALTH,3315.75,100.0,3,3.0,154609.04,0.0,0.0,127.0,33195.83,-28694.230000000003,UTILITIES,38.57795275590551,18.37,LOW,0.0,N,N,N,N,MASTER_V1.5,2026-06-29,2026-06-29 19:54:02.726587
3876,David Rubio,44,IA,2014-02-21,148,A,VALUE_BASIC,3124.46,100.0,1,1.0,4649.31,25000.0,18.6,62.0,3127.82,-284.80999999999995,HEALTHCARE,48.39,33.64,MODERATE,0.0,N,Y,Y,N,MASTER_V1.5,2026-06-29,2026-06-29 19:54:02.726587
3880,Susan Anderson,42,ME,2014-12-14,138,A,GROWING_DIGITAL,7494.52,100.0,2,2.0,52136.83,5000.0,17.33,134.0,17863.7,1231.3499999999985,GAS_STATION,47.01164179104478,13.09,LOW,0.0,N,N,N,N,MASTER_V1.5,2026-06-29,2026-06-29 19:54:02.726587
3882,Adam Morgan,27,PW,2012-07-10,167,A,GROWING_DIGITAL,9288.97,100.0,2,2.0,67813.5,0.0,0.0,129.0,58491.31,-50760.59,GROCERY,41.08674418604651,16.73,LOW,0.0,N,N,N,N,MASTER_V1.5,2026-06-29,2026-06-29 19:54:02.726587
3884,Kevin Rosales,73,MS,2012-12-26,162,A,ENGAGED_MAINSTREAM,18359.72,100.0,4,4.0,83546.65,10000.0,73.23,179.0,17723.559999999998,12807.500000000004,RESTAURANT,36.87,17.36,LOW,0.0,N,N,N,N,MASTER_V1.5,2026-06-29,2026-06-29 19:54:02.726587
3891,Amy Velasquez,31,NC,2014-01-25,149,A,CREDIT_DEPENDENT,7417.72,50.0,2,1.0,21092.44,15000.0,55.22,87.0,11789.86,2553.029999999999,RETAIL,33.3348275862069,4.73,LOW,0.0,N,N,N,N,MASTER_V1.5,2026-06-29,2026-06-29 19:54:02.726587
3906,Sara Nguyen,20,VA,2025-10-06,8,A,PREMIUM_WEALTH,944.83,75.0,4,3.0,134641.4,2000.0,72.72,161.0,17948.13,-11695.44,HEALTHCARE,43.478944099378886,28.73,MODERATE,0.0,N,N,N,N,MASTER_V1.5,2026-06-29,2026-06-29 19:54:02.726587
3926,April Hunter,22,AK,2024-09-09,21,A,GROWING_DIGITAL,1174.47,100.0,2,2.0,72073.41,0.0,0.0,149.0,33537.79,-12794.93,UTILITIES,40.938053691275165,10.64,LOW,0.0,N,N,N,N,MASTER_V1.5,2026-06-29,2026-06-29 19:54:02.726587
3964,Bruce George,70,NM,2018-11-15,91,A,GROWING_DIGITAL,5001.53,100.0,2,2.0,59419.48,0.0,0.0,68.0,23609.43,-20266.74,RESTAURANT,38.24,7.27,LOW,0.0,N,N,N,N,MASTER_V1.5,2026-06-29,2026-06-29 19:54:02.726587
3965,Tamara Reynolds,81,MT,2022-03-19,51,A,VALUE_BASIC,2430.76,100.0,2,2.0,13799.47,10000.0,39.8,109.0,23939.82,10911.510000000002,UTILITIES,33.94311926605505,16.59,LOW,0.0,N,N,N,N,MASTER_V1.5,2026-06-29,2026-06-29 19:54:02.726587
3979,Evan Black,34,MI,2012-10-31,164,A,PREMIUM_WEALTH,13472.79,100.0,3,3.0,57153.24,25000.0,71.49,139.0,14042.04,31432.239999999998,RESTAURANT,30.93748201438849,16.55,LOW,0.0,N,N,N,N,MASTER_V1.5,2026-06-29,2026-06-29 19:54:02.726587
3988,Ruben King,61,NY,2017-11-04,103,A,CREDIT_DEPENDENT,5960.69,50.0,2,1.0,106314.59,0.0,0.0,86.0,16005.330000000002,12457.3,RESTAURANT,36.05,17.27,LOW,0.0,N,N,N,N,MASTER_V1.5,2026-06-29,2026-06-29 19:54:02.726587
3999,Katherine Hodge,80,AS,2022-02-26,52,A,ENGAGED_MAINSTREAM,5944.27,100.0,4,4.0,92160.35,5000.0,66.45,162.0,16262.47,-8181.539999999999,WIRE_TRANSFER_INTL,40.12425925925926,7.76,LOW,0.0,N,N,N,N,MASTER_V1.5,2026-06-29,2026-06-29 19:54:02.726587
4001,Kristen Williams,18,NY,2012-06-21,168,A,GROWING_DIGITAL,9583.38,100.0,2,2.0,90110.47,0.0,0.0,85.0,12713.41,29100.66,RETAIL,35.29294117647059,30.36,MODERATE,0.0,N,N,N,N,MASTER_V1.5,2026-06-29,2026-06-29 19:54:02.726587
4020,Theresa Estes,75,MN,2013-02-28,160,A,ENGAGED_MAINSTREAM,18951.68,50.0,4,2.0,139357.42,15000.0,10.28,160.0,26900.83,4721.34,TRAVEL,34.998875,14.09,LOW,0.0,N,N,N,N,MASTER_V1.5,2026-06-29,2026-06-29 19:54:02.726587
4021,Connie Oconnell,36,WY,2019-07-05,83,A,PREMIUM_WEALTH,7058.32,100.0,3,3.0,84008.08,10000.0,21.08,140.0,36986.990000000005,-896.260000000002,RETAIL,37.145,13.36,LOW,0.0,N,N,N,N,MASTER_V1.5,2026-06-29,2026-06-29 19:54:02.726587
4025,Sara Duncan,61,PW,2019-02-23,88,A,ENGAGED_MAINSTREAM,10047.06,100.0,4,4.0,90863.91,5000.0,97.89,138.0,19285.83,-83.70000000000437,RETAIL,33.33391304347826,14.34,LOW,0.0,N,N,N,N,MASTER_V1.5,2026-06-29,2026-06-29 19:54:02.726587
4031,Brittany Moody,25,MO,2021-07-20,59,A,VALUE_BASIC,2604.85,100.0,2,2.0,6836.23,2000.0,37.91,89.0,40517.81,-18656.96,TRAVEL,29.21269662921348,31.45,MODERATE,0.0,N,N,Y,N,MASTER_V1.5,2026-06-29,2026-06-29 19:54:02.726587
4042,Patrick Wright,66,AS,2020-08-02,70,A,ENGAGED_MAINSTREAM,8355.47,100.0,4,4.0,152724.65,2000.0,57.77,180.0,18579.54,31380.65,UTILITIES,33.88611111111111,18.02,LOW,0.0,N,N,N,N,MASTER_V1.5,2026-06-29,2026-06-29 19:54:02.726587
4046,Richard Daniels,34,NY,2023-10-22,32,A,GROWING_DIGITAL,808.73,100.0,1,1.0,24566.77,0.0,0.0,22.0,9210.44,-8029.93,GAS_STATION,36.36,9.27,LOW,0.0,N,Y,N,N,MASTER_V1.5,2026-06-29,2026-06-29 19:54:02.726587
4047,Audrey Clarke,77,VI,2018-12-27,90,A,ENGAGED_MAINSTREAM,5073.13,100.0,2,2.0,78717.95,2000.0,83.41,87.0,4394.09,764.5499999999993,RETAIL,32.178275862068965,7.27,LOW,0.0,N,N,N,N,MASTER_V1.5,2026-06-29,2026-06-29 19:54:02.726587
4054,Yolanda Marks,45,NJ,2023-08-25,34,A,PREMIUM_WEALTH,4078.96,100.0,4,4.0,162256.75,15000.0,57.33,178.0,20243.4,-1530.1900000000023,TRAVEL,38.76033707865168,13.55,LOW,0.0,N,N,N,N,MASTER_V1.5,2026-06-29,2026-06-29 19:54:02.726587
4067,Kristin Franco,50,WI,2026-05-04,1,A,PREMIUM_WEALTH,121.05,100.0,4,4.0,180838.37,5000.0,91.78,192.0,31510.78,-2804.619999999999,TRAVEL,36.980260416666674,23.27,MODERATE,0.0,N,N,N,N,MASTER_V1.5,2026-06-29,2026-06-29 19:54:02.726587
4073,Daniel Austin,64,MI,2021-05-02,61,A,CREDIT_DEPENDENT,3576.48,50.0,2,1.0,123769.28,0.0,0.0,80.0,15286.720000000001,7350.509999999998,INSURANCE,43.75299999999999,25.64,MODERATE,0.0,N,N,N,N,MASTER_V1.5,2026-06-29,2026-06-29 19:54:02.726587
4087,Matthew Stafford,61,LA,2022-10-09,44,A,GROWING_DIGITAL,2345.59,100.0,2,2.0,42691.62,5000.0,23.07,110.0,24128.23,-17924.79,ENTERTAINMENT,39.091272727272724,26.95,MODERATE,0.0,N,N,N,N,MASTER_V1.5,2026-06-29,2026-06-29 19:54:02.726587
4091,Melissa Lopez,26,AL,2023-03-06,39,A,PREMIUM_WEALTH,3394.46,100.0,3,3.0,109642.46,10000.0,45.26,135.0,22366.0,15319.739999999998,UTILITIES,47.40748148148148,28.16,MODERATE,0.0,N,N,N,N,MASTER_V1.5,2026-06-29,2026-06-29 19:54:02.726587
4098,Jenna Garcia,78,WI,2014-02-16,148,A,ENGAGED_MAINSTREAM,12656.39,100.0,3,3.0,89513.89,25000.0,90.46,143.0,31928.48,-26938.68,RETAIL,29.36692307692308,12.28,LOW,0.0,N,N,N,N,MASTER_V1.5,2026-06-29,2026-06-29 19:54:02.726587
4111,Willie Collins,60,SC,2015-06-10,132,A,GROWING_DIGITAL,3559.67,100.0,1,1.0,48381.51,0.0,0.0,36.0,14112.82,-13193.97,RESTAURANT,47.220000000000006,6.55,LOW,0.0,N,Y,N,N,MASTER_V1.5,2026-06-29,2026-06-29 19:54:02.726587
4135,Andrea Smith,70,MA,2022-01-01,53,A,ENGAGED_MAINSTREAM,4595.27,66.67,3,2.0,104865.0,5000.0,97.43,201.0,33579.03999999999,21965.130000000005,RETAIL,33.83014925373135,26.18,MODERATE,0.0,N,N,N,N,MASTER_V1.5,2026-06-29,2026-06-29 19:54:02.726587
4147,Theresa Galloway,47,MH,2013-01-11,161,A,PREMIUM_WEALTH,16894.0,100.0,4,4.0,36068.2,10000.0,4.01,203.0,44616.77,9905.590000000004,UTILITIES,38.42024630541872,7.88,LOW,0.0,N,N,N,N,MASTER_V1.5,2026-06-29,2026-06-29 19:54:02.726587
4155,Paul Smith,31,NH,2018-08-31,94,A,PREMIUM_WEALTH,10530.51,75.0,4,3.0,73325.7,15000.0,30.8,189.0,26465.18,4355.5999999999985,HEALTHCARE,35.980952380952374,22.46,MODERATE,0.0,N,N,N,N,MASTER_V1.5,2026-06-29,2026-06-29 19:54:02.726587
4169,Jeffrey Campbell,29,WA,2026-04-22,2,A,GROWING_DIGITAL,55.88,100.0,1,1.0,71439.87,0.0,0.0,60.0,21181.16,-10923.53,GROCERY,41.67,22.36,MODERATE,0.0,N,Y,N,N,MASTER_V1.5,2026-06-29,2026-06-29 19:54:02.726587
4195,Kimberly Martinez,29,MD,2016-04-01,122,A,PREMIUM_WEALTH,14321.71,100.0,4,4.0,125380.59,10000.0,63.43,200.0,50290.18,-24347.33,UTILITIES,44.50155,23.73,MODERATE,0.0,N,N,N,N,MASTER_V1.5,2026-06-29,2026-06-29 19:54:02.726587
4213,Alexis Krueger,56,RI,2016-03-04,123,A,GROWING_DIGITAL,3074.72,100.0,1,1.0,22006.76,0.0,0.0,34.0,2853.97,-1305.9099999999999,RETAIL,38.239999999999995,19.98,LOW,0.0,N,Y,N,N,MASTER_V1.5,2026-06-29,2026-06-29 19:54:02.726587
4230,Tammy Stewart,51,AZ,2019-08-27,82,A,PREMIUM_WEALTH,9584.66,100.0,4,4.0,119205.98,10000.0,87.48,138.0,28954.420000000002,-20396.280000000002,RETAIL,35.506086956521735,27.27,MODERATE,0.0,N,N,N,N,MASTER_V1.5,2026-06-29,2026-06-29 19:54:02.726587
4237,Trevor Graves,34,MN,2013-02-01,160,A,PREMIUM_WEALTH,18396.12,100.0,4,4.0,98476.69,15000.0,95.06,162.0,20979.94,14452.040000000005,UTILITIES,35.18382716049383,28.82,MODERATE,0.0,N,N,N,N,MASTER_V1.5,2026-06-29,2026-06-29 19:54:02.726587
4244,Christopher Thompson,23,DE,2021-11-29,55,A,PREMIUM_WEALTH,4656.17,100.0,3,3.0,79832.18,10000.0,72.1,98.0,14239.71,9579.279999999999,TRAVEL,32.659489795918375,20.36,MODERATE,0.0,N,N,N,N,MASTER_V1.5,2026-06-29,2026-06-29 19:54:02.726587
4267,Bradley Dominguez,37,VI,2018-08-12,94,A,VALUE_BASIC,1628.78,100.0,1,1.0,1023.49,2000.0,51.17,31.0,1374.96,-23.00999999999999,RESTAURANT,19.36,21.36,MODERATE,0.0,N,Y,Y,N,MASTER_V1.5,2026-06-29,2026-06-29 19:54:02.726587
4275,Isaiah Brown,78,OK,2019-07-04,83,A,ENGAGED_MAINSTREAM,7434.53,100.0,3,3.0,153741.46,0.0,0.0,143.0,50465.880000000005,-31979.280000000006,TRAVEL,35.6613986013986,9.08,LOW,0.0,N,N,N,N,MASTER_V1.5,2026-06-29,2026-06-29 19:54:02.726587
4280,Robin Dixon,34,SC,2019-07-24,83,A,PREMIUM_WEALTH,6641.69,100.0,3,3.0,43018.28,2000.0,86.16,113.0,12981.9,2069.8200000000015,UTILITIES,42.4741592920354,17.09,LOW,0.0,N,N,N,N,MASTER_V1.5,2026-06-29,2026-06-29 19:54:02.726587
4329,Angela Richardson,51,WA,2016-12-18,114,A,PREMIUM_WEALTH,12805.94,100.0,4,4.0,75605.15,25000.0,31.88,154.0,32876.43,5805.450000000004,UTILITIES,40.25909090909091,3.82,LOW,0.0,N,N,N,N,MASTER_V1.5,2026-06-29,2026-06-29 19:54:02.726587
4332,William Long,23,PW,2012-09-29,165,A,PREMIUM_WEALTH,18370.97,100.0,4,4.0,68454.15,15000.0,20.21,174.0,17065.73,8745.720000000001,RETAIL,31.60793103448276,16.56,LOW,0.0,N,N,N,N,MASTER_V1.5,2026-06-29,2026-06-29 19:54:02.726587
4340,Diamond Dominguez,29,MP,2016-08-12,118,A,CREDIT_DEPENDENT,6504.78,50.0,2,1.0,61392.47,0.0,0.0,67.0,5301.450000000001,16749.54,INSURANCE,40.29791044776119,24.55,MODERATE,0.0,N,N,N,N,MASTER_V1.5,2026-06-29,2026-06-29 19:54:02.726587
4351,Allison Sullivan,29,AS,2024-02-23,28,A,PREMIUM_WEALTH,3283.39,100.0,4,4.0,123795.33,2000.0,8.68,171.0,10804.119999999999,-3629.1099999999988,UTILITIES,39.17719298245614,25.0,MODERATE,0.0,N,N,N,N,MASTER_V1.5,2026-06-29,2026-06-29 19:54:02.726587
4357,Meredith Long,60,MA,2018-07-14,95,A,ENGAGED_MAINSTREAM,11262.41,100.0,4,4.0,140810.08,5000.0,9.35,149.0,23784.24,-9116.410000000002,RETAIL,31.543422818791946,8.33,LOW,0.0,N,N,N,N,MASTER_V1.5,2026-06-29,2026-06-29 19:54:02.726587
4360,Amanda Odonnell,62,FM,2017-01-03,113,A,ENGAGED_MAINSTREAM,9752.66,66.67,3,2.0,99465.52,5000.0,19.57,128.0,57837.380000000005,-52500.62,RETAIL,39.06140625,9.99,LOW,0.0,N,N,N,N,MASTER_V1.5,2026-06-29,2026-06-29 19:54:02.726587
4366,Vanessa Baker,60,PR,2022-03-12,51,A,GROWING_DIGITAL,2863.63,100.0,2,2.0,75351.0,0.0,0.0,59.0,4037.0200000000004,-1322.9300000000003,RETAIL,38.98338983050847,12.48,LOW,0.0,N,N,N,N,MASTER_V1.5,2026-06-29,2026-06-29 19:54:02.726587
4369,Lisa Turner,25,VT,2025-07-12,11,A,PREMIUM_WEALTH,1228.05,100.0,4,4.0,70551.1,10000.0,68.06,250.0,50740.07,51657.22000000001,RETAIL,39.2,16.91,LOW,0.0,N,N,N,N,MASTER_V1.5,2026-06-29,2026-06-29 19:54:02.726587
4371,Kayla Perez,47,NY,2014-10-09,140,A,GROWING_DIGITAL,10166.79,100.0,3,3.0,16037.04,15000.0,14.5,110.0,18307.35,5227.220000000001,RESTAURANT,46.36572727272728,16.0,LOW,0.0,N,N,N,N,MASTER_V1.5,2026-06-29,2026-06-29 19:54:02.726587
4388,David Parker,28,SC,2014-02-23,148,A,GROWING_DIGITAL,8533.03,100.0,2,2.0,101836.2,0.0,0.0,130.0,44110.689999999995,-39690.079999999994,RETAIL,30.76846153846154,22.09,MODERATE,0.0,N,N,N,N,MASTER_V1.5,2026-06-29,2026-06-29 19:54:02.726587
4417,Michelle White,40,VA,2021-09-18,57,A,CREDIT_DEPENDENT,1555.65,0.0,1,0.0,55096.57,0.0,0.0,26.0,7613.76,-6109.780000000001,GROCERY,30.759999999999998,7.45,LOW,0.0,N,N,N,N,MASTER_V1.5,2026-06-29,2026-06-29 19:54:02.726587
4432,Andre Mahoney,62,CA,2017-11-17,103,A,ENGAGED_MAINSTREAM,11977.92,75.0,4,3.0,112313.81,15000.0,97.29,200.0,34789.62,-18575.770000000004,UTILITIES,36.501599999999996,17.45,LOW,0.0,N,N,N,N,MASTER_V1.5,2026-06-29,2026-06-29 19:54:02.726587
4443,Anthony Haley,41,WI,2021-07-23,59,A,PREMIUM_WEALTH,3225.25,100.0,2,2.0,55997.41,10000.0,92.96,64.0,20284.38,-941.3100000000013,INSURANCE,31.24875,15.09,LOW,0.0,N,N,N,N,MASTER_V1.5,2026-06-29,2026-06-29 19:54:02.726587
4445,Mary Boyle,49,OK,2016-09-30,117,A,CREDIT_DEPENDENT,5853.6,0.0,2,0.0,22162.36,15000.0,92.24,84.0,13560.26,-484.25,GROCERY,41.67047619047618,13.82,LOW,0.0,N,N,N,Y,MASTER_V1.5,2026-06-29,2026-06-29 19:54:02.726587
4459,Jocelyn Proctor,53,GU,2012-01-20,173,A,ENGAGED_MAINSTREAM,14135.54,66.67,3,2.0,53876.01,25000.0,15.59,147.0,21640.600000000002,13192.170000000002,RESTAURANT,39.45408163265306,14.09,LOW,0.0,N,N,N,N,MASTER_V1.5,2026-06-29,2026-06-29 19:54:02.726587
4473,Nicole Wiley,55,DE,2014-11-13,139,A,GROWING_DIGITAL,10740.97,100.0,3,3.0,29824.56,25000.0,22.91,85.0,14613.52,5895.760000000002,TRAVEL,34.11494117647058,1.64,LOW,0.0,N,N,N,N,MASTER_V1.5,2026-06-29,2026-06-29 19:54:02.726587
4478,Joseph Wright,50,VT,2024-04-16,26,A,PREMIUM_WEALTH,3051.42,100.0,4,4.0,125020.7,5000.0,47.17,164.0,24549.3,-13174.109999999999,RETAIL,35.363902439024386,4.43,LOW,0.0,N,N,N,N,MASTER_V1.5,2026-06-29,2026-06-29 19:54:02.726587
4496,James Ellis,76,DE,2024-04-16,26,A,GROWING_DIGITAL,653.62,100.0,1,1.0,23289.1,0.0,0.0,58.0,2712.91,8466.26,RESTAURANT,39.65,16.73,LOW,0.0,N,Y,N,N,MASTER_V1.5,2026-06-29,2026-06-29 19:54:02.726587
4497,Diana Smith,73,IA,2017-07-22,107,A,CREDIT_DEPENDENT,2686.73,0.0,1,0.0,23014.03,25000.0,92.06,57.0,8907.22,540.9099999999999,GROCERY,43.86,6.09,LOW,0.0,N,N,N,Y,MASTER_V1.5,2026-06-29,2026-06-29 19:54:02.726587
4504,Joseph Chaney,25,ME,2012-06-13,168,A,PREMIUM_WEALTH,14261.49,100.0,3,3.0,82342.56,0.0,0.0,137.0,31186.760000000002,-25970.56,TRAVEL,40.88065693430657,17.55,LOW,0.0,N,N,N,N,MASTER_V1.5,2026-06-29,2026-06-29 19:54:02.726587
4508,Jessica Molina,73,AS,2022-09-14,45,A,VALUE_BASIC,935.19,100.0,1,1.0,4075.71,0.0,0.0,36.0,1948.42,28559.78,ENTERTAINMENT,25.0,20.27,MODERATE,0.0,N,Y,Y,N,MASTER_V1.5,2026-06-29,2026-06-29 19:54:02.726587
4514,Alex Chase,54,PR,2025-05-28,13,A,VALUE_BASIC,247.5,100.0,1,1.0,2028.9,5000.0,40.58,51.0,1990.9,1522.5099999999998,GAS_STATION,37.260000000000005,13.78,LOW,0.0,N,Y,Y,N,MASTER_V1.5,2026-06-29,2026-06-29 19:54:02.726587
4520,Amber Ellis,32,MO,2012-03-09,171,A,CREDIT_DEPENDENT,3746.79,0.0,1,0.0,6402.33,0.0,0.0,24.0,1154.25,9578.0,GROCERY,25.0,7.45,LOW,0.0,N,N,Y,Y,MASTER_V1.5,2026-06-29,2026-06-29 19:54:02.726587
4525,Steven Parsons,68,TN,2024-08-31,22,A,ENGAGED_MAINSTREAM,2601.83,75.0,4,3.0,136833.24,5000.0,6.68,166.0,41415.899999999994,-749.6199999999953,UTILITIES,41.562289156626505,17.91,LOW,0.0,N,N,N,N,MASTER_V1.5,2026-06-29,2026-06-29 19:54:02.726587
4534,Todd Burton,35,PA,2025-08-15,10,A,GROWING_DIGITAL,562.97,100.0,2,2.0,77601.7,0.0,0.0,83.0,18411.27,395.6399999999994,UTILITIES,30.12265060240964,15.65,LOW,0.0,N,N,N,N,MASTER_V1.5,2026-06-29,2026-06-29 19:54:02.726587
4536,Brandon Schmidt,76,MT,2012-10-09,164,A,ENGAGED_MAINSTREAM,18334.42,75.0,4,3.0,71648.21,10000.0,72.61,221.0,53774.04,-2700.3199999999997,RETAIL,39.819638009049775,1.55,LOW,0.0,N,N,N,N,MASTER_V1.5,2026-06-29,2026-06-29 19:54:02.726587
4543,Daniel Garcia,36,AZ,2024-11-16,19,A,PREMIUM_WEALTH,1000.89,100.0,2,2.0,37636.41,25000.0,55.25,116.0,12501.199999999999,14038.700000000003,UTILITIES,37.92879310344828,20.09,MODERATE,0.0,N,N,N,N,MASTER_V1.5,2026-06-29,2026-06-29 19:54:02.726587
4556,Jason Meza,58,MN,2020-12-16,66,A,GROWING_DIGITAL,1678.64,100.0,1,1.0,26200.83,0.0,0.0,51.0,3806.26,5202.68,GROCERY,33.339999999999996,11.18,LOW,0.0,N,Y,N,N,MASTER_V1.5,2026-06-29,2026-06-29 19:54:02.726587
4612,Shelley Smith,38,MD,2022-11-22,43,A,PREMIUM_WEALTH,3685.27,100.0,3,3.0,91784.35,25000.0,23.66,133.0,33188.53,7524.990000000005,TRAVEL,32.33248120300752,15.09,LOW,0.0,N,N,N,N,MASTER_V1.5,2026-06-29,2026-06-29 19:54:02.726587
4627,Andrew Adams,76,LA,2024-05-06,25,A,ENGAGED_MAINSTREAM,2247.27,100.0,3,3.0,160399.4,0.0,0.0,67.0,24653.88,-22048.5,TRAVEL,34.32925373134328,11.27,LOW,0.0,N,N,N,N,MASTER_V1.5,2026-06-29,2026-06-29 19:54:02.726587
4628,Robert Garza,53,WY,2022-11-25,43,A,ENGAGED_MAINSTREAM,4960.44,100.0,4,4.0,102324.47,5000.0,14.36,157.0,68503.20999999999,-39370.77999999999,UTILITIES,35.666624203821655,5.73,LOW,0.0,N,N,N,N,MASTER_V1.5,2026-06-29,2026-06-29 19:54:02.726587
4635,Raymond Perkins,22,SC,2016-08-11,118,A,CREDIT_DEPENDENT,6539.3,50.0,2,1.0,65092.06,5000.0,54.31,56.0,26479.11,-17007.1,GROCERY,33.927678571428565,7.0,LOW,0.0,N,N,N,N,MASTER_V1.5,2026-06-29,2026-06-29 19:54:02.726587
4639,Mary Downs,63,LA,2014-01-15,149,A,ENGAGED_MAINSTREAM,12582.41,66.67,3,2.0,77608.09,10000.0,99.55,108.0,10653.35,3235.7699999999986,RETAIL,32.404444444444444,19.24,LOW,0.0,N,N,N,N,MASTER_V1.5,2026-06-29,2026-06-29 19:54:02.726587
4680,Christopher Jones,63,CA,2016-12-25,114,A,CREDIT_DEPENDENT,6350.39,50.0,2,1.0,68943.48,0.0,0.0,89.0,22296.23,-12024.09,RETAIL,41.57382022471911,12.82,LOW,0.0,N,N,N,N,MASTER_V1.5,2026-06-29,2026-06-29 19:54:02.726587
4682,Shane Parker,64,NC,2012-11-15,163,A,ENGAGED_MAINSTREAM,17173.03,100.0,4,4.0,37631.72,15000.0,46.57,179.0,44335.7,-20493.939999999995,TRAVEL,44.13759776536313,21.09,MODERATE,0.0,N,N,N,N,MASTER_V1.5,2026-06-29,2026-06-29 19:54:02.726587
4692,Robin Jones,49,AK,2014-02-07,148,A,GROWING_DIGITAL,8145.83,100.0,2,2.0,60347.92,0.0,0.0,106.0,16375.84,10960.510000000002,GROCERY,44.33594339622641,1.0,LOW,0.0,N,N,N,N,MASTER_V1.5,2026-06-29,2026-06-29 19:54:02.726587
4713,Sonia Harmon,62,ME,2019-03-31,87,A,ENGAGED_MAINSTREAM,7300.92,66.67,3,2.0,72340.97,0.0,0.0,167.0,21360.39,40161.36,INSURANCE,40.1208383233533,17.87,LOW,0.0,N,N,N,N,MASTER_V1.5,2026-06-29,2026-06-29 19:54:02.726587
4719,Sara Cochran,65,ID,2025-11-22,7,A,ENGAGED_MAINSTREAM,756.47,100.0,4,4.0,49348.77,15000.0,55.67,132.0,31801.86,-19293.31,TRAVEL,40.14833333333333,8.0,LOW,0.0,N,N,N,N,MASTER_V1.5,2026-06-29,2026-06-29 19:54:02.726587
4730,Christopher Calderon,70,CT,2023-04-07,38,A,GROWING_DIGITAL,1005.26,100.0,1,1.0,39406.41,0.0,0.0,73.0,31465.45,-6635.010000000002,ENTERTAINMENT,42.47,10.27,LOW,0.0,N,Y,N,N,MASTER_V1.5,2026-06-29,2026-06-29 19:54:02.726587
4732,Kayla Caldwell,54,MH,2022-08-31,46,A,GROWING_DIGITAL,2519.92,100.0,2,2.0,57307.97,0.0,0.0,74.0,4104.96,4218.54,GROCERY,35.13513513513514,24.97,MODERATE,0.0,N,N,N,N,MASTER_V1.5,2026-06-29,2026-06-29 19:54:02.726587
4736,Leslie Martinez,64,GU,2021-02-17,64,A,ENGAGED_MAINSTREAM,5592.0,66.67,3,2.0,114691.34,0.0,0.0,118.0,19153.07,10778.11,UTILITIES,40.677372881355936,2.82,LOW,0.0,N,N,N,N,MASTER_V1.5,2026-06-29,2026-06-29 19:54:02.726587
4745,Tiffany Skinner,49,GA,2026-01-16,5,A,GROWING_DIGITAL,267.77,100.0,2,2.0,44840.52,0.0,0.0,80.0,13830.55,-10225.97,UTILITIES,43.745625000000004,30.66,MODERATE,0.0,N,N,N,N,MASTER_V1.5,2026-06-29,2026-06-29 19:54:02.726587
4749,Kelly Long,26,CA,2012-12-31,162,A,PREMIUM_WEALTH,18859.4,100.0,4,4.0,113732.66,10000.0,52.75,217.0,15752.86,14392.279999999999,RESTAURANT,41.47705069124424,21.2,MODERATE,0.0,N,N,N,N,MASTER_V1.5,2026-06-29,2026-06-29 19:54:02.726587
4786,Annette Moore,29,HI,2015-07-20,131,A,GROWING_DIGITAL,3142.72,100.0,1,1.0,14707.3,0.0,0.0,60.0,15081.43,-13405.720000000001,GAS_STATION,31.66,21.93,MODERATE,0.0,N,Y,N,N,MASTER_V1.5,2026-06-29,2026-06-29 19:54:02.726587
4799,Joel Barry,45,MH,2023-02-13,40,A,GROWING_DIGITAL,2121.11,100.0,2,2.0,40357.71,25000.0,11.51,80.0,3218.2200000000003,7525.849999999999,RETAIL,37.497499999999995,16.64,LOW,0.0,N,N,N,N,MASTER_V1.5,2026-06-29,2026-06-29 19:54:02.726587
4804,Christopher Goodwin,54,ND,2020-09-01,69,A,ENGAGED_MAINSTREAM,7802.11,100.0,4,4.0,81422.66,15000.0,17.22,130.0,27208.93,-2575.5600000000013,TRAVEL,41.535769230769226,18.87,LOW,0.0,N,N,N,N,MASTER_V1.5,2026-06-29,2026-06-29 19:54:02.726587
4813,Rachel White,65,VT,2023-03-23,39,A,ENGAGED_MAINSTREAM,3250.35,100.0,3,3.0,66991.62,5000.0,78.51,165.0,44058.84,-10230.369999999995,RESTAURANT,38.789090909090916,15.18,LOW,0.0,N,N,N,N,MASTER_V1.5,2026-06-29,2026-06-29 19:54:02.726587
4814,Alexis Peterson,75,SC,2021-02-26,64,A,GROWING_DIGITAL,3542.48,100.0,2,2.0,64232.1,0.0,0.0,60.0,11048.08,-7478.96,UTILITIES,28.332,26.82,MODERATE,0.0,N,N,N,N,MASTER_V1.5,2026-06-29,2026-06-29 19:54:02.726587
4836,Jerry Fernandez,72,AS,2016-05-09,121,A,GROWING_DIGITAL,6302.34,100.0,2,2.0,33426.21,2000.0,2.09,117.0,27010.93,-21228.67,RESTAURANT,40.16888888888889,26.36,MODERATE,0.0,N,N,N,N,MASTER_V1.5,2026-06-29,2026-06-29 19:54:02.726587
4845,Ashley Osborne,85,DE,2019-03-11,87,A,GROWING_DIGITAL,2025.15,100.0,1,1.0,11059.49,0.0,0.0,41.0,13444.7,-11168.35,RETAIL,46.34,19.73,LOW,0.0,N,Y,N,N,MASTER_V1.5,2026-06-29,2026-06-29 19:54:02.726587
4846,David Yates,18,NC,2013-04-20,158,A,PREMIUM_WEALTH,7884.41,100.0,2,2.0,21596.08,10000.0,52.98,88.0,15523.039999999999,-2080.1499999999996,RETAIL,43.18204545454547,9.64,LOW,0.0,N,N,N,N,MASTER_V1.5,2026-06-29,2026-06-29 19:54:02.726587
4850,Jessica Singh,49,NH,2023-01-10,41,A,PREMIUM_WEALTH,4767.44,100.0,4,4.0,112185.27,10000.0,23.45,153.0,26302.809999999998,17674.770000000004,UTILITIES,39.870065359477124,24.64,MODERATE,0.0,N,N,N,N,MASTER_V1.5,2026-06-29,2026-06-29 19:54:02.726587
4862,Marc Harding,57,IA,2011-12-09,174,A,CREDIT_DEPENDENT,10171.63,50.0,2,1.0,119555.01,0.0,0.0,70.0,35902.74,-22345.36,TRAVEL,38.57085714285714,15.0,LOW,0.0,N,N,N,N,MASTER_V1.5,2026-06-29,2026-06-29 19:54:02.726587
4875,Shawna Fuller,48,DC,2021-09-25,57,A,GROWING_DIGITAL,5081.65,100.0,3,3.0,145350.26,0.0,0.0,154.0,10747.56,-2822.9799999999996,RETAIL,33.111428571428576,24.66,MODERATE,0.0,N,N,N,N,MASTER_V1.5,2026-06-29,2026-06-29 19:54:02.726587
4887,Scott Huerta,73,ID,2013-08-23,154,A,GROWING_DIGITAL,4110.23,100.0,1,1.0,43300.67,0.0,0.0,72.0,18096.31,-15768.640000000001,INSURANCE,43.05,16.55,LOW,0.0,N,Y,N,N,MASTER_V1.5,2026-06-29,2026-06-29 19:54:02.726587
4893,Kara Martinez,22,ME,2022-10-13,44,A,GROWING_DIGITAL,1182.4,100.0,1,1.0,46588.97,0.0,0.0,39.0,3730.85,-2559.12,RETAIL,38.47,19.09,LOW,0.0,N,Y,N,N,MASTER_V1.5,2026-06-29,2026-06-29 19:54:02.726587
4895,Jane Hughes,51,DE,2024-02-17,28,A,VALUE_BASIC,1316.71,100.0,2,2.0,12150.05,2000.0,37.74,96.0,11879.050000000001,2190.629999999999,INSURANCE,39.58322916666667,12.81,LOW,0.0,N,N,N,N,MASTER_V1.5,2026-06-29,2026-06-29 19:54:02.726587
4920,Tyler Garcia,85,ID,2025-08-08,10,A,ENGAGED_MAINSTREAM,839.58,100.0,3,3.0,72720.67,10000.0,13.14,165.0,25789.0,-7101.209999999999,RESTAURANT,32.73121212121212,18.55,LOW,0.0,N,N,N,N,MASTER_V1.5,2026-06-29,2026-06-29 19:54:02.726587
4928,Paul Ho,78,FL,2020-11-22,67,A,ENGAGED_MAINSTREAM,7751.24,100.0,4,4.0,105769.99,25000.0,20.9,186.0,30202.16,28190.7,TRAVEL,36.55881720430108,12.45,LOW,0.0,N,N,N,N,MASTER_V1.5,2026-06-29,2026-06-29 19:54:02.726587
4932,Albert Martinez,63,NV,2016-12-06,114,A,ENGAGED_MAINSTREAM,9434.92,66.67,3,2.0,62006.46,25000.0,71.07,109.0,23122.6,-17315.039999999997,RETAIL,35.7808256880734,20.29,MODERATE,0.0,N,N,N,N,MASTER_V1.5,2026-06-29,2026-06-29 19:54:02.726587
4944,Michael Camacho,37,PW,2016-12-15,114,A,PREMIUM_WEALTH,10314.95,66.67,3,2.0,173558.17,0.0,0.0,178.0,28349.84,-10349.57,RESTAURANT,37.07797752808988,23.27,MODERATE,0.0,N,N,N,N,MASTER_V1.5,2026-06-29,2026-06-29 19:54:02.726587
4954,Paul Smith,25,VT,2023-10-10,32,A,PREMIUM_WEALTH,2626.0,66.67,3,2.0,56481.25,25000.0,27.41,121.0,29537.48,-3428.0099999999984,RESTAURANT,43.804132231404964,21.28,MODERATE,0.0,N,N,N,N,MASTER_V1.5,2026-06-29,2026-06-29 19:54:02.726587
4962,Thomas Diaz,60,WY,2012-07-21,167,A,GROWING_DIGITAL,4568.5,100.0,1,1.0,56528.92,0.0,0.0,26.0,2128.8,-1211.2400000000002,GROCERY,26.920000000000005,16.45,LOW,0.0,N,Y,N,N,MASTER_V1.5,2026-06-29,2026-06-29 19:54:02.726587
4963,Paul Carter,31,PA,2019-09-12,81,A,PREMIUM_WEALTH,7255.53,100.0,3,3.0,153777.95,0.0,0.0,142.0,17301.78,27470.86,RETAIL,32.39809859154929,24.9,MODERATE,0.0,N,N,N,N,MASTER_V1.5,2026-06-29,2026-06-29 19:54:02.726587
4970,Amy Jones,24,AR,2013-02-23,160,A,VALUE_BASIC,7023.69,100.0,2,2.0,6500.39,2000.0,15.06,72.0,14428.769999999999,-10433.239999999998,RESTAURANT,34.720277777777774,15.36,LOW,0.0,N,N,Y,N,MASTER_V1.5,2026-06-29,2026-06-29 19:54:02.726587
4988,Jamie Mendoza,41,PW,2017-02-12,112,A,PREMIUM_WEALTH,9850.66,100.0,3,3.0,123868.75,10000.0,73.32,142.0,34668.41,10389.699999999997,GROCERY,40.14014084507043,19.27,LOW,0.0,N,N,N,N,MASTER_V1.5,2026-06-29,2026-06-29 19:54:02.726587
43,Selena Duncan,71,TN,2013-06-18,156,A,ENGAGED_MAINSTREAM,17258.79,100.0,4,4.0,63788.51,25000.0,25.41,188.0,18778.04,-8985.300000000001,RESTAURANT,39.8933510638298,22.66,MODERATE,0.0,N,N,N,N,MASTER_V1.5,2026-06-29,2026-06-29 19:54:02.726587
71,Cynthia Baker,37,KY,2014-07-12,143,A,GROWING_DIGITAL,3899.32,100.0,1,1.0,54567.49,0.0,0.0,15.0,1446.47,-666.4,ENTERTAINMENT,20.0,7.91,LOW,0.0,N,Y,N,N,MASTER_V1.5,2026-06-29,2026-06-29 19:54:02.726587
75,Charles Ware,56,AK,2011-08-20,178,A,CREDIT_DEPENDENT,15369.91,33.33,3,1.0,100011.71,0.0,0.0,200.0,42953.93,-34611.9,GROCERY,39.001749999999994,16.43,LOW,0.0,N,N,N,Y,MASTER_V1.5,2026-06-29,2026-06-29 19:54:02.726587
108,Daniel Coleman,35,AR,2022-12-23,42,A,PREMIUM_WEALTH,3447.74,100.0,3,3.0,56681.53,10000.0,51.17,102.0,43492.3,-29336.97,TRAVEL,33.33352941176471,0.0,LOW,0.0,N,N,N,N,MASTER_V1.5,2026-06-29,2026-06-29 19:54:02.726587
109,April Williams,73,TX,2025-10-12,8,A,VALUE_BASIC,180.28,100.0,1,1.0,8215.78,10000.0,82.16,46.0,1952.62,8785.18,TRAVEL,32.60999999999999,7.0,LOW,0.0,N,Y,N,N,MASTER_V1.5,2026-06-29,2026-06-29 19:54:02.726587
125,Tanner Anderson,58,UT,2013-12-14,150,A,GROWING_DIGITAL,4201.43,100.0,1,1.0,73409.5,0.0,0.0,38.0,8700.46,11821.95,GAS_STATION,42.1,34.36,MODERATE,0.0,N,Y,N,N,MASTER_V1.5,2026-06-29,2026-06-29 19:54:02.726587
126,Phillip Elliott,43,MN,2011-11-22,175,A,PREMIUM_WEALTH,21552.91,100.0,4,4.0,223227.89,25000.0,85.84,182.0,52531.030000000006,-9928.640000000007,UTILITIES,42.30653846153846,19.56,LOW,0.0,N,N,N,N,MASTER_V1.5,2026-06-29,2026-06-29 19:54:02.726587
129,Karen Decker,34,FL,2017-02-22,112,A,GROWING_DIGITAL,5949.84,100.0,2,2.0,41139.39,0.0,0.0,59.0,4344.5,3977.6000000000004,HEALTHCARE,42.374406779661015,8.91,LOW,0.0,N,N,N,N,MASTER_V1.5,2026-06-29,2026-06-29 19:54:02.726587
131,Debra Harrington,18,MP,2016-09-16,117,A,PREMIUM_WEALTH,12652.77,100.0,4,4.0,49728.65,5000.0,17.06,152.0,21677.68,-4473.84,RESTAURANT,39.4733552631579,31.55,MODERATE,0.0,N,N,N,N,MASTER_V1.5,2026-06-29,2026-06-29 19:54:02.726587
160,Amanda Hill,73,MT,2011-09-14,177,A,GROWING_DIGITAL,9431.31,100.0,2,2.0,42482.42,0.0,0.0,56.0,31990.14,-29745.27,TRAVEL,37.495714285714286,22.09,MODERATE,0.0,N,N,N,N,MASTER_V1.5,2026-06-29,2026-06-29 19:54:02.726587
168,Scott Dalton,50,NV,2018-03-18,99,A,PREMIUM_WEALTH,8687.65,66.67,3,2.0,120636.26,5000.0,7.28,92.0,17158.99,-12528.140000000001,UTILITIES,33.69728260869565,11.27,LOW,0.0,N,N,N,N,MASTER_V1.5,2026-06-29,2026-06-29 19:54:02.726587
171,Glenn Jones,41,NY,2013-10-31,152,A,PREMIUM_WEALTH,11987.78,100.0,3,3.0,36886.37,25000.0,45.79,181.0,39789.6,-8830.109999999997,RESTAURANT,42.54055248618785,10.18,LOW,0.0,N,N,N,N,MASTER_V1.5,2026-06-29,2026-06-29 19:54:02.726587
174,Kristin Weber,39,NH,2025-04-10,14,A,PREMIUM_WEALTH,1664.06,75.0,4,3.0,145238.44,2000.0,79.05,202.0,70448.64,-29889.83,TRAVEL,34.65301980198019,16.91,LOW,0.0,N,N,N,N,MASTER_V1.5,2026-06-29,2026-06-29 19:54:02.726587
175,Ronald Stephens,41,ND,2025-06-02,12,A,CREDIT_DEPENDENT,317.12,0.0,1,0.0,38969.42,0.0,0.0,57.0,3116.43,10695.06,GROCERY,47.37,12.09,LOW,0.0,N,N,N,N,MASTER_V1.5,2026-06-29,2026-06-29 19:54:02.726587
191,Kathleen Harris,34,VI,2020-10-26,68,A,GROWING_DIGITAL,1597.51,100.0,1,1.0,12053.42,0.0,0.0,17.0,8913.07,-8650.02,GAS_STATION,41.17,0.0,LOW,0.0,N,Y,N,N,MASTER_V1.5,2026-06-29,2026-06-29 19:54:02.726587
196,Jennifer Hicks,29,ND,2018-12-04,90,A,CREDIT_DEPENDENT,2160.98,0.0,1,0.0,14829.11,0.0,0.0,40.0,12925.52,-12018.37,GAS_STATION,27.500000000000004,36.27,MODERATE,0.0,N,N,N,Y,MASTER_V1.5,2026-06-29,2026-06-29 19:54:02.726587
201,Brenda Duarte,66,MA,2015-12-11,126,A,GROWING_DIGITAL,2941.35,100.0,1,1.0,11357.39,0.0,0.0,42.0,1809.02,520.7600000000002,RESTAURANT,42.85999999999999,20.73,MODERATE,0.0,N,Y,N,N,MASTER_V1.5,2026-06-29,2026-06-29 19:54:02.726587
208,Morgan Alexander,45,AR,2024-06-18,24,A,GROWING_DIGITAL,1358.61,100.0,2,2.0,82599.62,0.0,0.0,74.0,12290.220000000001,-8727.580000000002,RESTAURANT,37.83310810810811,13.64,LOW,0.0,N,N,N,N,MASTER_V1.5,2026-06-29,2026-06-29 19:54:02.726587
218,Ashlee Sparks,75,PW,2019-06-01,84,A,GROWING_DIGITAL,4586.82,100.0,2,2.0,55326.22,25000.0,10.36,65.0,3723.81,7955.68,RESTAURANT,26.15738461538461,3.36,LOW,0.0,N,N,N,N,MASTER_V1.5,2026-06-29,2026-06-29 19:54:02.726587
240,Shawn Chambers,84,WY,2019-06-30,84,A,GROWING_DIGITAL,2160.02,100.0,1,1.0,29313.62,0.0,0.0,36.0,2391.84,-186.71000000000004,GROCERY,33.33,27.78,MODERATE,0.0,N,Y,N,N,MASTER_V1.5,2026-06-29,2026-06-29 19:54:02.726587
247,Sonya Barnes,40,NC,2022-07-30,47,A,PREMIUM_WEALTH,4153.61,100.0,3,3.0,131043.93,5000.0,75.78,115.0,17644.58,-10373.030000000002,RESTAURANT,34.78069565217391,13.17,LOW,0.0,N,N,N,N,MASTER_V1.5,2026-06-29,2026-06-29 19:54:02.726587
252,James Martinez,61,PA,2017-06-06,108,A,ENGAGED_MAINSTREAM,12927.44,100.0,4,4.0,157920.64,5000.0,29.29,255.0,68825.45999999999,-35061.509999999995,RETAIL,42.354431372549016,17.55,LOW,0.0,N,N,N,N,MASTER_V1.5,2026-06-29,2026-06-29 19:54:02.726587
267,Cynthia Kelley,81,NE,2015-08-05,130,A,ENGAGED_MAINSTREAM,15712.14,75.0,4,3.0,177418.18,15000.0,99.86,189.0,43740.08,-35242.94,UTILITIES,46.559417989417994,16.36,LOW,0.0,N,N,N,N,MASTER_V1.5,2026-06-29,2026-06-29 19:54:02.726587
278,Becky Lewis,45,FL,2016-09-26,117,A,PREMIUM_WEALTH,9976.46,66.67,3,2.0,86611.29,5000.0,50.35,142.0,28833.100000000002,-3674.5800000000017,RETAIL,35.211549295774645,16.44,LOW,0.0,N,N,N,N,MASTER_V1.5,2026-06-29,2026-06-29 19:54:02.726587
290,Kari Wilson,55,AR,2015-07-26,131,A,ENGAGED_MAINSTREAM,16052.09,100.0,4,4.0,209714.21,2000.0,81.62,229.0,35412.03,17409.420000000006,RESTAURANT,44.53982532751092,15.53,LOW,0.0,N,N,N,N,MASTER_V1.5,2026-06-29,2026-06-29 19:54:02.726587
297,Samantha Atkins,82,NM,2011-10-09,176,A,GROWING_DIGITAL,4244.92,100.0,1,1.0,15483.74,0.0,0.0,43.0,3365.68,-1637.9699999999998,RETAIL,41.86,9.33,LOW,0.0,N,Y,N,N,MASTER_V1.5,2026-06-29,2026-06-29 19:54:02.726587
310,Kevin Hill,80,WI,2018-02-01,100,A,CREDIT_DEPENDENT,8491.98,33.33,3,1.0,82672.77,2000.0,48.55,83.0,33859.96,-29950.449999999997,RETAIL,33.73216867469879,14.64,LOW,0.0,N,N,N,Y,MASTER_V1.5,2026-06-29,2026-06-29 19:54:02.726587
320,Kristina Holland,62,GA,2020-05-29,73,A,ENGAGED_MAINSTREAM,8697.31,75.0,4,3.0,149361.12,10000.0,80.02,147.0,21954.73,-7850.619999999999,TRAVEL,41.4943537414966,10.28,LOW,0.0,N,N,N,N,MASTER_V1.5,2026-06-29,2026-06-29 19:54:02.726587
326,Maria Rodgers,31,NJ,2021-06-27,60,A,PREMIUM_WEALTH,5285.14,100.0,3,3.0,126089.88,10000.0,21.46,161.0,28674.989999999998,4637.620000000003,TRAVEL,36.64068322981366,18.27,LOW,0.0,N,N,N,N,MASTER_V1.5,2026-06-29,2026-06-29 19:54:02.726587
331,Benjamin Rogers,29,NH,2024-09-03,21,A,PREMIUM_WEALTH,1832.44,100.0,3,3.0,112935.41,5000.0,42.84,90.0,5740.41,17025.629999999997,HEALTHCARE,35.55644444444444,22.91,MODERATE,0.0,N,N,N,N,MASTER_V1.5,2026-06-29,2026-06-29 19:54:02.726587
338,Patrick Rose,54,VI,2015-09-11,129,A,ENGAGED_MAINSTREAM,11132.08,100.0,3,3.0,99312.02,2000.0,21.8,167.0,32545.97,-17812.79,RETAIL,38.32790419161676,11.55,LOW,0.0,N,N,N,N,MASTER_V1.5,2026-06-29,2026-06-29 19:54:02.726587
344,Brian Shaw,62,AR,2011-11-21,175,A,GROWING_DIGITAL,4516.16,100.0,1,1.0,30414.1,0.0,0.0,27.0,19745.38,-18741.030000000002,GROCERY,33.33,15.0,LOW,0.0,N,Y,N,N,MASTER_V1.5,2026-06-29,2026-06-29 19:54:02.726587
358,Kristina Cooper,68,TN,2011-09-25,177,A,GROWING_DIGITAL,9728.99,100.0,2,2.0,59468.85,0.0,0.0,39.0,12713.210000000001,-11115.900000000001,HEALTHCARE,43.590769230769226,15.0,LOW,0.0,N,N,N,N,MASTER_V1.5,2026-06-29,2026-06-29 19:54:02.726587
376,Douglas Lawson,39,IN,2025-09-14,9,A,VALUE_BASIC,195.35,100.0,1,1.0,5896.26,25000.0,23.59,44.0,11875.77,-480.77000000000044,HEALTHCARE,27.27,13.91,LOW,0.0,N,Y,N,N,MASTER_V1.5,2026-06-29,2026-06-29 19:54:02.726587
379,Nathan Hines,40,WA,2025-08-24,10,A,PREMIUM_WEALTH,1196.89,100.0,4,4.0,157763.66,15000.0,58.68,251.0,61425.67,-27433.019999999997,RETAIL,35.0605577689243,3.73,LOW,0.0,N,N,N,N,MASTER_V1.5,2026-06-29,2026-06-29 19:54:02.726587
382,Jose Green,59,TX,2019-11-14,79,A,ENGAGED_MAINSTREAM,7053.52,100.0,3,3.0,147956.5,0.0,0.0,104.0,18749.03,-10230.609999999999,UTILITIES,40.386634615384615,5.64,LOW,0.0,N,N,N,N,MASTER_V1.5,2026-06-29,2026-06-29 19:54:02.726587
386,Michael Brown,28,OR,2016-04-04,122,A,GROWING_DIGITAL,3186.22,100.0,1,1.0,34427.7,0.0,0.0,14.0,1230.78,-554.8299999999999,RETAIL,14.29,15.55,LOW,0.0,N,Y,N,N,MASTER_V1.5,2026-06-29,2026-06-29 19:54:02.726587
389,Dominic Tyler,77,MT,2014-06-28,144,A,ENGAGED_MAINSTREAM,17167.64,100.0,4,4.0,150538.72,5000.0,22.26,213.0,58786.87,-25600.11,RESTAURANT,40.37525821596244,21.64,MODERATE,0.0,N,N,N,N,MASTER_V1.5,2026-06-29,2026-06-29 19:54:02.726587
392,Alicia Hammond,18,DE,2022-03-20,51,A,VALUE_BASIC,2377.55,100.0,2,2.0,11200.8,10000.0,64.91,78.0,4299.71,20198.83,TRAVEL,29.49,11.73,LOW,0.0,N,N,N,N,MASTER_V1.5,2026-06-29,2026-06-29 19:54:02.726587
411,Colin Roberts,67,NV,2015-03-10,135,A,VALUE_BASIC,2278.99,100.0,1,1.0,856.24,2000.0,42.81,35.0,1841.5,10527.7,RESTAURANT,34.28999999999999,18.1,LOW,0.0,N,Y,N,N,MASTER_V1.5,2026-06-29,2026-06-29 19:54:02.726587
414,Xavier Jimenez,34,IL,2018-12-04,90,A,PREMIUM_WEALTH,9618.62,100.0,4,4.0,43798.56,15000.0,9.61,121.0,58326.54,-32826.73,TRAVEL,35.535619834710744,1.91,LOW,0.0,N,N,N,N,MASTER_V1.5,2026-06-29,2026-06-29 19:54:02.726587
430,Laura Swanson,19,VI,2020-03-13,75,A,GROWING_DIGITAL,4134.98,100.0,2,2.0,61488.5,5000.0,15.77,94.0,12769.619999999999,10740.369999999999,RETAIL,34.04117021276596,13.91,LOW,0.0,N,N,N,N,MASTER_V1.5,2026-06-29,2026-06-29 19:54:02.726587
439,Glen Barr,50,IA,2016-03-03,123,A,GROWING_DIGITAL,10098.0,100.0,3,3.0,56745.88,0.0,0.0,112.0,27935.34,-23327.65,TRAVEL,42.858124999999994,4.39,LOW,0.0,N,N,N,N,MASTER_V1.5,2026-06-29,2026-06-29 19:54:02.726587
449,Heather Taylor,49,CA,2025-05-30,13,A,PREMIUM_WEALTH,1515.43,75.0,4,3.0,115511.94,5000.0,15.56,102.0,7252.21,29427.130000000005,RETAIL,38.23627450980393,32.18,MODERATE,0.0,N,N,N,N,MASTER_V1.5,2026-06-29,2026-06-29 19:54:02.726587
467,Marcus Wright,73,KS,2013-08-03,154,A,ENGAGED_MAINSTREAM,17735.32,100.0,4,4.0,100352.52,15000.0,63.78,192.0,43772.97,-9508.220000000001,RESTAURANT,32.81135416666667,15.56,LOW,0.0,N,N,N,N,MASTER_V1.5,2026-06-29,2026-06-29 19:54:02.726587
471,Paula Padilla,58,KS,2018-12-27,90,A,GROWING_DIGITAL,2369.24,100.0,1,1.0,37420.28,0.0,0.0,70.0,13426.12,-3988.2400000000016,RESTAURANT,47.14,11.73,LOW,0.0,N,Y,N,N,MASTER_V1.5,2026-06-29,2026-06-29 19:54:02.726587
475,Elizabeth Robinson,53,LA,2019-07-05,83,A,GROWING_DIGITAL,4460.01,100.0,2,2.0,46490.53,0.0,0.0,119.0,41415.45,-35991.5,RETAIL,36.128655462184874,9.0,LOW,0.0,N,N,N,N,MASTER_V1.5,2026-06-29,2026-06-29 19:54:02.726587
482,Lindsay Cummings,81,NC,2018-05-22,97,A,ENGAGED_MAINSTREAM,5439.9,100.0,2,2.0,74331.36,10000.0,24.74,92.0,5387.19,7214.12,RESTAURANT,50.00402173913044,22.58,MODERATE,0.0,N,N,N,N,MASTER_V1.5,2026-06-29,2026-06-29 19:54:02.726587
491,Andrew Evans,70,AZ,2011-07-17,179,A,GROWING_DIGITAL,8664.47,100.0,2,2.0,16010.11,0.0,0.0,99.0,23853.9,-18531.58,UTILITIES,40.39838383838384,3.36,LOW,0.0,N,N,N,N,MASTER_V1.5,2026-06-29,2026-06-29 19:54:02.726587
495,Alexis Harris,34,WY,2024-09-03,21,A,CREDIT_DEPENDENT,1235.59,50.0,2,1.0,128995.79,0.0,0.0,71.0,3528.88,20853.379999999997,INSURANCE,36.61619718309859,20.18,MODERATE,0.0,N,N,N,N,MASTER_V1.5,2026-06-29,2026-06-29 19:54:02.726587
505,Nicholas Webster,57,MH,2013-09-19,153,A,GROWING_DIGITAL,4202.86,100.0,1,1.0,59152.3,0.0,0.0,54.0,16531.42,-5754.4699999999975,RESTAURANT,31.480000000000004,7.55,LOW,0.0,N,Y,N,N,MASTER_V1.5,2026-06-29,2026-06-29 19:54:02.726587
511,Jacob Gill,45,PA,2024-07-10,23,A,PREMIUM_WEALTH,2595.56,100.0,4,4.0,79621.17,15000.0,51.05,175.0,39093.71,16115.599999999999,RETAIL,35.43074285714285,1.55,LOW,0.0,N,N,N,N,MASTER_V1.5,2026-06-29,2026-06-29 19:54:02.726587
522,Victor Pena,60,AS,2023-12-03,30,A,ENGAGED_MAINSTREAM,3567.63,100.0,4,4.0,146107.25,5000.0,42.55,175.0,10231.28,19568.059999999998,TRAVEL,38.285028571428576,33.35,MODERATE,0.0,N,N,N,N,MASTER_V1.5,2026-06-29,2026-06-29 19:54:02.726587
527,Elizabeth Duran,28,WY,2025-08-04,10,A,GROWING_DIGITAL,268.32,100.0,1,1.0,45841.7,0.0,0.0,63.0,3676.75,-677.52,HEALTHCARE,31.75,18.73,LOW,0.0,N,Y,N,N,MASTER_V1.5,2026-06-29,2026-06-29 19:54:02.726587
528,Jesse Mann,57,ID,2024-01-23,29,A,GROWING_DIGITAL,815.42,100.0,1,1.0,76661.34,0.0,0.0,61.0,22018.91,-6004.6,UTILITIES,29.51,5.18,LOW,0.0,N,Y,N,N,MASTER_V1.5,2026-06-29,2026-06-29 19:54:02.726587
534,James Fox,79,TX,2013-09-17,153,A,ENGAGED_MAINSTREAM,12794.55,100.0,3,3.0,69558.98,0.0,0.0,138.0,8180.1900000000005,37284.59,RESTAURANT,37.68789855072464,14.36,LOW,0.0,N,N,N,N,MASTER_V1.5,2026-06-29,2026-06-29 19:54:02.726587
539,George Porter,81,ME,2011-08-19,178,A,CREDIT_DEPENDENT,4230.07,0.0,1,0.0,13437.22,0.0,0.0,48.0,3934.85,4835.76,TRAVEL,37.5,5.18,LOW,0.0,N,N,N,Y,MASTER_V1.5,2026-06-29,2026-06-29 19:54:02.726587
553,Christopher Montgomery,39,WA,2021-05-07,61,A,CREDIT_DEPENDENT,3333.89,50.0,2,1.0,55869.86,0.0,0.0,97.0,15931.759999999998,-12400.449999999999,RESTAURANT,35.05103092783505,20.82,MODERATE,0.0,N,N,N,N,MASTER_V1.5,2026-06-29,2026-06-29 19:54:02.726587
554,Christopher Moore,32,PR,2022-02-16,52,A,GROWING_DIGITAL,2905.87,100.0,2,2.0,71426.32,0.0,0.0,59.0,2711.06,445.53999999999996,RESTAURANT,38.98152542372881,5.18,LOW,0.0,N,N,N,N,MASTER_V1.5,2026-06-29,2026-06-29 19:54:02.726587
557,Jacob Cole,67,CA,2013-06-20,156,A,GROWING_DIGITAL,3633.72,100.0,1,1.0,11128.25,0.0,0.0,28.0,1415.08,6323.96,HEALTHCARE,32.15,3.55,LOW,0.0,N,Y,N,N,MASTER_V1.5,2026-06-29,2026-06-29 19:54:02.726587
564,John Weber,80,OR,2015-03-31,135,A,ENGAGED_MAINSTREAM,11050.78,100.0,3,3.0,54959.36,2000.0,13.14,119.0,27950.91,-8976.469999999998,RETAIL,39.49823529411765,22.82,MODERATE,0.0,N,N,N,N,MASTER_V1.5,2026-06-29,2026-06-29 19:54:02.726587
570,Travis Johnston,65,FL,2021-11-09,55,A,VALUE_BASIC,1165.68,100.0,1,1.0,4806.4,0.0,0.0,15.0,1094.64,-915.8500000000001,EDUCATION,26.66,29.45,MODERATE,0.0,N,Y,Y,N,MASTER_V1.5,2026-06-29,2026-06-29 19:54:02.726587
574,Kelly Schwartz,38,TN,2018-01-12,101,A,GROWING_DIGITAL,2606.78,100.0,1,1.0,30450.89,0.0,0.0,26.0,24823.59,-23515.88,ENTERTAINMENT,53.849999999999994,11.18,LOW,0.0,N,Y,N,N,MASTER_V1.5,2026-06-29,2026-06-29 19:54:02.726587
580,Christopher Mack,49,IL,2021-01-04,65,A,PREMIUM_WEALTH,5047.63,100.0,3,3.0,31385.76,15000.0,43.19,184.0,9982.05,9695.009999999998,RESTAURANT,41.8475,5.09,LOW,0.0,N,N,N,N,MASTER_V1.5,2026-06-29,2026-06-29 19:54:02.726587
584,Beverly Johnston,51,NE,2019-03-25,87,A,PREMIUM_WEALTH,9891.88,75.0,4,3.0,86679.44,15000.0,93.83,170.0,36980.19,-17071.950000000004,RETAIL,40.000058823529415,16.55,LOW,0.0,N,N,N,N,MASTER_V1.5,2026-06-29,2026-06-29 19:54:02.726587
596,Karen Stokes,38,HI,2014-07-24,143,A,PREMIUM_WEALTH,17350.68,100.0,4,4.0,185970.98,10000.0,25.68,168.0,41916.03,-21913.69,UTILITIES,42.855,20.91,MODERATE,0.0,N,N,N,N,MASTER_V1.5,2026-06-29,2026-06-29 19:54:02.726587
598,Jose Huffman,63,PA,2018-04-26,98,A,VALUE_BASIC,2426.77,100.0,1,1.0,20034.27,25000.0,80.14,17.0,1851.66,-942.6400000000001,RESTAURANT,11.76,5.55,LOW,0.0,N,Y,N,N,MASTER_V1.5,2026-06-29,2026-06-29 19:54:02.726587
611,Gary Ellis,67,MD,2019-07-06,83,A,ENGAGED_MAINSTREAM,8736.87,100.0,4,4.0,37285.01,15000.0,55.97,159.0,29940.61,-10843.260000000002,HEALTHCARE,32.07383647798742,14.45,LOW,0.0,N,N,N,N,MASTER_V1.5,2026-06-29,2026-06-29 19:54:02.726587
640,Kevin Lyons,74,MD,2017-05-27,109,A,VALUE_BASIC,2054.78,100.0,1,1.0,1882.72,2000.0,94.14,38.0,1843.34,6826.709999999999,UTILITIES,34.21,11.82,LOW,0.0,N,Y,Y,N,MASTER_V1.5,2026-06-29,2026-06-29 19:54:02.726587
644,Chad Reyes,57,KS,2013-06-18,156,A,GROWING_DIGITAL,8673.95,100.0,2,2.0,67538.26,0.0,0.0,82.0,20303.72,-5117.530000000001,GROCERY,39.02475609756097,26.73,MODERATE,0.0,N,N,N,N,MASTER_V1.5,2026-06-29,2026-06-29 19:54:02.726587
645,Lawrence Ibarra,36,TX,2013-01-07,161,A,GROWING_DIGITAL,3845.75,100.0,1,1.0,14110.31,0.0,0.0,66.0,10221.19,418.8299999999999,GAS_STATION,40.91000000000001,9.82,LOW,0.0,N,Y,N,N,MASTER_V1.5,2026-06-29,2026-06-29 19:54:02.726587
647,Alyssa Smith,18,ID,2013-08-15,154,A,PREMIUM_WEALTH,13876.02,100.0,3,3.0,165028.58,0.0,0.0,143.0,25247.18,642.4199999999983,TRAVEL,36.36692307692307,19.46,LOW,0.0,N,N,N,N,MASTER_V1.5,2026-06-29,2026-06-29 19:54:02.726587
648,Jennifer Fuller,41,VT,2018-01-21,101,A,VALUE_BASIC,2029.06,100.0,1,1.0,3089.89,0.0,0.0,28.0,3110.02,-1522.71,RESTAURANT,39.29,16.82,LOW,0.0,N,Y,Y,N,MASTER_V1.5,2026-06-29,2026-06-29 19:54:02.726587
653,Hannah Abbott,44,MI,2023-02-10,40,A,PREMIUM_WEALTH,3449.05,100.0,3,3.0,98404.9,25000.0,88.47,109.0,18823.309999999998,4214.700000000001,RETAIL,34.862293577981646,1.18,LOW,0.0,N,N,N,N,MASTER_V1.5,2026-06-29,2026-06-29 19:54:02.726587
656,Daniel Porter,21,AR,2018-11-15,91,A,GROWING_DIGITAL,5155.74,100.0,2,2.0,83391.24,0.0,0.0,37.0,1903.6399999999999,-808.2499999999998,UTILITIES,37.839729729729726,27.55,MODERATE,0.0,N,N,N,N,MASTER_V1.5,2026-06-29,2026-06-29 19:54:02.726587
658,Michelle Carroll,22,UT,2013-06-17,156,A,PREMIUM_WEALTH,12265.7,66.67,3,2.0,35721.22,25000.0,37.17,181.0,59642.86,-41032.59,GROCERY,40.88558011049723,28.91,MODERATE,0.0,N,N,N,N,MASTER_V1.5,2026-06-29,2026-06-29 19:54:02.726587
663,Christina Ramirez,79,VA,2019-06-30,84,A,ENGAGED_MAINSTREAM,8900.42,100.0,4,4.0,39964.22,15000.0,10.29,204.0,88168.63,-68251.62,RETAIL,41.66210784313726,20.71,MODERATE,0.0,N,N,N,N,MASTER_V1.5,2026-06-29,2026-06-29 19:54:02.726587
664,James Morton,64,CT,2019-02-13,88,A,ENGAGED_MAINSTREAM,7220.7,100.0,3,3.0,56413.02,2000.0,19.11,70.0,23987.760000000002,-20941.65,RESTAURANT,38.57428571428571,9.64,LOW,0.0,N,N,N,N,MASTER_V1.5,2026-06-29,2026-06-29 19:54:02.726587
683,Steven Campbell,21,NE,2012-07-08,167,A,PREMIUM_WEALTH,19431.2,100.0,4,4.0,113034.47,25000.0,32.56,175.0,54885.36,277.4099999999962,INSURANCE,41.71405714285714,7.45,LOW,0.0,N,N,N,N,MASTER_V1.5,2026-06-29,2026-06-29 19:54:02.726587
693,Jaclyn Watson,25,CT,2019-03-31,87,A,PREMIUM_WEALTH,7333.96,100.0,3,3.0,76098.97,5000.0,9.14,96.0,25619.8,-20998.89,TRAVEL,35.41854166666667,20.85,MODERATE,0.0,N,N,N,N,MASTER_V1.5,2026-06-29,2026-06-29 19:54:02.726587
799,Justin Hughes,35,SD,2021-10-07,56,A,PREMIUM_WEALTH,4824.35,66.67,3,2.0,97396.16,0.0,0.0,145.0,27638.420000000002,-6492.220000000001,RETAIL,37.243172413793104,10.3,LOW,0.0,N,N,N,N,MASTER_V1.5,2026-06-29,2026-06-29 19:54:02.726587
809,Caleb Mcneil,65,MS,2013-02-07,160,A,GROWING_DIGITAL,4426.87,100.0,1,1.0,64034.88,0.0,0.0,49.0,9533.3,124.39000000000124,RETAIL,38.78,1.09,LOW,0.0,N,Y,N,N,MASTER_V1.5,2026-06-29,2026-06-29 19:54:02.726587
817,William Bruce,24,VA,2021-07-07,59,A,GROWING_DIGITAL,1660.64,100.0,1,1.0,77540.48,0.0,0.0,58.0,12548.18,-10989.220000000001,GROCERY,32.76,17.5,LOW,0.0,N,Y,N,N,MASTER_V1.5,2026-06-29,2026-06-29 19:54:02.726587
818,Howard Davis,29,LA,2024-07-26,23,A,PREMIUM_WEALTH,1129.23,100.0,2,2.0,18386.62,10000.0,61.05,89.0,3841.02,12927.879999999997,GROCERY,48.3170786516854,7.36,LOW,0.0,N,N,N,N,MASTER_V1.5,2026-06-29,2026-06-29 19:54:02.726587
819,Lindsey Hines,76,CA,2015-05-08,133,A,ENGAGED_MAINSTREAM,7366.82,100.0,2,2.0,64726.09,10000.0,53.26,75.0,14968.16,-11856.869999999999,GROCERY,30.666666666666664,23.48,MODERATE,0.0,N,N,N,N,MASTER_V1.5,2026-06-29,2026-06-29 19:54:02.726587
823,Brandy Blackburn,53,AK,2024-05-31,25,A,ENGAGED_MAINSTREAM,2896.98,100.0,4,4.0,107788.45,15000.0,29.25,165.0,82408.34,-58819.81,RESTAURANT,40.61024242424243,9.0,LOW,0.0,N,N,N,N,MASTER_V1.5,2026-06-29,2026-06-29 19:54:02.726587
829,Joshua Juarez,42,ME,2011-07-24,179,A,PREMIUM_WEALTH,15252.84,66.67,3,2.0,85950.1,2000.0,67.11,195.0,47006.26,-24362.99,RETAIL,36.921948717948716,15.0,LOW,0.0,N,N,N,N,MASTER_V1.5,2026-06-29,2026-06-29 19:54:02.726587
839,Stacy Hull,61,FL,2014-04-20,146,A,ENGAGED_MAINSTREAM,12444.29,100.0,3,3.0,86218.87,5000.0,64.37,126.0,13966.88,3369.7800000000007,TRAVEL,34.91809523809523,8.03,LOW,0.0,N,N,N,N,MASTER_V1.5,2026-06-29,2026-06-29 19:54:02.726587
856,Gregg Williams,54,SC,2012-12-23,162,A,GROWING_DIGITAL,4318.26,100.0,1,1.0,42717.73,0.0,0.0,36.0,13981.63,6233.1,GROCERY,36.11000000000001,0.0,LOW,0.0,N,Y,N,N,MASTER_V1.5,2026-06-29,2026-06-29 19:54:02.726587
871,Cody Stanley,50,MH,2021-12-10,54,A,GROWING_DIGITAL,1426.77,100.0,1,1.0,38896.57,0.0,0.0,65.0,14258.3,-2571.3899999999994,RESTAURANT,38.46000000000001,6.82,LOW,0.0,N,Y,N,N,MASTER_V1.5,2026-06-29,2026-06-29 19:54:02.726587
888,Cheryl Lopez,37,PR,2013-01-31,161,A,PREMIUM_WEALTH,18473.67,100.0,4,4.0,96213.93,15000.0,54.85,219.0,50888.22,-3397.8800000000047,RETAIL,34.24474885844749,22.0,MODERATE,0.0,N,N,N,N,MASTER_V1.5,2026-06-29,2026-06-29 19:54:02.726587
889,Stephen Harrington,23,ND,2017-05-08,109,A,PREMIUM_WEALTH,5940.98,100.0,2,2.0,54224.56,15000.0,59.02,91.0,23445.52,-6362.529999999999,TRAVEL,30.776373626373626,15.0,LOW,0.0,N,N,N,N,MASTER_V1.5,2026-06-29,2026-06-29 19:54:02.726587
899,Kaitlyn Evans,57,AL,2021-12-07,54,A,GROWING_DIGITAL,1299.68,100.0,1,1.0,15172.34,0.0,0.0,55.0,18866.44,-17257.829999999998,GROCERY,38.18,33.43,MODERATE,0.0,N,Y,N,N,MASTER_V1.5,2026-06-29,2026-06-29 19:54:02.726587
904,Timothy Duncan,77,AL,2016-09-29,117,A,GROWING_DIGITAL,6695.59,100.0,2,2.0,93475.5,0.0,0.0,126.0,25680.77,8744.560000000001,RESTAURANT,42.059999999999995,36.96,MODERATE,0.0,N,N,N,N,MASTER_V1.5,2026-06-29,2026-06-29 19:54:02.726587
915,Kimberly Berg,68,GA,2020-09-30,69,A,GROWING_DIGITAL,3236.66,100.0,2,2.0,11868.29,2000.0,7.61,128.0,8626.62,-1955.840000000001,HEALTHCARE,39.84578125,13.03,LOW,0.0,N,N,N,N,MASTER_V1.5,2026-06-29,2026-06-29 19:54:02.726587
962,Jeffrey Singh,85,MP,2015-03-01,135,A,ENGAGED_MAINSTREAM,14866.88,100.0,4,4.0,60627.32,10000.0,58.58,153.0,49660.32,-32165.48,RETAIL,33.33071895424837,18.27,LOW,0.0,N,N,N,N,MASTER_V1.5,2026-06-29,2026-06-29 19:54:02.726587
967,Charles Smith,26,AL,2012-08-18,166,A,PREMIUM_WEALTH,19378.89,100.0,4,4.0,117480.9,10000.0,94.31,180.0,49113.509999999995,-19374.249999999993,TRAVEL,41.66366666666667,15.87,LOW,0.0,N,N,N,N,MASTER_V1.5,2026-06-29,2026-06-29 19:54:02.726587
990,Benjamin Armstrong,74,NC,2020-11-18,67,A,ENGAGED_MAINSTREAM,3465.15,100.0,2,2.0,31061.46,10000.0,35.65,80.0,12671.27,-9715.3,TRAVEL,52.50125000000001,17.63,LOW,0.0,N,N,N,N,MASTER_V1.5,2026-06-29,2026-06-29 19:54:02.726587
993,Christopher Cole,41,AZ,2015-09-20,129,A,GROWING_DIGITAL,3516.26,100.0,1,1.0,54346.22,0.0,0.0,56.0,12494.61,-10490.82,HEALTHCARE,46.43,24.55,MODERATE,0.0,N,Y,N,N,MASTER_V1.5,2026-06-29,2026-06-29 19:54:02.726587
996,Jennifer Cooper,41,MI,2015-06-09,132,A,GROWING_DIGITAL,11272.35,100.0,3,3.0,88098.64,5000.0,0.44,87.0,30817.719999999998,4560.2199999999975,TRAVEL,35.635977011494255,16.73,LOW,0.0,N,N,N,N,MASTER_V1.5,2026-06-29,2026-06-29 19:54:02.726587
1001,David Munoz,77,NJ,2018-09-07,93,A,ENGAGED_MAINSTREAM,8302.64,100.0,3,3.0,147772.33,0.0,0.0,135.0,28285.78,-10332.689999999999,RETAIL,39.25599999999999,17.45,LOW,0.0,N,N,N,N,MASTER_V1.5,2026-06-29,2026-06-29 19:54:02.726587
1010,Eric Pearson,64,WV,2016-11-23,115,A,ENGAGED_MAINSTREAM,13504.21,100.0,4,4.0,125843.41,10000.0,39.28,175.0,63875.67,-19505.979999999996,UTILITIES,39.429257142857146,9.92,LOW,0.0,N,N,N,N,MASTER_V1.5,2026-06-29,2026-06-29 19:54:02.726587
1014,Maxwell Thornton,68,MN,2016-01-24,125,A,GROWING_DIGITAL,3423.81,100.0,1,1.0,57307.15,0.0,0.0,40.0,12137.69,-8996.42,RETAIL,40.0,9.91,LOW,0.0,N,Y,N,N,MASTER_V1.5,2026-06-29,2026-06-29 19:54:02.726587
1018,Tamara Smith,38,MI,2013-11-20,151,A,GROWING_DIGITAL,8603.03,100.0,2,2.0,88852.69,0.0,0.0,101.0,6904.8099999999995,-1960.0699999999997,RESTAURANT,40.59257425742575,22.6,MODERATE,0.0,N,N,N,N,MASTER_V1.5,2026-06-29,2026-06-29 19:54:02.726587
1022,Sonya Wilkins,37,MI,2020-05-27,73,A,PREMIUM_WEALTH,6619.23,100.0,3,3.0,178065.87,0.0,0.0,162.0,48349.490000000005,2769.279999999999,INSURANCE,33.3325925925926,12.25,LOW,0.0,N,N,N,N,MASTER_V1.5,2026-06-29,2026-06-29 19:54:02.726587
1035,Susan Ellis,33,IN,2022-10-16,44,A,GROWING_DIGITAL,1193.05,100.0,1,1.0,51321.55,0.0,0.0,65.0,29082.56,-9790.220000000001,HEALTHCARE,44.61999999999999,16.11,LOW,0.0,N,Y,N,N,MASTER_V1.5,2026-06-29,2026-06-29 19:54:02.726587
1036,Anthony Wilson,54,SC,2020-03-30,75,A,GROWING_DIGITAL,1829.05,100.0,1,1.0,17238.99,0.0,0.0,69.0,17673.41,5416.049999999999,HEALTHCARE,37.68,10.64,LOW,0.0,N,Y,N,N,MASTER_V1.5,2026-06-29,2026-06-29 19:54:02.726587
1060,Gregory Porter,75,NY,2023-07-06,35,A,ENGAGED_MAINSTREAM,4210.79,100.0,4,4.0,167851.57,10000.0,72.11,250.0,40876.56,-876.3099999999977,INSURANCE,39.600159999999995,22.27,MODERATE,0.0,N,N,N,N,MASTER_V1.5,2026-06-29,2026-06-29 19:54:02.726587
1073,Deanna Nelson,65,KS,2015-06-25,132,A,ENGAGED_MAINSTREAM,7049.77,100.0,2,2.0,43541.66,10000.0,63.8,77.0,12788.900000000001,3128.1899999999987,RETAIL,48.05103896103896,9.0,LOW,0.0,N,N,N,N,MASTER_V1.5,2026-06-29,2026-06-29 19:54:02.726587
1076,Shelby Haynes,36,NH,2021-05-14,61,A,GROWING_DIGITAL,2884.18,100.0,2,2.0,12788.95,0.0,0.0,84.0,4444.59,108.06999999999971,RETAIL,42.85904761904762,19.91,LOW,0.0,N,N,N,N,MASTER_V1.5,2026-06-29,2026-06-29 19:54:02.726587
1086,Kyle Reed,50,AZ,2021-01-11,65,A,CREDIT_DEPENDENT,7274.03,50.0,4,2.0,72462.29,2000.0,16.59,170.0,47789.53,-21252.53,RETAIL,38.23647058823529,31.91,MODERATE,0.0,N,N,N,N,MASTER_V1.5,2026-06-29,2026-06-29 19:54:02.726587
1095,Gail Mitchell,24,MT,2023-07-16,35,A,VALUE_BASIC,814.64,100.0,1,1.0,11049.99,0.0,0.0,58.0,2912.03,26364.82,GROCERY,29.310000000000002,23.45,MODERATE,0.0,N,Y,N,N,MASTER_V1.5,2026-06-29,2026-06-29 19:54:02.726587
1111,Michelle Robinson,72,OR,2024-09-24,21,A,GROWING_DIGITAL,530.86,100.0,1,1.0,24627.14,0.0,0.0,45.0,11921.97,-9677.8,RESTAURANT,37.78,13.0,LOW,0.0,N,Y,N,N,MASTER_V1.5,2026-06-29,2026-06-29 19:54:02.726587
1115,Eric Davis,60,ID,2012-10-28,164,A,GROWING_DIGITAL,8060.5,100.0,2,2.0,18580.71,2000.0,9.41,109.0,24229.870000000003,-18954.61,GROCERY,41.281743119266054,9.45,LOW,0.0,N,N,N,N,MASTER_V1.5,2026-06-29,2026-06-29 19:54:02.726587
1125,Dana Gray,60,PA,2011-07-02,179,A,GROWING_DIGITAL,9637.27,100.0,2,2.0,47472.13,15000.0,37.09,111.0,6042.299999999999,5596.27,UTILITIES,36.03270270270271,11.45,LOW,0.0,N,N,N,N,MASTER_V1.5,2026-06-29,2026-06-29 19:54:02.726587
1142,Elizabeth Andrade,61,AZ,2018-05-02,97,A,ENGAGED_MAINSTREAM,11354.83,100.0,4,4.0,121298.51,15000.0,71.41,133.0,28032.59,-21823.37,RESTAURANT,35.33473684210527,17.55,LOW,0.0,N,N,N,N,MASTER_V1.5,2026-06-29,2026-06-29 19:54:02.726587
1164,Sean Larson,36,MH,2017-05-08,109,A,PREMIUM_WEALTH,13006.29,100.0,4,4.0,152111.97,15000.0,34.52,167.0,28703.53,-15780.539999999999,UTILITIES,38.320119760479045,29.91,MODERATE,0.0,N,N,N,N,MASTER_V1.5,2026-06-29,2026-06-29 19:54:02.726587
1175,Katherine Farrell,72,MO,2017-01-24,113,A,ENGAGED_MAINSTREAM,12891.21,100.0,4,4.0,90052.68,25000.0,23.04,161.0,43298.22,-16360.39,UTILITIES,40.994347826086965,5.45,LOW,0.0,N,N,N,N,MASTER_V1.5,2026-06-29,2026-06-29 19:54:02.726587
1205,Kathryn Salazar,78,PR,2014-03-31,147,A,ENGAGED_MAINSTREAM,13044.38,100.0,3,3.0,137535.26,0.0,0.0,127.0,23955.5,-19202.66,RESTAURANT,41.72889763779528,17.18,LOW,0.0,N,N,N,N,MASTER_V1.5,2026-06-29,2026-06-29 19:54:02.726587
1211,Vanessa Todd,57,ND,2022-07-26,47,A,ENGAGED_MAINSTREAM,3982.98,100.0,3,3.0,80758.98,25000.0,47.59,83.0,4872.7,5552.46,RETAIL,30.116024096385548,4.48,LOW,0.0,N,N,N,N,MASTER_V1.5,2026-06-29,2026-06-29 19:54:02.726587
1220,Maria Murray,58,WY,2016-01-13,125,A,GROWING_DIGITAL,11318.71,100.0,3,3.0,175131.75,0.0,0.0,103.0,32332.190000000002,-28315.850000000002,TRAVEL,30.09611650485437,23.36,MODERATE,0.0,N,N,N,N,MASTER_V1.5,2026-06-29,2026-06-29 19:54:02.726587
1228,Patrick Moody,61,VA,2019-04-22,86,A,ENGAGED_MAINSTREAM,6832.5,100.0,3,3.0,39855.5,2000.0,48.91,135.0,8800.36,5865.889999999999,RESTAURANT,37.77874074074074,17.67,LOW,0.0,N,N,N,N,MASTER_V1.5,2026-06-29,2026-06-29 19:54:02.726587
1247,Daniel Blair,38,OR,2020-08-15,70,A,PREMIUM_WEALTH,6059.44,66.67,3,2.0,102928.9,25000.0,42.94,99.0,15312.56,1972.7800000000007,TRAVEL,40.405050505050504,0.64,LOW,0.0,N,N,N,N,MASTER_V1.5,2026-06-29,2026-06-29 19:54:02.726587
1248,Timothy Barker,43,MO,2026-03-21,3,A,GROWING_DIGITAL,80.73,100.0,1,1.0,47293.02,0.0,0.0,55.0,2211.28,2560.2499999999995,GAS_STATION,38.18,33.73,MODERATE,0.0,N,Y,N,N,MASTER_V1.5,2026-06-29,2026-06-29 19:54:02.726587
1250,Wanda Gomez,64,CO,2019-04-30,86,A,ENGAGED_MAINSTREAM,7640.63,100.0,3,3.0,139516.37,10000.0,55.87,115.0,46727.09,-35643.96,RETAIL,39.99852173913043,12.55,LOW,0.0,N,N,N,N,MASTER_V1.5,2026-06-29,2026-06-29 19:54:02.726587
1262,Robert Newton,63,MN,2023-03-09,39,A,GROWING_DIGITAL,982.66,100.0,1,1.0,23826.67,0.0,0.0,20.0,2557.3,-1929.96,GAS_STATION,40.0,2.45,LOW,0.0,N,Y,N,N,MASTER_V1.5,2026-06-29,2026-06-29 19:54:02.726587
1284,Christina Morgan,69,SD,2012-07-21,167,A,GROWING_DIGITAL,4019.39,100.0,1,1.0,15173.2,0.0,0.0,38.0,14558.89,4417.860000000001,GROCERY,39.47,5.27,LOW,0.0,N,Y,N,N,MASTER_V1.5,2026-06-29,2026-06-29 19:54:02.726587
1320,Tommy Kim,84,NM,2022-04-02,50,A,ENGAGED_MAINSTREAM,4070.27,100.0,3,3.0,51743.66,2000.0,80.4,120.0,14091.81,5743.24,RETAIL,42.50241666666666,20.09,MODERATE,0.0,N,N,N,N,MASTER_V1.5,2026-06-29,2026-06-29 19:54:02.726587
1344,Kaylee Young,52,CO,2026-04-25,2,A,GROWING_DIGITAL,180.22,100.0,3,3.0,165150.11,0.0,0.0,130.0,21003.0,6245.579999999998,RETAIL,45.38123076923078,12.64,LOW,0.0,N,N,N,N,MASTER_V1.5,2026-06-29,2026-06-29 19:54:02.726587
1352,Samantha Garrison,21,NE,2017-12-06,102,A,PREMIUM_WEALTH,8799.49,100.0,3,3.0,98972.62,2000.0,14.48,134.0,37151.16,-7043.0400000000045,GROCERY,39.54985074626865,0.0,LOW,0.0,N,N,N,N,MASTER_V1.5,2026-06-29,2026-06-29 19:54:02.726587
1353,Corey Pena,63,UT,2015-06-23,132,A,CREDIT_DEPENDENT,3678.72,0.0,1,0.0,69398.66,0.0,0.0,48.0,9259.5,-8249.36,RETAIL,45.84000000000001,19.8,LOW,0.0,N,N,N,Y,MASTER_V1.5,2026-06-29,2026-06-29 19:54:02.726587
1366,Marvin Brown,33,TN,2017-03-14,111,A,GROWING_DIGITAL,2699.69,100.0,1,1.0,16790.96,0.0,0.0,51.0,26944.66,-25298.51,RETAIL,45.099999999999994,24.55,MODERATE,0.0,N,Y,N,N,MASTER_V1.5,2026-06-29,2026-06-29 19:54:02.726587
1378,Susan Davis,58,MH,2020-12-03,66,A,VALUE_BASIC,1317.56,100.0,1,1.0,2937.25,10000.0,29.37,56.0,2551.29,8156.53,RETAIL,33.93,27.82,MODERATE,0.0,N,Y,Y,N,MASTER_V1.5,2026-06-29,2026-06-29 19:54:02.726587
1387,Lindsay Contreras,82,AZ,2013-04-03,158,A,GROWING_DIGITAL,4293.01,100.0,1,1.0,52490.1,0.0,0.0,21.0,903.48,12532.69,UTILITIES,28.57,2.0,LOW,0.0,N,Y,N,N,MASTER_V1.5,2026-06-29,2026-06-29 19:54:02.726587
1392,Stephen Jackson,64,SC,2023-05-01,37,A,ENGAGED_MAINSTREAM,4217.93,100.0,4,4.0,89306.0,15000.0,98.49,99.0,29493.84,-1511.9900000000016,RETAIL,34.34151515151515,8.55,LOW,0.0,N,N,N,N,MASTER_V1.5,2026-06-29,2026-06-29 19:54:02.726587
1398,Robert Horton,77,NC,2013-08-06,154,A,ENGAGED_MAINSTREAM,17560.42,100.0,4,4.0,89578.59,2000.0,63.81,213.0,61768.46000000001,-32736.97000000001,TRAVEL,41.31474178403756,25.98,MODERATE,0.0,N,N,N,N,MASTER_V1.5,2026-06-29,2026-06-29 19:54:02.726587
1421,James Martinez,43,MH,2026-01-16,5,A,GROWING_DIGITAL,135.39,100.0,1,1.0,50573.8,0.0,0.0,75.0,4979.82,4580.5599999999995,RETAIL,37.33,14.09,LOW,0.0,N,Y,N,N,MASTER_V1.5,2026-06-29,2026-06-29 19:54:02.726587
1427,Jessica Fitzgerald,29,NM,2015-08-28,130,A,PREMIUM_WEALTH,11006.54,66.67,3,2.0,79917.98,0.0,0.0,144.0,47397.15,-34157.96000000001,RESTAURANT,40.97277777777777,16.27,LOW,0.0,N,N,N,N,MASTER_V1.5,2026-06-29,2026-06-29 19:54:02.726587
1429,Ashley Smith,45,PR,2013-09-17,153,A,GROWING_DIGITAL,8368.32,100.0,2,2.0,56329.6,0.0,0.0,104.0,25518.32,14504.650000000001,RETAIL,38.4625,11.72,LOW,0.0,N,N,N,N,MASTER_V1.5,2026-06-29,2026-06-29 19:54:02.726587
1431,Timothy Yates,83,AS,2019-06-01,84,A,CREDIT_DEPENDENT,1885.9,0.0,1,0.0,7946.24,0.0,0.0,62.0,22500.39,-10291.859999999999,HEALTHCARE,43.55,9.0,LOW,0.0,N,N,Y,Y,MASTER_V1.5,2026-06-29,2026-06-29 19:54:02.726587
1436,Kelsey Sawyer,83,DE,2018-04-11,98,A,GROWING_DIGITAL,2733.96,100.0,1,1.0,70194.66,0.0,0.0,73.0,11438.72,-7582.23,TRAVEL,39.730000000000004,25.27,MODERATE,0.0,N,Y,N,N,MASTER_V1.5,2026-06-29,2026-06-29 19:54:02.726587
1439,Ronald Nelson,63,PR,2011-12-24,174,A,GROWING_DIGITAL,4736.57,100.0,1,1.0,53565.33,0.0,0.0,73.0,17270.23,-8180.82,GAS_STATION,42.47,10.45,LOW,0.0,N,Y,N,N,MASTER_V1.5,2026-06-29,2026-06-29 19:54:02.726587
1443,Michael Thompson,61,RI,2020-09-22,69,A,GROWING_DIGITAL,1816.12,100.0,1,1.0,37356.25,0.0,0.0,65.0,4736.67,9988.55,GROCERY,32.31,16.64,LOW,0.0,N,Y,N,N,MASTER_V1.5,2026-06-29,2026-06-29 19:54:02.726587
1447,Michael Adams,35,NC,2014-11-08,139,A,PREMIUM_WEALTH,11678.5,100.0,3,3.0,73306.31,15000.0,32.99,131.0,23007.010000000002,-2875.2100000000028,TRAVEL,36.64267175572519,20.09,MODERATE,0.0,N,N,N,N,MASTER_V1.5,2026-06-29,2026-06-29 19:54:02.726587
1457,Bryan Wiggins,42,AS,2015-11-03,127,A,GROWING_DIGITAL,6901.33,100.0,2,2.0,52482.51,2000.0,36.47,96.0,31383.059999999998,-8088.759999999998,GROCERY,40.62333333333334,6.45,LOW,0.0,N,N,N,N,MASTER_V1.5,2026-06-29,2026-06-29 19:54:02.726587
1474,Jessica Mccullough,55,AR,2021-10-09,56,A,ENGAGED_MAINSTREAM,4915.44,66.67,3,2.0,120984.39,25000.0,51.39,127.0,11629.659999999998,16065.740000000003,GROCERY,38.58149606299213,37.09,MODERATE,0.0,N,N,N,N,MASTER_V1.5,2026-06-29,2026-06-29 19:54:02.726587
1476,Christopher Brown,29,TX,2018-02-22,100,A,PREMIUM_WEALTH,11796.08,100.0,4,4.0,132731.05,5000.0,86.57,188.0,42710.03,-33711.07,TRAVEL,30.85148936170212,1.36,LOW,0.0,N,N,N,N,MASTER_V1.5,2026-06-29,2026-06-29 19:54:02.726587
1480,Sherry Kerr,64,IN,2020-07-08,71,A,VALUE_BASIC,1238.02,100.0,1,1.0,1069.31,0.0,0.0,59.0,11582.53,13678.289999999999,UTILITIES,30.5,7.09,LOW,0.0,N,Y,Y,N,MASTER_V1.5,2026-06-29,2026-06-29 19:54:02.726587
1489,Jennifer Fischer,57,NJ,2019-10-13,80,A,ENGAGED_MAINSTREAM,9408.28,100.0,4,4.0,128072.71,10000.0,73.45,177.0,41988.14,-15084.029999999999,TRAVEL,39.54870056497175,35.65,MODERATE,0.0,N,N,N,N,MASTER_V1.5,2026-06-29,2026-06-29 19:54:02.726587
1492,Anthony Smith,48,MT,2018-05-28,97,A,PREMIUM_WEALTH,7688.25,66.67,3,2.0,38872.26,15000.0,72.32,112.0,55520.33,-20399.739999999998,GROCERY,45.534642857142856,14.55,LOW,0.0,N,N,N,N,MASTER_V1.5,2026-06-29,2026-06-29 19:54:02.726587
1493,Mary Kennedy,67,PA,2025-10-02,8,A,GROWING_DIGITAL,223.33,100.0,1,1.0,70722.35,0.0,0.0,37.0,2674.87,-1525.28,GROCERY,35.13,24.18,MODERATE,0.0,N,Y,N,N,MASTER_V1.5,2026-06-29,2026-06-29 19:54:02.726587
1501,Michael Roberts,57,VT,2025-02-05,16,A,GROWING_DIGITAL,375.14,100.0,1,1.0,11831.89,0.0,0.0,23.0,10529.94,-10005.77,RETAIL,52.17,3.55,LOW,0.0,N,Y,N,N,MASTER_V1.5,2026-06-29,2026-06-29 19:54:02.726587
1504,Gail Turner,27,MH,2023-10-29,32,A,VALUE_BASIC,498.86,100.0,1,1.0,510.69,5000.0,10.21,67.0,2512.79,9259.310000000001,RESTAURANT,46.269999999999996,40.0,ELEVATED,0.0,N,Y,N,N,MASTER_V1.5,2026-06-29,2026-06-29 19:54:02.726587
1519,Elizabeth Webster,68,SD,2012-06-23,168,A,ENGAGED_MAINSTREAM,19914.48,100.0,4,4.0,140625.34,10000.0,39.97,136.0,15487.49,12930.83,RESTAURANT,38.97308823529412,17.33,LOW,0.0,N,N,N,N,MASTER_V1.5,2026-06-29,2026-06-29 19:54:02.726587
1521,Christopher Singleton,73,NE,2016-09-25,117,A,ENGAGED_MAINSTREAM,6328.82,100.0,2,2.0,49936.2,25000.0,33.03,48.0,2316.92,7807.339999999998,UTILITIES,25.005000000000006,10.04,LOW,0.0,N,N,N,N,MASTER_V1.5,2026-06-29,2026-06-29 19:54:02.726587
1532,Caroline Collins,77,NH,2015-09-21,129,A,GROWING_DIGITAL,3542.18,100.0,1,1.0,58895.05,0.0,0.0,16.0,11204.97,-10477.099999999999,RETAIL,43.75,18.18,LOW,0.0,N,Y,N,N,MASTER_V1.5,2026-06-29,2026-06-29 19:54:02.726587
1539,Brooke Ewing,20,OH,2016-07-17,119,A,GROWING_DIGITAL,3146.73,100.0,1,1.0,39232.29,0.0,0.0,21.0,13909.74,-12736.75,RETAIL,28.57,30.27,MODERATE,0.0,N,Y,N,N,MASTER_V1.5,2026-06-29,2026-06-29 19:54:02.726587
1557,Christina Gomez,52,UT,2025-12-22,6,A,ENGAGED_MAINSTREAM,511.99,66.67,3,2.0,87329.72,0.0,0.0,105.0,27153.97,-16908.28,RESTAURANT,37.14342857142857,14.27,LOW,0.0,N,N,N,N,MASTER_V1.5,2026-06-29,2026-06-29 19:54:02.726587
1561,Donna Wright,61,WI,2016-09-24,117,A,ENGAGED_MAINSTREAM,14110.67,75.0,4,3.0,172888.67,25000.0,84.12,228.0,55453.64,-20803.819999999992,UTILITIES,39.91368421052631,11.73,LOW,0.0,N,N,N,N,MASTER_V1.5,2026-06-29,2026-06-29 19:54:02.726587
1567,Matthew Shaw,78,UT,2021-07-24,59,A,GROWING_DIGITAL,2794.4,100.0,2,2.0,12998.0,0.0,0.0,89.0,8271.71,-5055.74,GAS_STATION,41.58033707865168,9.19,LOW,0.0,N,N,N,N,MASTER_V1.5,2026-06-29,2026-06-29 19:54:02.726587
1570,Karl Williams,29,AL,2019-06-26,84,A,GROWING_DIGITAL,4194.74,100.0,2,2.0,21752.36,0.0,0.0,73.0,27376.14,-23819.08,GROCERY,38.35534246575343,8.55,LOW,0.0,N,N,N,N,MASTER_V1.5,2026-06-29,2026-06-29 19:54:02.726587
1573,Thomas Clark,80,VI,2023-06-11,36,A,ENGAGED_MAINSTREAM,1907.9,100.0,2,2.0,40112.47,2000.0,94.23,71.0,3162.7999999999997,2249.7000000000003,GROCERY,39.440704225352114,7.09,LOW,0.0,N,N,N,N,MASTER_V1.5,2026-06-29,2026-06-29 19:54:02.726587
1575,James Morales,56,NC,2019-07-19,83,A,GROWING_DIGITAL,2156.7,100.0,1,1.0,32654.99,0.0,0.0,60.0,11273.31,4819.68,ENTERTAINMENT,31.66,23.74,MODERATE,0.0,N,Y,N,N,MASTER_V1.5,2026-06-29,2026-06-29 19:54:02.726587
1582,Lucas Greer,65,AK,2017-12-26,102,A,ENGAGED_MAINSTREAM,8378.91,100.0,3,3.0,57115.2,5000.0,31.3,143.0,32378.98,-17963.36,TRAVEL,34.26496503496504,18.97,LOW,0.0,N,N,N,N,MASTER_V1.5,2026-06-29,2026-06-29 19:54:02.726587
1596,Kaitlin Young,46,CA,2017-04-22,110,A,PREMIUM_WEALTH,12180.1,100.0,4,4.0,64397.02,2000.0,52.77,142.0,35781.3,-9441.280000000002,RETAIL,38.028169014084504,15.28,LOW,0.0,N,N,N,N,MASTER_V1.5,2026-06-29,2026-06-29 19:54:02.726587
1605,Michelle Mathews,31,PW,2013-04-24,158,A,GROWING_DIGITAL,8644.11,100.0,2,2.0,56495.44,5000.0,19.41,83.0,14760.75,-8666.49,RESTAURANT,36.14987951807229,18.09,LOW,0.0,N,N,N,N,MASTER_V1.5,2026-06-29,2026-06-29 19:54:02.726587
1613,Lisa Rojas,61,DC,2020-06-21,72,A,ENGAGED_MAINSTREAM,6318.26,100.0,3,3.0,120628.78,10000.0,36.95,138.0,43950.100000000006,-23915.270000000004,RETAIL,42.756884057971014,21.47,MODERATE,0.0,N,N,N,N,MASTER_V1.5,2026-06-29,2026-06-29 19:54:02.726587
1626,Ryan Mora,77,NM,2022-03-18,51,A,ENGAGED_MAINSTREAM,5972.98,100.0,4,4.0,121993.4,25000.0,88.66,155.0,27378.06,23222.100000000002,GROCERY,40.00129032258065,1.18,LOW,0.0,N,N,N,N,MASTER_V1.5,2026-06-29,2026-06-29 19:54:02.726587
1632,Mike Sutton,44,CT,2025-01-10,17,A,GROWING_DIGITAL,879.04,100.0,2,2.0,30997.64,0.0,0.0,99.0,25355.54,-12553.710000000001,RESTAURANT,35.35,24.24,MODERATE,0.0,N,N,N,N,MASTER_V1.5,2026-06-29,2026-06-29 19:54:02.726587
1638,Christine Turner,82,AL,2015-04-11,134,A,GROWING_DIGITAL,3701.62,100.0,1,1.0,62920.23,0.0,0.0,57.0,11344.79,-9631.880000000001,EDUCATION,36.85000000000001,5.82,LOW,0.0,N,Y,N,N,MASTER_V1.5,2026-06-29,2026-06-29 19:54:02.726587
1647,Brian Hernandez,41,KY,2023-05-26,37,A,VALUE_BASIC,803.78,100.0,1,1.0,5940.03,0.0,0.0,52.0,9699.89,1094.2200000000012,GAS_STATION,42.309999999999995,17.36,LOW,0.0,N,Y,Y,N,MASTER_V1.5,2026-06-29,2026-06-29 19:54:02.726587
1670,Lisa Austin,57,MP,2022-10-11,44,A,ENGAGED_MAINSTREAM,3833.09,100.0,3,3.0,110795.16,5000.0,68.09,193.0,46200.16,-32381.460000000003,RESTAURANT,31.60476683937824,14.45,LOW,0.0,N,N,N,N,MASTER_V1.5,2026-06-29,2026-06-29 19:54:02.726587
1674,Tim Hernandez,56,SC,2025-01-09,17,A,ENGAGED_MAINSTREAM,1775.15,100.0,4,4.0,34270.51,5000.0,31.46,169.0,40273.15,-24659.31,RESTAURANT,38.462603550295846,29.55,MODERATE,0.0,N,N,N,N,MASTER_V1.5,2026-06-29,2026-06-29 19:54:02.726587
1680,Christopher Mcdowell,73,NM,2017-05-09,109,A,GROWING_DIGITAL,6047.98,100.0,2,2.0,65987.34,2000.0,27.74,111.0,48862.799999999996,-33802.84,TRAVEL,44.14621621621622,11.09,LOW,0.0,N,N,N,N,MASTER_V1.5,2026-06-29,2026-06-29 19:54:02.726587
1703,Maurice Hall,66,HI,2014-05-11,145,A,ENGAGED_MAINSTREAM,17466.11,50.0,4,2.0,170347.31,5000.0,38.71,236.0,58179.229999999996,-26487.449999999997,RESTAURANT,44.07008474576271,10.45,LOW,0.0,N,N,N,N,MASTER_V1.5,2026-06-29,2026-06-29 19:54:02.726587
1706,Marissa Nunez,37,OR,2025-10-22,8,A,PREMIUM_WEALTH,937.97,75.0,4,3.0,123573.87,25000.0,86.75,254.0,37880.18,16399.549999999996,TRAVEL,40.94637795275591,8.36,LOW,0.0,N,N,N,N,MASTER_V1.5,2026-06-29,2026-06-29 19:54:02.726587
1727,Robert Ortiz,70,ID,2023-06-14,36,A,ENGAGED_MAINSTREAM,4208.42,100.0,4,4.0,119377.78,5000.0,51.41,156.0,24985.48,1426.0499999999993,RESTAURANT,36.535512820512814,13.09,LOW,0.0,N,N,N,N,MASTER_V1.5,2026-06-29,2026-06-29 19:54:02.726587
1731,Katherine Keller,74,GA,2012-05-28,169,A,ENGAGED_MAINSTREAM,14134.38,100.0,3,3.0,69660.28,0.0,0.0,111.0,31248.510000000002,-21432.54,UTILITIES,39.63495495495496,12.18,LOW,0.0,N,N,N,N,MASTER_V1.5,2026-06-29,2026-06-29 19:54:02.726587
1732,Brian Welch,42,AL,2024-12-14,18,A,PREMIUM_WEALTH,2129.69,100.0,4,4.0,137531.94,15000.0,35.26,250.0,33798.18,-7721.0,WIRE_TRANSFER_INTL,31.999840000000003,20.77,MODERATE,0.0,N,N,N,N,MASTER_V1.5,2026-06-29,2026-06-29 19:54:02.726587
1739,Benjamin Cook,72,NJ,2015-12-28,126,A,ENGAGED_MAINSTREAM,6891.7,100.0,2,2.0,56343.02,10000.0,63.81,125.0,26192.97,27743.82,RESTAURANT,40.803200000000004,24.0,MODERATE,0.0,N,N,N,N,MASTER_V1.5,2026-06-29,2026-06-29 19:54:02.726587
1747,Vanessa Cunningham,19,NE,2023-07-04,35,A,PREMIUM_WEALTH,3084.12,100.0,3,3.0,126628.22,15000.0,93.38,115.0,33463.84,-11134.809999999998,RETAIL,43.47973913043478,33.82,MODERATE,0.0,N,N,N,N,MASTER_V1.5,2026-06-29,2026-06-29 19:54:02.726587
1749,Kristen Espinoza,62,OR,2015-09-26,129,A,ENGAGED_MAINSTREAM,14818.42,100.0,4,4.0,97455.44,25000.0,22.1,147.0,26996.83,-5435.560000000005,UTILITIES,34.693605442176874,31.09,MODERATE,0.0,N,N,N,N,MASTER_V1.5,2026-06-29,2026-06-29 19:54:02.726587
1761,Billy Hernandez,77,NM,2020-01-08,77,A,ENGAGED_MAINSTREAM,9210.58,100.0,4,4.0,156653.76,15000.0,51.97,138.0,39473.58,-11787.130000000001,RETAIL,37.67934782608695,13.25,LOW,0.0,N,N,N,N,MASTER_V1.5,2026-06-29,2026-06-29 19:54:02.726587
1770,Jesse Foster,40,ME,2017-08-08,106,A,PREMIUM_WEALTH,8985.05,100.0,3,3.0,80979.83,10000.0,58.41,106.0,33811.0,-17616.29,UTILITIES,30.18688679245283,26.0,MODERATE,0.0,N,N,N,N,MASTER_V1.5,2026-06-29,2026-06-29 19:54:02.726587
1781,Cory Jackson,68,MA,2013-03-14,159,A,CREDIT_DEPENDENT,13852.09,33.33,3,1.0,110858.04,0.0,0.0,138.0,35500.66,-23346.760000000002,RETAIL,36.22905797101449,17.0,LOW,0.0,N,N,N,Y,MASTER_V1.5,2026-06-29,2026-06-29 19:54:02.726587
1784,Peter Flores,83,NM,2012-05-12,169,A,GROWING_DIGITAL,9793.01,100.0,2,2.0,107943.54,0.0,0.0,50.0,11117.57,-8757.33,TRAVEL,44.001999999999995,16.0,LOW,0.0,N,N,N,N,MASTER_V1.5,2026-06-29,2026-06-29 19:54:02.726587
1785,Nicholas Carey,57,LA,2016-04-29,122,A,VALUE_BASIC,2496.54,100.0,1,1.0,3588.1,15000.0,23.92,51.0,16122.82,9986.71,GAS_STATION,43.14,10.18,LOW,0.0,N,Y,Y,N,MASTER_V1.5,2026-06-29,2026-06-29 19:54:02.726587
1791,Richard Miller,32,WV,2016-01-13,125,A,PREMIUM_WEALTH,14515.36,100.0,4,4.0,110446.34,25000.0,29.68,213.0,34690.22,-16445.63,RESTAURANT,36.148262910798124,2.56,LOW,0.0,N,N,N,N,MASTER_V1.5,2026-06-29,2026-06-29 19:54:02.726587
1793,Amanda Henderson,19,WI,2023-02-27,40,A,CREDIT_DEPENDENT,2143.93,50.0,2,1.0,45235.69,0.0,0.0,57.0,14200.59,-11336.82,RETAIL,43.86052631578947,23.22,MODERATE,0.0,N,N,N,N,MASTER_V1.5,2026-06-29,2026-06-29 19:54:02.726587
1803,Steve Greene,19,OR,2016-08-02,118,A,PREMIUM_WEALTH,13609.96,100.0,4,4.0,102115.89,5000.0,97.82,218.0,36757.14,-13553.689999999999,RESTAURANT,46.32844036697248,17.73,LOW,0.0,N,N,N,N,MASTER_V1.5,2026-06-29,2026-06-29 19:54:02.726587
1815,James Nicholson,38,GU,2014-08-11,142,A,GROWING_DIGITAL,3892.29,100.0,1,1.0,57767.7,0.0,0.0,64.0,14057.21,1464.3400000000001,GROCERY,31.25,14.73,LOW,0.0,N,Y,N,N,MASTER_V1.5,2026-06-29,2026-06-29 19:54:02.726587
1830,Brittany Sims,53,WA,2023-07-19,35,A,CREDIT_DEPENDENT,1935.14,50.0,2,1.0,63445.95,15000.0,91.31,51.0,3500.81,7243.860000000001,RESTAURANT,27.446666666666665,9.73,LOW,0.0,N,N,N,N,MASTER_V1.5,2026-06-29,2026-06-29 19:54:02.726587
1844,Robert Hardy,42,ND,2015-04-25,134,A,PREMIUM_WEALTH,10730.63,66.67,3,2.0,43358.03,10000.0,19.14,137.0,14645.4,14547.83,RETAIL,33.57583941605839,12.45,LOW,0.0,N,N,N,N,MASTER_V1.5,2026-06-29,2026-06-29 19:54:02.726587
1856,John Navarro,70,FL,2020-10-18,68,A,ENGAGED_MAINSTREAM,8195.33,100.0,4,4.0,171434.19,10000.0,55.24,233.0,12871.529999999999,20453.0,UTILITIES,39.05776824034336,26.18,MODERATE,0.0,N,N,N,N,MASTER_V1.5,2026-06-29,2026-06-29 19:54:02.726587
1877,Brandy Johnson,58,MO,2025-03-26,15,A,ENGAGED_MAINSTREAM,1240.04,100.0,3,3.0,61241.81,25000.0,10.6,149.0,10512.300000000001,16423.479999999996,RETAIL,30.199664429530205,22.8,MODERATE,0.0,N,N,N,N,MASTER_V1.5,2026-06-29,2026-06-29 19:54:02.726587
1880,Dennis Miller,60,WY,2019-09-14,81,A,ENGAGED_MAINSTREAM,6498.21,100.0,3,3.0,44206.93,10000.0,75.58,130.0,25521.31,-10155.820000000002,TRAVEL,42.308,21.64,MODERATE,0.0,N,N,N,N,MASTER_V1.5,2026-06-29,2026-06-29 19:54:02.726587
1888,Joshua Thornton,30,VT,2021-09-08,57,A,GROWING_DIGITAL,1374.11,100.0,1,1.0,15412.16,0.0,0.0,46.0,13931.19,-3594.5699999999997,UTILITIES,41.31,19.27,LOW,0.0,N,Y,N,N,MASTER_V1.5,2026-06-29,2026-06-29 19:54:02.726587
1891,Richard Carpenter,33,OR,2017-07-07,107,A,GROWING_DIGITAL,5850.62,100.0,2,2.0,56147.04,0.0,0.0,69.0,5184.32,-2556.5199999999995,GROCERY,33.33782608695652,18.82,LOW,0.0,N,N,N,N,MASTER_V1.5,2026-06-29,2026-06-29 19:54:02.726587
1901,Sandra Hernandez,83,NY,2023-03-17,39,A,GROWING_DIGITAL,1078.73,100.0,1,1.0,63825.32,0.0,0.0,30.0,28792.27,-27973.43,INSURANCE,40.0,11.91,LOW,0.0,N,Y,N,N,MASTER_V1.5,2026-06-29,2026-06-29 19:54:02.726587
1941,Nicole Robles,40,MT,2014-10-12,140,A,GROWING_DIGITAL,7378.85,100.0,2,2.0,37843.63,15000.0,5.24,84.0,16333.64,-1604.0699999999997,UTILITIES,45.23642857142857,21.45,MODERATE,0.0,N,N,N,N,MASTER_V1.5,2026-06-29,2026-06-29 19:54:02.726587
1943,Anna Lopez,78,MT,2016-05-15,121,A,ENGAGED_MAINSTREAM,10222.16,66.67,3,2.0,77970.81,0.0,0.0,128.0,27477.72,-22659.99,UTILITIES,44.533671875,15.59,LOW,0.0,N,N,N,N,MASTER_V1.5,2026-06-29,2026-06-29 19:54:02.726587
1959,Jocelyn Murphy,45,NV,2025-08-08,10,A,PREMIUM_WEALTH,1118.12,100.0,4,4.0,71769.38,5000.0,58.61,197.0,31407.3,-10365.990000000002,RETAIL,40.609086294416244,20.82,MODERATE,0.0,N,N,N,N,MASTER_V1.5,2026-06-29,2026-06-29 19:54:02.726587
1964,Patrick Morris,37,PA,2020-07-24,71,A,GROWING_DIGITAL,4195.39,100.0,2,2.0,135673.63,0.0,0.0,81.0,38092.95,-28306.51,UTILITIES,45.67654320987654,20.55,MODERATE,0.0,N,N,N,N,MASTER_V1.5,2026-06-29,2026-06-29 19:54:02.726587
1967,Marie Frederick,79,ME,2020-05-01,73,A,ENGAGED_MAINSTREAM,6341.77,100.0,3,3.0,107274.29,10000.0,7.29,65.0,13465.27,-9718.310000000001,RETAIL,23.079230769230772,19.0,LOW,0.0,N,N,N,N,MASTER_V1.5,2026-06-29,2026-06-29 19:54:02.726587
1970,Cynthia Nelson,66,AK,2018-03-06,99,A,VALUE_BASIC,2242.39,100.0,1,1.0,8605.64,0.0,0.0,72.0,13174.98,2115.6100000000006,RESTAURANT,34.730000000000004,13.27,LOW,0.0,N,Y,Y,N,MASTER_V1.5,2026-06-29,2026-06-29 19:54:02.726587
1975,Jessica Scott,45,UT,2013-10-08,152,A,PREMIUM_WEALTH,12719.29,66.67,3,2.0,70071.76,15000.0,17.15,141.0,33023.07,-14550.529999999999,RESTAURANT,39.71333333333333,21.91,MODERATE,0.0,N,N,N,N,MASTER_V1.5,2026-06-29,2026-06-29 19:54:02.726587
1981,Sandra Cruz,58,OK,2012-01-26,173,A,VALUE_BASIC,3373.78,100.0,1,1.0,2442.17,0.0,0.0,55.0,2433.29,376.6399999999999,RETAIL,32.73000000000001,27.55,MODERATE,0.0,N,Y,Y,N,MASTER_V1.5,2026-06-29,2026-06-29 19:54:02.726587
1988,Mckenzie Smith,45,SC,2025-09-09,9,A,GROWING_DIGITAL,491.28,100.0,2,2.0,55123.92,0.0,0.0,83.0,28081.25,-24049.35,GROCERY,28.91650602409639,3.36,LOW,0.0,N,N,N,N,MASTER_V1.5,2026-06-29,2026-06-29 19:54:02.726587
1994,Maxwell Thomas,42,FM,2023-01-29,41,A,GROWING_DIGITAL,2294.0,100.0,2,2.0,72420.49,0.0,0.0,99.0,17855.92,19957.1,RESTAURANT,42.42838383838384,6.27,LOW,0.0,N,N,N,N,MASTER_V1.5,2026-06-29,2026-06-29 19:54:02.726587
2005,Brandi Huerta,35,AK,2011-08-07,178,A,GROWING_DIGITAL,14972.21,100.0,3,3.0,74246.21,2000.0,0.87,117.0,35460.39,-13294.829999999998,RETAIL,35.89692307692307,0.27,LOW,0.0,N,N,N,N,MASTER_V1.5,2026-06-29,2026-06-29 19:54:02.726587
2008,Nathan Wu,62,LA,2017-11-24,103,A,ENGAGED_MAINSTREAM,5635.43,100.0,2,2.0,56533.55,10000.0,56.78,47.0,3673.8799999999997,3934.9500000000003,GROCERY,42.556595744680855,17.22,LOW,0.0,N,N,N,N,MASTER_V1.5,2026-06-29,2026-06-29 19:54:02.726587
2012,Carolyn Melton,26,UT,2013-07-24,155,A,VALUE_BASIC,3357.44,100.0,1,1.0,5792.81,10000.0,57.93,57.0,21288.35,9671.690000000002,RESTAURANT,35.089999999999996,21.55,MODERATE,0.0,N,Y,Y,N,MASTER_V1.5,2026-06-29,2026-06-29 19:54:02.726587
2031,Jill James,60,IN,2022-03-12,51,A,CREDIT_DEPENDENT,2928.01,50.0,2,1.0,96991.69,0.0,0.0,64.0,9383.099999999999,-6216.6799999999985,RESTAURANT,39.061249999999994,17.0,LOW,0.0,N,N,N,N,MASTER_V1.5,2026-06-29,2026-06-29 19:54:02.726587
2038,Carolyn Walker,32,MO,2019-03-31,87,A,GROWING_DIGITAL,2366.02,100.0,1,1.0,53011.84,0.0,0.0,18.0,12884.89,-11783.59,ENTERTAINMENT,55.55,0.82,LOW,0.0,N,Y,N,N,MASTER_V1.5,2026-06-29,2026-06-29 19:54:02.726587
2050,Allison Campbell,34,MO,2017-04-28,110,A,GROWING_DIGITAL,2903.26,100.0,1,1.0,38457.11,0.0,0.0,62.0,39379.68,-36693.19,GROCERY,38.709999999999994,11.34,LOW,0.0,N,Y,N,N,MASTER_V1.5,2026-06-29,2026-06-29 19:54:02.726587
2058,Terri White,23,FL,2012-12-03,162,A,PREMIUM_WEALTH,18778.78,75.0,4,3.0,108211.22,10000.0,77.95,140.0,16612.769999999997,-8991.679999999997,TRAVEL,39.2825,9.45,LOW,0.0,N,N,N,N,MASTER_V1.5,2026-06-29,2026-06-29 19:54:02.726587
2060,Richard Johnson,20,MP,2020-11-04,67,A,PREMIUM_WEALTH,7503.44,75.0,4,3.0,73069.86,10000.0,20.34,213.0,49653.909999999996,-30834.829999999994,RETAIL,39.44051643192489,10.54,LOW,0.0,N,N,N,N,MASTER_V1.5,2026-06-29,2026-06-29 19:54:02.726587
2082,Kevin Wall,69,WA,2014-04-18,146,A,ENGAGED_MAINSTREAM,17135.58,100.0,4,4.0,125079.01,5000.0,8.71,226.0,41027.45,240.08000000000175,RETAIL,36.280309734513274,34.85,MODERATE,0.0,N,N,N,N,MASTER_V1.5,2026-06-29,2026-06-29 19:54:02.726587
2086,Heather Herrera,68,DE,2017-11-01,103,A,CREDIT_DEPENDENT,5725.93,50.0,2,1.0,67393.79,10000.0,64.09,64.0,15555.58,-12043.81,TRAVEL,59.3725,22.11,MODERATE,0.0,N,N,N,N,MASTER_V1.5,2026-06-29,2026-06-29 19:54:02.726587
2087,Wanda Terry,80,OK,2022-06-03,48,A,GROWING_DIGITAL,1282.05,100.0,1,1.0,43641.42,0.0,0.0,50.0,13218.85,-9771.5,ENTERTAINMENT,40.0,18.0,LOW,0.0,N,Y,N,N,MASTER_V1.5,2026-06-29,2026-06-29 19:54:02.726587
2088,Diane Hoover,72,MA,2017-01-15,113,A,ENGAGED_MAINSTREAM,10081.2,100.0,3,3.0,146564.79,15000.0,87.55,138.0,28805.85,-16119.539999999999,GROCERY,40.58166666666667,28.49,MODERATE,0.0,N,N,N,N,MASTER_V1.5,2026-06-29,2026-06-29 19:54:02.726587
2090,Cassandra Jones,56,NE,2011-11-17,175,A,GROWING_DIGITAL,4755.86,100.0,1,1.0,52603.57,0.0,0.0,35.0,2037.64,10260.880000000001,GROCERY,42.86,11.91,LOW,0.0,N,Y,N,N,MASTER_V1.5,2026-06-29,2026-06-29 19:54:02.726587
2093,Alejandro Bennett,27,WI,2014-11-10,139,A,VALUE_BASIC,2268.96,100.0,1,1.0,684.98,2000.0,34.25,51.0,2600.54,1254.2400000000002,RESTAURANT,31.369999999999997,21.55,MODERATE,0.0,N,Y,N,N,MASTER_V1.5,2026-06-29,2026-06-29 19:54:02.726587
2094,Daniel Frost,20,GU,2017-02-20,112,A,CREDIT_DEPENDENT,5838.75,50.0,2,1.0,33736.65,15000.0,56.42,80.0,20794.420000000002,-2292.170000000002,RETAIL,37.4965,22.01,MODERATE,0.0,N,N,N,N,MASTER_V1.5,2026-06-29,2026-06-29 19:54:02.726587
2097,Peggy Jackson,48,TN,2020-07-21,71,A,GROWING_DIGITAL,4128.43,100.0,2,2.0,112349.84,0.0,0.0,100.0,36884.29,-22714.260000000002,GAS_STATION,39.0013,5.18,LOW,0.0,N,N,N,N,MASTER_V1.5,2026-06-29,2026-06-29 19:54:02.726587
2105,Nicole Cervantes,56,IA,2025-07-16,11,A,GROWING_DIGITAL,604.72,100.0,2,2.0,59567.67,5000.0,23.5,128.0,34256.95,-27665.619999999995,RESTAURANT,32.030859375,22.91,MODERATE,0.0,N,N,N,N,MASTER_V1.5,2026-06-29,2026-06-29 19:54:02.726587
2111,Pamela Wolfe,50,FL,2026-05-18,1,A,PREMIUM_WEALTH,85.4,100.0,3,3.0,88085.15,25000.0,60.26,137.0,38356.25,-32598.4,RETAIL,38.68693430656934,4.0,LOW,0.0,N,N,N,N,MASTER_V1.5,2026-06-29,2026-06-29 19:54:02.726587
2124,Michael Smith,44,PR,2016-05-23,121,A,PREMIUM_WEALTH,14540.35,100.0,4,4.0,165514.92,10000.0,55.8,187.0,25365.07,-15985.49,UTILITIES,44.91700534759358,5.73,LOW,0.0,N,N,N,N,MASTER_V1.5,2026-06-29,2026-06-29 19:54:02.726587
2139,Joan Hamilton,62,CT,2026-01-21,5,A,GROWING_DIGITAL,268.41,100.0,2,2.0,46004.5,25000.0,27.81,55.0,2859.34,9493.529999999999,RESTAURANT,45.453636363636356,11.09,LOW,0.0,N,N,N,N,MASTER_V1.5,2026-06-29,2026-06-29 19:54:02.726587
2142,John Hoover,27,MP,2026-04-28,2,A,VALUE_BASIC,36.97,100.0,1,1.0,1626.58,2000.0,81.33,22.0,8071.51,-6212.24,GROCERY,27.280000000000005,5.27,LOW,0.0,N,Y,N,N,MASTER_V1.5,2026-06-29,2026-06-29 19:54:02.726587
2152,Rebekah Garcia,71,PR,2018-07-14,95,A,CREDIT_DEPENDENT,5333.33,50.0,2,1.0,75212.42,5000.0,1.14,47.0,7982.570000000001,1000.0599999999986,RETAIL,38.29808510638298,11.82,LOW,0.0,N,N,N,N,MASTER_V1.5,2026-06-29,2026-06-29 19:54:02.726587
2159,Sara Jones,72,AK,2022-01-01,53,A,ENGAGED_MAINSTREAM,6396.57,75.0,4,3.0,174381.07,25000.0,50.65,181.0,18122.440000000002,17349.199999999997,HEALTHCARE,34.805082872928175,0.0,LOW,0.0,N,N,N,N,MASTER_V1.5,2026-06-29,2026-06-29 19:54:02.726587
2161,Bradley Lee,71,HI,2022-03-30,51,A,VALUE_BASIC,1167.09,100.0,1,1.0,9449.08,25000.0,37.8,42.0,13055.8,255.78000000000065,RETAIL,40.48,10.91,LOW,0.0,N,Y,Y,N,MASTER_V1.5,2026-06-29,2026-06-29 19:54:02.726587
2170,Ernest Robinson,67,NH,2014-03-27,147,A,GROWING_DIGITAL,8111.53,100.0,2,2.0,62074.42,0.0,0.0,89.0,5061.04,15869.21,GROCERY,44.94505617977527,24.18,MODERATE,0.0,N,N,N,N,MASTER_V1.5,2026-06-29,2026-06-29 19:54:02.726587
2173,George Williams,38,DC,2019-09-23,81,A,PREMIUM_WEALTH,9613.85,75.0,4,3.0,142764.0,15000.0,71.92,203.0,66908.86,-55842.979999999996,RETAIL,42.36339901477833,19.56,LOW,0.0,N,N,N,N,MASTER_V1.5,2026-06-29,2026-06-29 19:54:02.726587
2227,Mary Harrell,41,IN,2012-08-03,166,A,GROWING_DIGITAL,4551.92,100.0,1,1.0,58016.19,0.0,0.0,49.0,1824.32,1538.0400000000002,RETAIL,36.739999999999995,17.27,LOW,0.0,N,Y,N,N,MASTER_V1.5,2026-06-29,2026-06-29 19:54:02.726587
2232,Nicole Johnson,66,NH,2013-10-25,152,A,GROWING_DIGITAL,8559.24,100.0,2,2.0,77820.81,2000.0,16.62,85.0,3462.66,19677.69,HEALTHCARE,39.997647058823524,25.23,MODERATE,0.0,N,N,N,N,MASTER_V1.5,2026-06-29,2026-06-29 19:54:02.726587
2238,Anita Skinner,73,OK,2022-08-14,46,A,ENGAGED_MAINSTREAM,4045.4,66.67,3,2.0,123721.89,25000.0,82.28,142.0,35038.14,-19914.33,UTILITIES,35.2112676056338,37.45,MODERATE,0.0,N,N,N,N,MASTER_V1.5,2026-06-29,2026-06-29 19:54:02.726587
2240,Linda Lucas,30,OR,2013-12-13,150,A,PREMIUM_WEALTH,18003.66,100.0,4,4.0,163152.82,5000.0,97.39,141.0,68482.05,-50805.44,HEALTHCARE,36.876524822695025,13.73,LOW,0.0,N,N,N,N,MASTER_V1.5,2026-06-29,2026-06-29 19:54:02.726587
2250,Brenda Reyes,31,MT,2013-09-24,153,A,PREMIUM_WEALTH,13754.8,100.0,3,3.0,160612.69,0.0,0.0,115.0,19402.75,3045.779999999999,UTILITIES,40.002347826086954,8.71,LOW,0.0,N,N,N,N,MASTER_V1.5,2026-06-29,2026-06-29 19:54:02.726587
2253,Destiny Mack,26,ID,2023-07-15,35,A,VALUE_BASIC,710.61,100.0,1,1.0,3365.27,15000.0,22.44,18.0,1390.38,-863.6400000000001,RETAIL,38.88999999999999,16.19,LOW,0.0,N,Y,Y,N,MASTER_V1.5,2026-06-29,2026-06-29 19:54:02.726587
2259,Douglas Harrell,52,ID,2023-06-30,36,A,GROWING_DIGITAL,2071.26,100.0,2,2.0,99408.3,0.0,0.0,109.0,18441.69,9873.84,RESTAURANT,36.69568807339449,18.73,LOW,0.0,N,N,N,N,MASTER_V1.5,2026-06-29,2026-06-29 19:54:02.726587
2278,Omar Mayer,83,OH,2020-06-16,72,A,VALUE_BASIC,1533.16,100.0,1,1.0,5001.94,25000.0,20.01,72.0,10324.94,13175.890000000001,RETAIL,41.66,24.27,MODERATE,0.0,N,Y,Y,N,MASTER_V1.5,2026-06-29,2026-06-29 19:54:02.726587
2280,Gabriela Nelson,27,PW,2025-09-13,9,A,PREMIUM_WEALTH,763.05,100.0,3,3.0,81181.58,25000.0,12.5,136.0,31913.23,-24849.39,RETAIL,31.620735294117647,7.73,LOW,0.0,N,N,N,N,MASTER_V1.5,2026-06-29,2026-06-29 19:54:02.726587
2288,Christina Morris,80,MT,2021-06-15,60,A,ENGAGED_MAINSTREAM,7062.86,75.0,4,3.0,129500.55,2000.0,7.95,255.0,62557.8,-25150.240000000005,UTILITIES,38.035999999999994,11.8,LOW,0.0,N,N,N,N,MASTER_V1.5,2026-06-29,2026-06-29 19:54:02.726587
2296,Alexis Cervantes,20,MI,2020-02-05,76,A,PREMIUM_WEALTH,8888.46,100.0,4,4.0,120011.29,25000.0,99.37,172.0,67982.21,-33636.89000000001,TRAVEL,33.72360465116279,7.82,LOW,0.0,N,N,N,N,MASTER_V1.5,2026-06-29,2026-06-29 19:54:02.726587
2302,Justin Oliver,39,LA,2018-01-06,101,A,PREMIUM_WEALTH,11715.15,100.0,4,4.0,109005.97,10000.0,58.62,173.0,52121.16,-27085.630000000005,RESTAURANT,38.150578034682084,13.45,LOW,0.0,N,N,N,N,MASTER_V1.5,2026-06-29,2026-06-29 19:54:02.726587
2313,Eric Brooks,57,HI,2011-09-21,177,A,ENGAGED_MAINSTREAM,15685.78,100.0,3,3.0,135405.85,15000.0,8.82,195.0,24112.87,22849.580000000005,GROCERY,42.05410256410257,7.55,LOW,0.0,N,N,N,N,MASTER_V1.5,2026-06-29,2026-06-29 19:54:02.726587
2316,Maria Solis,72,NM,2021-02-07,64,A,GROWING_DIGITAL,3667.49,100.0,2,2.0,94931.0,0.0,0.0,65.0,15312.179999999998,-11329.789999999997,RESTAURANT,38.462923076923076,5.55,LOW,0.0,N,N,N,N,MASTER_V1.5,2026-06-29,2026-06-29 19:54:02.726587
2330,Troy Ward,25,AZ,2012-11-15,163,A,GROWING_DIGITAL,4028.46,100.0,1,1.0,19649.43,0.0,0.0,65.0,11529.85,2666.83,ENTERTAINMENT,35.39,13.09,LOW,0.0,N,Y,N,N,MASTER_V1.5,2026-06-29,2026-06-29 19:54:02.726587
2335,Theresa Chaney,44,UT,2011-12-17,174,A,GROWING_DIGITAL,14364.4,100.0,3,3.0,60307.14,0.0,0.0,114.0,18516.239999999998,-13855.089999999998,GROCERY,35.08771929824561,16.55,LOW,0.0,N,N,N,N,MASTER_V1.5,2026-06-29,2026-06-29 19:54:02.726587
2336,Amy Moore,53,OR,2020-08-25,70,A,VALUE_BASIC,1602.74,100.0,1,1.0,9494.75,10000.0,94.95,69.0,23428.87,-9430.689999999999,GROCERY,34.78,18.64,LOW,0.0,N,Y,Y,N,MASTER_V1.5,2026-06-29,2026-06-29 19:54:02.726587
2356,Cathy Ware,78,CT,2015-08-22,130,A,ENGAGED_MAINSTREAM,14711.01,75.0,4,3.0,82138.55,15000.0,44.84,211.0,47327.29,-16298.130000000001,UTILITIES,38.387677725118486,27.07,MODERATE,0.0,N,N,N,N,MASTER_V1.5,2026-06-29,2026-06-29 19:54:02.726587
2361,Dawn Chase,46,MA,2015-09-29,129,A,GROWING_DIGITAL,7009.6,100.0,2,2.0,52449.15,0.0,0.0,116.0,60057.1,-38621.439999999995,GROCERY,39.65620689655172,17.0,LOW,0.0,N,N,N,N,MASTER_V1.5,2026-06-29,2026-06-29 19:54:02.726587
2404,Alexander Wells,25,AS,2013-08-09,154,A,PREMIUM_WEALTH,13299.27,66.67,3,2.0,100159.26,2000.0,35.95,158.0,18149.1,-11321.39,RETAIL,43.66537974683544,4.64,LOW,0.0,N,N,N,N,MASTER_V1.5,2026-06-29,2026-06-29 19:54:02.726587
2406,Brooke Montes,39,DE,2024-03-20,27,A,PREMIUM_WEALTH,3121.4,100.0,4,4.0,104897.96,10000.0,39.72,130.0,15047.46,23987.260000000002,HEALTHCARE,34.617384615384616,24.23,MODERATE,0.0,N,N,N,N,MASTER_V1.5,2026-06-29,2026-06-29 19:54:02.726587
2412,Jennifer Vance,84,AS,2016-10-01,116,A,GROWING_DIGITAL,5361.56,100.0,2,2.0,10343.04,0.0,0.0,77.0,26748.85,-22196.94,RETAIL,38.96363636363637,9.0,LOW,0.0,N,N,N,N,MASTER_V1.5,2026-06-29,2026-06-29 19:54:02.726587
2415,Donna Thomas,19,TN,2024-04-06,26,A,PREMIUM_WEALTH,2976.69,100.0,4,4.0,93789.28,15000.0,62.37,231.0,68131.98999999999,-57920.95999999999,TRAVEL,33.76532467532468,8.5,LOW,0.0,N,N,N,N,MASTER_V1.5,2026-06-29,2026-06-29 19:54:02.726587
2422,Cheryl Hamilton,50,VI,2016-08-11,118,A,VALUE_BASIC,2576.67,100.0,1,1.0,6213.39,0.0,0.0,33.0,2128.45,-1040.1999999999998,GROCERY,27.27,28.55,MODERATE,0.0,N,Y,Y,N,MASTER_V1.5,2026-06-29,2026-06-29 19:54:02.726587
2424,Gina Owens,20,OH,2018-12-07,90,A,PREMIUM_WEALTH,10814.15,100.0,4,4.0,165333.85,15000.0,39.86,163.0,38328.479999999996,-12474.449999999997,RESTAURANT,36.80907975460123,22.27,MODERATE,0.0,N,N,N,N,MASTER_V1.5,2026-06-29,2026-06-29 19:54:02.726587
2441,Angelica Bernard,58,KY,2011-11-26,175,A,CREDIT_DEPENDENT,9845.97,50.0,2,1.0,77075.55,2000.0,45.51,44.0,2316.2799999999997,-428.8499999999999,GAS_STATION,29.543636363636367,11.18,LOW,0.0,N,N,N,N,MASTER_V1.5,2026-06-29,2026-06-29 19:54:02.726587
2445,Lindsey Golden,58,SD,2011-07-31,179,A,ENGAGED_MAINSTREAM,20051.06,100.0,4,4.0,73255.73,5000.0,27.48,194.0,46787.57,-17288.059999999998,RETAIL,36.595412371134024,20.09,MODERATE,0.0,N,N,N,N,MASTER_V1.5,2026-06-29,2026-06-29 19:54:02.726587
2450,Tyler Walker,75,KY,2022-07-15,47,A,ENGAGED_MAINSTREAM,3614.77,66.67,3,2.0,28414.64,5000.0,47.58,183.0,67518.14,-43039.54,TRAVEL,40.4351912568306,22.27,MODERATE,0.0,N,N,N,N,MASTER_V1.5,2026-06-29,2026-06-29 19:54:02.726587
2454,Thomas Wall,79,RI,2014-07-16,143,A,ENGAGED_MAINSTREAM,16211.96,100.0,4,4.0,83871.21,2000.0,25.41,195.0,58270.770000000004,-37326.62,UTILITIES,34.871641025641026,6.64,LOW,0.0,N,N,N,N,MASTER_V1.5,2026-06-29,2026-06-29 19:54:02.726587
2459,Judith Payne,41,IA,2014-01-14,149,A,PREMIUM_WEALTH,17787.87,100.0,4,4.0,152995.96,2000.0,39.38,214.0,34946.25,-24384.010000000002,UTILITIES,36.44523364485981,13.18,LOW,0.0,N,N,N,N,MASTER_V1.5,2026-06-29,2026-06-29 19:54:02.726587
2465,Taylor Sharp,24,MI,2025-11-08,7,A,VALUE_BASIC,154.66,100.0,1,1.0,6890.87,10000.0,68.91,35.0,1649.93,604.6000000000001,UTILITIES,34.28,28.82,MODERATE,0.0,N,Y,N,N,MASTER_V1.5,2026-06-29,2026-06-29 19:54:02.726587
2466,Michael Foley,66,PR,2026-02-19,4,A,ENGAGED_MAINSTREAM,447.17,100.0,4,4.0,71635.89,5000.0,46.03,182.0,19066.5,22322.699999999997,UTILITIES,36.81467032967032,15.09,LOW,0.0,N,N,N,N,MASTER_V1.5,2026-06-29,2026-06-29 19:54:02.726587
2469,Kristin Ramirez,62,GA,2022-02-28,52,A,GROWING_DIGITAL,2854.64,100.0,2,2.0,58651.98,0.0,0.0,55.0,3998.97,18828.44,RETAIL,45.45127272727273,22.14,MODERATE,0.0,N,N,N,N,MASTER_V1.5,2026-06-29,2026-06-29 19:54:02.726587
2479,Melanie Jones,44,OH,2013-03-13,159,A,PREMIUM_WEALTH,13707.51,100.0,3,3.0,98200.97,5000.0,91.72,131.0,35121.18,-14346.509999999998,UTILITIES,37.40335877862595,17.18,LOW,0.0,N,N,N,N,MASTER_V1.5,2026-06-29,2026-06-29 19:54:02.726587
2481,Nicholas Zhang,63,NM,2021-11-30,55,A,CREDIT_DEPENDENT,3070.23,50.0,2,1.0,70578.95,15000.0,73.63,99.0,11175.41,10580.43,TRAVEL,49.49878787878787,21.88,MODERATE,0.0,N,N,N,N,MASTER_V1.5,2026-06-29,2026-06-29 19:54:02.726587
2490,Nicholas Jones,81,MS,2017-11-13,103,A,ENGAGED_MAINSTREAM,7950.91,100.0,3,3.0,29508.53,5000.0,57.55,149.0,43917.479999999996,-31217.009999999995,RESTAURANT,38.255973154362415,11.73,LOW,0.0,N,N,N,N,MASTER_V1.5,2026-06-29,2026-06-29 19:54:02.726587
2491,Kenneth Wilson,80,RI,2023-03-01,39,A,GROWING_DIGITAL,2250.59,100.0,2,2.0,102894.85,0.0,0.0,88.0,24052.309999999998,-14210.109999999997,GROCERY,37.50363636363636,18.55,LOW,0.0,N,N,N,N,MASTER_V1.5,2026-06-29,2026-06-29 19:54:02.726587
2502,Stephanie George,83,IL,2026-02-15,4,A,ENGAGED_MAINSTREAM,462.3,75.0,4,3.0,104553.66,10000.0,73.85,170.0,43315.12,-8555.530000000006,HEALTHCARE,34.70482352941177,20.44,MODERATE,0.0,N,N,N,N,MASTER_V1.5,2026-06-29,2026-06-29 19:54:02.726587
2515,Michael Rios,73,MD,2012-02-22,172,A,ENGAGED_MAINSTREAM,20344.03,75.0,4,3.0,137025.85,15000.0,94.46,206.0,27849.21,-7065.9699999999975,RESTAURANT,40.29281553398059,7.45,LOW,0.0,N,N,N,N,MASTER_V1.5,2026-06-29,2026-06-29 19:54:02.726587
2520,Alison Adams,65,ID,2021-03-29,63,A,GROWING_DIGITAL,3552.39,100.0,2,2.0,79018.25,0.0,0.0,60.0,9291.849999999999,3067.59,TRAVEL,31.662000000000003,18.49,LOW,0.0,N,N,N,N,MASTER_V1.5,2026-06-29,2026-06-29 19:54:02.726587
2524,Lisa Thomas,71,KY,2017-01-17,113,A,ENGAGED_MAINSTREAM,13491.88,75.0,4,3.0,153232.63,2000.0,42.01,186.0,14677.02,9311.529999999999,RETAIL,41.39344086021505,33.84,MODERATE,0.0,N,N,N,N,MASTER_V1.5,2026-06-29,2026-06-29 19:54:02.726587
2529,Jack Jordan,82,IA,2014-07-24,143,A,GROWING_DIGITAL,3878.02,100.0,1,1.0,51411.34,0.0,0.0,30.0,1842.6,-520.4599999999998,GROCERY,50.0,28.73,MODERATE,0.0,N,Y,N,N,MASTER_V1.5,2026-06-29,2026-06-29 19:54:02.726587
2539,John Daniels,21,ID,2012-10-07,164,A,GROWING_DIGITAL,4124.53,100.0,1,1.0,23384.59,0.0,0.0,19.0,638.5,7824.16,HEALTHCARE,26.32,29.09,MODERATE,0.0,N,Y,N,N,MASTER_V1.5,2026-06-29,2026-06-29 19:54:02.726587
2540,Christina Ward,62,CT,2017-05-18,109,A,GROWING_DIGITAL,5982.14,100.0,2,2.0,58477.99,10000.0,10.03,102.0,23301.01,15762.460000000003,TRAVEL,43.13568627450981,21.82,MODERATE,0.0,N,N,N,N,MASTER_V1.5,2026-06-29,2026-06-29 19:54:02.726587
2544,Megan Robinson,20,WV,2018-08-27,94,A,VALUE_BASIC,2161.86,100.0,1,1.0,9891.44,25000.0,39.57,64.0,9335.76,6702.360000000001,RETAIL,43.75,13.09,LOW,0.0,N,Y,Y,N,MASTER_V1.5,2026-06-29,2026-06-29 19:54:02.726587
2545,Joshua Bishop,81,AL,2025-06-30,12,A,GROWING_DIGITAL,322.34,100.0,1,1.0,46386.4,0.0,0.0,28.0,1493.36,-254.75,RETAIL,57.14,18.0,LOW,0.0,N,Y,N,N,MASTER_V1.5,2026-06-29,2026-06-29 19:54:02.726587
2552,Caroline Bailey,61,MI,2022-03-17,51,A,GROWING_DIGITAL,2604.46,100.0,2,2.0,27270.33,2000.0,41.59,91.0,40041.59,-19620.659999999996,RESTAURANT,47.259670329670335,28.18,MODERATE,0.0,N,N,N,N,MASTER_V1.5,2026-06-29,2026-06-29 19:54:02.726587
2555,Douglas Nguyen,42,IN,2024-07-22,23,A,VALUE_BASIC,1052.42,100.0,2,2.0,9428.47,15000.0,5.81,117.0,25792.15,-15247.82,RESTAURANT,25.643076923076926,6.27,LOW,0.0,N,N,Y,N,MASTER_V1.5,2026-06-29,2026-06-29 19:54:02.726587
2557,Christy Martin,53,WA,2026-01-05,5,A,GROWING_DIGITAL,434.42,100.0,3,3.0,107417.42,0.0,0.0,71.0,4007.8100000000004,9121.719999999998,RETAIL,43.662253521126765,20.73,MODERATE,0.0,N,N,N,N,MASTER_V1.5,2026-06-29,2026-06-29 19:54:02.726587
2558,Rhonda Johnson,82,DE,2025-05-15,13,A,GROWING_DIGITAL,323.31,100.0,1,1.0,20913.07,0.0,0.0,51.0,2043.86,9682.07,RESTAURANT,41.18,12.64,LOW,0.0,N,Y,N,N,MASTER_V1.5,2026-06-29,2026-06-29 19:54:02.726587
2561,Jessica James,29,MH,2011-12-23,174,A,PREMIUM_WEALTH,13751.97,66.67,3,2.0,37718.51,25000.0,17.04,151.0,28571.620000000003,-12667.490000000003,TRAVEL,40.395960264900665,12.25,LOW,0.0,N,N,N,N,MASTER_V1.5,2026-06-29,2026-06-29 19:54:02.726587
2563,Autumn Kelley,70,NH,2019-01-01,89,A,ENGAGED_MAINSTREAM,7160.41,100.0,3,3.0,45579.35,25000.0,6.06,140.0,37655.96,-21459.86,RETAIL,38.573428571428565,17.86,LOW,0.0,N,N,N,N,MASTER_V1.5,2026-06-29,2026-06-29 19:54:02.726587
2565,Alice Alexander,82,VT,2018-07-15,95,A,GROWING_DIGITAL,2607.29,100.0,1,1.0,58575.19,0.0,0.0,65.0,10048.69,1667.3099999999995,UTILITIES,33.85,3.57,LOW,0.0,N,Y,N,N,MASTER_V1.5,2026-06-29,2026-06-29 19:54:02.726587
2587,William Chapman,60,NM,2018-01-12,101,A,ENGAGED_MAINSTREAM,8659.93,66.67,3,2.0,92249.81,15000.0,55.29,123.0,7748.0,17581.88,RESTAURANT,30.89707317073171,8.44,LOW,0.0,N,N,N,N,MASTER_V1.5,2026-06-29,2026-06-29 19:54:02.726587
2590,Lucas White,56,MO,2016-04-21,122,A,ENGAGED_MAINSTREAM,14549.7,100.0,4,4.0,151143.43,25000.0,26.52,197.0,15675.41,47608.16,RETAIL,44.159441624365485,13.58,LOW,0.0,N,N,N,N,MASTER_V1.5,2026-06-29,2026-06-29 19:54:02.726587
2601,Sean Reynolds,38,AK,2024-02-04,28,A,PREMIUM_WEALTH,2415.2,100.0,3,3.0,98809.38,15000.0,4.01,135.0,62012.51,-27329.43,HEALTHCARE,34.0762962962963,0.0,LOW,0.0,N,N,N,N,MASTER_V1.5,2026-06-29,2026-06-29 19:54:02.726587
2609,Sherry Nunez,76,ND,2017-02-06,112,A,GROWING_DIGITAL,3078.77,100.0,1,1.0,59610.83,0.0,0.0,40.0,2572.02,-392.1700000000001,RESTAURANT,52.5,12.55,LOW,0.0,N,Y,N,N,MASTER_V1.5,2026-06-29,2026-06-29 19:54:02.726587
2610,Lisa Gross,67,AZ,2013-10-01,152,A,GROWING_DIGITAL,4066.27,100.0,1,1.0,44387.57,0.0,0.0,62.0,24074.66,-11604.88,ENTERTAINMENT,37.1,5.64,LOW,0.0,N,Y,N,N,MASTER_V1.5,2026-06-29,2026-06-29 19:54:02.726587
2617,Timothy Davis,59,SD,2016-10-25,116,A,GROWING_DIGITAL,3139.79,100.0,1,1.0,50355.08,0.0,0.0,17.0,713.38,10262.37,GAS_STATION,35.29,20.55,MODERATE,0.0,N,Y,N,N,MASTER_V1.5,2026-06-29,2026-06-29 19:54:02.726587
2621,Timothy Ballard,38,PW,2023-01-12,41,A,GROWING_DIGITAL,1042.9,100.0,1,1.0,26230.27,0.0,0.0,70.0,12559.02,-9248.16,ENTERTAINMENT,34.28999999999999,16.36,LOW,0.0,N,Y,N,N,MASTER_V1.5,2026-06-29,2026-06-29 19:54:02.726587
2630,Rhonda Wang,79,ME,2022-01-02,53,A,ENGAGED_MAINSTREAM,4659.37,100.0,3,3.0,123214.21,0.0,0.0,155.0,12792.58,-1138.6499999999996,GROCERY,44.51483870967741,4.27,LOW,0.0,N,N,N,N,MASTER_V1.5,2026-06-29,2026-06-29 19:54:02.726587
2677,Laura Matthews,67,AR,2013-01-06,161,A,GROWING_DIGITAL,7652.05,100.0,2,2.0,13435.37,0.0,0.0,40.0,13114.470000000001,-11278.510000000002,GAS_STATION,32.502,9.88,LOW,0.0,N,N,N,N,MASTER_V1.5,2026-06-29,2026-06-29 19:54:02.726587
2699,Lindsey Johnson,26,NM,2022-09-08,45,A,PREMIUM_WEALTH,5129.69,100.0,4,4.0,89260.42,2000.0,21.07,189.0,32220.41,5960.060000000001,UTILITIES,30.688095238095244,19.91,LOW,0.0,N,N,N,N,MASTER_V1.5,2026-06-29,2026-06-29 19:54:02.726587
2708,Scott Hill,36,WV,2012-09-28,165,A,PREMIUM_WEALTH,9249.46,100.0,2,2.0,73974.09,10000.0,45.29,83.0,36718.35,-19014.789999999997,GROCERY,36.14421686746987,1.47,LOW,0.0,N,N,N,N,MASTER_V1.5,2026-06-29,2026-06-29 19:54:02.726587
2717,Gregory Taylor,81,ID,2022-01-08,53,A,ENGAGED_MAINSTREAM,4400.7,100.0,3,3.0,64276.02,5000.0,80.22,134.0,31318.96,3483.239999999998,RESTAURANT,41.79559701492537,10.27,LOW,0.0,N,N,N,N,MASTER_V1.5,2026-06-29,2026-06-29 19:54:02.726587
2725,Kiara Scott,32,OH,2012-11-04,163,A,GROWING_DIGITAL,4589.6,100.0,1,1.0,77872.61,0.0,0.0,26.0,2213.14,-1374.27,HEALTHCARE,26.920000000000005,27.77,MODERATE,0.0,N,Y,N,N,MASTER_V1.5,2026-06-29,2026-06-29 19:54:02.726587
2726,Darius Barrett,54,AK,2011-12-17,174,A,GROWING_DIGITAL,8483.79,100.0,2,2.0,17179.74,5000.0,39.7,95.0,5677.47,19792.17,RESTAURANT,36.84578947368421,6.82,LOW,0.0,N,N,N,N,MASTER_V1.5,2026-06-29,2026-06-29 19:54:02.726587
2751,Matthew Morrow,34,KY,2016-12-30,114,A,PREMIUM_WEALTH,13337.09,100.0,4,4.0,120475.2,15000.0,61.84,184.0,32079.33,-14329.480000000003,TRAVEL,44.56499999999999,17.91,LOW,0.0,N,N,N,N,MASTER_V1.5,2026-06-29,2026-06-29 19:54:02.726587
2753,Jason Graham,76,CO,2014-04-18,146,A,ENGAGED_MAINSTREAM,15533.58,75.0,4,3.0,41749.37,15000.0,37.6,151.0,48920.82,-23401.07,TRAVEL,37.75165562913907,22.0,MODERATE,0.0,N,N,N,N,MASTER_V1.5,2026-06-29,2026-06-29 19:54:02.726587
2762,Thomas Rogers,55,CT,2017-01-19,113,A,CREDIT_DEPENDENT,6430.81,50.0,2,1.0,87724.66,0.0,0.0,70.0,13180.78,2167.5300000000007,GROCERY,34.283,16.73,LOW,0.0,N,N,N,N,MASTER_V1.5,2026-06-29,2026-06-29 19:54:02.726587
2769,Amy White,65,AL,2023-09-17,33,A,GROWING_DIGITAL,803.81,100.0,1,1.0,17037.31,0.0,0.0,56.0,11443.79,-9727.52,UTILITIES,33.93,14.06,LOW,0.0,N,Y,N,N,MASTER_V1.5,2026-06-29,2026-06-29 19:54:02.726587
2774,Margaret Conley,39,IL,2015-02-18,136,A,PREMIUM_WEALTH,11582.25,100.0,3,3.0,85403.68,15000.0,23.14,179.0,24114.74,29050.399999999998,UTILITIES,39.6673184357542,29.0,MODERATE,0.0,N,N,N,N,MASTER_V1.5,2026-06-29,2026-06-29 19:54:02.726587
2781,Willie Dickerson,68,OR,2016-01-06,125,A,GROWING_DIGITAL,7187.95,100.0,2,2.0,98787.17,0.0,0.0,81.0,11913.86,-8329.380000000001,RESTAURANT,34.56407407407408,21.73,MODERATE,0.0,N,N,N,N,MASTER_V1.5,2026-06-29,2026-06-29 19:54:02.726587
2784,Cassandra Browning,66,KY,2021-07-04,59,A,GROWING_DIGITAL,1582.96,100.0,1,1.0,45794.34,0.0,0.0,62.0,14598.63,161.45000000000073,HEALTHCARE,35.49,16.45,LOW,0.0,N,Y,N,N,MASTER_V1.5,2026-06-29,2026-06-29 19:54:02.726587
2791,Steven Newton,62,GA,2018-02-13,100,A,ENGAGED_MAINSTREAM,11639.82,100.0,4,4.0,113529.85,5000.0,23.12,145.0,36065.55,-2285.030000000006,UTILITIES,41.380827586206884,16.18,LOW,0.0,N,N,N,N,MASTER_V1.5,2026-06-29,2026-06-29 19:54:02.726587
2832,Holly Carroll,55,WA,2023-03-28,39,A,ENGAGED_MAINSTREAM,3299.18,66.67,3,2.0,79161.53,2000.0,65.28,181.0,21578.440000000002,10763.55,TRAVEL,35.91038674033149,31.27,MODERATE,0.0,N,N,N,N,MASTER_V1.5,2026-06-29,2026-06-29 19:54:02.726587
2842,Gary Fox,27,MO,2018-09-24,93,A,PREMIUM_WEALTH,8280.4,66.67,3,2.0,143134.16,5000.0,81.82,54.0,17680.94,-9148.989999999998,RETAIL,40.74296296296296,37.45,MODERATE,0.0,N,N,N,N,MASTER_V1.5,2026-06-29,2026-06-29 19:54:02.726587
2848,Raymond Garcia,71,OK,2021-05-26,61,A,ENGAGED_MAINSTREAM,5020.56,100.0,3,3.0,58331.38,0.0,0.0,180.0,54944.12,-41698.98,RETAIL,41.117,8.64,LOW,0.0,N,N,N,N,MASTER_V1.5,2026-06-29,2026-06-29 19:54:02.726587
2860,Olivia Waters,27,GA,2013-02-25,160,A,PREMIUM_WEALTH,13881.37,100.0,3,3.0,105641.42,25000.0,25.14,106.0,15005.09,-9587.67,UTILITIES,35.84792452830189,18.94,LOW,0.0,N,N,N,N,MASTER_V1.5,2026-06-29,2026-06-29 19:54:02.726587
2867,Cameron Reynolds,53,PA,2013-12-03,150,A,VALUE_BASIC,6451.98,100.0,2,2.0,5446.0,25000.0,22.12,80.0,17982.35,-13196.769999999999,UTILITIES,41.2545,14.73,LOW,0.0,N,N,Y,N,MASTER_V1.5,2026-06-29,2026-06-29 19:54:02.726587
2887,Danielle Hill,60,NV,2013-01-01,161,A,CREDIT_DEPENDENT,2903.47,0.0,1,0.0,1357.77,2000.0,67.89,31.0,8941.36,-6759.990000000001,GROCERY,35.48,21.0,MODERATE,0.0,N,N,Y,Y,MASTER_V1.5,2026-06-29,2026-06-29 19:54:02.726587
2915,Leslie Hall,21,ME,2016-05-17,121,A,PREMIUM_WEALTH,6205.39,100.0,2,2.0,28476.89,25000.0,73.62,111.0,31014.519999999997,-3189.069999999996,GROCERY,36.93774774774775,23.17,MODERATE,0.0,N,N,N,N,MASTER_V1.5,2026-06-29,2026-06-29 19:54:02.726587
2919,Jodi James,55,AR,2022-08-03,46,A,GROWING_DIGITAL,2591.73,100.0,2,2.0,78306.4,25000.0,40.89,112.0,35246.5,-28607.239999999998,RESTAURANT,43.74883928571428,30.0,MODERATE,0.0,N,N,N,N,MASTER_V1.5,2026-06-29,2026-06-29 19:54:02.726587
2922,Katherine Martinez,36,NC,2013-04-22,158,A,GROWING_DIGITAL,4040.34,100.0,1,1.0,27686.65,0.0,0.0,44.0,13427.13,-12051.609999999999,RESTAURANT,40.91,18.09,LOW,0.0,N,Y,N,N,MASTER_V1.5,2026-06-29,2026-06-29 19:54:02.726587
2933,Robert Moore,41,HI,2017-01-13,113,A,GROWING_DIGITAL,3077.7,100.0,1,1.0,53880.2,0.0,0.0,37.0,13255.02,-11646.78,TRAVEL,37.84,36.45,MODERATE,0.0,N,Y,N,N,MASTER_V1.5,2026-06-29,2026-06-29 19:54:02.726587
2945,Tim Goodman,44,DE,2022-03-06,51,A,PREMIUM_WEALTH,4376.55,100.0,3,3.0,93150.64,5000.0,17.82,186.0,48634.76,-32780.08,HEALTHCARE,39.785806451612906,20.82,MODERATE,0.0,N,N,N,N,MASTER_V1.5,2026-06-29,2026-06-29 19:54:02.726587
2953,James White,59,CA,2012-03-16,171,A,VALUE_BASIC,3308.54,100.0,1,1.0,2296.81,0.0,0.0,63.0,32150.88,-23300.07,HEALTHCARE,36.50999999999999,13.27,LOW,0.0,N,Y,Y,N,MASTER_V1.5,2026-06-29,2026-06-29 19:54:02.726587
2954,Laura Martin,75,ND,2011-12-31,174,A,CREDIT_DEPENDENT,9520.04,50.0,2,1.0,56532.49,10000.0,10.91,82.0,6051.030000000001,6449.4,RETAIL,30.48634146341464,11.55,LOW,0.0,N,N,N,N,MASTER_V1.5,2026-06-29,2026-06-29 19:54:02.726587
2963,Kenneth Marks,78,KS,2019-09-14,81,A,CREDIT_DEPENDENT,4550.31,50.0,2,1.0,75761.18,15000.0,13.07,45.0,13225.95,-10542.32,RESTAURANT,35.55555555555556,4.09,LOW,0.0,N,N,N,N,MASTER_V1.5,2026-06-29,2026-06-29 19:54:02.726587
2967,Michael Burke,84,WV,2022-06-07,48,A,GROWING_DIGITAL,2640.5,100.0,2,2.0,59999.65,0.0,0.0,106.0,6175.82,10499.32,RESTAURANT,34.90622641509434,12.45,LOW,0.0,N,N,N,N,MASTER_V1.5,2026-06-29,2026-06-29 19:54:02.726587
2968,Alicia Mcbride,75,IA,2024-04-26,26,A,ENGAGED_MAINSTREAM,1463.05,100.0,2,2.0,77207.46,25000.0,56.38,41.0,12915.95,-11092.32,INSURANCE,43.90292682926829,13.27,LOW,0.0,N,N,N,N,MASTER_V1.5,2026-06-29,2026-06-29 19:54:02.726587
2974,Taylor Taylor,20,WV,2024-10-28,20,A,PREMIUM_WEALTH,2391.55,75.0,4,3.0,156022.62,2000.0,84.51,187.0,54210.33,-36143.07,TRAVEL,39.573475935828874,15.91,LOW,0.0,N,N,N,N,MASTER_V1.5,2026-06-29,2026-06-29 19:54:02.726587
2987,Patricia Rodriguez,19,TX,2017-03-07,111,A,PREMIUM_WEALTH,12843.96,100.0,4,4.0,105993.37,10000.0,3.46,182.0,37238.909999999996,-6897.059999999998,UTILITIES,41.75785714285715,15.37,LOW,0.0,N,N,N,N,MASTER_V1.5,2026-06-29,2026-06-29 19:54:02.726587
2992,Michelle Ramirez,57,RI,2021-01-03,65,A,GROWING_DIGITAL,3713.63,100.0,2,2.0,91725.73,0.0,0.0,115.0,19054.21,-8231.92,HEALTHCARE,41.73947826086957,20.68,MODERATE,0.0,N,N,N,N,MASTER_V1.5,2026-06-29,2026-06-29 19:54:02.726587
2997,Mary Bennett,38,VI,2019-11-09,79,A,CREDIT_DEPENDENT,4213.13,50.0,2,1.0,42879.64,0.0,0.0,52.0,4178.43,-2950.4300000000003,TRAVEL,42.303461538461534,6.55,LOW,0.0,N,N,N,N,MASTER_V1.5,2026-06-29,2026-06-29 19:54:02.726587
3012,Mary Perez,44,NM,2022-07-12,47,A,VALUE_BASIC,967.19,100.0,1,1.0,3757.02,5000.0,75.14,30.0,1689.3,7328.179999999999,GAS_STATION,50.0,16.27,LOW,0.0,N,Y,Y,N,MASTER_V1.5,2026-06-29,2026-06-29 19:54:02.726587
3021,Samantha Garcia,49,CO,2017-05-29,109,A,PREMIUM_WEALTH,9120.91,100.0,3,3.0,70058.13,10000.0,70.77,144.0,42276.19,-18753.600000000002,TRAVEL,40.27326388888889,10.71,LOW,0.0,N,N,N,N,MASTER_V1.5,2026-06-29,2026-06-29 19:54:02.726587
3022,Paige Carter,21,WI,2023-08-23,34,A,PREMIUM_WEALTH,4060.79,75.0,4,3.0,153813.44,5000.0,69.88,158.0,35609.58,-2425.220000000001,UTILITIES,43.03632911392405,21.13,MODERATE,0.0,N,N,N,N,MASTER_V1.5,2026-06-29,2026-06-29 19:54:02.726587
3025,Tonya Sanchez,52,MT,2023-12-03,30,A,GROWING_DIGITAL,1475.04,100.0,2,2.0,18649.94,0.0,0.0,89.0,31972.41,-21106.72,GROCERY,34.83573033707865,9.45,LOW,0.0,N,N,N,N,MASTER_V1.5,2026-06-29,2026-06-29 19:54:02.726587
3028,Ashley Gutierrez,57,WI,2019-09-18,81,A,GROWING_DIGITAL,4631.57,100.0,2,2.0,92594.2,0.0,0.0,87.0,43794.79,-31358.160000000003,RETAIL,44.83275862068966,33.0,MODERATE,0.0,N,N,N,N,MASTER_V1.5,2026-06-29,2026-06-29 19:54:02.726587
3040,Mikayla Hernandez,81,OK,2016-09-04,117,A,GROWING_DIGITAL,2776.29,100.0,1,1.0,13247.81,0.0,0.0,67.0,14334.55,5442.040000000001,RETAIL,40.3,11.27,LOW,0.0,N,Y,N,N,MASTER_V1.5,2026-06-29,2026-06-29 19:54:02.726587
3044,Emily Rivera,55,VA,2019-07-10,83,A,ENGAGED_MAINSTREAM,9403.95,100.0,4,4.0,83287.9,10000.0,11.38,211.0,11764.41,25362.41,HEALTHCARE,36.97023696682464,8.55,LOW,0.0,N,N,N,N,MASTER_V1.5,2026-06-29,2026-06-29 19:54:02.726587
3057,Brian Brooks,44,ND,2026-02-20,4,A,PREMIUM_WEALTH,357.02,100.0,3,3.0,147372.87,25000.0,71.08,98.0,30156.5,-9359.369999999999,PAWN_SHOP,38.77928571428571,14.01,LOW,0.0,N,N,N,N,MASTER_V1.5,2026-06-29,2026-06-29 19:54:02.726587
3071,Michael Rangel,72,MO,2017-07-09,107,A,ENGAGED_MAINSTREAM,9517.2,100.0,3,3.0,141413.35,0.0,0.0,169.0,41475.69,-34905.76,RESTAURANT,40.83224852071006,24.03,MODERATE,0.0,N,N,N,N,MASTER_V1.5,2026-06-29,2026-06-29 19:54:02.726587
3100,Amanda Mitchell,23,SC,2017-06-06,108,A,GROWING_DIGITAL,3008.64,100.0,1,1.0,69086.78,0.0,0.0,44.0,36945.6,-30790.25,RETAIL,36.36,18.18,LOW,0.0,N,Y,N,N,MASTER_V1.5,2026-06-29,2026-06-29 19:54:02.726587
3105,Christina Kim,31,IA,2015-02-05,136,A,PREMIUM_WEALTH,16183.03,100.0,4,4.0,147162.07,10000.0,97.83,125.0,47258.12,-41292.19,GROCERY,41.60192000000001,16.18,LOW,0.0,N,N,N,N,MASTER_V1.5,2026-06-29,2026-06-29 19:54:02.726587
3108,Matthew Clements,47,SC,2025-08-22,10,A,VALUE_BASIC,680.08,100.0,3,3.0,8671.52,10000.0,20.15,121.0,7096.95,6293.5199999999995,GROCERY,40.497933884297524,10.82,LOW,0.0,N,N,N,N,MASTER_V1.5,2026-06-29,2026-06-29 19:54:02.726587
3110,Kelly Brown,59,NE,2013-10-10,152,A,ENGAGED_MAINSTREAM,18005.59,100.0,4,4.0,139495.1,15000.0,57.02,200.0,51488.8,-35321.030000000006,HEALTHCARE,40.4988,23.45,MODERATE,0.0,N,N,N,N,MASTER_V1.5,2026-06-29,2026-06-29 19:54:02.726587
3111,Diane Gonzales,73,MD,2014-05-22,145,A,ENGAGED_MAINSTREAM,12385.21,100.0,3,3.0,88318.27,25000.0,20.49,108.0,7776.47,3690.63,RESTAURANT,43.52074074074074,8.94,LOW,0.0,N,N,N,N,MASTER_V1.5,2026-06-29,2026-06-29 19:54:02.726587
3120,Kaitlin Vega,44,GU,2018-03-14,99,A,PREMIUM_WEALTH,11851.27,75.0,4,3.0,158098.82,5000.0,68.2,172.0,27600.87,-14086.839999999997,TRAVEL,37.793430232558144,23.36,MODERATE,0.0,N,N,N,N,MASTER_V1.5,2026-06-29,2026-06-29 19:54:02.726587
3135,Eric Cruz,70,NM,2019-09-21,81,A,ENGAGED_MAINSTREAM,6171.31,66.67,3,2.0,25810.59,0.0,0.0,123.0,36653.85,-12649.86,UTILITIES,44.71447154471545,21.15,MODERATE,0.0,N,N,N,N,MASTER_V1.5,2026-06-29,2026-06-29 19:54:02.726587
3141,Nancy Lowe,44,MT,2022-06-17,48,A,GROWING_DIGITAL,3990.89,100.0,3,3.0,65239.43,0.0,0.0,137.0,32387.399999999998,5705.049999999999,TRAVEL,43.06744525547445,13.36,LOW,0.0,N,N,N,N,MASTER_V1.5,2026-06-29,2026-06-29 19:54:02.726587
3146,Keith Garcia,53,VA,2021-12-26,54,A,PREMIUM_WEALTH,4495.92,100.0,3,3.0,66239.88,25000.0,85.07,94.0,11149.71,1046.920000000002,TRAVEL,45.745106382978726,9.64,LOW,0.0,N,N,N,N,MASTER_V1.5,2026-06-29,2026-06-29 19:54:02.726587
3161,Tracy Bullock,50,FM,2025-02-25,16,A,PREMIUM_WEALTH,1678.52,100.0,4,4.0,35981.36,15000.0,25.0,171.0,23903.190000000002,-14581.720000000003,UTILITIES,35.0870760233918,11.97,LOW,0.0,N,N,N,N,MASTER_V1.5,2026-06-29,2026-06-29 19:54:02.726587
3162,Kristopher Cole,82,AS,2015-01-20,137,A,GROWING_DIGITAL,3530.92,100.0,1,1.0,30008.82,0.0,0.0,42.0,9799.75,-6569.18,GAS_STATION,28.57,19.09,LOW,0.0,N,Y,N,N,MASTER_V1.5,2026-06-29,2026-06-29 19:54:02.726587
3174,Alexander Roman,27,MA,2011-08-20,178,A,VALUE_BASIC,3472.06,100.0,1,1.0,2446.41,5000.0,48.93,33.0,1257.96,1636.3400000000001,GAS_STATION,51.51,11.82,LOW,0.0,N,Y,Y,N,MASTER_V1.5,2026-06-29,2026-06-29 19:54:02.726587
3177,Janet Gonzalez,78,NJ,2013-04-23,158,A,GROWING_DIGITAL,4085.14,100.0,1,1.0,31012.13,0.0,0.0,62.0,20900.26,-10240.079999999998,RETAIL,45.15999999999999,11.09,LOW,0.0,N,Y,N,N,MASTER_V1.5,2026-06-29,2026-06-29 19:54:02.726587
3205,Jeremy Tucker,21,NC,2019-09-08,81,A,CREDIT_DEPENDENT,6885.09,33.33,3,1.0,83573.59,2000.0,96.53,152.0,37624.92,-13987.86,TRAVEL,36.8391447368421,20.0,MODERATE,0.0,N,N,N,Y,MASTER_V1.5,2026-06-29,2026-06-29 19:54:02.726587
3213,Sergio Butler,20,CT,2012-06-06,168,A,GROWING_DIGITAL,8982.53,100.0,2,2.0,44068.0,0.0,0.0,75.0,5773.55,-2579.01,GROCERY,30.66733333333333,28.51,MODERATE,0.0,N,N,N,N,MASTER_V1.5,2026-06-29,2026-06-29 19:54:02.726587
3223,Melanie Brown,66,OK,2013-08-16,154,A,CREDIT_DEPENDENT,8603.78,50.0,2,1.0,71234.71,0.0,0.0,85.0,22824.29,-20388.57,RESTAURANT,40.00129411764706,27.55,MODERATE,0.0,N,N,N,N,MASTER_V1.5,2026-06-29,2026-06-29 19:54:02.726587
3239,Nicole Brown,47,NV,2019-12-21,78,A,GROWING_DIGITAL,2031.71,100.0,1,1.0,33490.24,0.0,0.0,74.0,33121.67,-31213.989999999998,TRAVEL,29.73,16.55,LOW,0.0,N,Y,N,N,MASTER_V1.5,2026-06-29,2026-06-29 19:54:02.726587
3255,William Moore,66,CO,2019-10-16,80,A,ENGAGED_MAINSTREAM,6701.85,100.0,3,3.0,70951.82,25000.0,7.44,138.0,39857.4,-32813.68,RETAIL,42.02586956521739,12.0,LOW,0.0,N,N,N,N,MASTER_V1.5,2026-06-29,2026-06-29 19:54:02.726587
3271,Judy Watson,42,TX,2025-12-22,6,A,PREMIUM_WEALTH,692.32,75.0,4,3.0,102602.98,5000.0,89.76,165.0,24768.82,10740.260000000002,TRAVEL,38.180484848484845,16.0,LOW,0.0,N,N,N,N,MASTER_V1.5,2026-06-29,2026-06-29 19:54:02.726587
3290,Emily Preston,34,VT,2013-09-10,153,A,GROWING_DIGITAL,4182.7,100.0,1,1.0,56115.88,0.0,0.0,29.0,2711.97,-1407.7499999999998,TRAVEL,41.38,28.0,MODERATE,0.0,N,Y,N,N,MASTER_V1.5,2026-06-29,2026-06-29 19:54:02.726587
3300,Mark Copeland,32,CO,2018-10-15,92,A,PREMIUM_WEALTH,10920.73,100.0,4,4.0,142965.37,25000.0,61.04,150.0,65288.28,-47675.649999999994,RESTAURANT,39.33573333333334,24.0,MODERATE,0.0,N,N,N,N,MASTER_V1.5,2026-06-29,2026-06-29 19:54:02.726587
3305,Drew Jones,51,MH,2013-02-05,160,A,GROWING_DIGITAL,3844.62,100.0,1,1.0,14936.27,0.0,0.0,73.0,4297.87,8594.740000000002,GROCERY,35.620000000000005,17.55,LOW,0.0,N,Y,N,N,MASTER_V1.5,2026-06-29,2026-06-29 19:54:02.726587
3319,Tracey Johnson,35,WI,2015-02-03,136,A,PREMIUM_WEALTH,15342.8,100.0,4,4.0,79338.08,2000.0,21.56,157.0,41773.89,-12303.310000000001,RESTAURANT,35.03337579617835,15.55,LOW,0.0,N,N,N,N,MASTER_V1.5,2026-06-29,2026-06-29 19:54:02.726587
3322,Sean Shaw,33,IN,2025-06-12,12,A,PREMIUM_WEALTH,1348.78,75.0,4,3.0,76103.06,15000.0,15.29,176.0,38337.08,-28833.190000000002,TRAVEL,38.07124999999999,14.73,LOW,0.0,N,N,N,N,MASTER_V1.5,2026-06-29,2026-06-29 19:54:02.726587
3324,Brenda Wolfe,41,NE,2012-03-20,171,A,PREMIUM_WEALTH,9586.28,100.0,2,2.0,74015.18,5000.0,57.58,122.0,39997.3,-33245.54,RESTAURANT,38.52754098360655,10.55,LOW,0.0,N,N,N,N,MASTER_V1.5,2026-06-29,2026-06-29 19:54:02.726587
3344,Laurie Lopez,23,NE,2024-04-30,26,A,GROWING_DIGITAL,1510.3,100.0,2,2.0,111048.81,0.0,0.0,101.0,20755.03,4406.700000000001,RESTAURANT,38.614059405940594,13.36,LOW,0.0,N,N,N,N,MASTER_V1.5,2026-06-29,2026-06-29 19:54:02.726587
3351,Emily Galvan,33,SD,2011-11-26,175,A,PREMIUM_WEALTH,14608.07,100.0,3,3.0,68183.45,10000.0,32.68,81.0,4944.22,-659.3800000000001,TRAVEL,49.3820987654321,11.55,LOW,0.0,N,N,N,N,MASTER_V1.5,2026-06-29,2026-06-29 19:54:02.726587
3354,Eric George,42,OR,2022-10-05,44,A,CREDIT_DEPENDENT,2221.14,0.0,2,0.0,24248.54,0.0,0.0,110.0,15996.74,-1961.42,GAS_STATION,40.00181818181819,13.91,LOW,0.0,N,N,N,N,MASTER_V1.5,2026-06-29,2026-06-29 19:54:02.726587
3356,Patricia Thomas,81,GA,2012-10-03,164,A,GROWING_DIGITAL,8558.76,100.0,2,2.0,34115.65,0.0,0.0,55.0,9849.43,10098.59,RESTAURANT,25.456363636363637,20.27,MODERATE,0.0,N,N,N,N,MASTER_V1.5,2026-06-29,2026-06-29 19:54:02.726587
3358,Kevin Nichols,31,UT,2025-03-04,15,A,PREMIUM_WEALTH,1703.01,100.0,4,4.0,85253.12,15000.0,94.55,195.0,37885.06,-22668.629999999997,UTILITIES,36.92374358974359,25.82,MODERATE,0.0,N,N,N,N,MASTER_V1.5,2026-06-29,2026-06-29 19:54:02.726587
3366,Zachary Jenkins,64,ND,2023-10-23,32,A,GROWING_DIGITAL,1795.81,100.0,2,2.0,74892.15,0.0,0.0,90.0,11756.2,-7374.0,UTILITIES,41.116,28.48,MODERATE,0.0,N,N,N,N,MASTER_V1.5,2026-06-29,2026-06-29 19:54:02.726587
3372,Deborah Crawford,29,GU,2014-03-22,147,A,PREMIUM_WEALTH,17109.36,75.0,4,3.0,113439.11,15000.0,80.99,169.0,10022.17,27924.46,RESTAURANT,42.60520710059171,19.61,LOW,0.0,N,N,N,N,MASTER_V1.5,2026-06-29,2026-06-29 19:54:02.726587
3380,Laurie Brown,73,VT,2016-11-17,115,A,ENGAGED_MAINSTREAM,13679.11,100.0,4,4.0,146514.1,5000.0,65.44,199.0,28555.0,9531.470000000001,RETAIL,41.206331658291454,14.58,LOW,0.0,N,N,N,N,MASTER_V1.5,2026-06-29,2026-06-29 19:54:02.726587
3410,Michele Ramirez,55,MN,2015-11-12,127,A,GROWING_DIGITAL,6605.12,100.0,2,2.0,32917.83,0.0,0.0,79.0,25707.260000000002,-22180.770000000004,GROCERY,32.90759493670886,6.36,LOW,0.0,N,N,N,N,MASTER_V1.5,2026-06-29,2026-06-29 19:54:02.726587
3415,Jennifer Jones,31,PA,2014-05-28,145,A,PREMIUM_WEALTH,16622.97,100.0,4,4.0,95236.47,5000.0,30.79,126.0,7473.74,-530.0100000000002,RESTAURANT,38.09539682539682,22.09,MODERATE,0.0,N,N,N,N,MASTER_V1.5,2026-06-29,2026-06-29 19:54:02.726587
3428,Wesley Porter,50,DE,2017-07-28,107,A,PREMIUM_WEALTH,11580.87,75.0,4,3.0,50173.42,25000.0,41.76,170.0,9562.04,8237.129999999997,TRAVEL,32.94082352941176,1.36,LOW,0.0,N,N,N,N,MASTER_V1.5,2026-06-29,2026-06-29 19:54:02.726587
3431,James Smith,60,CO,2016-03-07,123,A,CREDIT_DEPENDENT,7029.08,50.0,2,1.0,91986.23,25000.0,86.78,66.0,4157.46,-990.23,TRAVEL,37.879090909090905,15.09,LOW,0.0,N,N,N,N,MASTER_V1.5,2026-06-29,2026-06-29 19:54:02.726587
3438,Denise Hamilton,54,ID,2017-04-04,110,A,ENGAGED_MAINSTREAM,9679.02,100.0,3,3.0,124510.51,5000.0,14.38,107.0,21754.18,-3239.9400000000023,RETAIL,33.64635514018691,6.18,LOW,0.0,N,N,N,N,MASTER_V1.5,2026-06-29,2026-06-29 19:54:02.726587
3441,Gabriel Gay,72,KS,2025-03-30,15,A,GROWING_DIGITAL,377.27,100.0,1,1.0,23401.37,0.0,0.0,24.0,1162.26,87.48000000000002,RETAIL,20.840000000000003,23.91,MODERATE,0.0,N,Y,N,N,MASTER_V1.5,2026-06-29,2026-06-29 19:54:02.726587
3466,Julia Barnes,49,FL,2016-11-26,115,A,PREMIUM_WEALTH,13130.86,100.0,4,4.0,90956.68,10000.0,23.49,159.0,31839.129999999997,-17197.879999999997,RETAIL,33.333710691823896,21.09,MODERATE,0.0,N,N,N,N,MASTER_V1.5,2026-06-29,2026-06-29 19:54:02.726587
3481,Peter Holder,72,ID,2014-01-09,149,A,VALUE_BASIC,3180.29,100.0,1,1.0,5103.48,10000.0,51.03,42.0,14263.59,-5303.860000000001,GROCERY,33.34,9.91,LOW,0.0,N,Y,Y,N,MASTER_V1.5,2026-06-29,2026-06-29 19:54:02.726587
3487,Janice Morales,51,KY,2015-11-15,127,A,PREMIUM_WEALTH,14851.99,100.0,4,4.0,119907.7,10000.0,49.71,132.0,23983.51,-9353.009999999998,RETAIL,38.63333333333333,19.91,LOW,0.0,N,N,N,N,MASTER_V1.5,2026-06-29,2026-06-29 19:54:02.726587
3490,David Rodriguez,80,TN,2020-04-04,74,A,ENGAGED_MAINSTREAM,4158.98,100.0,2,2.0,76152.53,10000.0,37.0,101.0,50859.43,-22765.489999999998,HEALTHCARE,38.611782178217815,19.18,LOW,0.0,N,N,N,N,MASTER_V1.5,2026-06-29,2026-06-29 19:54:02.726587
3514,Benjamin Perez,65,PW,2021-03-21,63,A,ENGAGED_MAINSTREAM,5314.79,66.67,3,2.0,76744.66,15000.0,17.48,120.0,37435.72,-30348.050000000003,GROCERY,36.66400000000001,13.18,LOW,0.0,N,N,N,N,MASTER_V1.5,2026-06-29,2026-06-29 19:54:02.726587
3530,Daniel Hayes,22,DE,2025-11-21,7,A,PREMIUM_WEALTH,596.69,100.0,3,3.0,86291.22,5000.0,36.2,142.0,16567.8,40281.350000000006,RESTAURANT,36.616056338028166,2.46,LOW,0.0,N,N,N,N,MASTER_V1.5,2026-06-29,2026-06-29 19:54:02.726587
3548,Antonio Conley,62,NY,2020-10-24,68,A,ENGAGED_MAINSTREAM,6013.49,100.0,3,3.0,132078.32,0.0,0.0,114.0,15051.74,-1867.8799999999992,UTILITIES,41.227456140350874,21.93,MODERATE,0.0,N,N,N,N,MASTER_V1.5,2026-06-29,2026-06-29 19:54:02.726587
3551,Noah Hernandez,76,MO,2015-05-06,133,A,ENGAGED_MAINSTREAM,10958.04,66.67,3,2.0,59012.52,25000.0,29.94,125.0,40281.78,-27192.21,UTILITIES,36.00104,9.82,LOW,0.0,N,N,N,N,MASTER_V1.5,2026-06-29,2026-06-29 19:54:02.726587
3571,Jason Estrada,48,ME,2012-05-17,169,A,GROWING_DIGITAL,9605.75,100.0,2,2.0,86487.41,0.0,0.0,61.0,5493.47,-3361.04,GROCERY,37.70508196721312,4.09,LOW,0.0,N,N,N,N,MASTER_V1.5,2026-06-29,2026-06-29 19:54:02.726587
3592,Samuel Anderson,67,PR,2018-08-28,94,A,ENGAGED_MAINSTREAM,11063.68,75.0,4,3.0,129297.19,5000.0,27.3,190.0,71325.05,-29578.940000000002,RETAIL,35.787368421052626,29.45,MODERATE,0.0,N,N,N,N,MASTER_V1.5,2026-06-29,2026-06-29 19:54:02.726587
3593,Patrick Downs,33,MH,2021-02-11,64,A,PREMIUM_WEALTH,7538.6,100.0,4,4.0,130491.94,10000.0,7.65,157.0,29482.23,-10745.969999999998,RESTAURANT,40.7624203821656,15.37,LOW,0.0,N,N,N,N,MASTER_V1.5,2026-06-29,2026-06-29 19:54:02.726587
3604,Annette Kelly,40,NH,2025-10-27,8,A,PREMIUM_WEALTH,953.67,100.0,4,4.0,150376.41,10000.0,57.96,200.0,17075.98,29767.600000000002,RETAIL,35.49995,15.91,LOW,0.0,N,N,N,N,MASTER_V1.5,2026-06-29,2026-06-29 19:54:02.726587
3623,Kenneth Brown,30,SD,2014-06-09,144,A,PREMIUM_WEALTH,12233.45,100.0,3,3.0,83056.2,0.0,0.0,120.0,27455.65,-13467.09,TRAVEL,38.33408333333333,22.54,MODERATE,0.0,N,N,N,N,MASTER_V1.5,2026-06-29,2026-06-29 19:54:02.726587
3632,Mark Chavez,21,WV,2020-03-24,75,A,PREMIUM_WEALTH,6359.73,100.0,3,3.0,81323.55,10000.0,1.67,118.0,6588.83,19772.04,RETAIL,33.89932203389831,25.18,MODERATE,0.0,N,N,N,N,MASTER_V1.5,2026-06-29,2026-06-29 19:54:02.726587
3633,Donna Lewis,29,KS,2020-05-10,73,A,CREDIT_DEPENDENT,4093.75,50.0,2,1.0,74290.86,5000.0,21.57,74.0,21367.41,-13045.75,GROCERY,44.59797297297297,8.82,LOW,0.0,N,N,N,N,MASTER_V1.5,2026-06-29,2026-06-29 19:54:02.726587
3635,Sara Yates,64,PW,2020-07-14,71,A,ENGAGED_MAINSTREAM,8405.08,100.0,4,4.0,138433.0,2000.0,86.53,169.0,18958.91,3450.6800000000003,RETAIL,37.86940828402367,30.18,MODERATE,0.0,N,N,N,N,MASTER_V1.5,2026-06-29,2026-06-29 19:54:02.726587
3640,Brian White,37,PR,2023-09-04,33,A,GROWING_DIGITAL,1804.34,100.0,2,2.0,56127.6,2000.0,11.75,73.0,5199.06,6625.0199999999995,UTILITIES,28.76561643835616,7.91,LOW,0.0,N,N,N,N,MASTER_V1.5,2026-06-29,2026-06-29 19:54:02.726587
3648,Matthew Johnson,39,MN,2026-04-20,2,A,PREMIUM_WEALTH,244.9,75.0,4,3.0,207982.83,25000.0,66.99,196.0,28109.37,-9366.599999999999,RETAIL,40.817806122448985,9.64,LOW,0.0,N,N,N,N,MASTER_V1.5,2026-06-29,2026-06-29 19:54:02.726587
3664,Michael Underwood,63,OR,2021-05-10,61,A,ENGAGED_MAINSTREAM,7182.52,100.0,4,4.0,129912.67,15000.0,14.7,191.0,28522.770000000004,399.3899999999958,UTILITIES,38.74319371727749,0.0,LOW,0.0,N,N,N,N,MASTER_V1.5,2026-06-29,2026-06-29 19:54:02.726587
3666,Jared Ortiz,43,LA,2012-04-12,170,A,GROWING_DIGITAL,9032.31,100.0,2,2.0,41201.97,5000.0,3.81,134.0,28125.17,-22183.309999999998,HEALTHCARE,36.56537313432836,14.09,LOW,0.0,N,N,N,N,MASTER_V1.5,2026-06-29,2026-06-29 19:54:02.726587
3672,Melody Thompson,43,MS,2015-05-08,133,A,PREMIUM_WEALTH,11351.17,100.0,3,3.0,87519.75,15000.0,95.86,147.0,25033.879999999997,-1295.5499999999993,RETAIL,38.09530612244898,16.09,LOW,0.0,N,N,N,N,MASTER_V1.5,2026-06-29,2026-06-29 19:54:02.726587
3673,Sarah Black,21,TX,2018-12-05,90,A,PREMIUM_WEALTH,7474.48,100.0,3,3.0,64427.67,25000.0,14.85,158.0,34833.22,-8168.200000000004,TRAVEL,32.9079746835443,14.07,LOW,0.0,N,N,N,N,MASTER_V1.5,2026-06-29,2026-06-29 19:54:02.726587
3676,George Duncan,44,TX,2015-11-23,127,A,GROWING_DIGITAL,6518.89,100.0,2,2.0,28737.77,10000.0,30.04,96.0,22267.699999999997,-11672.859999999999,INSURANCE,38.54645833333333,17.02,LOW,0.0,N,N,N,N,MASTER_V1.5,2026-06-29,2026-06-29 19:54:02.726587
3683,Emma Morgan,58,ID,2014-11-28,139,A,GROWING_DIGITAL,6649.95,100.0,2,2.0,14303.6,5000.0,18.89,133.0,28122.909999999996,-8501.069999999996,GROCERY,38.34571428571429,16.27,LOW,0.0,N,N,N,N,MASTER_V1.5,2026-06-29,2026-06-29 19:54:02.726587
3695,Alicia Griffith,79,AS,2020-06-09,72,A,GROWING_DIGITAL,3996.81,100.0,2,2.0,66320.87,0.0,0.0,119.0,33632.130000000005,-19700.180000000008,UTILITIES,40.338655462184875,14.02,LOW,0.0,N,N,N,N,MASTER_V1.5,2026-06-29,2026-06-29 19:54:02.726587
3716,Kelly Stone,38,NV,2024-04-12,26,A,GROWING_DIGITAL,636.25,100.0,1,1.0,17826.74,0.0,0.0,69.0,27658.8,-16107.66,RETAIL,39.13,15.79,LOW,0.0,N,Y,N,N,MASTER_V1.5,2026-06-29,2026-06-29 19:54:02.726587
3721,Veronica Meyer,82,VA,2014-05-15,145,A,ENGAGED_MAINSTREAM,12660.36,100.0,3,3.0,113744.25,2000.0,86.57,155.0,38959.29000000001,-19721.15000000001,HEALTHCARE,30.971225806451606,14.91,LOW,0.0,N,N,N,N,MASTER_V1.5,2026-06-29,2026-06-29 19:54:02.726587
3727,Anna Barrera,28,PW,2017-10-27,104,A,PREMIUM_WEALTH,8901.16,100.0,3,3.0,90376.43,0.0,0.0,109.0,23140.489999999998,-403.0699999999997,RETAIL,39.454678899082566,9.82,LOW,0.0,N,N,N,N,MASTER_V1.5,2026-06-29,2026-06-29 19:54:02.726587
3733,Curtis Wood,44,AZ,2013-05-05,157,A,GROWING_DIGITAL,3873.27,100.0,1,1.0,19306.63,0.0,0.0,44.0,1659.27,13332.529999999999,RETAIL,38.64,22.55,MODERATE,0.0,N,Y,N,N,MASTER_V1.5,2026-06-29,2026-06-29 19:54:02.726587
3745,Pamela Rodriguez,28,AR,2025-09-17,9,A,VALUE_BASIC,167.76,100.0,1,1.0,1730.5,5000.0,34.61,77.0,4879.48,-533.2299999999996,HEALTHCARE,33.77,19.74,LOW,0.0,N,Y,N,N,MASTER_V1.5,2026-06-29,2026-06-29 19:54:02.726587
3757,Richard Hines,31,ID,2023-03-10,39,A,GROWING_DIGITAL,2131.59,100.0,2,2.0,55893.63,25000.0,16.1,70.0,4732.04,14403.989999999998,GROCERY,41.425285714285714,21.55,MODERATE,0.0,N,N,N,N,MASTER_V1.5,2026-06-29,2026-06-29 19:54:02.726587
3761,Nicole Miranda,78,WY,2023-11-19,31,A,ENGAGED_MAINSTREAM,2526.38,100.0,3,3.0,52373.64,10000.0,45.82,156.0,26107.17,-7434.559999999998,RESTAURANT,38.46205128205128,14.0,LOW,0.0,N,N,N,N,MASTER_V1.5,2026-06-29,2026-06-29 19:54:02.726587
3768,Tina Hughes,18,IN,2013-03-26,159,A,VALUE_BASIC,2823.92,100.0,1,1.0,1217.08,0.0,0.0,76.0,16364.73,1813.619999999999,HEALTHCARE,38.15,15.54,LOW,0.0,N,Y,Y,N,MASTER_V1.5,2026-06-29,2026-06-29 19:54:02.726587
3778,Caitlyn Cooper,27,CT,2021-07-04,59,A,PREMIUM_WEALTH,5122.76,66.67,3,2.0,106602.34,0.0,0.0,139.0,33812.41,-29484.070000000003,RETAIL,35.96798561151079,6.36,LOW,0.0,N,N,N,N,MASTER_V1.5,2026-06-29,2026-06-29 19:54:02.726587
3808,Kimberly Thomas,69,AR,2017-07-14,107,A,ENGAGED_MAINSTREAM,8894.91,100.0,3,3.0,65120.46,0.0,0.0,109.0,38473.240000000005,-28955.910000000003,UTILITIES,34.86834862385321,5.37,LOW,0.0,N,N,N,N,MASTER_V1.5,2026-06-29,2026-06-29 19:54:02.726587
3810,Henry Soto,79,WY,2024-01-12,29,A,ENGAGED_MAINSTREAM,2405.57,100.0,3,3.0,63583.2,5000.0,10.38,148.0,26771.21,-6716.09,GROCERY,32.43324324324324,11.18,LOW,0.0,N,N,N,N,MASTER_V1.5,2026-06-29,2026-06-29 19:54:02.726587
3821,William Carter,45,VI,2021-10-21,56,A,PREMIUM_WEALTH,6503.93,75.0,4,3.0,110653.67,15000.0,75.82,215.0,64394.7,-35907.74,PAWN_SHOP,41.859674418604655,8.09,LOW,0.0,N,N,N,N,MASTER_V1.5,2026-06-29,2026-06-29 19:54:02.726587
3832,Barbara Snyder,29,NV,2016-04-07,122,A,VALUE_BASIC,2316.15,100.0,1,1.0,1986.08,0.0,0.0,34.0,11570.58,-10523.43,PAWN_SHOP,38.24000000000001,3.73,LOW,0.0,N,Y,Y,N,MASTER_V1.5,2026-06-29,2026-06-29 19:54:02.726587
3848,Heather Cooper,22,MS,2014-10-18,140,A,GROWING_DIGITAL,3907.72,100.0,1,1.0,70609.97,0.0,0.0,73.0,13914.69,-5432.630000000001,RESTAURANT,41.099999999999994,21.73,MODERATE,0.0,N,Y,N,N,MASTER_V1.5,2026-06-29,2026-06-29 19:54:02.726587
3858,Kyle Nguyen,29,DC,2014-08-17,142,A,PREMIUM_WEALTH,7477.14,100.0,2,2.0,37465.93,5000.0,43.17,99.0,33587.11,-20615.27,TRAVEL,33.33575757575757,11.09,LOW,0.0,N,N,N,N,MASTER_V1.5,2026-06-29,2026-06-29 19:54:02.726587
3862,Brandon Moyer,56,TN,2024-03-12,27,A,VALUE_BASIC,624.21,100.0,1,1.0,10379.74,0.0,0.0,44.0,2013.14,11993.900000000001,GROCERY,36.36,24.18,MODERATE,0.0,N,Y,N,N,MASTER_V1.5,2026-06-29,2026-06-29 19:54:02.726587
3865,Christina Gould,61,KS,2018-04-21,98,A,ENGAGED_MAINSTREAM,5390.96,100.0,2,2.0,59992.1,10000.0,73.43,126.0,7790.650000000001,8945.220000000001,RETAIL,29.360238095238095,13.55,LOW,0.0,N,N,N,N,MASTER_V1.5,2026-06-29,2026-06-29 19:54:02.726587
3867,Timothy Nelson,36,MD,2013-06-15,156,A,GROWING_DIGITAL,8418.17,100.0,2,2.0,48656.02,0.0,0.0,103.0,6287.3099999999995,25562.18,RESTAURANT,40.773786407767,24.53,MODERATE,0.0,N,N,N,N,MASTER_V1.5,2026-06-29,2026-06-29 19:54:02.726587
3870,Ronnie Brown,31,KS,2023-07-26,35,A,PREMIUM_WEALTH,4249.49,100.0,4,4.0,187474.95,2000.0,93.84,177.0,20466.34,-14003.58,UTILITIES,30.505988700564973,14.82,LOW,0.0,N,N,N,N,MASTER_V1.5,2026-06-29,2026-06-29 19:54:02.726587
3877,Lisa Patterson,24,DC,2025-12-04,6,A,PREMIUM_WEALTH,487.08,100.0,3,3.0,50216.05,15000.0,27.99,135.0,24382.69,140.07000000000335,RETAIL,30.373407407407406,26.0,MODERATE,0.0,N,N,N,N,MASTER_V1.5,2026-06-29,2026-06-29 19:54:02.726587
3894,Alan Davis,79,MH,2017-02-12,112,A,GROWING_DIGITAL,5950.57,100.0,2,2.0,41192.42,2000.0,1.38,85.0,10537.59,28909.559999999994,GAS_STATION,35.294117647058826,23.18,MODERATE,0.0,N,N,N,N,MASTER_V1.5,2026-06-29,2026-06-29 19:54:02.726587
3909,Brenda Bowman,31,PR,2021-04-18,62,A,GROWING_DIGITAL,1703.57,100.0,1,1.0,59322.4,0.0,0.0,56.0,4407.02,-2657.1900000000005,GAS_STATION,33.93,19.91,LOW,0.0,N,Y,N,N,MASTER_V1.5,2026-06-29,2026-06-29 19:54:02.726587
3913,Deanna Mclaughlin,57,VT,2018-10-15,92,A,GROWING_DIGITAL,2518.7,100.0,1,1.0,57002.58,0.0,0.0,17.0,540.29,485.6300000000001,GROCERY,58.82000000000001,12.73,LOW,0.0,N,Y,N,N,MASTER_V1.5,2026-06-29,2026-06-29 19:54:02.726587
3916,Cheryl Hardy,31,ND,2023-01-19,41,A,CREDIT_DEPENDENT,2060.74,50.0,2,1.0,23211.42,25000.0,36.91,69.0,2403.45,12730.670000000002,UTILITIES,46.377681159420284,8.0,LOW,0.0,N,N,N,N,MASTER_V1.5,2026-06-29,2026-06-29 19:54:02.726587
3920,Daniel Henry,50,ND,2018-11-30,91,A,VALUE_BASIC,2091.29,100.0,1,1.0,9823.21,25000.0,39.29,35.0,9714.87,-8340.960000000001,RETAIL,17.14,27.18,MODERATE,0.0,N,Y,Y,N,MASTER_V1.5,2026-06-29,2026-06-29 19:54:02.726587
3930,Kayla Harris,35,DC,2026-05-16,1,A,GROWING_DIGITAL,27.61,100.0,1,1.0,62458.76,0.0,0.0,37.0,12390.23,-11402.77,GAS_STATION,37.83,9.45,LOW,0.0,N,Y,N,N,MASTER_V1.5,2026-06-29,2026-06-29 19:54:02.726587
3960,Michael Parker,61,NV,2016-05-12,121,A,ENGAGED_MAINSTREAM,14615.81,100.0,4,4.0,176165.56,15000.0,59.04,232.0,60772.68,-27824.809999999998,UTILITIES,36.63741379310345,12.55,LOW,0.0,N,N,N,N,MASTER_V1.5,2026-06-29,2026-06-29 19:54:02.726587
3967,Rachel Peterson,66,AS,2021-03-10,63,A,ENGAGED_MAINSTREAM,3513.67,100.0,2,2.0,69878.58,10000.0,58.14,93.0,6839.9,7931.020000000002,RESTAURANT,33.33612903225806,14.91,LOW,0.0,N,N,N,N,MASTER_V1.5,2026-06-29,2026-06-29 19:54:02.726587
3983,John Murray,82,LA,2018-04-01,98,A,ENGAGED_MAINSTREAM,11414.49,75.0,4,3.0,114398.44,5000.0,8.09,211.0,48615.37,-21597.910000000003,TRAVEL,39.338483412322276,5.72,LOW,0.0,N,N,N,N,MASTER_V1.5,2026-06-29,2026-06-29 19:54:02.726587
3989,Adam Gonzalez,83,CT,2013-04-15,158,A,ENGAGED_MAINSTREAM,13551.1,100.0,3,3.0,92551.97,5000.0,69.77,145.0,8689.32,13868.45,RETAIL,37.92744827586207,5.36,LOW,0.0,N,N,N,N,MASTER_V1.5,2026-06-29,2026-06-29 19:54:02.726587
4004,Danielle Wong,44,AS,2026-04-03,2,A,CREDIT_DEPENDENT,107.05,50.0,2,1.0,44581.09,0.0,0.0,77.0,4443.6,-760.3700000000003,RESTAURANT,35.06909090909091,13.88,LOW,0.0,N,N,N,N,MASTER_V1.5,2026-06-29,2026-06-29 19:54:02.726587
4006,Kelly Jenkins,59,AS,2019-10-17,80,A,ENGAGED_MAINSTREAM,6770.34,66.67,3,2.0,79530.72,0.0,0.0,104.0,20439.96,-6588.110000000001,TRAVEL,38.46278846153846,19.27,LOW,0.0,N,N,N,N,MASTER_V1.5,2026-06-29,2026-06-29 19:54:02.726587
4014,Amber Jackson,50,OK,2023-09-21,33,A,PREMIUM_WEALTH,2295.15,66.67,3,2.0,10650.05,2000.0,54.72,123.0,18735.5,14298.729999999996,RESTAURANT,38.209756097560984,9.15,LOW,0.0,N,N,N,N,MASTER_V1.5,2026-06-29,2026-06-29 19:54:02.726587
4029,Christopher Larson,29,WY,2017-02-28,112,A,PREMIUM_WEALTH,9465.87,100.0,3,3.0,78346.65,0.0,0.0,164.0,47527.83,-25047.49,TRAVEL,37.19731707317073,20.0,MODERATE,0.0,N,N,N,N,MASTER_V1.5,2026-06-29,2026-06-29 19:54:02.726587
4052,Maria Willis,65,MA,2014-09-09,141,A,ENGAGED_MAINSTREAM,16585.48,100.0,4,4.0,128380.4,15000.0,27.04,159.0,15887.0,-681.2099999999991,RESTAURANT,46.54333333333334,15.45,LOW,0.0,N,N,N,N,MASTER_V1.5,2026-06-29,2026-06-29 19:54:02.726587
4056,Tina Williams,25,SD,2016-08-03,118,A,CREDIT_DEPENDENT,6512.77,0.0,2,0.0,62229.57,0.0,0.0,68.0,13634.1,-9689.050000000001,RETAIL,42.6439705882353,17.19,LOW,0.0,N,N,N,Y,MASTER_V1.5,2026-06-29,2026-06-29 19:54:02.726587
4066,Christopher Nelson,48,IL,2012-12-07,162,A,GROWING_DIGITAL,8929.18,100.0,2,2.0,61308.57,0.0,0.0,119.0,21078.809999999998,-15707.679999999997,UTILITIES,39.497142857142855,9.82,LOW,0.0,N,N,N,N,MASTER_V1.5,2026-06-29,2026-06-29 19:54:02.726587
4072,Matthew Green,25,HI,2012-11-02,163,A,GROWING_DIGITAL,4299.39,100.0,1,1.0,38202.64,0.0,0.0,68.0,23322.29,-12602.830000000002,RESTAURANT,41.17999999999999,9.91,LOW,0.0,N,Y,N,N,MASTER_V1.5,2026-06-29,2026-06-29 19:54:02.726587
4077,Marissa Medina,39,DC,2012-05-31,169,A,VALUE_BASIC,3470.7,100.0,1,1.0,3694.74,5000.0,73.89,73.0,2356.15,18267.199999999997,HEALTHCARE,54.79999999999999,27.0,MODERATE,0.0,N,Y,Y,N,MASTER_V1.5,2026-06-29,2026-06-29 19:54:02.726587
4084,Angela Graham,32,PW,2022-07-16,47,A,PREMIUM_WEALTH,4176.23,100.0,3,3.0,139728.82,10000.0,84.31,122.0,36805.439999999995,-31903.939999999995,UTILITIES,45.085983606557384,26.12,MODERATE,0.0,N,N,N,N,MASTER_V1.5,2026-06-29,2026-06-29 19:54:02.726587
4085,Kristina Baker,52,TN,2012-03-27,171,A,VALUE_BASIC,3549.59,100.0,1,1.0,4036.47,5000.0,80.73,28.0,8808.18,-7628.18,CRYPTO_EXCHANGE,28.58,7.73,LOW,0.0,N,Y,Y,N,MASTER_V1.5,2026-06-29,2026-06-29 19:54:02.726587
4088,Kyle Flores,47,DE,2023-03-01,39,A,GROWING_DIGITAL,1063.34,100.0,1,1.0,54507.94,0.0,0.0,64.0,5152.32,-3183.91,RETAIL,28.130000000000006,14.73,LOW,0.0,N,Y,N,N,MASTER_V1.5,2026-06-29,2026-06-29 19:54:02.726587
4096,Heather Wells,56,ND,2024-08-21,22,A,ENGAGED_MAINSTREAM,1874.18,100.0,3,3.0,85704.52,2000.0,85.55,173.0,43570.840000000004,-9683.060000000005,RESTAURANT,41.038670520231214,13.18,LOW,0.0,N,N,N,N,MASTER_V1.5,2026-06-29,2026-06-29 19:54:02.726587
4121,Tracy Johnson,42,ME,2022-07-25,47,A,CREDIT_DEPENDENT,1144.13,0.0,1,0.0,16937.03,0.0,0.0,73.0,12180.43,-10221.32,GROCERY,34.25,7.0,LOW,0.0,N,N,N,N,MASTER_V1.5,2026-06-29,2026-06-29 19:54:02.726587
4141,Leonard Riley,81,FL,2026-04-22,2,A,ENGAGED_MAINSTREAM,103.85,100.0,2,2.0,32369.3,2000.0,38.8,115.0,13479.61,1967.1399999999994,UTILITIES,32.176521739130436,14.82,LOW,0.0,N,N,N,N,MASTER_V1.5,2026-06-29,2026-06-29 19:54:02.726587
4160,Darlene Lee,35,PA,2024-04-06,26,A,GROWING_DIGITAL,1431.37,100.0,2,2.0,60507.3,0.0,0.0,69.0,3785.99,9788.59,UTILITIES,36.229565217391304,27.7,MODERATE,0.0,N,N,N,N,MASTER_V1.5,2026-06-29,2026-06-29 19:54:02.726587
4170,Craig Mendez,31,MS,2019-07-28,83,A,PREMIUM_WEALTH,10030.24,100.0,4,4.0,177128.61,5000.0,93.87,202.0,31473.96,4152.690000000002,TRAVEL,37.13,4.55,LOW,0.0,N,N,N,N,MASTER_V1.5,2026-06-29,2026-06-29 19:54:02.726587
4178,Leah Patterson,80,AR,2011-12-12,174,A,GROWING_DIGITAL,4721.05,100.0,1,1.0,51688.39,0.0,0.0,56.0,21725.48,-8162.73,GROCERY,32.15,11.55,LOW,0.0,N,Y,N,N,MASTER_V1.5,2026-06-29,2026-06-29 19:54:02.726587
4202,Christopher Meyer,32,NH,2011-07-26,179,A,PREMIUM_WEALTH,20537.21,100.0,4,4.0,96115.27,10000.0,15.77,216.0,19896.71,30511.43,UTILITIES,36.109027777777776,16.18,LOW,0.0,N,N,N,N,MASTER_V1.5,2026-06-29,2026-06-29 19:54:02.726587
4207,Stacy Davis,47,TX,2021-11-26,55,A,GROWING_DIGITAL,1393.85,100.0,1,1.0,25263.51,0.0,0.0,17.0,14982.22,-14634.4,RESTAURANT,23.529999999999998,12.91,LOW,0.0,N,Y,N,N,MASTER_V1.5,2026-06-29,2026-06-29 19:54:02.726587
4227,Joshua Gardner,49,MD,2017-07-17,107,A,GROWING_DIGITAL,2924.72,100.0,1,1.0,56023.5,0.0,0.0,73.0,3457.27,7162.65,TRAVEL,41.099999999999994,6.82,LOW,0.0,N,Y,N,N,MASTER_V1.5,2026-06-29,2026-06-29 19:54:02.726587
4228,James Kelley,82,PA,2017-11-23,103,A,ENGAGED_MAINSTREAM,12104.38,100.0,4,4.0,126985.26,15000.0,73.07,204.0,18496.77,2593.2299999999996,RESTAURANT,40.19764705882353,15.55,LOW,0.0,N,N,N,N,MASTER_V1.5,2026-06-29,2026-06-29 19:54:02.726587
4259,Kathleen Brown,51,NM,2021-11-30,55,A,VALUE_BASIC,2058.35,100.0,2,2.0,1780.97,2000.0,39.47,103.0,29805.420000000002,-7031.48,GAS_STATION,37.86310679611651,5.09,LOW,0.0,N,N,Y,N,MASTER_V1.5,2026-06-29,2026-06-29 19:54:02.726587
4301,Amanda Stokes,62,TN,2015-01-06,137,A,ENGAGED_MAINSTREAM,11705.66,100.0,3,3.0,88642.37,5000.0,53.69,83.0,44481.94,-33721.51,UTILITIES,39.758554216867466,10.45,LOW,0.0,N,N,N,N,MASTER_V1.5,2026-06-29,2026-06-29 19:54:02.726587
4318,James Fleming,82,DC,2015-04-10,134,A,ENGAGED_MAINSTREAM,14002.79,100.0,4,4.0,34539.01,15000.0,65.13,219.0,45405.64,37631.69,RETAIL,40.18324200913242,7.56,LOW,0.0,N,N,N,N,MASTER_V1.5,2026-06-29,2026-06-29 19:54:02.726587
4319,Laura Hall,30,NC,2016-08-17,118,A,PREMIUM_WEALTH,13813.3,100.0,4,4.0,121320.42,10000.0,96.05,239.0,60836.17,-33.720000000001164,TRAVEL,45.608410041841005,17.27,LOW,0.0,N,N,N,N,MASTER_V1.5,2026-06-29,2026-06-29 19:54:02.726587
4325,David Glover,35,NJ,2019-05-30,85,A,GROWING_DIGITAL,2336.2,100.0,1,1.0,59509.07,0.0,0.0,68.0,28279.8,-26187.19,UTILITIES,33.83,32.27,MODERATE,0.0,N,Y,N,N,MASTER_V1.5,2026-06-29,2026-06-29 19:54:02.726587
4335,Cassandra Lopez,19,WI,2021-09-15,57,A,CREDIT_DEPENDENT,3088.94,50.0,2,1.0,50939.01,2000.0,18.23,65.0,32790.21,-30252.84,HEALTHCARE,38.4576923076923,9.09,LOW,0.0,N,N,N,N,MASTER_V1.5,2026-06-29,2026-06-29 19:54:02.726587
4336,Alan Holland,70,AK,2017-09-16,105,A,ENGAGED_MAINSTREAM,7281.48,100.0,3,3.0,10366.43,25000.0,24.46,134.0,38686.47,-30189.13,WIRE_TRANSFER_INTL,41.79134328358209,3.91,LOW,0.0,N,N,N,N,MASTER_V1.5,2026-06-29,2026-06-29 19:54:02.726587
4342,Amanda Vasquez,42,CT,2025-09-26,9,A,VALUE_BASIC,204.77,100.0,1,1.0,8962.15,0.0,0.0,34.0,3741.17,6691.360000000001,RESTAURANT,29.409999999999993,26.82,MODERATE,0.0,N,Y,N,N,MASTER_V1.5,2026-06-29,2026-06-29 19:54:02.726587
4363,Shelby Johnston,45,WI,2016-04-23,122,A,VALUE_BASIC,2773.1,100.0,1,1.0,8885.04,25000.0,35.54,26.0,19554.5,-12934.0,RETAIL,42.300000000000004,14.64,LOW,0.0,N,Y,Y,N,MASTER_V1.5,2026-06-29,2026-06-29 19:54:02.726587
4364,Hunter Castaneda,58,AZ,2024-02-01,28,A,GROWING_DIGITAL,1595.53,100.0,2,2.0,89020.25,0.0,0.0,71.0,11773.789999999999,10946.449999999999,RESTAURANT,33.80605633802817,15.18,LOW,0.0,N,N,N,N,MASTER_V1.5,2026-06-29,2026-06-29 19:54:02.726587
4382,Barbara Ross,55,KS,2018-04-01,98,A,GROWING_DIGITAL,2355.17,100.0,1,1.0,14957.23,0.0,0.0,59.0,20719.58,-12597.780000000002,CRYPTO_EXCHANGE,45.76,9.82,LOW,0.0,N,Y,N,N,MASTER_V1.5,2026-06-29,2026-06-29 19:54:02.726587
4400,Michael Wells,44,MN,2011-07-06,179,A,PREMIUM_WEALTH,15304.55,66.67,3,2.0,89324.9,0.0,0.0,188.0,42416.21,-9175.39,RETAIL,42.554414893617015,5.64,LOW,0.0,N,N,N,N,MASTER_V1.5,2026-06-29,2026-06-29 19:54:02.726587
4403,Christopher Williams,20,AL,2018-06-30,96,A,GROWING_DIGITAL,2424.92,100.0,1,1.0,24436.24,0.0,0.0,35.0,1721.42,1101.71,HEALTHCARE,40.0,49.0,ELEVATED,0.0,N,Y,N,N,MASTER_V1.5,2026-06-29,2026-06-29 19:54:02.726587
4406,Corey Henry,28,AK,2017-03-05,111,A,PREMIUM_WEALTH,13069.68,100.0,4,4.0,129895.72,15000.0,17.29,175.0,29539.04,42404.91999999999,UTILITIES,40.57257142857142,31.0,MODERATE,0.0,N,N,N,N,MASTER_V1.5,2026-06-29,2026-06-29 19:54:02.726587
4414,William Walters,21,OK,2025-03-18,15,A,PREMIUM_WEALTH,840.77,100.0,2,2.0,73881.2,10000.0,22.21,80.0,18589.780000000002,9134.499999999996,TRAVEL,36.247749999999996,19.73,LOW,0.0,N,N,N,N,MASTER_V1.5,2026-06-29,2026-06-29 19:54:02.726587
4425,Donna Robinson,63,CT,2011-09-10,177,A,GROWING_DIGITAL,15135.41,100.0,3,3.0,89450.5,0.0,0.0,124.0,19810.280000000002,-4684.590000000002,HEALTHCARE,32.259677419354844,22.45,MODERATE,0.0,N,N,N,N,MASTER_V1.5,2026-06-29,2026-06-29 19:54:02.726587
4427,Maria Wells,41,MD,2014-11-29,139,A,GROWING_DIGITAL,7024.77,100.0,2,2.0,24528.32,25000.0,19.98,85.0,11103.26,209.65999999999985,RESTAURANT,37.63988235294118,15.09,LOW,0.0,N,N,N,N,MASTER_V1.5,2026-06-29,2026-06-29 19:54:02.726587
4429,Ashley Lloyd,82,OR,2016-03-29,123,A,ENGAGED_MAINSTREAM,10526.21,100.0,3,3.0,90266.9,15000.0,23.45,148.0,17545.899999999998,19099.19,RETAIL,44.59756756756757,11.55,LOW,0.0,N,N,N,N,MASTER_V1.5,2026-06-29,2026-06-29 19:54:02.726587
4436,Alexis Dean,56,NY,2013-11-07,151,A,GROWING_DIGITAL,13413.7,100.0,3,3.0,139291.36,0.0,0.0,163.0,38023.479999999996,23174.060000000005,GROCERY,39.87546012269939,32.64,MODERATE,0.0,N,N,N,N,MASTER_V1.5,2026-06-29,2026-06-29 19:54:02.726587
4456,Lisa Cruz,26,DE,2012-10-26,164,A,PREMIUM_WEALTH,9271.72,100.0,2,2.0,81387.04,5000.0,97.85,109.0,18129.35,-12745.71,GROCERY,39.448715596330274,7.55,LOW,0.0,N,N,N,N,MASTER_V1.5,2026-06-29,2026-06-29 19:54:02.726587
4464,Robert Clark,74,NJ,2013-11-22,151,A,ENGAGED_MAINSTREAM,17469.4,75.0,4,3.0,105782.22,15000.0,24.33,156.0,17170.35,13497.11,RETAIL,33.334487179487176,16.64,LOW,0.0,N,N,N,N,MASTER_V1.5,2026-06-29,2026-06-29 19:54:02.726587
4477,Amanda Townsend,19,VT,2021-06-21,60,A,GROWING_DIGITAL,1560.15,100.0,1,1.0,32892.01,0.0,0.0,28.0,1298.83,-247.6199999999999,GAS_STATION,53.57000000000001,33.91,MODERATE,0.0,N,Y,N,N,MASTER_V1.5,2026-06-29,2026-06-29 19:54:02.726587
4483,Michele Martinez,53,MP,2020-03-23,75,A,PREMIUM_WEALTH,9054.93,100.0,4,4.0,175122.0,2000.0,99.85,144.0,33100.43,-14395.349999999999,RESTAURANT,39.58118055555555,13.18,LOW,0.0,N,N,N,N,MASTER_V1.5,2026-06-29,2026-06-29 19:54:02.726587
4492,Kenneth Green,68,WI,2016-11-13,115,A,ENGAGED_MAINSTREAM,13693.7,75.0,4,3.0,148385.54,2000.0,9.74,130.0,8966.4,7285.299999999999,TRAVEL,37.69123076923076,23.03,MODERATE,0.0,N,N,N,N,MASTER_V1.5,2026-06-29,2026-06-29 19:54:02.726587
4498,Bethany Gordon,69,ID,2018-03-20,99,A,ENGAGED_MAINSTREAM,11268.94,100.0,4,4.0,87796.08,10000.0,88.81,164.0,24486.870000000003,-3147.9900000000016,UTILITIES,32.92853658536585,13.73,LOW,0.0,N,N,N,N,MASTER_V1.5,2026-06-29,2026-06-29 19:54:02.726587
4501,Penny Carroll,41,ID,2022-02-03,52,A,PREMIUM_WEALTH,5985.52,100.0,4,4.0,99768.75,10000.0,39.41,200.0,34349.71,-14778.619999999999,TRAVEL,40.99815,12.16,LOW,0.0,N,N,N,N,MASTER_V1.5,2026-06-29,2026-06-29 19:54:02.726587
4502,Susan Hernandez,66,HI,2022-09-23,45,A,ENGAGED_MAINSTREAM,5385.53,100.0,4,4.0,157605.36,2000.0,62.35,217.0,30815.249999999996,5898.390000000003,RETAIL,36.86304147465438,10.91,LOW,0.0,N,N,N,N,MASTER_V1.5,2026-06-29,2026-06-29 19:54:02.726587
4503,Elaine Freeman,31,MS,2012-10-29,164,A,PREMIUM_WEALTH,13027.02,66.67,3,2.0,39778.17,10000.0,74.81,178.0,33402.04,6043.93,UTILITIES,35.395337078651686,9.0,LOW,0.0,N,N,N,N,MASTER_V1.5,2026-06-29,2026-06-29 19:54:02.726587
4516,Brian Ramirez,64,MT,2024-11-23,19,A,CREDIT_DEPENDENT,975.76,50.0,2,1.0,28886.59,15000.0,20.88,125.0,22358.34,3796.130000000001,RESTAURANT,38.404160000000005,8.91,LOW,0.0,N,N,N,N,MASTER_V1.5,2026-06-29,2026-06-29 19:54:02.726587
4526,Dawn Vazquez,78,VI,2025-03-05,15,A,CREDIT_DEPENDENT,408.95,0.0,1,0.0,54471.15,0.0,0.0,62.0,23535.77,-21878.23,HEALTHCARE,38.709999999999994,1.09,LOW,0.0,N,N,N,N,MASTER_V1.5,2026-06-29,2026-06-29 19:54:02.726587
4537,Heidi Haas,20,DC,2012-02-12,172,A,CREDIT_DEPENDENT,9098.79,50.0,2,1.0,39339.6,5000.0,20.66,82.0,4155.57,18867.420000000002,RESTAURANT,32.9290243902439,19.26,LOW,0.0,N,N,N,N,MASTER_V1.5,2026-06-29,2026-06-29 19:54:02.726587
4540,Heather Yates,27,UT,2018-09-21,93,A,PREMIUM_WEALTH,10995.52,100.0,4,4.0,136371.61,25000.0,52.47,146.0,15948.240000000002,-9165.740000000002,UTILITIES,43.83623287671233,15.53,LOW,0.0,N,N,N,N,MASTER_V1.5,2026-06-29,2026-06-29 19:54:02.726587
4553,Nicholas Romero,27,WA,2020-08-24,70,A,GROWING_DIGITAL,4132.52,100.0,2,2.0,134215.49,0.0,0.0,85.0,16533.89,-6382.630000000001,RETAIL,43.52729411764705,12.09,LOW,0.0,N,N,N,N,MASTER_V1.5,2026-06-29,2026-06-29 19:54:02.726587
4561,Sara Hernandez,41,FM,2020-01-13,77,A,GROWING_DIGITAL,2117.52,100.0,1,1.0,59880.83,0.0,0.0,45.0,8373.97,3072.17,HEALTHCARE,35.559999999999995,7.91,LOW,0.0,N,Y,N,N,MASTER_V1.5,2026-06-29,2026-06-29 19:54:02.726587
4565,Eric Ortiz,54,VI,2022-03-27,51,A,VALUE_BASIC,1095.1,100.0,1,1.0,5372.19,0.0,0.0,64.0,2808.86,12122.14,GAS_STATION,35.94,23.82,MODERATE,0.0,N,Y,Y,N,MASTER_V1.5,2026-06-29,2026-06-29 19:54:02.726587
4584,Duane Jones,37,TX,2017-12-30,102,A,GROWING_DIGITAL,8487.88,100.0,3,3.0,65859.07,5000.0,3.95,118.0,17495.66,27445.680000000004,GROCERY,36.44406779661017,7.27,LOW,0.0,N,N,N,N,MASTER_V1.5,2026-06-29,2026-06-29 19:54:02.726587
4596,John Moreno,63,PR,2014-03-02,147,A,GROWING_DIGITAL,12759.18,100.0,3,3.0,106186.11,0.0,0.0,151.0,30514.56,-11709.220000000001,UTILITIES,39.07225165562914,11.91,LOW,0.0,N,N,N,N,MASTER_V1.5,2026-06-29,2026-06-29 19:54:02.726587
4605,Robin Brady,26,MO,2025-11-11,7,A,CREDIT_DEPENDENT,358.84,50.0,2,1.0,28358.01,5000.0,11.79,138.0,17145.84,2813.9900000000016,UTILITIES,39.85442028985507,1.82,LOW,0.0,N,N,N,N,MASTER_V1.5,2026-06-29,2026-06-29 19:54:02.726587
4611,Bryan Woods,36,MO,2022-05-10,49,A,GROWING_DIGITAL,1333.57,100.0,1,1.0,53438.01,0.0,0.0,24.0,814.38,1635.8199999999997,GAS_STATION,58.34,19.0,LOW,0.0,N,Y,N,N,MASTER_V1.5,2026-06-29,2026-06-29 19:54:02.726587
4662,Darryl Kent,76,OR,2023-02-05,40,A,CREDIT_DEPENDENT,2333.8,50.0,2,1.0,116891.55,0.0,0.0,70.0,23052.73,-13138.619999999999,UTILITIES,49.99428571428571,18.09,LOW,0.0,N,N,N,N,MASTER_V1.5,2026-06-29,2026-06-29 19:54:02.726587
4673,Sarah Jones,41,WI,2025-08-11,10,A,PREMIUM_WEALTH,1172.03,100.0,4,4.0,123040.86,2000.0,38.42,180.0,31950.02,-5005.59,RETAIL,37.22388888888889,20.82,MODERATE,0.0,N,N,N,N,MASTER_V1.5,2026-06-29,2026-06-29 19:54:02.726587
4674,Sandra Bowman,37,VT,2018-07-15,95,A,GROWING_DIGITAL,2412.7,100.0,1,1.0,25815.46,0.0,0.0,20.0,1434.33,-458.9599999999999,GROCERY,45.0,16.54,LOW,0.0,N,Y,N,N,MASTER_V1.5,2026-06-29,2026-06-29 19:54:02.726587
4698,Timothy Carter,78,NY,2017-10-30,104,A,VALUE_BASIC,2214.08,100.0,1,1.0,4992.42,0.0,0.0,80.0,4684.78,10140.5,RESTAURANT,32.5,15.36,LOW,0.0,N,Y,Y,N,MASTER_V1.5,2026-06-29,2026-06-29 19:54:02.726587
4705,Timothy Ray,49,PR,2019-10-04,80,A,GROWING_DIGITAL,6940.27,100.0,3,3.0,105567.88,0.0,0.0,79.0,19522.0,-6127.129999999999,HEALTHCARE,51.89810126582278,9.82,LOW,0.0,N,N,N,N,MASTER_V1.5,2026-06-29,2026-06-29 19:54:02.726587
4707,Amber Ortiz,74,MO,2021-12-30,54,A,ENGAGED_MAINSTREAM,6544.76,100.0,4,4.0,183492.85,5000.0,74.0,179.0,30607.68,9220.190000000002,RESTAURANT,40.22385474860335,21.84,MODERATE,0.0,N,N,N,N,MASTER_V1.5,2026-06-29,2026-06-29 19:54:02.726587
4737,Brian Schmidt,37,KS,2012-02-14,172,A,GROWING_DIGITAL,4090.6,100.0,1,1.0,13534.7,0.0,0.0,37.0,2608.38,21243.28,GAS_STATION,40.540000000000006,17.55,LOW,0.0,N,Y,N,N,MASTER_V1.5,2026-06-29,2026-06-29 19:54:02.726587
4746,Stephanie Cole,56,GU,2016-12-17,114,A,GROWING_DIGITAL,2819.13,100.0,1,1.0,19765.66,0.0,0.0,60.0,21879.46,-10199.74,RETAIL,38.33,24.45,MODERATE,0.0,N,Y,N,N,MASTER_V1.5,2026-06-29,2026-06-29 19:54:02.726587
4758,Tabitha Johnson,67,FM,2026-01-15,5,A,ENGAGED_MAINSTREAM,578.03,75.0,4,3.0,104885.83,15000.0,95.17,135.0,24234.34,-856.890000000003,HEALTHCARE,39.25866666666667,9.73,LOW,0.0,N,N,N,N,MASTER_V1.5,2026-06-29,2026-06-29 19:54:02.726587
4759,Derek Baird,40,SC,2019-08-25,82,A,PREMIUM_WEALTH,7036.12,66.67,3,2.0,93045.72,10000.0,40.83,150.0,8222.85,12806.83,GROCERY,33.3348,16.18,LOW,0.0,N,N,N,N,MASTER_V1.5,2026-06-29,2026-06-29 19:54:02.726587
4769,Katie Medina,38,VI,2023-11-21,31,A,PREMIUM_WEALTH,3569.7,100.0,4,4.0,100223.03,15000.0,10.4,136.0,35258.03,8050.020000000004,RETAIL,42.64551470588234,12.44,LOW,0.0,N,N,N,N,MASTER_V1.5,2026-06-29,2026-06-29 19:54:02.726587
4777,Kathleen Cole,69,AL,2017-07-12,107,A,ENGAGED_MAINSTREAM,12600.57,100.0,4,4.0,130122.47,2000.0,10.55,226.0,20441.29,-7862.4400000000005,RESTAURANT,35.84446902654867,20.27,MODERATE,0.0,N,N,N,N,MASTER_V1.5,2026-06-29,2026-06-29 19:54:02.726587
4778,Jennifer Jacobs,29,VI,2012-11-23,163,A,GROWING_DIGITAL,4118.01,100.0,1,1.0,24478.64,0.0,0.0,41.0,25580.51,-2831.489999999998,RESTAURANT,41.47,26.91,MODERATE,0.0,N,Y,N,N,MASTER_V1.5,2026-06-29,2026-06-29 19:54:02.726587
4789,Karen Stephens,43,WI,2013-08-24,154,A,GROWING_DIGITAL,3975.24,100.0,1,1.0,30494.73,0.0,0.0,38.0,11028.98,-8184.66,RETAIL,47.370000000000005,13.09,LOW,0.0,N,Y,N,N,MASTER_V1.5,2026-06-29,2026-06-29 19:54:02.726587
4800,Ashley Gonzalez,57,MP,2013-07-06,155,A,GROWING_DIGITAL,13043.9,100.0,3,3.0,74649.5,0.0,0.0,160.0,20919.399999999998,-5766.549999999999,GROCERY,45.00118750000001,21.18,MODERATE,0.0,N,N,N,N,MASTER_V1.5,2026-06-29,2026-06-29 19:54:02.726587
4801,Alejandro Marshall,21,MT,2020-03-11,75,A,GROWING_DIGITAL,2037.14,100.0,1,1.0,52300.66,0.0,0.0,66.0,19983.36,-18467.97,ENTERTAINMENT,40.91,26.91,MODERATE,0.0,N,Y,N,N,MASTER_V1.5,2026-06-29,2026-06-29 19:54:02.726587
4825,Amber Sullivan,79,MI,2023-07-04,35,A,ENGAGED_MAINSTREAM,4015.62,100.0,4,4.0,96104.18,2000.0,12.87,201.0,42060.7,-5535.75,UTILITIES,31.844975124378106,14.06,LOW,0.0,N,N,N,N,MASTER_V1.5,2026-06-29,2026-06-29 19:54:02.726587
4826,Catherine Herrera,34,AK,2015-10-01,128,A,CREDIT_DEPENDENT,6963.61,50.0,2,1.0,53137.82,0.0,0.0,88.0,21388.34,-6755.860000000001,INSURANCE,39.775000000000006,12.55,LOW,0.0,N,N,N,N,MASTER_V1.5,2026-06-29,2026-06-29 19:54:02.726587
4831,Tiffany Rodriguez,41,MT,2026-01-21,5,A,CREDIT_DEPENDENT,133.05,0.0,1,0.0,41927.16,0.0,0.0,12.0,804.46,-464.1,TRAVEL,33.33,13.82,LOW,0.0,N,N,N,N,MASTER_V1.5,2026-06-29,2026-06-29 19:54:02.726587
4835,Jessica Anderson,71,FL,2020-07-23,71,A,CREDIT_DEPENDENT,1310.98,0.0,1,0.0,1612.94,10000.0,16.13,23.0,1435.11,58.29000000000019,RESTAURANT,47.82,15.55,LOW,0.0,N,N,Y,Y,MASTER_V1.5,2026-06-29,2026-06-29 19:54:02.726587
4867,Denise Palmer,51,GA,2025-03-23,15,A,PREMIUM_WEALTH,1691.22,75.0,4,3.0,78809.45,5000.0,97.91,256.0,22592.59,5938.080000000002,UTILITIES,36.7182421875,14.73,LOW,0.0,N,N,N,N,MASTER_V1.5,2026-06-29,2026-06-29 19:54:02.726587
4871,Dana Lee,70,OR,2025-02-08,16,A,GROWING_DIGITAL,402.84,100.0,1,1.0,23646.28,0.0,0.0,19.0,6395.0,-4936.22,INSURANCE,63.16,15.09,LOW,0.0,N,Y,N,N,MASTER_V1.5,2026-06-29,2026-06-29 19:54:02.726587
4882,Michael Martinez,23,SD,2017-11-11,103,A,GROWING_DIGITAL,7894.56,100.0,3,3.0,27432.82,0.0,0.0,160.0,37818.619999999995,-22396.359999999997,RESTAURANT,42.50187500000001,20.59,MODERATE,0.0,N,N,N,N,MASTER_V1.5,2026-06-29,2026-06-29 19:54:02.726587
4906,Johnny Rodgers,32,CA,2017-12-12,102,A,VALUE_BASIC,2162.82,100.0,1,1.0,4825.33,10000.0,48.25,48.0,1935.98,12315.27,HEALTHCARE,37.5,20.45,MODERATE,0.0,N,Y,Y,N,MASTER_V1.5,2026-06-29,2026-06-29 19:54:02.726587
4912,Kristina Mason,70,RI,2021-08-04,58,A,GROWING_DIGITAL,1487.09,100.0,1,1.0,28446.93,0.0,0.0,27.0,1090.81,1053.7400000000002,TRAVEL,37.03,24.91,MODERATE,0.0,N,Y,N,N,MASTER_V1.5,2026-06-29,2026-06-29 19:54:02.726587
4935,Alexandra Smith,40,MS,2023-12-24,30,A,PREMIUM_WEALTH,3539.8,100.0,4,4.0,133162.2,5000.0,49.34,210.0,71001.39,-52347.44,WIRE_TRANSFER_INTL,41.904761904761905,18.72,LOW,0.0,N,N,N,N,MASTER_V1.5,2026-06-29,2026-06-29 19:54:02.726587
4939,Erica Koch,75,VI,2024-10-28,20,A,ENGAGED_MAINSTREAM,2336.33,100.0,4,4.0,118380.43,15000.0,78.7,201.0,36620.29,-11479.390000000003,UTILITIES,35.82328358208955,17.36,LOW,0.0,N,N,N,N,MASTER_V1.5,2026-06-29,2026-06-29 19:54:02.726587
4953,Jill Roberson,75,HI,2016-04-16,122,A,ENGAGED_MAINSTREAM,14494.63,75.0,4,3.0,144472.11,5000.0,43.0,199.0,62580.24,-29404.29,GROCERY,39.69542713567839,16.21,LOW,0.0,N,N,N,N,MASTER_V1.5,2026-06-29,2026-06-29 19:54:02.726587
4958,Becky Roberts,43,AL,2024-05-28,25,A,PREMIUM_WEALTH,2962.44,100.0,4,4.0,140051.23,15000.0,70.18,211.0,26645.0,-5790.0,TRAVEL,45.49635071090047,11.09,LOW,0.0,N,N,N,N,MASTER_V1.5,2026-06-29,2026-06-29 19:54:02.726587
4959,Jeffrey Smith,28,CT,2018-12-31,90,A,PREMIUM_WEALTH,10569.55,100.0,4,4.0,125988.6,10000.0,57.8,167.0,50846.55,-30406.390000000003,TRAVEL,36.53,21.58,MODERATE,0.0,N,N,N,N,MASTER_V1.5,2026-06-29,2026-06-29 19:54:02.726587
4968,Roger Haley,30,RI,2020-03-21,75,A,VALUE_BASIC,1309.58,100.0,1,1.0,1079.69,2000.0,53.98,68.0,3870.56,6538.16,ENTERTAINMENT,36.77,21.87,MODERATE,0.0,N,Y,Y,N,MASTER_V1.5,2026-06-29,2026-06-29 19:54:02.726587
4971,Lindsay Anderson,55,MA,2018-11-03,91,A,GROWING_DIGITAL,7786.52,100.0,3,3.0,90112.52,0.0,0.0,172.0,37038.79,-13608.470000000001,RESTAURANT,40.1175,6.36,LOW,0.0,N,N,N,N,MASTER_V1.5,2026-06-29,2026-06-29 19:54:02.726587
4977,Michael Alexander,54,ND,2013-08-07,154,A,VALUE_BASIC,3757.8,100.0,1,1.0,17335.85,25000.0,69.34,32.0,1514.31,587.3299999999999,RESTAURANT,43.75,4.73,LOW,0.0,N,Y,N,N,MASTER_V1.5,2026-06-29,2026-06-29 19:54:02.726587
4992,Catherine Russell,37,ND,2023-12-17,30,A,CREDIT_DEPENDENT,736.0,0.0,1,0.0,18276.15,0.0,0.0,33.0,2321.12,9605.05,GAS_STATION,36.36,5.91,LOW,0.0,N,N,N,N,MASTER_V1.5,2026-06-29,2026-06-29 19:54:02.726587
