customer_id,reporting_period,total_accounts,active_accounts,total_transactions,total_debit_amt,total_credit_amt,net_cash_flow,avg_transaction_size,monthly_spend_trend,spend_percentile,top_spend_category,digital_txn_pct,fee_income,interest_income,revenue_contribution,anomaly_flag,model_version,effective_date,load_ts
1,2026-06,4,4,177.0,24196.32,31570.760000000002,7374.440000000002,315.0682485875706,UP,61.88,RETAIL,40.11649717514125,296.64,483.9264,780.5663999999999,N,TXN_V2.1,2026-06-29,2026-06-29 19:54:02.665208
2,2026-06,3,3,97.0,13663.76,6887.72,-6776.04,211.87092783505153,DOWN,36.22,RESTAURANT,38.147628865979385,275.58000000000004,273.2752,548.8552,N,TXN_V2.1,2026-06-29,2026-06-29 19:54:02.665208
3,2026-06,1,1,44.0,10587.33,11282.17,694.8400000000001,497.03409090909093,STABLE,27.72,GROCERY,34.09,42.35,211.7466,254.0966,N,TXN_V2.1,2026-06-29,2026-06-29 19:54:02.665208
4,2026-06,1,1,24.0,573.35,1701.64,1128.29,94.79125,UP,0.34,GAS_STATION,58.330000000000005,59.75,11.467,71.217,N,TXN_V2.1,2026-06-29,2026-06-29 19:54:02.665208
5,2026-06,3,3,182.0,25703.98,24348.48,-1355.5,275.01351648351647,STABLE,64.76,HEALTHCARE,37.360989010989,178.0,514.0796,692.0796,N,TXN_V2.1,2026-06-29,2026-06-29 19:54:02.665208
6,2026-06,2,2,121.0,17136.78,54103.46,36966.68,588.7623140495867,UP,45.68,RETAIL,42.978099173553716,193.23000000000002,342.7356,535.9656,N,TXN_V2.1,2026-06-29,2026-06-29 19:54:02.665208
7,2026-06,1,1,68.0,29846.32,10405.82,-19440.5,591.9432352941176,DOWN,72.32,EDUCATION,38.239999999999995,134.34,596.9264000000001,731.2664000000001,N,TXN_V2.1,2026-06-29,2026-06-29 19:54:02.665208
8,2026-06,2,2,61.0,11116.11,9142.35,-1973.7600000000002,332.10590163934427,DOWN,28.9,GAS_STATION,36.06737704918033,124.68,222.3222,347.0022,N,TXN_V2.1,2026-06-29,2026-06-29 19:54:02.665208
9,2026-06,1,0,18.0,365.39,1335.95,970.5600000000001,94.5188888888889,UP,0.06,GROCERY,50.0,130.89,7.3078,138.19779999999997,N,TXN_V2.1,2026-06-29,2026-06-29 19:54:02.665208
10,2026-06,1,0,32.0,1048.98,2072.18,1023.1999999999998,97.53625,UP,1.7,TRAVEL,34.38,56.62,20.9796,77.5996,N,TXN_V2.1,2026-06-29,2026-06-29 19:54:02.665208
11,2026-06,2,2,109.0,5807.23,5144.56,-662.6699999999992,100.47513761467891,DOWN,18.14,GROCERY,33.94522935779816,300.94,116.1446,417.0846,N,TXN_V2.1,2026-06-29,2026-06-29 19:54:02.665208
12,2026-06,2,2,132.0,16294.779999999999,8168.74,-8126.039999999999,185.32969696969695,DOWN,43.92,RETAIL,37.87833333333334,112.29,325.8956,438.1856,N,TXN_V2.1,2026-06-29,2026-06-29 19:54:02.665208
13,2026-06,4,3,164.0,35719.869999999995,25297.3,-10422.569999999996,372.05591463414635,DOWN,80.96,UTILITIES,44.50719512195122,357.45,714.3974,1071.8473999999999,N,TXN_V2.1,2026-06-29,2026-06-29 19:54:02.665208
14,2026-06,1,1,17.0,1426.07,300.01,-1126.06,101.53411764705882,DOWN,3.24,ENTERTAINMENT,29.410000000000004,35.22,28.5214,63.7414,N,TXN_V2.1,2026-06-29,2026-06-29 19:54:02.665208
15,2026-06,3,2,126.0,44659.73,5275.14,-39384.590000000004,396.3084920634921,DOWN,90.4,RESTAURANT,40.479841269841266,319.34000000000003,893.1946,1212.5346,N,TXN_V2.1,2026-06-29,2026-06-29 19:54:02.665208
16,2026-06,4,4,203.0,30180.67,26855.969999999998,-3324.7000000000007,280.9686699507389,DOWN,72.94,RETAIL,41.871625615763556,413.53000000000003,603.6134,1017.1433999999999,N,TXN_V2.1,2026-06-29,2026-06-29 19:54:02.665208
17,2026-06,2,1,61.0,28692.85,2292.21,-26400.64,507.9518032786885,DOWN,70.58,GROCERY,39.3439344262295,67.32,573.857,641.1769999999999,N,TXN_V2.1,2026-06-29,2026-06-29 19:54:02.665208
18,2026-06,1,1,61.0,2229.89,11717.98,9488.09,228.65360655737703,UP,7.6,RESTAURANT,34.419999999999995,40.41,44.5978,85.0078,N,TXN_V2.1,2026-06-29,2026-06-29 19:54:02.665208
19,2026-06,4,4,162.0,43775.21000000001,8824.279999999999,-34950.93000000001,324.6882098765432,DOWN,89.54,RESTAURANT,35.1854938271605,247.47,875.5042000000002,1122.9742,N,TXN_V2.1,2026-06-29,2026-06-29 19:54:02.665208
20,2026-06,4,4,108.0,7129.33,12418.55,5289.219999999999,180.99888888888887,UP,20.52,HEALTHCARE,37.95981481481481,265.96000000000004,142.5866,408.5466,N,TXN_V2.1,2026-06-29,2026-06-29 19:54:02.665208
21,2026-06,1,0,22.0,1457.99,534.58,-923.41,90.57136363636364,DOWN,3.42,RETAIL,54.55,110.03,29.1598,139.1898,N,TXN_V2.1,2026-06-29,2026-06-29 19:54:02.665208
22,2026-06,4,4,201.0,39492.76,28813.72,-10679.04,339.8332338308458,DOWN,85.92,RETAIL,31.842935323383088,324.69,789.8552000000001,1114.5452,N,TXN_V2.1,2026-06-29,2026-06-29 19:54:02.665208
23,2026-06,4,4,218.0,36316.909999999996,27414.71,-8902.199999999997,292.34688073394494,DOWN,81.9,UTILITIES,33.02733944954129,548.4,726.3381999999999,1274.7381999999998,N,TXN_V2.1,2026-06-29,2026-06-29 19:54:02.665208
24,2026-06,3,2,122.0,5311.16,32665.32,27354.16,311.28262295081964,UP,17.02,HEALTHCARE,38.53032786885246,261.9,106.2232,368.1232,N,TXN_V2.1,2026-06-29,2026-06-29 19:54:02.665208
25,2026-06,3,3,144.0,10135.21,32462.95,22327.74,295.8205555555556,UP,26.46,RETAIL,30.559583333333336,256.11,202.7042,458.8142,N,TXN_V2.1,2026-06-29,2026-06-29 19:54:02.665208
26,2026-06,3,3,132.0,21886.850000000002,37235.29,15348.439999999999,447.895,UP,56.6,GAS_STATION,37.123636363636365,355.93,437.7370000000001,793.6670000000001,N,TXN_V2.1,2026-06-29,2026-06-29 19:54:02.665208
27,2026-06,4,4,152.0,8264.73,7307.81,-956.9199999999992,102.45092105263159,DOWN,22.3,RESTAURANT,38.158815789473685,303.39,165.2946,468.6846,N,TXN_V2.1,2026-06-29,2026-06-29 19:54:02.665208
28,2026-06,3,3,156.0,42744.020000000004,6970.160000000001,-35773.86,318.6806410256411,DOWN,88.76,RESTAURANT,33.33480769230769,370.03,854.8804000000001,1224.9104000000002,N,TXN_V2.1,2026-06-29,2026-06-29 19:54:02.665208
29,2026-06,2,1,48.0,2931.86,2254.59,-677.27,108.05104166666668,DOWN,10.62,HEALTHCARE,35.42125,128.21,58.63720000000001,186.84720000000002,N,TXN_V2.1,2026-06-29,2026-06-29 19:54:02.665208
30,2026-06,1,1,12.0,888.5,571.83,-316.66999999999996,121.69416666666666,STABLE,1.1,EDUCATION,25.0,66.82,17.77,84.58999999999999,N,TXN_V2.1,2026-06-29,2026-06-29 19:54:02.665208
31,2026-06,2,2,56.0,3581.1400000000003,15182.11,11600.970000000001,335.0580357142857,UP,12.68,GAS_STATION,33.92785714285714,101.44,71.62280000000001,173.0628,N,TXN_V2.1,2026-06-29,2026-06-29 19:54:02.665208
32,2026-06,3,2,65.0,15316.75,9693.76,-5622.99,384.77707692307695,DOWN,41.26,TRAVEL,35.388,157.9,306.335,464.235,N,TXN_V2.1,2026-06-29,2026-06-29 19:54:02.665208
33,2026-06,2,2,84.0,5653.26,4282.92,-1370.3400000000001,118.28785714285715,DOWN,17.82,RESTAURANT,41.66571428571429,168.7,113.0652,281.7652,N,TXN_V2.1,2026-06-29,2026-06-29 19:54:02.665208
34,2026-06,3,3,139.0,19488.87,5940.52,-13548.349999999999,182.94525179856115,DOWN,51.22,RETAIL,43.88424460431655,389.41999999999996,389.7774,779.1974,N,TXN_V2.1,2026-06-29,2026-06-29 19:54:02.665208
35,2026-06,4,4,211.0,31775.11,25635.480000000003,-6139.629999999997,272.0881042654029,DOWN,75.34,RESTAURANT,32.69928909952607,447.4,635.5022,1082.9022,N,TXN_V2.1,2026-06-29,2026-06-29 19:54:02.665208
36,2026-06,4,4,177.0,20019.57,42966.3,22946.730000000003,355.85237288135596,UP,52.22,UTILITIES,37.85389830508475,370.08,400.3914,770.4713999999999,N,TXN_V2.1,2026-06-29,2026-06-29 19:54:02.665208
37,2026-06,4,4,188.0,41933.03,21404.3,-20528.73,336.9006914893617,DOWN,87.96,UTILITIES,37.765531914893614,608.23,838.6606,1446.8906000000002,N,TXN_V2.1,2026-06-29,2026-06-29 19:54:02.665208
38,2026-06,4,4,214.0,59158.46,18957.32,-40201.14,365.0270093457944,DOWN,97.36,RESTAURANT,37.38285046728972,498.75,1183.1692,1681.9192,N,TXN_V2.1,2026-06-29,2026-06-29 19:54:02.665208
39,2026-06,2,1,80.0,14824.51,15239.43,414.9200000000001,375.79925000000003,STABLE,40.02,TRAVEL,36.251749999999994,290.8,296.4902,587.2902,N,TXN_V2.1,2026-06-29,2026-06-29 19:54:02.665208
40,2026-06,4,4,109.0,25350.13,25675.67,325.53999999999724,468.1266055045872,STABLE,64.0,INSURANCE,37.61174311926606,127.12,507.00260000000003,634.1226,N,TXN_V2.1,2026-06-29,2026-06-29 19:54:02.665208
41,2026-06,2,2,95.0,11841.83,6262.82,-5579.01,190.57526315789474,DOWN,30.94,RETAIL,27.365789473684217,176.75,236.8366,413.5866,N,TXN_V2.1,2026-06-29,2026-06-29 19:54:02.665208
42,2026-06,4,3,188.0,43922.32,23593.86,-20328.46,359.12861702127657,DOWN,89.74,RETAIL,35.64393617021277,651.34,878.4464,1529.7864,N,TXN_V2.1,2026-06-29,2026-06-29 19:54:02.665208
43,2026-06,4,4,188.0,18778.04,9792.74,-8985.300000000001,151.9722340425532,DOWN,49.56,RESTAURANT,39.8933510638298,351.38,375.56080000000003,726.9408000000001,N,TXN_V2.1,2026-06-29,2026-06-29 19:54:02.665208
44,2026-06,3,2,117.0,19667.52,25731.489999999998,6063.9699999999975,388.0257264957265,UP,51.5,GROCERY,41.8782905982906,225.02999999999997,393.35040000000004,618.3804,N,TXN_V2.1,2026-06-29,2026-06-29 19:54:02.665208
45,2026-06,2,2,115.0,21289.920000000002,24719.32,3429.399999999998,400.080347826087,UP,55.32,RESTAURANT,42.61330434782608,330.08000000000004,425.7984000000001,755.8784,N,TXN_V2.1,2026-06-29,2026-06-29 19:54:02.665208
46,2026-06,2,2,107.0,6004.259999999999,15174.11,9169.850000000002,197.92869158878503,UP,18.54,RETAIL,37.38392523364486,231.68,120.08519999999999,351.7652,N,TXN_V2.1,2026-06-29,2026-06-29 19:54:02.665208
47,2026-06,3,3,119.0,24231.63,12276.869999999999,-11954.760000000002,306.79411764705884,DOWN,61.98,UTILITIES,32.77117647058824,331.39,484.6326,816.0226,N,TXN_V2.1,2026-06-29,2026-06-29 19:54:02.665208
48,2026-06,2,2,131.0,26669.79,22354.690000000002,-4315.0999999999985,374.2326717557252,DOWN,66.8,RETAIL,35.112977099236645,215.46,533.3958,748.8558,N,TXN_V2.1,2026-06-29,2026-06-29 19:54:02.665208
49,2026-06,2,2,126.0,15835.34,19534.77,3699.4300000000003,280.71515873015875,UP,42.78,RETAIL,33.331428571428575,139.7,316.7068,456.4068,N,TXN_V2.1,2026-06-29,2026-06-29 19:54:02.665208
50,2026-06,4,4,153.0,32381.25,28835.75,-3545.5,400.1111111111111,DOWN,76.52,RETAIL,33.98686274509804,226.45,647.625,874.075,N,TXN_V2.1,2026-06-29,2026-06-29 19:54:02.665208
51,2026-06,2,1,56.0,3041.54,8738.210000000001,5696.670000000001,210.35267857142858,UP,11.08,RESTAURANT,48.20857142857143,118.18,60.8308,179.01080000000002,N,TXN_V2.1,2026-06-29,2026-06-29 19:54:02.665208
52,2026-06,1,1,45.0,1550.51,11024.87,9474.36,279.45288888888894,UP,3.9,GAS_STATION,37.78,71.83,31.0102,102.8402,N,TXN_V2.1,2026-06-29,2026-06-29 19:54:02.665208
53,2026-06,4,4,173.0,22605.49,14163.08,-8442.410000000002,212.5350867052023,DOWN,58.3,RESTAURANT,42.19410404624278,305.58,452.10980000000006,757.6898000000001,N,TXN_V2.1,2026-06-29,2026-06-29 19:54:02.665208
54,2026-06,1,1,14.0,11120.64,855.53,-10265.109999999999,855.4407142857143,DOWN,28.96,GAS_STATION,50.0,16.44,222.4128,238.8528,N,TXN_V2.1,2026-06-29,2026-06-29 19:54:02.665208
55,2026-06,3,3,92.0,32143.91,4690.43,-27453.48,400.3732608695652,DOWN,75.98,RETAIL,39.12782608695653,194.76,642.8782,837.6382,N,TXN_V2.1,2026-06-29,2026-06-29 19:54:02.665208
56,2026-06,3,3,127.0,35522.54,7035.81,-28486.73,335.1051181102362,DOWN,80.66,RESTAURANT,40.1563779527559,198.95,710.4508000000001,909.4008000000001,N,TXN_V2.1,2026-06-29,2026-06-29 19:54:02.665208
57,2026-06,2,2,96.0,16929.42,5371.68,-11557.739999999998,232.303125,DOWN,45.16,GAS_STATION,32.287499999999994,185.89999999999998,338.5884,524.4884,N,TXN_V2.1,2026-06-29,2026-06-29 19:54:02.665208
58,2026-06,3,3,187.0,43193.84,8355.869999999999,-34837.97,275.6668983957219,DOWN,89.04,GROCERY,35.29577540106952,446.87,863.8768,1310.7468,N,TXN_V2.1,2026-06-29,2026-06-29 19:54:02.665208
59,2026-06,1,1,54.0,4125.34,2533.44,-1591.9,123.31074074074075,DOWN,14.5,GAS_STATION,55.55,147.9,82.5068,230.4068,N,TXN_V2.1,2026-06-29,2026-06-29 19:54:02.665208
60,2026-06,1,1,24.0,1287.13,1079.21,-207.92000000000007,98.59750000000001,STABLE,2.7,TRAVEL,25.0,32.47,25.742600000000003,58.2126,N,TXN_V2.1,2026-06-29,2026-06-29 19:54:02.665208
61,2026-06,2,2,64.0,18365.65,2228.6499999999996,-16137.000000000002,321.78593750000005,DOWN,48.58,UTILITIES,35.933749999999996,94.7,367.31300000000005,462.01300000000003,N,TXN_V2.1,2026-06-29,2026-06-29 19:54:02.665208
62,2026-06,3,3,163.0,42211.94,6808.7300000000005,-35403.21,300.7403067484663,DOWN,88.32,UTILITIES,41.10018404907976,369.53,844.2388000000001,1213.7688,N,TXN_V2.1,2026-06-29,2026-06-29 19:54:02.665208
63,2026-06,1,1,40.0,2428.89,12208.21,9779.32,365.92749999999995,UP,8.58,GROCERY,32.5,238.99,48.577799999999996,287.56780000000003,N,TXN_V2.1,2026-06-29,2026-06-29 19:54:02.665208
64,2026-06,3,3,158.0,58466.32,26146.49,-32319.829999999998,535.5241139240507,DOWN,97.18,TRAVEL,31.010569620253165,367.92,1169.3264,1537.2464,N,TXN_V2.1,2026-06-29,2026-06-29 19:54:02.665208
65,2026-06,1,1,27.0,12739.41,1969.62,-10769.79,544.7788888888889,DOWN,33.56,RESTAURANT,29.630000000000003,81.59,254.7882,336.3782,N,TXN_V2.1,2026-06-29,2026-06-29 19:54:02.665208
66,2026-06,2,2,79.0,27365.46,2608.16,-24757.3,379.4129113924051,DOWN,68.02,TRAVEL,35.44316455696202,133.27,547.3092,680.5792,N,TXN_V2.1,2026-06-29,2026-06-29 19:54:02.665208
67,2026-06,4,3,112.0,19743.0,36273.56,16530.559999999998,500.1478571428571,UP,51.66,RETAIL,38.39696428571428,171.86,394.86,566.72,N,TXN_V2.1,2026-06-29,2026-06-29 19:54:02.665208
68,2026-06,1,1,63.0,9980.99,15636.79,5655.800000000001,406.63142857142856,UP,26.02,RESTAURANT,46.03,249.87,199.6198,449.4898,N,TXN_V2.1,2026-06-29,2026-06-29 19:54:02.665208
69,2026-06,1,1,26.0,9354.07,6931.22,-2422.8499999999995,626.3573076923077,STABLE,24.66,GROCERY,46.15,52.15,187.0814,239.2314,N,TXN_V2.1,2026-06-29,2026-06-29 19:54:02.665208
70,2026-06,2,2,107.0,24480.58,14662.849999999999,-9817.730000000003,365.82644859813087,DOWN,62.52,INSURANCE,43.924485981308415,314.5,489.61160000000007,804.1116000000001,N,TXN_V2.1,2026-06-29,2026-06-29 19:54:02.665208
71,2026-06,1,1,15.0,1446.47,780.07,-666.4,148.436,STABLE,3.36,ENTERTAINMENT,20.0,11.73,28.9294,40.659400000000005,N,TXN_V2.1,2026-06-29,2026-06-29 19:54:02.665208
72,2026-06,3,3,168.0,23208.089999999997,44772.51,21564.420000000006,404.6464285714286,UP,59.86,GROCERY,42.85541666666666,481.7,464.1617999999999,945.8617999999999,N,TXN_V2.1,2026-06-29,2026-06-29 19:54:02.665208
73,2026-06,1,1,49.0,12200.41,28431.7,16231.29,829.2267346938776,UP,31.9,GROCERY,28.57,110.35,244.0082,354.3582,N,TXN_V2.1,2026-06-29,2026-06-29 19:54:02.665208
74,2026-06,3,3,128.0,55267.69,16447.03,-38820.66,560.27125,DOWN,96.26,RETAIL,35.9365625,365.07,1105.3538,1470.4238,N,TXN_V2.1,2026-06-29,2026-06-29 19:54:02.665208
75,2026-06,3,3,200.0,42953.93,8342.029999999999,-34611.9,256.4798,DOWN,88.96,GROCERY,39.001749999999994,400.90999999999997,859.0786,1259.9886000000001,N,TXN_V2.1,2026-06-29,2026-06-29 19:54:02.665208
76,2026-06,1,1,39.0,10228.39,2525.3,-7703.089999999999,327.0176923076923,DOWN,26.68,RESTAURANT,38.47,67.23,204.5678,271.7978,N,TXN_V2.1,2026-06-29,2026-06-29 19:54:02.665208
77,2026-06,1,1,70.0,2124.62,11287.98,9163.36,191.6085714285714,UP,6.94,RETAIL,50.0,275.01,42.492399999999996,317.50239999999997,N,TXN_V2.1,2026-06-29,2026-06-29 19:54:02.665208
78,2026-06,4,3,193.0,65082.42,19721.45,-45360.97,439.3982901554404,DOWN,98.66,RESTAURANT,42.48450777202073,445.25,1301.6484,1746.8984,N,TXN_V2.1,2026-06-29,2026-06-29 19:54:02.665208
79,2026-06,2,1,51.0,11083.15,9041.220000000001,-2041.9299999999985,394.59549019607846,DOWN,28.84,RESTAURANT,23.52607843137255,111.27000000000001,221.663,332.933,N,TXN_V2.1,2026-06-29,2026-06-29 19:54:02.665208
80,2026-06,3,3,153.0,17527.53,25220.98,7693.450000000001,279.4020261437908,UP,46.82,INSURANCE,39.87,359.96,350.5506,710.5106,N,TXN_V2.1,2026-06-29,2026-06-29 19:54:02.665208
81,2026-06,2,1,60.0,9241.279999999999,12777.07,3535.790000000001,366.97249999999997,UP,24.3,RETAIL,44.99666666666666,70.43,184.82559999999998,255.2556,N,TXN_V2.1,2026-06-29,2026-06-29 19:54:02.665208
82,2026-06,2,2,115.0,15334.07,15798.580000000002,464.51000000000204,270.71869565217395,STABLE,41.32,UTILITIES,41.74208695652174,283.45,306.6814,590.1314,N,TXN_V2.1,2026-06-29,2026-06-29 19:54:02.665208
83,2026-06,2,2,50.0,11701.220000000001,3763.29,-7937.930000000001,309.2902,DOWN,30.52,TRAVEL,34.0034,93.05,234.0244,327.0744,N,TXN_V2.1,2026-06-29,2026-06-29 19:54:02.665208
84,2026-06,2,2,92.0,22180.77,4368.17,-17812.6,288.57543478260874,DOWN,57.32,GROCERY,28.257826086956523,347.85,443.6154,791.4654,N,TXN_V2.1,2026-06-29,2026-06-29 19:54:02.665208
85,2026-06,1,1,26.0,1068.42,1417.35,348.92999999999984,95.60653846153846,STABLE,1.8,RESTAURANT,34.62,51.27,21.3684,72.6384,N,TXN_V2.1,2026-06-29,2026-06-29 19:54:02.665208
86,2026-06,4,4,229.0,43823.13,18150.05,-25673.079999999998,270.62524017467246,DOWN,89.6,UTILITIES,36.2485152838428,676.78,876.4626,1553.2426,N,TXN_V2.1,2026-06-29,2026-06-29 19:54:02.665208
87,2026-06,4,4,139.0,13737.82,7574.2,-6163.62,153.32388489208634,DOWN,36.52,TRAVEL,28.05791366906475,144.36,274.7564,419.1164,N,TXN_V2.1,2026-06-29,2026-06-29 19:54:02.665208
88,2026-06,2,1,85.0,30299.21,8958.03,-21341.18,461.84988235294117,DOWN,73.04,RETAIL,43.53164705882353,166.76,605.9842,772.7442,N,TXN_V2.1,2026-06-29,2026-06-29 19:54:02.665208
89,2026-06,2,2,93.0,17996.03,4573.7,-13422.329999999998,242.6852688172043,DOWN,47.82,RESTAURANT,35.482473118279565,312.93,359.9206,672.8506,N,TXN_V2.1,2026-06-29,2026-06-29 19:54:02.665208
90,2026-06,1,1,68.0,4462.25,10891.42,6429.17,225.78926470588235,UP,15.32,RESTAURANT,33.83,267.91,89.245,357.15500000000003,N,TXN_V2.1,2026-06-29,2026-06-29 19:54:02.665208
91,2026-06,2,2,119.0,36683.04,25042.7,-11640.34,518.7036974789917,DOWN,82.36,RETAIL,31.095882352941178,286.5,733.6608,1020.1608,N,TXN_V2.1,2026-06-29,2026-06-29 19:54:02.665208
92,2026-06,4,4,208.0,56661.81,24038.34,-32623.469999999998,387.98149038461537,DOWN,96.62,RETAIL,37.02206730769231,531.41,1133.2362,1664.6462000000001,N,TXN_V2.1,2026-06-29,2026-06-29 19:54:02.665208
93,2026-06,4,4,255.0,56655.12,31337.84,-25317.280000000002,345.070431372549,DOWN,96.6,TRAVEL,39.608392156862735,653.19,1133.1024,1786.2924,N,TXN_V2.1,2026-06-29,2026-06-29 19:54:02.665208
94,2026-06,3,3,125.0,13096.91,24121.79,11024.880000000001,297.7496,UP,34.6,RETAIL,36.80400000000001,395.01,261.9382,656.9482,N,TXN_V2.1,2026-06-29,2026-06-29 19:54:02.665208
95,2026-06,1,0,21.0,1706.81,737.68,-969.13,116.4042857142857,DOWN,4.72,INSURANCE,9.52,0.0,34.1362,34.1362,N,TXN_V2.1,2026-06-29,2026-06-29 19:54:02.665208
96,2026-06,4,3,153.0,44203.880000000005,13520.69,-30683.190000000002,377.28477124183013,DOWN,90.04,UTILITIES,30.721307189542486,418.49,884.0776000000001,1302.5676,N,TXN_V2.1,2026-06-29,2026-06-29 19:54:02.665208
97,2026-06,2,2,94.0,23121.15,4248.54,-18872.61,291.16691489361705,DOWN,59.54,RETAIL,38.299574468085105,333.79999999999995,462.42300000000006,796.223,N,TXN_V2.1,2026-06-29,2026-06-29 19:54:02.665208
98,2026-06,1,1,39.0,2076.6,3808.8,1732.2000000000003,150.9076923076923,UP,6.78,GROCERY,30.769999999999996,86.37,41.532,127.902,N,TXN_V2.1,2026-06-29,2026-06-29 19:54:02.665208
99,2026-06,2,2,52.0,14345.029999999999,2511.69,-11833.339999999998,324.1676923076923,DOWN,38.38,TRAVEL,46.154999999999994,235.26,286.9006,522.1605999999999,N,TXN_V2.1,2026-06-29,2026-06-29 19:54:02.665208
100,2026-06,1,1,24.0,1795.45,462.34,-1333.1100000000001,94.07458333333334,DOWN,5.24,GROCERY,16.670000000000005,93.73,35.909,129.639,N,TXN_V2.1,2026-06-29,2026-06-29 19:54:02.665208
101,2026-06,1,1,33.0,11177.49,2649.95,-8527.54,419.0133333333333,DOWN,29.16,RETAIL,36.36,42.83,223.5498,266.3798,N,TXN_V2.1,2026-06-29,2026-06-29 19:54:02.665208
102,2026-06,3,3,136.0,8938.68,36065.22,27126.54,330.91102941176473,UP,23.64,RETAIL,38.96647058823529,171.55,178.77360000000002,350.32360000000006,N,TXN_V2.1,2026-06-29,2026-06-29 19:54:02.665208
103,2026-06,1,1,43.0,12283.29,1359.8,-10923.490000000002,317.2811627906977,DOWN,32.14,RESTAURANT,37.21,54.91,245.66580000000002,300.5758,N,TXN_V2.1,2026-06-29,2026-06-29 19:54:02.665208
104,2026-06,1,1,47.0,14103.34,13751.01,-352.3299999999999,592.6457446808511,STABLE,37.6,GAS_STATION,44.68,88.38,282.0668,370.4468,N,TXN_V2.1,2026-06-29,2026-06-29 19:54:02.665208
105,2026-06,1,1,38.0,2186.69,1362.53,-824.1600000000001,93.40052631578948,DOWN,7.36,GAS_STATION,36.84,71.4,43.7338,115.13380000000001,N,TXN_V2.1,2026-06-29,2026-06-29 19:54:02.665208
106,2026-06,4,4,174.0,71415.65,17018.87,-54396.78,508.2443678160919,DOWN,99.4,TRAVEL,38.50557471264368,400.19,1428.3129999999999,1828.503,N,TXN_V2.1,2026-06-29,2026-06-29 19:54:02.665208
107,2026-06,3,3,137.0,7348.86,14304.68,6955.820000000001,158.05503649635037,UP,20.84,INSURANCE,46.72014598540146,370.58000000000004,146.9772,517.5572000000001,N,TXN_V2.1,2026-06-29,2026-06-29 19:54:02.665208
108,2026-06,3,3,102.0,43492.3,14155.33,-29336.97,565.172843137255,DOWN,89.3,TRAVEL,33.33352941176471,378.5,869.8460000000001,1248.346,N,TXN_V2.1,2026-06-29,2026-06-29 19:54:02.665208
109,2026-06,1,1,46.0,1952.62,10737.8,8785.18,275.87869565217386,UP,6.1,TRAVEL,32.60999999999999,53.9,39.0524,92.9524,N,TXN_V2.1,2026-06-29,2026-06-29 19:54:02.665208
110,2026-06,1,1,22.0,1764.73,518.2,-1246.53,103.76954545454547,DOWN,5.02,GROCERY,31.819999999999997,97.5,35.2946,132.7946,N,TXN_V2.1,2026-06-29,2026-06-29 19:54:02.665208
111,2026-06,2,2,88.0,4505.139999999999,5860.9800000000005,1355.840000000001,117.79681818181817,UP,15.44,RETAIL,35.22613636363637,149.12,90.10279999999999,239.2228,N,TXN_V2.1,2026-06-29,2026-06-29 19:54:02.665208
112,2026-06,2,1,75.0,16981.7,2947.06,-14034.640000000001,265.71680000000003,DOWN,45.28,RESTAURANT,33.3364,96.66,339.634,436.294,N,TXN_V2.1,2026-06-29,2026-06-29 19:54:02.665208
113,2026-06,1,1,22.0,2220.36,306.06,-1914.3000000000002,114.83727272727273,DOWN,7.56,GAS_STATION,27.280000000000005,79.78,44.4072,124.1872,N,TXN_V2.1,2026-06-29,2026-06-29 19:54:02.665208
114,2026-06,2,2,115.0,6540.99,6842.9400000000005,301.9500000000007,116.382,STABLE,19.56,RETAIL,46.95452173913043,289.25,130.8198,420.0698,N,TXN_V2.1,2026-06-29,2026-06-29 19:54:02.665208
115,2026-06,1,1,35.0,1674.58,2675.82,1001.2400000000002,124.29714285714284,UP,4.48,RESTAURANT,42.85,61.14,33.4916,94.63159999999999,N,TXN_V2.1,2026-06-29,2026-06-29 19:54:02.665208
116,2026-06,2,2,102.0,12215.86,16849.67,4633.809999999998,284.9561764705882,UP,31.94,UTILITIES,30.38735294117647,353.2,244.3172,597.5172,N,TXN_V2.1,2026-06-29,2026-06-29 19:54:02.665208
117,2026-06,4,3,150.0,30973.230000000003,17561.84,-13411.390000000003,323.5671333333334,DOWN,74.24,UTILITIES,32.6658,380.75,619.4646000000001,1000.2146000000001,N,TXN_V2.1,2026-06-29,2026-06-29 19:54:02.665208
118,2026-06,4,4,197.0,20115.83,34018.59,13902.759999999995,274.7940101522843,UP,52.46,RESTAURANT,38.57598984771574,470.94,402.31660000000005,873.2566,N,TXN_V2.1,2026-06-29,2026-06-29 19:54:02.665208
119,2026-06,2,2,110.0,15628.55,5312.98,-10315.57,190.37754545454544,DOWN,42.06,UTILITIES,30.91318181818182,279.71000000000004,312.57099999999997,592.281,N,TXN_V2.1,2026-06-29,2026-06-29 19:54:02.665208
120,2026-06,1,0,18.0,1432.6,243.0,-1189.6,93.08888888888889,DOWN,3.3,RETAIL,55.55,119.9,28.651999999999997,148.552,N,TXN_V2.1,2026-06-29,2026-06-29 19:54:02.665208
121,2026-06,2,2,95.0,22720.170000000002,9119.72,-13600.450000000003,335.15673684210526,DOWN,58.62,RETAIL,33.68726315789474,202.47000000000003,454.40340000000003,656.8734000000001,N,TXN_V2.1,2026-06-29,2026-06-29 19:54:02.665208
122,2026-06,1,1,22.0,1276.58,1410.91,134.33000000000015,122.15863636363635,STABLE,2.62,GROCERY,22.730000000000004,14.14,25.531599999999997,39.6716,N,TXN_V2.1,2026-06-29,2026-06-29 19:54:02.665208
123,2026-06,3,3,107.0,14817.74,34126.69,19308.950000000004,457.42457943925234,UP,39.98,RETAIL,38.31869158878504,156.04,296.3548,452.39480000000003,N,TXN_V2.1,2026-06-29,2026-06-29 19:54:02.665208
124,2026-06,4,4,193.0,30801.86,17084.6,-13717.260000000002,248.1163730569948,DOWN,73.84,TRAVEL,35.75398963730569,483.94000000000005,616.0372,1099.9772,N,TXN_V2.1,2026-06-29,2026-06-29 19:54:02.665208
125,2026-06,1,1,38.0,8700.46,20522.41,11821.95,769.0228947368421,UP,23.08,GAS_STATION,42.1,40.86,174.0092,214.86919999999998,N,TXN_V2.1,2026-06-29,2026-06-29 19:54:02.665208
126,2026-06,4,4,182.0,52531.030000000006,42602.39,-9928.640000000007,522.7110989010989,DOWN,95.32,UTILITIES,42.30653846153846,429.4,1050.6206000000002,1480.0206000000003,N,TXN_V2.1,2026-06-29,2026-06-29 19:54:02.665208
127,2026-06,3,3,100.0,5806.610000000001,6087.75,281.1399999999994,118.9436,STABLE,18.12,UTILITIES,35.999300000000005,98.94999999999999,116.13220000000001,215.0822,N,TXN_V2.1,2026-06-29,2026-06-29 19:54:02.665208
128,2026-06,1,1,47.0,1497.97,3701.94,2203.9700000000003,110.6363829787234,UP,3.68,GROCERY,40.42,190.61,29.959400000000002,220.56940000000003,N,TXN_V2.1,2026-06-29,2026-06-29 19:54:02.665208
129,2026-06,2,1,59.0,4344.5,8322.1,3977.6000000000004,214.68813559322035,UP,15.08,HEALTHCARE,42.374406779661015,181.88,86.89,268.77,N,TXN_V2.1,2026-06-29,2026-06-29 19:54:02.665208
130,2026-06,1,0,14.0,278.6,1484.42,1205.8200000000002,125.92999999999999,UP,0.02,ENTERTAINMENT,28.57,11.44,5.572000000000001,17.012,N,TXN_V2.1,2026-06-29,2026-06-29 19:54:02.665208
131,2026-06,4,4,152.0,21677.68,17203.84,-4473.84,255.79947368421054,DOWN,56.12,RESTAURANT,39.4733552631579,320.76,433.5536,754.3136,N,TXN_V2.1,2026-06-29,2026-06-29 19:54:02.665208
132,2026-06,1,1,32.0,1866.53,12162.86,10296.33,438.41843750000004,UP,5.74,GAS_STATION,34.38,106.98,37.3306,144.3106,N,TXN_V2.1,2026-06-29,2026-06-29 19:54:02.665208
133,2026-06,1,0,36.0,7162.34,12933.13,5770.789999999999,558.2075,UP,20.6,HEALTHCARE,33.33,57.6,143.2468,200.8468,N,TXN_V2.1,2026-06-29,2026-06-29 19:54:02.665208
134,2026-06,4,4,158.0,14683.619999999999,9084.039999999999,-5599.58,150.42822784810124,DOWN,39.5,UTILITIES,32.27183544303797,309.39,293.6724,603.0624,N,TXN_V2.1,2026-06-29,2026-06-29 19:54:02.665208
135,2026-06,1,1,18.0,8831.86,1091.69,-7740.17,551.3083333333334,DOWN,23.38,TRAVEL,38.88999999999999,24.38,176.6372,201.0172,N,TXN_V2.1,2026-06-29,2026-06-29 19:54:02.665208
136,2026-06,3,2,124.0,27057.75,4934.6,-22123.15,258.00282258064516,DOWN,67.52,TRAVEL,34.67403225806452,421.7,541.155,962.855,N,TXN_V2.1,2026-06-29,2026-06-29 19:54:02.665208
137,2026-06,4,4,171.0,36970.63,27641.11,-9329.519999999997,377.846432748538,DOWN,82.92,RETAIL,39.76502923976608,489.40999999999997,739.4126,1228.8226,N,TXN_V2.1,2026-06-29,2026-06-29 19:54:02.665208
138,2026-06,4,4,191.0,30990.040000000005,27787.71,-3202.3300000000054,307.7369109947644,DOWN,74.26,RETAIL,36.12408376963351,483.9,619.8008000000001,1103.7008,N,TXN_V2.1,2026-06-29,2026-06-29 19:54:02.665208
139,2026-06,1,1,18.0,1112.14,12166.39,11054.25,737.696111111111,UP,1.96,INSURANCE,44.44,124.84,22.242800000000003,147.08280000000002,N,TXN_V2.1,2026-06-29,2026-06-29 19:54:02.665208
140,2026-06,4,3,176.0,64103.69,28747.37,-35356.32000000001,527.5628409090909,DOWN,98.46,UTILITIES,42.04892045454546,526.53,1282.0738000000001,1808.6038,N,TXN_V2.1,2026-06-29,2026-06-29 19:54:02.665208
141,2026-06,4,3,172.0,19085.739999999998,16728.23,-2357.5099999999984,208.2207558139535,DOWN,50.28,HEALTHCARE,36.04668604651163,355.95000000000005,381.71479999999997,737.6648,N,TXN_V2.1,2026-06-29,2026-06-29 19:54:02.665208
142,2026-06,2,2,103.0,34739.82,8936.57,-25803.25,424.0426213592233,DOWN,79.8,HEALTHCARE,41.74504854368933,236.17,694.7964000000001,930.9664,N,TXN_V2.1,2026-06-29,2026-06-29 19:54:02.665208
143,2026-06,4,4,192.0,29509.06,20963.2,-8545.86,262.87635416666666,DOWN,71.82,TRAVEL,38.024739583333336,310.51,590.1812,900.6912,N,TXN_V2.1,2026-06-29,2026-06-29 19:54:02.665208
144,2026-06,3,3,160.0,30459.450000000004,39535.58,9076.129999999997,437.4689375,UP,73.36,RETAIL,36.87825,358.92999999999995,609.1890000000001,968.119,N,TXN_V2.1,2026-06-29,2026-06-29 19:54:02.665208
145,2026-06,1,1,43.0,1708.35,8044.11,6335.76,226.8013953488372,UP,4.74,GROCERY,46.51,121.72,34.167,155.887,N,TXN_V2.1,2026-06-29,2026-06-29 19:54:02.665208
146,2026-06,1,1,56.0,23291.18,630.06,-22661.12,427.165,DOWN,59.98,HEALTHCARE,32.15,112.44,465.8236,578.2636,N,TXN_V2.1,2026-06-29,2026-06-29 19:54:02.665208
147,2026-06,3,3,136.0,7889.57,17100.84,9211.27,183.75301470588235,UP,21.72,RETAIL,38.97022058823529,238.68,157.7914,396.4714,N,TXN_V2.1,2026-06-29,2026-06-29 19:54:02.665208
148,2026-06,4,4,164.0,49537.05,17365.71,-32171.340000000004,407.9436585365854,DOWN,93.88,RESTAURANT,39.02420731707317,412.16999999999996,990.7410000000001,1402.911,N,TXN_V2.1,2026-06-29,2026-06-29 19:54:02.665208
149,2026-06,3,3,150.0,14737.269999999999,45679.32,30942.050000000003,402.77726666666666,UP,39.64,RETAIL,36.67013333333333,454.32,294.74539999999996,749.0654,N,TXN_V2.1,2026-06-29,2026-06-29 19:54:02.665208
150,2026-06,2,2,137.0,38574.1,24529.96,-14044.14,460.6135766423358,DOWN,85.0,UTILITIES,35.767737226277376,222.34,771.482,993.822,N,TXN_V2.1,2026-06-29,2026-06-29 19:54:02.665208
151,2026-06,1,1,25.0,17484.68,357.87,-17126.81,713.702,DOWN,46.72,RESTAURANT,36.0,131.13,349.6936,480.8236,N,TXN_V2.1,2026-06-29,2026-06-29 19:54:02.665208
152,2026-06,2,2,134.0,31066.519999999997,28377.940000000002,-2688.5799999999945,443.61537313432837,DOWN,74.38,INSURANCE,33.58761194029851,330.42,621.3303999999999,951.7503999999999,N,TXN_V2.1,2026-06-29,2026-06-29 19:54:02.665208
153,2026-06,1,1,16.0,995.0,426.33,-568.6700000000001,88.833125,DOWN,1.48,RETAIL,50.0,90.97,19.900000000000002,110.87,N,TXN_V2.1,2026-06-29,2026-06-29 19:54:02.665208
154,2026-06,3,2,122.0,23976.83,4703.66,-19273.170000000002,235.0859836065574,DOWN,61.36,RESTAURANT,41.8022131147541,305.15000000000003,479.5366,784.6866,N,TXN_V2.1,2026-06-29,2026-06-29 19:54:02.665208
155,2026-06,4,4,237.0,23081.07,40655.17,17574.1,268.92928270042194,UP,59.4,UTILITIES,45.98877637130801,452.14,461.6214,913.7614,N,TXN_V2.1,2026-06-29,2026-06-29 19:54:02.665208
156,2026-06,4,4,185.0,46431.73,34471.36,-11960.370000000003,437.31399999999996,DOWN,91.72,RETAIL,37.84016216216216,364.7,928.6346000000001,1293.3346000000001,N,TXN_V2.1,2026-06-29,2026-06-29 19:54:02.665208
157,2026-06,3,3,111.0,25732.51,23762.809999999998,-1969.7000000000007,445.9037837837837,STABLE,64.88,UTILITIES,30.627297297297297,338.89,514.6501999999999,853.5401999999999,N,TXN_V2.1,2026-06-29,2026-06-29 19:54:02.665208
158,2026-06,3,2,134.0,27771.83,18793.91,-8977.920000000002,347.5055223880597,DOWN,68.96,RETAIL,32.092238805970155,249.56,555.4366,804.9966,N,TXN_V2.1,2026-06-29,2026-06-29 19:54:02.665208
159,2026-06,2,2,90.0,18936.88,13875.880000000001,-5061.0,364.58622222222226,DOWN,49.94,RESTAURANT,37.783,340.87,378.73760000000004,719.6076,N,TXN_V2.1,2026-06-29,2026-06-29 19:54:02.665208
160,2026-06,2,2,56.0,31990.14,2244.87,-29745.27,611.3394642857144,DOWN,75.72,TRAVEL,37.495714285714286,33.94,639.8028,673.7428,N,TXN_V2.1,2026-06-29,2026-06-29 19:54:02.665208
161,2026-06,3,3,119.0,8207.13,9587.74,1380.6100000000006,149.53672268907562,UP,22.16,INSURANCE,36.97453781512605,144.43,164.1426,308.57259999999997,N,TXN_V2.1,2026-06-29,2026-06-29 19:54:02.665208
162,2026-06,3,3,135.0,42236.83,18833.35,-23403.480000000003,452.3717037037037,DOWN,88.36,TRAVEL,39.258148148148145,410.17,844.7366000000001,1254.9066,N,TXN_V2.1,2026-06-29,2026-06-29 19:54:02.665208
163,2026-06,4,4,173.0,19134.98,16049.409999999998,-3085.5700000000015,203.3779768786127,DOWN,50.46,RESTAURANT,40.463757225433525,427.26,382.6996,809.9595999999999,N,TXN_V2.1,2026-06-29,2026-06-29 19:54:02.665208
164,2026-06,3,3,133.0,18406.27,27377.25,8970.98,344.23699248120306,UP,48.72,UTILITIES,39.85315789473684,432.84000000000003,368.1254,800.9654,N,TXN_V2.1,2026-06-29,2026-06-29 19:54:02.665208
165,2026-06,3,3,130.0,26926.25,8294.75,-18631.5,270.9307692307692,DOWN,67.26,RESTAURANT,40.001999999999995,226.15,538.525,764.675,N,TXN_V2.1,2026-06-29,2026-06-29 19:54:02.665208
166,2026-06,4,4,251.0,33191.090000000004,47246.009999999995,14054.919999999991,320.4665338645419,UP,77.66,RESTAURANT,41.434780876494024,479.27,663.8218,1143.0918000000001,N,TXN_V2.1,2026-06-29,2026-06-29 19:54:02.665208
167,2026-06,2,1,57.0,3971.66,2632.7799999999997,-1338.88,115.86736842105262,DOWN,13.96,UTILITIES,35.08684210526316,157.87,79.4332,237.3032,N,TXN_V2.1,2026-06-29,2026-06-29 19:54:02.665208
168,2026-06,3,3,92.0,17158.99,4630.85,-12528.140000000001,236.8460869565218,DOWN,45.8,UTILITIES,33.69728260869565,157.53,343.17980000000006,500.7098000000001,N,TXN_V2.1,2026-06-29,2026-06-29 19:54:02.665208
169,2026-06,4,4,185.0,65996.52,29386.0,-36610.520000000004,515.5811891891892,DOWN,98.82,RETAIL,36.21589189189189,423.17999999999995,1319.9304000000002,1743.1104,N,TXN_V2.1,2026-06-29,2026-06-29 19:54:02.665208
170,2026-06,2,2,95.0,26256.59,14552.62,-11703.97,429.57063157894737,DOWN,65.8,GROCERY,45.26894736842105,190.93,525.1318,716.0618,N,TXN_V2.1,2026-06-29,2026-06-29 19:54:02.665208
171,2026-06,3,3,181.0,39789.6,30959.49,-8830.109999999997,390.8789502762431,DOWN,86.16,RESTAURANT,42.54055248618785,431.52,795.792,1227.312,N,TXN_V2.1,2026-06-29,2026-06-29 19:54:02.665208
172,2026-06,3,3,149.0,28544.42,26287.99,-2256.4299999999967,368.00275167785236,DOWN,70.32,UTILITIES,40.94073825503356,453.22,570.8883999999999,1024.1084,N,TXN_V2.1,2026-06-29,2026-06-29 19:54:02.665208
173,2026-06,1,1,64.0,19020.57,1760.7,-17259.87,324.70734375,DOWN,50.18,GROCERY,43.75,252.67,380.4114,633.0814,N,TXN_V2.1,2026-06-29,2026-06-29 19:54:02.665208
174,2026-06,4,4,202.0,70448.64,40558.81,-29889.83,549.5418316831683,DOWN,99.28,TRAVEL,34.65301980198019,478.54,1408.9728,1887.5128,N,TXN_V2.1,2026-06-29,2026-06-29 19:54:02.665208
175,2026-06,1,1,57.0,3116.43,13811.49,10695.06,296.9810526315789,UP,11.36,GROCERY,47.37,98.2,62.3286,160.5286,N,TXN_V2.1,2026-06-29,2026-06-29 19:54:02.665208
176,2026-06,2,2,91.0,36205.81,3578.15,-32627.659999999996,437.1863736263736,DOWN,81.66,UTILITIES,38.46637362637363,191.79,724.1161999999999,915.9061999999999,N,TXN_V2.1,2026-06-29,2026-06-29 19:54:02.665208
177,2026-06,3,3,143.0,8600.81,23040.29,14439.480000000001,221.26643356643356,UP,22.88,RETAIL,41.26027972027972,399.37,172.0162,571.3862,N,TXN_V2.1,2026-06-29,2026-06-29 19:54:02.665208
178,2026-06,4,4,193.0,37193.22,32680.730000000003,-4512.489999999998,362.0411917098446,DOWN,83.32,RETAIL,40.935544041450775,522.33,743.8644,1266.1944,N,TXN_V2.1,2026-06-29,2026-06-29 19:54:02.665208
179,2026-06,2,2,91.0,6103.200000000001,20989.13,14885.93,297.7179120879121,UP,18.72,UTILITIES,36.26791208791209,229.34,122.06400000000002,351.404,N,TXN_V2.1,2026-06-29,2026-06-29 19:54:02.665208
180,2026-06,3,3,139.0,15595.300000000001,17247.19,1651.8899999999976,236.27690647482012,UP,42.0,RETAIL,41.01035971223021,543.78,311.906,855.6859999999999,N,TXN_V2.1,2026-06-29,2026-06-29 19:54:02.665208
181,2026-06,2,2,79.0,8187.88,5653.200000000001,-2534.6799999999994,175.20354430379749,DOWN,22.14,RETAIL,49.37012658227849,227.89000000000001,163.7576,391.6476,N,TXN_V2.1,2026-06-29,2026-06-29 19:54:02.665208
182,2026-06,4,4,214.0,43061.06,29182.16,-13878.899999999998,337.5851401869159,DOWN,89.0,TRAVEL,40.652616822429906,468.67999999999995,861.2212,1329.9011999999998,N,TXN_V2.1,2026-06-29,2026-06-29 19:54:02.665208
183,2026-06,3,3,142.0,17103.13,15990.0,-1113.130000000001,233.05021126760568,STABLE,45.52,TRAVEL,31.68676056338028,429.47,342.06260000000003,771.5326,N,TXN_V2.1,2026-06-29,2026-06-29 19:54:02.665208
184,2026-06,3,3,150.0,16360.16,34982.13,18621.969999999998,342.2819333333333,UP,44.06,RETAIL,37.333933333333334,280.17,327.2032,607.3732,N,TXN_V2.1,2026-06-29,2026-06-29 19:54:02.665208
185,2026-06,2,1,58.0,16667.63,8813.779999999999,-7853.850000000002,439.3346551724138,DOWN,44.72,TRAVEL,32.75689655172414,61.47,333.35260000000005,394.8226000000001,N,TXN_V2.1,2026-06-29,2026-06-29 19:54:02.665208
186,2026-06,4,4,242.0,28184.649999999998,24715.1,-3469.5499999999993,218.59400826446281,DOWN,69.7,TRAVEL,39.25636363636363,649.42,563.693,1213.1129999999998,N,TXN_V2.1,2026-06-29,2026-06-29 19:54:02.665208
187,2026-06,4,4,168.0,11846.22,24040.15,12193.930000000002,213.60934523809524,UP,30.98,RETAIL,33.92904761904762,243.55,236.9244,480.4744,N,TXN_V2.1,2026-06-29,2026-06-29 19:54:02.665208
188,2026-06,2,2,67.0,11556.349999999999,13534.49,1978.1400000000012,374.4901492537313,UP,30.2,TRAVEL,41.78731343283582,105.86,231.12699999999998,336.98699999999997,N,TXN_V2.1,2026-06-29,2026-06-29 19:54:02.665208
189,2026-06,4,4,174.0,44251.81,27841.89,-16409.92,414.3316091954023,DOWN,90.06,TRAVEL,39.65252873563219,510.17,885.0362,1395.2062,N,TXN_V2.1,2026-06-29,2026-06-29 19:54:02.665208
190,2026-06,3,3,115.0,18192.129999999997,19996.989999999998,1804.8600000000006,332.07930434782605,UP,48.32,UTILITIES,40.0,159.35,363.84259999999995,523.1926,N,TXN_V2.1,2026-06-29,2026-06-29 19:54:02.665208
191,2026-06,1,1,17.0,8913.07,263.05,-8650.02,539.7717647058823,DOWN,23.56,GAS_STATION,41.17,0.0,178.2614,178.2614,N,TXN_V2.1,2026-06-29,2026-06-29 19:54:02.665208
192,2026-06,2,2,83.0,23952.89,12595.64,-11357.25,440.34373493975903,DOWN,61.32,RETAIL,33.739036144578314,63.14,479.0578,542.1978,N,TXN_V2.1,2026-06-29,2026-06-29 19:54:02.665208
193,2026-06,3,3,172.0,43217.07,50452.67,7235.5999999999985,544.5915116279069,UP,89.08,RETAIL,38.95563953488372,203.92,864.3414,1068.2614,N,TXN_V2.1,2026-06-29,2026-06-29 19:54:02.665208
194,2026-06,3,3,147.0,46446.700000000004,48691.61,2244.909999999996,647.1993877551021,STABLE,91.74,INSURANCE,42.17748299319728,370.47,928.9340000000001,1299.404,N,TXN_V2.1,2026-06-29,2026-06-29 19:54:02.665208
195,2026-06,4,3,134.0,24766.96,20420.68,-4346.279999999999,337.2211940298507,DOWN,63.06,TRAVEL,37.316044776119405,267.09999999999997,495.3392,762.4392,N,TXN_V2.1,2026-06-29,2026-06-29 19:54:02.665208
196,2026-06,1,1,40.0,12925.52,907.15,-12018.37,345.81675,DOWN,34.04,GAS_STATION,27.500000000000004,173.93,258.5104,432.4404,N,TXN_V2.1,2026-06-29,2026-06-29 19:54:02.665208
197,2026-06,2,2,124.0,23534.87,26419.13,2884.260000000002,402.85483870967744,UP,60.48,RESTAURANT,37.90008064516129,347.89,470.6974,818.5874,N,TXN_V2.1,2026-06-29,2026-06-29 19:54:02.665208
198,2026-06,3,3,98.0,26135.73,14734.92,-11400.81,417.0474489795919,DOWN,65.56,HEALTHCARE,29.59367346938776,204.43,522.7146,727.1446000000001,N,TXN_V2.1,2026-06-29,2026-06-29 19:54:02.665208
199,2026-06,2,2,84.0,14610.609999999999,5526.360000000001,-9084.249999999998,239.72583333333336,DOWN,39.24,WIRE_TRANSFER_INTL,33.33333333333333,175.68,292.2122,467.8922,N,TXN_V2.1,2026-06-29,2026-06-29 19:54:02.665208
200,2026-06,4,3,194.0,34997.26,32344.18,-2653.0800000000017,347.12082474226804,DOWN,80.14,RETAIL,34.53773195876289,279.56,699.9452,979.5052000000001,N,TXN_V2.1,2026-06-29,2026-06-29 19:54:02.665208
201,2026-06,1,1,42.0,1809.02,2329.78,520.7600000000002,98.54285714285714,UP,5.36,RESTAURANT,42.85999999999999,195.82,36.1804,232.00039999999998,N,TXN_V2.1,2026-06-29,2026-06-29 19:54:02.665208
202,2026-06,2,2,112.0,16927.6,38084.3,21156.700000000004,491.1776785714286,UP,45.1,UTILITIES,35.712500000000006,197.45,338.55199999999996,536.002,N,TXN_V2.1,2026-06-29,2026-06-29 19:54:02.665208
203,2026-06,1,1,47.0,1676.31,2339.76,663.4500000000003,85.44829787234043,UP,4.52,GAS_STATION,36.17,185.7,33.5262,219.2262,N,TXN_V2.1,2026-06-29,2026-06-29 19:54:02.665208
204,2026-06,2,2,41.0,3211.0899999999997,12093.12,8882.03,373.2734146341464,UP,11.72,HEALTHCARE,34.14878048780488,74.95,64.2218,139.17180000000002,N,TXN_V2.1,2026-06-29,2026-06-29 19:54:02.665208
205,2026-06,3,3,75.0,21142.29,3203.2,-17939.09,324.60653333333335,DOWN,54.92,RETAIL,26.66293333333333,48.32,422.84580000000005,471.16580000000005,N,TXN_V2.1,2026-06-29,2026-06-29 19:54:02.665208
206,2026-06,3,3,79.0,4743.86,4630.3,-113.55999999999949,118.66025316455696,STABLE,16.0,RETAIL,44.30367088607595,161.67,94.8772,256.5472,N,TXN_V2.1,2026-06-29,2026-06-29 19:54:02.665208
207,2026-06,3,3,111.0,23603.47,10714.919999999998,-12888.550000000003,309.1746846846847,DOWN,60.66,GROCERY,28.827927927927927,252.56000000000003,472.06940000000003,724.6294,N,TXN_V2.1,2026-06-29,2026-06-29 19:54:02.665208
208,2026-06,2,2,74.0,12290.220000000001,3562.6400000000003,-8727.580000000002,214.22783783783785,DOWN,32.16,RESTAURANT,37.83310810810811,146.04,245.80440000000002,391.8444,N,TXN_V2.1,2026-06-29,2026-06-29 19:54:02.665208
209,2026-06,4,4,177.0,30903.84,30190.23,-713.6100000000006,345.1642372881356,STABLE,74.1,RETAIL,40.11220338983051,253.89000000000001,618.0768,871.9668,N,TXN_V2.1,2026-06-29,2026-06-29 19:54:02.665208
210,2026-06,1,1,45.0,3020.58,12730.76,9710.18,350.0297777777778,UP,11.06,GROCERY,42.22,138.88,60.4116,199.2916,N,TXN_V2.1,2026-06-29,2026-06-29 19:54:02.665208
211,2026-06,4,4,193.0,42937.5,28766.22,-14171.279999999999,371.5218652849741,DOWN,88.9,TRAVEL,35.75,383.69,858.75,1242.44,N,TXN_V2.1,2026-06-29,2026-06-29 19:54:02.665208
212,2026-06,1,1,33.0,9403.49,958.32,-8445.17,313.99424242424243,DOWN,24.76,GROCERY,30.3,57.08,188.0698,245.14979999999997,N,TXN_V2.1,2026-06-29,2026-06-29 19:54:02.665208
213,2026-06,4,4,167.0,16825.8,15486.18,-1339.619999999999,193.4849101796407,DOWN,45.0,INSURANCE,32.93808383233533,289.86,336.516,626.376,N,TXN_V2.1,2026-06-29,2026-06-29 19:54:02.665208
214,2026-06,3,3,140.0,17413.82,40204.37,22790.550000000003,411.55850000000004,UP,46.48,UTILITIES,42.14007142857143,231.52,348.2764,579.7964000000001,N,TXN_V2.1,2026-06-29,2026-06-29 19:54:02.665208
215,2026-06,4,4,209.0,43221.68,23616.11,-19605.57,319.798038277512,DOWN,89.1,UTILITIES,40.19425837320574,439.77,864.4336000000001,1304.2036,N,TXN_V2.1,2026-06-29,2026-06-29 19:54:02.665208
216,2026-06,4,4,183.0,64148.78,16852.46,-47296.32,442.6297267759562,DOWN,98.48,UTILITIES,36.06087431693989,486.31,1282.9756,1769.2856,N,TXN_V2.1,2026-06-29,2026-06-29 19:54:02.665208
217,2026-06,3,3,186.0,33017.11,34246.1,1228.989999999998,361.6301612903225,STABLE,77.32,UTILITIES,39.25069892473118,485.62,660.3422,1145.9622,N,TXN_V2.1,2026-06-29,2026-06-29 19:54:02.665208
218,2026-06,2,1,65.0,3723.81,11679.49,7955.68,236.97384615384615,UP,13.12,RESTAURANT,26.15738461538461,103.77,74.4762,178.2462,N,TXN_V2.1,2026-06-29,2026-06-29 19:54:02.665208
219,2026-06,2,2,70.0,3014.17,23077.14,20062.97,372.73299999999995,UP,10.96,RESTAURANT,48.571999999999996,175.92000000000002,60.2834,236.20340000000002,N,TXN_V2.1,2026-06-29,2026-06-29 19:54:02.665208
220,2026-06,3,3,117.0,9236.07,5441.25,-3794.8199999999997,125.44717948717948,DOWN,24.28,INSURANCE,40.17179487179487,198.85,184.7214,383.5714,N,TXN_V2.1,2026-06-29,2026-06-29 19:54:02.665208
221,2026-06,3,3,114.0,11771.92,6359.71,-5412.21,159.0493859649123,DOWN,30.8,UTILITIES,49.12263157894736,207.60000000000002,235.4384,443.0384,N,TXN_V2.1,2026-06-29,2026-06-29 19:54:02.665208
222,2026-06,2,2,118.0,25869.12,11980.95,-13888.169999999998,320.76330508474575,DOWN,65.16,UTILITIES,38.13593220338983,182.21,517.3824,699.5924,N,TXN_V2.1,2026-06-29,2026-06-29 19:54:02.665208
223,2026-06,4,4,171.0,46203.12,57365.42,11162.299999999996,605.6639766081872,UP,91.5,UTILITIES,36.83964912280702,387.01,924.0624,1311.0724,N,TXN_V2.1,2026-06-29,2026-06-29 19:54:02.665208
224,2026-06,4,4,158.0,47679.7,15137.84,-32541.859999999997,397.57936708860757,DOWN,92.62,UTILITIES,41.77088607594937,341.15999999999997,953.5939999999999,1294.754,N,TXN_V2.1,2026-06-29,2026-06-29 19:54:02.665208
225,2026-06,3,3,144.0,44129.36,5633.11,-38496.25,345.57270833333337,DOWN,90.02,UTILITIES,37.50236111111111,490.16999999999996,882.5872,1372.7572,N,TXN_V2.1,2026-06-29,2026-06-29 19:54:02.665208
226,2026-06,4,4,148.0,31317.64,21352.420000000002,-9965.219999999998,355.8787837837838,DOWN,74.64,RETAIL,38.51331081081081,192.77,626.3528,819.1228,N,TXN_V2.1,2026-06-29,2026-06-29 19:54:02.665208
227,2026-06,3,3,153.0,20045.75,32435.61,12389.86,343.0154248366013,UP,52.3,TRAVEL,39.866013071895416,578.52,400.915,979.435,N,TXN_V2.1,2026-06-29,2026-06-29 19:54:02.665208
228,2026-06,4,3,152.0,41828.66,33300.35,-8528.310000000005,494.269802631579,DOWN,87.84,RETAIL,39.47552631578947,284.12,836.5732,1120.6932000000002,N,TXN_V2.1,2026-06-29,2026-06-29 19:54:02.665208
229,2026-06,1,1,45.0,10359.13,16433.72,6074.590000000002,595.3966666666666,UP,27.08,GROCERY,35.559999999999995,125.61,207.18259999999998,332.7926,N,TXN_V2.1,2026-06-29,2026-06-29 19:54:02.665208
230,2026-06,4,3,110.0,34946.41,16036.16,-18910.250000000004,463.4779090909092,DOWN,80.08,TRAVEL,40.91018181818182,190.97,698.9282000000001,889.8982000000001,N,TXN_V2.1,2026-06-29,2026-06-29 19:54:02.665208
231,2026-06,1,1,67.0,4153.4,3345.97,-807.4299999999998,111.93089552238804,DOWN,14.6,GAS_STATION,38.81,74.35,83.068,157.418,N,TXN_V2.1,2026-06-29,2026-06-29 19:54:02.665208
232,2026-06,3,3,131.0,39616.62,13053.16,-26563.460000000003,402.0593893129771,DOWN,86.04,RESTAURANT,32.82221374045802,376.59000000000003,792.3324000000001,1168.9224000000002,N,TXN_V2.1,2026-06-29,2026-06-29 19:54:02.665208
233,2026-06,2,1,79.0,13161.04,3162.69,-9998.35,206.6294936708861,DOWN,34.76,TRAVEL,29.114936708860757,258.06,263.2208,521.2808,N,TXN_V2.1,2026-06-29,2026-06-29 19:54:02.665208
234,2026-06,4,4,194.0,30063.11,22427.510000000002,-7635.5999999999985,270.57020618556703,DOWN,72.7,RESTAURANT,37.113969072164956,331.32,601.2622,932.5822000000001,N,TXN_V2.1,2026-06-29,2026-06-29 19:54:02.665208
235,2026-06,1,1,49.0,3367.98,1984.45,-1383.53,109.23326530612246,DOWN,12.16,GAS_STATION,36.739999999999995,66.94,67.3596,134.2996,N,TXN_V2.1,2026-06-29,2026-06-29 19:54:02.665208
236,2026-06,4,4,161.0,39366.68,27067.190000000002,-12299.489999999998,412.63273291925464,DOWN,85.76,RESTAURANT,40.3716149068323,285.52,787.3336,1072.8536,N,TXN_V2.1,2026-06-29,2026-06-29 19:54:02.665208
237,2026-06,1,1,39.0,2128.79,2642.88,514.0900000000001,122.35051282051282,STABLE,7.0,GROCERY,33.33,54.66,42.5758,97.2358,N,TXN_V2.1,2026-06-29,2026-06-29 19:54:02.665208
238,2026-06,1,1,38.0,1863.78,11725.88,9862.099999999999,357.6226315789474,UP,5.72,RESTAURANT,28.95,51.88,37.2756,89.15559999999999,N,TXN_V2.1,2026-06-29,2026-06-29 19:54:02.665208
239,2026-06,4,4,239.0,64725.35,35175.340000000004,-29550.009999999995,417.9945188284519,DOWN,98.56,RETAIL,38.08012552301256,477.77,1294.507,1772.277,N,TXN_V2.1,2026-06-29,2026-06-29 19:54:02.665208
240,2026-06,1,1,36.0,2391.84,2205.13,-186.71000000000004,127.69361111111112,STABLE,8.26,GROCERY,33.33,131.72,47.836800000000004,179.5568,N,TXN_V2.1,2026-06-29,2026-06-29 19:54:02.665208
241,2026-06,2,2,67.0,8837.119999999999,3244.0,-5593.119999999999,180.315223880597,DOWN,23.4,RESTAURANT,35.81955223880597,211.94,176.74239999999998,388.6824,N,TXN_V2.1,2026-06-29,2026-06-29 19:54:02.665208
242,2026-06,1,1,64.0,14684.5,28316.05,13631.55,671.88359375,UP,39.52,INSURANCE,34.38,139.86,293.69,433.55,N,TXN_V2.1,2026-06-29,2026-06-29 19:54:02.665208
243,2026-06,3,3,157.0,33431.87,26818.05,-6613.820000000003,383.75745222929936,DOWN,78.1,RESTAURANT,40.12726114649682,206.17000000000002,668.6374000000001,874.8074000000001,N,TXN_V2.1,2026-06-29,2026-06-29 19:54:02.665208
244,2026-06,2,2,138.0,16362.61,6012.98,-10349.630000000001,162.14195652173913,DOWN,44.08,RESTAURANT,34.78478260869565,293.63,327.2522,620.8822,N,TXN_V2.1,2026-06-29,2026-06-29 19:54:02.665208
245,2026-06,3,3,161.0,37574.920000000006,24062.769999999997,-13512.150000000009,382.8427950310559,DOWN,83.74,RETAIL,44.099440993788825,279.65,751.4984000000002,1031.1484,N,TXN_V2.1,2026-06-29,2026-06-29 19:54:02.665208
246,2026-06,1,1,17.0,753.24,1024.34,271.0999999999999,104.5635294117647,STABLE,0.66,GAS_STATION,35.29,73.24,15.0648,88.3048,N,TXN_V2.1,2026-06-29,2026-06-29 19:54:02.665208
247,2026-06,3,3,115.0,17644.58,7271.55,-10373.030000000002,216.662,DOWN,47.02,RESTAURANT,34.78069565217391,333.23,352.89160000000004,686.1216000000001,N,TXN_V2.1,2026-06-29,2026-06-29 19:54:02.665208
248,2026-06,3,3,104.0,5632.38,13252.55,7620.169999999999,181.58586538461537,UP,17.72,RESTAURANT,42.30798076923076,206.28,112.64760000000001,318.9276,N,TXN_V2.1,2026-06-29,2026-06-29 19:54:02.665208
249,2026-06,4,4,212.0,60989.77,36699.020000000004,-24290.749999999993,460.79617924528304,DOWN,97.82,RESTAURANT,38.67801886792453,511.28000000000003,1219.7954,1731.0754,N,TXN_V2.1,2026-06-29,2026-06-29 19:54:02.665208
250,2026-06,4,4,212.0,56901.0,16880.62,-40020.380000000005,348.02650943396225,DOWN,96.7,RETAIL,38.68306603773585,375.65,1138.02,1513.67,N,TXN_V2.1,2026-06-29,2026-06-29 19:54:02.665208
251,2026-06,2,2,111.0,47477.74,5740.02,-41737.72,479.4392792792792,DOWN,92.46,RESTAURANT,35.13567567567568,327.02,949.5548,1276.5747999999999,N,TXN_V2.1,2026-06-29,2026-06-29 19:54:02.665208
252,2026-06,4,4,255.0,68825.45999999999,33763.95,-35061.509999999995,402.31141176470584,DOWN,99.18,RETAIL,42.354431372549016,311.40999999999997,1376.5092,1687.9191999999998,N,TXN_V2.1,2026-06-29,2026-06-29 19:54:02.665208
253,2026-06,4,4,149.0,21383.670000000002,19368.75,-2014.920000000002,273.5061744966443,DOWN,55.46,TRAVEL,38.25369127516779,394.20000000000005,427.6734000000001,821.8734000000002,N,TXN_V2.1,2026-06-29,2026-06-29 19:54:02.665208
254,2026-06,2,2,79.0,12245.17,14160.31,1915.1399999999994,334.246582278481,UP,32.06,RESTAURANT,34.171772151898736,171.3,244.9034,416.2034,N,TXN_V2.1,2026-06-29,2026-06-29 19:54:02.665208
255,2026-06,2,1,35.0,2715.56,11715.0,8999.44,412.3017142857143,UP,9.8,GROCERY,45.713428571428565,13.18,54.3112,67.49119999999999,N,TXN_V2.1,2026-06-29,2026-06-29 19:54:02.665208
256,2026-06,4,4,155.0,46234.770000000004,22707.54,-23527.230000000003,444.7890967741935,DOWN,91.54,TRAVEL,36.77374193548387,315.20000000000005,924.6954000000001,1239.8954,N,TXN_V2.1,2026-06-29,2026-06-29 19:54:02.665208
257,2026-06,4,4,196.0,29430.25,20955.91,-8474.34,257.0722448979592,DOWN,71.7,RESTAURANT,46.427142857142854,454.2,588.605,1042.805,N,TXN_V2.1,2026-06-29,2026-06-29 19:54:02.665208
258,2026-06,2,2,112.0,17923.02,14623.75,-3299.2700000000004,290.5961607142857,DOWN,47.66,GROCERY,37.5,149.04,358.4604,507.5004,N,TXN_V2.1,2026-06-29,2026-06-29 19:54:02.665208
259,2026-06,2,2,41.0,2582.81,11814.66,9231.85,351.15780487804875,UP,9.36,TRAVEL,34.14853658536586,87.52000000000001,51.6562,139.1762,N,TXN_V2.1,2026-06-29,2026-06-29 19:54:02.665208
260,2026-06,1,1,67.0,36252.0,17451.62,-18800.38,801.546567164179,DOWN,81.78,GROCERY,32.84,161.64,725.04,886.68,N,TXN_V2.1,2026-06-29,2026-06-29 19:54:02.665208
261,2026-06,1,1,53.0,32661.98,2702.19,-29959.79,667.2484905660377,DOWN,76.8,GROCERY,32.07,119.74,653.2396,772.9796,N,TXN_V2.1,2026-06-29,2026-06-29 19:54:02.665208
262,2026-06,2,2,134.0,41483.11,4774.29,-36708.82,345.2044776119403,DOWN,87.58,UTILITIES,34.33074626865672,350.53,829.6622,1180.1922,N,TXN_V2.1,2026-06-29,2026-06-29 19:54:02.665208
263,2026-06,3,3,149.0,39173.22,18000.52,-21172.7,383.7163758389262,DOWN,85.48,TRAVEL,32.8893288590604,239.57,783.4644000000001,1023.0344,N,TXN_V2.1,2026-06-29,2026-06-29 19:54:02.665208
264,2026-06,4,4,180.0,59494.85,21896.83,-37598.02,452.176,DOWN,97.44,RESTAURANT,37.223277777777774,356.0,1189.897,1545.897,N,TXN_V2.1,2026-06-29,2026-06-29 19:54:02.665208
265,2026-06,4,4,196.0,71182.34,43259.08,-27923.259999999995,583.8847959183673,DOWN,99.34,INSURANCE,36.73392857142857,360.08,1423.6468,1783.7268,N,TXN_V2.1,2026-06-29,2026-06-29 19:54:02.665208
266,2026-06,2,2,104.0,26238.0,14770.199999999999,-11467.800000000001,394.30961538461537,DOWN,65.78,GROCERY,43.27538461538462,162.22,524.76,686.98,N,TXN_V2.1,2026-06-29,2026-06-29 19:54:02.665208
267,2026-06,4,4,189.0,43740.08,8497.14,-35242.94,276.3874074074074,DOWN,89.48,UTILITIES,46.559417989417994,420.88,874.8016,1295.6816,N,TXN_V2.1,2026-06-29,2026-06-29 19:54:02.665208
268,2026-06,4,3,169.0,45743.18,29251.18,-16492.0,443.75360946745565,DOWN,91.12,RESTAURANT,40.23982248520711,460.23,914.8636,1375.0936000000002,N,TXN_V2.1,2026-06-29,2026-06-29 19:54:02.665208
269,2026-06,4,4,197.0,31656.97,27093.78,-4563.190000000002,298.22715736040607,DOWN,75.14,TRAVEL,34.00984771573603,347.83,633.1394,980.9694,N,TXN_V2.1,2026-06-29,2026-06-29 19:54:02.665208
270,2026-06,4,4,198.0,34879.08,10147.89,-24731.190000000002,227.4089393939394,DOWN,79.98,INSURANCE,40.407121212121204,353.81,697.5816000000001,1051.3916000000002,N,TXN_V2.1,2026-06-29,2026-06-29 19:54:02.665208
271,2026-06,3,3,120.0,40474.350000000006,6511.49,-33962.86000000001,391.5486666666667,DOWN,86.86,RESTAURANT,43.33566666666667,200.82,809.4870000000001,1010.307,N,TXN_V2.1,2026-06-29,2026-06-29 19:54:02.665208
272,2026-06,1,1,14.0,1029.65,377.29,-652.3600000000001,100.49571428571429,DOWN,1.64,GAS_STATION,28.57,74.41,20.593000000000004,95.003,N,TXN_V2.1,2026-06-29,2026-06-29 19:54:02.665208
273,2026-06,3,3,117.0,15835.669999999998,49330.1,33494.43,556.9723931623931,UP,42.8,RESTAURANT,41.02538461538462,227.76,316.7134,544.4734,N,TXN_V2.1,2026-06-29,2026-06-29 19:54:02.665208
274,2026-06,2,2,114.0,22565.79,18959.699999999997,-3606.090000000004,364.2586842105263,DOWN,58.14,TRAVEL,34.215,290.6,451.3158,741.9158,N,TXN_V2.1,2026-06-29,2026-06-29 19:54:02.665208
275,2026-06,1,1,38.0,9945.77,2498.52,-7447.25,327.4813157894737,DOWN,25.96,RETAIL,50.0,155.65,198.9154,354.5654,N,TXN_V2.1,2026-06-29,2026-06-29 19:54:02.665208
276,2026-06,3,2,116.0,20335.66,20627.09,291.4300000000003,353.1271551724138,STABLE,52.88,RESTAURANT,37.931293103448276,213.27,406.71320000000003,619.9832,N,TXN_V2.1,2026-06-29,2026-06-29 19:54:02.665208
277,2026-06,2,2,120.0,7208.530000000001,13760.64,6552.109999999999,174.74308333333332,UP,20.62,RESTAURANT,38.332499999999996,307.82,144.1706,451.9906,N,TXN_V2.1,2026-06-29,2026-06-29 19:54:02.665208
278,2026-06,3,3,142.0,28833.100000000002,25158.52,-3674.5800000000017,380.22267605633806,DOWN,70.94,RETAIL,35.211549295774645,464.28,576.662,1040.942,N,TXN_V2.1,2026-06-29,2026-06-29 19:54:02.665208
279,2026-06,3,3,130.0,37620.07,13368.22,-24251.85,392.2176153846154,DOWN,83.82,RETAIL,40.77069230769231,327.21,752.4014,1079.6114,N,TXN_V2.1,2026-06-29,2026-06-29 19:54:02.665208
280,2026-06,1,1,25.0,7690.83,6164.81,-1526.0199999999995,554.2256,STABLE,21.28,RETAIL,48.0,61.3,153.8166,215.1166,N,TXN_V2.1,2026-06-29,2026-06-29 19:54:02.665208
281,2026-06,4,4,184.0,49831.67,28777.84,-21053.829999999998,427.2255978260869,DOWN,94.2,RESTAURANT,34.78375,467.76,996.6333999999999,1464.3934,N,TXN_V2.1,2026-06-29,2026-06-29 19:54:02.665208
282,2026-06,4,4,146.0,16786.32,21707.6,4921.279999999999,263.65698630136984,UP,44.92,RETAIL,34.93219178082192,366.03999999999996,335.7264,701.7664,N,TXN_V2.1,2026-06-29,2026-06-29 19:54:02.665208
283,2026-06,4,4,245.0,42238.93,37237.79,-5001.139999999999,324.3947755102041,DOWN,88.38,UTILITIES,38.776816326530614,888.14,844.7786,1732.9186,N,TXN_V2.1,2026-06-29,2026-06-29 19:54:02.665208
284,2026-06,4,3,194.0,36591.54,54746.1,18154.559999999998,470.8125773195876,UP,82.14,GROCERY,34.01664948453608,421.78,731.8308000000001,1153.6108,N,TXN_V2.1,2026-06-29,2026-06-29 19:54:02.665208
285,2026-06,3,2,142.0,26143.02,27284.34,1141.3199999999997,376.24901408450705,STABLE,65.58,GROCERY,37.3181690140845,372.27,522.8604,895.1304,N,TXN_V2.1,2026-06-29,2026-06-29 19:54:02.665208
286,2026-06,2,2,92.0,11070.17,18702.86,7632.6900000000005,323.6198913043478,UP,28.78,RESTAURANT,35.87652173913043,242.74,221.4034,464.14340000000004,N,TXN_V2.1,2026-06-29,2026-06-29 19:54:02.665208
287,2026-06,4,3,132.0,14766.8,15847.5,1080.7000000000007,231.92651515151513,STABLE,39.78,INSURANCE,40.912878787878796,263.77,295.336,559.106,N,TXN_V2.1,2026-06-29,2026-06-29 19:54:02.665208
288,2026-06,1,1,33.0,1062.2,20107.2,19045.0,641.4969696969697,UP,1.76,GAS_STATION,45.45000000000001,53.46,21.244,74.70400000000001,N,TXN_V2.1,2026-06-29,2026-06-29 19:54:02.665208
289,2026-06,2,2,86.0,4393.26,5689.83,1296.5699999999997,117.24523255813953,UP,15.16,HEALTHCARE,34.8839534883721,215.81,87.8652,303.6752,N,TXN_V2.1,2026-06-29,2026-06-29 19:54:02.665208
290,2026-06,4,4,229.0,35412.03,52821.450000000004,17409.420000000006,385.2990393013101,UP,80.52,RESTAURANT,44.53982532751092,616.72,708.2406,1324.9605999999999,N,TXN_V2.1,2026-06-29,2026-06-29 19:54:02.665208
291,2026-06,2,2,69.0,26313.050000000003,15168.78,-11144.270000000002,601.1859420289856,DOWN,65.9,GAS_STATION,46.37710144927536,112.81,526.2610000000001,639.0710000000001,N,TXN_V2.1,2026-06-29,2026-06-29 19:54:02.665208
292,2026-06,1,1,42.0,22581.7,3097.28,-19484.420000000002,611.4042857142857,DOWN,58.22,INSURANCE,42.85999999999999,0.0,451.634,451.634,N,TXN_V2.1,2026-06-29,2026-06-29 19:54:02.665208
293,2026-06,1,1,53.0,12528.86,2884.45,-9644.41,290.81716981132075,DOWN,32.9,EDUCATION,35.85,159.5,250.5772,410.0772,N,TXN_V2.1,2026-06-29,2026-06-29 19:54:02.665208
294,2026-06,1,1,30.0,1925.67,1346.64,-579.03,109.07700000000001,DOWN,5.96,RESTAURANT,30.0,30.04,38.513400000000004,68.55340000000001,N,TXN_V2.1,2026-06-29,2026-06-29 19:54:02.665208
295,2026-06,2,2,71.0,28934.88,22593.19,-6341.690000000002,725.7474647887324,DOWN,71.1,HEALTHCARE,47.888591549295775,124.16999999999999,578.6976000000001,702.8676,N,TXN_V2.1,2026-06-29,2026-06-29 19:54:02.665208
296,2026-06,2,2,68.0,4240.51,14046.09,9805.58,268.9205882352941,UP,14.88,GROCERY,27.943235294117645,0.0,84.81020000000001,84.81020000000001,N,TXN_V2.1,2026-06-29,2026-06-29 19:54:02.665208
297,2026-06,1,1,43.0,3365.68,1727.71,-1637.9699999999998,118.45093023255812,DOWN,12.14,RETAIL,41.86,95.22,67.3136,162.53359999999998,N,TXN_V2.1,2026-06-29,2026-06-29 19:54:02.665208
298,2026-06,4,4,179.0,18510.25,13608.810000000001,-4901.439999999999,179.43608938547487,DOWN,49.04,HEALTHCARE,35.75603351955308,267.83,370.205,638.035,N,TXN_V2.1,2026-06-29,2026-06-29 19:54:02.665208
299,2026-06,4,4,166.0,22610.11,15260.91,-7349.200000000001,228.1386746987952,DOWN,58.36,GROCERY,41.56168674698795,641.53,452.2022,1093.7322,N,TXN_V2.1,2026-06-29,2026-06-29 19:54:02.665208
300,2026-06,3,3,158.0,44274.08,23062.300000000003,-21211.78,426.1796202531646,DOWN,90.12,RETAIL,39.23955696202531,374.88,885.4816000000001,1260.3616000000002,N,TXN_V2.1,2026-06-29,2026-06-29 19:54:02.665208
301,2026-06,2,2,80.0,3144.27,22032.17,18887.899999999998,314.7055,UP,11.48,UTILITIES,36.254000000000005,336.2,62.885400000000004,399.0854,N,TXN_V2.1,2026-06-29,2026-06-29 19:54:02.665208
302,2026-06,2,2,108.0,5612.74,12683.31,7070.57,169.40787037037038,UP,17.62,GROCERY,30.560000000000002,311.28999999999996,112.2548,423.54479999999995,N,TXN_V2.1,2026-06-29,2026-06-29 19:54:02.665208
303,2026-06,4,3,161.0,11237.86,22041.89,10804.029999999999,206.70652173913044,UP,29.38,TRAVEL,36.64869565217392,352.63,224.7572,577.3872,N,TXN_V2.1,2026-06-29,2026-06-29 19:54:02.665208
304,2026-06,4,4,199.0,47326.36,40313.479999999996,-7012.880000000005,440.4012060301507,DOWN,92.32,RETAIL,38.1943216080402,371.84000000000003,946.5272,1318.3672000000001,N,TXN_V2.1,2026-06-29,2026-06-29 19:54:02.665208
305,2026-06,3,3,144.0,26162.989999999998,27896.760000000002,1733.770000000004,375.41493055555554,STABLE,65.62,RESTAURANT,31.250416666666663,254.93,523.2597999999999,778.1897999999999,N,TXN_V2.1,2026-06-29,2026-06-29 19:54:02.665208
306,2026-06,2,2,94.0,26498.05,16052.849999999999,-10445.2,452.66914893617013,DOWN,66.28,RESTAURANT,35.111489361702134,255.96999999999997,529.961,785.931,N,TXN_V2.1,2026-06-29,2026-06-29 19:54:02.665208
307,2026-06,4,4,204.0,50993.16,35979.79,-15013.370000000003,426.33799019607847,DOWN,94.66,UTILITIES,35.78446078431373,686.31,1019.8632000000001,1706.1732000000002,N,TXN_V2.1,2026-06-29,2026-06-29 19:54:02.665208
308,2026-06,4,4,207.0,23476.5,25645.83,2169.3300000000017,237.30594202898553,UP,60.36,RETAIL,37.19927536231884,422.23,469.53000000000003,891.76,N,TXN_V2.1,2026-06-29,2026-06-29 19:54:02.665208
309,2026-06,3,3,149.0,36774.74,32707.97,-4066.769999999997,466.3269127516778,DOWN,82.44,TRAVEL,32.21342281879195,398.21000000000004,735.4947999999999,1133.7048,N,TXN_V2.1,2026-06-29,2026-06-29 19:54:02.665208
310,2026-06,3,2,83.0,33859.96,3909.51,-29950.449999999997,455.05385542168676,DOWN,78.7,RETAIL,33.73216867469879,112.78999999999999,677.1992,789.9892,N,TXN_V2.1,2026-06-29,2026-06-29 19:54:02.665208
311,2026-06,2,1,64.0,2149.44,19421.859999999997,17272.42,337.05156249999993,UP,7.1,INSURANCE,43.750468749999996,211.19,42.988800000000005,254.1788,N,TXN_V2.1,2026-06-29,2026-06-29 19:54:02.665208
312,2026-06,4,4,170.0,25718.99,8115.01,-17603.980000000003,199.0235294117647,DOWN,64.8,TRAVEL,35.29870588235294,663.1300000000001,514.3798,1177.5098000000003,N,TXN_V2.1,2026-06-29,2026-06-29 19:54:02.665208
313,2026-06,1,1,25.0,9432.39,1796.22,-7636.169999999999,449.14439999999996,DOWN,24.8,UTILITIES,32.0,57.71,188.6478,246.3578,N,TXN_V2.1,2026-06-29,2026-06-29 19:54:02.665208
314,2026-06,1,1,64.0,16905.36,7679.89,-9225.470000000001,384.14453125,DOWN,45.04,GAS_STATION,31.25,57.4,338.10720000000003,395.5072,N,TXN_V2.1,2026-06-29,2026-06-29 19:54:02.665208
315,2026-06,4,3,202.0,60463.91,21930.49,-38533.42,407.8930693069307,DOWN,97.7,UTILITIES,36.14217821782178,531.22,1209.2782000000002,1740.4982000000002,N,TXN_V2.1,2026-06-29,2026-06-29 19:54:02.665208
316,2026-06,4,3,170.0,21817.14,48492.31,26675.17,413.585,UP,56.48,WIRE_TRANSFER_INTL,42.94029411764706,303.85,436.3428,740.1928,N,TXN_V2.1,2026-06-29,2026-06-29 19:54:02.665208
317,2026-06,2,2,94.0,4623.139999999999,6184.889999999999,1561.75,114.97904255319148,UP,15.64,RESTAURANT,48.93829787234042,319.58000000000004,92.46279999999999,412.04280000000006,N,TXN_V2.1,2026-06-29,2026-06-29 19:54:02.665208
318,2026-06,2,2,70.0,21855.65,15360.03,-6495.620000000001,531.6525714285714,DOWN,56.52,TRAVEL,21.431285714285718,198.0,437.11300000000006,635.113,N,TXN_V2.1,2026-06-29,2026-06-29 19:54:02.665208
319,2026-06,3,3,129.0,33490.56,4694.28,-28796.28,296.00651162790695,DOWN,78.16,TRAVEL,38.759767441860454,348.35,669.8112,1018.1612,N,TXN_V2.1,2026-06-29,2026-06-29 19:54:02.665208
320,2026-06,4,3,147.0,21954.73,14104.11,-7850.619999999999,245.298231292517,DOWN,56.74,TRAVEL,41.4943537414966,478.75,439.0946,917.8446,N,TXN_V2.1,2026-06-29,2026-06-29 19:54:02.665208
321,2026-06,4,3,94.0,5446.95,11680.98,6234.03,182.21202127659575,UP,17.2,HEALTHCARE,36.16723404255319,221.47,108.939,330.409,N,TXN_V2.1,2026-06-29,2026-06-29 19:54:02.665208
322,2026-06,2,2,86.0,21365.25,3303.5699999999997,-18061.68,286.8467441860465,DOWN,55.4,RESTAURANT,36.046046511627914,299.44,427.305,726.745,N,TXN_V2.1,2026-06-29,2026-06-29 19:54:02.665208
323,2026-06,3,3,157.0,37734.32,31915.800000000003,-5818.519999999997,443.6313375796178,DOWN,83.94,GROCERY,37.58299363057324,307.65999999999997,754.6864,1062.3464,N,TXN_V2.1,2026-06-29,2026-06-29 19:54:02.665208
324,2026-06,2,2,112.0,17253.2,5468.780000000001,-11784.42,202.87482142857147,DOWN,46.08,RESTAURANT,35.71580357142857,121.19,345.064,466.254,N,TXN_V2.1,2026-06-29,2026-06-29 19:54:02.665208
325,2026-06,3,3,107.0,43589.33,21184.09,-22405.24,605.3590654205607,DOWN,89.38,RESTAURANT,38.31495327102804,248.64999999999998,871.7866,1120.4366,N,TXN_V2.1,2026-06-29,2026-06-29 19:54:02.665208
326,2026-06,3,3,161.0,28674.989999999998,33312.61,4637.620000000003,385.016149068323,UP,70.56,TRAVEL,36.64068322981366,338.28,573.4997999999999,911.7797999999999,N,TXN_V2.1,2026-06-29,2026-06-29 19:54:02.665208
327,2026-06,3,3,106.0,16558.239999999998,14599.220000000001,-1959.0199999999968,293.93830188679243,DOWN,44.54,TRAVEL,36.79339622641509,195.39,331.16479999999996,526.5547999999999,N,TXN_V2.1,2026-06-29,2026-06-29 19:54:02.665208
328,2026-06,1,1,56.0,10988.2,17984.39,6996.189999999999,517.3676785714285,UP,28.64,GROCERY,41.07,98.56,219.764,318.324,N,TXN_V2.1,2026-06-29,2026-06-29 19:54:02.665208
329,2026-06,2,2,106.0,15759.17,15183.88,-575.2900000000009,291.91556603773586,STABLE,42.46,RESTAURANT,41.51377358490566,350.68,315.1834,665.8634,N,TXN_V2.1,2026-06-29,2026-06-29 19:54:02.665208
330,2026-06,1,1,49.0,4427.98,7181.55,2753.5700000000006,236.92918367346937,UP,15.22,RETAIL,34.699999999999996,53.19,88.55959999999999,141.7496,N,TXN_V2.1,2026-06-29,2026-06-29 19:54:02.665208
331,2026-06,3,3,90.0,5740.41,22766.039999999997,17025.629999999997,316.7383333333333,UP,17.92,HEALTHCARE,35.55644444444444,311.76,114.8082,426.5682,N,TXN_V2.1,2026-06-29,2026-06-29 19:54:02.665208
332,2026-06,1,1,27.0,2045.77,1537.11,-508.6600000000001,132.69925925925926,STABLE,6.66,RETAIL,40.739999999999995,54.71,40.9154,95.6254,N,TXN_V2.1,2026-06-29,2026-06-29 19:54:02.665208
333,2026-06,2,2,81.0,13936.39,10688.27,-3248.119999999999,304.00814814814817,DOWN,37.08,RETAIL,45.67111111111111,158.72000000000003,278.7278,437.44780000000003,N,TXN_V2.1,2026-06-29,2026-06-29 19:54:02.665208
334,2026-06,1,1,48.0,20865.6,1668.93,-19196.67,469.46937499999996,DOWN,54.1,RESTAURANT,45.83,145.83,417.31199999999995,563.1419999999999,N,TXN_V2.1,2026-06-29,2026-06-29 19:54:02.665208
335,2026-06,1,1,59.0,18076.47,10201.76,-7874.710000000001,479.29203389830514,DOWN,48.0,UTILITIES,40.67999999999999,94.48,361.5294,456.0094,N,TXN_V2.1,2026-06-29,2026-06-29 19:54:02.665208
336,2026-06,1,1,21.0,2479.04,346.58,-2132.46,134.55333333333334,DOWN,8.78,RESTAURANT,42.85999999999999,44.02,49.5808,93.6008,N,TXN_V2.1,2026-06-29,2026-06-29 19:54:02.665208
337,2026-06,3,3,121.0,36640.73,24031.95,-12608.780000000002,501.4271074380166,DOWN,82.28,RESTAURANT,38.845123966942154,293.08000000000004,732.8146,1025.8946,N,TXN_V2.1,2026-06-29,2026-06-29 19:54:02.665208
338,2026-06,3,3,167.0,32545.97,14733.18,-17812.79,283.10868263473054,DOWN,76.72,RETAIL,38.32790419161676,458.28000000000003,650.9194,1109.1994,N,TXN_V2.1,2026-06-29,2026-06-29 19:54:02.665208
339,2026-06,1,1,23.0,1694.22,648.21,-1046.01,101.84478260869567,DOWN,4.66,RETAIL,43.48,127.19,33.8844,161.0744,N,TXN_V2.1,2026-06-29,2026-06-29 19:54:02.665208
340,2026-06,3,3,115.0,30051.579999999998,23035.09,-7016.489999999998,461.6232173913043,DOWN,72.66,RESTAURANT,46.088782608695645,206.45,601.0316,807.4816000000001,N,TXN_V2.1,2026-06-29,2026-06-29 19:54:02.665208
341,2026-06,2,1,107.0,18388.12,16416.92,-1971.2000000000007,325.2807476635513,DOWN,48.68,RETAIL,28.04,344.21000000000004,367.7624,711.9724000000001,N,TXN_V2.1,2026-06-29,2026-06-29 19:54:02.665208
342,2026-06,1,1,65.0,22125.24,3863.59,-18261.65,399.8281538461539,DOWN,57.14,GROCERY,41.54,60.61,442.50480000000005,503.11480000000006,N,TXN_V2.1,2026-06-29,2026-06-29 19:54:02.665208
343,2026-06,1,1,46.0,8820.17,9877.26,1057.0900000000001,406.4658695652174,STABLE,23.34,RETAIL,28.259999999999998,150.34,176.4034,326.7434,N,TXN_V2.1,2026-06-29,2026-06-29 19:54:02.665208
344,2026-06,1,1,27.0,19745.38,1004.35,-18741.030000000002,768.5085185185185,DOWN,51.68,GROCERY,33.33,72.8,394.9076,467.7076,N,TXN_V2.1,2026-06-29,2026-06-29 19:54:02.665208
345,2026-06,2,2,112.0,30552.06,8714.560000000001,-21837.5,350.59482142857144,DOWN,73.5,UTILITIES,35.71125,326.01,611.0412,937.0512,N,TXN_V2.1,2026-06-29,2026-06-29 19:54:02.665208
346,2026-06,4,4,144.0,23259.72,14401.22,-8858.500000000002,261.5343055555556,DOWN,59.94,TRAVEL,31.94222222222222,221.52,465.19440000000003,686.7144000000001,N,TXN_V2.1,2026-06-29,2026-06-29 19:54:02.665208
347,2026-06,2,2,67.0,12161.83,47657.03,35495.2,892.8188059701492,UP,31.84,RESTAURANT,28.35582089552239,131.9,243.2366,375.13660000000004,N,TXN_V2.1,2026-06-29,2026-06-29 19:54:02.665208
348,2026-06,2,1,52.0,4070.4700000000003,1503.71,-2566.76,107.19576923076923,DOWN,14.26,RETAIL,32.694615384615375,141.88,81.4094,223.2894,N,TXN_V2.1,2026-06-29,2026-06-29 19:54:02.665208
349,2026-06,1,1,46.0,20764.46,8211.48,-12552.98,629.9117391304347,DOWN,53.84,GROCERY,43.48,128.39,415.2892,543.6792,N,TXN_V2.1,2026-06-29,2026-06-29 19:54:02.665208
350,2026-06,1,1,27.0,2829.45,8753.34,5923.89,428.99222222222227,UP,10.18,RESTAURANT,37.03,78.51,56.589,135.099,N,TXN_V2.1,2026-06-29,2026-06-29 19:54:02.665208
351,2026-06,1,1,57.0,3765.56,20699.38,16933.82,429.2094736842106,UP,13.28,RESTAURANT,40.349999999999994,46.58,75.3112,121.8912,N,TXN_V2.1,2026-06-29,2026-06-29 19:54:02.665208
352,2026-06,1,1,50.0,2520.43,11250.38,8729.949999999999,275.4162,UP,9.08,GROCERY,28.000000000000004,115.35,50.4086,165.7586,N,TXN_V2.1,2026-06-29,2026-06-29 19:54:02.665208
353,2026-06,2,2,137.0,16242.66,14793.710000000001,-1448.949999999999,226.5428467153285,DOWN,43.82,RESTAURANT,36.49985401459854,261.44,324.8532,586.2932000000001,N,TXN_V2.1,2026-06-29,2026-06-29 19:54:02.665208
354,2026-06,4,3,174.0,56964.25,24961.16,-32003.09,470.8356896551724,DOWN,96.72,TRAVEL,38.50580459770115,246.24,1139.285,1385.525,N,TXN_V2.1,2026-06-29,2026-06-29 19:54:02.665208
355,2026-06,2,2,73.0,11500.22,15778.33,4278.110000000001,373.6787671232877,UP,30.06,INSURANCE,31.505068493150684,186.60000000000002,230.0044,416.60440000000006,N,TXN_V2.1,2026-06-29,2026-06-29 19:54:02.665208
356,2026-06,1,1,51.0,15856.71,1843.87,-14012.84,347.0701960784313,DOWN,42.86,EDUCATION,49.00999999999999,146.95,317.13419999999996,464.08419999999995,N,TXN_V2.1,2026-06-29,2026-06-29 19:54:02.665208
357,2026-06,1,1,49.0,8972.17,11727.63,2755.459999999999,422.44489795918366,UP,23.72,GAS_STATION,34.699999999999996,62.47,179.4434,241.9134,N,TXN_V2.1,2026-06-29,2026-06-29 19:54:02.665208
358,2026-06,2,1,39.0,12713.210000000001,1597.31,-11115.900000000001,366.9364102564103,DOWN,33.42,HEALTHCARE,43.590769230769226,84.59,254.26420000000002,338.8542,N,TXN_V2.1,2026-06-29,2026-06-29 19:54:02.665208
359,2026-06,2,2,85.0,14437.880000000001,4554.92,-9882.960000000001,223.44470588235296,DOWN,38.62,RESTAURANT,34.12235294117647,335.34999999999997,288.7576,624.1076,N,TXN_V2.1,2026-06-29,2026-06-29 19:54:02.665208
360,2026-06,2,2,105.0,6251.5599999999995,17688.510000000002,11436.950000000003,228.00066666666666,UP,19.12,TRAVEL,33.33266666666667,169.91,125.0312,294.9412,N,TXN_V2.1,2026-06-29,2026-06-29 19:54:02.665208
361,2026-06,3,3,92.0,13328.15,4616.71,-8711.439999999999,195.05282608695651,DOWN,35.26,WIRE_TRANSFER_INTL,36.95543478260869,179.45999999999998,266.563,446.02299999999997,N,TXN_V2.1,2026-06-29,2026-06-29 19:54:02.665208
362,2026-06,2,2,79.0,26821.29,21068.39,-5752.9000000000015,606.1984810126582,DOWN,67.06,INSURANCE,41.77050632911392,116.41000000000001,536.4258,652.8358,N,TXN_V2.1,2026-06-29,2026-06-29 19:54:02.665208
363,2026-06,1,1,34.0,2409.36,1943.69,-465.6700000000001,128.03088235294118,STABLE,8.42,GAS_STATION,38.24000000000001,68.24,48.187200000000004,116.4272,N,TXN_V2.1,2026-06-29,2026-06-29 19:54:02.665208
364,2026-06,4,4,193.0,43837.08,35016.01,-8821.07,408.56523316062174,DOWN,89.64,RESTAURANT,39.38253886010362,416.83,876.7416000000001,1293.5716,N,TXN_V2.1,2026-06-29,2026-06-29 19:54:02.665208
365,2026-06,1,1,34.0,12520.12,397.6,-12122.52,379.93294117647065,DOWN,32.8,UTILITIES,38.239999999999995,80.93,250.40240000000003,331.3324,N,TXN_V2.1,2026-06-29,2026-06-29 19:54:02.665208
366,2026-06,1,1,34.0,20654.97,1364.18,-19290.79,647.6220588235294,DOWN,53.5,RESTAURANT,38.239999999999995,58.14,413.09940000000006,471.23940000000005,N,TXN_V2.1,2026-06-29,2026-06-29 19:54:02.665208
367,2026-06,3,3,121.0,36793.63,13318.650000000001,-23474.979999999996,414.15107438016526,DOWN,82.48,UTILITIES,33.87892561983472,309.16999999999996,735.8725999999999,1045.0425999999998,N,TXN_V2.1,2026-06-29,2026-06-29 19:54:02.665208
368,2026-06,3,3,169.0,20740.65,36395.2,15654.549999999996,338.0819526627219,UP,53.74,RESTAURANT,39.64426035502958,394.31,414.81300000000005,809.123,N,TXN_V2.1,2026-06-29,2026-06-29 19:54:02.665208
369,2026-06,3,3,107.0,16439.05,12464.69,-3974.3599999999988,270.12841121495325,DOWN,44.28,UTILITIES,43.923271028037384,285.37,328.781,614.1510000000001,N,TXN_V2.1,2026-06-29,2026-06-29 19:54:02.665208
370,2026-06,3,3,166.0,33607.03,30582.58,-3024.449999999997,386.68439759036147,DOWN,78.32,GROCERY,34.33638554216868,321.32,672.1406,993.4605999999999,N,TXN_V2.1,2026-06-29,2026-06-29 19:54:02.665208
371,2026-06,1,1,31.0,2656.31,1197.25,-1459.06,124.3083870967742,DOWN,9.6,RETAIL,38.71,35.18,53.1262,88.30619999999999,N,TXN_V2.1,2026-06-29,2026-06-29 19:54:02.665208
372,2026-06,4,4,182.0,31140.809999999998,28111.67,-3029.1399999999994,325.5630769230769,DOWN,74.46,RETAIL,40.105604395604395,370.93,622.8162,993.7462,N,TXN_V2.1,2026-06-29,2026-06-29 19:54:02.665208
373,2026-06,1,1,73.0,3891.0,12515.04,8624.04,224.74027397260275,UP,13.72,GAS_STATION,34.25,216.77,77.82000000000001,294.59000000000003,N,TXN_V2.1,2026-06-29,2026-06-29 19:54:02.665208
374,2026-06,1,1,39.0,1574.28,2166.68,592.3999999999999,95.92205128205129,UP,4.08,INSURANCE,35.9,100.55,31.4856,132.0356,N,TXN_V2.1,2026-06-29,2026-06-29 19:54:02.665208
375,2026-06,2,2,94.0,20739.190000000002,23338.289999999997,2599.099999999995,468.9093617021276,UP,53.72,HEALTHCARE,36.17117021276596,48.77,414.78380000000004,463.5538,N,TXN_V2.1,2026-06-29,2026-06-29 19:54:02.665208
376,2026-06,1,1,44.0,11875.77,11395.0,-480.77000000000044,528.8811363636364,STABLE,31.06,HEALTHCARE,27.27,110.62,237.5154,348.1354,N,TXN_V2.1,2026-06-29,2026-06-29 19:54:02.665208
377,2026-06,2,2,136.0,19862.27,16252.06,-3610.210000000001,265.54654411764704,DOWN,51.92,UTILITIES,35.29066176470588,333.77,397.2454,731.0154,N,TXN_V2.1,2026-06-29,2026-06-29 19:54:02.665208
378,2026-06,1,1,63.0,1738.87,15430.88,13692.009999999998,272.5357142857143,UP,4.88,RESTAURANT,36.510000000000005,83.29,34.7774,118.0674,N,TXN_V2.1,2026-06-29,2026-06-29 19:54:02.665208
379,2026-06,4,4,251.0,61425.67,33992.65,-27433.019999999997,380.1526693227092,DOWN,97.94,RETAIL,35.0605577689243,277.31,1228.5134,1505.8234,N,TXN_V2.1,2026-06-29,2026-06-29 19:54:02.665208
380,2026-06,3,3,95.0,5508.03,4545.219999999999,-962.8100000000004,105.82368421052631,DOWN,17.42,RESTAURANT,42.10568421052632,286.41,110.1606,396.5706,N,TXN_V2.1,2026-06-29,2026-06-29 19:54:02.665208
381,2026-06,2,1,51.0,3682.62,12578.57,8895.95,318.846862745098,UP,13.0,RETAIL,35.29254901960785,193.17999999999998,73.6524,266.8324,N,TXN_V2.1,2026-06-29,2026-06-29 19:54:02.665208
382,2026-06,3,2,104.0,18749.03,8518.42,-10230.609999999999,262.1870192307692,DOWN,49.48,UTILITIES,40.386634615384615,178.47,374.9806,553.4506,N,TXN_V2.1,2026-06-29,2026-06-29 19:54:02.665208
383,2026-06,1,1,39.0,2162.22,26668.36,24506.14,739.245641025641,UP,7.22,UTILITIES,35.9,34.43,43.2444,77.67439999999999,N,TXN_V2.1,2026-06-29,2026-06-29 19:54:02.665208
384,2026-06,2,1,77.0,15831.22,11766.52,-4064.699999999999,358.41220779220777,DOWN,42.76,GROCERY,24.676753246753247,232.35999999999999,316.6244,548.9843999999999,N,TXN_V2.1,2026-06-29,2026-06-29 19:54:02.665208
385,2026-06,3,3,104.0,24290.19,3772.42,-20517.769999999997,269.8327884615385,DOWN,62.06,GROCERY,46.15461538461538,197.95,485.80379999999997,683.7538,N,TXN_V2.1,2026-06-29,2026-06-29 19:54:02.665208
386,2026-06,1,1,14.0,1230.78,675.95,-554.8299999999999,136.195,STABLE,2.48,RETAIL,14.29,92.89,24.6156,117.5056,N,TXN_V2.1,2026-06-29,2026-06-29 19:54:02.665208
387,2026-06,4,4,118.0,38005.53,13517.810000000001,-24487.719999999998,436.63847457627116,DOWN,84.34,TRAVEL,44.065677966101696,421.13,760.1106,1181.2406,N,TXN_V2.1,2026-06-29,2026-06-29 19:54:02.665208
388,2026-06,3,3,180.0,31821.79,51517.08,19695.29,462.9937222222222,UP,75.44,RESTAURANT,39.44116666666667,465.97,636.4358000000001,1102.4058,N,TXN_V2.1,2026-06-29,2026-06-29 19:54:02.665208
389,2026-06,4,4,213.0,58786.87,33186.76,-25600.11,431.8010798122066,DOWN,97.3,RESTAURANT,40.37525821596244,513.69,1175.7374,1689.4274,N,TXN_V2.1,2026-06-29,2026-06-29 19:54:02.665208
390,2026-06,2,2,77.0,21707.18,4225.91,-17481.27,336.7933766233766,DOWN,56.18,GROCERY,40.25740259740259,345.96000000000004,434.1436,780.1036,N,TXN_V2.1,2026-06-29,2026-06-29 19:54:02.665208
391,2026-06,1,1,56.0,11485.43,18069.66,6584.23,527.7694642857143,UP,29.98,ENTERTAINMENT,37.5,144.98,229.70860000000002,374.6886,N,TXN_V2.1,2026-06-29,2026-06-29 19:54:02.665208
392,2026-06,2,1,78.0,4299.71,24498.54,20198.83,369.2083333333333,UP,15.02,TRAVEL,29.49,151.94,85.9942,237.9342,N,TXN_V2.1,2026-06-29,2026-06-29 19:54:02.665208
393,2026-06,1,1,34.0,2455.62,991.83,-1463.79,101.39558823529411,DOWN,8.68,GROCERY,35.29,78.87,49.1124,127.98240000000001,N,TXN_V2.1,2026-06-29,2026-06-29 19:54:02.665208
394,2026-06,2,2,97.0,25732.550000000003,16326.06,-9406.490000000003,433.5939175257732,DOWN,64.9,GROCERY,35.046494845360826,150.53,514.6510000000001,665.181,N,TXN_V2.1,2026-06-29,2026-06-29 19:54:02.665208
395,2026-06,1,1,55.0,23273.22,10541.43,-12731.79,614.8118181818182,DOWN,59.96,GROCERY,47.27,80.97,465.4644,546.4344,N,TXN_V2.1,2026-06-29,2026-06-29 19:54:02.665208
396,2026-06,2,2,58.0,3069.09,3921.98,852.8899999999999,120.5356896551724,UP,11.16,RESTAURANT,44.827586206896555,137.53,61.381800000000005,198.9118,N,TXN_V2.1,2026-06-29,2026-06-29 19:54:02.665208
397,2026-06,4,4,131.0,10060.710000000001,36350.61,26289.9,354.2848854961832,UP,26.24,UTILITIES,36.63839694656488,266.14,201.21420000000003,467.3542,N,TXN_V2.1,2026-06-29,2026-06-29 19:54:02.665208
398,2026-06,2,2,102.0,37794.380000000005,8494.17,-29300.210000000006,453.8093137254902,DOWN,84.06,HEALTHCARE,33.33529411764707,267.32,755.8876000000001,1023.2076000000002,N,TXN_V2.1,2026-06-29,2026-06-29 19:54:02.665208
399,2026-06,2,2,124.0,62378.86,3991.11,-58387.75,535.2416935483872,DOWN,98.18,GAS_STATION,42.74032258064516,198.82,1247.5772,1446.3971999999999,N,TXN_V2.1,2026-06-29,2026-06-29 19:54:02.665208
400,2026-06,2,2,61.0,4732.01,21388.03,16656.019999999997,428.1973770491803,UP,15.92,TRAVEL,39.340655737704914,146.26999999999998,94.64020000000001,240.91019999999997,N,TXN_V2.1,2026-06-29,2026-06-29 19:54:02.665208
401,2026-06,1,1,35.0,3823.61,1400.14,-2423.4700000000003,149.25,DOWN,13.48,HEALTHCARE,25.71,33.72,76.4722,110.1922,N,TXN_V2.1,2026-06-29,2026-06-29 19:54:02.665208
402,2026-06,2,2,49.0,2553.11,14689.11,12136.0,351.88204081632654,UP,9.18,TRAVEL,46.93632653061224,81.97,51.062200000000004,133.0322,N,TXN_V2.1,2026-06-29,2026-06-29 19:54:02.665208
403,2026-06,4,3,182.0,62342.83,25515.47,-36827.36,482.7379120879121,DOWN,98.16,UTILITIES,43.95192307692307,350.67,1246.8566,1597.5266000000001,N,TXN_V2.1,2026-06-29,2026-06-29 19:54:02.665208
404,2026-06,4,4,189.0,42518.04,37461.31,-5056.730000000003,423.17116402116403,DOWN,88.64,RETAIL,34.3921164021164,572.35,850.3608,1422.7108,N,TXN_V2.1,2026-06-29,2026-06-29 19:54:02.665208
405,2026-06,1,0,17.0,12876.67,754.27,-12122.4,801.82,DOWN,33.88,HEALTHCARE,29.409999999999993,35.45,257.53340000000003,292.9834,N,TXN_V2.1,2026-06-29,2026-06-29 19:54:02.665208
406,2026-06,3,3,141.0,36962.87,16861.510000000002,-20101.36,381.73319148936173,DOWN,82.86,PAWN_SHOP,41.13475177304964,420.16,739.2574000000001,1159.4174,N,TXN_V2.1,2026-06-29,2026-06-29 19:54:02.665208
407,2026-06,1,1,38.0,9468.84,10808.51,1339.67,533.6144736842105,STABLE,24.82,GROCERY,34.21,43.14,189.3768,232.5168,N,TXN_V2.1,2026-06-29,2026-06-29 19:54:02.665208
408,2026-06,4,4,118.0,19270.06,29239.57,9969.509999999998,411.09855932203396,UP,50.78,RETAIL,35.59474576271187,159.75,385.4012,545.1512,N,TXN_V2.1,2026-06-29,2026-06-29 19:54:02.665208
409,2026-06,3,3,144.0,26708.79,29095.4,2386.6100000000006,387.5290972222222,UP,66.88,RETAIL,38.193958333333335,413.11,534.1758,947.2858,N,TXN_V2.1,2026-06-29,2026-06-29 19:54:02.665208
410,2026-06,3,3,176.0,18345.15,17493.7,-851.4500000000007,203.62982954545458,STABLE,48.54,RETAIL,41.47715909090909,318.31,366.903,685.213,N,TXN_V2.1,2026-06-29,2026-06-29 19:54:02.665208
411,2026-06,1,1,35.0,1841.5,12369.2,10527.7,406.02000000000004,UP,5.54,RESTAURANT,34.28999999999999,46.77,36.83,83.6,N,TXN_V2.1,2026-06-29,2026-06-29 19:54:02.665208
412,2026-06,1,1,44.0,2074.92,2293.39,218.4699999999998,99.27977272727271,STABLE,6.76,RETAIL,29.550000000000004,142.85,41.498400000000004,184.3484,N,TXN_V2.1,2026-06-29,2026-06-29 19:54:02.665208
413,2026-06,1,1,51.0,1640.09,12087.21,10447.119999999999,269.1627450980392,UP,4.32,GROCERY,39.220000000000006,231.0,32.8018,263.8018,N,TXN_V2.1,2026-06-29,2026-06-29 19:54:02.665208
414,2026-06,4,2,121.0,58326.54,25499.809999999998,-32826.73,692.7797520661157,DOWN,97.16,TRAVEL,35.535619834710744,337.39,1166.5308,1503.9207999999999,N,TXN_V2.1,2026-06-29,2026-06-29 19:54:02.665208
415,2026-06,2,2,115.0,23472.27,19839.68,-3632.59,376.625652173913,DOWN,60.34,RETAIL,39.13304347826087,205.68,469.4454,675.1254,N,TXN_V2.1,2026-06-29,2026-06-29 19:54:02.665208
416,2026-06,4,4,193.0,61484.17,17195.79,-44288.38,407.66818652849736,DOWN,97.96,UTILITIES,35.75108808290155,383.84,1229.6834,1613.5233999999998,N,TXN_V2.1,2026-06-29,2026-06-29 19:54:02.665208
417,2026-06,3,3,163.0,63618.0,17512.64,-46105.36,497.73398773006136,DOWN,98.42,RETAIL,46.626319018404914,430.48,1272.3600000000001,1702.8400000000001,N,TXN_V2.1,2026-06-29,2026-06-29 19:54:02.665208
418,2026-06,1,1,65.0,5818.1,2123.21,-3694.8900000000003,122.174,DOWN,18.16,RETAIL,38.46000000000001,52.34,116.36200000000001,168.702,N,TXN_V2.1,2026-06-29,2026-06-29 19:54:02.665208
419,2026-06,2,2,101.0,17381.440000000002,11093.02,-6288.420000000002,281.9253465346535,DOWN,46.38,GROCERY,38.61722772277227,269.47,347.62880000000007,617.0988000000001,N,TXN_V2.1,2026-06-29,2026-06-29 19:54:02.665208
420,2026-06,2,2,71.0,20979.02,12547.259999999998,-8431.760000000002,472.20112676056334,DOWN,54.52,WIRE_TRANSFER_INTL,29.57464788732394,155.34,419.5804,574.9204,N,TXN_V2.1,2026-06-29,2026-06-29 19:54:02.665208
421,2026-06,4,4,136.0,15263.23,27515.66,12252.43,314.55066176470586,UP,41.1,GROCERY,38.970588235294116,339.39,305.2646,644.6546,N,TXN_V2.1,2026-06-29,2026-06-29 19:54:02.665208
422,2026-06,3,3,143.0,21912.35,25239.6,3327.25,329.7339160839161,UP,56.64,RETAIL,37.06468531468531,201.63,438.24699999999996,639.877,N,TXN_V2.1,2026-06-29,2026-06-29 19:54:02.665208
423,2026-06,3,3,156.0,45927.11,6816.09,-39111.020000000004,338.0974358974359,DOWN,91.3,RESTAURANT,36.541474358974355,308.27,918.5422,1226.8121999999998,N,TXN_V2.1,2026-06-29,2026-06-29 19:54:02.665208
424,2026-06,3,3,116.0,11939.759999999998,14768.65,2828.8900000000012,230.24491379310342,UP,31.32,RESTAURANT,32.75525862068965,210.49,238.79519999999997,449.2852,N,TXN_V2.1,2026-06-29,2026-06-29 19:54:02.665208
425,2026-06,2,2,84.0,24326.07,10863.779999999999,-13462.29,418.9267857142857,DOWN,62.14,RETAIL,33.330000000000005,230.42000000000002,486.5214,716.9414,N,TXN_V2.1,2026-06-29,2026-06-29 19:54:02.665208
426,2026-06,3,3,139.0,7551.33,35174.25,27622.92,307.378273381295,UP,21.08,UTILITIES,43.163884892086344,424.87,151.0266,575.8966,N,TXN_V2.1,2026-06-29,2026-06-29 19:54:02.665208
427,2026-06,3,2,129.0,17419.48,6138.62,-11280.86,182.62093023255812,DOWN,46.5,HEALTHCARE,33.331395348837205,481.93000000000006,348.3896,830.3196,N,TXN_V2.1,2026-06-29,2026-06-29 19:54:02.665208
428,2026-06,3,3,158.0,29564.23,28190.629999999997,-1373.6000000000022,365.53708860759497,STABLE,71.92,TRAVEL,41.77177215189873,289.5,591.2846,880.7846,N,TXN_V2.1,2026-06-29,2026-06-29 19:54:02.665208
429,2026-06,2,2,95.0,18716.21,16315.81,-2400.3999999999996,368.75810526315786,DOWN,49.3,RETAIL,32.6341052631579,122.41,374.32419999999996,496.7342,N,TXN_V2.1,2026-06-29,2026-06-29 19:54:02.665208
430,2026-06,2,2,94.0,12769.619999999999,23509.989999999998,10740.369999999999,385.95329787234044,UP,33.6,RETAIL,34.04117021276596,219.74,255.39239999999998,475.13239999999996,N,TXN_V2.1,2026-06-29,2026-06-29 19:54:02.665208
431,2026-06,2,2,78.0,27545.24,13129.779999999999,-14415.460000000003,521.4746153846154,DOWN,68.52,UTILITIES,37.17589743589744,258.46,550.9048,809.3648000000001,N,TXN_V2.1,2026-06-29,2026-06-29 19:54:02.665208
432,2026-06,3,3,109.0,20882.42,8290.32,-12592.099999999999,267.63981651376145,DOWN,54.18,GROCERY,38.53449541284404,261.18,417.6484,678.8284,N,TXN_V2.1,2026-06-29,2026-06-29 19:54:02.665208
433,2026-06,3,3,132.0,36159.45,5236.9800000000005,-30922.469999999998,313.6093181818182,DOWN,81.6,RESTAURANT,34.0969696969697,258.77,723.189,981.959,N,TXN_V2.1,2026-06-29,2026-06-29 19:54:02.665208
434,2026-06,4,4,188.0,20729.1,29135.41,8406.310000000001,265.2367553191489,UP,53.7,GROCERY,30.849627659574463,355.99,414.582,770.572,N,TXN_V2.1,2026-06-29,2026-06-29 19:54:02.665208
435,2026-06,1,1,20.0,22598.64,12188.83,-10409.81,1739.3735000000001,DOWN,58.28,UTILITIES,35.0,32.5,451.9728,484.4728,N,TXN_V2.1,2026-06-29,2026-06-29 19:54:02.665208
436,2026-06,3,3,167.0,38762.479999999996,26545.34,-12217.139999999996,391.0647904191616,DOWN,85.12,RESTAURANT,34.73233532934132,282.99,775.2496,1058.2395999999999,N,TXN_V2.1,2026-06-29,2026-06-29 19:54:02.665208
437,2026-06,4,3,187.0,24429.01,14664.020000000002,-9764.989999999996,209.05363636363634,DOWN,62.36,UTILITIES,40.63946524064171,363.07,488.5802,851.6502,N,TXN_V2.1,2026-06-29,2026-06-29 19:54:02.665208
438,2026-06,4,4,159.0,21279.5,35723.62,14444.120000000003,358.5101886792453,UP,55.28,RESTAURANT,40.87805031446541,412.78,425.59000000000003,838.37,N,TXN_V2.1,2026-06-29,2026-06-29 19:54:02.665208
439,2026-06,3,2,112.0,27935.34,4607.69,-23327.65,290.56276785714283,DOWN,69.22,TRAVEL,42.858124999999994,394.64,558.7068,953.3468,N,TXN_V2.1,2026-06-29,2026-06-29 19:54:02.665208
440,2026-06,3,3,157.0,14507.68,31913.66,17405.98,295.6773248407643,UP,38.82,TRAVEL,32.4840127388535,369.19,290.15360000000004,659.3436,N,TXN_V2.1,2026-06-29,2026-06-29 19:54:02.665208
441,2026-06,2,1,86.0,24968.5,3952.4799999999996,-21016.02,336.29046511627905,DOWN,63.4,TRAVEL,45.35209302325581,185.51000000000002,499.37,684.88,N,TXN_V2.1,2026-06-29,2026-06-29 19:54:02.665208
442,2026-06,1,1,22.0,18040.97,1252.28,-16788.690000000002,876.9659090909091,DOWN,47.9,GROCERY,27.27,0.0,360.81940000000003,360.81940000000003,N,TXN_V2.1,2026-06-29,2026-06-29 19:54:02.665208
443,2026-06,4,2,107.0,11732.560000000001,23419.379999999997,11686.819999999996,328.5228037383178,UP,30.66,UTILITIES,39.2511214953271,254.73999999999998,234.65120000000002,489.3912,N,TXN_V2.1,2026-06-29,2026-06-29 19:54:02.665208
444,2026-06,2,1,51.0,14644.32,12650.960000000001,-1993.3599999999988,535.2015686274509,STABLE,39.28,TRAVEL,27.451960784313727,97.86,292.8864,390.7464,N,TXN_V2.1,2026-06-29,2026-06-29 19:54:02.665208
445,2026-06,3,3,163.0,32479.63,35608.93,3129.2999999999993,417.721226993865,UP,76.62,TRAVEL,42.33282208588957,305.15,649.5926000000001,954.7426,N,TXN_V2.1,2026-06-29,2026-06-29 19:54:02.665208
446,2026-06,1,1,64.0,15429.7,11765.78,-3663.92,424.92937500000005,DOWN,41.48,ENTERTAINMENT,45.32,197.89,308.594,506.484,N,TXN_V2.1,2026-06-29,2026-06-29 19:54:02.665208
447,2026-06,2,2,66.0,3874.8100000000004,8755.970000000001,4881.160000000001,191.37545454545457,UP,13.64,GROCERY,43.938787878787885,190.73,77.49620000000002,268.2262,N,TXN_V2.1,2026-06-29,2026-06-29 19:54:02.665208
448,2026-06,4,4,119.0,20891.04,24486.050000000003,3595.010000000002,381.32008403361345,UP,54.24,RETAIL,33.61218487394958,212.43,417.8208,630.2508,N,TXN_V2.1,2026-06-29,2026-06-29 19:54:02.665208
449,2026-06,4,3,102.0,7252.21,36679.340000000004,29427.130000000005,430.70147058823534,UP,20.74,RETAIL,38.23627450980393,156.06,145.04420000000002,301.1042,N,TXN_V2.1,2026-06-29,2026-06-29 19:54:02.665208
450,2026-06,3,3,161.0,48406.43,6715.66,-41690.770000000004,342.3732298136646,DOWN,93.1,RETAIL,36.648819875776404,381.55,968.1286,1349.6786,N,TXN_V2.1,2026-06-29,2026-06-29 19:54:02.665208
451,2026-06,1,1,66.0,19650.52,4254.61,-15395.91,362.1989393939394,DOWN,51.46,GROCERY,33.34,174.23,393.0104,567.2404,N,TXN_V2.1,2026-06-29,2026-06-29 19:54:02.665208
452,2026-06,3,3,126.0,28091.53,5970.1,-22121.43,270.3303968253968,DOWN,69.4,RESTAURANT,42.855714285714285,289.81,561.8306,851.6406,N,TXN_V2.1,2026-06-29,2026-06-29 19:54:02.665208
453,2026-06,2,2,48.0,22899.7,10611.0,-12288.7,698.1395833333332,DOWN,59.04,RESTAURANT,31.253333333333327,101.97,457.994,559.964,N,TXN_V2.1,2026-06-29,2026-06-29 19:54:02.665208
454,2026-06,3,2,101.0,32922.09,18763.91,-14158.179999999997,511.74257425742576,DOWN,77.2,RETAIL,30.69277227722772,211.73999999999998,658.4418,870.1818,N,TXN_V2.1,2026-06-29,2026-06-29 19:54:02.665208
455,2026-06,1,1,35.0,1179.08,2499.14,1320.06,105.092,UP,2.28,UTILITIES,34.28999999999999,142.7,23.581599999999998,166.2816,N,TXN_V2.1,2026-06-29,2026-06-29 19:54:02.665208
456,2026-06,4,4,183.0,54495.7,16302.210000000001,-38193.49,386.873825136612,DOWN,96.04,UTILITIES,36.06617486338797,355.84000000000003,1089.914,1445.754,N,TXN_V2.1,2026-06-29,2026-06-29 19:54:02.665208
457,2026-06,4,4,222.0,65525.81,20351.98,-45173.83,386.83689189189187,DOWN,98.74,RETAIL,37.386891891891885,468.41999999999996,1310.5162,1778.9362,N,TXN_V2.1,2026-06-29,2026-06-29 19:54:02.665208
458,2026-06,4,3,122.0,15711.47,21036.06,5324.590000000002,301.20926229508194,UP,42.26,RETAIL,41.80524590163934,300.51,314.2294,614.7393999999999,N,TXN_V2.1,2026-06-29,2026-06-29 19:54:02.665208
459,2026-06,3,2,131.0,8897.63,12201.02,3303.3900000000012,161.0583969465649,UP,23.48,RESTAURANT,37.407251908396944,344.19,177.9526,522.1426,N,TXN_V2.1,2026-06-29,2026-06-29 19:54:02.665208
460,2026-06,2,2,84.0,25801.77,4831.74,-20970.03,364.6846428571429,DOWN,65.04,RESTAURANT,32.14071428571428,174.32,516.0354,690.3553999999999,N,TXN_V2.1,2026-06-29,2026-06-29 19:54:02.665208
461,2026-06,3,3,149.0,32313.030000000002,5744.7699999999995,-26568.260000000002,255.42147651006712,DOWN,76.34,RETAIL,34.23013422818792,173.33,646.2606000000001,819.5906000000001,N,TXN_V2.1,2026-06-29,2026-06-29 19:54:02.665208
462,2026-06,2,2,63.0,5415.610000000001,13894.88,8479.269999999999,306.51571428571424,UP,17.18,RETAIL,39.68000000000001,203.16,108.31220000000002,311.47220000000004,N,TXN_V2.1,2026-06-29,2026-06-29 19:54:02.665208
463,2026-06,3,3,145.0,14798.0,48471.189999999995,33673.189999999995,436.3392413793103,UP,39.86,GAS_STATION,36.549379310344825,313.02,295.96,608.98,N,TXN_V2.1,2026-06-29,2026-06-29 19:54:02.665208
464,2026-06,2,2,74.0,11224.23,21973.35,10749.119999999999,448.61594594594595,UP,29.3,RESTAURANT,37.83310810810811,160.62,224.4846,385.1046,N,TXN_V2.1,2026-06-29,2026-06-29 19:54:02.665208
465,2026-06,1,1,57.0,11163.98,3237.94,-7926.039999999999,252.66526315789474,DOWN,29.08,TRAVEL,49.129999999999995,128.15,223.2796,351.4296,N,TXN_V2.1,2026-06-29,2026-06-29 19:54:02.665208
466,2026-06,4,4,176.0,18916.5,32996.14,14079.64,294.9581818181818,UP,49.9,RESTAURANT,44.88380681818182,442.28999999999996,378.33,820.6199999999999,N,TXN_V2.1,2026-06-29,2026-06-29 19:54:02.665208
467,2026-06,4,4,192.0,43772.97,34264.75,-9508.220000000001,406.44645833333334,DOWN,89.52,RESTAURANT,32.81135416666667,314.08000000000004,875.4594000000001,1189.5394000000001,N,TXN_V2.1,2026-06-29,2026-06-29 19:54:02.665208
468,2026-06,2,2,42.0,2179.12,2731.52,552.4000000000001,116.91999999999999,STABLE,7.3,UTILITIES,35.71785714285715,101.77,43.5824,145.3524,N,TXN_V2.1,2026-06-29,2026-06-29 19:54:02.665208
469,2026-06,2,2,78.0,15304.0,2030.83,-13273.17,222.2414102564103,DOWN,41.2,HEALTHCARE,33.33205128205128,154.81,306.08,460.89,N,TXN_V2.1,2026-06-29,2026-06-29 19:54:02.665208
470,2026-06,1,1,35.0,2006.59,1749.74,-256.8499999999999,107.32371428571429,STABLE,6.34,GROCERY,57.14,123.16,40.1318,163.2918,N,TXN_V2.1,2026-06-29,2026-06-29 19:54:02.665208
471,2026-06,1,1,70.0,13426.12,9437.88,-3988.2400000000016,326.62857142857143,DOWN,35.46,RESTAURANT,47.14,137.34,268.5224,405.8624,N,TXN_V2.1,2026-06-29,2026-06-29 19:54:02.665208
472,2026-06,4,4,179.0,38788.479999999996,32048.489999999998,-6739.989999999998,395.7372625698324,DOWN,85.18,RESTAURANT,36.31486033519553,343.35999999999996,775.7696,1119.1296,N,TXN_V2.1,2026-06-29,2026-06-29 19:54:02.665208
473,2026-06,1,1,49.0,13175.89,3670.46,-9505.43,343.80306122448974,DOWN,34.86,RESTAURANT,38.78,116.89,263.51779999999997,380.40779999999995,N,TXN_V2.1,2026-06-29,2026-06-29 19:54:02.665208
474,2026-06,4,4,124.0,35851.77,13887.75,-21964.019999999997,401.1251612903226,DOWN,81.2,HEALTHCARE,37.901854838709674,310.78,717.0354,1027.8154,N,TXN_V2.1,2026-06-29,2026-06-29 19:54:02.665208
475,2026-06,2,2,119.0,41415.45,5423.95,-35991.5,393.6084033613445,DOWN,87.48,RETAIL,36.128655462184874,134.25,828.309,962.559,N,TXN_V2.1,2026-06-29,2026-06-29 19:54:02.665208
476,2026-06,2,1,44.0,14825.55,1956.58,-12868.97,381.4120454545454,DOWN,40.04,HEALTHCARE,31.815909090909088,147.35,296.51099999999997,443.861,N,TXN_V2.1,2026-06-29,2026-06-29 19:54:02.665208
477,2026-06,4,3,156.0,69785.35,33008.97,-36776.380000000005,658.9379487179488,DOWN,99.2,UTILITIES,37.175961538461536,307.06,1395.707,1702.767,N,TXN_V2.1,2026-06-29,2026-06-29 19:54:02.665208
478,2026-06,4,3,92.0,24541.38,34538.89,9997.509999999998,642.176847826087,UP,62.64,UTILITIES,29.34532608695652,143.12,490.8276,633.9476,N,TXN_V2.1,2026-06-29,2026-06-29 19:54:02.665208
479,2026-06,2,2,52.0,2307.01,3158.5099999999998,851.4999999999995,105.10615384615386,UP,7.92,RESTAURANT,46.150576923076926,79.0,46.14020000000001,125.14020000000001,N,TXN_V2.1,2026-06-29,2026-06-29 19:54:02.665208
480,2026-06,1,1,35.0,11873.48,2247.1,-9626.38,403.44514285714286,DOWN,31.04,RESTAURANT,31.429999999999996,103.91,237.46959999999999,341.3796,N,TXN_V2.1,2026-06-29,2026-06-29 19:54:02.665208
481,2026-06,1,1,32.0,15728.58,387.96,-15340.62,503.64187499999997,DOWN,42.34,RETAIL,50.01000000000001,23.06,314.5716,337.6316,N,TXN_V2.1,2026-06-29,2026-06-29 19:54:02.665208
482,2026-06,2,2,92.0,5387.19,12601.31,7214.12,195.52717391304347,UP,17.1,RESTAURANT,50.00402173913044,315.28,107.7438,423.02379999999994,N,TXN_V2.1,2026-06-29,2026-06-29 19:54:02.665208
483,2026-06,4,4,201.0,41743.85,16722.72,-25021.129999999997,290.87845771144276,DOWN,87.72,RESTAURANT,37.812537313432834,406.6,834.877,1241.4769999999999,N,TXN_V2.1,2026-06-29,2026-06-29 19:54:02.665208
484,2026-06,1,1,26.0,1984.56,1056.96,-927.5999999999999,116.98153846153846,DOWN,6.26,GAS_STATION,34.61,78.47,39.6912,118.16120000000001,N,TXN_V2.1,2026-06-29,2026-06-29 19:54:02.665208
485,2026-06,4,4,164.0,21774.6,38185.64,16411.04,365.61121951219513,UP,56.38,RETAIL,38.41817073170732,473.33,435.49199999999996,908.8219999999999,N,TXN_V2.1,2026-06-29,2026-06-29 19:54:02.665208
486,2026-06,1,1,51.0,2852.76,15538.3,12685.539999999999,360.6090196078431,UP,10.32,HEALTHCARE,47.059999999999995,44.82,57.055200000000006,101.8752,N,TXN_V2.1,2026-06-29,2026-06-29 19:54:02.665208
487,2026-06,1,1,49.0,2246.72,22754.8,20508.079999999998,510.23510204081634,UP,7.68,GROCERY,34.690000000000005,141.07,44.9344,186.00439999999998,N,TXN_V2.1,2026-06-29,2026-06-29 19:54:02.665208
488,2026-06,4,4,137.0,18384.04,13111.800000000001,-5272.24,229.89664233576644,DOWN,48.66,RETAIL,40.14693430656934,311.06,367.68080000000003,678.7408,N,TXN_V2.1,2026-06-29,2026-06-29 19:54:02.665208
489,2026-06,3,2,88.0,20811.43,3857.84,-16953.59,280.33261363636365,DOWN,54.0,RESTAURANT,39.77022727272727,215.01999999999998,416.22860000000003,631.2486,N,TXN_V2.1,2026-06-29,2026-06-29 19:54:02.665208
490,2026-06,4,4,212.0,23605.260000000002,24996.65,1391.3899999999994,229.2542924528302,UP,60.68,RETAIL,35.3754716981132,313.89,472.1052,785.9952000000001,N,TXN_V2.1,2026-06-29,2026-06-29 19:54:02.665208
491,2026-06,2,2,99.0,23853.9,5322.32,-18531.58,294.7092929292929,DOWN,61.1,UTILITIES,40.39838383838384,162.45,477.07800000000003,639.528,N,TXN_V2.1,2026-06-29,2026-06-29 19:54:02.665208
492,2026-06,1,1,38.0,3507.72,16358.08,12850.36,522.7842105263157,UP,12.52,RETAIL,39.47999999999999,54.89,70.1544,125.0444,N,TXN_V2.1,2026-06-29,2026-06-29 19:54:02.665208
493,2026-06,3,2,139.0,42774.81,27169.21,-15605.599999999999,503.19438848920856,DOWN,88.8,GAS_STATION,33.09309352517985,246.11,855.4961999999999,1101.6062,N,TXN_V2.1,2026-06-29,2026-06-29 19:54:02.665208
494,2026-06,2,2,49.0,22804.19,11117.77,-11686.419999999998,692.2848979591837,DOWN,58.76,PAWN_SHOP,34.68979591836735,43.76,456.0838,499.8438,N,TXN_V2.1,2026-06-29,2026-06-29 19:54:02.665208
495,2026-06,2,2,71.0,3528.88,24382.26,20853.379999999997,393.11464788732394,UP,12.56,INSURANCE,36.61619718309859,237.45,70.5776,308.0276,N,TXN_V2.1,2026-06-29,2026-06-29 19:54:02.665208
496,2026-06,1,1,26.0,1701.03,2259.85,558.8199999999999,152.34153846153848,STABLE,4.68,RETAIL,30.759999999999998,0.0,34.0206,34.0206,N,TXN_V2.1,2026-06-29,2026-06-29 19:54:02.665208
497,2026-06,3,1,65.0,46693.759999999995,15714.95,-30978.809999999994,960.1339999999999,DOWN,91.84,GROCERY,38.458461538461535,78.19,933.8752,1012.0652,N,TXN_V2.1,2026-06-29,2026-06-29 19:54:02.665208
498,2026-06,3,3,118.0,13423.970000000001,24465.12,11041.149999999998,321.09398305084744,UP,35.44,UTILITIES,30.50330508474576,198.33,268.47940000000006,466.8094000000001,N,TXN_V2.1,2026-06-29,2026-06-29 19:54:02.665208
499,2026-06,1,1,24.0,1464.68,1402.88,-61.799999999999955,119.48166666666668,STABLE,3.44,GROCERY,50.0,0.0,29.2936,29.2936,N,TXN_V2.1,2026-06-29,2026-06-29 19:54:02.665208
500,2026-06,3,3,78.0,11067.730000000001,4350.05,-6717.680000000001,197.66384615384618,DOWN,28.76,WIRE_TRANSFER_INTL,37.18205128205129,263.76,221.35460000000003,485.1146,N,TXN_V2.1,2026-06-29,2026-06-29 19:54:02.665208
501,2026-06,4,4,175.0,26470.9,18888.940000000002,-7581.959999999999,259.19908571428573,DOWN,66.22,RETAIL,38.85662857142857,482.76,529.418,1012.178,N,TXN_V2.1,2026-06-29,2026-06-29 19:54:02.665208
502,2026-06,2,2,61.0,11501.11,2518.7799999999997,-8982.330000000002,229.83426229508197,DOWN,30.08,HEALTHCARE,29.51262295081968,72.36,230.02220000000003,302.3822,N,TXN_V2.1,2026-06-29,2026-06-29 19:54:02.665208
503,2026-06,3,3,147.0,43647.4,14380.07,-29267.33,394.744693877551,DOWN,89.44,TRAVEL,33.33571428571428,402.01,872.9480000000001,1274.958,N,TXN_V2.1,2026-06-29,2026-06-29 19:54:02.665208
504,2026-06,4,4,139.0,28131.29,11993.029999999999,-16138.260000000002,288.6641726618705,DOWN,69.52,TRAVEL,35.970935251798565,220.20000000000002,562.6258,782.8258000000001,N,TXN_V2.1,2026-06-29,2026-06-29 19:54:02.665208
505,2026-06,1,1,54.0,16531.42,10776.95,-5754.4699999999975,505.7105555555555,DOWN,44.5,RESTAURANT,31.480000000000004,69.18,330.6284,399.8084,N,TXN_V2.1,2026-06-29,2026-06-29 19:54:02.665208
506,2026-06,2,2,92.0,11277.61,4740.839999999999,-6536.770000000001,174.11358695652174,DOWN,29.52,RESTAURANT,35.87130434782608,148.64,225.55220000000003,374.1922,N,TXN_V2.1,2026-06-29,2026-06-29 19:54:02.665208
507,2026-06,4,3,138.0,11269.28,21428.21,10158.929999999998,236.93833333333333,UP,29.46,RESTAURANT,33.331376811594204,342.28000000000003,225.3856,567.6656,N,TXN_V2.1,2026-06-29,2026-06-29 19:54:02.665208
508,2026-06,3,3,102.0,36965.740000000005,38161.51,1195.7699999999968,736.5416666666666,STABLE,82.9,RESTAURANT,35.296862745098046,375.21999999999997,739.3148000000001,1114.5348000000001,N,TXN_V2.1,2026-06-29,2026-06-29 19:54:02.665208
509,2026-06,1,1,26.0,1753.45,21794.21,20040.76,905.6792307692308,UP,4.96,GROCERY,42.309999999999995,43.48,35.069,78.549,N,TXN_V2.1,2026-06-29,2026-06-29 19:54:02.665208
510,2026-06,3,3,112.0,33581.93,23824.32,-9757.61,512.5558035714286,DOWN,78.24,HEALTHCARE,40.18133928571429,291.94,671.6386,963.5786,N,TXN_V2.1,2026-06-29,2026-06-29 19:54:02.665208
511,2026-06,4,4,175.0,39093.71,55209.31,16115.599999999999,538.8743999999999,UP,85.42,RETAIL,35.43074285714285,278.40999999999997,781.8742,1060.2842,N,TXN_V2.1,2026-06-29,2026-06-29 19:54:02.665208
512,2026-06,1,1,29.0,2425.62,12226.81,9801.189999999999,505.25620689655176,UP,8.56,GROCERY,24.130000000000003,14.33,48.5124,62.8424,N,TXN_V2.1,2026-06-29,2026-06-29 19:54:02.665208
513,2026-06,2,1,50.0,11273.73,10333.95,-939.7799999999988,432.1536,STABLE,29.5,INSURANCE,34.004,135.54,225.4746,361.0146,N,TXN_V2.1,2026-06-29,2026-06-29 19:54:02.665208
514,2026-06,3,3,145.0,36076.6,14548.57,-21528.03,349.1391034482759,DOWN,81.52,RESTAURANT,39.999172413793104,324.32,721.532,1045.852,N,TXN_V2.1,2026-06-29,2026-06-29 19:54:02.665208
515,2026-06,4,4,147.0,27766.39,22507.4,-5258.989999999998,341.99857142857144,DOWN,68.94,RESTAURANT,34.01428571428571,227.38,555.3278,782.7078,N,TXN_V2.1,2026-06-29,2026-06-29 19:54:02.665208
516,2026-06,4,3,231.0,53806.899999999994,22778.84,-31028.059999999994,331.53999999999996,DOWN,95.74,TRAVEL,38.09580086580087,505.86,1076.138,1581.998,N,TXN_V2.1,2026-06-29,2026-06-29 19:54:02.665208
517,2026-06,4,4,202.0,55631.43,38273.58,-17357.85,464.87628712871293,DOWN,96.36,RESTAURANT,44.05876237623763,527.98,1112.6286,1640.6086,N,TXN_V2.1,2026-06-29,2026-06-29 19:54:02.665208
518,2026-06,3,3,166.0,40971.67,26534.85,-14436.82,406.66578313253007,DOWN,87.24,TRAVEL,40.96463855421687,392.97,819.4334,1212.4034000000001,N,TXN_V2.1,2026-06-29,2026-06-29 19:54:02.665208
519,2026-06,3,3,104.0,5601.64,23952.75,18351.11,284.17682692307693,UP,17.6,GROCERY,30.771057692307696,309.13,112.03280000000001,421.1628,N,TXN_V2.1,2026-06-29,2026-06-29 19:54:02.665208
520,2026-06,2,2,90.0,4142.07,17745.77,13603.7,243.19822222222223,UP,14.58,RESTAURANT,39.99777777777778,175.25,82.8414,258.0914,N,TXN_V2.1,2026-06-29,2026-06-29 19:54:02.665208
521,2026-06,1,1,21.0,1891.1,690.83,-1200.27,122.9490476190476,DOWN,5.88,EDUCATION,33.34,20.43,37.821999999999996,58.251999999999995,N,TXN_V2.1,2026-06-29,2026-06-29 19:54:02.665208
522,2026-06,4,3,175.0,10231.28,29799.34,19568.059999999998,228.74640000000002,UP,26.7,TRAVEL,38.285028571428576,482.07,204.62560000000002,686.6956,N,TXN_V2.1,2026-06-29,2026-06-29 19:54:02.665208
523,2026-06,4,4,151.0,47887.18,17803.36,-30083.82,435.0366887417219,DOWN,92.82,TRAVEL,35.761192052980135,379.43,957.7436,1337.1736,N,TXN_V2.1,2026-06-29,2026-06-29 19:54:02.665208
524,2026-06,1,1,39.0,1904.58,16240.67,14336.09,465.2628205128205,UP,5.92,RESTAURANT,25.64,52.53,38.0916,90.6216,N,TXN_V2.1,2026-06-29,2026-06-29 19:54:02.665208
525,2026-06,2,2,109.0,28775.83,2291.15,-26484.68,285.0181651376147,DOWN,70.68,GROCERY,43.11651376146789,143.58,575.5166,719.0966000000001,N,TXN_V2.1,2026-06-29,2026-06-29 19:54:02.665208
526,2026-06,4,4,192.0,46281.26,27996.86,-18284.4,386.8652083333333,DOWN,91.62,UTILITIES,40.1021875,528.17,925.6252000000001,1453.7952,N,TXN_V2.1,2026-06-29,2026-06-29 19:54:02.665208
527,2026-06,1,1,63.0,3676.75,2999.23,-677.52,105.9679365079365,DOWN,12.96,HEALTHCARE,31.75,226.96,73.535,300.495,N,TXN_V2.1,2026-06-29,2026-06-29 19:54:02.665208
528,2026-06,1,1,61.0,22018.91,16014.31,-6004.6,623.4954098360656,DOWN,56.88,UTILITIES,29.51,108.36,440.3782,548.7382,N,TXN_V2.1,2026-06-29,2026-06-29 19:54:02.665208
529,2026-06,4,4,105.0,6871.62,9618.92,2747.3,157.05276190476192,UP,20.0,UTILITIES,33.33495238095238,402.03999999999996,137.4324,539.4724,N,TXN_V2.1,2026-06-29,2026-06-29 19:54:02.665208
530,2026-06,1,1,17.0,9349.42,995.6,-8353.82,608.5305882352941,DOWN,24.62,TRAVEL,52.94,0.0,186.9884,186.9884,N,TXN_V2.1,2026-06-29,2026-06-29 19:54:02.665208
531,2026-06,4,4,232.0,79368.8,22966.71,-56402.090000000004,441.1013362068966,DOWN,99.74,TRAVEL,37.06948275862069,442.11,1587.3760000000002,2029.4860000000003,N,TXN_V2.1,2026-06-29,2026-06-29 19:54:02.665208
532,2026-06,1,1,54.0,11806.98,2771.71,-9035.27,269.9757407407407,DOWN,30.88,RESTAURANT,42.59,45.77,236.1396,281.9096,N,TXN_V2.1,2026-06-29,2026-06-29 19:54:02.665208
533,2026-06,4,4,200.0,58638.78,55227.94,-3410.8399999999965,569.3336,DOWN,97.26,UTILITIES,37.997299999999996,285.83000000000004,1172.7756,1458.6055999999999,N,TXN_V2.1,2026-06-29,2026-06-29 19:54:02.665208
534,2026-06,3,3,138.0,8180.1900000000005,45464.78,37284.59,388.7316666666667,UP,22.12,RESTAURANT,37.68789855072464,381.66,163.6038,545.2638000000001,N,TXN_V2.1,2026-06-29,2026-06-29 19:54:02.665208
535,2026-06,4,4,179.0,15995.23,33434.119999999995,17438.889999999996,276.1416201117318,UP,43.18,TRAVEL,38.55106145251397,621.41,319.9046,941.3145999999999,N,TXN_V2.1,2026-06-29,2026-06-29 19:54:02.665208
536,2026-06,4,4,197.0,44550.100000000006,20502.100000000002,-24048.000000000004,330.2142131979696,DOWN,90.3,UTILITIES,37.56177664974619,312.53,891.0020000000002,1203.5320000000002,N,TXN_V2.1,2026-06-29,2026-06-29 19:54:02.665208
537,2026-06,4,4,136.0,33892.94,30022.22,-3870.720000000001,469.9644117647059,DOWN,78.78,UTILITIES,35.295882352941184,220.24,677.8588000000001,898.0988000000001,N,TXN_V2.1,2026-06-29,2026-06-29 19:54:02.665208
538,2026-06,3,3,110.0,24329.100000000002,5272.25,-19056.850000000002,269.10318181818184,DOWN,62.16,UTILITIES,31.82072727272727,210.21,486.58200000000005,696.792,N,TXN_V2.1,2026-06-29,2026-06-29 19:54:02.665208
539,2026-06,1,1,48.0,3934.85,8770.61,4835.76,264.69708333333335,UP,13.8,TRAVEL,37.5,163.58,78.697,242.27700000000002,N,TXN_V2.1,2026-06-29,2026-06-29 19:54:02.665208
540,2026-06,3,3,118.0,17901.19,5134.13,-12767.059999999998,195.21457627118644,DOWN,47.62,RESTAURANT,34.74381355932203,224.78,358.0238,582.8038,N,TXN_V2.1,2026-06-29,2026-06-29 19:54:02.665208
541,2026-06,4,4,154.0,13297.89,19749.82,6451.93,214.59551948051947,UP,35.22,RETAIL,27.273506493506495,488.36,265.9578,754.3178,N,TXN_V2.1,2026-06-29,2026-06-29 19:54:02.665208
542,2026-06,1,1,55.0,22682.69,12005.15,-10677.539999999999,630.688,DOWN,58.52,RETAIL,29.090000000000003,105.92,453.6538,559.5738,N,TXN_V2.1,2026-06-29,2026-06-29 19:54:02.665208
543,2026-06,1,0,15.0,9615.82,502.21,-9113.61,674.5353333333333,DOWN,25.12,GROCERY,40.0,13.78,192.3164,206.0964,N,TXN_V2.1,2026-06-29,2026-06-29 19:54:02.665208
544,2026-06,3,3,129.0,15998.970000000001,12380.54,-3618.4300000000003,219.9962015503876,DOWN,43.24,RESTAURANT,37.98472868217054,345.51,319.97940000000006,665.4894,N,TXN_V2.1,2026-06-29,2026-06-29 19:54:02.665208
545,2026-06,1,1,22.0,1092.87,8713.73,7620.86,445.7545454545454,UP,1.88,UTILITIES,59.089999999999996,40.36,21.8574,62.2174,N,TXN_V2.1,2026-06-29,2026-06-29 19:54:02.665208
546,2026-06,1,1,36.0,2812.94,489.8,-2323.14,91.74277777777779,DOWN,10.14,GAS_STATION,36.11000000000001,128.22,56.2588,184.4788,N,TXN_V2.1,2026-06-29,2026-06-29 19:54:02.665208
547,2026-06,3,2,134.0,32194.69,16555.11,-15639.579999999998,363.80447761194034,DOWN,76.08,TRAVEL,37.31634328358209,382.26,643.8937999999999,1026.1538,N,TXN_V2.1,2026-06-29,2026-06-29 19:54:02.665208
548,2026-06,4,4,190.0,34559.63,48264.48,13704.850000000006,435.91636842105265,UP,79.58,TRAVEL,36.314368421052635,425.68,691.1926,1116.8726,N,TXN_V2.1,2026-06-29,2026-06-29 19:54:02.665208
549,2026-06,1,1,55.0,17604.55,11241.83,-6362.719999999999,524.4796363636364,DOWN,46.92,GROCERY,34.55,220.96,352.091,573.051,N,TXN_V2.1,2026-06-29,2026-06-29 19:54:02.665208
550,2026-06,1,1,71.0,15399.26,12954.22,-2445.040000000001,399.34478873239436,DOWN,41.42,GROCERY,36.62,211.59,307.9852,519.5752,N,TXN_V2.1,2026-06-29,2026-06-29 19:54:02.665208
551,2026-06,4,3,115.0,14316.14,4511.59,-9804.55,163.71939130434782,DOWN,38.26,RETAIL,33.04521739130434,227.56,286.3228,513.8828,N,TXN_V2.1,2026-06-29,2026-06-29 19:54:02.665208
552,2026-06,3,3,137.0,19700.54,18822.78,-877.760000000002,281.1921167883212,STABLE,51.6,RESTAURANT,38.68598540145985,242.46,394.0108,636.4708,N,TXN_V2.1,2026-06-29,2026-06-29 19:54:02.665208
553,2026-06,2,2,97.0,15931.759999999998,3531.31,-12400.449999999999,200.65020618556701,DOWN,43.0,RESTAURANT,35.05103092783505,209.06,318.6352,527.6952,N,TXN_V2.1,2026-06-29,2026-06-29 19:54:02.665208
554,2026-06,2,1,59.0,2711.06,3156.6,445.53999999999996,99.45186440677966,STABLE,9.74,RESTAURANT,38.98152542372881,70.94,54.2212,125.16120000000001,N,TXN_V2.1,2026-06-29,2026-06-29 19:54:02.665208
555,2026-06,2,2,44.0,8649.220000000001,2965.76,-5683.460000000001,263.9768181818182,DOWN,22.96,UTILITIES,29.549090909090907,171.45000000000002,172.98440000000002,344.43440000000004,N,TXN_V2.1,2026-06-29,2026-06-29 19:54:02.665208
556,2026-06,3,3,146.0,17986.22,20461.21,2474.989999999998,263.33856164383565,UP,47.76,UTILITIES,43.152054794520545,271.54,359.7244,631.2644,N,TXN_V2.1,2026-06-29,2026-06-29 19:54:02.665208
557,2026-06,1,1,28.0,1415.08,7739.04,6323.96,326.93285714285713,UP,3.22,HEALTHCARE,32.15,69.34,28.3016,97.64160000000001,N,TXN_V2.1,2026-06-29,2026-06-29 19:54:02.665208
558,2026-06,4,3,160.0,18738.58,35763.71,17025.129999999997,340.6393125,UP,49.44,UTILITIES,38.7485,611.04,374.77160000000003,985.8116,N,TXN_V2.1,2026-06-29,2026-06-29 19:54:02.665208
559,2026-06,1,1,35.0,31220.2,1126.38,-30093.82,924.1880000000001,DOWN,74.6,HEALTHCARE,42.85,113.11,624.404,737.514,N,TXN_V2.1,2026-06-29,2026-06-29 19:54:02.665208
560,2026-06,4,4,162.0,38405.990000000005,92614.23,54208.23999999999,808.7667901234568,UP,84.84,GROCERY,41.977037037037036,557.05,768.1198000000002,1325.1698000000001,N,TXN_V2.1,2026-06-29,2026-06-29 19:54:02.665208
561,2026-06,2,2,61.0,16055.62,8121.68,-7933.9400000000005,396.3491803278689,DOWN,43.36,RESTAURANT,37.69934426229508,56.589999999999996,321.11240000000004,377.7024,N,TXN_V2.1,2026-06-29,2026-06-29 19:54:02.665208
562,2026-06,4,4,168.0,35789.32000000001,15646.35,-20142.97000000001,306.1647023809524,DOWN,81.14,RETAIL,31.54416666666667,486.33,715.7864000000002,1202.1164,N,TXN_V2.1,2026-06-29,2026-06-29 19:54:02.665208
563,2026-06,1,1,55.0,12269.94,1081.26,-11188.68,242.7490909090909,DOWN,32.1,INSURANCE,40.0,58.41,245.39880000000002,303.8088,N,TXN_V2.1,2026-06-29,2026-06-29 19:54:02.665208
564,2026-06,3,3,119.0,27950.91,18974.440000000002,-8976.469999999998,394.3306722689076,DOWN,69.28,RETAIL,39.49823529411765,212.19,559.0182,771.2082,N,TXN_V2.1,2026-06-29,2026-06-29 19:54:02.665208
565,2026-06,4,4,198.0,21595.510000000002,21999.29,403.77999999999884,220.1757575757576,STABLE,55.94,UTILITIES,34.34318181818182,327.45,431.91020000000003,759.3602000000001,N,TXN_V2.1,2026-06-29,2026-06-29 19:54:02.665208
566,2026-06,3,3,105.0,13206.42,28160.91,14954.49,393.97457142857144,UP,34.98,RESTAURANT,37.14285714285715,275.91999999999996,264.1284,540.0483999999999,N,TXN_V2.1,2026-06-29,2026-06-29 19:54:02.665208
567,2026-06,2,2,112.0,8017.95,4703.0,-3314.95,113.57991071428572,DOWN,21.96,RETAIL,39.287142857142854,286.96999999999997,160.359,447.32899999999995,N,TXN_V2.1,2026-06-29,2026-06-29 19:54:02.665208
568,2026-06,2,0,61.0,3211.6899999999996,12847.560000000001,9635.870000000003,263.2663934426229,UP,11.74,INSURANCE,34.42655737704918,141.94,64.23379999999999,206.17379999999997,N,TXN_V2.1,2026-06-29,2026-06-29 19:54:02.665208
569,2026-06,3,3,121.0,22580.800000000003,38687.41,16106.61,506.34884297520665,UP,58.2,TRAVEL,29.75165289256198,214.37,451.61600000000004,665.9860000000001,N,TXN_V2.1,2026-06-29,2026-06-29 19:54:02.665208
570,2026-06,1,1,15.0,1094.64,178.79,-915.8500000000001,84.89533333333334,DOWN,1.9,EDUCATION,26.66,64.25,21.8928,86.1428,N,TXN_V2.1,2026-06-29,2026-06-29 19:54:02.665208
571,2026-06,4,4,146.0,23932.32,14687.91,-9244.41,264.5221232876712,DOWN,61.24,RETAIL,41.778287671232874,302.88,478.6464,781.5264,N,TXN_V2.1,2026-06-29,2026-06-29 19:54:02.665208
572,2026-06,1,1,49.0,4209.52,9631.89,5422.369999999999,282.4777551020408,UP,14.8,TRAVEL,30.61,134.6,84.19040000000001,218.7904,N,TXN_V2.1,2026-06-29,2026-06-29 19:54:02.665208
573,2026-06,1,1,25.0,2399.16,15858.93,13459.77,730.3236,UP,8.34,UTILITIES,24.0,18.68,47.9832,66.66319999999999,N,TXN_V2.1,2026-06-29,2026-06-29 19:54:02.665208
574,2026-06,1,1,26.0,24823.59,1307.71,-23515.88,1005.05,DOWN,63.14,ENTERTAINMENT,53.849999999999994,75.89,496.47180000000003,572.3618,N,TXN_V2.1,2026-06-29,2026-06-29 19:54:02.665208
575,2026-06,2,2,54.0,3765.28,2342.27,-1423.0100000000002,113.10277777777777,DOWN,13.26,HEALTHCARE,44.44444444444444,137.0,75.30560000000001,212.30560000000003,N,TXN_V2.1,2026-06-29,2026-06-29 19:54:02.665208
576,2026-06,4,4,221.0,44750.31,41085.07,-3665.239999999998,388.3953846153846,DOWN,90.46,TRAVEL,38.91619909502263,491.03,895.0061999999999,1386.0362,N,TXN_V2.1,2026-06-29,2026-06-29 19:54:02.665208
577,2026-06,3,3,158.0,16485.38,32660.13,16174.75,311.0475316455696,UP,44.4,RESTAURANT,39.238101265822785,500.74,329.7076,830.4476,N,TXN_V2.1,2026-06-29,2026-06-29 19:54:02.665208
578,2026-06,1,1,26.0,12744.76,1815.16,-10929.6,559.996923076923,DOWN,33.58,RESTAURANT,23.079999999999995,38.7,254.89520000000002,293.59520000000003,N,TXN_V2.1,2026-06-29,2026-06-29 19:54:02.665208
579,2026-06,3,2,145.0,30354.96,16144.410000000002,-14210.549999999997,320.6853103448276,DOWN,73.14,UTILITIES,32.41586206896552,570.49,607.0992,1177.5892,N,TXN_V2.1,2026-06-29,2026-06-29 19:54:02.665208
580,2026-06,3,3,184.0,9982.05,19677.059999999998,9695.009999999998,161.19081521739128,UP,26.04,RESTAURANT,41.8475,533.76,199.641,733.401,N,TXN_V2.1,2026-06-29,2026-06-29 19:54:02.665208
581,2026-06,1,1,17.0,1123.3,597.14,-526.16,101.20235294117647,DOWN,2.0,RETAIL,41.17999999999999,0.0,22.466,22.466,N,TXN_V2.1,2026-06-29,2026-06-29 19:54:02.665208
582,2026-06,2,2,88.0,16048.69,17728.5,1679.8099999999995,383.83170454545456,STABLE,43.34,GAS_STATION,40.91386363636364,171.54,320.97380000000004,492.51380000000006,N,TXN_V2.1,2026-06-29,2026-06-29 19:54:02.665208
583,2026-06,4,4,237.0,66634.92,29101.05,-37533.869999999995,403.94924050632915,DOWN,98.9,RETAIL,37.97767932489452,694.9,1332.6984,2027.5983999999999,N,TXN_V2.1,2026-06-29,2026-06-29 19:54:02.665208
584,2026-06,4,3,170.0,36980.19,19908.239999999998,-17071.950000000004,334.6378235294118,DOWN,82.94,RETAIL,40.000058823529415,297.99,739.6038000000001,1037.5938,N,TXN_V2.1,2026-06-29,2026-06-29 19:54:02.665208
585,2026-06,3,3,109.0,22732.34,11825.539999999999,-10906.800000000001,317.0447706422018,DOWN,58.66,RETAIL,42.20073394495413,226.65,454.6468,681.2968,N,TXN_V2.1,2026-06-29,2026-06-29 19:54:02.665208
586,2026-06,4,3,141.0,16074.789999999999,8701.72,-7373.07,175.71992907801416,DOWN,43.38,INSURANCE,43.26347517730497,273.65999999999997,321.4958,595.1558,N,TXN_V2.1,2026-06-29,2026-06-29 19:54:02.665208
587,2026-06,1,1,18.0,937.82,1153.4,215.58000000000004,116.1788888888889,STABLE,1.34,RETAIL,44.449999999999996,53.47,18.756400000000003,72.2264,N,TXN_V2.1,2026-06-29,2026-06-29 19:54:02.665208
588,2026-06,3,3,103.0,36831.45,21451.530000000002,-15379.919999999995,565.8541747572815,DOWN,82.6,RESTAURANT,31.066796116504857,281.68,736.6289999999999,1018.309,N,TXN_V2.1,2026-06-29,2026-06-29 19:54:02.665208
589,2026-06,3,3,148.0,59522.759999999995,18034.649999999998,-41488.11,524.036554054054,DOWN,97.48,RESTAURANT,34.45716216216216,218.33,1190.4551999999999,1408.7851999999998,N,TXN_V2.1,2026-06-29,2026-06-29 19:54:02.665208
590,2026-06,1,1,18.0,980.12,1106.77,126.64999999999998,115.93833333333333,STABLE,1.4,UTILITIES,33.33,55.44,19.6024,75.0424,N,TXN_V2.1,2026-06-29,2026-06-29 19:54:02.665208
591,2026-06,3,3,156.0,34587.3,12328.85,-22258.450000000004,300.7445512820513,DOWN,79.64,HEALTHCARE,32.69346153846154,172.09,691.7460000000001,863.8360000000001,N,TXN_V2.1,2026-06-29,2026-06-29 19:54:02.665208
592,2026-06,1,1,24.0,1685.2,8881.17,7195.97,440.2654166666667,UP,4.58,RESTAURANT,37.5,13.15,33.704,46.854,N,TXN_V2.1,2026-06-29,2026-06-29 19:54:02.665208
593,2026-06,4,4,130.0,7066.75,28953.879999999997,21887.129999999997,277.0817692307692,UP,20.36,UTILITIES,36.15123076923077,341.5,141.335,482.83500000000004,N,TXN_V2.1,2026-06-29,2026-06-29 19:54:02.665208
594,2026-06,4,4,196.0,26572.09,63138.6,36566.509999999995,457.7076020408163,UP,66.46,GROCERY,35.71051020408163,292.24,531.4418000000001,823.6818000000001,N,TXN_V2.1,2026-06-29,2026-06-29 19:54:02.665208
595,2026-06,4,4,164.0,43722.06,17654.5,-26067.559999999998,374.24731707317073,DOWN,89.46,UTILITIES,37.805365853658536,270.51,874.4412,1144.9512,N,TXN_V2.1,2026-06-29,2026-06-29 19:54:02.665208
596,2026-06,4,4,168.0,41916.03,20002.34,-21913.69,368.5617261904762,DOWN,87.94,UTILITIES,42.855,494.03,838.3206,1332.3506,N,TXN_V2.1,2026-06-29,2026-06-29 19:54:02.665208
597,2026-06,4,3,157.0,19211.78,6888.3099999999995,-12323.47,166.24261146496812,DOWN,50.64,TRAVEL,35.031337579617826,437.74,384.2356,821.9756,N,TXN_V2.1,2026-06-29,2026-06-29 19:54:02.665208
598,2026-06,1,1,17.0,1851.66,909.02,-942.6400000000001,162.3929411764706,DOWN,5.66,RESTAURANT,11.76,0.0,37.0332,37.0332,N,TXN_V2.1,2026-06-29,2026-06-29 19:54:02.665208
599,2026-06,4,4,191.0,30099.66,32870.15,2770.4900000000016,329.6848691099476,UP,72.78,RETAIL,45.54910994764397,355.42,601.9932,957.4132,N,TXN_V2.1,2026-06-29,2026-06-29 19:54:02.665208
600,2026-06,1,1,27.0,1676.95,1410.6,-266.35000000000014,114.35370370370372,STABLE,4.54,ENTERTAINMENT,44.45,63.13,33.539,96.66900000000001,N,TXN_V2.1,2026-06-29,2026-06-29 19:54:02.665208
601,2026-06,4,4,155.0,23248.260000000002,44057.57,20809.309999999998,434.2311612903226,UP,59.92,UTILITIES,38.71077419354839,408.82,464.96520000000004,873.7852,N,TXN_V2.1,2026-06-29,2026-06-29 19:54:02.665208
602,2026-06,1,1,64.0,40546.02,1827.99,-38718.03,662.0939062499999,DOWN,86.94,HEALTHCARE,31.25,274.06,810.9204,1084.9804,N,TXN_V2.1,2026-06-29,2026-06-29 19:54:02.665208
603,2026-06,1,0,26.0,2634.05,348.87,-2285.1800000000003,114.72769230769231,DOWN,9.56,GROCERY,26.920000000000005,61.98,52.681000000000004,114.661,N,TXN_V2.1,2026-06-29,2026-06-29 19:54:02.665208
604,2026-06,1,1,61.0,21452.64,11119.84,-10332.8,533.9750819672131,DOWN,55.58,HEALTHCARE,24.59,63.84,429.0528,492.89279999999997,N,TXN_V2.1,2026-06-29,2026-06-29 19:54:02.665208
605,2026-06,1,1,60.0,14680.56,17587.07,2906.51,537.7938333333333,UP,39.46,ENTERTAINMENT,31.66,83.55,293.6112,377.1612,N,TXN_V2.1,2026-06-29,2026-06-29 19:54:02.665208
606,2026-06,1,1,57.0,2798.58,3719.77,921.19,114.35701754385966,UP,10.06,GAS_STATION,47.37,148.6,55.9716,204.5716,N,TXN_V2.1,2026-06-29,2026-06-29 19:54:02.665208
607,2026-06,3,2,69.0,15092.199999999999,19416.18,4323.980000000001,500.1214492753623,UP,40.7,TRAVEL,36.23246376811594,337.68,301.844,639.524,N,TXN_V2.1,2026-06-29,2026-06-29 19:54:02.665208
608,2026-06,2,2,55.0,5100.19,13286.050000000001,8185.8600000000015,334.29527272727273,UP,16.58,RETAIL,32.72727272727273,115.68,102.0038,217.68380000000002,N,TXN_V2.1,2026-06-29,2026-06-29 19:54:02.665208
609,2026-06,4,3,143.0,42829.79,11599.09,-31230.7,380.6215384615385,DOWN,88.84,UTILITIES,42.660489510489505,353.65,856.5958,1210.2458000000001,N,TXN_V2.1,2026-06-29,2026-06-29 19:54:02.665208
610,2026-06,2,2,133.0,37655.97,15856.92,-21799.050000000003,402.35255639097744,DOWN,83.88,GROCERY,45.11699248120301,316.25,753.1194,1069.3694,N,TXN_V2.1,2026-06-29,2026-06-29 19:54:02.665208
611,2026-06,4,4,159.0,29940.61,19097.35,-10843.260000000002,308.41484276729557,DOWN,72.48,HEALTHCARE,32.07383647798742,452.78,598.8122000000001,1051.5922,N,TXN_V2.1,2026-06-29,2026-06-29 19:54:02.665208
612,2026-06,3,3,161.0,42219.68,29213.2,-13006.48,443.68248447204974,DOWN,88.34,UTILITIES,31.67689440993789,372.34000000000003,844.3936,1216.7336,N,TXN_V2.1,2026-06-29,2026-06-29 19:54:02.665208
613,2026-06,2,2,112.0,9072.72,15822.579999999998,6749.859999999999,222.27946428571425,UP,23.96,GAS_STATION,34.8275,194.22,181.4544,375.6744,N,TXN_V2.1,2026-06-29,2026-06-29 19:54:02.665208
614,2026-06,3,2,76.0,13688.34,48071.68,34383.34,812.6318421052632,UP,36.3,GROCERY,38.156447368421055,80.19000000000001,273.7668,353.9568,N,TXN_V2.1,2026-06-29,2026-06-29 19:54:02.665208
615,2026-06,3,3,196.0,35467.130000000005,24448.33,-11018.800000000003,305.6911224489796,DOWN,80.6,TRAVEL,32.65489795918367,423.21,709.3426000000001,1132.5526,N,TXN_V2.1,2026-06-29,2026-06-29 19:54:02.665208
616,2026-06,2,2,64.0,20896.6,24987.129999999997,4090.529999999999,716.9332812499999,UP,54.28,RESTAURANT,37.49671875,168.39999999999998,417.93199999999996,586.3319999999999,N,TXN_V2.1,2026-06-29,2026-06-29 19:54:02.665208
617,2026-06,2,2,114.0,14175.61,16371.69,2196.08,267.9587719298246,UP,37.84,RESTAURANT,38.59578947368421,170.7,283.5122,454.2122,N,TXN_V2.1,2026-06-29,2026-06-29 19:54:02.665208
618,2026-06,1,1,47.0,27109.05,1110.28,-25998.77,600.4112765957447,DOWN,67.62,GROCERY,31.91,103.22,542.181,645.4010000000001,N,TXN_V2.1,2026-06-29,2026-06-29 19:54:02.665208
619,2026-06,4,4,224.0,78775.08,18962.35,-59812.73,436.3278125,DOWN,99.68,UTILITIES,37.95098214285714,503.16999999999996,1575.5016,2078.6716,N,TXN_V2.1,2026-06-29,2026-06-29 19:54:02.665208
620,2026-06,3,3,111.0,9098.960000000001,4149.43,-4949.530000000001,119.35486486486488,DOWN,24.04,RESTAURANT,32.43135135135135,158.39,181.97920000000002,340.3692,N,TXN_V2.1,2026-06-29,2026-06-29 19:54:02.665208
621,2026-06,4,4,197.0,32727.85,32787.19,59.34000000000378,332.563654822335,STABLE,76.9,RESTAURANT,37.56507614213198,320.94,654.557,975.4970000000001,N,TXN_V2.1,2026-06-29,2026-06-29 19:54:02.665208
622,2026-06,3,2,81.0,11903.54,14307.199999999999,2403.659999999998,323.5893827160494,UP,31.18,RETAIL,38.27037037037037,153.45,238.07080000000002,391.5208,N,TXN_V2.1,2026-06-29,2026-06-29 19:54:02.665208
623,2026-06,2,2,69.0,14020.84,19969.47,5948.630000000001,492.6131884057971,UP,37.34,GAS_STATION,30.434637681159423,141.41,280.4168,421.82680000000005,N,TXN_V2.1,2026-06-29,2026-06-29 19:54:02.665208
624,2026-06,4,3,210.0,39345.88,27083.3,-12262.579999999998,316.32942857142854,DOWN,85.72,UTILITIES,38.09171428571429,664.72,786.9176,1451.6376,N,TXN_V2.1,2026-06-29,2026-06-29 19:54:02.665208
625,2026-06,4,4,218.0,48653.88,27069.22,-21584.659999999996,347.35366972477067,DOWN,93.4,RETAIL,41.744311926605505,576.88,973.0776,1549.9576,N,TXN_V2.1,2026-06-29,2026-06-29 19:54:02.665208
626,2026-06,2,2,70.0,11670.029999999999,4257.18,-7412.8499999999985,227.53157142857143,DOWN,30.44,RESTAURANT,35.717999999999996,229.4,233.40059999999997,462.8006,N,TXN_V2.1,2026-06-29,2026-06-29 19:54:02.665208
627,2026-06,4,4,190.0,12703.36,9096.400000000001,-3606.959999999999,114.73557894736844,DOWN,33.38,RETAIL,36.84242105263157,517.17,254.0672,771.2372,N,TXN_V2.1,2026-06-29,2026-06-29 19:54:02.665208
628,2026-06,2,2,98.0,26674.230000000003,20079.61,-6594.620000000003,477.08000000000004,DOWN,66.82,GROCERY,37.75397959183673,189.23,533.4846000000001,722.7146000000001,N,TXN_V2.1,2026-06-29,2026-06-29 19:54:02.665208
629,2026-06,2,1,106.0,16026.68,7168.62,-8858.060000000001,218.82358490566037,DOWN,43.3,INSURANCE,33.95990566037736,314.38,320.53360000000004,634.9136000000001,N,TXN_V2.1,2026-06-29,2026-06-29 19:54:02.665208
630,2026-06,3,3,142.0,17885.57,6534.89,-11350.68,171.9750704225352,DOWN,47.56,RESTAURANT,40.84133802816902,282.24,357.7114,639.9514,N,TXN_V2.1,2026-06-29,2026-06-29 19:54:02.665208
631,2026-06,2,2,86.0,15476.189999999999,28069.45,12593.260000000002,506.3446511627907,UP,41.54,RETAIL,36.047209302325584,199.41,309.5238,508.9338,N,TXN_V2.1,2026-06-29,2026-06-29 19:54:02.665208
632,2026-06,4,4,129.0,23211.54,12400.26,-10811.28,276.0604651162791,DOWN,59.88,UTILITIES,33.33465116279069,166.37,464.23080000000004,630.6008,N,TXN_V2.1,2026-06-29,2026-06-29 19:54:02.665208
633,2026-06,1,1,34.0,3772.02,861.31,-2910.71,136.2744117647059,DOWN,13.32,GAS_STATION,38.24000000000001,89.37,75.4404,164.81040000000002,N,TXN_V2.1,2026-06-29,2026-06-29 19:54:02.665208
634,2026-06,2,2,84.0,16199.42,22635.37,6435.949999999999,462.31892857142856,UP,43.64,WIRE_TRANSFER_INTL,39.28619047619048,215.12,323.9884,539.1084000000001,N,TXN_V2.1,2026-06-29,2026-06-29 19:54:02.665208
635,2026-06,2,2,47.0,35550.23,10142.12,-25408.11,972.1776595744682,DOWN,80.72,RESTAURANT,36.16978723404255,15.68,711.0046000000001,726.6846,N,TXN_V2.1,2026-06-29,2026-06-29 19:54:02.665208
636,2026-06,4,4,157.0,53000.740000000005,13020.21,-39980.530000000006,420.5156050955415,DOWN,95.5,TRAVEL,34.39859872611465,400.76,1060.0148000000002,1460.7748000000001,N,TXN_V2.1,2026-06-29,2026-06-29 19:54:02.665208
637,2026-06,3,3,133.0,42239.119999999995,16642.47,-25596.649999999994,442.71872180451123,DOWN,88.4,RETAIL,34.583609022556395,431.61,844.7823999999999,1276.3924,N,TXN_V2.1,2026-06-29,2026-06-29 19:54:02.665208
638,2026-06,1,1,19.0,1850.7,861.67,-989.0300000000001,142.7563157894737,DOWN,5.64,RESTAURANT,36.839999999999996,43.94,37.014,80.95400000000001,N,TXN_V2.1,2026-06-29,2026-06-29 19:54:02.665208
639,2026-06,4,4,185.0,32273.02,9308.72,-22964.300000000003,224.76616216216215,DOWN,76.3,RETAIL,30.270378378378375,315.75,645.4604,961.2104,N,TXN_V2.1,2026-06-29,2026-06-29 19:54:02.665208
640,2026-06,1,1,38.0,1843.34,8670.05,6826.709999999999,276.66815789473685,UP,5.58,UTILITIES,34.21,143.71,36.8668,180.5768,N,TXN_V2.1,2026-06-29,2026-06-29 19:54:02.665208
641,2026-06,2,1,80.0,18143.64,13106.23,-5037.41,390.623375,DOWN,48.22,GAS_STATION,37.503,183.94,362.8728,546.8127999999999,N,TXN_V2.1,2026-06-29,2026-06-29 19:54:02.665208
642,2026-06,1,1,21.0,1163.97,1119.33,-44.6400000000001,108.72857142857144,STABLE,2.16,RETAIL,38.089999999999996,47.92,23.279400000000003,71.1994,N,TXN_V2.1,2026-06-29,2026-06-29 19:54:02.665208
643,2026-06,4,4,248.0,42923.27,49504.67,6581.4000000000015,372.6933064516129,UP,88.88,TRAVEL,38.30701612903227,808.4,858.4653999999999,1666.8654,N,TXN_V2.1,2026-06-29,2026-06-29 19:54:02.665208
644,2026-06,2,2,82.0,20303.72,15186.19,-5117.530000000001,432.80378048780494,DOWN,52.82,GROCERY,39.02475609756097,134.59,406.0744,540.6644,N,TXN_V2.1,2026-06-29,2026-06-29 19:54:02.665208
645,2026-06,1,1,66.0,10221.19,10640.02,418.8299999999999,316.0789393939394,STABLE,26.66,GAS_STATION,40.91000000000001,64.21,204.42380000000003,268.6338,N,TXN_V2.1,2026-06-29,2026-06-29 19:54:02.665208
646,2026-06,4,4,199.0,10209.54,9962.689999999999,-246.85000000000218,101.36798994974875,STABLE,26.58,RETAIL,36.1786432160804,444.99,204.19080000000002,649.1808000000001,N,TXN_V2.1,2026-06-29,2026-06-29 19:54:02.665208
647,2026-06,3,3,143.0,25247.18,25889.6,642.4199999999983,357.59986013986014,STABLE,63.76,TRAVEL,36.36692307692307,268.26,504.9436,773.2036,N,TXN_V2.1,2026-06-29,2026-06-29 19:54:02.665208
648,2026-06,1,1,28.0,3110.02,1587.31,-1522.71,167.7617857142857,DOWN,11.34,RESTAURANT,39.29,102.36,62.2004,164.56040000000002,N,TXN_V2.1,2026-06-29,2026-06-29 19:54:02.665208
649,2026-06,1,1,26.0,10252.53,9349.36,-903.1700000000001,753.9188461538462,STABLE,26.82,RESTAURANT,19.230000000000004,129.1,205.05060000000003,334.15060000000005,N,TXN_V2.1,2026-06-29,2026-06-29 19:54:02.665208
650,2026-06,1,1,18.0,984.08,810.83,-173.25,99.71722222222223,STABLE,1.42,RESTAURANT,66.66,67.85,19.6816,87.5316,N,TXN_V2.1,2026-06-29,2026-06-29 19:54:02.665208
651,2026-06,3,3,93.0,14101.34,5230.290000000001,-8871.05,207.86698924731184,DOWN,37.58,HEALTHCARE,43.00892473118279,357.41999999999996,282.02680000000004,639.4467999999999,N,TXN_V2.1,2026-06-29,2026-06-29 19:54:02.665208
652,2026-06,1,1,56.0,12703.32,1499.62,-11203.7,253.62392857142854,DOWN,33.36,RESTAURANT,50.0,71.57,254.0664,325.6364,N,TXN_V2.1,2026-06-29,2026-06-29 19:54:02.665208
653,2026-06,3,3,109.0,18823.309999999998,23038.01,4214.700000000001,384.04880733944947,UP,49.68,RETAIL,34.862293577981646,323.46,376.46619999999996,699.9261999999999,N,TXN_V2.1,2026-06-29,2026-06-29 19:54:02.665208
654,2026-06,3,3,116.0,17828.18,28977.260000000002,11149.080000000002,403.4951724137931,UP,47.3,GROCERY,32.75896551724138,124.85,356.5636,481.4136,N,TXN_V2.1,2026-06-29,2026-06-29 19:54:02.665208
655,2026-06,1,1,58.0,18409.93,23883.48,5473.549999999999,729.1967241379311,UP,48.74,HEALTHCARE,31.029999999999998,296.51,368.1986,664.7085999999999,N,TXN_V2.1,2026-06-29,2026-06-29 19:54:02.665208
656,2026-06,2,2,37.0,1903.6399999999999,1095.39,-808.2499999999998,81.05486486486485,DOWN,5.9,UTILITIES,37.839729729729726,134.35,38.0728,172.4228,N,TXN_V2.1,2026-06-29,2026-06-29 19:54:02.665208
657,2026-06,1,1,56.0,2081.71,24359.68,22277.97,472.16767857142855,UP,6.84,RETAIL,33.92,82.17,41.6342,123.80420000000001,N,TXN_V2.1,2026-06-29,2026-06-29 19:54:02.665208
658,2026-06,3,3,181.0,59642.86,18610.27,-41032.59,432.33773480662984,DOWN,97.52,GROCERY,40.88558011049723,317.19,1192.8572000000001,1510.0472000000002,N,TXN_V2.1,2026-06-29,2026-06-29 19:54:02.665208
659,2026-06,1,1,66.0,3095.89,3740.93,645.04,103.58818181818181,UP,11.24,RESTAURANT,45.45000000000001,298.28,61.9178,360.1978,N,TXN_V2.1,2026-06-29,2026-06-29 19:54:02.665208
660,2026-06,1,1,61.0,13516.92,1870.11,-11646.81,252.24639344262297,DOWN,35.82,GAS_STATION,32.78,121.84,270.3384,392.1784,N,TXN_V2.1,2026-06-29,2026-06-29 19:54:02.665208
661,2026-06,1,1,32.0,2179.77,10863.75,8683.98,407.61,UP,7.32,GROCERY,31.25,31.95,43.5954,75.5454,N,TXN_V2.1,2026-06-29,2026-06-29 19:54:02.665208
662,2026-06,2,2,88.0,36940.21,11968.83,-24971.379999999997,555.7845454545454,DOWN,82.78,RESTAURANT,43.1875,38.28,738.8042,777.0842,N,TXN_V2.1,2026-06-29,2026-06-29 19:54:02.665208
663,2026-06,4,4,204.0,88168.63,19917.010000000002,-68251.62,529.831568627451,DOWN,99.94,RETAIL,41.66210784313726,489.07,1763.3726000000001,2252.4426000000003,Y,TXN_V2.1,2026-06-29,2026-06-29 19:54:02.665208
664,2026-06,3,3,70.0,23987.760000000002,3046.11,-20941.65,386.1981428571429,DOWN,61.4,RESTAURANT,38.57428571428571,53.93,479.75520000000006,533.6852,N,TXN_V2.1,2026-06-29,2026-06-29 19:54:02.665208
665,2026-06,2,2,109.0,13625.59,3880.19,-9745.4,160.6034862385321,DOWN,36.14,GROCERY,42.200917431192664,153.4,272.5118,425.91179999999997,N,TXN_V2.1,2026-06-29,2026-06-29 19:54:02.665208
666,2026-06,4,4,143.0,58041.58,26552.370000000003,-31489.21,591.566083916084,DOWN,97.04,UTILITIES,38.46076923076923,317.3,1160.8316,1478.1316,N,TXN_V2.1,2026-06-29,2026-06-29 19:54:02.665208
667,2026-06,3,3,139.0,15379.92,34814.88,19434.96,361.1136690647482,UP,41.38,GROCERY,37.40928057553957,390.72,307.5984,698.3184000000001,N,TXN_V2.1,2026-06-29,2026-06-29 19:54:02.665208
668,2026-06,2,2,86.0,14772.09,14307.52,-464.5699999999997,338.135,STABLE,39.8,TRAVEL,40.69744186046512,57.52,295.4418,352.9618,N,TXN_V2.1,2026-06-29,2026-06-29 19:54:02.665208
669,2026-06,1,1,69.0,22576.55,3324.49,-19252.059999999998,375.37739130434784,DOWN,58.16,RETAIL,30.43,20.14,451.531,471.671,N,TXN_V2.1,2026-06-29,2026-06-29 19:54:02.665208
670,2026-06,3,3,164.0,89135.95999999999,7995.33,-81140.62999999999,592.2639634146341,DOWN,99.96,INSURANCE,43.291951219512185,167.1,1782.7191999999998,1949.8191999999997,Y,TXN_V2.1,2026-06-29,2026-06-29 19:54:02.665208
671,2026-06,2,1,40.0,2071.89,2022.51,-49.37999999999988,102.35999999999999,STABLE,6.74,RESTAURANT,42.5,137.43,41.437799999999996,178.8678,N,TXN_V2.1,2026-06-29,2026-06-29 19:54:02.665208
672,2026-06,3,2,125.0,29683.64,5454.45,-24229.19,281.10472,DOWN,72.08,UTILITIES,39.9972,204.15,593.6728,797.8228,N,TXN_V2.1,2026-06-29,2026-06-29 19:54:02.665208
673,2026-06,1,1,48.0,14511.99,2401.48,-12110.51,352.36395833333336,DOWN,38.86,TRAVEL,29.159999999999997,84.93,290.2398,375.1698,N,TXN_V2.1,2026-06-29,2026-06-29 19:54:02.665208
674,2026-06,3,3,117.0,23237.629999999997,38765.939999999995,15528.309999999998,529.9450427350426,UP,59.9,RESTAURANT,38.46119658119658,315.4,464.7526,780.1525999999999,N,TXN_V2.1,2026-06-29,2026-06-29 19:54:02.665208
675,2026-06,3,3,101.0,26577.66,5543.2,-21034.46,318.0283168316832,DOWN,66.52,HEALTHCARE,30.69009900990099,72.11,531.5532000000001,603.6632000000001,N,TXN_V2.1,2026-06-29,2026-06-29 19:54:02.665208
676,2026-06,1,1,52.0,8469.75,3563.73,-4906.02,231.41307692307691,DOWN,22.62,GAS_STATION,36.53,62.04,169.395,231.435,N,TXN_V2.1,2026-06-29,2026-06-29 19:54:02.665208
677,2026-06,1,1,63.0,6224.83,2572.99,-3651.84,139.6479365079365,DOWN,19.02,GROCERY,26.99,136.69,124.4966,261.1866,N,TXN_V2.1,2026-06-29,2026-06-29 19:54:02.665208
678,2026-06,3,3,131.0,34123.91,30353.6,-3770.310000000005,492.1947328244275,DOWN,79.06,RETAIL,30.538167938931295,281.15999999999997,682.4782000000001,963.6382000000001,N,TXN_V2.1,2026-06-29,2026-06-29 19:54:02.665208
679,2026-06,1,1,53.0,5887.54,8969.18,3081.6400000000003,280.31547169811324,UP,18.24,GROCERY,33.96000000000001,230.84,117.7508,348.5908,N,TXN_V2.1,2026-06-29,2026-06-29 19:54:02.665208
680,2026-06,2,2,82.0,6080.18,3230.92,-2849.26,113.55000000000001,DOWN,18.7,RESTAURANT,43.90682926829268,126.44999999999999,121.60360000000001,248.05360000000002,N,TXN_V2.1,2026-06-29,2026-06-29 19:54:02.665208
681,2026-06,1,1,73.0,54300.82,1669.13,-52631.69,766.7116438356164,DOWN,95.92,GROCERY,39.730000000000004,242.45,1086.0164,1328.4664,N,TXN_V2.1,2026-06-29,2026-06-29 19:54:02.665208
682,2026-06,2,2,98.0,45963.3,23327.77,-22635.530000000002,707.0517346938776,DOWN,91.34,RETAIL,35.70877551020409,244.73,919.2660000000001,1163.996,N,TXN_V2.1,2026-06-29,2026-06-29 19:54:02.665208
683,2026-06,4,4,175.0,54885.36,55162.77,277.4099999999962,628.8464571428572,STABLE,96.18,INSURANCE,41.71405714285714,160.92,1097.7072,1258.6272000000001,N,TXN_V2.1,2026-06-29,2026-06-29 19:54:02.665208
684,2026-06,4,4,213.0,21347.5,32514.449999999997,11166.949999999997,252.87300469483566,UP,55.34,TRAVEL,30.990093896713617,542.59,426.95,969.54,N,TXN_V2.1,2026-06-29,2026-06-29 19:54:02.665208
685,2026-06,1,1,58.0,3003.77,15018.59,12014.82,310.73034482758624,UP,10.86,RETAIL,43.1,83.91,60.0754,143.9854,N,TXN_V2.1,2026-06-29,2026-06-29 19:54:02.665208
686,2026-06,1,1,19.0,1175.07,306.42,-868.6499999999999,77.97315789473684,DOWN,2.24,ENTERTAINMENT,31.58,86.78,23.5014,110.2814,N,TXN_V2.1,2026-06-29,2026-06-29 19:54:02.665208
687,2026-06,4,3,162.0,21045.16,18518.12,-2527.040000000001,244.21777777777777,DOWN,54.68,RETAIL,41.97623456790123,460.9,420.9032,881.8032000000001,N,TXN_V2.1,2026-06-29,2026-06-29 19:54:02.665208
688,2026-06,3,2,88.0,4640.57,28274.85,23634.28,374.0388636363636,UP,15.72,TRAVEL,36.362840909090906,213.24,92.81139999999999,306.0514,N,TXN_V2.1,2026-06-29,2026-06-29 19:54:02.665208
689,2026-06,2,2,83.0,3474.32,31832.65,28358.33,425.38518072289156,UP,12.44,HEALTHCARE,36.14072289156627,302.17,69.4864,371.6564,N,TXN_V2.1,2026-06-29,2026-06-29 19:54:02.665208
690,2026-06,3,3,163.0,56186.55,33322.13,-22864.420000000006,549.1330061349693,DOWN,96.5,TRAVEL,34.96907975460123,376.15,1123.731,1499.8809999999999,N,TXN_V2.1,2026-06-29,2026-06-29 19:54:02.665208
691,2026-06,3,3,156.0,28219.63,7089.95,-21129.68,226.34346153846155,DOWN,69.78,HEALTHCARE,41.66935897435897,479.28,564.3926,1043.6725999999999,N,TXN_V2.1,2026-06-29,2026-06-29 19:54:02.665208
692,2026-06,1,1,25.0,6730.88,10842.82,4111.94,702.948,UP,19.8,RESTAURANT,32.0,35.88,134.6176,170.4976,N,TXN_V2.1,2026-06-29,2026-06-29 19:54:02.665208
693,2026-06,3,3,96.0,25619.8,4620.91,-20998.89,315.0073958333333,DOWN,64.6,TRAVEL,35.41854166666667,310.42,512.396,822.816,N,TXN_V2.1,2026-06-29,2026-06-29 19:54:02.665208
694,2026-06,2,2,67.0,2582.67,12239.96,9657.289999999999,221.23328358208954,UP,9.34,GROCERY,44.778656716417906,180.99,51.653400000000005,232.6434,N,TXN_V2.1,2026-06-29,2026-06-29 19:54:02.665208
695,2026-06,1,1,65.0,9034.72,20232.21,11197.49,450.2604615384615,UP,23.88,INSURANCE,21.53,54.41,180.6944,235.1044,N,TXN_V2.1,2026-06-29,2026-06-29 19:54:02.665208
696,2026-06,3,3,126.0,13780.6,37381.229999999996,23600.629999999997,406.0462698412698,UP,36.62,TRAVEL,38.887142857142855,219.41,275.612,495.02200000000005,N,TXN_V2.1,2026-06-29,2026-06-29 19:54:02.665208
697,2026-06,4,4,192.0,39071.75,30148.12,-8923.630000000001,360.52015624999996,DOWN,85.4,RETAIL,36.98078124999999,250.05,781.4350000000001,1031.4850000000001,N,TXN_V2.1,2026-06-29,2026-06-29 19:54:02.665208
698,2026-06,1,0,19.0,1480.4,877.29,-603.1100000000001,124.08894736842106,STABLE,3.56,GROCERY,21.060000000000002,75.04,29.608000000000004,104.64800000000001,N,TXN_V2.1,2026-06-29,2026-06-29 19:54:02.665208
699,2026-06,2,1,115.0,27001.739999999998,26380.590000000004,-621.1499999999942,464.19417391304347,STABLE,67.4,RESTAURANT,35.65478260869565,215.81,540.0348,755.8448000000001,N,TXN_V2.1,2026-06-29,2026-06-29 19:54:02.665208
700,2026-06,4,4,200.0,27426.47,52366.18,24939.71,398.96324999999996,UP,68.16,RESTAURANT,34.4992,501.93,548.5294,1050.4594,N,TXN_V2.1,2026-06-29,2026-06-29 19:54:02.665208
701,2026-06,4,4,176.0,53437.95,25205.14,-28232.809999999998,446.8357386363636,DOWN,95.64,TRAVEL,34.661420454545464,482.24,1068.759,1550.999,N,TXN_V2.1,2026-06-29,2026-06-29 19:54:02.665208
702,2026-06,1,1,31.0,2817.82,1085.74,-1732.0800000000002,125.92129032258066,DOWN,10.16,RETAIL,32.25999999999999,70.14,56.35640000000001,126.49640000000001,N,TXN_V2.1,2026-06-29,2026-06-29 19:54:02.665208
703,2026-06,4,4,162.0,63334.770000000004,15663.83,-47670.94,487.64567901234574,DOWN,98.36,RESTAURANT,32.09401234567901,304.55,1266.6954,1571.2454,N,TXN_V2.1,2026-06-29,2026-06-29 19:54:02.665208
704,2026-06,1,1,54.0,2585.11,2414.79,-170.32000000000016,92.59074074074073,STABLE,9.4,UTILITIES,29.630000000000006,330.26,51.702200000000005,381.9622,N,TXN_V2.1,2026-06-29,2026-06-29 19:54:02.665208
705,2026-06,3,3,103.0,13663.29,17908.010000000002,4244.720000000001,306.5174757281554,UP,36.2,RESTAURANT,30.09873786407767,350.53,273.2658,623.7958,N,TXN_V2.1,2026-06-29,2026-06-29 19:54:02.665208
706,2026-06,4,4,183.0,27922.12,8033.57,-19888.55,196.47918032786887,DOWN,69.18,UTILITIES,39.88814207650273,342.66,558.4424,901.1024,N,TXN_V2.1,2026-06-29,2026-06-29 19:54:02.665208
707,2026-06,1,1,51.0,3748.28,7240.98,3492.6999999999994,215.4756862745098,UP,13.22,GROCERY,41.18,144.81,74.96560000000001,219.7756,N,TXN_V2.1,2026-06-29,2026-06-29 19:54:02.665208
708,2026-06,3,3,143.0,36316.25,6412.08,-29904.17,298.7995104895105,DOWN,81.88,RETAIL,42.65846153846154,321.75,726.325,1048.075,N,TXN_V2.1,2026-06-29,2026-06-29 19:54:02.665208
709,2026-06,3,3,98.0,24321.79,20741.81,-3579.9799999999996,459.83265306122456,DOWN,62.12,UTILITIES,28.571632653061226,111.69,486.43580000000003,598.1258,N,TXN_V2.1,2026-06-29,2026-06-29 19:54:02.665208
710,2026-06,3,3,180.0,22214.33,8282.62,-13931.710000000001,169.42750000000004,DOWN,57.4,RESTAURANT,40.00205555555556,288.95,444.2866,733.2366,N,TXN_V2.1,2026-06-29,2026-06-29 19:54:02.665208
711,2026-06,4,3,208.0,59753.649999999994,83646.79,23893.14,689.4251923076923,UP,97.54,TRAVEL,46.153798076923074,428.15999999999997,1195.0729999999999,1623.2329999999997,N,TXN_V2.1,2026-06-29,2026-06-29 19:54:02.665208
712,2026-06,1,1,33.0,1877.45,1878.63,1.1800000000000637,113.82060606060605,STABLE,5.8,RETAIL,30.299999999999994,86.52,37.549,124.06899999999999,N,TXN_V2.1,2026-06-29,2026-06-29 19:54:02.665208
713,2026-06,1,1,34.0,1515.47,13305.37,11789.900000000001,435.90705882352944,UP,3.78,RESTAURANT,32.35,29.67,30.3094,59.9794,N,TXN_V2.1,2026-06-29,2026-06-29 19:54:02.665208
714,2026-06,2,2,97.0,34075.72,2889.54,-31186.18,381.0851546391753,DOWN,78.98,RESTAURANT,40.208556701030936,178.15,681.5144,859.6644,N,TXN_V2.1,2026-06-29,2026-06-29 19:54:02.665208
715,2026-06,1,1,55.0,2248.39,10105.58,7857.1900000000005,224.61763636363636,UP,7.7,TRAVEL,49.09,184.96,44.9678,229.9278,N,TXN_V2.1,2026-06-29,2026-06-29 19:54:02.665208
716,2026-06,2,2,88.0,20688.1,13898.08,-6790.019999999999,393.0247727272727,DOWN,53.6,RESTAURANT,35.23272727272727,192.12,413.762,605.8820000000001,N,TXN_V2.1,2026-06-29,2026-06-29 19:54:02.665208
717,2026-06,2,2,89.0,12835.25,16465.64,3630.3899999999994,329.2234831460674,UP,33.74,GROCERY,37.08157303370786,293.43,256.705,550.135,N,TXN_V2.1,2026-06-29,2026-06-29 19:54:02.665208
718,2026-06,1,1,65.0,27809.2,3615.68,-24193.52,483.4596923076923,DOWN,69.02,INSURANCE,47.699999999999996,146.27,556.1840000000001,702.4540000000001,N,TXN_V2.1,2026-06-29,2026-06-29 19:54:02.665208
719,2026-06,4,4,137.0,14306.0,12823.4,-1482.6000000000004,198.0248175182482,DOWN,38.22,RESTAURANT,35.035912408759124,364.11,286.12,650.23,N,TXN_V2.1,2026-06-29,2026-06-29 19:54:02.665208
720,2026-06,4,4,202.0,44066.770000000004,23710.43,-20356.340000000004,335.530693069307,DOWN,89.88,INSURANCE,37.6230198019802,490.17,881.3354,1371.5054,N,TXN_V2.1,2026-06-29,2026-06-29 19:54:02.665208
721,2026-06,1,1,48.0,15553.99,1344.48,-14209.51,352.05145833333336,DOWN,41.78,ENTERTAINMENT,41.67,47.61,311.0798,358.6898,N,TXN_V2.1,2026-06-29,2026-06-29 19:54:02.665208
722,2026-06,4,3,199.0,27310.86,33612.35,6301.489999999998,306.14678391959796,UP,67.92,UTILITIES,40.202562814070355,482.89,546.2172,1029.1072,N,TXN_V2.1,2026-06-29,2026-06-29 19:54:02.665208
723,2026-06,4,2,149.0,8737.9,26290.34,17552.440000000002,235.08885906040268,UP,23.16,RETAIL,45.63852348993288,448.95,174.758,623.708,N,TXN_V2.1,2026-06-29,2026-06-29 19:54:02.665208
724,2026-06,2,2,64.0,3372.4700000000003,4686.12,1313.6499999999996,125.91546875,UP,12.18,TRAVEL,45.309374999999996,142.16,67.44940000000001,209.6094,N,TXN_V2.1,2026-06-29,2026-06-29 19:54:02.665208
725,2026-06,1,1,16.0,1369.15,600.75,-768.4000000000001,123.11875,DOWN,3.0,GROCERY,25.0,10.3,27.383000000000003,37.68300000000001,N,TXN_V2.1,2026-06-29,2026-06-29 19:54:02.665208
726,2026-06,1,1,67.0,14039.38,2560.67,-11478.71,247.76194029850745,DOWN,37.4,EDUCATION,35.82,161.02,280.7876,441.8076,N,TXN_V2.1,2026-06-29,2026-06-29 19:54:02.665208
727,2026-06,3,3,123.0,23623.73,16009.1,-7614.629999999999,322.21813008130084,DOWN,60.72,INSURANCE,43.89967479674796,152.04,472.4746,624.5146,N,TXN_V2.1,2026-06-29,2026-06-29 19:54:02.665208
728,2026-06,3,3,113.0,19326.03,15935.92,-3390.1099999999988,312.0526548672566,DOWN,50.92,GAS_STATION,34.50858407079645,262.05,386.5206,648.5706,N,TXN_V2.1,2026-06-29,2026-06-29 19:54:02.665208
729,2026-06,4,4,204.0,48350.17,27428.260000000002,-20921.909999999996,371.4628921568627,DOWN,93.08,WIRE_TRANSFER_INTL,39.7085294117647,397.85,967.0033999999999,1364.8534,N,TXN_V2.1,2026-06-29,2026-06-29 19:54:02.665208
730,2026-06,3,3,110.0,24108.920000000002,5224.8,-18884.120000000003,266.67018181818185,DOWN,61.66,RETAIL,42.72836363636364,188.41,482.17840000000007,670.5884000000001,N,TXN_V2.1,2026-06-29,2026-06-29 19:54:02.665208
731,2026-06,3,3,97.0,15208.029999999999,23294.21,8086.18,396.9303092783505,UP,40.9,GROCERY,36.08567010309278,141.26,304.1606,445.4206,N,TXN_V2.1,2026-06-29,2026-06-29 19:54:02.665208
732,2026-06,4,3,180.0,38346.11,29028.100000000002,-9318.009999999998,374.3011666666667,DOWN,84.7,TRAVEL,41.11211111111111,493.16,766.9222,1260.0822,N,TXN_V2.1,2026-06-29,2026-06-29 19:54:02.665208
733,2026-06,4,4,208.0,50127.64,56803.729999999996,6676.0899999999965,514.093125,UP,94.3,HEALTHCARE,32.693894230769224,415.72,1002.5528,1418.2728000000002,N,TXN_V2.1,2026-06-29,2026-06-29 19:54:02.665208
734,2026-06,2,2,102.0,39540.49,9896.470000000001,-29644.019999999997,484.67607843137256,DOWN,85.96,RETAIL,41.17411764705883,315.55,790.8098,1106.3598,N,TXN_V2.1,2026-06-29,2026-06-29 19:54:02.665208
735,2026-06,2,1,58.0,13371.16,12273.39,-1097.7700000000004,442.14741379310345,STABLE,35.3,TRAVEL,32.758793103448276,10.92,267.4232,278.3432,N,TXN_V2.1,2026-06-29,2026-06-29 19:54:02.665208
736,2026-06,4,4,136.0,18309.11,8065.280000000001,-10243.83,193.92933823529413,DOWN,48.46,UTILITIES,36.76102941176471,284.38,366.1822,650.5622000000001,N,TXN_V2.1,2026-06-29,2026-06-29 19:54:02.665208
737,2026-06,3,3,157.0,7340.04,18319.91,10979.869999999999,163.4391719745223,UP,20.82,RETAIL,38.85414012738854,493.78999999999996,146.8008,640.5908,N,TXN_V2.1,2026-06-29,2026-06-29 19:54:02.665208
738,2026-06,2,2,95.0,22800.37,10505.4,-12294.97,350.5870526315789,DOWN,58.72,RETAIL,30.528421052631582,460.61,456.00739999999996,916.6174,N,TXN_V2.1,2026-06-29,2026-06-29 19:54:02.665208
739,2026-06,2,2,106.0,6799.54,26101.55,19302.01,310.38764150943393,UP,19.86,RESTAURANT,40.56698113207547,203.3,135.9908,339.2908,N,TXN_V2.1,2026-06-29,2026-06-29 19:54:02.665208
740,2026-06,3,3,180.0,54343.170000000006,24186.059999999998,-30157.110000000008,436.27350000000007,DOWN,95.94,RETAIL,44.44733333333333,477.88,1086.8634000000002,1564.7434000000003,N,TXN_V2.1,2026-06-29,2026-06-29 19:54:02.665208
741,2026-06,1,1,23.0,497.36,13585.4,13088.039999999999,612.2939130434783,UP,0.24,INSURANCE,39.129999999999995,68.09,9.9472,78.0372,N,TXN_V2.1,2026-06-29,2026-06-29 19:54:02.665208
742,2026-06,4,4,202.0,21370.14,51005.270000000004,29635.130000000005,358.2941089108911,UP,55.44,RETAIL,36.6359405940594,455.11,427.4028,882.5128,N,TXN_V2.1,2026-06-29,2026-06-29 19:54:02.665208
743,2026-06,4,4,180.0,42247.8,14663.14,-27584.660000000003,316.17188888888893,DOWN,88.44,RESTAURANT,36.666222222222224,439.6,844.9560000000001,1284.556,N,TXN_V2.1,2026-06-29,2026-06-29 19:54:02.665208
744,2026-06,2,2,75.0,13906.62,34084.53,20177.909999999996,639.8820000000001,UP,36.9,RESTAURANT,42.66773333333333,100.19,278.1324,378.3224,N,TXN_V2.1,2026-06-29,2026-06-29 19:54:02.665208
745,2026-06,1,1,47.0,19753.01,1458.29,-18294.719999999998,451.3042553191489,DOWN,51.7,TRAVEL,40.42,46.16,395.06019999999995,441.2202,N,TXN_V2.1,2026-06-29,2026-06-29 19:54:02.665208
746,2026-06,3,2,100.0,42136.04,25366.63,-16769.41,675.0267,DOWN,88.16,RESTAURANT,34.002300000000005,287.78,842.7208,1130.5008,N,TXN_V2.1,2026-06-29,2026-06-29 19:54:02.665208
747,2026-06,2,2,51.0,25942.73,14085.73,-11857.0,784.8717647058824,DOWN,65.28,INSURANCE,29.41156862745098,153.16,518.8546,672.0146,N,TXN_V2.1,2026-06-29,2026-06-29 19:54:02.665208
748,2026-06,4,3,178.0,42917.130000000005,40991.05,-1926.0800000000017,471.3942696629214,STABLE,88.86,RETAIL,41.00943820224719,340.48,858.3426000000001,1198.8226,N,TXN_V2.1,2026-06-29,2026-06-29 19:54:02.665208
749,2026-06,3,3,200.0,32544.34,16392.48,-16151.86,244.6841,DOWN,76.68,TRAVEL,39.4988,482.12,650.8868,1133.0068,N,TXN_V2.1,2026-06-29,2026-06-29 19:54:02.665208
750,2026-06,4,4,143.0,21466.9,21465.44,-1.4600000000027649,300.2261538461538,STABLE,55.6,RETAIL,30.06825174825174,278.33,429.338,707.668,N,TXN_V2.1,2026-06-29,2026-06-29 19:54:02.665208
751,2026-06,3,3,84.0,19967.61,24630.48,4662.869999999999,530.9296428571428,UP,52.1,TRAVEL,29.76142857142857,190.23,399.35220000000004,589.5822000000001,N,TXN_V2.1,2026-06-29,2026-06-29 19:54:02.665208
752,2026-06,2,2,104.0,3019.0299999999997,16017.48,12998.45,183.04336538461536,UP,11.04,RESTAURANT,37.499807692307684,260.1,60.380599999999994,320.48060000000004,N,TXN_V2.1,2026-06-29,2026-06-29 19:54:02.665208
753,2026-06,4,3,155.0,45994.939999999995,18292.3,-27702.639999999996,414.7563870967741,DOWN,91.36,RETAIL,36.77348387096774,386.65999999999997,919.8987999999999,1306.5587999999998,N,TXN_V2.1,2026-06-29,2026-06-29 19:54:02.665208
754,2026-06,2,2,96.0,47764.8,15865.96,-31898.840000000004,662.8204166666667,DOWN,92.68,UTILITIES,46.87791666666667,154.49,955.296,1109.786,N,TXN_V2.1,2026-06-29,2026-06-29 19:54:02.665208
755,2026-06,1,1,21.0,1000.45,1281.15,280.70000000000005,108.64761904761906,STABLE,1.52,RETAIL,38.099999999999994,48.45,20.009,68.459,N,TXN_V2.1,2026-06-29,2026-06-29 19:54:02.665208
756,2026-06,4,3,93.0,6022.58,3681.59,-2340.99,104.34591397849462,DOWN,18.62,RETAIL,40.859032258064516,153.25,120.4516,273.7016,N,TXN_V2.1,2026-06-29,2026-06-29 19:54:02.665208
757,2026-06,2,2,79.0,16691.14,2291.99,-14399.15,240.29278481012656,DOWN,44.78,RESTAURANT,39.23924050632912,153.81,333.8228,487.6328,N,TXN_V2.1,2026-06-29,2026-06-29 19:54:02.665208
758,2026-06,2,2,48.0,2316.02,10441.63,8125.609999999999,265.784375,UP,7.98,TRAVEL,31.25,203.41,46.3204,249.7304,N,TXN_V2.1,2026-06-29,2026-06-29 19:54:02.665208
759,2026-06,2,2,105.0,35873.54,2694.4300000000003,-33179.11,367.314,DOWN,81.24,RESTAURANT,33.327999999999996,222.44,717.4708,939.9108000000001,N,TXN_V2.1,2026-06-29,2026-06-29 19:54:02.665208
760,2026-06,3,3,166.0,32672.56,36696.82,4024.2599999999984,417.88783132530125,UP,76.82,RETAIL,31.92578313253012,245.54000000000002,653.4512000000001,898.9912000000002,N,TXN_V2.1,2026-06-29,2026-06-29 19:54:02.665208
761,2026-06,2,1,80.0,53986.71000000001,2774.34,-51212.37000000001,709.5131250000001,DOWN,95.78,TRAVEL,33.748999999999995,199.91,1079.7342,1279.6442000000002,N,TXN_V2.1,2026-06-29,2026-06-29 19:54:02.665208
762,2026-06,2,2,63.0,12434.81,14248.86,1814.050000000001,423.55031746031744,STABLE,32.54,RESTAURANT,36.50698412698413,193.19,248.6962,441.88620000000003,N,TXN_V2.1,2026-06-29,2026-06-29 19:54:02.665208
763,2026-06,4,4,173.0,28830.21,12671.720000000001,-16158.489999999998,239.895549132948,DOWN,70.92,RETAIL,34.10277456647399,332.82000000000005,576.6042,909.4242,N,TXN_V2.1,2026-06-29,2026-06-29 19:54:02.665208
764,2026-06,1,1,43.0,2796.69,2245.08,-551.6100000000001,117.25046511627907,STABLE,10.04,RETAIL,44.190000000000005,114.25,55.933800000000005,170.18380000000002,N,TXN_V2.1,2026-06-29,2026-06-29 19:54:02.665208
765,2026-06,2,2,77.0,17197.31,3800.58,-13396.730000000001,272.69987012987013,DOWN,45.94,RETAIL,33.76779220779221,97.81,343.94620000000003,441.75620000000004,N,TXN_V2.1,2026-06-29,2026-06-29 19:54:02.665208
766,2026-06,4,4,179.0,53763.16,21327.25,-32435.910000000003,419.49949720670395,DOWN,95.7,RETAIL,31.844189944134076,616.22,1075.2632,1691.4832000000001,N,TXN_V2.1,2026-06-29,2026-06-29 19:54:02.665208
767,2026-06,2,1,47.0,14266.46,2256.11,-12010.349999999999,351.5440425531915,DOWN,38.14,RETAIL,42.55723404255319,197.57,285.3292,482.8992,N,TXN_V2.1,2026-06-29,2026-06-29 19:54:02.665208
768,2026-06,2,2,34.0,2151.25,1810.1399999999999,-341.1100000000001,116.51147058823528,STABLE,7.16,GROCERY,47.05705882352941,11.93,43.025,54.955,N,TXN_V2.1,2026-06-29,2026-06-29 19:54:02.665208
769,2026-06,3,3,150.0,7389.08,26719.02,19329.940000000002,227.38733333333332,UP,20.88,RETAIL,36.66193333333334,396.28999999999996,147.7816,544.0716,N,TXN_V2.1,2026-06-29,2026-06-29 19:54:02.665208
770,2026-06,3,3,159.0,37817.56,17406.16,-20411.399999999998,347.3189937106918,DOWN,84.1,RETAIL,35.8474213836478,392.33,756.3512,1148.6812,N,TXN_V2.1,2026-06-29,2026-06-29 19:54:02.665208
771,2026-06,3,3,112.0,17323.13,14184.779999999999,-3138.350000000002,281.320625,DOWN,46.2,RESTAURANT,38.39071428571429,250.0,346.4626,596.4626000000001,N,TXN_V2.1,2026-06-29,2026-06-29 19:54:02.665208
772,2026-06,4,4,149.0,28837.3,24389.850000000002,-4447.449999999997,357.2291946308725,DOWN,70.98,RETAIL,35.56624161073825,249.11,576.746,825.856,N,TXN_V2.1,2026-06-29,2026-06-29 19:54:02.665208
773,2026-06,2,2,100.0,15122.52,10748.43,-4374.09,258.7095,DOWN,40.76,GROCERY,38.0048,189.74,302.4504,492.1904,N,TXN_V2.1,2026-06-29,2026-06-29 19:54:02.665208
774,2026-06,4,3,99.0,22255.03,22285.800000000003,30.770000000004075,449.90737373737375,STABLE,57.46,TRAVEL,35.35454545454546,195.46,445.1006,640.5606,N,TXN_V2.1,2026-06-29,2026-06-29 19:54:02.665208
775,2026-06,3,3,170.0,32531.920000000002,66577.43,34045.509999999995,582.9961764705882,UP,76.66,HEALTHCARE,40.58705882352942,248.57,650.6384,899.2084,N,TXN_V2.1,2026-06-29,2026-06-29 19:54:02.665208
776,2026-06,1,1,22.0,1210.53,1410.98,200.45000000000005,119.15954545454547,STABLE,2.38,GAS_STATION,59.089999999999996,42.47,24.2106,66.6806,N,TXN_V2.1,2026-06-29,2026-06-29 19:54:02.665208
777,2026-06,4,3,186.0,52844.32,42436.909999999996,-10407.410000000003,512.2646774193548,DOWN,95.4,TRAVEL,36.55736559139785,389.86,1056.8864,1446.7464,N,TXN_V2.1,2026-06-29,2026-06-29 19:54:02.665208
778,2026-06,1,1,74.0,2981.74,25799.29,22817.550000000003,388.93283783783784,UP,10.8,GROCERY,37.84,73.97,59.6348,133.6048,N,TXN_V2.1,2026-06-29,2026-06-29 19:54:02.665208
779,2026-06,4,4,126.0,7753.51,11387.78,3634.2700000000004,151.91500000000002,UP,21.36,RETAIL,40.47857142857143,521.45,155.0702,676.5202,N,TXN_V2.1,2026-06-29,2026-06-29 19:54:02.665208
780,2026-06,4,4,197.0,26774.829999999998,16988.43,-9786.399999999998,222.1485279187817,DOWN,67.0,TRAVEL,43.146294416243656,492.79,535.4966,1028.2866,N,TXN_V2.1,2026-06-29,2026-06-29 19:54:02.665208
781,2026-06,4,4,194.0,41709.84,55808.7,14098.86,502.6728865979381,UP,87.7,TRAVEL,36.598659793814434,356.56,834.1967999999999,1190.7567999999999,N,TXN_V2.1,2026-06-29,2026-06-29 19:54:02.665208
782,2026-06,1,1,62.0,8871.7,7313.64,-1558.0600000000004,261.05387096774194,DOWN,23.44,GAS_STATION,41.92999999999999,134.6,177.43400000000003,312.034,N,TXN_V2.1,2026-06-29,2026-06-29 19:54:02.665208
783,2026-06,4,4,231.0,31417.08,32243.81,826.7299999999996,275.5882683982684,STABLE,74.86,TRAVEL,34.6334632034632,325.18,628.3416000000001,953.5216,N,TXN_V2.1,2026-06-29,2026-06-29 19:54:02.665208
784,2026-06,1,0,19.0,824.26,6673.04,5848.78,394.59473684210525,UP,0.9,HEALTHCARE,10.52,38.26,16.4852,54.7452,N,TXN_V2.1,2026-06-29,2026-06-29 19:54:02.665208
785,2026-06,1,1,49.0,2304.25,22612.23,20307.98,508.4995918367347,UP,7.9,UTILITIES,36.739999999999995,134.17,46.085,180.255,N,TXN_V2.1,2026-06-29,2026-06-29 19:54:02.665208
786,2026-06,1,1,30.0,13012.71,1963.89,-11048.82,499.21999999999997,DOWN,34.36,RETAIL,53.339999999999996,43.89,260.25419999999997,304.14419999999996,N,TXN_V2.1,2026-06-29,2026-06-29 19:54:02.665208
787,2026-06,1,1,61.0,13208.01,15801.45,2593.4400000000005,475.56491803278686,UP,35.0,GAS_STATION,32.78,128.04,264.16020000000003,392.2002,N,TXN_V2.1,2026-06-29,2026-06-29 19:54:02.665208
788,2026-06,2,2,76.0,12886.94,9847.21,-3039.7300000000014,299.133552631579,DOWN,33.92,RETAIL,31.57789473684211,131.25,257.7388,388.9888,N,TXN_V2.1,2026-06-29,2026-06-29 19:54:02.665208
789,2026-06,4,4,163.0,45052.05,45628.509999999995,576.4599999999919,556.32245398773,STABLE,90.74,RESTAURANT,38.03736196319018,467.27,901.041,1368.3110000000001,N,TXN_V2.1,2026-06-29,2026-06-29 19:54:02.665208
790,2026-06,1,1,63.0,5388.5,9936.24,4547.74,243.24984126984126,UP,17.12,GROCERY,38.09,102.07,107.77,209.83999999999997,N,TXN_V2.1,2026-06-29,2026-06-29 19:54:02.665208
791,2026-06,3,3,184.0,9806.71,22710.11,12903.400000000001,176.72184782608696,UP,25.62,RETAIL,30.437065217391307,527.8199999999999,196.1342,723.9541999999999,N,TXN_V2.1,2026-06-29,2026-06-29 19:54:02.665208
792,2026-06,3,3,152.0,22014.13,44191.05,22176.920000000002,435.56039473684217,UP,56.86,RETAIL,36.84131578947368,417.83,440.2826,858.1125999999999,N,TXN_V2.1,2026-06-29,2026-06-29 19:54:02.665208
793,2026-06,4,3,148.0,14810.64,21445.7,6635.060000000001,244.97527027027024,UP,39.94,RETAIL,31.756216216216217,256.74,296.2128,552.9528,N,TXN_V2.1,2026-06-29,2026-06-29 19:54:02.665208
794,2026-06,4,3,177.0,22275.57,9764.1,-12511.47,181.0150847457627,DOWN,57.52,RETAIL,36.72463276836158,359.65,445.5114,805.1614,N,TXN_V2.1,2026-06-29,2026-06-29 19:54:02.665208
795,2026-06,1,1,19.0,1532.32,8751.04,7218.720000000001,541.2294736842106,UP,3.8,GROCERY,47.370000000000005,0.0,30.6464,30.6464,N,TXN_V2.1,2026-06-29,2026-06-29 19:54:02.665208
796,2026-06,3,3,153.0,29944.54,14201.67,-15742.87,288.5373202614379,DOWN,72.52,RESTAURANT,42.48614379084966,405.57,598.8908,1004.4608000000001,N,TXN_V2.1,2026-06-29,2026-06-29 19:54:02.665208
797,2026-06,2,2,134.0,16915.76,20991.09,4075.3300000000017,282.88694029850745,UP,45.08,GROCERY,40.29992537313433,294.96999999999997,338.31519999999995,633.2851999999999,N,TXN_V2.1,2026-06-29,2026-06-29 19:54:02.665208
798,2026-06,1,1,18.0,1301.4,796.77,-504.6300000000001,116.565,STABLE,2.86,TRAVEL,44.449999999999996,50.95,26.028000000000002,76.97800000000001,N,TXN_V2.1,2026-06-29,2026-06-29 19:54:02.665208
799,2026-06,3,3,145.0,27638.420000000002,21146.2,-6492.220000000001,336.4456551724138,DOWN,68.64,RETAIL,37.243172413793104,466.19,552.7684,1018.9584,N,TXN_V2.1,2026-06-29,2026-06-29 19:54:02.665208
800,2026-06,3,3,95.0,16494.6,34282.45,17787.85,534.4952631578947,UP,44.44,RETAIL,23.156105263157894,0.0,329.892,329.892,N,TXN_V2.1,2026-06-29,2026-06-29 19:54:02.665208
801,2026-06,2,2,78.0,6225.09,3188.1400000000003,-3036.95,120.6824358974359,DOWN,19.04,GROCERY,29.481923076923078,230.55,124.5018,355.0518,N,TXN_V2.1,2026-06-29,2026-06-29 19:54:02.665208
802,2026-06,3,3,140.0,27525.39,11938.73,-15586.66,281.8865714285714,DOWN,68.38,GROCERY,39.28228571428571,442.07,550.5078,992.5778,N,TXN_V2.1,2026-06-29,2026-06-29 19:54:02.665208
803,2026-06,3,3,144.0,7733.969999999999,17392.239999999998,9658.269999999999,174.48756944444443,UP,21.3,GROCERY,36.108125,285.47,154.6794,440.1494,N,TXN_V2.1,2026-06-29,2026-06-29 19:54:02.665208
804,2026-06,1,1,28.0,892.17,20516.13,19623.960000000003,764.5821428571428,UP,1.14,UTILITIES,46.43,27.29,17.8434,45.133399999999995,N,TXN_V2.1,2026-06-29,2026-06-29 19:54:02.665208
805,2026-06,1,1,54.0,4088.58,2407.16,-1681.42,120.29148148148148,DOWN,14.34,RESTAURANT,44.44,70.2,81.7716,151.97160000000002,N,TXN_V2.1,2026-06-29,2026-06-29 19:54:02.665208
806,2026-06,4,4,224.0,51746.18,30477.35,-21268.83,367.06933035714286,DOWN,94.9,INSURANCE,33.48084821428571,461.75,1034.9236,1496.6736,N,TXN_V2.1,2026-06-29,2026-06-29 19:54:02.665208
807,2026-06,3,3,151.0,27822.82,15009.43,-12813.39,283.6572847682119,DOWN,69.06,HEALTHCARE,40.399536423841056,315.63,556.4564,872.0864,N,TXN_V2.1,2026-06-29,2026-06-29 19:54:02.665208
808,2026-06,4,4,240.0,75365.87000000001,42328.47,-33037.40000000001,490.3930833333334,DOWN,99.58,RETAIL,36.668083333333335,769.89,1507.3174000000001,2277.2074000000002,N,TXN_V2.1,2026-06-29,2026-06-29 19:54:02.665208
809,2026-06,1,1,49.0,9533.3,9657.69,124.39000000000124,391.6528571428571,STABLE,24.98,RETAIL,38.78,32.71,190.666,223.376,N,TXN_V2.1,2026-06-29,2026-06-29 19:54:02.665208
810,2026-06,4,4,192.0,33399.18,16063.87,-17335.309999999998,257.62005208333335,DOWN,77.98,UTILITIES,39.06395833333334,552.79,667.9836,1220.7736,N,TXN_V2.1,2026-06-29,2026-06-29 19:54:02.665208
811,2026-06,2,2,80.0,13570.73,21482.52,7911.790000000001,438.165625,UP,36.0,GROCERY,39.996625,229.83,271.4146,501.2446,N,TXN_V2.1,2026-06-29,2026-06-29 19:54:02.665208
812,2026-06,2,2,126.0,17835.6,41941.85,24106.25,474.4242063492063,UP,47.34,TRAVEL,30.161428571428573,182.35000000000002,356.712,539.062,N,TXN_V2.1,2026-06-29,2026-06-29 19:54:02.665208
813,2026-06,4,4,178.0,22935.230000000003,17178.019999999997,-5757.210000000006,225.35533707865167,DOWN,59.1,TRAVEL,41.01252808988763,298.4,458.7046000000001,757.1046000000001,N,TXN_V2.1,2026-06-29,2026-06-29 19:54:02.665208
814,2026-06,3,2,143.0,26499.300000000003,31126.87,4627.569999999996,402.98020979020976,UP,66.3,RETAIL,39.16083916083916,284.36,529.9860000000001,814.3460000000001,N,TXN_V2.1,2026-06-29,2026-06-29 19:54:02.665208
815,2026-06,3,3,143.0,7037.96,36148.92,29110.96,302.00615384615384,UP,20.28,RESTAURANT,41.95895104895104,356.32,140.7592,497.0792,N,TXN_V2.1,2026-06-29,2026-06-29 19:54:02.665208
816,2026-06,1,1,53.0,12390.76,2115.75,-10275.01,273.70773584905663,DOWN,32.44,RETAIL,43.400000000000006,137.54,247.8152,385.35519999999997,N,TXN_V2.1,2026-06-29,2026-06-29 19:54:02.665208
817,2026-06,1,1,58.0,12548.18,1558.96,-10989.220000000001,243.22655172413792,DOWN,33.0,GROCERY,32.76,220.74,250.9636,471.70360000000005,N,TXN_V2.1,2026-06-29,2026-06-29 19:54:02.665208
818,2026-06,2,2,89.0,3841.02,16768.899999999998,12927.879999999997,231.57213483146066,UP,13.54,GROCERY,48.3170786516854,304.62,76.8204,381.4404,N,TXN_V2.1,2026-06-29,2026-06-29 19:54:02.665208
819,2026-06,2,2,75.0,14968.16,3111.29,-11856.869999999999,241.05933333333334,DOWN,40.3,GROCERY,30.666666666666664,143.32,299.3632,442.6832,N,TXN_V2.1,2026-06-29,2026-06-29 19:54:02.665208
820,2026-06,3,3,145.0,33844.08,28673.66,-5170.420000000002,431.15682758620693,DOWN,78.66,HEALTHCARE,39.99903448275862,191.9,676.8816,868.7816,N,TXN_V2.1,2026-06-29,2026-06-29 19:54:02.665208
821,2026-06,2,1,65.0,19358.300000000003,46726.86,27368.559999999998,1016.6947692307693,UP,51.0,UTILITIES,46.1563076923077,197.87,387.16600000000005,585.0360000000001,N,TXN_V2.1,2026-06-29,2026-06-29 19:54:02.665208
822,2026-06,2,2,96.0,12350.230000000001,28484.04,16133.81,425.3569791666667,UP,32.3,GROCERY,33.325833333333335,176.13,247.00460000000004,423.13460000000003,N,TXN_V2.1,2026-06-29,2026-06-29 19:54:02.665208
823,2026-06,4,4,165.0,82408.34,23588.530000000002,-58819.81,642.4052727272727,DOWN,99.84,RESTAURANT,40.61024242424243,181.75,1648.1668,1829.9168,N,TXN_V2.1,2026-06-29,2026-06-29 19:54:02.665208
824,2026-06,1,1,49.0,2423.45,42842.57,40419.12,923.7963265306122,UP,8.52,UTILITIES,32.66,130.78,48.468999999999994,179.249,N,TXN_V2.1,2026-06-29,2026-06-29 19:54:02.665208
825,2026-06,1,1,28.0,1402.11,1570.31,168.20000000000005,106.15785714285714,STABLE,3.16,GROCERY,46.43,157.53,28.042199999999998,185.5722,N,TXN_V2.1,2026-06-29,2026-06-29 19:54:02.665208
826,2026-06,2,2,94.0,7780.88,21416.32,13635.439999999999,310.6085106382979,UP,21.44,INSURANCE,44.67787234042554,84.39999999999999,155.6176,240.01760000000002,N,TXN_V2.1,2026-06-29,2026-06-29 19:54:02.665208
827,2026-06,4,3,171.0,46532.01,19080.5,-27451.510000000002,383.6988888888889,DOWN,91.82,RETAIL,38.01269005847953,477.76000000000005,930.6402,1408.4002,N,TXN_V2.1,2026-06-29,2026-06-29 19:54:02.665208
828,2026-06,1,0,19.0,1852.99,582.61,-1270.38,128.18947368421053,DOWN,5.68,RETAIL,36.84,17.98,37.0598,55.0398,N,TXN_V2.1,2026-06-29,2026-06-29 19:54:02.665208
829,2026-06,3,3,195.0,47006.26,22643.27,-24362.99,357.1770769230769,DOWN,92.06,RETAIL,36.921948717948716,518.77,940.1252000000001,1458.8952,N,TXN_V2.1,2026-06-29,2026-06-29 19:54:02.665208
830,2026-06,4,4,191.0,12986.73,16152.84,3166.1100000000006,152.56319371727747,UP,34.22,RETAIL,30.888376963350783,254.53,259.7346,514.2646,N,TXN_V2.1,2026-06-29,2026-06-29 19:54:02.665208
831,2026-06,3,3,175.0,38454.31,45813.22,7358.9100000000035,481.52874285714284,UP,84.88,UTILITIES,37.714285714285715,300.92,769.0862,1070.0062,N,TXN_V2.1,2026-06-29,2026-06-29 19:54:02.665208
832,2026-06,3,3,149.0,26600.269999999997,40260.16,13659.890000000007,448.7277181208053,UP,66.58,RETAIL,41.60617449664429,154.15,532.0053999999999,686.1553999999999,N,TXN_V2.1,2026-06-29,2026-06-29 19:54:02.665208
833,2026-06,1,1,37.0,11659.58,1485.23,-10174.35,355.2651351351351,DOWN,30.4,GAS_STATION,37.84,59.43,233.1916,292.6216,N,TXN_V2.1,2026-06-29,2026-06-29 19:54:02.665208
834,2026-06,1,0,21.0,1563.07,1537.14,-25.929999999999836,147.6290476190476,STABLE,3.96,UTILITIES,9.52,0.0,31.2614,31.2614,N,TXN_V2.1,2026-06-29,2026-06-29 19:54:02.665208
835,2026-06,2,2,52.0,23153.67,19828.980000000003,-3324.689999999995,826.5894230769231,STABLE,59.64,GROCERY,42.308269230769234,173.68,463.0734,636.7534,N,TXN_V2.1,2026-06-29,2026-06-29 19:54:02.665208
836,2026-06,4,4,208.0,41056.13,48594.08,7537.950000000004,431.01062499999995,UP,87.32,RESTAURANT,36.53788461538462,526.5699999999999,821.1225999999999,1347.6925999999999,N,TXN_V2.1,2026-06-29,2026-06-29 19:54:02.665208
837,2026-06,4,4,139.0,26597.510000000002,32785.659999999996,6188.149999999994,427.21705035971223,UP,66.56,RESTAURANT,38.130071942446044,412.49,531.9502,944.4402,N,TXN_V2.1,2026-06-29,2026-06-29 19:54:02.665208
838,2026-06,3,3,135.0,18809.239999999998,6039.03,-12770.21,184.06125925925923,DOWN,49.64,RETAIL,41.484,381.40999999999997,376.18479999999994,757.5947999999999,N,TXN_V2.1,2026-06-29,2026-06-29 19:54:02.665208
839,2026-06,3,3,126.0,13966.88,17336.66,3369.7800000000007,248.44079365079367,UP,37.12,TRAVEL,34.91809523809523,248.82,279.3376,528.1576,N,TXN_V2.1,2026-06-29,2026-06-29 19:54:02.665208
840,2026-06,3,3,111.0,25412.4,31743.5,6331.0999999999985,514.9180180180181,UP,64.12,TRAVEL,35.13657657657657,295.57,508.24800000000005,803.818,N,TXN_V2.1,2026-06-29,2026-06-29 19:54:02.665208
841,2026-06,1,1,25.0,21508.32,990.83,-20517.489999999998,899.966,DOWN,55.68,RETAIL,36.0,60.95,430.1664,491.1164,N,TXN_V2.1,2026-06-29,2026-06-29 19:54:02.665208
842,2026-06,3,3,107.0,21468.2,12121.08,-9347.12,313.9185046728972,DOWN,55.62,TRAVEL,35.51429906542056,135.55,429.36400000000003,564.914,N,TXN_V2.1,2026-06-29,2026-06-29 19:54:02.665208
843,2026-06,1,1,28.0,1084.62,2023.44,938.8200000000002,111.00214285714286,UP,1.84,GAS_STATION,14.280000000000001,111.28,21.6924,132.9724,N,TXN_V2.1,2026-06-29,2026-06-29 19:54:02.665208
844,2026-06,1,1,19.0,9507.61,642.17,-8865.44,534.198947368421,DOWN,24.88,RESTAURANT,42.1,0.0,190.15220000000002,190.15220000000002,N,TXN_V2.1,2026-06-29,2026-06-29 19:54:02.665208
845,2026-06,3,3,144.0,28277.46,6419.2,-21858.26,240.94902777777776,DOWN,69.88,RESTAURANT,31.255277777777774,429.4,565.5492,994.9492,N,TXN_V2.1,2026-06-29,2026-06-29 19:54:02.665208
846,2026-06,4,4,175.0,21662.52,46495.42,24832.899999999998,389.47394285714284,UP,56.08,TRAVEL,38.28594285714286,386.86,433.2504,820.1104,N,TXN_V2.1,2026-06-29,2026-06-29 19:54:02.665208
847,2026-06,2,2,79.0,29681.95,3367.17,-26314.78,418.34329113924053,DOWN,72.06,RESTAURANT,36.71303797468354,98.72,593.639,692.359,N,TXN_V2.1,2026-06-29,2026-06-29 19:54:02.665208
848,2026-06,2,1,94.0,38305.740000000005,2890.33,-35415.41,438.2560638297873,DOWN,84.62,UTILITIES,43.62127659574468,211.32999999999998,766.1148000000002,977.4448000000002,N,TXN_V2.1,2026-06-29,2026-06-29 19:54:02.665208
849,2026-06,2,2,59.0,22448.48,39343.37,16894.890000000003,1047.319491525424,UP,57.92,RESTAURANT,32.199322033898305,44.5,448.9696,493.4696,N,TXN_V2.1,2026-06-29,2026-06-29 19:54:02.665208
850,2026-06,3,3,180.0,46981.5,25860.010000000002,-21121.489999999998,404.6750555555556,DOWN,92.02,HEALTHCARE,42.77327777777778,362.43,939.63,1302.06,N,TXN_V2.1,2026-06-29,2026-06-29 19:54:02.665208
851,2026-06,1,1,44.0,7879.6,9211.95,1332.3500000000004,388.44431818181823,STABLE,21.66,GROCERY,34.09,72.69,157.592,230.282,N,TXN_V2.1,2026-06-29,2026-06-29 19:54:02.665208
852,2026-06,4,4,158.0,26525.18,15649.86,-10875.32,266.9306329113924,DOWN,66.4,RETAIL,38.60943037974683,316.75,530.5036,847.2536,N,TXN_V2.1,2026-06-29,2026-06-29 19:54:02.665208
853,2026-06,1,1,47.0,4290.74,21941.77,17651.03,558.1385106382979,UP,14.96,RESTAURANT,25.529999999999998,133.93,85.81479999999999,219.7448,N,TXN_V2.1,2026-06-29,2026-06-29 19:54:02.665208
854,2026-06,4,3,156.0,21385.29,22813.29,1428.0,283.3242307692308,UP,55.48,RETAIL,41.66230769230769,219.35,427.7058,647.0558,N,TXN_V2.1,2026-06-29,2026-06-29 19:54:02.665208
855,2026-06,2,1,83.0,6354.3,2020.76,-4333.54,100.90433734939758,DOWN,19.3,RETAIL,33.7344578313253,271.41,127.08600000000001,398.49600000000004,N,TXN_V2.1,2026-06-29,2026-06-29 19:54:02.665208
856,2026-06,1,1,36.0,13981.63,20214.73,6233.1,949.8988888888889,UP,37.16,GROCERY,36.11000000000001,156.56,279.63259999999997,436.19259999999997,N,TXN_V2.1,2026-06-29,2026-06-29 19:54:02.665208
857,2026-06,2,2,116.0,23938.42,66325.79,42387.369999999995,778.1397413793103,UP,61.28,UTILITIES,32.762672413793105,323.1,478.7684,801.8684000000001,N,TXN_V2.1,2026-06-29,2026-06-29 19:54:02.665208
858,2026-06,1,1,59.0,4583.48,18063.15,13479.670000000002,383.841186440678,UP,15.6,GAS_STATION,40.67,236.36,91.66959999999999,328.0296,N,TXN_V2.1,2026-06-29,2026-06-29 19:54:02.665208
859,2026-06,2,2,121.0,18012.350000000002,16606.02,-1406.3300000000017,286.1022314049587,STABLE,47.84,GROCERY,41.32545454545454,381.39,360.24700000000007,741.6370000000001,N,TXN_V2.1,2026-06-29,2026-06-29 19:54:02.665208
860,2026-06,3,3,168.0,29337.440000000002,26527.86,-2809.5800000000017,332.5315476190476,DOWN,71.56,UTILITIES,33.33214285714286,274.1,586.7488000000001,860.8488000000001,N,TXN_V2.1,2026-06-29,2026-06-29 19:54:02.665208
861,2026-06,4,4,147.0,28495.27,36964.64,8469.369999999999,445.30551020408166,UP,70.22,RESTAURANT,31.972925170068024,384.48,569.9054,954.3854,N,TXN_V2.1,2026-06-29,2026-06-29 19:54:02.665208
862,2026-06,4,4,158.0,28206.57,30267.83,2061.260000000002,370.0911392405063,UP,69.76,RETAIL,38.60993670886076,328.14,564.1314,892.2714,N,TXN_V2.1,2026-06-29,2026-06-29 19:54:02.665208
863,2026-06,3,2,100.0,23837.52,8814.63,-15022.890000000001,326.5215,DOWN,61.04,TRAVEL,46.001599999999996,96.73,476.7504,573.4804,N,TXN_V2.1,2026-06-29,2026-06-29 19:54:02.665208
864,2026-06,3,3,145.0,18575.63,13489.37,-5086.26,221.13793103448276,DOWN,49.14,UTILITIES,38.61779310344828,291.8,371.5126,663.3126,N,TXN_V2.1,2026-06-29,2026-06-29 19:54:02.665208
865,2026-06,4,4,215.0,47876.19,74269.54000000001,26393.350000000006,568.1196744186047,UP,92.8,TRAVEL,38.138744186046516,651.62,957.5238,1609.1438,N,TXN_V2.1,2026-06-29,2026-06-29 19:54:02.665208
866,2026-06,2,2,93.0,21575.11,11396.39,-10178.720000000001,354.53225806451616,DOWN,55.84,GAS_STATION,38.70795698924731,256.40999999999997,431.5022,687.9122,N,TXN_V2.1,2026-06-29,2026-06-29 19:54:02.665208
867,2026-06,3,2,118.0,40134.85,6192.39,-33942.46,392.6037288135593,DOWN,86.52,TRAVEL,35.59415254237288,205.70999999999998,802.697,1008.4069999999999,N,TXN_V2.1,2026-06-29,2026-06-29 19:54:02.665208
868,2026-06,2,1,47.0,4326.61,1658.35,-2668.2599999999998,127.33957446808509,DOWN,15.06,GROCERY,40.42851063829787,150.88,86.53219999999999,237.41219999999998,N,TXN_V2.1,2026-06-29,2026-06-29 19:54:02.665208
869,2026-06,2,2,101.0,26075.339999999997,4180.13,-21895.209999999995,299.55910891089104,DOWN,65.46,GROCERY,31.687623762376234,138.56,521.5067999999999,660.0667999999998,N,TXN_V2.1,2026-06-29,2026-06-29 19:54:02.665208
870,2026-06,4,4,155.0,38006.82,17499.7,-20507.12,358.10658064516133,DOWN,84.36,UTILITIES,40.646258064516125,351.17,760.1364,1111.3064,N,TXN_V2.1,2026-06-29,2026-06-29 19:54:02.665208
871,2026-06,1,1,65.0,14258.3,11686.91,-2571.3899999999994,399.1570769230769,DOWN,38.04,RESTAURANT,38.46000000000001,94.61,285.166,379.776,N,TXN_V2.1,2026-06-29,2026-06-29 19:54:02.665208
872,2026-06,2,2,79.0,3724.31,10811.720000000001,7087.410000000002,184.00037974683545,UP,13.14,UTILITIES,32.913544303797465,430.28999999999996,74.4862,504.77619999999996,N,TXN_V2.1,2026-06-29,2026-06-29 19:54:02.665208
873,2026-06,2,2,51.0,10860.630000000001,1592.19,-9268.44,244.17294117647063,DOWN,28.4,RETAIL,43.13803921568628,0.0,217.21260000000004,217.21260000000004,N,TXN_V2.1,2026-06-29,2026-06-29 19:54:02.665208
874,2026-06,3,3,135.0,32135.369999999995,17434.95,-14700.419999999995,367.1875555555555,DOWN,75.96,RESTAURANT,35.55392592592593,238.15,642.7073999999999,880.8573999999999,N,TXN_V2.1,2026-06-29,2026-06-29 19:54:02.665208
875,2026-06,1,1,72.0,12074.87,18479.32,6404.449999999999,424.36375000000004,UP,31.52,RESTAURANT,34.72,193.09,241.49740000000003,434.5874,N,TXN_V2.1,2026-06-29,2026-06-29 19:54:02.665208
876,2026-06,2,1,99.0,6189.14,14679.23,8490.09,210.79161616161616,UP,18.98,GROCERY,32.32,152.6,123.78280000000001,276.3828,N,TXN_V2.1,2026-06-29,2026-06-29 19:54:02.665208
877,2026-06,2,1,84.0,13316.019999999999,9232.49,-4083.529999999999,268.4346428571428,DOWN,35.24,TRAVEL,32.140952380952385,235.31,266.32039999999995,501.63039999999995,N,TXN_V2.1,2026-06-29,2026-06-29 19:54:02.665208
878,2026-06,2,2,94.0,5471.71,36258.12,30786.410000000003,443.93436170212766,UP,17.28,UTILITIES,30.847234042553197,116.62,109.4342,226.0542,N,TXN_V2.1,2026-06-29,2026-06-29 19:54:02.665208
879,2026-06,1,1,24.0,1732.05,680.37,-1051.6799999999998,100.5175,DOWN,4.86,ENTERTAINMENT,20.840000000000003,14.9,34.641,49.541,N,TXN_V2.1,2026-06-29,2026-06-29 19:54:02.665208
880,2026-06,3,3,172.0,34056.11,28135.05,-5921.060000000001,361.576511627907,DOWN,78.94,TRAVEL,32.55912790697674,336.62,681.1222,1017.7422,N,TXN_V2.1,2026-06-29,2026-06-29 19:54:02.665208
881,2026-06,3,2,88.0,4639.92,15060.56,10420.64,223.86909090909091,UP,15.7,HEALTHCARE,44.31863636363636,273.78999999999996,92.7984,366.5884,N,TXN_V2.1,2026-06-29,2026-06-29 19:54:02.665208
882,2026-06,2,2,130.0,32946.7,18497.95,-14448.749999999996,395.72807692307686,DOWN,77.22,TRAVEL,43.07653846153846,292.5,658.934,951.434,N,TXN_V2.1,2026-06-29,2026-06-29 19:54:02.665208
883,2026-06,3,3,163.0,35952.44,24900.090000000004,-11052.349999999999,373.3284049079755,DOWN,81.34,HEALTHCARE,40.491901840490804,429.68,719.0488,1148.7288,N,TXN_V2.1,2026-06-29,2026-06-29 19:54:02.665208
884,2026-06,4,4,127.0,9586.77,33960.799999999996,24374.029999999995,342.89425196850385,UP,25.1,UTILITIES,39.369133858267716,406.15999999999997,191.73540000000003,597.8954,N,TXN_V2.1,2026-06-29,2026-06-29 19:54:02.665208
885,2026-06,3,3,145.0,19716.010000000002,13779.86,-5936.1500000000015,231.00600000000003,DOWN,51.62,RESTAURANT,35.868,324.66999999999996,394.32020000000006,718.9902,N,TXN_V2.1,2026-06-29,2026-06-29 19:54:02.665208
886,2026-06,3,3,182.0,22294.63,15966.71,-6327.920000000002,210.22714285714284,DOWN,57.58,PAWN_SHOP,40.10868131868131,463.6,445.8926,909.4926,N,TXN_V2.1,2026-06-29,2026-06-29 19:54:02.665208
887,2026-06,4,4,163.0,20136.41,19514.85,-621.5600000000013,243.25926380368094,STABLE,52.5,UTILITIES,38.03687116564417,263.7,402.7282,666.4282000000001,N,TXN_V2.1,2026-06-29,2026-06-29 19:54:02.665208
888,2026-06,4,4,219.0,50888.22,47490.34,-3397.8800000000047,449.2171689497717,DOWN,94.62,RETAIL,34.24474885844749,473.58,1017.7644,1491.3444,N,TXN_V2.1,2026-06-29,2026-06-29 19:54:02.665208
889,2026-06,2,2,91.0,23445.52,17082.99,-6362.529999999999,445.36824175824177,DOWN,60.24,TRAVEL,30.776373626373626,174.26,468.91040000000004,643.1704,N,TXN_V2.1,2026-06-29,2026-06-29 19:54:02.665208
890,2026-06,1,1,36.0,1593.06,1262.67,-330.3899999999999,79.32583333333334,STABLE,4.16,RESTAURANT,36.11000000000001,221.04,31.8612,252.9012,N,TXN_V2.1,2026-06-29,2026-06-29 19:54:02.665208
891,2026-06,1,1,31.0,1540.32,965.53,-574.79,80.83387096774193,DOWN,3.82,GROCERY,41.92999999999999,91.81,30.8064,122.6164,N,TXN_V2.1,2026-06-29,2026-06-29 19:54:02.665208
892,2026-06,2,2,95.0,24972.9,5002.37,-19970.530000000002,315.52915789473684,DOWN,63.42,RESTAURANT,44.21157894736842,444.69000000000005,499.458,944.1480000000001,N,TXN_V2.1,2026-06-29,2026-06-29 19:54:02.665208
893,2026-06,4,4,159.0,27773.86,12666.03,-15107.83,254.33893081761005,DOWN,68.98,RESTAURANT,36.477987421383645,335.6,555.4772,891.0772000000001,N,TXN_V2.1,2026-06-29,2026-06-29 19:54:02.665208
894,2026-06,3,3,154.0,35339.58,16105.400000000001,-19234.18,334.05831168831173,DOWN,80.46,TRAVEL,36.368311688311685,409.59,706.7916,1116.3816,N,TXN_V2.1,2026-06-29,2026-06-29 19:54:02.665208
895,2026-06,2,2,87.0,21534.43,27383.48,5849.049999999999,562.2748275862069,UP,55.7,HEALTHCARE,33.33,357.57,430.6886,788.2586,N,TXN_V2.1,2026-06-29,2026-06-29 19:54:02.665208
896,2026-06,3,3,133.0,30387.649999999998,16698.97,-13688.679999999997,354.03473684210525,DOWN,73.18,RETAIL,39.097819548872174,340.84000000000003,607.7529999999999,948.593,N,TXN_V2.1,2026-06-29,2026-06-29 19:54:02.665208
897,2026-06,4,3,199.0,20707.98,35724.31,15016.329999999998,283.57934673366833,UP,53.64,RETAIL,41.71095477386935,557.68,414.1596,971.8396,N,TXN_V2.1,2026-06-29,2026-06-29 19:54:02.665208
898,2026-06,2,2,61.0,10090.150000000001,5445.38,-4644.770000000001,254.68081967213118,DOWN,26.34,RESTAURANT,44.26114754098361,92.94,201.80300000000003,294.74300000000005,N,TXN_V2.1,2026-06-29,2026-06-29 19:54:02.665208
899,2026-06,1,1,55.0,18866.44,1608.61,-17257.829999999998,372.27363636363634,DOWN,49.76,GROCERY,38.18,69.42,377.3288,446.7488,N,TXN_V2.1,2026-06-29,2026-06-29 19:54:02.665208
900,2026-06,3,3,167.0,34839.19,46682.73,11843.54,488.1552095808384,UP,79.94,TRAVEL,36.53185628742514,370.87,696.7838,1067.6538,N,TXN_V2.1,2026-06-29,2026-06-29 19:54:02.665208
901,2026-06,3,3,178.0,11733.900000000001,38174.11,26440.21,280.3820786516854,UP,30.68,HEALTHCARE,34.268146067415735,465.55,234.67800000000003,700.2280000000001,N,TXN_V2.1,2026-06-29,2026-06-29 19:54:02.665208
902,2026-06,1,1,41.0,2742.35,21102.42,18360.07,581.5797560975609,UP,9.92,RETAIL,39.03,17.08,54.847,71.92699999999999,N,TXN_V2.1,2026-06-29,2026-06-29 19:54:02.665208
903,2026-06,1,0,18.0,1837.16,475.71,-1361.45,128.49277777777777,DOWN,5.5,ENTERTAINMENT,27.779999999999998,25.03,36.7432,61.7732,N,TXN_V2.1,2026-06-29,2026-06-29 19:54:02.665208
904,2026-06,2,2,126.0,25680.77,34425.33,8744.560000000001,477.0325396825397,UP,64.72,RESTAURANT,42.059999999999995,224.88,513.6154,738.4954,N,TXN_V2.1,2026-06-29,2026-06-29 19:54:02.665208
905,2026-06,1,1,49.0,3680.97,12619.66,8938.69,332.66591836734693,UP,12.98,GAS_STATION,42.86,136.83,73.6194,210.44940000000003,N,TXN_V2.1,2026-06-29,2026-06-29 19:54:02.665208
906,2026-06,3,3,132.0,59881.840000000004,16411.61,-43470.23,577.9806818181819,DOWN,97.58,TRAVEL,40.903636363636366,214.09,1197.6368,1411.7268,N,TXN_V2.1,2026-06-29,2026-06-29 19:54:02.665208
907,2026-06,1,1,46.0,2292.57,23837.02,21544.45,568.0345652173913,UP,7.86,GROCERY,45.650000000000006,31.98,45.851400000000005,77.8314,N,TXN_V2.1,2026-06-29,2026-06-29 19:54:02.665208
908,2026-06,1,1,42.0,11342.23,15851.73,4509.5,647.4752380952381,UP,29.56,RETAIL,35.72,93.2,226.84459999999999,320.0446,N,TXN_V2.1,2026-06-29,2026-06-29 19:54:02.665208
909,2026-06,2,2,105.0,29606.559999999998,15708.83,-13897.729999999998,431.57514285714285,DOWN,72.02,TRAVEL,33.327333333333335,171.39999999999998,592.1311999999999,763.5311999999999,N,TXN_V2.1,2026-06-29,2026-06-29 19:54:02.665208
910,2026-06,4,4,221.0,52995.44,15737.05,-37258.39,311.006742081448,DOWN,95.48,TRAVEL,40.72434389140271,568.61,1059.9088000000002,1628.5188000000003,N,TXN_V2.1,2026-06-29,2026-06-29 19:54:02.665208
911,2026-06,1,1,17.0,733.31,1362.36,629.05,123.27470588235295,UP,0.56,GROCERY,29.409999999999993,0.0,14.6662,14.6662,N,TXN_V2.1,2026-06-29,2026-06-29 19:54:02.665208
912,2026-06,3,3,123.0,38777.76,4094.49,-34683.270000000004,348.5548780487805,DOWN,85.14,GROCERY,39.02357723577236,193.48000000000002,775.5552,969.0352,N,TXN_V2.1,2026-06-29,2026-06-29 19:54:02.665208
913,2026-06,2,2,90.0,14328.19,13394.07,-934.1200000000008,308.02511111111113,STABLE,38.32,RETAIL,30.0,222.78,286.5638,509.3438,N,TXN_V2.1,2026-06-29,2026-06-29 19:54:02.665208
914,2026-06,1,1,43.0,8013.73,3954.21,-4059.5199999999995,278.3241860465116,DOWN,21.94,CRYPTO_EXCHANGE,39.540000000000006,82.08,160.2746,242.3546,N,TXN_V2.1,2026-06-29,2026-06-29 19:54:02.665208
915,2026-06,2,2,128.0,8626.62,6670.78,-1955.840000000001,119.51093750000001,DOWN,22.94,HEALTHCARE,39.84578125,224.45999999999998,172.53240000000002,396.9924,N,TXN_V2.1,2026-06-29,2026-06-29 19:54:02.665208
916,2026-06,3,3,129.0,19093.23,32407.52,13314.29,399.23062015503876,UP,50.34,TRAVEL,44.183798449612404,405.4,381.8646,787.2646,N,TXN_V2.1,2026-06-29,2026-06-29 19:54:02.665208
917,2026-06,2,2,77.0,20155.92,4304.13,-15851.789999999997,317.662987012987,DOWN,52.52,RETAIL,29.874285714285715,104.12,403.11839999999995,507.23839999999996,N,TXN_V2.1,2026-06-29,2026-06-29 19:54:02.665208
918,2026-06,1,1,48.0,14502.5,9009.39,-5493.110000000001,489.83104166666664,DOWN,38.8,GROCERY,35.40999999999999,163.05,290.05,453.1,N,TXN_V2.1,2026-06-29,2026-06-29 19:54:02.665208
919,2026-06,3,3,118.0,7071.280000000001,15341.980000000001,8270.7,189.94288135593223,UP,20.38,RESTAURANT,33.90313559322034,336.9,141.4256,478.3256,N,TXN_V2.1,2026-06-29,2026-06-29 19:54:02.665208
920,2026-06,3,3,171.0,30606.54,40003.770000000004,9397.230000000003,412.9257894736842,UP,73.62,TRAVEL,33.915906432748535,429.31,612.1308,1041.4408,N,TXN_V2.1,2026-06-29,2026-06-29 19:54:02.665208
921,2026-06,1,1,35.0,1740.76,20515.66,18774.9,635.8977142857142,UP,4.9,GAS_STATION,42.85,0.0,34.8152,34.8152,N,TXN_V2.1,2026-06-29,2026-06-29 19:54:02.665208
922,2026-06,3,3,181.0,66430.51,6739.49,-59691.02,404.25414364640886,DOWN,98.88,UTILITIES,46.96348066298342,275.69,1328.6101999999998,1604.3002,N,TXN_V2.1,2026-06-29,2026-06-29 19:54:02.665208
923,2026-06,1,1,68.0,15343.84,1390.42,-13953.42,246.09205882352944,DOWN,41.36,ENTERTAINMENT,42.65,100.24,306.8768,407.1168,N,TXN_V2.1,2026-06-29,2026-06-29 19:54:02.665208
924,2026-06,4,4,218.0,73749.28,40585.71,-33163.57,524.4724311926605,DOWN,99.54,TRAVEL,38.99100917431193,368.0,1474.9856,1842.9856,N,TXN_V2.1,2026-06-29,2026-06-29 19:54:02.665208
925,2026-06,4,4,188.0,51453.15,24950.0,-26503.15,406.3997340425532,DOWN,94.8,UTILITIES,39.36281914893618,240.5,1029.063,1269.563,N,TXN_V2.1,2026-06-29,2026-06-29 19:54:02.665208
926,2026-06,3,3,148.0,17043.61,7721.16,-9322.45,167.32952702702704,DOWN,45.38,TRAVEL,40.54033783783784,205.39999999999998,340.8722,546.2722,N,TXN_V2.1,2026-06-29,2026-06-29 19:54:02.665208
927,2026-06,1,1,15.0,8502.66,1924.91,-6577.75,695.1713333333333,DOWN,22.68,GROCERY,46.66,0.0,170.0532,170.0532,N,TXN_V2.1,2026-06-29,2026-06-29 19:54:02.665208
928,2026-06,1,1,30.0,10736.97,7294.81,-3442.159999999999,601.0593333333333,DOWN,28.06,GROCERY,36.67,160.26,214.7394,374.9994,N,TXN_V2.1,2026-06-29,2026-06-29 19:54:02.665208
929,2026-06,3,3,111.0,39274.020000000004,4420.58,-34853.44,393.6450450450451,DOWN,85.62,GROCERY,37.83432432432433,392.19,785.4804000000001,1177.6704000000002,N,TXN_V2.1,2026-06-29,2026-06-29 19:54:02.665208
930,2026-06,3,3,168.0,61275.35,27242.11,-34033.24,526.8896428571428,DOWN,97.92,RESTAURANT,36.9045238095238,357.78999999999996,1225.507,1583.297,N,TXN_V2.1,2026-06-29,2026-06-29 19:54:02.665208
931,2026-06,3,3,98.0,6633.41,18156.08,11522.670000000002,252.95397959183674,UP,19.72,HEALTHCARE,37.75551020408163,183.38,132.6682,316.0482,N,TXN_V2.1,2026-06-29,2026-06-29 19:54:02.665208
932,2026-06,4,4,141.0,14888.16,31629.75,16741.59,329.91425531914894,UP,40.16,UTILITIES,35.46099290780142,208.28,297.7632,506.04319999999996,N,TXN_V2.1,2026-06-29,2026-06-29 19:54:02.665208
933,2026-06,1,1,29.0,2536.34,10128.53,7592.1900000000005,436.7196551724138,UP,9.12,RESTAURANT,37.93,100.82,50.726800000000004,151.5468,N,TXN_V2.1,2026-06-29,2026-06-29 19:54:02.665208
934,2026-06,2,2,80.0,22332.339999999997,12468.619999999999,-9863.719999999998,435.0119999999999,DOWN,57.62,GROCERY,43.74775000000001,241.82,446.6467999999999,688.4667999999999,N,TXN_V2.1,2026-06-29,2026-06-29 19:54:02.665208
935,2026-06,2,2,94.0,22607.43,5835.0,-16772.43,302.57904255319147,DOWN,58.34,TRAVEL,40.42446808510638,269.2,452.1486,721.3486,N,TXN_V2.1,2026-06-29,2026-06-29 19:54:02.665208
936,2026-06,3,3,140.0,38373.259999999995,6622.23,-31751.029999999995,321.3963571428571,DOWN,84.76,GROCERY,35.71621428571428,334.61,767.4651999999999,1102.0751999999998,N,TXN_V2.1,2026-06-29,2026-06-29 19:54:02.665208
937,2026-06,3,3,173.0,53349.28,36822.8,-16526.479999999996,521.2258959537572,DOWN,95.62,GROCERY,37.573757225433525,325.0,1066.9856,1391.9856,N,TXN_V2.1,2026-06-29,2026-06-29 19:54:02.665208
938,2026-06,1,1,70.0,13053.85,2594.31,-10459.54,223.54514285714285,DOWN,34.5,INSURANCE,40.0,157.25,261.077,418.327,N,TXN_V2.1,2026-06-29,2026-06-29 19:54:02.665208
939,2026-06,1,1,75.0,13070.75,7650.98,-5419.77,276.28973333333334,DOWN,34.56,UTILITIES,32.0,181.18,261.415,442.595,N,TXN_V2.1,2026-06-29,2026-06-29 19:54:02.665208
940,2026-06,1,1,56.0,3755.8,9285.14,5529.339999999999,232.87392857142854,UP,13.24,GROCERY,46.43,80.0,75.116,155.11599999999999,N,TXN_V2.1,2026-06-29,2026-06-29 19:54:02.665208
941,2026-06,3,3,126.0,16734.32,7242.62,-9491.7,190.2931746031746,DOWN,44.86,RETAIL,39.68063492063492,249.16000000000003,334.6864,583.8464,N,TXN_V2.1,2026-06-29,2026-06-29 19:54:02.665208
942,2026-06,2,2,64.0,3340.59,10308.65,6968.0599999999995,213.269375,UP,12.12,RETAIL,32.81390625,158.2,66.8118,225.0118,N,TXN_V2.1,2026-06-29,2026-06-29 19:54:02.665208
943,2026-06,3,3,72.0,12671.9,24383.42,11711.519999999999,514.6572222222222,UP,33.34,UTILITIES,36.11208333333333,269.51,253.438,522.948,N,TXN_V2.1,2026-06-29,2026-06-29 19:54:02.665208
944,2026-06,3,3,163.0,30065.66,49197.259999999995,19131.599999999995,486.2755828220859,UP,72.72,GROCERY,31.28717791411043,324.24,601.3132,925.5532000000001,N,TXN_V2.1,2026-06-29,2026-06-29 19:54:02.665208
945,2026-06,2,2,100.0,24566.39,13166.67,-11399.72,377.3306,DOWN,62.68,WIRE_TRANSFER_INTL,37.0019,209.01999999999998,491.3278,700.3478,N,TXN_V2.1,2026-06-29,2026-06-29 19:54:02.665208
946,2026-06,3,3,94.0,5553.48,13448.91,7895.43,202.15308510638297,UP,17.5,RETAIL,37.23510638297872,193.37,111.0696,304.4396,N,TXN_V2.1,2026-06-29,2026-06-29 19:54:02.665208
947,2026-06,4,3,146.0,10788.42,24791.19,14002.769999999999,243.6959589041096,UP,28.24,RETAIL,38.355410958904116,263.40999999999997,215.7684,479.1784,N,TXN_V2.1,2026-06-29,2026-06-29 19:54:02.665208
948,2026-06,3,2,122.0,48608.619999999995,19367.190000000002,-29241.429999999993,557.1787704918032,DOWN,93.26,INSURANCE,35.24983606557377,384.31000000000006,972.1723999999999,1356.4823999999999,N,TXN_V2.1,2026-06-29,2026-06-29 19:54:02.665208
949,2026-06,1,1,33.0,19979.89,699.83,-19280.059999999998,626.6581818181819,DOWN,52.16,RESTAURANT,18.18,91.93,399.5978,491.5278,N,TXN_V2.1,2026-06-29,2026-06-29 19:54:02.665208
950,2026-06,1,1,73.0,3743.9,44289.98,40546.08,657.9983561643836,UP,13.2,UTILITIES,35.620000000000005,254.05,74.878,328.928,N,TXN_V2.1,2026-06-29,2026-06-29 19:54:02.665208
951,2026-06,2,2,113.0,43269.28,17930.98,-25338.3,541.595221238938,DOWN,89.16,UTILITIES,31.85743362831859,385.21000000000004,865.3856,1250.5956,N,TXN_V2.1,2026-06-29,2026-06-29 19:54:02.665208
952,2026-06,2,2,105.0,14485.029999999999,33058.46,18573.43,452.7951428571428,UP,38.72,GROCERY,42.857142857142854,188.43,289.7006,478.1306,N,TXN_V2.1,2026-06-29,2026-06-29 19:54:02.665208
953,2026-06,2,2,39.0,18095.68,7156.17,-10939.51,647.4833333333333,DOWN,48.06,GROCERY,43.590769230769226,129.31,361.91360000000003,491.22360000000003,N,TXN_V2.1,2026-06-29,2026-06-29 19:54:02.665208
954,2026-06,4,4,176.0,35540.83,24901.6,-10639.230000000003,343.42289772727275,DOWN,80.7,RETAIL,41.47937499999999,441.52,710.8166,1152.3366,N,TXN_V2.1,2026-06-29,2026-06-29 19:54:02.665208
955,2026-06,2,2,46.0,12449.119999999999,2145.98,-10303.14,317.2847826086956,DOWN,32.56,INSURANCE,30.441304347826087,13.96,248.98239999999998,262.94239999999996,N,TXN_V2.1,2026-06-29,2026-06-29 19:54:02.665208
956,2026-06,1,1,66.0,4823.45,23168.19,18344.739999999998,424.1157575757576,UP,16.12,GROCERY,30.3,154.52,96.469,250.989,N,TXN_V2.1,2026-06-29,2026-06-29 19:54:02.665208
957,2026-06,2,2,88.0,4092.0599999999995,12127.97,8035.91,184.31852272727272,UP,14.36,RESTAURANT,40.913409090909084,346.46999999999997,81.84119999999999,428.3112,N,TXN_V2.1,2026-06-29,2026-06-29 19:54:02.665208
958,2026-06,1,1,29.0,2169.68,1163.56,-1006.1199999999999,114.93931034482758,DOWN,7.26,GROCERY,51.73000000000001,0.0,43.3936,43.3936,N,TXN_V2.1,2026-06-29,2026-06-29 19:54:02.665208
959,2026-06,4,4,190.0,34847.29,15294.98,-19552.31,263.90668421052635,DOWN,79.96,RETAIL,40.528263157894735,423.72,696.9458000000001,1120.6658000000002,N,TXN_V2.1,2026-06-29,2026-06-29 19:54:02.665208
960,2026-06,1,0,20.0,1322.64,501.81,-820.8300000000002,91.2225,DOWN,2.88,INSURANCE,30.0,0.0,26.452800000000003,26.452800000000003,N,TXN_V2.1,2026-06-29,2026-06-29 19:54:02.665208
961,2026-06,1,1,52.0,10526.32,9429.89,-1096.4300000000003,383.7732692307692,STABLE,27.48,HEALTHCARE,34.61,99.81,210.5264,310.3364,N,TXN_V2.1,2026-06-29,2026-06-29 19:54:02.665208
962,2026-06,4,4,153.0,49660.32,17494.84,-32165.48,438.92261437908496,DOWN,94.06,RETAIL,33.33071895424837,314.25,993.2064,1307.4564,N,TXN_V2.1,2026-06-29,2026-06-29 19:54:02.665208
963,2026-06,3,3,136.0,36669.87,6201.5,-30468.370000000003,315.2306617647059,DOWN,82.32,HEALTHCARE,39.70308823529411,310.68,733.3974000000001,1044.0774000000001,N,TXN_V2.1,2026-06-29,2026-06-29 19:54:02.665208
964,2026-06,3,3,84.0,18924.35,50143.52,31219.17,822.2365476190475,UP,49.92,TRAVEL,39.28523809523809,128.56,378.48699999999997,507.04699999999997,N,TXN_V2.1,2026-06-29,2026-06-29 19:54:02.665208
965,2026-06,4,4,146.0,22495.629999999997,5977.17,-16518.46,195.01917808219176,DOWN,58.02,RETAIL,43.837397260273974,424.49,449.91259999999994,874.4025999999999,N,TXN_V2.1,2026-06-29,2026-06-29 19:54:02.665208
966,2026-06,1,1,70.0,11765.3,21230.27,9464.970000000001,471.36528571428573,UP,30.76,RETAIL,37.15,154.97,235.30599999999998,390.27599999999995,N,TXN_V2.1,2026-06-29,2026-06-29 19:54:02.665208
967,2026-06,4,2,180.0,49113.509999999995,29739.260000000002,-19374.249999999993,438.07094444444436,DOWN,93.64,TRAVEL,41.66366666666667,451.73,982.2701999999999,1434.0002,N,TXN_V2.1,2026-06-29,2026-06-29 19:54:02.665208
968,2026-06,2,2,96.0,19321.809999999998,14274.35,-5047.459999999997,349.96,DOWN,50.9,TRAVEL,42.70875,169.82999999999998,386.4362,556.2662,N,TXN_V2.1,2026-06-29,2026-06-29 19:54:02.665208
969,2026-06,3,3,79.0,11730.07,11499.76,-230.3099999999995,294.04848101265827,STABLE,30.62,TRAVEL,32.91088607594937,176.07,234.6014,410.6714,N,TXN_V2.1,2026-06-29,2026-06-29 19:54:02.665208
970,2026-06,3,3,159.0,21184.93,15239.720000000001,-5945.209999999999,229.0858490566038,DOWN,55.08,HEALTHCARE,40.88150943396226,458.90000000000003,423.6986,882.5986,N,TXN_V2.1,2026-06-29,2026-06-29 19:54:02.665208
971,2026-06,4,4,224.0,24661.58,29943.77,5282.189999999999,243.77388392857145,UP,62.88,HEALTHCARE,41.06892857142858,511.14,493.23160000000007,1004.3716000000001,N,TXN_V2.1,2026-06-29,2026-06-29 19:54:02.665208
972,2026-06,1,1,27.0,965.07,7961.8,6996.7300000000005,330.62481481481484,UP,1.38,RETAIL,44.45,98.72,19.3014,118.0214,N,TXN_V2.1,2026-06-29,2026-06-29 19:54:02.665208
973,2026-06,1,1,24.0,11125.82,815.17,-10310.65,497.54125,DOWN,28.98,GAS_STATION,25.0,44.85,222.5164,267.3664,N,TXN_V2.1,2026-06-29,2026-06-29 19:54:02.665208
974,2026-06,4,4,190.0,37785.49,46212.61,8427.120000000003,442.09526315789475,UP,84.0,RETAIL,37.364631578947375,205.49,755.7098,961.1998,N,TXN_V2.1,2026-06-29,2026-06-29 19:54:02.665208
975,2026-06,2,2,53.0,4577.360000000001,2146.62,-2430.7400000000007,126.86754716981133,DOWN,15.58,TRAVEL,33.96415094339622,103.41,91.54720000000002,194.9572,N,TXN_V2.1,2026-06-29,2026-06-29 19:54:02.665208
976,2026-06,2,2,120.0,24305.83,21528.91,-2776.920000000002,381.9561666666667,DOWN,62.08,GROCERY,37.499,346.96999999999997,486.11660000000006,833.0866000000001,N,TXN_V2.1,2026-06-29,2026-06-29 19:54:02.665208
977,2026-06,3,3,171.0,57598.66,27999.6,-29599.060000000005,500.574619883041,DOWN,96.92,UTILITIES,39.178421052631585,279.81,1151.9732000000001,1431.7832,N,TXN_V2.1,2026-06-29,2026-06-29 19:54:02.665208
978,2026-06,4,4,181.0,9094.23,31710.22,22615.99,225.43895027624308,UP,24.02,TRAVEL,35.909723756906075,482.67999999999995,181.8846,664.5645999999999,N,TXN_V2.1,2026-06-29,2026-06-29 19:54:02.665208
979,2026-06,4,4,186.0,27226.239999999998,37631.75,10405.510000000002,348.6988709677419,UP,67.8,TRAVEL,40.32059139784946,421.95,544.5247999999999,966.4748,N,TXN_V2.1,2026-06-29,2026-06-29 19:54:02.665208
980,2026-06,1,0,27.0,1967.19,1418.0,-549.19,125.3774074074074,STABLE,6.14,RETAIL,48.15000000000001,20.2,39.3438,59.543800000000005,N,TXN_V2.1,2026-06-29,2026-06-29 19:54:02.665208
981,2026-06,3,2,141.0,14997.49,23702.559999999998,8705.069999999998,274.46843971631205,UP,40.38,RESTAURANT,46.807801418439716,317.62,299.9498,617.5698,N,TXN_V2.1,2026-06-29,2026-06-29 19:54:02.665208
982,2026-06,3,2,119.0,41396.89,34434.119999999995,-6962.770000000004,637.2353781512604,DOWN,87.46,GROCERY,40.33546218487395,329.3,827.9378,1157.2378,N,TXN_V2.1,2026-06-29,2026-06-29 19:54:02.665208
983,2026-06,1,0,35.0,8242.33,803.28,-7439.05,258.446,DOWN,22.26,RETAIL,40.0,34.52,164.8466,199.3666,N,TXN_V2.1,2026-06-29,2026-06-29 19:54:02.665208
984,2026-06,1,1,52.0,13393.33,10327.76,-3065.5699999999997,456.1748076923077,DOWN,35.4,TRAVEL,38.45999999999999,57.24,267.8666,325.1066,N,TXN_V2.1,2026-06-29,2026-06-29 19:54:02.665208
985,2026-06,3,2,139.0,46398.06,14565.6,-31832.46,438.58748201438846,DOWN,91.7,RETAIL,30.2094964028777,291.58,927.9612,1219.5412,N,TXN_V2.1,2026-06-29,2026-06-29 19:54:02.665208
986,2026-06,3,2,111.0,27833.37,35088.88,7255.509999999998,566.8671171171171,UP,69.08,UTILITIES,43.24162162162162,96.12,556.6674,652.7874,N,TXN_V2.1,2026-06-29,2026-06-29 19:54:02.665208
987,2026-06,4,3,140.0,18615.37,6732.36,-11883.009999999998,181.05521428571427,DOWN,49.2,UTILITIES,36.425999999999995,227.84,372.3074,600.1474,N,TXN_V2.1,2026-06-29,2026-06-29 19:54:02.665208
988,2026-06,2,2,100.0,5942.31,15346.3,9403.989999999998,212.8861,UP,18.4,UTILITIES,41.9996,224.94,118.84620000000001,343.7862,N,TXN_V2.1,2026-06-29,2026-06-29 19:54:02.665208
989,2026-06,4,4,249.0,43922.99,26565.059999999998,-17357.93,283.0845381526104,DOWN,89.76,RETAIL,35.74759036144578,805.1800000000001,878.4598,1683.6398,N,TXN_V2.1,2026-06-29,2026-06-29 19:54:02.665208
990,2026-06,2,2,80.0,12671.27,2955.9700000000003,-9715.3,195.34050000000002,DOWN,33.32,TRAVEL,52.50125000000001,228.44,253.42540000000002,481.8654,N,TXN_V2.1,2026-06-29,2026-06-29 19:54:02.665208
991,2026-06,2,1,45.0,15168.45,12715.32,-2453.130000000001,619.6393333333333,STABLE,40.82,TRAVEL,48.88711111111111,97.88000000000001,303.369,401.249,N,TXN_V2.1,2026-06-29,2026-06-29 19:54:02.665208
992,2026-06,2,2,54.0,3051.12,9261.75,6210.63,228.0161111111111,UP,11.1,RETAIL,33.330370370370375,73.2,61.0224,134.2224,N,TXN_V2.1,2026-06-29,2026-06-29 19:54:02.665208
993,2026-06,1,1,56.0,12494.61,2003.79,-10490.82,258.90000000000003,DOWN,32.64,HEALTHCARE,46.43,156.13,249.89220000000003,406.0222,N,TXN_V2.1,2026-06-29,2026-06-29 19:54:02.665208
994,2026-06,4,4,171.0,9305.31,69350.96,60045.65000000001,459.97818713450295,UP,24.44,UTILITIES,32.75245614035088,397.26,186.1062,583.3661999999999,N,TXN_V2.1,2026-06-29,2026-06-29 19:54:02.665208
995,2026-06,2,2,138.0,27685.899999999998,45474.270000000004,17788.370000000006,530.1461594202898,UP,68.76,INSURANCE,41.30478260869565,277.55,553.718,831.268,N,TXN_V2.1,2026-06-29,2026-06-29 19:54:02.665208
996,2026-06,3,2,87.0,30817.719999999998,35377.939999999995,4560.2199999999975,760.8696551724137,UP,73.9,TRAVEL,35.635977011494255,150.22,616.3543999999999,766.5744,N,TXN_V2.1,2026-06-29,2026-06-29 19:54:02.665208
997,2026-06,1,1,35.0,2292.5,2259.27,-33.23000000000002,130.05057142857143,STABLE,7.84,GROCERY,45.71000000000001,69.18,45.85,115.03,N,TXN_V2.1,2026-06-29,2026-06-29 19:54:02.665208
998,2026-06,2,2,88.0,27742.12,21018.84,-6723.279999999999,554.1018181818182,DOWN,68.92,HEALTHCARE,43.17999999999999,108.91,554.8424,663.7524,N,TXN_V2.1,2026-06-29,2026-06-29 19:54:02.665208
999,2026-06,3,3,72.0,22275.61,3098.1899999999996,-19177.420000000002,352.4138888888889,DOWN,57.54,RESTAURANT,37.496249999999996,159.06,445.5122,604.5722000000001,N,TXN_V2.1,2026-06-29,2026-06-29 19:54:02.665208
1000,2026-06,1,1,34.0,3144.62,1673.86,-1470.76,141.72,DOWN,11.5,GAS_STATION,44.12,0.0,62.8924,62.8924,N,TXN_V2.1,2026-06-29,2026-06-29 19:54:02.665208
1001,2026-06,3,3,135.0,28285.78,17953.09,-10332.689999999999,342.5101481481481,DOWN,69.94,RETAIL,39.25599999999999,496.37,565.7156,1062.0855999999999,N,TXN_V2.1,2026-06-29,2026-06-29 19:54:02.665208
1002,2026-06,4,2,81.0,5292.18,3868.9500000000003,-1423.23,113.10037037037038,DOWN,16.98,UTILITIES,35.80456790123457,279.19,105.84360000000001,385.0336,N,TXN_V2.1,2026-06-29,2026-06-29 19:54:02.665208
1003,2026-06,4,3,135.0,15668.72,36733.93,21065.21,388.1677777777778,UP,42.16,RESTAURANT,40.74274074074074,353.41,313.3744,666.7844,N,TXN_V2.1,2026-06-29,2026-06-29 19:54:02.665208
1004,2026-06,4,4,126.0,8477.01,21567.06,13090.050000000001,238.445,UP,22.64,RETAIL,34.92055555555555,221.34,169.5402,390.8802,N,TXN_V2.1,2026-06-29,2026-06-29 19:54:02.665208
1005,2026-06,1,1,25.0,1051.14,1207.88,156.74,90.36080000000001,STABLE,1.72,GROCERY,40.0,146.85,21.022800000000004,167.87279999999998,N,TXN_V2.1,2026-06-29,2026-06-29 19:54:02.665208
1006,2026-06,3,3,131.0,18182.149999999998,38084.6,19902.45,429.5171755725191,UP,48.3,TRAVEL,35.11366412213741,214.26999999999998,363.643,577.913,N,TXN_V2.1,2026-06-29,2026-06-29 19:54:02.665208
1007,2026-06,2,2,61.0,29863.260000000002,12362.189999999999,-17501.070000000003,692.2204918032786,DOWN,72.36,TRAVEL,44.25852459016394,363.21000000000004,597.2652,960.4752000000001,N,TXN_V2.1,2026-06-29,2026-06-29 19:54:02.665208
1008,2026-06,2,2,97.0,10218.41,4698.48,-5519.93,153.78237113402062,DOWN,26.64,RETAIL,37.10907216494845,462.62,204.3682,666.9882,N,TXN_V2.1,2026-06-29,2026-06-29 19:54:02.665208
1009,2026-06,3,2,113.0,18381.54,23210.82,4829.279999999999,368.07398230088495,UP,48.64,RESTAURANT,37.16415929203541,292.27,367.6308,659.9008,N,TXN_V2.1,2026-06-29,2026-06-29 19:54:02.665208
1010,2026-06,4,4,175.0,63875.67,44369.69,-19505.979999999996,618.5449142857143,DOWN,98.44,UTILITIES,39.429257142857146,408.1,1277.5134,1685.6134000000002,N,TXN_V2.1,2026-06-29,2026-06-29 19:54:02.665208
1011,2026-06,1,1,63.0,18016.9,12986.35,-5030.550000000001,492.11507936507934,DOWN,47.88,GROCERY,31.739999999999995,147.93,360.338,508.26800000000003,N,TXN_V2.1,2026-06-29,2026-06-29 19:54:02.665208
1012,2026-06,2,2,86.0,7209.700000000001,13384.06,6174.359999999999,239.46232558139536,UP,20.64,RETAIL,48.83581395348837,71.61,144.19400000000002,215.80400000000003,N,TXN_V2.1,2026-06-29,2026-06-29 19:54:02.665208
1013,2026-06,1,1,62.0,8024.83,22481.41,14456.58,492.03612903225803,UP,21.98,GROCERY,50.0,87.33,160.4966,247.82659999999998,N,TXN_V2.1,2026-06-29,2026-06-29 19:54:02.665208
1014,2026-06,1,1,40.0,12137.69,3141.27,-8996.42,381.97400000000005,DOWN,31.76,RETAIL,40.0,40.13,242.7538,282.8838,N,TXN_V2.1,2026-06-29,2026-06-29 19:54:02.665208
1015,2026-06,2,2,88.0,25472.81,11039.11,-14433.7,414.9081818181818,DOWN,64.26,RETAIL,32.94772727272727,187.06,509.4562,696.5162,N,TXN_V2.1,2026-06-29,2026-06-29 19:54:02.665208
1016,2026-06,2,2,95.0,17175.77,14074.66,-3101.1100000000006,328.9518947368421,DOWN,45.88,TRAVEL,30.53,237.20999999999998,343.5154,580.7254,N,TXN_V2.1,2026-06-29,2026-06-29 19:54:02.665208
1017,2026-06,2,1,71.0,22462.67,14064.99,-8397.679999999998,514.4740845070422,DOWN,57.94,TRAVEL,36.62,158.8,449.2534,608.0534,N,TXN_V2.1,2026-06-29,2026-06-29 19:54:02.665208
1018,2026-06,2,1,101.0,6904.8099999999995,4944.74,-1960.0699999999997,117.32227722772276,DOWN,20.08,RESTAURANT,40.59257425742575,280.16999999999996,138.09619999999998,418.2661999999999,N,TXN_V2.1,2026-06-29,2026-06-29 19:54:02.665208
1019,2026-06,2,2,88.0,14275.91,23984.71,9708.8,434.7797727272727,UP,38.18,INSURANCE,39.77272727272727,124.00999999999999,285.5182,409.52819999999997,N,TXN_V2.1,2026-06-29,2026-06-29 19:54:02.665208
1020,2026-06,2,1,58.0,19731.46,3199.83,-16531.629999999997,395.36706896551726,DOWN,51.64,RETAIL,37.93103448275862,97.61,394.62919999999997,492.2392,N,TXN_V2.1,2026-06-29,2026-06-29 19:54:02.665208
1021,2026-06,2,2,74.0,13695.24,13371.29,-323.9499999999989,365.7639189189189,STABLE,36.36,RESTAURANT,36.489459459459454,172.71,273.9048,446.61480000000006,N,TXN_V2.1,2026-06-29,2026-06-29 19:54:02.665208
1022,2026-06,3,3,162.0,48349.490000000005,51118.770000000004,2769.279999999999,614.0016049382716,STABLE,93.06,INSURANCE,33.3325925925926,310.84000000000003,966.9898000000002,1277.8298000000002,N,TXN_V2.1,2026-06-29,2026-06-29 19:54:02.665208
1023,2026-06,2,2,84.0,50550.7,25433.95,-25116.749999999996,904.5791666666667,DOWN,94.44,RETAIL,35.71357142857143,133.9,1011.014,1144.914,N,TXN_V2.1,2026-06-29,2026-06-29 19:54:02.665208
1024,2026-06,1,1,68.0,47330.49,6929.9,-40400.59,797.9469117647059,DOWN,92.36,RESTAURANT,33.82000000000001,165.72,946.6098,1112.3298,N,TXN_V2.1,2026-06-29,2026-06-29 19:54:02.665208
1025,2026-06,2,2,142.0,19667.34,32095.04,12427.7,364.5238028169014,UP,51.48,UTILITIES,40.144999999999996,259.02,393.34680000000003,652.3668,N,TXN_V2.1,2026-06-29,2026-06-29 19:54:02.665208
1026,2026-06,4,4,145.0,15039.890000000001,27829.99,12790.1,295.6543448275862,UP,40.48,RESTAURANT,37.929448275862065,451.01,300.79780000000005,751.8078,N,TXN_V2.1,2026-06-29,2026-06-29 19:54:02.665208
1027,2026-06,1,1,56.0,4063.12,1539.77,-2523.35,100.05160714285714,DOWN,14.24,HEALTHCARE,32.15,81.42,81.2624,162.6824,N,TXN_V2.1,2026-06-29,2026-06-29 19:54:02.665208
1028,2026-06,2,2,105.0,18426.65,58729.29,40302.64,734.8184761904762,UP,48.78,UTILITIES,33.33057142857143,169.03,368.533,537.563,N,TXN_V2.1,2026-06-29,2026-06-29 19:54:02.665208
1029,2026-06,1,1,34.0,3407.89,648.22,-2759.67,119.29735294117646,DOWN,12.24,GROCERY,32.36,51.66,68.1578,119.81779999999999,N,TXN_V2.1,2026-06-29,2026-06-29 19:54:02.665208
1030,2026-06,4,4,206.0,40104.0,14372.470000000001,-25731.53,264.44888349514565,DOWN,86.46,UTILITIES,37.37684466019417,636.64,802.08,1438.72,N,TXN_V2.1,2026-06-29,2026-06-29 19:54:02.665208
1031,2026-06,4,3,154.0,39478.81,36984.05,-2494.7599999999948,496.51207792207794,DOWN,85.9,RESTAURANT,36.36025974025974,224.36,789.5762,1013.9362,N,TXN_V2.1,2026-06-29,2026-06-29 19:54:02.665208
1032,2026-06,4,4,204.0,78440.08,68354.19,-10085.89,719.5797549019609,DOWN,99.66,WIRE_TRANSFER_INTL,34.31485294117647,605.8,1568.8016,2174.6016,N,TXN_V2.1,2026-06-29,2026-06-29 19:54:02.665208
1033,2026-06,4,4,212.0,48276.28,29651.95,-18624.329999999998,367.5859905660377,DOWN,93.02,UTILITIES,42.452688679245284,848.7900000000001,965.5255999999999,1814.3156,N,TXN_V2.1,2026-06-29,2026-06-29 19:54:02.665208
1034,2026-06,2,2,55.0,2646.28,2909.33,263.0499999999997,101.01109090909092,STABLE,9.58,RESTAURANT,32.72727272727273,175.61,52.9256,228.53560000000002,N,TXN_V2.1,2026-06-29,2026-06-29 19:54:02.665208
1035,2026-06,1,1,65.0,29082.56,19292.34,-9790.220000000001,744.2292307692308,DOWN,71.28,HEALTHCARE,44.61999999999999,86.3,581.6512,667.9512,N,TXN_V2.1,2026-06-29,2026-06-29 19:54:02.665208
1036,2026-06,1,1,69.0,17673.41,23089.46,5416.049999999999,590.7662318840579,UP,47.08,HEALTHCARE,37.68,124.74,353.4682,478.20820000000003,N,TXN_V2.1,2026-06-29,2026-06-29 19:54:02.665208
1037,2026-06,1,0,46.0,9916.78,24384.74,14467.960000000001,745.6852173913045,UP,25.88,HEALTHCARE,30.439999999999994,107.81,198.33560000000003,306.14560000000006,N,TXN_V2.1,2026-06-29,2026-06-29 19:54:02.665208
1038,2026-06,2,2,92.0,23111.84,14326.04,-8785.8,406.9334782608696,DOWN,59.5,HEALTHCARE,35.87130434782608,151.99,462.2368,614.2268,N,TXN_V2.1,2026-06-29,2026-06-29 19:54:02.665208
1039,2026-06,4,3,103.0,41994.71,22370.19,-19624.52,624.9019417475728,DOWN,88.02,RESTAURANT,40.775242718446606,193.6,839.8942,1033.4941999999999,N,TXN_V2.1,2026-06-29,2026-06-29 19:54:02.665208
1040,2026-06,2,2,84.0,3646.6600000000003,4707.46,1060.7999999999997,99.45380952380954,UP,12.9,RESTAURANT,30.95892857142857,191.07,72.93320000000001,264.0032,N,TXN_V2.1,2026-06-29,2026-06-29 19:54:02.665208
1041,2026-06,3,3,104.0,5984.14,6139.67,155.52999999999975,116.57509615384616,STABLE,18.48,RESTAURANT,39.42115384615385,219.68,119.68280000000001,339.3628,N,TXN_V2.1,2026-06-29,2026-06-29 19:54:02.665208
1042,2026-06,3,3,174.0,34527.11,16875.55,-17651.56,295.41758620689654,DOWN,79.5,RESTAURANT,43.10229885057472,376.28,690.5422,1066.8222,N,TXN_V2.1,2026-06-29,2026-06-29 19:54:02.665208
1043,2026-06,2,2,75.0,17228.71,31834.82,14606.11,654.1804,UP,46.0,GROCERY,42.66413333333334,155.57999999999998,344.57419999999996,500.15419999999995,N,TXN_V2.1,2026-06-29,2026-06-29 19:54:02.665208
1044,2026-06,4,4,175.0,71337.63,26301.87,-45035.76000000001,557.94,DOWN,99.38,RETAIL,34.85977142857143,312.63,1426.7526,1739.3826,N,TXN_V2.1,2026-06-29,2026-06-29 19:54:02.665208
1045,2026-06,2,2,80.0,11231.210000000001,15628.28,4397.07,335.743625,UP,29.36,GROCERY,36.253625,224.16000000000003,224.62420000000003,448.78420000000006,N,TXN_V2.1,2026-06-29,2026-06-29 19:54:02.665208
1046,2026-06,2,2,94.0,15999.849999999999,24374.33,8374.480000000003,429.51255319148936,UP,43.26,UTILITIES,34.04010638297873,225.49,319.99699999999996,545.487,N,TXN_V2.1,2026-06-29,2026-06-29 19:54:02.665208
1047,2026-06,3,2,114.0,30926.01,30740.01,-186.0,540.93,STABLE,74.14,TRAVEL,28.94868421052631,221.39,618.5201999999999,839.9101999999999,N,TXN_V2.1,2026-06-29,2026-06-29 19:54:02.665208
1048,2026-06,2,1,86.0,25524.69,27204.38,1679.6900000000023,613.1287209302326,STABLE,64.42,RETAIL,38.37279069767442,124.85000000000001,510.49379999999996,635.3438,N,TXN_V2.1,2026-06-29,2026-06-29 19:54:02.665208
1049,2026-06,3,2,108.0,6570.6900000000005,19940.79,13370.1,245.4766666666667,UP,19.62,TRAVEL,31.478333333333335,377.63,131.4138,509.04380000000003,N,TXN_V2.1,2026-06-29,2026-06-29 19:54:02.665208
1050,2026-06,1,1,45.0,11080.62,13314.73,2234.1099999999988,542.1188888888888,STABLE,28.82,HEALTHCARE,31.110000000000003,66.7,221.6124,288.3124,N,TXN_V2.1,2026-06-29,2026-06-29 19:54:02.665208
1051,2026-06,1,1,27.0,1396.37,2021.6,625.23,126.59148148148148,STABLE,3.12,GROCERY,25.930000000000003,32.05,27.9274,59.977399999999996,N,TXN_V2.1,2026-06-29,2026-06-29 19:54:02.665208
1052,2026-06,4,4,170.0,35728.57000000001,26937.329999999998,-8791.240000000009,368.62294117647065,DOWN,81.0,RETAIL,34.70764705882353,311.08,714.5714000000002,1025.6514000000002,N,TXN_V2.1,2026-06-29,2026-06-29 19:54:02.665208
1053,2026-06,2,1,63.0,4504.96,7356.59,2851.63,188.2785714285714,UP,15.42,GROCERY,41.26698412698413,138.47,90.0992,228.5692,N,TXN_V2.1,2026-06-29,2026-06-29 19:54:02.665208
1054,2026-06,4,4,171.0,24232.12,8414.369999999999,-15817.75,190.9151461988304,DOWN,62.0,UTILITIES,38.59538011695906,707.48,484.6424,1192.1224,N,TXN_V2.1,2026-06-29,2026-06-29 19:54:02.665208
1055,2026-06,1,1,36.0,8428.78,1719.83,-6708.950000000001,281.90583333333336,DOWN,22.54,EDUCATION,44.44,57.09,168.5756,225.6656,N,TXN_V2.1,2026-06-29,2026-06-29 19:54:02.665208
1056,2026-06,4,4,240.0,62884.81,33468.23,-29416.579999999994,401.47100000000006,DOWN,98.28,TRAVEL,34.583999999999996,486.40999999999997,1257.6962,1744.1062000000002,N,TXN_V2.1,2026-06-29,2026-06-29 19:54:02.665208
1057,2026-06,1,1,42.0,3997.88,1234.31,-2763.57,124.57595238095239,DOWN,14.02,GROCERY,45.239999999999995,75.8,79.9576,155.7576,N,TXN_V2.1,2026-06-29,2026-06-29 19:54:02.665208
1058,2026-06,4,4,196.0,51563.020000000004,17046.579999999998,-34516.44,350.04897959183677,DOWN,94.86,RESTAURANT,38.77678571428571,368.92999999999995,1031.2604000000001,1400.1904,N,TXN_V2.1,2026-06-29,2026-06-29 19:54:02.665208
1059,2026-06,1,1,48.0,8772.46,7971.72,-800.7399999999989,348.83708333333334,STABLE,23.2,ENTERTAINMENT,39.59000000000001,53.19,175.4492,228.6392,N,TXN_V2.1,2026-06-29,2026-06-29 19:54:02.665208
1060,2026-06,4,4,250.0,40876.56,40000.25,-876.3099999999977,323.50723999999997,STABLE,87.14,INSURANCE,39.600159999999995,495.78,817.5312,1313.3112,N,TXN_V2.1,2026-06-29,2026-06-29 19:54:02.665208
1061,2026-06,4,3,143.0,16456.76,19265.38,2808.6200000000026,249.80517482517482,UP,44.34,UTILITIES,38.45384615384615,375.41,329.1352,704.5452,N,TXN_V2.1,2026-06-29,2026-06-29 19:54:02.665208
1062,2026-06,3,3,138.0,18104.85,7273.450000000001,-10831.399999999998,183.90072463768115,DOWN,48.1,UTILITIES,44.200072463768116,180.39,362.097,542.487,N,TXN_V2.1,2026-06-29,2026-06-29 19:54:02.665208
1063,2026-06,1,1,20.0,1431.91,922.4,-509.5100000000001,117.71549999999999,STABLE,3.28,RETAIL,60.0,21.29,28.6382,49.928200000000004,N,TXN_V2.1,2026-06-29,2026-06-29 19:54:02.665208
1064,2026-06,3,3,115.0,6502.58,28768.73,22266.15,306.70704347826086,UP,19.52,TRAVEL,42.605652173913036,216.57999999999998,130.0516,346.6316,N,TXN_V2.1,2026-06-29,2026-06-29 19:54:02.665208
1065,2026-06,2,2,60.0,4267.19,2521.2200000000003,-1745.9699999999993,113.14016666666666,DOWN,14.9,GROCERY,41.672666666666665,125.14,85.34379999999999,210.48379999999997,N,TXN_V2.1,2026-06-29,2026-06-29 19:54:02.665208
1066,2026-06,2,2,100.0,7668.6,4585.78,-3082.8200000000006,122.5438,DOWN,21.2,RESTAURANT,52.00499999999999,192.09,153.372,345.462,N,TXN_V2.1,2026-06-29,2026-06-29 19:54:02.665208
1067,2026-06,1,1,18.0,365.84,1328.63,962.7900000000002,94.13722222222222,UP,0.08,RESTAURANT,33.34,56.51,7.3168,63.8268,N,TXN_V2.1,2026-06-29,2026-06-29 19:54:02.665208
1068,2026-06,3,2,143.0,31368.81,26184.55,-5184.260000000002,402.47104895104894,DOWN,74.72,UTILITIES,33.563566433566436,258.58,627.3762,885.9562000000001,N,TXN_V2.1,2026-06-29,2026-06-29 19:54:02.665208
1069,2026-06,2,2,44.0,10909.300000000001,1800.5500000000002,-9108.75,288.86022727272734,DOWN,28.5,GROCERY,36.365454545454554,72.65,218.18600000000004,290.836,N,TXN_V2.1,2026-06-29,2026-06-29 19:54:02.665208
1070,2026-06,4,4,168.0,33006.78,25714.449999999997,-7292.330000000002,349.5311309523809,DOWN,77.26,RESTAURANT,39.88190476190476,436.18,660.1356,1096.3156,N,TXN_V2.1,2026-06-29,2026-06-29 19:54:02.665208
1071,2026-06,1,1,48.0,11696.99,14299.26,2602.2700000000004,541.5885416666666,STABLE,30.5,RETAIL,39.58,97.49,233.9398,331.4298,N,TXN_V2.1,2026-06-29,2026-06-29 19:54:02.665208
1072,2026-06,1,1,30.0,2486.15,6205.15,3718.9999999999995,289.71,UP,8.88,GAS_STATION,40.0,75.42,49.723000000000006,125.143,N,TXN_V2.1,2026-06-29,2026-06-29 19:54:02.665208
1073,2026-06,2,2,77.0,12788.900000000001,15917.09,3128.1899999999987,372.80506493506493,UP,33.62,RETAIL,48.05103896103896,216.26,255.77800000000005,472.038,N,TXN_V2.1,2026-06-29,2026-06-29 19:54:02.665208
1074,2026-06,3,2,137.0,26857.61,14281.34,-12576.27,300.284306569343,DOWN,67.14,RETAIL,35.03627737226277,312.14,537.1522,849.2922,N,TXN_V2.1,2026-06-29,2026-06-29 19:54:02.665208
1075,2026-06,3,3,171.0,21497.11,41920.08,20422.97,370.86076023391814,UP,55.66,TRAVEL,38.01111111111112,490.31,429.9422,920.2522,N,TXN_V2.1,2026-06-29,2026-06-29 19:54:02.665208
1076,2026-06,2,2,84.0,4444.59,4552.66,108.06999999999971,107.11011904761905,STABLE,15.28,RETAIL,42.85904761904762,194.01,88.8918,282.9018,N,TXN_V2.1,2026-06-29,2026-06-29 19:54:02.665208
1077,2026-06,1,1,39.0,11658.84,1624.46,-10034.380000000001,340.5974358974359,DOWN,30.38,HEALTHCARE,41.03,51.9,233.17680000000001,285.0768,N,TXN_V2.1,2026-06-29,2026-06-29 19:54:02.665208
1078,2026-06,1,1,35.0,2397.63,13579.71,11182.079999999998,456.4954285714286,UP,8.32,HEALTHCARE,25.72,136.23,47.952600000000004,184.18259999999998,N,TXN_V2.1,2026-06-29,2026-06-29 19:54:02.665208
1079,2026-06,2,2,85.0,18377.31,13834.41,-4542.9000000000015,378.9614117647059,DOWN,48.62,HEALTHCARE,32.937294117647056,193.04000000000002,367.54620000000006,560.5862000000001,N,TXN_V2.1,2026-06-29,2026-06-29 19:54:02.665208
1080,2026-06,4,4,220.0,57515.9,27173.41,-30342.49,384.95140909090907,DOWN,96.9,RETAIL,44.089499999999994,594.11,1150.318,1744.4279999999999,N,TXN_V2.1,2026-06-29,2026-06-29 19:54:02.665208
1081,2026-06,3,3,127.0,26372.61,22387.12,-3985.4900000000016,383.93488188976374,DOWN,66.04,RESTAURANT,35.431338582677164,174.28,527.4522000000001,701.7322,N,TXN_V2.1,2026-06-29,2026-06-29 19:54:02.665208
1082,2026-06,1,1,60.0,2141.36,23196.62,21055.26,422.29966666666667,UP,7.04,GROCERY,43.34,186.93,42.827200000000005,229.7572,N,TXN_V2.1,2026-06-29,2026-06-29 19:54:02.665208
1083,2026-06,3,3,164.0,22667.94,21124.88,-1543.0599999999977,267.0293902439024,DOWN,58.48,UTILITIES,34.14634146341463,445.08,453.3588,898.4387999999999,N,TXN_V2.1,2026-06-29,2026-06-29 19:54:02.665208
1084,2026-06,3,3,193.0,31741.13,30318.68,-1422.4500000000007,321.55341968911915,STABLE,75.28,UTILITIES,32.64632124352331,415.76,634.8226000000001,1050.5826000000002,N,TXN_V2.1,2026-06-29,2026-06-29 19:54:02.665208
1085,2026-06,4,4,194.0,30597.54,28516.49,-2081.0499999999993,304.71149484536085,DOWN,73.6,UTILITIES,30.92603092783505,431.61,611.9508000000001,1043.5608000000002,N,TXN_V2.1,2026-06-29,2026-06-29 19:54:02.665208
1086,2026-06,4,3,170.0,47789.53,26537.0,-21252.53,437.2148823529412,DOWN,92.74,RETAIL,38.23647058823529,306.25,955.7906,1262.0406,N,TXN_V2.1,2026-06-29,2026-06-29 19:54:02.665208
1087,2026-06,3,3,126.0,29476.48,17667.5,-11808.98,374.1585714285714,DOWN,71.74,RESTAURANT,33.329206349206345,172.84,589.5296,762.3696,N,TXN_V2.1,2026-06-29,2026-06-29 19:54:02.665208
1088,2026-06,1,1,25.0,1769.92,648.86,-1121.06,96.75120000000001,DOWN,5.08,RETAIL,32.0,0.0,35.3984,35.3984,N,TXN_V2.1,2026-06-29,2026-06-29 19:54:02.665208
1089,2026-06,3,3,135.0,60876.49,28234.910000000003,-32641.579999999994,660.0844444444444,DOWN,97.8,RESTAURANT,35.552814814814816,132.22,1217.5298,1349.7498,N,TXN_V2.1,2026-06-29,2026-06-29 19:54:02.665208
1090,2026-06,3,3,141.0,46019.130000000005,15900.26,-30118.870000000003,439.14460992907806,DOWN,91.38,RESTAURANT,43.97964539007093,205.46,920.3826000000001,1125.8426000000002,N,TXN_V2.1,2026-06-29,2026-06-29 19:54:02.665208
1091,2026-06,2,1,90.0,13604.67,14542.84,938.1700000000001,312.75011111111115,STABLE,36.08,INSURANCE,34.446222222222225,163.73,272.09340000000003,435.8234,N,TXN_V2.1,2026-06-29,2026-06-29 19:54:02.665208
1092,2026-06,2,2,100.0,13815.49,2685.06,-11130.43,165.00549999999998,DOWN,36.7,UTILITIES,32.0015,247.04,276.3098,523.3498,N,TXN_V2.1,2026-06-29,2026-06-29 19:54:02.665208
1093,2026-06,1,1,29.0,2601.14,10456.08,7854.9400000000005,450.24896551724134,UP,9.48,GROCERY,37.93,27.4,52.0228,79.4228,N,TXN_V2.1,2026-06-29,2026-06-29 19:54:02.665208
1094,2026-06,2,2,62.0,9723.460000000001,14087.64,4364.1799999999985,384.04999999999995,UP,25.5,UTILITIES,43.54903225806452,101.46000000000001,194.46920000000003,295.92920000000004,N,TXN_V2.1,2026-06-29,2026-06-29 19:54:02.665208
1095,2026-06,1,1,58.0,2912.03,29276.85,26364.82,554.9806896551723,UP,10.58,GROCERY,29.310000000000002,37.25,58.24060000000001,95.4906,N,TXN_V2.1,2026-06-29,2026-06-29 19:54:02.665208
1096,2026-06,4,4,140.0,27637.87,48032.770000000004,20394.900000000005,540.5045714285715,UP,68.62,UTILITIES,47.14442857142857,340.26,552.7574,893.0174,N,TXN_V2.1,2026-06-29,2026-06-29 19:54:02.665208
1097,2026-06,3,3,135.0,6127.59,17068.07,10940.48,171.8197037037037,UP,18.78,RETAIL,30.369481481481486,413.48,122.5518,536.0318,N,TXN_V2.1,2026-06-29,2026-06-29 19:54:02.665208
1098,2026-06,3,3,106.0,39939.54,3685.1000000000004,-36254.44,411.5532075471698,DOWN,86.32,TRAVEL,42.45405660377359,240.17999999999998,798.7908,1038.9708,N,TXN_V2.1,2026-06-29,2026-06-29 19:54:02.665208
1099,2026-06,3,3,150.0,26071.67,24230.42,-1841.25,335.34726666666666,DOWN,65.42,TRAVEL,42.664199999999994,192.13,521.4334,713.5634,N,TXN_V2.1,2026-06-29,2026-06-29 19:54:02.665208
1100,2026-06,4,4,155.0,21200.77,13509.029999999999,-7691.740000000002,223.93419354838713,DOWN,55.14,HEALTHCARE,36.76987096774194,360.66,424.0154,784.6754000000001,N,TXN_V2.1,2026-06-29,2026-06-29 19:54:02.665208
1101,2026-06,4,4,227.0,55482.58,28265.510000000002,-27217.07,368.93431718061674,DOWN,96.32,UTILITIES,36.12674008810572,452.17,1109.6516000000001,1561.8216000000002,N,TXN_V2.1,2026-06-29,2026-06-29 19:54:02.665208
1102,2026-06,2,2,103.0,29389.18,20905.88,-8483.3,488.3015533980582,DOWN,71.64,GROCERY,39.80504854368932,318.72,587.7836,906.5036,N,TXN_V2.1,2026-06-29,2026-06-29 19:54:02.665208
1103,2026-06,1,1,42.0,3259.18,2270.01,-989.1699999999996,131.64738095238096,DOWN,11.92,GROCERY,50.0,148.12,65.1836,213.30360000000002,N,TXN_V2.1,2026-06-29,2026-06-29 19:54:02.665208
1104,2026-06,2,2,114.0,5456.0,43565.97,38109.97,430.0172807017544,UP,17.22,RETAIL,34.21368421052632,127.36000000000001,109.12,236.48000000000002,N,TXN_V2.1,2026-06-29,2026-06-29 19:54:02.665208
1105,2026-06,3,2,152.0,16702.17,30493.7,13791.530000000002,310.4991447368421,UP,44.8,UTILITIES,40.79118421052632,303.14,334.04339999999996,637.1833999999999,N,TXN_V2.1,2026-06-29,2026-06-29 19:54:02.665208
1106,2026-06,4,4,171.0,31630.2,23672.11,-7958.09,323.4053216374269,DOWN,75.12,INSURANCE,39.76362573099415,331.68,632.604,964.2840000000001,N,TXN_V2.1,2026-06-29,2026-06-29 19:54:02.665208
1107,2026-06,2,2,94.0,16816.86,26204.03,9387.169999999998,457.6690425531915,UP,44.98,RESTAURANT,38.30148936170213,186.77,336.3372,523.1072,N,TXN_V2.1,2026-06-29,2026-06-29 19:54:02.665208
1108,2026-06,3,3,167.0,12953.08,9984.689999999999,-2968.3900000000012,137.35191616766465,DOWN,34.1,RETAIL,36.52221556886227,341.77,259.0616,600.8316,N,TXN_V2.1,2026-06-29,2026-06-29 19:54:02.665208
1109,2026-06,4,4,153.0,25593.949999999997,14656.310000000001,-10937.639999999996,263.0735947712418,DOWN,64.54,UTILITIES,37.909084967320254,409.25,511.87899999999996,921.1289999999999,N,TXN_V2.1,2026-06-29,2026-06-29 19:54:02.665208
1110,2026-06,2,2,118.0,27400.53,3543.54,-23856.989999999998,262.2378813559322,DOWN,68.14,GROCERY,38.1386440677966,233.67,548.0106,781.6805999999999,N,TXN_V2.1,2026-06-29,2026-06-29 19:54:02.665208
1111,2026-06,1,1,45.0,11921.97,2244.17,-9677.8,314.8031111111111,DOWN,31.26,RESTAURANT,37.78,172.33,238.43939999999998,410.7694,N,TXN_V2.1,2026-06-29,2026-06-29 19:54:02.665208
1112,2026-06,2,1,65.0,18206.15,15755.19,-2450.960000000001,522.4821538461539,STABLE,48.34,RESTAURANT,30.76630769230769,134.01,364.12300000000005,498.13300000000004,N,TXN_V2.1,2026-06-29,2026-06-29 19:54:02.665208
1113,2026-06,2,2,71.0,4192.31,20754.28,16561.969999999998,351.3604225352113,UP,14.74,GROCERY,45.076619718309864,170.17000000000002,83.84620000000001,254.01620000000003,N,TXN_V2.1,2026-06-29,2026-06-29 19:54:02.665208
1114,2026-06,1,1,24.0,8554.48,508.12,-8046.36,377.60833333333335,DOWN,22.76,EDUCATION,41.67,21.08,171.0896,192.1696,N,TXN_V2.1,2026-06-29,2026-06-29 19:54:02.665208
1115,2026-06,2,2,109.0,24229.870000000003,5275.26,-18954.61,270.6892660550459,DOWN,61.94,GROCERY,41.281743119266054,187.14,484.59740000000005,671.7374,N,TXN_V2.1,2026-06-29,2026-06-29 19:54:02.665208
1116,2026-06,3,3,145.0,10361.36,22876.86,12515.5,229.22910344827588,UP,27.1,RETAIL,37.23841379310345,346.9,207.2272,554.1272,N,TXN_V2.1,2026-06-29,2026-06-29 19:54:02.665208
1117,2026-06,3,3,159.0,23740.09,19998.96,-3741.130000000001,275.0883647798742,DOWN,60.88,GROCERY,33.33534591194968,422.49,474.8018,897.2918,N,TXN_V2.1,2026-06-29,2026-06-29 19:54:02.665208
1118,2026-06,3,2,115.0,45938.49,11351.39,-34587.1,498.17286956521735,DOWN,91.32,HEALTHCARE,26.95495652173913,238.0,918.7698,1156.7698,N,TXN_V2.1,2026-06-29,2026-06-29 19:54:02.665208
1119,2026-06,2,2,105.0,7567.49,12074.46,4506.969999999999,187.06619047619046,UP,21.1,RESTAURANT,38.09885714285714,188.99,151.3498,340.33979999999997,N,TXN_V2.1,2026-06-29,2026-06-29 19:54:02.665208
1120,2026-06,1,1,34.0,3432.57,1084.62,-2347.9500000000003,132.85852941176472,DOWN,12.3,INSURANCE,38.23000000000001,69.28,68.65140000000001,137.9314,N,TXN_V2.1,2026-06-29,2026-06-29 19:54:02.665208
1121,2026-06,3,3,144.0,29276.47,6885.63,-22390.84,251.12569444444443,DOWN,71.48,RESTAURANT,39.577986111111116,305.78,585.5294,891.3094,N,TXN_V2.1,2026-06-29,2026-06-29 19:54:02.665208
1122,2026-06,2,2,30.0,1299.33,2263.64,964.31,118.76566666666666,UP,2.84,UTILITIES,29.999333333333333,38.39,25.9866,64.3766,N,TXN_V2.1,2026-06-29,2026-06-29 19:54:02.665208
1123,2026-06,2,1,36.0,2283.66,1392.46,-891.1999999999998,102.11444444444444,DOWN,7.78,INSURANCE,36.11111111111111,150.07,45.6732,195.7432,N,TXN_V2.1,2026-06-29,2026-06-29 19:54:02.665208
1124,2026-06,3,3,101.0,34559.74,4285.59,-30274.149999999998,384.6072277227723,DOWN,79.6,GROCERY,29.69980198019802,272.79,691.1948,963.9848,N,TXN_V2.1,2026-06-29,2026-06-29 19:54:02.665208
1125,2026-06,2,2,111.0,6042.299999999999,11638.57,5596.27,159.2871171171171,UP,18.64,UTILITIES,36.03270270270271,162.86,120.84599999999999,283.706,N,TXN_V2.1,2026-06-29,2026-06-29 19:54:02.665208
1126,2026-06,3,3,82.0,12205.29,3644.33,-8560.960000000001,193.28804878048783,DOWN,31.92,WIRE_TRANSFER_INTL,36.58134146341463,174.76,244.10580000000002,418.86580000000004,N,TXN_V2.1,2026-06-29,2026-06-29 19:54:02.665208
1127,2026-06,3,2,156.0,50985.28,32979.07,-18006.21,538.2330128205128,DOWN,94.64,HEALTHCARE,44.23006410256411,257.43,1019.7056,1277.1356,N,TXN_V2.1,2026-06-29,2026-06-29 19:54:02.665208
1128,2026-06,3,3,167.0,56887.53,22653.98,-34233.55,476.2964670658682,DOWN,96.68,RESTAURANT,39.523652694610774,483.30999999999995,1137.7506,1621.0606,N,TXN_V2.1,2026-06-29,2026-06-29 19:54:02.665208
1129,2026-06,4,4,224.0,23207.94,49671.66,26463.720000000005,325.35535714285714,UP,59.84,HEALTHCARE,36.60973214285714,391.78999999999996,464.1588,855.9487999999999,N,TXN_V2.1,2026-06-29,2026-06-29 19:54:02.665208
1130,2026-06,3,3,169.0,45166.69,32572.7,-12593.990000000002,459.99639053254435,DOWN,90.82,RESTAURANT,37.280295857988165,325.28999999999996,903.3338000000001,1228.6238,N,TXN_V2.1,2026-06-29,2026-06-29 19:54:02.665208
1131,2026-06,4,4,214.0,51159.39,23880.38,-27279.01,350.65313084112154,DOWN,94.74,UTILITIES,46.258504672897196,318.40999999999997,1023.1878,1341.5978,N,TXN_V2.1,2026-06-29,2026-06-29 19:54:02.665208
1132,2026-06,3,3,116.0,21260.18,32270.09,11009.91,461.46784482758625,UP,55.24,RETAIL,41.3751724137931,295.21,425.2036,720.4136,N,TXN_V2.1,2026-06-29,2026-06-29 19:54:02.665208
1133,2026-06,2,2,132.0,24963.72,5915.63,-19048.09,233.9344696969697,DOWN,63.36,TRAVEL,39.395,232.91,499.2744,732.1844,N,TXN_V2.1,2026-06-29,2026-06-29 19:54:02.665208
1134,2026-06,3,3,124.0,12584.76,18834.940000000002,6250.180000000002,253.3846774193549,UP,33.06,TRAVEL,33.06774193548387,138.55,251.6952,390.2452,N,TXN_V2.1,2026-06-29,2026-06-29 19:54:02.665208
1135,2026-06,3,3,123.0,16418.77,22303.84,5885.07,314.8179674796748,UP,44.26,RESTAURANT,34.959999999999994,280.06,328.3754,608.4354000000001,N,TXN_V2.1,2026-06-29,2026-06-29 19:54:02.665208
1136,2026-06,4,4,176.0,41658.55,20450.53,-21208.020000000004,352.8925,DOWN,87.68,WIRE_TRANSFER_INTL,33.523806818181825,432.99,833.171,1266.161,N,TXN_V2.1,2026-06-29,2026-06-29 19:54:02.665208
1137,2026-06,1,1,49.0,10779.44,3892.68,-6886.76,299.4310204081633,DOWN,28.2,GROCERY,40.82,166.12,215.58880000000002,381.7088,N,TXN_V2.1,2026-06-29,2026-06-29 19:54:02.665208
1138,2026-06,3,3,106.0,12863.96,11678.51,-1185.449999999999,231.53273584905662,DOWN,33.82,TRAVEL,37.733301886792454,393.20000000000005,257.2792,650.4792,N,TXN_V2.1,2026-06-29,2026-06-29 19:54:02.665208
1139,2026-06,1,1,45.0,30299.71,12968.09,-17331.62,961.5066666666668,DOWN,73.06,GROCERY,44.440000000000005,64.56,605.9942,670.5542,N,TXN_V2.1,2026-06-29,2026-06-29 19:54:02.665208
1140,2026-06,3,3,102.0,12898.300000000001,12514.57,-383.7300000000014,249.14578431372553,STABLE,33.98,RETAIL,36.27274509803922,174.56,257.966,432.526,N,TXN_V2.1,2026-06-29,2026-06-29 19:54:02.665208
1141,2026-06,4,3,152.0,32311.899999999998,28946.980000000003,-3364.9199999999946,403.0189473684211,DOWN,76.32,GROCERY,40.12934210526316,199.51,646.2379999999999,845.7479999999999,N,TXN_V2.1,2026-06-29,2026-06-29 19:54:02.665208
1142,2026-06,4,4,133.0,28032.59,6209.22,-21823.37,257.45721804511277,DOWN,69.32,RESTAURANT,35.33473684210527,301.48999999999995,560.6518,862.1417999999999,N,TXN_V2.1,2026-06-29,2026-06-29 19:54:02.665208
1143,2026-06,4,4,245.0,14661.26,29591.37,14930.109999999999,180.62297959183672,UP,39.38,RETAIL,40.00510204081632,572.55,293.22520000000003,865.7752,N,TXN_V2.1,2026-06-29,2026-06-29 19:54:02.665208
1144,2026-06,4,4,186.0,31390.88,35380.69,3989.8100000000013,358.986935483871,UP,74.8,HEALTHCARE,40.32225806451613,230.79000000000002,627.8176000000001,858.6076,N,TXN_V2.1,2026-06-29,2026-06-29 19:54:02.665208
1145,2026-06,1,1,34.0,23169.76,827.15,-22342.609999999997,705.7914705882353,DOWN,59.72,GROCERY,32.35,116.23,463.3952,579.6252,N,TXN_V2.1,2026-06-29,2026-06-29 19:54:02.665208
1146,2026-06,4,4,236.0,64940.47,30944.260000000002,-33996.21,406.29122881355937,DOWN,98.6,TRAVEL,40.25542372881356,478.68,1298.8094,1777.4894000000002,N,TXN_V2.1,2026-06-29,2026-06-29 19:54:02.665208
1147,2026-06,2,2,82.0,15550.759999999998,2680.54,-12870.219999999998,222.33292682926827,DOWN,41.76,RETAIL,32.92658536585366,217.89,311.0152,528.9051999999999,N,TXN_V2.1,2026-06-29,2026-06-29 19:54:02.665208
1148,2026-06,4,4,149.0,29878.76,54246.729999999996,24367.969999999998,564.6006040268455,UP,72.42,RETAIL,40.26859060402684,207.62,597.5752,805.1952,N,TXN_V2.1,2026-06-29,2026-06-29 19:54:02.665208
1149,2026-06,2,2,113.0,56740.15,3772.4,-52967.75,535.5092920353983,DOWN,96.64,RETAIL,36.28345132743363,207.38,1134.803,1342.183,N,TXN_V2.1,2026-06-29,2026-06-29 19:54:02.665208
1150,2026-06,1,1,66.0,11768.32,36524.33,24756.010000000002,731.7068181818182,UP,30.78,RETAIL,31.819999999999997,59.69,235.3664,295.0564,N,TXN_V2.1,2026-06-29,2026-06-29 19:54:02.665208
1151,2026-06,1,1,30.0,11060.44,1437.26,-9623.18,416.59000000000003,DOWN,28.74,CRYPTO_EXCHANGE,26.66,62.16,221.20880000000002,283.3688,N,TXN_V2.1,2026-06-29,2026-06-29 19:54:02.665208
1152,2026-06,3,3,178.0,21426.73,30654.2,9227.470000000001,292.58949438202245,UP,55.54,HEALTHCARE,39.32797752808989,351.63,428.5346,780.1646000000001,N,TXN_V2.1,2026-06-29,2026-06-29 19:54:02.665208
1153,2026-06,3,3,154.0,29833.699999999997,34283.65,4449.950000000004,416.3464285714286,UP,72.3,RESTAURANT,37.66324675324675,138.22,596.674,734.894,N,TXN_V2.1,2026-06-29,2026-06-29 19:54:02.665208
1154,2026-06,4,3,158.0,10097.97,17581.65,7483.680000000002,175.1874683544304,UP,26.36,TRAVEL,36.71069620253164,286.31,201.9594,488.2694,N,TXN_V2.1,2026-06-29,2026-06-29 19:54:02.665208
1155,2026-06,2,2,91.0,22424.079999999998,4159.4400000000005,-18264.64,292.1265934065934,DOWN,57.86,GROCERY,36.262307692307694,154.87,448.48159999999996,603.3516,N,TXN_V2.1,2026-06-29,2026-06-29 19:54:02.665208
1156,2026-06,2,2,106.0,41970.19,12928.16,-29042.030000000002,517.908962264151,DOWN,87.98,ENTERTAINMENT,36.79518867924528,137.01,839.4038,976.4138,N,TXN_V2.1,2026-06-29,2026-06-29 19:54:02.665208
1157,2026-06,1,1,60.0,20889.54,4170.31,-16719.23,417.6641666666667,DOWN,54.2,GAS_STATION,45.0,92.29,417.79080000000005,510.08080000000007,N,TXN_V2.1,2026-06-29,2026-06-29 19:54:02.665208
1158,2026-06,4,4,204.0,26455.129999999997,38900.75,12445.620000000003,320.3719607843137,UP,66.1,RESTAURANT,36.2725,343.09000000000003,529.1025999999999,872.1926,N,TXN_V2.1,2026-06-29,2026-06-29 19:54:02.665208
1159,2026-06,3,3,126.0,22854.739999999998,14091.23,-8763.509999999998,293.2219841269841,DOWN,58.98,RETAIL,33.32904761904762,394.76,457.09479999999996,851.8548,N,TXN_V2.1,2026-06-29,2026-06-29 19:54:02.665208
1160,2026-06,2,1,72.0,20867.1,44807.82,23940.72,912.1516666666666,UP,54.12,UTILITIES,36.114999999999995,163.78,417.342,581.122,N,TXN_V2.1,2026-06-29,2026-06-29 19:54:02.665208
1161,2026-06,4,4,214.0,25494.8,44243.14,18748.34,325.87822429906544,UP,64.28,TRAVEL,38.31953271028037,601.8,509.896,1111.696,N,TXN_V2.1,2026-06-29,2026-06-29 19:54:02.665208
1162,2026-06,4,4,135.0,27723.21,20448.62,-7274.59,356.8283703703704,DOWN,68.8,UTILITIES,48.14940740740741,371.38,554.4642,925.8442,N,TXN_V2.1,2026-06-29,2026-06-29 19:54:02.665208
1163,2026-06,1,1,41.0,1780.95,2191.39,410.4399999999998,96.88634146341464,STABLE,5.18,RESTAURANT,29.270000000000007,141.1,35.619,176.719,N,TXN_V2.1,2026-06-29,2026-06-29 19:54:02.665208
1164,2026-06,4,4,167.0,28703.53,12922.99,-15780.539999999999,249.26059880239518,DOWN,70.6,UTILITIES,38.320119760479045,467.44,574.0706,1041.5106,N,TXN_V2.1,2026-06-29,2026-06-29 19:54:02.665208
1165,2026-06,1,1,33.0,1877.41,1752.91,-124.5,110.00969696969698,STABLE,5.78,GAS_STATION,27.27,121.63,37.5482,159.1782,N,TXN_V2.1,2026-06-29,2026-06-29 19:54:02.665208
1166,2026-06,3,3,167.0,34428.66,8400.52,-26028.140000000003,256.4621556886228,DOWN,79.4,RETAIL,38.325808383233536,286.94,688.5732,975.5132000000001,N,TXN_V2.1,2026-06-29,2026-06-29 19:54:02.665208
1167,2026-06,4,4,169.0,32028.23,43253.28,11225.05,445.4527218934911,UP,75.78,TRAVEL,42.59982248520709,283.45,640.5646,924.0146,N,TXN_V2.1,2026-06-29,2026-06-29 19:54:02.665208
1168,2026-06,3,3,92.0,12240.34,3733.33,-8507.01,173.62684782608696,DOWN,32.04,RETAIL,41.300760869565224,249.7,244.8068,494.5068,N,TXN_V2.1,2026-06-29,2026-06-29 19:54:02.665208
1169,2026-06,1,1,50.0,3085.16,2534.68,-550.48,112.3968,STABLE,11.18,UTILITIES,32.0,32.47,61.703199999999995,94.1732,N,TXN_V2.1,2026-06-29,2026-06-29 19:54:02.665208
1170,2026-06,3,3,121.0,14394.95,16016.820000000002,1621.8700000000008,251.33694214876036,UP,38.5,RESTAURANT,41.32371900826446,221.31,287.899,509.209,N,TXN_V2.1,2026-06-29,2026-06-29 19:54:02.665208
1171,2026-06,1,1,72.0,45725.32,20448.54,-25276.78,919.0813888888889,DOWN,91.08,RESTAURANT,31.939999999999998,224.16,914.5064,1138.6664,N,TXN_V2.1,2026-06-29,2026-06-29 19:54:02.665208
1172,2026-06,3,3,151.0,23530.42,14084.46,-9445.96,249.1051655629139,DOWN,60.44,RETAIL,40.39920529801325,346.26,470.60839999999996,816.8684,N,TXN_V2.1,2026-06-29,2026-06-29 19:54:02.665208
1173,2026-06,4,4,218.0,70066.92,29547.129999999997,-40519.79,456.9451834862385,DOWN,99.22,RETAIL,38.07422018348623,539.6800000000001,1401.3384,1941.0184000000002,N,TXN_V2.1,2026-06-29,2026-06-29 19:54:02.665208
1174,2026-06,2,1,86.0,26597.36,4693.9,-21903.46,363.8518604651163,DOWN,66.54,EDUCATION,46.50976744186047,109.18,531.9472000000001,641.1272000000001,N,TXN_V2.1,2026-06-29,2026-06-29 19:54:02.665208
1175,2026-06,4,4,161.0,43298.22,26937.83,-16360.39,436.24875776397516,DOWN,89.22,UTILITIES,40.994347826086965,264.9,865.9644000000001,1130.8644,N,TXN_V2.1,2026-06-29,2026-06-29 19:54:02.665208
1176,2026-06,3,2,141.0,32957.979999999996,15579.199999999999,-17378.78,344.2353191489361,DOWN,77.24,GROCERY,32.622340425531924,267.4,659.1596,926.5595999999999,N,TXN_V2.1,2026-06-29,2026-06-29 19:54:02.665208
1177,2026-06,4,4,198.0,20444.61,29342.04,8897.43,251.4477272727273,UP,53.1,RETAIL,39.899444444444434,347.87,408.8922,756.7622,N,TXN_V2.1,2026-06-29,2026-06-29 19:54:02.665208
1178,2026-06,2,2,91.0,12189.56,38784.3,26594.740000000005,560.1523076923077,UP,31.88,GROCERY,37.3654945054945,167.01,243.7912,410.8012,N,TXN_V2.1,2026-06-29,2026-06-29 19:54:02.665208
1179,2026-06,2,2,86.0,17848.18,3144.99,-14703.19,244.1066279069767,DOWN,47.4,RETAIL,47.672790697674415,178.58999999999997,356.9636,535.5536,N,TXN_V2.1,2026-06-29,2026-06-29 19:54:02.665208
1180,2026-06,4,4,120.0,14720.199999999999,11115.94,-3604.2599999999984,215.30116666666666,DOWN,39.62,TRAVEL,41.666,281.68,294.404,576.0840000000001,N,TXN_V2.1,2026-06-29,2026-06-29 19:54:02.665208
1181,2026-06,3,3,135.0,25340.27,43601.01,18260.74,510.6761481481481,UP,63.98,TRAVEL,34.07607407407408,372.54,506.8054,879.3454,N,TXN_V2.1,2026-06-29,2026-06-29 19:54:02.665208
1182,2026-06,2,2,46.0,3248.04,7433.679999999999,4185.639999999999,232.2113043478261,UP,11.88,GROCERY,34.783043478260865,153.75,64.9608,218.7108,N,TXN_V2.1,2026-06-29,2026-06-29 19:54:02.665208
1183,2026-06,1,1,50.0,3686.09,8420.24,4734.15,242.1266,UP,13.02,TRAVEL,34.0,61.9,73.7218,135.6218,N,TXN_V2.1,2026-06-29,2026-06-29 19:54:02.665208
1184,2026-06,2,2,137.0,16609.84,43175.03999999999,26565.199999999993,436.3859854014598,UP,44.62,RETAIL,35.04043795620437,422.83000000000004,332.1968,755.0268000000001,N,TXN_V2.1,2026-06-29,2026-06-29 19:54:02.665208
1185,2026-06,1,1,48.0,25772.07,1730.49,-24041.579999999998,572.97,DOWN,64.96,HEALTHCARE,39.59000000000001,59.0,515.4414,574.4414,N,TXN_V2.1,2026-06-29,2026-06-29 19:54:02.665208
1186,2026-06,1,1,40.0,2162.1,19188.67,17026.57,533.7692499999999,UP,7.2,GROCERY,25.0,110.02,43.242,153.262,N,TXN_V2.1,2026-06-29,2026-06-29 19:54:02.665208
1187,2026-06,2,2,132.0,27234.379999999997,27243.199999999997,8.819999999999709,412.7089393939394,STABLE,67.84,RETAIL,36.36848484848485,274.69,544.6876,819.3776,N,TXN_V2.1,2026-06-29,2026-06-29 19:54:02.665208
1188,2026-06,1,1,37.0,2490.88,2208.3,-282.5799999999999,127.00486486486487,STABLE,8.92,RESTAURANT,29.730000000000008,16.14,49.817600000000006,65.95760000000001,N,TXN_V2.1,2026-06-29,2026-06-29 19:54:02.665208
1189,2026-06,3,3,124.0,7802.75,34872.549999999996,27069.799999999996,344.1556451612903,UP,21.54,UTILITIES,37.09911290322581,328.09,156.055,484.145,N,TXN_V2.1,2026-06-29,2026-06-29 19:54:02.665208
1190,2026-06,3,3,139.0,11677.24,19711.129999999997,8033.889999999998,225.81561151079134,UP,30.46,GAS_STATION,27.339424460431655,365.69,233.5448,599.2348,N,TXN_V2.1,2026-06-29,2026-06-29 19:54:02.665208
1191,2026-06,2,2,105.0,12653.34,16114.81,3461.4699999999993,273.982380952381,UP,33.22,RESTAURANT,39.99666666666666,228.07999999999998,253.0668,481.1468,N,TXN_V2.1,2026-06-29,2026-06-29 19:54:02.665208
1192,2026-06,2,2,97.0,5129.32,38895.119999999995,33765.799999999996,453.86020618556694,UP,16.68,RESTAURANT,35.055154639175264,278.83000000000004,102.5864,381.41640000000007,N,TXN_V2.1,2026-06-29,2026-06-29 19:54:02.665208
1193,2026-06,3,3,146.0,40160.2,32992.26,-7167.939999999995,501.0442465753424,DOWN,86.54,RETAIL,32.876438356164385,445.03,803.204,1248.234,N,TXN_V2.1,2026-06-29,2026-06-29 19:54:02.665208
1194,2026-06,3,3,79.0,22020.16,4343.14,-17677.02,333.71265822784807,DOWN,56.9,UTILITIES,41.76962025316455,229.39,440.4032,669.7932000000001,N,TXN_V2.1,2026-06-29,2026-06-29 19:54:02.665208
1195,2026-06,3,3,155.0,39343.44,30547.79,-8795.650000000001,450.91116129032264,DOWN,85.7,RETAIL,37.418,545.5699999999999,786.8688000000001,1332.4388,N,TXN_V2.1,2026-06-29,2026-06-29 19:54:02.665208
1196,2026-06,2,2,85.0,12995.0,10561.669999999998,-2433.3300000000017,277.13729411764706,DOWN,34.3,TRAVEL,34.11611764705882,148.17,259.9,408.06999999999994,N,TXN_V2.1,2026-06-29,2026-06-29 19:54:02.665208
1197,2026-06,4,4,211.0,19089.46,37208.64,18119.18,266.81563981042655,UP,50.32,RETAIL,41.23331753554503,292.12,381.7892,673.9092,N,TXN_V2.1,2026-06-29,2026-06-29 19:54:02.665208
1198,2026-06,1,1,30.0,2149.63,540.81,-1608.8200000000002,89.68133333333334,DOWN,7.12,HEALTHCARE,46.67000000000001,94.25,42.9926,137.2426,N,TXN_V2.1,2026-06-29,2026-06-29 19:54:02.665208
1199,2026-06,2,2,84.0,5363.379999999999,10602.56,5239.18,190.07071428571427,UP,17.08,GROCERY,32.13999999999999,239.58,107.26759999999999,346.8476,N,TXN_V2.1,2026-06-29,2026-06-29 19:54:02.665208
1200,2026-06,4,4,189.0,58120.79,9633.58,-48487.21,358.4887301587301,DOWN,97.08,RETAIL,36.510000000000005,422.11,1162.4158,1584.5258,N,TXN_V2.1,2026-06-29,2026-06-29 19:54:02.665208
1201,2026-06,3,3,158.0,27675.38,48107.1,20431.719999999998,479.6359493670886,UP,68.72,RESTAURANT,30.379430379746836,191.31,553.5076,744.8176000000001,N,TXN_V2.1,2026-06-29,2026-06-29 19:54:02.665208
1202,2026-06,1,1,17.0,1569.73,485.55,-1084.18,120.89882352941177,DOWN,4.04,ENTERTAINMENT,29.410000000000004,0.0,31.3946,31.3946,N,TXN_V2.1,2026-06-29,2026-06-29 19:54:02.665208
1203,2026-06,4,4,170.0,18180.74,15574.78,-2605.960000000001,198.5618823529412,DOWN,48.28,RETAIL,34.706411764705884,329.15,363.61480000000006,692.7648,N,TXN_V2.1,2026-06-29,2026-06-29 19:54:02.665208
1204,2026-06,4,3,172.0,29849.1,42903.01,13053.910000000003,422.9773837209302,UP,72.34,RESTAURANT,40.69238372093023,448.67,596.982,1045.652,N,TXN_V2.1,2026-06-29,2026-06-29 19:54:02.665208
1205,2026-06,3,3,127.0,23955.5,4752.84,-19202.66,226.04992125984253,DOWN,61.34,RESTAURANT,41.72889763779528,410.1,479.11,889.21,N,TXN_V2.1,2026-06-29,2026-06-29 19:54:02.665208
1206,2026-06,2,2,82.0,20350.8,2919.46,-17431.34,283.78365853658534,DOWN,52.9,TRAVEL,42.682682926829266,103.22,407.016,510.236,N,TXN_V2.1,2026-06-29,2026-06-29 19:54:02.665208
1207,2026-06,2,2,51.0,8566.41,8810.31,243.89999999999964,340.72,STABLE,22.78,UTILITIES,27.449999999999996,139.45,171.3282,310.77819999999997,N,TXN_V2.1,2026-06-29,2026-06-29 19:54:02.665208
1208,2026-06,3,2,77.0,12279.41,14687.39,2407.9799999999996,350.2181818181818,UP,32.12,UTILITIES,37.661818181818184,251.7,245.5882,497.28819999999996,N,TXN_V2.1,2026-06-29,2026-06-29 19:54:02.665208
1209,2026-06,1,1,50.0,20510.8,1644.24,-18866.559999999998,443.1008,DOWN,53.24,RETAIL,52.0,153.46,410.216,563.676,N,TXN_V2.1,2026-06-29,2026-06-29 19:54:02.665208
1210,2026-06,2,2,105.0,19295.39,37780.490000000005,18485.100000000006,543.5798095238096,UP,50.82,RESTAURANT,45.71000000000001,256.74,385.9078,642.6478,N,TXN_V2.1,2026-06-29,2026-06-29 19:54:02.665208
1211,2026-06,3,3,83.0,4872.7,10425.16,5552.46,184.31156626506024,UP,16.2,RETAIL,30.116024096385548,112.82,97.454,210.274,N,TXN_V2.1,2026-06-29,2026-06-29 19:54:02.665208
1212,2026-06,1,1,30.0,11146.88,7419.06,-3727.819999999999,618.8646666666666,DOWN,29.0,UTILITIES,40.0,36.26,222.93759999999997,259.19759999999997,N,TXN_V2.1,2026-06-29,2026-06-29 19:54:02.665208
1213,2026-06,3,3,66.0,4717.02,31710.64,26993.62,551.9342424242425,UP,15.9,RETAIL,40.91090909090909,213.70999999999998,94.34040000000002,308.05039999999997,N,TXN_V2.1,2026-06-29,2026-06-29 19:54:02.665208
1214,2026-06,2,2,83.0,36936.130000000005,12469.75,-24466.380000000005,595.2515662650603,DOWN,82.76,RESTAURANT,36.14120481927711,223.04,738.7226,961.7626,N,TXN_V2.1,2026-06-29,2026-06-29 19:54:02.665208
1215,2026-06,2,2,74.0,13028.630000000001,14332.63,1303.9999999999982,369.7467567567568,STABLE,34.4,TRAVEL,43.244729729729734,303.41,260.5726,563.9826,N,TXN_V2.1,2026-06-29,2026-06-29 19:54:02.665208
1216,2026-06,1,1,64.0,21925.28,2201.73,-19723.55,376.98453125,DOWN,56.7,INSURANCE,29.69,148.5,438.50559999999996,587.0056,N,TXN_V2.1,2026-06-29,2026-06-29 19:54:02.665208
1217,2026-06,4,4,205.0,24423.05,25435.94,1012.8899999999994,243.21458536585365,STABLE,62.34,UTILITIES,36.5810243902439,442.92,488.461,931.3810000000001,N,TXN_V2.1,2026-06-29,2026-06-29 19:54:02.665208
1218,2026-06,2,2,100.0,6218.44,14359.05,8140.61,205.77489999999997,UP,19.0,UTILITIES,37.995999999999995,314.47,124.3688,438.8388,N,TXN_V2.1,2026-06-29,2026-06-29 19:54:02.665208
1219,2026-06,3,3,108.0,42322.51,14226.560000000001,-28095.95,523.6025000000001,DOWN,88.5,GAS_STATION,33.33138888888889,279.41,846.4502000000001,1125.8602,N,TXN_V2.1,2026-06-29,2026-06-29 19:54:02.665208
1220,2026-06,3,3,103.0,32332.190000000002,4016.34,-28315.850000000002,352.8983495145631,DOWN,76.44,TRAVEL,30.09611650485437,220.03,646.6438,866.6738,N,TXN_V2.1,2026-06-29,2026-06-29 19:54:02.665208
1221,2026-06,2,2,106.0,34054.15,30004.11,-4050.040000000001,604.3232075471699,DOWN,78.92,TRAVEL,36.796226415094345,72.27,681.0830000000001,753.3530000000001,N,TXN_V2.1,2026-06-29,2026-06-29 19:54:02.665208
1222,2026-06,1,1,74.0,24825.96,35017.29,10191.330000000002,808.6925675675676,UP,63.16,TRAVEL,37.83,173.79,496.5192,670.3092,N,TXN_V2.1,2026-06-29,2026-06-29 19:54:02.665208
1223,2026-06,4,4,146.0,41453.42,24749.49,-16703.929999999997,453.4445890410959,DOWN,87.54,WIRE_TRANSFER_INTL,38.35705479452055,476.41999999999996,829.0684,1305.4884,N,TXN_V2.1,2026-06-29,2026-06-29 19:54:02.665208
1224,2026-06,3,3,179.0,25786.14,63635.869999999995,37849.729999999996,499.5643016759776,UP,64.98,UTILITIES,36.30882681564246,395.30999999999995,515.7228,911.0328,N,TXN_V2.1,2026-06-29,2026-06-29 19:54:02.665208
1225,2026-06,1,1,19.0,1646.48,712.72,-933.76,124.16842105263157,DOWN,4.36,RESTAURANT,21.060000000000002,44.55,32.9296,77.4796,N,TXN_V2.1,2026-06-29,2026-06-29 19:54:02.665208
1226,2026-06,4,4,159.0,32748.48,55616.91,22868.430000000004,555.7571698113208,UP,76.92,UTILITIES,44.021823899371064,408.0,654.9696,1062.9696,N,TXN_V2.1,2026-06-29,2026-06-29 19:54:02.665208
1227,2026-06,2,1,97.0,5117.93,15333.59,10215.66,210.84041237113402,UP,16.64,RESTAURANT,42.26762886597938,124.08,102.35860000000001,226.4386,N,TXN_V2.1,2026-06-29,2026-06-29 19:54:02.665208
1228,2026-06,3,3,135.0,8800.36,14666.25,5865.889999999999,173.82674074074075,UP,23.24,RESTAURANT,37.77874074074074,283.85,176.0072,459.85720000000003,N,TXN_V2.1,2026-06-29,2026-06-29 19:54:02.665208
1229,2026-06,3,3,144.0,10239.93,25848.67,15608.739999999998,250.61527777777778,UP,26.74,RESTAURANT,36.10826388888888,292.92,204.79860000000002,497.71860000000004,N,TXN_V2.1,2026-06-29,2026-06-29 19:54:02.665208
1230,2026-06,4,4,195.0,38826.100000000006,24522.87,-14303.230000000007,324.8665128205128,DOWN,85.22,RETAIL,38.97451282051282,479.73,776.5220000000002,1256.2520000000002,N,TXN_V2.1,2026-06-29,2026-06-29 19:54:02.665208
1231,2026-06,1,1,38.0,3239.47,7461.04,4221.57,281.59236842105264,UP,11.82,RESTAURANT,28.95,48.12,64.7894,112.9094,N,TXN_V2.1,2026-06-29,2026-06-29 19:54:02.665208
1232,2026-06,3,3,128.0,14857.300000000001,18367.79,3510.49,259.57101562500003,UP,40.08,GROCERY,39.0625,343.31,297.146,640.456,N,TXN_V2.1,2026-06-29,2026-06-29 19:54:02.665208
1233,2026-06,4,4,191.0,60331.979999999996,8265.65,-52066.329999999994,359.1498952879581,DOWN,97.68,HEALTHCARE,39.26858638743455,591.12,1206.6396,1797.7595999999999,N,TXN_V2.1,2026-06-29,2026-06-29 19:54:02.665208
1234,2026-06,2,2,103.0,34890.64,4209.13,-30681.51,379.60941747572815,DOWN,80.02,TRAVEL,38.83174757281554,109.22,697.8128,807.0328000000001,N,TXN_V2.1,2026-06-29,2026-06-29 19:54:02.665208
1235,2026-06,2,2,97.0,12292.43,26033.739999999998,13741.309999999998,395.1151546391752,UP,32.18,HEALTHCARE,40.20927835051546,100.63,245.8486,346.47860000000003,N,TXN_V2.1,2026-06-29,2026-06-29 19:54:02.665208
1236,2026-06,3,3,167.0,22899.19,28744.269999999997,5845.079999999998,309.2422754491017,UP,59.02,HEALTHCARE,38.92311377245509,542.63,457.9838,1000.6138,N,TXN_V2.1,2026-06-29,2026-06-29 19:54:02.665208
1237,2026-06,3,3,167.0,29768.86,14994.329999999998,-14774.530000000002,268.0430538922156,DOWN,72.16,RESTAURANT,36.53035928143713,507.01,595.3772,1102.3872000000001,N,TXN_V2.1,2026-06-29,2026-06-29 19:54:02.665208
1238,2026-06,1,1,37.0,20615.36,24472.33,3856.970000000001,1218.5862162162164,STABLE,53.36,RETAIL,43.24,40.67,412.3072,452.97720000000004,N,TXN_V2.1,2026-06-29,2026-06-29 19:54:02.665208
1239,2026-06,3,3,157.0,50203.49,12744.1,-37459.39,400.9400636942675,DOWN,94.32,RETAIL,31.84904458598726,207.0,1004.0698,1211.0698,N,TXN_V2.1,2026-06-29,2026-06-29 19:54:02.665208
1240,2026-06,2,2,120.0,26119.29,38511.520000000004,12392.230000000003,538.5900833333334,UP,65.54,RESTAURANT,32.503499999999995,274.25,522.3858,796.6358,N,TXN_V2.1,2026-06-29,2026-06-29 19:54:02.665208
1241,2026-06,2,2,133.0,7799.82,17980.97,10181.150000000001,193.84052631578948,UP,21.52,RETAIL,39.09984962406015,255.45999999999998,155.9964,411.4564,N,TXN_V2.1,2026-06-29,2026-06-29 19:54:02.665208
1242,2026-06,4,4,201.0,36593.73,18825.55,-17768.180000000004,275.71781094527364,DOWN,82.16,RESTAURANT,48.75636815920398,593.19,731.8746000000001,1325.0646000000002,N,TXN_V2.1,2026-06-29,2026-06-29 19:54:02.665208
1243,2026-06,1,1,48.0,1477.08,3504.41,2027.33,103.78104166666667,UP,3.54,RETAIL,45.83,127.14,29.5416,156.6816,N,TXN_V2.1,2026-06-29,2026-06-29 19:54:02.665208
1244,2026-06,1,1,36.0,12665.81,2669.24,-9996.57,425.9736111111111,DOWN,33.28,GROCERY,36.11000000000001,69.79,253.3162,323.1062,N,TXN_V2.1,2026-06-29,2026-06-29 19:54:02.665208
1245,2026-06,1,1,71.0,8210.29,4923.86,-3286.430000000001,184.98802816901411,DOWN,22.18,GROCERY,49.290000000000006,136.86,164.2058,301.0658,N,TXN_V2.1,2026-06-29,2026-06-29 19:54:02.665208
1246,2026-06,1,1,40.0,12861.0,1027.19,-11833.81,347.20475,DOWN,33.8,TRAVEL,45.0,63.53,257.22,320.75,N,TXN_V2.1,2026-06-29,2026-06-29 19:54:02.665208
1247,2026-06,3,3,99.0,15312.56,17285.34,1972.7800000000007,329.27171717171717,UP,41.24,TRAVEL,40.405050505050504,434.18,306.2512,740.4312,N,TXN_V2.1,2026-06-29,2026-06-29 19:54:02.665208
1248,2026-06,1,1,55.0,2211.28,4771.53,2560.2499999999995,126.96018181818181,UP,7.5,GAS_STATION,38.18,66.93,44.22560000000001,111.15560000000002,N,TXN_V2.1,2026-06-29,2026-06-29 19:54:02.665208
1249,2026-06,1,1,67.0,25640.18,4492.0,-21148.18,449.73402985074625,DOWN,64.64,RESTAURANT,34.32999999999999,116.62,512.8036,629.4236,N,TXN_V2.1,2026-06-29,2026-06-29 19:54:02.665208
1250,2026-06,3,3,115.0,46727.09,11083.13,-35643.96,502.69756521739123,DOWN,91.86,RETAIL,39.99852173913043,285.90999999999997,934.5418,1220.4517999999998,N,TXN_V2.1,2026-06-29,2026-06-29 19:54:02.665208
1251,2026-06,4,3,191.0,11495.86,47737.56,36241.7,310.1226178010471,UP,30.02,TRAVEL,42.93057591623037,223.07,229.9172,452.98720000000003,N,TXN_V2.1,2026-06-29,2026-06-29 19:54:02.665208
1252,2026-06,2,2,73.0,34241.17,1621.74,-32619.429999999997,491.27273972602734,DOWN,79.16,INSURANCE,42.46095890410959,169.48,684.8234,854.3034,N,TXN_V2.1,2026-06-29,2026-06-29 19:54:02.665208
1253,2026-06,3,3,135.0,22488.13,11832.68,-10655.45,254.2282222222222,DOWN,58.0,RETAIL,35.553185185185185,239.95,449.7626,689.7126000000001,N,TXN_V2.1,2026-06-29,2026-06-29 19:54:02.665208
1254,2026-06,2,2,126.0,26217.54,23764.71,-2452.8300000000017,396.6845238095238,DOWN,65.74,GROCERY,46.03484126984127,271.76,524.3508,796.1108,N,TXN_V2.1,2026-06-29,2026-06-29 19:54:02.665208
1255,2026-06,3,3,151.0,23917.97,16060.4,-7857.5700000000015,264.7574172185431,DOWN,61.2,RETAIL,44.36516556291391,360.77,478.35940000000005,839.1294,N,TXN_V2.1,2026-06-29,2026-06-29 19:54:02.665208
1256,2026-06,1,1,51.0,10704.91,2621.24,-8083.67,261.2970588235294,DOWN,28.02,GAS_STATION,35.3,91.38,214.0982,305.4782,N,TXN_V2.1,2026-06-29,2026-06-29 19:54:02.665208
1257,2026-06,3,2,92.0,14688.45,13930.85,-757.6000000000004,311.079347826087,STABLE,39.54,HEALTHCARE,42.391630434782606,220.5,293.769,514.269,N,TXN_V2.1,2026-06-29,2026-06-29 19:54:02.665208
1258,2026-06,4,4,168.0,9351.69,33598.4,24246.71,255.65529761904764,UP,24.64,RETAIL,36.30732142857143,375.49,187.0338,562.5238,N,TXN_V2.1,2026-06-29,2026-06-29 19:54:02.665208
1259,2026-06,2,2,131.0,27351.46,15945.310000000001,-11406.149999999998,330.5096946564886,DOWN,67.98,GROCERY,31.300305343511447,291.36,547.0292,838.3892,N,TXN_V2.1,2026-06-29,2026-06-29 19:54:02.665208
1260,2026-06,4,4,176.0,33616.5,21603.45,-12013.05,313.74971590909087,DOWN,78.36,UTILITIES,36.93386363636363,240.32,672.33,912.6500000000001,N,TXN_V2.1,2026-06-29,2026-06-29 19:54:02.665208
1261,2026-06,4,3,183.0,38560.729999999996,26706.09,-11854.639999999996,356.6492896174863,DOWN,84.98,TRAVEL,40.98726775956284,373.35,771.2145999999999,1144.5646,N,TXN_V2.1,2026-06-29,2026-06-29 19:54:02.665208
1262,2026-06,1,1,20.0,2557.3,627.34,-1929.96,159.23200000000003,DOWN,9.22,GAS_STATION,40.0,30.44,51.14600000000001,81.58600000000001,N,TXN_V2.1,2026-06-29,2026-06-29 19:54:02.665208
1263,2026-06,1,1,30.0,1626.88,12734.67,11107.79,478.7183333333333,UP,4.28,HEALTHCARE,43.34,10.5,32.537600000000005,43.037600000000005,N,TXN_V2.1,2026-06-29,2026-06-29 19:54:02.665208
1264,2026-06,1,1,64.0,3303.05,23763.65,20460.600000000002,422.9171875,UP,12.02,GROCERY,42.19,247.68,66.061,313.741,N,TXN_V2.1,2026-06-29,2026-06-29 19:54:02.665208
1265,2026-06,2,2,92.0,23426.769999999997,14458.45,-8968.319999999996,411.7958695652174,DOWN,60.2,RESTAURANT,34.775217391304345,312.47,468.5353999999999,781.0054,N,TXN_V2.1,2026-06-29,2026-06-29 19:54:02.665208
1266,2026-06,3,3,112.0,20913.49,4648.45,-16265.04,228.23160714285717,DOWN,54.4,RESTAURANT,36.606160714285714,194.49,418.26980000000003,612.7598,N,TXN_V2.1,2026-06-29,2026-06-29 19:54:02.665208
1267,2026-06,3,3,125.0,27112.0,8200.59,-18911.41,282.50071999999994,DOWN,67.64,TRAVEL,32.79816,232.62,542.24,774.86,N,TXN_V2.1,2026-06-29,2026-06-29 19:54:02.665208
1268,2026-06,1,1,73.0,13773.52,3185.66,-10587.86,232.31753424657535,DOWN,36.58,HEALTHCARE,36.98999999999999,180.03,275.47040000000004,455.5004,N,TXN_V2.1,2026-06-29,2026-06-29 19:54:02.665208
1269,2026-06,4,4,100.0,6000.14,13797.539999999999,7797.399999999999,197.9768,UP,18.52,TRAVEL,33.0008,275.37,120.00280000000001,395.3728,N,TXN_V2.1,2026-06-29,2026-06-29 19:54:02.665208
1270,2026-06,4,4,235.0,71867.62,51581.380000000005,-20286.23999999999,525.3148936170213,DOWN,99.42,UTILITIES,38.72442553191489,467.72,1437.3524,1905.0724,N,TXN_V2.1,2026-06-29,2026-06-29 19:54:02.665208
1271,2026-06,2,2,97.0,30392.47,12229.56,-18162.910000000003,439.4023711340206,DOWN,73.22,TRAVEL,35.0541237113402,194.56,607.8494000000001,802.4094,N,TXN_V2.1,2026-06-29,2026-06-29 19:54:02.665208
1272,2026-06,1,1,25.0,2395.07,10762.93,8367.86,526.32,UP,8.3,GROCERY,24.0,39.8,47.9014,87.7014,N,TXN_V2.1,2026-06-29,2026-06-29 19:54:02.665208
1273,2026-06,1,1,40.0,8177.77,3111.12,-5066.650000000001,282.22225,DOWN,22.1,GROCERY,32.5,0.0,163.55540000000002,163.55540000000002,N,TXN_V2.1,2026-06-29,2026-06-29 19:54:02.665208
1274,2026-06,2,2,109.0,6319.17,14216.47,7897.299999999999,188.40036697247706,UP,19.24,TRAVEL,40.36935779816514,136.68,126.38340000000001,263.0634,N,TXN_V2.1,2026-06-29,2026-06-29 19:54:02.665208
1275,2026-06,2,2,43.0,10205.99,14040.64,3834.6499999999996,563.8751162790697,UP,26.54,RESTAURANT,37.209767441860464,30.88,204.1198,234.9998,N,TXN_V2.1,2026-06-29,2026-06-29 19:54:02.665208
1276,2026-06,4,4,201.0,46463.84,18816.899999999998,-27646.94,324.77980099502486,DOWN,91.76,RETAIL,42.783184079601995,367.92,929.2768,1297.1968,N,TXN_V2.1,2026-06-29,2026-06-29 19:54:02.665208
1277,2026-06,4,4,222.0,15113.33,35277.28,20163.949999999997,226.98472972972974,UP,40.72,TRAVEL,41.89405405405407,416.13,302.2666,718.3966,N,TXN_V2.1,2026-06-29,2026-06-29 19:54:02.665208
1278,2026-06,1,1,47.0,1804.82,3790.52,1985.7,119.04978723404255,UP,5.32,GROCERY,34.04,34.35,36.0964,70.44640000000001,N,TXN_V2.1,2026-06-29,2026-06-29 19:54:02.665208
1279,2026-06,2,2,116.0,14527.75,3820.74,-10707.01,158.17663793103446,DOWN,38.92,TRAVEL,42.24224137931034,333.35,290.555,623.905,N,TXN_V2.1,2026-06-29,2026-06-29 19:54:02.665208
1280,2026-06,3,3,175.0,13833.65,37859.46000000001,24025.810000000005,295.3892,UP,36.78,RESTAURANT,37.14542857142857,341.89,276.673,618.563,N,TXN_V2.1,2026-06-29,2026-06-29 19:54:02.665208
1281,2026-06,2,2,110.0,35287.8,25831.77,-9456.030000000002,555.6324545454546,DOWN,80.42,UTILITIES,34.546,306.73,705.7560000000001,1012.4860000000001,N,TXN_V2.1,2026-06-29,2026-06-29 19:54:02.665208
1282,2026-06,3,3,120.0,28578.300000000003,14775.08,-13803.220000000003,361.2781666666667,DOWN,70.4,TRAVEL,44.167833333333334,451.39,571.566,1022.956,N,TXN_V2.1,2026-06-29,2026-06-29 19:54:02.665208
1283,2026-06,4,4,131.0,44582.95,27505.5,-17077.449999999997,550.2935114503816,DOWN,90.32,RETAIL,44.27465648854961,374.26,891.659,1265.9189999999999,N,TXN_V2.1,2026-06-29,2026-06-29 19:54:02.665208
1284,2026-06,1,1,38.0,14558.89,18976.75,4417.860000000001,882.5168421052631,UP,39.02,GROCERY,39.47,38.05,291.1778,329.2278,N,TXN_V2.1,2026-06-29,2026-06-29 19:54:02.665208
1285,2026-06,1,1,29.0,921.07,1796.97,875.9,93.72551724137931,UP,1.22,GROCERY,55.169999999999995,97.72,18.421400000000002,116.1414,N,TXN_V2.1,2026-06-29,2026-06-29 19:54:02.665208
1286,2026-06,1,1,73.0,3858.21,12730.91,8872.7,227.24821917808217,UP,13.58,GROCERY,32.88,338.05,77.16420000000001,415.2142,N,TXN_V2.1,2026-06-29,2026-06-29 19:54:02.665208
1287,2026-06,1,1,41.0,4290.12,657.62,-3632.5,120.67658536585365,DOWN,14.94,RETAIL,29.270000000000003,67.48,85.8024,153.2824,N,TXN_V2.1,2026-06-29,2026-06-29 19:54:02.665208
1288,2026-06,1,1,20.0,1507.19,214.07,-1293.1200000000001,86.063,DOWN,3.72,GROCERY,30.0,66.0,30.143800000000002,96.1438,N,TXN_V2.1,2026-06-29,2026-06-29 19:54:02.665208
1289,2026-06,3,3,175.0,56523.340000000004,32718.25,-23805.090000000004,509.95194285714285,DOWN,96.58,RETAIL,36.00011428571428,290.24,1130.4668000000001,1420.7068000000002,N,TXN_V2.1,2026-06-29,2026-06-29 19:54:02.665208
1290,2026-06,4,4,188.0,43443.729999999996,9277.45,-34166.28,280.43180851063823,DOWN,89.26,RETAIL,40.42867021276596,244.38,868.8746,1113.2546,N,TXN_V2.1,2026-06-29,2026-06-29 19:54:02.665208
1291,2026-06,3,3,146.0,9219.630000000001,18266.8,9047.169999999998,188.26321917808218,UP,24.22,RETAIL,31.502945205479456,221.78,184.39260000000002,406.1726,N,TXN_V2.1,2026-06-29,2026-06-29 19:54:02.665208
1292,2026-06,1,1,64.0,2103.69,12253.02,10149.33,224.32359375000001,UP,6.88,RESTAURANT,32.81,151.15,42.0738,193.2238,N,TXN_V2.1,2026-06-29,2026-06-29 19:54:02.665208
1293,2026-06,3,2,86.0,19591.85,13397.45,-6194.399999999998,383.59651162790703,DOWN,51.38,RESTAURANT,36.04488372093023,202.01999999999998,391.837,593.857,N,TXN_V2.1,2026-06-29,2026-06-29 19:54:02.665208
1294,2026-06,1,1,68.0,32238.37,2435.13,-29803.239999999998,509.90441176470586,DOWN,76.24,RESTAURANT,32.349999999999994,96.26,644.7674,741.0274,N,TXN_V2.1,2026-06-29,2026-06-29 19:54:02.665208
1295,2026-06,4,4,210.0,44422.35,38618.89,-5803.459999999999,395.4344761904761,DOWN,90.2,UTILITIES,43.81290476190476,565.39,888.447,1453.837,N,TXN_V2.1,2026-06-29,2026-06-29 19:54:02.665208
1296,2026-06,4,4,238.0,35189.0,42147.94,6958.940000000002,324.9451260504202,UP,80.3,TRAVEL,41.179915966386545,580.91,703.78,1284.69,N,TXN_V2.1,2026-06-29,2026-06-29 19:54:02.665208
1297,2026-06,2,2,105.0,27056.46,16518.19,-10538.27,414.9966666666666,DOWN,67.5,RESTAURANT,45.71542857142857,107.53999999999999,541.1292,648.6691999999999,N,TXN_V2.1,2026-06-29,2026-06-29 19:54:02.665208
1298,2026-06,4,4,176.0,37659.65,18938.99,-18720.66,321.5831818181818,DOWN,83.9,TRAVEL,42.040909090909096,639.92,753.1930000000001,1393.113,N,TXN_V2.1,2026-06-29,2026-06-29 19:54:02.665208
1299,2026-06,2,2,65.0,35048.03,3685.77,-31362.26,595.9046153846153,DOWN,80.2,RETAIL,33.84676923076923,188.66,700.9606,889.6206,N,TXN_V2.1,2026-06-29,2026-06-29 19:54:02.665208
1300,2026-06,4,4,229.0,44444.65,26251.47,-18193.18,308.7166812227074,DOWN,90.22,UTILITIES,37.551834061135374,475.52,888.893,1364.413,N,TXN_V2.1,2026-06-29,2026-06-29 19:54:02.665208
1301,2026-06,4,4,224.0,52174.939999999995,11494.39,-40680.549999999996,284.23808035714285,DOWN,95.16,GROCERY,38.395223214285714,642.6800000000001,1043.4987999999998,1686.1788,N,TXN_V2.1,2026-06-29,2026-06-29 19:54:02.665208
1302,2026-06,3,3,148.0,8921.55,33512.28,24590.73,286.7150675675676,UP,23.58,TRAVEL,35.81148648648649,508.55,178.43099999999998,686.981,N,TXN_V2.1,2026-06-29,2026-06-29 19:54:02.665208
1303,2026-06,3,3,111.0,15811.08,21739.96,5928.879999999999,338.2976576576577,UP,42.64,TRAVEL,39.645585585585586,151.56,316.2216,467.7816,N,TXN_V2.1,2026-06-29,2026-06-29 19:54:02.665208
1304,2026-06,3,2,115.0,25616.72,7100.94,-18515.780000000002,284.5013913043478,DOWN,64.58,HEALTHCARE,38.26130434782609,210.49,512.3344000000001,722.8244000000001,N,TXN_V2.1,2026-06-29,2026-06-29 19:54:02.665208
1305,2026-06,1,1,73.0,3972.71,5329.8,1357.0900000000001,127.43164383561644,UP,13.98,GROCERY,42.47,147.21,79.4542,226.6642,N,TXN_V2.1,2026-06-29,2026-06-29 19:54:02.665208
1306,2026-06,1,1,66.0,11814.55,14428.82,2614.2700000000004,397.6268181818182,UP,30.9,GAMBLING,42.42,169.33,236.291,405.621,N,TXN_V2.1,2026-06-29,2026-06-29 19:54:02.665208
1307,2026-06,1,1,63.0,9860.14,4074.41,-5785.73,221.1833333333333,DOWN,25.74,GROCERY,42.849999999999994,107.14,197.2028,304.3428,N,TXN_V2.1,2026-06-29,2026-06-29 19:54:02.665208
1308,2026-06,1,1,44.0,25470.61,1094.77,-24375.84,603.7586363636364,DOWN,64.24,GROCERY,45.45,80.73,509.41220000000004,590.1422,N,TXN_V2.1,2026-06-29,2026-06-29 19:54:02.665208
1309,2026-06,2,2,67.0,10892.76,18288.760000000002,7396.000000000002,435.54507462686576,UP,28.44,TRAVEL,38.80641791044776,61.99,217.8552,279.8452,N,TXN_V2.1,2026-06-29,2026-06-29 19:54:02.665208
1310,2026-06,2,2,96.0,4639.62,17066.22,12426.600000000002,226.1025,UP,15.66,RETAIL,36.455625,197.53,92.7924,290.3224,N,TXN_V2.1,2026-06-29,2026-06-29 19:54:02.665208
1311,2026-06,3,3,104.0,11445.62,4874.63,-6570.990000000001,156.92548076923077,DOWN,29.84,RESTAURANT,45.19192307692307,309.5,228.91240000000002,538.4124,N,TXN_V2.1,2026-06-29,2026-06-29 19:54:02.665208
1312,2026-06,2,2,89.0,25243.41,20860.9,-4382.509999999998,518.0259550561798,DOWN,63.74,GROCERY,33.713146067415735,155.66,504.8682,660.5282,N,TXN_V2.1,2026-06-29,2026-06-29 19:54:02.665208
1313,2026-06,1,1,46.0,12733.73,3218.45,-9515.279999999999,346.7865217391304,DOWN,33.54,GROCERY,39.129999999999995,148.88,254.6746,403.5546,N,TXN_V2.1,2026-06-29,2026-06-29 19:54:02.665208
1314,2026-06,3,3,154.0,26491.6,27339.35,847.75,349.55162337662335,STABLE,66.26,GROCERY,44.155584415584414,308.95,529.832,838.7819999999999,N,TXN_V2.1,2026-06-29,2026-06-29 19:54:02.665208
1315,2026-06,4,4,153.0,48168.399999999994,19875.78,-28292.619999999995,444.733202614379,DOWN,92.98,UTILITIES,37.908496732026144,197.29,963.3679999999999,1160.658,N,TXN_V2.1,2026-06-29,2026-06-29 19:54:02.665208
1316,2026-06,3,2,107.0,11707.53,23775.31,12067.78,331.61532710280375,UP,30.58,UTILITIES,38.31953271028038,217.41,234.15060000000003,451.5606,N,TXN_V2.1,2026-06-29,2026-06-29 19:54:02.665208
1317,2026-06,4,3,163.0,33420.45,33987.57,567.1200000000026,413.54613496932507,STABLE,78.06,RETAIL,36.195337423312886,542.75,668.409,1211.159,N,TXN_V2.1,2026-06-29,2026-06-29 19:54:02.665208
1318,2026-06,3,3,136.0,16376.28,5483.73,-10892.550000000001,160.73536764705884,DOWN,44.16,UTILITIES,44.8514705882353,260.87,327.5256,588.3956000000001,N,TXN_V2.1,2026-06-29,2026-06-29 19:54:02.665208
1319,2026-06,1,1,23.0,2448.87,580.88,-1867.9899999999998,131.72826086956522,DOWN,8.62,GROCERY,30.43,58.95,48.977399999999996,107.9274,N,TXN_V2.1,2026-06-29,2026-06-29 19:54:02.665208
1320,2026-06,3,3,120.0,14091.81,19835.05,5743.24,282.72383333333335,UP,37.56,RETAIL,42.50241666666666,260.84000000000003,281.8362,542.6762000000001,N,TXN_V2.1,2026-06-29,2026-06-29 19:54:02.665208
1321,2026-06,3,3,117.0,33429.020000000004,4683.5,-28745.520000000004,325.74803418803424,DOWN,78.08,RESTAURANT,38.46264957264957,377.55,668.5804,1046.1304,N,TXN_V2.1,2026-06-29,2026-06-29 19:54:02.665208
1322,2026-06,1,1,55.0,10410.76,17442.28,7031.519999999999,506.4189090909091,UP,27.2,INSURANCE,43.63999999999999,200.22,208.2152,408.4352,N,TXN_V2.1,2026-06-29,2026-06-29 19:54:02.665208
1323,2026-06,2,1,81.0,13733.23,12378.0,-1355.2299999999996,322.3608641975309,STABLE,36.48,RESTAURANT,44.44308641975309,103.73,274.6646,378.3946,N,TXN_V2.1,2026-06-29,2026-06-29 19:54:02.665208
1324,2026-06,1,1,55.0,12387.8,3189.6,-9198.199999999999,283.2254545454545,DOWN,32.4,TRAVEL,36.36000000000001,107.36,247.756,355.116,N,TXN_V2.1,2026-06-29,2026-06-29 19:54:02.665208
1325,2026-06,3,3,148.0,13783.68,15384.82,1601.1399999999994,197.08445945945945,UP,36.64,UTILITIES,33.785,267.72,275.6736,543.3936000000001,N,TXN_V2.1,2026-06-29,2026-06-29 19:54:02.665208
1326,2026-06,4,4,152.0,22263.15,17171.96,-5091.190000000002,259.44151315789475,DOWN,57.48,RESTAURANT,36.840592105263156,337.54,445.26300000000003,782.8030000000001,N,TXN_V2.1,2026-06-29,2026-06-29 19:54:02.665208
1327,2026-06,1,1,16.0,996.59,620.45,-376.14,101.065,STABLE,1.5,UTILITIES,62.5,0.0,19.931800000000003,19.931800000000003,N,TXN_V2.1,2026-06-29,2026-06-29 19:54:02.665208
1328,2026-06,4,3,200.0,44617.85,25679.48,-18938.37,351.48665,DOWN,90.38,TRAVEL,43.0033,438.52,892.357,1330.877,N,TXN_V2.1,2026-06-29,2026-06-29 19:54:02.665208
1329,2026-06,1,1,27.0,1227.35,18704.79,17477.440000000002,738.2274074074074,UP,2.44,RETAIL,25.919999999999998,93.7,24.546999999999997,118.247,N,TXN_V2.1,2026-06-29,2026-06-29 19:54:02.665208
1330,2026-06,2,2,130.0,18719.85,18788.47,68.62000000000262,288.5255384615385,STABLE,49.32,GAS_STATION,33.84461538461539,323.56,374.397,697.957,N,TXN_V2.1,2026-06-29,2026-06-29 19:54:02.665208
1331,2026-06,3,3,177.0,27275.019999999997,30584.76,3309.7400000000016,326.89141242937853,UP,67.88,RETAIL,44.071920903954805,510.37,545.5003999999999,1055.8703999999998,N,TXN_V2.1,2026-06-29,2026-06-29 19:54:02.665208
1332,2026-06,3,3,192.0,40630.25,10192.27,-30437.98,264.700625,DOWN,87.0,RETAIL,35.9375,465.69,812.605,1278.295,N,TXN_V2.1,2026-06-29,2026-06-29 19:54:02.665208
1333,2026-06,4,4,202.0,39663.97,45186.659999999996,5522.689999999995,420.05262376237624,UP,86.08,RETAIL,40.095990099009896,429.96000000000004,793.2794,1223.2394,N,TXN_V2.1,2026-06-29,2026-06-29 19:54:02.665208
1334,2026-06,4,4,140.0,18395.379999999997,34396.53,16001.150000000001,377.0850714285714,UP,48.7,GROCERY,37.144642857142856,321.58,367.90759999999995,689.4875999999999,N,TXN_V2.1,2026-06-29,2026-06-29 19:54:02.665208
1335,2026-06,3,3,146.0,24714.96,23615.39,-1099.5699999999997,331.0297945205479,STABLE,63.0,RETAIL,37.66739726027397,296.11,494.2992,790.4092,N,TXN_V2.1,2026-06-29,2026-06-29 19:54:02.665208
1336,2026-06,4,4,190.0,63137.600000000006,25834.43,-37303.170000000006,468.27384210526316,DOWN,98.34,RETAIL,40.00105263157894,383.54,1262.7520000000002,1646.2920000000001,N,TXN_V2.1,2026-06-29,2026-06-29 19:54:02.665208
1337,2026-06,2,2,90.0,13687.92,4953.27,-8734.65,207.12433333333337,DOWN,36.28,TRAVEL,41.11333333333333,169.85,273.7584,443.60839999999996,N,TXN_V2.1,2026-06-29,2026-06-29 19:54:02.665208
1338,2026-06,1,1,26.0,13848.28,835.94,-13012.34,564.7776923076924,DOWN,36.82,TRAVEL,42.300000000000004,42.92,276.9656,319.8856,N,TXN_V2.1,2026-06-29,2026-06-29 19:54:02.665208
1339,2026-06,3,3,119.0,14235.04,22110.92,7875.879999999997,305.42823529411766,UP,37.98,GROCERY,34.45798319327731,287.36,284.7008,572.0608,N,TXN_V2.1,2026-06-29,2026-06-29 19:54:02.665208
1340,2026-06,4,3,202.0,73146.42,90368.26999999999,17221.84999999999,809.4786633663366,UP,99.48,RESTAURANT,42.077623762376234,483.74,1462.9284,1946.6684,N,TXN_V2.1,2026-06-29,2026-06-29 19:54:02.665208
1341,2026-06,1,1,49.0,13375.32,10587.06,-2788.26,489.0281632653061,DOWN,35.36,RETAIL,38.78,61.7,267.5064,329.2064,N,TXN_V2.1,2026-06-29,2026-06-29 19:54:02.665208
1342,2026-06,1,1,31.0,10243.0,518.59,-9724.41,347.148064516129,DOWN,26.78,TRAVEL,38.709999999999994,19.81,204.86,224.67000000000002,N,TXN_V2.1,2026-06-29,2026-06-29 19:54:02.665208
1343,2026-06,4,4,117.0,49561.38,23956.38,-25604.999999999996,628.3569230769231,DOWN,93.9,TRAVEL,39.316752136752136,283.98,991.2275999999999,1275.2076,N,TXN_V2.1,2026-06-29,2026-06-29 19:54:02.665208
1344,2026-06,3,3,130.0,21003.0,27248.579999999998,6245.579999999998,371.166,UP,54.58,RETAIL,45.38123076923078,206.37,420.06,626.4300000000001,N,TXN_V2.1,2026-06-29,2026-06-29 19:54:02.665208
1345,2026-06,4,4,171.0,51887.4,21355.22,-30532.18,428.3194152046783,DOWN,94.94,RESTAURANT,43.860935672514614,286.23,1037.748,1323.978,N,TXN_V2.1,2026-06-29,2026-06-29 19:54:02.665208
1346,2026-06,1,1,54.0,22351.15,1386.39,-20964.760000000002,439.58407407407407,DOWN,57.7,HEALTHCARE,38.88999999999999,120.33,447.023,567.3530000000001,N,TXN_V2.1,2026-06-29,2026-06-29 19:54:02.665208
1347,2026-06,2,2,130.0,9282.470000000001,6629.77,-2652.7000000000007,122.40184615384617,DOWN,24.36,GROCERY,33.84553846153846,244.48,185.6494,430.12940000000003,N,TXN_V2.1,2026-06-29,2026-06-29 19:54:02.665208
1348,2026-06,3,3,139.0,45034.24,13574.81,-31459.43,421.64784172661865,DOWN,90.68,UTILITIES,35.970431654676254,267.93,900.6848,1168.6148,N,TXN_V2.1,2026-06-29,2026-06-29 19:54:02.665208
1349,2026-06,1,1,49.0,11820.43,17869.45,6049.02,605.915918367347,UP,30.92,GAS_STATION,38.78,112.71,236.4086,349.1186,N,TXN_V2.1,2026-06-29,2026-06-29 19:54:02.665208
1350,2026-06,1,1,35.0,10659.35,1261.69,-9397.66,340.60114285714286,DOWN,27.92,HEALTHCARE,48.57,186.57,213.187,399.757,N,TXN_V2.1,2026-06-29,2026-06-29 19:54:02.665208
1351,2026-06,3,3,122.0,7799.23,12240.47,4441.24,164.25983606557375,UP,21.5,GROCERY,34.42344262295082,349.96000000000004,155.9846,505.94460000000004,N,TXN_V2.1,2026-06-29,2026-06-29 19:54:02.665208
1352,2026-06,3,1,134.0,37151.16,30108.12,-7043.0400000000045,501.9349253731343,DOWN,83.28,GROCERY,39.54985074626865,288.65999999999997,743.0232000000001,1031.6832,N,TXN_V2.1,2026-06-29,2026-06-29 19:54:02.665208
1353,2026-06,1,1,48.0,9259.5,1010.14,-8249.36,213.95083333333332,DOWN,24.32,RETAIL,45.84000000000001,154.51,185.19,339.7,N,TXN_V2.1,2026-06-29,2026-06-29 19:54:02.665208
1354,2026-06,3,3,114.0,27442.04,21153.23,-6288.810000000001,426.2742982456141,DOWN,68.22,RESTAURANT,43.86061403508773,369.05,548.8408000000001,917.8908000000001,N,TXN_V2.1,2026-06-29,2026-06-29 19:54:02.665208
1355,2026-06,1,0,23.0,649.47,1279.28,629.81,83.8586956521739,UP,0.38,EDUCATION,43.480000000000004,36.46,12.989400000000002,49.449400000000004,N,TXN_V2.1,2026-06-29,2026-06-29 19:54:02.665208
1356,2026-06,4,4,212.0,73431.82,15233.169999999998,-58198.65000000001,418.2310849056604,DOWN,99.52,TRAVEL,30.65679245283019,317.48,1468.6364,1786.1164,N,TXN_V2.1,2026-06-29,2026-06-29 19:54:02.665208
1357,2026-06,3,3,160.0,29753.67,9354.02,-20399.649999999998,244.42306250000001,DOWN,72.14,GROCERY,36.8763125,366.74,595.0734,961.8134,N,TXN_V2.1,2026-06-29,2026-06-29 19:54:02.665208
1358,2026-06,1,1,37.0,13481.72,2106.69,-11375.029999999999,421.3083783783784,DOWN,35.72,PAWN_SHOP,27.030000000000005,27.74,269.63439999999997,297.3744,N,TXN_V2.1,2026-06-29,2026-06-29 19:54:02.665208
1359,2026-06,1,1,71.0,26550.32,8959.37,-17590.949999999997,500.13647887323947,DOWN,66.42,GROCERY,42.26,200.78,531.0064,731.7864,N,TXN_V2.1,2026-06-29,2026-06-29 19:54:02.665208
1360,2026-06,1,1,65.0,16223.08,18460.85,2237.7699999999986,533.598923076923,STABLE,43.78,RESTAURANT,35.38,156.65,324.46160000000003,481.11160000000007,N,TXN_V2.1,2026-06-29,2026-06-29 19:54:02.665208
1361,2026-06,1,1,18.0,924.57,13822.11,12897.54,819.26,UP,1.24,RESTAURANT,50.0,32.61,18.491400000000002,51.1014,N,TXN_V2.1,2026-06-29,2026-06-29 19:54:02.665208
1362,2026-06,1,1,37.0,1364.15,10988.75,9624.6,333.8621621621622,UP,2.96,GROCERY,43.25000000000001,85.51,27.283,112.793,N,TXN_V2.1,2026-06-29,2026-06-29 19:54:02.665208
1363,2026-06,1,1,29.0,1447.58,14341.89,12894.31,544.4644827586206,UP,3.38,GROCERY,44.830000000000005,16.57,28.9516,45.5216,N,TXN_V2.1,2026-06-29,2026-06-29 19:54:02.665208
1364,2026-06,2,1,52.0,13983.45,11205.460000000001,-2777.99,484.40211538461546,DOWN,37.2,UTILITIES,44.23384615384615,123.74,279.66900000000004,403.40900000000005,N,TXN_V2.1,2026-06-29,2026-06-29 19:54:02.665208
1365,2026-06,2,2,63.0,18432.989999999998,27313.95,8880.960000000003,726.1419047619048,UP,48.8,RETAIL,42.85873015873016,85.3,368.65979999999996,453.9598,N,TXN_V2.1,2026-06-29,2026-06-29 19:54:02.665208
1366,2026-06,1,1,51.0,26944.66,1646.15,-25298.51,560.6041176470588,DOWN,67.3,RETAIL,45.099999999999994,122.36,538.8932,661.2532,N,TXN_V2.1,2026-06-29,2026-06-29 19:54:02.665208
1367,2026-06,3,2,133.0,15566.37,30574.33,15007.960000000001,346.9225563909775,UP,41.86,RETAIL,30.07548872180451,247.08999999999997,311.3274,558.4174,N,TXN_V2.1,2026-06-29,2026-06-29 19:54:02.665208
1368,2026-06,2,2,64.0,5491.34,2665.98,-2825.36,127.458125,DOWN,17.32,RESTAURANT,43.74578125,35.36,109.8268,145.1868,N,TXN_V2.1,2026-06-29,2026-06-29 19:54:02.665208
1369,2026-06,4,4,224.0,50450.799999999996,11907.12,-38543.67999999999,278.38357142857143,DOWN,94.4,INSURANCE,37.05058035714286,638.46,1009.016,1647.476,N,TXN_V2.1,2026-06-29,2026-06-29 19:54:02.665208
1370,2026-06,1,1,54.0,10904.39,1885.34,-9019.05,236.84685185185185,DOWN,28.48,RESTAURANT,37.03,195.01,218.0878,413.0978,N,TXN_V2.1,2026-06-29,2026-06-29 19:54:02.665208
1371,2026-06,3,3,90.0,13047.060000000001,15527.39,2480.329999999998,317.4938888888889,UP,34.46,RETAIL,41.114,249.65,260.94120000000004,510.5912000000001,N,TXN_V2.1,2026-06-29,2026-06-29 19:54:02.665208
1372,2026-06,3,3,105.0,16376.720000000001,19097.170000000002,2720.4500000000007,337.84657142857145,UP,44.18,INSURANCE,41.90438095238095,385.18,327.5344,712.7144000000001,N,TXN_V2.1,2026-06-29,2026-06-29 19:54:02.665208
1373,2026-06,1,1,51.0,25433.13,1876.36,-23556.77,535.4801960784314,DOWN,64.16,EDUCATION,39.220000000000006,60.77,508.66260000000005,569.4326000000001,N,TXN_V2.1,2026-06-29,2026-06-29 19:54:02.665208
1374,2026-06,2,2,122.0,15587.16,25804.45,10217.29,339.27549180327867,UP,41.94,RETAIL,33.60524590163935,186.89,311.7432,498.6332,N,TXN_V2.1,2026-06-29,2026-06-29 19:54:02.665208
1375,2026-06,1,1,29.0,842.61,9751.58,8908.97,365.31689655172414,UP,0.94,GROCERY,44.830000000000005,39.52,16.8522,56.37220000000001,N,TXN_V2.1,2026-06-29,2026-06-29 19:54:02.665208
1376,2026-06,1,1,59.0,12649.79,10276.14,-2373.6500000000015,388.5750847457627,DOWN,33.2,RETAIL,27.120000000000005,140.62,252.99580000000003,393.61580000000004,N,TXN_V2.1,2026-06-29,2026-06-29 19:54:02.665208
1377,2026-06,1,1,33.0,9016.83,1252.86,-7763.97,311.2027272727273,DOWN,23.8,RETAIL,36.36,128.48,180.3366,308.8166,N,TXN_V2.1,2026-06-29,2026-06-29 19:54:02.665208
1378,2026-06,1,1,56.0,2551.29,10707.82,8156.53,236.76982142857145,UP,9.16,RETAIL,33.93,93.03,51.025800000000004,144.0558,N,TXN_V2.1,2026-06-29,2026-06-29 19:54:02.665208
1379,2026-06,3,3,129.0,37276.65,13379.28,-23897.370000000003,392.68162790697676,DOWN,83.36,TRAVEL,34.88806201550388,259.43,745.533,1004.963,N,TXN_V2.1,2026-06-29,2026-06-29 19:54:02.665208
1380,2026-06,3,3,148.0,20084.34,7423.68,-12660.66,185.865,DOWN,52.36,TRAVEL,37.16297297297297,527.73,401.6868,929.4168,N,TXN_V2.1,2026-06-29,2026-06-29 19:54:02.665208
1381,2026-06,1,1,71.0,3013.33,30695.85,27682.519999999997,474.77718309859154,UP,10.94,RETAIL,40.849999999999994,174.95,60.2666,235.21659999999997,N,TXN_V2.1,2026-06-29,2026-06-29 19:54:02.665208
1382,2026-06,4,4,189.0,63471.66,20075.84,-43395.82000000001,442.05026455026456,DOWN,98.38,INSURANCE,35.44888888888889,623.3199999999999,1269.4332000000002,1892.7532,N,TXN_V2.1,2026-06-29,2026-06-29 19:54:02.665208
1383,2026-06,2,2,63.0,12989.630000000001,13965.75,976.119999999999,427.8631746031746,STABLE,34.24,GAS_STATION,41.266666666666666,168.0,259.79260000000005,427.79260000000005,N,TXN_V2.1,2026-06-29,2026-06-29 19:54:02.665208
1384,2026-06,3,3,201.0,51033.84,8000.950000000001,-43032.89,293.7054228855721,DOWN,94.72,RETAIL,37.31064676616916,360.13,1020.6768,1380.8067999999998,N,TXN_V2.1,2026-06-29,2026-06-29 19:54:02.665208
1385,2026-06,2,2,115.0,12601.529999999999,19148.04,6546.510000000002,276.08321739130434,UP,33.1,RETAIL,34.78034782608695,370.33000000000004,252.0306,622.3606,N,TXN_V2.1,2026-06-29,2026-06-29 19:54:02.665208
1386,2026-06,1,1,23.0,10853.3,10802.65,-50.649999999999636,941.5630434782607,STABLE,28.36,GAS_STATION,30.43,0.0,217.066,217.066,N,TXN_V2.1,2026-06-29,2026-06-29 19:54:02.665208
1387,2026-06,1,1,21.0,903.48,13436.17,12532.69,682.8404761904761,UP,1.18,UTILITIES,28.57,54.48,18.0696,72.5496,N,TXN_V2.1,2026-06-29,2026-06-29 19:54:02.665208
1388,2026-06,2,2,70.0,4829.79,26071.97,21242.18,441.45371428571434,UP,16.14,GROCERY,31.430000000000003,226.35,96.5958,322.94579999999996,N,TXN_V2.1,2026-06-29,2026-06-29 19:54:02.665208
1389,2026-06,2,2,93.0,12726.66,17356.47,4629.810000000001,323.4745161290323,UP,33.48,RESTAURANT,44.08860215053764,209.91000000000003,254.5332,464.44320000000005,N,TXN_V2.1,2026-06-29,2026-06-29 19:54:02.665208
1390,2026-06,1,1,58.0,9034.29,14165.14,5130.8499999999985,399.9901724137931,UP,23.86,RESTAURANT,34.489999999999995,127.86,180.68580000000003,308.54580000000004,N,TXN_V2.1,2026-06-29,2026-06-29 19:54:02.665208
1391,2026-06,2,2,116.0,19807.36,19788.17,-19.19000000000233,341.34077586206894,STABLE,51.8,HEALTHCARE,39.65827586206896,199.44,396.1472,595.5871999999999,N,TXN_V2.1,2026-06-29,2026-06-29 19:54:02.665208
1392,2026-06,4,3,99.0,29493.84,27981.85,-1511.9900000000016,580.5625252525252,STABLE,71.8,RETAIL,34.34151515151515,161.61,589.8768,751.4868,N,TXN_V2.1,2026-06-29,2026-06-29 19:54:02.665208
1393,2026-06,1,1,24.0,2022.45,302.37,-1720.08,96.8675,DOWN,6.38,ENTERTAINMENT,33.34000000000001,42.39,40.449000000000005,82.839,N,TXN_V2.1,2026-06-29,2026-06-29 19:54:02.665208
1394,2026-06,4,4,148.0,21186.48,31552.35,10365.869999999999,356.343445945946,UP,55.1,RESTAURANT,37.83581081081081,443.87,423.7296,867.5996,N,TXN_V2.1,2026-06-29,2026-06-29 19:54:02.665208
1395,2026-06,2,2,82.0,8907.39,15650.23,6742.84,299.48317073170733,UP,23.54,RETAIL,40.24463414634147,204.25,178.1478,382.39779999999996,N,TXN_V2.1,2026-06-29,2026-06-29 19:54:02.665208
1396,2026-06,4,4,213.0,13474.25,19621.54,6147.290000000001,155.3792957746479,UP,35.66,TRAVEL,39.440610328638506,533.86,269.485,803.345,N,TXN_V2.1,2026-06-29,2026-06-29 19:54:02.665208
1397,2026-06,3,3,159.0,31086.4,33834.44,2748.040000000001,408.30716981132076,UP,74.42,RESTAURANT,45.28150943396227,368.46,621.7280000000001,990.1880000000001,N,TXN_V2.1,2026-06-29,2026-06-29 19:54:02.665208
1398,2026-06,4,4,213.0,61768.46000000001,29031.489999999998,-32736.97000000001,426.29084507042256,DOWN,98.06,TRAVEL,41.31474178403756,578.87,1235.3692,1814.2392,N,TXN_V2.1,2026-06-29,2026-06-29 19:54:02.665208
1399,2026-06,2,2,103.0,15425.35,18660.35,3234.999999999998,330.9291262135922,UP,41.46,UTILITIES,38.83291262135922,293.03999999999996,308.507,601.547,N,TXN_V2.1,2026-06-29,2026-06-29 19:54:02.665208
1400,2026-06,2,2,71.0,17344.48,18508.42,1163.9399999999987,504.9704225352112,STABLE,46.28,RESTAURANT,40.848732394366195,156.45,346.8896,503.33959999999996,N,TXN_V2.1,2026-06-29,2026-06-29 19:54:02.665208
1401,2026-06,2,2,55.0,14118.400000000001,2880.83,-11237.570000000002,309.07690909090917,DOWN,37.68,RESTAURANT,40.00472727272727,163.01999999999998,282.36800000000005,445.38800000000003,N,TXN_V2.1,2026-06-29,2026-06-29 19:54:02.665208
1402,2026-06,3,3,143.0,47532.579999999994,27149.690000000002,-20382.889999999992,522.2536363636362,DOWN,92.52,UTILITIES,44.755524475524474,262.25,950.6515999999999,1212.9016,N,TXN_V2.1,2026-06-29,2026-06-29 19:54:02.665208
1403,2026-06,4,4,181.0,17884.6,19074.41,1189.8100000000013,204.1934254143646,UP,47.54,RETAIL,35.907679558011054,492.63,357.69199999999995,850.3219999999999,N,TXN_V2.1,2026-06-29,2026-06-29 19:54:02.665208
1404,2026-06,3,3,167.0,41451.0,43126.8,1675.800000000003,506.4538922155689,STABLE,87.52,TRAVEL,40.71988023952096,206.67000000000002,829.02,1035.69,N,TXN_V2.1,2026-06-29,2026-06-29 19:54:02.665208
1405,2026-06,2,2,101.0,32315.61,18028.93,-14286.68,498.4607920792079,DOWN,76.36,RESTAURANT,32.67386138613861,156.94,646.3122000000001,803.2522000000001,N,TXN_V2.1,2026-06-29,2026-06-29 19:54:02.665208
1406,2026-06,4,4,176.0,29790.49,36208.53,6418.039999999997,374.99443181818185,UP,72.18,TRAVEL,40.91380681818181,557.98,595.8098,1153.7898,N,TXN_V2.1,2026-06-29,2026-06-29 19:54:02.665208
1407,2026-06,2,2,37.0,1100.4,9075.51,7975.110000000001,275.0245945945946,UP,1.92,GROCERY,24.325675675675672,121.43,22.008000000000003,143.43800000000002,N,TXN_V2.1,2026-06-29,2026-06-29 19:54:02.665208
1408,2026-06,2,2,54.0,23165.160000000003,4236.69,-18928.470000000005,507.4416666666667,DOWN,59.68,RESTAURANT,27.775,66.11,463.30320000000006,529.4132000000001,N,TXN_V2.1,2026-06-29,2026-06-29 19:54:02.665208
1409,2026-06,4,4,136.0,36576.96,16664.6,-19912.36,391.48205882352937,DOWN,82.12,RETAIL,43.38294117647059,363.33,731.5392,1094.8692,N,TXN_V2.1,2026-06-29,2026-06-29 19:54:02.665208
1410,2026-06,1,1,34.0,13147.0,2391.57,-10755.43,457.01676470588234,DOWN,34.72,GAS_STATION,26.47,13.18,262.94,276.12,N,TXN_V2.1,2026-06-29,2026-06-29 19:54:02.665208
1411,2026-06,2,2,95.0,12139.42,14529.27,2389.8500000000004,280.723052631579,UP,31.78,GROCERY,44.21210526315789,105.9,242.7884,348.6884,N,TXN_V2.1,2026-06-29,2026-06-29 19:54:02.665208
1412,2026-06,2,2,72.0,15536.710000000001,20664.61,5127.9,502.7961111111111,UP,41.7,GROCERY,34.72388888888889,242.69,310.73420000000004,553.4242,N,TXN_V2.1,2026-06-29,2026-06-29 19:54:02.665208
1413,2026-06,4,4,150.0,33397.53,14177.84,-19219.69,317.1691333333333,DOWN,77.96,TRAVEL,32.669533333333334,666.02,667.9506,1333.9706,N,TXN_V2.1,2026-06-29,2026-06-29 19:54:02.665208
1414,2026-06,3,3,114.0,13460.03,5668.86,-7791.170000000001,167.79728070175437,DOWN,35.56,INSURANCE,38.592368421052626,256.64,269.2006,525.8406,N,TXN_V2.1,2026-06-29,2026-06-29 19:54:02.665208
1415,2026-06,3,3,141.0,19376.17,7403.3,-11972.869999999999,189.92531914893615,DOWN,51.04,HEALTHCARE,38.30085106382978,148.79000000000002,387.5234,536.3134,N,TXN_V2.1,2026-06-29,2026-06-29 19:54:02.665208
1416,2026-06,2,2,75.0,3944.92,18571.54,14626.62,300.2194666666667,UP,13.84,GROCERY,37.328,172.84,78.89840000000001,251.7384,N,TXN_V2.1,2026-06-29,2026-06-29 19:54:02.665208
1417,2026-06,2,2,87.0,5187.12,3863.5699999999997,-1323.5500000000002,104.03091954022987,DOWN,16.84,TRAVEL,31.030344827586205,181.09,103.7424,284.8324,N,TXN_V2.1,2026-06-29,2026-06-29 19:54:02.665208
1418,2026-06,2,2,55.0,1880.76,4325.84,2445.08,112.84727272727274,UP,5.84,RETAIL,41.81545454545454,193.08,37.6152,230.6952,N,TXN_V2.1,2026-06-29,2026-06-29 19:54:02.665208
1419,2026-06,1,1,40.0,11517.26,2217.85,-9299.41,343.37775,DOWN,30.12,HEALTHCARE,32.5,62.06,230.3452,292.40520000000004,N,TXN_V2.1,2026-06-29,2026-06-29 19:54:02.665208
1420,2026-06,1,1,44.0,12452.8,7045.36,-5407.44,443.14,DOWN,32.58,RESTAURANT,38.64,88.8,249.05599999999998,337.856,N,TXN_V2.1,2026-06-29,2026-06-29 19:54:02.665208
1421,2026-06,1,1,75.0,4979.82,9560.38,4580.5599999999995,193.86933333333332,UP,16.44,RETAIL,37.33,118.96,99.5964,218.5564,N,TXN_V2.1,2026-06-29,2026-06-29 19:54:02.665208
1422,2026-06,4,4,145.0,9157.57,31976.65,22819.08,283.684275862069,UP,24.14,RESTAURANT,32.41186206896552,283.95,183.1514,467.1014,N,TXN_V2.1,2026-06-29,2026-06-29 19:54:02.665208
1423,2026-06,3,3,140.0,7829.700000000001,8017.11,187.40999999999894,113.1915,STABLE,21.58,RETAIL,45.000285714285724,315.27,156.59400000000002,471.86400000000003,N,TXN_V2.1,2026-06-29,2026-06-29 19:54:02.665208
1424,2026-06,2,2,94.0,18045.22,22653.149999999998,4607.929999999997,432.96138297872335,UP,47.92,RESTAURANT,39.36606382978724,191.63,360.9044,552.5344,N,TXN_V2.1,2026-06-29,2026-06-29 19:54:02.665208
1425,2026-06,4,4,147.0,30441.07,18630.48,-11810.59,333.8200680272109,DOWN,73.32,UTILITIES,36.73789115646258,365.25,608.8214,974.0714,N,TXN_V2.1,2026-06-29,2026-06-29 19:54:02.665208
1426,2026-06,2,2,96.0,10941.43,14975.23,4033.7999999999993,269.96520833333335,UP,28.52,RETAIL,38.5403125,255.2,218.82860000000002,474.0286,N,TXN_V2.1,2026-06-29,2026-06-29 19:54:02.665208
1427,2026-06,3,3,144.0,47397.15,13239.189999999999,-34157.96000000001,421.0856944444444,DOWN,92.44,RESTAURANT,40.97277777777777,294.46,947.9430000000001,1242.403,N,TXN_V2.1,2026-06-29,2026-06-29 19:54:02.665208
1428,2026-06,2,2,88.0,18075.550000000003,5821.69,-12253.860000000004,271.55954545454546,DOWN,47.98,GROCERY,47.72636363636364,149.52,361.5110000000001,511.03100000000006,N,TXN_V2.1,2026-06-29,2026-06-29 19:54:02.665208
1429,2026-06,2,2,104.0,25518.32,40022.97,14504.650000000001,630.2047115384617,UP,64.36,RETAIL,38.4625,293.8,510.3664,804.1664000000001,N,TXN_V2.1,2026-06-29,2026-06-29 19:54:02.665208
1430,2026-06,1,0,22.0,12719.07,803.49,-11915.58,614.6618181818181,DOWN,33.46,ENTERTAINMENT,40.91,18.36,254.3814,272.7414,N,TXN_V2.1,2026-06-29,2026-06-29 19:54:02.665208
1431,2026-06,1,1,62.0,22500.39,12208.53,-10291.859999999999,559.8212903225806,DOWN,58.04,HEALTHCARE,43.55,39.85,450.0078,489.8578,N,TXN_V2.1,2026-06-29,2026-06-29 19:54:02.665208
1432,2026-06,3,3,153.0,28471.08,16188.38,-12282.700000000003,291.8918954248366,DOWN,70.18,GROCERY,37.25529411764706,301.55,569.4216,870.9716000000001,N,TXN_V2.1,2026-06-29,2026-06-29 19:54:02.665208
1433,2026-06,3,3,149.0,17479.07,32182.760000000002,14703.690000000002,333.3008724832215,UP,46.66,GROCERY,33.55489932885906,364.59,349.5814,714.1714,N,TXN_V2.1,2026-06-29,2026-06-29 19:54:02.665208
1434,2026-06,1,1,61.0,22558.84,9927.28,-12631.56,532.5593442622951,DOWN,58.12,UTILITIES,32.78,218.72,451.1768,669.8968,N,TXN_V2.1,2026-06-29,2026-06-29 19:54:02.665208
1435,2026-06,3,3,144.0,21119.89,32885.229999999996,11765.339999999997,375.0355555555555,UP,54.86,RETAIL,40.97500000000001,227.16000000000003,422.3978,649.5578,N,TXN_V2.1,2026-06-29,2026-06-29 19:54:02.665208
1436,2026-06,1,1,73.0,11438.72,3856.49,-7582.23,209.52342465753424,DOWN,29.8,TRAVEL,39.730000000000004,0.0,228.77439999999999,228.77439999999999,N,TXN_V2.1,2026-06-29,2026-06-29 19:54:02.665208
1437,2026-06,2,2,91.0,6971.6900000000005,12755.92,5784.23,216.78692307692307,UP,20.18,RESTAURANT,47.24714285714286,320.49,139.43380000000002,459.9238,N,TXN_V2.1,2026-06-29,2026-06-29 19:54:02.665208
1438,2026-06,1,1,43.0,29087.55,7829.12,-21258.43,858.5272093023256,DOWN,71.3,GAS_STATION,39.53,93.28,581.751,675.031,N,TXN_V2.1,2026-06-29,2026-06-29 19:54:02.665208
1439,2026-06,1,1,73.0,17270.23,9089.41,-8180.82,361.0909589041096,DOWN,46.12,GAS_STATION,42.47,148.77,345.4046,494.17460000000005,N,TXN_V2.1,2026-06-29,2026-06-29 19:54:02.665208
1440,2026-06,2,2,79.0,10746.36,11821.36,1075.0,285.66734177215193,STABLE,28.08,INSURANCE,27.845949367088608,69.07000000000001,214.92720000000003,283.9972,N,TXN_V2.1,2026-06-29,2026-06-29 19:54:02.665208
1441,2026-06,4,4,196.0,31692.03,25563.15,-6128.879999999997,292.11826530612245,DOWN,75.2,TRAVEL,38.773061224489794,325.71000000000004,633.8406,959.5506,N,TXN_V2.1,2026-06-29,2026-06-29 19:54:02.665208
1442,2026-06,3,2,114.0,14392.410000000002,21381.26,6988.849999999997,313.8041228070175,UP,38.48,RETAIL,42.105438596491226,185.64000000000001,287.8482,473.4882,N,TXN_V2.1,2026-06-29,2026-06-29 19:54:02.665208
1443,2026-06,1,1,65.0,4736.67,14725.22,9988.55,299.4136923076923,UP,15.98,GROCERY,32.31,31.97,94.7334,126.7034,N,TXN_V2.1,2026-06-29,2026-06-29 19:54:02.665208
1444,2026-06,3,2,183.0,31490.76,47975.380000000005,16484.620000000006,434.24120218579236,UP,74.94,TRAVEL,41.52896174863388,374.69,629.8152,1004.5052000000001,N,TXN_V2.1,2026-06-29,2026-06-29 19:54:02.665208
1445,2026-06,4,3,215.0,50773.16,49964.75,-808.4100000000035,468.5484186046512,STABLE,94.54,TRAVEL,36.276372093023255,435.74,1015.4632000000001,1451.2032000000002,N,TXN_V2.1,2026-06-29,2026-06-29 19:54:02.665208
1446,2026-06,2,2,70.0,4127.42,12970.630000000001,8843.210000000001,244.25785714285718,UP,14.52,RESTAURANT,32.85542857142857,129.4,82.5484,211.9484,N,TXN_V2.1,2026-06-29,2026-06-29 19:54:02.665208
1447,2026-06,3,3,131.0,23007.010000000002,20131.8,-2875.2100000000028,329.303893129771,DOWN,59.24,TRAVEL,36.64267175572519,403.41999999999996,460.14020000000005,863.5602,N,TXN_V2.1,2026-06-29,2026-06-29 19:54:02.665208
1448,2026-06,1,1,35.0,1767.83,1795.14,27.310000000000173,101.79914285714287,STABLE,5.04,RESTAURANT,31.429999999999996,60.93,35.3566,96.28659999999999,N,TXN_V2.1,2026-06-29,2026-06-29 19:54:02.665208
1449,2026-06,4,4,166.0,32164.39,19432.04,-12732.349999999999,310.8218674698795,DOWN,76.04,TRAVEL,40.36168674698795,400.6,643.2878,1043.8878,N,TXN_V2.1,2026-06-29,2026-06-29 19:54:02.665208
1450,2026-06,2,2,68.0,14923.5,21509.97,6586.470000000001,535.7863235294118,UP,40.2,RESTAURANT,42.6425,124.3,298.47,422.77000000000004,N,TXN_V2.1,2026-06-29,2026-06-29 19:54:02.665208
1451,2026-06,3,3,151.0,21867.27,41837.76,19970.49,421.88761589403975,UP,56.54,RETAIL,34.438145695364234,326.39,437.34540000000004,763.7354,N,TXN_V2.1,2026-06-29,2026-06-29 19:54:02.665208
1452,2026-06,3,2,141.0,27017.239999999998,12044.510000000002,-14972.729999999996,277.0336879432624,DOWN,67.44,RESTAURANT,40.42269503546099,312.92,540.3448,853.2647999999999,N,TXN_V2.1,2026-06-29,2026-06-29 19:54:02.665208
1453,2026-06,3,3,163.0,52274.31,9863.12,-42411.189999999995,381.211226993865,DOWN,95.22,RESTAURANT,34.35773006134969,397.35,1045.4862,1442.8362000000002,N,TXN_V2.1,2026-06-29,2026-06-29 19:54:02.665208
1454,2026-06,1,1,54.0,4937.49,12386.13,7448.639999999999,320.80777777777774,UP,16.3,HEALTHCARE,29.630000000000006,176.66,98.7498,275.4098,N,TXN_V2.1,2026-06-29,2026-06-29 19:54:02.665208
1455,2026-06,2,2,75.0,28148.93,3950.1299999999997,-24198.8,427.9874666666667,DOWN,69.56,TRAVEL,30.666666666666664,169.54000000000002,562.9786,732.5186000000001,N,TXN_V2.1,2026-06-29,2026-06-29 19:54:02.665208
1456,2026-06,4,4,178.0,60310.79000000001,25843.0,-34467.79000000001,484.01005617977535,DOWN,97.66,TRAVEL,34.268595505617974,606.88,1206.2158000000002,1813.0958,N,TXN_V2.1,2026-06-29,2026-06-29 19:54:02.665208
1457,2026-06,2,2,96.0,31383.059999999998,23294.3,-8088.759999999998,569.5558333333333,DOWN,74.76,GROCERY,40.62333333333334,275.81,627.6612,903.4712,N,TXN_V2.1,2026-06-29,2026-06-29 19:54:02.665208
1458,2026-06,3,3,159.0,19012.37,19873.410000000003,861.0400000000045,244.5646540880503,STABLE,50.16,RESTAURANT,44.024716981132066,255.45,380.24739999999997,635.6974,N,TXN_V2.1,2026-06-29,2026-06-29 19:54:02.665208
1459,2026-06,1,1,70.0,11174.77,10573.44,-601.3299999999999,310.6887142857143,STABLE,29.12,GAS_STATION,38.58,137.06,223.49540000000002,360.5554,N,TXN_V2.1,2026-06-29,2026-06-29 19:54:02.665208
1460,2026-06,3,3,140.0,28640.57,5906.9,-22733.67,246.76764285714287,DOWN,70.5,GROCERY,41.42771428571429,339.21000000000004,572.8114,912.0214000000001,N,TXN_V2.1,2026-06-29,2026-06-29 19:54:02.665208
1461,2026-06,2,2,80.0,4077.79,5141.19,1063.3999999999996,115.23724999999999,UP,14.28,GROCERY,41.25500000000001,187.73,81.5558,269.2858,N,TXN_V2.1,2026-06-29,2026-06-29 19:54:02.665208
1462,2026-06,1,1,55.0,9955.0,21832.52,11877.52,577.9549090909092,UP,25.98,GAS_STATION,40.0,111.51,199.1,310.61,N,TXN_V2.1,2026-06-29,2026-06-29 19:54:02.665208
1463,2026-06,4,4,180.0,25252.29,12157.539999999999,-13094.750000000002,207.8323888888889,DOWN,63.78,TRAVEL,35.00144444444444,421.12,505.04580000000004,926.1658,N,TXN_V2.1,2026-06-29,2026-06-29 19:54:02.665208
1464,2026-06,2,2,63.0,22407.059999999998,2452.81,-19954.249999999996,394.6011111111111,DOWN,57.82,RESTAURANT,46.034285714285716,83.27,448.14119999999997,531.4112,N,TXN_V2.1,2026-06-29,2026-06-29 19:54:02.665208
1465,2026-06,1,1,64.0,40757.09,21930.87,-18826.219999999998,979.4993749999999,DOWN,87.04,EDUCATION,46.870000000000005,30.16,815.1418,845.3018,N,TXN_V2.1,2026-06-29,2026-06-29 19:54:02.665208
1466,2026-06,2,2,124.0,33144.2,27339.489999999998,-5804.709999999999,487.7716935483871,DOWN,77.56,TRAVEL,41.12532258064516,190.66,662.8839999999999,853.5439999999999,N,TXN_V2.1,2026-06-29,2026-06-29 19:54:02.665208
1467,2026-06,4,4,232.0,65856.15,24859.78,-40996.369999999995,391.0169396551724,DOWN,98.78,HEALTHCARE,35.77801724137931,614.45,1317.1229999999998,1931.5729999999999,N,TXN_V2.1,2026-06-29,2026-06-29 19:54:02.665208
1468,2026-06,3,3,102.0,12797.49,23061.69,10264.199999999999,351.5605882352941,UP,33.68,RETAIL,39.215,321.45,255.9498,577.3998,N,TXN_V2.1,2026-06-29,2026-06-29 19:54:02.665208
1469,2026-06,2,2,47.0,23384.79,20341.49,-3043.2999999999993,930.3463829787233,STABLE,60.14,HEALTHCARE,46.806382978723406,214.76999999999998,467.6958,682.4658,N,TXN_V2.1,2026-06-29,2026-06-29 19:54:02.665208
1470,2026-06,1,0,17.0,1484.13,635.33,-848.8000000000001,124.67411764705882,DOWN,3.58,RETAIL,35.29,0.0,29.682600000000004,29.682600000000004,N,TXN_V2.1,2026-06-29,2026-06-29 19:54:02.665208
1471,2026-06,1,1,46.0,15729.6,23449.48,7719.879999999999,851.7191304347826,UP,42.36,GAS_STATION,39.14,171.49,314.59200000000004,486.08200000000005,N,TXN_V2.1,2026-06-29,2026-06-29 19:54:02.665208
1472,2026-06,3,3,130.0,23292.5,17990.62,-5301.880000000001,317.5624615384615,DOWN,60.0,TRAVEL,46.15,351.7,465.85,817.55,N,TXN_V2.1,2026-06-29,2026-06-29 19:54:02.665208
1473,2026-06,4,4,138.0,20073.92,26961.960000000003,6888.0400000000045,340.83971014492755,UP,52.34,RESTAURANT,35.51,209.82999999999998,401.47839999999997,611.3083999999999,N,TXN_V2.1,2026-06-29,2026-06-29 19:54:02.665208
1474,2026-06,3,3,127.0,11629.659999999998,27695.4,16065.740000000003,309.64614173228347,UP,30.34,GROCERY,38.58149606299213,241.12,232.59319999999997,473.7132,N,TXN_V2.1,2026-06-29,2026-06-29 19:54:02.665208
1475,2026-06,2,2,76.0,3400.89,23159.73,19758.84,349.4818421052631,UP,12.22,TRAVEL,40.78960526315789,113.50999999999999,68.0178,181.52779999999998,N,TXN_V2.1,2026-06-29,2026-06-29 19:54:02.665208
1476,2026-06,4,4,188.0,42710.03,8998.96,-33711.07,275.0478191489362,DOWN,88.74,TRAVEL,30.85148936170212,340.22,854.2006,1194.4206,N,TXN_V2.1,2026-06-29,2026-06-29 19:54:02.665208
1477,2026-06,1,1,34.0,2724.98,1220.18,-1504.8,116.03411764705882,DOWN,9.86,GAS_STATION,38.239999999999995,87.11,54.4996,141.6096,N,TXN_V2.1,2026-06-29,2026-06-29 19:54:02.665208
1478,2026-06,4,4,174.0,18455.67,7114.29,-11341.379999999997,146.95379310344828,DOWN,48.88,HEALTHCARE,32.185,373.09,369.11339999999996,742.2033999999999,N,TXN_V2.1,2026-06-29,2026-06-29 19:54:02.665208
1479,2026-06,3,3,146.0,47766.44,31891.239999999998,-15875.200000000004,545.6005479452054,DOWN,92.7,RESTAURANT,34.93219178082192,363.36,955.3288000000001,1318.6888000000001,N,TXN_V2.1,2026-06-29,2026-06-29 19:54:02.665208
1480,2026-06,1,1,59.0,11582.53,25260.82,13678.289999999999,624.4635593220339,UP,30.26,UTILITIES,30.5,159.58,231.65060000000003,391.23060000000004,N,TXN_V2.1,2026-06-29,2026-06-29 19:54:02.665208
1481,2026-06,4,4,116.0,7521.88,13441.189999999999,5919.309999999999,180.71612068965516,UP,21.04,TRAVEL,36.20517241379311,353.57,150.4376,504.0076,N,TXN_V2.1,2026-06-29,2026-06-29 19:54:02.665208
1482,2026-06,4,4,189.0,30132.829999999998,69437.53,39304.7,526.8273015873016,UP,72.84,INSURANCE,42.33047619047619,503.64,602.6566,1106.2966000000001,N,TXN_V2.1,2026-06-29,2026-06-29 19:54:02.665208
1483,2026-06,3,3,144.0,37099.490000000005,18125.63,-18973.860000000004,383.50777777777785,DOWN,83.14,UTILITIES,39.58236111111111,490.12,741.9898000000002,1232.1098000000002,N,TXN_V2.1,2026-06-29,2026-06-29 19:54:02.665208
1484,2026-06,2,2,54.0,2779.54,16109.36,13329.82,349.7944444444445,UP,9.96,GROCERY,42.590555555555554,105.96000000000001,55.5908,161.5508,N,TXN_V2.1,2026-06-29,2026-06-29 19:54:02.665208
1485,2026-06,4,3,178.0,42460.36,24924.65,-17535.71,378.56747191011243,DOWN,88.6,TRAVEL,34.26865168539326,570.28,849.2072000000001,1419.4872,N,TXN_V2.1,2026-06-29,2026-06-29 19:54:02.665208
1486,2026-06,3,3,166.0,20685.43,38351.68,17666.25,355.64524096385543,UP,53.58,RESTAURANT,40.36301204819277,516.89,413.7086,930.5986,N,TXN_V2.1,2026-06-29,2026-06-29 19:54:02.665208
1487,2026-06,3,3,144.0,36849.18,45484.46,8635.279999999999,571.7613888888889,UP,82.62,RESTAURANT,32.63604166666667,357.0,736.9836,1093.9836,N,TXN_V2.1,2026-06-29,2026-06-29 19:54:02.665208
1488,2026-06,4,3,185.0,26516.18,58955.69,32439.510000000002,462.01010810810806,UP,66.36,TRAVEL,35.136648648648645,624.03,530.3236,1154.3536,N,TXN_V2.1,2026-06-29,2026-06-29 19:54:02.665208
1489,2026-06,4,4,177.0,41988.14,26904.11,-15084.029999999999,389.2217514124294,DOWN,88.0,TRAVEL,39.54870056497175,570.39,839.7628,1410.1527999999998,N,TXN_V2.1,2026-06-29,2026-06-29 19:54:02.665208
1490,2026-06,4,3,193.0,34470.74,23974.579999999998,-10496.16,302.8254922279792,DOWN,79.46,UTILITIES,33.158756476683934,428.63,689.4148,1118.0448000000001,N,TXN_V2.1,2026-06-29,2026-06-29 19:54:02.665208
1491,2026-06,1,1,16.0,715.45,1206.85,491.39999999999986,120.14375,STABLE,0.52,TRAVEL,50.0,31.52,14.309000000000001,45.829,N,TXN_V2.1,2026-06-29,2026-06-29 19:54:02.665208
1492,2026-06,3,3,112.0,55520.33,35120.590000000004,-20399.739999999998,809.2939285714286,DOWN,96.34,GROCERY,45.534642857142856,149.5,1110.4066,1259.9066,N,TXN_V2.1,2026-06-29,2026-06-29 19:54:02.665208
1493,2026-06,1,1,37.0,2674.87,1149.59,-1525.28,103.36378378378379,DOWN,9.64,GROCERY,35.13,73.58,53.4974,127.0774,N,TXN_V2.1,2026-06-29,2026-06-29 19:54:02.665208
1494,2026-06,4,3,169.0,47982.57,45300.200000000004,-2682.3699999999953,551.9690532544379,STABLE,92.9,RESTAURANT,37.27591715976332,337.85,959.6514,1297.5014,N,TXN_V2.1,2026-06-29,2026-06-29 19:54:02.665208
1495,2026-06,2,2,56.0,10490.24,2455.15,-8035.09,231.16767857142855,DOWN,27.36,GAS_STATION,30.36285714285714,98.15,209.8048,307.9548,N,TXN_V2.1,2026-06-29,2026-06-29 19:54:02.665208
1496,2026-06,4,4,184.0,15026.67,7407.61,-7619.06,121.92543478260869,DOWN,40.42,RETAIL,41.30630434782609,309.89,300.53340000000003,610.4234,N,TXN_V2.1,2026-06-29,2026-06-29 19:54:02.665208
1497,2026-06,4,3,227.0,37791.33,61327.66,23536.33,436.6475330396476,UP,84.04,TRAVEL,34.79986784140969,588.46,755.8266000000001,1344.2866000000001,N,TXN_V2.1,2026-06-29,2026-06-29 19:54:02.665208
1498,2026-06,4,4,178.0,27538.9,15021.16,-12517.740000000002,239.1014606741573,DOWN,68.5,UTILITIES,36.51488764044944,465.74,550.778,1016.518,N,TXN_V2.1,2026-06-29,2026-06-29 19:54:02.665208
1499,2026-06,2,2,86.0,10336.91,12339.810000000001,2002.9000000000015,263.6827906976744,UP,27.02,GROCERY,34.8793023255814,263.85,206.7382,470.58820000000003,N,TXN_V2.1,2026-06-29,2026-06-29 19:54:02.665208
1500,2026-06,1,1,44.0,12219.75,6322.02,-5897.73,421.40386363636367,DOWN,31.96,GAS_STATION,45.45,63.89,244.395,308.285,N,TXN_V2.1,2026-06-29,2026-06-29 19:54:02.665208
1501,2026-06,1,1,23.0,10529.94,524.17,-10005.77,480.6134782608696,DOWN,27.5,RETAIL,52.17,100.73,210.5988,311.3288,N,TXN_V2.1,2026-06-29,2026-06-29 19:54:02.665208
1502,2026-06,3,3,190.0,33727.23,19839.63,-13887.600000000002,281.93084210526314,DOWN,78.48,TRAVEL,42.106631578947365,408.97,674.5446000000001,1083.5146,N,TXN_V2.1,2026-06-29,2026-06-29 19:54:02.665208
1503,2026-06,2,2,121.0,44741.22,22904.489999999998,-21836.730000000003,559.0554545454545,DOWN,90.42,RETAIL,39.670082644628096,221.24,894.8244000000001,1116.0644000000002,N,TXN_V2.1,2026-06-29,2026-06-29 19:54:02.665208
1504,2026-06,1,1,67.0,2512.79,11772.1,9259.310000000001,213.2073134328358,UP,9.06,RESTAURANT,46.269999999999996,72.32,50.2558,122.57579999999999,N,TXN_V2.1,2026-06-29,2026-06-29 19:54:02.665208
1505,2026-06,2,2,79.0,19464.420000000002,37629.21,18164.789999999997,722.7041772151899,UP,51.18,RESTAURANT,30.37886075949367,154.25,389.2884,543.5384,N,TXN_V2.1,2026-06-29,2026-06-29 19:54:02.665208
1506,2026-06,4,4,219.0,72565.48,25910.78,-46654.7,449.66328767123287,DOWN,99.46,TRAVEL,42.00616438356165,461.2,1451.3096,1912.5096,N,TXN_V2.1,2026-06-29,2026-06-29 19:54:02.665208
1507,2026-06,2,2,85.0,13918.3,13979.380000000001,61.080000000001746,328.208,STABLE,37.0,RETAIL,38.82458823529412,161.31,278.366,439.676,N,TXN_V2.1,2026-06-29,2026-06-29 19:54:02.665208
1508,2026-06,3,2,126.0,19141.93,6018.83,-13123.1,199.68857142857144,DOWN,50.48,HEALTHCARE,35.71460317460317,286.9,382.83860000000004,669.7386,N,TXN_V2.1,2026-06-29,2026-06-29 19:54:02.665208
1509,2026-06,2,2,72.0,5570.89,33782.979999999996,28212.089999999997,546.5815277777778,UP,17.54,TRAVEL,33.33,127.67,111.41780000000001,239.08780000000002,N,TXN_V2.1,2026-06-29,2026-06-29 19:54:02.665208
1510,2026-06,1,1,67.0,28638.94,4165.94,-24473.0,489.6250746268656,DOWN,70.46,GROCERY,49.26,177.1,572.7787999999999,749.8788,N,TXN_V2.1,2026-06-29,2026-06-29 19:54:02.665208
1511,2026-06,3,3,207.0,40784.369999999995,11086.61,-29697.759999999995,250.58444444444442,DOWN,87.08,RESTAURANT,37.195748792270535,383.37,815.6873999999999,1199.0574,N,TXN_V2.1,2026-06-29,2026-06-29 19:54:02.665208
1512,2026-06,2,2,70.0,16170.810000000001,11958.970000000001,-4211.84,401.85400000000004,DOWN,43.54,GAS_STATION,31.428571428571427,220.14,323.41620000000006,543.5562,N,TXN_V2.1,2026-06-29,2026-06-29 19:54:02.665208
1513,2026-06,2,2,95.0,5584.01,35961.43,30377.42,437.3204210526316,UP,17.56,RESTAURANT,35.78936842105263,192.4,111.68020000000001,304.0802,N,TXN_V2.1,2026-06-29,2026-06-29 19:54:02.665208
1514,2026-06,4,4,173.0,9129.369999999999,17215.0,8085.630000000001,152.27959537572255,UP,24.1,RETAIL,41.043179190751445,470.20000000000005,182.58739999999997,652.7874,N,TXN_V2.1,2026-06-29,2026-06-29 19:54:02.665208
1515,2026-06,4,4,204.0,52168.11,37225.31,-14942.800000000003,438.20303921568626,DOWN,95.14,RETAIL,39.21431372549019,443.5,1043.3622,1486.8622,N,TXN_V2.1,2026-06-29,2026-06-29 19:54:02.665208
1516,2026-06,3,2,93.0,21722.96,14978.97,-6743.99,394.6444086021505,DOWN,56.2,HEALTHCARE,37.63322580645161,156.32,434.4592,590.7792,N,TXN_V2.1,2026-06-29,2026-06-29 19:54:02.665208
1517,2026-06,3,3,124.0,29277.6,19328.16,-9949.439999999999,391.9819354838709,DOWN,71.5,RETAIL,41.13040322580645,284.12,585.552,869.672,N,TXN_V2.1,2026-06-29,2026-06-29 19:54:02.665208
1518,2026-06,4,4,191.0,36945.61,24186.62,-12758.990000000002,320.06403141361255,DOWN,82.84,UTILITIES,36.127172774869116,623.11,738.9122,1362.0221999999999,N,TXN_V2.1,2026-06-29,2026-06-29 19:54:02.665208
1519,2026-06,4,4,136.0,15487.49,28418.32,12930.83,322.8368382352941,UP,41.58,RESTAURANT,38.97308823529412,414.21,309.7498,723.9598,N,TXN_V2.1,2026-06-29,2026-06-29 19:54:02.665208
1520,2026-06,4,4,121.0,27350.04,25876.12,-1473.920000000002,439.8856198347108,STABLE,67.96,RESTAURANT,35.53537190082645,211.13,547.0008,758.1308,N,TXN_V2.1,2026-06-29,2026-06-29 19:54:02.665208
1521,2026-06,2,2,48.0,2316.92,10124.259999999998,7807.339999999998,259.19124999999997,UP,8.02,UTILITIES,25.005000000000006,33.63,46.3384,79.9684,N,TXN_V2.1,2026-06-29,2026-06-29 19:54:02.665208
1522,2026-06,4,4,118.0,18867.85,4169.29,-14698.559999999998,195.23,DOWN,49.78,RESTAURANT,33.89584745762712,282.15999999999997,377.35699999999997,659.5169999999999,N,TXN_V2.1,2026-06-29,2026-06-29 19:54:02.665208
1523,2026-06,2,2,49.0,9656.5,7734.74,-1921.7600000000002,354.9232653061224,DOWN,25.24,RESTAURANT,32.657551020408164,233.29000000000002,193.13,426.42,N,TXN_V2.1,2026-06-29,2026-06-29 19:54:02.665208
1524,2026-06,4,4,166.0,57382.83,30875.6,-26507.230000000003,531.6772891566264,DOWN,96.84,RETAIL,39.7522891566265,251.37,1147.6566,1399.0266000000001,N,TXN_V2.1,2026-06-29,2026-06-29 19:54:02.665208
1525,2026-06,2,2,127.0,15736.2,17601.079999999998,1864.8799999999974,262.49826771653545,UP,42.4,RESTAURANT,39.37118110236221,265.35,314.72400000000005,580.0740000000001,N,TXN_V2.1,2026-06-29,2026-06-29 19:54:02.665208
1526,2026-06,4,4,114.0,22374.239999999998,5285.74,-17088.5,242.63140350877188,DOWN,57.8,TRAVEL,38.59622807017544,226.39,447.48479999999995,673.8747999999999,N,TXN_V2.1,2026-06-29,2026-06-29 19:54:02.665208
1527,2026-06,3,2,125.0,50761.59,16746.05,-34015.53999999999,540.06112,DOWN,94.52,TRAVEL,40.00208,124.25999999999999,1015.2317999999999,1139.4917999999998,N,TXN_V2.1,2026-06-29,2026-06-29 19:54:02.665208
1528,2026-06,3,2,132.0,18825.11,17563.73,-1261.380000000001,275.67303030303026,STABLE,49.7,RETAIL,39.394015151515156,230.49,376.5022,606.9922,N,TXN_V2.1,2026-06-29,2026-06-29 19:54:02.665208
1529,2026-06,4,4,133.0,52836.91,21111.59,-31725.320000000003,556.0037593984962,DOWN,95.38,RETAIL,36.84360902255639,394.96000000000004,1056.7382,1451.6982,N,TXN_V2.1,2026-06-29,2026-06-29 19:54:02.665208
1530,2026-06,1,0,20.0,9885.97,294.24,-9591.73,509.0105,DOWN,25.82,GAS_STATION,35.0,63.79,197.71939999999998,261.50939999999997,N,TXN_V2.1,2026-06-29,2026-06-29 19:54:02.665208
1531,2026-06,3,3,155.0,33996.27,8665.99,-25330.28,275.24038709677416,DOWN,78.88,UTILITIES,43.227483870967745,386.46,679.9254,1066.3854,N,TXN_V2.1,2026-06-29,2026-06-29 19:54:02.665208
1532,2026-06,1,1,16.0,11204.97,727.87,-10477.099999999999,745.8025,DOWN,29.2,RETAIL,43.75,62.9,224.0994,286.9994,N,TXN_V2.1,2026-06-29,2026-06-29 19:54:02.665208
1533,2026-06,1,1,29.0,9622.6,1231.56,-8391.04,374.28137931034485,DOWN,25.16,UTILITIES,51.73000000000001,23.93,192.452,216.382,N,TXN_V2.1,2026-06-29,2026-06-29 19:54:02.665208
1534,2026-06,2,2,113.0,35878.58,16002.3,-19876.280000000002,459.1228318584071,DOWN,81.26,RESTAURANT,36.27982300884956,361.06,717.5716000000001,1078.6316000000002,N,TXN_V2.1,2026-06-29,2026-06-29 19:54:02.665208
1535,2026-06,1,1,25.0,10192.23,1258.83,-8933.4,458.0424,DOWN,26.52,RETAIL,36.0,10.42,203.84459999999999,214.26459999999997,N,TXN_V2.1,2026-06-29,2026-06-29 19:54:02.665208
1536,2026-06,1,1,40.0,18720.5,11178.95,-7541.549999999999,747.48625,DOWN,49.34,UTILITIES,35.0,219.4,374.41,593.8100000000001,N,TXN_V2.1,2026-06-29,2026-06-29 19:54:02.665208
1537,2026-06,3,3,114.0,16297.92,7125.49,-9172.43,205.46850877192983,DOWN,43.94,UTILITIES,30.699473684210528,370.10999999999996,325.9584,696.0683999999999,N,TXN_V2.1,2026-06-29,2026-06-29 19:54:02.665208
1538,2026-06,3,2,117.0,13983.95,7688.98,-6294.970000000001,185.23871794871795,DOWN,37.22,TRAVEL,35.89666666666667,244.83,279.67900000000003,524.509,N,TXN_V2.1,2026-06-29,2026-06-29 19:54:02.665208
1539,2026-06,1,1,21.0,13909.74,1172.99,-12736.75,718.2252380952381,DOWN,36.92,RETAIL,28.57,0.0,278.1948,278.1948,N,TXN_V2.1,2026-06-29,2026-06-29 19:54:02.665208
1540,2026-06,1,1,38.0,15254.56,1329.32,-13925.24,436.41789473684213,DOWN,41.04,GROCERY,44.73999999999999,45.88,305.0912,350.9712,N,TXN_V2.1,2026-06-29,2026-06-29 19:54:02.665208
1541,2026-06,1,1,61.0,4913.63,1172.94,-3740.69,99.77983606557376,DOWN,16.26,GAS_STATION,37.7,111.53,98.27260000000001,209.8026,N,TXN_V2.1,2026-06-29,2026-06-29 19:54:02.665208
1542,2026-06,1,0,19.0,468.27,1423.54,955.27,99.56894736842105,UP,0.16,GROCERY,31.58,44.19,9.3654,53.5554,N,TXN_V2.1,2026-06-29,2026-06-29 19:54:02.665208
1543,2026-06,1,1,27.0,27357.02,17845.42,-9511.600000000002,1674.1644444444446,DOWN,68.0,GROCERY,18.52,89.69,547.1404,636.8304,N,TXN_V2.1,2026-06-29,2026-06-29 19:54:02.665208
1544,2026-06,3,3,116.0,32497.79,20523.29,-11974.5,457.078275862069,DOWN,76.64,UTILITIES,37.06603448275862,366.2,649.9558000000001,1016.1558,N,TXN_V2.1,2026-06-29,2026-06-29 19:54:02.665208
1545,2026-06,2,2,125.0,8290.960000000001,13850.140000000001,5559.18,177.1288,UP,22.34,GROCERY,42.40352000000001,489.04999999999995,165.81920000000002,654.8692,N,TXN_V2.1,2026-06-29,2026-06-29 19:54:02.665208
1546,2026-06,1,1,59.0,2479.72,22235.77,19756.05,418.90661016949156,UP,8.8,GAS_STATION,30.5,58.25,49.5944,107.84440000000001,N,TXN_V2.1,2026-06-29,2026-06-29 19:54:02.665208
1547,2026-06,2,2,80.0,28399.510000000002,20319.02,-8080.490000000002,608.981625,DOWN,70.08,RETAIL,34.999375,322.11,567.9902000000001,890.1002000000001,N,TXN_V2.1,2026-06-29,2026-06-29 19:54:02.665208
1548,2026-06,1,1,61.0,4306.63,10675.45,6368.820000000001,245.60786885245903,UP,15.04,UTILITIES,45.9,217.65,86.13260000000001,303.7826,N,TXN_V2.1,2026-06-29,2026-06-29 19:54:02.665208
1549,2026-06,1,1,22.0,1292.89,938.15,-354.7400000000001,101.41090909090909,STABLE,2.74,RETAIL,40.91,105.87,25.8578,131.7278,N,TXN_V2.1,2026-06-29,2026-06-29 19:54:02.665208
1550,2026-06,3,2,113.0,61102.5,43589.29,-17513.21,926.4760176991151,DOWN,97.86,RETAIL,32.743274336283186,216.95999999999998,1222.05,1439.01,N,TXN_V2.1,2026-06-29,2026-06-29 19:54:02.665208
1551,2026-06,2,2,102.0,5200.83,6385.219999999999,1184.3899999999994,113.58872549019607,UP,16.88,TRAVEL,44.11999999999999,218.85999999999999,104.0166,322.8766,N,TXN_V2.1,2026-06-29,2026-06-29 19:54:02.665208
1552,2026-06,1,0,18.0,1292.73,321.38,-971.35,89.67277777777778,DOWN,2.72,GROCERY,38.88999999999999,10.75,25.8546,36.604600000000005,N,TXN_V2.1,2026-06-29,2026-06-29 19:54:02.665208
1553,2026-06,1,1,50.0,3567.14,2310.54,-1256.6,117.5536,DOWN,12.62,GROCERY,36.0,138.17,71.3428,209.51279999999997,N,TXN_V2.1,2026-06-29,2026-06-29 19:54:02.665208
1554,2026-06,1,1,21.0,935.7,1292.76,357.05999999999995,106.11714285714285,STABLE,1.3,GROCERY,52.38,0.0,18.714000000000002,18.714000000000002,N,TXN_V2.1,2026-06-29,2026-06-29 19:54:02.665208
1555,2026-06,2,2,118.0,31659.6,7013.0599999999995,-24646.54,327.73440677966096,DOWN,75.16,GROCERY,45.76305084745763,352.74,633.192,985.932,N,TXN_V2.1,2026-06-29,2026-06-29 19:54:02.665208
1556,2026-06,3,3,98.0,55380.55,23583.06,-31797.49,805.7511224489796,DOWN,96.28,TRAVEL,41.836122448979594,293.65,1107.611,1401.261,N,TXN_V2.1,2026-06-29,2026-06-29 19:54:02.665208
1557,2026-06,3,3,105.0,27153.97,10245.69,-16908.28,356.1872380952381,DOWN,67.74,RESTAURANT,37.14342857142857,242.86999999999998,543.0794000000001,785.9494000000001,N,TXN_V2.1,2026-06-29,2026-06-29 19:54:02.665208
1558,2026-06,1,1,59.0,2418.87,3790.07,1371.2000000000003,105.23627118644069,UP,8.48,GROCERY,40.67,157.83,48.3774,206.2074,N,TXN_V2.1,2026-06-29,2026-06-29 19:54:02.665208
1559,2026-06,3,3,192.0,18843.82,40263.729999999996,21419.909999999996,307.85182291666666,UP,49.74,GROCERY,36.9825,497.83,376.8764,874.7064,N,TXN_V2.1,2026-06-29,2026-06-29 19:54:02.665208
1560,2026-06,3,3,118.0,16126.52,13219.169999999998,-2907.350000000002,248.6922881355932,DOWN,43.46,RESTAURANT,41.52813559322034,424.73,322.53040000000004,747.2604000000001,N,TXN_V2.1,2026-06-29,2026-06-29 19:54:02.665208
1561,2026-06,4,4,228.0,55453.64,34649.82000000001,-20803.819999999992,395.1906140350877,DOWN,96.3,UTILITIES,39.91368421052631,651.3900000000001,1109.0728,1760.4628,N,TXN_V2.1,2026-06-29,2026-06-29 19:54:02.665208
1562,2026-06,2,2,117.0,35398.41,5187.51,-30210.9,346.8882051282052,DOWN,80.5,UTILITIES,35.891111111111115,113.75,707.9682000000001,821.7182000000001,N,TXN_V2.1,2026-06-29,2026-06-29 19:54:02.665208
1563,2026-06,4,4,175.0,31062.14,15396.869999999999,-15665.27,265.4800571428571,DOWN,74.36,TRAVEL,37.14668571428571,389.45000000000005,621.2428,1010.6928,N,TXN_V2.1,2026-06-29,2026-06-29 19:54:02.665208
1564,2026-06,1,0,17.0,547.74,11166.18,10618.44,689.0541176470588,UP,0.3,RESTAURANT,23.52,26.85,10.9548,37.8048,N,TXN_V2.1,2026-06-29,2026-06-29 19:54:02.665208
1565,2026-06,1,1,49.0,3167.83,9038.49,5870.66,249.10857142857142,UP,11.62,TRAVEL,53.06000000000001,94.1,63.3566,157.45659999999998,N,TXN_V2.1,2026-06-29,2026-06-29 19:54:02.665208
1566,2026-06,1,1,41.0,2194.2,3163.13,968.9300000000003,130.66658536585365,UP,7.42,GROCERY,21.96,68.33,43.884,112.214,N,TXN_V2.1,2026-06-29,2026-06-29 19:54:02.665208
1567,2026-06,2,2,89.0,8271.71,3215.97,-5055.74,129.07505617977526,DOWN,22.32,GAS_STATION,41.58033707865168,229.39,165.43419999999998,394.82419999999996,N,TXN_V2.1,2026-06-29,2026-06-29 19:54:02.665208
1568,2026-06,2,2,116.0,22656.86,4118.29,-18538.57,230.82025862068966,DOWN,58.46,RESTAURANT,47.413103448275855,352.24,453.1372,805.3772,N,TXN_V2.1,2026-06-29,2026-06-29 19:54:02.665208
1569,2026-06,3,3,157.0,39135.3,41268.07,2132.769999999997,512.1233757961783,STABLE,85.46,RETAIL,41.40012738853503,346.32000000000005,782.7060000000001,1129.0260000000003,N,TXN_V2.1,2026-06-29,2026-06-29 19:54:02.665208
1570,2026-06,2,2,73.0,27376.14,3557.0599999999995,-23819.08,423.7424657534246,DOWN,68.06,GROCERY,38.35534246575343,100.61,547.5228,648.1328,N,TXN_V2.1,2026-06-29,2026-06-29 19:54:02.665208
1571,2026-06,3,1,118.0,5887.35,38278.990000000005,32391.640000000007,374.29101694915255,UP,18.22,RETAIL,32.207966101694915,188.11,117.74700000000001,305.857,N,TXN_V2.1,2026-06-29,2026-06-29 19:54:02.665208
1572,2026-06,4,4,139.0,31676.95,28167.79,-3509.16,430.53769784172664,DOWN,75.18,TRAVEL,38.84539568345324,297.15,633.539,930.689,N,TXN_V2.1,2026-06-29,2026-06-29 19:54:02.665208
1573,2026-06,2,2,71.0,3162.7999999999997,5412.5,2249.7000000000003,120.7788732394366,UP,11.58,GROCERY,39.440704225352114,70.23,63.25599999999999,133.486,N,TXN_V2.1,2026-06-29,2026-06-29 19:54:02.665208
1574,2026-06,2,2,115.0,34338.71,23523.35,-10815.36,503.14834782608693,DOWN,79.28,GROCERY,36.52252173913044,365.39,686.7742,1052.1642,N,TXN_V2.1,2026-06-29,2026-06-29 19:54:02.665208
1575,2026-06,1,1,60.0,11273.31,16092.99,4819.68,456.10499999999996,UP,29.48,ENTERTAINMENT,31.66,90.96,225.4662,316.4262,N,TXN_V2.1,2026-06-29,2026-06-29 19:54:02.665208
1576,2026-06,1,1,36.0,2787.46,1252.03,-1535.43,112.20805555555555,DOWN,10.0,RETAIL,38.88,90.09,55.7492,145.8392,N,TXN_V2.1,2026-06-29,2026-06-29 19:54:02.665208
1577,2026-06,3,3,123.0,12112.82,6469.0,-5643.82,151.07170731707316,DOWN,31.68,GROCERY,34.14739837398374,368.99,242.25639999999999,611.2464,N,TXN_V2.1,2026-06-29,2026-06-29 19:54:02.665208
1578,2026-06,1,1,54.0,3130.66,24252.43,21121.77,507.0942592592593,UP,11.44,RETAIL,44.44,175.33,62.6132,237.94320000000002,N,TXN_V2.1,2026-06-29,2026-06-29 19:54:02.665208
1579,2026-06,4,3,155.0,21146.699999999997,49380.3,28233.600000000006,455.01290322580644,UP,54.94,UTILITIES,36.13232258064516,131.22,422.93399999999997,554.154,N,TXN_V2.1,2026-06-29,2026-06-29 19:54:02.665208
1580,2026-06,1,1,26.0,1028.64,1425.3,396.65999999999985,94.38230769230769,STABLE,1.62,HEALTHCARE,30.769999999999996,87.0,20.5728,107.5728,N,TXN_V2.1,2026-06-29,2026-06-29 19:54:02.665208
1581,2026-06,1,1,38.0,9368.9,10991.74,1622.8400000000001,535.8063157894736,STABLE,24.7,GROCERY,28.950000000000003,67.76,187.378,255.13799999999998,N,TXN_V2.1,2026-06-29,2026-06-29 19:54:02.665208
1582,2026-06,3,3,143.0,32378.98,14415.62,-17963.36,327.234965034965,DOWN,76.5,TRAVEL,34.26496503496504,223.48,647.5796,871.0596,N,TXN_V2.1,2026-06-29,2026-06-29 19:54:02.665208
1583,2026-06,4,3,206.0,70313.75,16753.96,-53559.79,422.65878640776697,DOWN,99.26,INSURANCE,38.83592233009709,467.76,1406.275,1874.035,N,TXN_V2.1,2026-06-29,2026-06-29 19:54:02.665208
1584,2026-06,1,1,38.0,2067.52,16067.17,13999.65,477.2286842105263,UP,6.72,GROCERY,50.0,154.23,41.3504,195.5804,N,TXN_V2.1,2026-06-29,2026-06-29 19:54:02.665208
1585,2026-06,3,3,102.0,19770.190000000002,26009.489999999998,6239.299999999996,448.82039215686274,UP,51.72,RESTAURANT,37.25803921568628,181.69,395.40380000000005,577.0938000000001,N,TXN_V2.1,2026-06-29,2026-06-29 19:54:02.665208
1586,2026-06,3,2,95.0,33063.6,14321.29,-18742.309999999998,498.7883157894737,DOWN,77.38,HEALTHCARE,37.89557894736842,152.7,661.2719999999999,813.972,N,TXN_V2.1,2026-06-29,2026-06-29 19:54:02.665208
1587,2026-06,4,4,148.0,48747.67,28058.0,-20689.67,518.9572297297298,DOWN,93.48,UTILITIES,37.16324324324324,197.35,974.9534,1172.3034,N,TXN_V2.1,2026-06-29,2026-06-29 19:54:02.665208
1588,2026-06,1,1,52.0,34468.91,30933.17,-3535.7400000000052,1257.7323076923078,STABLE,79.44,ENTERTAINMENT,36.53999999999999,135.53,689.3782000000001,824.9082000000001,N,TXN_V2.1,2026-06-29,2026-06-29 19:54:02.665208
1589,2026-06,1,1,52.0,27810.32,17350.3,-10460.02,868.4734615384615,DOWN,69.04,HEALTHCARE,26.93,115.6,556.2064,671.8064,N,TXN_V2.1,2026-06-29,2026-06-29 19:54:02.665208
1590,2026-06,4,4,130.0,14119.439999999999,43026.71,28907.27,439.5857692307692,UP,37.7,UTILITIES,40.001769230769234,282.72,282.3888,565.1088,N,TXN_V2.1,2026-06-29,2026-06-29 19:54:02.665208
1591,2026-06,3,3,148.0,32198.660000000003,16209.330000000002,-15989.330000000002,327.08101351351354,DOWN,76.1,TRAVEL,37.83844594594594,333.83,643.9732000000001,977.8032000000001,N,TXN_V2.1,2026-06-29,2026-06-29 19:54:02.665208
1592,2026-06,4,4,177.0,47605.420000000006,49022.83,1417.4099999999962,545.9223163841808,STABLE,92.6,RETAIL,35.02802259887006,354.57,952.1084000000001,1306.6784,N,TXN_V2.1,2026-06-29,2026-06-29 19:54:02.665208
1593,2026-06,1,1,24.0,1114.98,1695.05,580.0699999999999,117.08458333333333,STABLE,1.98,GAS_STATION,33.33,23.26,22.2996,45.5596,N,TXN_V2.1,2026-06-29,2026-06-29 19:54:02.665208
1594,2026-06,2,1,57.0,3926.2299999999996,11441.46,7515.23,269.60859649122807,UP,13.78,RESTAURANT,42.11087719298246,131.37,78.52459999999999,209.8946,N,TXN_V2.1,2026-06-29,2026-06-29 19:54:02.665208
1595,2026-06,3,3,158.0,36385.37,16282.259999999998,-20103.110000000004,333.3394303797469,DOWN,81.94,HEALTHCARE,37.342215189873414,448.53,727.7074000000001,1176.2374,N,TXN_V2.1,2026-06-29,2026-06-29 19:54:02.665208
1596,2026-06,4,4,142.0,35781.3,26340.02,-9441.280000000002,437.4740845070423,DOWN,81.1,RETAIL,38.028169014084504,230.0,715.6260000000001,945.6260000000001,N,TXN_V2.1,2026-06-29,2026-06-29 19:54:02.665208
1597,2026-06,2,2,61.0,14881.619999999999,8271.34,-6610.279999999999,379.55672131147537,DOWN,40.14,RETAIL,42.62491803278689,105.13,297.63239999999996,402.76239999999996,N,TXN_V2.1,2026-06-29,2026-06-29 19:54:02.665208
1598,2026-06,2,2,105.0,4555.18,28697.27,24142.09,316.69,UP,15.54,GROCERY,43.81257142857143,224.57999999999998,91.10360000000001,315.6836,N,TXN_V2.1,2026-06-29,2026-06-29 19:54:02.665208
1599,2026-06,4,4,180.0,43750.26,19129.11,-24621.15,349.32983333333334,DOWN,89.5,UTILITIES,38.33283333333333,297.32,875.0052000000001,1172.3252,N,TXN_V2.1,2026-06-29,2026-06-29 19:54:02.665208
1600,2026-06,1,1,56.0,3902.65,12396.23,8493.58,291.0514285714286,UP,13.74,UTILITIES,35.72,222.55,78.053,300.603,N,TXN_V2.1,2026-06-29,2026-06-29 19:54:02.665208
1601,2026-06,3,3,113.0,31628.76,5551.460000000001,-26077.299999999996,329.02849557522126,DOWN,75.1,TRAVEL,37.169203539823,222.0,632.5752,854.5752,N,TXN_V2.1,2026-06-29,2026-06-29 19:54:02.665208
1602,2026-06,4,4,137.0,15211.24,19953.65,4742.410000000002,256.67802919708026,UP,40.92,HEALTHCARE,38.68401459854015,188.34,304.2248,492.5648,N,TXN_V2.1,2026-06-29,2026-06-29 19:54:02.665208
1603,2026-06,4,4,134.0,19491.61,23632.31,4140.700000000001,321.82029850746267,UP,51.24,UTILITIES,28.35694029850746,233.01000000000002,389.8322,622.8422,N,TXN_V2.1,2026-06-29,2026-06-29 19:54:02.665208
1604,2026-06,1,1,58.0,3418.2,3343.21,-74.98999999999978,116.57603448275862,STABLE,12.28,RETAIL,25.86,84.33,68.364,152.69400000000002,N,TXN_V2.1,2026-06-29,2026-06-29 19:54:02.665208
1605,2026-06,2,2,83.0,14760.75,6094.26,-8666.49,251.26518072289159,DOWN,39.76,RESTAURANT,36.14987951807229,132.56,295.21500000000003,427.77500000000003,N,TXN_V2.1,2026-06-29,2026-06-29 19:54:02.665208
1606,2026-06,2,2,102.0,36097.83,5804.4400000000005,-30293.39,410.80656862745104,DOWN,81.54,HEALTHCARE,38.23352941176471,169.87,721.9566000000001,891.8266000000001,N,TXN_V2.1,2026-06-29,2026-06-29 19:54:02.665208
1607,2026-06,2,1,91.0,46521.73,2441.3,-44080.43,538.0552747252748,DOWN,91.8,RETAIL,40.66153846153846,173.57,930.4346,1104.0046,N,TXN_V2.1,2026-06-29,2026-06-29 19:54:02.665208
1608,2026-06,3,1,57.0,10118.869999999999,2061.42,-8057.449999999999,213.68929824561403,DOWN,26.44,UTILITIES,35.085087719298244,45.48,202.3774,247.85739999999998,N,TXN_V2.1,2026-06-29,2026-06-29 19:54:02.665208
1609,2026-06,2,2,70.0,13164.36,12718.34,-446.02000000000044,369.7528571428572,STABLE,34.78,TRAVEL,41.42657142857143,251.08,263.28720000000004,514.3672,N,TXN_V2.1,2026-06-29,2026-06-29 19:54:02.665208
1610,2026-06,2,2,94.0,33014.25,20322.99,-12691.259999999998,567.4174468085107,DOWN,77.28,GROCERY,40.42978723404255,287.05,660.285,947.335,N,TXN_V2.1,2026-06-29,2026-06-29 19:54:02.665208
1611,2026-06,1,1,53.0,12930.1,2119.84,-10810.26,283.9611320754717,DOWN,34.06,GAS_STATION,39.62,67.48,258.60200000000003,326.08200000000005,N,TXN_V2.1,2026-06-29,2026-06-29 19:54:02.665208
1612,2026-06,1,1,65.0,14149.91,13702.81,-447.10000000000036,428.5033846153846,STABLE,37.8,EDUCATION,36.92,89.84,282.9982,372.83820000000003,N,TXN_V2.1,2026-06-29,2026-06-29 19:54:02.665208
1613,2026-06,3,3,138.0,43950.100000000006,20034.83,-23915.270000000004,463.6589130434783,DOWN,89.78,RETAIL,42.756884057971014,269.86,879.0020000000002,1148.862,N,TXN_V2.1,2026-06-29,2026-06-29 19:54:02.665208
1614,2026-06,3,3,126.0,34059.41,33543.32,-516.0900000000038,536.5296031746033,STABLE,78.96,RESTAURANT,44.44761904761905,33.29,681.1882,714.4782,N,TXN_V2.1,2026-06-29,2026-06-29 19:54:02.665208
1615,2026-06,2,2,98.0,31387.96,28059.57,-3328.3899999999994,606.6074489795918,DOWN,74.78,RESTAURANT,45.91836734693877,224.17000000000002,627.7592,851.9292,N,TXN_V2.1,2026-06-29,2026-06-29 19:54:02.665208
1616,2026-06,2,2,81.0,2858.88,20410.83,17551.95,287.2803703703704,UP,10.38,RESTAURANT,38.27320987654321,281.07,57.177600000000005,338.2476,N,TXN_V2.1,2026-06-29,2026-06-29 19:54:02.665208
1617,2026-06,4,4,209.0,37543.82,57842.130000000005,20298.310000000005,456.39210526315793,UP,83.64,RETAIL,36.844210526315784,269.41999999999996,750.8764,1020.2964,N,TXN_V2.1,2026-06-29,2026-06-29 19:54:02.665208
1618,2026-06,1,0,23.0,1946.55,979.3,-967.25,127.2108695652174,DOWN,6.04,EDUCATION,39.129999999999995,36.16,38.931,75.091,N,TXN_V2.1,2026-06-29,2026-06-29 19:54:02.665208
1619,2026-06,4,4,202.0,38536.62,38636.97,100.34999999999854,382.04747524752474,STABLE,84.94,RETAIL,44.555247524752474,377.21999999999997,770.7324000000001,1147.9524000000001,N,TXN_V2.1,2026-06-29,2026-06-29 19:54:02.665208
1620,2026-06,1,0,54.0,13729.49,8317.04,-5412.449999999999,408.26907407407407,DOWN,36.46,GAS_STATION,40.74,62.68,274.5898,337.26980000000003,N,TXN_V2.1,2026-06-29,2026-06-29 19:54:02.665208
1621,2026-06,2,2,101.0,14987.970000000001,5059.88,-9928.09,198.49356435643566,DOWN,40.36,RETAIL,38.614653465346535,155.47,299.7594,455.22940000000006,N,TXN_V2.1,2026-06-29,2026-06-29 19:54:02.665208
1622,2026-06,4,3,180.0,12900.2,43019.9,30119.7,310.6672222222223,UP,34.0,GROCERY,39.44155555555555,422.85,258.004,680.854,N,TXN_V2.1,2026-06-29,2026-06-29 19:54:02.665208
1623,2026-06,3,3,138.0,20932.04,20628.870000000003,-303.16999999999825,301.1660144927537,STABLE,54.46,UTILITIES,38.40644927536231,315.16,418.6408,733.8008,N,TXN_V2.1,2026-06-29,2026-06-29 19:54:02.665208
1624,2026-06,4,4,126.0,23635.699999999997,29803.79,6168.090000000004,424.1229365079365,UP,60.78,UTILITIES,30.95380952380953,222.76,472.71399999999994,695.4739999999999,N,TXN_V2.1,2026-06-29,2026-06-29 19:54:02.665208
1625,2026-06,4,2,164.0,30254.510000000002,27485.2,-2769.3100000000013,352.07140243902444,DOWN,72.98,RESTAURANT,37.192987804878044,498.15,605.0902000000001,1103.2402000000002,N,TXN_V2.1,2026-06-29,2026-06-29 19:54:02.665208
1626,2026-06,4,4,155.0,27378.06,50600.16,23222.100000000002,503.08529032258065,UP,68.08,GROCERY,40.00129032258065,273.13,547.5612,820.6912,N,TXN_V2.1,2026-06-29,2026-06-29 19:54:02.665208
1627,2026-06,4,4,149.0,30844.28,13095.25,-17749.03,294.8961744966443,DOWN,73.98,UTILITIES,40.26818791946309,232.76999999999998,616.8856,849.6555999999999,N,TXN_V2.1,2026-06-29,2026-06-29 19:54:02.665208
1628,2026-06,2,2,109.0,19000.26,4583.24,-14417.019999999999,216.36238532110093,DOWN,50.12,HEALTHCARE,33.94256880733945,152.82,380.0052,532.8252,N,TXN_V2.1,2026-06-29,2026-06-29 19:54:02.665208
1629,2026-06,2,1,81.0,10815.76,39170.3,28354.54,617.111851851852,UP,28.3,RESTAURANT,38.273456790123454,124.00999999999999,216.3152,340.3252,N,TXN_V2.1,2026-06-29,2026-06-29 19:54:02.665208
1630,2026-06,3,3,137.0,28812.25,44567.28,15755.029999999999,535.6170072992701,UP,70.78,UTILITIES,41.60897810218978,417.45,576.245,993.6949999999999,N,TXN_V2.1,2026-06-29,2026-06-29 19:54:02.665208
1631,2026-06,2,2,87.0,34000.91,4241.31,-29759.600000000002,439.5657471264368,DOWN,78.9,TRAVEL,31.039655172413788,120.82,680.0182000000001,800.8382000000001,N,TXN_V2.1,2026-06-29,2026-06-29 19:54:02.665208
1632,2026-06,2,2,99.0,25355.54,12801.83,-12553.710000000001,385.42797979797984,DOWN,64.02,RESTAURANT,35.35,121.2,507.11080000000004,628.3108000000001,N,TXN_V2.1,2026-06-29,2026-06-29 19:54:02.665208
1633,2026-06,4,4,236.0,27310.46,24470.0,-2840.459999999999,219.40872881355932,DOWN,67.9,UTILITIES,38.560296610169495,624.35,546.2092,1170.5592000000001,N,TXN_V2.1,2026-06-29,2026-06-29 19:54:02.665208
1634,2026-06,2,2,85.0,31157.300000000003,21356.760000000002,-9800.54,617.8124705882353,DOWN,74.5,UTILITIES,40.0,171.67000000000002,623.1460000000001,794.816,N,TXN_V2.1,2026-06-29,2026-06-29 19:54:02.665208
1635,2026-06,3,2,143.0,25674.710000000003,17791.09,-7883.620000000003,303.9566433566434,DOWN,64.68,TRAVEL,38.46104895104895,363.47,513.4942000000001,876.9642000000001,N,TXN_V2.1,2026-06-29,2026-06-29 19:54:02.665208
1636,2026-06,1,1,62.0,12713.11,2470.72,-10242.390000000001,244.90048387096775,DOWN,33.4,UTILITIES,43.55,69.25,254.2622,323.5122,N,TXN_V2.1,2026-06-29,2026-06-29 19:54:02.665208
1637,2026-06,3,2,74.0,21575.05,3090.61,-18484.44,333.3197297297297,DOWN,55.82,RETAIL,36.48405405405405,145.19,431.501,576.691,N,TXN_V2.1,2026-06-29,2026-06-29 19:54:02.665208
1638,2026-06,1,1,57.0,11344.79,1712.91,-9631.880000000001,229.0824561403509,DOWN,29.6,EDUCATION,36.85000000000001,101.78,226.8958,328.6758,N,TXN_V2.1,2026-06-29,2026-06-29 19:54:02.665208
1639,2026-06,2,2,116.0,22276.97,3127.7799999999997,-19149.190000000002,219.00646551724137,DOWN,57.56,GAS_STATION,35.344051724137934,307.2,445.53940000000006,752.7394,N,TXN_V2.1,2026-06-29,2026-06-29 19:54:02.665208
1640,2026-06,1,1,70.0,30566.29,2298.03,-28268.260000000002,469.49028571428573,DOWN,73.56,RETAIL,40.0,128.65,611.3258000000001,739.9758,N,TXN_V2.1,2026-06-29,2026-06-29 19:54:02.665208
1641,2026-06,1,1,33.0,8257.4,677.08,-7580.32,270.7418181818182,DOWN,22.28,RETAIL,27.27,147.41,165.148,312.558,N,TXN_V2.1,2026-06-29,2026-06-29 19:54:02.665208
1642,2026-06,2,2,91.0,15742.23,3019.16,-12723.07,206.16912087912087,DOWN,42.42,TRAVEL,35.16241758241758,238.01,314.8446,552.8546,N,TXN_V2.1,2026-06-29,2026-06-29 19:54:02.665208
1643,2026-06,4,4,185.0,32901.21,25977.910000000003,-6923.299999999996,318.26551351351355,DOWN,77.14,TRAVEL,38.918,467.14,658.0242,1125.1642,N,TXN_V2.1,2026-06-29,2026-06-29 19:54:02.665208
1644,2026-06,3,3,159.0,40122.23,21715.95,-18406.280000000002,388.91937106918243,DOWN,86.48,TRAVEL,33.33584905660378,440.79,802.4446,1243.2346,N,TXN_V2.1,2026-06-29,2026-06-29 19:54:02.665208
1645,2026-06,1,1,50.0,22133.85,2335.48,-19798.37,489.3866,DOWN,57.18,UTILITIES,24.0,104.46,442.67699999999996,547.137,N,TXN_V2.1,2026-06-29,2026-06-29 19:54:02.665208
1646,2026-06,2,2,136.0,17661.21,12530.23,-5130.98,221.99588235294118,DOWN,47.04,RESTAURANT,41.17779411764706,294.53999999999996,353.2242,647.7642,N,TXN_V2.1,2026-06-29,2026-06-29 19:54:02.665208
1647,2026-06,1,1,52.0,9699.89,10794.11,1094.2200000000012,394.11538461538464,STABLE,25.44,GAS_STATION,42.309999999999995,163.44,193.99779999999998,357.4378,N,TXN_V2.1,2026-06-29,2026-06-29 19:54:02.665208
1648,2026-06,2,2,96.0,49315.74,2503.52,-46812.22,539.7839583333333,DOWN,93.74,TRAVEL,45.83,223.75,986.3148,1210.0648,N,TXN_V2.1,2026-06-29,2026-06-29 19:54:02.665208
1649,2026-06,3,3,128.0,36182.34,27847.48,-8334.859999999997,500.23296874999994,DOWN,81.64,TRAVEL,38.28476562499999,266.36,723.6468,990.0068,N,TXN_V2.1,2026-06-29,2026-06-29 19:54:02.665208
1650,2026-06,4,4,189.0,26372.899999999998,22307.3,-4065.5999999999985,257.56719576719576,DOWN,66.06,TRAVEL,41.79857142857143,528.37,527.458,1055.828,N,TXN_V2.1,2026-06-29,2026-06-29 19:54:02.665208
1651,2026-06,4,4,224.0,63522.2,42585.71,-20936.489999999998,473.6960267857143,DOWN,98.4,TRAVEL,41.07004464285715,601.31,1270.444,1871.754,N,TXN_V2.1,2026-06-29,2026-06-29 19:54:02.665208
1652,2026-06,2,1,89.0,7066.7,3437.09,-3629.6099999999997,118.02011235955057,DOWN,20.34,GROCERY,44.94584269662922,182.98000000000002,141.334,324.314,N,TXN_V2.1,2026-06-29,2026-06-29 19:54:02.665208
1653,2026-06,2,2,108.0,36224.96,3895.13,-32329.829999999998,371.4823148148148,DOWN,81.72,RETAIL,37.96111111111111,295.85,724.4992,1020.3492,N,TXN_V2.1,2026-06-29,2026-06-29 19:54:02.665208
1654,2026-06,4,4,176.0,21786.989999999998,40844.16,19057.170000000006,355.85880681818185,UP,56.42,INSURANCE,34.09357954545454,394.73,435.73979999999995,830.4698,N,TXN_V2.1,2026-06-29,2026-06-29 19:54:02.665208
1655,2026-06,1,1,57.0,13996.48,4301.15,-9695.33,321.0110526315789,DOWN,37.24,ENTERTAINMENT,35.089999999999996,116.26,279.9296,396.1896,N,TXN_V2.1,2026-06-29,2026-06-29 19:54:02.665208
1656,2026-06,1,1,49.0,2405.18,9491.68,7086.5,242.7930612244898,UP,8.4,GROCERY,40.82,184.51,48.1036,232.6136,N,TXN_V2.1,2026-06-29,2026-06-29 19:54:02.665208
1657,2026-06,1,1,61.0,32319.89,1485.18,-30834.71,554.181475409836,DOWN,76.4,GAS_STATION,31.14,200.74,646.3978,847.1378,N,TXN_V2.1,2026-06-29,2026-06-29 19:54:02.665208
1658,2026-06,3,3,97.0,14511.240000000002,4799.0,-9712.240000000002,199.07463917525774,DOWN,38.84,TRAVEL,42.27257731958763,156.64,290.2248,446.8648,N,TXN_V2.1,2026-06-29,2026-06-29 19:54:02.665208
1659,2026-06,3,3,95.0,40939.39,10175.84,-30763.55,538.0550526315789,DOWN,87.18,RESTAURANT,30.52642105263158,175.01999999999998,818.7878000000001,993.8078,N,TXN_V2.1,2026-06-29,2026-06-29 19:54:02.665208
1660,2026-06,3,3,129.0,58304.8,9729.06,-48575.740000000005,527.3942635658915,DOWN,97.14,RETAIL,31.78023255813953,276.54999999999995,1166.096,1442.646,N,TXN_V2.1,2026-06-29,2026-06-29 19:54:02.665208
1661,2026-06,4,4,138.0,26874.65,38702.520000000004,11827.870000000003,475.1968840579711,UP,67.16,RESTAURANT,47.10253623188406,283.01,537.493,820.503,N,TXN_V2.1,2026-06-29,2026-06-29 19:54:02.665208
1662,2026-06,3,3,82.0,42572.53,3740.27,-38832.26,564.790243902439,DOWN,88.68,RESTAURANT,43.902682926829264,252.13,851.4506,1103.5806,N,TXN_V2.1,2026-06-29,2026-06-29 19:54:02.665208
1663,2026-06,4,4,219.0,26116.96,44406.34,18289.379999999997,322.02420091324194,UP,65.52,RETAIL,32.87442922374429,554.4,522.3392,1076.7392,N,TXN_V2.1,2026-06-29,2026-06-29 19:54:02.665208
1664,2026-06,4,3,134.0,18705.100000000002,17711.16,-993.9400000000023,271.7631343283582,STABLE,49.28,RETAIL,38.80910447761194,357.74,374.10200000000003,731.8420000000001,N,TXN_V2.1,2026-06-29,2026-06-29 19:54:02.665208
1665,2026-06,2,2,75.0,35605.25,13526.210000000001,-22079.04,655.0861333333334,DOWN,80.78,PAWN_SHOP,34.67026666666667,165.84,712.105,877.945,N,TXN_V2.1,2026-06-29,2026-06-29 19:54:02.665208
1666,2026-06,4,3,184.0,28824.989999999998,26966.73,-1858.2599999999984,303.2158695652174,DOWN,70.86,HEALTHCARE,36.413260869565214,502.32,576.4997999999999,1078.8198,N,TXN_V2.1,2026-06-29,2026-06-29 19:54:02.665208
1667,2026-06,2,2,76.0,32545.57,3506.4399999999996,-29039.13,474.36855263157895,DOWN,76.7,RESTAURANT,36.8425,176.41,650.9114,827.3213999999999,N,TXN_V2.1,2026-06-29,2026-06-29 19:54:02.665208
1668,2026-06,2,2,90.0,4975.870000000001,42321.83,37345.96,525.5300000000001,UP,16.42,GROCERY,33.32911111111111,235.79,99.51740000000002,335.30740000000003,N,TXN_V2.1,2026-06-29,2026-06-29 19:54:02.665208
1669,2026-06,2,2,60.0,5152.38,1834.6499999999999,-3317.7300000000005,116.45049999999999,DOWN,16.74,RESTAURANT,38.33,108.11999999999999,103.0476,211.1676,N,TXN_V2.1,2026-06-29,2026-06-29 19:54:02.665208
1670,2026-06,3,3,193.0,46200.16,13818.7,-32381.460000000003,310.97854922279794,DOWN,91.48,RESTAURANT,31.60476683937824,470.74,924.0032000000001,1394.7432000000001,N,TXN_V2.1,2026-06-29,2026-06-29 19:54:02.665208
1671,2026-06,2,2,120.0,32372.41,18817.12,-13555.29,426.57941666666665,DOWN,76.48,RESTAURANT,41.661833333333334,270.61,647.4482,918.0582,N,TXN_V2.1,2026-06-29,2026-06-29 19:54:02.665208
1672,2026-06,4,4,135.0,49806.16,26927.56,-22878.600000000002,568.397925925926,DOWN,94.18,RETAIL,37.77874074074074,215.51,996.1232000000001,1211.6332000000002,N,TXN_V2.1,2026-06-29,2026-06-29 19:54:02.665208
1673,2026-06,2,2,91.0,15216.07,4618.42,-10597.65,217.96142857142854,DOWN,40.96,HEALTHCARE,35.15846153846154,41.29,304.3214,345.6114,N,TXN_V2.1,2026-06-29,2026-06-29 19:54:02.665208
1674,2026-06,4,4,169.0,40273.15,15613.84,-24659.31,330.6922485207101,DOWN,86.68,RESTAURANT,38.462603550295846,316.01,805.4630000000001,1121.473,N,TXN_V2.1,2026-06-29,2026-06-29 19:54:02.665208
1675,2026-06,2,2,52.0,10960.5,7175.09,-3785.41,348.76134615384615,DOWN,28.58,GROCERY,36.5373076923077,57.3,219.21,276.51,N,TXN_V2.1,2026-06-29,2026-06-29 19:54:02.665208
1676,2026-06,2,2,108.0,13560.56,25804.11,12243.550000000001,364.48768518518517,UP,35.98,RESTAURANT,47.225,224.55,271.2112,495.76120000000003,N,TXN_V2.1,2026-06-29,2026-06-29 19:54:02.665208
1677,2026-06,1,1,31.0,10951.41,1260.82,-9690.59,393.94290322580645,DOWN,28.54,GAS_STATION,41.93999999999999,102.54,219.0282,321.5682,N,TXN_V2.1,2026-06-29,2026-06-29 19:54:02.665208
1678,2026-06,3,3,110.0,43241.0,11215.18,-32025.82,495.0561818181818,DOWN,89.14,RESTAURANT,41.81654545454545,268.24,864.82,1133.06,N,TXN_V2.1,2026-06-29,2026-06-29 19:54:02.665208
1679,2026-06,3,3,185.0,48678.090000000004,50061.06,1382.969999999994,533.7251351351351,STABLE,93.42,RESTAURANT,34.59783783783784,318.87,973.5618000000001,1292.4318,N,TXN_V2.1,2026-06-29,2026-06-29 19:54:02.665208
1680,2026-06,2,2,111.0,48862.799999999996,15059.96,-33802.84,575.8807207207207,DOWN,93.58,TRAVEL,44.14621621621622,223.20999999999998,977.256,1200.466,N,TXN_V2.1,2026-06-29,2026-06-29 19:54:02.665208
1681,2026-06,4,4,235.0,21206.29,22247.02,1040.7299999999996,184.90770212765958,UP,55.18,UTILITIES,43.40331914893617,717.0799999999999,424.1258,1141.2058,N,TXN_V2.1,2026-06-29,2026-06-29 19:54:02.665208
1682,2026-06,3,3,167.0,10554.689999999999,38479.33,27924.640000000003,293.6168862275449,UP,27.58,RESTAURANT,34.73221556886227,308.66,211.0938,519.7538,N,TXN_V2.1,2026-06-29,2026-06-29 19:54:02.665208
1683,2026-06,3,3,121.0,15158.060000000001,29546.289999999997,14388.229999999996,369.4574380165289,UP,40.8,RETAIL,38.01628099173554,330.13,303.1612,633.2912,N,TXN_V2.1,2026-06-29,2026-06-29 19:54:02.665208
1684,2026-06,1,1,69.0,4488.27,2475.35,-2012.9200000000005,100.92202898550725,DOWN,15.36,TRAVEL,37.68,231.71,89.76540000000001,321.47540000000004,N,TXN_V2.1,2026-06-29,2026-06-29 19:54:02.665208
1685,2026-06,4,4,182.0,50054.29,31997.14,-18057.15,450.83203296703294,DOWN,94.28,UTILITIES,33.513351648351644,404.75,1001.0858000000001,1405.8358,N,TXN_V2.1,2026-06-29,2026-06-29 19:54:02.665208
1686,2026-06,3,3,98.0,15257.21,38956.21,23699.0,553.1981632653061,UP,41.08,GROCERY,41.83673469387755,173.38,305.1442,478.5242,N,TXN_V2.1,2026-06-29,2026-06-29 19:54:02.665208
1687,2026-06,4,4,238.0,47355.29,12756.03,-34599.26,252.56857142857143,DOWN,92.38,TRAVEL,38.65210084033613,582.45,947.1058,1529.5558,N,TXN_V2.1,2026-06-29,2026-06-29 19:54:02.665208
1688,2026-06,4,4,223.0,66705.29000000001,36978.020000000004,-29727.270000000004,464.9475784753364,DOWN,98.94,TRAVEL,40.80569506726457,397.07,1334.1058000000003,1731.1758000000002,N,TXN_V2.1,2026-06-29,2026-06-29 19:54:02.665208
1689,2026-06,4,4,218.0,38847.31999999999,19513.96,-19333.359999999993,267.7122935779816,DOWN,85.24,RETAIL,38.07495412844037,543.4399999999999,776.9463999999998,1320.3863999999999,N,TXN_V2.1,2026-06-29,2026-06-29 19:54:02.665208
1690,2026-06,2,2,116.0,42991.6,4042.67,-38948.93,405.4678448275862,DOWN,88.98,RESTAURANT,38.79370689655172,207.92000000000002,859.832,1067.752,N,TXN_V2.1,2026-06-29,2026-06-29 19:54:02.665208
1691,2026-06,1,1,29.0,12070.77,630.22,-11440.550000000001,437.9651724137931,DOWN,31.5,RESTAURANT,34.49,54.27,241.4154,295.6854,N,TXN_V2.1,2026-06-29,2026-06-29 19:54:02.665208
1692,2026-06,2,2,85.0,16631.68,27931.98,11300.3,524.2783529411765,UP,44.68,TRAVEL,37.64529411764707,157.76,332.6336,490.3936,N,TXN_V2.1,2026-06-29,2026-06-29 19:54:02.665208
1693,2026-06,4,4,115.0,33142.630000000005,4237.66,-28904.970000000005,325.04600000000005,DOWN,77.52,RESTAURANT,27.826956521739127,159.34,662.8526,822.1926000000001,N,TXN_V2.1,2026-06-29,2026-06-29 19:54:02.665208
1694,2026-06,4,4,141.0,38198.08,13965.81,-24232.270000000004,369.95666666666665,DOWN,84.56,UTILITIES,44.68404255319148,297.28,763.9616000000001,1061.2416,N,TXN_V2.1,2026-06-29,2026-06-29 19:54:02.665208
1695,2026-06,2,2,78.0,10685.48,11575.5,890.0200000000004,285.39717948717947,STABLE,27.98,GROCERY,34.61666666666667,155.59,213.7096,369.2996,N,TXN_V2.1,2026-06-29,2026-06-29 19:54:02.665208
1696,2026-06,4,4,179.0,26938.839999999997,46743.26,19804.420000000006,411.63184357541905,UP,67.28,TRAVEL,36.87642458100559,393.85,538.7768,932.6268,N,TXN_V2.1,2026-06-29,2026-06-29 19:54:02.665208
1697,2026-06,1,1,50.0,2033.71,17990.98,15957.27,400.49379999999996,UP,6.5,GROCERY,42.0,116.14,40.6742,156.8142,N,TXN_V2.1,2026-06-29,2026-06-29 19:54:02.665208
1698,2026-06,3,3,144.0,20183.940000000002,19146.23,-1037.7100000000028,273.12618055555555,STABLE,52.54,TRAVEL,33.33423611111111,236.99,403.6788000000001,640.6688000000001,N,TXN_V2.1,2026-06-29,2026-06-29 19:54:02.665208
1699,2026-06,1,1,24.0,2028.62,951.33,-1077.29,124.16458333333333,DOWN,6.42,RESTAURANT,45.83,62.11,40.5724,102.6824,N,TXN_V2.1,2026-06-29,2026-06-29 19:54:02.665208
1700,2026-06,3,3,171.0,11265.36,29146.65,17881.29,236.32754385964913,UP,29.44,RETAIL,38.0108187134503,300.75,225.30720000000002,526.0572,N,TXN_V2.1,2026-06-29,2026-06-29 19:54:02.665208
1701,2026-06,1,1,35.0,1776.05,1207.86,-568.19,85.25457142857142,DOWN,5.12,GROCERY,37.14,108.8,35.521,144.321,N,TXN_V2.1,2026-06-29,2026-06-29 19:54:02.665208
1702,2026-06,1,1,72.0,13787.01,25530.98,11743.97,546.0831944444444,UP,36.66,GROCERY,45.83,145.75,275.7402,421.4902,N,TXN_V2.1,2026-06-29,2026-06-29 19:54:02.665208
1703,2026-06,4,4,236.0,58179.229999999996,31691.78,-26487.449999999997,380.80936440677965,DOWN,97.1,RESTAURANT,44.07008474576271,664.23,1163.5846,1827.8146,N,TXN_V2.1,2026-06-29,2026-06-29 19:54:02.665208
1704,2026-06,4,4,221.0,43061.77,53291.17,10229.400000000001,435.98615384615385,UP,89.02,RETAIL,36.64900452488688,634.64,861.2353999999999,1495.8754,N,TXN_V2.1,2026-06-29,2026-06-29 19:54:02.665208
1705,2026-06,4,4,184.0,11992.69,16171.97,4179.279999999999,153.06880434782607,UP,31.42,RETAIL,36.95739130434782,489.34999999999997,239.8538,729.2038,N,TXN_V2.1,2026-06-29,2026-06-29 19:54:02.665208
1706,2026-06,4,4,254.0,37880.18,54279.729999999996,16399.549999999996,362.8342913385827,UP,84.14,TRAVEL,40.94637795275591,540.4300000000001,757.6036,1298.0336000000002,N,TXN_V2.1,2026-06-29,2026-06-29 19:54:02.665208
1707,2026-06,3,3,67.0,22048.61,3263.56,-18785.05,377.7935820895523,DOWN,56.94,UTILITIES,43.2865671641791,239.79000000000002,440.97220000000004,680.7622000000001,N,TXN_V2.1,2026-06-29,2026-06-29 19:54:02.665208
1708,2026-06,2,2,65.0,19304.08,3557.55,-15746.530000000002,351.7173846153846,DOWN,50.86,TRAVEL,26.15676923076923,96.37,386.08160000000004,482.45160000000004,N,TXN_V2.1,2026-06-29,2026-06-29 19:54:02.665208
1709,2026-06,4,4,158.0,45919.270000000004,24802.68,-21116.590000000004,447.6072784810127,DOWN,91.28,TRAVEL,39.8753164556962,280.73,918.3854000000001,1199.1154000000001,N,TXN_V2.1,2026-06-29,2026-06-29 19:54:02.665208
1710,2026-06,2,2,62.0,9695.43,11182.68,1487.25,336.74370967741936,STABLE,25.4,TRAVEL,37.09548387096774,108.23,193.9086,302.1386,N,TXN_V2.1,2026-06-29,2026-06-29 19:54:02.665208
1711,2026-06,3,2,179.0,50883.130000000005,47954.259999999995,-2928.87000000001,552.164189944134,DOWN,94.6,RETAIL,43.016256983240226,321.19,1017.6626000000001,1338.8526000000002,N,TXN_V2.1,2026-06-29,2026-06-29 19:54:02.665208
1712,2026-06,3,3,126.0,7153.03,13495.3,6342.2699999999995,163.8756349206349,UP,20.58,TRAVEL,38.09309523809524,52.19,143.0606,195.2506,N,TXN_V2.1,2026-06-29,2026-06-29 19:54:02.665208
1713,2026-06,2,1,68.0,24070.64,4417.7,-19652.94,418.9461764705882,DOWN,61.52,UTILITIES,38.233676470588236,78.87,481.4128,560.2828,N,TXN_V2.1,2026-06-29,2026-06-29 19:54:02.665208
1714,2026-06,4,4,161.0,31514.46,15310.91,-16203.55,290.8408074534161,DOWN,75.0,TRAVEL,29.81130434782609,288.9,630.2892,919.1892,N,TXN_V2.1,2026-06-29,2026-06-29 19:54:02.665208
1715,2026-06,3,3,112.0,23512.760000000002,13699.13,-9813.630000000003,332.24901785714286,DOWN,60.4,UTILITIES,38.39830357142856,395.84000000000003,470.25520000000006,866.0952000000001,N,TXN_V2.1,2026-06-29,2026-06-29 19:54:02.665208
1716,2026-06,2,2,68.0,3865.13,3327.2,-537.9300000000003,105.76955882352941,DOWN,13.6,UTILITIES,39.70294117647059,182.64999999999998,77.3026,259.95259999999996,N,TXN_V2.1,2026-06-29,2026-06-29 19:54:02.665208
1717,2026-06,4,4,187.0,33050.03,22958.41,-10091.619999999999,299.5103743315508,DOWN,77.36,RETAIL,35.831497326203205,376.58,661.0006,1037.5806,N,TXN_V2.1,2026-06-29,2026-06-29 19:54:02.665208
1718,2026-06,3,3,160.0,47119.26,19649.56,-27469.7,417.30512500000003,DOWN,92.16,RETAIL,39.995875000000005,378.77,942.3852,1321.1552000000001,N,TXN_V2.1,2026-06-29,2026-06-29 19:54:02.665208
1719,2026-06,3,3,137.0,30457.759999999995,28464.91,-1992.849999999995,430.0924817518248,STABLE,73.34,GROCERY,35.0356204379562,296.26,609.1551999999999,905.4151999999999,N,TXN_V2.1,2026-06-29,2026-06-29 19:54:02.665208
1720,2026-06,3,3,161.0,29275.260000000002,41263.8,11988.54,438.13080745341614,UP,71.46,GAS_STATION,31.05670807453416,321.32,585.5052000000001,906.8252,N,TXN_V2.1,2026-06-29,2026-06-29 19:54:02.665208
1721,2026-06,4,4,149.0,58057.65,17570.36,-40487.29,507.5705369127517,DOWN,97.06,UTILITIES,38.9286577181208,347.21,1161.153,1508.363,N,TXN_V2.1,2026-06-29,2026-06-29 19:54:02.665208
1722,2026-06,2,2,104.0,13921.14,17084.49,3163.350000000002,298.1310576923077,UP,37.02,GROCERY,36.53923076923077,374.13,278.4228,652.5527999999999,N,TXN_V2.1,2026-06-29,2026-06-29 19:54:02.665208
1723,2026-06,3,3,118.0,17332.73,20666.86,3334.130000000001,322.0304237288135,UP,46.26,TRAVEL,36.44050847457627,310.95,346.6546,657.6046,N,TXN_V2.1,2026-06-29,2026-06-29 19:54:02.665208
1724,2026-06,1,1,66.0,13144.3,10011.51,-3132.789999999999,350.84560606060603,DOWN,34.7,RESTAURANT,36.36,97.2,262.88599999999997,360.08599999999996,N,TXN_V2.1,2026-06-29,2026-06-29 19:54:02.665208
1725,2026-06,4,4,205.0,35618.0,38103.42,2485.4199999999983,359.61668292682924,UP,80.82,RESTAURANT,37.56175609756097,479.36,712.36,1191.72,N,TXN_V2.1,2026-06-29,2026-06-29 19:54:02.665208
1726,2026-06,1,1,53.0,31888.08,15619.27,-16268.810000000001,896.3650943396227,DOWN,75.54,GROCERY,39.62,67.12,637.7616,704.8816,N,TXN_V2.1,2026-06-29,2026-06-29 19:54:02.665208
1727,2026-06,4,4,156.0,24985.48,26411.53,1426.0499999999993,329.4680128205128,STABLE,63.44,RESTAURANT,36.535512820512814,395.39,499.7096,895.0996,N,TXN_V2.1,2026-06-29,2026-06-29 19:54:02.665208
1728,2026-06,2,2,98.0,5592.26,24597.519999999997,19005.259999999995,308.0589795918367,UP,17.58,GROCERY,38.76714285714286,387.86,111.8452,499.7052,N,TXN_V2.1,2026-06-29,2026-06-29 19:54:02.665208
1729,2026-06,3,3,134.0,18792.57,15314.630000000001,-3477.9399999999987,254.53134328358206,DOWN,49.6,TRAVEL,35.07761194029851,398.03999999999996,375.8514,773.8914,N,TXN_V2.1,2026-06-29,2026-06-29 19:54:02.665208
1730,2026-06,1,0,44.0,1371.92,3336.89,1964.9699999999998,107.01840909090907,UP,3.02,GROCERY,36.36,123.99,27.4384,151.4284,N,TXN_V2.1,2026-06-29,2026-06-29 19:54:02.665208
1731,2026-06,3,3,111.0,31248.510000000002,9815.970000000001,-21432.54,369.9502702702703,DOWN,74.62,UTILITIES,39.63495495495496,219.86,624.9702000000001,844.8302000000001,N,TXN_V2.1,2026-06-29,2026-06-29 19:54:02.665208
1732,2026-06,4,4,250.0,33798.18,26077.18,-7721.0,239.50144,DOWN,78.56,WIRE_TRANSFER_INTL,31.999840000000003,821.0699999999999,675.9636,1497.0336,N,TXN_V2.1,2026-06-29,2026-06-29 19:54:02.665208
1733,2026-06,1,1,26.0,1171.01,8176.18,7005.17,359.50730769230773,UP,2.18,RETAIL,46.15999999999999,154.62,23.4202,178.0402,N,TXN_V2.1,2026-06-29,2026-06-29 19:54:02.665208
1734,2026-06,2,2,81.0,20041.33,11096.86,-8944.470000000001,384.4220987654321,DOWN,52.28,HEALTHCARE,41.97358024691358,140.65,400.82660000000004,541.4766000000001,N,TXN_V2.1,2026-06-29,2026-06-29 19:54:02.665208
1735,2026-06,2,2,79.0,14251.72,4232.1,-10019.619999999999,233.97240506329115,DOWN,38.02,HEALTHCARE,32.90974683544304,149.44,285.0344,434.4744,N,TXN_V2.1,2026-06-29,2026-06-29 19:54:02.665208
1736,2026-06,2,2,84.0,4716.4,15478.320000000002,10761.920000000002,240.41333333333336,UP,15.88,RETAIL,29.76571428571429,137.0,94.32799999999999,231.32799999999997,N,TXN_V2.1,2026-06-29,2026-06-29 19:54:02.665208
1737,2026-06,1,1,41.0,2327.8,12011.61,9683.810000000001,349.7417073170732,UP,8.06,GROCERY,43.89999999999999,133.02,46.556000000000004,179.57600000000002,N,TXN_V2.1,2026-06-29,2026-06-29 19:54:02.665208
1738,2026-06,3,3,148.0,36892.77,24681.28,-12211.489999999998,416.04087837837835,DOWN,82.68,UTILITIES,39.1895945945946,345.78999999999996,737.8553999999999,1083.6453999999999,N,TXN_V2.1,2026-06-29,2026-06-29 19:54:02.665208
1739,2026-06,2,2,125.0,26192.97,53936.79,27743.82,641.03808,UP,65.68,RESTAURANT,40.803200000000004,329.6,523.8594,853.4594000000001,N,TXN_V2.1,2026-06-29,2026-06-29 19:54:02.665208
1740,2026-06,2,2,82.0,5632.75,13811.8,8179.049999999999,237.12865853658536,UP,17.74,RETAIL,39.02987804878049,129.33,112.655,241.985,N,TXN_V2.1,2026-06-29,2026-06-29 19:54:02.665208
1741,2026-06,2,2,99.0,24896.89,16023.810000000001,-8873.079999999998,413.340404040404,DOWN,63.26,RESTAURANT,36.36505050505051,201.12,497.9378,699.0578,N,TXN_V2.1,2026-06-29,2026-06-29 19:54:02.665208
1742,2026-06,1,1,54.0,3340.28,11872.78,8532.5,281.72333333333336,UP,12.1,RESTAURANT,46.3,108.15,66.8056,174.9556,N,TXN_V2.1,2026-06-29,2026-06-29 19:54:02.665208
1743,2026-06,1,1,12.0,465.37,512.19,46.82000000000005,81.46333333333334,STABLE,0.14,GAS_STATION,41.67,0.0,9.3074,9.3074,N,TXN_V2.1,2026-06-29,2026-06-29 19:54:02.665208
1744,2026-06,3,2,170.0,23166.05,35486.850000000006,12320.800000000007,345.01705882352945,UP,59.7,RESTAURANT,35.8864705882353,442.01,463.32099999999997,905.3309999999999,N,TXN_V2.1,2026-06-29,2026-06-29 19:54:02.665208
1745,2026-06,3,3,182.0,10212.0,35917.54,25705.54,253.459010989011,UP,26.62,RETAIL,34.618351648351656,429.52,204.24,633.76,N,TXN_V2.1,2026-06-29,2026-06-29 19:54:02.665208
1746,2026-06,3,3,165.0,26365.63,8423.150000000001,-17942.48,210.8410909090909,DOWN,66.02,INSURANCE,33.93418181818183,382.37,527.3126,909.6826,N,TXN_V2.1,2026-06-29,2026-06-29 19:54:02.665208
1747,2026-06,3,3,115.0,33463.84,22329.03,-11134.809999999998,485.1553913043478,DOWN,78.14,RETAIL,43.47973913043478,261.62,669.2768,930.8968,N,TXN_V2.1,2026-06-29,2026-06-29 19:54:02.665208
1748,2026-06,4,4,148.0,38503.46,8287.43,-30216.03,316.15466216216214,DOWN,84.92,GROCERY,37.164121621621625,421.59000000000003,770.0692,1191.6592,N,TXN_V2.1,2026-06-29,2026-06-29 19:54:02.665208
1749,2026-06,4,4,147.0,26996.83,21561.269999999997,-5435.560000000005,330.32721088435375,DOWN,67.38,UTILITIES,34.693605442176874,127.59,539.9366,667.5266,N,TXN_V2.1,2026-06-29,2026-06-29 19:54:02.665208
1750,2026-06,2,1,110.0,46090.88,17464.44,-28626.44,577.7756363636363,DOWN,91.44,TRAVEL,34.54818181818182,365.79999999999995,921.8176,1287.6176,N,TXN_V2.1,2026-06-29,2026-06-29 19:54:02.665208
1751,2026-06,2,2,78.0,15300.0,10345.59,-4954.41,328.7896153846154,DOWN,41.18,GROCERY,30.769743589743587,96.56,306.0,402.56,N,TXN_V2.1,2026-06-29,2026-06-29 19:54:02.665208
1752,2026-06,3,3,103.0,26469.089999999997,27542.46,1073.3700000000026,524.3839805825243,STABLE,66.2,UTILITIES,31.069611650485434,263.24,529.3817999999999,792.6217999999999,N,TXN_V2.1,2026-06-29,2026-06-29 19:54:02.665208
1753,2026-06,3,3,139.0,43866.3,7574.92,-36291.380000000005,370.0807194244604,DOWN,89.68,RETAIL,36.69474820143885,250.81,877.326,1128.136,N,TXN_V2.1,2026-06-29,2026-06-29 19:54:02.665208
1754,2026-06,4,4,236.0,62182.0,12150.990000000002,-50031.009999999995,314.9702966101695,DOWN,98.12,TRAVEL,42.792711864406776,440.99,1243.64,1684.63,N,TXN_V2.1,2026-06-29,2026-06-29 19:54:02.665208
1755,2026-06,3,3,122.0,17129.08,22007.94,4878.859999999997,320.79524590163936,UP,45.64,RETAIL,43.4438524590164,445.9,342.58160000000004,788.4816000000001,N,TXN_V2.1,2026-06-29,2026-06-29 19:54:02.665208
1756,2026-06,2,2,92.0,35249.54,11913.759999999998,-23335.780000000002,512.6445652173913,DOWN,80.36,RESTAURANT,31.518913043478257,324.89,704.9908,1029.8808,N,TXN_V2.1,2026-06-29,2026-06-29 19:54:02.665208
1757,2026-06,1,1,77.0,5858.89,11898.48,6039.589999999999,230.6151948051948,UP,18.2,HEALTHCARE,37.669999999999995,235.56,117.1778,352.7378,N,TXN_V2.1,2026-06-29,2026-06-29 19:54:02.665208
1758,2026-06,2,2,78.0,16965.54,3541.74,-13423.800000000001,262.9138461538461,DOWN,45.24,HEALTHCARE,35.89846153846153,176.52,339.31080000000003,515.8308000000001,N,TXN_V2.1,2026-06-29,2026-06-29 19:54:02.665208
1759,2026-06,1,1,41.0,2450.27,2000.1,-450.1700000000001,108.54560975609756,STABLE,8.64,GROCERY,39.03,61.78,49.0054,110.78540000000001,N,TXN_V2.1,2026-06-29,2026-06-29 19:54:02.665208
1760,2026-06,2,2,99.0,5030.6900000000005,4018.0,-1012.6900000000005,91.4009090909091,DOWN,16.48,HEALTHCARE,35.35111111111111,270.73,100.61380000000001,371.34380000000004,N,TXN_V2.1,2026-06-29,2026-06-29 19:54:02.665208
1761,2026-06,4,3,138.0,39473.58,27686.45,-11787.130000000001,486.666884057971,DOWN,85.88,RETAIL,37.67934782608695,217.72,789.4716000000001,1007.1916000000001,N,TXN_V2.1,2026-06-29,2026-06-29 19:54:02.665208
1762,2026-06,2,2,75.0,29533.54,3119.26,-26414.28,435.3706666666667,DOWN,71.86,RETAIL,43.9976,92.77,590.6708,683.4408,N,TXN_V2.1,2026-06-29,2026-06-29 19:54:02.665208
1763,2026-06,4,4,161.0,45638.649999999994,48878.009999999995,3239.3600000000006,587.06,UP,91.0,UTILITIES,47.20670807453416,257.71000000000004,912.7729999999999,1170.483,N,TXN_V2.1,2026-06-29,2026-06-29 19:54:02.665208
1764,2026-06,4,4,142.0,23075.989999999998,8351.65,-14724.339999999998,221.3214084507042,DOWN,59.38,RESTAURANT,34.50823943661972,290.68,461.5198,752.1998,N,TXN_V2.1,2026-06-29,2026-06-29 19:54:02.665208
1765,2026-06,2,2,71.0,11244.849999999999,11546.95,302.1000000000022,321.0112676056338,STABLE,29.42,RETAIL,47.88633802816902,112.43,224.89699999999996,337.327,N,TXN_V2.1,2026-06-29,2026-06-29 19:54:02.665208
1766,2026-06,3,3,188.0,41756.58,35159.21,-6597.370000000003,409.12654255319154,DOWN,87.76,TRAVEL,38.83425531914894,460.22,835.1316,1295.3516,N,TXN_V2.1,2026-06-29,2026-06-29 19:54:02.665208
1767,2026-06,4,3,187.0,32116.5,20226.72,-11889.779999999999,279.91026737967917,DOWN,75.94,HEALTHCARE,42.778021390374334,433.83,642.33,1076.16,N,TXN_V2.1,2026-06-29,2026-06-29 19:54:02.665208
1768,2026-06,2,2,85.0,13882.85,12538.119999999999,-1344.7300000000014,310.8349411764706,STABLE,36.86,GROCERY,42.3564705882353,196.66,277.65700000000004,474.317,N,TXN_V2.1,2026-06-29,2026-06-29 19:54:02.665208
1769,2026-06,1,1,33.0,2040.71,1201.68,-839.03,98.25424242424243,DOWN,6.6,GROCERY,36.36,170.12,40.8142,210.9342,N,TXN_V2.1,2026-06-29,2026-06-29 19:54:02.665208
1770,2026-06,3,3,106.0,33811.0,16194.71,-17616.29,471.75198113207546,DOWN,78.6,UTILITIES,30.18688679245283,192.36,676.22,868.58,N,TXN_V2.1,2026-06-29,2026-06-29 19:54:02.665208
1771,2026-06,4,3,131.0,30951.14,7550.27,-23400.87,293.903893129771,DOWN,74.2,RETAIL,37.40786259541984,349.86,619.0228,968.8828,N,TXN_V2.1,2026-06-29,2026-06-29 19:54:02.665208
1772,2026-06,2,2,87.0,25276.66,12637.25,-12639.41,435.7920689655173,DOWN,63.84,UTILITIES,37.92770114942529,218.86,505.5332,724.3932,N,TXN_V2.1,2026-06-29,2026-06-29 19:54:02.665208
1773,2026-06,2,2,75.0,9010.84,29858.97,20848.13,518.2641333333333,UP,23.78,RETAIL,49.327333333333335,126.18,180.2168,306.3968,N,TXN_V2.1,2026-06-29,2026-06-29 19:54:02.665208
1774,2026-06,3,3,117.0,8012.4800000000005,5854.07,-2158.4100000000008,118.51752136752137,DOWN,21.92,RETAIL,32.47632478632479,274.27,160.24960000000002,434.51959999999997,N,TXN_V2.1,2026-06-29,2026-06-29 19:54:02.665208
1775,2026-06,1,1,24.0,1198.42,1707.59,509.16999999999985,121.08375000000001,STABLE,2.36,GAS_STATION,29.17,10.02,23.968400000000003,33.9884,N,TXN_V2.1,2026-06-29,2026-06-29 19:54:02.665208
1776,2026-06,3,3,176.0,12516.5,33866.07,21349.57,263.53732954545455,UP,32.76,GROCERY,43.18897727272727,399.71000000000004,250.33,650.0400000000001,N,TXN_V2.1,2026-06-29,2026-06-29 19:54:02.665208
1777,2026-06,2,2,117.0,42945.229999999996,5536.02,-37409.20999999999,414.36965811965814,DOWN,88.94,TRAVEL,38.464188034188034,309.15999999999997,858.9046,1168.0646,N,TXN_V2.1,2026-06-29,2026-06-29 19:54:02.665208
1778,2026-06,1,1,44.0,3645.19,1570.36,-2074.83,118.53522727272728,DOWN,12.88,UTILITIES,43.19,98.84,72.9038,171.74380000000002,N,TXN_V2.1,2026-06-29,2026-06-29 19:54:02.665208
1779,2026-06,1,1,27.0,2127.95,8009.64,5881.6900000000005,375.4662962962963,UP,6.96,HEALTHCARE,37.04,11.85,42.559,54.409,N,TXN_V2.1,2026-06-29,2026-06-29 19:54:02.665208
1780,2026-06,1,1,44.0,1774.27,11018.71,9244.439999999999,290.74954545454545,UP,5.1,INSURANCE,36.36,67.58,35.4854,103.0654,N,TXN_V2.1,2026-06-29,2026-06-29 19:54:02.665208
1781,2026-06,3,3,138.0,35500.66,12153.9,-23346.760000000002,345.3228985507247,DOWN,80.62,RETAIL,36.22905797101449,349.69,710.0132000000001,1059.7032000000002,N,TXN_V2.1,2026-06-29,2026-06-29 19:54:02.665208
1782,2026-06,3,3,139.0,36210.159999999996,6367.37,-29842.789999999997,306.3131654676259,DOWN,81.68,RESTAURANT,43.16431654676259,260.70000000000005,724.2031999999999,984.9032,N,TXN_V2.1,2026-06-29,2026-06-29 19:54:02.665208
1783,2026-06,1,1,72.0,4207.29,4607.82,400.52999999999975,122.43208333333334,STABLE,14.78,UTILITIES,34.72,128.62,84.1458,212.7658,N,TXN_V2.1,2026-06-29,2026-06-29 19:54:02.665208
1784,2026-06,2,1,50.0,11117.57,2360.24,-8757.33,269.5562,DOWN,28.94,TRAVEL,44.001999999999995,89.18,222.3514,311.5314,N,TXN_V2.1,2026-06-29,2026-06-29 19:54:02.665208
1785,2026-06,1,1,51.0,16122.82,26109.53,9986.71,828.085294117647,UP,43.44,GAS_STATION,43.14,141.84,322.4564,464.29639999999995,N,TXN_V2.1,2026-06-29,2026-06-29 19:54:02.665208
1786,2026-06,3,3,138.0,26458.21,32203.910000000003,5745.700000000004,425.08782608695657,UP,66.14,UTILITIES,39.855362318840584,306.95000000000005,529.1641999999999,836.1142,N,TXN_V2.1,2026-06-29,2026-06-29 19:54:02.665208
1787,2026-06,4,4,147.0,19797.28,4146.1,-15651.179999999998,162.88013605442174,DOWN,51.78,TRAVEL,37.41462585034013,358.63,395.9456,754.5756,N,TXN_V2.1,2026-06-29,2026-06-29 19:54:02.665208
1788,2026-06,4,3,119.0,6425.77,20567.84,14142.07,226.83705882352942,UP,19.44,RESTAURANT,36.97588235294117,157.52,128.5154,286.0354,N,TXN_V2.1,2026-06-29,2026-06-29 19:54:02.665208
1789,2026-06,4,3,120.0,28956.86,5865.42,-23091.440000000002,290.18566666666663,DOWN,71.18,INSURANCE,34.16125,142.79,579.1372,721.9272,N,TXN_V2.1,2026-06-29,2026-06-29 19:54:02.665208
1790,2026-06,2,2,83.0,21698.59,4064.7,-17633.89,310.4010843373494,DOWN,56.14,RETAIL,32.5367469879518,76.57,433.97180000000003,510.5418,N,TXN_V2.1,2026-06-29,2026-06-29 19:54:02.665208
1791,2026-06,4,4,213.0,34690.22,18244.59,-16445.63,248.52023474178404,DOWN,79.72,RESTAURANT,36.148262910798124,421.09999999999997,693.8044,1114.9044,N,TXN_V2.1,2026-06-29,2026-06-29 19:54:02.665208
1792,2026-06,3,3,127.0,11470.22,25002.37,13532.15,287.185748031496,UP,29.9,HEALTHCARE,38.584803149606294,328.5,229.40439999999998,557.9044,N,TXN_V2.1,2026-06-29,2026-06-29 19:54:02.665208
1793,2026-06,2,2,57.0,14200.59,2863.77,-11336.82,299.3747368421053,DOWN,37.9,RETAIL,43.86052631578947,87.14,284.0118,371.1518,N,TXN_V2.1,2026-06-29,2026-06-29 19:54:02.665208
1794,2026-06,2,2,90.0,14263.38,3237.48,-11025.9,194.454,DOWN,38.06,RETAIL,37.775777777777776,327.32,285.2676,612.5876000000001,N,TXN_V2.1,2026-06-29,2026-06-29 19:54:02.665208
1795,2026-06,1,1,66.0,4613.52,2440.26,-2173.26,106.87545454545456,DOWN,15.62,GAS_STATION,37.879999999999995,104.87,92.27040000000001,197.1404,N,TXN_V2.1,2026-06-29,2026-06-29 19:54:02.665208
1796,2026-06,1,1,60.0,14121.68,22311.28,8189.5999999999985,607.216,UP,37.72,GROCERY,33.330000000000005,57.55,282.4336,339.9836,N,TXN_V2.1,2026-06-29,2026-06-29 19:54:02.665208
1797,2026-06,4,4,220.0,49260.490000000005,19411.11,-29849.380000000005,312.1436363636364,DOWN,93.68,RESTAURANT,35.906363636363636,413.37,985.2098000000001,1398.5798,N,TXN_V2.1,2026-06-29,2026-06-29 19:54:02.665208
1798,2026-06,2,2,81.0,22683.94,14368.57,-8315.369999999999,457.43839506172833,DOWN,58.56,RESTAURANT,45.681234567901235,190.74,453.67879999999997,644.4187999999999,N,TXN_V2.1,2026-06-29,2026-06-29 19:54:02.665208
1799,2026-06,4,4,172.0,37922.41,17540.25,-20382.160000000003,322.45732558139537,DOWN,84.2,RESTAURANT,35.468023255813954,228.84,758.4482,987.2882000000001,N,TXN_V2.1,2026-06-29,2026-06-29 19:54:02.665208
1800,2026-06,3,3,141.0,10621.35,5261.83,-5359.52,112.64666666666668,DOWN,27.82,TRAVEL,34.039858156028366,447.44,212.42700000000002,659.867,N,TXN_V2.1,2026-06-29,2026-06-29 19:54:02.665208
1801,2026-06,3,3,136.0,21732.98,36240.97,14507.990000000002,426.27904411764706,UP,56.24,GROCERY,41.91080882352941,370.07,434.6596,804.7296,N,TXN_V2.1,2026-06-29,2026-06-29 19:54:02.665208
1802,2026-06,2,2,79.0,24574.129999999997,9473.119999999999,-15101.009999999998,430.9778481012658,DOWN,62.7,RETAIL,37.97341772151899,72.13,491.48259999999993,563.6125999999999,N,TXN_V2.1,2026-06-29,2026-06-29 19:54:02.665208
1803,2026-06,4,4,218.0,36757.14,23203.45,-13553.689999999999,275.04857798165136,DOWN,82.42,RESTAURANT,46.32844036697248,418.77,735.1428,1153.9128,N,TXN_V2.1,2026-06-29,2026-06-29 19:54:02.665208
1804,2026-06,4,3,198.0,44112.9,46664.59,2551.689999999995,458.47217171717165,UP,89.96,TRAVEL,35.351212121212114,205.75,882.258,1088.008,N,TXN_V2.1,2026-06-29,2026-06-29 19:54:02.665208
1805,2026-06,1,1,19.0,528.1,1709.63,1181.5300000000002,117.77526315789474,UP,0.26,TRAVEL,31.58,24.97,10.562000000000001,35.532,N,TXN_V2.1,2026-06-29,2026-06-29 19:54:02.665208
1806,2026-06,4,4,217.0,65080.79,42609.090000000004,-22471.699999999997,496.2667281105991,DOWN,98.64,RESTAURANT,38.24608294930875,467.79999999999995,1301.6158,1769.4158,N,TXN_V2.1,2026-06-29,2026-06-29 19:54:02.665208
1807,2026-06,4,4,153.0,17730.55,9034.86,-8695.689999999999,174.93732026143792,DOWN,47.2,RETAIL,36.60490196078431,281.86,354.611,636.471,N,TXN_V2.1,2026-06-29,2026-06-29 19:54:02.665208
1808,2026-06,1,1,17.0,986.46,579.5,-406.96000000000004,92.11529411764707,STABLE,1.44,RETAIL,35.29,54.55,19.729200000000002,74.2792,N,TXN_V2.1,2026-06-29,2026-06-29 19:54:02.665208
1809,2026-06,1,1,45.0,12522.27,1956.17,-10566.1,321.74311111111115,DOWN,32.84,GROCERY,31.110000000000003,54.15,250.4454,304.5954,N,TXN_V2.1,2026-06-29,2026-06-29 19:54:02.665208
1810,2026-06,4,4,192.0,56478.32,28537.2,-27941.12,442.7891666666667,DOWN,96.54,TRAVEL,35.418124999999996,273.17,1129.5664,1402.7364,N,TXN_V2.1,2026-06-29,2026-06-29 19:54:02.665208
1811,2026-06,2,2,121.0,48769.91,3294.26,-45475.65,430.2823966942149,DOWN,93.52,TRAVEL,40.498016528925625,234.48,975.3982000000001,1209.8782,N,TXN_V2.1,2026-06-29,2026-06-29 19:54:02.665208
1812,2026-06,2,2,120.0,33978.82,29183.7,-4795.119999999999,526.3543333333333,DOWN,78.86,RESTAURANT,35.83625,381.32,679.5764,1060.8964,N,TXN_V2.1,2026-06-29,2026-06-29 19:54:02.665208
1813,2026-06,3,3,130.0,44793.62,11713.869999999999,-33079.75,434.67300000000006,DOWN,90.5,TRAVEL,39.23238461538461,102.75999999999999,895.8724000000001,998.6324000000001,N,TXN_V2.1,2026-06-29,2026-06-29 19:54:02.665208
1814,2026-06,1,1,45.0,4133.04,2189.34,-1943.6999999999998,140.49733333333333,DOWN,14.54,RETAIL,35.559999999999995,22.48,82.6608,105.1408,N,TXN_V2.1,2026-06-29,2026-06-29 19:54:02.665208
1815,2026-06,1,1,64.0,14057.21,15521.55,1464.3400000000001,462.168125,STABLE,37.48,GROCERY,31.25,132.22,281.1442,413.3642,N,TXN_V2.1,2026-06-29,2026-06-29 19:54:02.665208
1816,2026-06,3,3,116.0,19780.25,30852.329999999998,11072.079999999998,436.48775862068965,UP,51.74,TRAVEL,31.033275862068958,279.69,395.605,675.2950000000001,N,TXN_V2.1,2026-06-29,2026-06-29 19:54:02.665208
1817,2026-06,4,4,145.0,57170.3,28068.149999999998,-29102.150000000005,587.8513793103448,DOWN,96.78,RESTAURANT,40.688206896551726,233.82,1143.4060000000002,1377.226,N,TXN_V2.1,2026-06-29,2026-06-29 19:54:02.665208
1818,2026-06,2,2,72.0,24966.27,13537.11,-11429.16,534.7691666666667,DOWN,63.38,GAS_STATION,33.33666666666667,131.72,499.3254,631.0454,N,TXN_V2.1,2026-06-29,2026-06-29 19:54:02.665208
1819,2026-06,2,2,121.0,9159.32,31653.25,22493.93,337.29396694214876,UP,24.16,GROCERY,46.280578512396694,157.4,183.1864,340.5864,N,TXN_V2.1,2026-06-29,2026-06-29 19:54:02.665208
1820,2026-06,1,1,52.0,16046.06,1486.7,-14559.359999999999,337.1684615384615,DOWN,43.32,GROCERY,46.15999999999999,102.81,320.9212,423.7312,N,TXN_V2.1,2026-06-29,2026-06-29 19:54:02.665208
1821,2026-06,4,4,200.0,51343.68,10515.92,-40827.76,309.298,DOWN,94.78,UTILITIES,38.5019,436.17,1026.8736000000001,1463.0436000000002,N,TXN_V2.1,2026-06-29,2026-06-29 19:54:02.665208
1822,2026-06,3,3,121.0,14380.449999999999,5363.72,-9016.73,163.17495867768594,DOWN,38.46,RETAIL,36.36371900826447,348.99,287.609,636.5989999999999,N,TXN_V2.1,2026-06-29,2026-06-29 19:54:02.665208
1823,2026-06,4,4,222.0,58541.31,52412.869999999995,-6128.440000000002,499.7936036036036,DOWN,97.24,INSURANCE,39.18891891891892,553.94,1170.8262,1724.7662,N,TXN_V2.1,2026-06-29,2026-06-29 19:54:02.665208
1824,2026-06,4,4,185.0,70225.56,25393.88,-44831.67999999999,516.8618378378378,DOWN,99.24,RETAIL,42.70308108108108,502.8,1404.5112,1907.3111999999999,N,TXN_V2.1,2026-06-29,2026-06-29 19:54:02.665208
1825,2026-06,3,3,112.0,36822.21,21397.88,-15424.329999999998,519.8222321428572,DOWN,82.54,RESTAURANT,41.07357142857143,141.9,736.4442,878.3442,N,TXN_V2.1,2026-06-29,2026-06-29 19:54:02.665208
1826,2026-06,4,3,158.0,36117.03,30362.75,-5754.279999999999,420.7581012658228,DOWN,81.56,UTILITIES,44.93607594936709,319.87,722.3406,1042.2105999999999,N,TXN_V2.1,2026-06-29,2026-06-29 19:54:02.665208
1827,2026-06,3,3,133.0,18835.39,45018.240000000005,26182.850000000006,480.1024812030075,UP,49.72,RESTAURANT,36.08827067669173,325.27,376.7078,701.9778,N,TXN_V2.1,2026-06-29,2026-06-29 19:54:02.665208
1828,2026-06,3,3,149.0,39912.07,44036.12,4124.050000000003,563.4106711409396,UP,86.26,HEALTHCARE,38.25469798657718,371.33000000000004,798.2414,1169.5714,N,TXN_V2.1,2026-06-29,2026-06-29 19:54:02.665208
1829,2026-06,2,2,114.0,35516.91,5463.120000000001,-30053.79,359.4739473684211,DOWN,80.64,RESTAURANT,37.715175438596496,452.53999999999996,710.3382,1162.8782,N,TXN_V2.1,2026-06-29,2026-06-29 19:54:02.665208
1830,2026-06,2,2,51.0,3500.81,10744.67,7243.860000000001,279.32313725490195,UP,12.5,RESTAURANT,27.446666666666665,123.83000000000001,70.0162,193.8462,N,TXN_V2.1,2026-06-29,2026-06-29 19:54:02.665208
1831,2026-06,3,3,97.0,19142.57,13860.97,-5281.6,340.24268041237116,DOWN,50.5,RESTAURANT,37.11082474226804,172.07,382.8514,554.9214,N,TXN_V2.1,2026-06-29,2026-06-29 19:54:02.665208
1832,2026-06,3,3,125.0,34558.13,11419.48,-23138.649999999998,367.82088,DOWN,79.56,UTILITIES,35.996159999999996,236.87,691.1626,928.0326,N,TXN_V2.1,2026-06-29,2026-06-29 19:54:02.665208
1833,2026-06,1,1,34.0,1172.18,13392.75,12220.57,428.38029411764705,UP,2.2,RESTAURANT,29.409999999999993,107.47,23.4436,130.9136,N,TXN_V2.1,2026-06-29,2026-06-29 19:54:02.665208
1834,2026-06,1,1,62.0,12399.53,12616.77,217.23999999999978,403.4887096774194,STABLE,32.46,UTILITIES,35.480000000000004,195.82,247.99060000000003,443.8106,N,TXN_V2.1,2026-06-29,2026-06-29 19:54:02.665208
1835,2026-06,3,3,135.0,24594.86,6446.09,-18148.77,229.93296296296296,DOWN,62.74,INSURANCE,35.55911111111111,295.99,491.8972,787.8872,N,TXN_V2.1,2026-06-29,2026-06-29 19:54:02.665208
1836,2026-06,1,1,46.0,17767.35,10751.87,-7015.479999999998,619.9830434782609,DOWN,47.22,GROCERY,32.60999999999999,119.2,355.347,474.54699999999997,N,TXN_V2.1,2026-06-29,2026-06-29 19:54:02.665208
1837,2026-06,1,1,39.0,3014.35,23364.24,20349.890000000003,676.3741025641026,UP,10.98,GROCERY,48.72,126.87,60.287,187.157,N,TXN_V2.1,2026-06-29,2026-06-29 19:54:02.665208
1838,2026-06,4,4,205.0,30176.809999999998,66448.05,36271.240000000005,471.34078048780486,UP,72.9,UTILITIES,34.634926829268295,600.61,603.5362,1204.1462000000001,N,TXN_V2.1,2026-06-29,2026-06-29 19:54:02.665208
1839,2026-06,3,3,131.0,25300.190000000002,24196.03,-1104.1600000000035,377.83374045801526,STABLE,63.88,GROCERY,41.22198473282443,407.26,506.00380000000007,913.2638000000001,N,TXN_V2.1,2026-06-29,2026-06-29 19:54:02.665208
1840,2026-06,2,2,88.0,31017.579999999998,13399.59,-17617.989999999998,504.74056818181816,DOWN,74.32,TRAVEL,31.821022727272723,190.3,620.3516,810.6515999999999,N,TXN_V2.1,2026-06-29,2026-06-29 19:54:02.665208
1841,2026-06,1,1,23.0,2265.21,348.47,-1916.74,113.63826086956523,DOWN,7.74,EDUCATION,30.43,34.34,45.3042,79.64420000000001,N,TXN_V2.1,2026-06-29,2026-06-29 19:54:02.665208
1842,2026-06,1,1,71.0,18451.4,16064.58,-2386.8200000000015,486.1405633802817,STABLE,48.86,UTILITIES,43.66,159.05,369.028,528.078,N,TXN_V2.1,2026-06-29,2026-06-29 19:54:02.665208
1843,2026-06,4,4,184.0,10631.34,27497.87,16866.53,207.22396739130434,UP,27.84,RETAIL,40.763586956521735,341.48,212.6268,554.1068,N,TXN_V2.1,2026-06-29,2026-06-29 19:54:02.665208
1844,2026-06,3,3,137.0,14645.4,29193.23,14547.83,319.99,UP,39.3,RETAIL,33.57583941605839,352.58000000000004,292.908,645.488,N,TXN_V2.1,2026-06-29,2026-06-29 19:54:02.665208
1845,2026-06,2,2,86.0,6876.360000000001,17167.15,10290.79,279.5756976744186,UP,20.06,GAS_STATION,33.72127906976744,140.45,137.52720000000002,277.97720000000004,N,TXN_V2.1,2026-06-29,2026-06-29 19:54:02.665208
1846,2026-06,3,2,122.0,8697.95,18860.24,10162.29,225.88680327868855,UP,23.06,UTILITIES,39.34081967213115,212.07,173.95900000000003,386.029,N,TXN_V2.1,2026-06-29,2026-06-29 19:54:02.665208
1847,2026-06,4,4,208.0,54776.71,44534.46000000001,-10242.249999999993,477.45754807692316,DOWN,96.14,RESTAURANT,40.384230769230776,378.82,1095.5342,1474.3542,N,TXN_V2.1,2026-06-29,2026-06-29 19:54:02.665208
1848,2026-06,4,4,181.0,30073.34,46507.11,16433.77,423.096408839779,UP,72.74,UTILITIES,35.91160220994475,452.58,601.4668,1054.0468,N,TXN_V2.1,2026-06-29,2026-06-29 19:54:02.665208
1849,2026-06,4,4,168.0,52043.25,28613.309999999998,-23429.940000000002,480.0985714285714,DOWN,95.04,RESTAURANT,38.691130952380945,291.6,1040.865,1332.4650000000001,N,TXN_V2.1,2026-06-29,2026-06-29 19:54:02.665208
1850,2026-06,4,4,166.0,38389.01,32598.859999999997,-5790.150000000005,427.6377710843373,DOWN,84.82,RETAIL,35.544036144578314,462.19,767.7802,1229.9702,N,TXN_V2.1,2026-06-29,2026-06-29 19:54:02.665208
1851,2026-06,2,2,91.0,20362.35,5478.45,-14883.899999999998,283.96483516483516,DOWN,52.94,GROCERY,41.754945054945054,160.43,407.24699999999996,567.6769999999999,N,TXN_V2.1,2026-06-29,2026-06-29 19:54:02.665208
1852,2026-06,2,2,70.0,2908.2799999999997,23610.49,20702.210000000003,378.83957142857145,UP,10.56,RETAIL,38.57000000000001,212.45,58.1656,270.6156,N,TXN_V2.1,2026-06-29,2026-06-29 19:54:02.665208
1853,2026-06,4,4,169.0,37414.380000000005,37790.75,376.36999999999534,445.00076923076927,STABLE,83.52,UTILITIES,38.458698224852064,422.06,748.2876000000001,1170.3476,N,TXN_V2.1,2026-06-29,2026-06-29 19:54:02.665208
1854,2026-06,2,2,89.0,10692.57,17502.32,6809.75,316.7965168539326,UP,28.0,GROCERY,34.83516853932584,184.93,213.8514,398.7814,N,TXN_V2.1,2026-06-29,2026-06-29 19:54:02.665208
1855,2026-06,4,4,235.0,33016.83,30825.67,-2191.1600000000035,271.67021276595744,DOWN,77.3,TRAVEL,37.02068085106384,429.15999999999997,660.3366000000001,1089.4966,N,TXN_V2.1,2026-06-29,2026-06-29 19:54:02.665208
1856,2026-06,4,4,233.0,12871.529999999999,33324.53,20453.0,198.26635193133046,UP,33.84,UTILITIES,39.05776824034336,499.78,257.43059999999997,757.2105999999999,N,TXN_V2.1,2026-06-29,2026-06-29 19:54:02.665208
1857,2026-06,3,2,129.0,28878.96,5687.22,-23191.739999999998,267.95488372093024,DOWN,71.04,UTILITIES,31.011937984496118,242.64,577.5792,820.2192,N,TXN_V2.1,2026-06-29,2026-06-29 19:54:02.665208
1858,2026-06,1,1,50.0,10903.98,35871.56,24967.579999999998,935.5107999999999,UP,28.46,UTILITIES,30.0,61.37,218.0796,279.4496,N,TXN_V2.1,2026-06-29,2026-06-29 19:54:02.665208
1859,2026-06,3,2,80.0,24766.46,13872.679999999998,-10893.78,482.98924999999997,DOWN,63.04,TRAVEL,46.251125,175.39,495.3292,670.7192,N,TXN_V2.1,2026-06-29,2026-06-29 19:54:02.665208
1860,2026-06,1,1,48.0,2146.28,2726.33,580.0499999999997,101.51270833333335,UP,7.06,HEALTHCARE,43.75,106.04,42.9256,148.9656,N,TXN_V2.1,2026-06-29,2026-06-29 19:54:02.665208
1861,2026-06,2,2,86.0,21909.29,3024.66,-18884.63,289.9296511627907,DOWN,56.62,RESTAURANT,41.86081395348837,156.72000000000003,438.18580000000003,594.9058,N,TXN_V2.1,2026-06-29,2026-06-29 19:54:02.665208
1862,2026-06,4,4,128.0,7780.73,6181.01,-1599.7199999999993,109.07609375,DOWN,21.42,RETAIL,34.37390625,176.51,155.6146,332.1246,N,TXN_V2.1,2026-06-29,2026-06-29 19:54:02.665208
1863,2026-06,3,3,138.0,18319.43,5578.05,-12741.380000000001,173.17014492753623,DOWN,48.5,RESTAURANT,32.61021739130435,245.9,366.3886,612.2886,N,TXN_V2.1,2026-06-29,2026-06-29 19:54:02.665208
1864,2026-06,4,4,146.0,25206.030000000002,7434.75,-17771.280000000002,223.56698630136987,DOWN,63.68,TRAVEL,32.876438356164385,307.47,504.1206000000001,811.5906000000001,N,TXN_V2.1,2026-06-29,2026-06-29 19:54:02.665208
1865,2026-06,3,3,127.0,47841.14,22655.16,-25185.98,555.0889763779528,DOWN,92.76,RETAIL,37.006535433070866,375.81,956.8228,1332.6328,N,TXN_V2.1,2026-06-29,2026-06-29 19:54:02.665208
1866,2026-06,1,1,47.0,4681.38,7618.96,2937.58,261.70936170212764,UP,15.82,RETAIL,44.68,118.3,93.6276,211.92759999999998,N,TXN_V2.1,2026-06-29,2026-06-29 19:54:02.665208
1867,2026-06,2,2,115.0,25518.48,10637.59,-14880.89,314.4006086956522,DOWN,64.38,UTILITIES,36.52469565217391,234.38,510.3696,744.7496,N,TXN_V2.1,2026-06-29,2026-06-29 19:54:02.665208
1868,2026-06,1,1,49.0,3280.94,3785.7,504.75999999999976,144.21714285714285,STABLE,11.98,GROCERY,34.699999999999996,33.08,65.61880000000001,98.6988,N,TXN_V2.1,2026-06-29,2026-06-29 19:54:02.665208
1869,2026-06,2,2,65.0,17149.27,2121.0,-15028.27,296.46569230769234,DOWN,45.78,HEALTHCARE,36.92369230769231,121.0,342.9854,463.9854,N,TXN_V2.1,2026-06-29,2026-06-29 19:54:02.665208
1870,2026-06,2,2,113.0,46244.509999999995,4542.62,-41701.88999999999,449.44362831858405,DOWN,91.56,INSURANCE,40.70513274336283,246.03,924.8901999999999,1170.9202,N,TXN_V2.1,2026-06-29,2026-06-29 19:54:02.665208
1871,2026-06,3,3,72.0,13543.970000000001,15343.25,1799.2799999999988,401.2113888888889,STABLE,35.9,RETAIL,43.05902777777778,38.12,270.87940000000003,308.99940000000004,N,TXN_V2.1,2026-06-29,2026-06-29 19:54:02.665208
1872,2026-06,2,2,85.0,7461.7,2463.76,-4997.94,116.77011764705881,DOWN,20.96,UTILITIES,35.3,70.2,149.234,219.43400000000003,N,TXN_V2.1,2026-06-29,2026-06-29 19:54:02.665208
1873,2026-06,4,4,218.0,18634.14,30091.13,11456.990000000002,223.51041284403672,UP,49.22,RETAIL,35.77591743119266,610.48,372.6828,983.1628000000001,N,TXN_V2.1,2026-06-29,2026-06-29 19:54:02.665208
1874,2026-06,4,3,98.0,18869.649999999998,11772.07,-7097.579999999998,312.67061224489794,DOWN,49.8,RESTAURANT,42.85632653061225,326.61,377.393,704.0029999999999,N,TXN_V2.1,2026-06-29,2026-06-29 19:54:02.665208
1875,2026-06,4,4,212.0,19894.0,28322.68,8428.68,227.43716981132076,UP,51.98,RESTAURANT,33.48943396226415,497.46000000000004,397.88,895.34,N,TXN_V2.1,2026-06-29,2026-06-29 19:54:02.665208
1876,2026-06,2,2,82.0,12546.57,3261.13,-9285.439999999999,192.7768292682927,DOWN,32.96,RESTAURANT,41.46670731707317,112.61,250.9314,363.5414,N,TXN_V2.1,2026-06-29,2026-06-29 19:54:02.665208
1877,2026-06,3,3,149.0,10512.300000000001,26935.78,16423.479999999996,251.32939597315436,UP,27.44,RETAIL,30.199664429530205,412.33000000000004,210.24600000000004,622.576,N,TXN_V2.1,2026-06-29,2026-06-29 19:54:02.665208
1878,2026-06,3,3,152.0,24368.75,48663.47,24294.72,480.47513157894736,UP,62.2,RESTAURANT,36.83894736842105,379.73,487.375,867.105,N,TXN_V2.1,2026-06-29,2026-06-29 19:54:02.665208
1879,2026-06,3,2,126.0,20540.97,14356.050000000001,-6184.92,276.96047619047624,DOWN,53.28,RETAIL,34.131666666666675,122.03,410.81940000000003,532.8494000000001,N,TXN_V2.1,2026-06-29,2026-06-29 19:54:02.665208
1880,2026-06,3,3,130.0,25521.31,15365.49,-10155.820000000002,314.5138461538462,DOWN,64.4,TRAVEL,42.308,366.92,510.42620000000005,877.3462000000001,N,TXN_V2.1,2026-06-29,2026-06-29 19:54:02.665208
1881,2026-06,3,3,119.0,21199.01,5726.150000000001,-15472.859999999997,226.2618487394958,DOWN,55.12,UTILITIES,37.81075630252101,445.23,423.98019999999997,869.2102,N,TXN_V2.1,2026-06-29,2026-06-29 19:54:02.665208
1882,2026-06,2,2,75.0,6014.610000000001,23807.019999999997,17792.409999999996,397.6217333333333,UP,18.58,RETAIL,38.6628,0.0,120.29220000000001,120.29220000000001,N,TXN_V2.1,2026-06-29,2026-06-29 19:54:02.665208
1883,2026-06,1,1,38.0,734.75,22762.6,22027.85,618.3513157894737,UP,0.58,TRAVEL,50.0,85.5,14.695,100.195,N,TXN_V2.1,2026-06-29,2026-06-29 19:54:02.665208
1884,2026-06,2,1,42.0,8603.73,13746.4,5142.67,532.1459523809523,UP,22.9,RETAIL,35.71857142857143,129.49,172.0746,301.56460000000004,N,TXN_V2.1,2026-06-29,2026-06-29 19:54:02.665208
1885,2026-06,3,3,112.0,22105.83,24784.14,2678.3099999999977,418.66044642857145,UP,57.08,TRAVEL,40.17857142857143,262.75,442.11660000000006,704.8666000000001,N,TXN_V2.1,2026-06-29,2026-06-29 19:54:02.665208
1886,2026-06,3,3,100.0,17465.93,3605.16,-13860.77,210.7109,DOWN,46.6,RESTAURANT,47.001400000000004,166.59,349.3186,515.9086,N,TXN_V2.1,2026-06-29,2026-06-29 19:54:02.665208
1887,2026-06,2,2,103.0,19895.49,11000.53,-8894.960000000001,299.96135922330103,DOWN,52.0,TRAVEL,39.80262135922331,248.07999999999998,397.9098,645.9898000000001,N,TXN_V2.1,2026-06-29,2026-06-29 19:54:02.665208
1888,2026-06,1,1,46.0,13931.19,10336.62,-3594.5699999999997,527.5610869565218,DOWN,37.04,UTILITIES,41.31,12.29,278.6238,290.91380000000004,N,TXN_V2.1,2026-06-29,2026-06-29 19:54:02.665208
1889,2026-06,4,4,162.0,36298.600000000006,16592.46,-19706.140000000007,326.4880246913581,DOWN,81.86,UTILITIES,38.892345679012344,333.4,725.9720000000001,1059.372,N,TXN_V2.1,2026-06-29,2026-06-29 19:54:02.665208
1890,2026-06,2,2,107.0,5514.15,28754.2,23240.050000000003,320.26495327102805,UP,17.44,TRAVEL,37.38691588785047,279.01,110.283,389.293,N,TXN_V2.1,2026-06-29,2026-06-29 19:54:02.665208
1891,2026-06,2,2,69.0,5184.32,2627.8,-2556.5199999999995,113.21913043478261,DOWN,16.82,GROCERY,33.33782608695652,82.66,103.68639999999999,186.3464,N,TXN_V2.1,2026-06-29,2026-06-29 19:54:02.665208
1892,2026-06,3,3,111.0,39421.74,5886.860000000001,-33534.88,408.18558558558556,DOWN,85.82,GROCERY,40.542342342342344,154.89999999999998,788.4348,943.3348,N,TXN_V2.1,2026-06-29,2026-06-29 19:54:02.665208
1893,2026-06,3,3,133.0,36710.55,49602.65,12892.099999999999,648.9714285714286,UP,82.38,UTILITIES,37.59360902255639,533.09,734.2110000000001,1267.3010000000002,N,TXN_V2.1,2026-06-29,2026-06-29 19:54:02.665208
1894,2026-06,3,3,99.0,7325.84,11816.91,4491.07,193.36111111111111,UP,20.78,RESTAURANT,38.38181818181819,212.68,146.51680000000002,359.19680000000005,N,TXN_V2.1,2026-06-29,2026-06-29 19:54:02.665208
1895,2026-06,1,1,73.0,25192.82,13330.82,-11862.0,527.721095890411,DOWN,63.66,GAS_STATION,36.98999999999999,106.35,503.8564,610.2064,N,TXN_V2.1,2026-06-29,2026-06-29 19:54:02.665208
1896,2026-06,4,4,200.0,27736.27,18209.22,-9527.05,229.72745000000003,DOWN,68.86,RETAIL,30.99955,474.77000000000004,554.7254,1029.4954,N,TXN_V2.1,2026-06-29,2026-06-29 19:54:02.665208
1897,2026-06,2,2,100.0,17701.12,3713.5,-13987.619999999999,214.1462,DOWN,47.12,RESTAURANT,41.99980000000001,197.75,354.0224,551.7724000000001,N,TXN_V2.1,2026-06-29,2026-06-29 19:54:02.665208
1898,2026-06,1,1,64.0,3722.52,13281.72,9559.199999999999,265.69124999999997,UP,13.1,RESTAURANT,37.5,48.97,74.4504,123.4204,N,TXN_V2.1,2026-06-29,2026-06-29 19:54:02.665208
1899,2026-06,2,2,134.0,6671.12,7430.219999999999,759.0999999999995,105.23388059701493,UP,19.74,GROCERY,36.56470149253732,231.78,133.4224,365.2024,N,TXN_V2.1,2026-06-29,2026-06-29 19:54:02.665208
1900,2026-06,3,3,149.0,10084.02,49010.15,38926.130000000005,396.60516778523487,UP,26.32,RESTAURANT,32.884765100671146,278.62,201.68040000000002,480.3004,N,TXN_V2.1,2026-06-29,2026-06-29 19:54:02.665208
1901,2026-06,1,1,30.0,28792.27,818.84,-27973.43,987.037,DOWN,70.72,INSURANCE,40.0,36.22,575.8454,612.0654000000001,N,TXN_V2.1,2026-06-29,2026-06-29 19:54:02.665208
1902,2026-06,3,3,133.0,26622.07,21801.02,-4821.049999999999,364.0833834586466,DOWN,66.66,RETAIL,37.58849624060151,331.5,532.4414,863.9414,N,TXN_V2.1,2026-06-29,2026-06-29 19:54:02.665208
1903,2026-06,1,1,49.0,1496.19,20925.14,19428.95,457.5781632653061,UP,3.66,GROCERY,42.85,168.13,29.9238,198.0538,N,TXN_V2.1,2026-06-29,2026-06-29 19:54:02.665208
1904,2026-06,1,1,47.0,2503.71,3192.72,689.0099999999998,121.20063829787235,UP,9.0,RETAIL,42.55,0.0,50.074200000000005,50.074200000000005,N,TXN_V2.1,2026-06-29,2026-06-29 19:54:02.665208
1905,2026-06,3,3,159.0,31139.18,35580.25,4441.07,419.6190566037735,UP,74.44,TRAVEL,32.075094339622645,693.5699999999999,622.7836,1316.3536,N,TXN_V2.1,2026-06-29,2026-06-29 19:54:02.665208
1906,2026-06,2,2,101.0,35957.47,11774.769999999999,-24182.700000000004,472.59643564356435,DOWN,81.36,RESTAURANT,37.62514851485149,62.150000000000006,719.1494,781.2994,N,TXN_V2.1,2026-06-29,2026-06-29 19:54:02.665208
1907,2026-06,2,2,144.0,44875.59,22417.07,-22458.519999999997,467.3101388888889,DOWN,90.6,RETAIL,35.4175,211.14,897.5118,1108.6518,N,TXN_V2.1,2026-06-29,2026-06-29 19:54:02.665208
1908,2026-06,2,2,107.0,13616.09,20783.980000000003,7167.890000000003,321.4959813084113,UP,36.1,UTILITIES,41.11700934579439,246.66,272.3218,518.9818,N,TXN_V2.1,2026-06-29,2026-06-29 19:54:02.665208
1909,2026-06,3,3,160.0,44613.340000000004,33136.75,-11476.590000000004,485.9380625,DOWN,90.34,TRAVEL,36.2518125,200.5,892.2668000000001,1092.7668,N,TXN_V2.1,2026-06-29,2026-06-29 19:54:02.665208
1910,2026-06,2,2,93.0,19392.69,44700.03,25307.34,689.1690322580645,UP,51.06,RESTAURANT,32.25752688172043,189.01999999999998,387.8538,576.8738,N,TXN_V2.1,2026-06-29,2026-06-29 19:54:02.665208
1911,2026-06,2,2,90.0,10773.7,14538.47,3764.7699999999986,281.2463333333333,UP,28.16,GROCERY,40.0,123.31,215.47400000000002,338.784,N,TXN_V2.1,2026-06-29,2026-06-29 19:54:02.665208
1912,2026-06,1,1,52.0,3248.85,13178.92,9930.07,315.91865384615386,UP,11.9,RESTAURANT,34.62,88.02,64.977,152.997,N,TXN_V2.1,2026-06-29,2026-06-29 19:54:02.665208
1913,2026-06,1,1,50.0,13108.09,2386.82,-10721.27,309.8982,DOWN,34.62,HEALTHCARE,20.0,75.87,262.1618,338.03180000000003,N,TXN_V2.1,2026-06-29,2026-06-29 19:54:02.665208
1914,2026-06,2,2,138.0,7526.88,12472.21,4945.329999999999,144.9209420289855,UP,21.06,RETAIL,38.40521739130435,372.44,150.5376,522.9775999999999,N,TXN_V2.1,2026-06-29,2026-06-29 19:54:02.665208
1915,2026-06,3,3,71.0,30620.79,11682.64,-18938.15,595.8229577464789,DOWN,73.66,TRAVEL,42.2512676056338,103.43,612.4158,715.8458,N,TXN_V2.1,2026-06-29,2026-06-29 19:54:02.665208
1916,2026-06,3,3,123.0,6250.74,6159.48,-91.26000000000022,100.8960975609756,STABLE,19.1,RESTAURANT,31.703902439024397,343.65999999999997,125.0148,468.67479999999995,N,TXN_V2.1,2026-06-29,2026-06-29 19:54:02.665208
1917,2026-06,4,4,203.0,47569.07,39826.63,-7742.440000000002,430.5206896551724,DOWN,92.54,RETAIL,37.44083743842364,642.73,951.3814,1594.1114,N,TXN_V2.1,2026-06-29,2026-06-29 19:54:02.665208
1918,2026-06,3,3,130.0,27741.45,15048.029999999999,-12693.420000000002,329.1498461538461,DOWN,68.9,TRAVEL,34.61338461538461,206.21,554.8290000000001,761.0390000000001,N,TXN_V2.1,2026-06-29,2026-06-29 19:54:02.665208
1919,2026-06,1,1,37.0,2557.41,1839.96,-717.4499999999998,118.84783783783783,DOWN,9.24,GROCERY,35.14000000000001,89.3,51.148199999999996,140.44819999999999,N,TXN_V2.1,2026-06-29,2026-06-29 19:54:02.665208
1920,2026-06,2,1,86.0,18056.38,4196.22,-13860.16,258.7511627906977,DOWN,47.94,UTILITIES,41.86302325581395,423.41999999999996,361.12760000000003,784.5476,N,TXN_V2.1,2026-06-29,2026-06-29 19:54:02.665208
1921,2026-06,2,2,125.0,16788.97,18990.18,2201.209999999999,286.2332,UP,44.94,INSURANCE,36.80120000000001,354.73,335.7794,690.5094,N,TXN_V2.1,2026-06-29,2026-06-29 19:54:02.665208
1922,2026-06,2,1,64.0,3663.67,13927.21,10263.539999999999,274.85749999999996,UP,12.92,RETAIL,24.99953125,125.7,73.27340000000001,198.97340000000003,N,TXN_V2.1,2026-06-29,2026-06-29 19:54:02.665208
1923,2026-06,2,2,93.0,12977.119999999999,16252.3,3275.1800000000003,314.2948387096774,UP,34.16,UTILITIES,35.48258064516129,282.74,259.5424,542.2824,N,TXN_V2.1,2026-06-29,2026-06-29 19:54:02.665208
1924,2026-06,1,1,70.0,21178.37,2499.33,-18679.04,338.2528571428571,DOWN,55.02,UTILITIES,44.29,266.29,423.56739999999996,689.8574,N,TXN_V2.1,2026-06-29,2026-06-29 19:54:02.665208
1925,2026-06,4,4,166.0,27115.48,8272.59,-18842.89,213.18114457831325,DOWN,67.68,TRAVEL,33.73578313253012,551.69,542.3096,1093.9996,N,TXN_V2.1,2026-06-29,2026-06-29 19:54:02.665208
1926,2026-06,3,3,120.0,12875.949999999999,14908.849999999999,2032.8999999999996,231.53999999999996,UP,33.86,GROCERY,36.66733333333333,251.57,257.519,509.089,N,TXN_V2.1,2026-06-29,2026-06-29 19:54:02.665208
1927,2026-06,3,3,138.0,48838.25,27366.48,-21471.77,552.208188405797,DOWN,93.56,TRAVEL,34.057173913043485,249.16000000000003,976.765,1225.925,N,TXN_V2.1,2026-06-29,2026-06-29 19:54:02.665208
1928,2026-06,3,3,105.0,15090.289999999999,14948.490000000002,-141.79999999999745,286.08361904761904,STABLE,40.68,RESTAURANT,38.095523809523804,266.84000000000003,301.8058,568.6458,N,TXN_V2.1,2026-06-29,2026-06-29 19:54:02.665208
1929,2026-06,1,1,48.0,9316.76,1473.7,-7843.06,224.80125,DOWN,24.46,GAS_STATION,43.75,96.88,186.33520000000001,283.2152,N,TXN_V2.1,2026-06-29,2026-06-29 19:54:02.665208
1930,2026-06,1,1,13.0,570.2,792.41,222.20999999999992,104.81615384615385,STABLE,0.32,INSURANCE,38.46000000000001,0.0,11.404000000000002,11.404000000000002,N,TXN_V2.1,2026-06-29,2026-06-29 19:54:02.665208
1931,2026-06,4,4,233.0,66698.17,38853.94,-27844.229999999996,453.013347639485,DOWN,98.92,TRAVEL,36.04703862660944,419.15,1333.9634,1753.1134000000002,N,TXN_V2.1,2026-06-29,2026-06-29 19:54:02.665208
1932,2026-06,4,4,145.0,42748.840000000004,36387.68,-6361.1600000000035,545.7691034482759,DOWN,88.78,HEALTHCARE,43.44841379310345,212.7,854.9768000000001,1067.6768000000002,N,TXN_V2.1,2026-06-29,2026-06-29 19:54:02.665208
1933,2026-06,1,1,39.0,767.14,3109.81,2342.67,99.40897435897435,UP,0.7,HEALTHCARE,38.47,41.65,15.3428,56.9928,N,TXN_V2.1,2026-06-29,2026-06-29 19:54:02.665208
1934,2026-06,3,3,150.0,7851.01,9291.46,1440.449999999999,114.28313333333334,UP,21.62,RESTAURANT,35.337999999999994,475.07,157.02020000000002,632.0902,N,TXN_V2.1,2026-06-29,2026-06-29 19:54:02.665208
1935,2026-06,1,1,57.0,19089.07,13433.68,-5655.389999999999,570.5745614035088,DOWN,50.3,GROCERY,35.089999999999996,23.89,381.7814,405.6714,N,TXN_V2.1,2026-06-29,2026-06-29 19:54:02.665208
1936,2026-06,3,3,107.0,17099.83,11969.029999999999,-5130.800000000003,271.6715887850467,DOWN,45.48,UTILITIES,28.97429906542056,229.28,341.99660000000006,571.2766,N,TXN_V2.1,2026-06-29,2026-06-29 19:54:02.665208
1937,2026-06,1,1,56.0,2284.05,12804.24,10520.189999999999,269.43375000000003,UP,7.8,GAS_STATION,32.15,179.14,45.681000000000004,224.821,N,TXN_V2.1,2026-06-29,2026-06-29 19:54:02.665208
1938,2026-06,2,2,99.0,11029.27,19543.92,8514.649999999998,308.820101010101,UP,28.7,RETAIL,36.36282828282829,198.07,220.58540000000002,418.6554,N,TXN_V2.1,2026-06-29,2026-06-29 19:54:02.665208
1939,2026-06,4,3,155.0,10502.4,17383.82,6881.42,179.91109677419357,UP,27.38,RETAIL,43.22670967741936,333.96999999999997,210.048,544.018,N,TXN_V2.1,2026-06-29,2026-06-29 19:54:02.665208
1940,2026-06,4,4,118.0,19907.12,6694.24,-13212.88,225.43525423728815,DOWN,52.06,GROCERY,35.59669491525423,319.48,398.1424,717.6224,N,TXN_V2.1,2026-06-29,2026-06-29 19:54:02.665208
1941,2026-06,2,2,84.0,16333.64,14729.57,-1604.0699999999997,369.80011904761903,STABLE,44.02,UTILITIES,45.23642857142857,108.75,326.6728,435.4228,N,TXN_V2.1,2026-06-29,2026-06-29 19:54:02.665208
1942,2026-06,2,1,47.0,13130.8,10704.490000000002,-2426.3099999999977,507.13382978723405,STABLE,34.68,INSURANCE,25.52957446808511,109.91,262.616,372.52599999999995,N,TXN_V2.1,2026-06-29,2026-06-29 19:54:02.665208
1943,2026-06,3,3,128.0,27477.72,4817.73,-22659.99,252.308203125,DOWN,68.3,UTILITIES,44.533671875,325.58000000000004,549.5544,875.1344,N,TXN_V2.1,2026-06-29,2026-06-29 19:54:02.665208
1944,2026-06,4,4,170.0,42155.65,19257.98,-22897.670000000002,361.25664705882355,DOWN,88.2,UTILITIES,35.880529411764705,315.78,843.113,1158.893,N,TXN_V2.1,2026-06-29,2026-06-29 19:54:02.665208
1945,2026-06,4,4,199.0,34369.35,40789.6,6420.25,377.6831658291457,UP,79.36,UTILITIES,40.702663316582914,339.24,687.387,1026.627,N,TXN_V2.1,2026-06-29,2026-06-29 19:54:02.665208
1946,2026-06,1,1,18.0,10207.47,759.99,-9447.48,609.3033333333333,DOWN,26.56,GAS_STATION,16.669999999999995,132.97,204.14939999999999,337.1194,N,TXN_V2.1,2026-06-29,2026-06-29 19:54:02.665208
1947,2026-06,4,4,133.0,24059.85,6149.84,-17910.01,227.14052631578946,DOWN,61.5,UTILITIES,36.09248120300752,274.1,481.197,755.297,N,TXN_V2.1,2026-06-29,2026-06-29 19:54:02.665208
1948,2026-06,2,1,41.0,3214.2,2204.52,-1009.6799999999998,132.16390243902438,DOWN,11.76,GROCERY,41.463902439024395,73.5,64.28399999999999,137.784,N,TXN_V2.1,2026-06-29,2026-06-29 19:54:02.665208
1949,2026-06,3,3,123.0,21175.6,15839.330000000002,-5336.269999999997,300.93439024390244,DOWN,55.0,UTILITIES,42.27715447154471,215.95,423.512,639.462,N,TXN_V2.1,2026-06-29,2026-06-29 19:54:02.665208
1950,2026-06,2,1,60.0,4229.59,24311.71,20082.12,475.68833333333333,UP,14.84,HEALTHCARE,23.334000000000003,0.0,84.5918,84.5918,N,TXN_V2.1,2026-06-29,2026-06-29 19:54:02.665208
1951,2026-06,4,4,172.0,29098.9,47253.95,18155.049999999996,443.9119186046512,UP,71.32,TRAVEL,39.52947674418605,239.16,581.9780000000001,821.138,N,TXN_V2.1,2026-06-29,2026-06-29 19:54:02.665208
1952,2026-06,4,4,188.0,45432.07,35257.14,-10174.93,429.19792553191485,DOWN,90.9,RESTAURANT,36.173138297872335,360.04,908.6414,1268.6814,N,TXN_V2.1,2026-06-29,2026-06-29 19:54:02.665208
1953,2026-06,3,3,108.0,22824.98,17412.14,-5412.84,372.5659259259259,DOWN,58.86,RETAIL,30.560925925925925,286.58,456.4996,743.0796,N,TXN_V2.1,2026-06-29,2026-06-29 19:54:02.665208
1954,2026-06,1,1,24.0,2196.82,471.83,-1724.9900000000002,111.19375000000001,DOWN,7.46,GROCERY,37.5,90.82,43.936400000000006,134.75639999999999,N,TXN_V2.1,2026-06-29,2026-06-29 19:54:02.665208
1955,2026-06,2,2,54.0,11460.150000000001,1442.78,-10017.37,238.9431481481482,DOWN,29.86,RETAIL,40.73925925925926,238.95999999999998,229.20300000000003,468.163,N,TXN_V2.1,2026-06-29,2026-06-29 19:54:02.665208
1956,2026-06,2,2,118.0,44849.02,10845.82,-34003.2,471.9901694915254,DOWN,90.54,INSURANCE,44.064237288135594,421.95000000000005,896.9803999999999,1318.9304,N,TXN_V2.1,2026-06-29,2026-06-29 19:54:02.665208
1957,2026-06,4,4,166.0,61213.72,20071.24,-41142.479999999996,489.6684337349398,DOWN,97.9,UTILITIES,43.374518072289156,315.85,1224.2744,1540.1244000000002,N,TXN_V2.1,2026-06-29,2026-06-29 19:54:02.665208
1958,2026-06,3,3,143.0,55868.770000000004,14979.41,-40889.36,495.44181818181823,DOWN,96.46,TRAVEL,32.164545454545454,254.83,1117.3754000000001,1372.2054,N,TXN_V2.1,2026-06-29,2026-06-29 19:54:02.665208
1959,2026-06,4,4,197.0,31407.3,21041.309999999998,-10365.990000000002,266.2365989847716,DOWN,74.84,RETAIL,40.609086294416244,354.82,628.146,982.9659999999999,N,TXN_V2.1,2026-06-29,2026-06-29 19:54:02.665208
1960,2026-06,3,3,116.0,25312.04,31161.25,5849.209999999999,486.83870689655174,UP,63.9,HEALTHCARE,32.75810344827587,339.02,506.24080000000004,845.2608,N,TXN_V2.1,2026-06-29,2026-06-29 19:54:02.665208
1961,2026-06,4,4,195.0,45377.06,17405.1,-27971.96,321.9597948717948,DOWN,90.86,GROCERY,41.029692307692315,441.5,907.5412,1349.0412000000001,N,TXN_V2.1,2026-06-29,2026-06-29 19:54:02.665208
1962,2026-06,2,2,55.0,14231.22,2847.71,-11383.509999999998,310.526,DOWN,37.96,INSURANCE,32.72418181818182,81.74,284.6244,366.3644,N,TXN_V2.1,2026-06-29,2026-06-29 19:54:02.665208
1963,2026-06,1,1,60.0,3839.08,1963.01,-1876.07,96.7015,DOWN,13.52,GROCERY,36.67,258.0,76.7816,334.7816,N,TXN_V2.1,2026-06-29,2026-06-29 19:54:02.665208
1964,2026-06,2,2,81.0,38092.95,9786.439999999999,-28306.51,591.1035802469136,DOWN,84.48,UTILITIES,45.67654320987654,203.88,761.8589999999999,965.7389999999999,N,TXN_V2.1,2026-06-29,2026-06-29 19:54:02.665208
1965,2026-06,1,1,54.0,2090.35,12950.02,10859.67,278.5253703703704,UP,6.86,GAS_STATION,42.59,139.75,41.807,181.55700000000002,N,TXN_V2.1,2026-06-29,2026-06-29 19:54:02.665208
1966,2026-06,3,3,103.0,13910.09,47713.92,33803.83,598.2913592233009,UP,36.94,GROCERY,32.03611650485437,231.39000000000001,278.2018,509.59180000000003,N,TXN_V2.1,2026-06-29,2026-06-29 19:54:02.665208
1967,2026-06,3,2,65.0,13465.27,3746.96,-9718.310000000001,264.80353846153844,DOWN,35.6,RETAIL,23.079230769230772,113.97,269.3054,383.2754,N,TXN_V2.1,2026-06-29,2026-06-29 19:54:02.665208
1968,2026-06,2,2,109.0,14050.97,32672.629999999997,18621.659999999996,428.65688073394494,UP,37.46,UTILITIES,36.698715596330274,215.98,281.0194,496.99940000000004,N,TXN_V2.1,2026-06-29,2026-06-29 19:54:02.665208
1969,2026-06,3,3,119.0,20116.510000000002,5974.89,-14141.620000000003,219.25546218487395,DOWN,52.48,INSURANCE,30.251344537815122,225.3,402.33020000000005,627.6302000000001,N,TXN_V2.1,2026-06-29,2026-06-29 19:54:02.665208
1970,2026-06,1,1,72.0,13174.98,15290.59,2115.6100000000006,395.35513888888886,UP,34.84,RESTAURANT,34.730000000000004,188.11,263.4996,451.6096,N,TXN_V2.1,2026-06-29,2026-06-29 19:54:02.665208
1971,2026-06,3,2,124.0,52319.060000000005,10482.06,-41837.00000000001,506.46064516129036,DOWN,95.24,RESTAURANT,40.325322580645164,251.55,1046.3812,1297.9312,N,TXN_V2.1,2026-06-29,2026-06-29 19:54:02.665208
1972,2026-06,1,1,15.0,813.82,972.31,158.4899999999999,119.07533333333335,STABLE,0.84,GROCERY,40.0,57.08,16.276400000000002,73.35640000000001,N,TXN_V2.1,2026-06-29,2026-06-29 19:54:02.665208
1973,2026-06,4,4,195.0,32893.34,28285.18,-4608.159999999996,313.736,DOWN,77.12,TRAVEL,36.92384615384615,583.25,657.8667999999999,1241.1167999999998,N,TXN_V2.1,2026-06-29,2026-06-29 19:54:02.665208
1974,2026-06,2,2,111.0,23169.99,4677.42,-18492.57,250.8775675675676,DOWN,59.74,RETAIL,28.8327027027027,243.88,463.3998,707.2798,N,TXN_V2.1,2026-06-29,2026-06-29 19:54:02.665208
1975,2026-06,3,3,141.0,33023.07,18472.54,-14550.529999999999,365.21709219858155,DOWN,77.34,RESTAURANT,39.71333333333333,257.6,660.4614,918.0614,N,TXN_V2.1,2026-06-29,2026-06-29 19:54:02.665208
1976,2026-06,1,1,43.0,4961.07,9413.99,4452.92,334.30372093023254,UP,16.4,GAS_STATION,37.21,79.58,99.2214,178.8014,N,TXN_V2.1,2026-06-29,2026-06-29 19:54:02.665208
1977,2026-06,2,2,55.0,3281.65,20599.69,17318.039999999997,434.20618181818185,UP,12.0,TRAVEL,47.27381818181818,100.80000000000001,65.63300000000001,166.43300000000002,N,TXN_V2.1,2026-06-29,2026-06-29 19:54:02.665208
1978,2026-06,2,2,132.0,76426.08,4300.91,-72125.17,611.568106060606,DOWN,99.64,RESTAURANT,46.96818181818182,291.41999999999996,1528.5216,1819.9416,N,TXN_V2.1,2026-06-29,2026-06-29 19:54:02.665208
1979,2026-06,3,3,113.0,19668.93,8959.96,-10708.970000000001,253.3530088495575,DOWN,51.52,RESTAURANT,42.47840707964602,133.38,393.3786,526.7586,N,TXN_V2.1,2026-06-29,2026-06-29 19:54:02.665208
1980,2026-06,1,1,68.0,11216.67,12841.03,1624.3600000000006,353.78970588235296,STABLE,29.24,INSURANCE,36.76999999999999,261.93,224.3334,486.26340000000005,N,TXN_V2.1,2026-06-29,2026-06-29 19:54:02.665208
1981,2026-06,1,1,55.0,2433.29,2809.93,376.6399999999999,95.33127272727272,STABLE,8.6,RETAIL,32.73000000000001,97.67,48.6658,146.3358,N,TXN_V2.1,2026-06-29,2026-06-29 19:54:02.665208
1982,2026-06,3,3,183.0,53608.53,39257.31,-14351.220000000001,507.46360655737703,DOWN,95.68,RETAIL,30.059071038251368,573.07,1072.1706,1645.2406,N,TXN_V2.1,2026-06-29,2026-06-29 19:54:02.665208
1983,2026-06,2,1,90.0,5652.93,12644.380000000001,6991.450000000001,203.30344444444447,UP,17.8,RETAIL,37.77700000000001,215.16,113.05860000000001,328.21860000000004,N,TXN_V2.1,2026-06-29,2026-06-29 19:54:02.665208
1984,2026-06,1,1,26.0,9481.99,1560.03,-7921.96,424.69307692307694,DOWN,24.84,TRAVEL,34.62,65.94,189.6398,255.5798,N,TXN_V2.1,2026-06-29,2026-06-29 19:54:02.665208
1985,2026-06,2,2,56.0,3700.49,14928.189999999999,11227.699999999999,332.65500000000003,UP,13.04,GAS_STATION,42.857142857142854,55.4,74.0098,129.4098,N,TXN_V2.1,2026-06-29,2026-06-29 19:54:02.665208
1986,2026-06,4,3,169.0,26467.88,17608.66,-8859.220000000001,260.80792899408283,DOWN,66.18,TRAVEL,34.31958579881657,241.42000000000002,529.3576,770.7776000000001,N,TXN_V2.1,2026-06-29,2026-06-29 19:54:02.665208
1987,2026-06,1,1,44.0,9001.29,1258.14,-7743.150000000001,233.16886363636365,DOWN,23.74,TRAVEL,38.629999999999995,127.52,180.02580000000003,307.54580000000004,N,TXN_V2.1,2026-06-29,2026-06-29 19:54:02.665208
1988,2026-06,2,2,83.0,28081.25,4031.9,-24049.35,386.905421686747,DOWN,69.36,GROCERY,28.91650602409639,212.20999999999998,561.625,773.835,N,TXN_V2.1,2026-06-29,2026-06-29 19:54:02.665208
1989,2026-06,3,3,132.0,7951.950000000001,15979.800000000001,8027.85,181.30113636363637,UP,21.82,TRAVEL,37.87689393939394,354.71,159.03900000000002,513.749,N,TXN_V2.1,2026-06-29,2026-06-29 19:54:02.665208
1990,2026-06,4,4,151.0,44127.130000000005,31351.53,-12775.600000000006,499.85867549668876,DOWN,90.0,RETAIL,35.09847682119205,376.09,882.5426000000001,1258.6326000000001,N,TXN_V2.1,2026-06-29,2026-06-29 19:54:02.665208
1991,2026-06,1,1,61.0,13880.34,9873.47,-4006.870000000001,389.4067213114754,DOWN,36.84,INSURANCE,36.06000000000001,236.43,277.6068,514.0368000000001,N,TXN_V2.1,2026-06-29,2026-06-29 19:54:02.665208
1992,2026-06,1,0,18.0,469.74,11864.85,11395.11,685.255,UP,0.18,RESTAURANT,55.55,48.78,9.3948,58.174800000000005,N,TXN_V2.1,2026-06-29,2026-06-29 19:54:02.665208
1993,2026-06,1,1,71.0,17843.39,8656.39,-9187.0,373.236338028169,DOWN,47.38,HEALTHCARE,33.8,65.3,356.8678,422.1678,N,TXN_V2.1,2026-06-29,2026-06-29 19:54:02.665208
1994,2026-06,2,2,99.0,17855.92,37813.02,19957.1,562.3125252525252,UP,47.46,RESTAURANT,42.42838383838384,100.03,357.11839999999995,457.1483999999999,N,TXN_V2.1,2026-06-29,2026-06-29 19:54:02.665208
1995,2026-06,4,3,219.0,42041.9,47403.91,5362.010000000002,408.42835616438356,UP,88.1,RESTAURANT,33.33771689497717,475.6,840.8380000000001,1316.438,N,TXN_V2.1,2026-06-29,2026-06-29 19:54:02.665208
1996,2026-06,2,2,90.0,2844.37,35339.75,32495.38,424.26800000000003,UP,10.24,RESTAURANT,33.33266666666667,193.33,56.8874,250.2174,N,TXN_V2.1,2026-06-29,2026-06-29 19:54:02.665208
1997,2026-06,1,1,32.0,2402.93,815.29,-1587.6399999999999,100.569375,DOWN,8.36,EDUCATION,43.75,88.23,48.0586,136.2886,N,TXN_V2.1,2026-06-29,2026-06-29 19:54:02.665208
1998,2026-06,3,3,121.0,18145.010000000002,17467.25,-677.760000000002,294.31619834710744,STABLE,48.24,INSURANCE,42.97479338842975,513.22,362.90020000000004,876.1202000000001,N,TXN_V2.1,2026-06-29,2026-06-29 19:54:02.665208
1999,2026-06,4,3,139.0,24489.809999999998,7250.32,-17239.489999999998,228.34625899280573,DOWN,62.56,UTILITIES,42.44791366906475,424.72,489.79619999999994,914.5162,N,TXN_V2.1,2026-06-29,2026-06-29 19:54:02.665208
2000,2026-06,2,2,91.0,11854.3,5399.32,-6454.98,189.60021978021976,DOWN,31.0,RETAIL,39.56186813186813,219.23,237.08599999999998,456.316,N,TXN_V2.1,2026-06-29,2026-06-29 19:54:02.665208
2001,2026-06,1,1,47.0,1848.34,2815.87,967.53,99.23851063829787,UP,5.62,HEALTHCARE,29.79,185.94,36.9668,222.9068,N,TXN_V2.1,2026-06-29,2026-06-29 19:54:02.665208
2002,2026-06,1,1,68.0,2172.54,11927.78,9755.240000000002,207.35764705882352,UP,7.28,GROCERY,33.83,156.07,43.4508,199.5208,N,TXN_V2.1,2026-06-29,2026-06-29 19:54:02.665208
2003,2026-06,1,1,68.0,18939.46,26567.34,7627.880000000001,669.2176470588236,UP,49.98,GROCERY,33.83,165.45,378.7892,544.2392,N,TXN_V2.1,2026-06-29,2026-06-29 19:54:02.665208
2004,2026-06,4,4,169.0,51992.44,22488.66,-29503.780000000002,440.7165680473373,DOWN,95.02,UTILITIES,37.2808875739645,200.71,1039.8488,1240.5588,N,TXN_V2.1,2026-06-29,2026-06-29 19:54:02.665208
2005,2026-06,3,3,117.0,35460.39,22165.56,-13294.829999999998,492.52948717948715,DOWN,80.56,RETAIL,35.89692307692307,271.28,709.2078,980.4878,N,TXN_V2.1,2026-06-29,2026-06-29 19:54:02.665208
2006,2026-06,3,3,82.0,11481.86,22652.0,11170.14,416.26658536585364,UP,29.96,RETAIL,30.488170731707314,228.38,229.6372,458.0172,N,TXN_V2.1,2026-06-29,2026-06-29 19:54:02.665208
2007,2026-06,4,4,224.0,66276.18,18831.6,-47444.579999999994,379.9454464285714,DOWN,98.86,UTILITIES,37.05441964285714,645.17,1325.5236,1970.6936,N,TXN_V2.1,2026-06-29,2026-06-29 19:54:02.665208
2008,2026-06,2,2,47.0,3673.8799999999997,7608.83,3934.9500000000003,240.05765957446806,UP,12.94,GROCERY,42.556595744680855,127.94,73.4776,201.4176,N,TXN_V2.1,2026-06-29,2026-06-29 19:54:02.665208
2009,2026-06,3,3,158.0,49266.770000000004,46845.869999999995,-2420.9000000000087,608.3078481012658,STABLE,93.7,UTILITIES,39.23822784810127,247.21,985.3354,1232.5454,N,TXN_V2.1,2026-06-29,2026-06-29 19:54:02.665208
2010,2026-06,3,3,185.0,36942.45,28814.11,-8128.3399999999965,355.44086486486486,DOWN,82.8,GROCERY,34.054972972972976,531.73,738.8489999999999,1270.579,N,TXN_V2.1,2026-06-29,2026-06-29 19:54:02.665208
2011,2026-06,3,3,129.0,18459.489999999998,24624.24,6164.750000000004,333.9824031007752,UP,48.92,TRAVEL,35.656666666666666,349.35,369.1898,718.5398,N,TXN_V2.1,2026-06-29,2026-06-29 19:54:02.665208
2012,2026-06,1,1,57.0,21288.35,30960.04,9671.690000000002,916.6384210526315,UP,55.3,RESTAURANT,35.089999999999996,64.93,425.767,490.697,N,TXN_V2.1,2026-06-29,2026-06-29 19:54:02.665208
2013,2026-06,4,4,141.0,25903.18,26135.02,231.84000000000015,369.06524822695036,STABLE,65.24,TRAVEL,39.714397163120566,304.84000000000003,518.0636000000001,822.9036000000001,N,TXN_V2.1,2026-06-29,2026-06-29 19:54:02.665208
2014,2026-06,4,4,178.0,37037.41,14213.66,-22823.750000000004,287.92735955056185,DOWN,83.0,TRAVEL,38.204157303370785,537.15,740.7482000000001,1277.8982,N,TXN_V2.1,2026-06-29,2026-06-29 19:54:02.665208
2015,2026-06,3,3,70.0,3610.1800000000003,14399.62,10789.44,257.2828571428572,UP,12.76,RETAIL,40.00057142857143,140.14,72.20360000000001,212.34359999999998,N,TXN_V2.1,2026-06-29,2026-06-29 19:54:02.665208
2016,2026-06,2,2,86.0,23740.05,25581.36,1841.3100000000013,573.5047674418605,STABLE,60.86,TRAVEL,30.226976744186047,196.09,474.801,670.891,N,TXN_V2.1,2026-06-29,2026-06-29 19:54:02.665208
2017,2026-06,3,3,96.0,15771.460000000001,23511.92,7740.459999999997,409.201875,UP,42.52,RESTAURANT,42.70802083333333,126.35,315.42920000000004,441.77920000000006,N,TXN_V2.1,2026-06-29,2026-06-29 19:54:02.665208
2018,2026-06,2,2,111.0,7923.530000000001,4925.21,-2998.3200000000006,115.75441441441443,DOWN,21.78,GROCERY,38.73549549549549,333.34999999999997,158.47060000000002,491.8206,N,TXN_V2.1,2026-06-29,2026-06-29 19:54:02.665208
2019,2026-06,1,1,45.0,13128.07,1666.19,-11461.88,328.7613333333333,DOWN,34.66,RESTAURANT,46.67,75.66,262.5614,338.2214,N,TXN_V2.1,2026-06-29,2026-06-29 19:54:02.665208
2020,2026-06,4,4,217.0,50330.44,19009.02,-31321.420000000002,319.5366820276498,DOWN,94.36,UTILITIES,43.31589861751152,487.92,1006.6088000000001,1494.5288,N,TXN_V2.1,2026-06-29,2026-06-29 19:54:02.665208
2021,2026-06,2,2,105.0,20683.84,15282.380000000001,-5401.459999999999,342.5354285714286,DOWN,53.56,UTILITIES,39.042857142857144,209.02,413.6768,622.6968,N,TXN_V2.1,2026-06-29,2026-06-29 19:54:02.665208
2022,2026-06,2,2,62.0,31926.21,2516.2,-29410.01,555.5227419354839,DOWN,75.6,TRAVEL,32.259032258064515,83.58,638.5242,722.1042,N,TXN_V2.1,2026-06-29,2026-06-29 19:54:02.665208
2023,2026-06,2,2,90.0,38607.229999999996,19469.690000000002,-19137.539999999994,645.2991111111111,DOWN,85.04,GROCERY,31.115000000000002,165.76,772.1446,937.9046,N,TXN_V2.1,2026-06-29,2026-06-29 19:54:02.665208
2024,2026-06,1,1,35.0,11390.18,1880.36,-9509.82,379.15828571428574,DOWN,29.76,GROCERY,37.14,83.28,227.80360000000002,311.08360000000005,N,TXN_V2.1,2026-06-29,2026-06-29 19:54:02.665208
2025,2026-06,3,3,150.0,32726.229999999996,33654.64,928.4100000000035,442.5391333333333,STABLE,76.88,TRAVEL,43.330733333333335,165.42000000000002,654.5246,819.9446,N,TXN_V2.1,2026-06-29,2026-06-29 19:54:02.665208
2026,2026-06,2,2,41.0,2625.8,14405.869999999999,11780.07,415.40658536585363,UP,9.54,RESTAURANT,29.267560975609758,69.12,52.516000000000005,121.63600000000001,N,TXN_V2.1,2026-06-29,2026-06-29 19:54:02.665208
2027,2026-06,4,3,161.0,8108.12,19702.41,11594.29,172.73621118012423,UP,22.04,RETAIL,34.78571428571428,474.18,162.1624,636.3424,N,TXN_V2.1,2026-06-29,2026-06-29 19:54:02.665208
2028,2026-06,2,2,139.0,10646.939999999999,14377.800000000001,3730.8600000000024,180.03410071942446,UP,27.88,GROCERY,41.72841726618705,439.05,212.9388,651.9888,N,TXN_V2.1,2026-06-29,2026-06-29 19:54:02.665208
2029,2026-06,2,2,110.0,33897.15,13455.58,-20441.57,430.47936363636364,DOWN,78.8,TRAVEL,37.2710909090909,315.25,677.9430000000001,993.1930000000001,N,TXN_V2.1,2026-06-29,2026-06-29 19:54:02.665208
2030,2026-06,1,1,31.0,34406.77,784.03,-33622.74,1135.1870967741934,DOWN,79.38,GROCERY,35.480000000000004,69.83,688.1354,757.9654,N,TXN_V2.1,2026-06-29,2026-06-29 19:54:02.665208
2031,2026-06,2,2,64.0,9383.099999999999,3166.42,-6216.6799999999985,196.08624999999998,DOWN,24.72,RESTAURANT,39.061249999999994,101.75,187.66199999999998,289.412,N,TXN_V2.1,2026-06-29,2026-06-29 19:54:02.665208
2032,2026-06,4,4,160.0,49835.259999999995,11155.130000000001,-38680.12999999999,381.1899375,DOWN,94.22,WIRE_TRANSFER_INTL,39.3756875,273.74,996.7051999999999,1270.4451999999999,N,TXN_V2.1,2026-06-29,2026-06-29 19:54:02.665208
2033,2026-06,2,2,87.0,26196.95,10033.949999999999,-16163.000000000002,416.4471264367816,DOWN,65.72,GAS_STATION,42.52620689655172,317.96,523.9390000000001,841.8990000000001,N,TXN_V2.1,2026-06-29,2026-06-29 19:54:02.665208
2034,2026-06,1,1,60.0,7927.73,26399.89,18472.16,572.127,UP,21.8,GROCERY,45.0,141.86,158.5546,300.4146,N,TXN_V2.1,2026-06-29,2026-06-29 19:54:02.665208
2035,2026-06,4,4,179.0,11027.529999999999,24736.620000000003,13709.090000000004,199.79972067039108,UP,28.66,TRAVEL,34.63927374301676,457.03,220.55059999999997,677.5806,N,TXN_V2.1,2026-06-29,2026-06-29 19:54:02.665208
2036,2026-06,1,1,40.0,1595.02,2545.19,950.1700000000001,103.50525,UP,4.18,GAS_STATION,32.5,143.29,31.9004,175.19039999999998,N,TXN_V2.1,2026-06-29,2026-06-29 19:54:02.665208
2037,2026-06,2,2,125.0,26655.44,13186.65,-13468.789999999999,318.73672,DOWN,66.78,GAS_STATION,38.39592,211.76,533.1088,744.8688,N,TXN_V2.1,2026-06-29,2026-06-29 19:54:02.665208
2038,2026-06,1,0,18.0,12884.89,1101.3,-11783.59,777.0105555555555,DOWN,33.9,ENTERTAINMENT,55.55,0.0,257.6978,257.6978,N,TXN_V2.1,2026-06-29,2026-06-29 19:54:02.665208
2039,2026-06,3,3,134.0,18738.149999999998,6400.84,-12337.309999999998,187.6044029850746,DOWN,49.4,RETAIL,44.0310447761194,284.39,374.763,659.153,N,TXN_V2.1,2026-06-29,2026-06-29 19:54:02.665208
2040,2026-06,4,4,222.0,28269.51,33781.55,5512.0400000000045,279.50927927927927,UP,69.86,GROCERY,33.78608108108108,450.58000000000004,565.3901999999999,1015.9702,N,TXN_V2.1,2026-06-29,2026-06-29 19:54:02.665208
2041,2026-06,2,2,116.0,19832.239999999998,15677.05,-4155.189999999999,306.1145689655172,DOWN,51.84,GROCERY,31.034827586206898,258.32,396.6448,654.9648,N,TXN_V2.1,2026-06-29,2026-06-29 19:54:02.665208
2042,2026-06,2,2,92.0,5793.95,4862.91,-931.04,115.8354347826087,DOWN,18.08,GROCERY,33.697391304347825,128.09,115.879,243.969,N,TXN_V2.1,2026-06-29,2026-06-29 19:54:02.665208
2043,2026-06,2,2,77.0,13009.519999999999,29343.15,16333.630000000003,550.0346753246753,UP,34.34,TRAVEL,36.36909090909091,191.23,260.19039999999995,451.4204,N,TXN_V2.1,2026-06-29,2026-06-29 19:54:02.665208
2044,2026-06,1,1,38.0,1960.3,2668.2,707.8999999999999,121.80263157894737,UP,6.12,GROCERY,36.84,87.49,39.206,126.696,N,TXN_V2.1,2026-06-29,2026-06-29 19:54:02.665208
2045,2026-06,1,1,50.0,9650.53,1857.63,-7792.900000000001,230.1632,DOWN,25.2,GROCERY,30.0,121.14,193.0106,314.1506,N,TXN_V2.1,2026-06-29,2026-06-29 19:54:02.665208
2046,2026-06,3,3,118.0,6373.93,24250.65,17876.72,259.53033898305085,UP,19.34,UTILITIES,42.37525423728813,312.48,127.47860000000001,439.95860000000005,N,TXN_V2.1,2026-06-29,2026-06-29 19:54:02.665208
2047,2026-06,4,4,141.0,27735.860000000004,5688.77,-22047.090000000004,237.05411347517733,DOWN,68.82,TRAVEL,39.007446808510636,234.76,554.7172,789.4772,N,TXN_V2.1,2026-06-29,2026-06-29 19:54:02.665208
2048,2026-06,1,1,65.0,21583.85,11726.49,-9857.359999999999,512.4667692307692,DOWN,55.88,RETAIL,40.0,206.3,431.67699999999996,637.977,N,TXN_V2.1,2026-06-29,2026-06-29 19:54:02.665208
2049,2026-06,3,3,165.0,20792.989999999998,21010.44,217.45000000000073,253.35412121212116,STABLE,53.96,TRAVEL,40.60884848484848,285.09000000000003,415.85979999999995,700.9498,N,TXN_V2.1,2026-06-29,2026-06-29 19:54:02.665208
2050,2026-06,1,1,62.0,39379.68,2686.49,-36693.19,678.4866129032258,DOWN,85.78,GROCERY,38.709999999999994,122.51,787.5936,910.1036,N,TXN_V2.1,2026-06-29,2026-06-29 19:54:02.665208
2051,2026-06,1,1,31.0,2698.62,1747.8,-950.8199999999999,143.43290322580646,DOWN,9.7,GROCERY,41.93999999999999,60.48,53.9724,114.4524,N,TXN_V2.1,2026-06-29,2026-06-29 19:54:02.665208
2052,2026-06,4,4,191.0,23685.81,55465.0,31779.19,414.40214659685864,UP,60.82,TRAVEL,41.88492146596859,335.27,473.7162,808.9862,N,TXN_V2.1,2026-06-29,2026-06-29 19:54:02.665208
2053,2026-06,2,1,78.0,15582.630000000001,22547.08,6964.450000000001,488.84243589743596,UP,41.9,UTILITIES,44.87307692307692,100.45,311.6526,412.1026,N,TXN_V2.1,2026-06-29,2026-06-29 19:54:02.665208
2054,2026-06,4,3,166.0,10324.65,44741.71,34417.06,331.72506024096384,UP,26.94,RETAIL,28.91819277108434,371.29,206.493,577.783,N,TXN_V2.1,2026-06-29,2026-06-29 19:54:02.665208
2055,2026-06,1,0,27.0,9696.02,1086.6,-8609.42,399.3562962962963,DOWN,25.42,RETAIL,33.33,80.94,193.9204,274.8604,N,TXN_V2.1,2026-06-29,2026-06-29 19:54:02.665208
2056,2026-06,2,2,44.0,22708.8,2376.71,-20332.09,570.1252272727272,DOWN,58.6,RETAIL,34.092727272727274,99.13,454.176,553.306,N,TXN_V2.1,2026-06-29,2026-06-29 19:54:02.665208
2057,2026-06,3,3,130.0,17519.57,6584.03,-10935.54,185.41230769230768,DOWN,46.8,PAWN_SHOP,39.23107692307693,408.15999999999997,350.3914,758.5514,N,TXN_V2.1,2026-06-29,2026-06-29 19:54:02.665208
2058,2026-06,4,4,140.0,16612.769999999997,7621.09,-8991.679999999997,173.099,DOWN,44.64,TRAVEL,39.2825,276.27,332.25539999999995,608.5254,N,TXN_V2.1,2026-06-29,2026-06-29 19:54:02.665208
2059,2026-06,2,2,113.0,34745.38,11312.82,-23432.559999999998,407.5946902654867,DOWN,79.82,UTILITIES,34.513893805309735,270.6,694.9076,965.5076,N,TXN_V2.1,2026-06-29,2026-06-29 19:54:02.665208
2060,2026-06,4,4,213.0,49653.909999999996,18819.08,-30834.829999999994,321.4694366197183,DOWN,94.02,RETAIL,39.44051643192489,401.76,993.0781999999999,1394.8382,N,TXN_V2.1,2026-06-29,2026-06-29 19:54:02.665208
2061,2026-06,2,2,79.0,21413.65,4651.12,-16762.530000000002,329.93379746835444,DOWN,55.52,RETAIL,40.51101265822784,211.45,428.273,639.723,N,TXN_V2.1,2026-06-29,2026-06-29 19:54:02.665208
2062,2026-06,3,3,105.0,5840.57,6591.74,751.1700000000001,118.40295238095237,UP,18.18,RETAIL,37.14361904761905,264.07,116.81139999999999,380.8814,N,TXN_V2.1,2026-06-29,2026-06-29 19:54:02.665208
2063,2026-06,1,1,31.0,1022.27,9952.74,8930.47,354.0325806451613,UP,1.6,GROCERY,45.15999999999999,210.23,20.4454,230.6754,N,TXN_V2.1,2026-06-29,2026-06-29 19:54:02.665208
2064,2026-06,4,4,235.0,38574.63,57605.880000000005,19031.250000000007,409.27876595744686,UP,85.02,UTILITIES,40.425617021276594,687.2,771.4925999999999,1458.6925999999999,N,TXN_V2.1,2026-06-29,2026-06-29 19:54:02.665208
2065,2026-06,4,3,177.0,31604.13,7677.15,-23926.980000000003,221.92813559322033,DOWN,75.08,RETAIL,38.419830508474575,622.34,632.0826000000001,1254.4226,N,TXN_V2.1,2026-06-29,2026-06-29 19:54:02.665208
2066,2026-06,2,2,112.0,6613.32,5737.28,-876.04,110.27321428571427,DOWN,19.66,RETAIL,40.17366071428571,350.79,132.2664,483.05640000000005,N,TXN_V2.1,2026-06-29,2026-06-29 19:54:02.665208
2067,2026-06,2,2,119.0,26058.46,16252.82,-9805.64,355.55697478991596,DOWN,65.4,INSURANCE,45.381764705882354,279.9,521.1692,801.0692,N,TXN_V2.1,2026-06-29,2026-06-29 19:54:02.665208
2068,2026-06,2,2,82.0,40123.56,10458.96,-29664.6,616.86,DOWN,86.5,RETAIL,25.60280487804878,142.85,802.4712,945.3212,N,TXN_V2.1,2026-06-29,2026-06-29 19:54:02.665208
2069,2026-06,1,1,67.0,21918.69,28902.68,6983.990000000002,758.5279104477611,UP,56.66,RETAIL,31.350000000000005,143.82,438.37379999999996,582.1938,N,TXN_V2.1,2026-06-29,2026-06-29 19:54:02.665208
2070,2026-06,4,4,185.0,50555.33,21687.98,-28867.350000000002,390.50437837837836,DOWN,94.46,RETAIL,37.834108108108104,670.63,1011.1066000000001,1681.7366000000002,N,TXN_V2.1,2026-06-29,2026-06-29 19:54:02.665208
2071,2026-06,4,3,195.0,45135.81,25698.84,-19436.969999999998,363.25461538461536,DOWN,90.8,TRAVEL,43.076615384615394,369.1,902.7162,1271.8162,N,TXN_V2.1,2026-06-29,2026-06-29 19:54:02.665208
2072,2026-06,4,3,120.0,26320.75,14624.71,-11696.04,341.21216666666663,DOWN,65.94,TRAVEL,39.16316666666667,248.82999999999998,526.415,775.2449999999999,N,TXN_V2.1,2026-06-29,2026-06-29 19:54:02.665208
2073,2026-06,2,1,57.0,3097.95,2443.94,-654.0099999999998,97.22614035087719,DOWN,11.28,HEALTHCARE,33.330000000000005,81.34,61.958999999999996,143.299,N,TXN_V2.1,2026-06-29,2026-06-29 19:54:02.665208
2074,2026-06,4,3,119.0,21034.94,3758.66,-17276.28,208.34957983193277,DOWN,54.64,INSURANCE,39.49411764705883,396.71999999999997,420.6988,817.4187999999999,N,TXN_V2.1,2026-06-29,2026-06-29 19:54:02.665208
2075,2026-06,2,2,58.0,20904.11,13461.04,-7443.07,592.5025862068966,DOWN,54.32,UTILITIES,43.1055172413793,182.18,418.0822,600.2622,N,TXN_V2.1,2026-06-29,2026-06-29 19:54:02.665208
2076,2026-06,3,3,154.0,32806.740000000005,22622.55,-10184.190000000006,359.9304545454546,DOWN,77.04,TRAVEL,38.31279220779221,449.83,656.1348000000002,1105.9648000000002,N,TXN_V2.1,2026-06-29,2026-06-29 19:54:02.665208
2077,2026-06,3,3,170.0,15646.82,42351.28,26704.46,341.165294117647,UP,42.12,TRAVEL,33.52470588235295,409.35,312.9364,722.2864,N,TXN_V2.1,2026-06-29,2026-06-29 19:54:02.665208
2078,2026-06,1,1,75.0,6311.76,12852.34,6540.58,255.5213333333333,UP,19.2,RETAIL,36.0,106.87,126.2352,233.10520000000002,N,TXN_V2.1,2026-06-29,2026-06-29 19:54:02.665208
2079,2026-06,1,1,51.0,9657.85,2991.39,-6666.460000000001,248.0243137254902,DOWN,25.28,GROCERY,23.520000000000003,158.36,193.157,351.51700000000005,N,TXN_V2.1,2026-06-29,2026-06-29 19:54:02.665208
2080,2026-06,1,1,50.0,12089.84,22589.43,10499.59,693.5854,UP,31.54,RESTAURANT,28.000000000000004,90.45,241.79680000000002,332.2468,N,TXN_V2.1,2026-06-29,2026-06-29 19:54:02.665208
2081,2026-06,1,1,21.0,1725.93,578.63,-1147.3000000000002,109.74095238095238,DOWN,4.82,RETAIL,33.34,87.58,34.5186,122.0986,N,TXN_V2.1,2026-06-29,2026-06-29 19:54:02.665208
2082,2026-06,4,4,226.0,41027.45,41267.53,240.08000000000175,364.1370796460177,STABLE,87.28,RETAIL,36.280309734513274,695.05,820.549,1515.599,N,TXN_V2.1,2026-06-29,2026-06-29 19:54:02.665208
2083,2026-06,2,0,45.0,2148.79,3130.7200000000003,981.9300000000003,117.32244444444444,UP,7.08,GROCERY,37.776,82.47999999999999,42.9758,125.45579999999998,N,TXN_V2.1,2026-06-29,2026-06-29 19:54:02.665208
2084,2026-06,1,1,23.0,9231.77,780.55,-8451.220000000001,435.3182608695652,DOWN,24.26,GAS_STATION,43.480000000000004,36.96,184.6354,221.5954,N,TXN_V2.1,2026-06-29,2026-06-29 19:54:02.665208
2085,2026-06,1,1,46.0,1386.5,3908.7,2522.2,115.11304347826086,UP,3.08,GROCERY,34.78,116.26,27.73,143.99,N,TXN_V2.1,2026-06-29,2026-06-29 19:54:02.665208
2086,2026-06,2,2,64.0,15555.58,3511.77,-12043.81,297.92734375,DOWN,41.8,TRAVEL,59.3725,120.45,311.1116,431.5616,N,TXN_V2.1,2026-06-29,2026-06-29 19:54:02.665208
2087,2026-06,1,1,50.0,13218.85,3447.35,-9771.5,333.324,DOWN,35.04,ENTERTAINMENT,40.0,76.58,264.377,340.957,N,TXN_V2.1,2026-06-29,2026-06-29 19:54:02.665208
2088,2026-06,3,3,138.0,28805.85,12686.31,-16119.539999999999,300.6678260869565,DOWN,70.76,GROCERY,40.58166666666667,222.79,576.117,798.9069999999999,N,TXN_V2.1,2026-06-29,2026-06-29 19:54:02.665208
2089,2026-06,2,2,105.0,8236.23,13263.17,5026.9400000000005,204.75619047619048,UP,22.24,UTILITIES,29.518000000000004,224.67000000000002,164.72459999999998,389.39459999999997,N,TXN_V2.1,2026-06-29,2026-06-29 19:54:02.665208
2090,2026-06,1,0,35.0,2037.64,12298.52,10260.880000000001,409.60457142857143,UP,6.52,GROCERY,42.86,150.13,40.7528,190.8828,N,TXN_V2.1,2026-06-29,2026-06-29 19:54:02.665208
2091,2026-06,2,2,66.0,22047.260000000002,4083.88,-17963.38,395.9263636363637,DOWN,56.92,RETAIL,36.364545454545464,249.85,440.94520000000006,690.7952,N,TXN_V2.1,2026-06-29,2026-06-29 19:54:02.665208
2092,2026-06,4,4,187.0,24159.3,38388.14,14228.84,334.4782887700535,UP,61.8,RESTAURANT,39.569144385026746,487.09000000000003,483.186,970.2760000000001,N,TXN_V2.1,2026-06-29,2026-06-29 19:54:02.665208
2093,2026-06,1,1,51.0,2600.54,3854.78,1254.2400000000002,126.5749019607843,UP,9.46,RESTAURANT,31.369999999999997,207.51,52.0108,259.5208,N,TXN_V2.1,2026-06-29,2026-06-29 19:54:02.665208
2094,2026-06,2,2,80.0,20794.420000000002,18502.25,-2292.170000000002,491.208375,STABLE,53.98,RETAIL,37.4965,151.35,415.88840000000005,567.2384000000001,N,TXN_V2.1,2026-06-29,2026-06-29 19:54:02.665208
2095,2026-06,3,2,102.0,23451.069999999996,17832.74,-5618.3299999999945,404.7432352941176,DOWN,60.28,GROCERY,34.3171568627451,186.05,469.0213999999999,655.0713999999999,N,TXN_V2.1,2026-06-29,2026-06-29 19:54:02.665208
2096,2026-06,4,4,140.0,45907.43,21317.42,-24590.010000000002,480.17750000000007,DOWN,91.24,WIRE_TRANSFER_INTL,38.571714285714286,284.6,918.1486,1202.7486,N,TXN_V2.1,2026-06-29,2026-06-29 19:54:02.665208
2097,2026-06,2,2,100.0,36884.29,14170.029999999999,-22714.260000000002,510.5432,DOWN,82.66,GAS_STATION,39.0013,122.37,737.6858000000001,860.0558000000001,N,TXN_V2.1,2026-06-29,2026-06-29 19:54:02.665208
2098,2026-06,3,3,151.0,18280.79,9115.970000000001,-9164.82,181.43549668874172,DOWN,48.42,TRAVEL,33.11218543046357,213.64000000000001,365.61580000000004,579.2558,N,TXN_V2.1,2026-06-29,2026-06-29 19:54:02.665208
2099,2026-06,3,3,125.0,41889.25,4526.18,-37363.07,371.32344,DOWN,87.92,RETAIL,36.8016,382.39,837.785,1220.175,N,TXN_V2.1,2026-06-29,2026-06-29 19:54:02.665208
2100,2026-06,2,2,71.0,29946.1,3637.1899999999996,-26308.91,473.00408450704225,DOWN,72.54,RETAIL,36.623380281690146,186.51,598.922,785.432,N,TXN_V2.1,2026-06-29,2026-06-29 19:54:02.665208
2101,2026-06,1,1,56.0,3634.54,21145.45,17510.91,442.49982142857147,UP,12.84,GROCERY,48.21,114.76,72.6908,187.45080000000002,N,TXN_V2.1,2026-06-29,2026-06-29 19:54:02.665208
2102,2026-06,4,4,183.0,42410.81,20241.85,-22168.96,342.36426229508197,DOWN,88.54,RETAIL,32.78382513661202,291.76,848.2162,1139.9762,N,TXN_V2.1,2026-06-29,2026-06-29 19:54:02.665208
2103,2026-06,1,1,53.0,2185.69,16633.94,14448.249999999998,355.087358490566,UP,7.34,HEALTHCARE,33.96000000000001,165.43,43.7138,209.1438,N,TXN_V2.1,2026-06-29,2026-06-29 19:54:02.665208
2104,2026-06,1,1,45.0,10510.38,13365.76,2855.380000000001,530.5808888888889,UP,27.42,WIRE_TRANSFER_INTL,37.78,188.43,210.20759999999999,398.6376,N,TXN_V2.1,2026-06-29,2026-06-29 19:54:02.665208
2105,2026-06,2,2,128.0,34256.95,6591.33,-27665.619999999995,319.1271875,DOWN,79.18,RESTAURANT,32.030859375,289.52,685.139,974.659,N,TXN_V2.1,2026-06-29,2026-06-29 19:54:02.665208
2106,2026-06,2,2,60.0,20497.34,2019.06,-18478.28,375.27333333333337,DOWN,53.2,TRAVEL,36.663666666666664,234.75,409.9468,644.6967999999999,N,TXN_V2.1,2026-06-29,2026-06-29 19:54:02.665208
2107,2026-06,3,3,125.0,15085.69,26676.22,11590.53,334.09528,UP,40.64,RESTAURANT,32.793600000000005,110.72,301.7138,412.4338,N,TXN_V2.1,2026-06-29,2026-06-29 19:54:02.665208
2108,2026-06,3,3,169.0,44265.43,9216.26,-35049.17,316.45970414201184,DOWN,90.08,TRAVEL,36.09615384615385,675.63,885.3086000000001,1560.9386,N,TXN_V2.1,2026-06-29,2026-06-29 19:54:02.665208
2109,2026-06,3,3,148.0,26029.14,49843.02,23813.879999999997,512.6497297297298,UP,65.38,RESTAURANT,32.43310810810811,212.75,520.5828,733.3328,N,TXN_V2.1,2026-06-29,2026-06-29 19:54:02.665208
2110,2026-06,1,1,58.0,11076.98,19369.81,8292.830000000002,524.9446551724138,UP,28.8,ENTERTAINMENT,41.38,46.25,221.5396,267.7896,N,TXN_V2.1,2026-06-29,2026-06-29 19:54:02.665208
2111,2026-06,3,3,137.0,38356.25,5757.85,-32598.4,322.0007299270073,DOWN,84.72,RETAIL,38.68693430656934,353.64,767.125,1120.7649999999999,N,TXN_V2.1,2026-06-29,2026-06-29 19:54:02.665208
2112,2026-06,3,3,117.0,30369.35,13188.07,-17181.28,372.285641025641,DOWN,73.16,RETAIL,32.479145299145294,185.63,607.387,793.0169999999999,N,TXN_V2.1,2026-06-29,2026-06-29 19:54:02.665208
2113,2026-06,3,3,96.0,22212.35,10552.380000000001,-11659.969999999998,341.2992708333333,DOWN,57.38,RETAIL,38.53916666666667,295.03000000000003,444.24699999999996,739.277,N,TXN_V2.1,2026-06-29,2026-06-29 19:54:02.665208
2114,2026-06,4,4,226.0,22987.79,65308.94,42321.15,390.6934955752213,UP,59.2,RETAIL,34.06809734513274,471.32000000000005,459.7558,931.0758000000001,N,TXN_V2.1,2026-06-29,2026-06-29 19:54:02.665208
2115,2026-06,4,3,98.0,5168.45,15407.380000000001,10238.93,209.95744897959185,UP,16.78,UTILITIES,31.631938775510203,164.38,103.369,267.749,N,TXN_V2.1,2026-06-29,2026-06-29 19:54:02.665208
2116,2026-06,4,4,115.0,8574.77,25993.86,17419.09,300.5967826086957,UP,22.8,TRAVEL,35.65086956521739,176.10000000000002,171.49540000000002,347.59540000000004,N,TXN_V2.1,2026-06-29,2026-06-29 19:54:02.665208
2117,2026-06,1,1,41.0,2475.52,1943.45,-532.0699999999999,107.77975609756098,STABLE,8.76,RESTAURANT,39.019999999999996,96.33,49.510400000000004,145.8404,N,TXN_V2.1,2026-06-29,2026-06-29 19:54:02.665208
2118,2026-06,2,1,82.0,15708.66,11612.369999999999,-4096.290000000001,333.18329268292683,DOWN,42.24,RESTAURANT,35.359024390243896,161.41,314.1732,475.58320000000003,N,TXN_V2.1,2026-06-29,2026-06-29 19:54:02.665208
2119,2026-06,2,2,60.0,3097.82,3698.3500000000004,600.5300000000002,113.26950000000001,UP,11.26,UTILITIES,29.995833333333334,189.13,61.9564,251.0864,N,TXN_V2.1,2026-06-29,2026-06-29 19:54:02.665208
2120,2026-06,4,4,156.0,21991.14,36299.87,14308.730000000003,373.66032051282053,UP,56.8,INSURANCE,37.17570512820513,323.38,439.8228,763.2028,N,TXN_V2.1,2026-06-29,2026-06-29 19:54:02.665208
2121,2026-06,2,2,109.0,26636.14,10342.33,-16293.81,339.2520183486239,DOWN,66.68,RESTAURANT,37.61403669724771,465.65,532.7228,998.3728,N,TXN_V2.1,2026-06-29,2026-06-29 19:54:02.665208
2122,2026-06,1,1,77.0,13334.63,14865.82,1531.1900000000005,366.23961038961033,STABLE,35.28,TRAVEL,37.66,84.05,266.69259999999997,350.7426,N,TXN_V2.1,2026-06-29,2026-06-29 19:54:02.665208
2123,2026-06,2,2,105.0,12896.050000000001,13808.449999999999,912.3999999999978,254.32857142857142,STABLE,33.94,HEALTHCARE,48.56428571428572,196.36,257.92100000000005,454.28100000000006,N,TXN_V2.1,2026-06-29,2026-06-29 19:54:02.665208
2124,2026-06,4,4,187.0,25365.07,9379.58,-15985.49,185.80026737967916,DOWN,64.04,UTILITIES,44.91700534759358,675.4,507.3014,1182.7014,N,TXN_V2.1,2026-06-29,2026-06-29 19:54:02.665208
2125,2026-06,4,4,161.0,30468.760000000002,13183.86,-17284.9,271.13428571428574,DOWN,73.38,RETAIL,35.40534161490683,636.45,609.3752000000001,1245.8252000000002,N,TXN_V2.1,2026-06-29,2026-06-29 19:54:02.665208
2126,2026-06,3,3,84.0,40259.009999999995,16188.369999999999,-24070.639999999996,671.992619047619,DOWN,86.66,TRAVEL,51.1877380952381,147.53,805.1801999999999,952.7101999999999,N,TXN_V2.1,2026-06-29,2026-06-29 19:54:02.665208
2127,2026-06,1,1,69.0,3584.54,15370.49,11785.95,274.7105797101449,UP,12.7,GROCERY,42.03,118.68,71.6908,190.3708,N,TXN_V2.1,2026-06-29,2026-06-29 19:54:02.665208
2128,2026-06,2,1,84.0,25836.14,50520.52,24684.379999999997,909.0078571428572,UP,65.1,RETAIL,35.71107142857144,258.31,516.7228,775.0328,N,TXN_V2.1,2026-06-29,2026-06-29 19:54:02.665208
2129,2026-06,2,2,78.0,6331.450000000001,3053.0200000000004,-3278.4300000000003,120.31371794871797,DOWN,19.26,UTILITIES,39.742051282051285,197.32999999999998,126.62900000000002,323.959,N,TXN_V2.1,2026-06-29,2026-06-29 19:54:02.665208
2130,2026-06,4,4,234.0,40513.479999999996,34797.58,-5715.899999999994,321.84213675213675,DOWN,86.9,RETAIL,35.89666666666667,657.6800000000001,810.2696,1467.9496,N,TXN_V2.1,2026-06-29,2026-06-29 19:54:02.665208
2131,2026-06,1,1,38.0,28317.95,610.04,-27707.91,761.2628947368421,DOWN,69.98,RETAIL,36.85,136.57,566.359,702.9290000000001,N,TXN_V2.1,2026-06-29,2026-06-29 19:54:02.665208
2132,2026-06,2,2,111.0,33888.91,26117.82,-7771.090000000004,540.6011711711712,DOWN,78.76,UTILITIES,32.42612612612613,272.09000000000003,677.7782000000001,949.8682000000001,N,TXN_V2.1,2026-06-29,2026-06-29 19:54:02.665208
2133,2026-06,2,2,94.0,10854.91,24559.47,13704.560000000001,376.7487234042554,UP,28.38,RESTAURANT,39.36670212765957,233.6,217.0982,450.6982,N,TXN_V2.1,2026-06-29,2026-06-29 19:54:02.665208
2134,2026-06,1,1,39.0,2031.99,2684.11,652.1200000000001,120.92564102564104,UP,6.46,UTILITIES,56.41,54.37,40.6398,95.0098,N,TXN_V2.1,2026-06-29,2026-06-29 19:54:02.665208
2135,2026-06,3,3,208.0,47376.33,39728.53,-7647.800000000003,418.7733653846154,DOWN,92.4,UTILITIES,37.02442307692307,535.55,947.5266,1483.0765999999999,N,TXN_V2.1,2026-06-29,2026-06-29 19:54:02.665208
2136,2026-06,1,1,67.0,9616.57,15160.17,5543.6,369.8020895522388,UP,25.14,INSURANCE,29.850000000000005,143.75,192.3314,336.08140000000003,N,TXN_V2.1,2026-06-29,2026-06-29 19:54:02.665208
2137,2026-06,2,2,73.0,12523.59,12073.1,-450.4899999999998,336.9409589041096,STABLE,32.86,RETAIL,39.72876712328767,65.66,250.4718,316.1318,N,TXN_V2.1,2026-06-29,2026-06-29 19:54:02.665208
2138,2026-06,2,2,117.0,35770.06,15687.32,-20082.739999999998,439.8066666666667,DOWN,81.06,GROCERY,29.909487179487183,223.31,715.4012,938.7112,N,TXN_V2.1,2026-06-29,2026-06-29 19:54:02.665208
2139,2026-06,2,2,55.0,2859.34,12352.869999999999,9493.529999999999,276.58563636363635,UP,10.4,RESTAURANT,45.453636363636356,132.74,57.186800000000005,189.92680000000001,N,TXN_V2.1,2026-06-29,2026-06-29 19:54:02.665208
2140,2026-06,2,2,69.0,3885.5299999999997,15613.75,11728.220000000001,282.5982608695652,UP,13.68,RETAIL,27.53550724637681,122.72,77.7106,200.4306,N,TXN_V2.1,2026-06-29,2026-06-29 19:54:02.665208
2141,2026-06,2,2,69.0,10399.84,14171.2,3771.3600000000006,356.1020289855073,UP,27.16,RESTAURANT,44.93043478260869,132.27,207.9968,340.2668,N,TXN_V2.1,2026-06-29,2026-06-29 19:54:02.665208
2142,2026-06,1,1,22.0,8071.51,1859.27,-6212.24,451.39909090909094,DOWN,22.02,GROCERY,27.280000000000005,59.25,161.4302,220.6802,N,TXN_V2.1,2026-06-29,2026-06-29 19:54:02.665208
2143,2026-06,2,2,72.0,13712.98,2400.25,-11312.73,223.79486111111112,DOWN,36.44,RESTAURANT,43.053333333333335,194.8,274.2596,469.0596,N,TXN_V2.1,2026-06-29,2026-06-29 19:54:02.665208
2144,2026-06,4,3,160.0,17899.61,19305.58,1405.9700000000012,232.53243750000001,UP,47.6,GROCERY,31.2505625,473.36,357.9922,831.3522,N,TXN_V2.1,2026-06-29,2026-06-29 19:54:02.665208
2145,2026-06,3,3,174.0,23844.93,24236.53,391.59999999999854,276.33022988505746,STABLE,61.06,RESTAURANT,41.95758620689656,464.06,476.8986,940.9585999999999,N,TXN_V2.1,2026-06-29,2026-06-29 19:54:02.665208
2146,2026-06,3,3,108.0,6927.9400000000005,46734.35,39806.409999999996,496.87305555555554,UP,20.1,HEALTHCARE,38.88814814814815,202.98000000000002,138.55880000000002,341.53880000000004,N,TXN_V2.1,2026-06-29,2026-06-29 19:54:02.665208
2147,2026-06,1,1,66.0,22874.93,1812.4,-21062.53,374.05045454545456,DOWN,59.0,TRAVEL,42.43,142.18,457.4986,599.6786,N,TXN_V2.1,2026-06-29,2026-06-29 19:54:02.665208
2148,2026-06,3,2,104.0,17108.71,11132.390000000001,-5976.319999999998,271.54903846153843,DOWN,45.54,RESTAURANT,36.541057692307696,278.35,342.1742,620.5242000000001,N,TXN_V2.1,2026-06-29,2026-06-29 19:54:02.665208
2149,2026-06,4,3,148.0,23334.79,27046.42,3711.6299999999974,340.4135810810811,UP,60.1,TRAVEL,35.13121621621622,369.89,466.6958,836.5858000000001,N,TXN_V2.1,2026-06-29,2026-06-29 19:54:02.665208
2150,2026-06,3,3,166.0,52651.1,13746.52,-38904.58,399.98566265060236,DOWN,95.34,RESTAURANT,32.53210843373493,374.95,1053.022,1427.972,N,TXN_V2.1,2026-06-29,2026-06-29 19:54:02.665208
2151,2026-06,3,1,91.0,5915.2,15783.98,9868.779999999999,238.45252747252746,UP,18.3,UTILITIES,34.066153846153846,240.86,118.304,359.164,N,TXN_V2.1,2026-06-29,2026-06-29 19:54:02.665208
2152,2026-06,2,2,47.0,7982.570000000001,8982.63,1000.0599999999986,360.9617021276596,STABLE,21.84,RETAIL,38.29808510638298,59.8,159.65140000000002,219.45140000000004,N,TXN_V2.1,2026-06-29,2026-06-29 19:54:02.665208
2153,2026-06,4,4,227.0,31776.61,38378.36,6601.75,309.05273127753304,UP,75.36,UTILITIES,39.20577092511013,428.35,635.5322,1063.8822,N,TXN_V2.1,2026-06-29,2026-06-29 19:54:02.665208
2154,2026-06,1,1,54.0,12664.79,18619.93,5955.139999999999,579.3466666666667,UP,33.26,HEALTHCARE,48.15000000000001,11.14,253.2958,264.43580000000003,N,TXN_V2.1,2026-06-29,2026-06-29 19:54:02.665208
2155,2026-06,4,3,242.0,44070.23,27969.9,-16100.330000000002,297.6864876033058,DOWN,89.9,UTILITIES,36.77690082644627,735.34,881.4046000000001,1616.7446,N,TXN_V2.1,2026-06-29,2026-06-29 19:54:02.665208
2156,2026-06,3,3,144.0,20839.52,7410.95,-13428.57,196.18381944444445,DOWN,54.08,RETAIL,32.63986111111111,326.35,416.79040000000003,743.1404,N,TXN_V2.1,2026-06-29,2026-06-29 19:54:02.665208
2157,2026-06,2,2,125.0,25978.89,26990.149999999998,1011.2599999999984,423.75231999999994,STABLE,65.32,RETAIL,27.99592,311.44,519.5778,831.0178000000001,N,TXN_V2.1,2026-06-29,2026-06-29 19:54:02.665208
2158,2026-06,3,3,124.0,33968.729999999996,13733.81,-20234.92,384.6979032258064,DOWN,78.84,UTILITIES,28.22153225806452,345.99,679.3746,1025.3645999999999,N,TXN_V2.1,2026-06-29,2026-06-29 19:54:02.665208
2159,2026-06,4,4,181.0,18122.440000000002,35471.64,17349.199999999997,296.09988950276244,UP,48.16,HEALTHCARE,34.805082872928175,505.89,362.44880000000006,868.3388,N,TXN_V2.1,2026-06-29,2026-06-29 19:54:02.665208
2160,2026-06,3,3,149.0,19354.85,34031.89,14677.04,358.3002684563758,UP,50.96,UTILITIES,34.22536912751678,476.48,387.097,863.577,N,TXN_V2.1,2026-06-29,2026-06-29 19:54:02.665208
2161,2026-06,1,1,42.0,13055.8,13311.58,255.78000000000065,627.7947619047618,STABLE,34.52,RETAIL,40.48,172.82,261.116,433.936,N,TXN_V2.1,2026-06-29,2026-06-29 19:54:02.665208
2162,2026-06,2,2,88.0,6021.91,17756.14,11734.23,270.20511363636365,UP,18.6,UTILITIES,38.6325,289.12,120.4382,409.5582,N,TXN_V2.1,2026-06-29,2026-06-29 19:54:02.665208
2163,2026-06,2,2,117.0,28886.73,15231.59,-13655.14,377.0796581196581,DOWN,71.06,RETAIL,39.32136752136752,364.22,577.7346,941.9546,N,TXN_V2.1,2026-06-29,2026-06-29 19:54:02.665208
2164,2026-06,3,3,134.0,17134.08,6262.17,-10871.910000000002,174.59888059701493,DOWN,45.66,RESTAURANT,42.54007462686567,384.56,342.68160000000006,727.2416000000001,N,TXN_V2.1,2026-06-29,2026-06-29 19:54:02.665208
2165,2026-06,2,2,68.0,11911.390000000001,1625.62,-10285.77,199.07367647058825,DOWN,31.2,RESTAURANT,47.06176470588236,106.75,238.22780000000003,344.9778,N,TXN_V2.1,2026-06-29,2026-06-29 19:54:02.665208
2166,2026-06,4,3,155.0,31792.85,29428.84,-2364.0099999999984,394.97864516129033,DOWN,75.4,GROCERY,34.83451612903225,322.24,635.857,958.097,N,TXN_V2.1,2026-06-29,2026-06-29 19:54:02.665208
2167,2026-06,4,4,228.0,86018.54,54972.95,-31045.589999999997,618.3837280701754,DOWN,99.92,UTILITIES,39.03464912280702,423.71,1720.3708,2144.0807999999997,Y,TXN_V2.1,2026-06-29,2026-06-29 19:54:02.665208
2168,2026-06,4,4,176.0,32660.739999999998,26351.030000000002,-6309.7099999999955,335.29414772727273,DOWN,76.78,UTILITIES,36.93045454545455,291.5,653.2148,944.7148,N,TXN_V2.1,2026-06-29,2026-06-29 19:54:02.665208
2169,2026-06,4,4,160.0,40950.369999999995,8981.11,-31969.259999999995,312.07174999999995,DOWN,87.2,RETAIL,40.624249999999996,270.86,819.0074,1089.8674,N,TXN_V2.1,2026-06-29,2026-06-29 19:54:02.665208
2170,2026-06,2,2,89.0,5061.04,20930.25,15869.21,292.0369662921348,UP,16.54,GROCERY,44.94505617977527,434.28,101.2208,535.5008,N,TXN_V2.1,2026-06-29,2026-06-29 19:54:02.665208
2171,2026-06,3,3,126.0,42507.119999999995,11612.41,-30894.709999999995,429.52007936507937,DOWN,88.62,GROCERY,39.681269841269845,280.93,850.1424,1131.0724,N,TXN_V2.1,2026-06-29,2026-06-29 19:54:02.665208
2172,2026-06,2,2,40.0,25393.84,2148.9300000000003,-23244.91,688.56925,DOWN,64.1,TRAVEL,37.502500000000005,0.0,507.8768,507.8768,N,TXN_V2.1,2026-06-29,2026-06-29 19:54:02.665208
2173,2026-06,4,4,203.0,66908.86,11065.880000000001,-55842.979999999996,384.1120197044335,DOWN,98.96,RETAIL,42.36339901477833,469.84000000000003,1338.1772,1808.0172000000002,N,TXN_V2.1,2026-06-29,2026-06-29 19:54:02.665208
2174,2026-06,2,2,106.0,6333.200000000001,4517.030000000001,-1816.17,102.3606603773585,DOWN,19.28,GROCERY,37.73849056603773,257.25,126.66400000000002,383.914,N,TXN_V2.1,2026-06-29,2026-06-29 19:54:02.665208
2175,2026-06,3,3,147.0,39321.25,33164.68,-6156.57,493.1015646258503,DOWN,85.66,RETAIL,37.41673469387755,361.74,786.4250000000001,1148.165,N,TXN_V2.1,2026-06-29,2026-06-29 19:54:02.665208
2176,2026-06,4,4,144.0,36830.100000000006,13155.32,-23674.780000000006,347.12097222222224,DOWN,82.58,UTILITIES,32.639583333333334,308.48,736.6020000000001,1045.082,N,TXN_V2.1,2026-06-29,2026-06-29 19:54:02.665208
2177,2026-06,3,3,140.0,46791.94,19538.66,-27253.280000000002,473.79,DOWN,91.92,RETAIL,36.43307142857143,242.69,935.8388000000001,1178.5288,N,TXN_V2.1,2026-06-29,2026-06-29 19:54:02.665208
2178,2026-06,2,2,90.0,28754.75,4556.16,-24198.59,370.1212222222223,DOWN,70.66,HEALTHCARE,31.115000000000002,199.17,575.095,774.265,N,TXN_V2.1,2026-06-29,2026-06-29 19:54:02.665208
2179,2026-06,1,1,63.0,14491.08,3159.78,-11331.3,280.17238095238093,DOWN,38.74,GROCERY,46.03,0.0,289.8216,289.8216,N,TXN_V2.1,2026-06-29,2026-06-29 19:54:02.665208
2180,2026-06,4,3,163.0,38638.06,27192.329999999998,-11445.73,403.86742331288343,DOWN,85.08,GROCERY,38.648957055214716,375.62,772.7611999999999,1148.3811999999998,N,TXN_V2.1,2026-06-29,2026-06-29 19:54:02.665208
2181,2026-06,4,4,214.0,61539.24,37959.409999999996,-23579.83,464.9469626168224,DOWN,98.0,RETAIL,36.91757009345795,496.96000000000004,1230.7848,1727.7448,N,TXN_V2.1,2026-06-29,2026-06-29 19:54:02.665208
2182,2026-06,4,4,116.0,14019.32,31924.82,17905.5,396.0701724137931,UP,37.32,RESTAURANT,43.965344827586215,276.51,280.3864,556.8964,N,TXN_V2.1,2026-06-29,2026-06-29 19:54:02.665208
2183,2026-06,1,1,19.0,1185.38,1592.1,406.7199999999998,146.18315789473684,STABLE,2.3,UTILITIES,42.1,100.81,23.707600000000003,124.5176,N,TXN_V2.1,2026-06-29,2026-06-29 19:54:02.665208
2184,2026-06,3,3,114.0,20356.48,17419.47,-2937.0099999999984,331.36798245614034,DOWN,52.92,HEALTHCARE,32.453947368421055,406.45000000000005,407.1296,813.5796,N,TXN_V2.1,2026-06-29,2026-06-29 19:54:02.665208
2185,2026-06,1,1,65.0,3941.99,3944.75,2.7600000000002183,121.33446153846154,STABLE,13.82,RETAIL,35.38,197.77,78.8398,276.6098,N,TXN_V2.1,2026-06-29,2026-06-29 19:54:02.665208
2186,2026-06,2,2,82.0,5958.0599999999995,2956.4,-3001.6599999999994,108.71292682926828,DOWN,18.44,RETAIL,41.46951219512194,260.26,119.1612,379.4212,N,TXN_V2.1,2026-06-29,2026-06-29 19:54:02.665208
2187,2026-06,3,3,141.0,8713.77,30848.260000000002,22134.49,280.5817730496454,UP,23.12,RESTAURANT,48.222482269503544,421.52,174.27540000000002,595.7954,N,TXN_V2.1,2026-06-29,2026-06-29 19:54:02.665208
2188,2026-06,1,1,71.0,36132.5,1323.26,-34809.24,527.5459154929578,DOWN,81.58,GAS_STATION,43.66,135.05,722.65,857.7,N,TXN_V2.1,2026-06-29,2026-06-29 19:54:02.665208
2189,2026-06,1,1,61.0,14033.01,22753.85,8720.839999999998,603.0632786885246,UP,37.38,RETAIL,44.25999999999999,146.7,280.66020000000003,427.3602,N,TXN_V2.1,2026-06-29,2026-06-29 19:54:02.665208
2190,2026-06,3,3,157.0,28878.73,13513.37,-15365.359999999999,270.0133757961783,DOWN,71.02,INSURANCE,42.673503184713375,279.1,577.5746,856.6746,N,TXN_V2.1,2026-06-29,2026-06-29 19:54:02.665208
2191,2026-06,2,2,113.0,5746.32,30248.46,24502.14,318.5378761061947,UP,17.94,RETAIL,34.50902654867256,339.52,114.9264,454.4464,N,TXN_V2.1,2026-06-29,2026-06-29 19:54:02.665208
2192,2026-06,2,2,74.0,11167.72,3734.79,-7432.929999999999,201.38527027027024,DOWN,29.1,RESTAURANT,41.89351351351351,238.29000000000002,223.3544,461.6444,N,TXN_V2.1,2026-06-29,2026-06-29 19:54:02.665208
2193,2026-06,1,1,23.0,819.74,1579.31,759.5699999999999,104.30652173913045,UP,0.88,GROCERY,34.78,62.93,16.3948,79.3248,N,TXN_V2.1,2026-06-29,2026-06-29 19:54:02.665208
2194,2026-06,2,1,97.0,21035.4,17544.01,-3491.390000000003,397.72587628865983,DOWN,54.66,RESTAURANT,44.32721649484536,424.71,420.708,845.418,N,TXN_V2.1,2026-06-29,2026-06-29 19:54:02.665208
2195,2026-06,3,3,168.0,28089.73,21085.42,-7004.310000000001,292.70922619047616,DOWN,69.38,RESTAURANT,41.665,274.07,561.7946000000001,835.8646000000001,N,TXN_V2.1,2026-06-29,2026-06-29 19:54:02.665208
2196,2026-06,1,1,29.0,3017.26,622.38,-2394.88,125.50482758620691,DOWN,11.02,ENTERTAINMENT,51.72,75.99,60.345200000000006,136.3352,N,TXN_V2.1,2026-06-29,2026-06-29 19:54:02.665208
2197,2026-06,4,3,153.0,40320.92,38663.13,-1657.7900000000009,516.2356209150327,STABLE,86.74,RESTAURANT,39.870261437908496,321.22999999999996,806.4184,1127.6484,N,TXN_V2.1,2026-06-29,2026-06-29 19:54:02.665208
2198,2026-06,4,4,162.0,33324.59,35450.36,2125.770000000004,424.5367283950617,UP,77.92,HEALTHCARE,44.44555555555556,258.15,666.4917999999999,924.6417999999999,N,TXN_V2.1,2026-06-29,2026-06-29 19:54:02.665208
2199,2026-06,1,1,54.0,16155.35,19934.12,3778.7699999999986,668.3235185185185,UP,43.52,RETAIL,50.0,133.74,323.107,456.84700000000004,N,TXN_V2.1,2026-06-29,2026-06-29 19:54:02.665208
2200,2026-06,4,4,174.0,32004.18,21756.329999999998,-10247.850000000002,308.96844827586204,DOWN,75.74,RESTAURANT,41.952528735632185,406.46000000000004,640.0836,1046.5436,N,TXN_V2.1,2026-06-29,2026-06-29 19:54:02.665208
2201,2026-06,1,1,22.0,7909.1,1932.63,-5976.47,447.3513636363636,DOWN,21.76,GROCERY,36.36,0.0,158.18200000000002,158.18200000000002,N,TXN_V2.1,2026-06-29,2026-06-29 19:54:02.665208
2202,2026-06,3,3,144.0,38029.0,17931.5,-20097.5,388.6145833333333,DOWN,84.42,UTILITIES,28.467291666666668,412.69,760.58,1173.27,N,TXN_V2.1,2026-06-29,2026-06-29 19:54:02.665208
2203,2026-06,2,2,84.0,11359.269999999999,9800.570000000002,-1558.699999999997,251.90285714285716,DOWN,29.68,TRAVEL,39.28285714285714,297.18,227.1854,524.3654,N,TXN_V2.1,2026-06-29,2026-06-29 19:54:02.665208
2204,2026-06,4,4,187.0,42943.19,8167.65,-34775.54,273.32,DOWN,88.92,GROCERY,33.15566844919786,371.31,858.8638000000001,1230.1738,N,TXN_V2.1,2026-06-29,2026-06-29 19:54:02.665208
2205,2026-06,2,2,106.0,34703.88,4407.23,-30296.649999999998,368.9727358490566,DOWN,79.76,RETAIL,40.56575471698113,239.83,694.0776,933.9076,N,TXN_V2.1,2026-06-29,2026-06-29 19:54:02.665208
2206,2026-06,1,1,54.0,14016.77,9403.81,-4612.960000000001,433.7144444444445,DOWN,37.3,RETAIL,38.88999999999999,117.78,280.3354,398.1154,N,TXN_V2.1,2026-06-29,2026-06-29 19:54:02.665208
2207,2026-06,2,2,131.0,5702.71,38836.71000000001,33134.00000000001,339.995572519084,UP,17.86,GAS_STATION,41.98038167938932,160.09,114.05420000000001,274.1442,N,TXN_V2.1,2026-06-29,2026-06-29 19:54:02.665208
2208,2026-06,1,1,62.0,2847.5,10596.28,7748.780000000001,216.8351612903226,UP,10.28,RESTAURANT,46.78000000000001,260.79,56.95,317.74,N,TXN_V2.1,2026-06-29,2026-06-29 19:54:02.665208
2209,2026-06,3,3,104.0,16728.170000000002,20435.38,3707.209999999999,357.34182692307695,UP,44.84,TRAVEL,37.49923076923077,346.45000000000005,334.56340000000006,681.0134,N,TXN_V2.1,2026-06-29,2026-06-29 19:54:02.665208
2210,2026-06,3,2,110.0,15048.59,15078.279999999999,29.68999999999869,273.88063636363637,STABLE,40.52,RETAIL,35.45572727272727,143.72,300.97180000000003,444.69180000000006,N,TXN_V2.1,2026-06-29,2026-06-29 19:54:02.665208
2211,2026-06,2,2,107.0,14565.89,14721.7,155.8100000000013,273.7157943925234,STABLE,39.04,TRAVEL,35.513084112149535,308.31,291.3178,599.6278,N,TXN_V2.1,2026-06-29,2026-06-29 19:54:02.665208
2212,2026-06,2,1,72.0,10852.210000000001,4544.09,-6308.120000000001,213.8375,DOWN,28.34,WIRE_TRANSFER_INTL,43.056111111111115,51.81,217.04420000000002,268.8542,N,TXN_V2.1,2026-06-29,2026-06-29 19:54:02.665208
2213,2026-06,4,4,171.0,19223.780000000002,19334.84,111.05999999999767,225.48900584795322,STABLE,50.7,UTILITIES,36.841520467836254,597.11,384.47560000000004,981.5856000000001,N,TXN_V2.1,2026-06-29,2026-06-29 19:54:02.665208
2214,2026-06,4,4,185.0,79178.29999999999,32171.25,-47007.04999999999,601.8894594594594,DOWN,99.72,UTILITIES,44.86718918918919,314.24,1583.5659999999998,1897.8059999999998,N,TXN_V2.1,2026-06-29,2026-06-29 19:54:02.665208
2215,2026-06,2,2,101.0,21741.199999999997,14324.43,-7416.769999999997,357.08544554455443,DOWN,56.3,RESTAURANT,38.612376237623764,172.61,434.82399999999996,607.434,N,TXN_V2.1,2026-06-29,2026-06-29 19:54:02.665208
2216,2026-06,4,4,191.0,12829.35,19549.260000000002,6719.910000000002,169.52151832460734,UP,33.72,HEALTHCARE,36.12795811518325,496.25,256.587,752.837,N,TXN_V2.1,2026-06-29,2026-06-29 19:54:02.665208
2217,2026-06,4,4,248.0,35833.02,35290.54,-542.4799999999959,286.78854838709674,STABLE,81.18,RETAIL,37.9029435483871,675.71,716.6604,1392.3704,N,TXN_V2.1,2026-06-29,2026-06-29 19:54:02.665208
2218,2026-06,4,3,168.0,17139.59,15354.69,-1784.8999999999996,193.41833333333332,DOWN,45.72,TRAVEL,38.69077380952381,314.75,342.7918,657.5418,N,TXN_V2.1,2026-06-29,2026-06-29 19:54:02.665208
2219,2026-06,3,3,192.0,22192.04,35225.38,13033.339999999997,299.0490625,UP,57.34,RETAIL,31.770625000000003,375.78999999999996,443.8408,819.6307999999999,N,TXN_V2.1,2026-06-29,2026-06-29 19:54:02.665208
2220,2026-06,4,3,186.0,31522.91,27957.61,-3565.2999999999993,319.7877419354839,DOWN,75.02,TRAVEL,37.63596774193548,362.72,630.4582,993.1782000000001,N,TXN_V2.1,2026-06-29,2026-06-29 19:54:02.665208
2221,2026-06,1,1,54.0,12144.2,11483.98,-660.2200000000012,437.5588888888889,STABLE,31.8,GAS_STATION,44.44,69.3,242.88400000000001,312.184,N,TXN_V2.1,2026-06-29,2026-06-29 19:54:02.665208
2222,2026-06,3,3,109.0,17883.93,4555.2,-13328.73,205.8635779816514,DOWN,47.52,RETAIL,38.531100917431196,330.37,357.6786,688.0486000000001,N,TXN_V2.1,2026-06-29,2026-06-29 19:54:02.665208
2223,2026-06,4,4,162.0,17331.92,33168.83,15836.910000000003,311.733024691358,UP,46.24,RESTAURANT,41.97716049382716,437.6,346.6384,784.2384,N,TXN_V2.1,2026-06-29,2026-06-29 19:54:02.665208
2224,2026-06,3,3,141.0,28545.93,19121.850000000002,-9424.079999999998,338.06936170212765,DOWN,70.34,RESTAURANT,36.88170212765957,224.06,570.9186,794.9785999999999,N,TXN_V2.1,2026-06-29,2026-06-29 19:54:02.665208
2225,2026-06,4,4,239.0,44501.11,21194.99,-23306.12,274.879079497908,DOWN,90.28,UTILITIES,38.90953974895397,468.85,890.0222,1358.8722,N,TXN_V2.1,2026-06-29,2026-06-29 19:54:02.665208
2226,2026-06,3,3,100.0,19116.989999999998,30840.29,11723.300000000003,499.5728,UP,50.38,RESTAURANT,37.9978,68.19,382.33979999999997,450.52979999999997,N,TXN_V2.1,2026-06-29,2026-06-29 19:54:02.665208
2227,2026-06,1,1,49.0,1824.32,3362.36,1538.0400000000002,105.85061224489796,UP,5.42,RETAIL,36.739999999999995,218.44,36.486399999999996,254.9264,N,TXN_V2.1,2026-06-29,2026-06-29 19:54:02.665208
2228,2026-06,3,3,133.0,28734.73,7541.6900000000005,-21193.04,272.7550375939849,DOWN,70.62,HEALTHCARE,37.58984962406015,379.62,574.6946,954.3146,N,TXN_V2.1,2026-06-29,2026-06-29 19:54:02.665208
2229,2026-06,1,1,70.0,36494.17,15369.38,-21124.79,740.9078571428571,DOWN,82.04,HEALTHCARE,42.85,129.42,729.8833999999999,859.3033999999999,N,TXN_V2.1,2026-06-29,2026-06-29 19:54:02.665208
2230,2026-06,4,4,166.0,22642.260000000002,12252.27,-10389.990000000002,210.20801204819276,DOWN,58.42,RETAIL,36.142289156626504,356.13,452.84520000000003,808.9752000000001,N,TXN_V2.1,2026-06-29,2026-06-29 19:54:02.665208
2231,2026-06,1,1,54.0,10469.4,2868.11,-7601.289999999999,246.99092592592592,DOWN,27.32,TRAVEL,37.040000000000006,119.4,209.388,328.788,N,TXN_V2.1,2026-06-29,2026-06-29 19:54:02.665208
2232,2026-06,2,2,85.0,3462.66,23140.35,19677.69,312.9765882352941,UP,12.4,HEALTHCARE,39.997647058823524,26.02,69.25319999999999,95.27319999999999,N,TXN_V2.1,2026-06-29,2026-06-29 19:54:02.665208
2233,2026-06,3,3,164.0,20565.74,16044.52,-4521.220000000001,223.23329268292684,DOWN,53.3,RESTAURANT,39.630731707317075,439.84,411.31480000000005,851.1548,N,TXN_V2.1,2026-06-29,2026-06-29 19:54:02.665208
2234,2026-06,3,3,155.0,54366.810000000005,11839.11,-42527.700000000004,427.13496774193555,DOWN,95.96,TRAVEL,30.96283870967742,310.86,1087.3362000000002,1398.1962000000003,N,TXN_V2.1,2026-06-29,2026-06-29 19:54:02.665208
2235,2026-06,4,4,186.0,25748.49,22830.1,-2918.390000000003,261.1752150537634,DOWN,64.92,TRAVEL,38.174516129032256,324.93,514.9698000000001,839.8998000000001,N,TXN_V2.1,2026-06-29,2026-06-29 19:54:02.665208
2236,2026-06,4,3,161.0,33740.649999999994,29770.74,-3969.9099999999926,394.4806832298137,DOWN,78.5,TRAVEL,31.054968944099382,369.08000000000004,674.8129999999999,1043.893,N,TXN_V2.1,2026-06-29,2026-06-29 19:54:02.665208
2237,2026-06,2,2,106.0,19183.57,26499.559999999998,7315.989999999998,430.97292452830186,UP,50.6,RETAIL,41.510943396226416,313.1,383.6714,696.7714000000001,N,TXN_V2.1,2026-06-29,2026-06-29 19:54:02.665208
2238,2026-06,3,3,142.0,35038.14,15123.81,-19914.33,353.2531690140845,DOWN,80.18,UTILITIES,35.2112676056338,391.81,700.7628,1092.5728,N,TXN_V2.1,2026-06-29,2026-06-29 19:54:02.665208
2239,2026-06,2,1,112.0,14754.650000000001,6249.59,-8505.060000000001,187.53785714285715,DOWN,39.7,RETAIL,44.643125,198.22,295.093,493.313,N,TXN_V2.1,2026-06-29,2026-06-29 19:54:02.665208
2240,2026-06,4,4,141.0,68482.05,17676.61,-50805.44,611.0543262411347,DOWN,99.14,HEALTHCARE,36.876524822695025,361.73,1369.641,1731.371,N,TXN_V2.1,2026-06-29,2026-06-29 19:54:02.665208
2241,2026-06,4,3,183.0,37466.14,13514.4,-23951.739999999998,278.5821857923497,DOWN,83.58,HEALTHCARE,33.33267759562842,472.96999999999997,749.3228,1222.2928,N,TXN_V2.1,2026-06-29,2026-06-29 19:54:02.665208
2242,2026-06,1,1,48.0,13166.71,1116.86,-12049.849999999999,297.574375,DOWN,34.82,RESTAURANT,43.75,212.42,263.3342,475.75419999999997,N,TXN_V2.1,2026-06-29,2026-06-29 19:54:02.665208
2243,2026-06,4,4,130.0,8341.26,6829.26,-1512.0,116.6963076923077,DOWN,22.42,RETAIL,30.76953846153846,246.6,166.8252,413.4252,N,TXN_V2.1,2026-06-29,2026-06-29 19:54:02.665208
2244,2026-06,3,3,134.0,9812.560000000001,23119.91,13307.349999999999,245.7647014925373,UP,25.66,RETAIL,40.29873134328358,169.98,196.25120000000004,366.23120000000006,N,TXN_V2.1,2026-06-29,2026-06-29 19:54:02.665208
2245,2026-06,4,4,187.0,31324.010000000002,28247.699999999997,-3076.310000000005,318.56529411764706,DOWN,74.68,UTILITIES,36.36395721925134,268.74,626.4802000000001,895.2202000000001,N,TXN_V2.1,2026-06-29,2026-06-29 19:54:02.665208
2246,2026-06,3,2,64.0,13972.54,10120.16,-3852.380000000001,376.4484375,DOWN,37.14,RETAIL,34.37796875,238.12,279.4508,517.5708,N,TXN_V2.1,2026-06-29,2026-06-29 19:54:02.665208
2247,2026-06,2,2,82.0,4057.7400000000002,15270.57,11212.83,235.71109756097562,UP,14.22,RESTAURANT,37.80439024390244,173.07,81.15480000000001,254.22480000000002,N,TXN_V2.1,2026-06-29,2026-06-29 19:54:02.665208
2248,2026-06,2,2,67.0,16929.14,13689.08,-3240.0599999999995,456.9883582089552,DOWN,45.14,HEALTHCARE,29.8510447761194,149.41,338.5828,487.9928,N,TXN_V2.1,2026-06-29,2026-06-29 19:54:02.665208
2249,2026-06,2,2,97.0,19683.67,24883.46,5199.790000000001,459.4549484536082,UP,51.56,GROCERY,39.17484536082475,212.93,393.67339999999996,606.6034,N,TXN_V2.1,2026-06-29,2026-06-29 19:54:02.665208
2250,2026-06,3,3,115.0,19402.75,22448.53,3045.779999999999,363.9241739130435,UP,51.08,UTILITIES,40.002347826086954,257.47,388.055,645.5250000000001,N,TXN_V2.1,2026-06-29,2026-06-29 19:54:02.665208
2251,2026-06,2,2,79.0,15965.15,3032.07,-12933.08,240.47113924050635,DOWN,43.1,GROCERY,39.23860759493671,354.79,319.303,674.0930000000001,N,TXN_V2.1,2026-06-29,2026-06-29 19:54:02.665208
2252,2026-06,1,1,52.0,2768.93,10951.66,8182.73,263.8575,UP,9.94,GROCERY,30.759999999999998,125.67,55.3786,181.0486,N,TXN_V2.1,2026-06-29,2026-06-29 19:54:02.665208
2253,2026-06,1,1,18.0,1390.38,526.74,-863.6400000000001,106.50666666666667,DOWN,3.1,RETAIL,38.88999999999999,42.79,27.807600000000004,70.5976,N,TXN_V2.1,2026-06-29,2026-06-29 19:54:02.665208
2254,2026-06,4,4,205.0,30537.67,45209.69,14672.020000000004,369.49931707317074,UP,73.46,GROCERY,33.65951219512195,496.90999999999997,610.7533999999999,1107.6634,N,TXN_V2.1,2026-06-29,2026-06-29 19:54:02.665208
2255,2026-06,3,3,95.0,5950.35,26035.82,20085.47,336.69652631578947,UP,18.42,TRAVEL,38.94568421052631,218.20000000000002,119.007,337.207,N,TXN_V2.1,2026-06-29,2026-06-29 19:54:02.665208
2256,2026-06,4,4,178.0,53067.53999999999,19655.829999999998,-33411.70999999999,408.5582584269663,DOWN,95.52,INSURANCE,35.389719101123596,376.72,1061.3508,1438.0708,N,TXN_V2.1,2026-06-29,2026-06-29 19:54:02.665208
2257,2026-06,4,3,161.0,27435.5,27964.559999999998,529.0599999999977,344.099751552795,STABLE,68.2,UTILITIES,34.78552795031056,587.2,548.71,1135.91,N,TXN_V2.1,2026-06-29,2026-06-29 19:54:02.665208
2258,2026-06,1,1,66.0,23356.9,1727.37,-21629.530000000002,380.06469696969697,DOWN,60.12,RETAIL,45.46000000000001,234.26,467.13800000000003,701.398,N,TXN_V2.1,2026-06-29,2026-06-29 19:54:02.665208
2259,2026-06,2,2,109.0,18441.69,28315.53,9873.84,428.96532110091744,UP,48.82,RESTAURANT,36.69568807339449,56.25,368.8338,425.0838,N,TXN_V2.1,2026-06-29,2026-06-29 19:54:02.665208
2260,2026-06,3,3,171.0,8313.79,32758.410000000003,24444.620000000003,240.18830409356727,UP,22.4,RETAIL,40.35204678362573,366.97,166.27580000000003,533.2458,N,TXN_V2.1,2026-06-29,2026-06-29 19:54:02.665208
2261,2026-06,1,1,38.0,3961.76,1259.88,-2701.88,137.41157894736844,DOWN,13.9,GROCERY,52.629999999999995,88.86,79.2352,168.0952,N,TXN_V2.1,2026-06-29,2026-06-29 19:54:02.665208
2262,2026-06,2,1,56.0,30325.28,1831.92,-28493.36,574.2357142857143,DOWN,73.1,HEALTHCARE,46.42910714285715,64.89999999999999,606.5056,671.4055999999999,N,TXN_V2.1,2026-06-29,2026-06-29 19:54:02.665208
2263,2026-06,3,3,200.0,45734.630000000005,27949.48,-17785.150000000005,368.42055,DOWN,91.1,RETAIL,47.5038,324.62,914.6926000000001,1239.3126000000002,N,TXN_V2.1,2026-06-29,2026-06-29 19:54:02.665208
2264,2026-06,1,1,57.0,2032.97,20760.61,18727.64,399.88736842105266,UP,6.48,RETAIL,31.58,168.99,40.6594,209.6494,N,TXN_V2.1,2026-06-29,2026-06-29 19:54:02.665208
2265,2026-06,1,1,20.0,1412.02,15919.07,14507.05,866.5545,UP,3.2,GAS_STATION,45.0,44.91,28.2404,73.15039999999999,N,TXN_V2.1,2026-06-29,2026-06-29 19:54:02.665208
2266,2026-06,1,1,57.0,24821.18,11310.67,-13510.51,633.8921052631579,DOWN,63.12,EDUCATION,24.569999999999997,53.12,496.4236,549.5436,N,TXN_V2.1,2026-06-29,2026-06-29 19:54:02.665208
2267,2026-06,2,2,89.0,14809.859999999999,30702.909999999996,15893.049999999997,511.3794382022472,UP,39.92,UTILITIES,41.571573033707864,159.07,296.1972,455.2672,N,TXN_V2.1,2026-06-29,2026-06-29 19:54:02.665208
2268,2026-06,1,1,47.0,1693.98,13748.29,12054.310000000001,328.5589361702128,UP,4.64,GAS_STATION,46.81,173.45,33.8796,207.3296,N,TXN_V2.1,2026-06-29,2026-06-29 19:54:02.665208
2269,2026-06,4,4,180.0,41835.28,34595.8,-7239.479999999996,424.6171111111111,DOWN,87.86,RESTAURANT,33.33494444444444,603.04,836.7056,1439.7456,N,TXN_V2.1,2026-06-29,2026-06-29 19:54:02.665208
2270,2026-06,3,3,151.0,6137.0,9271.57,3134.5699999999997,102.04350993377483,UP,18.84,RETAIL,40.39437086092716,444.84000000000003,122.74000000000001,567.58,N,TXN_V2.1,2026-06-29,2026-06-29 19:54:02.665208
2271,2026-06,2,2,134.0,29997.61,18095.39,-11902.220000000001,358.9029850746269,DOWN,72.58,TRAVEL,40.30194029850746,142.72,599.9522000000001,742.6722000000001,N,TXN_V2.1,2026-06-29,2026-06-29 19:54:02.665208
2272,2026-06,3,3,140.0,9212.48,20698.38,11485.900000000001,213.649,UP,24.2,GROCERY,34.28807142857143,205.5,184.2496,389.7496,N,TXN_V2.1,2026-06-29,2026-06-29 19:54:02.665208
2273,2026-06,3,3,141.0,33886.39,16061.6,-17824.79,354.2410638297872,DOWN,78.74,GROCERY,29.073687943262417,308.32,677.7278,986.0478,N,TXN_V2.1,2026-06-29,2026-06-29 19:54:02.665208
2274,2026-06,1,1,65.0,3199.53,4826.26,1626.73,123.47369230769232,UP,11.68,GROCERY,33.849999999999994,127.05,63.99060000000001,191.0406,N,TXN_V2.1,2026-06-29,2026-06-29 19:54:02.665208
2275,2026-06,4,3,182.0,52100.06999999999,47025.229999999996,-5074.8399999999965,544.6445054945054,DOWN,95.08,RESTAURANT,36.264120879120874,542.96,1042.0013999999999,1584.9614,N,TXN_V2.1,2026-06-29,2026-06-29 19:54:02.665208
2276,2026-06,1,0,17.0,11712.32,1229.33,-10482.99,761.2735294117647,DOWN,30.6,HEALTHCARE,35.29,39.01,234.2464,273.2564,N,TXN_V2.1,2026-06-29,2026-06-29 19:54:02.665208
2277,2026-06,4,4,122.0,8593.62,4154.99,-4438.630000000001,104.49680327868853,DOWN,22.86,RETAIL,40.16254098360656,194.54,171.87240000000003,366.41240000000005,N,TXN_V2.1,2026-06-29,2026-06-29 19:54:02.665208
2278,2026-06,1,1,72.0,10324.94,23500.83,13175.890000000001,469.80236111111117,UP,26.96,RETAIL,41.66,101.4,206.49880000000002,307.89880000000005,N,TXN_V2.1,2026-06-29,2026-06-29 19:54:02.665208
2279,2026-06,1,1,35.0,14955.34,1146.05,-13809.29,460.0397142857143,DOWN,40.22,GROCERY,40.0,95.05,299.1068,394.15680000000003,N,TXN_V2.1,2026-06-29,2026-06-29 19:54:02.665208
2280,2026-06,3,3,136.0,31913.23,7063.84,-24849.39,286.59610294117647,DOWN,75.58,RETAIL,31.620735294117647,367.11,638.2646,1005.3746,N,TXN_V2.1,2026-06-29,2026-06-29 19:54:02.665208
2281,2026-06,2,2,116.0,42138.62,14821.39,-27317.230000000003,491.0345689655173,DOWN,88.18,RETAIL,37.07137931034483,257.6,842.7724000000001,1100.3724000000002,N,TXN_V2.1,2026-06-29,2026-06-29 19:54:02.665208
2282,2026-06,2,2,97.0,24944.760000000002,20346.18,-4598.580000000002,466.91690721649485,DOWN,63.3,GROCERY,48.45649484536082,171.42,498.89520000000005,670.3152,N,TXN_V2.1,2026-06-29,2026-06-29 19:54:02.665208
2283,2026-06,3,3,142.0,15532.02,24181.48,8649.46,279.6725352112676,UP,41.68,TRAVEL,41.5469014084507,696.76,310.6404,1007.4004,N,TXN_V2.1,2026-06-29,2026-06-29 19:54:02.665208
2284,2026-06,1,1,66.0,5354.78,2837.08,-2517.7,124.1190909090909,DOWN,17.06,GROCERY,27.279999999999998,21.11,107.09559999999999,128.2056,N,TXN_V2.1,2026-06-29,2026-06-29 19:54:02.665208
2285,2026-06,2,2,104.0,26159.31,19504.719999999998,-6654.590000000004,439.07721153846154,DOWN,65.6,RESTAURANT,41.34538461538462,347.20000000000005,523.1862,870.3862,N,TXN_V2.1,2026-06-29,2026-06-29 19:54:02.665208
2286,2026-06,3,2,113.0,34517.44,21450.97,-13066.470000000001,495.2956637168142,DOWN,79.48,HEALTHCARE,40.70345132743363,242.77,690.3488000000001,933.1188000000001,N,TXN_V2.1,2026-06-29,2026-06-29 19:54:02.665208
2287,2026-06,3,3,92.0,28596.66,10572.97,-18023.690000000002,425.7568478260869,DOWN,70.42,RETAIL,35.86760869565217,120.25999999999999,571.9332,692.1932,N,TXN_V2.1,2026-06-29,2026-06-29 19:54:02.665208
2288,2026-06,4,4,255.0,62557.8,37407.56,-25150.240000000005,392.02101960784313,DOWN,98.2,UTILITIES,38.035999999999994,620.62,1251.1560000000002,1871.7760000000003,N,TXN_V2.1,2026-06-29,2026-06-29 19:54:02.665208
2289,2026-06,2,2,73.0,27680.88,4138.68,-23542.2,435.88438356164386,DOWN,68.74,GAS_STATION,39.723287671232875,319.5,553.6176,873.1176,N,TXN_V2.1,2026-06-29,2026-06-29 19:54:02.665208
2290,2026-06,3,2,137.0,39176.94,14769.41,-24407.530000000002,393.7689781021898,DOWN,85.52,RETAIL,39.41299270072992,267.7,783.5388,1051.2388,N,TXN_V2.1,2026-06-29,2026-06-29 19:54:02.665208
2291,2026-06,4,4,165.0,12659.4,13765.779999999999,1106.3799999999992,160.15260606060608,UP,33.24,RETAIL,43.63369696969697,459.4,253.188,712.588,N,TXN_V2.1,2026-06-29,2026-06-29 19:54:02.665208
2292,2026-06,3,3,128.0,27902.42,20691.59,-7210.829999999998,379.64070312499996,DOWN,69.14,INSURANCE,27.345312500000002,294.67,558.0484,852.7184,N,TXN_V2.1,2026-06-29,2026-06-29 19:54:02.665208
2293,2026-06,3,3,137.0,13259.73,16023.210000000001,2763.4800000000014,213.74408759124088,UP,35.14,TRAVEL,35.035474452554745,246.70000000000002,265.1946,511.89459999999997,N,TXN_V2.1,2026-06-29,2026-06-29 19:54:02.665208
2294,2026-06,3,2,146.0,20204.559999999998,7315.360000000001,-12889.199999999997,188.492602739726,DOWN,52.58,UTILITIES,30.142054794520547,206.69,404.09119999999996,610.7811999999999,N,TXN_V2.1,2026-06-29,2026-06-29 19:54:02.665208
2295,2026-06,1,1,26.0,1612.86,10253.4,8640.539999999999,456.3946153846154,UP,4.22,RETAIL,19.230000000000004,35.61,32.2572,67.8672,N,TXN_V2.1,2026-06-29,2026-06-29 19:54:02.665208
2296,2026-06,4,4,172.0,67982.21,34345.32,-33636.89000000001,594.9275,DOWN,99.08,TRAVEL,33.72360465116279,335.96,1359.6442000000002,1695.6042000000002,N,TXN_V2.1,2026-06-29,2026-06-29 19:54:02.665208
2297,2026-06,1,1,34.0,21739.03,863.29,-20875.739999999998,664.7741176470588,DOWN,56.28,GAS_STATION,20.58,57.54,434.7806,492.3206,N,TXN_V2.1,2026-06-29,2026-06-29 19:54:02.665208
2298,2026-06,3,3,136.0,18324.02,15144.199999999999,-3179.8200000000015,246.08985294117647,DOWN,48.52,RESTAURANT,40.44492647058823,311.14,366.48040000000003,677.6204,N,TXN_V2.1,2026-06-29,2026-06-29 19:54:02.665208
2299,2026-06,3,3,196.0,28931.55,26823.11,-2108.4399999999987,284.46255102040817,DOWN,71.08,HEALTHCARE,40.81556122448979,426.58000000000004,578.631,1005.211,N,TXN_V2.1,2026-06-29,2026-06-29 19:54:02.665208
2300,2026-06,3,3,116.0,15824.599999999999,24853.54,9028.940000000002,350.6736206896552,UP,42.66,GROCERY,46.55603448275862,296.41999999999996,316.49199999999996,612.9119999999999,N,TXN_V2.1,2026-06-29,2026-06-29 19:54:02.665208
2301,2026-06,1,1,52.0,23632.05,627.29,-23004.76,466.52576923076924,DOWN,60.76,RESTAURANT,32.69,208.93,472.641,681.571,N,TXN_V2.1,2026-06-29,2026-06-29 19:54:02.665208
2302,2026-06,4,3,173.0,52121.16,25035.53,-27085.630000000005,445.99242774566477,DOWN,95.12,RESTAURANT,38.150578034682084,519.84,1042.4232000000002,1562.2632000000003,N,TXN_V2.1,2026-06-29,2026-06-29 19:54:02.665208
2303,2026-06,1,1,28.0,1575.12,7811.87,6236.75,335.2496428571429,UP,4.1,TRAVEL,32.14,120.18,31.502399999999998,151.6824,N,TXN_V2.1,2026-06-29,2026-06-29 19:54:02.665208
2304,2026-06,3,3,103.0,35966.68,24432.47,-11534.21,586.3995145631068,DOWN,81.38,HEALTHCARE,28.152718446601938,244.53,719.3336,963.8636,N,TXN_V2.1,2026-06-29,2026-06-29 19:54:02.665208
2305,2026-06,4,4,134.0,7903.42,12335.550000000001,4432.130000000001,151.03708955223883,UP,21.74,UTILITIES,44.02671641791044,316.51,158.0684,474.5784,N,TXN_V2.1,2026-06-29,2026-06-29 19:54:02.665208
2306,2026-06,3,3,108.0,24105.04,19971.43,-4133.610000000001,408.11546296296297,DOWN,61.62,TRAVEL,39.81361111111111,247.27,482.10080000000005,729.3708,N,TXN_V2.1,2026-06-29,2026-06-29 19:54:02.665208
2307,2026-06,2,2,95.0,4098.37,38779.380000000005,34681.01,451.34473684210536,UP,14.4,RETAIL,34.736,197.07,81.9674,279.0374,N,TXN_V2.1,2026-06-29,2026-06-29 19:54:02.665208
2308,2026-06,4,4,174.0,53124.100000000006,16872.32,-36251.780000000006,402.27827586206905,DOWN,95.54,RETAIL,34.47896551724138,337.89,1062.4820000000002,1400.3720000000003,N,TXN_V2.1,2026-06-29,2026-06-29 19:54:02.665208
2309,2026-06,4,4,220.0,36676.2,29085.64,-7590.559999999998,298.9174545454545,DOWN,82.34,RESTAURANT,38.63572727272727,775.07,733.524,1508.594,N,TXN_V2.1,2026-06-29,2026-06-29 19:54:02.665208
2310,2026-06,1,1,55.0,25168.27,17967.17,-7201.100000000002,784.2807272727273,DOWN,63.62,INSURANCE,40.0,52.84,503.3654,556.2054,N,TXN_V2.1,2026-06-29,2026-06-29 19:54:02.665208
2311,2026-06,3,3,106.0,41010.81,28147.019999999997,-12863.79,652.4323584905659,DOWN,87.26,RESTAURANT,43.396320754716974,290.62,820.2162,1110.8362,N,TXN_V2.1,2026-06-29,2026-06-29 19:54:02.665208
2312,2026-06,1,1,26.0,1758.38,1700.65,-57.73000000000002,133.0396153846154,STABLE,4.98,RESTAURANT,53.849999999999994,0.0,35.1676,35.1676,N,TXN_V2.1,2026-06-29,2026-06-29 19:54:02.665208
2313,2026-06,3,3,195.0,24112.87,46962.450000000004,22849.580000000005,364.48882051282055,UP,61.68,GROCERY,42.05410256410257,449.24,482.25739999999996,931.4974,N,TXN_V2.1,2026-06-29,2026-06-29 19:54:02.665208
2314,2026-06,2,2,130.0,17097.07,9436.349999999999,-7660.720000000001,204.10323076923075,DOWN,45.46,RESTAURANT,27.694307692307696,152.84,341.9414,494.78139999999996,N,TXN_V2.1,2026-06-29,2026-06-29 19:54:02.665208
2315,2026-06,3,3,109.0,47293.63,24324.98,-22968.649999999998,657.0514678899083,DOWN,92.28,TRAVEL,34.8645871559633,242.95999999999998,945.8725999999999,1188.8326,N,TXN_V2.1,2026-06-29,2026-06-29 19:54:02.665208
2316,2026-06,2,2,65.0,15312.179999999998,3982.3900000000003,-11329.789999999997,296.83953846153844,DOWN,41.22,RESTAURANT,38.462923076923076,135.54,306.24359999999996,441.7836,N,TXN_V2.1,2026-06-29,2026-06-29 19:54:02.665208
2317,2026-06,3,3,110.0,7078.11,10544.12,3466.010000000001,160.2020909090909,UP,20.4,RESTAURANT,43.63663636363636,227.23000000000002,141.5622,368.7922,N,TXN_V2.1,2026-06-29,2026-06-29 19:54:02.665208
2318,2026-06,1,1,43.0,3418.05,6492.77,3074.7200000000003,230.4841860465116,UP,12.26,GROCERY,27.9,72.76,68.361,141.121,N,TXN_V2.1,2026-06-29,2026-06-29 19:54:02.665208
2319,2026-06,2,2,70.0,2351.67,27043.01,24691.339999999997,419.924,UP,8.14,TRAVEL,32.861714285714285,220.27,47.0334,267.3034,N,TXN_V2.1,2026-06-29,2026-06-29 19:54:02.665208
2320,2026-06,2,2,84.0,22134.96,20486.260000000002,-1648.699999999997,507.3954761904762,STABLE,57.22,RETAIL,39.28607142857143,278.61,442.6992,721.3092,N,TXN_V2.1,2026-06-29,2026-06-29 19:54:02.665208
2321,2026-06,1,1,66.0,3151.99,4713.5,1561.5100000000002,119.1740909090909,UP,11.56,GROCERY,40.91,143.26,63.0398,206.2998,N,TXN_V2.1,2026-06-29,2026-06-29 19:54:02.665208
2322,2026-06,4,4,152.0,28294.29,45714.42,17420.129999999997,486.8994078947368,UP,69.96,UTILITIES,34.87006578947368,373.68,565.8858,939.5658000000001,N,TXN_V2.1,2026-06-29,2026-06-29 19:54:02.665208
2323,2026-06,2,2,96.0,42607.36,20585.329999999998,-22022.030000000002,658.2571875,DOWN,88.7,GAS_STATION,38.540625,227.76999999999998,852.1472,1079.9171999999999,N,TXN_V2.1,2026-06-29,2026-06-29 19:54:02.665208
2324,2026-06,3,3,169.0,30333.41,18446.75,-11886.66,288.64000000000004,DOWN,73.12,TRAVEL,40.23644970414202,525.22,606.6682,1131.8881999999999,N,TXN_V2.1,2026-06-29,2026-06-29 19:54:02.665208
2325,2026-06,3,3,176.0,33418.6,15345.14,-18073.46,277.0667045454545,DOWN,78.04,RETAIL,40.34073863636363,523.53,668.372,1191.902,N,TXN_V2.1,2026-06-29,2026-06-29 19:54:02.665208
2326,2026-06,2,2,88.0,26618.48,6147.0599999999995,-20471.42,372.33568181818185,DOWN,66.64,HEALTHCARE,43.18363636363636,222.94,532.3696,755.3096,N,TXN_V2.1,2026-06-29,2026-06-29 19:54:02.665208
2327,2026-06,2,2,106.0,26577.059999999998,13703.24,-12873.819999999998,380.0028301886792,DOWN,66.5,WIRE_TRANSFER_INTL,30.189622641509434,253.34,531.5412,784.8812,N,TXN_V2.1,2026-06-29,2026-06-29 19:54:02.665208
2328,2026-06,4,4,178.0,41302.72,18179.010000000002,-23123.71,334.1670224719101,DOWN,87.4,TRAVEL,35.39073033707865,330.09000000000003,826.0544,1156.1444000000001,N,TXN_V2.1,2026-06-29,2026-06-29 19:54:02.665208
2329,2026-06,3,2,99.0,26004.19,39098.009999999995,13093.819999999996,657.5979797979797,UP,65.34,PAWN_SHOP,39.39343434343434,139.64999999999998,520.0838,659.7338,N,TXN_V2.1,2026-06-29,2026-06-29 19:54:02.665208
2330,2026-06,1,1,65.0,11529.85,14196.68,2666.83,395.79276923076924,UP,30.14,ENTERTAINMENT,35.39,229.16,230.597,459.757,N,TXN_V2.1,2026-06-29,2026-06-29 19:54:02.665208
2331,2026-06,3,3,133.0,7743.360000000001,13431.369999999999,5688.009999999998,159.2084962406015,UP,21.32,TRAVEL,37.597368421052636,181.38,154.86720000000003,336.2472,N,TXN_V2.1,2026-06-29,2026-06-29 19:54:02.665208
2332,2026-06,4,4,188.0,47114.340000000004,33409.009999999995,-13705.330000000009,428.3156914893617,DOWN,92.14,HEALTHCARE,42.55053191489362,413.85,942.2868000000001,1356.1368000000002,N,TXN_V2.1,2026-06-29,2026-06-29 19:54:02.665208
2333,2026-06,4,4,169.0,28818.620000000003,37755.88,8937.259999999995,393.93195266272187,UP,70.8,RESTAURANT,33.72680473372781,488.42,576.3724000000001,1064.7924,N,TXN_V2.1,2026-06-29,2026-06-29 19:54:02.665208
2334,2026-06,4,4,162.0,30962.08,28550.14,-2411.9400000000023,367.35938271604937,DOWN,74.22,TRAVEL,42.59135802469135,298.56,619.2416000000001,917.8016,N,TXN_V2.1,2026-06-29,2026-06-29 19:54:02.665208
2335,2026-06,3,3,114.0,18516.239999999998,4661.15,-13855.089999999998,203.31043859649122,DOWN,49.06,GROCERY,35.08771929824561,277.59000000000003,370.3248,647.9148,N,TXN_V2.1,2026-06-29,2026-06-29 19:54:02.665208
2336,2026-06,1,1,69.0,23428.87,13998.18,-9430.689999999999,542.4210144927537,DOWN,60.22,GROCERY,34.78,106.4,468.5774,574.9774,N,TXN_V2.1,2026-06-29,2026-06-29 19:54:02.665208
2337,2026-06,4,4,153.0,20783.15,22698.929999999997,1915.7799999999952,284.19660130718955,UP,53.9,INSURANCE,31.371503267973853,335.0,415.663,750.663,N,TXN_V2.1,2026-06-29,2026-06-29 19:54:02.665208
2338,2026-06,4,4,235.0,61022.990000000005,27957.81,-33065.18000000001,378.6417021276596,DOWN,97.84,TRAVEL,38.72268085106383,533.83,1220.4598,1754.2898,N,TXN_V2.1,2026-06-29,2026-06-29 19:54:02.665208
2339,2026-06,2,2,89.0,15401.630000000001,17642.41,2240.779999999999,371.28134831460676,UP,41.44,GROCERY,37.07179775280899,153.76,308.0326,461.7926,N,TXN_V2.1,2026-06-29,2026-06-29 19:54:02.665208
2340,2026-06,1,1,19.0,1621.08,917.11,-703.9699999999999,133.58894736842106,DOWN,4.26,TRAVEL,26.32,0.0,32.4216,32.4216,N,TXN_V2.1,2026-06-29,2026-06-29 19:54:02.665208
2341,2026-06,4,4,242.0,48508.509999999995,26953.0,-21555.509999999995,311.8244214876033,DOWN,93.18,UTILITIES,41.32074380165289,439.3,970.1701999999999,1409.4702,N,TXN_V2.1,2026-06-29,2026-06-29 19:54:02.665208
2342,2026-06,1,1,32.0,10242.36,16585.85,6343.489999999998,838.3815625,UP,26.76,UTILITIES,43.76,58.4,204.84720000000002,263.2472,N,TXN_V2.1,2026-06-29,2026-06-29 19:54:02.665208
2343,2026-06,3,3,122.0,27691.379999999997,11972.880000000001,-15718.499999999996,325.1168852459016,DOWN,68.78,RESTAURANT,40.98385245901639,343.87,553.8276,897.6976,N,TXN_V2.1,2026-06-29,2026-06-29 19:54:02.665208
2344,2026-06,2,2,75.0,20825.09,13025.400000000001,-7799.689999999999,451.33986666666675,DOWN,54.02,RESTAURANT,49.33,283.07,416.5018,699.5717999999999,N,TXN_V2.1,2026-06-29,2026-06-29 19:54:02.665208
2345,2026-06,2,2,92.0,34228.08,9090.53,-25137.550000000003,470.8544565217391,DOWN,79.14,RETAIL,35.867717391304346,88.52,684.5616,773.0816,N,TXN_V2.1,2026-06-29,2026-06-29 19:54:02.665208
2346,2026-06,2,2,112.0,6239.200000000001,19054.079999999998,12814.879999999997,225.83285714285714,UP,19.06,RETAIL,30.354821428571427,240.86,124.78400000000002,365.644,N,TXN_V2.1,2026-06-29,2026-06-29 19:54:02.665208
2347,2026-06,2,2,72.0,19221.440000000002,4052.86,-15168.580000000002,323.2541666666667,DOWN,50.68,GROCERY,37.50055555555555,238.64999999999998,384.4288000000001,623.0788,N,TXN_V2.1,2026-06-29,2026-06-29 19:54:02.665208
2348,2026-06,3,3,112.0,16194.66,20906.73,4712.07,331.2624107142857,UP,43.62,RETAIL,33.03258928571428,158.06,323.8932,481.9532,N,TXN_V2.1,2026-06-29,2026-06-29 19:54:02.665208
2349,2026-06,2,2,131.0,8304.64,13416.57,5111.93,165.81076335877862,UP,22.38,HEALTHCARE,40.45847328244274,464.5,166.09279999999998,630.5928,N,TXN_V2.1,2026-06-29,2026-06-29 19:54:02.665208
2350,2026-06,3,3,113.0,22613.98,16624.38,-5989.5999999999985,347.24212389380534,DOWN,58.4,RESTAURANT,46.905309734513274,324.87,452.2796,777.1496,N,TXN_V2.1,2026-06-29,2026-06-29 19:54:02.665208
2351,2026-06,1,1,27.0,24664.4,517.0,-24147.4,932.6444444444445,DOWN,62.9,EDUCATION,44.45,35.83,493.28800000000007,529.118,N,TXN_V2.1,2026-06-29,2026-06-29 19:54:02.665208
2352,2026-06,2,2,120.0,27220.059999999998,14106.81,-13113.249999999998,344.39058333333327,DOWN,67.78,RETAIL,40.001,231.95999999999998,544.4012,776.3612,N,TXN_V2.1,2026-06-29,2026-06-29 19:54:02.665208
2353,2026-06,3,3,171.0,30781.17,15321.630000000001,-15459.539999999997,269.6070175438597,DOWN,73.76,RETAIL,39.178947368421056,333.55,615.6234,949.1733999999999,N,TXN_V2.1,2026-06-29,2026-06-29 19:54:02.665208
2354,2026-06,4,4,205.0,49840.119999999995,40803.66,-9036.459999999992,442.1647804878049,DOWN,94.24,RETAIL,38.04912195121951,472.63,996.8023999999999,1469.4324,N,TXN_V2.1,2026-06-29,2026-06-29 19:54:02.665208
2355,2026-06,1,1,62.0,3007.74,4522.24,1514.5,121.45129032258063,UP,10.88,RESTAURANT,38.709999999999994,135.0,60.154799999999994,195.1548,N,TXN_V2.1,2026-06-29,2026-06-29 19:54:02.665208
2356,2026-06,4,4,211.0,47327.29,31029.16,-16298.130000000001,371.3575829383886,DOWN,92.34,UTILITIES,38.387677725118486,444.95,946.5458,1391.4958,N,TXN_V2.1,2026-06-29,2026-06-29 19:54:02.665208
2357,2026-06,1,0,21.0,7019.43,7163.51,144.07999999999993,675.3780952380953,STABLE,20.2,RETAIL,47.62,0.0,140.3886,140.3886,N,TXN_V2.1,2026-06-29,2026-06-29 19:54:02.665208
2358,2026-06,1,1,66.0,11624.83,2656.87,-8967.96,216.38939393939395,DOWN,30.32,GAS_STATION,37.879999999999995,176.95,232.4966,409.4466,N,TXN_V2.1,2026-06-29,2026-06-29 19:54:02.665208
2359,2026-06,3,3,118.0,19068.93,29278.13,10209.2,409.7208474576271,UP,50.26,TRAVEL,48.302711864406774,354.26,381.3786,735.6386,N,TXN_V2.1,2026-06-29,2026-06-29 19:54:02.665208
2360,2026-06,4,3,152.0,25316.2,23262.44,-2053.760000000002,319.5963157894737,DOWN,63.92,TRAVEL,32.23894736842105,270.54,506.324,776.864,N,TXN_V2.1,2026-06-29,2026-06-29 19:54:02.665208
2361,2026-06,2,2,116.0,60057.1,21435.660000000003,-38621.439999999995,702.5237931034484,DOWN,97.62,GROCERY,39.65620689655172,238.73000000000002,1201.142,1439.872,N,TXN_V2.1,2026-06-29,2026-06-29 19:54:02.665208
2362,2026-06,3,3,171.0,46024.52,27262.71,-18761.809999999998,428.5802923976608,DOWN,91.4,TRAVEL,34.50333333333333,206.16,920.4903999999999,1126.6504,N,TXN_V2.1,2026-06-29,2026-06-29 19:54:02.665208
2363,2026-06,2,2,106.0,5483.280000000001,12574.630000000001,7091.35,170.357641509434,UP,17.3,GROCERY,38.679811320754716,162.01,109.66560000000001,271.67560000000003,N,TXN_V2.1,2026-06-29,2026-06-29 19:54:02.665208
2364,2026-06,1,1,30.0,1713.47,1442.24,-271.23,105.19033333333333,STABLE,4.76,GAS_STATION,30.0,19.31,34.269400000000005,53.57940000000001,N,TXN_V2.1,2026-06-29,2026-06-29 19:54:02.665208
2365,2026-06,3,3,154.0,28279.6,18074.32,-10205.279999999999,300.9994805194805,DOWN,69.9,UTILITIES,35.06616883116883,275.74,565.592,841.332,N,TXN_V2.1,2026-06-29,2026-06-29 19:54:02.665208
2366,2026-06,1,1,63.0,10530.71,2407.23,-8123.48,205.36412698412695,DOWN,27.52,GAS_STATION,39.68,115.75,210.61419999999998,326.3642,N,TXN_V2.1,2026-06-29,2026-06-29 19:54:02.665208
2367,2026-06,4,4,161.0,17594.39,14407.66,-3186.7299999999996,198.77049689440994,DOWN,46.9,UTILITIES,37.88472049689441,550.74,351.88779999999997,902.6278,N,TXN_V2.1,2026-06-29,2026-06-29 19:54:02.665208
2368,2026-06,3,3,109.0,19303.28,5231.89,-14071.39,225.09330275229357,DOWN,50.84,TRAVEL,31.191009174311922,224.63,386.06559999999996,610.6956,N,TXN_V2.1,2026-06-29,2026-06-29 19:54:02.665208
2369,2026-06,2,2,97.0,13028.53,20820.11,7791.58,348.95505154639176,UP,34.38,UTILITIES,45.36113402061856,143.32,260.5706,403.8906,N,TXN_V2.1,2026-06-29,2026-06-29 19:54:02.665208
2370,2026-06,4,4,145.0,40005.060000000005,47815.409999999996,7810.349999999991,605.6584137931035,UP,86.42,TRAVEL,35.86331034482759,302.95,800.1012000000001,1103.0512,N,TXN_V2.1,2026-06-29,2026-06-29 19:54:02.665208
2371,2026-06,2,2,99.0,6316.5599999999995,11796.85,5480.290000000001,182.96373737373736,UP,19.22,RETAIL,37.37191919191919,247.97,126.3312,374.3012,N,TXN_V2.1,2026-06-29,2026-06-29 19:54:02.665208
2372,2026-06,1,1,20.0,776.39,1100.71,324.32000000000005,93.85499999999999,STABLE,0.72,RETAIL,35.0,54.58,15.527800000000001,70.1078,N,TXN_V2.1,2026-06-29,2026-06-29 19:54:02.665208
2373,2026-06,3,3,125.0,7237.16,17265.56,10028.400000000001,196.02176,UP,20.7,INSURANCE,31.1988,321.08,144.7432,465.8232,N,TXN_V2.1,2026-06-29,2026-06-29 19:54:02.665208
2374,2026-06,1,1,30.0,2968.54,1178.97,-1789.57,138.25033333333334,DOWN,10.72,RESTAURANT,43.33,0.0,59.3708,59.3708,N,TXN_V2.1,2026-06-29,2026-06-29 19:54:02.665208
2375,2026-06,1,1,43.0,2527.35,2580.87,53.51999999999998,118.79581395348836,STABLE,9.1,RETAIL,25.58,176.65,50.547,227.197,N,TXN_V2.1,2026-06-29,2026-06-29 19:54:02.665208
2376,2026-06,4,4,254.0,57485.7,15622.55,-41863.149999999994,287.8277559055118,DOWN,96.88,RETAIL,40.15763779527559,647.65,1149.714,1797.364,N,TXN_V2.1,2026-06-29,2026-06-29 19:54:02.665208
2377,2026-06,1,1,18.0,377.64,1466.24,1088.6,102.43777777777778,UP,0.1,GROCERY,27.779999999999998,105.01,7.5527999999999995,112.56280000000001,N,TXN_V2.1,2026-06-29,2026-06-29 19:54:02.665208
2378,2026-06,1,1,21.0,1161.72,12816.39,11654.67,665.6242857142856,UP,2.12,GROCERY,47.62,200.08,23.2344,223.3144,N,TXN_V2.1,2026-06-29,2026-06-29 19:54:02.665208
2379,2026-06,3,2,159.0,57948.28,26430.5,-31517.78,530.6841509433963,DOWN,96.98,RETAIL,42.7625786163522,353.21,1158.9656,1512.1756,N,TXN_V2.1,2026-06-29,2026-06-29 19:54:02.665208
2380,2026-06,3,3,128.0,31780.0,16832.4,-14947.599999999999,379.784375,DOWN,75.38,TRAVEL,28.903828124999997,256.36,635.6,891.96,N,TXN_V2.1,2026-06-29,2026-06-29 19:54:02.665208
2381,2026-06,2,2,89.0,9554.2,22475.440000000002,12921.240000000002,359.883595505618,UP,25.0,PAWN_SHOP,39.32202247191011,267.64,191.08400000000003,458.72400000000005,N,TXN_V2.1,2026-06-29,2026-06-29 19:54:02.665208
2382,2026-06,4,4,234.0,31346.27,30514.34,-831.9300000000003,264.3615811965812,STABLE,74.7,RESTAURANT,37.18153846153845,392.48,626.9254,1019.4054,N,TXN_V2.1,2026-06-29,2026-06-29 19:54:02.665208
2383,2026-06,4,3,161.0,32628.96,16392.78,-16236.18,304.48285714285714,DOWN,76.74,UTILITIES,39.75006211180124,310.97,652.5792,963.5492,N,TXN_V2.1,2026-06-29,2026-06-29 19:54:02.665208
2384,2026-06,3,3,161.0,22981.280000000002,15787.15,-7194.130000000003,240.79770186335404,DOWN,59.18,TRAVEL,36.64472049689441,445.91999999999996,459.6256000000001,905.5456,N,TXN_V2.1,2026-06-29,2026-06-29 19:54:02.665208
2385,2026-06,4,4,157.0,39857.33,17490.37,-22366.960000000003,365.27197452229296,DOWN,86.2,INSURANCE,35.66535031847134,340.55,797.1466,1137.6966,N,TXN_V2.1,2026-06-29,2026-06-29 19:54:02.665208
2386,2026-06,1,1,32.0,1853.22,915.5,-937.72,86.52250000000001,DOWN,5.7,GAS_STATION,28.130000000000006,211.82,37.0644,248.8844,N,TXN_V2.1,2026-06-29,2026-06-29 19:54:02.665208
2387,2026-06,1,1,21.0,10263.43,692.84,-9570.59,521.7271428571429,DOWN,26.86,GROCERY,42.85999999999999,0.0,205.26860000000002,205.26860000000002,N,TXN_V2.1,2026-06-29,2026-06-29 19:54:02.665208
2388,2026-06,2,2,76.0,21139.73,4353.65,-16786.08,335.4392105263158,DOWN,54.9,RETAIL,39.477105263157895,198.22,422.7946,621.0146,N,TXN_V2.1,2026-06-29,2026-06-29 19:54:02.665208
2389,2026-06,2,2,50.0,13708.039999999999,17729.07,4021.0300000000007,628.7422,UP,36.38,RETAIL,20.001199999999997,175.51,274.1608,449.6708,N,TXN_V2.1,2026-06-29,2026-06-29 19:54:02.665208
2390,2026-06,1,1,49.0,1815.51,3379.91,1564.3999999999999,106.02897959183673,UP,5.38,GROCERY,46.93000000000001,184.37,36.3102,220.6802,N,TXN_V2.1,2026-06-29,2026-06-29 19:54:02.665208
2391,2026-06,3,3,159.0,20454.57,13369.14,-7085.43,212.7277358490566,DOWN,53.12,UTILITIES,38.9922641509434,368.62,409.0914,777.7114,N,TXN_V2.1,2026-06-29,2026-06-29 19:54:02.665208
2392,2026-06,1,1,39.0,2506.68,12718.88,10212.199999999999,390.39897435897433,UP,9.04,RESTAURANT,33.33,80.25,50.1336,130.3836,N,TXN_V2.1,2026-06-29,2026-06-29 19:54:02.665208
2393,2026-06,2,2,81.0,15113.96,13615.57,-1498.3899999999994,354.68555555555554,STABLE,40.74,TRAVEL,28.39888888888889,194.31,302.2792,496.5892,N,TXN_V2.1,2026-06-29,2026-06-29 19:54:02.665208
2394,2026-06,1,1,60.0,22368.94,1391.03,-20977.91,395.99949999999995,DOWN,57.78,INSURANCE,38.34,73.8,447.37879999999996,521.1787999999999,N,TXN_V2.1,2026-06-29,2026-06-29 19:54:02.665208
2395,2026-06,2,2,97.0,45823.14,2965.42,-42857.72,502.9748453608247,DOWN,91.16,TRAVEL,41.23896907216495,282.94,916.4628,1199.4028,N,TXN_V2.1,2026-06-29,2026-06-29 19:54:02.665208
2396,2026-06,4,4,237.0,52831.909999999996,52807.76,-24.14999999999418,445.7370042194093,STABLE,95.36,RETAIL,37.55443037974683,533.94,1056.6381999999999,1590.5782,N,TXN_V2.1,2026-06-29,2026-06-29 19:54:02.665208
2397,2026-06,2,2,96.0,14576.150000000001,21831.559999999998,7255.409999999996,379.2469791666667,UP,39.12,RETAIL,35.41458333333333,369.47,291.523,660.993,N,TXN_V2.1,2026-06-29,2026-06-29 19:54:02.665208
2398,2026-06,4,4,195.0,32214.24,20864.190000000002,-11350.05,272.19707692307696,DOWN,76.14,TRAVEL,32.81923076923077,470.93,644.2848,1115.2148,N,TXN_V2.1,2026-06-29,2026-06-29 19:54:02.665208
2399,2026-06,2,2,107.0,21854.39,21074.19,-780.2000000000007,401.20168224299067,STABLE,56.5,UTILITIES,33.64719626168225,261.21999999999997,437.0878,698.3078,N,TXN_V2.1,2026-06-29,2026-06-29 19:54:02.665208
2400,2026-06,2,2,95.0,17349.309999999998,12383.97,-4965.339999999998,312.9818947368421,DOWN,46.32,INSURANCE,31.577578947368423,191.2,346.98619999999994,538.1861999999999,N,TXN_V2.1,2026-06-29,2026-06-29 19:54:02.665208
2401,2026-06,1,1,66.0,23162.24,1731.0,-21431.24,377.17030303030305,DOWN,59.66,UTILITIES,34.849999999999994,161.81,463.24480000000005,625.0548000000001,N,TXN_V2.1,2026-06-29,2026-06-29 19:54:02.665208
2402,2026-06,1,1,49.0,10779.48,981.11,-9798.369999999999,240.01204081632653,DOWN,28.22,WIRE_TRANSFER_INTL,36.739999999999995,69.24,215.5896,284.82959999999997,N,TXN_V2.1,2026-06-29,2026-06-29 19:54:02.665208
2403,2026-06,1,1,43.0,3204.86,18099.33,14894.470000000001,495.4462790697675,UP,11.7,GAS_STATION,51.17,54.01,64.0972,118.1072,N,TXN_V2.1,2026-06-29,2026-06-29 19:54:02.665208
2404,2026-06,3,3,158.0,18149.1,6827.71,-11321.39,158.08107594936706,DOWN,48.26,RETAIL,43.66537974683544,288.09,362.98199999999997,651.0719999999999,N,TXN_V2.1,2026-06-29,2026-06-29 19:54:02.665208
2405,2026-06,1,1,67.0,9658.54,10007.19,348.64999999999964,293.51835820895525,STABLE,25.3,EDUCATION,37.31,146.36,193.1708,339.5308,N,TXN_V2.1,2026-06-29,2026-06-29 19:54:02.665208
2406,2026-06,4,4,130.0,15047.46,39034.72,23987.260000000002,416.0167692307692,UP,40.5,HEALTHCARE,34.617384615384616,207.14,300.94919999999996,508.08919999999995,N,TXN_V2.1,2026-06-29,2026-06-29 19:54:02.665208
2407,2026-06,2,2,43.0,9511.22,9325.26,-185.95999999999913,438.0576744186046,STABLE,24.92,GROCERY,39.53348837209303,101.48,190.2244,291.7044,N,TXN_V2.1,2026-06-29,2026-06-29 19:54:02.665208
2408,2026-06,1,1,61.0,17621.55,2007.96,-15613.59,321.7952459016393,DOWN,46.96,ENTERTAINMENT,47.540000000000006,69.24,352.431,421.671,N,TXN_V2.1,2026-06-29,2026-06-29 19:54:02.665208
2409,2026-06,1,1,33.0,14759.54,9824.77,-4934.77,744.9790909090909,DOWN,39.74,HEALTHCARE,39.39,91.03,295.1908,386.22080000000005,N,TXN_V2.1,2026-06-29,2026-06-29 19:54:02.665208
2410,2026-06,4,3,186.0,30791.660000000003,59227.18,28435.519999999997,483.9722580645161,UP,73.82,RESTAURANT,32.795698924731184,505.45,615.8332,1121.2832,N,TXN_V2.1,2026-06-29,2026-06-29 19:54:02.665208
2411,2026-06,3,3,177.0,38970.490000000005,39352.29,381.79999999999563,442.50158192090396,STABLE,85.36,RESTAURANT,32.77016949152542,451.19,779.4098000000001,1230.5998000000002,N,TXN_V2.1,2026-06-29,2026-06-29 19:54:02.665208
2412,2026-06,2,1,77.0,26748.85,4551.91,-22196.94,406.5033766233766,DOWN,66.96,RETAIL,38.96363636363637,171.89,534.977,706.867,N,TXN_V2.1,2026-06-29,2026-06-29 19:54:02.665208
2413,2026-06,1,1,61.0,20935.55,2252.21,-18683.34,380.12721311475406,DOWN,54.48,GAS_STATION,34.419999999999995,244.96,418.711,663.671,N,TXN_V2.1,2026-06-29,2026-06-29 19:54:02.665208
2414,2026-06,2,2,88.0,23560.25,25032.29,1472.0400000000009,552.1879545454545,STABLE,60.56,GROCERY,39.77522727272728,302.08,471.205,773.285,N,TXN_V2.1,2026-06-29,2026-06-29 19:54:02.665208
2415,2026-06,4,4,231.0,68131.98999999999,10211.03,-57920.95999999999,339.1472727272727,DOWN,99.1,TRAVEL,33.76532467532468,405.43,1362.6398,1768.0698,N,TXN_V2.1,2026-06-29,2026-06-29 19:54:02.665208
2416,2026-06,3,3,114.0,44115.25,4588.66,-39526.59,427.2272807017544,DOWN,89.98,INSURANCE,32.46035087719299,225.51,882.3050000000001,1107.815,N,TXN_V2.1,2026-06-29,2026-06-29 19:54:02.665208
2417,2026-06,2,1,73.0,29115.690000000002,11135.05,-17980.640000000003,551.3800000000001,DOWN,71.34,RETAIL,42.47287671232877,141.63,582.3138,723.9438,N,TXN_V2.1,2026-06-29,2026-06-29 19:54:02.665208
2418,2026-06,3,3,168.0,45072.38,44941.39,-130.98999999999796,535.79625,STABLE,90.76,UTILITIES,32.73833333333333,474.52000000000004,901.4476,1375.9676,N,TXN_V2.1,2026-06-29,2026-06-29 19:54:02.665208
2419,2026-06,2,2,94.0,25818.03,20349.79,-5468.239999999998,491.14702127659575,DOWN,65.08,GAMBLING,41.48765957446808,141.63,516.3606,657.9906,N,TXN_V2.1,2026-06-29,2026-06-29 19:54:02.665208
2420,2026-06,3,3,149.0,54192.28,14942.759999999998,-39249.520000000004,463.99355704697984,DOWN,95.84,RETAIL,46.310402684563755,303.97999999999996,1083.8456,1387.8256000000001,N,TXN_V2.1,2026-06-29,2026-06-29 19:54:02.665208
2421,2026-06,4,4,159.0,17245.98,24984.27,7738.290000000001,265.5990566037736,UP,46.02,TRAVEL,37.73603773584906,486.33000000000004,344.9196,831.2496000000001,N,TXN_V2.1,2026-06-29,2026-06-29 19:54:02.665208
2422,2026-06,1,1,33.0,2128.45,1088.25,-1040.1999999999998,97.47575757575757,DOWN,6.98,GROCERY,27.27,201.77,42.568999999999996,244.339,N,TXN_V2.1,2026-06-29,2026-06-29 19:54:02.665208
2423,2026-06,2,2,137.0,9300.630000000001,15930.080000000002,6629.450000000001,184.1657664233577,UP,24.42,HEALTHCARE,37.955474452554746,231.6,186.01260000000002,417.61260000000004,N,TXN_V2.1,2026-06-29,2026-06-29 19:54:02.665208
2424,2026-06,4,4,163.0,38328.479999999996,25854.03,-12474.449999999997,393.75773006134966,DOWN,84.64,RESTAURANT,36.80907975460123,411.63,766.5695999999999,1178.1996,N,TXN_V2.1,2026-06-29,2026-06-29 19:54:02.665208
2425,2026-06,1,1,49.0,20489.47,10461.59,-10027.880000000001,631.6542857142857,DOWN,53.18,GROCERY,26.530000000000005,72.64,409.78940000000006,482.42940000000004,N,TXN_V2.1,2026-06-29,2026-06-29 19:54:02.665208
2426,2026-06,1,1,30.0,9662.37,3305.63,-6356.740000000001,432.26666666666665,DOWN,25.34,EDUCATION,43.33,30.16,193.24740000000003,223.40740000000002,N,TXN_V2.1,2026-06-29,2026-06-29 19:54:02.665208
2427,2026-06,3,3,166.0,46793.22,31128.99,-15664.23,469.4109036144579,DOWN,91.94,RETAIL,39.7544578313253,361.75,935.8644,1297.6144,N,TXN_V2.1,2026-06-29,2026-06-29 19:54:02.665208
2428,2026-06,2,2,85.0,15036.980000000001,14312.23,-724.7500000000018,345.28482352941177,STABLE,40.46,UTILITIES,32.946470588235286,159.89,300.73960000000005,460.62960000000004,N,TXN_V2.1,2026-06-29,2026-06-29 19:54:02.665208
2429,2026-06,3,3,158.0,10684.12,6486.83,-4197.290000000001,108.67689873417721,DOWN,27.96,RETAIL,29.11721518987342,280.39,213.68240000000003,494.0724,N,TXN_V2.1,2026-06-29,2026-06-29 19:54:02.665208
2430,2026-06,1,1,26.0,1741.46,990.33,-751.13,105.06884615384615,DOWN,4.92,GROCERY,34.61,28.83,34.8292,63.6592,N,TXN_V2.1,2026-06-29,2026-06-29 19:54:02.665208
2431,2026-06,1,1,59.0,14082.69,14060.81,-21.88000000000102,477.00847457627117,STABLE,37.52,GROCERY,37.28,121.81,281.6538,403.4638,N,TXN_V2.1,2026-06-29,2026-06-29 19:54:02.665208
2432,2026-06,3,3,126.0,38222.63999999999,6723.7,-31498.93999999999,356.716984126984,DOWN,84.58,TRAVEL,38.09428571428571,266.63,764.4527999999999,1031.0828,N,TXN_V2.1,2026-06-29,2026-06-29 19:54:02.665208
2433,2026-06,4,4,149.0,9273.33,40740.58,31467.25,335.6638255033557,UP,24.34,RESTAURANT,40.93885906040268,220.84,185.4666,406.3066,N,TXN_V2.1,2026-06-29,2026-06-29 19:54:02.665208
2434,2026-06,2,2,101.0,44752.740000000005,3050.1400000000003,-41702.600000000006,473.29584158415844,DOWN,90.48,GROCERY,38.6149504950495,264.25,895.0548000000001,1159.3048000000001,N,TXN_V2.1,2026-06-29,2026-06-29 19:54:02.665208
2435,2026-06,3,3,136.0,32162.23,4703.84,-27458.39,271.0740441176471,DOWN,76.02,GROCERY,33.08691176470588,160.5,643.2446,803.7446,N,TXN_V2.1,2026-06-29,2026-06-29 19:54:02.665208
2436,2026-06,2,2,117.0,7035.030000000001,4935.64,-2099.3900000000003,102.31341880341881,DOWN,20.26,UTILITIES,33.32888888888888,268.51,140.7006,409.2106,N,TXN_V2.1,2026-06-29,2026-06-29 19:54:02.665208
2437,2026-06,1,1,55.0,23113.88,4862.76,-18251.120000000003,508.6661818181818,DOWN,59.52,RESTAURANT,34.55,86.2,462.2776,548.4776,N,TXN_V2.1,2026-06-29,2026-06-29 19:54:02.665208
2438,2026-06,3,3,157.0,52356.8,37396.29,-14960.510000000002,571.6757324840764,DOWN,95.26,TRAVEL,31.846433121019114,242.88,1047.136,1290.016,N,TXN_V2.1,2026-06-29,2026-06-29 19:54:02.665208
2439,2026-06,1,1,41.0,9928.76,2851.66,-7077.1,311.7175609756098,DOWN,25.9,RESTAURANT,36.59,47.72,198.5752,246.2952,N,TXN_V2.1,2026-06-29,2026-06-29 19:54:02.665208
2440,2026-06,1,1,27.0,3065.02,10547.18,7482.16,504.15555555555557,UP,11.14,GROCERY,33.33,0.0,61.3004,61.3004,N,TXN_V2.1,2026-06-29,2026-06-29 19:54:02.665208
2441,2026-06,2,1,44.0,2316.2799999999997,1887.4299999999998,-428.8499999999999,95.53886363636362,STABLE,8.0,GAS_STATION,29.543636363636367,71.28999999999999,46.325599999999994,117.61559999999999,N,TXN_V2.1,2026-06-29,2026-06-29 19:54:02.665208
2442,2026-06,3,3,159.0,42088.11,10912.37,-31175.739999999998,333.3363522012579,DOWN,88.14,RETAIL,36.47691823899371,114.1,841.7622,955.8622,N,TXN_V2.1,2026-06-29,2026-06-29 19:54:02.665208
2443,2026-06,3,2,148.0,30526.309999999998,8886.7,-21639.609999999997,266.30412162162156,DOWN,73.42,RETAIL,43.92202702702702,372.39,610.5262,982.9162,N,TXN_V2.1,2026-06-29,2026-06-29 19:54:02.665208
2444,2026-06,2,2,122.0,18575.6,35267.759999999995,16692.159999999996,441.3390163934426,UP,49.12,RETAIL,35.24,161.3,371.512,532.812,N,TXN_V2.1,2026-06-29,2026-06-29 19:54:02.665208
2445,2026-06,4,4,194.0,46787.57,29499.510000000002,-17288.059999999998,393.23237113402064,DOWN,91.9,RETAIL,36.595412371134024,536.31,935.7514,1472.0614,N,TXN_V2.1,2026-06-29,2026-06-29 19:54:02.665208
2446,2026-06,1,1,41.0,10522.36,14768.87,4246.51,616.859268292683,UP,27.46,RESTAURANT,31.710000000000004,73.5,210.4472,283.9472,N,TXN_V2.1,2026-06-29,2026-06-29 19:54:02.665208
2447,2026-06,2,2,84.0,37045.37,8619.01,-28426.36,543.6235714285715,DOWN,83.06,RESTAURANT,40.472142857142856,237.02,740.9074,977.9274,N,TXN_V2.1,2026-06-29,2026-06-29 19:54:02.665208
2448,2026-06,1,1,64.0,32012.84,22511.93,-9500.91,851.9495312500001,DOWN,75.76,RESTAURANT,31.25,117.32,640.2568,757.5768,N,TXN_V2.1,2026-06-29,2026-06-29 19:54:02.665208
2449,2026-06,2,2,72.0,10977.13,1872.72,-9104.41,178.47013888888887,DOWN,28.62,RETAIL,47.22277777777777,192.31,219.5426,411.8526,N,TXN_V2.1,2026-06-29,2026-06-29 19:54:02.665208
2450,2026-06,3,3,183.0,67518.14,24478.6,-43039.54,502.71442622950815,DOWN,99.02,TRAVEL,40.4351912568306,625.97,1350.3628,1976.3328000000001,N,TXN_V2.1,2026-06-29,2026-06-29 19:54:02.665208
2451,2026-06,2,1,87.0,12126.68,4543.469999999999,-7583.210000000001,191.6109195402299,DOWN,31.7,GROCERY,32.185517241379316,131.68,242.5336,374.21360000000004,N,TXN_V2.1,2026-06-29,2026-06-29 19:54:02.665208
2452,2026-06,3,3,104.0,6127.71,6754.4,626.6899999999996,123.86644230769231,UP,18.8,RETAIL,28.846634615384616,169.64999999999998,122.55420000000001,292.2042,N,TXN_V2.1,2026-06-29,2026-06-29 19:54:02.665208
2453,2026-06,3,3,158.0,39866.68,37429.91,-2436.769999999997,489.2189240506329,STABLE,86.24,RESTAURANT,36.07594936708862,160.79000000000002,797.3336,958.1236000000001,N,TXN_V2.1,2026-06-29,2026-06-29 19:54:02.665208
2454,2026-06,4,4,195.0,58270.770000000004,20944.15,-37326.62,406.23035897435904,DOWN,97.12,UTILITIES,34.871641025641026,603.76,1165.4154,1769.1754,N,TXN_V2.1,2026-06-29,2026-06-29 19:54:02.665208
2455,2026-06,2,2,112.0,38984.83,12742.179999999998,-26242.65,461.8483035714286,DOWN,85.38,RETAIL,39.28776785714286,296.59000000000003,779.6966000000001,1076.2866000000001,N,TXN_V2.1,2026-06-29,2026-06-29 19:54:02.665208
2456,2026-06,4,4,194.0,24614.29,31529.67,6915.379999999997,289.4018556701031,UP,62.78,GROCERY,37.115927835051544,510.64,492.28580000000005,1002.9258,N,TXN_V2.1,2026-06-29,2026-06-29 19:54:02.665208
2457,2026-06,2,2,135.0,19569.260000000002,35841.34,16272.079999999994,410.44888888888886,UP,51.34,RESTAURANT,37.03614814814815,256.75,391.38520000000005,648.1352,N,TXN_V2.1,2026-06-29,2026-06-29 19:54:02.665208
2458,2026-06,2,2,94.0,23596.52,19581.86,-4014.66,459.3444680851064,DOWN,60.64,RETAIL,26.596276595744676,319.33000000000004,471.9304,791.2604000000001,N,TXN_V2.1,2026-06-29,2026-06-29 19:54:02.665208
2459,2026-06,4,4,214.0,34946.25,10562.24,-24384.010000000002,212.6564953271028,DOWN,80.06,UTILITIES,36.44523364485981,371.82,698.9250000000001,1070.7450000000001,N,TXN_V2.1,2026-06-29,2026-06-29 19:54:02.665208
2460,2026-06,3,3,149.0,37409.59,16194.07,-21215.519999999997,359.7561073825503,DOWN,83.48,TRAVEL,34.228791946308725,398.71000000000004,748.1918,1146.9018,N,TXN_V2.1,2026-06-29,2026-06-29 19:54:02.665208
2461,2026-06,2,2,107.0,33196.42,17614.690000000002,-15581.729999999996,474.87018691588787,DOWN,77.7,GAS_STATION,42.05457943925233,139.92000000000002,663.9284,803.8484000000001,N,TXN_V2.1,2026-06-29,2026-06-29 19:54:02.665208
2462,2026-06,2,2,85.0,5458.23,19836.989999999998,14378.759999999998,297.59082352941175,UP,17.24,HEALTHCARE,48.236000000000004,215.89,109.1646,325.0546,N,TXN_V2.1,2026-06-29,2026-06-29 19:54:02.665208
2463,2026-06,4,4,185.0,85456.69,36547.68,-48909.01,659.4830810810811,DOWN,99.88,UTILITIES,35.138864864864864,518.18,1709.1338,2227.3138,Y,TXN_V2.1,2026-06-29,2026-06-29 19:54:02.665208
2464,2026-06,3,2,103.0,15941.009999999998,4204.11,-11736.899999999998,195.58368932038834,DOWN,43.04,UTILITIES,34.95330097087378,223.70999999999998,318.8202,542.5301999999999,N,TXN_V2.1,2026-06-29,2026-06-29 19:54:02.665208
2465,2026-06,1,1,35.0,1649.93,2254.53,604.6000000000001,111.556,UP,4.4,UTILITIES,34.28,106.5,32.9986,139.4986,N,TXN_V2.1,2026-06-29,2026-06-29 19:54:02.665208
2466,2026-06,4,4,182.0,19066.5,41389.2,22322.699999999997,332.1741758241758,UP,50.24,UTILITIES,36.81467032967032,588.29,381.33,969.6199999999999,N,TXN_V2.1,2026-06-29,2026-06-29 19:54:02.665208
2467,2026-06,1,1,66.0,23763.07,11969.0,-11794.07,541.395,DOWN,60.96,RETAIL,33.34,95.37,475.2614,570.6314,N,TXN_V2.1,2026-06-29,2026-06-29 19:54:02.665208
2468,2026-06,1,1,75.0,15847.79,3138.77,-12709.02,253.15413333333336,DOWN,42.84,GROCERY,32.0,170.94,316.9558,487.8958,N,TXN_V2.1,2026-06-29,2026-06-29 19:54:02.665208
2469,2026-06,2,2,55.0,3998.97,22827.41,18828.44,487.75236363636367,UP,14.04,RETAIL,45.45127272727273,97.49000000000001,79.9794,177.4694,N,TXN_V2.1,2026-06-29,2026-06-29 19:54:02.665208
2470,2026-06,3,2,143.0,7680.469999999999,15954.580000000002,8274.110000000002,165.28006993006994,UP,21.22,RESTAURANT,35.66216783216783,453.25,153.6094,606.8594,N,TXN_V2.1,2026-06-29,2026-06-29 19:54:02.665208
2471,2026-06,2,2,77.0,15786.14,14921.85,-864.289999999999,398.80506493506493,STABLE,42.56,HEALTHCARE,35.068051948051945,372.05,315.7228,687.7728,N,TXN_V2.1,2026-06-29,2026-06-29 19:54:02.665208
2472,2026-06,4,4,219.0,23054.550000000003,29996.2,6941.649999999998,242.24086757990867,UP,59.34,INSURANCE,36.983561643835614,617.44,461.09100000000007,1078.5310000000002,N,TXN_V2.1,2026-06-29,2026-06-29 19:54:02.665208
2473,2026-06,2,2,56.0,2701.19,11703.69,9002.5,257.23,UP,9.72,INSURANCE,23.21714285714286,76.49,54.0238,130.5138,N,TXN_V2.1,2026-06-29,2026-06-29 19:54:02.665208
2474,2026-06,1,1,65.0,23449.76,2015.53,-21434.23,391.7736923076923,DOWN,60.26,UTILITIES,27.699999999999996,144.89,468.99519999999995,613.8851999999999,N,TXN_V2.1,2026-06-29,2026-06-29 19:54:02.665208
2475,2026-06,2,2,47.0,28469.0,1476.98,-26992.02,637.1485106382978,DOWN,70.16,RETAIL,31.91765957446809,56.74,569.38,626.12,N,TXN_V2.1,2026-06-29,2026-06-29 19:54:02.665208
2476,2026-06,2,2,75.0,10503.130000000001,3380.2599999999998,-7122.870000000001,185.11186666666669,DOWN,27.4,RESTAURANT,33.33333333333333,254.71,210.06260000000003,464.7726,N,TXN_V2.1,2026-06-29,2026-06-29 19:54:02.665208
2477,2026-06,1,1,39.0,22099.27,1998.37,-20100.9,617.8882051282051,DOWN,57.06,GAS_STATION,51.28,139.34,441.9854,581.3254000000001,N,TXN_V2.1,2026-06-29,2026-06-29 19:54:02.665208
2478,2026-06,3,3,133.0,38618.81,18997.24,-19621.569999999996,433.2033834586466,DOWN,85.06,RETAIL,38.35285714285715,286.89,772.3761999999999,1059.2662,N,TXN_V2.1,2026-06-29,2026-06-29 19:54:02.665208
2479,2026-06,3,3,131.0,35121.18,20774.670000000002,-14346.509999999998,426.6858778625955,DOWN,80.26,UTILITIES,37.40335877862595,221.19,702.4236,923.6135999999999,N,TXN_V2.1,2026-06-29,2026-06-29 19:54:02.665208
2480,2026-06,2,2,109.0,5805.79,25661.620000000003,19855.83,288.69183486238535,UP,18.1,GAS_STATION,35.7808256880734,224.04,116.11580000000001,340.1558,N,TXN_V2.1,2026-06-29,2026-06-29 19:54:02.665208
2481,2026-06,2,2,99.0,11175.41,21755.84,10580.43,332.6388888888889,UP,29.14,TRAVEL,49.49878787878787,221.53,223.5082,445.03819999999996,N,TXN_V2.1,2026-06-29,2026-06-29 19:54:02.665208
2482,2026-06,1,1,22.0,1045.19,1399.97,354.78,111.14363636363636,STABLE,1.68,GAS_STATION,45.46000000000001,25.72,20.9038,46.6238,N,TXN_V2.1,2026-06-29,2026-06-29 19:54:02.665208
2483,2026-06,1,1,63.0,28940.93,16136.17,-12804.76,715.5095238095238,DOWN,71.12,GAS_STATION,36.50999999999999,128.61,578.8186000000001,707.4286000000001,N,TXN_V2.1,2026-06-29,2026-06-29 19:54:02.665208
2484,2026-06,1,1,69.0,3540.81,11167.37,7626.560000000001,213.16202898550725,UP,12.58,GAS_STATION,39.129999999999995,132.74,70.8162,203.5562,N,TXN_V2.1,2026-06-29,2026-06-29 19:54:02.665208
2485,2026-06,1,1,45.0,14215.06,1617.34,-12597.72,351.8311111111111,DOWN,37.94,EDUCATION,44.45,166.19,284.3012,450.4912,N,TXN_V2.1,2026-06-29,2026-06-29 19:54:02.665208
2486,2026-06,3,3,151.0,18873.23,29835.63,10962.400000000001,322.57523178807946,UP,49.82,GROCERY,45.69682119205298,201.1,377.4646,578.5646,N,TXN_V2.1,2026-06-29,2026-06-29 19:54:02.665208
2487,2026-06,1,1,29.0,9026.26,1406.73,-7619.530000000001,359.75827586206896,DOWN,23.84,UTILITIES,34.48,15.38,180.5252,195.9052,N,TXN_V2.1,2026-06-29,2026-06-29 19:54:02.665208
2488,2026-06,2,2,111.0,23189.16,3109.73,-20079.43,236.92693693693693,DOWN,59.78,TRAVEL,41.443333333333335,145.26,463.7832,609.0432000000001,N,TXN_V2.1,2026-06-29,2026-06-29 19:54:02.665208
2489,2026-06,3,3,131.0,28160.45,19785.98,-8374.470000000001,366.0032824427481,DOWN,69.66,GROCERY,38.17091603053435,277.51,563.2090000000001,840.719,N,TXN_V2.1,2026-06-29,2026-06-29 19:54:02.665208
2490,2026-06,3,3,149.0,43917.479999999996,12700.47,-31217.009999999995,379.98624161073826,DOWN,89.72,RESTAURANT,38.255973154362415,296.14,878.3495999999999,1174.4895999999999,N,TXN_V2.1,2026-06-29,2026-06-29 19:54:02.665208
2491,2026-06,2,2,88.0,24052.309999999998,9842.2,-14210.109999999997,385.1648863636363,DOWN,61.46,GROCERY,37.50363636363636,261.53,481.04619999999994,742.5762,N,TXN_V2.1,2026-06-29,2026-06-29 19:54:02.665208
2492,2026-06,1,1,47.0,2780.82,3191.75,410.92999999999984,127.0759574468085,STABLE,9.98,RESTAURANT,29.79,106.25,55.616400000000006,161.8664,N,TXN_V2.1,2026-06-29,2026-06-29 19:54:02.665208
2493,2026-06,1,1,19.0,1284.61,11307.8,10023.189999999999,662.7584210526315,UP,2.68,RESTAURANT,31.58,28.83,25.6922,54.5222,N,TXN_V2.1,2026-06-29,2026-06-29 19:54:02.665208
2494,2026-06,1,1,50.0,4233.94,1270.08,-2963.8599999999997,110.0804,DOWN,14.86,GAS_STATION,38.0,84.06,84.6788,168.7388,N,TXN_V2.1,2026-06-29,2026-06-29 19:54:02.665208
2495,2026-06,4,4,175.0,36910.61,26940.95,-9969.66,364.86605714285713,DOWN,82.74,INSURANCE,34.28525714285715,338.38,738.2122,1076.5922,N,TXN_V2.1,2026-06-29,2026-06-29 19:54:02.665208
2496,2026-06,3,3,94.0,20005.350000000002,5452.67,-14552.680000000002,270.83000000000004,DOWN,52.2,RESTAURANT,38.297340425531914,140.08,400.107,540.187,N,TXN_V2.1,2026-06-29,2026-06-29 19:54:02.665208
2497,2026-06,2,2,93.0,6840.17,12262.69,5422.52,205.40709677419355,UP,19.98,GROCERY,40.859032258064516,131.02,136.8034,267.8234,N,TXN_V2.1,2026-06-29,2026-06-29 19:54:02.665208
2498,2026-06,2,2,72.0,4670.389999999999,21868.07,17197.68,368.58972222222224,UP,15.78,RESTAURANT,31.94666666666667,144.59,93.4078,237.99779999999998,N,TXN_V2.1,2026-06-29,2026-06-29 19:54:02.665208
2499,2026-06,3,3,156.0,20029.11,34319.0,14289.89,348.3853205128205,UP,52.24,UTILITIES,40.382243589743595,611.42,400.5822,1012.0021999999999,N,TXN_V2.1,2026-06-29,2026-06-29 19:54:02.665208
2500,2026-06,1,1,51.0,28820.16,1519.0,-27301.16,594.8854901960784,DOWN,70.82,ENTERTAINMENT,47.059999999999995,201.92,576.4032,778.3231999999999,N,TXN_V2.1,2026-06-29,2026-06-29 19:54:02.665208
2501,2026-06,3,2,93.0,24609.09,12143.55,-12465.54,395.18967741935484,DOWN,62.76,TRAVEL,43.01096774193549,415.33000000000004,492.1818,907.5118,N,TXN_V2.1,2026-06-29,2026-06-29 19:54:02.665208
2502,2026-06,4,4,170.0,43315.12,34759.59,-8555.530000000006,459.263,DOWN,89.24,HEALTHCARE,34.70482352941177,576.86,866.3024,1443.1624000000002,N,TXN_V2.1,2026-06-29,2026-06-29 19:54:02.665208
2503,2026-06,1,1,62.0,11387.56,2081.3,-9306.259999999998,217.23967741935485,DOWN,29.74,HEALTHCARE,37.1,124.44,227.75119999999998,352.1912,N,TXN_V2.1,2026-06-29,2026-06-29 19:54:02.665208
2504,2026-06,4,4,170.0,39568.880000000005,45254.11,5685.229999999996,498.9587647058824,UP,85.98,TRAVEL,38.824823529411766,269.65999999999997,791.3776000000001,1061.0376,N,TXN_V2.1,2026-06-29,2026-06-29 19:54:02.665208
2505,2026-06,4,4,175.0,19250.24,7431.83,-11818.410000000002,152.46897142857142,DOWN,50.74,UTILITIES,41.13937142857142,530.5699999999999,385.00480000000005,915.5748,N,TXN_V2.1,2026-06-29,2026-06-29 19:54:02.665208
2506,2026-06,2,2,123.0,61747.270000000004,37064.89,-24682.380000000005,803.3508943089431,DOWN,98.04,UTILITIES,39.83585365853658,367.54,1234.9454,1602.4854,N,TXN_V2.1,2026-06-29,2026-06-29 19:54:02.665208
2507,2026-06,4,4,204.0,38814.84,24787.77,-14027.069999999996,311.7775,DOWN,85.2,TRAVEL,32.354803921568625,533.01,776.2968,1309.3067999999998,N,TXN_V2.1,2026-06-29,2026-06-29 19:54:02.665208
2508,2026-06,2,2,81.0,28076.94,2669.7400000000002,-25407.199999999997,379.58864197530863,DOWN,69.34,RESTAURANT,46.91333333333334,146.11,561.5388,707.6488,N,TXN_V2.1,2026-06-29,2026-06-29 19:54:02.665208
2509,2026-06,3,3,157.0,33153.9,25330.93,-7822.970000000001,372.5148407643312,DOWN,77.58,RESTAURANT,35.02847133757962,393.79999999999995,663.0780000000001,1056.8780000000002,N,TXN_V2.1,2026-06-29,2026-06-29 19:54:02.665208
2510,2026-06,3,3,84.0,15216.1,14999.47,-216.63000000000102,359.70916666666665,STABLE,40.98,UTILITIES,40.47595238095238,123.33,304.322,427.652,N,TXN_V2.1,2026-06-29,2026-06-29 19:54:02.665208
2511,2026-06,3,3,108.0,22610.66,12713.6,-9897.06,327.0764814814815,DOWN,58.38,GROCERY,35.18574074074074,311.8,452.21320000000003,764.0132000000001,N,TXN_V2.1,2026-06-29,2026-06-29 19:54:02.665208
2512,2026-06,4,3,170.0,9282.73,27389.91,18107.18,215.7214117647059,UP,24.38,UTILITIES,35.29382352941177,288.52,185.6546,474.17459999999994,N,TXN_V2.1,2026-06-29,2026-06-29 19:54:02.665208
2513,2026-06,4,4,149.0,15682.039999999999,33376.65,17694.61,329.25295302013427,UP,42.2,RETAIL,43.62040268456377,504.77,313.6408,818.4108,N,TXN_V2.1,2026-06-29,2026-06-29 19:54:02.665208
2514,2026-06,4,4,186.0,33081.2,25551.42,-7529.779999999999,315.2291397849462,DOWN,77.42,RETAIL,41.93521505376344,380.19,661.6239999999999,1041.8139999999999,N,TXN_V2.1,2026-06-29,2026-06-29 19:54:02.665208
2515,2026-06,4,4,206.0,27849.21,20783.24,-7065.9699999999975,236.07985436893202,DOWN,69.1,RESTAURANT,40.29281553398059,201.86,556.9842,758.8442,N,TXN_V2.1,2026-06-29,2026-06-29 19:54:02.665208
2516,2026-06,3,3,90.0,17020.02,5165.72,-11854.3,246.50822222222223,DOWN,45.34,UTILITIES,43.33722222222222,232.65,340.4004,573.0504,N,TXN_V2.1,2026-06-29,2026-06-29 19:54:02.665208
2517,2026-06,3,3,142.0,10109.31,16392.440000000002,6283.130000000003,186.63204225352112,UP,26.4,RESTAURANT,43.65908450704226,356.75,202.18619999999999,558.9362,N,TXN_V2.1,2026-06-29,2026-06-29 19:54:02.665208
2518,2026-06,3,3,146.0,14123.82,20755.28,6631.459999999999,238.89794520547943,UP,37.74,GROCERY,38.35780821917808,256.31,282.4764,538.7864,N,TXN_V2.1,2026-06-29,2026-06-29 19:54:02.665208
2519,2026-06,3,3,143.0,31538.95,24211.33,-7327.619999999999,389.8620979020979,DOWN,75.06,GAS_STATION,44.75888111888112,198.82999999999998,630.779,829.6089999999999,N,TXN_V2.1,2026-06-29,2026-06-29 19:54:02.665208
2520,2026-06,2,2,60.0,9291.849999999999,12359.439999999999,3067.59,360.85483333333326,UP,24.4,TRAVEL,31.662000000000003,143.86,185.83699999999996,329.697,N,TXN_V2.1,2026-06-29,2026-06-29 19:54:02.665208
2521,2026-06,3,3,133.0,20630.78,24560.87,3930.09,339.78684210526313,UP,53.42,GROCERY,46.61954887218045,290.63,412.6156,703.2456,N,TXN_V2.1,2026-06-29,2026-06-29 19:54:02.665208
2522,2026-06,3,3,138.0,26073.62,16367.62,-9705.999999999998,307.54521739130433,DOWN,65.44,RETAIL,38.4068115942029,350.57,521.4724,872.0424,N,TXN_V2.1,2026-06-29,2026-06-29 19:54:02.665208
2523,2026-06,1,1,37.0,2284.52,10497.56,8213.039999999999,345.46162162162165,UP,7.82,RESTAURANT,48.64,37.52,45.690400000000004,83.2104,N,TXN_V2.1,2026-06-29,2026-06-29 19:54:02.665208
2524,2026-06,4,4,186.0,14677.02,23988.55,9311.529999999999,207.87940860215053,UP,39.42,RETAIL,41.39344086021505,446.11,293.54040000000003,739.6504,N,TXN_V2.1,2026-06-29,2026-06-29 19:54:02.665208
2525,2026-06,2,2,113.0,15844.82,17658.22,1813.4000000000015,296.4870796460177,UP,42.82,TRAVEL,41.59336283185841,350.16999999999996,316.8964,667.0663999999999,N,TXN_V2.1,2026-06-29,2026-06-29 19:54:02.665208
2526,2026-06,1,1,45.0,1970.69,26001.76,24031.07,621.6099999999999,UP,6.16,RESTAURANT,40.0,58.55,39.4138,97.96379999999999,N,TXN_V2.1,2026-06-29,2026-06-29 19:54:02.665208
2527,2026-06,4,3,175.0,48122.7,22491.48,-25631.219999999998,403.5096,DOWN,92.94,TRAVEL,39.42971428571429,343.63,962.454,1306.0839999999998,N,TXN_V2.1,2026-06-29,2026-06-29 19:54:02.665208
2528,2026-06,2,2,52.0,2482.6,14607.21,12124.609999999999,328.65019230769224,UP,8.86,GROCERY,40.379230769230766,111.83000000000001,49.652,161.48200000000003,N,TXN_V2.1,2026-06-29,2026-06-29 19:54:02.665208
2529,2026-06,1,1,30.0,1842.6,1322.14,-520.4599999999998,105.49133333333333,STABLE,5.56,GROCERY,50.0,51.73,36.852,88.582,N,TXN_V2.1,2026-06-29,2026-06-29 19:54:02.665208
2530,2026-06,3,3,152.0,48049.67,12227.099999999999,-35822.57,396.55769736842103,DOWN,92.92,UTILITIES,39.47592105263158,396.46999999999997,960.9934,1357.4633999999999,N,TXN_V2.1,2026-06-29,2026-06-29 19:54:02.665208
2531,2026-06,3,3,116.0,22934.19,7565.129999999999,-15369.06,262.9251724137931,DOWN,59.08,TRAVEL,41.3798275862069,273.13,458.68379999999996,731.8137999999999,N,TXN_V2.1,2026-06-29,2026-06-29 19:54:02.665208
2532,2026-06,4,3,180.0,61907.03,33745.049999999996,-28161.980000000003,531.4004444444444,DOWN,98.08,TRAVEL,39.99572222222223,335.21,1238.1406,1573.3506,N,TXN_V2.1,2026-06-29,2026-06-29 19:54:02.665208
2533,2026-06,3,2,140.0,38786.59,13361.570000000002,-25425.019999999997,372.4868571428571,DOWN,85.16,UTILITIES,34.287,239.3,775.7317999999999,1015.0318,N,TXN_V2.1,2026-06-29,2026-06-29 19:54:02.665208
2534,2026-06,2,2,47.0,12261.11,10857.69,-1403.42,491.8893617021277,STABLE,32.08,UTILITIES,34.04446808510638,91.33,245.22220000000002,336.5522,N,TXN_V2.1,2026-06-29,2026-06-29 19:54:02.665208
2535,2026-06,1,1,29.0,1126.0,1478.91,352.9100000000001,89.82448275862069,STABLE,2.02,RETAIL,41.38,142.21,22.52,164.73000000000002,N,TXN_V2.1,2026-06-29,2026-06-29 19:54:02.665208
2536,2026-06,3,3,157.0,33657.19,21832.23,-11824.960000000003,353.43579617834394,DOWN,78.42,RETAIL,42.038216560509554,227.07,673.1438,900.2138,N,TXN_V2.1,2026-06-29,2026-06-29 19:54:02.665208
2537,2026-06,4,4,125.0,8620.09,38831.84,30211.749999999996,379.6154399999999,UP,22.92,RETAIL,39.198,218.64000000000001,172.4018,391.0418,N,TXN_V2.1,2026-06-29,2026-06-29 19:54:02.665208
2538,2026-06,2,2,112.0,7282.5199999999995,4604.72,-2677.7999999999993,106.13607142857143,DOWN,20.76,RESTAURANT,32.144375,302.65,145.6504,448.30039999999997,N,TXN_V2.1,2026-06-29,2026-06-29 19:54:02.665208
2539,2026-06,1,0,19.0,638.5,8462.66,7824.16,479.00842105263155,UP,0.36,HEALTHCARE,26.32,0.0,12.77,12.77,N,TXN_V2.1,2026-06-29,2026-06-29 19:54:02.665208
2540,2026-06,2,2,102.0,23301.01,39063.47,15762.460000000003,611.4164705882353,UP,60.02,TRAVEL,43.13568627450981,356.2,466.0202,822.2202,N,TXN_V2.1,2026-06-29,2026-06-29 19:54:02.665208
2541,2026-06,1,1,25.0,10115.4,9777.48,-337.9200000000001,795.7151999999999,STABLE,26.42,GAMBLING,32.0,130.55,202.308,332.858,N,TXN_V2.1,2026-06-29,2026-06-29 19:54:02.665208
2542,2026-06,1,1,40.0,4289.74,613.38,-3676.3599999999997,122.578,DOWN,14.92,GROCERY,45.0,78.15,85.7948,163.9448,N,TXN_V2.1,2026-06-29,2026-06-29 19:54:02.665208
2543,2026-06,2,2,75.0,16374.36,11878.36,-4496.0,376.70293333333336,DOWN,44.12,RESTAURANT,41.330933333333334,134.14,327.48720000000003,461.6272,N,TXN_V2.1,2026-06-29,2026-06-29 19:54:02.665208
2544,2026-06,1,1,64.0,9335.76,16038.12,6702.360000000001,396.466875,UP,24.58,RETAIL,43.75,18.1,186.7152,204.8152,N,TXN_V2.1,2026-06-29,2026-06-29 19:54:02.665208
2545,2026-06,1,1,28.0,1493.36,1238.61,-254.75,97.57035714285713,STABLE,3.62,RETAIL,57.14,43.99,29.867199999999997,73.8572,N,TXN_V2.1,2026-06-29,2026-06-29 19:54:02.665208
2546,2026-06,1,1,17.0,18891.59,5732.64,-13158.95,1448.4841176470588,DOWN,49.86,GAS_STATION,52.94,11.74,377.8318,389.5718,N,TXN_V2.1,2026-06-29,2026-06-29 19:54:02.665208
2547,2026-06,3,3,122.0,16184.02,36064.36,19880.34,428.2654098360656,UP,43.58,UTILITIES,41.80327868852459,283.15999999999997,323.6804,606.8404,N,TXN_V2.1,2026-06-29,2026-06-29 19:54:02.665208
2548,2026-06,4,4,209.0,46147.5,24952.5,-21195.0,340.1913875598086,DOWN,91.46,GROCERY,34.92693779904306,620.5899999999999,922.95,1543.54,N,TXN_V2.1,2026-06-29,2026-06-29 19:54:02.665208
2549,2026-06,2,2,107.0,24194.989999999998,29146.57,4951.580000000002,498.5192523364486,UP,61.86,RETAIL,48.59626168224299,194.41,483.89979999999997,678.3098,N,TXN_V2.1,2026-06-29,2026-06-29 19:54:02.665208
2550,2026-06,1,1,26.0,2885.77,440.69,-2445.08,127.94076923076923,DOWN,10.5,RETAIL,53.849999999999994,10.87,57.7154,68.5854,N,TXN_V2.1,2026-06-29,2026-06-29 19:54:02.665208
2551,2026-06,2,2,123.0,34654.77,24563.27,-10091.499999999996,481.4474796747967,DOWN,79.66,RETAIL,42.27926829268293,346.18,693.0953999999999,1039.2754,N,TXN_V2.1,2026-06-29,2026-06-29 19:54:02.665208
2552,2026-06,2,1,91.0,40041.59,20420.93,-19620.659999999996,664.4232967032966,DOWN,86.44,RESTAURANT,47.259670329670335,283.73,800.8317999999999,1084.5618,N,TXN_V2.1,2026-06-29,2026-06-29 19:54:02.665208
2553,2026-06,4,4,138.0,30823.17,7524.6,-23298.57,277.8823913043478,DOWN,73.92,HEALTHCARE,39.855362318840584,211.47,616.4634,827.9334,N,TXN_V2.1,2026-06-29,2026-06-29 19:54:02.665208
2554,2026-06,1,1,46.0,10455.04,16106.83,5651.789999999999,577.4319565217392,UP,27.26,RETAIL,32.60999999999999,116.62,209.10080000000002,325.72080000000005,N,TXN_V2.1,2026-06-29,2026-06-29 19:54:02.665208
2555,2026-06,2,2,117.0,25792.15,10544.330000000002,-15247.82,310.56820512820514,DOWN,65.02,RESTAURANT,25.643076923076926,226.25,515.8430000000001,742.0930000000001,N,TXN_V2.1,2026-06-29,2026-06-29 19:54:02.665208
2556,2026-06,4,4,124.0,17567.059999999998,16971.38,-595.6799999999967,278.5358064516129,STABLE,46.88,RESTAURANT,41.93411290322581,194.45,351.34119999999996,545.7911999999999,N,TXN_V2.1,2026-06-29,2026-06-29 19:54:02.665208
2557,2026-06,3,3,71.0,4007.8100000000004,13129.529999999999,9121.719999999998,241.37098591549295,UP,14.1,RETAIL,43.662253521126765,215.37,80.15620000000001,295.5262,N,TXN_V2.1,2026-06-29,2026-06-29 19:54:02.665208
2558,2026-06,1,1,51.0,2043.86,11725.93,9682.07,269.9958823529412,UP,6.64,RESTAURANT,41.18,78.27,40.8772,119.1472,N,TXN_V2.1,2026-06-29,2026-06-29 19:54:02.665208
2559,2026-06,2,2,79.0,15190.3,3218.68,-11971.619999999999,233.02506329113925,DOWN,40.88,RETAIL,41.77329113924051,99.75,303.806,403.556,N,TXN_V2.1,2026-06-29,2026-06-29 19:54:02.665208
2560,2026-06,1,1,32.0,9567.09,8929.51,-637.5799999999999,578.01875,STABLE,25.06,GROCERY,40.63,75.52,191.3418,266.8618,N,TXN_V2.1,2026-06-29,2026-06-29 19:54:02.665208
2561,2026-06,3,3,151.0,28571.620000000003,15904.13,-12667.490000000003,294.5413907284768,DOWN,70.38,TRAVEL,40.395960264900665,228.2,571.4324,799.6324,N,TXN_V2.1,2026-06-29,2026-06-29 19:54:02.665208
2562,2026-06,1,0,20.0,8392.97,1287.62,-7105.349999999999,484.0295,DOWN,22.52,RESTAURANT,35.0,17.65,167.8594,185.5094,N,TXN_V2.1,2026-06-29,2026-06-29 19:54:02.665208
2563,2026-06,3,3,140.0,37655.96,16196.1,-21459.86,384.65757142857143,DOWN,83.86,RETAIL,38.573428571428565,262.9,753.1192,1016.0192,N,TXN_V2.1,2026-06-29,2026-06-29 19:54:02.665208
2564,2026-06,4,4,237.0,48315.58,29123.65,-19191.93,326.747805907173,DOWN,93.04,UTILITIES,37.1337552742616,339.45000000000005,966.3116,1305.7616,N,TXN_V2.1,2026-06-29,2026-06-29 19:54:02.665208
2565,2026-06,1,1,65.0,10048.69,11716.0,1667.3099999999995,334.84138461538464,STABLE,26.22,UTILITIES,33.85,44.11,200.9738,245.0838,N,TXN_V2.1,2026-06-29,2026-06-29 19:54:02.665208
2566,2026-06,4,4,149.0,31495.039999999997,19090.41,-12404.629999999997,339.4996644295302,DOWN,74.96,RESTAURANT,34.22852348993289,305.23,629.9008,935.1308,N,TXN_V2.1,2026-06-29,2026-06-29 19:54:02.665208
2567,2026-06,1,1,60.0,9942.54,22889.63,12947.09,547.2028333333333,UP,25.94,GAS_STATION,35.0,247.47,198.85080000000002,446.3208,N,TXN_V2.1,2026-06-29,2026-06-29 19:54:02.665208
2568,2026-06,3,3,155.0,22673.329999999998,20834.3,-1839.0299999999988,280.69438709677416,DOWN,58.5,RETAIL,47.743806451612905,273.69,453.46659999999997,727.1566,N,TXN_V2.1,2026-06-29,2026-06-29 19:54:02.665208
2569,2026-06,1,1,55.0,32813.27,2372.74,-30440.53,639.7456363636363,DOWN,77.06,GROCERY,43.629999999999995,145.16,656.2654,801.4254,N,TXN_V2.1,2026-06-29,2026-06-29 19:54:02.665208
2570,2026-06,3,3,146.0,16713.7,22282.52,5568.82,267.09739726027397,UP,44.82,TRAVEL,29.454109589041096,634.49,334.274,968.764,N,TXN_V2.1,2026-06-29,2026-06-29 19:54:02.665208
2571,2026-06,4,4,135.0,15073.89,26474.98,11401.09,307.76940740740736,UP,40.6,RESTAURANT,37.03703703703703,311.93,301.4778,613.4078,N,TXN_V2.1,2026-06-29,2026-06-29 19:54:02.665208
2572,2026-06,4,4,267.0,67385.82,32410.1,-34975.72000000001,373.76749063670417,DOWN,99.0,RESTAURANT,35.58602996254681,592.91,1347.7164000000002,1940.6264,N,TXN_V2.1,2026-06-29,2026-06-29 19:54:02.665208
2573,2026-06,3,3,129.0,16204.75,6416.32,-9788.43,175.35713178294574,DOWN,43.66,RETAIL,34.109302325581396,186.68,324.095,510.77500000000003,N,TXN_V2.1,2026-06-29,2026-06-29 19:54:02.665208
2574,2026-06,2,2,138.0,9978.0,5708.01,-4269.99,113.66673913043478,DOWN,26.0,RESTAURANT,30.441594202898546,280.23,199.56,479.79,N,TXN_V2.1,2026-06-29,2026-06-29 19:54:02.665208
2575,2026-06,1,1,70.0,23849.8,13070.53,-10779.269999999999,527.4332857142857,DOWN,61.08,UTILITIES,31.429999999999996,114.94,476.996,591.9359999999999,N,TXN_V2.1,2026-06-29,2026-06-29 19:54:02.665208
2576,2026-06,1,1,72.0,11215.85,4676.86,-6538.990000000001,220.73208333333332,DOWN,29.22,ENTERTAINMENT,41.67,60.29,224.317,284.607,N,TXN_V2.1,2026-06-29,2026-06-29 19:54:02.665208
2577,2026-06,3,3,149.0,29219.940000000002,30904.29,1684.3499999999985,403.518322147651,STABLE,71.38,RESTAURANT,42.95154362416107,321.84000000000003,584.3988,906.2388000000001,N,TXN_V2.1,2026-06-29,2026-06-29 19:54:02.665208
2578,2026-06,4,4,106.0,15496.17,16658.86,1162.6900000000005,303.3493396226415,STABLE,41.6,RESTAURANT,30.18971698113207,166.55,309.9234,476.4734,N,TXN_V2.1,2026-06-29,2026-06-29 19:54:02.665208
2579,2026-06,3,3,129.0,13843.130000000001,12549.490000000002,-1293.6399999999994,204.5939534883721,DOWN,36.8,TRAVEL,29.455658914728684,267.84000000000003,276.86260000000004,544.7026000000001,N,TXN_V2.1,2026-06-29,2026-06-29 19:54:02.665208
2580,2026-06,2,2,124.0,58037.25,5940.49,-52096.76,515.9495161290322,DOWN,97.02,RESTAURANT,37.902338709677416,263.75,1160.7450000000001,1424.4950000000001,N,TXN_V2.1,2026-06-29,2026-06-29 19:54:02.665208
2581,2026-06,1,1,70.0,26823.0,11610.36,-15212.64,549.048,DOWN,67.08,RETAIL,28.58,29.89,536.46,566.35,N,TXN_V2.1,2026-06-29,2026-06-29 19:54:02.665208
2582,2026-06,3,3,149.0,37553.16,59008.05,21454.89,648.0618120805369,UP,83.68,UTILITIES,32.211073825503355,325.37,751.0632,1076.4332,N,TXN_V2.1,2026-06-29,2026-06-29 19:54:02.665208
2583,2026-06,4,4,168.0,38147.11,8075.04,-30072.07,275.13184523809525,DOWN,84.52,UTILITIES,42.856190476190484,436.77,762.9422000000001,1199.7122,N,TXN_V2.1,2026-06-29,2026-06-29 19:54:02.665208
2584,2026-06,4,4,137.0,14799.96,37699.409999999996,22899.449999999997,383.2070802919708,UP,39.88,RETAIL,35.76795620437956,262.04,295.9992,558.0391999999999,N,TXN_V2.1,2026-06-29,2026-06-29 19:54:02.665208
2585,2026-06,3,3,82.0,21221.76,10297.95,-10923.809999999998,384.38670731707316,DOWN,55.2,RETAIL,43.90487804878048,228.85,424.43519999999995,653.2851999999999,N,TXN_V2.1,2026-06-29,2026-06-29 19:54:02.665208
2586,2026-06,2,2,103.0,5037.41,26683.22,21645.81,307.9672815533981,UP,16.5,RESTAURANT,36.89165048543689,273.26,100.7482,374.0082,N,TXN_V2.1,2026-06-29,2026-06-29 19:54:02.665208
2587,2026-06,3,3,123.0,7748.0,25329.88,17581.88,268.9258536585366,UP,21.34,RESTAURANT,30.89707317073171,469.78,154.96,624.74,N,TXN_V2.1,2026-06-29,2026-06-29 19:54:02.665208
2588,2026-06,3,3,161.0,41057.43,7897.49,-33159.94,304.06782608695653,DOWN,87.34,TRAVEL,31.678819875776394,400.68,821.1486,1221.8286,N,TXN_V2.1,2026-06-29,2026-06-29 19:54:02.665208
2589,2026-06,3,3,176.0,20276.1,46660.229999999996,26384.129999999997,380.32005681818174,UP,52.76,GROCERY,34.65704545454545,287.72,405.522,693.242,N,TXN_V2.1,2026-06-29,2026-06-29 19:54:02.665208
2590,2026-06,4,4,197.0,15675.41,63283.57,47608.16,400.8070050761421,UP,42.18,RETAIL,44.159441624365485,619.6700000000001,313.5082,933.1782000000001,N,TXN_V2.1,2026-06-29,2026-06-29 19:54:02.665208
2591,2026-06,2,2,52.0,19356.91,13793.869999999999,-5563.040000000001,637.515,DOWN,50.98,TRAVEL,50.002500000000005,147.28,387.1382,534.4182,N,TXN_V2.1,2026-06-29,2026-06-29 19:54:02.665208
2592,2026-06,1,1,27.0,1347.56,1663.31,315.75,111.5137037037037,STABLE,2.94,RESTAURANT,37.03,116.09,26.9512,143.0412,N,TXN_V2.1,2026-06-29,2026-06-29 19:54:02.665208
2593,2026-06,1,1,55.0,20749.42,2300.98,-18448.44,419.0981818181818,DOWN,53.78,GAS_STATION,27.27,104.38,414.98839999999996,519.3684,N,TXN_V2.1,2026-06-29,2026-06-29 19:54:02.665208
2594,2026-06,1,1,50.0,15517.04,2062.79,-13454.25,351.5966,DOWN,41.64,ENTERTAINMENT,40.0,105.46,310.3408,415.8008,N,TXN_V2.1,2026-06-29,2026-06-29 19:54:02.665208
2595,2026-06,1,1,58.0,19678.33,11598.71,-8079.620000000003,539.2593103448276,DOWN,51.54,RETAIL,41.38,164.45,393.56660000000005,558.0166,N,TXN_V2.1,2026-06-29,2026-06-29 19:54:02.665208
2596,2026-06,2,2,68.0,5144.97,9284.359999999999,4139.3899999999985,212.19602941176467,UP,16.7,TRAVEL,41.17926470588235,185.14,102.89940000000001,288.0394,N,TXN_V2.1,2026-06-29,2026-06-29 19:54:02.665208
2597,2026-06,3,3,133.0,24526.34,43761.98,19235.640000000003,513.4460150375941,UP,62.6,TRAVEL,44.35902255639098,230.83,490.52680000000004,721.3568,N,TXN_V2.1,2026-06-29,2026-06-29 19:54:02.665208
2598,2026-06,1,1,75.0,20421.11,12685.13,-7735.980000000001,441.4165333333333,DOWN,53.0,RETAIL,28.000000000000004,317.65,408.42220000000003,726.0722000000001,N,TXN_V2.1,2026-06-29,2026-06-29 19:54:02.665208
2599,2026-06,4,4,159.0,48760.729999999996,30187.769999999997,-18572.96,496.5314465408805,DOWN,93.5,TRAVEL,33.33666666666667,454.39,975.2145999999999,1429.6046,N,TXN_V2.1,2026-06-29,2026-06-29 19:54:02.665208
2600,2026-06,2,1,80.0,14458.13,3045.07,-11413.06,218.79000000000002,DOWN,38.66,RETAIL,39.998,240.18,289.1626,529.3426,N,TXN_V2.1,2026-06-29,2026-06-29 19:54:02.665208
2601,2026-06,3,2,135.0,62012.51,34683.08,-27329.43,716.2636296296296,DOWN,98.1,HEALTHCARE,34.0762962962963,221.38,1240.2502000000002,1461.6302,N,TXN_V2.1,2026-06-29,2026-06-29 19:54:02.665208
2602,2026-06,3,3,137.0,16910.41,36765.41,19855.000000000004,391.7943065693431,UP,45.06,HEALTHCARE,37.95547445255474,182.97,338.2082,521.1782,N,TXN_V2.1,2026-06-29,2026-06-29 19:54:02.665208
2603,2026-06,2,1,58.0,28246.54,1146.84,-27099.7,506.78241379310344,DOWN,69.84,UTILITIES,31.031724137931032,132.72,564.9308,697.6508,N,TXN_V2.1,2026-06-29,2026-06-29 19:54:02.665208
2604,2026-06,2,2,95.0,12626.35,25248.839999999997,12622.489999999996,398.68621052631573,UP,33.12,TRAVEL,37.894,128.29,252.52700000000002,380.817,N,TXN_V2.1,2026-06-29,2026-06-29 19:54:02.665208
2605,2026-06,2,2,93.0,23830.760000000002,12373.02,-11457.740000000002,389.2879569892473,DOWN,61.02,GROCERY,41.93419354838709,358.03999999999996,476.6152000000001,834.6552,N,TXN_V2.1,2026-06-29,2026-06-29 19:54:02.665208
2606,2026-06,2,2,59.0,24879.620000000003,19386.17,-5493.450000000004,750.2676271186441,DOWN,63.24,RESTAURANT,28.81423728813559,128.57,497.59240000000005,626.1624,N,TXN_V2.1,2026-06-29,2026-06-29 19:54:02.665208
2607,2026-06,4,4,151.0,47909.97,14335.22,-33574.75,412.21980132450335,DOWN,92.84,RETAIL,38.41456953642384,261.66999999999996,958.1994000000001,1219.8694,N,TXN_V2.1,2026-06-29,2026-06-29 19:54:02.665208
2608,2026-06,3,3,140.0,17322.23,34642.71,17320.48,371.17814285714286,UP,46.18,TRAVEL,36.43085714285714,374.8,346.4446,721.2446,N,TXN_V2.1,2026-06-29,2026-06-29 19:54:02.665208
2609,2026-06,1,1,40.0,2572.02,2179.85,-392.1700000000001,118.79675,STABLE,9.3,RESTAURANT,52.5,57.06,51.440400000000004,108.50040000000001,N,TXN_V2.1,2026-06-29,2026-06-29 19:54:02.665208
2610,2026-06,1,1,62.0,24074.66,12469.78,-11604.88,589.4264516129033,DOWN,61.54,ENTERTAINMENT,37.1,141.63,481.4932,623.1232,N,TXN_V2.1,2026-06-29,2026-06-29 19:54:02.665208
2611,2026-06,1,1,62.0,14401.35,14368.06,-33.29000000000087,464.02274193548385,STABLE,38.52,GROCERY,27.42,105.61,288.027,393.637,N,TXN_V2.1,2026-06-29,2026-06-29 19:54:02.665208
2612,2026-06,1,1,65.0,3571.27,20718.02,17146.75,373.6813846153846,UP,12.64,TRAVEL,46.15,81.95,71.4254,153.3754,N,TXN_V2.1,2026-06-29,2026-06-29 19:54:02.665208
2613,2026-06,3,3,130.0,18661.02,7740.11,-10920.91,203.08561538461538,DOWN,49.24,RETAIL,37.69369230769231,166.88,373.22040000000004,540.1004,N,TXN_V2.1,2026-06-29,2026-06-29 19:54:02.665208
2614,2026-06,4,4,186.0,16973.829999999998,64351.58,47377.75,437.2333870967742,UP,45.26,TRAVEL,42.475913978494624,477.21,339.47659999999996,816.6866,N,TXN_V2.1,2026-06-29,2026-06-29 19:54:02.665208
2615,2026-06,2,2,94.0,14268.16,25905.7,11637.54,427.3814893617021,UP,38.16,UTILITIES,30.845744680851066,190.06,285.3632,475.4232,N,TXN_V2.1,2026-06-29,2026-06-29 19:54:02.665208
2616,2026-06,1,1,33.0,9797.25,2101.22,-7696.030000000001,360.559696969697,DOWN,25.58,HEALTHCARE,33.33,38.64,195.945,234.58499999999998,N,TXN_V2.1,2026-06-29,2026-06-29 19:54:02.665208
2617,2026-06,1,1,17.0,713.38,10975.75,10262.37,687.5958823529411,UP,0.48,GAS_STATION,35.29,36.18,14.2676,50.4476,N,TXN_V2.1,2026-06-29,2026-06-29 19:54:02.665208
2618,2026-06,1,1,67.0,10020.38,3807.07,-6213.3099999999995,206.37985074626863,DOWN,26.12,GROCERY,40.3,84.75,200.4076,285.1576,N,TXN_V2.1,2026-06-29,2026-06-29 19:54:02.665208
2619,2026-06,3,3,173.0,19171.57,28068.38,8896.810000000001,273.06329479768783,UP,50.56,GROCERY,39.8893063583815,294.24,383.4314,677.6714,N,TXN_V2.1,2026-06-29,2026-06-29 19:54:02.665208
2620,2026-06,4,3,103.0,33692.75,21693.230000000003,-11999.519999999997,537.7279611650486,DOWN,78.46,RESTAURANT,42.71825242718447,202.57,673.855,876.425,N,TXN_V2.1,2026-06-29,2026-06-29 19:54:02.665208
2621,2026-06,1,1,70.0,12559.02,3310.86,-9248.16,226.71257142857144,DOWN,33.02,ENTERTAINMENT,34.28999999999999,239.3,251.18040000000002,490.48040000000003,N,TXN_V2.1,2026-06-29,2026-06-29 19:54:02.665208
2622,2026-06,4,4,133.0,20379.71,13698.23,-6681.48,256.2251127819549,DOWN,52.96,UTILITIES,45.863157894736844,275.99,407.5942,683.5842,N,TXN_V2.1,2026-06-29,2026-06-29 19:54:02.665208
2623,2026-06,1,1,42.0,20951.2,11194.77,-9756.43,765.3802380952382,DOWN,54.5,GROCERY,45.24,101.94,419.024,520.9639999999999,N,TXN_V2.1,2026-06-29,2026-06-29 19:54:02.665208
2624,2026-06,4,4,176.0,27907.31,16935.510000000002,-10971.8,254.78875000000005,DOWN,69.16,RESTAURANT,34.659147727272725,512.37,558.1462,1070.5162,N,TXN_V2.1,2026-06-29,2026-06-29 19:54:02.665208
2625,2026-06,2,2,115.0,54521.28,4628.46,-49892.82,514.3455652173913,DOWN,96.06,RETAIL,42.611304347826085,405.90999999999997,1090.4256,1496.3355999999999,N,TXN_V2.1,2026-06-29,2026-06-29 19:54:02.665208
2626,2026-06,4,4,215.0,72116.56,71426.89,-689.6699999999983,667.6439534883722,STABLE,99.44,TRAVEL,37.673906976744185,583.7,1442.3312,2026.0312000000001,N,TXN_V2.1,2026-06-29,2026-06-29 19:54:02.665208
2627,2026-06,3,3,121.0,6626.0,8055.03,1429.0299999999997,121.33082644628098,UP,19.68,RESTAURANT,42.14834710743801,401.65999999999997,132.52,534.18,N,TXN_V2.1,2026-06-29,2026-06-29 19:54:02.665208
2628,2026-06,3,3,68.0,5629.75,17769.34,12139.59,344.1042647058824,UP,17.7,TRAVEL,48.53279411764706,165.79000000000002,112.595,278.385,N,TXN_V2.1,2026-06-29,2026-06-29 19:54:02.665208
2629,2026-06,4,4,233.0,31826.36,46919.33,15092.970000000001,337.9643347639485,UP,75.46,RESTAURANT,40.77248927038627,624.12,636.5272,1260.6471999999999,N,TXN_V2.1,2026-06-29,2026-06-29 19:54:02.665208
2630,2026-06,3,3,155.0,12792.58,11653.93,-1138.6499999999996,157.71941935483872,DOWN,33.64,GROCERY,44.51483870967741,174.01999999999998,255.8516,429.87159999999994,N,TXN_V2.1,2026-06-29,2026-06-29 19:54:02.665208
2631,2026-06,2,2,120.0,28153.06,10898.23,-17254.83,325.42741666666666,DOWN,69.6,INSURANCE,40.836666666666666,143.82,563.0612,706.8812,N,TXN_V2.1,2026-06-29,2026-06-29 19:54:02.665208
2632,2026-06,4,4,159.0,33785.37,14455.61,-19329.760000000002,303.40238993710693,DOWN,78.54,UTILITIES,32.703522012578624,426.48,675.7074000000001,1102.1874000000003,N,TXN_V2.1,2026-06-29,2026-06-29 19:54:02.665208
2633,2026-06,1,1,40.0,1888.27,1828.3,-59.97000000000003,92.91425,STABLE,5.86,GROCERY,45.0,206.22,37.7654,243.9854,N,TXN_V2.1,2026-06-29,2026-06-29 19:54:02.665208
2634,2026-06,4,4,234.0,21624.77,47573.16,25948.390000000003,295.7176495726496,UP,56.0,RETAIL,39.74576923076923,298.86,432.4954,731.3554,N,TXN_V2.1,2026-06-29,2026-06-29 19:54:02.665208
2635,2026-06,1,1,75.0,22593.43,2297.71,-20295.72,331.88186666666667,DOWN,58.26,EDUCATION,36.0,176.38,451.8686,628.2486,N,TXN_V2.1,2026-06-29,2026-06-29 19:54:02.665208
2636,2026-06,3,3,118.0,16810.04,28169.45,11359.41,381.1821186440678,UP,44.96,RETAIL,35.59389830508474,179.52,336.2008,515.7208,N,TXN_V2.1,2026-06-29,2026-06-29 19:54:02.665208
2637,2026-06,1,1,30.0,10379.65,19365.25,8985.6,991.4966666666667,UP,27.14,ENTERTAINMENT,46.67000000000001,91.24,207.593,298.83299999999997,N,TXN_V2.1,2026-06-29,2026-06-29 19:54:02.665208
2638,2026-06,2,2,67.0,11222.210000000001,2286.19,-8936.02,201.6179104477612,DOWN,29.26,UTILITIES,32.83522388059701,171.0,224.44420000000002,395.4442,N,TXN_V2.1,2026-06-29,2026-06-29 19:54:02.665208
2639,2026-06,2,2,104.0,6839.91,13501.15,6661.24,195.58711538461537,UP,19.96,RETAIL,35.574423076923075,190.11,136.7982,326.9082,N,TXN_V2.1,2026-06-29,2026-06-29 19:54:02.665208
2640,2026-06,2,2,72.0,16104.439999999999,15744.14,-360.2999999999993,442.34138888888884,STABLE,43.42,RESTAURANT,43.05180555555556,166.7,322.0888,488.7888,N,TXN_V2.1,2026-06-29,2026-06-29 19:54:02.665208
2641,2026-06,1,1,39.0,1706.36,2877.45,1171.09,117.53358974358973,UP,4.7,HEALTHCARE,35.9,98.83,34.1272,132.9572,N,TXN_V2.1,2026-06-29,2026-06-29 19:54:02.665208
2642,2026-06,4,3,186.0,18990.74,23705.06,4714.32,229.547311827957,UP,50.1,RETAIL,39.78752688172043,284.36,379.81480000000005,664.1748,N,TXN_V2.1,2026-06-29,2026-06-29 19:54:02.665208
2643,2026-06,4,4,205.0,45534.03,17526.12,-28007.91,307.610487804878,DOWN,90.98,UTILITIES,38.53878048780488,381.2,910.6806,1291.8806,N,TXN_V2.1,2026-06-29,2026-06-29 19:54:02.665208
2644,2026-06,1,1,22.0,1564.41,815.88,-748.5300000000001,108.195,DOWN,4.0,HEALTHCARE,45.46000000000001,15.01,31.288200000000003,46.2982,N,TXN_V2.1,2026-06-29,2026-06-29 19:54:02.665208
2645,2026-06,3,3,117.0,26185.379999999997,21388.940000000002,-4796.439999999995,406.61811965811967,DOWN,65.64,INSURANCE,35.9,306.36,523.7076,830.0676,N,TXN_V2.1,2026-06-29,2026-06-29 19:54:02.665208
2646,2026-06,2,1,94.0,14287.89,43693.69,29405.800000000003,616.8253191489362,UP,38.2,RETAIL,48.941595744680846,300.32000000000005,285.7578,586.0778,N,TXN_V2.1,2026-06-29,2026-06-29 19:54:02.665208
2647,2026-06,1,1,39.0,1803.48,25153.97,23350.49,691.2166666666667,UP,5.3,TRAVEL,30.769999999999996,0.0,36.0696,36.0696,N,TXN_V2.1,2026-06-29,2026-06-29 19:54:02.665208
2648,2026-06,2,2,69.0,12161.550000000001,4576.7,-7584.850000000001,242.58333333333334,DOWN,31.82,RETAIL,42.028695652173916,52.53,243.23100000000002,295.761,N,TXN_V2.1,2026-06-29,2026-06-29 19:54:02.665208
2649,2026-06,3,3,92.0,17947.760000000002,16168.039999999999,-1779.720000000003,370.8239130434783,STABLE,47.68,UTILITIES,38.041304347826085,349.12,358.95520000000005,708.0752,N,TXN_V2.1,2026-06-29,2026-06-29 19:54:02.665208
2650,2026-06,3,3,114.0,8533.35,14883.48,6350.129999999999,205.41078947368422,UP,22.72,RESTAURANT,35.964210526315796,393.88,170.667,564.547,N,TXN_V2.1,2026-06-29,2026-06-29 19:54:02.665208
2651,2026-06,1,1,28.0,1214.4,1380.29,165.88999999999987,92.6675,STABLE,2.4,GROCERY,39.29,113.14,24.288000000000004,137.428,N,TXN_V2.1,2026-06-29,2026-06-29 19:54:02.665208
2652,2026-06,1,1,47.0,1828.58,9849.73,8021.15,248.47468085106382,UP,5.46,GROCERY,48.93,39.22,36.5716,75.79159999999999,N,TXN_V2.1,2026-06-29,2026-06-29 19:54:02.665208
2653,2026-06,2,2,100.0,31175.41,4859.4,-26316.010000000002,360.3481,DOWN,74.52,RETAIL,36.0017,186.38,623.5082,809.8882,N,TXN_V2.1,2026-06-29,2026-06-29 19:54:02.665208
2654,2026-06,2,2,89.0,14836.07,2920.41,-11915.66,199.51101123595504,DOWN,40.06,RETAIL,41.56831460674157,163.19,296.7214,459.9114,N,TXN_V2.1,2026-06-29,2026-06-29 19:54:02.665208
2655,2026-06,4,4,155.0,44089.02,22419.53,-21669.489999999998,429.08741935483863,DOWN,89.92,UTILITIES,38.06432258064517,309.54999999999995,881.7804,1191.3303999999998,N,TXN_V2.1,2026-06-29,2026-06-29 19:54:02.665208
2656,2026-06,1,1,32.0,12347.23,884.64,-11462.59,413.49593749999997,DOWN,32.28,INSURANCE,46.88,43.54,246.9446,290.4846,N,TXN_V2.1,2026-06-29,2026-06-29 19:54:02.665208
2657,2026-06,2,2,103.0,38957.58,11148.42,-27809.160000000003,486.4660194174757,DOWN,85.32,HEALTHCARE,33.01058252427185,282.56,779.1516,1061.7116,N,TXN_V2.1,2026-06-29,2026-06-29 19:54:02.665208
2658,2026-06,4,4,175.0,32258.38,26469.52,-5788.860000000001,335.588,DOWN,76.28,TRAVEL,35.99577142857143,596.86,645.1676,1242.0276,N,TXN_V2.1,2026-06-29,2026-06-29 19:54:02.665208
2659,2026-06,1,1,72.0,3816.85,11901.92,8085.07,218.31625,UP,13.46,GAS_STATION,33.33,126.39,76.337,202.727,N,TXN_V2.1,2026-06-29,2026-06-29 19:54:02.665208
2660,2026-06,2,2,101.0,43967.05,16327.81,-27639.240000000005,596.9788118811881,DOWN,89.8,GROCERY,41.58227722772276,194.29,879.3410000000001,1073.631,N,TXN_V2.1,2026-06-29,2026-06-29 19:54:02.665208
2661,2026-06,4,3,183.0,25593.16,43047.07,17453.91,375.0832240437158,UP,64.52,TRAVEL,33.88442622950819,440.52,511.8632,952.3832,N,TXN_V2.1,2026-06-29,2026-06-29 19:54:02.665208
2662,2026-06,4,4,150.0,19182.21,27026.1,7843.889999999999,308.05539999999996,UP,50.58,UTILITIES,42.67026666666667,379.40999999999997,383.6442,763.0542,N,TXN_V2.1,2026-06-29,2026-06-29 19:54:02.665208
2663,2026-06,4,4,253.0,48653.1,52745.8,4092.7000000000044,400.78616600790514,UP,93.38,RETAIL,43.08355731225297,848.74,973.062,1821.8020000000001,N,TXN_V2.1,2026-06-29,2026-06-29 19:54:02.665208
2664,2026-06,4,3,156.0,33190.68,35554.76,2364.0800000000017,440.67589743589747,UP,77.64,RETAIL,46.794230769230765,285.46000000000004,663.8136000000001,949.2736000000001,N,TXN_V2.1,2026-06-29,2026-06-29 19:54:02.665208
2665,2026-06,3,3,149.0,51027.97,14414.26,-36613.71,439.20959731543627,DOWN,94.7,TRAVEL,41.611409395973155,470.91999999999996,1020.5594000000001,1491.4794000000002,N,TXN_V2.1,2026-06-29,2026-06-29 19:54:02.665208
2666,2026-06,4,4,170.0,39944.03,43019.35,3075.3199999999997,488.0198823529412,UP,86.34,UTILITIES,43.53076470588235,266.65,798.8806,1065.5306,N,TXN_V2.1,2026-06-29,2026-06-29 19:54:02.665208
2667,2026-06,3,2,89.0,13432.48,3513.68,-9918.8,190.40629213483146,DOWN,35.5,RESTAURANT,41.57089887640449,144.72,268.6496,413.3696,N,TXN_V2.1,2026-06-29,2026-06-29 19:54:02.665208
2668,2026-06,1,1,22.0,1007.07,8815.6,7808.530000000001,446.485,UP,1.56,RETAIL,40.91,67.83,20.1414,87.9714,N,TXN_V2.1,2026-06-29,2026-06-29 19:54:02.665208
2669,2026-06,3,3,147.0,29800.73,23199.129999999997,-6601.600000000002,360.54326530612246,DOWN,72.22,RETAIL,46.2565306122449,261.75,596.0146,857.7646,N,TXN_V2.1,2026-06-29,2026-06-29 19:54:02.665208
2670,2026-06,1,1,48.0,14187.76,2340.66,-11847.1,344.3420833333333,DOWN,37.88,TRAVEL,35.42,55.62,283.7552,339.3752,N,TXN_V2.1,2026-06-29,2026-06-29 19:54:02.665208
2671,2026-06,2,2,91.0,22414.05,10268.580000000002,-12145.469999999998,359.1497802197802,DOWN,57.84,RETAIL,38.463516483516486,120.56,448.281,568.841,N,TXN_V2.1,2026-06-29,2026-06-29 19:54:02.665208
2672,2026-06,3,3,140.0,19330.07,27525.52,8195.45,334.68278571428567,UP,50.94,TRAVEL,42.14714285714285,367.01,386.6014,753.6114,N,TXN_V2.1,2026-06-29,2026-06-29 19:54:02.665208
2673,2026-06,4,4,235.0,44408.759999999995,36688.47,-7720.289999999994,345.0945957446808,DOWN,90.16,RESTAURANT,35.74629787234042,725.34,888.1751999999999,1613.5151999999998,N,TXN_V2.1,2026-06-29,2026-06-29 19:54:02.665208
2674,2026-06,2,2,89.0,13747.04,1681.6,-12065.44,173.35550561797754,DOWN,36.54,GROCERY,40.453033707865174,183.61,274.9408,458.55080000000004,N,TXN_V2.1,2026-06-29,2026-06-29 19:54:02.665208
2675,2026-06,3,3,167.0,28673.0,26572.870000000003,-2100.1299999999974,330.81359281437125,DOWN,70.54,RETAIL,41.914850299401195,514.78,573.46,1088.24,N,TXN_V2.1,2026-06-29,2026-06-29 19:54:02.665208
2676,2026-06,4,4,123.0,7060.46,16031.730000000001,8971.27,187.74138211382115,UP,20.3,RESTAURANT,43.09138211382114,321.06,141.2092,462.2692,N,TXN_V2.1,2026-06-29,2026-06-29 19:54:02.665208
2677,2026-06,2,2,40.0,13114.470000000001,1835.96,-11278.510000000002,373.76075000000003,DOWN,34.64,GAS_STATION,32.502,124.37,262.2894,386.6594,N,TXN_V2.1,2026-06-29,2026-06-29 19:54:02.665208
2678,2026-06,4,4,235.0,23047.260000000002,38086.2,15038.939999999995,260.1423829787234,UP,59.28,RETAIL,34.46778723404256,472.18,460.94520000000006,933.1252000000001,N,TXN_V2.1,2026-06-29,2026-06-29 19:54:02.665208
2679,2026-06,2,2,134.0,10061.17,6153.450000000001,-3907.7199999999993,121.00462686567165,DOWN,26.26,GROCERY,36.56873134328358,224.42000000000002,201.2234,425.64340000000004,N,TXN_V2.1,2026-06-29,2026-06-29 19:54:02.665208
2680,2026-06,3,3,162.0,36965.659999999996,6458.09,-30507.569999999996,268.04783950617286,DOWN,82.88,RESTAURANT,44.44777777777777,587.85,739.3131999999999,1327.1632,N,TXN_V2.1,2026-06-29,2026-06-29 19:54:02.665208
2681,2026-06,4,4,119.0,6161.5,26900.920000000002,20739.420000000002,277.83546218487396,UP,18.88,RETAIL,38.657226890756306,366.99,123.23,490.22,N,TXN_V2.1,2026-06-29,2026-06-29 19:54:02.665208
2682,2026-06,2,2,80.0,6183.2300000000005,14748.23,8565.0,261.64324999999997,UP,18.94,RESTAURANT,32.49512500000001,126.81,123.66460000000001,250.4746,N,TXN_V2.1,2026-06-29,2026-06-29 19:54:02.665208
2683,2026-06,4,4,233.0,13531.48,21033.23,7501.75,148.3463948497854,UP,35.86,RETAIL,34.76454935622318,710.8199999999999,270.6296,981.4495999999999,N,TXN_V2.1,2026-06-29,2026-06-29 19:54:02.665208
2684,2026-06,3,3,146.0,68133.04000000001,24068.91,-44064.130000000005,631.5202054794521,DOWN,99.12,RESTAURANT,36.30020547945206,330.04,1362.6608,1692.7008,N,TXN_V2.1,2026-06-29,2026-06-29 19:54:02.665208
2685,2026-06,1,1,39.0,3063.82,2773.53,-290.28999999999996,149.67564102564103,STABLE,11.12,HEALTHCARE,38.46000000000001,42.59,61.2764,103.8664,N,TXN_V2.1,2026-06-29,2026-06-29 19:54:02.665208
2686,2026-06,1,1,64.0,20595.96,12665.0,-7930.959999999999,519.7025,DOWN,53.34,ENTERTAINMENT,28.130000000000006,144.56,411.9192,556.4792,N,TXN_V2.1,2026-06-29,2026-06-29 19:54:02.665208
2687,2026-06,4,4,153.0,38559.72,7993.530000000001,-30566.190000000002,304.26960784313724,DOWN,84.96,RETAIL,39.21352941176471,388.96,771.1944000000001,1160.1544000000001,N,TXN_V2.1,2026-06-29,2026-06-29 19:54:02.665208
2688,2026-06,3,2,104.0,33615.39,20093.99,-13521.399999999998,516.4363461538462,DOWN,78.34,RETAIL,41.3476923076923,140.25,672.3078,812.5578,N,TXN_V2.1,2026-06-29,2026-06-29 19:54:02.665208
2689,2026-06,1,1,34.0,1948.9,1813.6,-135.30000000000018,110.66176470588235,STABLE,6.08,RETAIL,50.0,61.21,38.978,100.188,N,TXN_V2.1,2026-06-29,2026-06-29 19:54:02.665208
2690,2026-06,1,1,30.0,13056.65,1519.11,-11537.539999999999,485.8586666666667,DOWN,34.54,GROCERY,16.67,0.0,261.133,261.133,N,TXN_V2.1,2026-06-29,2026-06-29 19:54:02.665208
2691,2026-06,4,4,169.0,29481.67,13998.869999999999,-15482.8,257.2813017751479,DOWN,71.76,RESTAURANT,33.13751479289941,534.12,589.6333999999999,1123.7534,N,TXN_V2.1,2026-06-29,2026-06-29 19:54:02.665208
2692,2026-06,3,1,69.0,39720.29,10510.79,-29209.5,727.9866666666667,DOWN,86.1,RETAIL,39.129999999999995,127.67999999999999,794.4058,922.0858,N,TXN_V2.1,2026-06-29,2026-06-29 19:54:02.665208
2693,2026-06,1,1,41.0,3098.63,1870.96,-1227.67,121.20951219512196,DOWN,11.3,GROCERY,26.83,45.54,61.97260000000001,107.5126,N,TXN_V2.1,2026-06-29,2026-06-29 19:54:02.665208
2694,2026-06,1,1,49.0,2038.45,20943.74,18905.29,469.0242857142858,UP,6.54,RESTAURANT,36.74,37.49,40.769,78.259,N,TXN_V2.1,2026-06-29,2026-06-29 19:54:02.665208
2695,2026-06,4,4,246.0,24476.53,29638.059999999998,5161.529999999999,219.9780081300813,UP,62.5,TRAVEL,32.92353658536585,737.1800000000001,489.5306,1226.7106,N,TXN_V2.1,2026-06-29,2026-06-29 19:54:02.665208
2696,2026-06,1,1,24.0,3011.59,8361.63,5350.039999999999,473.88416666666666,UP,10.9,RESTAURANT,33.34000000000001,18.94,60.23180000000001,79.1718,N,TXN_V2.1,2026-06-29,2026-06-29 19:54:02.665208
2697,2026-06,4,4,161.0,39469.4,18917.45,-20551.95,362.65124223602487,DOWN,85.86,RETAIL,40.99478260869565,178.08,789.388,967.4680000000001,N,TXN_V2.1,2026-06-29,2026-06-29 19:54:02.665208
2698,2026-06,3,2,124.0,32079.7,13581.43,-18498.27,368.2349193548387,DOWN,75.9,UTILITIES,29.840241935483874,299.03000000000003,641.594,940.624,N,TXN_V2.1,2026-06-29,2026-06-29 19:54:02.665208
2699,2026-06,4,4,189.0,32220.41,38180.47,5960.060000000001,372.49142857142857,UP,76.18,UTILITIES,30.688095238095244,401.81,644.4082,1046.2182,N,TXN_V2.1,2026-06-29,2026-06-29 19:54:02.665208
2700,2026-06,4,4,177.0,27086.41,55727.75,28641.34,467.8766101694915,UP,67.58,TRAVEL,47.46186440677966,234.95,541.7282,776.6782000000001,N,TXN_V2.1,2026-06-29,2026-06-29 19:54:02.665208
2701,2026-06,3,2,134.0,29592.61,11852.92,-17739.690000000002,309.295,DOWN,72.0,RETAIL,41.04164179104478,428.79,591.8522,1020.6422,N,TXN_V2.1,2026-06-29,2026-06-29 19:54:02.665208
2702,2026-06,3,3,135.0,18797.23,20882.42,2085.1899999999987,293.9233333333333,UP,49.62,TRAVEL,35.55422222222222,263.4,375.9446,639.3445999999999,N,TXN_V2.1,2026-06-29,2026-06-29 19:54:02.665208
2703,2026-06,3,3,146.0,48205.600000000006,20462.510000000002,-27743.090000000004,470.3295205479453,DOWN,93.0,GAS_STATION,41.78246575342467,425.35,964.1120000000001,1389.462,N,TXN_V2.1,2026-06-29,2026-06-29 19:54:02.665208
2704,2026-06,4,4,200.0,44022.86,53892.649999999994,9869.789999999994,489.57755,UP,89.82,TRAVEL,39.499399999999994,498.47,880.4572000000001,1378.9272,N,TXN_V2.1,2026-06-29,2026-06-29 19:54:02.665208
2705,2026-06,1,1,36.0,2669.73,1951.75,-717.98,128.37444444444444,DOWN,9.62,ENTERTAINMENT,47.220000000000006,33.08,53.394600000000004,86.47460000000001,N,TXN_V2.1,2026-06-29,2026-06-29 19:54:02.665208
2706,2026-06,4,4,163.0,22088.36,24026.5,1938.1399999999994,282.9132515337423,UP,57.02,TRAVEL,45.398650306748465,456.15999999999997,441.7672,897.9272,N,TXN_V2.1,2026-06-29,2026-06-29 19:54:02.665208
2707,2026-06,4,4,260.0,57452.46,32713.19,-24739.27,346.7909615384615,DOWN,96.86,RETAIL,39.61857692307692,346.17,1149.0492,1495.2192,N,TXN_V2.1,2026-06-29,2026-06-29 19:54:02.665208
2708,2026-06,2,2,83.0,36718.35,17703.56,-19014.789999999997,655.6856626506025,DOWN,82.4,GROCERY,36.14421686746987,229.14,734.367,963.507,N,TXN_V2.1,2026-06-29,2026-06-29 19:54:02.665208
2709,2026-06,2,2,122.0,25559.620000000003,35122.73,9563.11,497.3963114754099,UP,64.46,RESTAURANT,40.166065573770496,237.57999999999998,511.1924000000001,748.7724000000001,N,TXN_V2.1,2026-06-29,2026-06-29 19:54:02.665208
2710,2026-06,2,2,40.0,9574.689999999999,1160.56,-8414.13,268.38124999999997,DOWN,25.08,HEALTHCARE,32.49875,77.75,191.49379999999996,269.24379999999996,N,TXN_V2.1,2026-06-29,2026-06-29 19:54:02.665208
2711,2026-06,3,3,132.0,36988.8,16674.38,-20314.420000000002,406.5392424242425,DOWN,82.98,TRAVEL,46.208106060606056,198.16,739.7760000000001,937.936,N,TXN_V2.1,2026-06-29,2026-06-29 19:54:02.665208
2712,2026-06,2,2,92.0,12730.34,3675.81,-9054.53,178.32771739130436,DOWN,33.5,GROCERY,32.60999999999999,143.81,254.60680000000002,398.4168,N,TXN_V2.1,2026-06-29,2026-06-29 19:54:02.665208
2713,2026-06,2,2,45.0,21254.239999999998,1007.3199999999999,-20246.92,494.7013333333333,DOWN,55.22,HEALTHCARE,46.66733333333333,122.78,425.0848,547.8648,N,TXN_V2.1,2026-06-29,2026-06-29 19:54:02.665208
2714,2026-06,4,4,242.0,79075.78,15493.2,-63582.58,390.78090909090906,DOWN,99.7,UTILITIES,42.97388429752067,510.98,1581.5156,2092.4956,N,TXN_V2.1,2026-06-29,2026-06-29 19:54:02.665208
2715,2026-06,4,4,227.0,33565.81,36666.05,3100.2400000000052,309.3914537444934,UP,78.2,RETAIL,36.56123348017621,528.95,671.3162,1200.2662,N,TXN_V2.1,2026-06-29,2026-06-29 19:54:02.665208
2716,2026-06,4,4,153.0,28736.25,22785.600000000002,-5950.649999999998,336.7441176470589,DOWN,70.64,TRAVEL,39.21300653594771,486.76,574.725,1061.4850000000001,N,TXN_V2.1,2026-06-29,2026-06-29 19:54:02.665208
2717,2026-06,3,3,134.0,31318.96,34802.2,3483.239999999998,493.4414925373135,UP,74.66,RESTAURANT,41.79559701492537,187.81,626.3792,814.1892,N,TXN_V2.1,2026-06-29,2026-06-29 19:54:02.665208
2718,2026-06,4,4,153.0,30887.800000000003,27722.7,-3165.100000000002,383.07516339869284,DOWN,74.06,WIRE_TRANSFER_INTL,45.754183006535946,388.24,617.7560000000001,1005.9960000000001,N,TXN_V2.1,2026-06-29,2026-06-29 19:54:02.665208
2719,2026-06,4,3,97.0,19889.32,15152.500000000002,-4736.819999999998,361.2558762886598,DOWN,51.96,RETAIL,42.265979381443294,185.29,397.7864,583.0764,N,TXN_V2.1,2026-06-29,2026-06-29 19:54:02.665208
2720,2026-06,2,2,71.0,11925.15,2941.21,-8983.939999999999,209.38535211267606,DOWN,31.28,RETAIL,50.70352112676056,31.59,238.503,270.09299999999996,N,TXN_V2.1,2026-06-29,2026-06-29 19:54:02.665208
2721,2026-06,2,2,101.0,17223.26,5880.41,-11342.849999999999,228.74920792079206,DOWN,45.98,RETAIL,32.672574257425744,189.09,344.4652,533.5552,N,TXN_V2.1,2026-06-29,2026-06-29 19:54:02.665208
2722,2026-06,1,1,39.0,2229.16,22055.88,19826.72,622.6933333333334,UP,7.58,RETAIL,33.33,25.94,44.5832,70.5232,N,TXN_V2.1,2026-06-29,2026-06-29 19:54:02.665208
2723,2026-06,3,2,111.0,33275.63,20837.68,-12437.949999999997,487.50729729729727,DOWN,77.8,RESTAURANT,42.34297297297297,240.35,665.5125999999999,905.8625999999999,N,TXN_V2.1,2026-06-29,2026-06-29 19:54:02.665208
2724,2026-06,2,1,65.0,12991.960000000001,19740.199999999997,6748.239999999996,503.5716923076923,UP,34.28,UTILITIES,49.23461538461538,199.16,259.8392,458.9992,N,TXN_V2.1,2026-06-29,2026-06-29 19:54:02.665208
2725,2026-06,1,1,26.0,2213.14,838.87,-1374.27,117.38499999999999,DOWN,7.54,HEALTHCARE,26.920000000000005,77.6,44.2628,121.8628,N,TXN_V2.1,2026-06-29,2026-06-29 19:54:02.665208
2726,2026-06,2,2,95.0,5677.47,25469.64,19792.17,327.86431578947366,UP,17.84,RESTAURANT,36.84578947368421,161.23000000000002,113.5494,274.7794,N,TXN_V2.1,2026-06-29,2026-06-29 19:54:02.665208
2727,2026-06,2,2,110.0,14566.74,16181.96,1615.2199999999993,279.53363636363633,UP,39.06,WIRE_TRANSFER_INTL,44.544363636363634,304.32,291.33480000000003,595.6548,N,TXN_V2.1,2026-06-29,2026-06-29 19:54:02.665208
2728,2026-06,3,3,90.0,18070.63,11550.390000000001,-6520.24,329.1224444444445,DOWN,47.96,RETAIL,37.77433333333333,44.99,361.41260000000005,406.40260000000006,N,TXN_V2.1,2026-06-29,2026-06-29 19:54:02.665208
2729,2026-06,4,4,177.0,33278.18,29631.989999999998,-3646.1900000000023,355.4246892655367,DOWN,77.82,RESTAURANT,42.37553672316384,403.04,665.5636000000001,1068.6036000000001,N,TXN_V2.1,2026-06-29,2026-06-29 19:54:02.665208
2730,2026-06,1,1,52.0,24963.65,1239.78,-23723.870000000003,503.9121153846154,DOWN,63.34,RETAIL,42.309999999999995,73.56,499.273,572.8330000000001,N,TXN_V2.1,2026-06-29,2026-06-29 19:54:02.665208
2731,2026-06,2,2,99.0,25809.2,12602.43,-13206.77,387.99626262626265,DOWN,65.06,RESTAURANT,45.45212121212121,209.68,516.184,725.864,N,TXN_V2.1,2026-06-29,2026-06-29 19:54:02.665208
2732,2026-06,1,1,59.0,12224.89,12154.5,-70.38999999999942,413.21,STABLE,31.98,UTILITIES,40.67,119.2,244.49779999999998,363.6978,N,TXN_V2.1,2026-06-29,2026-06-29 19:54:02.665208
2733,2026-06,2,2,52.0,2945.74,21513.82,18568.08,470.3761538461538,UP,10.68,RETAIL,34.60826923076923,85.96000000000001,58.9148,144.8748,N,TXN_V2.1,2026-06-29,2026-06-29 19:54:02.665208
2734,2026-06,2,2,138.0,8940.880000000001,7701.599999999999,-1239.2800000000016,120.59768115942029,DOWN,23.66,GROCERY,35.508913043478266,393.76,178.81760000000003,572.5776000000001,N,TXN_V2.1,2026-06-29,2026-06-29 19:54:02.665208
2735,2026-06,4,3,179.0,41384.590000000004,17193.18,-24191.410000000003,327.2501117318436,DOWN,87.44,RETAIL,35.75743016759776,263.63,827.6918000000001,1091.3218000000002,N,TXN_V2.1,2026-06-29,2026-06-29 19:54:02.665208
2736,2026-06,1,1,44.0,13008.07,6820.44,-6187.63,450.6479545454545,DOWN,34.32,GROCERY,43.18,97.38,260.1614,357.5414,N,TXN_V2.1,2026-06-29,2026-06-29 19:54:02.665208
2737,2026-06,2,2,132.0,65861.31,15018.59,-50842.72,612.7265151515151,DOWN,98.8,UTILITIES,45.455000000000005,203.63,1317.2262,1520.8562000000002,N,TXN_V2.1,2026-06-29,2026-06-29 19:54:02.665208
2738,2026-06,3,3,162.0,58814.759999999995,14025.730000000001,-44789.02999999999,449.63265432098757,DOWN,97.32,RESTAURANT,36.421913580246915,374.35,1176.2952,1550.6452,N,TXN_V2.1,2026-06-29,2026-06-29 19:54:02.665208
2739,2026-06,3,3,173.0,37127.11,27490.26,-9636.850000000002,373.5108092485549,DOWN,83.22,TRAVEL,41.04150289017341,423.24,742.5422,1165.7822,N,TXN_V2.1,2026-06-29,2026-06-29 19:54:02.665208
2740,2026-06,4,4,229.0,20907.670000000002,60529.55,39621.880000000005,355.6210480349345,UP,54.38,HEALTHCARE,36.67737991266375,636.0,418.15340000000003,1054.1534000000001,N,TXN_V2.1,2026-06-29,2026-06-29 19:54:02.665208
2741,2026-06,4,4,135.0,17348.440000000002,26008.43,8659.989999999998,321.16200000000003,UP,46.3,UTILITIES,36.29407407407407,173.47,346.96880000000004,520.4388,N,TXN_V2.1,2026-06-29,2026-06-29 19:54:02.665208
2742,2026-06,4,4,250.0,43503.259999999995,47613.2,4109.940000000002,364.46583999999996,UP,89.32,RESTAURANT,40.79972,496.43999999999994,870.0651999999999,1366.5051999999998,N,TXN_V2.1,2026-06-29,2026-06-29 19:54:02.665208
2743,2026-06,3,3,107.0,15892.55,5522.53,-10370.02,200.14093457943923,DOWN,42.92,TRAVEL,38.316074766355136,165.66,317.851,483.51099999999997,N,TXN_V2.1,2026-06-29,2026-06-29 19:54:02.665208
2744,2026-06,2,2,77.0,6384.21,2868.63,-3515.58,120.16675324675325,DOWN,19.36,RESTAURANT,41.557272727272725,170.8,127.6842,298.4842,N,TXN_V2.1,2026-06-29,2026-06-29 19:54:02.665208
2745,2026-06,2,2,59.0,14321.15,2774.0299999999997,-11547.119999999999,289.74881355932206,DOWN,38.3,HEALTHCARE,37.28932203389831,134.66,286.423,421.08299999999997,N,TXN_V2.1,2026-06-29,2026-06-29 19:54:02.665208
2746,2026-06,3,3,148.0,8821.57,30202.25,21380.68,263.67445945945946,UP,23.36,TRAVEL,37.160135135135135,493.28000000000003,176.4314,669.7114,N,TXN_V2.1,2026-06-29,2026-06-29 19:54:02.665208
2747,2026-06,3,3,140.0,15540.629999999997,19874.81,4334.180000000004,252.9674285714286,UP,41.72,RETAIL,38.573714285714274,399.92,310.8126,710.7326,N,TXN_V2.1,2026-06-29,2026-06-29 19:54:02.665208
2748,2026-06,1,1,60.0,23533.22,33432.03,9898.809999999998,949.4208333333333,UP,60.46,INSURANCE,40.0,134.77,470.66440000000006,605.4344000000001,N,TXN_V2.1,2026-06-29,2026-06-29 19:54:02.665208
2749,2026-06,3,3,140.0,26924.469999999998,32848.4,5923.930000000004,426.9490714285714,UP,67.24,RESTAURANT,35.71335714285714,304.64,538.4893999999999,843.1293999999999,N,TXN_V2.1,2026-06-29,2026-06-29 19:54:02.665208
2750,2026-06,1,1,53.0,14411.74,4001.16,-10410.58,347.41320754716986,DOWN,38.56,RESTAURANT,45.29,11.13,288.2348,299.3648,N,TXN_V2.1,2026-06-29,2026-06-29 19:54:02.665208
2751,2026-06,4,4,184.0,32079.33,17749.85,-14329.480000000003,270.81076086956523,DOWN,75.88,TRAVEL,44.56499999999999,383.3,641.5866000000001,1024.8866,N,TXN_V2.1,2026-06-29,2026-06-29 19:54:02.665208
2752,2026-06,2,2,86.0,22064.35,4663.8,-17400.55,310.7924418604651,DOWN,56.98,GAS_STATION,40.69662790697674,196.76999999999998,441.287,638.057,N,TXN_V2.1,2026-06-29,2026-06-29 19:54:02.665208
2753,2026-06,4,4,151.0,48920.82,25519.75,-23401.07,492.98390728476824,DOWN,93.6,TRAVEL,37.75165562913907,395.22999999999996,978.4164000000001,1373.6464,N,TXN_V2.1,2026-06-29,2026-06-29 19:54:02.665208
2754,2026-06,3,3,121.0,36058.92,5136.51,-30922.409999999996,340.4580991735537,DOWN,81.46,TRAVEL,39.6701652892562,316.97,721.1784,1038.1484,N,TXN_V2.1,2026-06-29,2026-06-29 19:54:02.665208
2755,2026-06,3,3,122.0,20626.89,13011.48,-7615.41,275.72434426229506,DOWN,53.38,RESTAURANT,40.98426229508196,214.81,412.5378,627.3478,N,TXN_V2.1,2026-06-29,2026-06-29 19:54:02.665208
2756,2026-06,4,4,188.0,11701.439999999999,28684.39,16982.95,214.81824468085108,UP,30.54,RETAIL,44.681170212765956,425.6,234.0288,659.6288,N,TXN_V2.1,2026-06-29,2026-06-29 19:54:02.665208
2757,2026-06,1,1,53.0,12357.33,18084.77,5727.4400000000005,574.3792452830188,UP,32.36,ENTERTAINMENT,43.39,177.9,247.1466,425.0466,N,TXN_V2.1,2026-06-29,2026-06-29 19:54:02.665208
2758,2026-06,2,2,88.0,13545.39,4404.4,-9140.99,203.9748863636364,DOWN,35.92,TRAVEL,37.5,164.84,270.9078,435.7478,N,TXN_V2.1,2026-06-29,2026-06-29 19:54:02.665208
2759,2026-06,4,3,170.0,51698.26,24053.6,-27644.660000000003,445.59917647058825,DOWN,94.88,UTILITIES,37.06105882352941,516.2,1033.9652,1550.1652000000001,N,TXN_V2.1,2026-06-29,2026-06-29 19:54:02.665208
2760,2026-06,3,3,152.0,18449.84,31808.18,13358.34,330.64486842105265,UP,48.84,RETAIL,44.07743421052631,423.42,368.9968,792.4168,N,TXN_V2.1,2026-06-29,2026-06-29 19:54:02.665208
2761,2026-06,3,3,127.0,17324.79,4161.950000000001,-13162.84,169.18692913385829,DOWN,46.22,RESTAURANT,44.094173228346456,327.57000000000005,346.49580000000003,674.0658000000001,N,TXN_V2.1,2026-06-29,2026-06-29 19:54:02.665208
2762,2026-06,2,2,70.0,13180.78,15348.310000000001,2167.5300000000007,407.55842857142864,UP,34.88,GROCERY,34.283,143.76,263.61560000000003,407.3756,N,TXN_V2.1,2026-06-29,2026-06-29 19:54:02.665208
2763,2026-06,1,1,61.0,16593.87,17044.46,450.59000000000015,551.4480327868853,STABLE,44.58,RESTAURANT,31.14,89.91,331.87739999999997,421.78739999999993,N,TXN_V2.1,2026-06-29,2026-06-29 19:54:02.665208
2764,2026-06,1,1,22.0,1268.78,10848.95,9580.17,550.8059090909092,UP,2.58,GROCERY,36.370000000000005,90.93,25.3756,116.3056,N,TXN_V2.1,2026-06-29,2026-06-29 19:54:02.665208
2765,2026-06,1,1,24.0,12427.28,1300.62,-11126.66,571.9958333333334,DOWN,32.52,GAS_STATION,16.670000000000005,67.68,248.5456,316.2256,N,TXN_V2.1,2026-06-29,2026-06-29 19:54:02.665208
2766,2026-06,4,4,155.0,45132.7,49900.64,4767.940000000002,613.1183225806451,UP,90.78,UTILITIES,35.4861935483871,365.41,902.654,1268.064,N,TXN_V2.1,2026-06-29,2026-06-29 19:54:02.665208
2767,2026-06,1,1,49.0,1498.64,4382.92,2884.2799999999997,120.03183673469388,UP,3.7,GROCERY,30.61,117.47,29.972800000000003,147.4428,N,TXN_V2.1,2026-06-29,2026-06-29 19:54:02.665208
2768,2026-06,2,1,60.0,27112.39,10729.689999999999,-16382.7,630.7013333333333,DOWN,67.66,RETAIL,45.003,162.69,542.2478,704.9377999999999,N,TXN_V2.1,2026-06-29,2026-06-29 19:54:02.665208
2769,2026-06,1,1,56.0,11443.79,1716.27,-9727.52,235.00107142857146,DOWN,29.82,UTILITIES,33.93,107.68,228.87580000000003,336.55580000000003,N,TXN_V2.1,2026-06-29,2026-06-29 19:54:02.665208
2770,2026-06,2,2,117.0,18738.370000000003,11953.380000000001,-6784.990000000002,262.3226495726496,DOWN,49.42,RETAIL,39.31307692307693,146.56,374.76740000000007,521.3274000000001,N,TXN_V2.1,2026-06-29,2026-06-29 19:54:02.665208
2771,2026-06,2,2,49.0,4711.87,1350.45,-3361.42,123.72081632653061,DOWN,15.86,RESTAURANT,42.85999999999999,44.59,94.2374,138.8274,N,TXN_V2.1,2026-06-29,2026-06-29 19:54:02.665208
2772,2026-06,1,1,70.0,10620.02,5314.43,-5305.59,227.63500000000002,DOWN,27.8,TRAVEL,42.86,115.59,212.40040000000002,327.9904,N,TXN_V2.1,2026-06-29,2026-06-29 19:54:02.665208
2773,2026-06,2,2,53.0,22688.78,2342.8,-20345.98,472.29396226415093,DOWN,58.58,TRAVEL,33.96528301886793,97.91,453.7756,551.6856,N,TXN_V2.1,2026-06-29,2026-06-29 19:54:02.665208
2774,2026-06,3,3,179.0,24114.74,53165.14,29050.399999999998,431.73117318435754,UP,61.7,UTILITIES,39.6673184357542,311.94000000000005,482.29480000000007,794.2348000000002,N,TXN_V2.1,2026-06-29,2026-06-29 19:54:02.665208
2775,2026-06,1,1,40.0,1663.81,13905.14,12241.33,389.22375,UP,4.46,RETAIL,30.0,94.89,33.2762,128.1662,N,TXN_V2.1,2026-06-29,2026-06-29 19:54:02.665208
2776,2026-06,3,3,144.0,20234.25,21043.62,809.369999999999,286.65187499999996,STABLE,52.68,RESTAURANT,35.41361111111111,273.38,404.685,678.065,N,TXN_V2.1,2026-06-29,2026-06-29 19:54:02.665208
2777,2026-06,1,1,33.0,2805.57,898.69,-1906.88,112.25030303030303,DOWN,10.08,RETAIL,51.51,31.03,56.1114,87.1414,N,TXN_V2.1,2026-06-29,2026-06-29 19:54:02.665208
2778,2026-06,2,2,123.0,10674.039999999999,8966.23,-1707.8099999999995,159.67699186991868,DOWN,27.94,GROCERY,36.57780487804879,305.29,213.4808,518.7708,N,TXN_V2.1,2026-06-29,2026-06-29 19:54:02.665208
2779,2026-06,4,4,215.0,18574.95,22548.31,3973.3600000000006,191.27097674418604,UP,49.1,GROCERY,38.60674418604651,460.12,371.499,831.619,N,TXN_V2.1,2026-06-29,2026-06-29 19:54:02.665208
2780,2026-06,3,3,97.0,19457.730000000003,34559.99,15102.259999999995,556.8837113402062,UP,51.12,RETAIL,41.23773195876289,273.11,389.1546000000001,662.2646000000001,N,TXN_V2.1,2026-06-29,2026-06-29 19:54:02.665208
2781,2026-06,2,2,81.0,11913.86,3584.48,-8329.380000000001,191.33753086419753,DOWN,31.22,RESTAURANT,34.56407407407408,225.23999999999998,238.27720000000002,463.5172,N,TXN_V2.1,2026-06-29,2026-06-29 19:54:02.665208
2782,2026-06,4,4,162.0,41085.11,39382.130000000005,-1702.979999999996,496.7113580246914,STABLE,87.36,UTILITIES,35.804691358024684,292.53,821.7022000000001,1114.2322,N,TXN_V2.1,2026-06-29,2026-06-29 19:54:02.665208
2783,2026-06,2,2,74.0,4780.0599999999995,24901.87,20121.809999999998,401.1071621621622,UP,16.04,GROCERY,41.894054054054045,154.69,95.60119999999999,250.2912,N,TXN_V2.1,2026-06-29,2026-06-29 19:54:02.665208
2784,2026-06,1,1,62.0,14598.63,14760.08,161.45000000000073,473.52758064516127,STABLE,39.22,HEALTHCARE,35.49,106.35,291.9726,398.32259999999997,N,TXN_V2.1,2026-06-29,2026-06-29 19:54:02.665208
2785,2026-06,2,2,116.0,26574.14,24759.18,-1814.9599999999991,442.52862068965516,STABLE,66.48,GAS_STATION,40.51672413793103,342.29999999999995,531.4828,873.7828,N,TXN_V2.1,2026-06-29,2026-06-29 19:54:02.665208
2786,2026-06,1,1,52.0,10041.0,1930.46,-8110.54,230.2203846153846,DOWN,26.18,GROCERY,40.38,13.57,200.82,214.39,N,TXN_V2.1,2026-06-29,2026-06-29 19:54:02.665208
2787,2026-06,1,1,31.0,2793.66,1814.78,-978.8799999999999,148.65935483870967,DOWN,10.02,RETAIL,25.800000000000008,55.12,55.8732,110.9932,N,TXN_V2.1,2026-06-29,2026-06-29 19:54:02.665208
2788,2026-06,2,2,78.0,10047.66,15968.050000000001,5920.390000000001,333.5347435897436,UP,26.2,GROCERY,43.593589743589746,237.06,200.9532,438.0132,N,TXN_V2.1,2026-06-29,2026-06-29 19:54:02.665208
2789,2026-06,1,1,57.0,13455.07,2201.2,-11253.869999999999,274.67140350877196,DOWN,35.54,GROCERY,49.11999999999999,18.62,269.1014,287.7214,N,TXN_V2.1,2026-06-29,2026-06-29 19:54:02.665208
2790,2026-06,4,4,213.0,54234.53,10023.57,-44210.96,301.681220657277,DOWN,95.9,RESTAURANT,35.20779342723005,562.54,1084.6906,1647.2305999999999,N,TXN_V2.1,2026-06-29,2026-06-29 19:54:02.665208
2791,2026-06,4,3,145.0,36065.55,33780.52,-2285.030000000006,481.6970344827587,STABLE,81.5,UTILITIES,41.380827586206884,406.51,721.311,1127.821,N,TXN_V2.1,2026-06-29,2026-06-29 19:54:02.665208
2792,2026-06,1,1,60.0,12231.62,11270.9,-960.7200000000012,391.70866666666666,STABLE,32.0,GROCERY,41.67,159.88,244.63240000000002,404.5124,N,TXN_V2.1,2026-06-29,2026-06-29 19:54:02.665208
2793,2026-06,2,2,84.0,7478.61,2850.26,-4628.349999999999,122.96273809523808,DOWN,21.0,RETAIL,39.287142857142854,281.32,149.5722,430.8922,N,TXN_V2.1,2026-06-29,2026-06-29 19:54:02.665208
2794,2026-06,2,1,100.0,5553.14,12329.65,6776.509999999999,178.8279,UP,17.48,HEALTHCARE,38.99850000000001,277.92999999999995,111.06280000000001,388.9928,N,TXN_V2.1,2026-06-29,2026-06-29 19:54:02.665208
2795,2026-06,4,4,164.0,18902.58,8558.67,-10343.910000000002,167.4466463414634,DOWN,49.88,TRAVEL,32.92890243902439,347.33,378.05160000000006,725.3816,N,TXN_V2.1,2026-06-29,2026-06-29 19:54:02.665208
2796,2026-06,1,1,24.0,13291.76,685.62,-12606.14,582.3908333333334,DOWN,35.2,RESTAURANT,29.17,69.72,265.8352,335.5552,N,TXN_V2.1,2026-06-29,2026-06-29 19:54:02.665208
2797,2026-06,1,1,53.0,23127.74,8568.78,-14558.960000000001,598.0475471698114,DOWN,59.58,TRAVEL,32.080000000000005,59.6,462.55480000000006,522.1548,N,TXN_V2.1,2026-06-29,2026-06-29 19:54:02.665208
2798,2026-06,4,4,165.0,24141.83,19061.57,-5080.260000000002,261.8387878787879,DOWN,61.76,UTILITIES,39.392787878787885,466.7,482.83660000000003,949.5366,N,TXN_V2.1,2026-06-29,2026-06-29 19:54:02.665208
2799,2026-06,4,3,168.0,28511.36,8885.029999999999,-19626.33,222.5975595238095,DOWN,70.26,TRAVEL,34.52232142857143,457.72,570.2272,1027.9472,N,TXN_V2.1,2026-06-29,2026-06-29 19:54:02.665208
2800,2026-06,3,3,126.0,6067.96,24875.55,18807.59,245.58341269841267,UP,18.68,RETAIL,38.89,297.65,121.3592,419.00919999999996,N,TXN_V2.1,2026-06-29,2026-06-29 19:54:02.665208
2801,2026-06,4,4,181.0,17886.85,33273.479999999996,15386.629999999997,282.6537569060773,UP,47.58,RETAIL,38.12375690607735,382.32,357.73699999999997,740.057,N,TXN_V2.1,2026-06-29,2026-06-29 19:54:02.665208
2802,2026-06,2,2,84.0,21060.48,14227.3,-6833.18,420.09261904761905,DOWN,54.74,GROCERY,34.52202380952381,349.78,421.2096,770.9896,N,TXN_V2.1,2026-06-29,2026-06-29 19:54:02.665208
2803,2026-06,1,1,26.0,1922.55,10979.28,9056.730000000001,496.22423076923076,UP,5.94,GROCERY,26.920000000000005,139.48,38.451,177.93099999999998,N,TXN_V2.1,2026-06-29,2026-06-29 19:54:02.665208
2804,2026-06,4,3,154.0,28505.010000000002,18946.239999999998,-9558.770000000004,308.125,DOWN,70.24,RETAIL,29.87012987012987,779.39,570.1002000000001,1349.4902000000002,N,TXN_V2.1,2026-06-29,2026-06-29 19:54:02.665208
2805,2026-06,2,2,98.0,32869.880000000005,4227.9400000000005,-28641.940000000002,378.5491836734695,DOWN,77.08,GROCERY,35.714285714285715,257.79,657.3976000000001,915.1876000000002,N,TXN_V2.1,2026-06-29,2026-06-29 19:54:02.665208
2806,2026-06,3,3,120.0,19970.129999999997,19231.46,-738.6699999999983,326.67991666666666,STABLE,52.12,RESTAURANT,41.66525,148.45,399.40259999999995,547.8525999999999,N,TXN_V2.1,2026-06-29,2026-06-29 19:54:02.665208
2807,2026-06,2,2,104.0,24445.75,21308.489999999998,-3137.260000000002,439.94461538461536,DOWN,62.42,GROCERY,34.6176923076923,152.32999999999998,488.915,641.245,N,TXN_V2.1,2026-06-29,2026-06-29 19:54:02.665208
2808,2026-06,4,4,148.0,15594.94,47235.8,31640.86,424.5320270270271,UP,41.98,TRAVEL,41.88804054054054,415.97,311.8988,727.8688,N,TXN_V2.1,2026-06-29,2026-06-29 19:54:02.665208
2809,2026-06,4,4,191.0,29408.59,24617.85,-4790.740000000002,282.86094240837696,DOWN,71.68,HEALTHCARE,38.74157068062827,387.69,588.1718,975.8617999999999,N,TXN_V2.1,2026-06-29,2026-06-29 19:54:02.665208
2810,2026-06,3,3,168.0,49641.44,25000.22,-24641.22,444.29559523809525,DOWN,94.0,UTILITIES,39.286904761904765,538.02,992.8288000000001,1530.8488000000002,N,TXN_V2.1,2026-06-29,2026-06-29 19:54:02.665208
2811,2026-06,2,2,46.0,3572.6,1971.8700000000001,-1600.7299999999998,120.53195652173913,DOWN,12.66,RESTAURANT,32.6095652173913,51.43,71.452,122.882,N,TXN_V2.1,2026-06-29,2026-06-29 19:54:02.665208
2812,2026-06,3,3,128.0,15792.599999999999,17357.08,1564.4800000000032,258.981875,UP,42.6,UTILITIES,42.190703125,308.39,315.852,624.242,N,TXN_V2.1,2026-06-29,2026-06-29 19:54:02.665208
2813,2026-06,1,1,61.0,16760.03,17035.28,275.25,554.0214754098361,STABLE,44.88,RETAIL,29.500000000000004,162.58,335.2006,497.78060000000005,N,TXN_V2.1,2026-06-29,2026-06-29 19:54:02.665208
2814,2026-06,4,4,187.0,49497.72,39172.27,-10325.450000000004,474.17106951871654,DOWN,93.82,RESTAURANT,45.454491978609624,304.21000000000004,989.9544000000001,1294.1644000000001,N,TXN_V2.1,2026-06-29,2026-06-29 19:54:02.665208
2815,2026-06,3,3,142.0,31852.23,59238.88,27386.649999999998,641.4866901408451,UP,75.52,GROCERY,39.43345070422536,177.05,637.0446000000001,814.0946000000001,N,TXN_V2.1,2026-06-29,2026-06-29 19:54:02.665208
2816,2026-06,1,1,31.0,8128.72,1888.86,-6239.860000000001,323.14774193548385,DOWN,22.06,GAS_STATION,45.15999999999999,49.4,162.5744,211.9744,N,TXN_V2.1,2026-06-29,2026-06-29 19:54:02.665208
2817,2026-06,4,4,236.0,60112.909999999996,34501.229999999996,-25611.68,400.90737288135585,DOWN,97.64,RESTAURANT,38.13766949152543,607.51,1202.2582,1809.7682,N,TXN_V2.1,2026-06-29,2026-06-29 19:54:02.665208
2818,2026-06,1,1,40.0,14343.83,1120.34,-13223.49,386.60425,DOWN,38.36,EDUCATION,47.5,66.7,286.8766,353.5766,N,TXN_V2.1,2026-06-29,2026-06-29 19:54:02.665208
2819,2026-06,4,4,170.0,23650.55,39583.22,15932.670000000002,371.9633529411765,UP,60.8,UTILITIES,31.766647058823533,399.58000000000004,473.01099999999997,872.591,N,TXN_V2.1,2026-06-29,2026-06-29 19:54:02.665208
2820,2026-06,1,1,64.0,12954.79,2092.12,-10862.670000000002,235.10796875,DOWN,34.14,INSURANCE,40.62,68.24,259.0958,327.3358,N,TXN_V2.1,2026-06-29,2026-06-29 19:54:02.665208
2821,2026-06,3,3,150.0,40193.990000000005,24691.34,-15502.650000000005,432.5688666666667,DOWN,86.56,UTILITIES,40.669466666666665,153.42000000000002,803.8798000000002,957.2998000000002,N,TXN_V2.1,2026-06-29,2026-06-29 19:54:02.665208
2822,2026-06,1,1,20.0,1742.71,335.93,-1406.78,103.93199999999999,DOWN,4.94,GAS_STATION,35.0,46.28,34.8542,81.13419999999999,N,TXN_V2.1,2026-06-29,2026-06-29 19:54:02.665208
2823,2026-06,4,3,196.0,44267.19,20316.85,-23950.340000000004,329.5104081632653,DOWN,90.1,RETAIL,43.36826530612245,589.8399999999999,885.3438000000001,1475.1838,N,TXN_V2.1,2026-06-29,2026-06-29 19:54:02.665208
2824,2026-06,1,1,51.0,9997.43,8012.86,-1984.5700000000006,353.14294117647063,DOWN,26.1,GROCERY,33.34,55.12,199.9486,255.0686,N,TXN_V2.1,2026-06-29,2026-06-29 19:54:02.665208
2825,2026-06,1,0,30.0,6874.88,11049.67,4174.79,597.485,UP,20.04,ENTERTAINMENT,36.67,95.8,137.4976,233.2976,N,TXN_V2.1,2026-06-29,2026-06-29 19:54:02.665208
2826,2026-06,2,2,110.0,10576.21,14235.119999999999,3658.91,225.55754545454545,UP,27.68,RESTAURANT,43.6369090909091,245.68,211.52419999999998,457.2042,N,TXN_V2.1,2026-06-29,2026-06-29 19:54:02.665208
2827,2026-06,4,3,192.0,23735.79,21892.32,-1843.4700000000012,237.64640625,DOWN,60.84,TRAVEL,35.937656249999996,559.8399999999999,474.7158,1034.5557999999999,N,TXN_V2.1,2026-06-29,2026-06-29 19:54:02.665208
2828,2026-06,4,4,206.0,35643.2,8110.43,-27532.769999999997,212.3962621359223,DOWN,80.86,TRAVEL,38.34907766990291,522.55,712.8639999999999,1235.4139999999998,N,TXN_V2.1,2026-06-29,2026-06-29 19:54:02.665208
2829,2026-06,4,4,240.0,44948.85,23476.69,-21472.16,285.10641666666663,DOWN,90.66,TRAVEL,38.33233333333333,696.72,898.977,1595.6970000000001,N,TXN_V2.1,2026-06-29,2026-06-29 19:54:02.665208
2830,2026-06,4,4,195.0,47932.479999999996,27938.78,-19993.699999999997,389.0833846153846,DOWN,92.88,RESTAURANT,36.921846153846154,487.23,958.6496,1445.8796,N,TXN_V2.1,2026-06-29,2026-06-29 19:54:02.665208
2831,2026-06,4,4,185.0,46918.69,24070.67,-22848.020000000004,383.7262702702703,DOWN,92.0,UTILITIES,39.99983783783783,426.61,938.3738000000001,1364.9838,N,TXN_V2.1,2026-06-29,2026-06-29 19:54:02.665208
2832,2026-06,3,3,181.0,21578.440000000002,32341.99,10763.55,297.9029281767956,UP,55.86,TRAVEL,35.91038674033149,389.5,431.56880000000007,821.0688,N,TXN_V2.1,2026-06-29,2026-06-29 19:54:02.665208
2833,2026-06,2,2,110.0,4133.95,35435.91,31301.960000000003,359.726,UP,14.56,RETAIL,41.81890909090909,201.6,82.679,284.279,N,TXN_V2.1,2026-06-29,2026-06-29 19:54:02.665208
2834,2026-06,3,3,127.0,37614.81,31785.5,-5829.309999999998,546.4591338582677,DOWN,83.8,RESTAURANT,26.770551181102363,331.23,752.2962,1083.5262,N,TXN_V2.1,2026-06-29,2026-06-29 19:54:02.665208
2835,2026-06,2,2,131.0,20429.6,5035.2,-15394.399999999998,194.38778625954197,DOWN,53.02,RESTAURANT,44.27236641221375,380.96,408.592,789.5519999999999,N,TXN_V2.1,2026-06-29,2026-06-29 19:54:02.665208
2836,2026-06,1,1,29.0,13194.21,1895.65,-11298.56,520.3399999999999,DOWN,34.92,GROCERY,34.48,67.3,263.88419999999996,331.1842,N,TXN_V2.1,2026-06-29,2026-06-29 19:54:02.665208
2837,2026-06,2,2,73.0,15588.93,11481.15,-4107.780000000001,370.8230136986302,DOWN,41.96,RESTAURANT,42.46630136986301,218.73000000000002,311.77860000000004,530.5086000000001,N,TXN_V2.1,2026-06-29,2026-06-29 19:54:02.665208
2838,2026-06,2,2,113.0,17109.65,4324.400000000001,-12785.25,189.68185840707966,DOWN,45.56,RESTAURANT,34.51318584070796,267.07,342.19300000000004,609.263,N,TXN_V2.1,2026-06-29,2026-06-29 19:54:02.665208
2839,2026-06,1,0,35.0,2188.2,8618.85,6430.650000000001,308.7728571428571,UP,7.38,UTILITIES,28.57,163.87,43.763999999999996,207.63400000000001,N,TXN_V2.1,2026-06-29,2026-06-29 19:54:02.665208
2840,2026-06,4,4,231.0,31523.05,17937.82,-13585.23,214.11632034632032,DOWN,75.04,RETAIL,37.6608658008658,645.24,630.461,1275.701,N,TXN_V2.1,2026-06-29,2026-06-29 19:54:02.665208
2841,2026-06,3,3,139.0,54726.96,14472.22,-40254.74,497.83582733812943,DOWN,96.12,WIRE_TRANSFER_INTL,43.16935251798561,102.62,1094.5392,1197.1592,N,TXN_V2.1,2026-06-29,2026-06-29 19:54:02.665208
2842,2026-06,3,2,54.0,17680.94,8531.95,-9148.989999999998,485.4238888888889,DOWN,47.1,RETAIL,40.74296296296296,147.89,353.61879999999996,501.50879999999995,N,TXN_V2.1,2026-06-29,2026-06-29 19:54:02.665208
2843,2026-06,4,3,172.0,49773.329999999994,43510.42,-6262.909999999996,542.3473837209302,DOWN,94.12,TRAVEL,42.44139534883721,399.28999999999996,995.4665999999999,1394.7565999999997,N,TXN_V2.1,2026-06-29,2026-06-29 19:54:02.665208
2844,2026-06,3,3,63.0,33331.76,1968.98,-31362.780000000002,560.3292063492064,DOWN,77.94,TRAVEL,28.574285714285715,235.29,666.6352,901.9252,N,TXN_V2.1,2026-06-29,2026-06-29 19:54:02.665208
2845,2026-06,1,1,18.0,1474.84,1249.15,-225.68999999999983,151.33277777777778,STABLE,3.5,GROCERY,55.55,52.32,29.4968,81.8168,N,TXN_V2.1,2026-06-29,2026-06-29 19:54:02.665208
2846,2026-06,4,3,157.0,39209.96,18003.77,-21206.19,364.41866242038213,DOWN,85.56,UTILITIES,30.571210191082805,361.02,784.1992,1145.2192,N,TXN_V2.1,2026-06-29,2026-06-29 19:54:02.665208
2847,2026-06,3,3,142.0,29527.079999999998,24833.49,-4693.5899999999965,382.82091549295774,DOWN,71.84,RESTAURANT,33.097605633802814,390.63,590.5416,981.1716,N,TXN_V2.1,2026-06-29,2026-06-29 19:54:02.665208
2848,2026-06,3,3,180.0,54944.12,13245.14,-41698.98,378.82922222222226,DOWN,96.2,RETAIL,41.117,318.19,1098.8824000000002,1417.0724000000002,N,TXN_V2.1,2026-06-29,2026-06-29 19:54:02.665208
2849,2026-06,3,3,140.0,55840.259999999995,16481.29,-39358.969999999994,516.5824999999999,DOWN,96.44,RETAIL,38.57514285714286,242.60999999999999,1116.8052,1359.4152,N,TXN_V2.1,2026-06-29,2026-06-29 19:54:02.665208
2850,2026-06,1,1,18.0,994.8,1297.46,302.6600000000001,127.3477777777778,STABLE,1.46,GAS_STATION,44.44,12.55,19.896,32.446,N,TXN_V2.1,2026-06-29,2026-06-29 19:54:02.665208
2851,2026-06,3,2,136.0,27576.11,14037.36,-13538.75,305.9813970588235,DOWN,68.56,RETAIL,40.44191176470588,270.90999999999997,551.5222,822.4322,N,TXN_V2.1,2026-06-29,2026-06-29 19:54:02.665208
2852,2026-06,3,3,167.0,23563.52,36366.06,12802.539999999997,358.85976047904194,UP,60.58,RESTAURANT,38.92754491017964,269.59,471.2704,740.8604,N,TXN_V2.1,2026-06-29,2026-06-29 19:54:02.665208
2853,2026-06,3,3,147.0,33242.44,44199.76,10957.32,526.81768707483,UP,77.78,HEALTHCARE,36.73578231292517,184.36,664.8488000000001,849.2088000000001,N,TXN_V2.1,2026-06-29,2026-06-29 19:54:02.665208
2854,2026-06,1,1,67.0,2490.34,28434.32,25943.98,461.56208955223883,UP,8.9,GROCERY,43.28,234.35,49.8068,284.1568,N,TXN_V2.1,2026-06-29,2026-06-29 19:54:02.665208
2855,2026-06,1,1,26.0,1586.56,1602.91,16.350000000000136,122.6719230769231,STABLE,4.12,TRAVEL,26.93,96.39,31.7312,128.1212,N,TXN_V2.1,2026-06-29,2026-06-29 19:54:02.665208
2856,2026-06,2,2,61.0,10961.919999999998,13959.48,2997.5600000000013,408.5475409836065,UP,28.6,RETAIL,34.42852459016393,16.18,219.23839999999996,235.41839999999996,N,TXN_V2.1,2026-06-29,2026-06-29 19:54:02.665208
2857,2026-06,3,3,91.0,15768.869999999999,4208.56,-11560.309999999998,219.5321978021978,DOWN,42.5,RETAIL,30.76813186813187,174.64,315.37739999999997,490.01739999999995,N,TXN_V2.1,2026-06-29,2026-06-29 19:54:02.665208
2858,2026-06,2,2,81.0,27239.75,4530.780000000001,-22708.97,392.2287654320987,DOWN,67.86,RESTAURANT,35.80814814814815,126.06,544.795,670.855,N,TXN_V2.1,2026-06-29,2026-06-29 19:54:02.665208
2859,2026-06,3,3,162.0,47258.42,7816.25,-39442.17,339.96709876543207,DOWN,92.26,RETAIL,39.51172839506173,618.9,945.1684,1564.0684,N,TXN_V2.1,2026-06-29,2026-06-29 19:54:02.665208
2860,2026-06,3,3,106.0,15005.09,5417.42,-9587.67,192.6651886792453,DOWN,40.4,UTILITIES,35.84792452830189,223.8,300.1018,523.9018000000001,N,TXN_V2.1,2026-06-29,2026-06-29 19:54:02.665208
2861,2026-06,3,3,78.0,35281.62,15222.85,-20058.770000000004,647.4932051282051,DOWN,80.4,TRAVEL,29.48794871794872,276.28,705.6324000000001,981.9124,N,TXN_V2.1,2026-06-29,2026-06-29 19:54:02.665208
2862,2026-06,1,1,61.0,15711.55,16788.35,1076.7999999999993,532.7852459016393,STABLE,42.28,RESTAURANT,40.980000000000004,126.81,314.231,441.041,N,TXN_V2.1,2026-06-29,2026-06-29 19:54:02.665208
2863,2026-06,1,1,41.0,2166.29,3192.74,1026.4499999999998,130.7080487804878,UP,7.24,GROCERY,41.459999999999994,58.03,43.3258,101.3558,N,TXN_V2.1,2026-06-29,2026-06-29 19:54:02.665208
2864,2026-06,2,2,106.0,25932.22,10333.17,-15599.050000000001,342.12632075471697,DOWN,65.26,TRAVEL,35.84745283018868,190.43,518.6444,709.0744,N,TXN_V2.1,2026-06-29,2026-06-29 19:54:02.665208
2865,2026-06,1,1,51.0,23544.08,13218.29,-10325.79,720.8307843137255,DOWN,60.52,HEALTHCARE,35.3,95.27,470.88160000000005,566.1516,N,TXN_V2.1,2026-06-29,2026-06-29 19:54:02.665208
2866,2026-06,2,2,77.0,4430.139999999999,11261.16,6831.02,203.78311688311686,UP,15.24,RETAIL,37.65714285714286,164.76,88.60279999999999,253.3628,N,TXN_V2.1,2026-06-29,2026-06-29 19:54:02.665208
2867,2026-06,2,2,80.0,17982.35,4785.58,-13196.769999999999,284.599125,DOWN,47.74,UTILITIES,41.2545,141.85,359.647,501.49699999999996,N,TXN_V2.1,2026-06-29,2026-06-29 19:54:02.665208
2868,2026-06,1,1,70.0,5770.51,7334.21,1563.6999999999998,187.21028571428573,UP,18.0,UTILITIES,38.57000000000001,246.61,115.4102,362.02020000000005,N,TXN_V2.1,2026-06-29,2026-06-29 19:54:02.665208
2869,2026-06,4,4,182.0,42554.340000000004,20884.1,-21670.240000000005,348.5628571428572,DOWN,88.66,TRAVEL,34.06373626373627,307.59000000000003,851.0868,1158.6768000000002,N,TXN_V2.1,2026-06-29,2026-06-29 19:54:02.665208
2870,2026-06,3,3,88.0,4658.36,4554.9,-103.46000000000004,104.69613636363634,STABLE,15.76,INSURANCE,38.63170454545454,197.04999999999998,93.1672,290.2172,N,TXN_V2.1,2026-06-29,2026-06-29 19:54:02.665208
2871,2026-06,2,1,43.0,21047.47,7144.530000000001,-13902.94,655.6279069767442,DOWN,54.7,RESTAURANT,34.88558139534883,48.52,420.9494,469.4694,N,TXN_V2.1,2026-06-29,2026-06-29 19:54:02.665208
2872,2026-06,3,3,182.0,21706.53,49031.44,27324.910000000003,388.6701648351648,UP,56.16,RESTAURANT,33.51945054945055,285.0,434.13059999999996,719.1306,N,TXN_V2.1,2026-06-29,2026-06-29 19:54:02.665208
2873,2026-06,3,3,160.0,16934.42,10027.02,-6907.399999999998,168.509,DOWN,45.18,RESTAURANT,36.8790625,352.88,338.68839999999994,691.5683999999999,N,TXN_V2.1,2026-06-29,2026-06-29 19:54:02.665208
2874,2026-06,3,3,130.0,35629.67,25418.52,-10211.149999999998,469.60146153846154,DOWN,80.84,RETAIL,40.002153846153846,339.98,712.5934,1052.5734,N,TXN_V2.1,2026-06-29,2026-06-29 19:54:02.665208
2875,2026-06,3,3,136.0,52874.78999999999,19627.05,-33247.73999999999,533.1017647058824,DOWN,95.42,TRAVEL,35.29558823529412,296.15,1057.4958,1353.6457999999998,N,TXN_V2.1,2026-06-29,2026-06-29 19:54:02.665208
2876,2026-06,2,2,82.0,6873.07,9941.28,3068.210000000001,205.05304878048779,UP,20.02,GROCERY,39.0251219512195,222.19,137.4614,359.65139999999997,N,TXN_V2.1,2026-06-29,2026-06-29 19:54:02.665208
2877,2026-06,3,3,125.0,28835.83,21445.300000000003,-7390.529999999999,402.24904000000004,DOWN,70.96,UTILITIES,27.19912,231.10000000000002,576.7166000000001,807.8166000000001,N,TXN_V2.1,2026-06-29,2026-06-29 19:54:02.665208
2878,2026-06,3,3,147.0,18079.75,7199.0,-10880.75,171.96428571428572,DOWN,48.02,TRAVEL,37.41537414965986,411.22,361.595,772.815,N,TXN_V2.1,2026-06-29,2026-06-29 19:54:02.665208
2879,2026-06,2,2,86.0,6395.639999999999,24261.129999999997,17865.489999999998,356.47406976744185,UP,19.42,UTILITIES,37.2093023255814,131.04000000000002,127.91279999999999,258.9528,N,TXN_V2.1,2026-06-29,2026-06-29 19:54:02.665208
2880,2026-06,3,3,82.0,35862.39,12426.61,-23435.78,588.890243902439,DOWN,81.22,RESTAURANT,45.122439024390246,71.86,717.2478,789.1078,N,TXN_V2.1,2026-06-29,2026-06-29 19:54:02.665208
2881,2026-06,4,4,157.0,54057.51,44617.97,-9439.54,628.5062420382167,DOWN,95.8,RETAIL,42.04152866242038,298.45,1081.1502,1379.6002,N,TXN_V2.1,2026-06-29,2026-06-29 19:54:02.665208
2882,2026-06,2,2,74.0,15266.52,20543.309999999998,5276.789999999997,483.91662162162163,UP,41.12,RESTAURANT,35.138378378378384,137.01,305.3304,442.3404,N,TXN_V2.1,2026-06-29,2026-06-29 19:54:02.665208
2883,2026-06,1,1,45.0,13824.53,590.13,-13234.400000000001,320.3257777777778,DOWN,36.74,RESTAURANT,37.78,90.97,276.49060000000003,367.4606,N,TXN_V2.1,2026-06-29,2026-06-29 19:54:02.665208
2884,2026-06,4,4,183.0,22814.53,22361.550000000003,-452.9799999999959,246.86382513661204,STABLE,58.78,HEALTHCARE,33.879071038251375,339.4,456.2906,795.6905999999999,N,TXN_V2.1,2026-06-29,2026-06-29 19:54:02.665208
2885,2026-06,2,2,89.0,17356.24,15526.9,-1829.340000000002,369.4734831460674,STABLE,46.34,TRAVEL,42.692247191011234,174.73999999999998,347.12480000000005,521.8648000000001,N,TXN_V2.1,2026-06-29,2026-06-29 19:54:02.665208
2886,2026-06,4,4,211.0,18525.940000000002,44493.009999999995,25967.069999999992,298.66800947867296,UP,49.08,RESTAURANT,39.339336492891,485.03,370.51880000000006,855.5488,N,TXN_V2.1,2026-06-29,2026-06-29 19:54:02.665208
2887,2026-06,1,1,31.0,8941.36,2181.37,-6759.990000000001,358.7977419354839,DOWN,23.68,GROCERY,35.48,0.0,178.8272,178.8272,N,TXN_V2.1,2026-06-29,2026-06-29 19:54:02.665208
2888,2026-06,1,1,70.0,4052.6,10506.37,6453.77,207.98528571428574,UP,14.2,GROCERY,32.86,162.31,81.052,243.36200000000002,N,TXN_V2.1,2026-06-29,2026-06-29 19:54:02.665208
2889,2026-06,2,1,65.0,5106.22,3031.37,-2074.8500000000004,125.19369230769232,DOWN,16.6,HEALTHCARE,33.84615384615385,101.84,102.12440000000001,203.9644,N,TXN_V2.1,2026-06-29,2026-06-29 19:54:02.665208
2890,2026-06,4,4,182.0,83134.91,40208.65,-42926.26,677.7118681318681,DOWN,99.86,RESTAURANT,37.911758241758235,405.15999999999997,1662.6982,2067.8582,N,TXN_V2.1,2026-06-29,2026-06-29 19:54:02.665208
2891,2026-06,1,1,35.0,1107.01,1566.51,459.5,76.38628571428572,UP,1.94,GROCERY,37.15,156.64,22.1402,178.78019999999998,N,TXN_V2.1,2026-06-29,2026-06-29 19:54:02.665208
2892,2026-06,1,1,61.0,2335.13,9266.97,6931.839999999999,190.19836065573767,UP,8.08,RETAIL,29.500000000000004,174.35,46.702600000000004,221.05259999999998,N,TXN_V2.1,2026-06-29,2026-06-29 19:54:02.665208
2893,2026-06,2,2,102.0,17482.510000000002,11187.24,-6295.270000000002,281.07598039215685,DOWN,46.7,RETAIL,38.230000000000004,347.02,349.65020000000004,696.6702,N,TXN_V2.1,2026-06-29,2026-06-29 19:54:02.665208
2894,2026-06,2,2,52.0,4380.49,10108.42,5727.93,278.6328846153846,UP,15.14,GROCERY,34.62153846153846,130.49,87.60979999999999,218.09980000000002,N,TXN_V2.1,2026-06-29,2026-06-29 19:54:02.665208
2895,2026-06,2,2,122.0,19633.12,17852.04,-1781.079999999998,307.2554098360656,DOWN,51.42,TRAVEL,30.324999999999996,201.36,392.6624,594.0224000000001,N,TXN_V2.1,2026-06-29,2026-06-29 19:54:02.665208
2896,2026-06,1,1,62.0,8702.95,14833.17,6130.219999999999,379.6148387096775,UP,23.1,RESTAURANT,40.32,109.58,174.05900000000003,283.639,N,TXN_V2.1,2026-06-29,2026-06-29 19:54:02.665208
2897,2026-06,4,4,206.0,55017.16,39607.11,-15410.050000000003,459.34111650485437,DOWN,96.22,RESTAURANT,41.746310679611646,331.21,1100.3432,1431.5532,N,TXN_V2.1,2026-06-29,2026-06-29 19:54:02.665208
2898,2026-06,4,4,139.0,23915.69,7161.52,-16754.17,223.57705035971222,DOWN,61.18,RETAIL,38.126762589928056,222.51,478.31379999999996,700.8237999999999,N,TXN_V2.1,2026-06-29,2026-06-29 19:54:02.665208
2899,2026-06,4,3,155.0,18477.68,25645.3,7167.619999999999,284.6643870967742,UP,48.94,HEALTHCARE,39.99819354838709,223.49,369.5536,593.0436,N,TXN_V2.1,2026-06-29,2026-06-29 19:54:02.665208
2900,2026-06,3,3,129.0,7372.780000000001,37769.53,30396.75,349.9403875968992,UP,20.86,RETAIL,36.43286821705426,360.81,147.4556,508.2656,N,TXN_V2.1,2026-06-29,2026-06-29 19:54:02.665208
2901,2026-06,3,3,185.0,47008.19,38826.93,-8181.260000000002,463.9736216216216,DOWN,92.08,RESTAURANT,38.91562162162162,490.46000000000004,940.1638,1430.6238,N,TXN_V2.1,2026-06-29,2026-06-29 19:54:02.665208
2902,2026-06,1,1,43.0,2860.25,13858.37,10998.12,388.8051162790698,UP,10.42,GROCERY,46.51,90.75,57.205,147.95499999999998,N,TXN_V2.1,2026-06-29,2026-06-29 19:54:02.665208
2903,2026-06,3,3,127.0,37936.92,28425.47,-9511.449999999997,522.5385039370078,DOWN,84.22,RETAIL,40.94566929133859,528.74,758.7384,1287.4784,N,TXN_V2.1,2026-06-29,2026-06-29 19:54:02.665208
2904,2026-06,2,2,66.0,22426.47,4149.26,-18277.21,402.6625757575758,DOWN,57.88,GROCERY,46.96636363636364,129.85000000000002,448.5294,578.3794,N,TXN_V2.1,2026-06-29,2026-06-29 19:54:02.665208
2905,2026-06,1,1,63.0,5612.87,1541.54,-4071.33,113.56206349206349,DOWN,17.64,HEALTHCARE,26.979999999999997,169.71,112.2574,281.9674,N,TXN_V2.1,2026-06-29,2026-06-29 19:54:02.665208
2906,2026-06,1,1,68.0,12357.07,3471.74,-8885.33,232.77661764705883,DOWN,32.34,UTILITIES,33.83,349.25,247.1414,596.3914,N,TXN_V2.1,2026-06-29,2026-06-29 19:54:02.665208
2907,2026-06,4,4,148.0,15971.86,8289.52,-7682.34,163.92824324324326,DOWN,43.12,TRAVEL,40.53689189189189,284.75,319.4372,604.1872000000001,N,TXN_V2.1,2026-06-29,2026-06-29 19:54:02.665208
2908,2026-06,2,2,68.0,30558.480000000003,11211.42,-19347.060000000005,614.2632352941176,DOWN,73.52,TRAVEL,44.11132352941176,122.27,611.1696000000001,733.4396,N,TXN_V2.1,2026-06-29,2026-06-29 19:54:02.665208
2909,2026-06,4,3,141.0,25057.690000000002,12923.9,-12133.790000000003,269.3729787234043,DOWN,63.5,TRAVEL,36.168297872340425,334.98,501.15380000000005,836.1338000000001,N,TXN_V2.1,2026-06-29,2026-06-29 19:54:02.665208
2910,2026-06,4,4,129.0,25684.91,15652.36,-10032.55,320.44395348837213,DOWN,64.74,WIRE_TRANSFER_INTL,44.18744186046512,327.54,513.6982,841.2382,N,TXN_V2.1,2026-06-29,2026-06-29 19:54:02.665208
2911,2026-06,4,4,159.0,48133.05,19934.65,-28198.4,428.09874213836486,DOWN,92.96,TRAVEL,32.07427672955974,381.9,962.6610000000001,1344.5610000000001,N,TXN_V2.1,2026-06-29,2026-06-29 19:54:02.665208
2912,2026-06,2,2,86.0,4109.66,5790.09,1680.4300000000003,115.11337209302326,UP,14.44,HEALTHCARE,45.35000000000001,255.60999999999999,82.1932,337.8032,N,TXN_V2.1,2026-06-29,2026-06-29 19:54:02.665208
2913,2026-06,1,1,35.0,10347.03,311.4,-10035.630000000001,304.52657142857146,DOWN,27.04,RETAIL,31.429999999999996,208.69,206.94060000000002,415.6306,N,TXN_V2.1,2026-06-29,2026-06-29 19:54:02.665208
2914,2026-06,1,1,35.0,9078.84,1088.37,-7990.47,290.49171428571424,DOWN,23.98,EDUCATION,25.72,76.18,181.57680000000002,257.7568,N,TXN_V2.1,2026-06-29,2026-06-29 19:54:02.665208
2915,2026-06,2,2,111.0,31014.519999999997,27825.45,-3189.069999999996,530.0898198198198,DOWN,74.3,GROCERY,36.93774774774775,170.32999999999998,620.2904,790.6204,N,TXN_V2.1,2026-06-29,2026-06-29 19:54:02.665208
2916,2026-06,2,2,94.0,50410.09,5607.14,-44802.95,595.9279787234042,DOWN,94.38,HEALTHCARE,32.97893617021276,95.81,1008.2017999999999,1104.0118,N,TXN_V2.1,2026-06-29,2026-06-29 19:54:02.665208
2917,2026-06,2,2,105.0,14549.67,18731.58,4181.910000000002,316.9642857142857,UP,38.98,PAWN_SHOP,41.91,326.43,290.9934,617.4234,N,TXN_V2.1,2026-06-29,2026-06-29 19:54:02.665208
2918,2026-06,3,3,158.0,53591.22,18968.36,-34622.86,459.23784810126585,DOWN,95.66,RETAIL,37.977468354430385,246.68,1071.8244,1318.5044,N,TXN_V2.1,2026-06-29,2026-06-29 19:54:02.665208
2919,2026-06,2,2,112.0,35246.5,6639.26,-28607.239999999998,373.98,DOWN,80.34,RESTAURANT,43.74883928571428,170.46,704.9300000000001,875.3900000000001,N,TXN_V2.1,2026-06-29,2026-06-29 19:54:02.665208
2920,2026-06,4,3,118.0,21792.43,12312.44,-9479.99,289.02432203389833,DOWN,56.44,TRAVEL,39.82974576271187,238.32,435.84860000000003,674.1686,N,TXN_V2.1,2026-06-29,2026-06-29 19:54:02.665208
2921,2026-06,2,2,71.0,13711.699999999999,4396.21,-9315.489999999998,255.04098591549297,DOWN,36.42,TRAVEL,32.39450704225352,163.70999999999998,274.234,437.94399999999996,N,TXN_V2.1,2026-06-29,2026-06-29 19:54:02.665208
2922,2026-06,1,1,44.0,13427.13,1375.52,-12051.609999999999,336.42386363636365,DOWN,35.48,RESTAURANT,40.91,164.82,268.5426,433.3626,N,TXN_V2.1,2026-06-29,2026-06-29 19:54:02.665208
2923,2026-06,4,4,154.0,19963.61,8660.45,-11303.16,185.87051948051948,DOWN,52.08,TRAVEL,35.714805194805194,262.96000000000004,399.2722,662.2322,N,TXN_V2.1,2026-06-29,2026-06-29 19:54:02.665208
2924,2026-06,3,3,100.0,25109.28,3140.6400000000003,-21968.64,282.4992,DOWN,63.56,RESTAURANT,38.9978,313.14,502.18559999999997,815.3255999999999,N,TXN_V2.1,2026-06-29,2026-06-29 19:54:02.665208
2925,2026-06,1,1,43.0,17871.99,6675.08,-11196.910000000002,570.8620930232559,DOWN,47.5,INSURANCE,25.580000000000002,64.1,357.43980000000005,421.5398,N,TXN_V2.1,2026-06-29,2026-06-29 19:54:02.665208
2926,2026-06,4,4,244.0,33311.78,30211.58,-3100.199999999997,260.3416393442623,DOWN,77.9,TRAVEL,40.16368852459017,527.94,666.2356,1194.1756,N,TXN_V2.1,2026-06-29,2026-06-29 19:54:02.665208
2927,2026-06,4,4,187.0,23750.969999999998,6841.92,-16909.049999999996,163.5983422459893,DOWN,60.9,RETAIL,42.24754010695187,475.89,475.01939999999996,950.9094,N,TXN_V2.1,2026-06-29,2026-06-29 19:54:02.665208
2928,2026-06,3,3,162.0,29587.18,33974.74,4387.559999999998,392.35753086419754,UP,71.98,RESTAURANT,37.656666666666666,567.47,591.7436,1159.2136,N,TXN_V2.1,2026-06-29,2026-06-29 19:54:02.665208
2929,2026-06,1,0,27.0,1802.25,10214.21,8411.96,445.05407407407404,UP,5.28,GROCERY,25.919999999999998,0.0,36.045,36.045,N,TXN_V2.1,2026-06-29,2026-06-29 19:54:02.665208
2930,2026-06,1,1,27.0,9676.62,10155.1,478.47999999999956,734.5081481481482,STABLE,25.36,UTILITIES,40.74,38.24,193.53240000000002,231.77240000000003,N,TXN_V2.1,2026-06-29,2026-06-29 19:54:02.665208
2931,2026-06,2,2,94.0,16396.62,35086.600000000006,18689.980000000007,547.6938297872341,UP,44.2,RESTAURANT,37.234042553191486,144.59,327.9324,472.52239999999995,N,TXN_V2.1,2026-06-29,2026-06-29 19:54:02.665208
2932,2026-06,1,1,60.0,12467.85,10803.18,-1664.67,387.85049999999995,STABLE,32.6,GROCERY,38.34,142.28,249.357,391.637,N,TXN_V2.1,2026-06-29,2026-06-29 19:54:02.665208
2933,2026-06,1,1,37.0,13255.02,1608.24,-11646.78,401.70972972972976,DOWN,35.12,TRAVEL,37.84,35.07,265.10040000000004,300.17040000000003,N,TXN_V2.1,2026-06-29,2026-06-29 19:54:02.665208
2934,2026-06,3,3,157.0,39571.55,16875.86,-22695.690000000002,359.5376433121019,DOWN,86.0,RESTAURANT,37.57777070063694,329.97,791.431,1121.401,N,TXN_V2.1,2026-06-29,2026-06-29 19:54:02.665208
2935,2026-06,4,2,152.0,33875.03,36576.92,2701.8899999999994,463.4996710526316,UP,78.72,TRAVEL,30.918486842105263,283.12,677.5006,960.6206,N,TXN_V2.1,2026-06-29,2026-06-29 19:54:02.665208
2936,2026-06,1,1,62.0,10211.14,1337.15,-8873.99,186.26274193548386,DOWN,26.6,GROCERY,40.32,199.3,204.2228,403.5228,N,TXN_V2.1,2026-06-29,2026-06-29 19:54:02.665208
2937,2026-06,1,1,49.0,15775.78,11016.65,-4759.130000000001,546.7842857142857,DOWN,42.54,GROCERY,20.399999999999995,134.57,315.5156,450.0856,N,TXN_V2.1,2026-06-29,2026-06-29 19:54:02.665208
2938,2026-06,4,3,134.0,47572.58,18839.66,-28732.920000000002,495.61373134328363,DOWN,92.56,INSURANCE,35.82388059701493,223.24,951.4516000000001,1174.6916,N,TXN_V2.1,2026-06-29,2026-06-29 19:54:02.665208
2939,2026-06,4,4,218.0,25100.53,55303.83,30203.300000000003,368.8273394495413,UP,63.54,TRAVEL,32.11055045871559,341.66999999999996,502.0106,843.6805999999999,N,TXN_V2.1,2026-06-29,2026-06-29 19:54:02.665208
2940,2026-06,1,1,25.0,2076.86,1350.9,-725.96,137.1104,DOWN,6.8,RESTAURANT,40.0,38.1,41.537200000000006,79.6372,N,TXN_V2.1,2026-06-29,2026-06-29 19:54:02.665208
2941,2026-06,3,3,94.0,15559.56,5494.27,-10065.289999999999,223.97691489361705,DOWN,41.84,RETAIL,40.42606382978723,249.19,311.1912,560.3812,N,TXN_V2.1,2026-06-29,2026-06-29 19:54:02.665208
2942,2026-06,3,3,125.0,32316.870000000003,25122.97,-7193.9000000000015,459.51872000000003,DOWN,76.38,UTILITIES,38.39728,303.46999999999997,646.3374000000001,949.8074000000001,N,TXN_V2.1,2026-06-29,2026-06-29 19:54:02.665208
2943,2026-06,1,1,28.0,10632.05,1425.88,-9206.169999999998,430.64035714285717,DOWN,27.86,ENTERTAINMENT,28.57,18.7,212.641,231.34099999999998,N,TXN_V2.1,2026-06-29,2026-06-29 19:54:02.665208
2944,2026-06,1,1,31.0,2581.3,15999.0,13417.7,599.3645161290323,UP,9.32,RETAIL,32.25999999999999,87.75,51.626000000000005,139.376,N,TXN_V2.1,2026-06-29,2026-06-29 19:54:02.665208
2945,2026-06,3,3,186.0,48634.76,15854.68,-32780.08,346.71741935483874,DOWN,93.34,HEALTHCARE,39.785806451612906,374.24,972.6952000000001,1346.9352000000001,N,TXN_V2.1,2026-06-29,2026-06-29 19:54:02.665208
2946,2026-06,4,4,252.0,85541.70999999999,17319.55,-68222.15999999999,408.17960317460313,DOWN,99.9,RETAIL,40.07825396825396,989.05,1710.8341999999998,2699.8841999999995,Y,TXN_V2.1,2026-06-29,2026-06-29 19:54:02.665208
2947,2026-06,1,0,15.0,280.98,8416.83,8135.85,579.8539999999999,UP,0.04,RESTAURANT,53.33,50.95,5.6196,56.5696,N,TXN_V2.1,2026-06-29,2026-06-29 19:54:02.665208
2948,2026-06,2,2,92.0,25317.050000000003,12188.91,-13128.140000000003,407.6734782608696,DOWN,63.94,RESTAURANT,35.86608695652174,308.02,506.34100000000007,814.3610000000001,N,TXN_V2.1,2026-06-29,2026-06-29 19:54:02.665208
2949,2026-06,4,4,142.0,33296.659999999996,27889.31,-5407.349999999995,430.88711267605635,DOWN,77.86,RESTAURANT,44.36971830985915,361.03,665.9331999999999,1026.9632,N,TXN_V2.1,2026-06-29,2026-06-29 19:54:02.665208
2950,2026-06,1,1,16.0,1172.55,754.21,-418.3399999999999,120.4225,STABLE,2.22,HEALTHCARE,18.75,53.97,23.451,77.42099999999999,N,TXN_V2.1,2026-06-29,2026-06-29 19:54:02.665208
2951,2026-06,4,4,184.0,31973.53,25147.22,-6826.309999999998,310.4388586956522,DOWN,75.7,UTILITIES,35.32505434782608,163.18,639.4706,802.6505999999999,N,TXN_V2.1,2026-06-29,2026-06-29 19:54:02.665208
2952,2026-06,3,3,120.0,40608.24,11846.460000000001,-28761.78,437.1225,DOWN,86.98,UTILITIES,35.001333333333335,321.53,812.1648,1133.6948,N,TXN_V2.1,2026-06-29,2026-06-29 19:54:02.665208
2953,2026-06,1,1,63.0,32150.88,8850.81,-23300.07,650.8204761904763,DOWN,76.0,HEALTHCARE,36.50999999999999,138.28,643.0176,781.2976,N,TXN_V2.1,2026-06-29,2026-06-29 19:54:02.665208
2954,2026-06,2,2,82.0,6051.030000000001,12500.43,6449.4,226.23731707317071,UP,18.66,RETAIL,30.48634146341464,261.27,121.02060000000002,382.2906,N,TXN_V2.1,2026-06-29,2026-06-29 19:54:02.665208
2955,2026-06,3,3,106.0,37589.17,15014.91,-22574.26,496.2649056603774,DOWN,83.76,RETAIL,35.84867924528302,327.82,751.7834,1079.6034,N,TXN_V2.1,2026-06-29,2026-06-29 19:54:02.665208
2956,2026-06,1,1,40.0,2347.59,12888.92,10541.33,380.91275,UP,8.1,RESTAURANT,52.5,166.88,46.951800000000006,213.8318,N,TXN_V2.1,2026-06-29,2026-06-29 19:54:02.665208
2957,2026-06,3,3,176.0,22475.34,31628.300000000003,9152.960000000003,307.4070454545454,UP,57.96,RETAIL,43.75352272727273,380.24,449.5068,829.7468,N,TXN_V2.1,2026-06-29,2026-06-29 19:54:02.665208
2958,2026-06,1,1,67.0,12329.78,4588.02,-7741.76,252.50447761194033,DOWN,32.22,EDUCATION,40.3,103.06,246.59560000000002,349.65560000000005,N,TXN_V2.1,2026-06-29,2026-06-29 19:54:02.665208
2959,2026-06,2,2,124.0,8538.83,27936.489999999998,19397.659999999996,294.1558064516129,UP,22.74,RESTAURANT,41.9325,323.02000000000004,170.7766,493.7966,N,TXN_V2.1,2026-06-29,2026-06-29 19:54:02.665208
2960,2026-06,3,3,158.0,17253.63,35649.0,18395.37,334.82677215189875,UP,46.1,INSURANCE,36.07563291139241,453.17,345.0726,798.2426,N,TXN_V2.1,2026-06-29,2026-06-29 19:54:02.665208
2961,2026-06,3,3,118.0,19187.8,32540.780000000002,13352.980000000003,438.3777966101695,UP,50.62,RESTAURANT,37.286440677966105,357.37,383.756,741.126,N,TXN_V2.1,2026-06-29,2026-06-29 19:54:02.665208
2962,2026-06,1,1,19.0,776.81,1132.42,355.6100000000001,100.4857894736842,STABLE,0.76,RESTAURANT,31.58,32.99,15.5362,48.5262,N,TXN_V2.1,2026-06-29,2026-06-29 19:54:02.665208
2963,2026-06,2,2,45.0,13225.95,2683.63,-10542.32,353.54622222222224,DOWN,35.06,RESTAURANT,35.55555555555556,49.99,264.519,314.509,N,TXN_V2.1,2026-06-29,2026-06-29 19:54:02.665208
2964,2026-06,3,3,128.0,9002.15,33747.630000000005,24745.480000000003,333.98265625000005,UP,23.76,RETAIL,35.93390625,197.22,180.043,377.26300000000003,N,TXN_V2.1,2026-06-29,2026-06-29 19:54:02.665208
2965,2026-06,3,3,87.0,12107.119999999999,32613.68,20506.56,514.032183908046,UP,31.64,RESTAURANT,39.07827586206897,274.93,242.14239999999998,517.0724,N,TXN_V2.1,2026-06-29,2026-06-29 19:54:02.665208
2966,2026-06,3,3,156.0,57141.200000000004,50138.31,-7002.890000000007,687.6891666666668,DOWN,96.74,GROCERY,37.18051282051282,467.07000000000005,1142.824,1609.8940000000002,N,TXN_V2.1,2026-06-29,2026-06-29 19:54:02.665208
2967,2026-06,2,2,106.0,6175.82,16675.14,10499.32,215.57509433962264,UP,18.92,RESTAURANT,34.90622641509434,255.54,123.51639999999999,379.0564,N,TXN_V2.1,2026-06-29,2026-06-29 19:54:02.665208
2968,2026-06,2,2,41.0,12915.95,1823.63,-11092.32,359.50195121951225,DOWN,34.02,INSURANCE,43.90292682926829,129.55,258.319,387.869,N,TXN_V2.1,2026-06-29,2026-06-29 19:54:02.665208
2969,2026-06,1,1,14.0,862.36,485.82,-376.54,96.29857142857144,STABLE,1.0,ENTERTAINMENT,35.72,15.99,17.2472,33.2372,N,TXN_V2.1,2026-06-29,2026-06-29 19:54:02.665208
2970,2026-06,2,2,139.0,47862.08,5456.71,-42405.37,383.58841726618704,DOWN,92.78,GROCERY,31.656402877697843,275.23,957.2416000000001,1232.4716,N,TXN_V2.1,2026-06-29,2026-06-29 19:54:02.665208
2971,2026-06,3,3,98.0,6308.5599999999995,12950.18,6641.620000000001,196.5177551020408,UP,19.18,RESTAURANT,42.857142857142854,190.05,126.1712,316.2212,N,TXN_V2.1,2026-06-29,2026-06-29 19:54:02.665208
2972,2026-06,3,3,75.0,17783.239999999998,15144.49,-2638.749999999998,439.03639999999996,DOWN,47.24,RETAIL,40.0,188.89999999999998,355.66479999999996,544.5647999999999,N,TXN_V2.1,2026-06-29,2026-06-29 19:54:02.665208
2973,2026-06,3,3,150.0,39404.72,41278.6,1873.8799999999974,537.8888000000001,STABLE,85.8,RESTAURANT,34.66773333333333,322.33,788.0944000000001,1110.4244,N,TXN_V2.1,2026-06-29,2026-06-29 19:54:02.665208
2974,2026-06,4,4,187.0,54210.33,18067.260000000002,-36143.07,386.5111764705882,DOWN,95.86,TRAVEL,39.573475935828874,386.92,1084.2066,1471.1266,N,TXN_V2.1,2026-06-29,2026-06-29 19:54:02.665208
2975,2026-06,2,2,83.0,30826.36,17999.48,-12826.880000000001,588.2631325301204,DOWN,73.94,TRAVEL,37.35240963855422,256.41,616.5272,872.9372000000001,N,TXN_V2.1,2026-06-29,2026-06-29 19:54:02.665208
2976,2026-06,2,2,97.0,5770.07,14476.34,8706.27,208.7258762886598,UP,17.96,HEALTHCARE,40.20556701030928,201.22,115.4014,316.6214,N,TXN_V2.1,2026-06-29,2026-06-29 19:54:02.665208
2977,2026-06,2,2,68.0,10457.87,25904.86,15446.99,534.7460294117648,UP,27.28,INSURANCE,38.23470588235294,180.81,209.15740000000002,389.9674,N,TXN_V2.1,2026-06-29,2026-06-29 19:54:02.665208
2978,2026-06,2,2,99.0,6491.83,41224.86,34733.03,481.9867676767677,UP,19.48,GROCERY,43.43181818181818,326.05,129.8366,455.88660000000004,N,TXN_V2.1,2026-06-29,2026-06-29 19:54:02.665208
2979,2026-06,2,2,68.0,11733.95,10279.119999999999,-1454.8300000000017,323.7216176470588,STABLE,30.7,RESTAURANT,35.29132352941177,123.41,234.67900000000003,358.08900000000006,N,TXN_V2.1,2026-06-29,2026-06-29 19:54:02.665208
2980,2026-06,2,2,106.0,3336.31,30235.34,26899.03,316.71367924528306,UP,12.08,RESTAURANT,45.285566037735855,402.15999999999997,66.7262,468.8862,N,TXN_V2.1,2026-06-29,2026-06-29 19:54:02.665208
2981,2026-06,4,4,224.0,41598.33,27464.14,-14134.190000000002,308.3145982142857,DOWN,87.64,TRAVEL,33.48254464285714,704.3299999999999,831.9666000000001,1536.2966000000001,N,TXN_V2.1,2026-06-29,2026-06-29 19:54:02.665208
2982,2026-06,4,4,167.0,31393.04,18878.83,-12514.21,301.0291616766467,DOWN,74.82,RETAIL,37.727305389221556,193.15,627.8608,821.0108,N,TXN_V2.1,2026-06-29,2026-06-29 19:54:02.665208
2983,2026-06,4,4,212.0,23098.649999999998,20782.28,-2316.369999999999,206.9855188679245,DOWN,59.44,RETAIL,38.20731132075472,261.4,461.97299999999996,723.3729999999999,N,TXN_V2.1,2026-06-29,2026-06-29 19:54:02.665208
2984,2026-06,1,1,67.0,21584.14,15260.79,-6323.3499999999985,549.924328358209,DOWN,55.9,RESTAURANT,37.31,85.46,431.6828,517.1428,N,TXN_V2.1,2026-06-29,2026-06-29 19:54:02.665208
2985,2026-06,2,2,112.0,19515.09,23861.85,4346.759999999998,387.2941071428572,UP,51.26,TRAVEL,46.432589285714286,450.91999999999996,390.3018,841.2218,N,TXN_V2.1,2026-06-29,2026-06-29 19:54:02.665208
2986,2026-06,3,3,154.0,43238.95,14853.93,-28385.019999999997,377.2264935064935,DOWN,89.12,TRAVEL,37.01350649350649,445.24,864.779,1310.019,N,TXN_V2.1,2026-06-29,2026-06-29 19:54:02.665208
2987,2026-06,4,4,182.0,37238.909999999996,30341.85,-6897.059999999998,371.3228571428571,DOWN,83.34,UTILITIES,41.75785714285715,489.75,744.7782,1234.5282,N,TXN_V2.1,2026-06-29,2026-06-29 19:54:02.665208
2988,2026-06,1,1,47.0,9745.02,2820.28,-6924.74,267.3468085106383,DOWN,25.54,GROCERY,31.919999999999998,86.33,194.90040000000002,281.23040000000003,N,TXN_V2.1,2026-06-29,2026-06-29 19:54:02.665208
2989,2026-06,2,2,92.0,13691.57,16001.98,2310.41,322.75597826086954,UP,36.32,RETAIL,35.86760869565218,343.62,273.8314,617.4513999999999,N,TXN_V2.1,2026-06-29,2026-06-29 19:54:02.665208
2990,2026-06,1,1,58.0,24687.12,23632.74,-1054.3799999999974,833.1010344827587,STABLE,62.92,GROCERY,48.28,135.68,493.7424,629.4223999999999,N,TXN_V2.1,2026-06-29,2026-06-29 19:54:02.665208
2991,2026-06,3,3,152.0,10067.41,32604.47,22537.06,280.73605263157896,UP,26.28,UTILITIES,40.136315789473684,352.25,201.3482,553.5982,N,TXN_V2.1,2026-06-29,2026-06-29 19:54:02.665208
2992,2026-06,2,2,115.0,19054.21,10822.289999999999,-8231.92,259.795652173913,DOWN,50.2,HEALTHCARE,41.73947826086957,463.73,381.0842,844.8142,N,TXN_V2.1,2026-06-29,2026-06-29 19:54:02.665208
2993,2026-06,3,3,173.0,75764.88,19872.350000000002,-55892.53,552.8163583815029,DOWN,99.6,TRAVEL,39.888612716763,321.61,1515.2976,1836.9076,N,TXN_V2.1,2026-06-29,2026-06-29 19:54:02.665208
2994,2026-06,4,4,170.0,80435.86,24231.64,-56204.22,615.6911764705883,DOWN,99.78,TRAVEL,34.705999999999996,146.28,1608.7172,1754.9972,N,TXN_V2.1,2026-06-29,2026-06-29 19:54:02.665208
2995,2026-06,3,3,106.0,54232.61,12292.039999999999,-41940.57,627.591037735849,DOWN,95.88,RETAIL,32.075660377358496,287.0,1084.6522,1371.6522,N,TXN_V2.1,2026-06-29,2026-06-29 19:54:02.665208
2996,2026-06,4,4,185.0,36551.18,22905.53,-13645.650000000001,321.38762162162163,DOWN,82.1,TRAVEL,35.67486486486487,318.25,731.0236,1049.2736,N,TXN_V2.1,2026-06-29,2026-06-29 19:54:02.665208
2997,2026-06,2,1,52.0,4178.43,1228.0,-2950.4300000000003,103.9698076923077,DOWN,14.7,TRAVEL,42.303461538461534,160.76,83.5686,244.3286,N,TXN_V2.1,2026-06-29,2026-06-29 19:54:02.665208
2998,2026-06,1,1,13.0,1044.43,6313.41,5268.98,565.9876923076923,UP,1.66,GAS_STATION,15.379999999999999,10.41,20.8886,31.2986,N,TXN_V2.1,2026-06-29,2026-06-29 19:54:02.665208
2999,2026-06,2,2,89.0,17851.839999999997,23809.68,5957.840000000004,468.1069662921348,UP,47.44,RETAIL,35.9570786516854,273.11,357.0367999999999,630.1468,N,TXN_V2.1,2026-06-29,2026-06-29 19:54:02.665208
3000,2026-06,1,1,39.0,6956.83,2325.49,-4631.34,238.00820512820513,DOWN,20.14,RETAIL,33.33,180.51,139.13660000000002,319.64660000000003,N,TXN_V2.1,2026-06-29,2026-06-29 19:54:02.665208
3001,2026-06,3,3,117.0,21959.04,14227.97,-7731.0700000000015,309.2906837606838,DOWN,56.76,RESTAURANT,41.87940170940171,153.36,439.18080000000003,592.5408,N,TXN_V2.1,2026-06-29,2026-06-29 19:54:02.665208
3002,2026-06,4,4,202.0,52436.13,16123.97,-36312.159999999996,339.4064356435643,DOWN,95.28,RESTAURANT,40.095643564356436,814.18,1048.7226,1862.9026,N,TXN_V2.1,2026-06-29,2026-06-29 19:54:02.665208
3003,2026-06,1,1,40.0,9386.86,1641.09,-7745.77,275.69875,DOWN,24.74,RETAIL,37.5,89.28,187.7372,277.0172,N,TXN_V2.1,2026-06-29,2026-06-29 19:54:02.665208
3004,2026-06,3,3,99.0,32221.74,22072.94,-10148.800000000003,548.4311111111111,DOWN,76.2,RESTAURANT,34.340909090909086,142.12,644.4348,786.5548,N,TXN_V2.1,2026-06-29,2026-06-29 19:54:02.665208
3005,2026-06,3,3,152.0,8070.26,25158.04,17087.78,218.6072368421053,UP,22.0,RESTAURANT,38.81552631578947,260.52,161.4052,421.9252,N,TXN_V2.1,2026-06-29,2026-06-29 19:54:02.665208
3006,2026-06,2,2,47.0,15278.99,1342.56,-13936.43,353.65,DOWN,41.14,UTILITIES,40.42553191489361,94.14,305.5798,399.71979999999996,N,TXN_V2.1,2026-06-29,2026-06-29 19:54:02.665208
3007,2026-06,3,2,105.0,6391.24,19320.44,12929.199999999999,244.87314285714285,UP,19.38,RETAIL,37.14295238095238,231.23000000000002,127.8248,359.0548,N,TXN_V2.1,2026-06-29,2026-06-29 19:54:02.665208
3008,2026-06,2,2,85.0,31831.81,2559.45,-29272.36,404.6030588235294,DOWN,75.48,RESTAURANT,31.762823529411765,238.59,636.6362,875.2262000000001,N,TXN_V2.1,2026-06-29,2026-06-29 19:54:02.665208
3009,2026-06,4,3,217.0,65584.84,9682.87,-55901.969999999994,346.85580645161286,DOWN,98.76,TRAVEL,40.55308755760368,592.4000000000001,1311.6968,1904.0968,N,TXN_V2.1,2026-06-29,2026-06-29 19:54:02.665208
3010,2026-06,2,2,74.0,23506.050000000003,8955.64,-14550.410000000003,438.6714864864865,DOWN,60.38,RETAIL,33.78648648648648,119.67,470.1210000000001,589.791,N,TXN_V2.1,2026-06-29,2026-06-29 19:54:02.665208
3011,2026-06,1,0,21.0,8766.31,2126.98,-6639.33,518.7280952380952,DOWN,23.18,INSURANCE,33.34,52.13,175.3262,227.4562,N,TXN_V2.1,2026-06-29,2026-06-29 19:54:02.665208
3012,2026-06,1,1,30.0,1689.3,9017.48,7328.179999999999,356.8926666666666,UP,4.62,GAS_STATION,50.0,25.58,33.786,59.366,N,TXN_V2.1,2026-06-29,2026-06-29 19:54:02.665208
3013,2026-06,1,1,36.0,2957.82,6612.94,3655.1199999999994,265.8544444444444,UP,10.7,TRAVEL,36.11000000000001,112.59,59.156400000000005,171.7464,N,TXN_V2.1,2026-06-29,2026-06-29 19:54:02.665208
3014,2026-06,3,3,136.0,32178.16,10924.08,-21254.08,316.92823529411766,DOWN,76.06,HEALTHCARE,41.17977941176471,389.46999999999997,643.5632,1033.0332,N,TXN_V2.1,2026-06-29,2026-06-29 19:54:02.665208
3015,2026-06,1,1,51.0,16503.25,2369.32,-14133.93,370.05039215686276,DOWN,44.48,GROCERY,25.490000000000002,32.62,330.065,362.685,N,TXN_V2.1,2026-06-29,2026-06-29 19:54:02.665208
3016,2026-06,1,1,59.0,2981.37,10277.52,7296.150000000001,224.72694915254237,UP,10.78,GROCERY,37.29,174.67,59.6274,234.29739999999998,N,TXN_V2.1,2026-06-29,2026-06-29 19:54:02.665208
3017,2026-06,1,1,69.0,20219.32,9976.14,-10243.18,437.61536231884054,DOWN,52.62,GAS_STATION,34.78,58.2,404.3864,462.58639999999997,N,TXN_V2.1,2026-06-29,2026-06-29 19:54:02.665208
3018,2026-06,4,4,143.0,29064.68,29173.73,109.04999999999927,407.26160839160843,STABLE,71.24,UTILITIES,33.56433566433566,506.52000000000004,581.2936,1087.8136,N,TXN_V2.1,2026-06-29,2026-06-29 19:54:02.665208
3019,2026-06,3,2,125.0,17916.309999999998,32886.21,14969.900000000001,406.42015999999995,UP,47.64,RETAIL,36.79736,357.53999999999996,358.3262,715.8661999999999,N,TXN_V2.1,2026-06-29,2026-06-29 19:54:02.665208
3020,2026-06,2,2,46.0,14696.050000000001,1990.6399999999999,-12705.410000000002,362.75413043478267,DOWN,39.6,RESTAURANT,39.12913043478261,98.87,293.92100000000005,392.79100000000005,N,TXN_V2.1,2026-06-29,2026-06-29 19:54:02.665208
3021,2026-06,3,3,144.0,42276.19,23522.59,-18753.600000000002,456.93597222222223,DOWN,88.48,TRAVEL,40.27326388888889,392.58,845.5238,1238.1038,N,TXN_V2.1,2026-06-29,2026-06-29 19:54:02.665208
3022,2026-06,4,4,158.0,35609.58,33184.36,-2425.220000000001,435.4046835443038,DOWN,80.8,UTILITIES,43.03632911392405,411.5,712.1916,1123.6916,N,TXN_V2.1,2026-06-29,2026-06-29 19:54:02.665208
3023,2026-06,4,4,144.0,33450.47,27308.94,-6141.5300000000025,421.9403472222223,DOWN,78.12,RETAIL,35.41541666666667,285.56,669.0094,954.5694000000001,N,TXN_V2.1,2026-06-29,2026-06-29 19:54:02.665208
3024,2026-06,2,2,85.0,26348.44,17444.03,-8904.41,515.2055294117647,DOWN,66.0,INSURANCE,40.001999999999995,187.97,526.9688,714.9388,N,TXN_V2.1,2026-06-29,2026-06-29 19:54:02.665208
3025,2026-06,2,2,89.0,31972.41,10865.69,-21106.72,481.32696629213484,DOWN,75.68,GROCERY,34.83573033707865,208.01999999999998,639.4482,847.4682,N,TXN_V2.1,2026-06-29,2026-06-29 19:54:02.665208
3026,2026-06,2,2,57.0,1567.3,3956.83,2389.5299999999997,96.91456140350877,UP,4.02,RETAIL,40.35333333333333,192.51,31.346,223.856,N,TXN_V2.1,2026-06-29,2026-06-29 19:54:02.665208
3027,2026-06,4,4,205.0,46245.509999999995,52871.26,6625.750000000007,483.4964390243902,UP,91.58,RETAIL,36.585170731707315,582.9300000000001,924.9101999999999,1507.8402,N,TXN_V2.1,2026-06-29,2026-06-29 19:54:02.665208
3028,2026-06,2,2,87.0,43794.79,12436.63,-31358.160000000003,646.3381609195402,DOWN,89.56,RETAIL,44.83275862068966,160.70999999999998,875.8958,1036.6058,N,TXN_V2.1,2026-06-29,2026-06-29 19:54:02.665208
3029,2026-06,4,4,193.0,27083.95,35066.44,7982.490000000002,322.0227461139896,UP,67.56,RETAIL,40.9338341968912,477.59000000000003,541.679,1019.269,N,TXN_V2.1,2026-06-29,2026-06-29 19:54:02.665208
3030,2026-06,3,2,123.0,24372.28,28653.23,4280.950000000001,431.10170731707314,UP,62.22,TRAVEL,33.33146341463414,221.32999999999998,487.4456,708.7755999999999,N,TXN_V2.1,2026-06-29,2026-06-29 19:54:02.665208
3031,2026-06,1,1,54.0,20241.64,10670.6,-9571.039999999999,572.4488888888889,DOWN,52.7,ENTERTAINMENT,35.18,113.85,404.8328,518.6828,N,TXN_V2.1,2026-06-29,2026-06-29 19:54:02.665208
3032,2026-06,1,1,55.0,4469.27,3177.28,-1291.9900000000002,139.02818181818185,DOWN,15.34,GAS_STATION,41.81000000000001,83.23,89.3854,172.61540000000002,N,TXN_V2.1,2026-06-29,2026-06-29 19:54:02.665208
3033,2026-06,1,1,34.0,9657.14,11110.64,1453.5,610.8170588235294,STABLE,25.26,INSURANCE,38.24000000000001,82.62,193.1428,275.76279999999997,N,TXN_V2.1,2026-06-29,2026-06-29 19:54:02.665208
3034,2026-06,1,1,32.0,1542.91,2098.52,555.6099999999999,113.79468750000001,STABLE,3.86,HEALTHCARE,46.879999999999995,157.36,30.858200000000004,188.21820000000002,N,TXN_V2.1,2026-06-29,2026-06-29 19:54:02.665208
3035,2026-06,3,3,149.0,21775.4,14474.8,-7300.600000000002,243.289932885906,DOWN,56.4,RETAIL,32.886577181208054,197.03,435.50800000000004,632.538,N,TXN_V2.1,2026-06-29,2026-06-29 19:54:02.665208
3036,2026-06,4,4,220.0,82284.47,25552.73,-56731.740000000005,490.16909090909087,DOWN,99.82,RESTAURANT,35.91163636363636,468.64,1645.6894,2114.3294,N,TXN_V2.1,2026-06-29,2026-06-29 19:54:02.665208
3037,2026-06,2,2,79.0,4299.48,45452.369999999995,41152.89,629.7702531645568,UP,15.0,GROCERY,32.90822784810127,278.92,85.9896,364.9096,N,TXN_V2.1,2026-06-29,2026-06-29 19:54:02.665208
3038,2026-06,2,2,81.0,14801.29,12388.85,-2412.4400000000005,335.68074074074076,DOWN,39.9,RETAIL,43.2125925925926,328.82000000000005,296.0258,624.8458,N,TXN_V2.1,2026-06-29,2026-06-29 19:54:02.665208
3039,2026-06,3,3,194.0,23313.56,42099.729999999996,18786.169999999995,337.18190721649484,UP,60.04,INSURANCE,32.46963917525774,565.83,466.2712,1032.1012,N,TXN_V2.1,2026-06-29,2026-06-29 19:54:02.665208
3040,2026-06,1,1,67.0,14334.55,19776.59,5442.040000000001,509.12149253731343,UP,38.34,RETAIL,40.3,154.15,286.691,440.841,N,TXN_V2.1,2026-06-29,2026-06-29 19:54:02.665208
3041,2026-06,1,1,57.0,11654.76,6629.68,-5025.08,320.7796491228071,DOWN,30.36,ENTERTAINMENT,31.58,203.78,233.0952,436.8752,N,TXN_V2.1,2026-06-29,2026-06-29 19:54:02.665208
3042,2026-06,1,1,16.0,1470.51,198.32,-1272.19,104.301875,DOWN,3.46,RESTAURANT,25.0,57.74,29.4102,87.1502,N,TXN_V2.1,2026-06-29,2026-06-29 19:54:02.665208
3043,2026-06,1,1,33.0,15998.76,1168.01,-14830.75,520.2051515151516,DOWN,43.22,GAS_STATION,51.51,68.53,319.97520000000003,388.50520000000006,N,TXN_V2.1,2026-06-29,2026-06-29 19:54:02.665208
3044,2026-06,4,4,211.0,11764.41,37126.82,25362.41,231.71199052132698,UP,30.74,HEALTHCARE,36.97023696682464,428.74,235.2882,664.0282,N,TXN_V2.1,2026-06-29,2026-06-29 19:54:02.665208
3045,2026-06,1,1,37.0,867.58,3300.41,2432.83,112.64837837837837,UP,1.04,GROCERY,35.13,50.87,17.3516,68.2216,N,TXN_V2.1,2026-06-29,2026-06-29 19:54:02.665208
3046,2026-06,4,4,152.0,14972.720000000001,16758.47,1785.75,208.75782894736844,UP,40.32,RETAIL,37.50059210526316,310.53000000000003,299.4544,609.9844,N,TXN_V2.1,2026-06-29,2026-06-29 19:54:02.665208
3047,2026-06,2,2,109.0,25679.92,20579.15,-5100.769999999997,424.3951376146789,DOWN,64.7,RETAIL,33.94715596330275,360.58,513.5984,874.1784,N,TXN_V2.1,2026-06-29,2026-06-29 19:54:02.665208
3048,2026-06,4,4,186.0,33214.090000000004,19589.65,-13624.440000000002,283.89107526881725,DOWN,77.72,RETAIL,43.01,457.78,664.2818000000001,1122.0618,N,TXN_V2.1,2026-06-29,2026-06-29 19:54:02.665208
3049,2026-06,3,3,185.0,30008.61,25926.03,-4082.5800000000017,302.3494054054054,DOWN,72.6,HEALTHCARE,41.07643243243243,666.36,600.1722,1266.5322,N,TXN_V2.1,2026-06-29,2026-06-29 19:54:02.665208
3050,2026-06,3,3,159.0,65518.76,36130.36,-29388.4,639.3026415094339,DOWN,98.72,UTILITIES,36.477106918238995,200.95,1310.3752000000002,1511.3252000000002,N,TXN_V2.1,2026-06-29,2026-06-29 19:54:02.665208
3051,2026-06,2,2,89.0,5402.139999999999,4129.71,-1272.4299999999994,107.09943820224717,DOWN,17.14,RESTAURANT,38.19730337078652,145.26,108.04279999999999,253.3028,N,TXN_V2.1,2026-06-29,2026-06-29 19:54:02.665208
3052,2026-06,3,3,127.0,27054.5,27416.0,361.5,428.90157480314963,STABLE,67.48,UTILITIES,37.79527559055118,202.56,541.09,743.6500000000001,N,TXN_V2.1,2026-06-29,2026-06-29 19:54:02.665208
3053,2026-06,4,2,161.0,36488.35,12823.05,-23665.3,306.2819875776397,DOWN,82.02,TRAVEL,40.99403726708075,397.94,729.7669999999999,1127.7069999999999,N,TXN_V2.1,2026-06-29,2026-06-29 19:54:02.665208
3054,2026-06,4,4,222.0,57934.049999999996,22204.68,-35729.369999999995,360.98527027027023,DOWN,96.96,RETAIL,38.29018018018018,549.16,1158.681,1707.841,N,TXN_V2.1,2026-06-29,2026-06-29 19:54:02.665208
3055,2026-06,4,4,145.0,9072.060000000001,33737.240000000005,24665.180000000004,295.23655172413794,UP,23.92,RESTAURANT,41.377034482758624,233.29000000000002,181.44120000000004,414.73120000000006,N,TXN_V2.1,2026-06-29,2026-06-29 19:54:02.665208
3056,2026-06,3,2,87.0,6790.76,2734.69,-4056.07,109.48793103448277,DOWN,19.84,RETAIL,39.07344827586206,225.4,135.8152,361.2152,N,TXN_V2.1,2026-06-29,2026-06-29 19:54:02.665208
3057,2026-06,3,3,98.0,30156.5,20797.13,-9359.369999999999,519.9350000000001,DOWN,72.88,PAWN_SHOP,38.77928571428571,137.05,603.13,740.1800000000001,N,TXN_V2.1,2026-06-29,2026-06-29 19:54:02.665208
3058,2026-06,3,3,147.0,16682.33,23791.33,7109.0,275.3310204081633,UP,44.76,RETAIL,36.73367346938775,222.8,333.64660000000003,556.4466,N,TXN_V2.1,2026-06-29,2026-06-29 19:54:02.665208
3059,2026-06,1,1,24.0,9642.03,984.51,-8657.52,442.77250000000004,DOWN,25.18,GAS_STATION,41.65999999999999,91.59,192.84060000000002,284.4306,N,TXN_V2.1,2026-06-29,2026-06-29 19:54:02.665208
3060,2026-06,3,3,136.0,45047.83,26508.6,-18539.230000000003,526.1502205882352,DOWN,90.72,RETAIL,33.825294117647054,364.87,900.9566000000001,1265.8266,N,TXN_V2.1,2026-06-29,2026-06-29 19:54:02.665208
3061,2026-06,4,4,106.0,16409.33,26745.85,10336.519999999997,407.1243396226415,UP,44.24,RESTAURANT,35.852075471698114,96.64000000000001,328.18660000000006,424.8266000000001,N,TXN_V2.1,2026-06-29,2026-06-29 19:54:02.665208
3062,2026-06,1,1,18.0,1056.63,990.01,-66.62000000000012,113.70222222222223,STABLE,1.74,GAS_STATION,50.0,33.3,21.132600000000004,54.4326,N,TXN_V2.1,2026-06-29,2026-06-29 19:54:02.665208
3063,2026-06,3,3,105.0,21559.690000000002,4974.889999999999,-16584.800000000003,252.71028571428573,DOWN,55.72,RETAIL,33.33666666666667,268.69,431.19380000000007,699.8838000000001,N,TXN_V2.1,2026-06-29,2026-06-29 19:54:02.665208
3064,2026-06,2,2,123.0,10958.240000000002,40917.07,29958.829999999998,421.75048780487805,UP,28.56,RETAIL,41.468780487804885,381.92,219.16480000000004,601.0848000000001,N,TXN_V2.1,2026-06-29,2026-06-29 19:54:02.665208
3065,2026-06,3,3,163.0,47512.75,17916.15,-29596.6,401.4042944785276,DOWN,92.48,RESTAURANT,38.6498773006135,391.44,950.255,1341.695,N,TXN_V2.1,2026-06-29,2026-06-29 19:54:02.665208
3066,2026-06,4,4,174.0,22682.75,37540.36,14857.61,346.1098275862069,UP,58.54,UTILITIES,35.058678160919534,456.19,453.65500000000003,909.845,N,TXN_V2.1,2026-06-29,2026-06-29 19:54:02.665208
3067,2026-06,2,2,123.0,8681.13,14804.380000000001,6123.250000000002,190.93910569105694,UP,23.02,GROCERY,30.889268292682925,148.42000000000002,173.62259999999998,322.0426,N,TXN_V2.1,2026-06-29,2026-06-29 19:54:02.665208
3068,2026-06,1,1,60.0,10267.26,21988.27,11721.01,537.5921666666667,UP,26.88,UTILITIES,40.0,126.92,205.3452,332.2652,N,TXN_V2.1,2026-06-29,2026-06-29 19:54:02.665208
3069,2026-06,1,1,27.0,2029.34,853.31,-1176.03,106.7648148148148,DOWN,6.44,RESTAURANT,48.15,47.7,40.5868,88.2868,N,TXN_V2.1,2026-06-29,2026-06-29 19:54:02.665208
3070,2026-06,3,3,76.0,4958.55,3691.42,-1267.13,113.81539473684212,DOWN,16.38,RESTAURANT,43.418157894736844,183.41000000000003,99.171,282.581,N,TXN_V2.1,2026-06-29,2026-06-29 19:54:02.665208
3071,2026-06,3,3,169.0,41475.69,6569.93,-34905.76,284.2936094674556,DOWN,87.56,RESTAURANT,40.83224852071006,129.34,829.5138000000001,958.8538000000001,N,TXN_V2.1,2026-06-29,2026-06-29 19:54:02.665208
3072,2026-06,2,2,62.0,11595.45,20029.6,8434.149999999998,510.0814516129032,UP,30.3,GROCERY,32.25774193548387,270.18,231.90900000000002,502.08900000000006,N,TXN_V2.1,2026-06-29,2026-06-29 19:54:02.665208
3073,2026-06,3,3,116.0,13931.34,12624.919999999998,-1306.420000000002,228.93327586206894,DOWN,37.06,RESTAURANT,47.41379310344828,250.36,278.6268,528.9868,N,TXN_V2.1,2026-06-29,2026-06-29 19:54:02.665208
3074,2026-06,4,4,152.0,39433.52,22236.57,-17196.949999999997,405.72427631578944,DOWN,85.84,RETAIL,38.811184210526314,265.47,788.6704,1054.1404,N,TXN_V2.1,2026-06-29,2026-06-29 19:54:02.665208
3075,2026-06,2,2,101.0,14908.39,36720.53,21812.14,511.17742574257426,UP,40.18,GROCERY,40.59574257425743,233.45,298.1678,531.6178,N,TXN_V2.1,2026-06-29,2026-06-29 19:54:02.665208
3076,2026-06,2,2,113.0,14024.49,38458.119999999995,24433.629999999997,464.44787610619466,UP,37.36,GROCERY,40.70513274336283,326.06,280.4898,606.5498,N,TXN_V2.1,2026-06-29,2026-06-29 19:54:02.665208
3077,2026-06,3,3,114.0,16222.57,15760.21,-462.3600000000006,280.55070175438595,STABLE,43.76,RETAIL,38.59798245614035,385.09999999999997,324.4514,709.5514,N,TXN_V2.1,2026-06-29,2026-06-29 19:54:02.665208
3078,2026-06,4,4,161.0,35462.93000000001,59015.380000000005,23552.449999999997,586.8218012422361,UP,80.58,TRAVEL,36.02900621118012,357.42,709.2586000000001,1066.6786000000002,N,TXN_V2.1,2026-06-29,2026-06-29 19:54:02.665208
3079,2026-06,4,4,200.0,64953.23,18923.86,-46029.37,419.38545,DOWN,98.62,HEALTHCARE,40.4976,578.4,1299.0646000000002,1877.4646000000002,N,TXN_V2.1,2026-06-29,2026-06-29 19:54:02.665208
3080,2026-06,1,1,64.0,3963.24,11107.33,7144.09,235.47765625,UP,13.92,HEALTHCARE,45.31,47.81,79.2648,127.0748,N,TXN_V2.1,2026-06-29,2026-06-29 19:54:02.665208
3081,2026-06,1,1,59.0,2240.91,12221.41,9980.5,245.12406779661018,UP,7.62,GROCERY,27.11,153.66,44.8182,198.4782,N,TXN_V2.1,2026-06-29,2026-06-29 19:54:02.665208
3082,2026-06,4,4,180.0,37432.54,6743.86,-30688.68,245.42444444444445,DOWN,83.54,UTILITIES,37.77488888888889,420.74,748.6508,1169.3908000000001,N,TXN_V2.1,2026-06-29,2026-06-29 19:54:02.665208
3083,2026-06,4,4,190.0,43822.409999999996,53083.28,9260.870000000003,510.02994736842106,UP,89.58,GROCERY,36.31873684210527,352.72,876.4481999999999,1229.1682,N,TXN_V2.1,2026-06-29,2026-06-29 19:54:02.665208
3084,2026-06,3,3,135.0,11359.9,11916.92,557.0200000000004,172.4208888888889,STABLE,29.7,RESTAURANT,32.59111111111111,226.91,227.198,454.108,N,TXN_V2.1,2026-06-29,2026-06-29 19:54:02.665208
3085,2026-06,2,2,99.0,40381.590000000004,45493.42,5111.8299999999945,867.4243434343435,UP,86.76,RETAIL,42.42272727272727,237.56,807.6318000000001,1045.1918,N,TXN_V2.1,2026-06-29,2026-06-29 19:54:02.665208
3086,2026-06,1,1,70.0,16680.87,2569.99,-14110.88,275.0122857142857,DOWN,44.74,RESTAURANT,32.85,37.9,333.6174,371.51739999999995,N,TXN_V2.1,2026-06-29,2026-06-29 19:54:02.665208
3087,2026-06,1,1,29.0,1542.97,1391.09,-151.8800000000001,101.17448275862068,STABLE,3.88,UTILITIES,34.48,71.49,30.8594,102.3494,N,TXN_V2.1,2026-06-29,2026-06-29 19:54:02.665208
3088,2026-06,4,4,188.0,23525.74,17913.53,-5612.210000000003,220.42164893617024,DOWN,60.42,UTILITIES,38.83367021276596,348.83000000000004,470.51480000000004,819.3448000000001,N,TXN_V2.1,2026-06-29,2026-06-29 19:54:02.665208
3089,2026-06,3,3,59.0,5492.780000000001,1670.6100000000001,-3822.1700000000005,121.41338983050849,DOWN,17.34,HEALTHCARE,38.98050847457627,154.55,109.85560000000001,264.40560000000005,N,TXN_V2.1,2026-06-29,2026-06-29 19:54:02.665208
3090,2026-06,1,1,56.0,2944.54,17112.93,14168.39,358.1691071428572,UP,10.66,UTILITIES,41.07,96.89,58.8908,155.7808,N,TXN_V2.1,2026-06-29,2026-06-29 19:54:02.665208
3091,2026-06,4,3,144.0,15059.13,16446.11,1386.9800000000014,218.78638888888887,UP,40.56,RETAIL,40.274652777777774,329.78,301.1826,630.9626,N,TXN_V2.1,2026-06-29,2026-06-29 19:54:02.665208
3092,2026-06,3,3,130.0,36265.479999999996,6331.5599999999995,-29933.92,327.6695384615384,DOWN,81.8,RETAIL,34.613307692307686,300.09000000000003,725.3095999999999,1025.3996,N,TXN_V2.1,2026-06-29,2026-06-29 19:54:02.665208
3093,2026-06,4,4,164.0,26568.29,33881.14,7312.8499999999985,368.5940853658537,UP,66.44,UTILITIES,32.314878048780486,471.76,531.3658,1003.1258,N,TXN_V2.1,2026-06-29,2026-06-29 19:54:02.665208
3094,2026-06,1,1,38.0,2042.02,2071.63,29.610000000000127,108.25394736842104,STABLE,6.62,RETAIL,34.21,102.95,40.8404,143.7904,N,TXN_V2.1,2026-06-29,2026-06-29 19:54:02.665208
3095,2026-06,2,2,92.0,33088.55,17439.97,-15648.580000000002,549.2230434782609,DOWN,77.44,RESTAURANT,53.26173913043478,164.27,661.7710000000001,826.041,N,TXN_V2.1,2026-06-29,2026-06-29 19:54:02.665208
3096,2026-06,4,4,171.0,49581.229999999996,39203.549999999996,-10377.68,519.2092397660819,DOWN,93.94,RETAIL,35.67064327485381,432.86,991.6246,1424.4846,N,TXN_V2.1,2026-06-29,2026-06-29 19:54:02.665208
3097,2026-06,2,2,50.0,3588.77,2286.62,-1302.15,117.50779999999999,DOWN,12.72,RETAIL,32.002,109.72,71.7754,181.49540000000002,N,TXN_V2.1,2026-06-29,2026-06-29 19:54:02.665208
3098,2026-06,3,3,109.0,6370.75,14359.86,7989.110000000001,190.18908256880735,UP,19.32,RETAIL,31.194954128440365,208.17000000000002,127.415,335.58500000000004,N,TXN_V2.1,2026-06-29,2026-06-29 19:54:02.665208
3099,2026-06,1,1,38.0,2806.79,1302.6,-1504.19,108.14184210526314,DOWN,10.1,RETAIL,44.73999999999999,168.38,56.1358,224.5158,N,TXN_V2.1,2026-06-29,2026-06-29 19:54:02.665208
3100,2026-06,1,1,44.0,36945.6,6155.35,-30790.25,979.5670454545453,DOWN,82.82,RETAIL,36.36,126.4,738.912,865.312,N,TXN_V2.1,2026-06-29,2026-06-29 19:54:02.665208
3101,2026-06,3,3,127.0,15921.029999999999,13754.69,-2166.3399999999983,233.66708661417323,DOWN,42.98,RETAIL,30.70685039370079,263.47,318.4206,581.8906,N,TXN_V2.1,2026-06-29,2026-06-29 19:54:02.665208
3102,2026-06,3,2,117.0,58744.71000000001,10713.26,-48031.450000000004,593.6578632478632,DOWN,97.28,TRAVEL,35.89623931623932,381.09,1174.8942000000002,1555.9842,N,TXN_V2.1,2026-06-29,2026-06-29 19:54:02.665208
3103,2026-06,2,2,90.0,24901.440000000002,24180.480000000003,-720.9599999999991,545.3546666666667,STABLE,63.28,RESTAURANT,41.112,130.05,498.02880000000005,628.0788,N,TXN_V2.1,2026-06-29,2026-06-29 19:54:02.665208
3104,2026-06,1,1,58.0,4942.89,1523.6,-3419.2900000000004,111.49120689655172,DOWN,16.34,GROCERY,41.38,77.14,98.85780000000001,175.9978,N,TXN_V2.1,2026-06-29,2026-06-29 19:54:02.665208
3105,2026-06,4,4,125.0,47258.12,5965.93,-41292.19,425.79240000000004,DOWN,92.24,GROCERY,41.60192000000001,224.24,945.1624,1169.4024,N,TXN_V2.1,2026-06-29,2026-06-29 19:54:02.665208
3106,2026-06,1,1,40.0,13791.66,11897.58,-1894.08,642.231,STABLE,36.68,GAS_STATION,42.5,73.69,275.8332,349.5232,N,TXN_V2.1,2026-06-29,2026-06-29 19:54:02.665208
3107,2026-06,2,2,67.0,4492.91,2004.35,-2488.56,96.97402985074628,DOWN,15.38,GAS_STATION,29.857014925373136,127.55,89.8582,217.4082,N,TXN_V2.1,2026-06-29,2026-06-29 19:54:02.665208
3108,2026-06,3,2,121.0,7096.95,13390.47,6293.5199999999995,169.317520661157,UP,20.46,GROCERY,40.497933884297524,195.43,141.939,337.369,N,TXN_V2.1,2026-06-29,2026-06-29 19:54:02.665208
3109,2026-06,1,1,51.0,2000.89,9035.11,7034.22,216.3921568627451,UP,6.32,RESTAURANT,39.220000000000006,161.66,40.0178,201.6778,N,TXN_V2.1,2026-06-29,2026-06-29 19:54:02.665208
3110,2026-06,4,4,200.0,51488.8,16167.769999999999,-35321.030000000006,338.28285000000005,DOWN,94.82,HEALTHCARE,40.4988,569.3299999999999,1029.776,1599.106,N,TXN_V2.1,2026-06-29,2026-06-29 19:54:02.665208
3111,2026-06,3,3,108.0,7776.47,11467.1,3690.63,178.1812037037037,UP,21.4,RESTAURANT,43.52074074074074,185.92,155.5294,341.44939999999997,N,TXN_V2.1,2026-06-29,2026-06-29 19:54:02.665208
3112,2026-06,1,1,67.0,12936.54,1878.64,-11057.900000000001,221.1220895522388,DOWN,34.08,TRAVEL,41.79,210.66,258.73080000000004,469.3908,N,TXN_V2.1,2026-06-29,2026-06-29 19:54:02.665208
3113,2026-06,4,4,243.0,33800.659999999996,70660.79000000001,36860.13000000001,429.8825102880659,UP,78.58,HEALTHCARE,37.039341563786,519.27,676.0132,1195.2831999999999,N,TXN_V2.1,2026-06-29,2026-06-29 19:54:02.665208
3114,2026-06,2,1,60.0,18973.68,13581.63,-5392.050000000001,542.5885,DOWN,50.04,GROCERY,43.33533333333333,100.4,379.47360000000003,479.8736,N,TXN_V2.1,2026-06-29,2026-06-29 19:54:02.665208
3115,2026-06,3,3,119.0,25724.42,5150.99,-20573.43,259.45722689075626,DOWN,64.84,RESTAURANT,37.817647058823525,156.85999999999999,514.4884,671.3484,N,TXN_V2.1,2026-06-29,2026-06-29 19:54:02.665208
3116,2026-06,1,1,64.0,2971.17,15750.8,12779.63,292.53078125,UP,10.74,RESTAURANT,43.75,118.07,59.4234,177.4934,N,TXN_V2.1,2026-06-29,2026-06-29 19:54:02.665208
3117,2026-06,3,3,119.0,22529.28,23576.260000000002,1046.9800000000032,387.441512605042,STABLE,58.08,RETAIL,42.016302521008406,255.2,450.5856,705.7855999999999,N,TXN_V2.1,2026-06-29,2026-06-29 19:54:02.665208
3118,2026-06,1,1,58.0,3332.2,21955.21,18623.01,435.9898275862069,UP,12.06,GAS_STATION,43.11000000000001,119.09,66.64399999999999,185.73399999999998,N,TXN_V2.1,2026-06-29,2026-06-29 19:54:02.665208
3119,2026-06,1,1,64.0,25468.33,8579.61,-16888.72,531.9990625,DOWN,64.2,GROCERY,42.19,40.31,509.36660000000006,549.6766,N,TXN_V2.1,2026-06-29,2026-06-29 19:54:02.665208
3120,2026-06,4,3,172.0,27600.87,13514.030000000002,-14086.839999999997,239.04011627906976,DOWN,68.6,TRAVEL,37.793430232558144,471.40999999999997,552.0174,1023.4273999999999,N,TXN_V2.1,2026-06-29,2026-06-29 19:54:02.665208
3121,2026-06,3,3,156.0,8577.93,14622.68,6044.75,148.72185897435898,UP,22.82,TRAVEL,38.4648717948718,352.71000000000004,171.5586,524.2686000000001,N,TXN_V2.1,2026-06-29,2026-06-29 19:54:02.665208
3122,2026-06,2,2,102.0,8900.81,4274.72,-4626.089999999999,129.17186274509803,DOWN,23.5,RESTAURANT,25.491764705882353,190.13,178.0162,368.1462,N,TXN_V2.1,2026-06-29,2026-06-29 19:54:02.665208
3123,2026-06,2,2,115.0,22838.27,33127.75,10289.48,486.6610434782609,UP,58.92,GROCERY,37.393565217391306,232.94,456.7654,689.7054,N,TXN_V2.1,2026-06-29,2026-06-29 19:54:02.665208
3124,2026-06,2,2,133.0,19461.66,38678.88,19217.219999999998,437.14691729323306,UP,51.14,GROCERY,38.34646616541353,125.07,389.2332,514.3032000000001,N,TXN_V2.1,2026-06-29,2026-06-29 19:54:02.665208
3125,2026-06,4,3,157.0,26013.89,35750.68,9736.79,393.4049044585987,UP,65.36,TRAVEL,33.76019108280255,371.55,520.2778,891.8278,N,TXN_V2.1,2026-06-29,2026-06-29 19:54:02.665208
3126,2026-06,1,1,58.0,2988.22,2870.54,-117.67999999999984,101.01310344827587,STABLE,10.84,RESTAURANT,51.72,239.09,59.764399999999995,298.8544,N,TXN_V2.1,2026-06-29,2026-06-29 19:54:02.665208
3127,2026-06,3,3,65.0,4551.48,3594.3199999999997,-957.1599999999999,125.32,DOWN,15.52,TRAVEL,23.073384615384615,44.9,91.02959999999999,135.9296,N,TXN_V2.1,2026-06-29,2026-06-29 19:54:02.665208
3128,2026-06,2,1,46.0,7822.66,1998.2399999999998,-5824.42,213.4978260869565,DOWN,21.56,UTILITIES,39.12717391304348,187.7,156.4532,344.15319999999997,N,TXN_V2.1,2026-06-29,2026-06-29 19:54:02.665208
3129,2026-06,1,1,25.0,714.0,11174.27,10460.27,475.5308,UP,0.5,GROCERY,40.0,136.4,14.280000000000001,150.68,N,TXN_V2.1,2026-06-29,2026-06-29 19:54:02.665208
3130,2026-06,3,3,132.0,19638.73,48366.49,28727.76,515.1910606060607,UP,51.44,RESTAURANT,42.42272727272728,354.0,392.7746,746.7746,N,TXN_V2.1,2026-06-29,2026-06-29 19:54:02.665208
3131,2026-06,4,4,221.0,32635.510000000002,47796.71,15161.199999999997,363.94669683257916,UP,76.76,RETAIL,39.820361990950225,421.4,652.7102000000001,1074.1102,N,TXN_V2.1,2026-06-29,2026-06-29 19:54:02.665208
3132,2026-06,3,3,109.0,5924.02,41998.85,36074.83,439.6593577981651,UP,18.32,RETAIL,35.78229357798165,406.69,118.48040000000002,525.1704,N,TXN_V2.1,2026-06-29,2026-06-29 19:54:02.665208
3133,2026-06,3,3,118.0,6830.87,33245.83,26414.960000000003,339.63305084745764,UP,19.9,TRAVEL,43.22076271186441,228.66,136.6174,365.2774,N,TXN_V2.1,2026-06-29,2026-06-29 19:54:02.665208
3134,2026-06,3,2,98.0,5778.4800000000005,15319.28,9540.8,215.28326530612247,UP,18.04,GROCERY,47.95969387755101,290.88,115.56960000000001,406.44960000000003,N,TXN_V2.1,2026-06-29,2026-06-29 19:54:02.665208
3135,2026-06,3,3,123.0,36653.85,24003.989999999998,-12649.86,493.1531707317073,DOWN,82.3,UTILITIES,44.71447154471545,257.23,733.077,990.307,N,TXN_V2.1,2026-06-29,2026-06-29 19:54:02.665208
3136,2026-06,1,1,53.0,11498.07,8321.45,-3176.619999999999,373.9532075471698,DOWN,30.04,ENTERTAINMENT,33.96000000000001,146.8,229.9614,376.7614,N,TXN_V2.1,2026-06-29,2026-06-29 19:54:02.665208
3137,2026-06,3,2,107.0,5925.55,15070.65,9145.099999999999,196.22616822429907,UP,18.36,UTILITIES,41.122242990654215,218.43,118.51100000000001,336.94100000000003,N,TXN_V2.1,2026-06-29,2026-06-29 19:54:02.665208
3138,2026-06,4,2,113.0,37959.06,7046.09,-30912.969999999998,398.2756637168141,DOWN,84.28,UTILITIES,34.512831858407075,217.15,759.1812,976.3312,N,TXN_V2.1,2026-06-29,2026-06-29 19:54:02.665208
3139,2026-06,4,4,245.0,59353.0,50371.51,-8981.489999999998,447.8551428571429,DOWN,97.42,GROCERY,36.32902040816327,286.59,1187.06,1473.6499999999999,N,TXN_V2.1,2026-06-29,2026-06-29 19:54:02.665208
3140,2026-06,1,1,39.0,3016.09,994.31,-2021.7800000000002,102.83076923076923,DOWN,11.0,TRAVEL,56.41,67.79,60.3218,128.11180000000002,N,TXN_V2.1,2026-06-29,2026-06-29 19:54:02.665208
3141,2026-06,3,3,137.0,32387.399999999998,38092.45,5705.049999999999,514.4514598540145,UP,76.54,TRAVEL,43.06744525547445,297.36,647.7479999999999,945.108,N,TXN_V2.1,2026-06-29,2026-06-29 19:54:02.665208
3142,2026-06,4,4,128.0,35051.23,14119.960000000001,-20931.270000000004,384.149921875,DOWN,80.22,RETAIL,35.936953125,251.32999999999998,701.0246000000001,952.3546000000001,N,TXN_V2.1,2026-06-29,2026-06-29 19:54:02.665208
3143,2026-06,1,1,46.0,2380.73,3226.17,845.44,121.8891304347826,UP,8.2,GAS_STATION,36.96,66.66,47.6146,114.27459999999999,N,TXN_V2.1,2026-06-29,2026-06-29 19:54:02.665208
3144,2026-06,4,4,213.0,93813.38,27315.96,-66497.42000000001,568.6823474178403,DOWN,99.98,RESTAURANT,35.678497652582166,443.34000000000003,1876.2676000000001,2319.6076000000003,Y,TXN_V2.1,2026-06-29,2026-06-29 19:54:02.665208
3145,2026-06,4,4,186.0,41331.420000000006,7173.889999999999,-34157.530000000006,260.7812365591398,DOWN,87.42,RETAIL,37.09763440860215,470.16999999999996,826.6284000000002,1296.7984000000001,N,TXN_V2.1,2026-06-29,2026-06-29 19:54:02.665208
3146,2026-06,3,2,94.0,11149.71,12196.630000000001,1046.920000000002,248.36531914893618,STABLE,29.04,TRAVEL,45.745106382978726,250.72,222.99419999999998,473.7142,N,TXN_V2.1,2026-06-29,2026-06-29 19:54:02.665208
3147,2026-06,1,1,59.0,2462.04,3538.92,1076.88,101.71118644067796,UP,8.72,GROCERY,35.59,117.07,49.2408,166.3108,N,TXN_V2.1,2026-06-29,2026-06-29 19:54:02.665208
3148,2026-06,4,4,141.0,18375.8,12109.76,-6266.039999999999,216.2096453900709,DOWN,48.6,RETAIL,36.87914893617021,373.78,367.516,741.296,N,TXN_V2.1,2026-06-29,2026-06-29 19:54:02.665208
3149,2026-06,4,4,189.0,29296.25,39599.979999999996,10303.729999999996,364.53031746031746,UP,71.54,RETAIL,31.221269841269844,267.58,585.9250000000001,853.5050000000001,N,TXN_V2.1,2026-06-29,2026-06-29 19:54:02.665208
3150,2026-06,4,4,260.0,28789.270000000004,52603.68,23814.409999999996,313.04980769230775,UP,70.7,RETAIL,31.54096153846153,723.42,575.7854000000001,1299.2054,N,TXN_V2.1,2026-06-29,2026-06-29 19:54:02.665208
3151,2026-06,1,1,39.0,9317.22,1819.85,-7497.369999999999,285.56589743589745,DOWN,24.48,ENTERTAINMENT,48.71,207.39,186.34439999999998,393.73439999999994,N,TXN_V2.1,2026-06-29,2026-06-29 19:54:02.665208
3152,2026-06,2,2,65.0,14966.94,2833.9,-12133.04,273.85907692307694,DOWN,40.28,HEALTHCARE,44.61369230769231,170.42000000000002,299.3388,469.7588,N,TXN_V2.1,2026-06-29,2026-06-29 19:54:02.665208
3153,2026-06,1,1,24.0,1247.71,1865.51,617.8,129.7175,STABLE,2.54,RETAIL,33.34000000000001,13.53,24.9542,38.4842,N,TXN_V2.1,2026-06-29,2026-06-29 19:54:02.665208
3154,2026-06,3,3,141.0,17186.21,10918.85,-6267.359999999999,199.32666666666665,DOWN,45.92,RESTAURANT,40.42574468085106,288.98,343.7242,632.7042,N,TXN_V2.1,2026-06-29,2026-06-29 19:54:02.665208
3155,2026-06,2,2,110.0,31722.35,21819.56,-9902.789999999997,486.7446363636364,DOWN,75.24,RETAIL,43.63418181818182,147.41,634.447,781.857,N,TXN_V2.1,2026-06-29,2026-06-29 19:54:02.665208
3156,2026-06,3,3,112.0,25514.8,23599.050000000003,-1915.7499999999964,438.5165178571429,STABLE,64.32,GROCERY,34.82071428571429,221.74,510.296,732.0360000000001,N,TXN_V2.1,2026-06-29,2026-06-29 19:54:02.665208
3157,2026-06,3,3,134.0,26806.8,9548.42,-17258.379999999997,271.3076119402985,DOWN,67.04,UTILITIES,38.803358208955224,242.51,536.136,778.646,N,TXN_V2.1,2026-06-29,2026-06-29 19:54:02.665208
3158,2026-06,3,3,118.0,28994.13,16240.16,-12753.970000000001,383.3414406779661,DOWN,71.2,GROCERY,39.82779661016949,300.21,579.8826,880.0926,N,TXN_V2.1,2026-06-29,2026-06-29 19:54:02.665208
3159,2026-06,4,3,167.0,30540.739999999998,21215.71,-9325.029999999999,309.9188622754491,DOWN,73.48,RETAIL,39.521856287425145,554.25,610.8148,1165.0648,N,TXN_V2.1,2026-06-29,2026-06-29 19:54:02.665208
3160,2026-06,2,2,65.0,5924.13,1534.87,-4389.26,114.75384615384615,DOWN,18.34,RESTAURANT,27.695999999999998,144.49,118.4826,262.9726,N,TXN_V2.1,2026-06-29,2026-06-29 19:54:02.665208
3161,2026-06,4,4,171.0,23903.190000000002,9321.47,-14581.720000000003,194.29625730994155,DOWN,61.16,UTILITIES,35.0870760233918,295.55,478.06380000000007,773.6138000000001,N,TXN_V2.1,2026-06-29,2026-06-29 19:54:02.665208
3162,2026-06,1,1,42.0,9799.75,3230.57,-6569.18,310.24571428571426,DOWN,25.6,GAS_STATION,28.57,106.98,195.995,302.975,N,TXN_V2.1,2026-06-29,2026-06-29 19:54:02.665208
3163,2026-06,1,1,30.0,1729.53,1713.54,-15.990000000000009,114.76899999999999,STABLE,4.84,GAS_STATION,23.33,80.11,34.5906,114.70060000000001,N,TXN_V2.1,2026-06-29,2026-06-29 19:54:02.665208
3164,2026-06,3,3,131.0,59847.130000000005,15971.05,-43876.08,578.7647328244275,DOWN,97.56,UTILITIES,35.114580152671756,251.88,1196.9426,1448.8226,N,TXN_V2.1,2026-06-29,2026-06-29 19:54:02.665208
3165,2026-06,2,2,88.0,22648.09,9854.119999999999,-12793.970000000001,369.34329545454545,DOWN,58.44,HEALTHCARE,45.45090909090909,164.04,452.96180000000004,617.0018,N,TXN_V2.1,2026-06-29,2026-06-29 19:54:02.665208
3166,2026-06,1,1,28.0,1223.42,1786.83,563.4099999999999,107.50892857142857,UP,2.42,GAS_STATION,28.57,70.61,24.468400000000003,95.0784,N,TXN_V2.1,2026-06-29,2026-06-29 19:54:02.665208
3167,2026-06,4,4,160.0,18014.13,38037.93,20023.8,350.325375,UP,47.86,RETAIL,33.129625000000004,339.84,360.2826,700.1225999999999,N,TXN_V2.1,2026-06-29,2026-06-29 19:54:02.665208
3168,2026-06,4,4,136.0,7019.48,17397.32,10377.84,179.53529411764706,UP,20.22,UTILITIES,42.645367647058826,284.08,140.3896,424.4696,N,TXN_V2.1,2026-06-29,2026-06-29 19:54:02.665208
3169,2026-06,2,2,89.0,5128.83,23958.52,18829.690000000002,326.8241573033708,UP,16.66,INSURANCE,40.44696629213484,150.74,102.5766,253.3166,N,TXN_V2.1,2026-06-29,2026-06-29 19:54:02.665208
3170,2026-06,2,2,114.0,44856.08,4134.07,-40722.01,429.73815789473684,DOWN,90.56,RETAIL,44.73666666666667,205.01,897.1216000000001,1102.1316000000002,N,TXN_V2.1,2026-06-29,2026-06-29 19:54:02.665208
3171,2026-06,4,3,155.0,18743.86,7703.46,-11040.400000000001,170.62787096774193,DOWN,49.46,UTILITIES,42.57832258064516,269.11,374.8772,643.9872,N,TXN_V2.1,2026-06-29,2026-06-29 19:54:02.665208
3172,2026-06,3,3,109.0,22817.53,18823.78,-3993.75,382.03036697247705,DOWN,58.8,RETAIL,34.86321100917431,303.21000000000004,456.3506,759.5606,N,TXN_V2.1,2026-06-29,2026-06-29 19:54:02.665208
3173,2026-06,4,3,94.0,6521.5599999999995,15834.49,9312.93,237.83031914893616,UP,19.54,TRAVEL,43.6163829787234,291.51,130.4312,421.9412,N,TXN_V2.1,2026-06-29,2026-06-29 19:54:02.665208
3174,2026-06,1,0,33.0,1257.96,2894.3,1636.3400000000001,125.82606060606061,UP,2.56,GAS_STATION,51.51,107.41,25.159200000000002,132.5692,N,TXN_V2.1,2026-06-29,2026-06-29 19:54:02.665208
3175,2026-06,4,4,166.0,29014.8,14043.03,-14971.769999999999,259.38451807228915,DOWN,71.22,TRAVEL,33.72951807228915,237.48,580.296,817.7760000000001,N,TXN_V2.1,2026-06-29,2026-06-29 19:54:02.665208
3176,2026-06,4,4,179.0,36061.69,47941.65,11879.96,469.2924022346368,UP,81.48,RESTAURANT,41.34340782122905,357.03,721.2338000000001,1078.2638000000002,N,TXN_V2.1,2026-06-29,2026-06-29 19:54:02.665208
3177,2026-06,1,1,62.0,20900.26,10660.18,-10240.079999999998,509.03935483870964,DOWN,54.3,RETAIL,45.15999999999999,105.99,418.0052,523.9952,N,TXN_V2.1,2026-06-29,2026-06-29 19:54:02.665208
3178,2026-06,2,2,109.0,25516.23,22985.52,-2530.709999999999,444.9701834862385,DOWN,64.34,UTILITIES,47.71064220183486,202.99,510.3246,713.3145999999999,N,TXN_V2.1,2026-06-29,2026-06-29 19:54:02.665208
3179,2026-06,2,2,115.0,35053.13,42260.32,7207.190000000002,672.2908695652173,UP,80.24,UTILITIES,40.86739130434783,354.4,701.0626,1055.4625999999998,N,TXN_V2.1,2026-06-29,2026-06-29 19:54:02.665208
3180,2026-06,4,3,151.0,36895.64,9372.74,-27522.9,306.4131125827814,DOWN,82.7,GROCERY,39.7358940397351,462.67,737.9128,1200.5828,N,TXN_V2.1,2026-06-29,2026-06-29 19:54:02.665208
3181,2026-06,4,4,171.0,58919.780000000006,25584.57,-33335.21000000001,494.177485380117,DOWN,97.34,RESTAURANT,42.10941520467837,401.87,1178.3956,1580.2656000000002,N,TXN_V2.1,2026-06-29,2026-06-29 19:54:02.665208
3182,2026-06,4,4,252.0,56332.21000000001,39313.19,-17019.020000000004,379.5452380952381,DOWN,96.52,UTILITIES,36.902857142857144,424.35,1126.6442000000002,1550.9942,N,TXN_V2.1,2026-06-29,2026-06-29 19:54:02.665208
3183,2026-06,1,1,55.0,4224.49,8210.16,3985.67,226.08454545454543,UP,14.82,GAS_STATION,40.0,143.26,84.4898,227.7498,N,TXN_V2.1,2026-06-29,2026-06-29 19:54:02.665208
3184,2026-06,3,3,172.0,52901.91,20547.7,-32354.210000000003,427.03261627906977,DOWN,95.44,RESTAURANT,38.375058139534886,460.66,1058.0382000000002,1518.6982000000003,N,TXN_V2.1,2026-06-29,2026-06-29 19:54:02.665208
3185,2026-06,2,2,118.0,6136.35,8638.210000000001,2501.8600000000006,125.20813559322035,UP,18.82,GAS_STATION,42.36745762711864,316.96,122.727,439.687,N,TXN_V2.1,2026-06-29,2026-06-29 19:54:02.665208
3186,2026-06,3,2,123.0,27935.36,25388.190000000002,-2547.1699999999983,433.5247967479675,DOWN,69.24,TRAVEL,40.64780487804878,226.81,558.7072000000001,785.5172,N,TXN_V2.1,2026-06-29,2026-06-29 19:54:02.665208
3187,2026-06,2,2,65.0,26329.55,25130.100000000002,-1199.449999999997,791.6869230769231,STABLE,65.96,RETAIL,29.231999999999996,37.26,526.591,563.851,N,TXN_V2.1,2026-06-29,2026-06-29 19:54:02.665208
3188,2026-06,3,3,146.0,57328.12,18288.86,-39039.26,517.9245205479452,DOWN,96.82,TRAVEL,36.987671232876714,281.64,1146.5624,1428.2024000000001,N,TXN_V2.1,2026-06-29,2026-06-29 19:54:02.665208
3189,2026-06,3,3,121.0,29406.46,15383.92,-14022.539999999999,370.1684297520661,DOWN,71.66,GROCERY,40.50132231404959,302.36,588.1292,890.4892,N,TXN_V2.1,2026-06-29,2026-06-29 19:54:02.665208
3190,2026-06,3,3,99.0,20432.63,22321.35,1888.7199999999975,431.8583838383838,STABLE,53.04,TRAVEL,28.284848484848478,78.38,408.6526,487.0326,N,TXN_V2.1,2026-06-29,2026-06-29 19:54:02.665208
3191,2026-06,2,1,53.0,3234.21,16486.300000000003,13252.090000000004,372.0850943396227,UP,11.8,RETAIL,39.62981132075471,103.36,64.6842,168.0442,N,TXN_V2.1,2026-06-29,2026-06-29 19:54:02.665208
3192,2026-06,2,2,149.0,35916.19,26411.54,-9504.650000000001,418.3069127516779,DOWN,81.3,TRAVEL,34.89838926174497,499.74,718.3238,1218.0638,N,TXN_V2.1,2026-06-29,2026-06-29 19:54:02.665208
3193,2026-06,1,1,77.0,2423.73,16097.54,13673.810000000001,240.53597402597404,UP,8.54,GROCERY,33.76,294.72,48.4746,343.19460000000004,N,TXN_V2.1,2026-06-29,2026-06-29 19:54:02.665208
3194,2026-06,3,3,110.0,7147.8,12072.300000000001,4924.500000000001,174.72818181818184,UP,20.56,TRAVEL,38.18036363636364,247.28,142.95600000000002,390.236,N,TXN_V2.1,2026-06-29,2026-06-29 19:54:02.665208
3195,2026-06,4,4,178.0,75278.3,7212.54,-68065.76000000001,463.4316853932584,DOWN,99.56,UTILITIES,34.27005617977528,298.99,1505.566,1804.556,N,TXN_V2.1,2026-06-29,2026-06-29 19:54:02.665208
3196,2026-06,3,3,137.0,22106.7,7657.0,-14449.7,217.25328467153284,DOWN,57.1,RETAIL,40.1441605839416,386.7,442.134,828.8340000000001,N,TXN_V2.1,2026-06-29,2026-06-29 19:54:02.665208
3197,2026-06,4,4,219.0,44845.05,39857.15,-4987.9000000000015,386.76803652968044,DOWN,90.52,UTILITIES,40.64045662100457,343.1,896.9010000000001,1240.0010000000002,N,TXN_V2.1,2026-06-29,2026-06-29 19:54:02.665208
3198,2026-06,2,2,101.0,24859.51,9948.119999999999,-14911.39,344.63,DOWN,63.22,TRAVEL,40.58990099009902,274.54999999999995,497.1902,771.7402,N,TXN_V2.1,2026-06-29,2026-06-29 19:54:02.665208
3199,2026-06,3,3,124.0,49754.25,5975.88,-43778.37,449.4365322580645,DOWN,94.1,RESTAURANT,37.90040322580645,212.66000000000003,995.085,1207.7450000000001,N,TXN_V2.1,2026-06-29,2026-06-29 19:54:02.665208
3200,2026-06,2,2,103.0,23069.71,15767.73,-7301.98,377.06252427184467,DOWN,59.36,GAS_STATION,36.88834951456311,237.17000000000002,461.3942,698.5642,N,TXN_V2.1,2026-06-29,2026-06-29 19:54:02.665208
3201,2026-06,1,1,67.0,12130.67,2875.88,-9254.79,223.9783582089552,DOWN,31.72,GROCERY,37.32,176.86,242.6134,419.4734,N,TXN_V2.1,2026-06-29,2026-06-29 19:54:02.665208
3202,2026-06,1,1,66.0,12846.68,27036.77,14190.09,604.2946969696969,UP,33.76,HEALTHCARE,40.91000000000001,127.05,256.9336,383.9836,N,TXN_V2.1,2026-06-29,2026-06-29 19:54:02.665208
3203,2026-06,1,0,41.0,9231.62,1413.97,-7817.650000000001,259.64853658536583,DOWN,24.24,HEALTHCARE,34.14,72.1,184.63240000000002,256.7324,N,TXN_V2.1,2026-06-29,2026-06-29 19:54:02.665208
3204,2026-06,3,3,125.0,35420.340000000004,6988.2,-28432.140000000003,339.26832,DOWN,80.54,RETAIL,40.004,282.18,708.4068000000001,990.5868,N,TXN_V2.1,2026-06-29,2026-06-29 19:54:02.665208
3205,2026-06,3,3,152.0,37624.92,23637.059999999998,-13987.86,403.03934210526313,DOWN,83.84,TRAVEL,36.8391447368421,255.45,752.4984,1007.9484,N,TXN_V2.1,2026-06-29,2026-06-29 19:54:02.665208
3206,2026-06,4,4,154.0,16450.7,7296.92,-9153.78,154.2053246753247,DOWN,44.3,UTILITIES,37.666038961038964,300.43,329.014,629.444,N,TXN_V2.1,2026-06-29,2026-06-29 19:54:02.665208
3207,2026-06,2,2,121.0,35781.57,23997.72,-11783.849999999999,494.0437190082645,DOWN,81.12,TRAVEL,47.105123966942145,318.33,715.6314,1033.9614,N,TXN_V2.1,2026-06-29,2026-06-29 19:54:02.665208
3208,2026-06,1,1,54.0,2901.66,21769.08,18867.420000000002,456.8655555555556,UP,10.52,GROCERY,27.779999999999998,104.89,58.0332,162.9232,N,TXN_V2.1,2026-06-29,2026-06-29 19:54:02.665208
3209,2026-06,3,3,175.0,38861.920000000006,10848.01,-28013.910000000003,284.0567428571429,DOWN,85.26,RETAIL,34.285428571428575,192.29,777.2384000000002,969.5284000000001,N,TXN_V2.1,2026-06-29,2026-06-29 19:54:02.665208
3210,2026-06,1,0,22.0,670.33,1522.46,852.13,99.67227272727273,UP,0.46,HEALTHCARE,31.819999999999997,26.53,13.406600000000001,39.9366,N,TXN_V2.1,2026-06-29,2026-06-29 19:54:02.665208
3211,2026-06,2,2,113.0,15808.580000000002,3406.38,-12402.2,170.04389380530975,DOWN,42.62,RESTAURANT,33.61946902654868,314.86,316.17160000000007,631.0316,N,TXN_V2.1,2026-06-29,2026-06-29 19:54:02.665208
3212,2026-06,4,4,153.0,51012.78,28896.989999999998,-22115.79,522.2860784313725,DOWN,94.68,TRAVEL,38.56509803921569,319.98,1020.2556,1340.2356,N,TXN_V2.1,2026-06-29,2026-06-29 19:54:02.665208
3213,2026-06,2,1,75.0,5773.55,3194.54,-2579.01,119.57453333333333,DOWN,18.02,GROCERY,30.66733333333333,81.19999999999999,115.471,196.671,N,TXN_V2.1,2026-06-29,2026-06-29 19:54:02.665208
3214,2026-06,3,3,74.0,6120.200000000001,2892.2799999999997,-3227.920000000001,121.79027027027027,DOWN,18.74,TRAVEL,35.134324324324325,104.41,122.40400000000001,226.81400000000002,N,TXN_V2.1,2026-06-29,2026-06-29 19:54:02.665208
3215,2026-06,4,4,228.0,46383.31,16671.579999999998,-29711.73,276.5565350877193,DOWN,91.68,RETAIL,35.527280701754385,586.49,927.6662,1514.1562,N,TXN_V2.1,2026-06-29,2026-06-29 19:54:02.665208
3216,2026-06,4,4,140.0,48414.729999999996,40039.95,-8374.779999999999,631.8191428571428,DOWN,93.14,TRAVEL,32.14057142857143,102.14,968.2946,1070.4346,N,TXN_V2.1,2026-06-29,2026-06-29 19:54:02.665208
3217,2026-06,1,1,48.0,3607.08,2300.27,-1306.81,123.06979166666667,DOWN,12.74,RESTAURANT,41.65999999999999,77.8,72.1416,149.9416,N,TXN_V2.1,2026-06-29,2026-06-29 19:54:02.665208
3218,2026-06,3,3,123.0,12350.64,6989.77,-5360.869999999999,157.23910569105692,DOWN,32.32,RETAIL,36.58365853658537,260.31,247.0128,507.32280000000003,N,TXN_V2.1,2026-06-29,2026-06-29 19:54:02.665208
3219,2026-06,1,1,45.0,2385.14,1864.75,-520.3899999999999,94.442,DOWN,8.22,GROCERY,40.0,137.13,47.702799999999996,184.8328,N,TXN_V2.1,2026-06-29,2026-06-29 19:54:02.665208
3220,2026-06,3,3,120.0,18730.08,5291.81,-13438.27,200.18241666666668,DOWN,49.36,GAS_STATION,35.00033333333333,127.69999999999999,374.6016,502.3016,N,TXN_V2.1,2026-06-29,2026-06-29 19:54:02.665208
3221,2026-06,2,2,130.0,36006.39,17506.76,-18499.63,411.63961538461535,DOWN,81.4,INSURANCE,36.15923076923077,208.46,720.1278,928.5878,N,TXN_V2.1,2026-06-29,2026-06-29 19:54:02.665208
3222,2026-06,3,3,150.0,40456.270000000004,14478.439999999999,-25977.830000000005,366.23140000000006,DOWN,86.84,UTILITIES,34.00053333333333,342.56,809.1254000000001,1151.6854,N,TXN_V2.1,2026-06-29,2026-06-29 19:54:02.665208
3223,2026-06,2,2,85.0,22824.29,2435.7200000000003,-20388.57,297.17658823529416,DOWN,58.84,RESTAURANT,40.00129411764706,129.8,456.48580000000004,586.2858000000001,N,TXN_V2.1,2026-06-29,2026-06-29 19:54:02.665208
3224,2026-06,4,4,108.0,46893.11,15544.96,-31348.15,578.1302777777778,DOWN,91.96,GROCERY,38.88666666666666,180.83,937.8622,1118.6922,N,TXN_V2.1,2026-06-29,2026-06-29 19:54:02.665208
3225,2026-06,3,3,147.0,42266.0,7039.14,-35226.86,335.4091156462585,DOWN,88.46,RESTAURANT,46.93761904761905,322.1,845.32,1167.42,N,TXN_V2.1,2026-06-29,2026-06-29 19:54:02.665208
3226,2026-06,2,2,85.0,3555.32,4891.51,1336.19,99.3744705882353,UP,12.6,GROCERY,38.823647058823525,366.83,71.10640000000001,437.9364,N,TXN_V2.1,2026-06-29,2026-06-29 19:54:02.665208
3227,2026-06,2,2,74.0,14690.49,2480.3500000000004,-12210.14,232.03837837837838,DOWN,39.56,TRAVEL,39.18729729729729,122.41,293.8098,416.21979999999996,N,TXN_V2.1,2026-06-29,2026-06-29 19:54:02.665208
3228,2026-06,3,3,116.0,27926.02,15404.34,-12521.68,373.53758620689655,DOWN,69.2,TRAVEL,35.34551724137931,306.05,558.5204,864.5704000000001,N,TXN_V2.1,2026-06-29,2026-06-29 19:54:02.665208
3229,2026-06,3,3,133.0,31773.97,18733.2,-13040.77,379.75315789473683,DOWN,75.32,INSURANCE,42.85947368421053,300.65,635.4794,936.1294,N,TXN_V2.1,2026-06-29,2026-06-29 19:54:02.665208
3230,2026-06,2,2,86.0,16318.220000000001,2469.16,-13849.060000000001,218.4579069767442,DOWN,43.98,RESTAURANT,41.86558139534883,186.57999999999998,326.36440000000005,512.9444000000001,N,TXN_V2.1,2026-06-29,2026-06-29 19:54:02.665208
3231,2026-06,1,1,22.0,1571.43,1273.44,-297.99,129.31227272727273,STABLE,4.06,TRAVEL,36.36,11.9,31.428600000000003,43.3286,N,TXN_V2.1,2026-06-29,2026-06-29 19:54:02.665208
3232,2026-06,3,3,182.0,46899.61,24523.52,-22376.09,392.43478021978024,DOWN,91.98,INSURANCE,36.8128021978022,396.48,937.9922,1334.4722000000002,N,TXN_V2.1,2026-06-29,2026-06-29 19:54:02.665208
3233,2026-06,1,1,17.0,896.4,776.58,-119.81999999999994,98.41058823529411,STABLE,1.16,GAS_STATION,47.059999999999995,83.8,17.928,101.728,N,TXN_V2.1,2026-06-29,2026-06-29 19:54:02.665208
3234,2026-06,2,2,83.0,47152.66,12371.779999999999,-34780.880000000005,717.1619277108434,DOWN,92.18,UTILITIES,40.96433734939759,199.91,943.0532000000001,1142.9632000000001,N,TXN_V2.1,2026-06-29,2026-06-29 19:54:02.665208
3235,2026-06,3,3,97.0,13616.52,3311.74,-10304.78,174.51814432989693,DOWN,36.12,RETAIL,37.11268041237113,322.64,272.3304,594.9703999999999,N,TXN_V2.1,2026-06-29,2026-06-29 19:54:02.665208
3236,2026-06,3,3,116.0,25898.89,24584.11,-1314.7799999999988,435.19827586206895,STABLE,65.22,RESTAURANT,31.032327586206893,120.17000000000002,517.9778,638.1478,N,TXN_V2.1,2026-06-29,2026-06-29 19:54:02.665208
3237,2026-06,3,3,170.0,25759.07,15072.779999999999,-10686.29,240.18735294117647,DOWN,64.94,UTILITIES,44.11600000000001,668.9300000000001,515.1814,1184.1114000000002,N,TXN_V2.1,2026-06-29,2026-06-29 19:54:02.665208
3238,2026-06,3,3,170.0,31738.06,7413.33,-24324.730000000003,230.30229411764705,DOWN,75.26,WIRE_TRANSFER_INTL,34.70788235294118,257.38,634.7612,892.1412,N,TXN_V2.1,2026-06-29,2026-06-29 19:54:02.665208
3239,2026-06,1,1,74.0,33121.67,1907.68,-31213.989999999998,473.36959459459456,DOWN,77.5,TRAVEL,29.73,48.76,662.4334,711.1934,N,TXN_V2.1,2026-06-29,2026-06-29 19:54:02.665208
3240,2026-06,3,3,126.0,16080.830000000002,5708.47,-10372.36,172.9309523809524,DOWN,43.4,RESTAURANT,40.47452380952381,411.66999999999996,321.61660000000006,733.2866,N,TXN_V2.1,2026-06-29,2026-06-29 19:54:02.665208
3241,2026-06,2,2,86.0,21113.0,3049.92,-18063.08,280.9641860465116,DOWN,54.8,GAS_STATION,45.34744186046512,255.89,422.26,678.15,N,TXN_V2.1,2026-06-29,2026-06-29 19:54:02.665208
3242,2026-06,4,3,177.0,17639.010000000002,36688.229999999996,19049.219999999994,306.9335593220339,UP,47.0,RESTAURANT,36.72271186440678,459.54999999999995,352.78020000000004,812.3302,N,TXN_V2.1,2026-06-29,2026-06-29 19:54:02.665208
3243,2026-06,1,1,29.0,2078.69,886.64,-1192.0500000000002,102.25275862068965,DOWN,6.82,GROCERY,31.04,87.88,41.5738,129.4538,N,TXN_V2.1,2026-06-29,2026-06-29 19:54:02.665208
3244,2026-06,1,1,69.0,14526.57,10897.2,-3629.369999999999,368.46043478260873,DOWN,38.9,TRAVEL,37.68,179.33,290.5314,469.8614,N,TXN_V2.1,2026-06-29,2026-06-29 19:54:02.665208
3245,2026-06,2,2,119.0,14481.29,50449.57,35968.28,545.6374789915966,UP,38.7,RESTAURANT,37.819075630252094,184.73000000000002,289.6258,474.35580000000004,N,TXN_V2.1,2026-06-29,2026-06-29 19:54:02.665208
3246,2026-06,4,4,190.0,27487.989999999998,10256.0,-17231.989999999998,198.6525789473684,DOWN,68.32,TRAVEL,36.840842105263164,264.63,549.7597999999999,814.3897999999999,N,TXN_V2.1,2026-06-29,2026-06-29 19:54:02.665208
3247,2026-06,4,4,174.0,10560.18,8843.039999999999,-1717.1400000000012,111.51275862068967,DOWN,27.6,UTILITIES,39.65775862068966,505.38,211.20360000000002,716.5836,N,TXN_V2.1,2026-06-29,2026-06-29 19:54:02.665208
3248,2026-06,1,1,55.0,3375.62,16887.32,13511.7,368.41709090909086,UP,12.2,RETAIL,41.81000000000001,128.26,67.5124,195.7724,N,TXN_V2.1,2026-06-29,2026-06-29 19:54:02.665208
3249,2026-06,2,2,71.0,11589.099999999999,33597.44,22008.340000000004,636.4301408450705,UP,30.28,HEALTHCARE,42.25295774647887,103.94,231.78199999999998,335.722,N,TXN_V2.1,2026-06-29,2026-06-29 19:54:02.665208
3250,2026-06,2,2,126.0,16180.720000000001,12330.279999999999,-3850.4400000000023,226.27777777777777,DOWN,43.56,RESTAURANT,37.303333333333335,269.81,323.61440000000005,593.4244000000001,N,TXN_V2.1,2026-06-29,2026-06-29 19:54:02.665208
3251,2026-06,3,3,137.0,20868.89,24526.3,3657.41,331.35175182481754,UP,54.14,RETAIL,38.68642335766423,289.85,417.3778,707.2278,N,TXN_V2.1,2026-06-29,2026-06-29 19:54:02.665208
3252,2026-06,3,3,155.0,20918.67,24391.98,3473.3100000000013,292.3267741935484,UP,54.42,UTILITIES,42.58283870967742,380.25,418.37339999999995,798.6234,N,TXN_V2.1,2026-06-29,2026-06-29 19:54:02.665208
3253,2026-06,3,3,115.0,13694.36,33216.61,19522.25,407.92147826086955,UP,36.34,RETAIL,38.264434782608696,174.15,273.8872,448.0372,N,TXN_V2.1,2026-06-29,2026-06-29 19:54:02.665208
3254,2026-06,2,2,60.0,4354.57,11529.47,7174.9,264.734,UP,15.1,HEALTHCARE,40.00266666666666,53.21,87.0914,140.3014,N,TXN_V2.1,2026-06-29,2026-06-29 19:54:02.665208
3255,2026-06,3,3,138.0,39857.4,7043.719999999999,-32813.68,339.86318840579713,DOWN,86.22,RETAIL,42.02586956521739,545.0799999999999,797.148,1342.228,N,TXN_V2.1,2026-06-29,2026-06-29 19:54:02.665208
3256,2026-06,2,2,95.0,26268.93,13634.7,-12634.23,420.0382105263158,DOWN,65.84,RESTAURANT,43.15842105263158,265.28999999999996,525.3786,790.6686,N,TXN_V2.1,2026-06-29,2026-06-29 19:54:02.665208
3257,2026-06,4,4,239.0,28196.41,25018.64,-3177.7700000000004,222.6571129707113,DOWN,69.74,TRAVEL,36.40238493723849,607.5,563.9282000000001,1171.4282,N,TXN_V2.1,2026-06-29,2026-06-29 19:54:02.665208
3258,2026-06,2,2,64.0,4022.6800000000003,3266.59,-756.0900000000001,113.89484375,DOWN,14.12,RETAIL,29.690468749999997,150.56,80.45360000000001,231.0136,N,TXN_V2.1,2026-06-29,2026-06-29 19:54:02.665208
3259,2026-06,2,2,99.0,23996.67,11919.1,-12077.569999999998,362.7855555555555,DOWN,61.42,INSURANCE,39.39333333333333,89.63999999999999,479.93339999999995,569.5734,N,TXN_V2.1,2026-06-29,2026-06-29 19:54:02.665208
3260,2026-06,3,3,137.0,7111.23,17515.829999999998,10404.599999999999,179.7595620437956,UP,20.5,RETAIL,39.41423357664234,295.47,142.22459999999998,437.69460000000004,N,TXN_V2.1,2026-06-29,2026-06-29 19:54:02.665208
3261,2026-06,1,1,70.0,2211.41,11321.97,9110.56,193.33399999999997,UP,7.52,RETAIL,35.72,144.23,44.2282,188.45819999999998,N,TXN_V2.1,2026-06-29,2026-06-29 19:54:02.665208
3262,2026-06,2,2,100.0,14567.400000000001,4636.41,-9930.990000000002,192.03810000000001,DOWN,39.08,RETAIL,37.99550000000001,209.99,291.348,501.338,N,TXN_V2.1,2026-06-29,2026-06-29 19:54:02.665208
3263,2026-06,2,2,93.0,22800.530000000002,19059.45,-3741.0800000000017,450.107311827957,DOWN,58.74,RESTAURANT,38.708387096774196,78.73,456.01060000000007,534.7406000000001,N,TXN_V2.1,2026-06-29,2026-06-29 19:54:02.665208
3264,2026-06,4,4,215.0,40452.31,30247.870000000003,-10204.439999999995,328.83804651162785,DOWN,86.82,TRAVEL,37.2087441860465,277.67,809.0462,1086.7162,N,TXN_V2.1,2026-06-29,2026-06-29 19:54:02.665208
3265,2026-06,3,3,77.0,33599.68,4284.26,-29315.42,491.9992207792208,DOWN,78.3,UTILITIES,42.859350649350645,127.51,671.9936,799.5036,N,TXN_V2.1,2026-06-29,2026-06-29 19:54:02.665208
3266,2026-06,2,2,105.0,31211.54,15839.5,-15372.04,448.1051428571429,DOWN,74.58,GROCERY,43.809714285714286,195.75,624.2308,819.9808,N,TXN_V2.1,2026-06-29,2026-06-29 19:54:02.665208
3267,2026-06,1,1,29.0,806.24,1594.78,788.54,82.79379310344828,UP,0.82,RESTAURANT,41.38,151.91,16.1248,168.0348,N,TXN_V2.1,2026-06-29,2026-06-29 19:54:02.665208
3268,2026-06,4,3,214.0,42670.36,38241.43,-4428.93,378.09247663551406,DOWN,88.72,TRAVEL,36.916962616822424,465.59,853.4072,1318.9972,N,TXN_V2.1,2026-06-29,2026-06-29 19:54:02.665208
3269,2026-06,2,2,64.0,3617.2799999999997,14231.98,10614.7,278.8946875,UP,12.8,RETAIL,42.191250000000004,179.06,72.34559999999999,251.4056,N,TXN_V2.1,2026-06-29,2026-06-29 19:54:02.665208
3270,2026-06,3,3,176.0,22134.190000000002,27796.43,5662.239999999998,283.69670454545457,UP,57.2,UTILITIES,38.63903409090909,240.91,442.6838000000001,683.5938000000001,N,TXN_V2.1,2026-06-29,2026-06-29 19:54:02.665208
3271,2026-06,4,4,165.0,24768.82,35509.08,10740.260000000002,365.32060606060605,UP,63.1,TRAVEL,38.180484848484845,276.24,495.3764,771.6164,N,TXN_V2.1,2026-06-29,2026-06-29 19:54:02.665208
3272,2026-06,3,3,133.0,37304.1,37663.57,359.47000000000116,563.6666917293232,STABLE,83.38,RETAIL,36.091127819548866,180.66,746.082,926.742,N,TXN_V2.1,2026-06-29,2026-06-29 19:54:02.665208
3273,2026-06,4,3,184.0,45844.29,40678.04,-5166.25,470.23005434782607,DOWN,91.2,RETAIL,41.30576086956522,475.74,916.8858,1392.6258,N,TXN_V2.1,2026-06-29,2026-06-29 19:54:02.665208
3274,2026-06,2,2,79.0,28238.86,13324.19,-14914.67,526.1145569620254,DOWN,69.82,INSURANCE,26.58037974683544,159.19,564.7772,723.9672,N,TXN_V2.1,2026-06-29,2026-06-29 19:54:02.665208
3275,2026-06,3,3,116.0,17100.82,16370.06,-730.7600000000002,288.5420689655172,STABLE,45.5,RETAIL,38.79301724137931,267.92,342.0164,609.9364,N,TXN_V2.1,2026-06-29,2026-06-29 19:54:02.665208
3276,2026-06,4,4,220.0,56483.97,17680.14,-38803.83,337.1095909090909,DOWN,96.56,RETAIL,35.456272727272726,815.01,1129.6794,1944.6894,N,TXN_V2.1,2026-06-29,2026-06-29 19:54:02.665208
3277,2026-06,4,4,181.0,49788.130000000005,36355.43,-13432.700000000004,475.93127071823204,DOWN,94.14,TRAVEL,33.146298342541435,574.61,995.7626000000001,1570.3726000000001,N,TXN_V2.1,2026-06-29,2026-06-29 19:54:02.665208
3278,2026-06,4,3,111.0,18313.7,14758.060000000001,-3555.6399999999994,297.94378378378383,DOWN,48.48,RESTAURANT,31.53135135135135,369.59000000000003,366.274,735.864,N,TXN_V2.1,2026-06-29,2026-06-29 19:54:02.665208
3279,2026-06,3,3,136.0,15540.66,8532.46,-7008.200000000001,177.00823529411764,DOWN,41.74,UTILITIES,44.85308823529412,196.3,310.8132,507.1132,N,TXN_V2.1,2026-06-29,2026-06-29 19:54:02.665208
3280,2026-06,2,2,130.0,22841.79,5126.92,-17714.870000000003,215.14392307692307,DOWN,58.96,GROCERY,36.922769230769234,348.62,456.8358,805.4558,N,TXN_V2.1,2026-06-29,2026-06-29 19:54:02.665208
3281,2026-06,3,3,121.0,37414.009999999995,21479.68,-15934.329999999994,486.7247107438016,DOWN,83.5,PAWN_SHOP,38.015702479338835,152.67,748.2801999999999,900.9501999999999,N,TXN_V2.1,2026-06-29,2026-06-29 19:54:02.665208
3282,2026-06,2,2,140.0,42182.45,14876.150000000001,-27306.299999999996,407.56142857142856,DOWN,88.26,TRAVEL,43.571285714285715,428.24,843.649,1271.8890000000001,N,TXN_V2.1,2026-06-29,2026-06-29 19:54:02.665208
3283,2026-06,4,2,167.0,21567.91,16547.36,-5020.549999999999,228.23514970059884,DOWN,55.78,RESTAURANT,35.9262874251497,356.42999999999995,431.3582,787.7882,N,TXN_V2.1,2026-06-29,2026-06-29 19:54:02.665208
3284,2026-06,4,4,156.0,38001.51,31793.62,-6207.890000000003,447.4046794871795,DOWN,84.32,RESTAURANT,35.25339743589744,313.65,760.0302,1073.6802,N,TXN_V2.1,2026-06-29,2026-06-29 19:54:02.665208
3285,2026-06,2,2,98.0,29944.339999999997,3543.2200000000003,-26401.119999999995,341.7097959183673,DOWN,72.5,RETAIL,41.83357142857143,220.73,598.8868,819.6168,N,TXN_V2.1,2026-06-29,2026-06-29 19:54:02.665208
3286,2026-06,1,1,33.0,13982.62,774.68,-13207.94,447.19090909090914,DOWN,37.18,RESTAURANT,39.39,105.79,279.6524,385.4424,N,TXN_V2.1,2026-06-29,2026-06-29 19:54:02.665208
3287,2026-06,4,4,218.0,34889.09,49997.11,15108.020000000004,389.3862385321101,UP,80.0,RETAIL,29.812614678899084,553.44,697.7818,1251.2218,N,TXN_V2.1,2026-06-29,2026-06-29 19:54:02.665208
3288,2026-06,3,3,147.0,30996.05,23164.56,-7831.489999999998,368.4395238095238,DOWN,74.28,HEALTHCARE,38.774421768707484,200.4,619.921,820.321,N,TXN_V2.1,2026-06-29,2026-06-29 19:54:02.665208
3289,2026-06,1,1,50.0,740.05,12958.07,12218.02,273.9624,UP,0.6,RETAIL,38.0,189.09,14.801,203.891,N,TXN_V2.1,2026-06-29,2026-06-29 19:54:02.665208
3290,2026-06,1,1,29.0,2711.97,1304.22,-1407.7499999999998,138.48931034482757,DOWN,9.76,TRAVEL,41.38,78.68,54.239399999999996,132.9194,N,TXN_V2.1,2026-06-29,2026-06-29 19:54:02.665208
3291,2026-06,3,3,111.0,16128.88,16881.47,752.590000000002,297.39054054054054,STABLE,43.48,UTILITIES,43.24774774774775,187.99,322.5776,510.5676,N,TXN_V2.1,2026-06-29,2026-06-29 19:54:02.665208
3292,2026-06,1,1,32.0,2726.14,1368.91,-1357.2299999999998,127.9703125,DOWN,9.88,RETAIL,46.879999999999995,26.72,54.5228,81.24279999999999,N,TXN_V2.1,2026-06-29,2026-06-29 19:54:02.665208
3293,2026-06,3,3,198.0,24088.98,55972.619999999995,31883.639999999996,404.3515151515151,UP,61.58,GROCERY,36.86984848484848,264.69,481.7796,746.4696,N,TXN_V2.1,2026-06-29,2026-06-29 19:54:02.665208
3294,2026-06,3,3,84.0,20505.739999999998,3406.0099999999998,-17099.73,284.6636904761904,DOWN,53.22,RETAIL,35.714999999999996,281.01,410.11479999999995,691.1247999999999,N,TXN_V2.1,2026-06-29,2026-06-29 19:54:02.665208
3295,2026-06,4,4,271.0,67707.92,49383.68,-18324.239999999998,432.0723247232473,DOWN,99.06,RESTAURANT,39.48110701107011,633.26,1354.1584,1987.4184,N,TXN_V2.1,2026-06-29,2026-06-29 19:54:02.665208
3296,2026-06,4,4,163.0,27127.850000000002,19311.85,-7816.000000000004,284.90613496932514,DOWN,67.7,UTILITIES,35.57858895705521,309.61,542.557,852.167,N,TXN_V2.1,2026-06-29,2026-06-29 19:54:02.665208
3297,2026-06,4,4,176.0,48635.76,6125.8099999999995,-42509.950000000004,311.1452840909091,DOWN,93.36,TRAVEL,34.08835227272728,198.43,972.7152000000001,1171.1452000000002,N,TXN_V2.1,2026-06-29,2026-06-29 19:54:02.665208
3298,2026-06,4,3,155.0,57165.869999999995,7874.2,-49291.67,419.61335483870965,DOWN,96.76,TRAVEL,41.93619354838709,384.69,1143.3174,1528.0074,N,TXN_V2.1,2026-06-29,2026-06-29 19:54:02.665208
3299,2026-06,3,2,101.0,14674.199999999999,14821.98,147.78000000000065,292.04138613861386,STABLE,39.4,RESTAURANT,38.61227722772277,185.69,293.484,479.174,N,TXN_V2.1,2026-06-29,2026-06-29 19:54:02.665208
3300,2026-06,4,4,150.0,65288.28,17612.63,-47675.649999999994,552.6727333333333,DOWN,98.7,RESTAURANT,39.33573333333334,317.62,1305.7656,1623.3856,N,TXN_V2.1,2026-06-29,2026-06-29 19:54:02.665208
3301,2026-06,4,4,167.0,41515.53,25848.96,-15666.57,403.3801796407185,DOWN,87.6,TRAVEL,38.92,501.48,830.3106,1331.7906,N,TXN_V2.1,2026-06-29,2026-06-29 19:54:02.665208
3302,2026-06,2,2,66.0,13487.1,2270.1099999999997,-11216.990000000002,238.74560606060604,DOWN,35.78,INSURANCE,43.93909090909091,168.93,269.742,438.672,N,TXN_V2.1,2026-06-29,2026-06-29 19:54:02.665208
3303,2026-06,2,2,82.0,11477.93,2954.6099999999997,-8523.32,176.00658536585368,DOWN,29.92,RESTAURANT,42.680121951219505,125.51,229.5586,355.0686,N,TXN_V2.1,2026-06-29,2026-06-29 19:54:02.665208
3304,2026-06,1,1,27.0,779.79,2334.03,1554.2400000000002,115.32666666666667,UP,0.78,RESTAURANT,33.33,46.17,15.595799999999999,61.7658,N,TXN_V2.1,2026-06-29,2026-06-29 19:54:02.665208
3305,2026-06,1,1,73.0,4297.87,12892.61,8594.740000000002,235.48602739726027,UP,14.98,GROCERY,35.620000000000005,106.15,85.95739999999999,192.10739999999998,N,TXN_V2.1,2026-06-29,2026-06-29 19:54:02.665208
3306,2026-06,4,4,213.0,34940.2,60806.82,25866.620000000003,449.5165258215962,UP,80.04,UTILITIES,39.435915492957754,381.42,698.804,1080.224,N,TXN_V2.1,2026-06-29,2026-06-29 19:54:02.665208
3307,2026-06,4,4,217.0,24307.11,47762.4,23455.29,332.1175576036867,UP,62.1,TRAVEL,41.47179723502304,491.84999999999997,486.1422,977.9921999999999,N,TXN_V2.1,2026-06-29,2026-06-29 19:54:02.665208
3308,2026-06,1,1,28.0,9994.9,9904.94,-89.95999999999913,710.7085714285714,STABLE,26.08,ENTERTAINMENT,35.72,56.65,199.898,256.548,N,TXN_V2.1,2026-06-29,2026-06-29 19:54:02.665208
3309,2026-06,3,2,90.0,12537.880000000001,12040.039999999999,-497.84000000000196,273.08799999999997,STABLE,32.94,RESTAURANT,41.11055555555555,243.48,250.75760000000002,494.23760000000004,N,TXN_V2.1,2026-06-29,2026-06-29 19:54:02.665208
3310,2026-06,3,3,116.0,33656.020000000004,25681.71,-7974.310000000005,511.5321551724138,DOWN,78.4,RESTAURANT,40.51801724137931,156.95999999999998,673.1204000000001,830.0804,N,TXN_V2.1,2026-06-29,2026-06-29 19:54:02.665208
3311,2026-06,2,2,87.0,16954.02,19993.91,3039.8899999999994,424.68885057471266,UP,45.22,RESTAURANT,33.34,84.0,339.0804,423.0804,N,TXN_V2.1,2026-06-29,2026-06-29 19:54:02.665208
3312,2026-06,1,1,48.0,10279.7,2004.29,-8275.41,255.91645833333337,DOWN,26.9,RESTAURANT,37.5,75.6,205.59400000000002,281.194,N,TXN_V2.1,2026-06-29,2026-06-29 19:54:02.665208
3313,2026-06,4,4,249.0,22606.72,31177.23,8570.509999999998,215.99979919678714,UP,58.32,RETAIL,33.33253012048193,462.73,452.1344,914.8644,N,TXN_V2.1,2026-06-29,2026-06-29 19:54:02.665208
3314,2026-06,1,1,19.0,6970.36,2038.09,-4932.2699999999995,474.128947368421,DOWN,20.16,GAS_STATION,36.85,30.92,139.4072,170.3272,N,TXN_V2.1,2026-06-29,2026-06-29 19:54:02.665208
3315,2026-06,2,2,130.0,34319.58,38305.08,3985.5,558.6512307692308,UP,79.24,RESTAURANT,40.77092307692307,369.82000000000005,686.3916,1056.2116,N,TXN_V2.1,2026-06-29,2026-06-29 19:54:02.665208
3316,2026-06,2,1,91.0,15338.59,9827.039999999999,-5511.550000000001,276.5453846153846,DOWN,41.34,UTILITIES,36.25978021978023,224.94,306.7718,531.7118,N,TXN_V2.1,2026-06-29,2026-06-29 19:54:02.665208
3317,2026-06,3,3,135.0,20688.49,48552.51,27864.02,512.8962962962963,UP,53.62,RETAIL,40.00681481481481,304.72,413.76980000000003,718.4898000000001,N,TXN_V2.1,2026-06-29,2026-06-29 19:54:02.665208
3318,2026-06,4,4,140.0,34976.77,10807.26,-24169.509999999995,327.02878571428573,DOWN,80.12,UTILITIES,40.00271428571428,462.97,699.5354,1162.5054,N,TXN_V2.1,2026-06-29,2026-06-29 19:54:02.665208
3319,2026-06,4,4,157.0,41773.89,29470.579999999998,-12303.310000000001,453.7864331210191,DOWN,87.8,RESTAURANT,35.03337579617835,513.08,835.4778,1348.5578,N,TXN_V2.1,2026-06-29,2026-06-29 19:54:02.665208
3320,2026-06,2,2,118.0,3720.76,10609.650000000001,6888.890000000001,121.44415254237289,UP,13.08,GROCERY,42.378135593220335,363.66999999999996,74.41520000000001,438.0852,N,TXN_V2.1,2026-06-29,2026-06-29 19:54:02.665208
3321,2026-06,3,2,110.0,5713.72,5572.469999999999,-141.2500000000009,102.60172727272726,STABLE,17.9,RETAIL,35.45436363636364,299.02,114.27440000000001,413.2944,N,TXN_V2.1,2026-06-29,2026-06-29 19:54:02.665208
3322,2026-06,4,4,176.0,38337.08,9503.89,-28833.190000000002,271.8236931818182,DOWN,84.68,TRAVEL,38.07124999999999,462.25,766.7416000000001,1228.9916,N,TXN_V2.1,2026-06-29,2026-06-29 19:54:02.665208
3323,2026-06,1,1,38.0,1613.31,2236.31,623.0,101.30578947368421,UP,4.24,RESTAURANT,42.11,46.84,32.2662,79.1062,N,TXN_V2.1,2026-06-29,2026-06-29 19:54:02.665208
3324,2026-06,2,2,122.0,39997.3,6751.76,-33245.54,383.18901639344267,DOWN,86.4,RESTAURANT,38.52754098360655,178.26,799.946,978.206,N,TXN_V2.1,2026-06-29,2026-06-29 19:54:02.665208
3325,2026-06,3,3,119.0,7422.32,26510.04,19087.72,285.14588235294116,UP,20.9,RETAIL,42.861176470588234,174.81,148.4464,323.2564,N,TXN_V2.1,2026-06-29,2026-06-29 19:54:02.665208
3326,2026-06,3,3,124.0,27871.56,30356.5,2484.9399999999987,469.58112903225805,UP,69.12,RESTAURANT,30.64604838709677,152.94,557.4312,710.3712,N,TXN_V2.1,2026-06-29,2026-06-29 19:54:02.665208
3327,2026-06,2,2,72.0,23558.99,3739.77,-19819.22,379.1494444444445,DOWN,60.54,GAS_STATION,29.165416666666673,198.56,471.17980000000006,669.7398000000001,N,TXN_V2.1,2026-06-29,2026-06-29 19:54:02.665208
3328,2026-06,1,1,58.0,14647.22,9999.31,-4647.91,424.9401724137931,DOWN,39.34,GROCERY,32.76,90.92,292.9444,383.8644,N,TXN_V2.1,2026-06-29,2026-06-29 19:54:02.665208
3329,2026-06,2,2,124.0,14306.33,28838.39,14532.06,347.94129032258064,UP,38.24,RETAIL,41.93532258064516,338.33000000000004,286.1266,624.4566,N,TXN_V2.1,2026-06-29,2026-06-29 19:54:02.665208
3330,2026-06,3,3,120.0,16775.01,10692.25,-6082.759999999998,228.89383333333333,DOWN,44.9,RESTAURANT,43.334500000000006,265.85,335.50019999999995,601.3502,N,TXN_V2.1,2026-06-29,2026-06-29 19:54:02.665208
3331,2026-06,2,2,127.0,5622.04,34759.729999999996,29137.689999999995,317.9666929133858,UP,17.68,GROCERY,34.646220472440945,145.66,112.4408,258.1008,N,TXN_V2.1,2026-06-29,2026-06-29 19:54:02.665208
3332,2026-06,4,4,197.0,43848.07,51629.33,7781.260000000002,484.6568527918781,UP,89.66,RESTAURANT,31.9846192893401,545.87,876.9614,1422.8314,N,TXN_V2.1,2026-06-29,2026-06-29 19:54:02.665208
3333,2026-06,4,3,192.0,19055.54,10130.84,-8924.7,152.01239583333333,DOWN,50.22,RESTAURANT,36.97770833333334,542.72,381.11080000000004,923.8308000000001,N,TXN_V2.1,2026-06-29,2026-06-29 19:54:02.665208
3334,2026-06,4,4,223.0,48628.6,19264.66,-29363.94,304.45408071748875,DOWN,93.32,RETAIL,34.08264573991032,437.78000000000003,972.572,1410.352,N,TXN_V2.1,2026-06-29,2026-06-29 19:54:02.665208
3335,2026-06,3,3,113.0,23139.1,7020.71,-16118.39,266.9009734513274,DOWN,59.6,RESTAURANT,50.44522123893805,133.23000000000002,462.782,596.012,N,TXN_V2.1,2026-06-29,2026-06-29 19:54:02.665208
3336,2026-06,4,3,105.0,28802.23,21114.4,-7687.829999999998,475.3964761904762,DOWN,70.74,RESTAURANT,34.28666666666666,188.10000000000002,576.0446000000001,764.1446000000001,N,TXN_V2.1,2026-06-29,2026-06-29 19:54:02.665208
3337,2026-06,2,2,100.0,5620.85,14978.83,9357.98,205.9968,UP,17.66,RETAIL,33.9992,285.59000000000003,112.41700000000002,398.00700000000006,N,TXN_V2.1,2026-06-29,2026-06-29 19:54:02.665208
3338,2026-06,4,4,180.0,47787.619999999995,16990.579999999998,-30797.039999999997,359.87888888888887,DOWN,92.72,UTILITIES,37.77638888888889,323.76,955.7524,1279.5124,N,TXN_V2.1,2026-06-29,2026-06-29 19:54:02.665208
3339,2026-06,4,4,147.0,8435.78,7716.6900000000005,-719.0900000000001,109.88074829931973,DOWN,22.58,UTILITIES,42.179523809523815,332.72,168.71560000000002,501.4356,N,TXN_V2.1,2026-06-29,2026-06-29 19:54:02.665208
3340,2026-06,1,1,59.0,2727.06,23640.74,20913.68,446.9118644067797,UP,9.9,GROCERY,33.89,44.56,54.5412,99.1012,N,TXN_V2.1,2026-06-29,2026-06-29 19:54:02.665208
3341,2026-06,3,2,132.0,47204.66,45428.55,-1776.1100000000006,701.7667424242425,STABLE,92.2,UTILITIES,36.35727272727273,285.72,944.0932000000001,1229.8132,N,TXN_V2.1,2026-06-29,2026-06-29 19:54:02.665208
3342,2026-06,3,3,132.0,8350.17,44202.14,35851.97,398.1235606060606,UP,22.44,RETAIL,37.87757575757576,240.5,167.0034,407.5034,N,TXN_V2.1,2026-06-29,2026-06-29 19:54:02.665208
3343,2026-06,3,3,114.0,15827.75,4907.09,-10920.66,181.88456140350877,DOWN,42.72,RESTAURANT,40.35087719298245,326.91999999999996,316.555,643.4749999999999,N,TXN_V2.1,2026-06-29,2026-06-29 19:54:02.665208
3344,2026-06,2,2,101.0,20755.03,25161.73,4406.700000000001,454.6213861386138,UP,53.82,RESTAURANT,38.614059405940594,215.85999999999999,415.1006,630.9606,N,TXN_V2.1,2026-06-29,2026-06-29 19:54:02.665208
3345,2026-06,4,4,188.0,46233.78,46113.35,-120.43000000000029,491.2081382978724,STABLE,91.52,RETAIL,37.234255319148936,462.43,924.6756,1387.1056,N,TXN_V2.1,2026-06-29,2026-06-29 19:54:02.665208
3346,2026-06,3,3,141.0,54481.17999999999,26217.46,-28263.719999999994,572.3307801418439,DOWN,96.02,GROCERY,39.716808510638295,158.37,1089.6236,1247.9935999999998,N,TXN_V2.1,2026-06-29,2026-06-29 19:54:02.665208
3347,2026-06,4,3,140.0,9331.880000000001,38420.08,29088.2,341.0854285714286,UP,24.56,TRAVEL,32.14142857142858,273.65,186.63760000000002,460.2876,N,TXN_V2.1,2026-06-29,2026-06-29 19:54:02.665208
3348,2026-06,1,1,42.0,2558.05,2309.86,-248.19000000000005,115.90261904761904,STABLE,9.26,RETAIL,42.85,21.9,51.161,73.061,N,TXN_V2.1,2026-06-29,2026-06-29 19:54:02.665208
3349,2026-06,4,4,180.0,39218.31,17031.12,-22187.19,312.4968333333333,DOWN,85.6,RETAIL,34.44188888888889,475.86,784.3661999999999,1260.2262,N,TXN_V2.1,2026-06-29,2026-06-29 19:54:02.665208
3350,2026-06,3,3,140.0,29235.24,31346.699999999997,2111.4599999999955,432.72814285714287,STABLE,71.42,RETAIL,42.86114285714286,315.99,584.7048000000001,900.6948000000001,N,TXN_V2.1,2026-06-29,2026-06-29 19:54:02.665208
3351,2026-06,3,2,81.0,4944.22,4284.84,-659.3800000000001,113.93901234567903,DOWN,16.36,TRAVEL,49.3820987654321,183.2,98.88440000000001,282.0844,N,TXN_V2.1,2026-06-29,2026-06-29 19:54:02.665208
3352,2026-06,2,2,100.0,13946.69,16880.100000000002,2933.4100000000017,308.2679,UP,37.1,RESTAURANT,31.9971,233.02,278.9338,511.9538,N,TXN_V2.1,2026-06-29,2026-06-29 19:54:02.665208
3353,2026-06,1,1,52.0,5060.59,12655.01,7594.42,340.68461538461537,UP,16.52,GROCERY,34.61,118.97,101.21180000000001,220.1818,N,TXN_V2.1,2026-06-29,2026-06-29 19:54:02.665208
3354,2026-06,2,2,110.0,15996.74,14035.32,-1961.42,273.01872727272723,DOWN,43.2,GAS_STATION,40.00181818181819,261.34,319.9348,581.2747999999999,N,TXN_V2.1,2026-06-29,2026-06-29 19:54:02.665208
3355,2026-06,3,3,155.0,42452.479999999996,45230.06,2777.5800000000017,565.6938064516129,STABLE,88.58,UTILITIES,34.1961935483871,331.56,849.0495999999999,1180.6096,N,TXN_V2.1,2026-06-29,2026-06-29 19:54:02.665208
3356,2026-06,2,2,55.0,9849.43,19948.02,10098.59,541.7718181818182,UP,25.72,RESTAURANT,25.456363636363637,24.16,196.98860000000002,221.14860000000002,N,TXN_V2.1,2026-06-29,2026-06-29 19:54:02.665208
3357,2026-06,4,3,202.0,20749.440000000002,20597.17,-152.27000000000407,204.68618811881188,STABLE,53.8,UTILITIES,36.63262376237624,552.53,414.9888000000001,967.5188,N,TXN_V2.1,2026-06-29,2026-06-29 19:54:02.665208
3358,2026-06,4,4,195.0,37885.06,15216.43,-22668.629999999997,272.31533333333334,DOWN,84.16,UTILITIES,36.92374358974359,357.52000000000004,757.7012,1115.2212,N,TXN_V2.1,2026-06-29,2026-06-29 19:54:02.665208
3359,2026-06,1,1,34.0,13634.34,1395.93,-12238.41,442.06676470588235,DOWN,36.18,INSURANCE,41.17999999999999,18.99,272.6868,291.6768,N,TXN_V2.1,2026-06-29,2026-06-29 19:54:02.665208
3360,2026-06,3,3,147.0,17016.13,14035.57,-2980.5600000000013,211.2360544217687,DOWN,45.32,TRAVEL,34.01204081632654,264.32,340.3226,604.6426,N,TXN_V2.1,2026-06-29,2026-06-29 19:54:02.665208
3361,2026-06,3,3,146.0,34325.81,29315.61,-5010.199999999997,435.90013698630133,DOWN,79.26,TRAVEL,37.671027397260275,483.15000000000003,686.5161999999999,1169.6662,N,TXN_V2.1,2026-06-29,2026-06-29 19:54:02.665208
3362,2026-06,2,2,70.0,12407.109999999999,1956.88,-10450.23,205.19985714285713,DOWN,32.48,RESTAURANT,37.142,98.47999999999999,248.14219999999997,346.62219999999996,N,TXN_V2.1,2026-06-29,2026-06-29 19:54:02.665208
3363,2026-06,4,4,228.0,35771.29,11895.28,-23876.010000000002,209.06390350877192,DOWN,81.08,RESTAURANT,35.96701754385964,523.05,715.4258,1238.4758,N,TXN_V2.1,2026-06-29,2026-06-29 19:54:02.665208
3364,2026-06,3,3,98.0,5959.5599999999995,6311.84,352.28000000000065,125.21836734693878,STABLE,18.46,HEALTHCARE,43.88193877551021,88.11,119.1912,207.3012,N,TXN_V2.1,2026-06-29,2026-06-29 19:54:02.665208
3365,2026-06,2,2,82.0,4004.3900000000003,13251.66,9247.27,210.43963414634146,UP,14.08,HEALTHCARE,36.58268292682927,119.45,80.0878,199.5378,N,TXN_V2.1,2026-06-29,2026-06-29 19:54:02.665208
3366,2026-06,2,2,90.0,11756.2,4382.200000000001,-7374.0,179.31555555555556,DOWN,30.72,UTILITIES,41.116,259.17,235.12400000000002,494.29400000000004,N,TXN_V2.1,2026-06-29,2026-06-29 19:54:02.665208
3367,2026-06,4,4,114.0,16290.63,15478.16,-812.4699999999993,278.67359649122807,STABLE,43.9,TRAVEL,44.73850877192982,257.06,325.8126,582.8725999999999,N,TXN_V2.1,2026-06-29,2026-06-29 19:54:02.665208
3368,2026-06,2,2,117.0,13773.96,13606.45,-167.5099999999984,234.0205982905983,STABLE,36.6,INSURANCE,41.02700854700854,323.14,275.4792,598.6192,N,TXN_V2.1,2026-06-29,2026-06-29 19:54:02.665208
3369,2026-06,4,4,158.0,57211.47,22336.9,-34874.57,503.4706962025316,DOWN,96.8,RETAIL,28.47911392405063,441.65999999999997,1144.2294,1585.8894,N,TXN_V2.1,2026-06-29,2026-06-29 19:54:02.665208
3370,2026-06,1,1,36.0,21009.14,11619.02,-9390.119999999999,906.3377777777778,DOWN,54.6,GROCERY,44.449999999999996,92.25,420.1828,512.4328,N,TXN_V2.1,2026-06-29,2026-06-29 19:54:02.665208
3371,2026-06,3,3,128.0,16208.52,75158.37,58949.84999999999,713.803828125,UP,43.72,UTILITIES,36.718671875,242.19,324.17040000000003,566.3604,N,TXN_V2.1,2026-06-29,2026-06-29 19:54:02.665208
3372,2026-06,4,4,169.0,10022.17,37946.63,27924.46,283.83905325443783,UP,26.14,RESTAURANT,42.60520710059171,281.28999999999996,200.4434,481.73339999999996,N,TXN_V2.1,2026-06-29,2026-06-29 19:54:02.665208
3373,2026-06,3,3,136.0,17728.59,7876.06,-9852.529999999999,188.26948529411766,DOWN,47.18,GROCERY,33.82558823529413,434.36,354.5718,788.9318000000001,N,TXN_V2.1,2026-06-29,2026-06-29 19:54:02.665208
3374,2026-06,3,3,194.0,48720.89,25985.65,-22735.239999999998,385.0852577319588,DOWN,93.46,RETAIL,34.022783505154635,413.36,974.4178,1387.7778,N,TXN_V2.1,2026-06-29,2026-06-29 19:54:02.665208
3375,2026-06,2,2,69.0,21625.48,11331.470000000001,-10294.009999999998,477.6369565217391,DOWN,56.02,GROCERY,33.3327536231884,270.6,432.5096,703.1096,N,TXN_V2.1,2026-06-29,2026-06-29 19:54:02.665208
3376,2026-06,3,3,129.0,21872.13,6641.25,-15230.880000000001,221.0339534883721,DOWN,56.56,GROCERY,41.08891472868217,341.93,437.4426,779.3726,N,TXN_V2.1,2026-06-29,2026-06-29 19:54:02.665208
3377,2026-06,2,1,75.0,14140.01,13358.050000000001,-781.9599999999991,366.6408,STABLE,37.78,INSURANCE,42.6696,197.7,282.8002,480.5002,N,TXN_V2.1,2026-06-29,2026-06-29 19:54:02.665208
3378,2026-06,1,1,68.0,22447.3,9987.29,-12460.009999999998,476.9792647058824,DOWN,57.9,RESTAURANT,38.24000000000001,239.67,448.94599999999997,688.616,N,TXN_V2.1,2026-06-29,2026-06-29 19:54:02.665208
3379,2026-06,4,4,195.0,24736.51,26667.550000000003,1931.0400000000045,263.61056410256407,UP,63.02,TRAVEL,37.948358974358975,347.09,494.73019999999997,841.8201999999999,N,TXN_V2.1,2026-06-29,2026-06-29 19:54:02.665208
3380,2026-06,4,4,199.0,28555.0,38086.47,9531.470000000001,334.8817587939699,UP,70.36,RETAIL,41.206331658291454,393.91999999999996,571.1,965.02,N,TXN_V2.1,2026-06-29,2026-06-29 19:54:02.665208
3381,2026-06,2,2,53.0,15473.050000000001,2812.19,-12660.86,345.0045283018868,DOWN,41.52,GROCERY,39.61811320754717,84.63,309.461,394.091,N,TXN_V2.1,2026-06-29,2026-06-29 19:54:02.665208
3382,2026-06,3,3,132.0,6165.32,8028.77,1863.4500000000007,107.53098484848485,UP,18.9,TRAVEL,38.635984848484846,209.3,123.3064,332.6064,N,TXN_V2.1,2026-06-29,2026-06-29 19:54:02.665208
3383,2026-06,2,2,50.0,23595.829999999998,10562.24,-13033.589999999998,683.1614,DOWN,60.62,RETAIL,45.999,21.78,471.91659999999996,493.6966,N,TXN_V2.1,2026-06-29,2026-06-29 19:54:02.665208
3384,2026-06,1,1,34.0,8360.9,2653.62,-5707.28,323.95647058823533,DOWN,22.48,RESTAURANT,38.24000000000001,58.3,167.218,225.51799999999997,N,TXN_V2.1,2026-06-29,2026-06-29 19:54:02.665208
3385,2026-06,2,2,87.0,12501.18,16042.880000000001,3541.7000000000007,328.0926436781609,UP,32.68,GROCERY,39.078620689655175,142.59,250.02360000000002,392.6136,N,TXN_V2.1,2026-06-29,2026-06-29 19:54:02.665208
3386,2026-06,2,2,84.0,3104.2700000000004,6090.03,2985.7599999999993,109.45595238095237,UP,11.32,HEALTHCARE,45.23785714285714,189.12,62.08540000000001,251.2054,N,TXN_V2.1,2026-06-29,2026-06-29 19:54:02.665208
3387,2026-06,2,2,52.0,4512.9400000000005,1636.55,-2876.3900000000003,118.25942307692308,DOWN,15.48,UTILITIES,26.923461538461535,50.54,90.25880000000001,140.7988,N,TXN_V2.1,2026-06-29,2026-06-29 19:54:02.665208
3388,2026-06,2,2,43.0,9692.720000000001,1535.74,-8156.980000000001,261.1269767441861,DOWN,25.38,RETAIL,30.229069767441864,90.19,193.85440000000003,284.0444,N,TXN_V2.1,2026-06-29,2026-06-29 19:54:02.665208
3389,2026-06,4,4,219.0,35728.17,55856.83,20128.660000000003,418.19634703196346,UP,80.98,TRAVEL,41.09465753424658,491.75,714.5634,1206.3134,N,TXN_V2.1,2026-06-29,2026-06-29 19:54:02.665208
3390,2026-06,3,3,133.0,27526.43,31043.19,3516.7599999999984,440.37308270676687,UP,68.42,RETAIL,38.34541353383459,403.42,550.5286,953.9485999999999,N,TXN_V2.1,2026-06-29,2026-06-29 19:54:02.665208
3391,2026-06,3,3,91.0,20838.03,13426.060000000001,-7411.9699999999975,376.5284615384615,DOWN,54.04,RETAIL,40.65967032967033,217.52999999999997,416.7606,634.2906,N,TXN_V2.1,2026-06-29,2026-06-29 19:54:02.665208
3392,2026-06,3,3,153.0,24403.399999999998,47817.63,23414.23,472.03287581699345,UP,62.3,TRAVEL,49.020718954248366,379.13,488.068,867.198,N,TXN_V2.1,2026-06-29,2026-06-29 19:54:02.665208
3393,2026-06,4,4,227.0,18504.760000000002,31038.25,12533.489999999998,218.25114537444935,UP,49.02,RETAIL,41.4063436123348,783.03,370.09520000000003,1153.1252,N,TXN_V2.1,2026-06-29,2026-06-29 19:54:02.665208
3394,2026-06,2,2,81.0,5402.4,3848.3199999999997,-1554.08,114.20641975308641,DOWN,17.16,RESTAURANT,37.04333333333334,157.01,108.048,265.058,N,TXN_V2.1,2026-06-29,2026-06-29 19:54:02.665208
3395,2026-06,2,2,116.0,42201.36,12061.519999999999,-30139.840000000004,467.78344827586204,DOWN,88.3,RESTAURANT,39.653275862068966,301.35,844.0272,1145.3772,N,TXN_V2.1,2026-06-29,2026-06-29 19:54:02.665208
3396,2026-06,4,4,159.0,28112.24,43885.07000000001,15772.830000000005,452.81327044025164,UP,69.46,RETAIL,40.87779874213837,405.12,562.2448,967.3648000000001,N,TXN_V2.1,2026-06-29,2026-06-29 19:54:02.665208
3397,2026-06,3,3,138.0,19101.6,22141.59,3039.9900000000016,298.86369565217393,UP,50.36,GROCERY,36.23050724637681,272.53,382.032,654.5619999999999,N,TXN_V2.1,2026-06-29,2026-06-29 19:54:02.665208
3398,2026-06,1,1,33.0,9069.86,1293.84,-7776.02,314.05151515151516,DOWN,23.9,GROCERY,30.299999999999994,32.03,181.39720000000003,213.42720000000003,N,TXN_V2.1,2026-06-29,2026-06-29 19:54:02.665208
3399,2026-06,4,3,172.0,29818.04,29033.850000000002,-784.1899999999987,342.1621511627907,STABLE,72.28,RESTAURANT,38.37377906976744,279.28,596.3608,875.6408,N,TXN_V2.1,2026-06-29,2026-06-29 19:54:02.665208
3400,2026-06,2,2,46.0,2928.4300000000003,8729.31,5800.879999999999,253.4291304347826,UP,10.6,RESTAURANT,32.60913043478261,159.53,58.5686,218.0986,N,TXN_V2.1,2026-06-29,2026-06-29 19:54:02.665208
3401,2026-06,1,1,52.0,4510.65,22381.92,17871.269999999997,517.1648076923077,UP,15.46,RESTAURANT,28.849999999999998,153.42,90.213,243.63299999999998,N,TXN_V2.1,2026-06-29,2026-06-29 19:54:02.665208
3402,2026-06,3,3,128.0,24433.46,45454.56,21021.1,546.0001562499999,UP,62.38,RESTAURANT,44.5309375,386.19,488.6692,874.8592,N,TXN_V2.1,2026-06-29,2026-06-29 19:54:02.665208
3403,2026-06,2,2,89.0,13474.98,2875.6400000000003,-10599.34,183.71483146067413,DOWN,35.68,GROCERY,35.956516853932584,247.85,269.4996,517.3496,N,TXN_V2.1,2026-06-29,2026-06-29 19:54:02.665208
3404,2026-06,2,2,100.0,37356.75,15603.71,-21753.04,529.6046,DOWN,83.42,RESTAURANT,34.9987,269.19,747.135,1016.325,N,TXN_V2.1,2026-06-29,2026-06-29 19:54:02.665208
3405,2026-06,1,1,67.0,10617.65,2944.8,-7672.849999999999,202.42462686567166,DOWN,27.78,CRYPTO_EXCHANGE,32.839999999999996,152.62,212.353,364.973,N,TXN_V2.1,2026-06-29,2026-06-29 19:54:02.665208
3406,2026-06,3,3,174.0,30889.300000000003,20678.58,-10210.720000000001,296.36712643678163,DOWN,74.08,RESTAURANT,39.0801724137931,642.76,617.7860000000001,1260.546,N,TXN_V2.1,2026-06-29,2026-06-29 19:54:02.665208
3407,2026-06,3,3,193.0,27735.92,27771.3,35.38000000000102,287.6021761658031,STABLE,68.84,UTILITIES,38.34165803108808,549.52,554.7184,1104.2384,N,TXN_V2.1,2026-06-29,2026-06-29 19:54:02.665208
3408,2026-06,4,4,172.0,39352.71,17965.86,-21386.85,333.2475,DOWN,85.74,UTILITIES,37.78953488372093,353.40999999999997,787.0542,1140.4642,N,TXN_V2.1,2026-06-29,2026-06-29 19:54:02.665208
3409,2026-06,4,4,220.0,60870.66,47054.95,-13815.710000000006,490.5709545454545,DOWN,97.78,TRAVEL,38.63618181818182,433.73,1217.4132000000002,1651.1432000000002,N,TXN_V2.1,2026-06-29,2026-06-29 19:54:02.665208
3410,2026-06,2,2,79.0,25707.260000000002,3526.49,-22180.770000000004,370.0474683544304,DOWN,64.78,GROCERY,32.90759493670886,116.9,514.1452,631.0452,N,TXN_V2.1,2026-06-29,2026-06-29 19:54:02.665208
3411,2026-06,2,2,60.0,23104.04,2866.95,-20237.09,432.8498333333334,DOWN,59.46,GROCERY,39.998,51.71,462.0808,513.7908,N,TXN_V2.1,2026-06-29,2026-06-29 19:54:02.665208
3412,2026-06,3,3,141.0,37131.66,45640.869999999995,8509.209999999992,587.039219858156,UP,83.24,TRAVEL,38.292907801418444,122.94999999999999,742.6332000000001,865.5832,N,TXN_V2.1,2026-06-29,2026-06-29 19:54:02.665208
3413,2026-06,4,4,104.0,13197.67,10816.48,-2381.1900000000005,230.90528846153848,DOWN,34.96,TRAVEL,34.61673076923078,115.15,263.9534,379.10339999999997,N,TXN_V2.1,2026-06-29,2026-06-29 19:54:02.665208
3414,2026-06,4,4,138.0,19613.28,8003.679999999999,-11609.599999999999,200.12289855072464,DOWN,51.4,RETAIL,36.23253623188406,138.12,392.2656,530.3856000000001,N,TXN_V2.1,2026-06-29,2026-06-29 19:54:02.665208
3415,2026-06,4,4,126.0,7473.74,6943.73,-530.0100000000002,114.42436507936507,STABLE,20.98,RESTAURANT,38.09539682539682,314.44,149.4748,463.9148,N,TXN_V2.1,2026-06-29,2026-06-29 19:54:02.665208
3416,2026-06,2,2,67.0,19896.760000000002,2461.79,-17434.97,333.70970149253736,DOWN,52.04,RETAIL,44.77223880597015,93.71,397.93520000000007,491.64520000000005,N,TXN_V2.1,2026-06-29,2026-06-29 19:54:02.665208
3417,2026-06,4,4,221.0,33298.63,42112.81,8814.18,341.22823529411767,UP,77.88,TRAVEL,38.91190045248868,343.07000000000005,665.9725999999999,1009.0426,N,TXN_V2.1,2026-06-29,2026-06-29 19:54:02.665208
3418,2026-06,4,4,142.0,30013.200000000004,38188.84,8175.639999999992,480.2960563380282,UP,72.62,WIRE_TRANSFER_INTL,41.548873239436624,422.94,600.2640000000001,1023.2040000000002,N,TXN_V2.1,2026-06-29,2026-06-29 19:54:02.665208
3419,2026-06,1,1,33.0,2538.34,1230.56,-1307.7800000000002,114.20909090909092,DOWN,9.14,GAS_STATION,54.54,16.34,50.7668,67.1068,N,TXN_V2.1,2026-06-29,2026-06-29 19:54:02.665208
3420,2026-06,2,2,100.0,25319.329999999998,16731.24,-8588.089999999997,420.5057,DOWN,63.96,UTILITIES,29.9989,247.66000000000003,506.3866,754.0466,N,TXN_V2.1,2026-06-29,2026-06-29 19:54:02.665208
3421,2026-06,2,2,90.0,12646.16,5016.91,-7629.25,196.25633333333332,DOWN,33.18,TRAVEL,36.662000000000006,105.83,252.9232,358.7532,N,TXN_V2.1,2026-06-29,2026-06-29 19:54:02.665208
3422,2026-06,3,3,118.0,21960.1,22500.29,540.1900000000023,376.7829661016949,STABLE,56.78,RETAIL,33.9014406779661,442.85999999999996,439.202,882.0619999999999,N,TXN_V2.1,2026-06-29,2026-06-29 19:54:02.665208
3423,2026-06,4,4,121.0,14360.9,4744.67,-9616.23,157.89727272727274,DOWN,38.44,TRAVEL,36.36454545454545,281.2,287.218,568.418,N,TXN_V2.1,2026-06-29,2026-06-29 19:54:02.665208
3424,2026-06,2,2,114.0,12546.68,5126.88,-7419.8,155.03122807017544,DOWN,32.98,RETAIL,35.964035087719296,123.57,250.9336,374.5036,N,TXN_V2.1,2026-06-29,2026-06-29 19:54:02.665208
3425,2026-06,2,2,85.0,41031.19,41944.45,913.2599999999948,976.184,STABLE,87.3,INSURANCE,41.174588235294124,105.2,820.6238000000001,925.8238000000001,N,TXN_V2.1,2026-06-29,2026-06-29 19:54:02.665208
3426,2026-06,3,2,132.0,20907.22,6601.11,-14306.11,208.3964393939394,DOWN,54.34,RESTAURANT,29.546590909090902,338.49,418.1444,756.6344,N,TXN_V2.1,2026-06-29,2026-06-29 19:54:02.665208
3427,2026-06,1,1,27.0,2348.89,317.15,-2031.7399999999998,98.74222222222222,DOWN,8.12,RESTAURANT,37.03,84.96,46.977799999999995,131.93779999999998,N,TXN_V2.1,2026-06-29,2026-06-29 19:54:02.665208
3428,2026-06,4,4,170.0,9562.04,17799.17,8237.129999999997,160.94829411764707,UP,25.02,TRAVEL,32.94082352941176,360.93,191.24080000000004,552.1708000000001,N,TXN_V2.1,2026-06-29,2026-06-29 19:54:02.665208
3429,2026-06,3,3,106.0,7492.83,5183.79,-2309.04,119.59075471698112,DOWN,21.02,RETAIL,34.90566037735849,134.01,149.85660000000001,283.8666,N,TXN_V2.1,2026-06-29,2026-06-29 19:54:02.665208
3430,2026-06,4,4,174.0,18478.52,18636.489999999998,157.96999999999753,213.30465517241376,STABLE,48.96,RETAIL,39.656781609195406,240.56,369.5704,610.1304,N,TXN_V2.1,2026-06-29,2026-06-29 19:54:02.665208
3431,2026-06,2,2,66.0,4157.46,3167.23,-990.23,110.98015151515152,DOWN,14.64,TRAVEL,37.879090909090905,98.94999999999999,83.14920000000001,182.0992,N,TXN_V2.1,2026-06-29,2026-06-29 19:54:02.665208
3432,2026-06,2,2,69.0,4095.49,4316.17,220.6800000000003,121.90811594202899,STABLE,14.38,UTILITIES,36.23,221.83,81.9098,303.7398,N,TXN_V2.1,2026-06-29,2026-06-29 19:54:02.665208
3433,2026-06,1,1,20.0,1764.34,6923.35,5159.01,434.3845,UP,5.0,ENTERTAINMENT,20.0,0.0,35.2868,35.2868,N,TXN_V2.1,2026-06-29,2026-06-29 19:54:02.665208
3434,2026-06,3,3,114.0,25886.73,19302.989999999998,-6583.740000000002,396.401052631579,DOWN,65.2,RETAIL,31.578421052631576,252.49,517.7346,770.2246,N,TXN_V2.1,2026-06-29,2026-06-29 19:54:02.665208
3435,2026-06,2,2,84.0,27536.39,24245.82,-3290.5699999999997,616.4548809523809,DOWN,68.46,GROCERY,33.33428571428571,244.90999999999997,550.7278,795.6378,N,TXN_V2.1,2026-06-29,2026-06-29 19:54:02.665208
3436,2026-06,4,4,183.0,12511.11,9523.63,-2987.4800000000014,120.40841530054644,DOWN,32.74,TRAVEL,42.07666666666666,378.89,250.22220000000002,629.1122,N,TXN_V2.1,2026-06-29,2026-06-29 19:54:02.665208
3437,2026-06,2,2,92.0,15829.24,4722.73,-11106.51,223.3909782608696,DOWN,42.74,GROCERY,44.568695652173915,206.46,316.58480000000003,523.0448,N,TXN_V2.1,2026-06-29,2026-06-29 19:54:02.665208
3438,2026-06,3,3,107.0,21754.18,18514.239999999998,-3239.9400000000023,376.3403738317757,DOWN,56.32,RETAIL,33.64635514018691,161.99,435.0836,597.0735999999999,N,TXN_V2.1,2026-06-29,2026-06-29 19:54:02.665208
3439,2026-06,4,4,156.0,35131.89,31589.58,-3542.3099999999977,427.7017307692308,DOWN,80.28,RETAIL,37.181538461538466,269.51,702.6378,972.1478,N,TXN_V2.1,2026-06-29,2026-06-29 19:54:02.665208
3440,2026-06,4,2,89.0,5258.450000000001,16253.65,10995.199999999999,241.70898876404493,UP,16.96,HEALTHCARE,39.324269662921346,83.92,105.16900000000001,189.089,N,TXN_V2.1,2026-06-29,2026-06-29 19:54:02.665208
3441,2026-06,1,1,24.0,1162.26,1249.74,87.48000000000002,100.5,STABLE,2.14,RETAIL,20.840000000000003,102.16,23.2452,125.4052,N,TXN_V2.1,2026-06-29,2026-06-29 19:54:02.665208
3442,2026-06,4,4,133.0,38388.509999999995,25280.54,-13107.969999999994,478.7146616541353,DOWN,84.8,RESTAURANT,30.076165413533833,289.53,767.7701999999999,1057.3002,N,TXN_V2.1,2026-06-29,2026-06-29 19:54:02.665208
3443,2026-06,1,1,42.0,10100.61,2820.23,-7280.380000000001,307.63904761904763,DOWN,26.38,GROCERY,28.57,83.09,202.0122,285.10220000000004,N,TXN_V2.1,2026-06-29,2026-06-29 19:54:02.665208
3444,2026-06,1,1,24.0,1017.79,1203.96,186.17000000000007,92.57291666666667,STABLE,1.58,GROCERY,41.67,138.29,20.3558,158.64579999999998,N,TXN_V2.1,2026-06-29,2026-06-29 19:54:02.665208
3445,2026-06,3,3,136.0,24628.71,49287.13,24658.42,543.4988235294118,UP,62.8,GROCERY,41.915367647058815,310.5,492.5742,803.0742,N,TXN_V2.1,2026-06-29,2026-06-29 19:54:02.665208
3446,2026-06,2,2,61.0,14318.18,2253.2599999999998,-12064.92,271.6629508196721,DOWN,38.28,GAS_STATION,36.06360655737706,221.74,286.3636,508.10360000000003,N,TXN_V2.1,2026-06-29,2026-06-29 19:54:02.665208
3447,2026-06,4,3,185.0,24646.4,33693.34,9046.939999999995,315.34994594594593,UP,62.82,RESTAURANT,37.83654054054054,389.82,492.92800000000005,882.748,N,TXN_V2.1,2026-06-29,2026-06-29 19:54:02.665208
3448,2026-06,2,2,61.0,2197.41,10724.52,8527.11,211.8349180327869,UP,7.48,RESTAURANT,40.9827868852459,252.1,43.9482,296.0482,N,TXN_V2.1,2026-06-29,2026-06-29 19:54:02.665208
3449,2026-06,3,3,118.0,17493.95,15910.55,-1583.4000000000015,283.08898305084745,DOWN,46.74,TRAVEL,38.98415254237288,397.59000000000003,349.879,747.469,N,TXN_V2.1,2026-06-29,2026-06-29 19:54:02.665208
3450,2026-06,3,3,150.0,49218.31,41308.979999999996,-7909.330000000002,603.5152666666667,DOWN,93.66,TRAVEL,33.33093333333333,550.54,984.3661999999999,1534.9062,N,TXN_V2.1,2026-06-29,2026-06-29 19:54:02.665208
3451,2026-06,4,4,201.0,37669.41,28599.47,-9069.940000000002,329.69592039800995,DOWN,83.92,TRAVEL,42.785273631840795,385.59000000000003,753.3882000000001,1138.9782,N,TXN_V2.1,2026-06-29,2026-06-29 19:54:02.665208
3452,2026-06,3,3,133.0,9330.18,16874.54,7544.360000000001,197.02796992481203,UP,24.54,RESTAURANT,42.106015037593984,256.22,186.6036,442.82360000000006,N,TXN_V2.1,2026-06-29,2026-06-29 19:54:02.665208
3453,2026-06,2,2,130.0,8874.86,31215.829999999998,22340.969999999998,308.3899230769231,UP,23.46,RESTAURANT,40.77076923076924,415.35,177.49720000000002,592.8472,N,TXN_V2.1,2026-06-29,2026-06-29 19:54:02.665208
3454,2026-06,2,2,119.0,23196.66,26419.43,3222.7700000000004,416.9419327731092,UP,59.82,UTILITIES,35.295630252100835,281.85,463.9332,745.7832000000001,N,TXN_V2.1,2026-06-29,2026-06-29 19:54:02.665208
3455,2026-06,4,4,148.0,28155.64,17849.97,-10305.669999999998,310.84871621621625,DOWN,69.62,UTILITIES,31.75527027027027,477.84,563.1128,1040.9528,N,TXN_V2.1,2026-06-29,2026-06-29 19:54:02.665208
3456,2026-06,1,1,59.0,3485.6,2816.39,-669.21,106.81338983050847,DOWN,12.46,RETAIL,52.54,102.39,69.712,172.102,N,TXN_V2.1,2026-06-29,2026-06-29 19:54:02.665208
3457,2026-06,4,4,132.0,7023.67,19104.42,12080.749999999998,197.94007575757573,UP,20.24,RESTAURANT,40.90886363636364,110.29,140.4734,250.7634,N,TXN_V2.1,2026-06-29,2026-06-29 19:54:02.665208
3458,2026-06,1,1,36.0,2420.77,575.07,-1845.6999999999998,83.21777777777778,DOWN,8.5,GROCERY,47.220000000000006,78.44,48.4154,126.8554,N,TXN_V2.1,2026-06-29,2026-06-29 19:54:02.665208
3459,2026-06,4,4,163.0,41746.64,48973.19,7226.550000000003,556.5633742331288,UP,87.74,UTILITIES,38.64785276073619,187.07999999999998,834.9328,1022.0128,N,TXN_V2.1,2026-06-29,2026-06-29 19:54:02.665208
3460,2026-06,3,3,145.0,9655.529999999999,17439.940000000002,7784.4100000000035,186.8653103448276,UP,25.22,RESTAURANT,39.310206896551726,194.03,193.11059999999998,387.14059999999995,N,TXN_V2.1,2026-06-29,2026-06-29 19:54:02.665208
3461,2026-06,4,4,215.0,32695.17,32476.989999999998,-218.1800000000003,303.12632558139535,STABLE,76.84,RETAIL,39.99553488372093,451.20000000000005,653.9034,1105.1034,N,TXN_V2.1,2026-06-29,2026-06-29 19:54:02.665208
3462,2026-06,3,3,149.0,73417.36,12663.380000000001,-60753.979999999996,577.7230872483221,DOWN,99.5,INSURANCE,43.627785234899335,274.28,1468.3472,1742.6272,N,TXN_V2.1,2026-06-29,2026-06-29 19:54:02.665208
3463,2026-06,3,2,111.0,25119.510000000002,21517.260000000002,-3602.25,420.15108108108114,DOWN,63.6,TRAVEL,36.93513513513514,281.61,502.39020000000005,784.0002000000001,N,TXN_V2.1,2026-06-29,2026-06-29 19:54:02.665208
3464,2026-06,1,1,29.0,20630.5,1578.16,-19052.34,765.8158620689655,DOWN,53.4,RESTAURANT,27.590000000000003,36.17,412.61,448.78000000000003,N,TXN_V2.1,2026-06-29,2026-06-29 19:54:02.665208
3465,2026-06,4,4,162.0,46512.89,27366.02,-19146.87,456.04265432098765,DOWN,91.78,RETAIL,38.27123456790124,464.4,930.2578,1394.6578,N,TXN_V2.1,2026-06-29,2026-06-29 19:54:02.665208
3466,2026-06,4,4,159.0,31839.129999999997,14641.25,-17197.879999999997,292.32943396226415,DOWN,75.5,RETAIL,33.333710691823896,378.62,636.7826,1015.4026,N,TXN_V2.1,2026-06-29,2026-06-29 19:54:02.665208
3467,2026-06,2,2,66.0,26741.93,1454.94,-25286.99,427.225303030303,DOWN,66.94,GROCERY,33.330303030303035,95.24000000000001,534.8386,630.0786,N,TXN_V2.1,2026-06-29,2026-06-29 19:54:02.665208
3468,2026-06,3,3,118.0,20774.51,22599.46,1824.9500000000007,367.5760169491526,STABLE,53.88,WIRE_TRANSFER_INTL,38.98220338983051,251.93,415.49019999999996,667.4202,N,TXN_V2.1,2026-06-29,2026-06-29 19:54:02.665208
3469,2026-06,4,4,160.0,21995.01,14377.03,-7617.979999999998,227.32525,DOWN,56.82,RETAIL,38.751749999999994,255.6,439.9002,695.5002,N,TXN_V2.1,2026-06-29,2026-06-29 19:54:02.665208
3470,2026-06,1,1,61.0,3274.36,27825.57,24551.21,509.8349180327869,UP,11.94,HEALTHCARE,49.18,76.85,65.4872,142.3372,N,TXN_V2.1,2026-06-29,2026-06-29 19:54:02.665208
3471,2026-06,4,4,195.0,29068.85,41308.85,12240.0,360.91128205128206,UP,71.26,RETAIL,42.56461538461539,420.07,581.377,1001.4469999999999,N,TXN_V2.1,2026-06-29,2026-06-29 19:54:02.665208
3472,2026-06,1,1,62.0,14498.09,4754.18,-9743.91,310.5204838709677,DOWN,38.76,RETAIL,37.09,107.77,289.9618,397.73179999999996,N,TXN_V2.1,2026-06-29,2026-06-29 19:54:02.665208
3473,2026-06,1,1,71.0,29353.8,2704.66,-26649.14,451.5276056338028,DOWN,71.6,RETAIL,36.62,236.84,587.076,823.916,N,TXN_V2.1,2026-06-29,2026-06-29 19:54:02.665208
3474,2026-06,3,3,165.0,24150.81,31152.78,7001.9699999999975,335.1732727272727,UP,61.78,UTILITIES,40.001393939393935,321.25,483.0162,804.2662,N,TXN_V2.1,2026-06-29,2026-06-29 19:54:02.665208
3475,2026-06,4,4,163.0,29796.260000000002,30606.870000000003,810.6100000000006,370.57134969325153,STABLE,72.2,RETAIL,36.20036809815951,329.25,595.9252,925.1752,N,TXN_V2.1,2026-06-29,2026-06-29 19:54:02.665208
3476,2026-06,1,1,27.0,9320.61,19352.83,10032.220000000001,1061.9792592592594,UP,24.5,RETAIL,29.630000000000003,95.86,186.4122,282.2722,N,TXN_V2.1,2026-06-29,2026-06-29 19:54:02.665208
3477,2026-06,4,4,214.0,59285.27,46899.9,-12385.369999999995,496.1923831775701,DOWN,97.4,RETAIL,45.79056074766355,613.97,1185.7054,1799.6754,N,TXN_V2.1,2026-06-29,2026-06-29 19:54:02.665208
3478,2026-06,2,2,120.0,28467.17,19324.94,-9142.23,398.26758333333333,DOWN,70.14,INSURANCE,40.83375,241.26,569.3434,810.6034,N,TXN_V2.1,2026-06-29,2026-06-29 19:54:02.665208
3479,2026-06,2,2,123.0,45480.86,4147.0,-41333.86,403.4785365853659,DOWN,90.94,TRAVEL,37.40382113821139,358.32,909.6172,1267.9372,N,TXN_V2.1,2026-06-29,2026-06-29 19:54:02.665208
3480,2026-06,4,4,213.0,28539.53,51652.56,23113.03,376.48868544600936,UP,70.3,RETAIL,43.665962441314555,403.31,570.7906,974.1006,N,TXN_V2.1,2026-06-29,2026-06-29 19:54:02.665208
3481,2026-06,1,1,42.0,14263.59,8959.73,-5303.860000000001,552.9361904761905,DOWN,38.1,GROCERY,33.34,58.4,285.2718,343.67179999999996,N,TXN_V2.1,2026-06-29,2026-06-29 19:54:02.665208
3482,2026-06,1,1,56.0,10712.09,8503.23,-2208.8600000000006,343.1307142857143,DOWN,28.04,UTILITIES,37.5,197.13,214.2418,411.3718,N,TXN_V2.1,2026-06-29,2026-06-29 19:54:02.665208
3483,2026-06,1,1,50.0,2387.74,12077.59,9689.85,289.3066,UP,8.24,GROCERY,48.0,51.16,47.754799999999996,98.91479999999999,N,TXN_V2.1,2026-06-29,2026-06-29 19:54:02.665208
3484,2026-06,3,2,112.0,29815.64,5954.1900000000005,-23861.449999999997,319.37348214285714,DOWN,72.26,UTILITIES,37.502946428571434,305.8,596.3128,902.1128000000001,N,TXN_V2.1,2026-06-29,2026-06-29 19:54:02.665208
3485,2026-06,4,4,211.0,13892.24,50290.56,36398.32,304.18388625592416,UP,36.88,RETAIL,39.333601895734596,517.63,277.8448,795.4748,N,TXN_V2.1,2026-06-29,2026-06-29 19:54:02.665208
3486,2026-06,4,4,226.0,64266.62,19551.84,-44714.78,370.8781415929204,DOWN,98.5,UTILITIES,37.61008849557522,394.48,1285.3324,1679.8124,N,TXN_V2.1,2026-06-29,2026-06-29 19:54:02.665208
3487,2026-06,4,4,132.0,23983.51,14630.5,-9353.009999999998,292.53037878787876,DOWN,61.38,RETAIL,38.63333333333333,347.77,479.67019999999997,827.4402,N,TXN_V2.1,2026-06-29,2026-06-29 19:54:02.665208
3488,2026-06,1,1,33.0,13094.39,1746.26,-11348.13,449.71666666666664,DOWN,34.58,INSURANCE,27.27,128.61,261.88779999999997,390.4978,N,TXN_V2.1,2026-06-29,2026-06-29 19:54:02.665208
3489,2026-06,2,1,52.0,4037.2200000000003,2258.11,-1779.1100000000001,121.06403846153846,DOWN,14.16,RETAIL,40.38538461538461,120.26,80.74440000000001,201.00440000000003,N,TXN_V2.1,2026-06-29,2026-06-29 19:54:02.665208
3490,2026-06,2,2,101.0,50859.43,28093.940000000002,-22765.489999999998,781.7165346534653,DOWN,94.58,HEALTHCARE,38.611782178217815,269.74,1017.1886000000001,1286.9286000000002,N,TXN_V2.1,2026-06-29,2026-06-29 19:54:02.665208
3491,2026-06,1,1,24.0,2481.3,763.8,-1717.5000000000002,135.2125,DOWN,8.84,HEALTHCARE,54.169999999999995,38.36,49.626000000000005,87.986,N,TXN_V2.1,2026-06-29,2026-06-29 19:54:02.665208
3492,2026-06,2,2,90.0,25230.399999999998,20234.16,-4996.239999999998,505.16177777777773,DOWN,63.7,EDUCATION,36.66777777777778,217.48,504.60799999999995,722.088,N,TXN_V2.1,2026-06-29,2026-06-29 19:54:02.665208
3493,2026-06,4,3,121.0,17137.77,27682.37,10544.599999999999,370.41438016528923,UP,45.7,INSURANCE,38.84272727272727,208.60999999999999,342.7554,551.3654,N,TXN_V2.1,2026-06-29,2026-06-29 19:54:02.665208
3494,2026-06,3,3,168.0,37087.149999999994,12635.89,-24451.259999999995,295.9704761904762,DOWN,83.12,HEALTHCARE,33.92702380952381,381.28000000000003,741.7429999999999,1123.023,N,TXN_V2.1,2026-06-29,2026-06-29 19:54:02.665208
3495,2026-06,4,4,148.0,9808.380000000001,25423.64,15615.259999999998,238.05418918918923,UP,25.64,UTILITIES,39.870270270270275,422.25,196.16760000000002,618.4176,N,TXN_V2.1,2026-06-29,2026-06-29 19:54:02.665208
3496,2026-06,3,3,125.0,34835.76,5114.4400000000005,-29721.32,319.6016,DOWN,79.92,WIRE_TRANSFER_INTL,42.403279999999995,385.32,696.7152000000001,1082.0352,N,TXN_V2.1,2026-06-29,2026-06-29 19:54:02.665208
3497,2026-06,3,3,116.0,26272.88,6848.07,-19424.81,285.5254310344827,DOWN,65.86,TRAVEL,43.09887931034482,340.89,525.4576000000001,866.3476,N,TXN_V2.1,2026-06-29,2026-06-29 19:54:02.665208
3498,2026-06,3,3,143.0,21938.33,36257.619999999995,14319.289999999994,406.9646853146853,UP,56.72,GROCERY,32.1662937062937,188.26,438.76660000000004,627.0266,N,TXN_V2.1,2026-06-29,2026-06-29 19:54:02.665208
3499,2026-06,4,4,213.0,34075.740000000005,10433.8,-23641.940000000006,208.96497652582164,DOWN,79.0,UTILITIES,37.08882629107981,582.1,681.5148000000002,1263.6148000000003,N,TXN_V2.1,2026-06-29,2026-06-29 19:54:02.665208
3500,2026-06,2,2,120.0,46284.22,3586.2799999999997,-42697.94,415.5875,DOWN,91.64,GROCERY,37.50225,279.75,925.6844000000001,1205.4344,N,TXN_V2.1,2026-06-29,2026-06-29 19:54:02.665208
3501,2026-06,4,4,122.0,8491.36,18047.37,9556.009999999998,217.5305737704918,UP,22.66,TRAVEL,36.88590163934426,280.29,169.8272,450.1172,N,TXN_V2.1,2026-06-29,2026-06-29 19:54:02.665208
3502,2026-06,1,1,54.0,1982.41,10387.79,8405.380000000001,229.07777777777778,UP,6.24,UTILITIES,40.74,243.6,39.6482,283.2482,N,TXN_V2.1,2026-06-29,2026-06-29 19:54:02.665208
3503,2026-06,4,4,224.0,45667.16,40299.58,-5367.580000000002,383.7800892857143,DOWN,91.02,GROCERY,37.50294642857143,476.28999999999996,913.3432000000001,1389.6332000000002,N,TXN_V2.1,2026-06-29,2026-06-29 19:54:02.665208
3504,2026-06,1,1,52.0,2493.46,10943.01,8449.55,258.3936538461539,UP,8.94,RESTAURANT,26.920000000000005,92.91,49.8692,142.7792,N,TXN_V2.1,2026-06-29,2026-06-29 19:54:02.665208
3505,2026-06,4,4,158.0,38943.11,40668.87,1725.760000000002,503.87329113924056,STABLE,85.3,RESTAURANT,40.5053164556962,369.75,778.8622,1148.6122,N,TXN_V2.1,2026-06-29,2026-06-29 19:54:02.665208
3506,2026-06,3,3,133.0,29578.690000000002,5701.62,-23877.070000000003,265.26548872180456,DOWN,71.96,RESTAURANT,44.359624060150374,346.74,591.5738,938.3138,N,TXN_V2.1,2026-06-29,2026-06-29 19:54:02.665208
3507,2026-06,1,1,40.0,1982.2,14021.87,12039.67,400.10175000000004,UP,6.22,GROCERY,37.5,37.95,39.644,77.594,N,TXN_V2.1,2026-06-29,2026-06-29 19:54:02.665208
3508,2026-06,3,3,112.0,27511.34,20312.81,-7198.529999999999,427.0013392857143,DOWN,68.34,RESTAURANT,39.28946428571429,229.63,550.2268,779.8568,N,TXN_V2.1,2026-06-29,2026-06-29 19:54:02.665208
3509,2026-06,3,2,135.0,21559.88,3683.28,-17876.600000000002,186.98637037037037,DOWN,55.74,RETAIL,46.66414814814816,390.05,431.1976,821.2476,N,TXN_V2.1,2026-06-29,2026-06-29 19:54:02.665208
3510,2026-06,1,1,18.0,729.16,10905.96,10176.8,646.3955555555555,UP,0.54,GROCERY,44.44,42.22,14.5832,56.8032,N,TXN_V2.1,2026-06-29,2026-06-29 19:54:02.665208
3511,2026-06,3,3,96.0,17851.63,30835.41,12983.779999999999,507.1566666666667,UP,47.42,UTILITIES,33.33197916666666,131.83,357.0326,488.86260000000004,N,TXN_V2.1,2026-06-29,2026-06-29 19:54:02.665208
3512,2026-06,1,1,42.0,3182.5,1593.05,-1589.45,113.70357142857144,DOWN,11.64,TRAVEL,38.099999999999994,35.35,63.65,99.0,N,TXN_V2.1,2026-06-29,2026-06-29 19:54:02.665208
3513,2026-06,3,3,161.0,25177.93,19249.5,-5928.43,275.9467701863354,DOWN,63.64,RESTAURANT,44.10018633540373,349.55,503.5586,853.1086,N,TXN_V2.1,2026-06-29,2026-06-29 19:54:02.665208
3514,2026-06,3,3,120.0,37435.72,7087.67,-30348.050000000003,371.02825,DOWN,83.56,GROCERY,36.66400000000001,256.41999999999996,748.7144000000001,1005.1344,N,TXN_V2.1,2026-06-29,2026-06-29 19:54:02.665208
3515,2026-06,3,3,97.0,15087.07,3395.4700000000003,-11691.599999999999,190.5416494845361,DOWN,40.66,RESTAURANT,39.173092783505155,193.3,301.7414,495.0414,N,TXN_V2.1,2026-06-29,2026-06-29 19:54:02.665208
3516,2026-06,1,1,23.0,1687.34,1656.86,-30.480000000000018,145.4,STABLE,4.6,RETAIL,39.129999999999995,0.0,33.7468,33.7468,N,TXN_V2.1,2026-06-29,2026-06-29 19:54:02.665208
3517,2026-06,4,4,200.0,67265.98,39523.36,-27742.619999999995,533.9467,DOWN,98.98,TRAVEL,34.5002,499.58000000000004,1345.3196,1844.8996000000002,N,TXN_V2.1,2026-06-29,2026-06-29 19:54:02.665208
3518,2026-06,2,2,93.0,41855.56,2873.27,-38982.29,480.9551612903225,DOWN,87.9,RETAIL,41.93709677419355,315.77,837.1111999999999,1152.8811999999998,N,TXN_V2.1,2026-06-29,2026-06-29 19:54:02.665208
3519,2026-06,4,3,165.0,24357.66,14491.06,-9866.6,235.4467878787879,DOWN,62.18,RETAIL,31.51721212121212,429.86,487.1532,917.0132000000001,N,TXN_V2.1,2026-06-29,2026-06-29 19:54:02.665208
3520,2026-06,2,2,118.0,16191.33,19702.41,3511.08,304.1842372881356,UP,43.6,RESTAURANT,39.833898305084745,184.45,323.8266,508.2766,N,TXN_V2.1,2026-06-29,2026-06-29 19:54:02.665208
3521,2026-06,2,2,80.0,6244.709999999999,8933.960000000001,2689.250000000002,189.733375,UP,19.08,RETAIL,35.004625,213.25,124.89419999999998,338.14419999999996,N,TXN_V2.1,2026-06-29,2026-06-29 19:54:02.665208
3522,2026-06,3,3,164.0,10070.509999999998,34970.090000000004,24899.580000000005,274.6378048780488,UP,26.3,GROCERY,37.80445121951219,436.85,201.41019999999997,638.2601999999999,N,TXN_V2.1,2026-06-29,2026-06-29 19:54:02.665208
3523,2026-06,4,4,175.0,36441.31,43957.770000000004,7516.460000000006,459.4233142857143,UP,81.96,TRAVEL,44.00297142857143,355.79999999999995,728.8262,1084.6262,N,TXN_V2.1,2026-06-29,2026-06-29 19:54:02.665208
3524,2026-06,4,4,203.0,15328.019999999999,49407.36,34079.340000000004,318.8934975369458,UP,41.3,HEALTHCARE,32.01733990147783,595.88,306.56039999999996,902.4404,N,TXN_V2.1,2026-06-29,2026-06-29 19:54:02.665208
3525,2026-06,3,3,122.0,36514.55,15675.46,-20839.090000000004,427.7869672131148,DOWN,82.06,HEALTHCARE,36.88229508196722,400.22,730.291,1130.511,N,TXN_V2.1,2026-06-29,2026-06-29 19:54:02.665208
3526,2026-06,2,2,102.0,6627.93,4356.36,-2271.5700000000006,107.68911764705884,DOWN,19.7,RESTAURANT,39.21696078431373,178.24,132.5586,310.7986,N,TXN_V2.1,2026-06-29,2026-06-29 19:54:02.665208
3527,2026-06,4,4,171.0,29870.38,9438.38,-20432.0,229.87578947368422,DOWN,72.4,TRAVEL,35.086666666666666,444.57,597.4076,1041.9776,N,TXN_V2.1,2026-06-29,2026-06-29 19:54:02.665208
3528,2026-06,4,4,175.0,16935.77,21648.31,4712.540000000001,220.48045714285715,UP,45.2,GROCERY,30.85548571428572,300.66,338.7154,639.3754,N,TXN_V2.1,2026-06-29,2026-06-29 19:54:02.665208
3529,2026-06,3,3,116.0,6948.4,27126.010000000002,20177.61,293.7449137931035,UP,20.12,TRAVEL,43.96448275862069,171.73,138.968,310.698,N,TXN_V2.1,2026-06-29,2026-06-29 19:54:02.665208
3530,2026-06,3,3,142.0,16567.8,56849.15000000001,40281.350000000006,517.0207746478874,UP,44.56,RESTAURANT,36.616056338028166,250.16,331.356,581.516,N,TXN_V2.1,2026-06-29,2026-06-29 19:54:02.665208
3531,2026-06,3,3,186.0,22822.18,26923.36,4101.18,267.4491397849462,UP,58.82,UTILITIES,38.70978494623657,339.63,456.4436,796.0735999999999,N,TXN_V2.1,2026-06-29,2026-06-29 19:54:02.665208
3532,2026-06,4,4,203.0,101164.9,51109.09,-50055.81,750.1181773399014,DOWN,100.0,TRAVEL,39.40768472906404,528.8,2023.298,2552.098,Y,TXN_V2.1,2026-06-29,2026-06-29 19:54:02.665208
3533,2026-06,2,2,78.0,5318.96,11185.169999999998,5866.209999999998,211.59141025641023,UP,17.04,UTILITIES,35.89346153846154,153.2,106.3792,259.5792,N,TXN_V2.1,2026-06-29,2026-06-29 19:54:02.665208
3534,2026-06,4,4,127.0,8174.76,47561.55,39386.79,438.8685826771654,UP,22.08,UTILITIES,37.79582677165355,211.51,163.4952,375.0052,N,TXN_V2.1,2026-06-29,2026-06-29 19:54:02.665208
3535,2026-06,3,3,104.0,4868.55,17023.35,12154.8,210.49903846153845,UP,16.18,RETAIL,41.34990384615384,252.14,97.37100000000001,349.51099999999997,N,TXN_V2.1,2026-06-29,2026-06-29 19:54:02.665208
3536,2026-06,1,1,69.0,13486.74,3354.02,-10132.72,244.06898550724637,DOWN,35.76,GROCERY,46.379999999999995,102.13,269.7348,371.8648,N,TXN_V2.1,2026-06-29,2026-06-29 19:54:02.665208
3537,2026-06,1,1,58.0,27801.45,1150.34,-26651.11,499.1687931034483,DOWN,69.0,GAS_STATION,24.130000000000003,248.84,556.029,804.869,N,TXN_V2.1,2026-06-29,2026-06-29 19:54:02.665208
3538,2026-06,2,2,105.0,16489.12,16452.27,-36.849999999998545,313.7275238095238,STABLE,44.42,GROCERY,42.86,167.99,329.7824,497.7724,N,TXN_V2.1,2026-06-29,2026-06-29 19:54:02.665208
3539,2026-06,2,2,79.0,22544.59,30677.41,8132.82,673.6962025316456,UP,58.1,RESTAURANT,35.440759493670896,138.22,450.8918,589.1118,N,TXN_V2.1,2026-06-29,2026-06-29 19:54:02.665208
3540,2026-06,2,2,80.0,5650.84,9971.509999999998,4320.669999999998,195.279375,UP,17.78,HEALTHCARE,36.25125,237.31,113.0168,350.3268,N,TXN_V2.1,2026-06-29,2026-06-29 19:54:02.665208
3541,2026-06,4,4,149.0,41221.29,17839.11,-23382.18,396.3785234899329,DOWN,87.38,GROCERY,37.58597315436242,430.65,824.4258,1255.0758,N,TXN_V2.1,2026-06-29,2026-06-29 19:54:02.665208
3542,2026-06,1,1,54.0,12090.33,3499.26,-8591.07,288.6961111111111,DOWN,31.56,GAS_STATION,35.18999999999999,195.53,241.8066,437.3366,N,TXN_V2.1,2026-06-29,2026-06-29 19:54:02.665208
3543,2026-06,4,4,137.0,13529.52,21797.05,8267.529999999999,257.8581751824818,UP,35.84,RESTAURANT,42.331897810218976,309.69,270.5904,580.2804,N,TXN_V2.1,2026-06-29,2026-06-29 19:54:02.665208
3544,2026-06,1,1,53.0,12109.7,1630.18,-10479.52,259.24301886792455,DOWN,31.66,RETAIL,41.510000000000005,88.24,242.19400000000002,330.434,N,TXN_V2.1,2026-06-29,2026-06-29 19:54:02.665208
3545,2026-06,1,1,18.0,11975.0,1581.58,-10393.42,753.1433333333333,DOWN,31.4,RESTAURANT,50.0,71.82,239.5,311.32,N,TXN_V2.1,2026-06-29,2026-06-29 19:54:02.665208
3546,2026-06,4,4,164.0,11902.91,18239.97,6337.060000000001,183.79804878048782,UP,31.16,RETAIL,42.68323170731708,306.52,238.0582,544.5781999999999,N,TXN_V2.1,2026-06-29,2026-06-29 19:54:02.665208
3547,2026-06,3,3,143.0,37570.25,20561.11,-17009.14,406.513006993007,DOWN,83.72,HEALTHCARE,38.457552447552445,211.45,751.405,962.855,N,TXN_V2.1,2026-06-29,2026-06-29 19:54:02.665208
3548,2026-06,3,3,114.0,15051.74,13183.86,-1867.8799999999992,247.68070175438595,DOWN,40.54,UTILITIES,41.227456140350874,217.57,301.0348,518.6048000000001,N,TXN_V2.1,2026-06-29,2026-06-29 19:54:02.665208
3549,2026-06,1,1,17.0,1491.84,792.86,-698.9799999999999,134.3941176470588,DOWN,3.6,GROCERY,29.409999999999993,54.82,29.8368,84.6568,N,TXN_V2.1,2026-06-29,2026-06-29 19:54:02.665208
3550,2026-06,2,2,99.0,5989.26,11988.72,5999.459999999999,181.59575757575757,UP,18.5,RESTAURANT,38.38999999999999,238.07,119.7852,357.85519999999997,N,TXN_V2.1,2026-06-29,2026-06-29 19:54:02.665208
3551,2026-06,3,3,125.0,40281.78,13089.57,-27192.21,426.9708,DOWN,86.7,UTILITIES,36.00104,443.36,805.6356,1248.9956,N,TXN_V2.1,2026-06-29,2026-06-29 19:54:02.665208
3552,2026-06,3,3,122.0,7884.89,5663.0,-2221.8900000000003,111.04827868852459,DOWN,21.68,HEALTHCARE,36.8855737704918,330.07,157.6978,487.76779999999997,N,TXN_V2.1,2026-06-29,2026-06-29 19:54:02.665208
3553,2026-06,1,1,65.0,5206.9,12038.46,6831.5599999999995,265.31323076923076,UP,16.92,GROCERY,40.0,146.73,104.13799999999999,250.868,N,TXN_V2.1,2026-06-29,2026-06-29 19:54:02.665208
3554,2026-06,1,1,71.0,11681.49,3263.79,-8417.7,210.4969014084507,DOWN,30.48,HEALTHCARE,43.67,160.9,233.6298,394.5298,N,TXN_V2.1,2026-06-29,2026-06-29 19:54:02.665208
3555,2026-06,3,3,89.0,13910.59,3386.53,-10524.06,194.3496629213483,DOWN,36.96,TRAVEL,39.328651685393254,278.19000000000005,278.2118,556.4018000000001,N,TXN_V2.1,2026-06-29,2026-06-29 19:54:02.665208
3556,2026-06,4,4,167.0,52944.11,20282.93,-32661.18,438.4852694610779,DOWN,95.46,RETAIL,37.72269461077844,261.67,1058.8822,1320.5522,N,TXN_V2.1,2026-06-29,2026-06-29 19:54:02.665208
3557,2026-06,4,4,169.0,22773.920000000002,30040.97,7267.049999999999,312.51414201183434,UP,58.7,RESTAURANT,44.37869822485207,581.03,455.4784,1036.5084,N,TXN_V2.1,2026-06-29,2026-06-29 19:54:02.665208
3558,2026-06,2,2,66.0,30179.55,9721.470000000001,-20458.079999999998,604.5609090909091,DOWN,72.92,UTILITIES,28.792424242424243,159.18,603.591,762.771,N,TXN_V2.1,2026-06-29,2026-06-29 19:54:02.665208
3559,2026-06,2,2,70.0,14263.830000000002,22777.96,8514.129999999997,529.1684285714285,UP,38.12,GAS_STATION,34.283714285714275,185.16,285.27660000000003,470.4366,N,TXN_V2.1,2026-06-29,2026-06-29 19:54:02.665208
3560,2026-06,1,1,65.0,2867.69,3417.67,549.98,96.69784615384616,UP,10.44,GROCERY,38.46000000000001,143.57,57.3538,200.9238,N,TXN_V2.1,2026-06-29,2026-06-29 19:54:02.665208
3561,2026-06,4,4,205.0,38940.21,59676.89,20736.68,481.0590243902439,UP,85.28,TRAVEL,36.5850243902439,451.79999999999995,778.8042,1230.6042,N,TXN_V2.1,2026-06-29,2026-06-29 19:54:02.665208
3562,2026-06,2,2,72.0,14011.65,2669.49,-11342.16,231.6825,DOWN,37.28,GROCERY,37.50027777777778,162.88,280.233,443.113,N,TXN_V2.1,2026-06-29,2026-06-29 19:54:02.665208
3563,2026-06,4,4,95.0,4677.55,24951.329999999998,20273.78,311.882947368421,UP,15.8,TRAVEL,39.996,428.65,93.551,522.201,N,TXN_V2.1,2026-06-29,2026-06-29 19:54:02.665208
3564,2026-06,4,4,186.0,37354.1,10529.94,-26824.159999999996,257.4410752688172,DOWN,83.4,RETAIL,34.409462365591395,366.89,747.082,1113.972,N,TXN_V2.1,2026-06-29,2026-06-29 19:54:02.665208
3565,2026-06,3,2,150.0,22360.95,30431.7,8070.75,351.951,UP,57.74,RETAIL,39.3328,249.57,447.21900000000005,696.789,N,TXN_V2.1,2026-06-29,2026-06-29 19:54:02.665208
3566,2026-06,3,3,119.0,26085.93,5700.1900000000005,-20385.739999999998,267.11025210084034,DOWN,65.48,RESTAURANT,38.65470588235294,360.27,521.7186,881.9886,N,TXN_V2.1,2026-06-29,2026-06-29 19:54:02.665208
3567,2026-06,4,4,240.0,49347.090000000004,49053.83,-293.26000000000204,410.0038333333334,STABLE,93.76,TRAVEL,43.333875,503.54,986.9418000000001,1490.4818,N,TXN_V2.1,2026-06-29,2026-06-29 19:54:02.665208
3568,2026-06,4,4,185.0,32760.73,16307.45,-16453.28,265.2334054054054,DOWN,76.96,UTILITIES,43.784324324324324,619.59,655.2146,1274.8046,N,TXN_V2.1,2026-06-29,2026-06-29 19:54:02.665208
3569,2026-06,1,1,41.0,2063.45,10859.07,8795.619999999999,315.18341463414635,UP,6.68,GROCERY,48.78,46.09,41.269,87.35900000000001,N,TXN_V2.1,2026-06-29,2026-06-29 19:54:02.665208
3570,2026-06,1,1,33.0,9907.8,10367.21,459.40999999999985,614.3942424242424,STABLE,25.86,GROCERY,39.39,172.89,198.15599999999998,371.04599999999994,N,TXN_V2.1,2026-06-29,2026-06-29 19:54:02.665208
3571,2026-06,2,2,61.0,5493.47,2132.4300000000003,-3361.04,125.01475409836067,DOWN,17.36,GROCERY,37.70508196721312,117.78,109.86940000000001,227.6494,N,TXN_V2.1,2026-06-29,2026-06-29 19:54:02.665208
3572,2026-06,2,2,124.0,25968.969999999998,8143.55,-17825.42,275.10096774193545,DOWN,65.3,TRAVEL,33.87153225806451,293.77,519.3793999999999,813.1493999999999,N,TXN_V2.1,2026-06-29,2026-06-29 19:54:02.665208
3573,2026-06,4,3,176.0,17450.17,37677.17,20227.0,313.2235227272727,UP,46.56,TRAVEL,40.33823863636364,383.6,349.0034,732.6034,N,TXN_V2.1,2026-06-29,2026-06-29 19:54:02.665208
3574,2026-06,4,4,168.0,21560.84,9141.55,-12419.29,182.75232142857143,DOWN,55.76,UTILITIES,39.87815476190476,455.73,431.21680000000003,886.9468,N,TXN_V2.1,2026-06-29,2026-06-29 19:54:02.665208
3575,2026-06,2,2,47.0,15384.650000000001,1756.6200000000001,-13628.03,364.7078723404255,DOWN,41.4,GROCERY,27.659787234042554,57.79,307.69300000000004,365.48300000000006,N,TXN_V2.1,2026-06-29,2026-06-29 19:54:02.665208
3576,2026-06,4,4,198.0,18084.03,65818.31,47734.28,423.7491919191919,UP,48.04,RETAIL,42.42666666666666,357.75,361.68059999999997,719.4305999999999,N,TXN_V2.1,2026-06-29,2026-06-29 19:54:02.665208
3577,2026-06,3,3,101.0,7461.13,12226.330000000002,4765.200000000002,194.9253465346535,UP,20.94,RETAIL,36.63207920792079,296.41999999999996,149.2226,445.64259999999996,N,TXN_V2.1,2026-06-29,2026-06-29 19:54:02.665208
3578,2026-06,3,3,109.0,34801.659999999996,8916.279999999999,-25885.379999999997,401.0820183486238,DOWN,79.88,RETAIL,40.37064220183487,312.81,696.0332,1008.8432,N,TXN_V2.1,2026-06-29,2026-06-29 19:54:02.665208
3579,2026-06,4,4,154.0,27374.7,12909.75,-14464.95,261.58733766233763,DOWN,68.04,RETAIL,36.35915584415584,296.46000000000004,547.494,843.9540000000001,N,TXN_V2.1,2026-06-29,2026-06-29 19:54:02.665208
3580,2026-06,1,1,62.0,10597.46,3032.17,-7565.289999999999,219.83274193548385,DOWN,27.76,GAS_STATION,38.709999999999994,156.17,211.9492,368.1192,N,TXN_V2.1,2026-06-29,2026-06-29 19:54:02.665208
3581,2026-06,2,1,78.0,24185.32,2592.76,-21592.559999999998,343.30871794871797,DOWN,61.84,GAS_STATION,33.32884615384615,139.08,483.70640000000003,622.7864000000001,N,TXN_V2.1,2026-06-29,2026-06-29 19:54:02.665208
3582,2026-06,1,1,58.0,3637.55,3010.4,-627.1500000000001,114.61982758620691,DOWN,12.86,RETAIL,22.41,63.65,72.751,136.401,N,TXN_V2.1,2026-06-29,2026-06-29 19:54:02.665208
3583,2026-06,1,1,23.0,656.14,1514.31,858.17,94.36739130434782,UP,0.4,RETAIL,34.78,43.97,13.1228,57.0928,N,TXN_V2.1,2026-06-29,2026-06-29 19:54:02.665208
3584,2026-06,2,2,152.0,7645.8,28699.07,21053.27,239.1109868421053,UP,21.16,RETAIL,34.21065789473683,239.82,152.916,392.736,N,TXN_V2.1,2026-06-29,2026-06-29 19:54:02.665208
3585,2026-06,1,1,63.0,22485.67,1893.56,-20592.109999999997,386.97190476190474,DOWN,57.98,ENTERTAINMENT,34.92,80.38,449.7134,530.0934,N,TXN_V2.1,2026-06-29,2026-06-29 19:54:02.665208
3586,2026-06,4,3,140.0,19122.52,33536.72,14414.2,376.1374285714286,UP,50.42,UTILITIES,39.290000000000006,328.40999999999997,382.4504,710.8604,N,TXN_V2.1,2026-06-29,2026-06-29 19:54:02.665208
3587,2026-06,4,3,195.0,26704.68,48302.71000000001,21598.030000000006,384.65328205128213,UP,66.86,TRAVEL,36.409179487179486,420.81,534.0936,954.9036000000001,N,TXN_V2.1,2026-06-29,2026-06-29 19:54:02.665208
3588,2026-06,3,3,86.0,4639.85,21939.59,17299.739999999998,309.0632558139535,UP,15.68,RETAIL,40.69837209302326,176.37,92.79700000000001,269.16700000000003,N,TXN_V2.1,2026-06-29,2026-06-29 19:54:02.665208
3589,2026-06,2,1,89.0,16135.48,2947.0299999999997,-13188.45,214.4102247191011,DOWN,43.5,RESTAURANT,39.325842696629216,212.07,322.7096,534.7796000000001,N,TXN_V2.1,2026-06-29,2026-06-29 19:54:02.665208
3590,2026-06,4,4,141.0,14957.83,35928.08,20970.25,360.89297872340427,UP,40.26,RESTAURANT,43.262198581560284,365.15999999999997,299.1566,664.3166,N,TXN_V2.1,2026-06-29,2026-06-29 19:54:02.665208
3591,2026-06,2,2,73.0,18662.48,3204.41,-15458.07,299.5464383561644,DOWN,49.26,GROCERY,41.096438356164384,112.84,373.2496,486.0896,N,TXN_V2.1,2026-06-29,2026-06-29 19:54:02.665208
3592,2026-06,4,4,190.0,71325.05,41746.11,-29578.940000000002,595.1113684210527,DOWN,99.36,RETAIL,35.787368421052626,556.11,1426.501,1982.6109999999999,N,TXN_V2.1,2026-06-29,2026-06-29 19:54:02.665208
3593,2026-06,4,4,157.0,29482.23,18736.260000000002,-10745.969999999998,307.12414012738856,DOWN,71.78,RESTAURANT,40.7624203821656,265.31,589.6446,854.9546,N,TXN_V2.1,2026-06-29,2026-06-29 19:54:02.665208
3594,2026-06,3,3,101.0,17163.440000000002,4428.889999999999,-12734.550000000003,213.78544554455448,DOWN,45.82,RESTAURANT,37.6240594059406,170.44,343.26880000000006,513.7088000000001,N,TXN_V2.1,2026-06-29,2026-06-29 19:54:02.665208
3595,2026-06,1,1,67.0,27583.04,10705.54,-16877.5,571.4713432835821,DOWN,68.58,GROCERY,41.79,94.27,551.6608,645.9308,N,TXN_V2.1,2026-06-29,2026-06-29 19:54:02.665208
3596,2026-06,4,3,110.0,13374.92,15006.900000000001,1631.9800000000014,258.01654545454545,UP,35.34,UTILITIES,46.36372727272727,194.24,267.4984,461.7384,N,TXN_V2.1,2026-06-29,2026-06-29 19:54:02.665208
3597,2026-06,3,3,184.0,53289.52,35986.18,-17303.339999999997,485.1940217391304,DOWN,95.56,INSURANCE,33.69592391304347,311.07,1065.7903999999999,1376.8603999999998,N,TXN_V2.1,2026-06-29,2026-06-29 19:54:02.665208
3598,2026-06,3,3,75.0,3836.6,22874.06,19037.460000000003,356.14213333333333,UP,13.5,GROCERY,36.00026666666666,194.21,76.732,270.942,N,TXN_V2.1,2026-06-29,2026-06-29 19:54:02.665208
3599,2026-06,3,3,121.0,25731.15,16494.510000000002,-9236.64,348.9723966942149,DOWN,64.86,HEALTHCARE,29.75611570247933,301.03,514.623,815.653,N,TXN_V2.1,2026-06-29,2026-06-29 19:54:02.665208
3600,2026-06,3,3,136.0,19832.74,6535.89,-13296.850000000002,193.88698529411766,DOWN,51.86,RETAIL,38.234558823529404,263.69,396.6548,660.3448000000001,N,TXN_V2.1,2026-06-29,2026-06-29 19:54:02.665208
3601,2026-06,1,1,63.0,19369.94,4340.66,-15029.279999999999,376.3587301587301,DOWN,51.02,HEALTHCARE,38.09,166.71,387.3988,554.1088,N,TXN_V2.1,2026-06-29,2026-06-29 19:54:02.665208
3602,2026-06,3,3,93.0,16928.93,5831.53,-11097.400000000001,244.73612903225805,DOWN,45.12,RESTAURANT,44.08451612903227,106.37,338.5786,444.9486,N,TXN_V2.1,2026-06-29,2026-06-29 19:54:02.665208
3603,2026-06,2,1,62.0,17126.35,12991.75,-4134.5999999999985,485.7758064516129,DOWN,45.62,TRAVEL,38.71032258064516,155.01,342.527,497.537,N,TXN_V2.1,2026-06-29,2026-06-29 19:54:02.665208
3604,2026-06,4,4,200.0,17075.98,46843.58,29767.600000000002,319.5978,UP,45.42,RETAIL,35.49995,527.99,341.5196,869.5096000000001,N,TXN_V2.1,2026-06-29,2026-06-29 19:54:02.665208
3605,2026-06,2,2,108.0,13546.779999999999,22514.04,8967.260000000002,333.8964814814815,UP,35.94,GROCERY,39.81407407407407,216.83999999999997,270.93559999999997,487.77559999999994,N,TXN_V2.1,2026-06-29,2026-06-29 19:54:02.665208
3606,2026-06,2,2,94.0,11858.880000000001,18355.670000000002,6496.790000000001,321.43138297872343,UP,31.02,GROCERY,38.29595744680851,289.15,237.1776,526.3276,N,TXN_V2.1,2026-06-29,2026-06-29 19:54:02.665208
3607,2026-06,1,1,46.0,2276.85,9316.53,7039.68,252.03000000000003,UP,7.76,GROCERY,45.650000000000006,186.46,45.537,231.997,N,TXN_V2.1,2026-06-29,2026-06-29 19:54:02.665208
3608,2026-06,3,2,180.0,18937.18,40150.24,21213.059999999998,328.2634444444444,UP,49.96,RESTAURANT,27.224611111111113,524.58,378.7436,903.3236,N,TXN_V2.1,2026-06-29,2026-06-29 19:54:02.665208
3609,2026-06,1,1,58.0,15637.13,10247.84,-5389.289999999999,446.29258620689654,DOWN,42.1,GAS_STATION,34.48,129.44,312.7426,442.1826,N,TXN_V2.1,2026-06-29,2026-06-29 19:54:02.665208
3610,2026-06,2,2,95.0,25613.8,5401.5,-20212.3,326.47684210526313,DOWN,64.56,UTILITIES,36.83873684210527,168.6,512.276,680.876,N,TXN_V2.1,2026-06-29,2026-06-29 19:54:02.665208
3611,2026-06,3,3,120.0,16205.94,14477.82,-1728.1200000000008,255.698,DOWN,43.68,UTILITIES,47.49816666666666,340.32,324.1188,664.4388,N,TXN_V2.1,2026-06-29,2026-06-29 19:54:02.665208
3612,2026-06,1,1,44.0,10371.87,11588.96,1217.0899999999983,499.10977272727274,STABLE,27.12,PAWN_SHOP,36.36,78.15,207.43740000000003,285.5874,N,TXN_V2.1,2026-06-29,2026-06-29 19:54:02.665208
3613,2026-06,3,3,152.0,21671.95,7114.2,-14557.75,189.3825657894737,DOWN,56.1,RESTAURANT,36.18223684210526,373.24,433.439,806.6790000000001,N,TXN_V2.1,2026-06-29,2026-06-29 19:54:02.665208
3614,2026-06,4,3,114.0,17471.33,5476.09,-11995.240000000002,201.29315789473685,DOWN,46.62,UTILITIES,35.9661403508772,231.0,349.42660000000006,580.4266,N,TXN_V2.1,2026-06-29,2026-06-29 19:54:02.665208
3615,2026-06,3,3,99.0,37734.49,41483.18,3748.6900000000023,800.1784848484848,STABLE,83.96,RETAIL,38.38464646464646,143.89,754.6898,898.5798,N,TXN_V2.1,2026-06-29,2026-06-29 19:54:02.665208
3616,2026-06,4,4,226.0,40654.9,11732.48,-28922.420000000002,231.80256637168145,DOWN,87.02,UTILITIES,42.921061946902654,331.0,813.0980000000001,1144.098,N,TXN_V2.1,2026-06-29,2026-06-29 19:54:02.665208
3617,2026-06,2,2,96.0,5497.24,16345.6,10848.36,227.52958333333333,UP,17.38,INSURANCE,40.625729166666666,232.98000000000002,109.9448,342.9248,N,TXN_V2.1,2026-06-29,2026-06-29 19:54:02.665208
3618,2026-06,3,3,139.0,29431.309999999998,6391.36,-23039.949999999997,257.71705035971223,DOWN,71.72,UTILITIES,28.063741007194242,283.73,588.6261999999999,872.3562,N,TXN_V2.1,2026-06-29,2026-06-29 19:54:02.665208
3619,2026-06,3,3,156.0,37042.8,6015.53,-31027.270000000004,276.0149358974359,DOWN,83.04,RESTAURANT,44.8675641025641,334.24,740.8560000000001,1075.096,N,TXN_V2.1,2026-06-29,2026-06-29 19:54:02.665208
3620,2026-06,2,2,60.0,21139.1,2994.95,-18144.149999999998,402.2341666666667,DOWN,54.88,GROCERY,38.33633333333333,107.75999999999999,422.782,530.5419999999999,N,TXN_V2.1,2026-06-29,2026-06-29 19:54:02.665208
3621,2026-06,1,1,66.0,4558.78,2005.35,-2553.43,99.45651515151513,DOWN,15.56,GROCERY,43.94,60.64,91.1756,151.81560000000002,N,TXN_V2.1,2026-06-29,2026-06-29 19:54:02.665208
3622,2026-06,2,2,106.0,37135.02,6089.209999999999,-31045.809999999998,407.7757547169811,DOWN,83.26,GROCERY,37.73320754716982,124.57,742.7004,867.2703999999999,N,TXN_V2.1,2026-06-29,2026-06-29 19:54:02.665208
3623,2026-06,3,3,120.0,27455.65,13988.560000000001,-13467.09,345.36841666666675,DOWN,68.26,TRAVEL,38.33408333333333,386.89,549.113,936.003,N,TXN_V2.1,2026-06-29,2026-06-29 19:54:02.665208
3624,2026-06,1,1,42.0,21169.59,10833.74,-10335.85,761.9840476190477,DOWN,54.98,HEALTHCARE,28.57,214.14,423.3918,637.5318,N,TXN_V2.1,2026-06-29,2026-06-29 19:54:02.665208
3625,2026-06,1,1,17.0,930.72,966.53,35.809999999999945,111.6029411764706,STABLE,1.26,HEALTHCARE,35.29,53.84,18.6144,72.4544,N,TXN_V2.1,2026-06-29,2026-06-29 19:54:02.665208
3626,2026-06,1,1,26.0,1658.36,980.43,-677.93,101.49192307692307,DOWN,4.42,UTILITIES,30.769999999999996,63.78,33.1672,96.94720000000001,N,TXN_V2.1,2026-06-29,2026-06-29 19:54:02.665208
3627,2026-06,2,2,103.0,7102.24,21794.339999999997,14692.099999999997,280.5493203883495,UP,20.48,RETAIL,40.771650485436886,146.64,142.0448,288.6848,N,TXN_V2.1,2026-06-29,2026-06-29 19:54:02.665208
3628,2026-06,4,3,137.0,34205.33,25120.09,-9085.240000000002,433.0322627737226,DOWN,79.12,TRAVEL,42.33591240875912,270.09000000000003,684.1066000000001,954.1966000000001,N,TXN_V2.1,2026-06-29,2026-06-29 19:54:02.665208
3629,2026-06,4,4,147.0,22937.54,21434.9,-1502.6399999999994,301.85333333333335,STABLE,59.14,TRAVEL,37.41176870748299,198.25,458.7508,657.0008,N,TXN_V2.1,2026-06-29,2026-06-29 19:54:02.665208
3630,2026-06,3,3,109.0,14645.900000000001,5761.19,-8884.710000000003,187.22100917431192,DOWN,39.32,TRAVEL,34.86385321100917,244.13,292.91800000000006,537.048,N,TXN_V2.1,2026-06-29,2026-06-29 19:54:02.665208
3631,2026-06,4,4,203.0,18789.84,38580.590000000004,19790.750000000004,282.6129556650247,UP,49.58,RETAIL,39.408571428571435,558.82,375.7968,934.6168,N,TXN_V2.1,2026-06-29,2026-06-29 19:54:02.665208
3632,2026-06,3,2,118.0,6588.83,26360.87,19772.04,279.23474576271184,UP,19.64,RETAIL,33.89932203389831,292.96,131.7766,424.73659999999995,N,TXN_V2.1,2026-06-29,2026-06-29 19:54:02.665208
3633,2026-06,2,1,74.0,21367.41,8321.66,-13045.75,401.20364864864865,DOWN,55.42,GROCERY,44.59797297297297,121.16,427.3482,548.5082,N,TXN_V2.1,2026-06-29,2026-06-29 19:54:02.665208
3634,2026-06,1,1,26.0,2364.79,1049.02,-1315.77,131.30038461538462,DOWN,8.18,GROCERY,46.15,92.73,47.2958,140.0258,N,TXN_V2.1,2026-06-29,2026-06-29 19:54:02.665208
3635,2026-06,4,4,169.0,18958.91,22409.59,3450.6800000000003,244.78402366863907,UP,50.02,RETAIL,37.86940828402367,500.63,379.1782,879.8081999999999,N,TXN_V2.1,2026-06-29,2026-06-29 19:54:02.665208
3636,2026-06,4,4,192.0,49616.380000000005,22625.480000000003,-26990.9,376.2596875000001,DOWN,93.98,RETAIL,37.5,498.44,992.3276000000001,1490.7676000000001,N,TXN_V2.1,2026-06-29,2026-06-29 19:54:02.665208
3637,2026-06,3,3,116.0,47105.61,16232.53,-30873.08,546.018448275862,DOWN,92.12,RETAIL,37.07189655172414,177.10999999999999,942.1122,1119.2222,N,TXN_V2.1,2026-06-29,2026-06-29 19:54:02.665208
3638,2026-06,3,3,114.0,13465.099999999999,42072.3,28607.200000000004,487.1701754385965,UP,35.58,HEALTHCARE,38.59561403508773,106.19,269.30199999999996,375.49199999999996,N,TXN_V2.1,2026-06-29,2026-06-29 19:54:02.665208
3639,2026-06,3,3,141.0,19563.84,26293.45,6729.610000000001,325.2290070921986,UP,51.32,RESTAURANT,41.13248226950354,274.92,391.27680000000004,666.1968,N,TXN_V2.1,2026-06-29,2026-06-29 19:54:02.665208
3640,2026-06,2,2,73.0,5199.06,11824.08,6625.0199999999995,233.19369863013696,UP,16.86,UTILITIES,28.76561643835616,21.77,103.98120000000002,125.75120000000001,N,TXN_V2.1,2026-06-29,2026-06-29 19:54:02.665208
3641,2026-06,4,4,233.0,28149.21,30258.15,2108.9400000000023,250.67536480686695,UP,69.58,TRAVEL,35.618540772532185,655.41,562.9842,1218.3942,N,TXN_V2.1,2026-06-29,2026-06-29 19:54:02.665208
3642,2026-06,4,4,220.0,49501.52,51215.93,1714.4100000000035,457.8065909090909,STABLE,93.84,RETAIL,30.45372727272727,351.1,990.0304,1341.1304,N,TXN_V2.1,2026-06-29,2026-06-29 19:54:02.665208
3643,2026-06,1,1,29.0,12480.08,1595.57,-10884.51,485.3672413793103,DOWN,32.62,EDUCATION,37.93,71.73,249.6016,321.3316,N,TXN_V2.1,2026-06-29,2026-06-29 19:54:02.665208
3644,2026-06,3,2,127.0,34544.33,5621.83,-28922.5,316.2689763779528,DOWN,79.54,RETAIL,39.367874015748036,228.16000000000003,690.8866,919.0466000000001,N,TXN_V2.1,2026-06-29,2026-06-29 19:54:02.665208
3645,2026-06,2,2,97.0,6737.969999999999,12809.93,6071.960000000001,201.52474226804125,UP,19.82,HEALTHCARE,42.26474226804124,256.42,134.7594,391.1794,N,TXN_V2.1,2026-06-29,2026-06-29 19:54:02.665208
3646,2026-06,4,4,200.0,45486.86,20098.59,-25388.27,327.92724999999996,DOWN,90.96,RETAIL,39.999849999999995,285.93,909.7372,1195.6672,N,TXN_V2.1,2026-06-29,2026-06-29 19:54:02.665208
3647,2026-06,4,4,174.0,25235.36,20088.02,-5147.34,260.4791954022989,DOWN,63.72,UTILITIES,44.25327586206896,407.80000000000007,504.7072,912.5072,N,TXN_V2.1,2026-06-29,2026-06-29 19:54:02.665208
3648,2026-06,4,4,196.0,28109.37,18742.77,-9366.599999999999,239.04153061224488,DOWN,69.44,RETAIL,40.817806122448985,467.44,562.1874,1029.6274,N,TXN_V2.1,2026-06-29,2026-06-29 19:54:02.665208
3649,2026-06,1,1,45.0,1801.66,10080.81,8279.15,264.05488888888885,UP,5.26,HEALTHCARE,35.559999999999995,106.43,36.0332,142.4632,N,TXN_V2.1,2026-06-29,2026-06-29 19:54:02.665208
3650,2026-06,2,2,96.0,34165.36,20093.94,-14071.420000000002,565.2010416666667,DOWN,79.08,RETAIL,38.54177083333334,302.69,683.3072000000001,985.9972,N,TXN_V2.1,2026-06-29,2026-06-29 19:54:02.665208
3651,2026-06,3,3,130.0,15989.75,14362.16,-1627.5900000000001,233.47623076923077,DOWN,43.16,TRAVEL,43.07707692307692,325.09,319.795,644.885,N,TXN_V2.1,2026-06-29,2026-06-29 19:54:02.665208
3652,2026-06,4,4,182.0,65265.75,42056.59,-23209.160000000003,589.6831868131868,DOWN,98.68,RESTAURANT,34.06615384615385,292.74,1305.315,1598.055,N,TXN_V2.1,2026-06-29,2026-06-29 19:54:02.665208
3653,2026-06,2,2,114.0,22088.37,15060.86,-7027.509999999998,325.87043859649117,DOWN,57.04,GAS_STATION,35.96149122807018,306.71,441.7674,748.4774,N,TXN_V2.1,2026-06-29,2026-06-29 19:54:02.665208
3654,2026-06,2,1,82.0,27525.86,16801.559999999998,-10724.300000000003,540.5782926829268,DOWN,68.4,RESTAURANT,30.48390243902439,254.87,550.5172,805.3872,N,TXN_V2.1,2026-06-29,2026-06-29 19:54:02.665208
3655,2026-06,3,3,153.0,52234.03,24972.98,-27261.05,504.6209803921568,DOWN,95.18,RETAIL,37.9113725490196,233.51,1044.6806,1278.1906,N,TXN_V2.1,2026-06-29,2026-06-29 19:54:02.665208
3656,2026-06,2,2,107.0,15254.69,21370.98,6116.289999999999,342.29598130841117,UP,41.06,RETAIL,39.252897196261685,269.49,305.09380000000004,574.5838000000001,N,TXN_V2.1,2026-06-29,2026-06-29 19:54:02.665208
3657,2026-06,1,1,58.0,11703.66,24599.75,12896.09,625.9208620689656,UP,30.56,GAS_STATION,44.830000000000005,73.6,234.0732,307.6732,N,TXN_V2.1,2026-06-29,2026-06-29 19:54:02.665208
3658,2026-06,3,3,147.0,39325.56,34771.020000000004,-4554.539999999994,504.0583673469388,DOWN,85.68,RESTAURANT,40.137414965986395,272.6,786.5111999999999,1059.1111999999998,N,TXN_V2.1,2026-06-29,2026-06-29 19:54:02.665208
3659,2026-06,1,1,27.0,2939.88,686.82,-2253.06,134.32222222222222,DOWN,10.64,TRAVEL,33.34,13.62,58.7976,72.41760000000001,N,TXN_V2.1,2026-06-29,2026-06-29 19:54:02.665208
3660,2026-06,2,2,127.0,25379.61,6326.08,-19053.53,249.65110236220474,DOWN,64.08,RESTAURANT,46.453307086614174,291.33,507.59220000000005,798.9222,N,TXN_V2.1,2026-06-29,2026-06-29 19:54:02.665208
3661,2026-06,1,1,36.0,8781.63,14320.4,5538.77,641.7230555555556,UP,23.22,INSURANCE,22.22,88.87,175.6326,264.50260000000003,N,TXN_V2.1,2026-06-29,2026-06-29 19:54:02.665208
3662,2026-06,2,2,130.0,23468.78,26907.29,3438.510000000002,387.50823076923075,UP,60.32,GROCERY,40.767461538461546,243.41000000000003,469.37559999999996,712.7855999999999,N,TXN_V2.1,2026-06-29,2026-06-29 19:54:02.665208
3663,2026-06,4,4,125.0,15556.480000000001,14501.64,-1054.840000000002,240.46496000000002,STABLE,41.82,HEALTHCARE,39.2016,323.36,311.12960000000004,634.4896000000001,N,TXN_V2.1,2026-06-29,2026-06-29 19:54:02.665208
3664,2026-06,4,4,191.0,28522.770000000004,28922.16,399.3899999999958,300.7587958115184,STABLE,70.28,UTILITIES,38.74319371727749,424.0,570.4554,994.4554,N,TXN_V2.1,2026-06-29,2026-06-29 19:54:02.665208
3665,2026-06,4,4,176.0,24702.55,23491.71,-1210.8400000000001,273.8310227272727,STABLE,62.96,TRAVEL,35.79511363636364,444.12,494.051,938.171,N,TXN_V2.1,2026-06-29,2026-06-29 19:54:02.665208
3666,2026-06,2,2,134.0,28125.17,5941.86,-22183.309999999998,254.2315671641791,DOWN,69.5,HEALTHCARE,36.56537313432836,413.74,562.5033999999999,976.2434,N,TXN_V2.1,2026-06-29,2026-06-29 19:54:02.665208
3667,2026-06,3,3,125.0,24229.89,29600.989999999998,5371.0999999999985,430.64704,UP,61.96,TRAVEL,36.80159999999999,225.26,484.5978,709.8578,N,TXN_V2.1,2026-06-29,2026-06-29 19:54:02.665208
3668,2026-06,2,2,95.0,28348.61,5470.44,-22878.170000000002,355.99,DOWN,70.0,INSURANCE,34.73842105263158,195.16,566.9722,762.1322,N,TXN_V2.1,2026-06-29,2026-06-29 19:54:02.665208
3669,2026-06,1,1,32.0,1978.62,1162.9,-815.7199999999998,98.1725,DOWN,6.18,UTILITIES,31.25,198.07,39.5724,237.6424,N,TXN_V2.1,2026-06-29,2026-06-29 19:54:02.665208
3670,2026-06,4,4,170.0,33660.92,14713.93,-18946.989999999998,284.5579411764706,DOWN,78.44,RETAIL,30.587764705882353,496.17,673.2184,1169.3884,N,TXN_V2.1,2026-06-29,2026-06-29 19:54:02.665208
3671,2026-06,1,1,51.0,15711.96,2517.43,-13194.529999999999,357.43901960784314,DOWN,42.3,GROCERY,35.290000000000006,29.01,314.2392,343.2492,N,TXN_V2.1,2026-06-29,2026-06-29 19:54:02.665208
3672,2026-06,3,3,147.0,25033.879999999997,23738.329999999998,-1295.5499999999993,331.78374149659857,STABLE,63.48,RETAIL,38.09530612244898,253.02999999999997,500.6776,753.7076,N,TXN_V2.1,2026-06-29,2026-06-29 19:54:02.665208
3673,2026-06,3,3,158.0,34833.22,26665.019999999997,-8168.200000000004,389.2293670886076,DOWN,79.9,TRAVEL,32.9079746835443,345.33,696.6644,1041.9944,N,TXN_V2.1,2026-06-29,2026-06-29 19:54:02.665208
3674,2026-06,2,2,106.0,35688.47,5780.02,-29908.45,391.2121698113208,DOWN,80.92,GROCERY,39.61933962264151,204.25,713.7694,918.0194,N,TXN_V2.1,2026-06-29,2026-06-29 19:54:02.665208
3675,2026-06,3,3,127.0,30943.52,24761.08,-6182.439999999999,438.6188976377953,DOWN,74.16,RESTAURANT,41.732283464566926,316.44,618.8704,935.3104000000001,N,TXN_V2.1,2026-06-29,2026-06-29 19:54:02.665208
3676,2026-06,2,1,96.0,22267.699999999997,10594.839999999998,-11672.859999999999,342.31812499999995,DOWN,57.5,INSURANCE,38.54645833333333,241.43,445.3539999999999,686.7839999999999,N,TXN_V2.1,2026-06-29,2026-06-29 19:54:02.665208
3677,2026-06,1,1,27.0,1472.38,9829.16,8356.779999999999,418.5755555555556,UP,3.48,TRAVEL,44.45,50.15,29.4476,79.5976,N,TXN_V2.1,2026-06-29,2026-06-29 19:54:02.665208
3678,2026-06,4,4,232.0,25885.67,31265.87,5380.200000000001,246.3428448275862,UP,65.18,HEALTHCARE,37.06810344827586,566.02,517.7134,1083.7334,N,TXN_V2.1,2026-06-29,2026-06-29 19:54:02.665208
3679,2026-06,2,2,108.0,19582.739999999998,16465.08,-3117.659999999996,333.7761111111111,DOWN,51.36,INSURANCE,42.592222222222226,291.90999999999997,391.65479999999997,683.5647999999999,N,TXN_V2.1,2026-06-29,2026-06-29 19:54:02.665208
3680,2026-06,4,4,223.0,40395.4,27457.38,-12938.02,304.2725560538116,DOWN,86.78,RETAIL,40.35399103139013,576.58,807.908,1384.488,N,TXN_V2.1,2026-06-29,2026-06-29 19:54:02.665208
3681,2026-06,4,4,171.0,29613.12,27622.68,-1990.4399999999987,334.7122807017544,DOWN,72.04,TRAVEL,46.19865497076023,355.24,592.2624,947.5024,N,TXN_V2.1,2026-06-29,2026-06-29 19:54:02.665208
3682,2026-06,1,1,42.0,2241.61,1792.5,-449.1100000000001,96.0502380952381,STABLE,7.64,GAS_STATION,42.85999999999999,198.45,44.8322,243.2822,N,TXN_V2.1,2026-06-29,2026-06-29 19:54:02.665208
3683,2026-06,2,2,133.0,28122.909999999996,19621.84,-8501.069999999996,358.98308270676694,DOWN,69.48,GROCERY,38.34571428571429,223.32,562.4581999999999,785.7782,N,TXN_V2.1,2026-06-29,2026-06-29 19:54:02.665208
3684,2026-06,1,1,72.0,4762.17,2973.85,-1788.3200000000002,107.44472222222223,DOWN,16.02,GROCERY,34.72,220.08,95.24340000000001,315.3234,N,TXN_V2.1,2026-06-29,2026-06-29 19:54:02.665208
3685,2026-06,1,1,20.0,12300.15,334.2,-11965.949999999999,631.7175,DOWN,32.2,UTILITIES,25.0,0.0,246.003,246.003,N,TXN_V2.1,2026-06-29,2026-06-29 19:54:02.665208
3686,2026-06,2,2,80.0,20289.54,4382.67,-15906.87,308.402625,DOWN,52.8,GROCERY,43.749874999999996,116.22,405.79080000000005,522.0108,N,TXN_V2.1,2026-06-29,2026-06-29 19:54:02.665208
3687,2026-06,1,1,36.0,3455.59,1041.39,-2414.2,124.91611111111112,DOWN,12.36,RETAIL,36.11000000000001,121.21,69.1118,190.3218,N,TXN_V2.1,2026-06-29,2026-06-29 19:54:02.665208
3688,2026-06,4,4,169.0,23193.61,28388.66,5195.049999999999,305.2205325443787,UP,59.8,UTILITIES,38.464497041420124,250.0,463.8722,713.8722,N,TXN_V2.1,2026-06-29,2026-06-29 19:54:02.665208
3689,2026-06,4,4,198.0,22174.93,19437.579999999998,-2737.350000000002,210.1641919191919,DOWN,57.3,RESTAURANT,42.42373737373738,465.67,443.4986,909.1686,N,TXN_V2.1,2026-06-29,2026-06-29 19:54:02.665208
3690,2026-06,3,3,112.0,20103.549999999996,22714.57,2611.020000000004,382.3046428571428,UP,52.42,RESTAURANT,35.71410714285715,301.51,402.0709999999999,703.5809999999999,N,TXN_V2.1,2026-06-29,2026-06-29 19:54:02.665208
3691,2026-06,1,1,40.0,18756.44,10697.96,-8058.48,736.3599999999999,DOWN,49.5,RESTAURANT,30.0,63.08,375.12879999999996,438.20879999999994,N,TXN_V2.1,2026-06-29,2026-06-29 19:54:02.665208
3692,2026-06,4,4,218.0,45817.23,33858.08,-11959.150000000001,365.4830733944954,DOWN,91.14,UTILITIES,40.82798165137615,446.65999999999997,916.3446000000001,1363.0046000000002,N,TXN_V2.1,2026-06-29,2026-06-29 19:54:02.665208
3693,2026-06,3,3,104.0,18137.29,36264.77,18127.479999999996,523.0967307692307,UP,48.2,RETAIL,44.230000000000004,207.71,362.74580000000003,570.4558000000001,N,TXN_V2.1,2026-06-29,2026-06-29 19:54:02.665208
3694,2026-06,4,4,228.0,61563.25,18132.07,-43431.18,349.54087719298246,DOWN,98.02,RESTAURANT,40.788640350877195,776.37,1231.265,2007.6350000000002,N,TXN_V2.1,2026-06-29,2026-06-29 19:54:02.665208
3695,2026-06,2,2,119.0,33632.130000000005,13931.949999999999,-19700.180000000008,399.69815126050423,DOWN,78.38,UTILITIES,40.338655462184875,366.07,672.6426000000001,1038.7126,N,TXN_V2.1,2026-06-29,2026-06-29 19:54:02.665208
3696,2026-06,4,4,141.0,48619.53,38599.99,-10019.54,618.5781560283688,DOWN,93.3,RETAIL,35.46468085106383,432.98,972.3906,1405.3706,N,TXN_V2.1,2026-06-29,2026-06-29 19:54:02.665208
3697,2026-06,3,3,141.0,7078.21,44269.27,37191.06,364.166524822695,UP,20.42,RETAIL,36.16836879432624,347.16999999999996,141.5642,488.7342,N,TXN_V2.1,2026-06-29,2026-06-29 19:54:02.665208
3698,2026-06,4,4,156.0,37914.94,22258.559999999998,-15656.380000000005,385.7275641025641,DOWN,84.18,RETAIL,33.331153846153846,314.72,758.2988,1073.0188,N,TXN_V2.1,2026-06-29,2026-06-29 19:54:02.665208
3699,2026-06,2,2,121.0,54190.05,5285.11,-48904.94,491.5302479338843,DOWN,95.82,TRAVEL,31.405206611570247,248.08,1083.8010000000002,1331.881,N,TXN_V2.1,2026-06-29,2026-06-29 19:54:02.665208
3700,2026-06,3,3,179.0,40822.73,26379.07,-14443.660000000003,375.4290502793296,DOWN,87.12,TRAVEL,36.3149720670391,337.54,816.4546,1153.9946,N,TXN_V2.1,2026-06-29,2026-06-29 19:54:02.665208
3701,2026-06,2,2,92.0,14058.15,3488.62,-10569.529999999999,190.72576086956522,DOWN,37.5,GROCERY,39.132173913043474,171.54,281.163,452.703,N,TXN_V2.1,2026-06-29,2026-06-29 19:54:02.665208
3702,2026-06,4,3,178.0,24011.53,7474.5,-16537.03,176.88780898876405,DOWN,61.44,TRAVEL,33.70314606741574,367.19,480.2306,847.4205999999999,N,TXN_V2.1,2026-06-29,2026-06-29 19:54:02.665208
3703,2026-06,1,1,59.0,12101.98,2095.85,-10006.13,240.64118644067796,DOWN,31.62,UTILITIES,38.980000000000004,189.69,242.0396,431.7296,N,TXN_V2.1,2026-06-29,2026-06-29 19:54:02.665208
3704,2026-06,4,4,218.0,33216.14,50457.01,17240.870000000003,383.82178899082567,UP,77.74,INSURANCE,42.66224770642202,550.26,664.3228,1214.5828000000001,N,TXN_V2.1,2026-06-29,2026-06-29 19:54:02.665208
3705,2026-06,2,2,97.0,19477.34,15515.25,-3962.09,360.74835051546387,DOWN,51.2,HEALTHCARE,34.02247422680413,250.70000000000002,389.5468,640.2468,N,TXN_V2.1,2026-06-29,2026-06-29 19:54:02.665208
3706,2026-06,2,1,60.0,4047.63,2645.8599999999997,-1401.7700000000004,111.55816666666666,DOWN,14.18,RETAIL,36.669333333333334,105.50999999999999,80.9526,186.4626,N,TXN_V2.1,2026-06-29,2026-06-29 19:54:02.665208
3707,2026-06,2,2,98.0,3992.89,24199.010000000002,20206.120000000003,287.6724489795919,UP,14.0,RETAIL,34.69244897959184,211.43,79.8578,291.2878,N,TXN_V2.1,2026-06-29,2026-06-29 19:54:02.665208
3708,2026-06,2,2,89.0,6264.64,21829.59,15564.95,315.66550561797754,UP,19.14,RETAIL,32.58157303370787,274.5,125.29280000000001,399.7928,N,TXN_V2.1,2026-06-29,2026-06-29 19:54:02.665208
3709,2026-06,1,1,36.0,1428.24,2533.53,1105.2900000000002,110.04916666666668,UP,3.26,RESTAURANT,41.67,107.56,28.5648,136.1248,N,TXN_V2.1,2026-06-29,2026-06-29 19:54:02.665208
3710,2026-06,2,2,86.0,10888.96,4924.79,-5964.169999999999,183.88081395348837,DOWN,28.42,GROCERY,39.531162790697685,124.28,217.77919999999997,342.0592,N,TXN_V2.1,2026-06-29,2026-06-29 19:54:02.665208
3711,2026-06,4,4,168.0,62925.670000000006,35989.05,-26936.620000000003,588.7780952380953,DOWN,98.3,RESTAURANT,33.33178571428571,478.29999999999995,1258.5134,1736.8134,N,TXN_V2.1,2026-06-29,2026-06-29 19:54:02.665208
3712,2026-06,2,2,101.0,12005.5,6586.66,-5418.84,184.08079207920792,DOWN,31.46,TRAVEL,46.532376237623765,223.75,240.11,463.86,N,TXN_V2.1,2026-06-29,2026-06-29 19:54:02.665208
3713,2026-06,4,4,219.0,59503.42,24855.809999999998,-34647.61,385.20196347031964,DOWN,97.46,UTILITIES,40.18474885844749,462.70000000000005,1190.0683999999999,1652.7684,N,TXN_V2.1,2026-06-29,2026-06-29 19:54:02.665208
3714,2026-06,2,2,118.0,30076.56,15501.710000000001,-14574.85,386.2565254237289,DOWN,72.76,RESTAURANT,30.508813559322036,304.90999999999997,601.5312,906.4412,N,TXN_V2.1,2026-06-29,2026-06-29 19:54:02.665208
3715,2026-06,1,1,37.0,1605.73,2150.38,544.6500000000001,101.51648648648649,UP,4.2,ENTERTAINMENT,29.73,153.28,32.1146,185.3946,N,TXN_V2.1,2026-06-29,2026-06-29 19:54:02.665208
3716,2026-06,1,1,69.0,27658.8,11551.14,-16107.66,568.26,DOWN,68.68,RETAIL,39.13,165.54,553.176,718.716,N,TXN_V2.1,2026-06-29,2026-06-29 19:54:02.665208
3717,2026-06,2,2,108.0,41549.15,21747.23,-19801.920000000002,586.0775925925926,DOWN,87.62,RETAIL,43.52333333333333,250.76,830.9830000000001,1081.743,N,TXN_V2.1,2026-06-29,2026-06-29 19:54:02.665208
3718,2026-06,2,2,89.0,6727.639999999999,3873.88,-2853.7599999999993,119.11820224719102,DOWN,19.78,RETAIL,40.455617977528085,195.63,134.5528,330.1828,N,TXN_V2.1,2026-06-29,2026-06-29 19:54:02.665208
3719,2026-06,4,4,143.0,9025.13,27205.09,18179.96,253.35818181818183,UP,23.82,RETAIL,40.558321678321676,654.76,180.5026,835.2626,N,TXN_V2.1,2026-06-29,2026-06-29 19:54:02.665208
3720,2026-06,3,2,120.0,22138.600000000002,4023.74,-18114.86,218.01950000000002,DOWN,57.24,RETAIL,45.83433333333333,295.45000000000005,442.77200000000005,738.2220000000001,N,TXN_V2.1,2026-06-29,2026-06-29 19:54:02.665208
3721,2026-06,3,3,155.0,38959.29000000001,19238.14,-19721.15000000001,375.4672903225807,DOWN,85.34,HEALTHCARE,30.971225806451606,182.88,779.1858000000002,962.0658000000002,N,TXN_V2.1,2026-06-29,2026-06-29 19:54:02.665208
3722,2026-06,4,4,222.0,48698.07,39575.08,-9122.989999999998,397.6268018018018,DOWN,93.44,RESTAURANT,38.288333333333334,585.47,973.9614,1559.4314,N,TXN_V2.1,2026-06-29,2026-06-29 19:54:02.665208
3723,2026-06,2,2,119.0,50679.5,5132.02,-45547.479999999996,469.0043697478992,DOWN,94.48,UTILITIES,47.058991596638656,303.62,1013.59,1317.21,N,TXN_V2.1,2026-06-29,2026-06-29 19:54:02.665208
3724,2026-06,4,4,180.0,37118.08,66817.2,29699.119999999995,577.4182222222222,UP,83.18,UTILITIES,35.555,350.53999999999996,742.3616000000001,1092.9016000000001,N,TXN_V2.1,2026-06-29,2026-06-29 19:54:02.665208
3725,2026-06,1,1,48.0,12630.58,1391.64,-11238.94,292.1295833333333,DOWN,33.14,UTILITIES,37.5,148.29,252.6116,400.90160000000003,N,TXN_V2.1,2026-06-29,2026-06-29 19:54:02.665208
3726,2026-06,4,4,172.0,62707.99,22045.010000000002,-40662.979999999996,492.75,DOWN,98.24,TRAVEL,41.2781976744186,459.02,1254.1598,1713.1798,N,TXN_V2.1,2026-06-29,2026-06-29 19:54:02.665208
3727,2026-06,3,3,109.0,23140.489999999998,22737.42,-403.0699999999997,420.8982568807339,STABLE,59.62,RETAIL,39.454678899082566,387.45,462.8098,850.2598,N,TXN_V2.1,2026-06-29,2026-06-29 19:54:02.665208
3728,2026-06,2,2,89.0,14680.029999999999,3550.3199999999997,-11129.71,204.83539325842696,DOWN,39.44,UTILITIES,43.8191011235955,222.54000000000002,293.6006,516.1406,N,TXN_V2.1,2026-06-29,2026-06-29 19:54:02.665208
3729,2026-06,3,3,165.0,14108.720000000001,35597.49,21488.769999999997,301.2497575757576,UP,37.64,RETAIL,35.152242424242424,354.08000000000004,282.17440000000005,636.2544,N,TXN_V2.1,2026-06-29,2026-06-29 19:54:02.665208
3730,2026-06,3,3,138.0,39725.14,15570.34,-24154.8,400.691884057971,DOWN,86.12,TRAVEL,40.578478260869566,267.0,794.5028,1061.5028,N,TXN_V2.1,2026-06-29,2026-06-29 19:54:02.665208
3731,2026-06,1,1,66.0,17221.3,2303.2,-14918.099999999999,295.82575757575756,DOWN,45.96,ENTERTAINMENT,30.31,218.68,344.426,563.106,N,TXN_V2.1,2026-06-29,2026-06-29 19:54:02.665208
3732,2026-06,1,1,24.0,1451.26,6835.15,5383.889999999999,345.26708333333335,UP,3.4,RESTAURANT,25.0,95.53,29.0252,124.5552,N,TXN_V2.1,2026-06-29,2026-06-29 19:54:02.665208
3733,2026-06,1,1,44.0,1659.27,14991.8,13332.529999999999,378.4334090909091,UP,4.44,RETAIL,38.64,131.17,33.1854,164.35539999999997,N,TXN_V2.1,2026-06-29,2026-06-29 19:54:02.665208
3734,2026-06,3,3,119.0,15189.91,6025.59,-9164.32,178.28151260504202,DOWN,40.86,TRAVEL,43.69840336134454,196.63,303.7982,500.4282,N,TXN_V2.1,2026-06-29,2026-06-29 19:54:02.665208
3735,2026-06,3,2,139.0,15576.6,14117.89,-1458.710000000001,213.62942446043164,DOWN,41.88,TRAVEL,41.00582733812949,395.83,311.53200000000004,707.3620000000001,N,TXN_V2.1,2026-06-29,2026-06-29 19:54:02.665208
3736,2026-06,4,4,189.0,44416.21,23136.21,-21280.0,357.4202116402116,DOWN,90.18,RETAIL,39.68349206349207,520.74,888.3242,1409.0642,N,TXN_V2.1,2026-06-29,2026-06-29 19:54:02.665208
3737,2026-06,1,1,25.0,2191.06,730.08,-1460.98,116.84559999999999,DOWN,7.4,GAS_STATION,32.0,111.39,43.8212,155.2112,N,TXN_V2.1,2026-06-29,2026-06-29 19:54:02.665208
3738,2026-06,4,4,225.0,44930.82,25586.85,-19343.97,313.41186666666664,DOWN,90.64,TRAVEL,40.8896,263.72,898.6164,1162.3364000000001,N,TXN_V2.1,2026-06-29,2026-06-29 19:54:02.665208
3739,2026-06,1,1,59.0,4170.58,1742.06,-2428.52,100.21423728813558,DOWN,14.68,RETAIL,49.150000000000006,174.49,83.4116,257.90160000000003,N,TXN_V2.1,2026-06-29,2026-06-29 19:54:02.665208
3740,2026-06,4,4,164.0,22245.73,6624.15,-15621.58,176.03585365853658,DOWN,57.42,UTILITIES,40.85213414634146,362.09,444.9146,807.0046,N,TXN_V2.1,2026-06-29,2026-06-29 19:54:02.665208
3741,2026-06,3,2,155.0,17480.38,35763.83,18283.45,343.5110322580646,UP,46.68,RESTAURANT,41.28864516129032,379.53999999999996,349.60760000000005,729.1476,N,TXN_V2.1,2026-06-29,2026-06-29 19:54:02.665208
3742,2026-06,3,3,164.0,33417.46,11822.640000000001,-21594.82,275.85426829268295,DOWN,78.02,RESTAURANT,38.411402439024386,374.56,668.3492,1042.9092,N,TXN_V2.1,2026-06-29,2026-06-29 19:54:02.665208
3743,2026-06,4,4,183.0,26968.54,31410.67,4442.129999999997,319.0120765027322,UP,67.36,TRAVEL,42.07945355191257,210.46,539.3708,749.8308000000001,N,TXN_V2.1,2026-06-29,2026-06-29 19:54:02.665208
3744,2026-06,4,4,165.0,33119.93,7711.43,-25408.5,247.46278787878788,DOWN,77.48,RETAIL,39.3950303030303,311.88,662.3986,974.2786,N,TXN_V2.1,2026-06-29,2026-06-29 19:54:02.665208
3745,2026-06,1,1,77.0,4879.48,4346.25,-533.2299999999996,119.81467532467532,STABLE,16.22,HEALTHCARE,33.77,264.4,97.58959999999999,361.9896,N,TXN_V2.1,2026-06-29,2026-06-29 19:54:02.665208
3746,2026-06,3,2,122.0,8806.24,11385.78,2579.540000000001,165.5083606557377,UP,23.28,UTILITIES,34.428688524590164,112.13,176.1248,288.2548,N,TXN_V2.1,2026-06-29,2026-06-29 19:54:02.665208
3747,2026-06,4,3,167.0,45839.29,26170.79,-19668.5,431.1980838323353,DOWN,91.18,TRAVEL,34.12916167664671,338.78,916.7858,1255.5657999999999,N,TXN_V2.1,2026-06-29,2026-06-29 19:54:02.665208
3748,2026-06,3,3,171.0,52043.630000000005,9740.24,-42303.39000000001,361.30918128654974,DOWN,95.06,TRAVEL,34.49918128654971,454.69,1040.8726000000001,1495.5626000000002,N,TXN_V2.1,2026-06-29,2026-06-29 19:54:02.665208
3749,2026-06,2,2,75.0,22197.5,13413.830000000002,-8783.669999999998,474.81773333333336,DOWN,57.36,TRAVEL,33.3312,140.97,443.95,584.92,N,TXN_V2.1,2026-06-29,2026-06-29 19:54:02.665208
3750,2026-06,3,3,209.0,51528.75,21585.09,-29943.66,349.826985645933,DOWN,94.84,TRAVEL,41.14837320574163,436.1,1030.575,1466.6750000000002,N,TXN_V2.1,2026-06-29,2026-06-29 19:54:02.665208
3751,2026-06,1,1,58.0,10467.73,1766.79,-8700.939999999999,210.94,DOWN,27.3,GROCERY,37.93,190.29,209.3546,399.64459999999997,N,TXN_V2.1,2026-06-29,2026-06-29 19:54:02.665208
3752,2026-06,2,2,94.0,23054.190000000002,5562.79,-17491.4,304.4359574468086,DOWN,59.32,RESTAURANT,31.913829787234043,229.78,461.08380000000005,690.8638000000001,N,TXN_V2.1,2026-06-29,2026-06-29 19:54:02.665208
3753,2026-06,2,2,92.0,5115.870000000001,6217.6900000000005,1101.8199999999997,123.19086956521741,UP,16.62,RETAIL,35.87369565217391,115.44,102.31740000000002,217.75740000000002,N,TXN_V2.1,2026-06-29,2026-06-29 19:54:02.665208
3754,2026-06,4,3,152.0,30112.94,24010.02,-6102.919999999998,356.0721052631579,DOWN,72.8,TRAVEL,44.07921052631579,269.74,602.2588,871.9988,N,TXN_V2.1,2026-06-29,2026-06-29 19:54:02.665208
3755,2026-06,3,3,104.0,5704.0599999999995,16844.83,11140.770000000002,216.81625,UP,17.88,RETAIL,38.458557692307686,305.17999999999995,114.0812,419.2611999999999,N,TXN_V2.1,2026-06-29,2026-06-29 19:54:02.665208
3756,2026-06,3,3,97.0,30786.410000000003,16155.65,-14630.760000000004,483.938762886598,DOWN,73.8,UTILITIES,44.32845360824742,203.78,615.7282000000001,819.5082000000001,N,TXN_V2.1,2026-06-29,2026-06-29 19:54:02.665208
3757,2026-06,2,2,70.0,4732.04,19136.03,14403.989999999998,340.97242857142857,UP,15.94,GROCERY,41.425285714285714,188.75,94.6408,283.3908,N,TXN_V2.1,2026-06-29,2026-06-29 19:54:02.665208
3758,2026-06,2,2,75.0,13151.08,4592.27,-8558.81,236.57799999999997,DOWN,34.74,RESTAURANT,38.666666666666664,145.84,263.0216,408.86159999999995,N,TXN_V2.1,2026-06-29,2026-06-29 19:54:02.665208
3759,2026-06,4,4,107.0,11415.66,24433.690000000002,13018.030000000002,335.04065420560755,UP,29.78,RETAIL,39.25196261682243,378.58,228.3132,606.8932,N,TXN_V2.1,2026-06-29,2026-06-29 19:54:02.665208
3760,2026-06,3,3,129.0,22730.96,6678.61,-16052.349999999999,227.98116279069768,DOWN,58.64,RESTAURANT,38.754728682170544,180.79000000000002,454.6192,635.4092,N,TXN_V2.1,2026-06-29,2026-06-29 19:54:02.665208
3761,2026-06,3,3,156.0,26107.17,18672.61,-7434.559999999998,287.04987179487176,DOWN,65.5,RESTAURANT,38.46205128205128,460.22,522.1433999999999,982.3634,N,TXN_V2.1,2026-06-29,2026-06-29 19:54:02.665208
3762,2026-06,2,2,89.0,6564.47,32639.260000000002,26074.79,440.4913483146068,UP,19.6,UTILITIES,39.32651685393258,140.38,131.2894,271.6694,N,TXN_V2.1,2026-06-29,2026-06-29 19:54:02.665208
3763,2026-06,1,1,33.0,1828.68,2685.11,856.4300000000001,136.78151515151515,UP,5.48,INSURANCE,27.27,0.0,36.5736,36.5736,N,TXN_V2.1,2026-06-29,2026-06-29 19:54:02.665208
3764,2026-06,4,4,173.0,44463.4,31534.129999999997,-12929.270000000004,439.2920809248555,DOWN,90.24,RESTAURANT,36.989999999999995,298.54,889.268,1187.808,N,TXN_V2.1,2026-06-29,2026-06-29 19:54:02.665208
3765,2026-06,2,2,105.0,18486.13,22506.18,4020.0499999999993,390.40295238095234,UP,48.98,RESTAURANT,37.144285714285715,156.64,369.7226,526.3625999999999,N,TXN_V2.1,2026-06-29,2026-06-29 19:54:02.665208
3766,2026-06,3,3,155.0,31376.0,30072.5,-1303.5,396.44193548387096,STABLE,74.74,WIRE_TRANSFER_INTL,41.93490322580645,527.48,627.52,1155.0,N,TXN_V2.1,2026-06-29,2026-06-29 19:54:02.665208
3767,2026-06,2,2,101.0,25257.73,3362.0600000000004,-21895.67,283.3642574257426,DOWN,63.82,TRAVEL,35.644059405940595,159.69,505.1546,664.8446,N,TXN_V2.1,2026-06-29,2026-06-29 19:54:02.665208
3768,2026-06,1,1,76.0,16364.73,18178.35,1813.619999999999,454.5142105263158,STABLE,44.1,HEALTHCARE,38.15,182.23,327.2946,509.52459999999996,N,TXN_V2.1,2026-06-29,2026-06-29 19:54:02.665208
3769,2026-06,1,1,48.0,30776.37,1108.43,-29667.94,664.2666666666667,DOWN,73.74,EDUCATION,37.5,81.22,615.5274,696.7474,N,TXN_V2.1,2026-06-29,2026-06-29 19:54:02.665208
3770,2026-06,2,2,69.0,17459.91,4029.6800000000003,-13430.23,311.4433333333333,DOWN,46.58,GROCERY,42.0291304347826,156.06,349.1982,505.2582,N,TXN_V2.1,2026-06-29,2026-06-29 19:54:02.665208
3771,2026-06,3,3,122.0,14744.400000000001,27907.22,13162.82,349.60344262295087,UP,39.68,UTILITIES,36.88114754098361,429.9,294.88800000000003,724.788,N,TXN_V2.1,2026-06-29,2026-06-29 19:54:02.665208
3772,2026-06,1,1,18.0,1284.23,884.45,-399.78,120.48222222222223,STABLE,2.66,RESTAURANT,44.449999999999996,0.0,25.6846,25.6846,N,TXN_V2.1,2026-06-29,2026-06-29 19:54:02.665208
3773,2026-06,2,2,95.0,5529.79,13936.77,8406.98,204.91115789473685,UP,17.46,TRAVEL,35.78568421052632,216.55,110.5958,327.1458,N,TXN_V2.1,2026-06-29,2026-06-29 19:54:02.665208
3774,2026-06,2,2,83.0,4115.02,18542.2,14427.18,272.9785542168675,UP,14.46,GAS_STATION,40.96349397590362,202.46,82.30040000000001,284.7604,N,TXN_V2.1,2026-06-29,2026-06-29 19:54:02.665208
3775,2026-06,3,3,109.0,14570.56,16001.439999999999,1430.8799999999992,280.4770642201835,UP,39.1,GROCERY,33.940275229357795,183.97,291.4112,475.38120000000004,N,TXN_V2.1,2026-06-29,2026-06-29 19:54:02.665208
3776,2026-06,1,1,70.0,13165.82,13484.51,318.6900000000005,380.71900000000005,STABLE,34.8,GROCERY,25.72,141.46,263.3164,404.77639999999997,N,TXN_V2.1,2026-06-29,2026-06-29 19:54:02.665208
3777,2026-06,1,1,33.0,7766.48,13922.48,6156.0,657.2412121212121,UP,21.38,INSURANCE,36.36,47.16,155.3296,202.4896,N,TXN_V2.1,2026-06-29,2026-06-29 19:54:02.665208
3778,2026-06,3,3,139.0,33812.41,4328.34,-29484.070000000003,274.3938848920863,DOWN,78.62,RETAIL,35.96798561151079,343.32,676.2482000000001,1019.5682000000002,N,TXN_V2.1,2026-06-29,2026-06-29 19:54:02.665208
3779,2026-06,4,4,96.0,13682.48,13944.44,261.96000000000095,287.78041666666667,STABLE,36.24,RETAIL,42.70833333333333,251.24,273.6496,524.8896,N,TXN_V2.1,2026-06-29,2026-06-29 19:54:02.665208
3780,2026-06,1,1,29.0,2501.59,616.3,-1885.2900000000002,107.51344827586207,DOWN,8.96,GAS_STATION,51.73000000000001,25.95,50.031800000000004,75.9818,N,TXN_V2.1,2026-06-29,2026-06-29 19:54:02.665208
3781,2026-06,3,3,131.0,17477.96,17279.9,-198.05999999999767,265.3271755725191,STABLE,46.64,TRAVEL,35.112671755725195,299.56,349.5592,649.1192,N,TXN_V2.1,2026-06-29,2026-06-29 19:54:02.665208
3782,2026-06,3,3,179.0,10533.18,36772.08,26238.9,264.27519553072625,UP,27.54,RETAIL,43.01932960893854,392.17999999999995,210.6636,602.8435999999999,N,TXN_V2.1,2026-06-29,2026-06-29 19:54:02.665208
3783,2026-06,3,3,166.0,25070.65,29480.329999999998,4409.679999999997,328.6203614457831,UP,63.52,RESTAURANT,36.139457831325295,198.23000000000002,501.41300000000007,699.643,N,TXN_V2.1,2026-06-29,2026-06-29 19:54:02.665208
3784,2026-06,2,2,43.0,3088.22,11055.27,7967.050000000001,328.91837209302327,UP,11.2,INSURANCE,37.2060465116279,12.81,61.764399999999995,74.5744,N,TXN_V2.1,2026-06-29,2026-06-29 19:54:02.665208
3785,2026-06,2,2,123.0,34701.659999999996,14829.65,-19872.009999999995,402.69357723577235,DOWN,79.74,RESTAURANT,42.275528455284544,144.08,694.0332,838.1132,N,TXN_V2.1,2026-06-29,2026-06-29 19:54:02.665208
3786,2026-06,4,4,149.0,7886.1900000000005,33247.82,25361.629999999997,276.0671812080537,UP,21.7,RESTAURANT,35.572214765100675,339.07,157.7238,496.79380000000003,N,TXN_V2.1,2026-06-29,2026-06-29 19:54:02.665208
3787,2026-06,3,3,124.0,25255.050000000003,24145.370000000003,-1109.6800000000003,398.3904838709678,STABLE,63.8,TRAVEL,34.67709677419355,241.52,505.10100000000006,746.6210000000001,N,TXN_V2.1,2026-06-29,2026-06-29 19:54:02.665208
3788,2026-06,4,4,132.0,16467.440000000002,27331.05,10863.609999999997,331.8067424242425,UP,44.36,RETAIL,43.18174242424242,404.21,329.34880000000004,733.5588,N,TXN_V2.1,2026-06-29,2026-06-29 19:54:02.665208
3789,2026-06,1,1,59.0,2415.42,15422.54,13007.12,302.33830508474574,UP,8.46,GAS_STATION,32.2,116.09,48.308400000000006,164.3984,N,TXN_V2.1,2026-06-29,2026-06-29 19:54:02.665208
3790,2026-06,3,3,131.0,34284.3,16184.12,-18100.18,385.25511450381686,DOWN,79.22,RETAIL,38.93068702290077,278.79999999999995,685.686,964.486,N,TXN_V2.1,2026-06-29,2026-06-29 19:54:02.665208
3791,2026-06,1,1,41.0,1240.2,11220.02,9979.82,303.9078048780488,UP,2.5,GAS_STATION,29.270000000000003,162.71,24.804000000000002,187.514,N,TXN_V2.1,2026-06-29,2026-06-29 19:54:02.665208
3792,2026-06,3,2,123.0,32713.73,4789.13,-27924.6,304.90130081300816,DOWN,76.86,RETAIL,34.95991869918699,368.58000000000004,654.2746,1022.8546,N,TXN_V2.1,2026-06-29,2026-06-29 19:54:02.665208
3793,2026-06,3,3,114.0,18820.31,21051.230000000003,2230.920000000002,349.75035087719306,UP,49.66,UTILITIES,36.84052631578948,263.61,376.4062,640.0162,N,TXN_V2.1,2026-06-29,2026-06-29 19:54:02.665208
3794,2026-06,3,3,111.0,21806.25,21997.36,191.11000000000058,394.6271171171171,STABLE,56.46,UTILITIES,39.642162162162165,407.14,436.125,843.265,N,TXN_V2.1,2026-06-29,2026-06-29 19:54:02.665208
3795,2026-06,3,3,152.0,51990.05,41793.600000000006,-10196.449999999997,616.9976973684211,DOWN,95.0,RETAIL,44.07769736842105,315.59000000000003,1039.8010000000002,1355.391,N,TXN_V2.1,2026-06-29,2026-06-29 19:54:02.665208
3796,2026-06,1,1,62.0,11347.23,2297.1,-9050.13,220.0698387096774,DOWN,29.62,ENTERTAINMENT,41.93999999999999,172.66,226.9446,399.6046,N,TXN_V2.1,2026-06-29,2026-06-29 19:54:02.665208
3797,2026-06,1,1,36.0,1474.97,10248.37,8773.400000000001,325.6483333333333,UP,3.52,GAS_STATION,41.66,257.44,29.4994,286.9394,N,TXN_V2.1,2026-06-29,2026-06-29 19:54:02.665208
3798,2026-06,3,3,97.0,11148.43,12850.630000000001,1702.2000000000007,247.41298969072167,UP,29.02,RESTAURANT,36.081340206185565,190.38,222.9686,413.34860000000003,N,TXN_V2.1,2026-06-29,2026-06-29 19:54:02.665208
3799,2026-06,1,1,40.0,21762.7,2483.86,-19278.84,606.164,DOWN,56.34,RESTAURANT,27.500000000000004,0.0,435.254,435.254,N,TXN_V2.1,2026-06-29,2026-06-29 19:54:02.665208
3800,2026-06,2,2,89.0,33143.96,13797.35,-19346.61,527.4304494382022,DOWN,77.54,UTILITIES,41.57056179775281,315.78999999999996,662.8792,978.6691999999999,N,TXN_V2.1,2026-06-29,2026-06-29 19:54:02.665208
3801,2026-06,1,1,34.0,6153.16,19595.06,13441.900000000001,757.3005882352942,UP,18.86,RETAIL,52.94,67.62,123.0632,190.6832,N,TXN_V2.1,2026-06-29,2026-06-29 19:54:02.665208
3802,2026-06,4,3,175.0,35824.23,19250.55,-16573.680000000004,314.71302857142854,DOWN,81.16,RETAIL,39.42931428571428,212.39,716.4846000000001,928.8746000000001,N,TXN_V2.1,2026-06-29,2026-06-29 19:54:02.665208
3803,2026-06,3,2,107.0,24767.21,15521.490000000002,-9245.719999999998,376.52990654205604,DOWN,63.08,UTILITIES,41.123084112149535,307.58,495.3442,802.9241999999999,N,TXN_V2.1,2026-06-29,2026-06-29 19:54:02.665208
3804,2026-06,3,3,105.0,39802.08,14199.66,-25602.420000000002,514.3022857142857,DOWN,86.18,RETAIL,38.09761904761905,193.47,796.0416,989.5116,N,TXN_V2.1,2026-06-29,2026-06-29 19:54:02.665208
3805,2026-06,4,4,139.0,13578.05,21302.760000000002,7724.710000000003,250.94107913669063,UP,36.04,UTILITIES,41.73028776978418,306.48,271.561,578.0409999999999,N,TXN_V2.1,2026-06-29,2026-06-29 19:54:02.665208
3806,2026-06,1,1,68.0,4784.79,22454.36,17669.57,400.5757352941177,UP,16.06,RESTAURANT,32.349999999999994,113.19,95.6958,208.88580000000002,N,TXN_V2.1,2026-06-29,2026-06-29 19:54:02.665208
3807,2026-06,1,1,61.0,25660.6,2069.68,-23590.92,454.5947540983606,DOWN,64.66,GROCERY,45.9,212.69,513.212,725.902,N,TXN_V2.1,2026-06-29,2026-06-29 19:54:02.665208
3808,2026-06,3,2,109.0,38473.240000000005,9517.33,-28955.910000000003,440.2804587155964,DOWN,84.9,UTILITIES,34.86834862385321,317.63,769.4648000000001,1087.0948,N,TXN_V2.1,2026-06-29,2026-06-29 19:54:02.665208
3809,2026-06,2,2,104.0,20893.120000000003,4162.5,-16730.620000000003,240.9194230769231,DOWN,54.26,RESTAURANT,45.19326923076923,223.23000000000002,417.86240000000004,641.0924,N,TXN_V2.1,2026-06-29,2026-06-29 19:54:02.665208
3810,2026-06,3,3,148.0,26771.21,20055.12,-6716.09,316.39412162162165,DOWN,66.98,GROCERY,32.43324324324324,273.58000000000004,535.4242,809.0042000000001,N,TXN_V2.1,2026-06-29,2026-06-29 19:54:02.665208
3811,2026-06,1,1,57.0,10402.47,2726.76,-7675.709999999999,230.33736842105262,DOWN,27.18,GAS_STATION,38.59,210.18,208.0494,418.2294,N,TXN_V2.1,2026-06-29,2026-06-29 19:54:02.665208
3812,2026-06,1,1,25.0,15616.99,1534.2,-14082.789999999999,686.0476,DOWN,42.02,ENTERTAINMENT,48.0,89.44,312.3398,401.7798,N,TXN_V2.1,2026-06-29,2026-06-29 19:54:02.665208
3813,2026-06,3,2,67.0,5028.57,12504.26,7475.6900000000005,261.6840298507463,UP,16.46,RESTAURANT,29.851791044776117,200.86,100.5714,301.4314,N,TXN_V2.1,2026-06-29,2026-06-29 19:54:02.665208
3814,2026-06,2,2,105.0,30561.07,24066.18,-6494.889999999999,520.2595238095238,DOWN,73.54,GROCERY,30.470380952380953,416.43,611.2214,1027.6514,N,TXN_V2.1,2026-06-29,2026-06-29 19:54:02.665208
3815,2026-06,2,2,101.0,26415.13,6007.09,-20408.04,321.0120792079208,DOWN,66.08,RESTAURANT,42.57158415841584,241.26,528.3026,769.5626,N,TXN_V2.1,2026-06-29,2026-06-29 19:54:02.665208
3816,2026-06,1,1,65.0,11919.65,13084.17,1164.5200000000004,384.67415384615384,STABLE,31.24,GROCERY,30.770000000000003,120.71,238.393,359.103,N,TXN_V2.1,2026-06-29,2026-06-29 19:54:02.665208
3817,2026-06,2,2,98.0,16597.83,18812.41,2214.579999999998,361.3289795918368,UP,44.6,TRAVEL,37.75153061224489,205.6,331.95660000000004,537.5566,N,TXN_V2.1,2026-06-29,2026-06-29 19:54:02.665208
3818,2026-06,2,2,87.0,11951.8,4273.84,-7677.959999999999,186.5016091954023,DOWN,31.34,RETAIL,34.48816091954023,348.16999999999996,239.036,587.2059999999999,N,TXN_V2.1,2026-06-29,2026-06-29 19:54:02.665208
3819,2026-06,4,4,179.0,30430.05,32167.78,1737.7299999999996,349.7085474860335,STABLE,73.3,RETAIL,39.10916201117319,325.39,608.601,933.991,N,TXN_V2.1,2026-06-29,2026-06-29 19:54:02.665208
3820,2026-06,4,4,113.0,31715.82,5088.66,-26627.16,325.7033628318584,DOWN,75.22,UTILITIES,42.47787610619469,274.89,634.3164,909.2064,N,TXN_V2.1,2026-06-29,2026-06-29 19:54:02.665208
3821,2026-06,4,4,215.0,64394.7,28486.96,-35907.74,432.00772093023255,DOWN,98.52,PAWN_SHOP,41.859674418604655,197.0,1287.894,1484.894,N,TXN_V2.1,2026-06-29,2026-06-29 19:54:02.665208
3822,2026-06,2,2,78.0,3453.45,24294.239999999998,20840.789999999997,355.7396153846154,UP,12.34,RESTAURANT,28.206923076923076,235.90999999999997,69.069,304.979,N,TXN_V2.1,2026-06-29,2026-06-29 19:54:02.665208
3823,2026-06,1,0,14.0,936.87,756.26,-180.61,120.93785714285715,STABLE,1.32,INSURANCE,42.86,30.31,18.7374,49.047399999999996,N,TXN_V2.1,2026-06-29,2026-06-29 19:54:02.665208
3824,2026-06,2,2,122.0,27330.940000000002,22179.829999999998,-5151.110000000004,405.82598360655743,DOWN,67.94,GROCERY,39.34655737704917,159.39,546.6188000000001,706.0088000000001,N,TXN_V2.1,2026-06-29,2026-06-29 19:54:02.665208
3825,2026-06,4,4,135.0,49452.6,16340.96,-33111.64,487.3597037037037,DOWN,93.8,TRAVEL,34.07548148148148,323.02,989.052,1312.0720000000001,N,TXN_V2.1,2026-06-29,2026-06-29 19:54:02.665208
3826,2026-06,4,4,202.0,31751.600000000002,19190.53,-12561.070000000003,252.18876237623763,DOWN,75.3,GROCERY,36.63707920792079,360.03999999999996,635.032,995.072,N,TXN_V2.1,2026-06-29,2026-06-29 19:54:02.665208
3827,2026-06,2,2,116.0,30391.41,14959.52,-15431.89,390.9562931034483,DOWN,73.2,RETAIL,34.476810344827584,312.93,607.8282,920.7582,N,TXN_V2.1,2026-06-29,2026-06-29 19:54:02.665208
3828,2026-06,4,4,170.0,27229.489999999998,53719.58,26490.090000000004,476.17100000000005,UP,67.82,HEALTHCARE,34.70623529411765,448.07,544.5898,992.6597999999999,N,TXN_V2.1,2026-06-29,2026-06-29 19:54:02.665208
3829,2026-06,1,0,16.0,6818.15,528.43,-6289.719999999999,459.16125,DOWN,19.88,INSURANCE,25.0,36.93,136.363,173.293,N,TXN_V2.1,2026-06-29,2026-06-29 19:54:02.665208
3830,2026-06,2,2,132.0,8933.88,17482.14,8548.26,200.1213636363636,UP,23.62,RETAIL,37.88159090909092,235.72,178.67759999999998,414.3976,N,TXN_V2.1,2026-06-29,2026-06-29 19:54:02.665208
3831,2026-06,4,4,204.0,36789.45,20778.34,-16011.109999999997,282.19504901960784,DOWN,82.46,RESTAURANT,40.684901960784316,423.97,735.789,1159.759,N,TXN_V2.1,2026-06-29,2026-06-29 19:54:02.665208
3832,2026-06,1,1,34.0,11570.58,1047.15,-10523.43,371.10970588235296,DOWN,30.22,PAWN_SHOP,38.24000000000001,61.55,231.4116,292.9616,N,TXN_V2.1,2026-06-29,2026-06-29 19:54:02.665208
3833,2026-06,4,4,147.0,17716.04,7919.54,-9796.5,174.39170068027212,DOWN,47.14,RETAIL,42.17775510204081,400.59,354.3208,754.9108,N,TXN_V2.1,2026-06-29,2026-06-29 19:54:02.665208
3834,2026-06,3,3,137.0,24591.26,27845.97,3254.7100000000028,382.753503649635,UP,62.72,GROCERY,40.145693430656934,274.65,491.8252,766.4752,N,TXN_V2.1,2026-06-29,2026-06-29 19:54:02.665208
3835,2026-06,3,3,122.0,41854.12,39538.91,-2315.209999999999,667.1559836065574,STABLE,87.88,UTILITIES,35.24524590163934,221.32,837.0824000000001,1058.4024000000002,N,TXN_V2.1,2026-06-29,2026-06-29 19:54:02.665208
3836,2026-06,3,3,167.0,40819.630000000005,15000.810000000001,-25818.820000000003,334.254131736527,DOWN,87.1,GAS_STATION,38.92107784431138,230.18,816.3926000000001,1046.5726000000002,N,TXN_V2.1,2026-06-29,2026-06-29 19:54:02.665208
3837,2026-06,1,1,59.0,15761.92,19946.38,4184.460000000001,605.2254237288136,UP,42.48,GROCERY,47.45,106.81,315.2384,422.0484,N,TXN_V2.1,2026-06-29,2026-06-29 19:54:02.665208
3838,2026-06,2,1,43.0,2409.43,2532.0,122.57000000000016,114.91697674418606,STABLE,8.44,RESTAURANT,44.190000000000005,29.95,48.1886,78.1386,N,TXN_V2.1,2026-06-29,2026-06-29 19:54:02.665208
3839,2026-06,1,1,75.0,14861.42,10624.36,-4237.0599999999995,339.81039999999996,DOWN,40.1,GAS_STATION,49.34,253.41,297.2284,550.6384,N,TXN_V2.1,2026-06-29,2026-06-29 19:54:02.665208
3840,2026-06,2,2,91.0,20575.6,3749.51,-16826.089999999997,267.3089010989011,DOWN,53.32,GAS_STATION,47.254615384615384,221.03,411.512,632.542,N,TXN_V2.1,2026-06-29,2026-06-29 19:54:02.665208
3841,2026-06,3,3,166.0,24446.050000000003,81188.45999999999,56742.40999999999,636.352469879518,UP,62.44,RETAIL,34.93843373493976,575.1,488.92100000000005,1064.0210000000002,N,TXN_V2.1,2026-06-29,2026-06-29 19:54:02.665208
3842,2026-06,3,3,130.0,24131.510000000002,47667.45,23535.939999999995,552.2996923076922,UP,61.74,RETAIL,40.77061538461538,343.66,482.63020000000006,826.2902000000001,N,TXN_V2.1,2026-06-29,2026-06-29 19:54:02.665208
3843,2026-06,1,0,30.0,1135.92,7660.41,6524.49,293.211,UP,2.04,RESTAURANT,33.330000000000005,68.64,22.718400000000003,91.3584,N,TXN_V2.1,2026-06-29,2026-06-29 19:54:02.665208
3844,2026-06,3,3,164.0,46994.96,16912.050000000003,-30082.909999999996,389.67689024390245,DOWN,92.04,RESTAURANT,39.02158536585366,334.88,939.8992,1274.7792,N,TXN_V2.1,2026-06-29,2026-06-29 19:54:02.665208
3845,2026-06,1,1,74.0,16480.94,1647.34,-14833.599999999999,244.97675675675674,DOWN,44.38,RESTAURANT,35.14000000000001,91.9,329.61879999999996,421.51879999999994,N,TXN_V2.1,2026-06-29,2026-06-29 19:54:02.665208
3846,2026-06,4,4,192.0,52470.76,39570.11,-12900.650000000001,479.37953124999996,DOWN,95.3,RETAIL,42.18734375,453.75,1049.4152000000001,1503.1652000000001,N,TXN_V2.1,2026-06-29,2026-06-29 19:54:02.665208
3847,2026-06,3,3,155.0,81620.45000000001,41456.11,-40164.34000000001,794.0423225806452,DOWN,99.8,RESTAURANT,42.581354838709686,191.14000000000001,1632.4090000000003,1823.5490000000004,N,TXN_V2.1,2026-06-29,2026-06-29 19:54:02.665208
3848,2026-06,1,1,73.0,13914.69,8482.06,-5432.630000000001,306.80479452054794,DOWN,36.98,RESTAURANT,41.099999999999994,320.25,278.29380000000003,598.5438,N,TXN_V2.1,2026-06-29,2026-06-29 19:54:02.665208
3849,2026-06,4,4,180.0,30320.1,46735.79,16415.690000000002,428.08827777777776,UP,73.08,UTILITIES,35.55605555555555,361.76,606.4019999999999,968.1619999999999,N,TXN_V2.1,2026-06-29,2026-06-29 19:54:02.665208
3850,2026-06,4,2,180.0,42775.92999999999,6694.33,-36081.59999999999,274.83477777777773,DOWN,88.82,UTILITIES,37.22016666666668,475.77,855.5185999999999,1331.2885999999999,N,TXN_V2.1,2026-06-29,2026-06-29 19:54:02.665208
3851,2026-06,3,3,119.0,29863.52,13771.16,-16092.36,366.6779831932773,DOWN,72.38,TRAVEL,29.412857142857142,260.33,597.2704,857.6004,N,TXN_V2.1,2026-06-29,2026-06-29 19:54:02.665208
3852,2026-06,3,3,112.0,13210.689999999999,18816.77,5606.080000000002,285.95946428571426,UP,35.02,RESTAURANT,34.81669642857143,225.43,264.2138,489.6438,N,TXN_V2.1,2026-06-29,2026-06-29 19:54:02.665208
3853,2026-06,1,1,49.0,4736.52,1041.69,-3694.8300000000004,117.92265306122451,DOWN,15.96,RETAIL,48.980000000000004,285.45,94.73040000000002,380.1804,N,TXN_V2.1,2026-06-29,2026-06-29 19:54:02.665208
3854,2026-06,3,3,149.0,48572.02,26483.47,-22088.549999999996,503.7281208053691,DOWN,93.24,RETAIL,36.91134228187919,297.98,971.4404,1269.4204,N,TXN_V2.1,2026-06-29,2026-06-29 19:54:02.665208
3855,2026-06,1,1,61.0,2879.85,17831.79,14951.94,339.5350819672131,UP,10.48,GROCERY,29.51,185.69,57.597,243.287,N,TXN_V2.1,2026-06-29,2026-06-29 19:54:02.665208
3856,2026-06,4,4,153.0,15636.01,28361.41,12725.4,287.5648366013072,UP,42.08,RETAIL,35.948300653594764,252.37,312.72020000000003,565.0902000000001,N,TXN_V2.1,2026-06-29,2026-06-29 19:54:02.665208
3857,2026-06,4,3,105.0,12573.46,23963.02,11389.560000000001,347.96647619047616,UP,33.04,TRAVEL,41.90152380952381,253.73000000000002,251.4692,505.1992,N,TXN_V2.1,2026-06-29,2026-06-29 19:54:02.665208
3858,2026-06,2,2,99.0,33587.11,12971.84,-20615.27,470.2924242424242,DOWN,78.26,TRAVEL,33.33575757575757,202.76999999999998,671.7422,874.5122,N,TXN_V2.1,2026-06-29,2026-06-29 19:54:02.665208
3859,2026-06,4,4,210.0,10569.94,12399.15,1829.2099999999991,109.37661904761904,UP,27.66,GROCERY,36.19285714285714,598.52,211.39880000000002,809.9188,N,TXN_V2.1,2026-06-29,2026-06-29 19:54:02.665208
3860,2026-06,2,1,55.0,10326.98,1808.58,-8518.4,220.64654545454545,DOWN,26.98,RETAIL,30.90327272727273,161.07999999999998,206.5396,367.6196,N,TXN_V2.1,2026-06-29,2026-06-29 19:54:02.665208
3861,2026-06,3,3,114.0,29901.99,27241.12,-2660.8700000000026,501.255350877193,DOWN,72.44,TRAVEL,33.33394736842105,91.28,598.0398,689.3198,N,TXN_V2.1,2026-06-29,2026-06-29 19:54:02.665208
3862,2026-06,1,1,44.0,2013.14,14007.04,11993.900000000001,364.095,UP,6.36,GROCERY,36.36,0.0,40.262800000000006,40.262800000000006,N,TXN_V2.1,2026-06-29,2026-06-29 19:54:02.665208
3863,2026-06,3,3,117.0,25868.14,5839.039999999999,-20029.1,271.0015384615385,DOWN,65.14,INSURANCE,41.025299145299144,184.6,517.3628,701.9628,N,TXN_V2.1,2026-06-29,2026-06-29 19:54:02.665208
3864,2026-06,1,1,29.0,2473.48,733.39,-1740.0900000000001,110.58172413793103,DOWN,8.74,RETAIL,37.93,77.13,49.4696,126.5996,N,TXN_V2.1,2026-06-29,2026-06-29 19:54:02.665208
3865,2026-06,2,2,126.0,7790.650000000001,16735.870000000003,8945.220000000001,194.65492063492067,UP,21.46,RETAIL,29.360238095238095,177.03,155.81300000000002,332.843,N,TXN_V2.1,2026-06-29,2026-06-29 19:54:02.665208
3866,2026-06,1,1,27.0,1643.89,1225.88,-418.01,106.28777777777779,STABLE,4.34,GAS_STATION,55.559999999999995,75.36,32.8778,108.2378,N,TXN_V2.1,2026-06-29,2026-06-29 19:54:02.665208
3867,2026-06,2,2,103.0,6287.3099999999995,31849.49,25562.18,370.2601941747573,UP,19.16,RESTAURANT,40.773786407767,313.95,125.74619999999999,439.6962,N,TXN_V2.1,2026-06-29,2026-06-29 19:54:02.665208
3868,2026-06,1,1,25.0,2149.75,1484.55,-665.2,145.372,STABLE,7.14,GAS_STATION,28.000000000000004,10.22,42.995,53.214999999999996,N,TXN_V2.1,2026-06-29,2026-06-29 19:54:02.665208
3869,2026-06,1,1,17.0,1195.86,706.06,-489.79999999999995,111.87764705882353,STABLE,2.34,UTILITIES,29.409999999999993,50.94,23.917199999999998,74.85719999999999,N,TXN_V2.1,2026-06-29,2026-06-29 19:54:02.665208
3870,2026-06,4,4,177.0,20466.34,6462.76,-14003.58,152.14180790960452,DOWN,53.14,UTILITIES,30.505988700564973,292.82,409.3268,702.1468,N,TXN_V2.1,2026-06-29,2026-06-29 19:54:02.665208
3871,2026-06,4,4,177.0,45037.71,26044.18,-18993.53,401.5925988700565,DOWN,90.7,RETAIL,37.29062146892655,278.24,900.7542,1178.9942,N,TXN_V2.1,2026-06-29,2026-06-29 19:54:02.665208
3872,2026-06,1,1,23.0,8456.35,1537.09,-6919.26,434.49739130434784,DOWN,22.6,GAS_STATION,26.090000000000003,111.23,169.127,280.357,N,TXN_V2.1,2026-06-29,2026-06-29 19:54:02.665208
3873,2026-06,1,1,52.0,15908.01,1160.31,-14747.7,328.23692307692306,DOWN,42.96,GROCERY,42.309999999999995,166.11,318.16020000000003,484.27020000000005,N,TXN_V2.1,2026-06-29,2026-06-29 19:54:02.665208
3874,2026-06,1,1,61.0,14263.44,13328.25,-935.1900000000005,452.32278688524593,STABLE,38.08,INSURANCE,44.25999999999999,146.5,285.2688,431.7688,N,TXN_V2.1,2026-06-29,2026-06-29 19:54:02.665208
3875,2026-06,3,3,127.0,33195.83,4501.6,-28694.230000000003,296.83015748031494,DOWN,77.68,UTILITIES,38.57795275590551,212.04,663.9166,875.9566,N,TXN_V2.1,2026-06-29,2026-06-29 19:54:02.665208
3876,2026-06,1,1,62.0,3127.82,2843.01,-284.80999999999995,96.30370967741935,STABLE,11.42,HEALTHCARE,48.39,104.9,62.556400000000004,167.4564,N,TXN_V2.1,2026-06-29,2026-06-29 19:54:02.665208
3877,2026-06,3,3,135.0,24382.69,24522.760000000002,140.07000000000335,362.26259259259257,STABLE,62.24,RETAIL,30.373407407407406,282.0,487.6538,769.6538,N,TXN_V2.1,2026-06-29,2026-06-29 19:54:02.665208
3878,2026-06,4,3,172.0,30578.39,22283.2,-8295.189999999999,307.3348255813953,DOWN,73.58,RETAIL,37.788953488372094,456.97,611.5678,1068.5378,N,TXN_V2.1,2026-06-29,2026-06-29 19:54:02.665208
3879,2026-06,2,2,91.0,16208.18,41952.18,25744.0,639.1248351648352,UP,43.7,RETAIL,25.276153846153846,144.56,324.16360000000003,468.72360000000003,N,TXN_V2.1,2026-06-29,2026-06-29 19:54:02.665208
3880,2026-06,2,2,134.0,17863.7,19095.05,1231.3499999999985,275.8115671641791,STABLE,47.48,GAS_STATION,47.01164179104478,234.92000000000002,357.274,592.194,N,TXN_V2.1,2026-06-29,2026-06-29 19:54:02.665208
3881,2026-06,2,2,115.0,36282.58,21179.36,-15103.220000000001,499.6690434782609,DOWN,81.82,UTILITIES,40.00217391304348,277.21999999999997,725.6516,1002.8716,N,TXN_V2.1,2026-06-29,2026-06-29 19:54:02.665208
3882,2026-06,2,2,129.0,58491.31,7730.72,-50760.59,513.3490697674418,DOWN,97.22,GROCERY,41.08674418604651,350.61,1169.8262,1520.4362,N,TXN_V2.1,2026-06-29,2026-06-29 19:54:02.665208
3883,2026-06,4,4,213.0,59203.65,31783.64,-27420.010000000002,427.1703755868545,DOWN,97.38,UTILITIES,39.906103286384976,609.04,1184.073,1793.113,N,TXN_V2.1,2026-06-29,2026-06-29 19:54:02.665208
3884,2026-06,4,4,179.0,17723.559999999998,30531.06,12807.500000000004,269.5788826815642,UP,47.16,RESTAURANT,36.87,349.54,354.47119999999995,704.0111999999999,N,TXN_V2.1,2026-06-29,2026-06-29 19:54:02.665208
3885,2026-06,2,2,90.0,23572.539999999997,26699.54,3127.0000000000036,558.5786666666667,UP,60.6,RETAIL,35.55366666666666,194.09,471.45079999999996,665.5408,N,TXN_V2.1,2026-06-29,2026-06-29 19:54:02.665208
3886,2026-06,2,2,119.0,30149.71,15911.32,-14238.39,387.0674789915966,DOWN,72.86,GROCERY,43.69445378151261,147.12,602.9942,750.1142,N,TXN_V2.1,2026-06-29,2026-06-29 19:54:02.665208
3887,2026-06,2,2,116.0,23759.06,20283.620000000003,-3475.4399999999987,379.67827586206903,DOWN,60.94,WIRE_TRANSFER_INTL,42.24,556.6,475.18120000000005,1031.7812000000001,N,TXN_V2.1,2026-06-29,2026-06-29 19:54:02.665208
3888,2026-06,2,1,122.0,21357.260000000002,22932.910000000003,1575.6500000000015,363.0341803278689,STABLE,55.36,HEALTHCARE,40.98377049180328,244.5,427.14520000000005,671.6452,N,TXN_V2.1,2026-06-29,2026-06-29 19:54:02.665208
3889,2026-06,1,1,21.0,1177.12,14333.9,13156.779999999999,738.62,UP,2.26,GAS_STATION,38.099999999999994,42.15,23.542399999999997,65.69239999999999,N,TXN_V2.1,2026-06-29,2026-06-29 19:54:02.665208
3890,2026-06,2,2,77.0,15978.48,8706.28,-7272.199999999999,320.58129870129875,DOWN,43.14,UTILITIES,42.85636363636364,221.39,319.5696,540.9595999999999,N,TXN_V2.1,2026-06-29,2026-06-29 19:54:02.665208
3891,2026-06,2,2,87.0,11789.86,14342.89,2553.029999999999,300.3764367816092,UP,30.84,RETAIL,33.3348275862069,189.59,235.7972,425.3872,N,TXN_V2.1,2026-06-29,2026-06-29 19:54:02.665208
3892,2026-06,3,3,159.0,21019.86,23080.85,2060.989999999998,277.36295597484275,UP,54.62,UTILITIES,32.07056603773585,430.01000000000005,420.3972,850.4072000000001,N,TXN_V2.1,2026-06-29,2026-06-29 19:54:02.665208
3893,2026-06,1,1,46.0,9819.24,11896.27,2077.0300000000007,472.0763043478261,STABLE,25.7,RETAIL,47.83,124.44,196.3848,320.8248,N,TXN_V2.1,2026-06-29,2026-06-29 19:54:02.665208
3894,2026-06,2,2,85.0,10537.59,39447.149999999994,28909.559999999994,588.0557647058822,UP,27.56,GAS_STATION,35.294117647058826,118.89,210.7518,329.6418,N,TXN_V2.1,2026-06-29,2026-06-29 19:54:02.665208
3895,2026-06,4,4,180.0,11193.39,30229.62,19036.23,230.1278333333333,UP,29.18,RESTAURANT,40.00344444444444,99.44,223.8678,323.3078,N,TXN_V2.1,2026-06-29,2026-06-29 19:54:02.665208
3896,2026-06,1,0,20.0,10347.69,957.62,-9390.07,565.2655000000001,DOWN,27.06,TRAVEL,45.0,33.58,206.9538,240.53379999999999,N,TXN_V2.1,2026-06-29,2026-06-29 19:54:02.665208
3897,2026-06,2,2,84.0,12984.720000000001,11119.67,-1865.050000000001,286.9570238095238,DOWN,34.2,HEALTHCARE,39.290952380952376,86.11,259.69440000000003,345.80440000000004,N,TXN_V2.1,2026-06-29,2026-06-29 19:54:02.665208
3898,2026-06,1,1,31.0,1792.29,2466.4,674.1100000000001,137.37709677419357,STABLE,5.22,RETAIL,41.93999999999999,0.0,35.8458,35.8458,N,TXN_V2.1,2026-06-29,2026-06-29 19:54:02.665208
3899,2026-06,1,1,19.0,853.94,1508.02,654.0799999999999,124.31368421052632,UP,0.96,EDUCATION,36.84,30.05,17.0788,47.1288,N,TXN_V2.1,2026-06-29,2026-06-29 19:54:02.665208
3900,2026-06,2,2,54.0,2840.38,7884.08,5043.7,198.6011111111111,UP,10.2,RETAIL,27.78296296296296,179.74,56.8076,236.54760000000002,N,TXN_V2.1,2026-06-29,2026-06-29 19:54:02.665208
3901,2026-06,4,3,146.0,36826.84,15142.54,-21684.299999999996,355.95465753424656,DOWN,82.56,TRAVEL,36.30383561643835,200.16,736.5368,936.6967999999999,N,TXN_V2.1,2026-06-29,2026-06-29 19:54:02.665208
3902,2026-06,2,2,75.0,26639.93,3371.5,-23268.43,400.1524,DOWN,66.7,RETAIL,34.66466666666667,146.3,532.7986,679.0986,N,TXN_V2.1,2026-06-29,2026-06-29 19:54:02.665208
3903,2026-06,1,1,38.0,10261.0,1907.75,-8353.25,320.23026315789474,DOWN,26.84,GAS_STATION,42.1,53.15,205.22,258.37,N,TXN_V2.1,2026-06-29,2026-06-29 19:54:02.665208
3904,2026-06,4,4,176.0,27387.559999999998,18882.05,-8505.509999999998,262.8955113636364,DOWN,68.1,RESTAURANT,36.93210227272728,319.86,547.7511999999999,867.6111999999999,N,TXN_V2.1,2026-06-29,2026-06-29 19:54:02.665208
3905,2026-06,3,3,124.0,15933.630000000001,20243.82,4310.189999999999,291.75362903225806,UP,43.02,TRAVEL,41.127096774193554,155.68,318.67260000000005,474.35260000000005,N,TXN_V2.1,2026-06-29,2026-06-29 19:54:02.665208
3906,2026-06,4,4,161.0,17948.13,6252.6900000000005,-11695.44,150.31565217391304,DOWN,47.7,HEALTHCARE,43.478944099378886,214.81,358.9626,573.7726,N,TXN_V2.1,2026-06-29,2026-06-29 19:54:02.665208
3907,2026-06,3,2,111.0,57988.91,12231.550000000001,-45757.36,632.6167567567568,DOWN,97.0,RETAIL,44.142612612612616,314.3,1159.7782000000002,1474.0782000000002,N,TXN_V2.1,2026-06-29,2026-06-29 19:54:02.665208
3908,2026-06,3,3,112.0,17033.49,20045.6,3012.109999999997,331.06330357142855,UP,45.36,UTILITIES,34.824910714285714,418.87,340.66980000000007,759.5398,N,TXN_V2.1,2026-06-29,2026-06-29 19:54:02.665208
3909,2026-06,1,1,56.0,4407.02,1749.83,-2657.1900000000005,109.94375000000001,DOWN,15.2,GAS_STATION,33.93,129.42,88.14040000000001,217.56040000000002,N,TXN_V2.1,2026-06-29,2026-06-29 19:54:02.665208
3910,2026-06,4,4,189.0,17322.059999999998,10011.68,-7310.379999999997,144.62296296296296,DOWN,46.16,TRAVEL,35.97767195767196,698.14,346.4412,1044.5812,N,TXN_V2.1,2026-06-29,2026-06-29 19:54:02.665208
3911,2026-06,1,1,36.0,13537.88,1423.17,-12114.71,415.5847222222222,DOWN,35.88,HEALTHCARE,22.22,139.03,270.75759999999997,409.7876,N,TXN_V2.1,2026-06-29,2026-06-29 19:54:02.665208
3912,2026-06,3,3,143.0,7841.33,26465.76,18624.43,239.90972027972026,UP,21.6,TRAVEL,31.467902097902094,322.5,156.8266,479.3266,N,TXN_V2.1,2026-06-29,2026-06-29 19:54:02.665208
3913,2026-06,1,1,17.0,540.29,1025.92,485.6300000000001,92.13,UP,0.28,GROCERY,58.82000000000001,72.71,10.8058,83.5158,N,TXN_V2.1,2026-06-29,2026-06-29 19:54:02.665208
3914,2026-06,4,4,177.0,37815.57,8659.18,-29156.39,262.569209039548,DOWN,84.08,UTILITIES,35.594237288135595,255.81,756.3114,1012.1214,N,TXN_V2.1,2026-06-29,2026-06-29 19:54:02.665208
3915,2026-06,4,4,209.0,66145.25,41840.54,-24304.71,516.6784210526316,DOWN,98.84,HEALTHCARE,36.84344497607656,362.88,1322.905,1685.7849999999999,N,TXN_V2.1,2026-06-29,2026-06-29 19:54:02.665208
3916,2026-06,2,2,69.0,2403.45,15134.12,12730.670000000002,254.16768115942028,UP,8.38,UTILITIES,46.377681159420284,136.29,48.068999999999996,184.35899999999998,N,TXN_V2.1,2026-06-29,2026-06-29 19:54:02.665208
3917,2026-06,3,2,85.0,16870.89,31960.83,15089.940000000002,574.4908235294117,UP,45.02,UTILITIES,40.00482352941176,228.77,337.4178,566.1878,N,TXN_V2.1,2026-06-29,2026-06-29 19:54:02.665208
3918,2026-06,1,1,53.0,4196.61,7292.9,3096.29,216.78320754716978,UP,14.76,GROCERY,33.96000000000001,61.42,83.9322,145.35219999999998,N,TXN_V2.1,2026-06-29,2026-06-29 19:54:02.665208
3919,2026-06,4,4,147.0,34359.61,26858.11,-7501.5,416.447074829932,DOWN,79.34,UTILITIES,33.331156462585035,313.31,687.1922000000001,1000.5022000000001,N,TXN_V2.1,2026-06-29,2026-06-29 19:54:02.665208
3920,2026-06,1,1,35.0,9714.87,1373.91,-8340.960000000001,316.8222857142857,DOWN,25.48,RETAIL,17.14,146.95,194.2974,341.24739999999997,N,TXN_V2.1,2026-06-29,2026-06-29 19:54:02.665208
3921,2026-06,4,4,146.0,14210.74,13216.49,-994.25,187.8577397260274,DOWN,37.92,TRAVEL,38.35321917808219,255.92,284.2148,540.1348,N,TXN_V2.1,2026-06-29,2026-06-29 19:54:02.665208
3922,2026-06,1,1,20.0,1369.05,5953.76,4584.71,366.14050000000003,UP,2.98,RETAIL,35.0,18.42,27.381,45.801,N,TXN_V2.1,2026-06-29,2026-06-29 19:54:02.665208
3923,2026-06,3,3,148.0,36477.65,5516.3099999999995,-30961.340000000004,283.74297297297295,DOWN,82.0,INSURANCE,36.48567567567567,350.07,729.553,1079.623,N,TXN_V2.1,2026-06-29,2026-06-29 19:54:02.665208
3924,2026-06,1,1,20.0,1006.36,1314.95,308.59000000000003,116.0655,STABLE,1.54,RETAIL,15.0,63.47,20.127200000000002,83.5972,N,TXN_V2.1,2026-06-29,2026-06-29 19:54:02.665208
3925,2026-06,2,2,81.0,23094.36,1955.8799999999999,-21138.48,309.26222222222225,DOWN,59.42,GROCERY,37.03740740740741,94.69999999999999,461.8872,556.5871999999999,N,TXN_V2.1,2026-06-29,2026-06-29 19:54:02.665208
3926,2026-06,2,2,149.0,33537.79,20742.86,-12794.93,364.2996644295302,DOWN,78.18,UTILITIES,40.938053691275165,181.9,670.7558,852.6558,N,TXN_V2.1,2026-06-29,2026-06-29 19:54:02.665208
3927,2026-06,4,3,210.0,22006.59,36439.85,14433.259999999998,278.31638095238094,UP,56.84,RESTAURANT,42.3782380952381,564.87,440.1318,1005.0018,N,TXN_V2.1,2026-06-29,2026-06-29 19:54:02.665208
3928,2026-06,2,2,88.0,25633.43,6436.52,-19196.91,364.43125000000003,DOWN,64.62,RESTAURANT,30.68170454545454,154.55,512.6686,667.2185999999999,N,TXN_V2.1,2026-06-29,2026-06-29 19:54:02.665208
3929,2026-06,3,3,186.0,39320.06,31053.769999999997,-8266.29,378.3539247311827,DOWN,85.64,TRAVEL,39.24860215053763,327.02,786.4012,1113.4212,N,TXN_V2.1,2026-06-29,2026-06-29 19:54:02.665208
3930,2026-06,1,1,37.0,12390.23,987.46,-11402.77,361.55918918918917,DOWN,32.42,GAS_STATION,37.83,141.75,247.8046,389.5546,N,TXN_V2.1,2026-06-29,2026-06-29 19:54:02.665208
3931,2026-06,4,4,140.0,36211.78999999999,44599.670000000006,8387.880000000012,577.2247142857142,UP,81.7,TRAVEL,34.28671428571429,569.86,724.2357999999999,1294.0958,N,TXN_V2.1,2026-06-29,2026-06-29 19:54:02.665208
3932,2026-06,2,2,73.0,25852.89,18515.510000000002,-7337.379999999997,607.786301369863,DOWN,65.12,GROCERY,42.46630136986301,113.46,517.0578,630.5178000000001,N,TXN_V2.1,2026-06-29,2026-06-29 19:54:02.665208
3933,2026-06,3,3,157.0,7214.63,10460.74,3246.1099999999997,112.58197452229298,UP,20.66,RETAIL,44.58968152866242,503.69000000000005,144.2926,647.9826,N,TXN_V2.1,2026-06-29,2026-06-29 19:54:02.665208
3934,2026-06,4,4,154.0,9111.460000000001,15512.64,6401.1799999999985,159.89675324675324,UP,24.06,RETAIL,31.16792207792208,405.68999999999994,182.22920000000002,587.9191999999999,N,TXN_V2.1,2026-06-29,2026-06-29 19:54:02.665208
3935,2026-06,2,2,115.0,36049.03,30302.32,-5746.709999999999,576.9682608695653,DOWN,81.44,INSURANCE,33.04217391304347,348.84000000000003,720.9806,1069.8206,N,TXN_V2.1,2026-06-29,2026-06-29 19:54:02.665208
3936,2026-06,2,2,105.0,9815.76,23592.86,13777.1,318.17733333333337,UP,25.68,TRAVEL,28.57,306.82000000000005,196.3152,503.13520000000005,N,TXN_V2.1,2026-06-29,2026-06-29 19:54:02.665208
3937,2026-06,1,1,43.0,3151.94,1206.26,-1945.68,101.35348837209303,DOWN,11.54,RESTAURANT,32.56,109.47,63.0388,172.5088,N,TXN_V2.1,2026-06-29,2026-06-29 19:54:02.665208
3938,2026-06,4,4,170.0,35677.93,32903.06,-2774.8700000000026,403.4175882352941,DOWN,80.88,UTILITIES,38.822941176470586,396.1,713.5586000000001,1109.6586000000002,N,TXN_V2.1,2026-06-29,2026-06-29 19:54:02.665208
3939,2026-06,2,2,99.0,5929.9800000000005,29787.27,23857.29,360.780303030303,UP,18.38,GROCERY,35.35151515151516,209.06,118.59960000000001,327.6596,N,TXN_V2.1,2026-06-29,2026-06-29 19:54:02.665208
3940,2026-06,1,1,34.0,2256.15,900.41,-1355.7400000000002,92.84,DOWN,7.72,RETAIL,38.239999999999995,127.06,45.123000000000005,172.183,N,TXN_V2.1,2026-06-29,2026-06-29 19:54:02.665208
3941,2026-06,2,2,125.0,17177.17,24353.27,7176.100000000002,332.24352000000005,UP,45.9,RETAIL,43.9996,249.42000000000002,343.54339999999996,592.9634,N,TXN_V2.1,2026-06-29,2026-06-29 19:54:02.665208
3942,2026-06,1,1,18.0,1337.75,10486.64,9148.89,656.9105555555556,UP,2.92,RESTAURANT,22.22,15.98,26.755,42.735,N,TXN_V2.1,2026-06-29,2026-06-29 19:54:02.665208
3943,2026-06,4,4,191.0,18458.44,30430.81,11972.370000000003,255.96465968586386,UP,48.9,TRAVEL,43.453507853403146,559.97,369.1688,929.1388,N,TXN_V2.1,2026-06-29,2026-06-29 19:54:02.665208
3944,2026-06,3,3,131.0,26500.62,12177.349999999999,-14323.27,295.251679389313,DOWN,66.32,RESTAURANT,33.586183206106874,396.25,530.0124,926.2624,N,TXN_V2.1,2026-06-29,2026-06-29 19:54:02.665208
3945,2026-06,1,1,53.0,24701.86,1761.39,-22940.47,499.3066037735849,DOWN,62.94,ENTERTAINMENT,33.96000000000001,112.68,494.03720000000004,606.7172,N,TXN_V2.1,2026-06-29,2026-06-29 19:54:02.665208
3946,2026-06,4,4,137.0,26649.2,5869.55,-20779.65,237.36313868613138,DOWN,66.76,RESTAURANT,32.846131386861316,255.03,532.984,788.014,N,TXN_V2.1,2026-06-29,2026-06-29 19:54:02.665208
3947,2026-06,1,1,30.0,2245.2,9013.44,6768.240000000001,375.28799999999995,UP,7.66,GROCERY,53.33,73.82,44.903999999999996,118.72399999999999,N,TXN_V2.1,2026-06-29,2026-06-29 19:54:02.665208
3948,2026-06,4,4,177.0,39930.479999999996,27670.03,-12260.449999999997,381.92378531073444,DOWN,86.3,TRAVEL,38.98350282485875,398.51,798.6095999999999,1197.1196,N,TXN_V2.1,2026-06-29,2026-06-29 19:54:02.665208
3949,2026-06,2,2,80.0,10775.42,22879.809999999998,12104.389999999998,420.69037499999996,UP,28.18,RESTAURANT,35.008,117.06,215.5084,332.5684,N,TXN_V2.1,2026-06-29,2026-06-29 19:54:02.665208
3950,2026-06,3,3,115.0,7599.74,26664.739999999998,19065.0,297.95199999999994,UP,21.12,RESTAURANT,43.48095652173913,306.98,151.9948,458.9748,N,TXN_V2.1,2026-06-29,2026-06-29 19:54:02.665208
3951,2026-06,4,4,180.0,30636.65,7698.49,-22938.160000000003,212.97299999999998,DOWN,73.68,WIRE_TRANSFER_INTL,42.778666666666666,541.25,612.7330000000001,1153.9830000000002,N,TXN_V2.1,2026-06-29,2026-06-29 19:54:02.665208
3952,2026-06,1,1,65.0,4002.39,14285.48,10283.09,281.3518461538461,UP,14.06,RESTAURANT,46.15,50.53,80.0478,130.5778,N,TXN_V2.1,2026-06-29,2026-06-29 19:54:02.665208
3953,2026-06,1,1,59.0,2480.71,15073.01,12592.3,297.5206779661017,UP,8.82,UTILITIES,35.59,172.53,49.614200000000004,222.1442,N,TXN_V2.1,2026-06-29,2026-06-29 19:54:02.665208
3954,2026-06,4,3,207.0,48409.67,42278.32,-6131.3499999999985,438.10623188405793,DOWN,93.12,TRAVEL,38.16347826086957,391.84000000000003,968.1934,1360.0334,N,TXN_V2.1,2026-06-29,2026-06-29 19:54:02.665208
3955,2026-06,3,3,149.0,47082.36,12373.53,-34708.83,399.0328187919463,DOWN,92.1,RESTAURANT,36.91476510067114,387.28,941.6472,1328.9272,N,TXN_V2.1,2026-06-29,2026-06-29 19:54:02.665208
3956,2026-06,2,2,94.0,21115.36,24651.280000000002,3535.920000000002,486.8791489361702,UP,54.82,RETAIL,38.29904255319149,195.23000000000002,422.3072,617.5372,N,TXN_V2.1,2026-06-29,2026-06-29 19:54:02.665208
3957,2026-06,2,2,96.0,4794.13,22259.83,17465.7,281.81208333333336,UP,16.08,HEALTHCARE,44.789166666666674,184.21999999999997,95.88260000000001,280.1026,N,TXN_V2.1,2026-06-29,2026-06-29 19:54:02.665208
3958,2026-06,4,3,239.0,61519.14,38401.07,-23118.07,418.07619246861924,DOWN,97.98,UTILITIES,41.00569037656904,500.61,1230.3828,1730.9928,N,TXN_V2.1,2026-06-29,2026-06-29 19:54:02.665208
3959,2026-06,3,3,111.0,15181.000000000002,4349.77,-10831.230000000001,175.95288288288293,DOWN,40.84,RETAIL,30.62864864864865,375.8,303.62000000000006,679.4200000000001,N,TXN_V2.1,2026-06-29,2026-06-29 19:54:02.665208
3960,2026-06,4,4,232.0,60772.68,32947.87,-27824.809999999998,403.9678879310345,DOWN,97.72,UTILITIES,36.63741379310345,516.3299999999999,1215.4536,1731.7836,N,TXN_V2.1,2026-06-29,2026-06-29 19:54:02.665208
3961,2026-06,4,4,152.0,39499.23,27432.1,-12067.130000000005,440.33769736842106,DOWN,85.94,TRAVEL,32.896776315789474,264.84999999999997,789.9846000000001,1054.8346000000001,N,TXN_V2.1,2026-06-29,2026-06-29 19:54:02.665208
3962,2026-06,4,4,151.0,43877.08,39294.2,-4582.880000000005,550.803178807947,DOWN,89.7,UTILITIES,43.706887417218546,330.93,877.5416,1208.4716,N,TXN_V2.1,2026-06-29,2026-06-29 19:54:02.665208
3963,2026-06,3,3,167.0,34532.41,20634.38,-13898.030000000002,330.34005988023955,DOWN,79.52,RETAIL,43.114011976047905,405.65999999999997,690.6482000000001,1096.3082,N,TXN_V2.1,2026-06-29,2026-06-29 19:54:02.665208
3964,2026-06,2,2,68.0,23609.43,3342.69,-20266.74,396.3547058823529,DOWN,60.7,RESTAURANT,38.24,127.56,472.1886,599.7486,N,TXN_V2.1,2026-06-29,2026-06-29 19:54:02.665208
3965,2026-06,2,2,109.0,23939.82,34851.33,10911.510000000002,539.3683486238532,UP,61.3,UTILITIES,33.94311926605505,128.59,478.7964,607.3864,N,TXN_V2.1,2026-06-29,2026-06-29 19:54:02.665208
3966,2026-06,3,3,86.0,5914.110000000001,12826.93,6912.82,217.91906976744187,UP,18.28,UTILITIES,38.376046511627905,217.38,118.28220000000002,335.6622,N,TXN_V2.1,2026-06-29,2026-06-29 19:54:02.665208
3967,2026-06,2,2,93.0,6839.9,14770.920000000002,7931.020000000002,232.37440860215054,UP,19.94,RESTAURANT,33.33612903225806,243.81,136.798,380.608,N,TXN_V2.1,2026-06-29,2026-06-29 19:54:02.665208
3968,2026-06,3,1,109.0,14172.710000000001,6462.25,-7710.460000000001,189.3115596330275,DOWN,37.82,RESTAURANT,41.28752293577981,120.88,283.4542,404.3342,N,TXN_V2.1,2026-06-29,2026-06-29 19:54:02.665208
3969,2026-06,3,3,169.0,9157.35,35932.64,26775.29,266.804674556213,UP,24.12,UTILITIES,32.54443786982248,220.44,183.14700000000002,403.587,N,TXN_V2.1,2026-06-29,2026-06-29 19:54:02.665208
3970,2026-06,2,2,117.0,25414.45,21185.34,-4229.110000000001,398.2888034188034,DOWN,64.14,INSURANCE,47.00615384615385,271.31,508.28900000000004,779.599,N,TXN_V2.1,2026-06-29,2026-06-29 19:54:02.665208
3971,2026-06,4,4,205.0,30052.27,25005.59,-5046.68,268.5749268292683,DOWN,72.68,TRAVEL,35.12009756097561,530.0899999999999,601.0454,1131.1354,N,TXN_V2.1,2026-06-29,2026-06-29 19:54:02.665208
3972,2026-06,1,1,36.0,11538.95,13490.08,1951.1299999999992,695.2508333333333,STABLE,30.16,RESTAURANT,52.779999999999994,47.93,230.77900000000002,278.709,N,TXN_V2.1,2026-06-29,2026-06-29 19:54:02.665208
3973,2026-06,3,3,98.0,26516.85,13711.630000000001,-12805.219999999998,410.49469387755096,DOWN,66.38,TRAVEL,42.85857142857142,176.04000000000002,530.337,706.377,N,TXN_V2.1,2026-06-29,2026-06-29 19:54:02.665208
3974,2026-06,4,4,160.0,32443.760000000002,38961.32,6517.559999999998,446.28175,UP,76.6,UTILITIES,43.12537499999999,642.0600000000001,648.8752000000001,1290.9352000000001,N,TXN_V2.1,2026-06-29,2026-06-29 19:54:02.665208
3975,2026-06,3,2,93.0,15128.12,22361.29,7233.17,403.111935483871,UP,40.78,TRAVEL,43.010215053763446,332.12,302.5624,634.6824,N,TXN_V2.1,2026-06-29,2026-06-29 19:54:02.665208
3976,2026-06,2,2,114.0,22576.93,47254.59,24677.659999999996,612.5571929824561,UP,58.18,TRAVEL,31.579473684210523,136.01,451.53860000000003,587.5486000000001,N,TXN_V2.1,2026-06-29,2026-06-29 19:54:02.665208
3977,2026-06,4,4,173.0,62313.82,22276.019999999997,-40037.8,488.958612716763,DOWN,98.14,TRAVEL,39.30387283236994,288.47,1246.2764,1534.7464,N,TXN_V2.1,2026-06-29,2026-06-29 19:54:02.665208
3978,2026-06,4,3,152.0,14777.2,19082.83,4305.630000000001,222.76335526315788,UP,39.82,UTILITIES,38.81421052631579,372.03999999999996,295.54400000000004,667.5840000000001,N,TXN_V2.1,2026-06-29,2026-06-29 19:54:02.665208
3979,2026-06,3,3,139.0,14042.04,45474.28,31432.239999999998,428.17496402877697,UP,37.42,RESTAURANT,30.93748201438849,335.56,280.8408,616.4008,N,TXN_V2.1,2026-06-29,2026-06-29 19:54:02.665208
3980,2026-06,2,2,98.0,17436.04,18215.07,779.0299999999988,363.7868367346939,STABLE,46.54,GROCERY,33.68081632653061,141.84,348.7208,490.5608,N,TXN_V2.1,2026-06-29,2026-06-29 19:54:02.665208
3981,2026-06,4,4,173.0,21737.63,33376.509999999995,11638.879999999994,318.57884393063586,UP,56.26,HEALTHCARE,34.68329479768786,432.57,434.75260000000003,867.3226,N,TXN_V2.1,2026-06-29,2026-06-29 19:54:02.665208
3982,2026-06,1,1,20.0,857.74,1237.74,380.0,104.774,STABLE,0.98,ENTERTAINMENT,40.0,28.07,17.1548,45.2248,N,TXN_V2.1,2026-06-29,2026-06-29 19:54:02.665208
3983,2026-06,4,4,211.0,48615.37,27017.46,-21597.910000000003,358.44943127962085,DOWN,93.28,TRAVEL,39.338483412322276,549.83,972.3074,1522.1374,N,TXN_V2.1,2026-06-29,2026-06-29 19:54:02.665208
3984,2026-06,3,3,73.0,14132.560000000001,3440.2799999999997,-10692.280000000002,240.72383561643835,DOWN,37.76,TRAVEL,45.20534246575343,94.91999999999999,282.6512,377.5712,N,TXN_V2.1,2026-06-29,2026-06-29 19:54:02.665208
3985,2026-06,1,1,51.0,2698.03,2957.72,259.6899999999996,110.8970588235294,STABLE,9.68,GROCERY,29.42,145.37,53.96060000000001,199.3306,N,TXN_V2.1,2026-06-29,2026-06-29 19:54:02.665208
3986,2026-06,1,1,52.0,3162.86,3231.71,68.84999999999991,122.9725,STABLE,11.6,GROCERY,34.61,157.69,63.257200000000005,220.9472,N,TXN_V2.1,2026-06-29,2026-06-29 19:54:02.665208
3987,2026-06,2,2,123.0,5639.68,28920.07,23280.39,280.9735772357724,UP,17.76,GROCERY,33.33243902439025,270.89,112.79360000000001,383.6836,N,TXN_V2.1,2026-06-29,2026-06-29 19:54:02.665208
3988,2026-06,2,2,86.0,16005.330000000002,28462.63,12457.3,517.0693023255815,UP,43.28,RESTAURANT,36.05,207.10000000000002,320.1066,527.2066,N,TXN_V2.1,2026-06-29,2026-06-29 19:54:02.665208
3989,2026-06,3,3,145.0,8689.32,22557.77,13868.45,215.4971724137931,UP,23.04,RETAIL,37.92744827586207,388.38,173.7864,562.1664,N,TXN_V2.1,2026-06-29,2026-06-29 19:54:02.665208
3990,2026-06,4,3,200.0,45847.42,8923.689999999999,-36923.729999999996,273.85555,DOWN,91.22,UTILITIES,38.5033,328.15,916.9484,1245.0983999999999,N,TXN_V2.1,2026-06-29,2026-06-29 19:54:02.665208
3991,2026-06,3,3,144.0,27740.91,24443.36,-3297.5499999999993,362.3907638888889,DOWN,68.88,GROCERY,32.63861111111111,216.96,554.8182,771.7782000000001,N,TXN_V2.1,2026-06-29,2026-06-29 19:54:02.665208
3992,2026-06,1,1,38.0,1563.95,2271.32,707.3700000000001,100.92815789473686,UP,3.98,GROCERY,36.84,114.93,31.279,146.209,N,TXN_V2.1,2026-06-29,2026-06-29 19:54:02.665208
3993,2026-06,1,1,48.0,5500.11,767.5,-4732.61,130.57520833333334,DOWN,17.4,RESTAURANT,45.83,24.23,110.0022,134.2322,N,TXN_V2.1,2026-06-29,2026-06-29 19:54:02.665208
3994,2026-06,3,3,100.0,23109.23,26333.920000000002,3224.6900000000023,494.4315,UP,59.48,RESTAURANT,30.996599999999997,391.13,462.1846,853.3145999999999,N,TXN_V2.1,2026-06-29,2026-06-29 19:54:02.665208
3995,2026-06,3,3,127.0,9994.34,30784.36,20790.02,321.09212598425194,UP,26.06,RESTAURANT,39.373700787401575,261.32,199.8868,461.2068,N,TXN_V2.1,2026-06-29,2026-06-29 19:54:02.665208
3996,2026-06,4,4,152.0,29574.53,8370.27,-21204.26,249.63684210526318,DOWN,71.94,UTILITIES,33.55322368421053,242.62,591.4906,834.1106,N,TXN_V2.1,2026-06-29,2026-06-29 19:54:02.665208
3997,2026-06,3,3,145.0,14090.91,25463.940000000002,11373.030000000002,272.7920689655173,UP,37.54,RESTAURANT,37.9323448275862,246.07999999999998,281.8182,527.8982,N,TXN_V2.1,2026-06-29,2026-06-29 19:54:02.665208
3998,2026-06,2,2,74.0,3951.6099999999997,13731.61,9780.0,238.96243243243245,UP,13.88,RESTAURANT,41.89513513513513,222.65,79.03219999999999,301.68219999999997,N,TXN_V2.1,2026-06-29,2026-06-29 19:54:02.665208
3999,2026-06,4,4,162.0,16262.47,8080.93,-8181.539999999999,150.26790123456792,DOWN,43.88,WIRE_TRANSFER_INTL,40.12425925925926,429.83000000000004,325.2494,755.0794000000001,N,TXN_V2.1,2026-06-29,2026-06-29 19:54:02.665208
4000,2026-06,4,4,149.0,20208.0,13516.42,-6691.58,226.33838926174496,DOWN,52.6,UTILITIES,37.58281879194631,450.4,404.16,854.56,N,TXN_V2.1,2026-06-29,2026-06-29 19:54:02.665208
4001,2026-06,2,2,85.0,12713.41,41814.07,29100.66,641.4997647058823,UP,33.44,RETAIL,35.29294117647059,209.38,254.2682,463.6482,N,TXN_V2.1,2026-06-29,2026-06-29 19:54:02.665208
4002,2026-06,4,4,165.0,37052.84,25461.39,-11591.449999999997,378.87412121212117,DOWN,83.08,INSURANCE,36.364363636363635,320.03999999999996,741.0568,1061.0967999999998,N,TXN_V2.1,2026-06-29,2026-06-29 19:54:02.665208
4003,2026-06,4,4,159.0,27429.32,22153.58,-5275.739999999998,311.8421383647799,DOWN,68.18,HEALTHCARE,36.48062893081761,454.97,548.5864,1003.5564,N,TXN_V2.1,2026-06-29,2026-06-29 19:54:02.665208
4004,2026-06,2,2,77.0,4443.6,3683.23,-760.3700000000003,105.54324675324675,DOWN,15.26,RESTAURANT,35.06909090909091,171.64,88.87200000000001,260.512,N,TXN_V2.1,2026-06-29,2026-06-29 19:54:02.665208
4005,2026-06,4,4,196.0,17005.74,97366.77,80361.03,583.5332142857143,UP,45.3,RETAIL,40.30923469387754,478.14,340.11480000000006,818.2548,N,TXN_V2.1,2026-06-29,2026-06-29 19:54:02.665208
4006,2026-06,3,2,104.0,20439.96,13851.849999999999,-6588.110000000001,329.7289423076923,DOWN,53.06,TRAVEL,38.46278846153846,220.01,408.7992,628.8091999999999,N,TXN_V2.1,2026-06-29,2026-06-29 19:54:02.665208
4007,2026-06,4,4,155.0,29224.129999999997,8292.5,-20931.629999999997,242.04277419354838,DOWN,71.4,WIRE_TRANSFER_INTL,43.87129032258065,342.33,584.4825999999999,926.8126,N,TXN_V2.1,2026-06-29,2026-06-29 19:54:02.665208
4008,2026-06,4,4,163.0,39927.47,6653.2699999999995,-33274.200000000004,285.77141104294475,DOWN,86.28,TRAVEL,39.26588957055215,448.84000000000003,798.5494,1247.3894,N,TXN_V2.1,2026-06-29,2026-06-29 19:54:02.665208
4009,2026-06,2,2,82.0,27656.08,2845.21,-24810.870000000003,371.9669512195122,DOWN,68.66,TRAVEL,43.90634146341463,108.07,553.1216000000001,661.1916000000001,N,TXN_V2.1,2026-06-29,2026-06-29 19:54:02.665208
4010,2026-06,2,2,77.0,22155.95,2855.92,-19300.03,324.82948051948057,DOWN,57.26,TRAVEL,38.959220779220786,226.76999999999998,443.119,669.889,N,TXN_V2.1,2026-06-29,2026-06-29 19:54:02.665208
4011,2026-06,2,2,76.0,3778.9100000000003,6117.15,2338.2399999999993,130.21131578947367,UP,13.38,UTILITIES,46.057894736842115,326.95,75.57820000000001,402.52819999999997,N,TXN_V2.1,2026-06-29,2026-06-29 19:54:02.665208
4012,2026-06,2,2,111.0,8866.12,10947.869999999999,2081.749999999998,178.50441441441438,UP,23.42,TRAVEL,47.74648648648649,134.08,177.32240000000002,311.40240000000006,N,TXN_V2.1,2026-06-29,2026-06-29 19:54:02.665208
4013,2026-06,4,4,183.0,63078.23,22807.65,-40270.58,469.3217486338798,DOWN,98.32,WIRE_TRANSFER_INTL,38.25420765027322,369.88,1261.5646000000002,1631.4446000000003,N,TXN_V2.1,2026-06-29,2026-06-29 19:54:02.665208
4014,2026-06,3,3,123.0,18735.5,33034.229999999996,14298.729999999996,420.8921138211382,UP,49.38,RESTAURANT,38.209756097560984,452.77,374.71,827.48,N,TXN_V2.1,2026-06-29,2026-06-29 19:54:02.665208
4015,2026-06,4,4,171.0,44871.3,24752.510000000002,-20118.79,407.15678362573095,DOWN,90.58,GAS_STATION,35.67280701754386,526.25,897.426,1423.676,N,TXN_V2.1,2026-06-29,2026-06-29 19:54:02.665208
4016,2026-06,4,4,142.0,31201.42,29216.22,-1985.199999999997,425.476338028169,STABLE,74.56,RETAIL,49.29429577464789,460.01,624.0284,1084.0384,N,TXN_V2.1,2026-06-29,2026-06-29 19:54:02.665208
4017,2026-06,2,2,75.0,30875.699999999997,10292.59,-20583.109999999997,548.9105333333332,DOWN,74.02,UTILITIES,38.668,185.23000000000002,617.514,802.744,N,TXN_V2.1,2026-06-29,2026-06-29 19:54:02.665208
4018,2026-06,3,3,186.0,38256.71,25204.9,-13051.809999999998,341.1914516129032,DOWN,84.6,UTILITIES,43.546129032258065,410.03,765.1342,1175.1642,N,TXN_V2.1,2026-06-29,2026-06-29 19:54:02.665208
4019,2026-06,4,4,195.0,34089.99,22420.6,-11669.39,289.7978974358974,DOWN,79.02,UTILITIES,37.94892307692307,446.38,681.7998,1128.1798,N,TXN_V2.1,2026-06-29,2026-06-29 19:54:02.665208
4020,2026-06,4,3,160.0,26900.83,31622.170000000002,4721.34,365.76875,UP,67.2,TRAVEL,34.998875,336.49,538.0166,874.5066,N,TXN_V2.1,2026-06-29,2026-06-29 19:54:02.665208
4021,2026-06,3,3,140.0,36986.990000000005,36090.73,-896.260000000002,521.9837142857143,STABLE,82.96,RETAIL,37.145,385.54,739.7398000000002,1125.2798000000003,N,TXN_V2.1,2026-06-29,2026-06-29 19:54:02.665208
4022,2026-06,4,4,190.0,17533.61,48951.16,31417.550000000003,349.91984210526317,UP,46.84,RETAIL,37.368947368421054,288.26,350.67220000000003,638.9322,N,TXN_V2.1,2026-06-29,2026-06-29 19:54:02.665208
4023,2026-06,1,1,24.0,828.13,1697.13,869.0000000000001,105.21916666666668,UP,0.92,RETAIL,37.5,133.17,16.5626,149.7326,N,TXN_V2.1,2026-06-29,2026-06-29 19:54:02.665208
4024,2026-06,1,1,29.0,3092.38,865.19,-2227.19,136.46793103448277,DOWN,11.22,TRAVEL,24.130000000000003,39.82,61.84760000000001,101.66760000000001,N,TXN_V2.1,2026-06-29,2026-06-29 19:54:02.665208
4025,2026-06,4,3,138.0,19285.83,19202.129999999997,-83.70000000000437,278.8982608695652,STABLE,50.8,RETAIL,33.33391304347826,242.35999999999999,385.7166,628.0766,N,TXN_V2.1,2026-06-29,2026-06-29 19:54:02.665208
4026,2026-06,1,1,53.0,8673.81,10595.16,1921.3500000000004,363.56547169811324,UP,22.98,GROCERY,39.62,215.56,173.4762,389.0362,N,TXN_V2.1,2026-06-29,2026-06-29 19:54:02.665208
4027,2026-06,2,2,89.0,17670.35,4304.33,-13366.019999999999,246.9065168539326,DOWN,47.06,HEALTHCARE,37.08112359550561,220.31,353.407,573.717,N,TXN_V2.1,2026-06-29,2026-06-29 19:54:02.665208
4028,2026-06,4,3,157.0,36548.78,21054.67,-15494.11,366.90095541401274,DOWN,82.08,UTILITIES,37.577006369426755,292.24,730.9756,1023.2156,N,TXN_V2.1,2026-06-29,2026-06-29 19:54:02.665208
4029,2026-06,3,3,164.0,47527.83,22480.34,-25047.49,426.87908536585365,DOWN,92.5,TRAVEL,37.19731707317073,472.18,950.5566,1422.7366,N,TXN_V2.1,2026-06-29,2026-06-29 19:54:02.665208
4030,2026-06,3,3,130.0,36632.98,32679.57,-3953.4100000000035,533.1734615384615,DOWN,82.26,TRAVEL,45.383923076923075,251.23,732.6596000000001,983.8896000000001,N,TXN_V2.1,2026-06-29,2026-06-29 19:54:02.665208
4031,2026-06,2,2,89.0,40517.81,21860.85,-18656.96,700.8838202247191,DOWN,86.92,TRAVEL,29.21269662921348,372.5,810.3562,1182.8562,N,TXN_V2.1,2026-06-29,2026-06-29 19:54:02.665208
4032,2026-06,4,4,143.0,32086.09,16781.91,-15304.18,341.73426573426576,DOWN,75.92,GROCERY,36.36328671328672,391.13,641.7218,1032.8518,N,TXN_V2.1,2026-06-29,2026-06-29 19:54:02.665208
4033,2026-06,2,2,68.0,11226.54,9690.68,-1535.8600000000006,307.60617647058825,STABLE,29.32,TRAVEL,41.175,127.75,224.53080000000003,352.2808,N,TXN_V2.1,2026-06-29,2026-06-29 19:54:02.665208
4034,2026-06,4,4,215.0,30943.65,16735.25,-14208.400000000001,221.76232558139534,DOWN,74.18,UTILITIES,41.85911627906977,583.61,618.873,1202.4830000000002,N,TXN_V2.1,2026-06-29,2026-06-29 19:54:02.665208
4035,2026-06,2,2,55.0,21764.46,3291.1400000000003,-18473.32,455.5563636363636,DOWN,56.36,RETAIL,43.632727272727266,65.92,435.2892,501.2092,N,TXN_V2.1,2026-06-29,2026-06-29 19:54:02.665208
4036,2026-06,1,1,31.0,1825.32,7656.75,5831.43,305.8732258064516,UP,5.44,GAS_STATION,45.15999999999999,22.82,36.5064,59.3264,N,TXN_V2.1,2026-06-29,2026-06-29 19:54:02.665208
4037,2026-06,3,3,97.0,71013.97,4475.5599999999995,-66538.41,778.2425773195877,DOWN,99.32,UTILITIES,40.208969072164955,207.64000000000001,1420.2794000000001,1627.9194000000002,N,TXN_V2.1,2026-06-29,2026-06-29 19:54:02.665208
4038,2026-06,4,4,193.0,30808.23,50346.24,19538.01,420.489481865285,UP,73.86,RETAIL,36.26927461139896,329.46,616.1646,945.6245999999999,N,TXN_V2.1,2026-06-29,2026-06-29 19:54:02.665208
4039,2026-06,2,2,87.0,17433.57,8893.07,-8540.5,302.6050574712644,DOWN,46.52,RESTAURANT,35.633678160919544,280.08,348.6714,628.7514,N,TXN_V2.1,2026-06-29,2026-06-29 19:54:02.665208
4040,2026-06,3,3,73.0,13485.349999999999,13211.05,-274.2999999999993,365.7041095890411,STABLE,35.74,RETAIL,39.72616438356164,289.51,269.707,559.217,N,TXN_V2.1,2026-06-29,2026-06-29 19:54:02.665208
4041,2026-06,3,3,132.0,30013.72,24706.77,-5306.950000000001,414.5491666666667,DOWN,72.64,GROCERY,31.81757575757576,195.89999999999998,600.2744,796.1744,N,TXN_V2.1,2026-06-29,2026-06-29 19:54:02.665208
4042,2026-06,4,4,180.0,18579.54,49960.19,31380.65,380.77627777777786,UP,49.16,UTILITIES,33.88611111111111,527.77,371.5908,899.3607999999999,N,TXN_V2.1,2026-06-29,2026-06-29 19:54:02.665208
4043,2026-06,1,1,69.0,4499.34,16438.6,11939.259999999998,303.44840579710143,UP,15.4,RESTAURANT,47.83,96.66,89.9868,186.64679999999998,N,TXN_V2.1,2026-06-29,2026-06-29 19:54:02.665208
4044,2026-06,2,2,93.0,20785.58,6576.32,-14209.260000000002,294.2139784946237,DOWN,53.94,RESTAURANT,41.93430107526883,143.16,415.71160000000003,558.8716000000001,N,TXN_V2.1,2026-06-29,2026-06-29 19:54:02.665208
4045,2026-06,3,3,171.0,31150.71,11156.11,-19994.6,247.40830409356724,DOWN,74.48,HEALTHCARE,39.76567251461989,414.38,623.0142,1037.3942,N,TXN_V2.1,2026-06-29,2026-06-29 19:54:02.665208
4046,2026-06,1,1,22.0,9210.44,1180.51,-8029.93,472.31590909090914,DOWN,24.18,GAS_STATION,36.36,53.97,184.20880000000002,238.17880000000002,N,TXN_V2.1,2026-06-29,2026-06-29 19:54:02.665208
4047,2026-06,2,2,87.0,4394.09,5158.639999999999,764.5499999999993,109.80149425287355,UP,15.18,RETAIL,32.178275862068965,169.07,87.8818,256.9518,N,TXN_V2.1,2026-06-29,2026-06-29 19:54:02.665208
4048,2026-06,3,3,142.0,32216.36,50360.44,18144.08,581.5267605633803,UP,76.16,GROCERY,41.5456338028169,161.54000000000002,644.3272000000001,805.8672000000001,N,TXN_V2.1,2026-06-29,2026-06-29 19:54:02.665208
4049,2026-06,1,1,55.0,8674.32,10208.21,1533.8899999999994,343.31872727272724,STABLE,23.0,CRYPTO_EXCHANGE,38.18,84.8,173.4864,258.2864,N,TXN_V2.1,2026-06-29,2026-06-29 19:54:02.665208
4050,2026-06,4,4,185.0,42009.97,23397.25,-18612.72,353.5525405405405,DOWN,88.06,GROCERY,35.674054054054054,252.12,840.1994000000001,1092.3194,N,TXN_V2.1,2026-06-29,2026-06-29 19:54:02.665208
4051,2026-06,4,3,194.0,46761.479999999996,13496.33,-33265.149999999994,310.6072680412371,DOWN,91.88,UTILITIES,32.98829896907217,366.52,935.2295999999999,1301.7495999999999,N,TXN_V2.1,2026-06-29,2026-06-29 19:54:02.665208
4052,2026-06,4,4,159.0,15887.0,15205.79,-681.2099999999991,195.5521383647799,STABLE,42.88,RESTAURANT,46.54333333333334,400.89,317.74,718.63,N,TXN_V2.1,2026-06-29,2026-06-29 19:54:02.665208
4053,2026-06,4,4,217.0,37956.11,49048.59,11092.479999999996,400.9433179723502,UP,84.26,RESTAURANT,36.865437788018426,547.9200000000001,759.1222,1307.0422,N,TXN_V2.1,2026-06-29,2026-06-29 19:54:02.665208
4054,2026-06,4,4,178.0,20243.4,18713.21,-1530.1900000000023,218.8573595505618,DOWN,52.74,TRAVEL,38.76033707865168,337.94,404.86800000000005,742.808,N,TXN_V2.1,2026-06-29,2026-06-29 19:54:02.665208
4055,2026-06,3,2,94.0,13403.189999999999,22892.489999999998,9489.3,386.12425531914886,UP,35.42,RETAIL,32.97851063829788,217.14999999999998,268.06379999999996,485.21379999999994,N,TXN_V2.1,2026-06-29,2026-06-29 19:54:02.665208
4056,2026-06,2,2,68.0,13634.1,3945.0499999999997,-9689.050000000001,258.5169117647059,DOWN,36.16,RETAIL,42.6439705882353,123.82,272.682,396.502,N,TXN_V2.1,2026-06-29,2026-06-29 19:54:02.665208
4057,2026-06,4,4,152.0,38023.04,23750.039999999997,-14273.000000000004,406.40184210526314,DOWN,84.38,TRAVEL,41.44822368421053,229.53,760.4608000000001,989.9908,N,TXN_V2.1,2026-06-29,2026-06-29 19:54:02.665208
4058,2026-06,2,2,76.0,14682.25,4175.16,-10507.09,248.1238157894737,DOWN,39.48,RETAIL,39.47052631578947,83.45,293.645,377.09499999999997,N,TXN_V2.1,2026-06-29,2026-06-29 19:54:02.665208
4059,2026-06,3,3,113.0,18273.940000000002,11805.96,-6467.980000000003,266.1938053097345,DOWN,48.4,UTILITIES,33.630796460176995,265.03000000000003,365.47880000000004,630.5088000000001,N,TXN_V2.1,2026-06-29,2026-06-29 19:54:02.665208
4060,2026-06,2,2,114.0,27444.18,43252.24,15808.059999999998,620.1440350877193,UP,68.24,RESTAURANT,42.983684210526306,309.52,548.8836,858.4036,N,TXN_V2.1,2026-06-29,2026-06-29 19:54:02.665208
4061,2026-06,2,1,42.0,2719.94,1545.43,-1174.51,101.55642857142857,DOWN,9.84,UTILITIES,30.950476190476184,109.16999999999999,54.3988,163.56879999999998,N,TXN_V2.1,2026-06-29,2026-06-29 19:54:02.665208
4062,2026-06,4,4,172.0,28002.94,8768.91,-19234.03,213.78982558139535,DOWN,69.3,TRAVEL,36.633546511627905,130.63,560.0588,690.6888,N,TXN_V2.1,2026-06-29,2026-06-29 19:54:02.665208
4063,2026-06,2,2,81.0,12520.14,15310.050000000001,2789.9100000000017,343.5825925925926,UP,32.82,RESTAURANT,28.396666666666665,251.97,250.40279999999998,502.3728,N,TXN_V2.1,2026-06-29,2026-06-29 19:54:02.665208
4064,2026-06,2,2,115.0,17248.5,3110.42,-14138.08,177.03408695652172,DOWN,46.06,HEALTHCARE,34.779478260869574,155.4,344.97,500.37,N,TXN_V2.1,2026-06-29,2026-06-29 19:54:02.665208
4065,2026-06,3,2,126.0,7993.11,5790.56,-2202.5499999999993,109.39420634920636,DOWN,21.86,RETAIL,40.47666666666667,506.33,159.8622,666.1922,N,TXN_V2.1,2026-06-29,2026-06-29 19:54:02.665208
4066,2026-06,2,2,119.0,21078.809999999998,5371.13,-15707.679999999997,222.26840336134453,DOWN,54.78,UTILITIES,39.497142857142855,390.53,421.5762,812.1062,N,TXN_V2.1,2026-06-29,2026-06-29 19:54:02.665208
4067,2026-06,4,4,192.0,31510.78,28706.16,-2804.619999999999,313.62989583333336,DOWN,74.98,TRAVEL,36.980260416666674,499.37,630.2156,1129.5855999999999,N,TXN_V2.1,2026-06-29,2026-06-29 19:54:02.665208
4068,2026-06,4,4,147.0,8355.31,26079.08,17723.770000000004,234.24755102040817,UP,22.46,RETAIL,36.050612244897955,422.59000000000003,167.1062,589.6962000000001,N,TXN_V2.1,2026-06-29,2026-06-29 19:54:02.665208
4069,2026-06,1,1,58.0,16499.08,1456.91,-15042.170000000002,309.58603448275863,DOWN,44.46,RETAIL,39.66,195.29,329.9816,525.2716,N,TXN_V2.1,2026-06-29,2026-06-29 19:54:02.665208
4070,2026-06,3,2,87.0,17973.96,12232.220000000001,-5741.739999999998,347.19747126436783,DOWN,47.72,UTILITIES,34.489425287356326,277.8,359.4792,637.2792,N,TXN_V2.1,2026-06-29,2026-06-29 19:54:02.665208
4071,2026-06,2,2,96.0,25469.5,11082.21,-14387.29,380.7469791666667,DOWN,64.22,HEALTHCARE,39.5796875,0.0,509.39,509.39,N,TXN_V2.1,2026-06-29,2026-06-29 19:54:02.665208
4072,2026-06,1,1,68.0,23322.29,10719.46,-12602.830000000002,500.6139705882353,DOWN,60.06,RESTAURANT,41.17999999999999,198.0,466.4458,664.4458,N,TXN_V2.1,2026-06-29,2026-06-29 19:54:02.665208
4073,2026-06,2,2,80.0,15286.720000000001,22637.23,7350.509999999998,474.04937499999994,UP,41.16,INSURANCE,43.75299999999999,213.42000000000002,305.73440000000005,519.1544000000001,N,TXN_V2.1,2026-06-29,2026-06-29 19:54:02.665208
4074,2026-06,3,3,156.0,15583.34,30761.25,15177.91,297.0807051282051,UP,41.92,GROCERY,37.17621794871795,410.1,311.6668,721.7668000000001,N,TXN_V2.1,2026-06-29,2026-06-29 19:54:02.665208
4075,2026-06,3,2,62.0,23784.23,17133.36,-6650.869999999999,659.961129032258,DOWN,60.98,RESTAURANT,40.3241935483871,104.24,475.6846,579.9245999999999,N,TXN_V2.1,2026-06-29,2026-06-29 19:54:02.665208
4076,2026-06,1,1,27.0,1787.16,1611.16,-176.0,125.8637037037037,STABLE,5.2,RETAIL,25.919999999999998,42.84,35.7432,78.5832,N,TXN_V2.1,2026-06-29,2026-06-29 19:54:02.665208
4077,2026-06,1,1,73.0,2356.15,20623.35,18267.199999999997,314.78767123287673,UP,8.16,HEALTHCARE,54.79999999999999,268.22,47.123000000000005,315.343,N,TXN_V2.1,2026-06-29,2026-06-29 19:54:02.665208
4078,2026-06,2,2,119.0,18941.38,21189.46,2248.079999999998,337.2339495798319,UP,50.0,GAS_STATION,42.017647058823535,308.77,378.8276,687.5976,N,TXN_V2.1,2026-06-29,2026-06-29 19:54:02.665208
4079,2026-06,2,2,110.0,28822.449999999997,12427.539999999999,-16394.909999999996,374.99990909090906,DOWN,70.84,RETAIL,39.99945454545454,138.8,576.449,715.249,N,TXN_V2.1,2026-06-29,2026-06-29 19:54:02.665208
4080,2026-06,4,4,191.0,22840.870000000003,21208.059999999998,-1632.810000000005,230.62267015706806,DOWN,58.94,UTILITIES,36.64774869109947,666.81,456.8174000000001,1123.6274,N,TXN_V2.1,2026-06-29,2026-06-29 19:54:02.665208
4081,2026-06,4,3,210.0,29719.48,31958.219999999998,2238.739999999998,293.7033333333333,UP,72.12,UTILITIES,39.521190476190476,435.37,594.3896,1029.7595999999999,N,TXN_V2.1,2026-06-29,2026-06-29 19:54:02.665208
4082,2026-06,2,1,47.0,11793.16,10634.66,-1158.5,477.18765957446806,STABLE,30.86,RETAIL,38.306382978723406,81.37,235.8632,317.2332,N,TXN_V2.1,2026-06-29,2026-06-29 19:54:02.665208
4083,2026-06,3,3,104.0,14590.79,27650.530000000002,13059.740000000002,406.16653846153855,UP,39.18,HEALTHCARE,36.53711538461538,223.51,291.8158,515.3258000000001,N,TXN_V2.1,2026-06-29,2026-06-29 19:54:02.665208
4084,2026-06,3,3,122.0,36805.439999999995,4901.5,-31903.939999999995,341.86016393442617,DOWN,82.52,UTILITIES,45.085983606557384,149.58,736.1087999999999,885.6887999999999,N,TXN_V2.1,2026-06-29,2026-06-29 19:54:02.665208
4085,2026-06,1,1,28.0,8808.18,1180.0,-7628.18,356.7207142857143,DOWN,23.3,CRYPTO_EXCHANGE,28.58,91.46,176.1636,267.6236,N,TXN_V2.1,2026-06-29,2026-06-29 19:54:02.665208
4086,2026-06,2,2,80.0,22056.27,4187.719999999999,-17868.550000000003,328.049875,DOWN,56.96,RESTAURANT,27.497875,53.61,441.1254,494.7354,N,TXN_V2.1,2026-06-29,2026-06-29 19:54:02.665208
4087,2026-06,2,2,110.0,24128.23,6203.44,-17924.79,275.7424545454545,DOWN,61.72,ENTERTAINMENT,39.091272727272724,276.81,482.5646,759.3746,N,TXN_V2.1,2026-06-29,2026-06-29 19:54:02.665208
4088,2026-06,1,1,64.0,5152.32,1968.41,-3183.91,111.26140625,DOWN,16.72,RETAIL,28.130000000000006,203.7,103.04639999999999,306.7464,N,TXN_V2.1,2026-06-29,2026-06-29 19:54:02.665208
4089,2026-06,4,4,179.0,28358.519999999997,8619.39,-19739.129999999997,206.58050279329606,DOWN,70.04,TRAVEL,40.7858659217877,553.72,567.1704,1120.8904,N,TXN_V2.1,2026-06-29,2026-06-29 19:54:02.665208
4090,2026-06,3,3,145.0,32756.04,56725.77,23969.729999999996,617.1159310344827,UP,76.94,RESTAURANT,40.692689655172416,364.59000000000003,655.1208,1019.7108000000001,N,TXN_V2.1,2026-06-29,2026-06-29 19:54:02.665208
4091,2026-06,3,3,135.0,22366.0,37685.74,15319.739999999998,444.82770370370366,UP,57.76,UTILITIES,47.40748148148148,90.55,447.32,537.87,N,TXN_V2.1,2026-06-29,2026-06-29 19:54:02.665208
4092,2026-06,2,2,91.0,17840.670000000002,22288.36,4447.689999999999,440.97835164835163,UP,47.36,GROCERY,47.24999999999999,307.75,356.81340000000006,664.5634,N,TXN_V2.1,2026-06-29,2026-06-29 19:54:02.665208
4093,2026-06,3,3,163.0,40247.54,18524.5,-21723.04,360.5646625766871,DOWN,86.64,RETAIL,34.35736196319018,395.67,804.9508000000001,1200.6208000000001,N,TXN_V2.1,2026-06-29,2026-06-29 19:54:02.665208
4094,2026-06,1,1,69.0,3968.45,11990.43,8021.9800000000005,231.288115942029,UP,13.94,GROCERY,43.480000000000004,220.61,79.369,299.97900000000004,N,TXN_V2.1,2026-06-29,2026-06-29 19:54:02.665208
4095,2026-06,3,3,160.0,40429.44,13534.17,-26895.270000000004,337.2725625,DOWN,86.8,TRAVEL,35.625499999999995,336.29,808.5888000000001,1144.8788000000002,N,TXN_V2.1,2026-06-29,2026-06-29 19:54:02.665208
4096,2026-06,3,3,173.0,43570.840000000004,33887.78,-9683.060000000005,447.73768786127164,DOWN,89.36,RESTAURANT,41.038670520231214,578.48,871.4168000000001,1449.8968,N,TXN_V2.1,2026-06-29,2026-06-29 19:54:02.665208
4097,2026-06,2,2,84.0,3768.79,37407.98,33639.19,490.1996428571429,UP,13.3,UTILITIES,28.57142857142857,112.84,75.3758,188.2158,N,TXN_V2.1,2026-06-29,2026-06-29 19:54:02.665208
4098,2026-06,3,3,143.0,31928.48,4989.8,-26938.68,258.1697902097902,DOWN,75.64,RETAIL,29.36692307692308,405.56000000000006,638.5696,1044.1296000000002,N,TXN_V2.1,2026-06-29,2026-06-29 19:54:02.665208
4099,2026-06,1,1,30.0,13471.96,457.89,-13014.07,464.32833333333326,DOWN,35.64,GROCERY,50.0,65.07,269.43919999999997,334.50919999999996,N,TXN_V2.1,2026-06-29,2026-06-29 19:54:02.665208
4100,2026-06,4,4,176.0,40970.83,29567.86,-11402.970000000001,400.7880113636364,DOWN,87.22,TRAVEL,38.06761363636363,329.13,819.4166,1148.5466000000001,N,TXN_V2.1,2026-06-29,2026-06-29 19:54:02.665208
4101,2026-06,4,4,216.0,30427.760000000002,29979.55,-448.21000000000276,279.6634722222222,STABLE,73.28,RESTAURANT,32.87,525.2,608.5552,1133.7552,N,TXN_V2.1,2026-06-29,2026-06-29 19:54:02.665208
4102,2026-06,1,1,63.0,4357.91,11915.34,7557.43,258.30555555555554,UP,15.12,TRAVEL,28.579999999999995,124.54,87.1582,211.69819999999999,N,TXN_V2.1,2026-06-29,2026-06-29 19:54:02.665208
4103,2026-06,3,3,161.0,32388.08,34865.24,2477.159999999996,417.72248447204976,UP,76.56,UTILITIES,33.540186335403725,316.68,647.7616,964.4416000000001,N,TXN_V2.1,2026-06-29,2026-06-29 19:54:02.665208
4104,2026-06,4,4,202.0,37478.12,9644.9,-27833.22,233.2822772277228,DOWN,83.6,RESTAURANT,35.642227722772276,538.88,749.5624,1288.4424,N,TXN_V2.1,2026-06-29,2026-06-29 19:54:02.665208
4105,2026-06,2,2,137.0,42194.19,6612.2,-35581.990000000005,356.25102189781023,DOWN,88.28,TRAVEL,45.98401459854015,406.93,843.8838000000001,1250.8138000000001,N,TXN_V2.1,2026-06-29,2026-06-29 19:54:02.665208
4106,2026-06,2,2,85.0,3140.08,5930.4800000000005,2790.4000000000005,106.7124705882353,UP,11.46,GROCERY,37.65105882352941,217.22,62.8016,280.0216,N,TXN_V2.1,2026-06-29,2026-06-29 19:54:02.665208
4107,2026-06,1,1,22.0,656.78,12085.83,11429.05,579.2095454545455,UP,0.42,GROCERY,54.54,39.55,13.1356,52.685599999999994,N,TXN_V2.1,2026-06-29,2026-06-29 19:54:02.665208
4108,2026-06,3,3,186.0,39178.03,27055.87,-12122.16,356.09623655913975,DOWN,85.54,GROCERY,35.48322580645161,311.19,783.5606,1094.7506,N,TXN_V2.1,2026-06-29,2026-06-29 19:54:02.665208
4109,2026-06,1,1,36.0,1776.69,2224.45,447.75999999999976,111.14277777777778,STABLE,5.14,INSURANCE,44.449999999999996,25.16,35.5338,60.693799999999996,N,TXN_V2.1,2026-06-29,2026-06-29 19:54:02.665208
4110,2026-06,4,4,224.0,35526.67,15849.19,-19677.479999999996,229.35651785714285,DOWN,80.68,RETAIL,37.05285714285714,945.85,710.5334,1656.3834000000002,N,TXN_V2.1,2026-06-29,2026-06-29 19:54:02.665208
4111,2026-06,1,1,36.0,14112.82,918.85,-13193.97,417.5463888888889,DOWN,37.66,RESTAURANT,47.220000000000006,0.0,282.2564,282.2564,N,TXN_V2.1,2026-06-29,2026-06-29 19:54:02.665208
4112,2026-06,3,3,120.0,49393.13,22764.18,-26628.949999999997,601.3109166666667,DOWN,93.78,UTILITIES,41.666166666666676,379.26,987.8625999999999,1367.1226,N,TXN_V2.1,2026-06-29,2026-06-29 19:54:02.665208
4113,2026-06,3,2,94.0,27461.48,11364.56,-16096.92,413.04297872340425,DOWN,68.28,INSURANCE,35.102553191489356,239.48,549.2296,788.7096,N,TXN_V2.1,2026-06-29,2026-06-29 19:54:02.665208
4114,2026-06,2,2,101.0,49612.15,16898.43,-32713.72,658.520594059406,DOWN,93.96,RETAIL,37.62356435643564,431.56,992.243,1423.803,N,TXN_V2.1,2026-06-29,2026-06-29 19:54:02.665208
4115,2026-06,4,4,159.0,10037.61,16940.98,6903.369999999999,169.67666666666668,UP,26.16,UTILITIES,38.99477987421385,653.36,200.75220000000002,854.1122,N,TXN_V2.1,2026-06-29,2026-06-29 19:54:02.665208
4116,2026-06,4,4,160.0,16248.22,16005.859999999999,-242.36000000000058,201.588,STABLE,43.86,UTILITIES,38.75425,272.75,324.9644,597.7144000000001,N,TXN_V2.1,2026-06-29,2026-06-29 19:54:02.665208
4117,2026-06,4,3,189.0,23467.760000000002,22135.09,-1332.670000000002,241.28492063492067,DOWN,60.3,HEALTHCARE,37.03904761904763,513.62,469.3552,982.9752000000001,N,TXN_V2.1,2026-06-29,2026-06-29 19:54:02.665208
4118,2026-06,3,3,72.0,17390.39,15456.580000000002,-1933.8099999999977,456.2079166666667,STABLE,46.44,RETAIL,41.66763888888889,267.89,347.8078,615.6977999999999,N,TXN_V2.1,2026-06-29,2026-06-29 19:54:02.665208
4119,2026-06,3,3,111.0,24539.21,23911.5,-627.7099999999991,436.4928828828829,STABLE,62.62,RETAIL,34.23099099099098,471.71000000000004,490.7842,962.4942000000001,N,TXN_V2.1,2026-06-29,2026-06-29 19:54:02.665208
4120,2026-06,2,2,106.0,13183.5,6999.08,-6184.42,190.40169811320757,DOWN,34.9,TRAVEL,41.507547169811325,257.17,263.67,520.84,N,TXN_V2.1,2026-06-29,2026-06-29 19:54:02.665208
4121,2026-06,1,1,73.0,12180.43,1959.11,-10221.32,193.69232876712329,DOWN,31.86,GROCERY,34.25,174.74,243.60860000000002,418.34860000000003,N,TXN_V2.1,2026-06-29,2026-06-29 19:54:02.665208
4122,2026-06,2,2,44.0,20748.07,8618.34,-12129.73,667.4184090909091,DOWN,53.76,TRAVEL,34.090909090909086,0.0,414.9614,414.9614,N,TXN_V2.1,2026-06-29,2026-06-29 19:54:02.665208
4123,2026-06,4,4,203.0,32238.75,20161.29,-12077.46,258.12827586206896,DOWN,76.26,TRAVEL,38.42472906403941,349.03,644.775,993.805,N,TXN_V2.1,2026-06-29,2026-06-29 19:54:02.665208
4124,2026-06,2,2,54.0,2876.31,2743.0699999999997,-133.24000000000024,104.06259259259258,STABLE,10.46,RETAIL,44.44481481481481,151.92000000000002,57.5262,209.44620000000003,N,TXN_V2.1,2026-06-29,2026-06-29 19:54:02.665208
4125,2026-06,1,1,30.0,2194.69,8736.33,6541.639999999999,364.36733333333336,UP,7.44,UTILITIES,46.67000000000001,124.18,43.8938,168.0738,N,TXN_V2.1,2026-06-29,2026-06-29 19:54:02.665208
4126,2026-06,4,4,144.0,19213.37,16285.85,-2927.5199999999986,246.5223611111111,DOWN,50.66,WIRE_TRANSFER_INTL,40.97131944444444,292.67,384.2674,676.9374,N,TXN_V2.1,2026-06-29,2026-06-29 19:54:02.665208
4127,2026-06,2,2,111.0,26912.01,10248.96,-16663.05,334.7835135135135,DOWN,67.22,RESTAURANT,36.93927927927928,182.19,538.2402,720.4302,N,TXN_V2.1,2026-06-29,2026-06-29 19:54:02.665208
4128,2026-06,1,1,66.0,2986.55,13965.46,10978.91,256.84863636363633,UP,10.82,RESTAURANT,45.45000000000001,169.28,59.731,229.011,N,TXN_V2.1,2026-06-29,2026-06-29 19:54:02.665208
4129,2026-06,4,4,173.0,24212.68,43361.350000000006,19148.670000000006,390.60132947976876,UP,61.92,RETAIL,38.14728323699422,265.32000000000005,484.2536,749.5736,N,TXN_V2.1,2026-06-29,2026-06-29 19:54:02.665208
4130,2026-06,2,2,66.0,16300.66,2320.86,-13979.8,282.1442424242424,DOWN,43.96,GROCERY,46.96818181818182,185.91,326.0132,511.92319999999995,N,TXN_V2.1,2026-06-29,2026-06-29 19:54:02.665208
4131,2026-06,4,4,196.0,20113.1,17946.12,-2166.9799999999996,194.17969387755102,DOWN,52.44,RETAIL,44.8925,301.62,402.262,703.8820000000001,N,TXN_V2.1,2026-06-29,2026-06-29 19:54:02.665208
4132,2026-06,3,3,152.0,43521.17,26772.19,-16748.98,462.4563157894737,DOWN,89.34,RETAIL,32.89671052631579,451.28999999999996,870.4234,1321.7134,N,TXN_V2.1,2026-06-29,2026-06-29 19:54:02.665208
4133,2026-06,2,2,71.0,13371.57,30307.660000000003,16936.090000000004,615.2004225352113,UP,35.32,RESTAURANT,39.44140845070422,201.32,267.4314,468.7514,N,TXN_V2.1,2026-06-29,2026-06-29 19:54:02.665208
4134,2026-06,2,2,61.0,20890.4,12912.17,-7978.230000000001,554.1404918032787,DOWN,54.22,GAS_STATION,49.18147540983607,196.22000000000003,417.80800000000005,614.028,N,TXN_V2.1,2026-06-29,2026-06-29 19:54:02.665208
4135,2026-06,3,3,201.0,33579.03999999999,55544.17,21965.130000000005,443.3990547263681,UP,78.22,RETAIL,33.83014925373135,357.87,671.5807999999998,1029.4507999999998,N,TXN_V2.1,2026-06-29,2026-06-29 19:54:02.665208
4136,2026-06,4,3,132.0,38367.200000000004,21371.2,-16996.000000000004,452.5636363636364,DOWN,84.74,TRAVEL,42.424469696969695,216.65,767.344,983.994,N,TXN_V2.1,2026-06-29,2026-06-29 19:54:02.665208
4137,2026-06,2,2,53.0,3772.5,23214.66,19442.16,509.19169811320756,UP,13.34,RETAIL,41.51018867924529,37.54,75.45,112.99000000000001,N,TXN_V2.1,2026-06-29,2026-06-29 19:54:02.665208
4138,2026-06,4,4,181.0,28639.31,41858.83,13219.52,389.4924861878453,UP,70.48,RETAIL,35.35895027624309,464.78000000000003,572.7862,1037.5662,N,TXN_V2.1,2026-06-29,2026-06-29 19:54:02.665208
4139,2026-06,4,4,162.0,35680.89,14599.77,-21081.12,310.37444444444446,DOWN,80.9,RETAIL,39.5054938271605,333.73,713.6178,1047.3478,N,TXN_V2.1,2026-06-29,2026-06-29 19:54:02.665208
4140,2026-06,1,1,36.0,14649.24,2362.7,-12286.54,472.5538888888889,DOWN,39.36,GROCERY,41.66,60.31,292.9848,353.2948,N,TXN_V2.1,2026-06-29,2026-06-29 19:54:02.665208
4141,2026-06,2,2,115.0,13479.61,15446.75,1967.1399999999994,251.5335652173913,UP,35.7,UTILITIES,32.176521739130436,439.01,269.5922,708.6022,N,TXN_V2.1,2026-06-29,2026-06-29 19:54:02.665208
4142,2026-06,1,0,37.0,1713.69,8518.47,6804.779999999999,276.54486486486485,UP,4.78,GAS_STATION,43.24,104.21,34.2738,138.4838,N,TXN_V2.1,2026-06-29,2026-06-29 19:54:02.665208
4143,2026-06,4,4,175.0,10773.52,18597.0,7823.48,167.83154285714286,UP,28.14,RESTAURANT,42.28525714285715,226.47,215.4704,441.9404,N,TXN_V2.1,2026-06-29,2026-06-29 19:54:02.665208
4144,2026-06,1,1,65.0,20067.2,4341.28,-15725.920000000002,375.5150769230769,DOWN,52.32,HEALTHCARE,52.31,15.23,401.34400000000005,416.57400000000007,N,TXN_V2.1,2026-06-29,2026-06-29 19:54:02.665208
4145,2026-06,2,2,99.0,6499.21,4771.23,-1727.9800000000005,113.84282828282826,DOWN,19.5,TRAVEL,44.44373737373738,197.36,129.98420000000002,327.3442,N,TXN_V2.1,2026-06-29,2026-06-29 19:54:02.665208
4146,2026-06,2,2,116.0,7214.67,25202.39,17987.72,279.45741379310346,UP,20.68,GROCERY,31.036982758620685,397.96000000000004,144.2934,542.2534,N,TXN_V2.1,2026-06-29,2026-06-29 19:54:02.665208
4147,2026-06,4,4,203.0,44616.77,54522.36,9905.590000000004,488.3700985221675,UP,90.36,UTILITIES,38.42024630541872,605.19,892.3353999999999,1497.5254,N,TXN_V2.1,2026-06-29,2026-06-29 19:54:02.665208
4148,2026-06,2,2,99.0,30842.13,15362.22,-15479.910000000002,466.71060606060604,DOWN,73.96,UTILITIES,36.36848484848485,105.0,616.8426000000001,721.8426000000001,N,TXN_V2.1,2026-06-29,2026-06-29 19:54:02.665208
4149,2026-06,3,3,129.0,25565.61,14939.18,-10626.43,313.99062015503876,DOWN,64.48,UTILITIES,49.605581395348835,216.88,511.3122,728.1922,N,TXN_V2.1,2026-06-29,2026-06-29 19:54:02.665208
4150,2026-06,2,2,90.0,17824.64,21666.8,3842.16,438.7937777777778,UP,47.28,UTILITIES,32.223888888888894,266.8,356.4928,623.2927999999999,N,TXN_V2.1,2026-06-29,2026-06-29 19:54:02.665208
4151,2026-06,1,1,66.0,11154.94,3672.4,-7482.540000000001,224.65666666666667,DOWN,29.06,RETAIL,37.88000000000001,270.4,223.0988,493.49879999999996,N,TXN_V2.1,2026-06-29,2026-06-29 19:54:02.665208
4152,2026-06,3,2,112.0,54397.53,13543.79,-40853.74,606.6189285714287,DOWN,95.98,RESTAURANT,38.39178571428572,224.53,1087.9506,1312.4805999999999,N,TXN_V2.1,2026-06-29,2026-06-29 19:54:02.665208
4153,2026-06,4,4,199.0,17830.45,65738.62,47908.17,419.9450753768844,UP,47.32,RETAIL,33.66844221105528,470.56,356.60900000000004,827.1690000000001,N,TXN_V2.1,2026-06-29,2026-06-29 19:54:02.665208
4154,2026-06,3,3,176.0,33755.88,53797.77,20041.89,497.4639204545454,UP,78.52,RESTAURANT,36.93363636363636,295.78,675.1175999999999,970.8975999999999,N,TXN_V2.1,2026-06-29,2026-06-29 19:54:02.665208
4155,2026-06,4,4,189.0,26465.18,30820.78,4355.5999999999985,303.10031746031746,UP,66.16,HEALTHCARE,35.980952380952374,584.25,529.3036,1113.5536,N,TXN_V2.1,2026-06-29,2026-06-29 19:54:02.665208
4156,2026-06,2,2,112.0,22834.04,32676.46,9842.419999999998,495.6294642857143,UP,58.88,RETAIL,50.00196428571429,262.99,456.68080000000003,719.6708000000001,N,TXN_V2.1,2026-06-29,2026-06-29 19:54:02.665208
4157,2026-06,2,2,79.0,10567.34,14338.48,3771.1399999999994,315.26354430379746,UP,27.64,TRAVEL,36.71417721518987,146.2,211.3468,357.54679999999996,N,TXN_V2.1,2026-06-29,2026-06-29 19:54:02.665208
4158,2026-06,1,1,46.0,2040.1,2399.03,358.9300000000003,96.50282608695652,STABLE,6.58,GROCERY,28.259999999999998,196.26,40.802,237.06199999999998,N,TXN_V2.1,2026-06-29,2026-06-29 19:54:02.665208
4159,2026-06,4,4,168.0,20784.36,19013.1,-1771.260000000002,236.88964285714286,DOWN,53.92,UTILITIES,37.50142857142857,297.56,415.6872,713.2472,N,TXN_V2.1,2026-06-29,2026-06-29 19:54:02.665208
4160,2026-06,2,2,69.0,3785.99,13574.58,9788.59,251.60246376811594,UP,13.4,UTILITIES,36.229565217391304,178.78,75.71979999999999,254.4998,N,TXN_V2.1,2026-06-29,2026-06-29 19:54:02.665208
4161,2026-06,1,1,34.0,13049.56,1103.92,-11945.64,416.27882352941174,DOWN,34.48,RETAIL,41.17999999999999,45.49,260.9912,306.4812,N,TXN_V2.1,2026-06-29,2026-06-29 19:54:02.665208
4162,2026-06,2,2,82.0,14348.220000000001,2971.81,-11376.410000000002,211.21987804878052,DOWN,38.4,RESTAURANT,36.58780487804878,125.3,286.9644,412.2644,N,TXN_V2.1,2026-06-29,2026-06-29 19:54:02.665208
4163,2026-06,3,2,150.0,14691.470000000001,39909.93,25218.46,364.00933333333336,UP,39.58,UTILITIES,47.3316,286.27,293.8294,580.0994000000001,N,TXN_V2.1,2026-06-29,2026-06-29 19:54:02.665208
4164,2026-06,3,2,112.0,7460.4400000000005,29547.32,22086.879999999997,330.4264285714286,UP,20.92,RETAIL,31.25214285714285,49.8,149.20880000000002,199.0088,N,TXN_V2.1,2026-06-29,2026-06-29 19:54:02.665208
4165,2026-06,4,2,105.0,6837.88,10992.71,4154.829999999999,169.81514285714286,UP,19.92,RETAIL,41.906666666666666,244.89,136.7576,381.6476,N,TXN_V2.1,2026-06-29,2026-06-29 19:54:02.665208
4166,2026-06,3,3,178.0,32036.41,35608.71000000001,3572.3000000000065,380.0287640449439,UP,75.8,RESTAURANT,37.081348314606736,471.90999999999997,640.7282,1112.6381999999999,N,TXN_V2.1,2026-06-29,2026-06-29 19:54:02.665208
4167,2026-06,4,3,122.0,12953.48,5823.72,-7129.759999999999,153.91147540983607,DOWN,34.12,UTILITIES,39.34770491803278,221.73000000000002,259.0696,480.7996,N,TXN_V2.1,2026-06-29,2026-06-29 19:54:02.665208
4168,2026-06,1,1,33.0,1188.15,3249.89,2061.74,134.48606060606062,UP,2.32,GAS_STATION,45.45000000000001,28.13,23.763,51.893,N,TXN_V2.1,2026-06-29,2026-06-29 19:54:02.665208
4169,2026-06,1,1,60.0,21181.16,10257.63,-10923.53,523.9798333333333,DOWN,55.06,GROCERY,41.67,164.74,423.6232,588.3632,N,TXN_V2.1,2026-06-29,2026-06-29 19:54:02.665208
4170,2026-06,4,4,202.0,31473.96,35626.65,4152.690000000002,332.1812376237624,UP,74.92,TRAVEL,37.13,418.03,629.4792,1047.5092,N,TXN_V2.1,2026-06-29,2026-06-29 19:54:02.665208
4171,2026-06,4,4,151.0,44038.17,14888.24,-29149.93,390.2411258278145,DOWN,89.84,INSURANCE,40.39907284768211,430.86,880.7633999999999,1311.6234,N,TXN_V2.1,2026-06-29,2026-06-29 19:54:02.665208
4172,2026-06,1,1,48.0,2851.21,14542.04,11690.830000000002,362.359375,UP,10.3,GROCERY,35.42,138.39,57.0242,195.4142,N,TXN_V2.1,2026-06-29,2026-06-29 19:54:02.665208
4173,2026-06,4,4,184.0,33295.8,26703.89,-6591.9100000000035,326.08527173913046,DOWN,77.84,RETAIL,37.49766304347826,494.69,665.916,1160.606,N,TXN_V2.1,2026-06-29,2026-06-29 19:54:02.665208
4174,2026-06,1,1,16.0,959.89,10697.83,9737.94,728.6075,UP,1.36,RETAIL,37.5,22.93,19.1978,42.1278,N,TXN_V2.1,2026-06-29,2026-06-29 19:54:02.665208
4175,2026-06,3,3,91.0,39951.590000000004,5245.17,-34706.420000000006,496.66769230769233,DOWN,86.36,RETAIL,34.065604395604396,203.55,799.0318000000001,1002.5818000000002,N,TXN_V2.1,2026-06-29,2026-06-29 19:54:02.665208
4176,2026-06,1,1,50.0,35580.77,726.3,-34854.469999999994,726.1414,DOWN,80.74,GROCERY,38.0,104.78,711.6153999999999,816.3953999999999,N,TXN_V2.1,2026-06-29,2026-06-29 19:54:02.665208
4177,2026-06,2,2,61.0,17992.77,10717.09,-7275.68,470.6534426229508,DOWN,47.8,UTILITIES,40.987049180327865,111.31,359.85540000000003,471.16540000000003,N,TXN_V2.1,2026-06-29,2026-06-29 19:54:02.665208
4178,2026-06,1,1,56.0,21725.48,13562.75,-8162.73,630.1469642857143,DOWN,56.22,GROCERY,32.15,126.93,434.5096,561.4395999999999,N,TXN_V2.1,2026-06-29,2026-06-29 19:54:02.665208
4179,2026-06,1,1,63.0,22167.4,3433.22,-18734.18,406.35904761904766,DOWN,57.28,PAWN_SHOP,39.68,126.47,443.348,569.818,N,TXN_V2.1,2026-06-29,2026-06-29 19:54:02.665208
4180,2026-06,4,4,170.0,39978.13,37662.96,-2315.1699999999983,456.71229411764705,DOWN,86.38,GROCERY,38.234352941176475,317.91999999999996,799.5626,1117.4825999999998,N,TXN_V2.1,2026-06-29,2026-06-29 19:54:02.665208
4181,2026-06,4,4,195.0,51256.87,26889.190000000002,-24367.68,400.74902564102564,DOWN,94.76,TRAVEL,34.87282051282051,522.59,1025.1374,1547.7274000000002,N,TXN_V2.1,2026-06-29,2026-06-29 19:54:02.665208
4182,2026-06,1,1,39.0,22086.95,1174.04,-20912.91,596.4356410256411,DOWN,57.0,HEALTHCARE,43.59,93.69,441.73900000000003,535.4290000000001,N,TXN_V2.1,2026-06-29,2026-06-29 19:54:02.665208
4183,2026-06,4,4,160.0,43637.16,18607.27,-25029.890000000003,389.02768750000007,DOWN,89.4,TRAVEL,33.122125000000004,307.61,872.7432000000001,1180.3532,N,TXN_V2.1,2026-06-29,2026-06-29 19:54:02.665208
4184,2026-06,4,4,192.0,28827.489999999998,24461.480000000003,-4366.009999999995,277.54671875,DOWN,70.88,UTILITIES,39.061979166666674,417.82000000000005,576.5498,994.3698,N,TXN_V2.1,2026-06-29,2026-06-29 19:54:02.665208
4185,2026-06,3,3,146.0,14815.76,36956.66,22140.9,354.6056164383562,UP,39.96,UTILITIES,33.565479452054795,362.70000000000005,296.3152,659.0152,N,TXN_V2.1,2026-06-29,2026-06-29 19:54:02.665208
4186,2026-06,3,3,152.0,10485.38,17203.309999999998,6717.9299999999985,182.16243421052627,UP,27.34,GAS_STATION,42.108092105263154,342.83000000000004,209.70759999999999,552.5376,N,TXN_V2.1,2026-06-29,2026-06-29 19:54:02.665208
4187,2026-06,3,3,130.0,20480.29,5886.92,-14593.37,202.8246923076923,DOWN,53.16,RESTAURANT,40.767230769230764,186.42,409.60580000000004,596.0258,N,TXN_V2.1,2026-06-29,2026-06-29 19:54:02.665208
4188,2026-06,2,1,36.0,1331.28,21300.82,19969.54,628.6694444444444,UP,2.9,ENTERTAINMENT,41.66666666666667,82.36,26.6256,108.9856,N,TXN_V2.1,2026-06-29,2026-06-29 19:54:02.665208
4189,2026-06,2,2,70.0,14357.310000000001,17385.18,3027.869999999999,453.46414285714286,UP,38.42,HEALTHCARE,24.285,203.17000000000002,287.1462,490.31620000000004,N,TXN_V2.1,2026-06-29,2026-06-29 19:54:02.665208
4190,2026-06,2,2,116.0,17117.440000000002,3834.09,-13283.350000000002,180.61663793103452,DOWN,45.58,RETAIL,40.518534482758625,231.28,342.34880000000004,573.6288000000001,N,TXN_V2.1,2026-06-29,2026-06-29 19:54:02.665208
4191,2026-06,4,4,155.0,27026.96,8112.72,-18914.239999999998,226.70761290322582,DOWN,67.46,TRAVEL,41.28696774193548,238.4,540.5391999999999,778.9391999999999,N,TXN_V2.1,2026-06-29,2026-06-29 19:54:02.665208
4192,2026-06,3,3,123.0,28627.5,5189.610000000001,-23437.89,274.9358536585366,DOWN,70.44,TRAVEL,39.019918699186995,240.55,572.5500000000001,813.1000000000001,N,TXN_V2.1,2026-06-29,2026-06-29 19:54:02.665208
4193,2026-06,3,3,165.0,37122.409999999996,33287.729999999996,-3834.6800000000003,426.7281212121211,DOWN,83.2,UTILITIES,41.214060606060606,457.64,742.4481999999999,1200.0882,N,TXN_V2.1,2026-06-29,2026-06-29 19:54:02.665208
4194,2026-06,1,1,74.0,3711.54,4511.55,800.0100000000002,111.12283783783784,UP,13.06,GROCERY,41.89,109.38,74.2308,183.61079999999998,N,TXN_V2.1,2026-06-29,2026-06-29 19:54:02.665208
4195,2026-06,4,4,200.0,50290.18,25942.85,-24347.33,381.16515,DOWN,94.34,UTILITIES,44.50155,355.07,1005.8036000000001,1360.8736000000001,N,TXN_V2.1,2026-06-29,2026-06-29 19:54:02.665208
4196,2026-06,4,4,152.0,29903.09,23008.57,-6894.52,348.1030263157895,DOWN,72.46,HEALTHCARE,37.50394736842105,287.56,598.0618000000001,885.6218000000001,N,TXN_V2.1,2026-06-29,2026-06-29 19:54:02.665208
4197,2026-06,4,4,204.0,45671.950000000004,25836.0,-19835.950000000004,350.5291666666667,DOWN,91.06,UTILITIES,37.25558823529411,316.21,913.4390000000001,1229.6490000000001,N,TXN_V2.1,2026-06-29,2026-06-29 19:54:02.665208
4198,2026-06,4,3,114.0,15462.119999999999,18737.74,3275.6200000000026,299.99877192982456,UP,41.5,UTILITIES,34.21026315789474,231.99,309.2424,541.2324,N,TXN_V2.1,2026-06-29,2026-06-29 19:54:02.665208
4199,2026-06,1,1,64.0,3875.0,4222.94,347.9399999999996,126.5303125,STABLE,13.66,RESTAURANT,42.19,96.15,77.5,173.65,N,TXN_V2.1,2026-06-29,2026-06-29 19:54:02.665208
4200,2026-06,1,1,57.0,3239.77,15131.98,11892.21,322.31140350877195,UP,11.84,RETAIL,28.07,193.19,64.7954,257.9854,N,TXN_V2.1,2026-06-29,2026-06-29 19:54:02.665208
4201,2026-06,3,3,154.0,38331.020000000004,14878.09,-23452.930000000004,345.5137012987013,DOWN,84.66,RETAIL,41.56194805194805,236.57,766.6204000000001,1003.1904000000002,N,TXN_V2.1,2026-06-29,2026-06-29 19:54:02.665208
4202,2026-06,4,4,216.0,19896.71,50408.14,30511.43,325.4854166666667,UP,52.02,UTILITIES,36.109027777777776,277.48,397.9342,675.4141999999999,N,TXN_V2.1,2026-06-29,2026-06-29 19:54:02.665208
4203,2026-06,4,3,182.0,19403.16,53127.0,33723.84,398.5173626373627,UP,51.1,UTILITIES,37.9076923076923,322.65,388.0632,710.7131999999999,N,TXN_V2.1,2026-06-29,2026-06-29 19:54:02.665208
4204,2026-06,2,1,70.0,22112.11,29848.2,7736.09,742.2901428571428,UP,57.12,TRAVEL,35.71457142857143,160.64,442.2422,602.8822,N,TXN_V2.1,2026-06-29,2026-06-29 19:54:02.665208
4205,2026-06,3,3,128.0,8801.85,16375.24,7573.389999999999,196.696015625,UP,23.26,RESTAURANT,43.74890625,321.52,176.037,497.557,N,TXN_V2.1,2026-06-29,2026-06-29 19:54:02.665208
4206,2026-06,4,2,186.0,46374.69,18448.25,-27926.440000000002,348.5104301075269,DOWN,91.66,TRAVEL,37.097741935483874,465.74,927.4938000000001,1393.2338,N,TXN_V2.1,2026-06-29,2026-06-29 19:54:02.665208
4207,2026-06,1,0,17.0,14982.22,347.82,-14634.4,901.7670588235294,DOWN,40.34,RESTAURANT,23.529999999999998,0.0,299.6444,299.6444,N,TXN_V2.1,2026-06-29,2026-06-29 19:54:02.665208
4208,2026-06,4,4,175.0,23630.83,9140.6,-14490.230000000001,187.26531428571428,DOWN,60.74,TRAVEL,41.14405714285714,598.97,472.61660000000006,1071.5866,N,TXN_V2.1,2026-06-29,2026-06-29 19:54:02.665208
4209,2026-06,3,3,138.0,18224.239999999998,37117.7,18893.46,401.0285507246376,UP,48.36,TRAVEL,42.028550724637675,359.96000000000004,364.48479999999995,724.4448,N,TXN_V2.1,2026-06-29,2026-06-29 19:54:02.665208
4210,2026-06,3,3,142.0,19167.46,6167.860000000001,-12999.599999999999,178.41774647887323,DOWN,50.54,RETAIL,34.51084507042253,180.58,383.3492,563.9292,N,TXN_V2.1,2026-06-29,2026-06-29 19:54:02.665208
4211,2026-06,4,4,154.0,17247.42,14944.34,-2303.079999999998,209.03740259740258,DOWN,46.04,RETAIL,39.61025974025974,326.08,344.9484,671.0283999999999,N,TXN_V2.1,2026-06-29,2026-06-29 19:54:02.665208
4212,2026-06,1,1,19.0,1063.89,478.58,-585.3100000000002,81.18263157894737,DOWN,1.78,GROCERY,47.37,167.74,21.277800000000003,189.01780000000002,N,TXN_V2.1,2026-06-29,2026-06-29 19:54:02.665208
4213,2026-06,1,1,34.0,2853.97,1548.06,-1305.9099999999999,129.4714705882353,DOWN,10.34,RETAIL,38.239999999999995,64.58,57.0794,121.6594,N,TXN_V2.1,2026-06-29,2026-06-29 19:54:02.665208
4214,2026-06,4,4,242.0,49575.020000000004,44495.95,-5079.070000000007,388.7230165289256,DOWN,93.92,RETAIL,41.733429752066115,588.17,991.5004000000001,1579.6704,N,TXN_V2.1,2026-06-29,2026-06-29 19:54:02.665208
4215,2026-06,4,3,149.0,38076.54,6564.27,-31512.27,299.6027516778523,DOWN,84.44,RETAIL,46.978724832214766,508.28,761.5308,1269.8108,N,TXN_V2.1,2026-06-29,2026-06-29 19:54:02.665208
4216,2026-06,4,4,153.0,22511.74,36876.13,14364.389999999996,388.1560130718954,UP,58.06,RESTAURANT,47.712222222222216,382.64,450.23480000000006,832.8748,N,TXN_V2.1,2026-06-29,2026-06-29 19:54:02.665208
4217,2026-06,4,3,127.0,25111.48,19588.29,-5523.189999999999,351.9666929133859,DOWN,63.58,UTILITIES,42.52007874015747,302.53000000000003,502.2296,804.7596000000001,N,TXN_V2.1,2026-06-29,2026-06-29 19:54:02.665208
4218,2026-06,1,1,19.0,1141.34,932.05,-209.28999999999996,109.12578947368421,STABLE,2.08,INSURANCE,31.58,39.15,22.8268,61.9768,N,TXN_V2.1,2026-06-29,2026-06-29 19:54:02.665208
4219,2026-06,4,4,199.0,30534.49,27191.81,-3342.6800000000003,290.0819095477387,DOWN,73.44,RESTAURANT,35.6797487437186,399.46,610.6898,1010.1497999999999,N,TXN_V2.1,2026-06-29,2026-06-29 19:54:02.665208
4220,2026-06,3,3,102.0,37754.6,2832.26,-34922.34,397.91039215686277,DOWN,83.98,UTILITIES,33.33333333333333,332.53999999999996,755.092,1087.632,N,TXN_V2.1,2026-06-29,2026-06-29 19:54:02.665208
4221,2026-06,4,4,156.0,24170.71,25231.940000000002,1061.2300000000032,316.68365384615385,STABLE,61.82,UTILITIES,44.22826923076923,392.35,483.4142,875.7642000000001,N,TXN_V2.1,2026-06-29,2026-06-29 19:54:02.665208
4222,2026-06,4,4,152.0,34341.25,23308.27,-11032.98,379.27315789473687,DOWN,79.3,RESTAURANT,40.79078947368422,364.41999999999996,686.825,1051.245,N,TXN_V2.1,2026-06-29,2026-06-29 19:54:02.665208
4223,2026-06,4,4,162.0,59567.39,15690.16,-43877.229999999996,464.5527777777778,DOWN,97.5,RETAIL,35.80197530864198,309.01,1191.3478,1500.3578,N,TXN_V2.1,2026-06-29,2026-06-29 19:54:02.665208
4224,2026-06,1,0,15.0,667.78,9427.33,8759.55,673.0073333333333,UP,0.44,RESTAURANT,33.34,27.72,13.355599999999999,41.075599999999994,N,TXN_V2.1,2026-06-29,2026-06-29 19:54:02.665208
4225,2026-06,4,4,169.0,8523.04,44302.69,35779.65,312.57828402366863,UP,22.7,UTILITIES,30.767455621301774,427.14,170.46080000000003,597.6008,N,TXN_V2.1,2026-06-29,2026-06-29 19:54:02.665208
4226,2026-06,4,4,227.0,32789.759999999995,21710.75,-11079.009999999995,240.09035242290747,DOWN,77.0,GROCERY,33.91859030837005,582.04,655.7951999999999,1237.8352,N,TXN_V2.1,2026-06-29,2026-06-29 19:54:02.665208
4227,2026-06,1,1,73.0,3457.27,10619.92,7162.65,192.8382191780822,UP,12.38,TRAVEL,41.099999999999994,113.41,69.1454,182.5554,N,TXN_V2.1,2026-06-29,2026-06-29 19:54:02.665208
4228,2026-06,4,4,204.0,18496.77,21090.0,2593.2299999999996,194.05279411764707,UP,49.0,RESTAURANT,40.19764705882353,245.48000000000002,369.9354,615.4154000000001,N,TXN_V2.1,2026-06-29,2026-06-29 19:54:02.665208
4229,2026-06,1,1,40.0,1981.78,14443.19,12461.41,410.62425,UP,6.2,HEALTHCARE,45.0,0.0,39.635600000000004,39.635600000000004,N,TXN_V2.1,2026-06-29,2026-06-29 19:54:02.665208
4230,2026-06,4,4,138.0,28954.420000000002,8558.14,-20396.280000000002,271.8301449275362,DOWN,71.16,RETAIL,35.506086956521735,125.43,579.0884000000001,704.5184000000002,N,TXN_V2.1,2026-06-29,2026-06-29 19:54:02.665208
4231,2026-06,2,2,110.0,18759.91,12681.88,-6078.030000000001,285.83445454545455,DOWN,49.54,RETAIL,40.906545454545466,156.81,375.1982,532.0082,N,TXN_V2.1,2026-06-29,2026-06-29 19:54:02.665208
4232,2026-06,3,3,145.0,28435.79,24644.11,-3791.6800000000003,366.06827586206896,DOWN,70.1,WIRE_TRANSFER_INTL,40.693586206896555,207.66,568.7158000000001,776.3758,N,TXN_V2.1,2026-06-29,2026-06-29 19:54:02.665208
4233,2026-06,1,1,37.0,12330.65,1341.79,-10988.86,369.52540540540537,DOWN,32.24,EDUCATION,35.14000000000001,184.17,246.613,430.783,N,TXN_V2.1,2026-06-29,2026-06-29 19:54:02.665208
4234,2026-06,2,2,123.0,22245.83,21190.4,-1055.4300000000003,353.14008130081305,STABLE,57.44,GROCERY,38.213658536585356,248.88,444.9166,693.7966,N,TXN_V2.1,2026-06-29,2026-06-29 19:54:02.665208
4235,2026-06,3,3,134.0,37948.57,21505.989999999998,-16442.58,443.6907462686567,DOWN,84.24,TRAVEL,36.56492537313433,172.32999999999998,758.9714,931.3014000000001,N,TXN_V2.1,2026-06-29,2026-06-29 19:54:02.665208
4236,2026-06,1,1,42.0,16240.61,2669.64,-13570.970000000001,450.2440476190476,DOWN,43.8,RESTAURANT,38.09,107.75,324.8122,432.5622,N,TXN_V2.1,2026-06-29,2026-06-29 19:54:02.665208
4237,2026-06,4,4,162.0,20979.94,35431.98,14452.040000000005,348.22172839506175,UP,54.54,UTILITIES,35.18382716049383,387.37,419.5988,806.9688,N,TXN_V2.1,2026-06-29,2026-06-29 19:54:02.665208
4238,2026-06,4,3,135.0,39578.740000000005,13946.95,-25631.790000000005,396.4865925925926,DOWN,86.02,RESTAURANT,33.33333333333333,312.04,791.5748000000001,1103.6148,N,TXN_V2.1,2026-06-29,2026-06-29 19:54:02.665208
4239,2026-06,2,2,98.0,7089.65,17534.92,10445.269999999999,251.27112244897958,UP,20.44,UTILITIES,30.61061224489796,137.99,141.793,279.783,N,TXN_V2.1,2026-06-29,2026-06-29 19:54:02.665208
4240,2026-06,2,2,94.0,15321.17,12490.849999999999,-2830.3200000000015,295.8725531914893,DOWN,41.28,RESTAURANT,38.299574468085105,143.21,306.4234,449.63340000000005,N,TXN_V2.1,2026-06-29,2026-06-29 19:54:02.665208
4241,2026-06,3,3,169.0,49928.51,26071.620000000003,-23856.89,449.7049112426036,DOWN,94.26,TRAVEL,33.13917159763314,562.83,998.5702000000001,1561.4002,N,TXN_V2.1,2026-06-29,2026-06-29 19:54:02.665208
4242,2026-06,3,3,164.0,47577.33,22377.510000000002,-25199.82,426.55390243902434,DOWN,92.58,UTILITIES,34.14536585365853,408.04999999999995,951.5466,1359.5965999999999,N,TXN_V2.1,2026-06-29,2026-06-29 19:54:02.665208
4243,2026-06,2,2,107.0,14789.33,14586.67,-202.65999999999985,274.5420560747664,STABLE,39.84,RETAIL,42.99112149532711,271.16999999999996,295.7866,566.9566,N,TXN_V2.1,2026-06-29,2026-06-29 19:54:02.665208
4244,2026-06,3,3,98.0,14239.71,23818.989999999998,9579.279999999999,388.35408163265305,UP,38.0,TRAVEL,32.659489795918375,256.94,284.7942,541.7342,N,TXN_V2.1,2026-06-29,2026-06-29 19:54:02.665208
4245,2026-06,4,3,231.0,49271.03,52712.6,3441.5699999999997,441.48757575757577,UP,93.72,RETAIL,42.42835497835498,485.5,985.4206,1470.9206,N,TXN_V2.1,2026-06-29,2026-06-29 19:54:02.665208
4246,2026-06,4,4,199.0,79998.26999999999,41363.32,-38634.94999999999,609.8572361809045,DOWN,99.76,TRAVEL,32.16211055276382,576.23,1599.9653999999998,2176.1953999999996,N,TXN_V2.1,2026-06-29,2026-06-29 19:54:02.665208
4247,2026-06,2,2,71.0,4656.139999999999,15461.49,10805.35,283.34690140845066,UP,15.74,RESTAURANT,40.84098591549296,82.92,93.12279999999998,176.0428,N,TXN_V2.1,2026-06-29,2026-06-29 19:54:02.665208
4248,2026-06,3,3,168.0,19883.440000000002,18788.97,-1094.4700000000012,230.1929166666667,STABLE,51.94,RESTAURANT,32.73708333333333,429.58000000000004,397.66880000000003,827.2488000000001,N,TXN_V2.1,2026-06-29,2026-06-29 19:54:02.665208
4249,2026-06,1,1,50.0,39779.88,1574.34,-38205.54,827.0843999999998,DOWN,86.14,RESTAURANT,46.0,138.76,795.5975999999999,934.3575999999999,N,TXN_V2.1,2026-06-29,2026-06-29 19:54:02.665208
4250,2026-06,2,2,95.0,24500.93,2862.6400000000003,-21638.29,288.03757894736844,DOWN,62.58,TRAVEL,41.05263157894737,186.98000000000002,490.0186,676.9986,N,TXN_V2.1,2026-06-29,2026-06-29 19:54:02.665208
4251,2026-06,1,1,64.0,2843.9,15827.85,12983.95,291.74609375,UP,10.22,GROCERY,34.38,151.23,56.878,208.108,N,TXN_V2.1,2026-06-29,2026-06-29 19:54:02.665208
4252,2026-06,2,2,64.0,3631.81,14114.52,10482.710000000001,277.28640625,UP,12.82,TRAVEL,35.941875,62.36,72.6362,134.9962,N,TXN_V2.1,2026-06-29,2026-06-29 19:54:02.665208
4253,2026-06,2,2,85.0,11897.16,19153.2,7256.040000000001,365.29835294117646,UP,31.1,TRAVEL,41.17882352941176,91.94,237.9432,329.8832,N,TXN_V2.1,2026-06-29,2026-06-29 19:54:02.665208
4254,2026-06,2,2,70.0,36247.47,3606.14,-32641.33,569.3372857142857,DOWN,81.76,UTILITIES,41.42999999999999,228.39000000000001,724.9494000000001,953.3394000000001,N,TXN_V2.1,2026-06-29,2026-06-29 19:54:02.665208
4255,2026-06,4,4,222.0,43283.99,12831.57,-30452.42,252.77279279279279,DOWN,89.18,TRAVEL,38.287432432432425,517.97,865.6798,1383.6498000000001,N,TXN_V2.1,2026-06-29,2026-06-29 19:54:02.665208
4256,2026-06,1,1,39.0,2556.91,954.05,-1602.86,90.02461538461539,DOWN,9.2,GROCERY,33.33,55.2,51.1382,106.3382,N,TXN_V2.1,2026-06-29,2026-06-29 19:54:02.665208
4257,2026-06,1,1,46.0,2124.53,3635.94,1511.4099999999999,125.22760869565218,UP,6.92,RESTAURANT,45.650000000000006,0.0,42.49060000000001,42.49060000000001,N,TXN_V2.1,2026-06-29,2026-06-29 19:54:02.665208
4258,2026-06,1,1,38.0,12100.55,11519.97,-580.5799999999999,621.5926315789472,STABLE,31.6,HEALTHCARE,39.47,67.86,242.011,309.871,N,TXN_V2.1,2026-06-29,2026-06-29 19:54:02.665208
4259,2026-06,2,2,103.0,29805.420000000002,22773.940000000002,-7031.48,510.4792233009709,DOWN,72.24,GAS_STATION,37.86310679611651,127.52000000000001,596.1084000000001,723.6284,N,TXN_V2.1,2026-06-29,2026-06-29 19:54:02.665208
4260,2026-06,2,2,95.0,4927.1,13009.57,8082.469999999999,188.80705263157893,UP,16.28,GROCERY,41.055789473684214,202.65,98.54200000000002,301.192,N,TXN_V2.1,2026-06-29,2026-06-29 19:54:02.665208
4261,2026-06,1,1,15.0,865.36,355.73,-509.63,81.406,DOWN,1.02,TRAVEL,33.34,0.0,17.3072,17.3072,N,TXN_V2.1,2026-06-29,2026-06-29 19:54:02.665208
4262,2026-06,4,4,214.0,40492.33,27123.4,-13368.93,315.961355140187,DOWN,86.88,UTILITIES,39.72093457943925,711.96,809.8466000000001,1521.8066000000001,N,TXN_V2.1,2026-06-29,2026-06-29 19:54:02.665208
4263,2026-06,3,3,89.0,5770.22,8219.12,2448.9000000000005,157.18359550561797,UP,17.98,RETAIL,37.074382022471916,329.34000000000003,115.40440000000001,444.74440000000004,N,TXN_V2.1,2026-06-29,2026-06-29 19:54:02.665208
4264,2026-06,1,1,63.0,10591.83,23112.88,12521.050000000001,534.9953968253968,UP,27.74,GROCERY,31.75,116.1,211.8366,327.9366,N,TXN_V2.1,2026-06-29,2026-06-29 19:54:02.665208
4265,2026-06,1,1,26.0,890.27,2030.17,1139.9,112.32461538461538,UP,1.12,INSURANCE,50.0,0.0,17.8054,17.8054,N,TXN_V2.1,2026-06-29,2026-06-29 19:54:02.665208
4266,2026-06,4,3,156.0,45298.060000000005,29678.79,-15619.270000000004,480.6208333333334,DOWN,90.84,RETAIL,42.30500000000001,480.27,905.9612000000001,1386.2312000000002,N,TXN_V2.1,2026-06-29,2026-06-29 19:54:02.665208
4267,2026-06,1,1,31.0,1374.96,1351.95,-23.00999999999999,87.96483870967741,STABLE,3.04,RESTAURANT,19.36,71.34,27.499200000000002,98.8392,N,TXN_V2.1,2026-06-29,2026-06-29 19:54:02.665208
4268,2026-06,1,1,67.0,7687.0,16874.7,9187.7,366.59253731343284,UP,21.26,TRAVEL,31.350000000000005,189.56,153.74,343.3,N,TXN_V2.1,2026-06-29,2026-06-29 19:54:02.665208
4269,2026-06,1,1,34.0,1778.17,9401.62,7623.450000000001,328.8173529411765,UP,5.16,RETAIL,50.0,81.89,35.5634,117.4534,N,TXN_V2.1,2026-06-29,2026-06-29 19:54:02.665208
4270,2026-06,3,3,152.0,36370.9,7700.09,-28670.81,289.9407236842106,DOWN,81.92,RETAIL,30.92059210526316,409.51,727.418,1136.9279999999999,N,TXN_V2.1,2026-06-29,2026-06-29 19:54:02.665208
4271,2026-06,3,3,133.0,15229.49,14668.91,-560.5799999999999,224.8,STABLE,41.02,TRAVEL,36.08992481203008,310.51,304.5898,615.0998,N,TXN_V2.1,2026-06-29,2026-06-29 19:54:02.665208
4272,2026-06,4,3,167.0,9738.77,43019.729999999996,33280.95999999999,315.9191616766467,UP,25.52,TRAVEL,41.315329341317366,351.94000000000005,194.77540000000002,546.7154,N,TXN_V2.1,2026-06-29,2026-06-29 19:54:02.665208
4273,2026-06,4,4,193.0,64489.58,34287.899999999994,-30201.680000000008,511.800414507772,DOWN,98.54,TRAVEL,41.45113989637306,152.67000000000002,1289.7916,1442.4616,N,TXN_V2.1,2026-06-29,2026-06-29 19:54:02.665208
4274,2026-06,1,1,64.0,9072.08,4348.84,-4723.24,209.701875,DOWN,23.94,RETAIL,32.81,105.52,181.4416,286.9616,N,TXN_V2.1,2026-06-29,2026-06-29 19:54:02.665208
4275,2026-06,3,3,143.0,50465.880000000005,18486.6,-31979.280000000006,482.1851748251749,DOWN,94.42,TRAVEL,35.6613986013986,265.21000000000004,1009.3176000000001,1274.5276000000001,N,TXN_V2.1,2026-06-29,2026-06-29 19:54:02.665208
4276,2026-06,2,2,98.0,4859.9400000000005,15178.41,10318.47,204.47295918367345,UP,16.16,TRAVEL,33.67326530612245,233.89999999999998,97.1988,331.0988,N,TXN_V2.1,2026-06-29,2026-06-29 19:54:02.665208
4277,2026-06,1,1,18.0,11898.39,866.97,-11031.42,709.1866666666666,DOWN,31.12,RETAIL,33.33,0.0,237.96779999999998,237.96779999999998,N,TXN_V2.1,2026-06-29,2026-06-29 19:54:02.665208
4278,2026-06,3,3,184.0,26709.42,19959.57,-6749.8499999999985,253.6358152173913,DOWN,66.9,RETAIL,35.8704347826087,511.3,534.1884,1045.4884,N,TXN_V2.1,2026-06-29,2026-06-29 19:54:02.665208
4279,2026-06,4,4,150.0,10437.16,6965.6900000000005,-3471.4699999999993,116.01899999999999,DOWN,27.22,RETAIL,35.334199999999996,120.28,208.7432,329.0232,N,TXN_V2.1,2026-06-29,2026-06-29 19:54:02.665208
4280,2026-06,3,3,113.0,12981.9,15051.720000000001,2069.8200000000015,248.08513274336286,UP,34.18,UTILITIES,42.4741592920354,392.20000000000005,259.638,651.838,N,TXN_V2.1,2026-06-29,2026-06-29 19:54:02.665208
4281,2026-06,3,3,156.0,48523.61,7037.75,-41485.86,356.1625641025641,DOWN,93.2,UTILITIES,35.2575,191.11,970.4722,1161.5822,N,TXN_V2.1,2026-06-29,2026-06-29 19:54:02.665208
4282,2026-06,1,1,41.0,15033.27,1587.73,-13445.54,405.390243902439,DOWN,40.44,ENTERTAINMENT,46.349999999999994,128.64,300.66540000000003,429.3054,N,TXN_V2.1,2026-06-29,2026-06-29 19:54:02.665208
4283,2026-06,1,1,37.0,12004.89,9651.49,-2353.3999999999996,585.3075675675675,STABLE,31.44,EDUCATION,29.73,63.47,240.0978,303.56780000000003,N,TXN_V2.1,2026-06-29,2026-06-29 19:54:02.665208
4284,2026-06,4,4,216.0,51904.88,48487.53,-3417.3499999999985,464.7796759259259,DOWN,94.96,GROCERY,38.88518518518518,608.9100000000001,1038.0976,1647.0076000000001,N,TXN_V2.1,2026-06-29,2026-06-29 19:54:02.665208
4285,2026-06,2,2,147.0,34201.95,20603.2,-13598.749999999996,372.8241496598639,DOWN,79.1,RESTAURANT,43.535238095238086,287.34,684.039,971.3789999999999,N,TXN_V2.1,2026-06-29,2026-06-29 19:54:02.665208
4286,2026-06,1,1,25.0,463.77,1995.27,1531.5,98.3616,UP,0.12,RETAIL,32.0,47.79,9.2754,57.0654,N,TXN_V2.1,2026-06-29,2026-06-29 19:54:02.665208
4287,2026-06,2,2,118.0,34438.68,15987.699999999999,-18450.980000000003,427.3422033898305,DOWN,79.42,RESTAURANT,38.135423728813564,258.45000000000005,688.7736,947.2236,N,TXN_V2.1,2026-06-29,2026-06-29 19:54:02.665208
4288,2026-06,1,1,25.0,750.15,1999.15,1249.0,109.97200000000001,UP,0.62,TRAVEL,48.0,132.68,15.003,147.683,N,TXN_V2.1,2026-06-29,2026-06-29 19:54:02.665208
4289,2026-06,4,4,182.0,22835.88,39687.32,16851.44,343.5340659340659,UP,58.9,RESTAURANT,37.91483516483517,288.14,456.7176,744.8576,N,TXN_V2.1,2026-06-29,2026-06-29 19:54:02.665208
4290,2026-06,1,1,46.0,2154.79,17713.11,15558.32,431.9108695652174,UP,7.18,GROCERY,36.96,178.73,43.0958,221.8258,N,TXN_V2.1,2026-06-29,2026-06-29 19:54:02.665208
4291,2026-06,3,2,109.0,18757.620000000003,20311.59,1553.9699999999975,358.4331192660551,STABLE,49.52,UTILITIES,38.5340366972477,224.19,375.15240000000006,599.3424,N,TXN_V2.1,2026-06-29,2026-06-29 19:54:02.665208
4292,2026-06,1,1,70.0,4901.2,9018.78,4117.580000000001,198.85685714285714,UP,16.24,GAS_STATION,41.42999999999999,153.49,98.024,251.514,N,TXN_V2.1,2026-06-29,2026-06-29 19:54:02.665208
4293,2026-06,3,3,119.0,25557.39,33531.7,7974.309999999998,496.54697478991596,UP,64.44,GROCERY,35.294537815126056,216.69,511.1478,727.8378,N,TXN_V2.1,2026-06-29,2026-06-29 19:54:02.665208
4294,2026-06,3,3,108.0,17080.87,11903.3,-5177.57,268.3719444444444,DOWN,45.44,RESTAURANT,43.51555555555556,310.77,341.6174,652.3874,N,TXN_V2.1,2026-06-29,2026-06-29 19:54:02.665208
4295,2026-06,3,3,164.0,33859.79,24185.0,-9674.79,353.9316463414634,DOWN,78.68,GROCERY,39.02682926829269,433.53999999999996,677.1958000000001,1110.7358,N,TXN_V2.1,2026-06-29,2026-06-29 19:54:02.665208
4296,2026-06,3,3,132.0,23184.83,29873.31,6688.48,401.95560606060604,UP,59.76,RETAIL,35.60356060606061,300.46,463.69660000000005,764.1566,N,TXN_V2.1,2026-06-29,2026-06-29 19:54:02.665208
4297,2026-06,4,4,181.0,24059.68,39578.57,15518.89,351.5925414364641,UP,61.48,RESTAURANT,39.224806629834255,427.12,481.1936,908.3136,N,TXN_V2.1,2026-06-29,2026-06-29 19:54:02.665208
4298,2026-06,3,3,116.0,17166.050000000003,10001.220000000001,-7164.830000000002,234.2006034482759,DOWN,45.84,TRAVEL,37.92896551724137,257.0,343.3210000000001,600.3210000000001,N,TXN_V2.1,2026-06-29,2026-06-29 19:54:02.665208
4299,2026-06,3,2,114.0,30254.839999999997,33621.23,3366.3900000000067,560.3164035087719,UP,73.0,UTILITIES,32.44929824561403,192.28,605.0967999999999,797.3767999999999,N,TXN_V2.1,2026-06-29,2026-06-29 19:54:02.665208
4300,2026-06,4,4,172.0,34976.24,52972.42,17996.18,511.3294186046512,UP,80.1,RETAIL,34.88546511627907,253.20999999999998,699.5248,952.7348,N,TXN_V2.1,2026-06-29,2026-06-29 19:54:02.665208
4301,2026-06,3,3,83.0,44481.94,10760.429999999998,-33721.51,665.5707228915663,DOWN,90.26,UTILITIES,39.758554216867466,68.24,889.6388000000001,957.8788000000001,N,TXN_V2.1,2026-06-29,2026-06-29 19:54:02.665208
4302,2026-06,4,4,194.0,76407.77,27102.27,-49305.5,533.5569072164949,DOWN,99.62,RETAIL,35.56329896907216,554.63,1528.1554,2082.7854,N,TXN_V2.1,2026-06-29,2026-06-29 19:54:02.665208
4303,2026-06,1,1,51.0,20382.17,4242.5,-16139.669999999998,482.83666666666664,DOWN,52.98,TRAVEL,19.6,26.87,407.6434,434.5134,N,TXN_V2.1,2026-06-29,2026-06-29 19:54:02.665208
4304,2026-06,2,2,67.0,3772.7000000000003,14634.37,10861.67,274.73238805970146,UP,13.36,RETAIL,26.86597014925373,51.150000000000006,75.45400000000001,126.60400000000001,N,TXN_V2.1,2026-06-29,2026-06-29 19:54:02.665208
4305,2026-06,1,1,44.0,2461.63,8974.51,6512.88,259.9122727272727,UP,8.7,GROCERY,29.54,200.37,49.232600000000005,249.6026,N,TXN_V2.1,2026-06-29,2026-06-29 19:54:02.665208
4306,2026-06,3,3,119.0,44912.33,4405.51,-40506.82,414.43563025210085,DOWN,90.62,RETAIL,31.931344537815125,88.69,898.2466000000001,986.9366,N,TXN_V2.1,2026-06-29,2026-06-29 19:54:02.665208
4307,2026-06,1,1,72.0,4940.57,3214.25,-1726.3199999999997,113.26138888888889,DOWN,16.32,GROCERY,38.88999999999999,216.23,98.81139999999999,315.04139999999995,N,TXN_V2.1,2026-06-29,2026-06-29 19:54:02.665208
4308,2026-06,1,1,60.0,3889.13,1762.23,-2126.9,94.18933333333334,DOWN,13.7,GAS_STATION,40.0,388.49,77.7826,466.2726,N,TXN_V2.1,2026-06-29,2026-06-29 19:54:02.665208
4309,2026-06,1,1,21.0,1559.85,861.92,-697.93,115.32238095238095,DOWN,3.92,GAS_STATION,23.81,102.67,31.197,133.867,N,TXN_V2.1,2026-06-29,2026-06-29 19:54:02.665208
4310,2026-06,1,1,19.0,12795.88,356.21,-12439.67,692.2152631578947,DOWN,33.66,GROCERY,36.84,0.0,255.9176,255.9176,N,TXN_V2.1,2026-06-29,2026-06-29 19:54:02.665208
4311,2026-06,1,1,46.0,2675.13,2493.5,-181.6300000000001,112.36152173913044,STABLE,9.66,GROCERY,43.480000000000004,82.99,53.5026,136.49259999999998,N,TXN_V2.1,2026-06-29,2026-06-29 19:54:02.665208
4312,2026-06,1,1,69.0,14050.04,4081.46,-9968.580000000002,262.77536231884056,DOWN,37.44,INSURANCE,37.68,54.38,281.0008,335.3808,N,TXN_V2.1,2026-06-29,2026-06-29 19:54:02.665208
4313,2026-06,1,1,74.0,14185.0,5185.92,-8999.08,261.76918918918915,DOWN,37.86,RESTAURANT,41.89,129.93,283.7,413.63,N,TXN_V2.1,2026-06-29,2026-06-29 19:54:02.665208
4314,2026-06,4,4,190.0,54637.66,54337.18,-300.4800000000032,573.5517894736842,STABLE,96.1,RETAIL,37.89168421052632,350.94,1092.7532,1443.6932000000002,N,TXN_V2.1,2026-06-29,2026-06-29 19:54:02.665208
4315,2026-06,2,2,89.0,4817.85,16826.35,12008.499999999998,243.19325842696625,UP,16.1,RESTAURANT,41.572247191011236,72.49,96.35700000000001,168.847,N,TXN_V2.1,2026-06-29,2026-06-29 19:54:02.665208
4316,2026-06,2,2,86.0,21569.33,8444.69,-13124.640000000001,349.0002325581396,DOWN,55.8,GROCERY,37.21023255813953,252.13,431.38660000000004,683.5166,N,TXN_V2.1,2026-06-29,2026-06-29 19:54:02.665208
4317,2026-06,2,2,66.0,26320.43,3016.1099999999997,-23304.32,444.4930303030303,DOWN,65.92,UTILITIES,42.421818181818175,84.42,526.4086,610.8285999999999,N,TXN_V2.1,2026-06-29,2026-06-29 19:54:02.665208
4318,2026-06,4,4,219.0,45405.64,83037.33,37631.69,586.4975799086758,UP,90.88,RETAIL,40.18324200913242,532.6999999999999,908.1128,1440.8128,N,TXN_V2.1,2026-06-29,2026-06-29 19:54:02.665208
4319,2026-06,4,4,239.0,60836.17,60802.45,-33.720000000001164,508.9482008368201,STABLE,97.76,TRAVEL,45.608410041841005,689.2,1216.7234,1905.9234000000001,N,TXN_V2.1,2026-06-29,2026-06-29 19:54:02.665208
4320,2026-06,4,3,206.0,22991.91,23704.22,712.3100000000013,226.68024271844664,STABLE,59.22,RETAIL,40.77305825242718,293.28000000000003,459.83820000000003,753.1182000000001,N,TXN_V2.1,2026-06-29,2026-06-29 19:54:02.665208
4321,2026-06,1,1,36.0,1542.06,8627.21,7085.15,282.47972222222216,UP,3.84,RETAIL,33.33,128.73,30.8412,159.57119999999998,N,TXN_V2.1,2026-06-29,2026-06-29 19:54:02.665208
4322,2026-06,3,2,123.0,30879.14,23680.629999999997,-7198.510000000002,443.5753658536585,DOWN,74.04,GROCERY,39.8390243902439,139.01,617.5828,756.5928,N,TXN_V2.1,2026-06-29,2026-06-29 19:54:02.665208
4323,2026-06,3,3,135.0,11963.84,53054.23,41090.39,481.6153333333334,UP,31.36,TRAVEL,32.59422222222222,197.03,239.2768,436.3068,N,TXN_V2.1,2026-06-29,2026-06-29 19:54:02.665208
4324,2026-06,3,3,162.0,21269.13,6656.82,-14612.310000000001,172.3824074074074,DOWN,55.26,RESTAURANT,40.74407407407407,493.79999999999995,425.3826,919.1826,N,TXN_V2.1,2026-06-29,2026-06-29 19:54:02.665208
4325,2026-06,1,1,68.0,28279.8,2092.61,-26187.19,446.6530882352941,DOWN,69.92,UTILITIES,33.83,35.44,565.596,601.0360000000001,N,TXN_V2.1,2026-06-29,2026-06-29 19:54:02.665208
4326,2026-06,2,2,107.0,8010.4,31103.079999999998,23092.68,365.5465420560747,UP,21.9,RESTAURANT,33.64710280373831,163.21,160.208,323.418,N,TXN_V2.1,2026-06-29,2026-06-29 19:54:02.665208
4327,2026-06,1,1,28.0,7134.77,11067.33,3932.5599999999995,650.0749999999999,UP,20.54,GROCERY,46.43,61.89,142.6954,204.5854,N,TXN_V2.1,2026-06-29,2026-06-29 19:54:02.665208
4328,2026-06,3,3,148.0,13577.09,6701.63,-6875.46,137.01837837837837,DOWN,36.02,RETAIL,37.16304054054054,506.28,271.5418,777.8217999999999,N,TXN_V2.1,2026-06-29,2026-06-29 19:54:02.665208
4329,2026-06,4,4,154.0,32876.43,38681.880000000005,5805.450000000004,464.66435064935064,UP,77.1,UTILITIES,40.25909090909091,465.07000000000005,657.5286,1122.5986,N,TXN_V2.1,2026-06-29,2026-06-29 19:54:02.665208
4330,2026-06,3,3,139.0,32321.92,11410.61,-20911.309999999998,314.6225179856115,DOWN,76.42,RESTAURANT,33.09151079136691,268.53,646.4384,914.9684,N,TXN_V2.1,2026-06-29,2026-06-29 19:54:02.665208
4331,2026-06,3,3,140.0,19008.9,38143.33,19134.43,408.2302142857143,UP,50.14,UTILITIES,36.428714285714285,421.9,380.17800000000005,802.078,N,TXN_V2.1,2026-06-29,2026-06-29 19:54:02.665208
4332,2026-06,4,3,174.0,17065.73,25811.45,8745.720000000001,246.42057471264368,UP,45.4,RETAIL,31.60793103448276,432.65999999999997,341.3146,773.9746,N,TXN_V2.1,2026-06-29,2026-06-29 19:54:02.665208
4333,2026-06,3,3,105.0,16247.78,13652.81,-2594.970000000001,284.7675238095238,DOWN,43.84,UTILITIES,31.428571428571427,152.87,324.9556,477.8256,N,TXN_V2.1,2026-06-29,2026-06-29 19:54:02.665208
4334,2026-06,3,3,219.0,15963.96,19387.2,3423.2400000000016,161.42082191780824,UP,43.08,RETAIL,43.38232876712329,496.61,319.2792,815.8892000000001,N,TXN_V2.1,2026-06-29,2026-06-29 19:54:02.665208
4335,2026-06,2,2,65.0,32790.21,2537.37,-30252.84,543.5012307692308,DOWN,77.02,HEALTHCARE,38.4576923076923,73.8,655.8042,729.6042,N,TXN_V2.1,2026-06-29,2026-06-29 19:54:02.665208
4336,2026-06,3,3,134.0,38686.47,8497.34,-30189.13,352.11798507462686,DOWN,85.1,WIRE_TRANSFER_INTL,41.79134328358209,305.75,773.7294,1079.4794000000002,N,TXN_V2.1,2026-06-29,2026-06-29 19:54:02.665208
4337,2026-06,1,1,38.0,1807.57,2356.5,548.9300000000001,109.5807894736842,UP,5.34,RESTAURANT,31.58,109.86,36.1514,146.0114,N,TXN_V2.1,2026-06-29,2026-06-29 19:54:02.665208
4338,2026-06,3,3,130.0,28159.28,26996.649999999998,-1162.630000000001,424.2763846153846,STABLE,69.64,TRAVEL,43.083769230769235,235.63,563.1856,798.8156,N,TXN_V2.1,2026-06-29,2026-06-29 19:54:02.665208
4339,2026-06,2,2,90.0,30782.28,26291.65,-4490.629999999997,634.1547777777778,DOWN,73.78,TRAVEL,36.672000000000004,160.58,615.6456,776.2256,N,TXN_V2.1,2026-06-29,2026-06-29 19:54:02.665208
4340,2026-06,2,2,67.0,5301.450000000001,22050.99,16749.54,408.2453731343284,UP,17.0,INSURANCE,40.29791044776119,192.04000000000002,106.02900000000001,298.069,N,TXN_V2.1,2026-06-29,2026-06-29 19:54:02.665208
4341,2026-06,2,2,69.0,3468.9399999999996,13801.0,10332.060000000001,250.28898550724637,UP,12.42,INSURANCE,40.585217391304354,229.49,69.3788,298.8688,N,TXN_V2.1,2026-06-29,2026-06-29 19:54:02.665208
4342,2026-06,1,1,34.0,3741.17,10432.53,6691.360000000001,416.8735294117647,UP,13.18,RESTAURANT,29.409999999999993,94.9,74.8234,169.72340000000003,N,TXN_V2.1,2026-06-29,2026-06-29 19:54:02.665208
4343,2026-06,2,2,115.0,26456.620000000003,28799.969999999998,2343.349999999995,480.4920869565217,STABLE,66.12,RESTAURANT,45.217913043478255,444.34,529.1324000000001,973.4724000000001,N,TXN_V2.1,2026-06-29,2026-06-29 19:54:02.665208
4344,2026-06,4,4,188.0,22743.61,32979.07,10235.46,296.3972340425532,UP,58.68,RESTAURANT,41.48531914893617,276.75,454.8722,731.6222,N,TXN_V2.1,2026-06-29,2026-06-29 19:54:02.665208
4345,2026-06,1,1,63.0,11116.98,13145.13,2028.1499999999996,385.11285714285714,UP,28.92,GROCERY,30.159999999999997,101.44,222.3396,323.77959999999996,N,TXN_V2.1,2026-06-29,2026-06-29 19:54:02.665208
4346,2026-06,2,2,79.0,14819.02,15517.56,698.539999999999,384.0073417721519,STABLE,40.0,RETAIL,35.44455696202532,137.98,296.3804,434.3604,N,TXN_V2.1,2026-06-29,2026-06-29 19:54:02.665208
4347,2026-06,3,3,166.0,49795.5,39301.35,-10494.150000000001,536.7280120481928,DOWN,94.16,UTILITIES,40.96433734939759,329.03,995.91,1324.94,N,TXN_V2.1,2026-06-29,2026-06-29 19:54:02.665208
4348,2026-06,3,3,81.0,12496.49,41527.08,29030.590000000004,666.9576543209877,UP,32.66,TRAVEL,40.73827160493828,191.26,249.9298,441.1898,N,TXN_V2.1,2026-06-29,2026-06-29 19:54:02.665208
4349,2026-06,3,3,158.0,55811.759999999995,19570.11,-36241.649999999994,477.1004430379746,DOWN,96.42,INSURANCE,39.87329113924051,452.75,1116.2351999999998,1568.9851999999998,N,TXN_V2.1,2026-06-29,2026-06-29 19:54:02.665208
4350,2026-06,4,4,227.0,29250.41,18122.149999999998,-11128.260000000002,208.68969162995595,DOWN,71.44,TRAVEL,42.73092511013215,676.06,585.0082,1261.0682,N,TXN_V2.1,2026-06-29,2026-06-29 19:54:02.665208
4351,2026-06,4,3,171.0,10804.119999999999,7175.01,-3629.1099999999988,105.1411111111111,DOWN,28.28,UTILITIES,39.17719298245614,314.27,216.08239999999998,530.3524,N,TXN_V2.1,2026-06-29,2026-06-29 19:54:02.665208
4352,2026-06,2,2,111.0,15660.949999999999,28858.210000000003,13197.260000000004,401.07351351351355,UP,42.14,RETAIL,36.936126126126126,155.07999999999998,313.219,468.299,N,TXN_V2.1,2026-06-29,2026-06-29 19:54:02.665208
4353,2026-06,3,3,151.0,37114.26,18978.54,-18135.72,371.4754966887417,DOWN,83.16,RETAIL,37.7448344370861,320.09000000000003,742.2852,1062.3752,N,TXN_V2.1,2026-06-29,2026-06-29 19:54:02.665208
4354,2026-06,2,1,60.0,14552.25,8119.54,-6432.71,377.8631666666667,DOWN,39.0,HEALTHCARE,36.661500000000004,154.16,291.045,445.20500000000004,N,TXN_V2.1,2026-06-29,2026-06-29 19:54:02.665208
4355,2026-06,3,3,98.0,47709.14,4089.16,-43619.979999999996,528.554081632653,DOWN,92.64,HEALTHCARE,37.755102040816325,149.99,954.1828,1104.1728,N,TXN_V2.1,2026-06-29,2026-06-29 19:54:02.665208
4356,2026-06,1,1,20.0,1818.52,356.13,-1462.3899999999999,108.7325,DOWN,5.4,RETAIL,50.0,15.91,36.370400000000004,52.2804,N,TXN_V2.1,2026-06-29,2026-06-29 19:54:02.665208
4357,2026-06,4,4,149.0,23784.24,14667.83,-9116.410000000002,258.06758389261745,DOWN,61.0,RETAIL,31.543422818791946,342.43,475.68480000000005,818.1148000000001,N,TXN_V2.1,2026-06-29,2026-06-29 19:54:02.665208
4358,2026-06,4,4,229.0,41997.95,55723.6,13725.650000000001,426.7316593886462,UP,88.04,TRAVEL,37.11925764192141,527.94,839.959,1367.899,N,TXN_V2.1,2026-06-29,2026-06-29 19:54:02.665208
4359,2026-06,4,3,156.0,28168.88,18730.9,-9437.98,300.63961538461535,DOWN,69.68,RESTAURANT,35.25358974358975,324.8,563.3776,888.1776,N,TXN_V2.1,2026-06-29,2026-06-29 19:54:02.665208
4360,2026-06,3,3,128.0,57837.380000000005,5336.76,-52500.62,493.54796875000005,DOWN,96.94,RETAIL,39.06140625,331.16999999999996,1156.7476000000001,1487.9176000000002,N,TXN_V2.1,2026-06-29,2026-06-29 19:54:02.665208
4361,2026-06,4,4,133.0,20907.409999999996,6759.91,-14147.499999999996,208.02496240601502,DOWN,54.36,HEALTHCARE,39.847669172932335,198.48000000000002,418.1481999999999,616.6281999999999,N,TXN_V2.1,2026-06-29,2026-06-29 19:54:02.665208
4362,2026-06,4,4,145.0,37175.37,6352.799999999999,-30822.570000000003,300.19427586206893,DOWN,83.3,TRAVEL,40.69255172413793,443.31000000000006,743.5074000000001,1186.8174000000001,N,TXN_V2.1,2026-06-29,2026-06-29 19:54:02.665208
4363,2026-06,1,1,26.0,19554.5,6620.5,-12934.0,1006.7307692307693,DOWN,51.3,RETAIL,42.300000000000004,80.51,391.09000000000003,471.6,N,TXN_V2.1,2026-06-29,2026-06-29 19:54:02.665208
4364,2026-06,2,2,71.0,11773.789999999999,22720.239999999998,10946.449999999999,485.8314084507042,UP,30.82,RESTAURANT,33.80605633802817,325.34000000000003,235.4758,560.8158000000001,N,TXN_V2.1,2026-06-29,2026-06-29 19:54:02.665208
4365,2026-06,2,2,77.0,12668.880000000001,2686.41,-9982.470000000001,199.41935064935066,DOWN,33.3,RESTAURANT,31.168181818181818,115.94,253.37760000000003,369.3176,N,TXN_V2.1,2026-06-29,2026-06-29 19:54:02.665208
4366,2026-06,2,2,59.0,4037.0200000000004,2714.09,-1322.9300000000003,114.425593220339,DOWN,14.14,RETAIL,38.98338983050847,169.69,80.74040000000001,250.43040000000002,N,TXN_V2.1,2026-06-29,2026-06-29 19:54:02.665208
4367,2026-06,1,1,72.0,9930.43,14057.01,4126.58,333.1588888888889,UP,25.92,INSURANCE,41.66,194.33,198.60860000000002,392.93860000000006,N,TXN_V2.1,2026-06-29,2026-06-29 19:54:02.665208
4368,2026-06,1,1,46.0,11342.91,2209.26,-9133.65,294.61239130434785,DOWN,29.58,INSURANCE,36.96,173.65,226.8582,400.5082,N,TXN_V2.1,2026-06-29,2026-06-29 19:54:02.665208
4369,2026-06,4,4,250.0,50740.07,102397.29000000001,51657.22000000001,612.54944,UP,94.5,RETAIL,39.2,327.78000000000003,1014.8014000000001,1342.5814,N,TXN_V2.1,2026-06-29,2026-06-29 19:54:02.665208
4370,2026-06,4,4,186.0,15510.55,12149.619999999999,-3360.9300000000003,148.71059139784944,DOWN,41.62,TRAVEL,36.02247311827957,313.07,310.211,623.281,N,TXN_V2.1,2026-06-29,2026-06-29 19:54:02.665208
4371,2026-06,3,2,110.0,18307.35,23534.57,5227.220000000001,380.3810909090909,UP,48.44,RESTAURANT,46.36572727272728,285.71999999999997,366.147,651.867,N,TXN_V2.1,2026-06-29,2026-06-29 19:54:02.665208
4372,2026-06,1,1,26.0,1846.43,1653.7,-192.73000000000002,134.6203846153846,STABLE,5.6,RESTAURANT,26.920000000000005,95.81,36.9286,132.73860000000002,N,TXN_V2.1,2026-06-29,2026-06-29 19:54:02.665208
4373,2026-06,2,2,89.0,32057.55,13726.460000000001,-18331.089999999997,514.4270786516854,DOWN,75.84,RESTAURANT,41.574269662921346,266.63,641.151,907.781,N,TXN_V2.1,2026-06-29,2026-06-29 19:54:02.665208
4374,2026-06,4,3,191.0,30913.45,9528.27,-21385.18,211.73675392670157,DOWN,74.12,UTILITIES,40.31523560209424,440.63,618.269,1058.899,N,TXN_V2.1,2026-06-29,2026-06-29 19:54:02.665208
4375,2026-06,1,1,67.0,20320.69,4833.04,-15487.649999999998,375.42880597014926,DOWN,52.86,GROCERY,44.78,98.46,406.4138,504.87379999999996,N,TXN_V2.1,2026-06-29,2026-06-29 19:54:02.665208
4376,2026-06,4,4,199.0,43824.1,9918.26,-33905.84,270.06211055276384,DOWN,89.62,RETAIL,39.700904522613065,567.9300000000001,876.482,1444.412,N,TXN_V2.1,2026-06-29,2026-06-29 19:54:02.665208
4377,2026-06,4,4,178.0,41604.51,15811.470000000001,-25793.04,322.5616853932585,DOWN,87.66,TRAVEL,30.339887640449444,602.04,832.0902000000001,1434.1302,N,TXN_V2.1,2026-06-29,2026-06-29 19:54:02.665208
4378,2026-06,3,2,115.0,13757.73,19088.04,5330.310000000001,285.61539130434784,UP,36.56,RETAIL,38.26113043478261,334.77,275.1546,609.9246,N,TXN_V2.1,2026-06-29,2026-06-29 19:54:02.665208
4379,2026-06,3,3,129.0,37388.53,29625.659999999996,-7762.870000000003,519.4898449612404,DOWN,83.44,RETAIL,38.76279069767442,380.83,747.7706,1128.6006,N,TXN_V2.1,2026-06-29,2026-06-29 19:54:02.665208
4380,2026-06,3,3,148.0,33221.18,14536.11,-18685.07,322.6843918918919,DOWN,77.76,UTILITIES,38.51101351351352,410.57000000000005,664.4236,1074.9936,N,TXN_V2.1,2026-06-29,2026-06-29 19:54:02.665208
4381,2026-06,3,3,174.0,20243.039999999997,45101.96,24858.920000000002,375.54597701149424,UP,52.72,GROCERY,35.054712643678165,368.38,404.8607999999999,773.2407999999999,N,TXN_V2.1,2026-06-29,2026-06-29 19:54:02.665208
4382,2026-06,1,1,59.0,20719.58,8121.8,-12597.780000000002,488.8369491525424,DOWN,53.68,CRYPTO_EXCHANGE,45.76,77.59,414.39160000000004,491.98160000000007,N,TXN_V2.1,2026-06-29,2026-06-29 19:54:02.665208
4383,2026-06,2,2,102.0,20306.28,54491.01,34184.73,733.3067647058824,UP,52.84,GROCERY,42.15254901960784,317.40999999999997,406.12559999999996,723.5355999999999,N,TXN_V2.1,2026-06-29,2026-06-29 19:54:02.665208
4384,2026-06,4,4,168.0,20101.09,47488.65,27387.56,402.31988095238097,UP,52.4,UTILITIES,36.90696428571428,507.78000000000003,402.0218,909.8018,N,TXN_V2.1,2026-06-29,2026-06-29 19:54:02.665208
4385,2026-06,2,2,73.0,17382.64,13095.310000000001,-4287.329999999998,417.50616438356167,DOWN,46.4,TRAVEL,24.65712328767123,231.92000000000002,347.6528,579.5728,N,TXN_V2.1,2026-06-29,2026-06-29 19:54:02.665208
4386,2026-06,3,3,126.0,30757.280000000002,27244.550000000003,-3512.7299999999996,460.33198412698414,DOWN,73.72,RETAIL,41.26642857142857,166.77,615.1456000000001,781.9156,N,TXN_V2.1,2026-06-29,2026-06-29 19:54:02.665208
4387,2026-06,3,3,155.0,25376.12,40628.37,15252.250000000004,425.83541935483873,UP,64.06,INSURANCE,38.711612903225806,177.26,507.5224,684.7824,N,TXN_V2.1,2026-06-29,2026-06-29 19:54:02.665208
4388,2026-06,2,2,130.0,44110.689999999995,4420.610000000001,-39690.079999999994,373.31769230769225,DOWN,89.94,RETAIL,30.76846153846154,252.57,882.2137999999999,1134.7838,N,TXN_V2.1,2026-06-29,2026-06-29 19:54:02.665208
4389,2026-06,4,4,183.0,23868.33,47861.87,23993.54,391.96830601092904,UP,61.12,RESTAURANT,37.70431693989072,293.35,477.36660000000006,770.7166000000001,N,TXN_V2.1,2026-06-29,2026-06-29 19:54:02.665208
4390,2026-06,2,2,120.0,48934.92,6825.6900000000005,-42109.229999999996,464.67175000000003,DOWN,93.62,RETAIL,37.50166666666666,202.81,978.6984,1181.5084,N,TXN_V2.1,2026-06-29,2026-06-29 19:54:02.665208
4391,2026-06,4,4,159.0,26193.64,22919.920000000002,-3273.7199999999975,308.8903144654088,DOWN,65.7,RETAIL,33.96465408805031,472.7,523.8728,996.5727999999999,N,TXN_V2.1,2026-06-29,2026-06-29 19:54:02.665208
4392,2026-06,1,1,26.0,9360.63,980.08,-8380.55,397.71961538461534,DOWN,24.68,ENTERTAINMENT,23.07,161.05,187.21259999999998,348.2626,N,TXN_V2.1,2026-06-29,2026-06-29 19:54:02.665208
4393,2026-06,2,2,131.0,26952.989999999998,29635.39,2682.4000000000015,431.9723664122137,UP,67.32,UTILITIES,44.27679389312977,385.1,539.0598,924.1598,N,TXN_V2.1,2026-06-29,2026-06-29 19:54:02.665208
4394,2026-06,4,3,116.0,7685.55,14277.09,6591.54,189.33310344827586,UP,21.24,TRAVEL,35.343879310344825,226.0,153.711,379.711,N,TXN_V2.1,2026-06-29,2026-06-29 19:54:02.665208
4395,2026-06,1,1,20.0,20677.26,524.47,-20152.789999999997,1060.0865,DOWN,53.54,GROCERY,30.0,94.0,413.54519999999997,507.54519999999997,N,TXN_V2.1,2026-06-29,2026-06-29 19:54:02.665208
4396,2026-06,3,3,167.0,18112.86,42963.729999999996,24850.869999999995,365.7280838323353,UP,48.12,GROCERY,41.913532934131744,439.23,362.2572,801.4872,N,TXN_V2.1,2026-06-29,2026-06-29 19:54:02.665208
4397,2026-06,1,0,20.0,1274.04,10500.7,9226.66,588.7370000000001,UP,2.6,GROCERY,50.0,72.96,25.4808,98.4408,N,TXN_V2.1,2026-06-29,2026-06-29 19:54:02.665208
4398,2026-06,4,4,224.0,43643.86,35094.99,-8548.870000000003,351.51272321428576,DOWN,89.42,RESTAURANT,41.06861607142857,615.36,872.8772,1488.2372,N,TXN_V2.1,2026-06-29,2026-06-29 19:54:02.665208
4399,2026-06,4,2,120.0,52254.47,6356.7,-45897.770000000004,488.4264166666666,DOWN,95.2,RETAIL,33.33225,225.73,1045.0894,1270.8194,N,TXN_V2.1,2026-06-29,2026-06-29 19:54:02.665208
4400,2026-06,3,3,188.0,42416.21,33240.82,-9175.39,402.4310106382979,DOWN,88.56,RETAIL,42.554414893617015,398.61,848.3242,1246.9342000000001,N,TXN_V2.1,2026-06-29,2026-06-29 19:54:02.665208
4401,2026-06,2,2,97.0,6011.48,5194.04,-817.4399999999996,115.52082474226805,DOWN,18.56,RESTAURANT,37.1080412371134,304.83,120.22959999999999,425.0596,N,TXN_V2.1,2026-06-29,2026-06-29 19:54:02.665208
4402,2026-06,4,4,165.0,53336.850000000006,30103.47,-23233.380000000005,505.6989090909091,DOWN,95.6,UTILITIES,40.0009696969697,575.86,1066.737,1642.5970000000002,N,TXN_V2.1,2026-06-29,2026-06-29 19:54:02.665208
4403,2026-06,1,1,35.0,1721.42,2823.13,1101.71,129.84428571428572,UP,4.8,HEALTHCARE,40.0,43.05,34.4284,77.4784,N,TXN_V2.1,2026-06-29,2026-06-29 19:54:02.665208
4404,2026-06,4,4,144.0,17616.65,27708.27,10091.619999999999,314.75638888888886,UP,46.94,TRAVEL,41.6663888888889,158.82,352.333,511.153,N,TXN_V2.1,2026-06-29,2026-06-29 19:54:02.665208
4405,2026-06,2,2,52.0,2568.0299999999997,2121.43,-446.5999999999999,90.18192307692306,STABLE,9.28,GROCERY,34.613461538461536,61.84,51.3606,113.20060000000001,N,TXN_V2.1,2026-06-29,2026-06-29 19:54:02.665208
4406,2026-06,4,4,175.0,29539.04,71943.95999999999,42404.91999999999,579.9028571428571,UP,71.9,UTILITIES,40.57257142857142,437.45000000000005,590.7808,1028.2308,N,TXN_V2.1,2026-06-29,2026-06-29 19:54:02.665208
4407,2026-06,4,4,152.0,39103.59,7325.34,-31778.249999999996,305.45348684210524,DOWN,85.44,HEALTHCARE,40.129539473684204,314.56,782.0717999999999,1096.6317999999999,N,TXN_V2.1,2026-06-29,2026-06-29 19:54:02.665208
4408,2026-06,2,2,97.0,7877.73,12710.16,4832.43,212.2462886597938,UP,21.64,RESTAURANT,31.953092783505156,104.79,157.5546,262.3446,N,TXN_V2.1,2026-06-29,2026-06-29 19:54:02.665208
4409,2026-06,1,1,58.0,9745.17,2461.83,-7283.34,210.4655172413793,DOWN,25.56,EDUCATION,43.11000000000001,202.64,194.9034,397.5434,N,TXN_V2.1,2026-06-29,2026-06-29 19:54:02.665208
4410,2026-06,3,3,124.0,9087.21,6728.25,-2358.959999999999,127.5440322580645,DOWN,24.0,GROCERY,40.31879032258065,186.33,181.74419999999998,368.0742,N,TXN_V2.1,2026-06-29,2026-06-29 19:54:02.665208
4411,2026-06,3,3,152.0,49531.31999999999,25288.52,-24242.799999999992,492.2357894736842,DOWN,93.86,RESTAURANT,35.52717105263158,391.53999999999996,990.6263999999999,1382.1663999999998,N,TXN_V2.1,2026-06-29,2026-06-29 19:54:02.665208
4412,2026-06,1,1,21.0,776.52,17550.26,16773.739999999998,872.7038095238095,UP,0.74,TRAVEL,23.810000000000002,0.0,15.5304,15.5304,N,TXN_V2.1,2026-06-29,2026-06-29 19:54:02.665208
4413,2026-06,1,1,36.0,2065.61,2738.81,673.1999999999998,133.4561111111111,UP,6.7,RESTAURANT,27.779999999999998,52.58,41.312200000000004,93.8922,N,TXN_V2.1,2026-06-29,2026-06-29 19:54:02.665208
4414,2026-06,2,2,80.0,18589.780000000002,27724.28,9134.499999999996,578.92575,UP,49.18,TRAVEL,36.247749999999996,237.93,371.79560000000004,609.7256,N,TXN_V2.1,2026-06-29,2026-06-29 19:54:02.665208
4415,2026-06,4,4,185.0,23008.739999999998,14590.369999999999,-8418.369999999999,203.23843243243243,DOWN,59.26,RETAIL,30.807945945945946,396.89,460.17479999999995,857.0647999999999,N,TXN_V2.1,2026-06-29,2026-06-29 19:54:02.665208
4416,2026-06,4,4,202.0,28944.87,36061.58,7116.710000000003,321.8141089108911,UP,71.14,UTILITIES,36.63896039603961,820.88,578.8974,1399.7774,N,TXN_V2.1,2026-06-29,2026-06-29 19:54:02.665208
4417,2026-06,1,1,26.0,7613.76,1503.98,-6109.780000000001,350.6823076923077,DOWN,21.14,GROCERY,30.759999999999998,108.19,152.2752,260.4652,N,TXN_V2.1,2026-06-29,2026-06-29 19:54:02.665208
4418,2026-06,3,3,104.0,7241.18,4558.56,-2682.62,113.45903846153848,DOWN,20.72,GROCERY,32.69423076923077,280.8,144.8236,425.6236,N,TXN_V2.1,2026-06-29,2026-06-29 19:54:02.665208
4419,2026-06,3,3,130.0,28359.86,8550.46,-19809.4,283.92553846153845,DOWN,70.06,RETAIL,40.00276923076924,385.06,567.1972000000001,952.2572,N,TXN_V2.1,2026-06-29,2026-06-29 19:54:02.665208
4420,2026-06,3,3,98.0,30676.57,6669.200000000001,-24007.37,381.07928571428573,DOWN,73.7,RETAIL,37.75367346938775,196.89000000000001,613.5314,810.4214,N,TXN_V2.1,2026-06-29,2026-06-29 19:54:02.665208
4421,2026-06,4,3,173.0,20873.83,29206.0,8332.169999999998,289.47878612716767,UP,54.16,RESTAURANT,35.25872832369942,342.02,417.4766,759.4966,N,TXN_V2.1,2026-06-29,2026-06-29 19:54:02.665208
4422,2026-06,2,2,121.0,14106.71,33167.94,19061.230000000003,390.6995867768595,UP,37.62,UTILITIES,33.881487603305786,249.75,282.13419999999996,531.8842,N,TXN_V2.1,2026-06-29,2026-06-29 19:54:02.665208
4423,2026-06,3,3,160.0,67532.56,27993.07,-39539.49,597.0351875,DOWN,99.04,TRAVEL,35.001625000000004,428.89,1350.6512,1779.5412000000001,N,TXN_V2.1,2026-06-29,2026-06-29 19:54:02.665208
4424,2026-06,1,1,17.0,480.23,1206.17,725.94,99.2,UP,0.2,HEALTHCARE,29.410000000000004,62.85,9.604600000000001,72.4546,N,TXN_V2.1,2026-06-29,2026-06-29 19:54:02.665208
4425,2026-06,3,3,124.0,19810.280000000002,15125.69,-4684.590000000002,281.7416935483871,DOWN,51.82,HEALTHCARE,32.259677419354844,308.15999999999997,396.20560000000006,704.3656000000001,N,TXN_V2.1,2026-06-29,2026-06-29 19:54:02.665208
4426,2026-06,1,1,47.0,12897.67,7109.35,-5788.32,425.6812765957447,DOWN,33.96,GROCERY,36.17,134.69,257.9534,392.6434,N,TXN_V2.1,2026-06-29,2026-06-29 19:54:02.665208
4427,2026-06,2,2,85.0,11103.26,11312.92,209.65999999999985,263.71976470588237,STABLE,28.88,RESTAURANT,37.63988235294118,137.07999999999998,222.0652,359.1452,N,TXN_V2.1,2026-06-29,2026-06-29 19:54:02.665208
4428,2026-06,3,3,128.0,15789.630000000001,16408.58,618.9500000000007,251.54851562500002,STABLE,42.58,HEALTHCARE,45.313359375000005,149.16,315.79260000000005,464.9526000000001,N,TXN_V2.1,2026-06-29,2026-06-29 19:54:02.665208
4429,2026-06,3,3,148.0,17545.899999999998,36645.09,19099.19,366.15533783783775,UP,46.86,RETAIL,44.59756756756757,262.32,350.91799999999995,613.2379999999999,N,TXN_V2.1,2026-06-29,2026-06-29 19:54:02.665208
4430,2026-06,3,3,132.0,7062.42,6993.43,-68.98999999999978,106.48371212121212,STABLE,20.32,UTILITIES,41.662878787878796,311.45,141.2484,452.6984,N,TXN_V2.1,2026-06-29,2026-06-29 19:54:02.665208
4431,2026-06,1,0,17.0,8295.97,192.88,-8103.089999999999,499.34411764705874,DOWN,22.36,RESTAURANT,23.529999999999998,83.36,165.9194,249.2794,N,TXN_V2.1,2026-06-29,2026-06-29 19:54:02.665208
4432,2026-06,4,4,200.0,34789.62,16213.85,-18575.770000000004,255.01735,DOWN,79.86,UTILITIES,36.501599999999996,444.64,695.7924,1140.4324000000001,N,TXN_V2.1,2026-06-29,2026-06-29 19:54:02.665208
4433,2026-06,3,3,89.0,35386.22,18502.3,-16883.920000000002,605.488988764045,DOWN,80.48,TRAVEL,40.44629213483146,175.54,707.7244000000001,883.2644,N,TXN_V2.1,2026-06-29,2026-06-29 19:54:02.665208
4434,2026-06,2,2,107.0,9661.36,15711.329999999998,6049.9699999999975,237.12794392523364,UP,25.32,UTILITIES,39.252897196261685,212.34,193.2272,405.5672,N,TXN_V2.1,2026-06-29,2026-06-29 19:54:02.665208
4435,2026-06,3,3,137.0,20227.64,26616.219999999998,6388.579999999998,341.92598540145985,UP,52.64,GROCERY,31.38343065693431,298.1,404.5528,702.6528000000001,N,TXN_V2.1,2026-06-29,2026-06-29 19:54:02.665208
4436,2026-06,3,2,163.0,38023.479999999996,61197.54,23174.060000000005,608.7179141104294,UP,84.4,GROCERY,39.87546012269939,279.08000000000004,760.4695999999999,1039.5495999999998,N,TXN_V2.1,2026-06-29,2026-06-29 19:54:02.665208
4437,2026-06,4,4,186.0,47242.27,30419.719999999998,-16822.55,417.53758064516126,DOWN,92.22,GROCERY,43.013548387096776,246.34,944.8453999999999,1191.1853999999998,N,TXN_V2.1,2026-06-29,2026-06-29 19:54:02.665208
4438,2026-06,3,3,112.0,14588.769999999999,17504.100000000002,2915.3300000000036,286.54348214285716,UP,39.16,RETAIL,40.17205357142857,151.31,291.7754,443.0854,N,TXN_V2.1,2026-06-29,2026-06-29 19:54:02.665208
4439,2026-06,4,3,153.0,33595.29,21952.23,-11643.060000000001,363.0556862745098,DOWN,78.28,TRAVEL,34.642352941176476,475.42,671.9058,1147.3258,N,TXN_V2.1,2026-06-29,2026-06-29 19:54:02.665208
4440,2026-06,2,2,103.0,24468.8,12544.67,-11924.13,359.35407766990295,DOWN,62.46,GROCERY,33.01242718446601,309.94,489.376,799.316,N,TXN_V2.1,2026-06-29,2026-06-29 19:54:02.665208
4441,2026-06,1,1,66.0,3193.12,11923.4,8730.279999999999,229.0381818181818,UP,11.66,GROCERY,36.370000000000005,172.07,63.8624,235.9324,N,TXN_V2.1,2026-06-29,2026-06-29 19:54:02.665208
4442,2026-06,4,4,158.0,37079.979999999996,26438.71,-10641.269999999997,402.01702531645566,DOWN,83.1,UTILITIES,35.44398734177216,229.51,741.5995999999999,971.1095999999999,N,TXN_V2.1,2026-06-29,2026-06-29 19:54:02.665208
4443,2026-06,2,2,64.0,20284.38,19343.07,-941.3100000000013,619.17890625,STABLE,52.78,INSURANCE,31.24875,50.27,405.68760000000003,455.9576,N,TXN_V2.1,2026-06-29,2026-06-29 19:54:02.665208
4444,2026-06,3,3,122.0,29985.54,21747.52,-8238.02,424.04147540983604,DOWN,72.56,UTILITIES,43.44426229508196,176.72,599.7108000000001,776.4308000000001,N,TXN_V2.1,2026-06-29,2026-06-29 19:54:02.665208
4445,2026-06,2,2,84.0,13560.26,13076.01,-484.25,317.0984523809524,STABLE,35.96,GROCERY,41.67047619047618,240.01,271.2052,511.2152,N,TXN_V2.1,2026-06-29,2026-06-29 19:54:02.665208
4446,2026-06,4,4,144.0,44746.44,14434.439999999999,-30312.000000000004,410.97833333333335,DOWN,90.44,RESTAURANT,40.27729166666666,272.58,894.9288,1167.5088,N,TXN_V2.1,2026-06-29,2026-06-29 19:54:02.665208
4447,2026-06,2,2,58.0,2590.12,13154.18,10564.060000000001,271.45344827586206,UP,9.42,TRAVEL,37.92913793103448,107.81,51.8024,159.6124,N,TXN_V2.1,2026-06-29,2026-06-29 19:54:02.665208
4448,2026-06,4,4,174.0,32371.08,32515.469999999998,144.38999999999578,372.91120689655173,STABLE,76.46,RETAIL,35.631551724137935,316.88,647.4216,964.3016,N,TXN_V2.1,2026-06-29,2026-06-29 19:54:02.665208
4449,2026-06,3,3,150.0,16219.02,26653.690000000002,10434.670000000002,285.8180666666667,UP,43.74,UTILITIES,38.665533333333336,362.07,324.3804,686.4504,N,TXN_V2.1,2026-06-29,2026-06-29 19:54:02.665208
4450,2026-06,3,2,143.0,29194.559999999998,25542.760000000002,-3651.7999999999956,382.77846153846156,DOWN,71.36,TRAVEL,38.45944055944056,252.74,583.8911999999999,836.6311999999999,N,TXN_V2.1,2026-06-29,2026-06-29 19:54:02.665208
4451,2026-06,2,1,109.0,20632.85,16835.39,-3797.459999999999,343.7453211009174,DOWN,53.46,RETAIL,32.109816513761466,219.23000000000002,412.657,631.887,N,TXN_V2.1,2026-06-29,2026-06-29 19:54:02.665208
4452,2026-06,1,1,28.0,1137.37,11952.58,10815.21,467.4982142857143,UP,2.06,GAS_STATION,32.15,120.21,22.7474,142.9574,N,TXN_V2.1,2026-06-29,2026-06-29 19:54:02.665208
4453,2026-06,2,2,77.0,5785.71,23488.69,17702.98,380.18701298701296,UP,18.06,RESTAURANT,46.75506493506494,198.41,115.7142,314.1242,N,TXN_V2.1,2026-06-29,2026-06-29 19:54:02.665208
4454,2026-06,3,3,63.0,4163.77,29989.339999999997,25825.569999999996,542.1128571428571,UP,14.66,RESTAURANT,44.445079365079366,141.58,83.2754,224.85540000000003,N,TXN_V2.1,2026-06-29,2026-06-29 19:54:02.665208
4455,2026-06,2,2,89.0,12505.91,3849.54,-8656.369999999999,183.7691011235955,DOWN,32.72,INSURANCE,43.82112359550562,288.65,250.1182,538.7682,N,TXN_V2.1,2026-06-29,2026-06-29 19:54:02.665208
4456,2026-06,2,2,109.0,18129.35,5383.639999999999,-12745.71,215.71550458715595,DOWN,48.18,GROCERY,39.448715596330274,213.54,362.587,576.127,N,TXN_V2.1,2026-06-29,2026-06-29 19:54:02.665208
4457,2026-06,1,1,58.0,20630.98,9860.07,-10770.91,525.7077586206897,DOWN,53.44,GAS_STATION,32.75,62.74,412.6196,475.3596,N,TXN_V2.1,2026-06-29,2026-06-29 19:54:02.665208
4458,2026-06,4,4,171.0,48805.0,27752.25,-21052.75,447.703216374269,DOWN,93.54,RETAIL,36.25742690058479,286.68,976.1,1262.78,N,TXN_V2.1,2026-06-29,2026-06-29 19:54:02.665208
4459,2026-06,3,3,147.0,21640.600000000002,34832.770000000004,13192.170000000002,384.17258503401365,UP,56.06,RESTAURANT,39.45408163265306,246.35,432.81200000000007,679.162,N,TXN_V2.1,2026-06-29,2026-06-29 19:54:02.665208
4460,2026-06,3,3,93.0,15228.37,31260.16,16031.789999999999,499.87666666666667,UP,41.0,UTILITIES,35.483978494623656,354.89,304.5674,659.4574,N,TXN_V2.1,2026-06-29,2026-06-29 19:54:02.665208
4461,2026-06,1,1,63.0,23934.36,2085.82,-21848.54,413.01873015873014,DOWN,61.26,GAS_STATION,46.03,39.43,478.6872,518.1172,N,TXN_V2.1,2026-06-29,2026-06-29 19:54:02.665208
4462,2026-06,4,4,177.0,39176.85,35439.18,-3737.6699999999983,421.5594915254237,DOWN,85.5,GROCERY,42.372259887005654,367.86,783.537,1151.397,N,TXN_V2.1,2026-06-29,2026-06-29 19:54:02.665208
4463,2026-06,3,3,214.0,56855.0,12632.42,-44222.58,324.70757009345795,DOWN,96.66,GROCERY,45.796401869158885,540.65,1137.1000000000001,1677.75,N,TXN_V2.1,2026-06-29,2026-06-29 19:54:02.665208
4464,2026-06,4,3,156.0,17170.35,30667.46,13497.11,306.65262820512817,UP,45.86,RETAIL,33.334487179487176,320.28000000000003,343.407,663.687,N,TXN_V2.1,2026-06-29,2026-06-29 19:54:02.665208
4465,2026-06,4,4,207.0,41779.36,36218.490000000005,-5560.869999999995,376.8012077294686,DOWN,87.82,TRAVEL,36.71613526570048,522.04,835.5872,1357.6272,N,TXN_V2.1,2026-06-29,2026-06-29 19:54:02.665208
4466,2026-06,4,4,209.0,53844.5,36763.31,-17081.190000000002,433.5301913875598,DOWN,95.76,RETAIL,35.885071770334925,568.47,1076.89,1645.3600000000001,N,TXN_V2.1,2026-06-29,2026-06-29 19:54:02.665208
4467,2026-06,4,3,177.0,11357.33,27001.14,15643.81,216.7145197740113,UP,29.66,TRAVEL,37.85666666666667,217.1,227.1466,444.2466,N,TXN_V2.1,2026-06-29,2026-06-29 19:54:02.665208
4468,2026-06,3,3,112.0,36896.9,15083.08,-21813.82,464.1069642857143,DOWN,82.72,TRAVEL,50.894285714285715,229.93,737.938,967.8679999999999,N,TXN_V2.1,2026-06-29,2026-06-29 19:54:02.665208
4469,2026-06,3,3,128.0,13252.759999999998,5674.54,-7578.219999999998,147.86953125,DOWN,35.1,RETAIL,35.152890625,171.07,265.05519999999996,436.12519999999995,N,TXN_V2.1,2026-06-29,2026-06-29 19:54:02.665208
4470,2026-06,2,2,102.0,33158.86,3522.0299999999997,-29636.83,359.616568627451,DOWN,77.6,WIRE_TRANSFER_INTL,25.489999999999995,137.62,663.1772,800.7972,N,TXN_V2.1,2026-06-29,2026-06-29 19:54:02.665208
4471,2026-06,3,3,130.0,40206.62,12712.2,-27494.420000000002,407.06784615384623,DOWN,86.58,RETAIL,33.078923076923076,352.44,804.1324000000001,1156.5724,N,TXN_V2.1,2026-06-29,2026-06-29 19:54:02.665208
4472,2026-06,4,4,152.0,32425.760000000002,18664.809999999998,-13760.950000000004,336.1221710526316,DOWN,76.58,RETAIL,46.05250000000001,446.91999999999996,648.5152,1095.4352,N,TXN_V2.1,2026-06-29,2026-06-29 19:54:02.665208
4473,2026-06,3,2,85.0,14613.52,20509.280000000002,5895.760000000002,413.2094117647059,UP,39.26,TRAVEL,34.11494117647058,83.58,292.2704,375.8504,N,TXN_V2.1,2026-06-29,2026-06-29 19:54:02.665208
4474,2026-06,3,3,139.0,26257.61,17431.83,-8825.779999999999,314.3125179856115,DOWN,65.82,RETAIL,34.53309352517985,282.59,525.1522,807.7421999999999,N,TXN_V2.1,2026-06-29,2026-06-29 19:54:02.665208
4475,2026-06,2,2,63.0,11554.86,10661.810000000001,-893.0499999999993,352.6455555555556,STABLE,30.18,GAS_STATION,33.330000000000005,24.21,231.09720000000002,255.30720000000002,N,TXN_V2.1,2026-06-29,2026-06-29 19:54:02.665208
4476,2026-06,1,1,61.0,11478.04,9063.14,-2414.9000000000015,336.7406557377049,DOWN,29.94,RETAIL,37.7,146.91,229.56080000000003,376.47080000000005,N,TXN_V2.1,2026-06-29,2026-06-29 19:54:02.665208
4477,2026-06,1,1,28.0,1298.83,1051.21,-247.6199999999999,83.92999999999999,STABLE,2.8,GAS_STATION,53.57000000000001,95.75,25.976599999999998,121.72659999999999,N,TXN_V2.1,2026-06-29,2026-06-29 19:54:02.665208
4478,2026-06,4,4,164.0,24549.3,11375.19,-13174.109999999999,219.0517682926829,DOWN,62.66,RETAIL,35.363902439024386,328.37,490.986,819.356,N,TXN_V2.1,2026-06-29,2026-06-29 19:54:02.665208
4479,2026-06,3,3,146.0,27568.4,32830.78,5262.379999999997,413.6930136986301,UP,68.54,UTILITIES,43.83452054794521,305.26,551.368,856.628,N,TXN_V2.1,2026-06-29,2026-06-29 19:54:02.665208
4480,2026-06,1,1,57.0,10183.27,12989.75,2806.4799999999996,406.5442105263158,UP,26.5,GROCERY,35.089999999999996,235.21,203.6654,438.8754,N,TXN_V2.1,2026-06-29,2026-06-29 19:54:02.665208
4481,2026-06,3,3,135.0,7999.81,26142.93,18143.12,252.90918518518518,UP,21.88,TRAVEL,39.260962962962964,385.96000000000004,159.99620000000002,545.9562000000001,N,TXN_V2.1,2026-06-29,2026-06-29 19:54:02.665208
4482,2026-06,1,1,21.0,1241.81,9272.77,8030.960000000001,500.6942857142857,UP,2.52,TRAVEL,38.099999999999994,65.08,24.836199999999998,89.9162,N,TXN_V2.1,2026-06-29,2026-06-29 19:54:02.665208
4483,2026-06,4,4,144.0,33100.43,18705.08,-14395.349999999999,359.7604861111111,DOWN,77.46,RESTAURANT,39.58118055555555,450.66,662.0086,1112.6686,N,TXN_V2.1,2026-06-29,2026-06-29 19:54:02.665208
4484,2026-06,1,1,38.0,2623.34,8366.55,5743.209999999999,289.20763157894737,UP,9.52,RETAIL,23.689999999999998,53.44,52.466800000000006,105.9068,N,TXN_V2.1,2026-06-29,2026-06-29 19:54:02.665208
4485,2026-06,1,1,63.0,38375.47,1486.79,-36888.68,632.7342857142858,DOWN,84.78,GROCERY,34.92,106.42,767.5094,873.9294,N,TXN_V2.1,2026-06-29,2026-06-29 19:54:02.665208
4486,2026-06,1,1,50.0,3242.65,10015.81,6773.16,265.1692,UP,11.86,GROCERY,42.0,137.04,64.85300000000001,201.893,N,TXN_V2.1,2026-06-29,2026-06-29 19:54:02.665208
4487,2026-06,3,2,112.0,21178.97,14838.66,-6340.310000000001,321.5859821428572,DOWN,55.04,RESTAURANT,41.967499999999994,215.1,423.5794,638.6794,N,TXN_V2.1,2026-06-29,2026-06-29 19:54:02.665208
4488,2026-06,3,3,129.0,14478.59,29629.95,15151.36,341.9266666666667,UP,38.68,UTILITIES,39.53612403100775,96.91,289.5718,386.4818,N,TXN_V2.1,2026-06-29,2026-06-29 19:54:02.665208
4489,2026-06,3,3,189.0,40237.88,29326.93,-10910.949999999997,368.0677777777778,DOWN,86.62,RETAIL,33.86433862433863,309.07,804.7575999999999,1113.8275999999998,N,TXN_V2.1,2026-06-29,2026-06-29 19:54:02.665208
4490,2026-06,4,4,160.0,22936.68,31518.65,8581.970000000001,340.3458125,UP,59.12,RETAIL,37.502874999999996,362.67,458.7336,821.4036000000001,N,TXN_V2.1,2026-06-29,2026-06-29 19:54:02.665208
4491,2026-06,2,2,51.0,3122.6400000000003,8232.41,5109.7699999999995,222.64803921568625,UP,11.38,RETAIL,47.059999999999995,89.39,62.45280000000001,151.8428,N,TXN_V2.1,2026-06-29,2026-06-29 19:54:02.665208
4492,2026-06,4,4,130.0,8966.4,16251.699999999999,7285.299999999999,193.98538461538462,UP,23.7,TRAVEL,37.69123076923076,345.99,179.328,525.318,N,TXN_V2.1,2026-06-29,2026-06-29 19:54:02.665208
4493,2026-06,2,2,37.0,8434.25,1737.4199999999998,-6696.83,274.91,DOWN,22.56,RETAIL,45.94567567567568,118.83,168.685,287.515,N,TXN_V2.1,2026-06-29,2026-06-29 19:54:02.665208
4494,2026-06,3,3,139.0,34122.64,36161.2,2038.5599999999977,505.63913669064743,STABLE,79.04,RETAIL,39.57194244604317,248.41000000000003,682.4528,930.8628000000001,N,TXN_V2.1,2026-06-29,2026-06-29 19:54:02.665208
4495,2026-06,1,1,32.0,2104.38,9481.21,7376.829999999999,362.0496875,UP,6.9,GROCERY,18.76,31.95,42.0876,74.0376,N,TXN_V2.1,2026-06-29,2026-06-29 19:54:02.665208
4496,2026-06,1,1,58.0,2712.91,11179.17,8466.26,239.51862068965517,UP,9.78,RESTAURANT,39.65,156.12,54.258199999999995,210.3782,N,TXN_V2.1,2026-06-29,2026-06-29 19:54:02.665208
4497,2026-06,1,1,57.0,8907.22,9448.13,540.9099999999999,322.0236842105263,STABLE,23.52,GROCERY,43.86,216.88,178.1444,395.0244,N,TXN_V2.1,2026-06-29,2026-06-29 19:54:02.665208
4498,2026-06,4,4,164.0,24486.870000000003,21338.88,-3147.9900000000016,279.4253048780488,DOWN,62.54,UTILITIES,32.92853658536585,332.3,489.73740000000004,822.0374,N,TXN_V2.1,2026-06-29,2026-06-29 19:54:02.665208
4499,2026-06,1,1,48.0,2501.8,10092.38,7590.579999999999,262.37875,UP,8.98,RETAIL,37.5,52.41,50.036,102.446,N,TXN_V2.1,2026-06-29,2026-06-29 19:54:02.665208
4500,2026-06,4,4,199.0,20196.63,11822.130000000001,-8374.5,160.89829145728643,DOWN,52.56,RESTAURANT,38.190703517587934,312.76,403.93260000000004,716.6926000000001,N,TXN_V2.1,2026-06-29,2026-06-29 19:54:02.665208
4501,2026-06,4,4,200.0,34349.71,19571.09,-14778.619999999999,269.60400000000004,DOWN,79.32,TRAVEL,40.99815,380.77,686.9942,1067.7642,N,TXN_V2.1,2026-06-29,2026-06-29 19:54:02.665208
4502,2026-06,4,3,217.0,30815.249999999996,36713.64,5898.390000000003,311.19304147465436,UP,73.88,RETAIL,36.86304147465438,333.83,616.305,950.135,N,TXN_V2.1,2026-06-29,2026-06-29 19:54:02.665208
4503,2026-06,3,3,178.0,33402.04,39445.97,6043.93,409.2584831460675,UP,78.0,UTILITIES,35.395337078651686,452.93,668.0408,1120.9708,N,TXN_V2.1,2026-06-29,2026-06-29 19:54:02.665208
4504,2026-06,3,3,137.0,31186.760000000002,5216.200000000001,-25970.56,265.7150364963504,DOWN,74.54,TRAVEL,40.88065693430657,267.65999999999997,623.7352000000001,891.3952,N,TXN_V2.1,2026-06-29,2026-06-29 19:54:02.665208
4505,2026-06,1,1,66.0,5464.37,11674.14,6209.7699999999995,259.6743939393939,UP,17.26,GROCERY,33.33,115.94,109.2874,225.2274,N,TXN_V2.1,2026-06-29,2026-06-29 19:54:02.665208
4506,2026-06,3,3,106.0,46038.03,23330.72,-22707.309999999998,654.4221698113207,DOWN,91.42,RETAIL,33.96292452830189,400.47,920.7606,1321.2305999999999,N,TXN_V2.1,2026-06-29,2026-06-29 19:54:02.665208
4507,2026-06,1,0,65.0,3945.97,4804.91,858.94,134.62892307692306,UP,13.86,TRAVEL,44.61,74.91,78.9194,153.8294,N,TXN_V2.1,2026-06-29,2026-06-29 19:54:02.665208
4508,2026-06,1,1,36.0,1948.42,30508.2,28559.78,901.5727777777779,UP,6.06,ENTERTAINMENT,25.0,119.58,38.9684,158.54840000000002,N,TXN_V2.1,2026-06-29,2026-06-29 19:54:02.665208
4509,2026-06,1,1,53.0,11239.17,3335.27,-7903.9,274.9894339622642,DOWN,29.4,RESTAURANT,39.63,127.94,224.7834,352.72339999999997,N,TXN_V2.1,2026-06-29,2026-06-29 19:54:02.665208
4510,2026-06,1,1,42.0,1877.13,14448.69,12571.560000000001,388.71,UP,5.76,GROCERY,47.61,51.89,37.5426,89.43260000000001,N,TXN_V2.1,2026-06-29,2026-06-29 19:54:02.665208
4511,2026-06,4,4,136.0,53322.130000000005,13082.5,-40239.630000000005,488.26933823529413,DOWN,95.58,RETAIL,36.767426470588234,187.25,1066.4426,1253.6926,N,TXN_V2.1,2026-06-29,2026-06-29 19:54:02.665208
4512,2026-06,1,1,68.0,13273.81,12439.93,-833.8799999999992,378.14323529411763,STABLE,35.18,TRAVEL,44.120000000000005,183.97,265.4762,449.4462,N,TXN_V2.1,2026-06-29,2026-06-29 19:54:02.665208
4513,2026-06,3,2,144.0,35604.03,9960.86,-25643.17,316.42284722222223,DOWN,80.76,RETAIL,34.024166666666666,334.48,712.0806,1046.5606,N,TXN_V2.1,2026-06-29,2026-06-29 19:54:02.665208
4514,2026-06,1,1,51.0,1990.9,3513.41,1522.5099999999998,107.92764705882352,UP,6.3,GAS_STATION,37.260000000000005,215.88,39.818000000000005,255.698,N,TXN_V2.1,2026-06-29,2026-06-29 19:54:02.665208
4515,2026-06,4,4,203.0,24389.22,28588.17,4198.949999999997,260.9723645320197,UP,62.28,TRAVEL,38.422167487684725,462.27,487.7844,950.0544,N,TXN_V2.1,2026-06-29,2026-06-29 19:54:02.665208
4516,2026-06,2,2,125.0,22358.34,26154.47,3796.130000000001,388.10247999999996,UP,57.72,RESTAURANT,38.404160000000005,339.8,447.1668,786.9668,N,TXN_V2.1,2026-06-29,2026-06-29 19:54:02.665208
4517,2026-06,2,2,103.0,30260.449999999997,21231.0,-9029.449999999997,499.9169902912621,DOWN,73.02,RETAIL,33.98,164.64999999999998,605.209,769.8589999999999,N,TXN_V2.1,2026-06-29,2026-06-29 19:54:02.665208
4518,2026-06,4,4,184.0,39636.73,40305.29,668.5599999999977,434.46750000000003,STABLE,86.06,TRAVEL,41.301684782608696,350.4,792.7346000000001,1143.1346,N,TXN_V2.1,2026-06-29,2026-06-29 19:54:02.665208
4519,2026-06,3,2,100.0,12536.93,4085.6899999999996,-8451.240000000002,166.22619999999998,DOWN,32.92,TRAVEL,35.0009,339.61,250.73860000000002,590.3486,N,TXN_V2.1,2026-06-29,2026-06-29 19:54:02.665208
4520,2026-06,1,0,24.0,1154.25,10732.25,9578.0,495.2708333333333,UP,2.1,GROCERY,25.0,61.22,23.085,84.305,N,TXN_V2.1,2026-06-29,2026-06-29 19:54:02.665208
4521,2026-06,2,2,78.0,31066.67,26201.6,-4865.07,734.2085897435898,DOWN,74.4,TRAVEL,41.027692307692305,165.8,621.3334,787.1333999999999,N,TXN_V2.1,2026-06-29,2026-06-29 19:54:02.665208
4522,2026-06,1,1,36.0,11341.09,906.61,-10434.48,340.2138888888889,DOWN,29.54,CRYPTO_EXCHANGE,38.88,74.42,226.8218,301.2418,N,TXN_V2.1,2026-06-29,2026-06-29 19:54:02.665208
4523,2026-06,1,1,63.0,12048.79,2114.9,-9933.890000000001,224.8204761904762,DOWN,31.48,RETAIL,52.379999999999995,144.75,240.97580000000002,385.72580000000005,N,TXN_V2.1,2026-06-29,2026-06-29 19:54:02.665208
4524,2026-06,2,2,123.0,21610.510000000002,9744.07,-11866.440000000002,254.91528455284555,DOWN,55.98,HEALTHCARE,33.33146341463415,169.7,432.21020000000004,601.9102,N,TXN_V2.1,2026-06-29,2026-06-29 19:54:02.665208
4525,2026-06,4,4,166.0,41415.899999999994,40666.28,-749.6199999999953,494.47096385542164,STABLE,87.5,UTILITIES,41.562289156626505,459.3,828.3179999999999,1287.618,N,TXN_V2.1,2026-06-29,2026-06-29 19:54:02.665208
4526,2026-06,1,1,62.0,23535.77,1657.54,-21878.23,406.3437096774194,DOWN,60.5,HEALTHCARE,38.709999999999994,162.23,470.71540000000005,632.9454000000001,N,TXN_V2.1,2026-06-29,2026-06-29 19:54:02.665208
4527,2026-06,2,2,66.0,21636.48,23896.62,2260.1399999999994,689.8954545454545,STABLE,56.04,HEALTHCARE,39.39242424242425,36.55,432.7296,469.2796,N,TXN_V2.1,2026-06-29,2026-06-29 19:54:02.665208
4528,2026-06,3,3,147.0,17631.04,9952.56,-7678.480000000001,187.64353741496598,DOWN,46.98,INSURANCE,34.012244897959185,243.01,352.62080000000003,595.6308,N,TXN_V2.1,2026-06-29,2026-06-29 19:54:02.665208
4529,2026-06,1,1,39.0,2981.13,1536.24,-1444.89,115.83,DOWN,10.76,GAS_STATION,46.150000000000006,24.0,59.622600000000006,83.6226,N,TXN_V2.1,2026-06-29,2026-06-29 19:54:02.665208
4530,2026-06,1,1,17.0,8926.75,589.62,-8337.13,559.7864705882354,DOWN,23.6,RETAIL,41.17999999999999,0.0,178.535,178.535,N,TXN_V2.1,2026-06-29,2026-06-29 19:54:02.665208
4531,2026-06,3,3,169.0,35744.94,14206.28,-21538.660000000003,295.56934911242604,DOWN,81.04,RESTAURANT,40.236804733727816,566.5799999999999,714.8988,1281.4787999999999,N,TXN_V2.1,2026-06-29,2026-06-29 19:54:02.665208
4532,2026-06,1,1,49.0,2503.82,2756.23,252.40999999999985,107.34795918367347,STABLE,9.02,GROCERY,28.57,146.08,50.07640000000001,196.15640000000002,N,TXN_V2.1,2026-06-29,2026-06-29 19:54:02.665208
4533,2026-06,2,2,70.0,31038.690000000002,11736.72,-19301.97,611.0772857142857,DOWN,74.34,RESTAURANT,32.858,130.58,620.7738,751.3538000000001,N,TXN_V2.1,2026-06-29,2026-06-29 19:54:02.665208
4534,2026-06,2,2,83.0,18411.27,18806.91,395.6399999999994,448.4118072289157,STABLE,48.76,UTILITIES,30.12265060240964,95.69,368.22540000000004,463.91540000000003,N,TXN_V2.1,2026-06-29,2026-06-29 19:54:02.665208
4535,2026-06,1,1,40.0,3511.49,1457.74,-2053.75,124.23074999999999,DOWN,12.54,GROCERY,47.5,36.76,70.2298,106.9898,N,TXN_V2.1,2026-06-29,2026-06-29 19:54:02.665208
4536,2026-06,4,4,221.0,53774.04,51073.72,-2700.3199999999997,474.4242533936652,DOWN,95.72,RETAIL,39.819638009049775,590.45,1075.4808,1665.9308,N,TXN_V2.1,2026-06-29,2026-06-29 19:54:02.665208
4537,2026-06,2,2,82.0,4155.57,23022.99,18867.420000000002,331.4458536585366,UP,14.62,RESTAURANT,32.9290243902439,255.35999999999999,83.11139999999999,338.47139999999996,N,TXN_V2.1,2026-06-29,2026-06-29 19:54:02.665208
4538,2026-06,1,1,59.0,18348.62,1945.39,-16403.23,343.9662711864407,DOWN,48.56,UTILITIES,40.67,60.13,366.9724,427.1024,N,TXN_V2.1,2026-06-29,2026-06-29 19:54:02.665208
4539,2026-06,4,4,207.0,23752.61,17991.870000000003,-5760.739999999998,201.664154589372,DOWN,60.92,RETAIL,34.30024154589372,609.4,475.0522,1084.4522,N,TXN_V2.1,2026-06-29,2026-06-29 19:54:02.665208
4540,2026-06,4,4,146.0,15948.240000000002,6782.5,-9165.740000000002,155.69,DOWN,43.06,UTILITIES,43.83623287671233,212.35,318.9648,531.3148,N,TXN_V2.1,2026-06-29,2026-06-29 19:54:02.665208
4541,2026-06,4,4,213.0,55644.65,30364.35,-25280.300000000003,403.7981220657277,DOWN,96.38,RETAIL,38.499154929577465,423.79,1112.893,1536.683,N,TXN_V2.1,2026-06-29,2026-06-29 19:54:02.665208
4542,2026-06,2,2,96.0,28191.92,4396.77,-23795.149999999998,339.4655208333333,DOWN,69.72,UTILITIES,36.455312500000005,129.1,563.8384,692.9384,N,TXN_V2.1,2026-06-29,2026-06-29 19:54:02.665208
4543,2026-06,2,2,116.0,12501.199999999999,26539.9,14038.700000000003,336.5612068965517,UP,32.7,UTILITIES,37.92879310344828,298.75,250.02399999999997,548.774,N,TXN_V2.1,2026-06-29,2026-06-29 19:54:02.665208
4544,2026-06,2,2,105.0,15624.66,12124.89,-3499.7700000000004,264.2814285714286,DOWN,42.04,GROCERY,41.90314285714285,171.76000000000002,312.4932,484.2532,N,TXN_V2.1,2026-06-29,2026-06-29 19:54:02.665208
4545,2026-06,4,4,199.0,55104.2,29320.81,-25783.389999999996,424.24628140703516,DOWN,96.24,TRAVEL,39.69688442211055,410.96000000000004,1102.084,1513.044,N,TXN_V2.1,2026-06-29,2026-06-29 19:54:02.665208
4546,2026-06,2,2,84.0,13029.73,11702.67,-1327.0599999999995,294.43333333333334,STABLE,34.42,HEALTHCARE,54.767380952380954,128.29,260.5946,388.8846,N,TXN_V2.1,2026-06-29,2026-06-29 19:54:02.665208
4547,2026-06,4,4,170.0,21159.449999999997,21371.579999999998,212.13000000000102,250.1825294117647,STABLE,54.96,UTILITIES,34.70535294117647,502.59999999999997,423.18899999999996,925.789,N,TXN_V2.1,2026-06-29,2026-06-29 19:54:02.665208
4548,2026-06,3,3,106.0,19133.27,4731.01,-14402.26,225.13471698113207,DOWN,50.44,RESTAURANT,43.398113207547176,208.59,382.66540000000003,591.2554,N,TXN_V2.1,2026-06-29,2026-06-29 19:54:02.665208
4549,2026-06,4,4,185.0,36298.08,47863.810000000005,11565.730000000003,454.9291351351352,UP,81.84,UTILITIES,45.406486486486486,525.78,725.9616000000001,1251.7416,N,TXN_V2.1,2026-06-29,2026-06-29 19:54:02.665208
4550,2026-06,3,3,140.0,9879.71,7007.95,-2871.7599999999993,120.62614285714285,DOWN,25.78,RESTAURANT,36.424,222.59,197.5942,420.18420000000003,N,TXN_V2.1,2026-06-29,2026-06-29 19:54:02.665208
4551,2026-06,4,4,153.0,22968.149999999998,9109.5,-13858.649999999998,209.6578431372549,DOWN,59.16,WIRE_TRANSFER_INTL,34.638300653594776,271.57,459.36299999999994,730.933,N,TXN_V2.1,2026-06-29,2026-06-29 19:54:02.665208
4552,2026-06,3,3,190.0,54470.7,9139.48,-45331.22,334.79042105263153,DOWN,96.0,GAS_STATION,36.83726315789474,574.19,1089.414,1663.604,N,TXN_V2.1,2026-06-29,2026-06-29 19:54:02.665208
4553,2026-06,2,2,85.0,16533.89,10151.259999999998,-6382.630000000001,313.9429411764706,DOWN,44.52,RETAIL,43.52729411764705,185.10999999999999,330.6778,515.7878,N,TXN_V2.1,2026-06-29,2026-06-29 19:54:02.665208
4554,2026-06,1,1,25.0,9129.31,1373.88,-7755.429999999999,420.1276,DOWN,24.08,EDUCATION,44.0,0.0,182.5862,182.5862,N,TXN_V2.1,2026-06-29,2026-06-29 19:54:02.665208
4555,2026-06,3,3,119.0,33814.76,5949.2,-27865.56,334.1509243697479,DOWN,78.64,GROCERY,45.37966386554621,170.32,676.2952,846.6152,N,TXN_V2.1,2026-06-29,2026-06-29 19:54:02.665208
4556,2026-06,1,1,51.0,3806.26,9008.94,5202.68,251.27843137254902,UP,13.44,GROCERY,33.339999999999996,130.33,76.1252,206.45520000000002,N,TXN_V2.1,2026-06-29,2026-06-29 19:54:02.665208
4557,2026-06,2,1,78.0,12518.45,4044.89,-8473.560000000001,212.35051282051282,DOWN,32.78,RETAIL,42.30384615384615,245.96,250.36900000000003,496.32900000000006,N,TXN_V2.1,2026-06-29,2026-06-29 19:54:02.665208
4558,2026-06,3,3,96.0,26510.25,26862.94,352.6899999999987,555.9707291666667,STABLE,66.34,RETAIL,41.665104166666666,292.7,530.205,822.905,N,TXN_V2.1,2026-06-29,2026-06-29 19:54:02.665208
4559,2026-06,2,2,121.0,20770.46,24799.57,4029.1100000000006,376.6118181818182,UP,53.86,RESTAURANT,33.058677685950414,261.28,415.4092,676.6892,N,TXN_V2.1,2026-06-29,2026-06-29 19:54:02.665208
4560,2026-06,3,3,117.0,11901.210000000001,13814.02,1912.8099999999995,219.78829059829062,UP,31.14,RETAIL,36.75282051282051,232.63,238.02420000000004,470.65420000000006,N,TXN_V2.1,2026-06-29,2026-06-29 19:54:02.665208
4561,2026-06,1,1,45.0,8373.97,11446.14,3072.17,440.4468888888889,UP,22.5,HEALTHCARE,35.559999999999995,59.1,167.4794,226.5794,N,TXN_V2.1,2026-06-29,2026-06-29 19:54:02.665208
4562,2026-06,2,2,98.0,5554.63,13863.849999999999,8309.219999999998,198.1477551020408,UP,17.52,RETAIL,38.775612244897964,194.95,111.0926,306.0426,N,TXN_V2.1,2026-06-29,2026-06-29 19:54:02.665208
4563,2026-06,3,3,133.0,6553.2699999999995,36932.79,30379.52,326.9628571428571,UP,19.58,UTILITIES,40.59954887218045,298.25,131.06539999999998,429.31539999999995,N,TXN_V2.1,2026-06-29,2026-06-29 19:54:02.665208
4564,2026-06,4,4,221.0,23418.35,35152.619999999995,11734.269999999997,265.0270135746606,UP,60.16,RETAIL,37.55769230769231,594.19,468.36699999999996,1062.557,N,TXN_V2.1,2026-06-29,2026-06-29 19:54:02.665208
4565,2026-06,1,1,64.0,2808.86,14931.0,12122.14,277.1853125,UP,10.12,GAS_STATION,35.94,275.18,56.177200000000006,331.35720000000003,N,TXN_V2.1,2026-06-29,2026-06-29 19:54:02.665208
4566,2026-06,4,4,190.0,17988.05,27576.95,9588.900000000001,239.81578947368422,UP,47.78,RETAIL,32.10421052631578,455.65999999999997,359.76099999999997,815.4209999999999,N,TXN_V2.1,2026-06-29,2026-06-29 19:54:02.665208
4567,2026-06,1,1,67.0,4191.0,11636.4,7445.4,236.22985074626865,UP,14.72,GROCERY,35.82,94.92,83.82000000000001,178.74,N,TXN_V2.1,2026-06-29,2026-06-29 19:54:02.665208
4568,2026-06,4,4,179.0,46280.86,26069.44,-20211.420000000002,404.1916201117319,DOWN,91.6,UTILITIES,39.10296089385474,575.76,925.6172,1501.3772,N,TXN_V2.1,2026-06-29,2026-06-29 19:54:02.665208
4569,2026-06,3,3,128.0,14594.15,25190.6,10596.449999999999,310.818359375,UP,39.2,GROCERY,37.4984375,144.13,291.883,436.013,N,TXN_V2.1,2026-06-29,2026-06-29 19:54:02.665208
4570,2026-06,3,3,102.0,11666.1,4759.07,-6907.030000000001,161.03107843137252,DOWN,30.42,RESTAURANT,28.434901960784316,525.14,233.322,758.462,N,TXN_V2.1,2026-06-29,2026-06-29 19:54:02.665208
4571,2026-06,2,2,90.0,16626.43,25540.51,8914.079999999998,468.5215555555556,UP,44.66,RESTAURANT,35.55244444444444,120.64,332.52860000000004,453.1686,N,TXN_V2.1,2026-06-29,2026-06-29 19:54:02.665208
4572,2026-06,4,3,127.0,55787.39,5372.0599999999995,-50415.33,481.57047244094485,DOWN,96.4,UTILITIES,47.24417322834646,253.96,1115.7478,1369.7078000000001,N,TXN_V2.1,2026-06-29,2026-06-29 19:54:02.665208
4573,2026-06,4,4,193.0,28667.84,7479.67,-21188.17,187.29279792746115,DOWN,70.52,TRAVEL,29.01984455958549,513.03,573.3568,1086.3868,N,TXN_V2.1,2026-06-29,2026-06-29 19:54:02.665208
4574,2026-06,2,2,105.0,36225.77,4533.55,-31692.219999999998,388.18399999999997,DOWN,81.74,GAS_STATION,40.00171428571429,384.9,724.5154,1109.4153999999999,N,TXN_V2.1,2026-06-29,2026-06-29 19:54:02.665208
4575,2026-06,4,4,126.0,7339.82,17569.58,10229.760000000002,197.69365079365082,UP,20.8,TRAVEL,26.982936507936508,407.04999999999995,146.7964,553.8463999999999,N,TXN_V2.1,2026-06-29,2026-06-29 19:54:02.665208
4576,2026-06,1,1,40.0,1636.8,2896.8,1260.0000000000002,113.34,UP,4.3,RESTAURANT,37.5,90.3,32.736,123.036,N,TXN_V2.1,2026-06-29,2026-06-29 19:54:02.665208
4577,2026-06,1,1,26.0,1839.05,518.01,-1321.04,90.65615384615384,DOWN,5.52,GROCERY,19.230000000000004,43.71,36.781,80.491,N,TXN_V2.1,2026-06-29,2026-06-29 19:54:02.665208
4578,2026-06,2,2,108.0,12818.78,36800.72,23981.940000000002,459.43981481481484,UP,33.7,TRAVEL,33.334074074074074,159.38,256.3756,415.7556,N,TXN_V2.1,2026-06-29,2026-06-29 19:54:02.665208
4579,2026-06,4,3,123.0,15895.45,36898.65,21003.2,429.22032520325206,UP,42.94,RETAIL,40.654146341463424,388.0,317.90900000000005,705.9090000000001,N,TXN_V2.1,2026-06-29,2026-06-29 19:54:02.665208
4580,2026-06,1,1,43.0,1926.33,9774.68,7848.35,272.11651162790696,UP,5.98,GAS_STATION,37.21,106.25,38.5266,144.7766,N,TXN_V2.1,2026-06-29,2026-06-29 19:54:02.665208
4581,2026-06,3,3,149.0,27673.4,20428.84,-7244.560000000001,322.83382550335574,DOWN,68.7,TRAVEL,39.59731543624161,201.22,553.4680000000001,754.6880000000001,N,TXN_V2.1,2026-06-29,2026-06-29 19:54:02.665208
4582,2026-06,1,1,61.0,20988.35,9721.85,-11266.499999999998,503.44590163934424,DOWN,54.56,GROCERY,36.06000000000001,67.99,419.767,487.757,N,TXN_V2.1,2026-06-29,2026-06-29 19:54:02.665208
4583,2026-06,4,3,180.0,17117.63,17287.39,169.7599999999984,191.139,STABLE,45.6,GROCERY,37.782611111111116,445.23999999999995,342.35260000000005,787.5926,N,TXN_V2.1,2026-06-29,2026-06-29 19:54:02.665208
4584,2026-06,3,3,118.0,17495.66,44941.340000000004,27445.680000000004,529.1271186440678,UP,46.76,GROCERY,36.44406779661017,335.2,349.9132,685.1132,N,TXN_V2.1,2026-06-29,2026-06-29 19:54:02.665208
4585,2026-06,2,2,62.0,11571.65,2674.6400000000003,-8897.009999999998,229.77887096774194,DOWN,30.24,GROCERY,33.86774193548388,148.16,231.433,379.59299999999996,N,TXN_V2.1,2026-06-29,2026-06-29 19:54:02.665208
4586,2026-06,1,1,26.0,2394.0,958.11,-1435.8899999999999,128.9273076923077,DOWN,8.28,GAS_STATION,23.07,117.42,47.88,165.3,N,TXN_V2.1,2026-06-29,2026-06-29 19:54:02.665208
4587,2026-06,1,1,31.0,2301.33,7589.77,5288.4400000000005,319.06774193548387,UP,7.88,GROCERY,48.39,116.46,46.0266,162.4866,N,TXN_V2.1,2026-06-29,2026-06-29 19:54:02.665208
4588,2026-06,3,3,133.0,8816.94,18051.76,9234.819999999998,202.0203007518797,UP,23.32,RETAIL,36.08992481203008,302.02,176.33880000000002,478.3588,N,TXN_V2.1,2026-06-29,2026-06-29 19:54:02.665208
4589,2026-06,2,2,56.0,3012.92,14054.13,11041.21,304.76875,UP,10.92,RESTAURANT,41.06892857142857,195.6,60.2584,255.8584,N,TXN_V2.1,2026-06-29,2026-06-29 19:54:02.665208
4590,2026-06,3,3,93.0,13245.34,4496.15,-8749.19,190.76870967741934,DOWN,35.08,UTILITIES,32.25838709677419,178.74,264.90680000000003,443.64680000000004,N,TXN_V2.1,2026-06-29,2026-06-29 19:54:02.665208
4591,2026-06,3,3,159.0,21482.129999999997,31082.5,9600.370000000003,330.59515723270437,UP,55.64,TRAVEL,42.13962264150943,350.12,429.64259999999996,779.7626,N,TXN_V2.1,2026-06-29,2026-06-29 19:54:02.665208
4592,2026-06,1,1,26.0,8727.87,2096.55,-6631.320000000001,416.3238461538462,DOWN,23.14,WIRE_TRANSFER_INTL,53.849999999999994,57.05,174.55740000000003,231.60740000000004,N,TXN_V2.1,2026-06-29,2026-06-29 19:54:02.665208
4593,2026-06,1,1,32.0,2038.59,23386.3,21347.71,794.5278125,UP,6.56,GROCERY,34.38,128.08,40.7718,168.85180000000003,N,TXN_V2.1,2026-06-29,2026-06-29 19:54:02.665208
4594,2026-06,1,1,21.0,2718.2,155.19,-2563.0099999999998,136.82809523809524,DOWN,9.82,HEALTHCARE,52.38,59.07,54.364,113.434,N,TXN_V2.1,2026-06-29,2026-06-29 19:54:02.665208
4595,2026-06,1,1,62.0,11970.88,14765.63,2794.75,431.2340322580645,UP,31.38,HEALTHCARE,35.480000000000004,123.76,239.4176,363.1776,N,TXN_V2.1,2026-06-29,2026-06-29 19:54:02.665208
4596,2026-06,3,3,151.0,30514.56,18805.34,-11709.220000000001,326.62185430463575,DOWN,73.4,UTILITIES,39.07225165562914,99.05,610.2912,709.3412,N,TXN_V2.1,2026-06-29,2026-06-29 19:54:02.665208
4597,2026-06,2,2,77.0,1944.46,27009.21,25064.75,376.0216883116883,UP,6.02,GROCERY,36.3603896103896,166.93,38.8892,205.81920000000002,N,TXN_V2.1,2026-06-29,2026-06-29 19:54:02.665208
4598,2026-06,3,3,189.0,24082.28,47963.54,23881.260000000002,381.19481481481483,UP,61.56,RESTAURANT,34.392698412698415,488.49,481.6456,970.1356000000001,N,TXN_V2.1,2026-06-29,2026-06-29 19:54:02.665208
4599,2026-06,4,3,121.0,14539.46,21701.5,7162.040000000001,299.51206611570245,UP,38.96,RETAIL,40.492396694214875,229.02,290.7892,519.8092,N,TXN_V2.1,2026-06-29,2026-06-29 19:54:02.665208
4600,2026-06,3,3,173.0,56077.119999999995,27661.2,-28415.919999999995,484.03653179190746,DOWN,96.48,RESTAURANT,35.838728323699414,335.06,1121.5424,1456.6024,N,TXN_V2.1,2026-06-29,2026-06-29 19:54:02.665208
4601,2026-06,4,4,178.0,11936.01,8535.189999999999,-3400.8200000000015,115.0067415730337,DOWN,31.3,RESTAURANT,42.69651685393258,465.02,238.7202,703.7402,N,TXN_V2.1,2026-06-29,2026-06-29 19:54:02.665208
4602,2026-06,4,4,198.0,27532.44,25380.21,-2152.2299999999996,267.235606060606,DOWN,68.44,TRAVEL,32.82762626262626,446.7,550.6487999999999,997.3488,N,TXN_V2.1,2026-06-29,2026-06-29 19:54:02.665208
4603,2026-06,2,2,97.0,17141.260000000002,9927.34,-7213.920000000002,279.05773195876293,DOWN,45.74,GROCERY,46.39103092783505,242.4,342.82520000000005,585.2252000000001,N,TXN_V2.1,2026-06-29,2026-06-29 19:54:02.665208
4604,2026-06,4,3,157.0,42028.71,13894.5,-28134.21,356.1987898089172,DOWN,88.08,UTILITIES,30.574458598726117,401.42,840.5742,1241.9942,N,TXN_V2.1,2026-06-29,2026-06-29 19:54:02.665208
4605,2026-06,2,2,138.0,17145.84,19959.83,2813.9900000000016,268.88166666666666,UP,45.76,UTILITIES,39.85442028985507,354.42999999999995,342.9168,697.3468,N,TXN_V2.1,2026-06-29,2026-06-29 19:54:02.665208
4606,2026-06,1,1,20.0,751.04,1585.16,834.1200000000001,116.80999999999999,UP,0.64,GROCERY,50.0,0.0,15.0208,15.0208,N,TXN_V2.1,2026-06-29,2026-06-29 19:54:02.665208
4607,2026-06,3,2,94.0,6123.41,4303.63,-1819.7799999999997,110.92595744680852,DOWN,18.76,RESTAURANT,42.55510638297872,260.45,122.4682,382.91819999999996,N,TXN_V2.1,2026-06-29,2026-06-29 19:54:02.665208
4608,2026-06,4,4,166.0,45668.81,24089.010000000002,-21579.799999999996,420.2278313253012,DOWN,91.04,TRAVEL,37.348313253012044,437.72,913.3761999999999,1351.0962,N,TXN_V2.1,2026-06-29,2026-06-29 19:54:02.665208
4609,2026-06,1,1,60.0,2023.15,18700.8,16677.649999999998,345.3991666666667,UP,6.4,GROCERY,45.0,148.17,40.463,188.63299999999998,N,TXN_V2.1,2026-06-29,2026-06-29 19:54:02.665208
4610,2026-06,1,1,70.0,4085.5,2959.66,-1125.8400000000001,100.64514285714286,DOWN,14.32,GROCERY,40.0,214.16,81.71000000000001,295.87,N,TXN_V2.1,2026-06-29,2026-06-29 19:54:02.665208
4611,2026-06,1,1,24.0,814.38,2450.2,1635.8199999999997,136.02416666666667,UP,0.86,GAS_STATION,58.34,23.41,16.2876,39.6976,N,TXN_V2.1,2026-06-29,2026-06-29 19:54:02.665208
4612,2026-06,3,2,133.0,33188.53,40713.520000000004,7524.990000000005,555.6545112781955,UP,77.62,TRAVEL,32.33248120300752,394.42999999999995,663.7706,1058.2006,N,TXN_V2.1,2026-06-29,2026-06-29 19:54:02.665208
4613,2026-06,4,4,152.0,17388.23,16693.07,-695.1599999999999,224.21907894736844,STABLE,46.42,RESTAURANT,39.47394736842106,457.62,347.7646,805.3846,N,TXN_V2.1,2026-06-29,2026-06-29 19:54:02.665208
4614,2026-06,2,2,101.0,19699.16,16896.059999999998,-2803.100000000002,362.3289108910891,DOWN,51.58,GROCERY,37.626633663366334,138.2,393.9832,532.1831999999999,N,TXN_V2.1,2026-06-29,2026-06-29 19:54:02.665208
4615,2026-06,1,1,67.0,24104.95,2509.59,-21595.36,397.2319402985075,DOWN,61.6,ENTERTAINMENT,38.81,83.16,482.09900000000005,565.259,N,TXN_V2.1,2026-06-29,2026-06-29 19:54:02.665208
4616,2026-06,3,3,175.0,30408.379999999997,39964.079999999994,9555.699999999997,402.1283428571428,UP,73.24,UTILITIES,36.57114285714286,407.38,608.1676,1015.5476,N,TXN_V2.1,2026-06-29,2026-06-29 19:54:02.665208
4617,2026-06,2,1,54.0,19847.67,8904.55,-10943.119999999999,532.4485185185184,DOWN,51.9,INSURANCE,46.291481481481476,87.13,396.9534,484.0834,N,TXN_V2.1,2026-06-29,2026-06-29 19:54:02.665208
4618,2026-06,1,1,63.0,10821.41,2039.13,-8782.279999999999,204.13555555555556,DOWN,28.32,GAMBLING,38.09,134.05,216.4282,350.4782,N,TXN_V2.1,2026-06-29,2026-06-29 19:54:02.665208
4619,2026-06,4,4,161.0,20229.78,8324.39,-11905.39,177.35509316770185,DOWN,52.66,UTILITIES,34.782360248447205,439.18,404.5956,843.7755999999999,N,TXN_V2.1,2026-06-29,2026-06-29 19:54:02.665208
4620,2026-06,4,4,179.0,47316.02,31970.64,-15345.379999999997,442.94223463687155,DOWN,92.3,TRAVEL,41.90033519553072,275.97999999999996,946.3204,1222.3003999999999,N,TXN_V2.1,2026-06-29,2026-06-29 19:54:02.665208
4621,2026-06,4,4,181.0,37555.39,48663.18,11107.79,476.34569060773487,UP,83.7,RESTAURANT,39.782265193370165,467.21000000000004,751.1078,1218.3178,N,TXN_V2.1,2026-06-29,2026-06-29 19:54:02.665208
4622,2026-06,3,3,176.0,9891.18,43530.740000000005,33639.560000000005,303.5336363636364,UP,25.84,RESTAURANT,37.50090909090909,572.24,197.8236,770.0636,N,TXN_V2.1,2026-06-29,2026-06-29 19:54:02.665208
4623,2026-06,2,2,101.0,9883.939999999999,13520.22,3636.2800000000007,231.72435643564353,UP,25.8,RETAIL,33.66227722772277,135.45999999999998,197.67879999999997,333.13879999999995,N,TXN_V2.1,2026-06-29,2026-06-29 19:54:02.665208
4624,2026-06,2,2,81.0,9511.17,21327.36,11816.19,380.7225925925926,UP,24.9,UTILITIES,41.97518518518518,159.86,190.2234,350.0834,N,TXN_V2.1,2026-06-29,2026-06-29 19:54:02.665208
4625,2026-06,4,4,155.0,43291.79,43756.89,465.09999999999854,561.6043870967742,STABLE,89.2,RESTAURANT,34.19716129032258,298.09000000000003,865.8358000000001,1163.9258,N,TXN_V2.1,2026-06-29,2026-06-29 19:54:02.665208
4626,2026-06,1,1,64.0,3277.27,3461.21,183.94000000000005,105.28875,STABLE,11.96,RESTAURANT,37.5,217.45,65.5454,282.9954,N,TXN_V2.1,2026-06-29,2026-06-29 19:54:02.665208
4627,2026-06,3,2,67.0,24653.88,2605.38,-22048.5,406.85462686567166,DOWN,62.84,TRAVEL,34.32925373134328,202.68,493.0776,695.7576,N,TXN_V2.1,2026-06-29,2026-06-29 19:54:02.665208
4628,2026-06,4,4,157.0,68503.20999999999,29132.43,-39370.77999999999,621.8830573248407,DOWN,99.16,UTILITIES,35.666624203821655,444.4,1370.0641999999998,1814.4642,N,TXN_V2.1,2026-06-29,2026-06-29 19:54:02.665208
4629,2026-06,3,3,187.0,9861.05,52117.64,42256.59,331.4368449197861,UP,25.76,UTILITIES,34.758609625668456,401.56,197.221,598.781,N,TXN_V2.1,2026-06-29,2026-06-29 19:54:02.665208
4630,2026-06,2,2,94.0,6713.3099999999995,4842.63,-1870.6799999999994,122.9355319148936,DOWN,19.76,GROCERY,37.23106382978723,93.2,134.2662,227.46620000000001,N,TXN_V2.1,2026-06-29,2026-06-29 19:54:02.665208
4631,2026-06,4,4,150.0,38104.08,38801.47,697.3899999999994,512.7036666666667,STABLE,84.5,UTILITIES,38.666133333333335,659.35,762.0816000000001,1421.4316000000001,N,TXN_V2.1,2026-06-29,2026-06-29 19:54:02.665208
4632,2026-06,3,3,85.0,3908.45,24454.73,20546.28,333.6844705882353,UP,13.76,TRAVEL,38.821882352941174,125.75999999999999,78.169,203.92899999999997,N,TXN_V2.1,2026-06-29,2026-06-29 19:54:02.665208
4633,2026-06,1,1,20.0,756.01,1038.04,282.03,89.7025,STABLE,0.68,GROCERY,50.0,84.21,15.1202,99.33019999999999,N,TXN_V2.1,2026-06-29,2026-06-29 19:54:02.665208
4634,2026-06,4,4,181.0,48551.17,23050.730000000003,-25500.439999999995,395.5906077348066,DOWN,93.22,RESTAURANT,37.018784530386746,363.82000000000005,971.0234,1334.8434000000002,N,TXN_V2.1,2026-06-29,2026-06-29 19:54:02.665208
4635,2026-06,2,1,56.0,26479.11,9472.01,-17007.1,641.9842857142858,DOWN,66.24,GROCERY,33.927678571428565,130.04000000000002,529.5822000000001,659.6222,N,TXN_V2.1,2026-06-29,2026-06-29 19:54:02.665208
4636,2026-06,4,4,156.0,10566.42,23136.879999999997,12570.459999999997,216.04679487179484,UP,27.62,UTILITIES,38.459679487179486,448.31,211.32840000000002,659.6384,N,TXN_V2.1,2026-06-29,2026-06-29 19:54:02.665208
4637,2026-06,1,1,67.0,11842.34,4095.48,-7746.860000000001,237.8779104477612,DOWN,30.96,UTILITIES,43.28999999999999,216.53,236.8468,453.3768,N,TXN_V2.1,2026-06-29,2026-06-29 19:54:02.665208
4638,2026-06,4,4,135.0,29687.25,12353.039999999999,-17334.21,311.4095555555556,DOWN,72.1,UTILITIES,34.072148148148145,377.28,593.745,971.025,N,TXN_V2.1,2026-06-29,2026-06-29 19:54:02.665208
4639,2026-06,3,3,108.0,10653.35,13889.119999999999,3235.7699999999986,227.2450925925926,UP,27.9,RETAIL,32.404444444444444,130.73000000000002,213.067,343.797,N,TXN_V2.1,2026-06-29,2026-06-29 19:54:02.665208
4640,2026-06,3,3,99.0,14499.439999999999,4012.91,-10486.529999999999,186.99343434343433,DOWN,38.78,RESTAURANT,33.333636363636366,409.59,289.98879999999997,699.5788,N,TXN_V2.1,2026-06-29,2026-06-29 19:54:02.665208
4641,2026-06,2,2,103.0,14004.19,13194.11,-810.0799999999999,264.0611650485437,STABLE,37.26,TRAVEL,38.83417475728155,133.31,280.0838,413.3938,N,TXN_V2.1,2026-06-29,2026-06-29 19:54:02.665208
4642,2026-06,1,1,26.0,10794.74,1864.39,-8930.35,486.88961538461535,DOWN,28.26,ENTERTAINMENT,38.46000000000001,136.94,215.8948,352.8348,N,TXN_V2.1,2026-06-29,2026-06-29 19:54:02.665208
4643,2026-06,1,1,69.0,17403.91,21644.89,4240.98,565.9246376811594,UP,46.46,GROCERY,34.78,109.76,348.0782,457.8382,N,TXN_V2.1,2026-06-29,2026-06-29 19:54:02.665208
4644,2026-06,3,1,73.0,4550.39,10384.9,5834.509999999999,204.59301369863016,UP,15.5,INSURANCE,43.8372602739726,98.96000000000001,91.0078,189.9678,N,TXN_V2.1,2026-06-29,2026-06-29 19:54:02.665208
4645,2026-06,1,1,40.0,1386.34,2681.81,1295.47,101.70374999999999,UP,3.06,RESTAURANT,30.0,128.88,27.726799999999997,156.6068,N,TXN_V2.1,2026-06-29,2026-06-29 19:54:02.665208
4646,2026-06,4,3,178.0,45909.94,9193.279999999999,-36716.66,309.56865168539326,DOWN,91.26,RETAIL,40.44960674157303,237.22,918.1988000000001,1155.4188000000001,N,TXN_V2.1,2026-06-29,2026-06-29 19:54:02.665208
4647,2026-06,1,1,46.0,23918.23,6885.75,-17032.48,669.6517391304347,DOWN,61.22,EDUCATION,32.60999999999999,69.98,478.3646,548.3446,N,TXN_V2.1,2026-06-29,2026-06-29 19:54:02.665208
4648,2026-06,2,2,98.0,51921.81,18422.45,-33499.36,717.7985714285713,DOWN,94.98,GROCERY,34.69183673469388,169.82999999999998,1038.4361999999999,1208.2661999999998,N,TXN_V2.1,2026-06-29,2026-06-29 19:54:02.665208
4649,2026-06,2,2,76.0,27139.28,13908.76,-13230.519999999999,540.1057894736842,DOWN,67.72,RESTAURANT,38.15342105263158,145.89,542.7855999999999,688.6755999999999,N,TXN_V2.1,2026-06-29,2026-06-29 19:54:02.665208
4650,2026-06,2,2,99.0,8219.5,4029.7,-4189.8,123.72929292929294,DOWN,22.2,RESTAURANT,44.44313131313132,97.2,164.39000000000001,261.59000000000003,N,TXN_V2.1,2026-06-29,2026-06-29 19:54:02.665208
4651,2026-06,1,1,32.0,10440.52,1906.63,-8533.89,385.84843750000005,DOWN,27.24,GROCERY,25.009999999999998,122.25,208.81040000000002,331.0604,N,TXN_V2.1,2026-06-29,2026-06-29 19:54:02.665208
4652,2026-06,2,2,123.0,24277.36,41720.81,17443.449999999997,536.570487804878,UP,62.04,RETAIL,34.14569105691057,325.78,485.54720000000003,811.3272,N,TXN_V2.1,2026-06-29,2026-06-29 19:54:02.665208
4653,2026-06,2,2,69.0,6451.75,1962.29,-4489.46,121.94260869565218,DOWN,19.46,RESTAURANT,49.28115942028986,81.7,129.035,210.735,N,TXN_V2.1,2026-06-29,2026-06-29 19:54:02.665208
4654,2026-06,4,3,174.0,52112.73,14967.81,-37144.920000000006,385.52034482758626,DOWN,95.1,RETAIL,33.33591954022989,271.68,1042.2546,1313.9346,N,TXN_V2.1,2026-06-29,2026-06-29 19:54:02.665208
4655,2026-06,1,1,52.0,19260.77,1878.03,-17382.74,406.5153846153846,DOWN,50.76,GROCERY,34.61,72.02,385.21540000000005,457.2354,N,TXN_V2.1,2026-06-29,2026-06-29 19:54:02.665208
4656,2026-06,1,1,20.0,1297.33,562.81,-734.52,93.00699999999999,DOWN,2.78,TRAVEL,20.0,46.5,25.9466,72.4466,N,TXN_V2.1,2026-06-29,2026-06-29 19:54:02.665208
4657,2026-06,2,2,85.0,6187.5,3373.9,-2813.6,112.48705882352941,DOWN,18.96,GROCERY,40.004,36.45,123.75,160.2,N,TXN_V2.1,2026-06-29,2026-06-29 19:54:02.665208
4658,2026-06,3,3,106.0,10163.77,24457.42,14293.649999999998,326.615,UP,26.48,TRAVEL,39.62103773584906,400.08,203.27540000000002,603.3554,N,TXN_V2.1,2026-06-29,2026-06-29 19:54:02.665208
4659,2026-06,3,3,101.0,34271.83,3593.35,-30678.480000000003,374.9027722772277,DOWN,79.2,TRAVEL,34.651683168316836,285.63,685.4366,971.0666,N,TXN_V2.1,2026-06-29,2026-06-29 19:54:02.665208
4660,2026-06,2,1,101.0,24704.38,2260.61,-22443.77,266.980099009901,DOWN,62.98,HEALTHCARE,34.64950495049505,164.34,494.0876,658.4276,N,TXN_V2.1,2026-06-29,2026-06-29 19:54:02.665208
4661,2026-06,3,3,101.0,12137.1,6395.599999999999,-5741.500000000001,183.4920792079208,DOWN,31.74,UTILITIES,39.60356435643564,340.87,242.74200000000002,583.6120000000001,N,TXN_V2.1,2026-06-29,2026-06-29 19:54:02.665208
4662,2026-06,2,2,70.0,23052.73,9914.11,-13138.619999999999,470.95485714285707,DOWN,59.3,UTILITIES,49.99428571428571,54.28,461.0546,515.3346,N,TXN_V2.1,2026-06-29,2026-06-29 19:54:02.665208
4663,2026-06,4,4,181.0,26893.010000000002,22205.690000000002,-4687.32,271.2635359116022,DOWN,67.18,UTILITIES,41.98889502762431,459.57,537.8602000000001,997.4302,N,TXN_V2.1,2026-06-29,2026-06-29 19:54:02.665208
4664,2026-06,2,2,73.0,22336.7,3566.73,-18769.97,354.84150684931507,DOWN,57.64,GROCERY,38.354246575342465,194.72,446.73400000000004,641.4540000000001,N,TXN_V2.1,2026-06-29,2026-06-29 19:54:02.665208
4665,2026-06,3,3,124.0,24471.09,16413.21,-8057.880000000001,329.7120967741936,DOWN,62.48,GROCERY,41.127983870967746,249.16,489.4218,738.5818,N,TXN_V2.1,2026-06-29,2026-06-29 19:54:02.665208
4666,2026-06,2,2,107.0,12859.83,22085.899999999998,9226.069999999998,326.59560747663545,UP,33.78,HEALTHCARE,42.99242990654205,234.63,257.1966,491.8266,N,TXN_V2.1,2026-06-29,2026-06-29 19:54:02.665208
4667,2026-06,4,3,151.0,29354.51,8732.56,-20621.949999999997,252.23225165562914,DOWN,71.62,TRAVEL,37.087615894039736,117.39999999999999,587.0902,704.4902,N,TXN_V2.1,2026-06-29,2026-06-29 19:54:02.665208
4668,2026-06,1,1,44.0,13376.76,9069.36,-4307.4,510.13909090909095,DOWN,35.38,GAS_STATION,27.280000000000005,133.77,267.53520000000003,401.3052,N,TXN_V2.1,2026-06-29,2026-06-29 19:54:02.665208
4669,2026-06,3,3,166.0,42169.91,39299.28,-2870.6300000000047,490.7782530120482,DOWN,88.24,GAS_STATION,33.73409638554217,364.31,843.3982000000001,1207.7082,N,TXN_V2.1,2026-06-29,2026-06-29 19:54:02.665208
4670,2026-06,4,4,206.0,33961.78,11001.189999999999,-22960.59,218.26684466019418,DOWN,78.82,TRAVEL,44.662233009708736,313.78,679.2356,993.0156,N,TXN_V2.1,2026-06-29,2026-06-29 19:54:02.665208
4671,2026-06,3,3,132.0,60817.89,4700.55,-56117.34,496.3518181818182,DOWN,97.74,HEALTHCARE,40.91098484848485,262.25,1216.3578,1478.6078,N,TXN_V2.1,2026-06-29,2026-06-29 19:54:02.665208
4672,2026-06,2,1,66.0,4122.63,3084.9799999999996,-1037.6500000000005,109.20621212121212,DOWN,14.48,RESTAURANT,42.42272727272728,206.39,82.4526,288.8426,N,TXN_V2.1,2026-06-29,2026-06-29 19:54:02.665208
4673,2026-06,4,4,180.0,31950.02,26944.43,-5005.59,327.19138888888887,DOWN,75.66,RETAIL,37.22388888888889,611.47,639.0004,1250.4704000000002,N,TXN_V2.1,2026-06-29,2026-06-29 19:54:02.665208
4674,2026-06,1,1,20.0,1434.33,975.37,-458.9599999999999,120.48499999999999,STABLE,3.32,GROCERY,45.0,15.25,28.6866,43.9366,N,TXN_V2.1,2026-06-29,2026-06-29 19:54:02.665208
4675,2026-06,2,2,79.0,19462.62,3868.13,-15594.489999999998,295.3259493670886,DOWN,51.16,TRAVEL,27.845443037974686,87.27,389.25239999999997,476.52239999999995,N,TXN_V2.1,2026-06-29,2026-06-29 19:54:02.665208
4676,2026-06,3,2,123.0,29352.11,24670.92,-4681.190000000002,439.21162601626014,DOWN,71.58,RETAIL,44.719268292682926,241.93999999999997,587.0422,828.9821999999999,N,TXN_V2.1,2026-06-29,2026-06-29 19:54:02.665208
4677,2026-06,2,1,105.0,15702.66,16121.62,418.96000000000095,303.08838095238093,STABLE,42.22,RETAIL,33.336952380952376,176.23000000000002,314.0532,490.2832,N,TXN_V2.1,2026-06-29,2026-06-29 19:54:02.665208
4678,2026-06,3,3,135.0,32222.520000000004,25949.68,-6272.840000000004,430.9051851851852,DOWN,76.22,HEALTHCARE,42.21881481481481,338.44,644.4504000000001,982.8904,N,TXN_V2.1,2026-06-29,2026-06-29 19:54:02.665208
4679,2026-06,4,4,214.0,36794.18,19859.37,-16934.81,264.73621495327103,DOWN,82.5,RESTAURANT,40.65621495327103,558.27,735.8836,1294.1536,N,TXN_V2.1,2026-06-29,2026-06-29 19:54:02.665208
4680,2026-06,2,2,89.0,22296.23,10272.14,-12024.09,365.9367415730337,DOWN,57.6,RETAIL,41.57382022471911,173.51,445.9246,619.4346,N,TXN_V2.1,2026-06-29,2026-06-29 19:54:02.665208
4681,2026-06,1,1,23.0,1227.96,1244.3,16.339999999999918,107.48956521739132,STABLE,2.46,GROCERY,65.21999999999998,151.52,24.5592,176.07920000000001,N,TXN_V2.1,2026-06-29,2026-06-29 19:54:02.665208
4682,2026-06,4,3,179.0,44335.7,23841.760000000002,-20493.939999999995,380.8796648044692,DOWN,90.14,TRAVEL,44.13759776536313,392.25,886.7139999999999,1278.964,N,TXN_V2.1,2026-06-29,2026-06-29 19:54:02.665208
4683,2026-06,4,3,143.0,27107.0,18815.38,-8291.619999999999,321.1355244755245,DOWN,67.6,RESTAURANT,34.969790209790204,528.27,542.14,1070.4099999999999,N,TXN_V2.1,2026-06-29,2026-06-29 19:54:02.665208
4684,2026-06,2,2,91.0,26850.59,5639.87,-21210.72,357.03802197802196,DOWN,67.1,HEALTHCARE,40.661978021978015,128.71,537.0118,665.7218,N,TXN_V2.1,2026-06-29,2026-06-29 19:54:02.665208
4685,2026-06,4,4,215.0,42239.78,18917.84,-23321.94,284.4540465116279,DOWN,88.42,RESTAURANT,40.930883720930225,489.48,844.7956,1334.2756,N,TXN_V2.1,2026-06-29,2026-06-29 19:54:02.665208
4686,2026-06,3,3,170.0,37997.14,25434.58,-12562.559999999998,373.1277647058824,DOWN,84.3,RETAIL,38.823647058823525,247.14,759.9428,1007.0828,N,TXN_V2.1,2026-06-29,2026-06-29 19:54:02.665208
4687,2026-06,3,3,148.0,32917.81,17439.63,-15478.179999999997,340.252972972973,DOWN,77.18,TRAVEL,36.4854054054054,413.86,658.3562,1072.2161999999998,N,TXN_V2.1,2026-06-29,2026-06-29 19:54:02.665208
4688,2026-06,2,2,41.0,14863.69,348.59,-14515.1,371.03121951219515,DOWN,40.12,RETAIL,48.78048780487805,32.22,297.2738,329.49379999999996,N,TXN_V2.1,2026-06-29,2026-06-29 19:54:02.665208
4689,2026-06,3,2,117.0,26954.370000000003,21164.71,-5789.6600000000035,411.27418803418806,DOWN,67.34,UTILITIES,38.45923076923077,146.79000000000002,539.0874000000001,685.8774000000001,N,TXN_V2.1,2026-06-29,2026-06-29 19:54:02.665208
4690,2026-06,3,2,135.0,40312.34,13786.79,-26525.549999999996,400.7342962962963,DOWN,86.72,TRAVEL,45.18622222222223,419.67999999999995,806.2467999999999,1225.9267999999997,N,TXN_V2.1,2026-06-29,2026-06-29 19:54:02.665208
4691,2026-06,3,3,138.0,43202.5,17184.6,-26017.9,437.5876811594203,DOWN,89.06,TRAVEL,45.65231884057972,355.25,864.0500000000001,1219.3000000000002,N,TXN_V2.1,2026-06-29,2026-06-29 19:54:02.665208
4692,2026-06,2,2,106.0,16375.84,27336.350000000002,10960.510000000002,412.37915094339627,UP,44.14,GROCERY,44.33594339622641,81.3,327.5168,408.8168,N,TXN_V2.1,2026-06-29,2026-06-29 19:54:02.665208
4693,2026-06,2,2,98.0,40764.299999999996,10488.39,-30275.909999999996,522.9866326530612,DOWN,87.06,RESTAURANT,39.79795918367347,167.51,815.286,982.7959999999999,N,TXN_V2.1,2026-06-29,2026-06-29 19:54:02.665208
4694,2026-06,4,4,183.0,22347.9,15480.34,-6867.560000000001,206.71169398907108,DOWN,57.68,TRAVEL,45.358797814207655,411.8,446.958,858.758,N,TXN_V2.1,2026-06-29,2026-06-29 19:54:02.665208
4695,2026-06,2,2,115.0,10317.6,22316.46,11998.859999999999,283.7744347826087,UP,26.92,RETAIL,36.51791304347826,282.21000000000004,206.352,488.562,N,TXN_V2.1,2026-06-29,2026-06-29 19:54:02.665208
4696,2026-06,1,1,21.0,872.33,1095.57,223.2399999999999,93.70952380952382,STABLE,1.06,RESTAURANT,47.620000000000005,75.43,17.4466,92.87660000000001,N,TXN_V2.1,2026-06-29,2026-06-29 19:54:02.665208
4697,2026-06,4,4,197.0,36596.37,71558.63,34962.26,549.010152284264,UP,82.18,GROCERY,35.02147208121828,497.12,731.9274,1229.0474,N,TXN_V2.1,2026-06-29,2026-06-29 19:54:02.665208
4698,2026-06,1,1,80.0,4684.78,14825.28,10140.5,243.87575,UP,15.84,RESTAURANT,32.5,184.9,93.6956,278.5956,N,TXN_V2.1,2026-06-29,2026-06-29 19:54:02.665208
4699,2026-06,3,3,185.0,36447.19,10167.48,-26279.710000000003,251.97118918918918,DOWN,81.98,GROCERY,40.53789189189189,302.16,728.9438,1031.1038,N,TXN_V2.1,2026-06-29,2026-06-29 19:54:02.665208
4700,2026-06,4,4,178.0,49683.73,35781.99,-13901.740000000005,480.14449438202246,DOWN,94.08,TRAVEL,41.00668539325843,572.07,993.6746,1565.7446,N,TXN_V2.1,2026-06-29,2026-06-29 19:54:02.665208
4701,2026-06,1,1,76.0,14755.27,19792.91,5037.639999999999,454.5813157894737,UP,39.72,RETAIL,40.790000000000006,292.4,295.10540000000003,587.5054,N,TXN_V2.1,2026-06-29,2026-06-29 19:54:02.665208
4702,2026-06,2,2,127.0,40211.7,26734.829999999998,-13476.869999999999,527.138031496063,DOWN,86.6,HEALTHCARE,44.880629921259846,246.95000000000002,804.2339999999999,1051.184,N,TXN_V2.1,2026-06-29,2026-06-29 19:54:02.665208
4703,2026-06,2,2,116.0,34584.549999999996,4472.21,-30112.339999999997,336.6962068965517,DOWN,79.62,TRAVEL,38.792068965517245,326.59,691.6909999999999,1018.281,N,TXN_V2.1,2026-06-29,2026-06-29 19:54:02.665208
4704,2026-06,3,3,134.0,8586.42,17564.55,8978.13,195.15649253731345,UP,22.84,TRAVEL,37.31268656716418,382.90999999999997,171.7284,554.6383999999999,N,TXN_V2.1,2026-06-29,2026-06-29 19:54:02.665208
4705,2026-06,3,3,79.0,19522.0,13394.87,-6127.129999999999,416.6692405063292,DOWN,51.28,HEALTHCARE,51.89810126582278,99.56,390.44,490.0,N,TXN_V2.1,2026-06-29,2026-06-29 19:54:02.665208
4706,2026-06,1,1,70.0,5209.71,3598.33,-1611.38,125.82914285714287,DOWN,16.94,GROCERY,31.429999999999996,147.07,104.19420000000001,251.26420000000002,N,TXN_V2.1,2026-06-29,2026-06-29 19:54:02.665208
4707,2026-06,4,2,179.0,30607.68,39827.87,9220.190000000002,393.49469273743017,UP,73.64,RESTAURANT,40.22385474860335,469.05,612.1536,1081.2036,N,TXN_V2.1,2026-06-29,2026-06-29 19:54:02.665208
4708,2026-06,2,2,120.0,24108.28,10739.800000000001,-13368.479999999998,290.40066666666667,DOWN,61.64,TRAVEL,44.166,298.06,482.1656,780.2256,N,TXN_V2.1,2026-06-29,2026-06-29 19:54:02.665208
4709,2026-06,1,1,41.0,2582.92,12757.61,10174.69,374.15926829268295,UP,9.38,GAS_STATION,41.459999999999994,116.46,51.6584,168.1184,N,TXN_V2.1,2026-06-29,2026-06-29 19:54:02.665208
4710,2026-06,2,2,108.0,14405.18,13119.2,-1285.9799999999996,254.85537037037037,DOWN,38.54,RESTAURANT,30.55888888888888,251.21,288.10360000000003,539.3136000000001,N,TXN_V2.1,2026-06-29,2026-06-29 19:54:02.665208
4711,2026-06,4,4,203.0,24855.43,23161.74,-1693.6899999999987,236.53778325123153,DOWN,63.2,TRAVEL,34.48305418719212,425.08,497.1086,922.1886,N,TXN_V2.1,2026-06-29,2026-06-29 19:54:02.665208
4712,2026-06,1,1,26.0,1648.09,1871.7,223.61000000000013,135.37653846153847,STABLE,4.38,GROCERY,34.61,24.22,32.9618,57.181799999999996,N,TXN_V2.1,2026-06-29,2026-06-29 19:54:02.665208
4713,2026-06,3,3,167.0,21360.39,61521.75,40161.36,496.3002395209581,UP,55.38,INSURANCE,40.1208383233533,379.49,427.2078,806.6978,N,TXN_V2.1,2026-06-29,2026-06-29 19:54:02.665208
4714,2026-06,2,2,65.0,14531.79,21613.59,7081.799999999999,556.0827692307693,UP,38.94,RETAIL,35.38153846153846,96.2,290.6358,386.8358,N,TXN_V2.1,2026-06-29,2026-06-29 19:54:02.665208
4715,2026-06,4,4,140.0,20716.97,21810.98,1094.0099999999984,303.7710714285714,STABLE,53.66,UTILITIES,41.42921428571429,417.78,414.3394,832.1194,N,TXN_V2.1,2026-06-29,2026-06-29 19:54:02.665208
4716,2026-06,4,4,177.0,49659.78,29818.54,-19841.239999999998,449.03005649717517,DOWN,94.04,RESTAURANT,42.94118644067797,618.8199999999999,993.1956,1612.0156,N,TXN_V2.1,2026-06-29,2026-06-29 19:54:02.665208
4717,2026-06,2,2,128.0,14956.51,55245.259999999995,40288.74999999999,548.4513281249999,UP,40.24,RETAIL,37.496875,414.97999999999996,299.1302,714.1102,N,TXN_V2.1,2026-06-29,2026-06-29 19:54:02.665208
4718,2026-06,1,1,30.0,1399.99,10559.78,9159.79,398.659,UP,3.14,GROCERY,56.67000000000001,209.57,27.9998,237.5698,N,TXN_V2.1,2026-06-29,2026-06-29 19:54:02.665208
4719,2026-06,4,3,132.0,31801.86,12508.55,-19293.31,335.68492424242424,DOWN,75.42,TRAVEL,40.14833333333333,387.9,636.0372,1023.9372,N,TXN_V2.1,2026-06-29,2026-06-29 19:54:02.665208
4720,2026-06,2,2,110.0,20667.18,5476.0,-15191.18,237.66527272727274,DOWN,53.52,UTILITIES,39.995999999999995,216.89000000000001,413.34360000000004,630.2336,N,TXN_V2.1,2026-06-29,2026-06-29 19:54:02.665208
4721,2026-06,1,1,59.0,9326.16,4303.09,-5023.07,231.00423728813558,DOWN,24.52,GAS_STATION,35.59,218.59,186.5232,405.1132,N,TXN_V2.1,2026-06-29,2026-06-29 19:54:02.665208
4722,2026-06,3,3,92.0,24383.100000000002,21595.52,-2787.5800000000017,499.7676086956522,DOWN,62.26,HEALTHCARE,40.217608695652174,220.88,487.66200000000003,708.542,N,TXN_V2.1,2026-06-29,2026-06-29 19:54:02.665208
4723,2026-06,2,2,140.0,26782.95,12164.6,-14618.35,278.19678571428574,DOWN,67.02,RESTAURANT,36.43028571428571,231.76999999999998,535.659,767.429,N,TXN_V2.1,2026-06-29,2026-06-29 19:54:02.665208
4724,2026-06,1,1,28.0,875.36,10037.68,9162.32,389.7514285714286,UP,1.08,GAS_STATION,35.72,0.0,17.5072,17.5072,N,TXN_V2.1,2026-06-29,2026-06-29 19:54:02.665208
4725,2026-06,3,2,92.0,11230.119999999999,4402.85,-6827.269999999999,169.92358695652175,DOWN,29.34,RETAIL,41.30543478260869,98.23,224.6024,322.8324,N,TXN_V2.1,2026-06-29,2026-06-29 19:54:02.665208
4726,2026-06,4,4,134.0,26734.55,12281.26,-14453.289999999999,291.1627611940298,DOWN,66.92,RETAIL,39.548208955223885,357.52000000000004,534.691,892.211,N,TXN_V2.1,2026-06-29,2026-06-29 19:54:02.665208
4727,2026-06,2,2,123.0,22127.86,5259.49,-16868.370000000003,222.66138211382113,DOWN,57.16,RESTAURANT,40.6490243902439,249.42000000000002,442.5572,691.9772,N,TXN_V2.1,2026-06-29,2026-06-29 19:54:02.665208
4728,2026-06,4,4,175.0,32908.28,18723.629999999997,-14184.650000000001,295.0394857142857,DOWN,77.16,TRAVEL,34.85274285714286,443.94,658.1656,1102.1056,N,TXN_V2.1,2026-06-29,2026-06-29 19:54:02.665208
4729,2026-06,4,3,109.0,13466.23,35706.31,22240.079999999998,451.12422018348616,UP,35.62,RETAIL,44.04348623853211,321.78999999999996,269.3246,591.1145999999999,N,TXN_V2.1,2026-06-29,2026-06-29 19:54:02.665208
4730,2026-06,1,1,73.0,31465.45,24830.44,-6635.010000000002,771.1765753424658,DOWN,74.88,ENTERTAINMENT,42.47,191.74,629.3090000000001,821.0490000000001,N,TXN_V2.1,2026-06-29,2026-06-29 19:54:02.665208
4731,2026-06,2,2,67.0,15887.4,3802.51,-12084.89,293.8792537313433,DOWN,42.9,HEALTHCARE,44.776119402985074,218.01999999999998,317.748,535.768,N,TXN_V2.1,2026-06-29,2026-06-29 19:54:02.665208
4732,2026-06,2,2,74.0,4104.96,8323.5,4218.54,167.95216216216215,UP,14.42,GROCERY,35.13513513513514,370.75,82.0992,452.8492,N,TXN_V2.1,2026-06-29,2026-06-29 19:54:02.665208
4733,2026-06,2,2,81.0,12419.650000000001,17147.06,4727.41,365.02111111111117,UP,32.5,TRAVEL,40.74086419753087,195.4,248.39300000000003,443.793,N,TXN_V2.1,2026-06-29,2026-06-29 19:54:02.665208
4734,2026-06,1,1,30.0,1279.54,8117.4,6837.86,313.2313333333333,UP,2.64,GROCERY,30.0,177.8,25.5908,203.3908,N,TXN_V2.1,2026-06-29,2026-06-29 19:54:02.665208
4735,2026-06,2,2,119.0,26329.56,17046.07,-9283.490000000002,364.50109243697483,DOWN,65.98,TRAVEL,35.292941176470585,322.28,526.5912000000001,848.8712,N,TXN_V2.1,2026-06-29,2026-06-29 19:54:02.665208
4736,2026-06,3,3,118.0,19153.07,29931.18,10778.11,415.96822033898303,UP,50.52,UTILITIES,40.677372881355936,84.67,383.0614,467.7314,N,TXN_V2.1,2026-06-29,2026-06-29 19:54:02.665208
4737,2026-06,1,0,37.0,2608.38,23851.66,21243.28,715.1362162162162,UP,9.5,GAS_STATION,40.540000000000006,11.15,52.1676,63.3176,N,TXN_V2.1,2026-06-29,2026-06-29 19:54:02.665208
4738,2026-06,1,1,60.0,19247.67,12551.9,-6695.769999999999,529.9928333333334,DOWN,50.72,RESTAURANT,40.0,120.2,384.9534,505.1534,N,TXN_V2.1,2026-06-29,2026-06-29 19:54:02.665208
4739,2026-06,3,3,146.0,18989.65,8232.43,-10757.220000000001,186.45260273972605,DOWN,50.08,RETAIL,42.46479452054795,532.56,379.79300000000006,912.3530000000001,N,TXN_V2.1,2026-06-29,2026-06-29 19:54:02.665208
4740,2026-06,1,1,50.0,3853.42,10808.13,6954.709999999999,293.231,UP,13.56,RETAIL,42.0,223.56,77.0684,300.6284,N,TXN_V2.1,2026-06-29,2026-06-29 19:54:02.665208
4741,2026-06,1,1,49.0,2311.46,3351.69,1040.23,115.57448979591835,UP,7.94,HEALTHCARE,40.82,104.7,46.2292,150.9292,N,TXN_V2.1,2026-06-29,2026-06-29 19:54:02.665208
4742,2026-06,3,3,113.0,12732.41,15885.49,3153.08,253.25575221238938,UP,33.52,UTILITIES,44.25017699115044,258.79,254.6482,513.4382,N,TXN_V2.1,2026-06-29,2026-06-29 19:54:02.665208
4743,2026-06,3,3,164.0,21056.36,34092.78,13036.419999999998,336.275243902439,UP,54.72,RESTAURANT,40.24378048780488,485.32,421.1272,906.4472000000001,N,TXN_V2.1,2026-06-29,2026-06-29 19:54:02.665208
4744,2026-06,2,1,108.0,15070.19,20332.91,5262.719999999999,327.80648148148146,UP,40.58,TRAVEL,44.44555555555556,106.47999999999999,301.4038,407.88379999999995,N,TXN_V2.1,2026-06-29,2026-06-29 19:54:02.665208
4745,2026-06,2,2,80.0,13830.55,3604.58,-10225.97,217.93912499999996,DOWN,36.76,UTILITIES,43.745625000000004,289.78,276.611,566.391,N,TXN_V2.1,2026-06-29,2026-06-29 19:54:02.665208
4746,2026-06,1,1,60.0,21879.46,11679.72,-10199.74,559.3196666666666,DOWN,56.58,RETAIL,38.33,198.68,437.5892,636.2692,N,TXN_V2.1,2026-06-29,2026-06-29 19:54:02.665208
4747,2026-06,3,3,133.0,30863.27,15359.250000000002,-15504.019999999999,347.5377443609023,DOWN,74.0,INSURANCE,35.33849624060151,205.5,617.2654,822.7654,N,TXN_V2.1,2026-06-29,2026-06-29 19:54:02.665208
4748,2026-06,4,3,169.0,59962.31,17058.66,-42903.649999999994,455.74538461538464,DOWN,97.6,RESTAURANT,30.769053254437868,329.64,1199.2462,1528.8862,N,TXN_V2.1,2026-06-29,2026-06-29 19:54:02.665208
4749,2026-06,4,4,217.0,15752.86,30145.14,14392.279999999999,211.5115207373272,UP,42.44,RESTAURANT,41.47705069124424,477.11,315.0572,792.1672000000001,N,TXN_V2.1,2026-06-29,2026-06-29 19:54:02.665208
4750,2026-06,4,4,180.0,16339.23,25425.84,9086.61,232.02816666666666,UP,44.04,HEALTHCARE,35.55372222222222,299.13,326.7846,625.9146000000001,N,TXN_V2.1,2026-06-29,2026-06-29 19:54:02.665208
4751,2026-06,4,4,186.0,62773.25,16466.600000000002,-46306.649999999994,426.0206989247312,DOWN,98.26,RETAIL,38.70413978494624,426.95,1255.465,1682.415,N,TXN_V2.1,2026-06-29,2026-06-29 19:54:02.665208
4752,2026-06,4,4,246.0,36851.46,36023.06,-828.4000000000015,296.23788617886174,STABLE,82.64,RETAIL,36.588780487804875,577.71,737.0292,1314.7392,N,TXN_V2.1,2026-06-29,2026-06-29 19:54:02.665208
4753,2026-06,3,3,140.0,26611.059999999998,14695.29,-11915.769999999997,295.04535714285714,DOWN,66.6,HEALTHCARE,39.99907142857143,451.0,532.2212,983.2212,N,TXN_V2.1,2026-06-29,2026-06-29 19:54:02.665208
4754,2026-06,2,2,93.0,21204.31,22071.59,867.2799999999988,465.33225806451617,STABLE,55.16,TRAVEL,36.562258064516136,247.53,424.0862,671.6162,N,TXN_V2.1,2026-06-29,2026-06-29 19:54:02.665208
4755,2026-06,3,3,110.0,35209.63,4691.0199999999995,-30518.609999999997,362.7331818181818,DOWN,80.32,TRAVEL,34.54745454545455,386.65999999999997,704.1926,1090.8526,N,TXN_V2.1,2026-06-29,2026-06-29 19:54:02.665208
4756,2026-06,1,1,31.0,1768.44,2060.92,292.48,123.52774193548387,STABLE,5.06,RESTAURANT,41.93999999999999,25.38,35.3688,60.7488,N,TXN_V2.1,2026-06-29,2026-06-29 19:54:02.665208
4757,2026-06,1,1,46.0,25291.45,2129.2,-23162.25,596.1010869565217,DOWN,63.86,HEALTHCARE,30.43,54.51,505.829,560.339,N,TXN_V2.1,2026-06-29,2026-06-29 19:54:02.665208
4758,2026-06,4,3,135.0,24234.34,23377.449999999997,-856.890000000003,352.6799259259259,STABLE,62.02,HEALTHCARE,39.25866666666667,297.52,484.6868,782.2067999999999,N,TXN_V2.1,2026-06-29,2026-06-29 19:54:02.665208
4759,2026-06,3,3,150.0,8222.85,21029.68,12806.83,195.01686666666666,UP,22.22,GROCERY,33.3348,369.03,164.45700000000002,533.487,N,TXN_V2.1,2026-06-29,2026-06-29 19:54:02.665208
4760,2026-06,1,1,64.0,13037.99,4663.62,-8374.369999999999,276.58765625,DOWN,34.44,RETAIL,26.57,253.12,260.7598,513.8797999999999,N,TXN_V2.1,2026-06-29,2026-06-29 19:54:02.665208
4761,2026-06,2,2,131.0,20633.29,30818.739999999998,10185.449999999997,392.7635877862595,UP,53.48,RETAIL,33.589541984732826,259.23,412.66580000000005,671.8958,N,TXN_V2.1,2026-06-29,2026-06-29 19:54:02.665208
4762,2026-06,4,4,187.0,19979.41,30120.65,10141.240000000002,267.91475935828873,UP,52.14,RESTAURANT,39.57171122994652,635.77,399.58820000000003,1035.3582000000001,N,TXN_V2.1,2026-06-29,2026-06-29 19:54:02.665208
4763,2026-06,4,4,183.0,30409.43,34944.78,4535.3499999999985,357.1268306010929,UP,73.26,TRAVEL,38.79551912568306,356.69,608.1886000000001,964.8786,N,TXN_V2.1,2026-06-29,2026-06-29 19:54:02.665208
4764,2026-06,1,1,61.0,18115.54,10557.18,-7558.360000000001,470.04459016393446,DOWN,48.14,GROCERY,40.980000000000004,235.08,362.31080000000003,597.3908,N,TXN_V2.1,2026-06-29,2026-06-29 19:54:02.665208
4765,2026-06,2,2,62.0,4084.58,13503.92,9419.34,283.68548387096774,UP,14.3,GROCERY,45.16,90.33,81.6916,172.02159999999998,N,TXN_V2.1,2026-06-29,2026-06-29 19:54:02.665208
4766,2026-06,3,2,97.0,17364.34,23482.48,6118.139999999999,421.1012371134021,UP,46.36,RETAIL,37.109381443298965,388.75,347.2868,736.0368000000001,N,TXN_V2.1,2026-06-29,2026-06-29 19:54:02.665208
4767,2026-06,4,4,205.0,27944.649999999998,57094.48,29149.830000000005,414.8250243902439,UP,69.26,GROCERY,39.02463414634146,755.97,558.8929999999999,1314.8629999999998,N,TXN_V2.1,2026-06-29,2026-06-29 19:54:02.665208
4768,2026-06,1,0,18.0,1075.93,19539.85,18463.92,1145.3211111111111,UP,1.82,INSURANCE,50.0,16.67,21.518600000000003,38.18860000000001,N,TXN_V2.1,2026-06-29,2026-06-29 19:54:02.665208
4769,2026-06,4,3,136.0,35258.03,43308.05,8050.020000000004,577.6917647058824,UP,80.38,RETAIL,42.64551470588234,195.59,705.1606,900.7506000000001,N,TXN_V2.1,2026-06-29,2026-06-29 19:54:02.665208
4770,2026-06,4,4,153.0,22340.16,19339.81,-3000.3499999999985,272.4181045751634,DOWN,57.66,TRAVEL,37.26065359477124,364.56,446.8032,811.3632,N,TXN_V2.1,2026-06-29,2026-06-29 19:54:02.665208
4771,2026-06,2,2,59.0,13686.27,3039.17,-10647.1,283.48203389830513,DOWN,36.26,GROCERY,40.68271186440678,124.59,273.72540000000004,398.31540000000007,N,TXN_V2.1,2026-06-29,2026-06-29 19:54:02.665208
4772,2026-06,4,3,127.0,13588.65,20374.980000000003,6786.330000000004,267.430157480315,UP,36.06,INSURANCE,50.39228346456694,322.35,271.773,594.123,N,TXN_V2.1,2026-06-29,2026-06-29 19:54:02.665208
4773,2026-06,4,4,186.0,39211.46,40894.1,1682.6399999999994,430.67505376344087,STABLE,85.58,TRAVEL,38.70881720430108,253.01999999999998,784.2292,1037.2492,N,TXN_V2.1,2026-06-29,2026-06-29 19:54:02.665208
4774,2026-06,3,3,163.0,26614.92,30628.340000000004,4013.4200000000055,351.18564417177913,UP,66.62,RETAIL,33.12834355828221,545.13,532.2984,1077.4284,N,TXN_V2.1,2026-06-29,2026-06-29 19:54:02.665208
4775,2026-06,3,3,133.0,31471.35,14555.420000000002,-16915.929999999997,346.0659398496241,DOWN,74.9,RESTAURANT,39.09285714285714,355.0,629.427,984.427,N,TXN_V2.1,2026-06-29,2026-06-29 19:54:02.665208
4776,2026-06,2,2,100.0,35707.83,13164.080000000002,-22543.75,488.7191,DOWN,80.94,UTILITIES,31.996299999999998,255.89999999999998,714.1566,970.0566,N,TXN_V2.1,2026-06-29,2026-06-29 19:54:02.665208
4777,2026-06,4,4,226.0,20441.29,12578.85,-7862.4400000000005,146.10681415929204,DOWN,53.08,RESTAURANT,35.84446902654867,661.15,408.8258,1069.9758,N,TXN_V2.1,2026-06-29,2026-06-29 19:54:02.665208
4778,2026-06,1,1,41.0,25580.51,22749.02,-2831.489999999998,1178.7690243902439,STABLE,64.5,RESTAURANT,41.47,68.77,511.61019999999996,580.3802,N,TXN_V2.1,2026-06-29,2026-06-29 19:54:02.665208
4779,2026-06,4,4,194.0,37550.63,43098.37,5547.740000000005,415.71649484536084,UP,83.66,RESTAURANT,38.6589175257732,474.8,751.0125999999999,1225.8126,N,TXN_V2.1,2026-06-29,2026-06-29 19:54:02.665208
4780,2026-06,4,4,208.0,24442.690000000002,52901.83,28459.14,371.84865384615387,UP,62.4,TRAVEL,31.2475,391.71000000000004,488.85380000000004,880.5638000000001,N,TXN_V2.1,2026-06-29,2026-06-29 19:54:02.665208
4781,2026-06,1,1,22.0,1682.71,1159.74,-522.97,129.2022727272727,STABLE,4.56,GROCERY,36.370000000000005,69.21,33.6542,102.8642,N,TXN_V2.1,2026-06-29,2026-06-29 19:54:02.665208
4782,2026-06,4,4,167.0,10248.689999999999,40640.840000000004,30392.150000000005,304.7277245508982,UP,26.8,RETAIL,37.124550898203594,380.76,204.97379999999998,585.7338,N,TXN_V2.1,2026-06-29,2026-06-29 19:54:02.665208
4783,2026-06,3,3,77.0,5204.73,29681.49,24476.760000000002,453.0677922077922,UP,16.9,RESTAURANT,42.86025974025974,250.22,104.0946,354.3146,N,TXN_V2.1,2026-06-29,2026-06-29 19:54:02.665208
4784,2026-06,2,1,39.0,2313.86,13606.869999999999,11293.009999999998,408.2238461538461,UP,7.96,GAS_STATION,38.46333333333333,91.41000000000001,46.2772,137.68720000000002,N,TXN_V2.1,2026-06-29,2026-06-29 19:54:02.665208
4785,2026-06,2,2,125.0,27519.65,14464.62,-13055.03,335.87416,DOWN,68.36,TRAVEL,29.603039999999996,534.26,550.393,1084.653,N,TXN_V2.1,2026-06-29,2026-06-29 19:54:02.665208
4786,2026-06,1,1,60.0,15081.43,1675.71,-13405.720000000001,279.28566666666666,DOWN,40.62,GAS_STATION,31.66,190.82,301.6286,492.4486,N,TXN_V2.1,2026-06-29,2026-06-29 19:54:02.665208
4787,2026-06,3,3,175.0,18979.010000000002,18226.73,-752.2800000000025,212.6042285714286,STABLE,50.06,TRAVEL,38.853828571428565,462.11,379.58020000000005,841.6902,N,TXN_V2.1,2026-06-29,2026-06-29 19:54:02.665208
4788,2026-06,3,3,137.0,14739.75,22231.23,7491.48,269.86116788321164,UP,39.66,UTILITIES,36.495401459854016,327.71000000000004,294.795,622.5050000000001,N,TXN_V2.1,2026-06-29,2026-06-29 19:54:02.665208
4789,2026-06,1,1,38.0,11028.98,2844.32,-8184.66,365.08684210526314,DOWN,28.68,RETAIL,47.370000000000005,59.36,220.5796,279.9396,N,TXN_V2.1,2026-06-29,2026-06-29 19:54:02.665208
4790,2026-06,3,3,115.0,28146.28,22197.41,-5948.869999999999,437.7712173913044,DOWN,69.54,RESTAURANT,39.13260869565217,133.13,562.9256,696.0556,N,TXN_V2.1,2026-06-29,2026-06-29 19:54:02.665208
4791,2026-06,3,3,191.0,25719.36,40883.33,15163.970000000001,348.7051832460733,UP,64.82,GROCERY,37.69340314136125,446.25,514.3872,960.6372,N,TXN_V2.1,2026-06-29,2026-06-29 19:54:02.665208
4792,2026-06,4,4,155.0,31888.3,38871.32,6983.02,456.5136774193548,UP,75.56,RETAIL,40.6461935483871,354.13,637.766,991.896,N,TXN_V2.1,2026-06-29,2026-06-29 19:54:02.665208
4793,2026-06,4,4,193.0,51862.79,31160.21,-20702.58,430.17098445595855,DOWN,94.92,HEALTHCARE,38.340880829015546,647.81,1037.2558000000001,1685.0658,N,TXN_V2.1,2026-06-29,2026-06-29 19:54:02.665208
4794,2026-06,1,1,68.0,15732.03,18993.83,3261.800000000001,510.6744117647059,UP,42.38,RETAIL,41.17999999999999,182.02,314.6406,496.66060000000004,N,TXN_V2.1,2026-06-29,2026-06-29 19:54:02.665208
4795,2026-06,2,2,94.0,18254.95,17470.55,-784.4000000000015,380.0585106382979,STABLE,48.38,RESTAURANT,32.97755319148936,291.7,365.09900000000005,656.799,N,TXN_V2.1,2026-06-29,2026-06-29 19:54:02.665208
4796,2026-06,3,3,153.0,27066.11,34382.57,7316.459999999999,401.62535947712416,UP,67.54,RETAIL,37.907058823529404,572.23,541.3222000000001,1113.5522,N,TXN_V2.1,2026-06-29,2026-06-29 19:54:02.665208
4797,2026-06,2,2,81.0,5067.6900000000005,3804.56,-1263.1300000000006,109.53395061728395,DOWN,16.56,UTILITIES,38.266666666666666,220.08999999999997,101.3538,321.4438,N,TXN_V2.1,2026-06-29,2026-06-29 19:54:02.665208
4798,2026-06,3,3,133.0,47913.56,44300.399999999994,-3613.1600000000035,693.3380451127819,DOWN,92.86,TRAVEL,43.607669172932326,347.28999999999996,958.2712,1305.5612,N,TXN_V2.1,2026-06-29,2026-06-29 19:54:02.665208
4799,2026-06,2,2,80.0,3218.2200000000003,10744.07,7525.849999999999,174.528625,UP,11.78,RETAIL,37.497499999999995,299.16,64.3644,363.5244,N,TXN_V2.1,2026-06-29,2026-06-29 19:54:02.665208
4800,2026-06,3,3,160.0,20919.399999999998,15152.849999999999,-5766.549999999999,225.4515625,DOWN,54.44,GROCERY,45.00118750000001,276.06,418.388,694.448,N,TXN_V2.1,2026-06-29,2026-06-29 19:54:02.665208
4801,2026-06,1,1,66.0,19983.36,1515.39,-18467.97,325.7386363636364,DOWN,52.18,ENTERTAINMENT,40.91,178.43,399.66720000000004,578.0972,N,TXN_V2.1,2026-06-29,2026-06-29 19:54:02.665208
4802,2026-06,1,1,66.0,19845.86,2146.63,-17699.23,333.2195454545455,DOWN,51.88,UTILITIES,37.879999999999995,160.8,396.91720000000004,557.7172,N,TXN_V2.1,2026-06-29,2026-06-29 19:54:02.665208
4803,2026-06,2,2,111.0,37400.57,5778.83,-31621.739999999998,389.0036036036036,DOWN,83.46,RESTAURANT,47.748648648648654,172.4,748.0114,920.4114,N,TXN_V2.1,2026-06-29,2026-06-29 19:54:02.665208
4804,2026-06,4,4,130.0,27208.93,24633.37,-2575.5600000000013,398.7869230769231,DOWN,67.76,TRAVEL,41.535769230769226,352.61,544.1786,896.7886,N,TXN_V2.1,2026-06-29,2026-06-29 19:54:02.665208
4805,2026-06,2,2,87.0,14520.880000000001,12613.16,-1907.7200000000012,311.8855172413793,DOWN,38.88,RETAIL,33.33137931034483,233.84999999999997,290.41760000000005,524.2676,N,TXN_V2.1,2026-06-29,2026-06-29 19:54:02.665208
4806,2026-06,2,2,92.0,25451.45,3142.3100000000004,-22309.14,310.8017391304348,DOWN,64.18,GROCERY,34.78,123.87,509.02900000000005,632.8990000000001,N,TXN_V2.1,2026-06-29,2026-06-29 19:54:02.665208
4807,2026-06,3,3,169.0,34718.56,24082.909999999996,-10635.650000000001,347.93769230769226,DOWN,79.78,UTILITIES,33.73094674556213,352.66,694.3711999999999,1047.0312,N,TXN_V2.1,2026-06-29,2026-06-29 19:54:02.665208
4808,2026-06,1,1,70.0,12645.36,2671.28,-9974.08,218.8091428571429,DOWN,33.16,RETAIL,42.85,308.54,252.90720000000002,561.4472000000001,N,TXN_V2.1,2026-06-29,2026-06-29 19:54:02.665208
4809,2026-06,2,2,99.0,11731.740000000002,4618.27,-7113.470000000001,165.15161616161618,DOWN,30.64,RESTAURANT,44.44282828282828,336.9,234.63480000000004,571.5348,N,TXN_V2.1,2026-06-29,2026-06-29 19:54:02.665208
4810,2026-06,2,2,85.0,5170.14,10015.21,4845.069999999999,178.6511764705882,UP,16.8,RETAIL,43.53058823529412,205.81,103.40280000000001,309.2128,N,TXN_V2.1,2026-06-29,2026-06-29 19:54:02.665208
4811,2026-06,1,1,75.0,5891.45,10913.03,5021.580000000001,224.05973333333333,UP,18.26,RETAIL,29.330000000000002,105.3,117.829,223.129,N,TXN_V2.1,2026-06-29,2026-06-29 19:54:02.665208
4812,2026-06,2,2,97.0,26228.23,13216.869999999999,-13011.36,406.6505154639175,DOWN,65.76,TRAVEL,36.080927835051554,259.07,524.5646,783.6346000000001,N,TXN_V2.1,2026-06-29,2026-06-29 19:54:02.665208
4813,2026-06,3,3,165.0,44058.84,33828.47,-10230.369999999995,472.044303030303,DOWN,89.86,RESTAURANT,38.789090909090916,639.6,881.1768,1520.7768,N,TXN_V2.1,2026-06-29,2026-06-29 19:54:02.665208
4814,2026-06,2,2,60.0,11048.08,3569.12,-7478.96,243.62,DOWN,28.72,UTILITIES,28.332,95.18,220.9616,316.14160000000004,N,TXN_V2.1,2026-06-29,2026-06-29 19:54:02.665208
4815,2026-06,2,1,99.0,24210.89,15666.59,-8544.3,402.8028282828282,DOWN,61.9,HEALTHCARE,40.404444444444444,314.66,484.2178,798.8778,N,TXN_V2.1,2026-06-29,2026-06-29 19:54:02.665208
4816,2026-06,4,4,158.0,32209.46,27691.02,-4518.439999999999,379.1169620253164,DOWN,76.12,INSURANCE,35.441835443037974,404.13,644.1892,1048.3192,N,TXN_V2.1,2026-06-29,2026-06-29 19:54:02.665208
4817,2026-06,1,1,32.0,2591.28,1321.96,-1269.3200000000002,122.28875000000001,DOWN,9.44,RESTAURANT,34.38,0.0,51.82560000000001,51.82560000000001,N,TXN_V2.1,2026-06-29,2026-06-29 19:54:02.665208
4818,2026-06,2,2,133.0,64771.34,4023.93,-60747.409999999996,517.2576691729322,DOWN,98.58,RESTAURANT,42.10894736842105,296.31,1295.4268,1591.7368,N,TXN_V2.1,2026-06-29,2026-06-29 19:54:02.665208
4819,2026-06,1,1,48.0,13269.67,2067.29,-11202.380000000001,319.52,DOWN,35.16,RESTAURANT,31.25,157.49,265.3934,422.8834,N,TXN_V2.1,2026-06-29,2026-06-29 19:54:02.665208
4820,2026-06,1,0,22.0,10586.25,854.7,-9731.55,520.0431818181819,DOWN,27.7,RETAIL,50.0,0.0,211.725,211.725,N,TXN_V2.1,2026-06-29,2026-06-29 19:54:02.665208
4821,2026-06,2,2,85.0,12097.0,12549.52,452.52000000000044,289.9590588235294,STABLE,31.58,RESTAURANT,37.64505882352942,48.99,241.94,290.93,N,TXN_V2.1,2026-06-29,2026-06-29 19:54:02.665208
4822,2026-06,1,1,55.0,10238.65,2130.37,-8108.28,224.89127272727274,DOWN,26.72,GAS_STATION,41.81999999999999,119.51,204.773,324.283,N,TXN_V2.1,2026-06-29,2026-06-29 19:54:02.665208
4823,2026-06,2,2,122.0,19310.28,16837.2,-2473.079999999998,296.29081967213114,DOWN,50.88,RESTAURANT,40.16532786885246,233.61,386.2056,619.8156,N,TXN_V2.1,2026-06-29,2026-06-29 19:54:02.665208
4824,2026-06,4,4,167.0,28490.69,24415.47,-4075.2199999999975,316.8033532934132,DOWN,70.2,RESTAURANT,44.3131137724551,575.04,569.8138,1144.8537999999999,N,TXN_V2.1,2026-06-29,2026-06-29 19:54:02.665208
4825,2026-06,4,4,201.0,42060.7,36524.95,-5535.75,390.9733830845771,DOWN,88.12,UTILITIES,31.844975124378106,492.94,841.2139999999999,1334.154,N,TXN_V2.1,2026-06-29,2026-06-29 19:54:02.665208
4826,2026-06,2,2,88.0,21388.34,14632.48,-6755.860000000001,409.3275,DOWN,55.5,INSURANCE,39.775000000000006,267.66,427.7668,695.4268,N,TXN_V2.1,2026-06-29,2026-06-29 19:54:02.665208
4827,2026-06,4,4,153.0,45461.1,47234.450000000004,1773.3500000000058,605.8532679738562,STABLE,90.92,UTILITIES,45.75176470588236,234.12,909.222,1143.342,N,TXN_V2.1,2026-06-29,2026-06-29 19:54:02.665208
4828,2026-06,1,1,37.0,11353.54,11574.23,220.6899999999987,619.6694594594595,STABLE,29.64,GROCERY,37.84,32.14,227.07080000000002,259.2108,N,TXN_V2.1,2026-06-29,2026-06-29 19:54:02.665208
4829,2026-06,1,1,62.0,12364.53,2523.92,-9840.61,240.13629032258066,DOWN,32.38,GROCERY,37.1,115.73,247.2906,363.0206,N,TXN_V2.1,2026-06-29,2026-06-29 19:54:02.665208
4830,2026-06,3,3,148.0,34665.86,13526.87,-21138.989999999998,325.62655405405405,DOWN,79.68,HEALTHCARE,31.08067567567568,306.51,693.3172000000001,999.8272000000001,N,TXN_V2.1,2026-06-29,2026-06-29 19:54:02.665208
4831,2026-06,1,0,12.0,804.46,340.36,-464.1,95.40166666666669,STABLE,0.8,TRAVEL,33.33,36.88,16.0892,52.9692,N,TXN_V2.1,2026-06-29,2026-06-29 19:54:02.665208
4832,2026-06,1,1,18.0,1299.07,925.87,-373.19999999999993,123.60777777777778,STABLE,2.82,GAS_STATION,27.779999999999998,50.07,25.9814,76.0514,N,TXN_V2.1,2026-06-29,2026-06-29 19:54:02.665208
4833,2026-06,1,1,38.0,1295.24,3156.13,1860.89,117.14131578947368,UP,2.76,GROCERY,36.84,52.47,25.9048,78.3748,N,TXN_V2.1,2026-06-29,2026-06-29 19:54:02.665208
4834,2026-06,3,3,134.0,24655.34,31006.18,6350.84,415.3844776119403,UP,62.86,RESTAURANT,36.56768656716417,245.05,493.1068,738.1568,N,TXN_V2.1,2026-06-29,2026-06-29 19:54:02.665208
4835,2026-06,1,1,23.0,1435.11,1493.4,58.29000000000019,127.32652173913044,STABLE,3.34,RESTAURANT,47.82,32.55,28.702199999999998,61.252199999999995,N,TXN_V2.1,2026-06-29,2026-06-29 19:54:02.665208
4836,2026-06,2,2,117.0,27010.93,5782.26,-21228.67,280.2836752136752,DOWN,67.42,RESTAURANT,40.16888888888889,354.86,540.2186,895.0786,N,TXN_V2.1,2026-06-29,2026-06-29 19:54:02.665208
4837,2026-06,4,4,170.0,58469.47,33571.66,-24897.809999999998,541.4184117647059,DOWN,97.2,RESTAURANT,29.999117647058824,244.68,1169.3894,1414.0694,N,TXN_V2.1,2026-06-29,2026-06-29 19:54:02.665208
4838,2026-06,3,3,120.0,43472.48,45448.85,1976.3699999999953,741.0110833333333,STABLE,89.28,HEALTHCARE,37.501583333333336,301.53999999999996,869.4496,1170.9895999999999,N,TXN_V2.1,2026-06-29,2026-06-29 19:54:02.665208
4839,2026-06,4,4,146.0,38417.83,13117.18,-25300.65,352.97952054794524,DOWN,84.86,RETAIL,36.299863013698626,343.6,768.3566000000001,1111.9566,N,TXN_V2.1,2026-06-29,2026-06-29 19:54:02.665208
4840,2026-06,4,4,197.0,31928.2,37942.270000000004,6014.070000000003,354.67243654822335,UP,75.62,RESTAURANT,35.02522842639594,408.93,638.5640000000001,1047.4940000000001,N,TXN_V2.1,2026-06-29,2026-06-29 19:54:02.665208
4841,2026-06,3,3,137.0,27536.4,3918.64,-23617.760000000002,229.59883211678832,DOWN,68.48,RESTAURANT,37.22583941605839,336.35,550.7280000000001,887.0780000000001,N,TXN_V2.1,2026-06-29,2026-06-29 19:54:02.665208
4842,2026-06,1,1,36.0,10754.4,1672.11,-9082.289999999999,345.18083333333334,DOWN,28.12,UTILITIES,33.33,43.22,215.088,258.308,N,TXN_V2.1,2026-06-29,2026-06-29 19:54:02.665208
4843,2026-06,4,4,228.0,33077.39,28916.050000000003,-4161.3399999999965,271.901052631579,DOWN,77.4,UTILITIES,39.47267543859649,317.11,661.5478,978.6578000000001,N,TXN_V2.1,2026-06-29,2026-06-29 19:54:02.665208
4844,2026-06,1,1,67.0,13710.9,2931.48,-10779.42,248.3937313432836,DOWN,36.4,ENTERTAINMENT,38.8,158.16,274.218,432.37800000000004,N,TXN_V2.1,2026-06-29,2026-06-29 19:54:02.665208
4845,2026-06,1,1,41.0,13444.7,2276.35,-11168.35,383.4402439024391,DOWN,35.52,RETAIL,46.34,59.54,268.894,328.434,N,TXN_V2.1,2026-06-29,2026-06-29 19:54:02.665208
4846,2026-06,2,1,88.0,15523.039999999999,13442.89,-2080.1499999999996,329.15829545454545,DOWN,41.66,RETAIL,43.18204545454547,275.52,310.4608,585.9808,N,TXN_V2.1,2026-06-29,2026-06-29 19:54:02.665208
4847,2026-06,2,2,64.0,11486.89,13821.1,2334.210000000001,395.43734374999997,UP,30.0,GROCERY,34.37468749999999,11.87,229.7378,241.6078,N,TXN_V2.1,2026-06-29,2026-06-29 19:54:02.665208
4848,2026-06,1,1,35.0,1562.88,8948.35,7385.47,300.3208571428571,UP,3.94,GROCERY,28.57,207.9,31.257600000000004,239.1576,N,TXN_V2.1,2026-06-29,2026-06-29 19:54:02.665208
4849,2026-06,1,1,22.0,495.96,1780.84,1284.8799999999999,103.49090909090908,UP,0.22,RETAIL,45.45,27.98,9.9192,37.8992,N,TXN_V2.1,2026-06-29,2026-06-29 19:54:02.665208
4850,2026-06,4,4,153.0,26302.809999999998,43977.58,17674.770000000004,459.348954248366,UP,65.88,UTILITIES,39.870065359477124,173.57,526.0562,699.6261999999999,N,TXN_V2.1,2026-06-29,2026-06-29 19:54:02.665208
4851,2026-06,2,2,80.0,11461.74,13479.279999999999,2017.539999999999,311.76275,UP,29.88,RETAIL,32.49875,112.96000000000001,229.2348,342.1948,N,TXN_V2.1,2026-06-29,2026-06-29 19:54:02.665208
4852,2026-06,1,1,21.0,15825.21,233.27,-15591.939999999999,764.6895238095237,DOWN,42.68,GAS_STATION,42.85999999999999,0.0,316.50419999999997,316.50419999999997,N,TXN_V2.1,2026-06-29,2026-06-29 19:54:02.665208
4853,2026-06,4,4,226.0,28828.020000000004,31719.489999999998,2891.469999999994,267.90933628318584,UP,70.9,UTILITIES,32.7433185840708,537.28,576.5604000000001,1113.8404,N,TXN_V2.1,2026-06-29,2026-06-29 19:54:02.665208
4854,2026-06,3,3,120.0,20031.010000000002,16317.94,-3713.0700000000015,302.9079166666667,DOWN,52.26,RETAIL,44.168,404.96000000000004,400.62020000000007,805.5802000000001,N,TXN_V2.1,2026-06-29,2026-06-29 19:54:02.665208
4855,2026-06,4,4,208.0,54632.9,43752.92,-10879.980000000003,473.00875,DOWN,96.08,RETAIL,33.65206730769231,315.61,1092.6580000000001,1408.268,N,TXN_V2.1,2026-06-29,2026-06-29 19:54:02.665208
4856,2026-06,4,4,182.0,40575.299999999996,39908.75,-666.5499999999956,442.22005494505487,STABLE,86.96,RETAIL,40.6578021978022,305.01,811.506,1116.516,N,TXN_V2.1,2026-06-29,2026-06-29 19:54:02.665208
4857,2026-06,1,1,47.0,1405.06,19884.98,18479.92,452.9795744680851,UP,3.18,INSURANCE,42.56000000000001,43.3,28.1012,71.40119999999999,N,TXN_V2.1,2026-06-29,2026-06-29 19:54:02.665208
4858,2026-06,2,2,59.0,15476.32,2024.26,-13452.06,296.61999999999995,DOWN,41.56,RETAIL,38.98237288135593,184.87,309.5264,494.3964,N,TXN_V2.1,2026-06-29,2026-06-29 19:54:02.665208
4859,2026-06,4,4,237.0,47724.54,12017.37,-35707.17,252.0755696202532,DOWN,92.66,RETAIL,41.772700421940925,495.39,954.4908,1449.8808,N,TXN_V2.1,2026-06-29,2026-06-29 19:54:02.665208
4860,2026-06,4,4,184.0,42161.630000000005,7541.17,-34620.46000000001,270.1239130434783,DOWN,88.22,UTILITIES,36.41173913043478,522.41,843.2326000000002,1365.6426000000001,N,TXN_V2.1,2026-06-29,2026-06-29 19:54:02.665208
4861,2026-06,1,1,23.0,932.4,1784.98,852.58,118.14695652173914,UP,1.28,UTILITIES,34.78,52.06,18.648,70.708,N,TXN_V2.1,2026-06-29,2026-06-29 19:54:02.665208
4862,2026-06,2,2,70.0,35902.74,13557.38,-22345.36,706.5731428571428,DOWN,81.28,TRAVEL,38.57085714285714,234.73999999999998,718.0548,952.7948,N,TXN_V2.1,2026-06-29,2026-06-29 19:54:02.665208
4863,2026-06,2,2,115.0,25000.260000000002,27659.230000000003,2658.970000000001,457.9086086956522,UP,63.46,GAS_STATION,31.303043478260868,148.0,500.00520000000006,648.0052000000001,N,TXN_V2.1,2026-06-29,2026-06-29 19:54:02.665208
4864,2026-06,4,3,209.0,41765.83,26045.589999999997,-15720.240000000005,324.45655502392344,DOWN,87.78,TRAVEL,40.19177033492823,322.15999999999997,835.3166000000001,1157.4766,N,TXN_V2.1,2026-06-29,2026-06-29 19:54:02.665208
4865,2026-06,3,3,88.0,26697.92,6396.99,-20300.93,376.0785227272727,DOWN,66.84,UTILITIES,32.95840909090909,343.37,533.9584,877.3284,N,TXN_V2.1,2026-06-29,2026-06-29 19:54:02.665208
4866,2026-06,4,4,188.0,28866.870000000003,26919.41,-1947.4600000000028,296.7355319148936,DOWN,71.0,TRAVEL,38.3004255319149,354.12,577.3374000000001,931.4574000000001,N,TXN_V2.1,2026-06-29,2026-06-29 19:54:02.665208
4867,2026-06,4,4,256.0,22592.59,28530.670000000002,5938.080000000002,199.700234375,UP,58.24,UTILITIES,36.7182421875,644.48,451.8518,1096.3318,N,TXN_V2.1,2026-06-29,2026-06-29 19:54:02.665208
4868,2026-06,1,1,45.0,9565.08,2344.95,-7220.13,264.6673333333333,DOWN,25.04,RESTAURANT,35.559999999999995,94.93,191.3016,286.2316,N,TXN_V2.1,2026-06-29,2026-06-29 19:54:02.665208
4869,2026-06,2,2,51.0,2854.0699999999997,13706.52,10852.45,324.7174509803922,UP,10.36,GAS_STATION,33.33352941176471,124.9,57.081399999999995,181.9814,N,TXN_V2.1,2026-06-29,2026-06-29 19:54:02.665208
4870,2026-06,1,1,48.0,1592.16,12292.55,10700.39,289.26479166666667,UP,4.14,UTILITIES,35.42,27.85,31.843200000000003,59.693200000000004,N,TXN_V2.1,2026-06-29,2026-06-29 19:54:02.665208
4871,2026-06,1,1,19.0,6395.0,1458.78,-4936.22,413.3568421052631,DOWN,19.4,INSURANCE,63.16,0.0,127.9,127.9,N,TXN_V2.1,2026-06-29,2026-06-29 19:54:02.665208
4872,2026-06,3,3,123.0,16635.12,38453.42,21818.3,447.8743089430894,UP,44.7,UTILITIES,36.58747967479675,309.25,332.7024,641.9524,N,TXN_V2.1,2026-06-29,2026-06-29 19:54:02.665208
4873,2026-06,2,2,118.0,28101.449999999997,13504.960000000001,-14596.489999999996,352.5966949152542,DOWN,69.42,RESTAURANT,34.74440677966102,118.88,562.029,680.909,N,TXN_V2.1,2026-06-29,2026-06-29 19:54:02.665208
4874,2026-06,2,2,92.0,19118.199999999997,22402.37,3284.170000000002,451.3105434782608,UP,50.4,GROCERY,38.04532608695652,121.07,382.364,503.43399999999997,N,TXN_V2.1,2026-06-29,2026-06-29 19:54:02.665208
4875,2026-06,3,3,154.0,10747.56,7924.58,-2822.9799999999996,121.24766233766233,DOWN,28.1,RETAIL,33.111428571428576,164.35,214.9512,379.3012,N,TXN_V2.1,2026-06-29,2026-06-29 19:54:02.665208
4876,2026-06,3,3,114.0,30129.999999999996,4950.98,-25179.019999999997,307.7278947368421,DOWN,72.82,RESTAURANT,40.35175438596491,267.08000000000004,602.5999999999999,869.68,N,TXN_V2.1,2026-06-29,2026-06-29 19:54:02.665208
4877,2026-06,1,1,24.0,1493.49,1460.85,-32.6400000000001,123.09750000000001,STABLE,3.64,RETAIL,45.83,157.24,29.8698,187.1098,N,TXN_V2.1,2026-06-29,2026-06-29 19:54:02.665208
4878,2026-06,1,1,38.0,29280.58,1048.29,-28232.29,798.1281578947369,DOWN,71.52,RETAIL,42.11,57.14,585.6116000000001,642.7516,N,TXN_V2.1,2026-06-29,2026-06-29 19:54:02.665208
4879,2026-06,2,2,111.0,27393.26,22337.72,-5055.539999999997,448.0268468468468,DOWN,68.12,UTILITIES,36.939099099099096,106.39999999999999,547.8652,654.2651999999999,N,TXN_V2.1,2026-06-29,2026-06-29 19:54:02.665208
4880,2026-06,3,3,170.0,24421.899999999998,6628.290000000001,-17793.609999999997,182.64817647058823,DOWN,62.32,RETAIL,38.233411764705885,352.93,488.438,841.3679999999999,N,TXN_V2.1,2026-06-29,2026-06-29 19:54:02.665208
4881,2026-06,4,4,147.0,9483.67,14845.710000000001,5362.040000000001,165.50598639455782,UP,24.86,HEALTHCARE,37.417414965986396,455.07,189.67340000000002,644.7434000000001,N,TXN_V2.1,2026-06-29,2026-06-29 19:54:02.665208
4882,2026-06,3,3,160.0,37818.619999999995,15422.259999999998,-22396.359999999997,332.7554999999999,DOWN,84.12,RESTAURANT,42.50187500000001,488.20000000000005,756.3724,1244.5724,N,TXN_V2.1,2026-06-29,2026-06-29 19:54:02.665208
4883,2026-06,3,3,161.0,36601.36,22361.93,-14239.43,366.2316149068323,DOWN,82.2,RETAIL,37.888819875776406,254.43,732.0272,986.4572000000001,N,TXN_V2.1,2026-06-29,2026-06-29 19:54:02.665208
4884,2026-06,3,2,95.0,5159.57,16009.509999999998,10849.939999999999,222.83242105263156,UP,16.76,RETAIL,41.05368421052631,312.78,103.1914,415.97139999999996,N,TXN_V2.1,2026-06-29,2026-06-29 19:54:02.665208
4885,2026-06,4,4,228.0,36625.31,33195.29,-3430.019999999997,306.230701754386,DOWN,82.24,RESTAURANT,35.087543859649124,600.74,732.5061999999999,1333.2462,N,TXN_V2.1,2026-06-29,2026-06-29 19:54:02.665208
4886,2026-06,4,4,193.0,32787.369999999995,15949.75,-16837.619999999995,252.52393782383416,DOWN,76.98,RETAIL,33.681917098445595,399.03000000000003,655.7474,1054.7774,N,TXN_V2.1,2026-06-29,2026-06-29 19:54:02.665208
4887,2026-06,1,1,72.0,18096.31,2327.67,-15768.640000000001,283.66638888888895,DOWN,48.08,INSURANCE,43.05,149.27,361.92620000000005,511.1962000000001,N,TXN_V2.1,2026-06-29,2026-06-29 19:54:02.665208
4888,2026-06,2,2,108.0,11511.060000000001,2595.26,-8915.800000000001,130.6140740740741,DOWN,30.1,RESTAURANT,38.88666666666667,110.66,230.22120000000004,340.88120000000004,N,TXN_V2.1,2026-06-29,2026-06-29 19:54:02.665208
4889,2026-06,3,3,105.0,11222.92,13659.24,2436.3199999999997,236.9729523809524,UP,29.28,RESTAURANT,37.13885714285715,357.29999999999995,224.4584,581.7583999999999,N,TXN_V2.1,2026-06-29,2026-06-29 19:54:02.665208
4890,2026-06,2,2,93.0,26855.29,31671.74,4816.450000000001,629.3229032258064,UP,67.12,RESTAURANT,33.339999999999996,165.1,537.1058,702.2058000000001,N,TXN_V2.1,2026-06-29,2026-06-29 19:54:02.665208
4891,2026-06,3,2,74.0,21071.93,2175.48,-18896.45,314.1541891891892,DOWN,54.76,RETAIL,44.59364864864865,298.83000000000004,421.4386,720.2686000000001,N,TXN_V2.1,2026-06-29,2026-06-29 19:54:02.665208
4892,2026-06,3,3,126.0,37603.89,3705.6499999999996,-33898.24,327.85349206349207,DOWN,83.78,UTILITIES,42.85761904761904,426.28,752.0778,1178.3578,N,TXN_V2.1,2026-06-29,2026-06-29 19:54:02.665208
4893,2026-06,1,1,39.0,3730.85,1171.73,-2559.12,125.70717948717949,DOWN,13.16,RETAIL,38.47,85.6,74.617,160.21699999999998,N,TXN_V2.1,2026-06-29,2026-06-29 19:54:02.665208
4894,2026-06,1,1,29.0,1508.38,8849.02,7340.64,357.15172413793107,UP,3.74,HEALTHCARE,37.93,33.45,30.167600000000004,63.61760000000001,N,TXN_V2.1,2026-06-29,2026-06-29 19:54:02.665208
4895,2026-06,2,2,96.0,11879.050000000001,14069.68,2190.629999999999,270.29927083333337,UP,31.08,INSURANCE,39.58322916666667,275.04,237.58100000000002,512.6210000000001,N,TXN_V2.1,2026-06-29,2026-06-29 19:54:02.665208
4896,2026-06,1,1,58.0,4449.94,1863.69,-2586.2499999999995,108.8556896551724,DOWN,15.3,GROCERY,44.830000000000005,199.06,88.99879999999999,288.0588,N,TXN_V2.1,2026-06-29,2026-06-29 19:54:02.665208
4897,2026-06,4,4,191.0,24948.47,36829.06,11880.589999999997,323.44256544502616,UP,63.32,UTILITIES,42.41083769633508,499.26,498.9694,998.2293999999999,N,TXN_V2.1,2026-06-29,2026-06-29 19:54:02.665208
4898,2026-06,3,3,134.0,26644.640000000003,31269.21,4624.569999999996,432.1929104477612,UP,66.72,RESTAURANT,38.0629104477612,310.57,532.8928000000001,843.4628,N,TXN_V2.1,2026-06-29,2026-06-29 19:54:02.665208
4899,2026-06,4,4,156.0,35743.56,12490.369999999999,-23253.19,309.1918589743589,DOWN,81.02,UTILITIES,37.18160256410256,393.09,714.8711999999999,1107.9612,N,TXN_V2.1,2026-06-29,2026-06-29 19:54:02.665208
4900,2026-06,1,1,16.0,9336.92,496.28,-8840.64,614.575,DOWN,24.6,GAS_STATION,50.0,24.19,186.7384,210.9284,N,TXN_V2.1,2026-06-29,2026-06-29 19:54:02.665208
4901,2026-06,3,3,190.0,38159.32,42966.82,4807.5,426.97968421052633,UP,84.54,UTILITIES,34.735157894736844,333.71999999999997,763.1864,1096.9064,N,TXN_V2.1,2026-06-29,2026-06-29 19:54:02.665208
4902,2026-06,2,2,97.0,32074.850000000002,9621.34,-22453.510000000002,429.8576288659794,DOWN,75.86,WIRE_TRANSFER_INTL,38.144329896907216,194.31,641.4970000000001,835.807,N,TXN_V2.1,2026-06-29,2026-06-29 19:54:02.665208
4903,2026-06,1,1,54.0,14434.33,25312.03,10877.699999999999,736.0437037037037,UP,38.6,HEALTHCARE,35.18999999999999,199.31,288.6866,487.9966,N,TXN_V2.1,2026-06-29,2026-06-29 19:54:02.665208
4904,2026-06,1,1,36.0,1989.87,2336.28,346.4100000000003,120.17083333333332,STABLE,6.28,GROCERY,58.34,109.03,39.797399999999996,148.8274,N,TXN_V2.1,2026-06-29,2026-06-29 19:54:02.665208
4905,2026-06,2,2,56.0,3145.35,22949.43,19804.08,465.9782142857143,UP,11.52,TRAVEL,28.57392857142857,34.92,62.907,97.827,N,TXN_V2.1,2026-06-29,2026-06-29 19:54:02.665208
4906,2026-06,1,1,48.0,1935.98,14251.25,12315.27,337.2339583333333,UP,6.0,HEALTHCARE,37.5,201.78,38.7196,240.4996,N,TXN_V2.1,2026-06-29,2026-06-29 19:54:02.665208
4907,2026-06,3,3,165.0,15717.21,15940.599999999999,223.38999999999942,191.86551515151513,STABLE,42.32,TRAVEL,37.57981818181818,439.04999999999995,314.3442,753.3942,N,TXN_V2.1,2026-06-29,2026-06-29 19:54:02.665208
4908,2026-06,2,2,56.0,3793.2000000000003,3205.24,-587.9600000000005,124.97214285714287,STABLE,13.42,UTILITIES,32.14035714285714,167.23,75.864,243.094,N,TXN_V2.1,2026-06-29,2026-06-29 19:54:02.665208
4909,2026-06,2,2,50.0,14442.47,3285.19,-11157.279999999999,354.5532,DOWN,38.64,UTILITIES,47.998400000000004,112.92,288.8494,401.7694,N,TXN_V2.1,2026-06-29,2026-06-29 19:54:02.665208
4910,2026-06,1,1,41.0,23419.82,13758.79,-9661.029999999999,906.7953658536585,DOWN,60.18,RETAIL,36.58,54.11,468.3964,522.5064,N,TXN_V2.1,2026-06-29,2026-06-29 19:54:02.665208
4911,2026-06,2,2,73.0,12232.24,6072.0,-6160.24,250.7430136986301,DOWN,32.02,GAS_STATION,43.83410958904109,277.68,244.6448,522.3248,N,TXN_V2.1,2026-06-29,2026-06-29 19:54:02.665208
4912,2026-06,1,0,27.0,1090.81,2144.55,1053.7400000000002,119.82814814814816,UP,1.86,TRAVEL,37.03,0.0,21.8162,21.8162,N,TXN_V2.1,2026-06-29,2026-06-29 19:54:02.665208
4913,2026-06,1,1,58.0,16397.19,13799.54,-2597.649999999998,520.633275862069,STABLE,44.22,RETAIL,34.48,93.85,327.94379999999995,421.7937999999999,N,TXN_V2.1,2026-06-29,2026-06-29 19:54:02.665208
4914,2026-06,3,3,147.0,9708.72,16681.19,6972.469999999999,179.52319727891154,UP,25.46,TRAVEL,36.734693877551024,372.18,194.1744,566.3543999999999,N,TXN_V2.1,2026-06-29,2026-06-29 19:54:02.665208
4915,2026-06,4,4,209.0,38080.67,25701.66,-12379.009999999998,305.1786124401914,DOWN,84.46,UTILITIES,32.53904306220096,469.93999999999994,761.6134,1231.5533999999998,N,TXN_V2.1,2026-06-29,2026-06-29 19:54:02.665208
4916,2026-06,1,1,73.0,15826.63,18609.23,2782.6000000000004,471.7241095890411,UP,42.7,UTILITIES,38.35999999999999,296.61,316.5326,613.1426,N,TXN_V2.1,2026-06-29,2026-06-29 19:54:02.665208
4917,2026-06,1,1,52.0,2905.6,19004.13,16098.53,421.34096153846156,UP,10.54,RETAIL,40.38,119.55,58.112,177.662,N,TXN_V2.1,2026-06-29,2026-06-29 19:54:02.665208
4918,2026-06,2,1,83.0,21603.16,18142.79,-3460.369999999999,478.8668674698795,DOWN,55.96,UTILITIES,34.9378313253012,269.95,432.0632,702.0132,N,TXN_V2.1,2026-06-29,2026-06-29 19:54:02.665208
4919,2026-06,3,3,114.0,20518.2,34939.53,14421.329999999998,486.47131578947364,UP,53.26,GROCERY,35.085175438596494,333.21,410.36400000000003,743.5740000000001,N,TXN_V2.1,2026-06-29,2026-06-29 19:54:02.665208
4920,2026-06,3,3,165.0,25789.0,18687.79,-7101.209999999999,269.556303030303,DOWN,65.0,RESTAURANT,32.73121212121212,492.7,515.78,1008.48,N,TXN_V2.1,2026-06-29,2026-06-29 19:54:02.665208
4921,2026-06,3,2,94.0,34779.31,25234.4,-9544.909999999996,638.4437234042554,DOWN,79.84,RETAIL,43.61659574468085,277.61,695.5862,973.1962,N,TXN_V2.1,2026-06-29,2026-06-29 19:54:02.665208
4922,2026-06,4,4,194.0,48442.85,20468.190000000002,-27974.659999999996,355.2115463917526,DOWN,93.16,TRAVEL,45.35685567010309,460.78,968.857,1429.637,N,TXN_V2.1,2026-06-29,2026-06-29 19:54:02.665208
4923,2026-06,2,2,64.0,17518.12,11970.67,-5547.449999999999,460.76234375,DOWN,46.78,UTILITIES,45.31265625,48.34,350.3624,398.7024,N,TXN_V2.1,2026-06-29,2026-06-29 19:54:02.665208
4924,2026-06,3,3,146.0,24852.89,24441.710000000003,-411.17999999999665,337.6342465753425,STABLE,63.18,RETAIL,41.09493150684932,362.51,497.0578,859.5678,N,TXN_V2.1,2026-06-29,2026-06-29 19:54:02.665208
4925,2026-06,3,2,140.0,11369.97,25917.449999999997,14547.479999999998,266.3387142857143,UP,29.72,UTILITIES,38.575714285714284,416.2,227.39939999999999,643.5994,N,TXN_V2.1,2026-06-29,2026-06-29 19:54:02.665208
4926,2026-06,2,2,108.0,22901.8,4024.05,-18877.75,249.3134259259259,DOWN,59.06,WIRE_TRANSFER_INTL,46.3,209.19,458.036,667.226,N,TXN_V2.1,2026-06-29,2026-06-29 19:54:02.665208
4927,2026-06,4,4,221.0,21924.34,46409.78,24485.44,309.2041628959276,UP,56.68,RESTAURANT,38.007194570135745,501.57000000000005,438.4868,940.0568000000001,N,TXN_V2.1,2026-06-29,2026-06-29 19:54:02.665208
4928,2026-06,4,4,186.0,30202.16,58392.86,28190.7,476.317311827957,UP,72.96,TRAVEL,36.55881720430108,390.18,604.0432,994.2231999999999,N,TXN_V2.1,2026-06-29,2026-06-29 19:54:02.665208
4929,2026-06,2,2,101.0,13815.68,19487.42,5671.739999999998,329.7336633663366,UP,36.72,RETAIL,40.58811881188119,237.65,276.3136,513.9636,N,TXN_V2.1,2026-06-29,2026-06-29 19:54:02.665208
4930,2026-06,4,4,186.0,17823.39,10203.85,-7619.539999999999,150.68408602150538,DOWN,47.26,RETAIL,37.10209677419355,414.49,356.4678,770.9578,N,TXN_V2.1,2026-06-29,2026-06-29 19:54:02.665208
4931,2026-06,3,3,107.0,16456.75,16704.739999999998,247.98999999999796,309.9204672897196,STABLE,44.32,RETAIL,40.188037383177566,194.09,329.135,523.225,N,TXN_V2.1,2026-06-29,2026-06-29 19:54:02.665208
4932,2026-06,3,3,109.0,23122.6,5807.56,-17315.039999999997,265.4143119266055,DOWN,59.56,RETAIL,35.7808256880734,248.06,462.452,710.512,N,TXN_V2.1,2026-06-29,2026-06-29 19:54:02.665208
4933,2026-06,1,1,27.0,2454.4,1593.14,-861.26,149.9088888888889,DOWN,8.66,GAS_STATION,40.739999999999995,62.84,49.088,111.928,N,TXN_V2.1,2026-06-29,2026-06-29 19:54:02.665208
4934,2026-06,3,2,134.0,13195.71,14436.56,1240.8500000000004,206.2109701492537,UP,34.94,RESTAURANT,41.79082089552239,354.06,263.9142,617.9742,N,TXN_V2.1,2026-06-29,2026-06-29 19:54:02.665208
4935,2026-06,4,4,210.0,71001.39,18653.95,-52347.44,426.93019047619043,DOWN,99.3,WIRE_TRANSFER_INTL,41.904761904761905,597.48,1420.0278,2017.5078,N,TXN_V2.1,2026-06-29,2026-06-29 19:54:02.665208
4936,2026-06,2,2,84.0,10335.85,45719.47,35383.62,667.3252380952381,UP,27.0,INSURANCE,42.85571428571429,170.26999999999998,206.717,376.98699999999997,N,TXN_V2.1,2026-06-29,2026-06-29 19:54:02.665208
4937,2026-06,4,4,226.0,32038.41,40453.54,8415.130000000001,320.7608407079646,UP,75.82,UTILITIES,44.6916371681416,452.79999999999995,640.7682,1093.5682,N,TXN_V2.1,2026-06-29,2026-06-29 19:54:02.665208
4938,2026-06,1,1,57.0,12528.06,2197.59,-10330.47,258.34473684210525,DOWN,32.88,RETAIL,33.330000000000005,129.1,250.56119999999999,379.6612,N,TXN_V2.1,2026-06-29,2026-06-29 19:54:02.665208
4939,2026-06,4,4,201.0,36620.29,25140.899999999998,-11479.390000000003,307.26960199004975,DOWN,82.22,UTILITIES,35.82328358208955,366.47999999999996,732.4058,1098.8858,N,TXN_V2.1,2026-06-29,2026-06-29 19:54:02.665208
4940,2026-06,4,4,215.0,47389.31,17527.69,-29861.62,301.9395348837209,DOWN,92.42,RETAIL,37.67641860465116,553.02,947.7862,1500.8062,N,TXN_V2.1,2026-06-29,2026-06-29 19:54:02.665208
4941,2026-06,4,4,148.0,26187.92,5183.78,-21004.14,211.9709459459459,DOWN,65.66,RETAIL,39.86777027027027,373.90999999999997,523.7583999999999,897.6683999999999,N,TXN_V2.1,2026-06-29,2026-06-29 19:54:02.665208
4942,2026-06,1,1,23.0,916.87,7859.7,6942.83,381.59,UP,1.2,RESTAURANT,39.129999999999995,0.0,18.3374,18.3374,N,TXN_V2.1,2026-06-29,2026-06-29 19:54:02.665208
4943,2026-06,3,3,135.0,7650.85,33000.38,25349.53,301.1202222222222,UP,21.18,UTILITIES,43.70444444444444,191.4,153.01700000000002,344.41700000000003,N,TXN_V2.1,2026-06-29,2026-06-29 19:54:02.665208
4944,2026-06,3,3,178.0,28349.84,18000.27,-10349.57,260.3938764044944,DOWN,70.02,RESTAURANT,37.07797752808988,491.86,566.9968,1058.8568,N,TXN_V2.1,2026-06-29,2026-06-29 19:54:02.665208
4945,2026-06,4,4,180.0,35942.97,40863.85,4920.879999999997,426.7045555555556,UP,81.32,RETAIL,40.55416666666667,423.83,718.8594,1142.6894,N,TXN_V2.1,2026-06-29,2026-06-29 19:54:02.665208
4946,2026-06,3,3,155.0,54871.55,17748.739999999998,-37122.810000000005,468.51800000000003,DOWN,96.16,RESTAURANT,35.48406451612903,164.56,1097.431,1261.991,N,TXN_V2.1,2026-06-29,2026-06-29 19:54:02.665208
4947,2026-06,2,2,59.0,13487.75,3541.33,-9946.42,288.62847457627123,DOWN,35.8,TRAVEL,25.424067796610167,104.53,269.755,374.28499999999997,N,TXN_V2.1,2026-06-29,2026-06-29 19:54:02.665208
4948,2026-06,2,1,40.0,3320.5,2183.94,-1136.56,137.61100000000002,DOWN,12.04,GROCERY,24.999749999999995,130.77,66.41,197.18,N,TXN_V2.1,2026-06-29,2026-06-29 19:54:02.665208
4949,2026-06,3,3,157.0,21585.350000000002,23543.04,1957.6899999999987,287.441974522293,UP,55.92,UTILITIES,44.58547770700637,588.62,431.70700000000005,1020.327,N,TXN_V2.1,2026-06-29,2026-06-29 19:54:02.665208
4950,2026-06,3,3,120.0,61133.89,50297.090000000004,-10836.799999999996,928.5915000000001,DOWN,97.88,RESTAURANT,29.999916666666664,452.32,1222.6778,1674.9977999999999,N,TXN_V2.1,2026-06-29,2026-06-29 19:54:02.665208
4951,2026-06,3,3,105.0,36039.12,19127.829999999998,-16911.290000000005,525.3995238095238,DOWN,81.42,RESTAURANT,34.28704761904762,287.55,720.7824,1008.3324,N,TXN_V2.1,2026-06-29,2026-06-29 19:54:02.665208
4952,2026-06,4,4,218.0,36164.04,24744.690000000002,-11419.349999999999,279.3978440366973,DOWN,81.62,TRAVEL,38.53348623853211,389.67,723.2808,1112.9508,N,TXN_V2.1,2026-06-29,2026-06-29 19:54:02.665208
4953,2026-06,4,2,199.0,62580.24,33175.95,-29404.29,481.18688442211055,DOWN,98.22,GROCERY,39.69542713567839,369.1,1251.6048,1620.7048,N,TXN_V2.1,2026-06-29,2026-06-29 19:54:02.665208
4954,2026-06,3,3,121.0,29537.48,26109.47,-3428.0099999999984,459.89214876033054,DOWN,71.88,RESTAURANT,43.804132231404964,145.01999999999998,590.7496,735.7696,N,TXN_V2.1,2026-06-29,2026-06-29 19:54:02.665208
4955,2026-06,2,2,78.0,3500.09,26911.73,23411.64,389.8951282051282,UP,12.48,HEALTHCARE,34.61538461538461,81.73,70.0018,151.73180000000002,N,TXN_V2.1,2026-06-29,2026-06-29 19:54:02.665208
4956,2026-06,3,3,83.0,3442.9,20664.329999999998,17221.429999999997,290.4485542168675,UP,12.32,UTILITIES,49.39867469879518,282.37,68.858,351.228,N,TXN_V2.1,2026-06-29,2026-06-29 19:54:02.665208
4957,2026-06,1,1,15.0,9521.17,928.47,-8592.7,696.6426666666666,DOWN,24.94,GAS_STATION,46.67000000000001,26.37,190.42340000000002,216.79340000000002,N,TXN_V2.1,2026-06-29,2026-06-29 19:54:02.665208
4958,2026-06,4,4,211.0,26645.0,20855.0,-5790.0,225.11848341232226,DOWN,66.74,TRAVEL,45.49635071090047,370.95,532.9,903.8499999999999,N,TXN_V2.1,2026-06-29,2026-06-29 19:54:02.665208
4959,2026-06,4,3,167.0,50846.55,20440.16,-30406.390000000003,426.8665269461078,DOWN,94.56,TRAVEL,36.53,249.32,1016.931,1266.251,N,TXN_V2.1,2026-06-29,2026-06-29 19:54:02.665208
4960,2026-06,1,1,69.0,3616.39,4347.3,730.9100000000003,115.41579710144929,UP,12.78,RESTAURANT,30.43,190.28,72.3278,262.6078,N,TXN_V2.1,2026-06-29,2026-06-29 19:54:02.665208
4961,2026-06,1,1,70.0,23332.98,2446.97,-20886.01,368.285,DOWN,60.08,RESTAURANT,38.57000000000001,82.05,466.6596,548.7096,N,TXN_V2.1,2026-06-29,2026-06-29 19:54:02.665208
4962,2026-06,1,0,26.0,2128.8,917.56,-1211.2400000000002,117.1676923076923,DOWN,7.02,GROCERY,26.920000000000005,0.0,42.57600000000001,42.57600000000001,N,TXN_V2.1,2026-06-29,2026-06-29 19:54:02.665208
4963,2026-06,3,3,142.0,17301.78,44772.64,27470.86,437.14380281690137,UP,46.14,RETAIL,32.39809859154929,413.0,346.0356,759.0355999999999,N,TXN_V2.1,2026-06-29,2026-06-29 19:54:02.665208
4964,2026-06,1,1,54.0,1674.92,3868.04,2193.12,102.64740740740741,UP,4.5,INSURANCE,31.480000000000004,153.68,33.498400000000004,187.1784,N,TXN_V2.1,2026-06-29,2026-06-29 19:54:02.665208
4965,2026-06,4,4,194.0,20098.989999999998,42691.42999999999,22592.439999999995,323.66195876288657,UP,52.38,RETAIL,34.01948453608248,524.63,401.97979999999995,926.6098,N,TXN_V2.1,2026-06-29,2026-06-29 19:54:02.665208
4966,2026-06,3,3,163.0,28236.31,27987.11,-249.20000000000073,344.9289570552147,STABLE,69.8,UTILITIES,34.3615337423313,677.6899999999999,564.7262000000001,1242.4162000000001,N,TXN_V2.1,2026-06-29,2026-06-29 19:54:02.665208
4967,2026-06,1,1,52.0,3125.46,11238.05,8112.589999999999,276.2213461538461,UP,11.4,GROCERY,44.230000000000004,150.95,62.5092,213.45919999999998,N,TXN_V2.1,2026-06-29,2026-06-29 19:54:02.665208
4968,2026-06,1,1,68.0,3870.56,10408.72,6538.16,209.98941176470586,UP,13.62,ENTERTAINMENT,36.77,107.49,77.4112,184.9012,N,TXN_V2.1,2026-06-29,2026-06-29 19:54:02.665208
4969,2026-06,2,2,124.0,37789.93,18508.17,-19281.760000000002,454.01693548387095,DOWN,84.02,TRAVEL,34.678467741935485,199.38,755.7986,955.1786,N,TXN_V2.1,2026-06-29,2026-06-29 19:54:02.665208
4970,2026-06,2,2,72.0,14428.769999999999,3995.53,-10433.239999999998,255.89305555555555,DOWN,38.58,RESTAURANT,34.720277777777774,209.71,288.5754,498.2854,N,TXN_V2.1,2026-06-29,2026-06-29 19:54:02.665208
4971,2026-06,3,3,172.0,37038.79,23430.32,-13608.470000000001,351.56459302325584,DOWN,83.02,RESTAURANT,40.1175,322.69,740.7758,1063.4658,N,TXN_V2.1,2026-06-29,2026-06-29 19:54:02.665208
4972,2026-06,1,1,49.0,19796.81,3603.57,-16193.240000000002,477.5587755102041,DOWN,51.76,RETAIL,36.73,117.12,395.93620000000004,513.0562,N,TXN_V2.1,2026-06-29,2026-06-29 19:54:02.665208
4973,2026-06,1,1,54.0,11085.93,2607.25,-8478.68,253.5774074074074,DOWN,28.86,GAS_STATION,20.37,10.31,221.7186,232.0286,N,TXN_V2.1,2026-06-29,2026-06-29 19:54:02.665208
4974,2026-06,3,3,101.0,37493.84,44243.9,6750.060000000005,809.2845544554455,UP,83.62,UTILITIES,34.657128712871284,112.52000000000001,749.8767999999999,862.3967999999999,N,TXN_V2.1,2026-06-29,2026-06-29 19:54:02.665208
4975,2026-06,3,3,110.0,7799.02,12220.97,4421.949999999999,181.99990909090909,UP,21.48,UTILITIES,35.45390909090909,179.94,155.9804,335.9204,N,TXN_V2.1,2026-06-29,2026-06-29 19:54:02.665208
4976,2026-06,2,2,126.0,42342.36,28816.67,-13525.690000000002,564.7542063492064,DOWN,88.52,RESTAURANT,39.68222222222222,347.64,846.8472,1194.4872,N,TXN_V2.1,2026-06-29,2026-06-29 19:54:02.665208
4977,2026-06,1,1,32.0,1514.31,2101.64,587.3299999999999,112.9984375,UP,3.76,RESTAURANT,43.75,47.64,30.2862,77.9262,N,TXN_V2.1,2026-06-29,2026-06-29 19:54:02.665208
4978,2026-06,3,3,170.0,23881.85,29731.739999999998,5849.889999999999,315.37405882352937,UP,61.14,RESTAURANT,32.93994117647059,329.06,477.637,806.697,N,TXN_V2.1,2026-06-29,2026-06-29 19:54:02.665208
4979,2026-06,1,1,28.0,1880.39,725.98,-1154.41,93.08464285714285,DOWN,5.82,RETAIL,39.29,48.22,37.607800000000005,85.8278,N,TXN_V2.1,2026-06-29,2026-06-29 19:54:02.665208
4980,2026-06,4,4,199.0,35026.0,28537.149999999998,-6488.850000000002,319.4128140703517,DOWN,80.16,TRAVEL,35.682763819095484,424.11,700.52,1124.63,N,TXN_V2.1,2026-06-29,2026-06-29 19:54:02.665208
4981,2026-06,2,1,82.0,12990.88,19709.530000000002,6718.650000000003,398.7854878048781,UP,34.26,HEALTHCARE,32.93195121951219,79.50999999999999,259.81759999999997,339.32759999999996,N,TXN_V2.1,2026-06-29,2026-06-29 19:54:02.665208
4982,2026-06,3,3,69.0,16333.060000000001,25814.96,9481.899999999998,610.8408695652174,UP,44.0,TRAVEL,27.533478260869565,226.55,326.6612,553.2112,N,TXN_V2.1,2026-06-29,2026-06-29 19:54:02.665208
4983,2026-06,4,4,136.0,9527.19,52748.020000000004,43220.83,457.905955882353,UP,24.96,GROCERY,38.97095588235294,247.32999999999998,190.5438,437.87379999999996,N,TXN_V2.1,2026-06-29,2026-06-29 19:54:02.665208
4984,2026-06,2,2,121.0,28444.980000000003,6065.85,-22379.130000000005,285.21347107438015,DOWN,70.12,INSURANCE,31.40685950413223,253.60000000000002,568.8996000000001,822.4996000000001,N,TXN_V2.1,2026-06-29,2026-06-29 19:54:02.665208
4985,2026-06,1,1,29.0,13734.87,473.68,-13261.19,489.95000000000005,DOWN,36.5,GAS_STATION,24.130000000000003,101.48,274.6974,376.17740000000003,N,TXN_V2.1,2026-06-29,2026-06-29 19:54:02.665208
4986,2026-06,3,3,105.0,12345.71,14748.33,2402.620000000001,258.0384761904762,UP,32.26,RESTAURANT,34.28809523809523,126.31,246.9142,373.2242,N,TXN_V2.1,2026-06-29,2026-06-29 19:54:02.665208
4987,2026-06,4,4,217.0,18879.969999999998,34554.85,15674.880000000001,246.2434101382488,UP,49.84,TRAVEL,36.86387096774193,560.38,377.59939999999995,937.9793999999999,N,TXN_V2.1,2026-06-29,2026-06-29 19:54:02.665208
4988,2026-06,3,3,142.0,34668.41,45058.11,10389.699999999997,561.4543661971832,UP,79.7,GROCERY,40.14014084507043,225.76999999999998,693.3682000000001,919.1382000000001,N,TXN_V2.1,2026-06-29,2026-06-29 19:54:02.665208
4989,2026-06,3,3,79.0,15211.92,5037.3099999999995,-10174.61,256.3193670886076,DOWN,40.94,RESTAURANT,34.17443037974684,97.13,304.2384,401.3684,N,TXN_V2.1,2026-06-29,2026-06-29 19:54:02.665208
4990,2026-06,4,4,166.0,40893.229999999996,29657.4,-11235.829999999994,425.00379518072293,DOWN,87.16,RETAIL,34.94289156626506,348.39,817.8645999999999,1166.2545999999998,N,TXN_V2.1,2026-06-29,2026-06-29 19:54:02.665208
4991,2026-06,4,3,151.0,21449.52,32568.23,11118.71,357.7334437086093,UP,55.56,INSURANCE,39.06880794701987,382.08,428.9904,811.0704000000001,N,TXN_V2.1,2026-06-29,2026-06-29 19:54:02.665208
4992,2026-06,1,1,33.0,2321.12,11926.17,9605.05,431.7360606060606,UP,8.04,GAS_STATION,36.36,30.68,46.422399999999996,77.10239999999999,N,TXN_V2.1,2026-06-29,2026-06-29 19:54:02.665208
4993,2026-06,4,4,136.0,35334.72,22227.08,-13107.64,423.2485294117647,DOWN,80.44,TRAVEL,37.498014705882355,319.45,706.6944000000001,1026.1444000000001,N,TXN_V2.1,2026-06-29,2026-06-29 19:54:02.665208
4994,2026-06,3,3,118.0,25514.32,6403.72,-19110.6,270.49186440677965,DOWN,64.3,TRAVEL,44.07016949152543,245.57,510.2864,755.8564,N,TXN_V2.1,2026-06-29,2026-06-29 19:54:02.665208
4995,2026-06,1,1,39.0,12599.88,10433.47,-2166.41,590.5987179487179,STABLE,33.08,GAS_STATION,30.77000000000001,57.49,251.99759999999998,309.4876,N,TXN_V2.1,2026-06-29,2026-06-29 19:54:02.665208
4996,2026-06,4,4,149.0,21118.5,39398.01,18279.510000000002,406.1510738255034,UP,54.84,RESTAURANT,34.2248322147651,419.39,422.37,841.76,N,TXN_V2.1,2026-06-29,2026-06-29 19:54:02.665208
4997,2026-06,2,2,57.0,2846.38,3346.47,500.0899999999997,108.64649122807018,STABLE,10.26,RESTAURANT,36.84350877192983,40.59,56.927600000000005,97.51760000000002,N,TXN_V2.1,2026-06-29,2026-06-29 19:54:02.665208
4998,2026-06,1,1,58.0,9424.13,2917.44,-6506.689999999999,212.7856896551724,DOWN,24.78,RESTAURANT,46.54999999999999,144.03,188.4826,332.5126,N,TXN_V2.1,2026-06-29,2026-06-29 19:54:02.665208
4999,2026-06,1,1,30.0,14579.99,8081.96,-6498.03,755.3983333333333,DOWN,39.14,EDUCATION,20.0,60.17,291.5998,351.76980000000003,N,TXN_V2.1,2026-06-29,2026-06-29 19:54:02.665208
5000,2026-06,2,2,87.0,20839.36,14166.04,-6673.32,402.36091954022993,DOWN,54.06,GROCERY,32.18459770114943,192.04,416.78720000000004,608.8272000000001,N,TXN_V2.1,2026-06-29,2026-06-29 19:54:02.665208
