account_id,customer_id,account_type,account_status,open_date,close_date,current_balance,available_balance,credit_limit,interest_rate,branch_id,created_ts,updated_ts
1,1,LOAN,O,2016-03-13,,58009.82,0.0,,0.2043,411,2026-06-29 19:55:26.116757,2026-06-29 19:55:26.116757
2,1,SAVINGS,O,2022-05-11,,48175.41,43357.87,,0.2183,27,2026-06-29 19:55:26.116757,2026-06-29 19:55:26.116757
3,1,CREDIT,O,2017-02-15,,13111.75,1888.25,15000.0,0.139,53,2026-06-29 19:55:26.116757,2026-06-29 19:55:26.116757
4,1,CHECKING,O,2018-01-27,,56767.78,51091.0,,0.1294,64,2026-06-29 19:55:26.116757,2026-06-29 19:55:26.116757
5,2,CHECKING,O,2015-03-21,,35670.2,32103.18,,0.1288,426,2026-06-29 19:55:26.116757,2026-06-29 19:55:26.116757
6,2,LOAN,O,2025-10-17,,26810.88,0.0,,0.2366,114,2026-06-29 19:55:26.116757,2026-06-29 19:55:26.116757
7,2,SAVINGS,C,2024-12-22,2026-05-11,65244.61,58720.15,,0.2212,477,2026-06-29 19:55:26.116757,2026-06-29 19:55:26.116757
8,3,LOAN,O,2021-12-13,,4142.16,0.0,,0.1259,121,2026-06-29 19:55:26.116757,2026-06-29 19:55:26.116757
9,4,CHECKING,C,2019-08-01,2023-01-02,25154.13,22638.72,,0.0257,366,2026-06-29 19:55:26.116757,2026-06-29 19:55:26.116757
10,4,SAVINGS,O,2026-01-29,,51821.84,46639.66,,0.198,71,2026-06-29 19:55:26.116757,2026-06-29 19:55:26.116757
11,4,LOAN,O,2025-09-17,,3259.89,0.0,,0.2293,242,2026-06-29 19:55:26.116757,2026-06-29 19:55:26.116757
12,4,CREDIT,O,2022-06-29,,3794.21,1205.79,5000.0,0.1178,316,2026-06-29 19:55:26.116757,2026-06-29 19:55:26.116757
13,5,CHECKING,C,2023-11-09,2024-09-10,1029.81,926.83,,0.0547,77,2026-06-29 19:55:26.116757,2026-06-29 19:55:26.116757
14,6,CHECKING,O,2019-06-15,,9308.79,8377.91,,0.0603,328,2026-06-29 19:55:26.116757,2026-06-29 19:55:26.116757
15,6,SAVINGS,O,2016-04-08,,63408.88,57067.99,,0.1148,57,2026-06-29 19:55:26.116757,2026-06-29 19:55:26.116757
16,6,LOAN,O,2018-12-23,,50364.58,0.0,,0.1254,275,2026-06-29 19:55:26.116757,2026-06-29 19:55:26.116757
17,6,CREDIT,O,2023-06-25,,1263.91,736.09,2000.0,0.1441,368,2026-06-29 19:55:26.116757,2026-06-29 19:55:26.116757
18,7,CREDIT,O,2020-02-19,,1229.62,770.38,2000.0,0.0609,214,2026-06-29 19:55:26.116757,2026-06-29 19:55:26.116757
19,7,SAVINGS,F,2024-08-12,,14578.77,13120.89,,0.1673,269,2026-06-29 19:55:26.116757,2026-06-29 19:55:26.116757
20,8,CHECKING,O,2018-01-28,,30931.53,27838.38,,0.118,326,2026-06-29 19:55:26.116757,2026-06-29 19:55:26.116757
21,8,CREDIT,O,2022-12-04,,14715.59,284.41,15000.0,0.0641,9,2026-06-29 19:55:26.116757,2026-06-29 19:55:26.116757
22,8,LOAN,O,2024-02-04,,22068.54,0.0,,0.0178,124,2026-06-29 19:55:26.116757,2026-06-29 19:55:26.116757
23,9,CREDIT,C,2025-05-23,2026-01-04,221.68,4778.32,5000.0,0.1369,417,2026-06-29 19:55:26.116757,2026-06-29 19:55:26.116757
24,10,LOAN,O,2026-01-09,,29233.34,0.0,,0.0464,70,2026-06-29 19:55:26.116757,2026-06-29 19:55:26.116757
25,10,CREDIT,O,2021-02-17,,1432.09,567.91,2000.0,0.2359,19,2026-06-29 19:55:26.116757,2026-06-29 19:55:26.116757
26,11,SAVINGS,O,2016-02-02,,70806.13,63725.52,,0.0796,159,2026-06-29 19:55:26.116757,2026-06-29 19:55:26.116757
27,11,CHECKING,O,2017-05-21,,40988.38,36889.54,,0.2472,279,2026-06-29 19:55:26.116757,2026-06-29 19:55:26.116757
28,11,CREDIT,O,2016-11-30,,3799.71,11200.29,15000.0,0.1885,98,2026-06-29 19:55:26.116757,2026-06-29 19:55:26.116757
29,12,CREDIT,O,2022-03-14,,1244.75,8755.25,10000.0,0.0926,456,2026-06-29 19:55:26.116757,2026-06-29 19:55:26.116757
30,12,CHECKING,O,2025-06-25,,31701.75,28531.58,,0.1105,490,2026-06-29 19:55:26.116757,2026-06-29 19:55:26.116757
31,12,SAVINGS,O,2024-08-02,,30624.9,27562.41,,0.2434,255,2026-06-29 19:55:26.116757,2026-06-29 19:55:26.116757
32,13,CREDIT,F,2015-08-05,,1183.91,13816.09,15000.0,0.151,422,2026-06-29 19:55:26.116757,2026-06-29 19:55:26.116757
33,13,LOAN,F,2023-02-16,,11646.93,0.0,,0.0741,53,2026-06-29 19:55:26.116757,2026-06-29 19:55:26.116757
34,13,SAVINGS,O,2016-10-05,,5945.55,5350.99,,0.1655,157,2026-06-29 19:55:26.116757,2026-06-29 19:55:26.116757
35,13,CHECKING,O,2017-09-09,,35396.22,31856.6,,0.1796,86,2026-06-29 19:55:26.116757,2026-06-29 19:55:26.116757
36,14,CREDIT,C,2022-07-09,2024-11-29,24953.76,46.24,25000.0,0.0693,406,2026-06-29 19:55:26.116757,2026-06-29 19:55:26.116757
37,14,SAVINGS,O,2024-11-25,,75806.3,68225.67,,0.0197,327,2026-06-29 19:55:26.116757,2026-06-29 19:55:26.116757
38,14,CHECKING,O,2016-09-25,,32199.92,28979.93,,0.1287,384,2026-06-29 19:55:26.116757,2026-06-29 19:55:26.116757
39,14,LOAN,O,2023-07-27,,41085.23,0.0,,0.2381,74,2026-06-29 19:55:26.116757,2026-06-29 19:55:26.116757
40,15,CHECKING,O,2023-02-14,,62170.49,55953.44,,0.0922,197,2026-06-29 19:55:26.116757,2026-06-29 19:55:26.116757
41,15,LOAN,C,2021-02-24,2023-09-17,57018.56,0.0,,0.0091,79,2026-06-29 19:55:26.116757,2026-06-29 19:55:26.116757
42,15,CREDIT,O,2024-11-07,,14232.35,767.65,15000.0,0.0936,391,2026-06-29 19:55:26.116757,2026-06-29 19:55:26.116757
43,15,SAVINGS,O,2018-06-17,,5689.28,5120.35,,0.0353,188,2026-06-29 19:55:26.116757,2026-06-29 19:55:26.116757
44,16,CREDIT,O,2025-11-23,,51.83,1948.17,2000.0,0.0473,266,2026-06-29 19:55:26.116757,2026-06-29 19:55:26.116757
45,16,LOAN,O,2014-09-03,,23832.26,0.0,,0.1408,135,2026-06-29 19:55:26.116757,2026-06-29 19:55:26.116757
46,16,SAVINGS,O,2025-08-29,,61884.64,55696.18,,0.1762,110,2026-06-29 19:55:26.116757,2026-06-29 19:55:26.116757
47,16,CHECKING,O,2025-12-15,,79707.39,71736.65,,0.0721,470,2026-06-29 19:55:26.116757,2026-06-29 19:55:26.116757
48,17,SAVINGS,O,2015-11-21,,35889.44,32300.5,,0.2247,228,2026-06-29 19:55:26.116757,2026-06-29 19:55:26.116757
49,17,CHECKING,O,2026-05-28,,79779.62,71801.66,,0.2027,496,2026-06-29 19:55:26.116757,2026-06-29 19:55:26.116757
50,17,CREDIT,O,2020-03-13,,6678.4,3321.6,10000.0,0.1776,282,2026-06-29 19:55:26.116757,2026-06-29 19:55:26.116757
51,17,LOAN,O,2017-05-20,,32988.11,0.0,,0.2229,436,2026-06-29 19:55:26.116757,2026-06-29 19:55:26.116757
52,18,SAVINGS,O,2021-09-10,,40454.84,36409.36,,0.0312,103,2026-06-29 19:55:26.116757,2026-06-29 19:55:26.116757
53,18,LOAN,O,2016-12-05,,47731.87,0.0,,0.0599,253,2026-06-29 19:55:26.116757,2026-06-29 19:55:26.116757
54,19,CREDIT,O,2025-05-25,,14306.94,10693.06,25000.0,0.1173,283,2026-06-29 19:55:26.116757,2026-06-29 19:55:26.116757
55,20,CHECKING,O,2021-01-26,,24397.9,21958.11,,0.2498,369,2026-06-29 19:55:26.116757,2026-06-29 19:55:26.116757
56,20,LOAN,O,2023-09-25,,29241.24,0.0,,0.1032,210,2026-06-29 19:55:26.116757,2026-06-29 19:55:26.116757
57,21,SAVINGS,O,2019-01-11,,77776.57,69998.91,,0.1609,231,2026-06-29 19:55:26.116757,2026-06-29 19:55:26.116757
58,22,CREDIT,O,2020-11-06,,7542.96,7457.04,15000.0,0.2171,426,2026-06-29 19:55:26.116757,2026-06-29 19:55:26.116757
59,22,CHECKING,O,2018-10-09,,9494.97,8545.47,,0.0391,85,2026-06-29 19:55:26.116757,2026-06-29 19:55:26.116757
60,22,LOAN,O,2017-08-10,,10556.05,0.0,,0.2337,116,2026-06-29 19:55:26.116757,2026-06-29 19:55:26.116757
61,22,SAVINGS,O,2020-08-08,,27354.86,24619.37,,0.2352,459,2026-06-29 19:55:26.116757,2026-06-29 19:55:26.116757
62,23,CHECKING,O,2020-06-01,,50622.1,45559.89,,0.1381,65,2026-06-29 19:55:26.116757,2026-06-29 19:55:26.116757
63,23,SAVINGS,O,2015-09-01,,49814.3,44832.87,,0.1539,48,2026-06-29 19:55:26.116757,2026-06-29 19:55:26.116757
64,23,LOAN,O,2026-03-09,,30651.82,0.0,,0.043,483,2026-06-29 19:55:26.116757,2026-06-29 19:55:26.116757
65,24,SAVINGS,O,2020-02-01,,49770.57,44793.51,,0.2255,173,2026-06-29 19:55:26.116757,2026-06-29 19:55:26.116757
66,24,CREDIT,O,2024-07-01,,1029.86,23970.14,25000.0,0.216,42,2026-06-29 19:55:26.116757,2026-06-29 19:55:26.116757
67,25,CREDIT,O,2025-05-22,,3834.8,1165.2,5000.0,0.1047,328,2026-06-29 19:55:26.116757,2026-06-29 19:55:26.116757
68,26,LOAN,O,2018-11-28,,53450.82,0.0,,0.1368,329,2026-06-29 19:55:26.116757,2026-06-29 19:55:26.116757
69,27,LOAN,C,2019-06-04,2023-05-26,18548.6,0.0,,0.0192,31,2026-06-29 19:55:26.116757,2026-06-29 19:55:26.116757
70,27,CHECKING,O,2017-02-16,,12225.48,11002.93,,0.1044,238,2026-06-29 19:55:26.116757,2026-06-29 19:55:26.116757
71,27,SAVINGS,O,2016-03-25,,15923.85,14331.47,,0.152,161,2026-06-29 19:55:26.116757,2026-06-29 19:55:26.116757
72,28,CREDIT,O,2017-08-07,,5149.8,4850.2,10000.0,0.0274,124,2026-06-29 19:55:26.116757,2026-06-29 19:55:26.116757
73,28,SAVINGS,O,2025-08-19,,37051.04,33345.94,,0.0676,127,2026-06-29 19:55:26.116757,2026-06-29 19:55:26.116757
74,28,CHECKING,O,2021-05-24,,10840.65,9756.58,,0.0136,485,2026-06-29 19:55:26.116757,2026-06-29 19:55:26.116757
75,29,LOAN,O,2019-06-20,,56091.34,0.0,,0.1805,98,2026-06-29 19:55:26.116757,2026-06-29 19:55:26.116757
76,29,CHECKING,C,2016-04-22,2019-09-01,60931.27,54838.14,,0.125,264,2026-06-29 19:55:26.116757,2026-06-29 19:55:26.116757
77,29,CREDIT,O,2019-01-07,,7481.4,7518.6,15000.0,0.0778,12,2026-06-29 19:55:26.116757,2026-06-29 19:55:26.116757
78,29,SAVINGS,C,2024-06-03,2025-06-15,6748.95,6074.06,,0.0989,235,2026-06-29 19:55:26.116757,2026-06-29 19:55:26.116757
79,30,SAVINGS,O,2022-04-17,,27908.05,25117.24,,0.0136,254,2026-06-29 19:55:26.116757,2026-06-29 19:55:26.116757
80,30,CREDIT,O,2022-08-27,,22058.49,2941.51,25000.0,0.1638,241,2026-06-29 19:55:26.116757,2026-06-29 19:55:26.116757
81,31,CHECKING,O,2017-07-23,,10281.76,9253.58,,0.0668,188,2026-06-29 19:55:26.116757,2026-06-29 19:55:26.116757
82,31,LOAN,F,2024-04-13,,46067.55,0.0,,0.0921,206,2026-06-29 19:55:26.116757,2026-06-29 19:55:26.116757
83,31,SAVINGS,O,2026-01-04,,3618.19,3256.37,,0.1408,186,2026-06-29 19:55:26.116757,2026-06-29 19:55:26.116757
84,32,CHECKING,O,2022-02-20,,61034.53,54931.08,,0.0706,320,2026-06-29 19:55:26.116757,2026-06-29 19:55:26.116757
85,32,SAVINGS,O,2020-05-03,,54272.09,48844.88,,0.0306,500,2026-06-29 19:55:26.116757,2026-06-29 19:55:26.116757
86,32,CREDIT,O,2016-06-30,,787.81,1212.19,2000.0,0.1988,174,2026-06-29 19:55:26.116757,2026-06-29 19:55:26.116757
87,33,SAVINGS,O,2023-12-19,,39756.27,35780.64,,0.0123,71,2026-06-29 19:55:26.116757,2026-06-29 19:55:26.116757
88,33,CHECKING,O,2016-07-04,,56944.14,51249.73,,0.2011,266,2026-06-29 19:55:26.116757,2026-06-29 19:55:26.116757
89,33,LOAN,O,2023-01-28,,27962.32,0.0,,0.1519,264,2026-06-29 19:55:26.116757,2026-06-29 19:55:26.116757
90,34,CREDIT,O,2020-04-23,,1625.02,8374.98,10000.0,0.2476,379,2026-06-29 19:55:26.116757,2026-06-29 19:55:26.116757
91,34,LOAN,O,2025-06-02,,50713.51,0.0,,0.1488,260,2026-06-29 19:55:26.116757,2026-06-29 19:55:26.116757
92,35,CREDIT,O,2020-12-13,,6738.06,3261.94,10000.0,0.2449,299,2026-06-29 19:55:26.116757,2026-06-29 19:55:26.116757
93,35,SAVINGS,O,2022-02-20,,24268.07,21841.26,,0.2247,447,2026-06-29 19:55:26.116757,2026-06-29 19:55:26.116757
94,35,CHECKING,O,2015-03-11,,54887.51,49398.76,,0.0076,243,2026-06-29 19:55:26.116757,2026-06-29 19:55:26.116757
95,35,LOAN,O,2014-11-23,,16666.3,0.0,,0.1642,498,2026-06-29 19:55:26.116757,2026-06-29 19:55:26.116757
96,36,CHECKING,O,2024-07-31,,38176.13,34358.52,,0.1315,370,2026-06-29 19:55:26.116757,2026-06-29 19:55:26.116757
97,36,CREDIT,O,2025-10-03,,19365.15,5634.85,25000.0,0.0956,421,2026-06-29 19:55:26.116757,2026-06-29 19:55:26.116757
98,37,CHECKING,O,2022-06-15,,75830.52,68247.47,,0.0284,10,2026-06-29 19:55:26.116757,2026-06-29 19:55:26.116757
99,37,CREDIT,O,2023-08-08,,4705.39,10294.61,15000.0,0.0387,354,2026-06-29 19:55:26.116757,2026-06-29 19:55:26.116757
100,38,LOAN,O,2019-05-29,,46723.37,0.0,,0.2301,447,2026-06-29 19:55:26.116757,2026-06-29 19:55:26.116757
101,38,CREDIT,O,2024-07-13,,1411.55,588.45,2000.0,0.1301,288,2026-06-29 19:55:26.116757,2026-06-29 19:55:26.116757
102,39,LOAN,O,2017-04-01,,19511.4,0.0,,0.0441,468,2026-06-29 19:55:26.116757,2026-06-29 19:55:26.116757
103,39,CREDIT,O,2022-12-02,,8558.18,16441.82,25000.0,0.0892,396,2026-06-29 19:55:26.116757,2026-06-29 19:55:26.116757
104,39,SAVINGS,O,2014-08-07,,69346.18,62411.56,,0.1704,412,2026-06-29 19:55:26.116757,2026-06-29 19:55:26.116757
105,40,LOAN,O,2020-07-08,,17461.38,0.0,,0.0753,483,2026-06-29 19:55:26.116757,2026-06-29 19:55:26.116757
106,40,CHECKING,O,2018-12-09,,77819.31,70037.38,,0.0751,148,2026-06-29 19:55:26.116757,2026-06-29 19:55:26.116757
107,40,CREDIT,O,2021-11-08,,3451.2,1548.8,5000.0,0.1227,246,2026-06-29 19:55:26.116757,2026-06-29 19:55:26.116757
108,41,CREDIT,O,2022-06-09,,16915.56,8084.44,25000.0,0.0955,203,2026-06-29 19:55:26.116757,2026-06-29 19:55:26.116757
109,41,SAVINGS,O,2021-11-02,,65379.39,58841.45,,0.2386,412,2026-06-29 19:55:26.116757,2026-06-29 19:55:26.116757
110,41,CHECKING,O,2020-04-01,,11291.33,10162.2,,0.0115,490,2026-06-29 19:55:26.116757,2026-06-29 19:55:26.116757
111,42,CREDIT,O,2020-04-21,,9839.58,5160.42,15000.0,0.187,110,2026-06-29 19:55:26.116757,2026-06-29 19:55:26.116757
112,43,CREDIT,O,2014-07-27,,1372.73,8627.27,10000.0,0.1542,301,2026-06-29 19:55:26.116757,2026-06-29 19:55:26.116757
113,43,LOAN,O,2021-01-24,,15117.64,0.0,,0.0136,464,2026-06-29 19:55:26.116757,2026-06-29 19:55:26.116757
114,44,SAVINGS,O,2014-08-19,,7565.94,6809.35,,0.0832,242,2026-06-29 19:55:26.116757,2026-06-29 19:55:26.116757
115,44,CHECKING,O,2020-10-19,,7593.86,6834.47,,0.1928,3,2026-06-29 19:55:26.116757,2026-06-29 19:55:26.116757
116,45,LOAN,C,2017-10-06,2026-04-18,56166.89,0.0,,0.2196,245,2026-06-29 19:55:26.116757,2026-06-29 19:55:26.116757
117,45,CREDIT,O,2014-09-11,,3779.56,1220.44,5000.0,0.0725,147,2026-06-29 19:55:26.116757,2026-06-29 19:55:26.116757
118,46,CHECKING,O,2024-03-07,,52010.05,46809.05,,0.0588,379,2026-06-29 19:55:26.116757,2026-06-29 19:55:26.116757
119,47,SAVINGS,O,2022-07-11,,33139.74,29825.77,,0.2095,479,2026-06-29 19:55:26.116757,2026-06-29 19:55:26.116757
120,48,LOAN,O,2024-02-06,,47489.68,0.0,,0.0474,384,2026-06-29 19:55:26.116757,2026-06-29 19:55:26.116757
121,49,CHECKING,O,2025-05-02,,45220.93,40698.84,,0.0277,172,2026-06-29 19:55:26.116757,2026-06-29 19:55:26.116757
122,49,LOAN,O,2015-10-07,,17789.14,0.0,,0.2472,279,2026-06-29 19:55:26.116757,2026-06-29 19:55:26.116757
123,49,SAVINGS,O,2015-08-22,,41707.64,37536.88,,0.2223,69,2026-06-29 19:55:26.116757,2026-06-29 19:55:26.116757
124,50,CREDIT,O,2016-04-07,,3655.6,1344.4,5000.0,0.1624,368,2026-06-29 19:55:26.116757,2026-06-29 19:55:26.116757
125,50,CHECKING,O,2016-10-11,,14489.03,13040.13,,0.1843,405,2026-06-29 19:55:26.116757,2026-06-29 19:55:26.116757
126,50,LOAN,O,2020-10-06,,18406.43,0.0,,0.1689,99,2026-06-29 19:55:26.116757,2026-06-29 19:55:26.116757
127,50,SAVINGS,O,2024-03-16,,13627.34,12264.61,,0.2141,460,2026-06-29 19:55:26.116757,2026-06-29 19:55:26.116757
128,51,LOAN,O,2017-09-04,,24649.16,0.0,,0.0247,72,2026-06-29 19:55:26.116757,2026-06-29 19:55:26.116757
129,51,CREDIT,O,2019-03-22,,4854.03,10145.97,15000.0,0.0627,134,2026-06-29 19:55:26.116757,2026-06-29 19:55:26.116757
130,51,SAVINGS,O,2018-12-08,,30377.74,27339.97,,0.1122,137,2026-06-29 19:55:26.116757,2026-06-29 19:55:26.116757
131,51,CHECKING,O,2019-05-01,,76299.8,68669.82,,0.0762,371,2026-06-29 19:55:26.116757,2026-06-29 19:55:26.116757
132,52,CREDIT,O,2021-03-23,,6927.69,3072.31,10000.0,0.0165,61,2026-06-29 19:55:26.116757,2026-06-29 19:55:26.116757
133,53,CREDIT,O,2026-04-17,,1277.42,722.58,2000.0,0.2351,189,2026-06-29 19:55:26.116757,2026-06-29 19:55:26.116757
134,53,CHECKING,O,2017-03-08,,48977.35,44079.61,,0.0555,69,2026-06-29 19:55:26.116757,2026-06-29 19:55:26.116757
135,53,SAVINGS,O,2022-08-23,,37993.64,34194.28,,0.1142,311,2026-06-29 19:55:26.116757,2026-06-29 19:55:26.116757
136,53,LOAN,O,2024-08-05,,23043.87,0.0,,0.1757,468,2026-06-29 19:55:26.116757,2026-06-29 19:55:26.116757
137,54,SAVINGS,O,2022-04-13,,42017.94,37816.15,,0.091,470,2026-06-29 19:55:26.116757,2026-06-29 19:55:26.116757
138,54,CHECKING,O,2024-09-19,,44915.58,40424.02,,0.0164,281,2026-06-29 19:55:26.116757,2026-06-29 19:55:26.116757
139,54,CREDIT,O,2023-07-18,,5053.92,19946.08,25000.0,0.1346,85,2026-06-29 19:55:26.116757,2026-06-29 19:55:26.116757
140,54,LOAN,O,2015-08-10,,20358.94,0.0,,0.1305,60,2026-06-29 19:55:26.116757,2026-06-29 19:55:26.116757
141,55,LOAN,O,2019-01-04,,54034.47,0.0,,0.1119,29,2026-06-29 19:55:26.116757,2026-06-29 19:55:26.116757
142,55,CHECKING,O,2021-01-28,,36001.3,32401.17,,0.1287,234,2026-06-29 19:55:26.116757,2026-06-29 19:55:26.116757
143,56,LOAN,O,2015-02-28,,40693.3,0.0,,0.0777,12,2026-06-29 19:55:26.116757,2026-06-29 19:55:26.116757
144,57,CREDIT,O,2014-08-09,,847.39,1152.61,2000.0,0.1753,278,2026-06-29 19:55:26.116757,2026-06-29 19:55:26.116757
145,57,CHECKING,O,2016-07-14,,79526.95,71574.26,,0.2336,36,2026-06-29 19:55:26.116757,2026-06-29 19:55:26.116757
146,57,LOAN,O,2020-06-12,,59182.1,0.0,,0.1185,147,2026-06-29 19:55:26.116757,2026-06-29 19:55:26.116757
147,57,SAVINGS,O,2019-08-30,,32413.79,29172.41,,0.1924,393,2026-06-29 19:55:26.116757,2026-06-29 19:55:26.116757
148,58,CREDIT,O,2023-11-03,,1203.75,13796.25,15000.0,0.241,448,2026-06-29 19:55:26.116757,2026-06-29 19:55:26.116757
149,58,SAVINGS,O,2021-03-27,,42913.67,38622.3,,0.1637,179,2026-06-29 19:55:26.116757,2026-06-29 19:55:26.116757
150,58,LOAN,O,2024-09-18,,7999.36,0.0,,0.2481,202,2026-06-29 19:55:26.116757,2026-06-29 19:55:26.116757
151,58,CHECKING,O,2015-08-18,,42071.82,37864.64,,0.1822,115,2026-06-29 19:55:26.116757,2026-06-29 19:55:26.116757
152,59,CHECKING,O,2020-10-14,,78268.5,70441.65,,0.1162,369,2026-06-29 19:55:26.116757,2026-06-29 19:55:26.116757
153,60,LOAN,O,2014-12-31,,21423.42,0.0,,0.0696,480,2026-06-29 19:55:26.116757,2026-06-29 19:55:26.116757
154,60,CHECKING,O,2017-01-04,,69954.26,62958.83,,0.1915,17,2026-06-29 19:55:26.116757,2026-06-29 19:55:26.116757
155,60,CREDIT,O,2024-11-01,,9223.85,5776.15,15000.0,0.234,456,2026-06-29 19:55:26.116757,2026-06-29 19:55:26.116757
156,60,SAVINGS,O,2025-01-25,,759.49,683.54,,0.0523,52,2026-06-29 19:55:26.116757,2026-06-29 19:55:26.116757
157,61,LOAN,O,2020-02-27,,36269.31,0.0,,0.176,25,2026-06-29 19:55:26.116757,2026-06-29 19:55:26.116757
158,62,CHECKING,O,2015-01-17,,34836.51,31352.86,,0.1353,387,2026-06-29 19:55:26.116757,2026-06-29 19:55:26.116757
159,62,SAVINGS,O,2015-05-18,,69030.28,62127.25,,0.015,258,2026-06-29 19:55:26.116757,2026-06-29 19:55:26.116757
160,63,SAVINGS,O,2025-07-10,,45986.72,41388.05,,0.1933,420,2026-06-29 19:55:26.116757,2026-06-29 19:55:26.116757
161,63,CREDIT,O,2025-03-17,,2369.04,7630.96,10000.0,0.2191,339,2026-06-29 19:55:26.116757,2026-06-29 19:55:26.116757
162,63,LOAN,F,2021-03-16,,31753.81,0.0,,0.1039,141,2026-06-29 19:55:26.116757,2026-06-29 19:55:26.116757
163,64,SAVINGS,O,2014-11-19,,49892.45,44903.21,,0.1073,254,2026-06-29 19:55:26.116757,2026-06-29 19:55:26.116757
164,65,CREDIT,O,2025-07-23,,11787.07,3212.93,15000.0,0.0803,214,2026-06-29 19:55:26.116757,2026-06-29 19:55:26.116757
165,66,SAVINGS,O,2018-03-28,,60230.5,54207.45,,0.1189,435,2026-06-29 19:55:26.116757,2026-06-29 19:55:26.116757
166,66,LOAN,O,2025-12-13,,14295.33,0.0,,0.2144,74,2026-06-29 19:55:26.116757,2026-06-29 19:55:26.116757
167,66,CREDIT,O,2021-06-27,,13721.12,1278.88,15000.0,0.141,496,2026-06-29 19:55:26.116757,2026-06-29 19:55:26.116757
168,66,CHECKING,O,2023-06-16,,33028.88,29725.99,,0.1329,199,2026-06-29 19:55:26.116757,2026-06-29 19:55:26.116757
169,67,CREDIT,O,2022-12-26,,6467.06,3532.94,10000.0,0.2305,434,2026-06-29 19:55:26.116757,2026-06-29 19:55:26.116757
170,67,CHECKING,O,2019-03-28,,29371.74,26434.57,,0.1343,425,2026-06-29 19:55:26.116757,2026-06-29 19:55:26.116757
171,68,CHECKING,O,2015-05-29,,29862.02,26875.82,,0.1516,21,2026-06-29 19:55:26.116757,2026-06-29 19:55:26.116757
172,68,SAVINGS,O,2016-06-05,,69826.45,62843.81,,0.0478,390,2026-06-29 19:55:26.116757,2026-06-29 19:55:26.116757
173,69,LOAN,O,2017-05-10,,52298.96,0.0,,0.0839,490,2026-06-29 19:55:26.116757,2026-06-29 19:55:26.116757
174,69,CHECKING,O,2024-06-09,,72674.03,65406.63,,0.0537,98,2026-06-29 19:55:26.116757,2026-06-29 19:55:26.116757
175,70,LOAN,O,2019-02-16,,54952.04,0.0,,0.1741,361,2026-06-29 19:55:26.116757,2026-06-29 19:55:26.116757
176,71,LOAN,F,2025-03-05,,33572.68,0.0,,0.194,195,2026-06-29 19:55:26.116757,2026-06-29 19:55:26.116757
177,71,CHECKING,O,2018-06-12,,37033.16,33329.84,,0.1625,158,2026-06-29 19:55:26.116757,2026-06-29 19:55:26.116757
178,72,CREDIT,O,2023-07-01,,1479.12,13520.88,15000.0,0.2453,241,2026-06-29 19:55:26.116757,2026-06-29 19:55:26.116757
179,72,LOAN,C,2016-02-28,2026-05-16,45936.11,0.0,,0.0807,105,2026-06-29 19:55:26.116757,2026-06-29 19:55:26.116757
180,72,SAVINGS,O,2023-02-14,,29341.75,26407.58,,0.104,289,2026-06-29 19:55:26.116757,2026-06-29 19:55:26.116757
181,73,SAVINGS,O,2020-06-16,,20492.32,18443.09,,0.2337,297,2026-06-29 19:55:26.116757,2026-06-29 19:55:26.116757
182,73,CHECKING,O,2026-02-07,,57460.96,51714.86,,0.0745,101,2026-06-29 19:55:26.116757,2026-06-29 19:55:26.116757
183,74,SAVINGS,O,2015-02-17,,39693.77,35724.39,,0.1639,351,2026-06-29 19:55:26.116757,2026-06-29 19:55:26.116757
184,74,LOAN,O,2019-09-13,,20916.29,0.0,,0.191,251,2026-06-29 19:55:26.116757,2026-06-29 19:55:26.116757
185,74,CHECKING,C,2024-06-26,2025-03-02,77303.92,69573.53,,0.1607,252,2026-06-29 19:55:26.116757,2026-06-29 19:55:26.116757
186,75,SAVINGS,O,2023-08-28,,10766.66,9689.99,,0.137,95,2026-06-29 19:55:26.116757,2026-06-29 19:55:26.116757
187,75,CREDIT,O,2025-11-14,,24758.09,241.91,25000.0,0.2393,269,2026-06-29 19:55:26.116757,2026-06-29 19:55:26.116757
188,75,LOAN,O,2019-03-21,,2995.6,0.0,,0.2117,484,2026-06-29 19:55:26.116757,2026-06-29 19:55:26.116757
189,75,CHECKING,O,2023-09-17,,65348.67,58813.8,,0.0131,4,2026-06-29 19:55:26.116757,2026-06-29 19:55:26.116757
190,76,SAVINGS,O,2014-11-04,,56427.15,50784.44,,0.0033,259,2026-06-29 19:55:26.116757,2026-06-29 19:55:26.116757
191,76,CREDIT,O,2017-09-30,,5598.01,9401.99,15000.0,0.1548,342,2026-06-29 19:55:26.116757,2026-06-29 19:55:26.116757
192,76,CHECKING,O,2026-04-27,,74679.25,67211.32,,0.2282,338,2026-06-29 19:55:26.116757,2026-06-29 19:55:26.116757
193,76,LOAN,O,2020-05-03,,29783.41,0.0,,0.0026,283,2026-06-29 19:55:26.116757,2026-06-29 19:55:26.116757
194,77,CHECKING,O,2018-09-24,,879.98,791.98,,0.2034,346,2026-06-29 19:55:26.116757,2026-06-29 19:55:26.116757
195,77,LOAN,O,2025-09-15,,26403.82,0.0,,0.2349,92,2026-06-29 19:55:26.116757,2026-06-29 19:55:26.116757
196,77,SAVINGS,O,2019-08-21,,8114.82,7303.34,,0.025,77,2026-06-29 19:55:26.116757,2026-06-29 19:55:26.116757
197,77,CREDIT,O,2022-08-04,,959.66,4040.34,5000.0,0.132,418,2026-06-29 19:55:26.116757,2026-06-29 19:55:26.116757
198,78,CREDIT,O,2022-05-13,,9592.98,407.02,10000.0,0.1152,125,2026-06-29 19:55:26.116757,2026-06-29 19:55:26.116757
199,78,SAVINGS,O,2015-07-07,,79213.76,71292.38,,0.0572,351,2026-06-29 19:55:26.116757,2026-06-29 19:55:26.116757
200,78,CHECKING,O,2021-11-11,,66159.0,59543.1,,0.0211,440,2026-06-29 19:55:26.116757,2026-06-29 19:55:26.116757
201,79,CHECKING,O,2024-01-01,,32124.9,28912.41,,0.0949,244,2026-06-29 19:55:26.116757,2026-06-29 19:55:26.116757
202,80,CHECKING,O,2022-12-28,,56079.03,50471.13,,0.0216,433,2026-06-29 19:55:26.116757,2026-06-29 19:55:26.116757
203,81,CREDIT,O,2015-06-21,,1057.09,3942.91,5000.0,0.2171,455,2026-06-29 19:55:26.116757,2026-06-29 19:55:26.116757
204,81,LOAN,O,2016-04-30,,34440.26,0.0,,0.0685,474,2026-06-29 19:55:26.116757,2026-06-29 19:55:26.116757
205,81,CHECKING,O,2022-12-21,,5485.02,4936.52,,0.2314,461,2026-06-29 19:55:26.116757,2026-06-29 19:55:26.116757
206,81,SAVINGS,F,2022-01-17,,43213.97,38892.57,,0.1648,92,2026-06-29 19:55:26.116757,2026-06-29 19:55:26.116757
207,82,CHECKING,O,2023-04-22,,60056.48,54050.83,,0.1784,204,2026-06-29 19:55:26.116757,2026-06-29 19:55:26.116757
208,82,LOAN,O,2018-04-07,,55803.62,0.0,,0.0755,289,2026-06-29 19:55:26.116757,2026-06-29 19:55:26.116757
209,82,CREDIT,O,2015-10-05,,2833.48,2166.52,5000.0,0.2124,347,2026-06-29 19:55:26.116757,2026-06-29 19:55:26.116757
210,83,LOAN,O,2014-07-21,,47639.39,0.0,,0.1726,41,2026-06-29 19:55:26.116757,2026-06-29 19:55:26.116757
211,83,CREDIT,O,2018-03-01,,18636.41,6363.59,25000.0,0.0871,51,2026-06-29 19:55:26.116757,2026-06-29 19:55:26.116757
212,83,CHECKING,O,2018-10-12,,34685.6,31217.04,,0.2097,175,2026-06-29 19:55:26.116757,2026-06-29 19:55:26.116757
213,84,CREDIT,O,2017-09-15,,3422.08,11577.92,15000.0,0.1387,193,2026-06-29 19:55:26.116757,2026-06-29 19:55:26.116757
214,84,CHECKING,O,2016-01-26,,34263.76,30837.38,,0.1702,339,2026-06-29 19:55:26.116757,2026-06-29 19:55:26.116757
215,84,SAVINGS,O,2016-09-21,,30095.85,27086.26,,0.1932,152,2026-06-29 19:55:26.116757,2026-06-29 19:55:26.116757
216,84,LOAN,C,2019-11-03,2023-07-13,48085.26,0.0,,0.1785,43,2026-06-29 19:55:26.116757,2026-06-29 19:55:26.116757
217,85,SAVINGS,O,2019-05-10,,59042.25,53138.03,,0.0798,55,2026-06-29 19:55:26.116757,2026-06-29 19:55:26.116757
218,85,LOAN,C,2014-10-21,2018-12-09,6399.71,0.0,,0.2357,228,2026-06-29 19:55:26.116757,2026-06-29 19:55:26.116757
219,85,CHECKING,O,2015-08-08,,28473.36,25626.02,,0.0681,68,2026-06-29 19:55:26.116757,2026-06-29 19:55:26.116757
220,86,SAVINGS,O,2021-08-14,,34193.85,30774.47,,0.1396,263,2026-06-29 19:55:26.116757,2026-06-29 19:55:26.116757
221,87,CHECKING,C,2018-05-11,2021-06-28,44114.69,39703.22,,0.1496,402,2026-06-29 19:55:26.116757,2026-06-29 19:55:26.116757
222,87,LOAN,O,2017-12-20,,20141.39,0.0,,0.0969,150,2026-06-29 19:55:26.116757,2026-06-29 19:55:26.116757
223,87,CREDIT,O,2019-02-11,,5816.99,9183.01,15000.0,0.0221,462,2026-06-29 19:55:26.116757,2026-06-29 19:55:26.116757
224,87,SAVINGS,O,2015-07-02,,44542.69,40088.42,,0.2481,125,2026-06-29 19:55:26.116757,2026-06-29 19:55:26.116757
225,88,LOAN,O,2025-03-25,,9191.56,0.0,,0.076,253,2026-06-29 19:55:26.116757,2026-06-29 19:55:26.116757
226,88,CHECKING,O,2025-04-12,,11247.75,10122.98,,0.0426,142,2026-06-29 19:55:26.116757,2026-06-29 19:55:26.116757
227,89,CREDIT,O,2026-02-23,,9442.22,557.78,10000.0,0.1804,254,2026-06-29 19:55:26.116757,2026-06-29 19:55:26.116757
228,89,SAVINGS,O,2021-04-22,,47301.42,42571.28,,0.0497,55,2026-06-29 19:55:26.116757,2026-06-29 19:55:26.116757
229,89,CHECKING,O,2016-07-06,,10406.91,9366.22,,0.0027,203,2026-06-29 19:55:26.116757,2026-06-29 19:55:26.116757
230,89,LOAN,O,2019-01-11,,20600.82,0.0,,0.1554,412,2026-06-29 19:55:26.116757,2026-06-29 19:55:26.116757
231,90,LOAN,O,2016-02-23,,49113.05,0.0,,0.2149,499,2026-06-29 19:55:26.116757,2026-06-29 19:55:26.116757
232,90,SAVINGS,O,2018-01-29,,47348.63,42613.77,,0.0758,309,2026-06-29 19:55:26.116757,2026-06-29 19:55:26.116757
233,90,CREDIT,O,2020-05-14,,2395.05,2604.95,5000.0,0.0452,204,2026-06-29 19:55:26.116757,2026-06-29 19:55:26.116757
234,91,CREDIT,O,2015-03-31,,19549.36,5450.64,25000.0,0.0821,144,2026-06-29 19:55:26.116757,2026-06-29 19:55:26.116757
235,91,LOAN,O,2019-09-03,,49173.18,0.0,,0.0988,59,2026-06-29 19:55:26.116757,2026-06-29 19:55:26.116757
236,91,SAVINGS,O,2019-07-06,,74531.41,67078.27,,0.0507,280,2026-06-29 19:55:26.116757,2026-06-29 19:55:26.116757
237,92,CHECKING,O,2020-04-05,,36660.59,32994.53,,0.1773,225,2026-06-29 19:55:26.116757,2026-06-29 19:55:26.116757
238,92,CREDIT,O,2015-05-29,,8312.82,1687.18,10000.0,0.0182,435,2026-06-29 19:55:26.116757,2026-06-29 19:55:26.116757
239,93,LOAN,O,2017-06-28,,15908.22,0.0,,0.0394,217,2026-06-29 19:55:26.116757,2026-06-29 19:55:26.116757
240,93,CHECKING,O,2017-06-06,,63020.68,56718.61,,0.0194,307,2026-06-29 19:55:26.116757,2026-06-29 19:55:26.116757
241,93,SAVINGS,O,2021-12-09,,38078.39,34270.55,,0.1008,260,2026-06-29 19:55:26.116757,2026-06-29 19:55:26.116757
242,93,CREDIT,O,2021-07-26,,8154.68,6845.32,15000.0,0.1978,185,2026-06-29 19:55:26.116757,2026-06-29 19:55:26.116757
243,94,CHECKING,O,2016-10-27,,61400.8,55260.72,,0.1647,182,2026-06-29 19:55:26.116757,2026-06-29 19:55:26.116757
244,95,CHECKING,O,2015-10-07,,78680.46,70812.41,,0.1696,205,2026-06-29 19:55:26.116757,2026-06-29 19:55:26.116757
245,95,CREDIT,O,2018-02-14,,9657.17,342.83,10000.0,0.1081,6,2026-06-29 19:55:26.116757,2026-06-29 19:55:26.116757
246,96,CREDIT,O,2025-10-19,,2553.38,2446.62,5000.0,0.1301,298,2026-06-29 19:55:26.116757,2026-06-29 19:55:26.116757
247,97,LOAN,O,2018-06-14,,24076.92,0.0,,0.1932,302,2026-06-29 19:55:26.116757,2026-06-29 19:55:26.116757
248,97,SAVINGS,O,2021-11-18,,55080.2,49572.18,,0.0385,13,2026-06-29 19:55:26.116757,2026-06-29 19:55:26.116757
249,98,CHECKING,C,2024-01-28,2024-11-13,8843.58,7959.22,,0.2351,73,2026-06-29 19:55:26.116757,2026-06-29 19:55:26.116757
250,98,SAVINGS,O,2018-06-25,,27540.46,24786.41,,0.0864,402,2026-06-29 19:55:26.116757,2026-06-29 19:55:26.116757
251,98,CREDIT,O,2024-03-17,,2605.57,2394.43,5000.0,0.0877,50,2026-06-29 19:55:26.116757,2026-06-29 19:55:26.116757
252,98,LOAN,C,2024-09-25,2026-06-12,26851.79,0.0,,0.1744,164,2026-06-29 19:55:26.116757,2026-06-29 19:55:26.116757
253,99,CREDIT,O,2016-02-11,,1620.37,379.63,2000.0,0.0296,435,2026-06-29 19:55:26.116757,2026-06-29 19:55:26.116757
254,100,CHECKING,O,2018-04-24,,74358.76,66922.88,,0.1853,265,2026-06-29 19:55:26.116757,2026-06-29 19:55:26.116757
255,100,CREDIT,O,2025-10-12,,2759.55,2240.45,5000.0,0.0834,219,2026-06-29 19:55:26.116757,2026-06-29 19:55:26.116757
256,100,LOAN,O,2016-11-19,,57549.29,0.0,,0.0587,208,2026-06-29 19:55:26.116757,2026-06-29 19:55:26.116757
257,101,SAVINGS,O,2018-03-27,,52413.29,47171.96,,0.0995,378,2026-06-29 19:55:26.116757,2026-06-29 19:55:26.116757
258,101,CREDIT,O,2025-12-26,,22077.43,2922.57,25000.0,0.1129,220,2026-06-29 19:55:26.116757,2026-06-29 19:55:26.116757
259,102,CHECKING,O,2026-01-13,,21906.76,19716.08,,0.1762,408,2026-06-29 19:55:26.116757,2026-06-29 19:55:26.116757
260,102,CREDIT,O,2017-12-18,,1154.7,845.3,2000.0,0.2,275,2026-06-29 19:55:26.116757,2026-06-29 19:55:26.116757
261,102,LOAN,O,2022-10-10,,12030.63,0.0,,0.0821,235,2026-06-29 19:55:26.116757,2026-06-29 19:55:26.116757
262,102,SAVINGS,O,2020-05-05,,8673.38,7806.04,,0.1679,251,2026-06-29 19:55:26.116757,2026-06-29 19:55:26.116757
263,103,LOAN,O,2021-05-09,,35633.28,0.0,,0.0876,433,2026-06-29 19:55:26.116757,2026-06-29 19:55:26.116757
264,103,CREDIT,O,2017-05-19,,9260.44,5739.56,15000.0,0.2035,362,2026-06-29 19:55:26.116757,2026-06-29 19:55:26.116757
265,103,SAVINGS,O,2018-12-21,,63949.38,57554.44,,0.2297,303,2026-06-29 19:55:26.116757,2026-06-29 19:55:26.116757
266,104,SAVINGS,O,2024-03-22,,24711.45,22240.31,,0.0604,60,2026-06-29 19:55:26.116757,2026-06-29 19:55:26.116757
267,105,CREDIT,O,2019-03-05,,2554.12,2445.88,5000.0,0.1051,71,2026-06-29 19:55:26.116757,2026-06-29 19:55:26.116757
268,105,LOAN,O,2015-11-06,,34913.56,0.0,,0.1063,250,2026-06-29 19:55:26.116757,2026-06-29 19:55:26.116757
269,106,SAVINGS,O,2021-03-18,,22751.2,20476.08,,0.0476,432,2026-06-29 19:55:26.116757,2026-06-29 19:55:26.116757
270,106,LOAN,O,2021-07-19,,27609.06,0.0,,0.0143,184,2026-06-29 19:55:26.116757,2026-06-29 19:55:26.116757
271,107,LOAN,O,2020-12-29,,9055.55,0.0,,0.2039,494,2026-06-29 19:55:26.116757,2026-06-29 19:55:26.116757
272,108,LOAN,O,2022-08-13,,42898.4,0.0,,0.1115,86,2026-06-29 19:55:26.116757,2026-06-29 19:55:26.116757
273,108,CREDIT,O,2021-01-17,,1130.8,869.2,2000.0,0.1991,113,2026-06-29 19:55:26.116757,2026-06-29 19:55:26.116757
274,108,SAVINGS,O,2025-11-06,,23013.24,20711.92,,0.0694,276,2026-06-29 19:55:26.116757,2026-06-29 19:55:26.116757
275,108,CHECKING,O,2019-12-29,,22737.96,20464.16,,0.1953,290,2026-06-29 19:55:26.116757,2026-06-29 19:55:26.116757
276,109,CHECKING,O,2022-12-07,,61896.6,55706.94,,0.2059,188,2026-06-29 19:55:26.116757,2026-06-29 19:55:26.116757
277,109,CREDIT,O,2019-09-19,,20565.27,4434.73,25000.0,0.0114,369,2026-06-29 19:55:26.116757,2026-06-29 19:55:26.116757
278,109,LOAN,O,2017-12-18,,27040.63,0.0,,0.0554,218,2026-06-29 19:55:26.116757,2026-06-29 19:55:26.116757
279,109,SAVINGS,O,2022-09-30,,7744.52,6970.07,,0.2076,385,2026-06-29 19:55:26.116757,2026-06-29 19:55:26.116757
280,110,CREDIT,O,2024-04-01,,3942.23,11057.77,15000.0,0.2156,45,2026-06-29 19:55:26.116757,2026-06-29 19:55:26.116757
281,110,CHECKING,O,2023-12-22,,34845.13,31360.62,,0.2484,398,2026-06-29 19:55:26.116757,2026-06-29 19:55:26.116757
282,111,SAVINGS,O,2019-05-14,,46827.87,42145.08,,0.0883,364,2026-06-29 19:55:26.116757,2026-06-29 19:55:26.116757
283,111,CREDIT,O,2020-06-10,,15819.27,9180.73,25000.0,0.0423,72,2026-06-29 19:55:26.116757,2026-06-29 19:55:26.116757
284,112,SAVINGS,O,2022-01-14,,45390.98,40851.88,,0.1335,306,2026-06-29 19:55:26.116757,2026-06-29 19:55:26.116757
285,112,CHECKING,O,2017-05-17,,42870.87,38583.78,,0.0816,361,2026-06-29 19:55:26.116757,2026-06-29 19:55:26.116757
286,113,CREDIT,C,2022-05-05,2025-04-23,24637.21,362.79,25000.0,0.1701,49,2026-06-29 19:55:26.116757,2026-06-29 19:55:26.116757
287,113,LOAN,O,2023-11-23,,8999.75,0.0,,0.1877,211,2026-06-29 19:55:26.116757,2026-06-29 19:55:26.116757
288,113,SAVINGS,O,2015-05-16,,73460.88,66114.79,,0.248,444,2026-06-29 19:55:26.116757,2026-06-29 19:55:26.116757
289,114,SAVINGS,O,2026-04-19,,11272.6,10145.34,,0.0812,127,2026-06-29 19:55:26.116757,2026-06-29 19:55:26.116757
290,114,CHECKING,C,2020-03-15,2022-09-21,60798.62,54718.76,,0.1693,251,2026-06-29 19:55:26.116757,2026-06-29 19:55:26.116757
291,115,CREDIT,O,2020-07-12,,5627.58,9372.42,15000.0,0.0198,407,2026-06-29 19:55:26.116757,2026-06-29 19:55:26.116757
292,115,LOAN,O,2025-06-17,,52927.38,0.0,,0.0242,264,2026-06-29 19:55:26.116757,2026-06-29 19:55:26.116757
293,116,CREDIT,O,2022-09-26,,5819.56,4180.44,10000.0,0.2173,434,2026-06-29 19:55:26.116757,2026-06-29 19:55:26.116757
294,116,SAVINGS,O,2020-12-20,,58484.28,52635.85,,0.1829,235,2026-06-29 19:55:26.116757,2026-06-29 19:55:26.116757
295,116,LOAN,O,2023-12-01,,38455.59,0.0,,0.1746,436,2026-06-29 19:55:26.116757,2026-06-29 19:55:26.116757
296,117,LOAN,O,2018-10-11,,13851.97,0.0,,0.1079,109,2026-06-29 19:55:26.116757,2026-06-29 19:55:26.116757
297,118,CREDIT,C,2025-03-01,2025-11-16,14448.34,10551.66,25000.0,0.1419,249,2026-06-29 19:55:26.116757,2026-06-29 19:55:26.116757
298,118,SAVINGS,O,2022-02-04,,62958.44,56662.6,,0.2236,391,2026-06-29 19:55:26.116757,2026-06-29 19:55:26.116757
299,118,LOAN,O,2015-07-03,,3856.15,0.0,,0.0258,402,2026-06-29 19:55:26.116757,2026-06-29 19:55:26.116757
300,118,CHECKING,C,2023-08-28,2025-07-09,66854.53,60169.08,,0.0051,476,2026-06-29 19:55:26.116757,2026-06-29 19:55:26.116757
301,119,LOAN,O,2018-09-21,,1039.88,0.0,,0.2395,104,2026-06-29 19:55:26.116757,2026-06-29 19:55:26.116757
302,119,SAVINGS,O,2022-03-15,,79653.37,71688.03,,0.2274,452,2026-06-29 19:55:26.116757,2026-06-29 19:55:26.116757
303,120,SAVINGS,O,2015-01-07,,52194.33,46974.9,,0.0633,191,2026-06-29 19:55:26.116757,2026-06-29 19:55:26.116757
304,120,LOAN,O,2026-03-19,,40206.02,0.0,,0.1625,27,2026-06-29 19:55:26.116757,2026-06-29 19:55:26.116757
305,120,CHECKING,O,2022-07-26,,31405.5,28264.95,,0.077,359,2026-06-29 19:55:26.116757,2026-06-29 19:55:26.116757
306,121,LOAN,O,2019-04-03,,6380.75,0.0,,0.0247,110,2026-06-29 19:55:26.116757,2026-06-29 19:55:26.116757
307,121,CREDIT,C,2023-06-18,2026-05-22,1169.08,13830.92,15000.0,0.1488,266,2026-06-29 19:55:26.116757,2026-06-29 19:55:26.116757
308,122,CHECKING,C,2019-08-15,2019-09-10,79046.47,71141.82,,0.1061,68,2026-06-29 19:55:26.116757,2026-06-29 19:55:26.116757
309,122,LOAN,O,2017-07-29,,29184.31,0.0,,0.058,46,2026-06-29 19:55:26.116757,2026-06-29 19:55:26.116757
310,122,SAVINGS,O,2020-07-29,,58326.45,52493.81,,0.0265,161,2026-06-29 19:55:26.116757,2026-06-29 19:55:26.116757
311,122,CREDIT,F,2020-09-03,,8809.89,1190.11,10000.0,0.0351,397,2026-06-29 19:55:26.116757,2026-06-29 19:55:26.116757
312,123,SAVINGS,O,2021-05-29,,42205.92,37985.33,,0.0031,333,2026-06-29 19:55:26.116757,2026-06-29 19:55:26.116757
313,123,CHECKING,O,2021-05-06,,12711.38,11440.24,,0.0884,110,2026-06-29 19:55:26.116757,2026-06-29 19:55:26.116757
314,124,LOAN,C,2019-10-21,2022-06-02,41507.4,0.0,,0.215,45,2026-06-29 19:55:26.116757,2026-06-29 19:55:26.116757
315,124,CREDIT,O,2023-09-12,,280.03,1719.97,2000.0,0.0317,374,2026-06-29 19:55:26.116757,2026-06-29 19:55:26.116757
316,125,CREDIT,O,2021-07-04,,1384.84,3615.16,5000.0,0.022,284,2026-06-29 19:55:26.116757,2026-06-29 19:55:26.116757
317,125,SAVINGS,O,2020-06-15,,47880.42,43092.38,,0.1805,146,2026-06-29 19:55:26.116757,2026-06-29 19:55:26.116757
318,125,LOAN,O,2018-08-08,,46959.21,0.0,,0.1729,435,2026-06-29 19:55:26.116757,2026-06-29 19:55:26.116757
319,125,CHECKING,O,2014-10-13,,67689.14,60920.23,,0.219,106,2026-06-29 19:55:26.116757,2026-06-29 19:55:26.116757
320,126,LOAN,O,2015-09-27,,39124.02,0.0,,0.1961,407,2026-06-29 19:55:26.116757,2026-06-29 19:55:26.116757
321,126,SAVINGS,O,2019-06-13,,76351.06,68715.95,,0.1242,58,2026-06-29 19:55:26.116757,2026-06-29 19:55:26.116757
322,127,LOAN,O,2025-12-14,,36041.86,0.0,,0.1325,7,2026-06-29 19:55:26.116757,2026-06-29 19:55:26.116757
323,127,CREDIT,O,2015-11-16,,9339.24,660.76,10000.0,0.0339,441,2026-06-29 19:55:26.116757,2026-06-29 19:55:26.116757
324,128,CREDIT,O,2025-09-13,,33.38,1966.62,2000.0,0.0178,135,2026-06-29 19:55:26.116757,2026-06-29 19:55:26.116757
325,128,LOAN,O,2016-03-06,,13728.83,0.0,,0.2306,486,2026-06-29 19:55:26.116757,2026-06-29 19:55:26.116757
326,128,CHECKING,C,2018-03-17,2021-12-23,63037.84,56734.06,,0.1271,322,2026-06-29 19:55:26.116757,2026-06-29 19:55:26.116757
327,128,SAVINGS,O,2016-12-15,,56866.64,51179.98,,0.1919,217,2026-06-29 19:55:26.116757,2026-06-29 19:55:26.116757
328,129,CHECKING,O,2020-03-31,,6229.56,5606.6,,0.0207,472,2026-06-29 19:55:26.116757,2026-06-29 19:55:26.116757
329,129,CREDIT,O,2020-03-01,,4871.57,128.43,5000.0,0.0397,168,2026-06-29 19:55:26.116757,2026-06-29 19:55:26.116757
330,129,LOAN,O,2019-09-18,,24053.16,0.0,,0.1589,428,2026-06-29 19:55:26.116757,2026-06-29 19:55:26.116757
331,129,SAVINGS,O,2022-10-18,,51812.08,46630.87,,0.1611,159,2026-06-29 19:55:26.116757,2026-06-29 19:55:26.116757
332,130,SAVINGS,O,2018-04-17,,73932.53,66539.28,,0.0299,314,2026-06-29 19:55:26.116757,2026-06-29 19:55:26.116757
333,130,CHECKING,O,2018-01-26,,48511.01,43659.91,,0.078,380,2026-06-29 19:55:26.116757,2026-06-29 19:55:26.116757
334,130,CREDIT,O,2024-02-23,,597.22,4402.78,5000.0,0.1772,360,2026-06-29 19:55:26.116757,2026-06-29 19:55:26.116757
335,130,LOAN,O,2015-11-11,,1669.69,0.0,,0.1246,178,2026-06-29 19:55:26.116757,2026-06-29 19:55:26.116757
336,131,SAVINGS,O,2024-08-11,,59857.0,53871.3,,0.2184,376,2026-06-29 19:55:26.116757,2026-06-29 19:55:26.116757
337,131,LOAN,C,2022-03-19,2025-02-09,53298.47,0.0,,0.193,16,2026-06-29 19:55:26.116757,2026-06-29 19:55:26.116757
338,131,CHECKING,O,2016-06-13,,26468.39,23821.55,,0.1079,269,2026-06-29 19:55:26.116757,2026-06-29 19:55:26.116757
339,132,CREDIT,O,2026-03-20,,15688.32,9311.68,25000.0,0.1245,262,2026-06-29 19:55:26.116757,2026-06-29 19:55:26.116757
340,133,CHECKING,O,2017-05-25,,29098.87,26188.98,,0.0645,53,2026-06-29 19:55:26.116757,2026-06-29 19:55:26.116757
341,133,SAVINGS,O,2016-07-27,,71488.61,64339.75,,0.1688,60,2026-06-29 19:55:26.116757,2026-06-29 19:55:26.116757
342,133,LOAN,O,2016-05-26,,14475.86,0.0,,0.1276,23,2026-06-29 19:55:26.116757,2026-06-29 19:55:26.116757
343,134,SAVINGS,O,2021-03-01,,3201.51,2881.36,,0.0916,472,2026-06-29 19:55:26.116757,2026-06-29 19:55:26.116757
344,135,SAVINGS,C,2025-11-30,2026-01-17,44005.62,39605.06,,0.2285,380,2026-06-29 19:55:26.116757,2026-06-29 19:55:26.116757
345,135,CHECKING,O,2019-04-27,,52284.12,47055.71,,0.0569,128,2026-06-29 19:55:26.116757,2026-06-29 19:55:26.116757
346,136,CREDIT,O,2016-09-08,,1004.08,995.92,2000.0,0.2255,92,2026-06-29 19:55:26.116757,2026-06-29 19:55:26.116757
347,136,SAVINGS,O,2022-02-15,,17466.4,15719.76,,0.1294,24,2026-06-29 19:55:26.116757,2026-06-29 19:55:26.116757
348,136,CHECKING,F,2019-08-23,,76303.39,68673.05,,0.0182,239,2026-06-29 19:55:26.116757,2026-06-29 19:55:26.116757
349,136,LOAN,O,2014-11-03,,52095.9,0.0,,0.1935,160,2026-06-29 19:55:26.116757,2026-06-29 19:55:26.116757
350,137,CHECKING,O,2021-10-23,,141.52,127.37,,0.0509,289,2026-06-29 19:55:26.116757,2026-06-29 19:55:26.116757
351,137,CREDIT,O,2016-11-03,,7395.76,2604.24,10000.0,0.0614,189,2026-06-29 19:55:26.116757,2026-06-29 19:55:26.116757
352,137,SAVINGS,O,2021-07-19,,47131.12,42418.01,,0.1238,396,2026-06-29 19:55:26.116757,2026-06-29 19:55:26.116757
353,138,SAVINGS,O,2019-02-15,,13.42,12.08,,0.1031,120,2026-06-29 19:55:26.116757,2026-06-29 19:55:26.116757
354,138,CHECKING,O,2022-11-21,,43094.39,38784.95,,0.1593,356,2026-06-29 19:55:26.116757,2026-06-29 19:55:26.116757
355,139,CREDIT,O,2016-12-10,,1517.86,482.14,2000.0,0.0947,378,2026-06-29 19:55:26.116757,2026-06-29 19:55:26.116757
356,140,CHECKING,O,2023-06-16,,33295.18,29965.66,,0.2402,498,2026-06-29 19:55:26.116757,2026-06-29 19:55:26.116757
357,140,LOAN,O,2024-02-17,,59820.6,0.0,,0.1781,48,2026-06-29 19:55:26.116757,2026-06-29 19:55:26.116757
358,140,CREDIT,O,2015-03-28,,1842.55,157.45,2000.0,0.2243,267,2026-06-29 19:55:26.116757,2026-06-29 19:55:26.116757
359,141,CREDIT,O,2015-09-14,,3337.85,21662.15,25000.0,0.2051,39,2026-06-29 19:55:26.116757,2026-06-29 19:55:26.116757
360,141,SAVINGS,O,2024-11-18,,47147.61,42432.85,,0.0165,340,2026-06-29 19:55:26.116757,2026-06-29 19:55:26.116757
361,141,CHECKING,O,2016-09-19,,77119.57,69407.61,,0.0599,134,2026-06-29 19:55:26.116757,2026-06-29 19:55:26.116757
362,141,LOAN,O,2018-05-18,,51203.91,0.0,,0.2315,202,2026-06-29 19:55:26.116757,2026-06-29 19:55:26.116757
363,142,CREDIT,O,2019-12-11,,373.44,4626.56,5000.0,0.0515,400,2026-06-29 19:55:26.116757,2026-06-29 19:55:26.116757
364,142,SAVINGS,O,2017-08-14,,61496.8,55347.12,,0.0281,55,2026-06-29 19:55:26.116757,2026-06-29 19:55:26.116757
365,142,LOAN,O,2024-10-09,,10698.12,0.0,,0.117,209,2026-06-29 19:55:26.116757,2026-06-29 19:55:26.116757
366,143,CREDIT,O,2020-10-12,,2259.59,2740.41,5000.0,0.1163,437,2026-06-29 19:55:26.116757,2026-06-29 19:55:26.116757
367,144,CHECKING,O,2022-02-09,,12188.04,10969.24,,0.1718,424,2026-06-29 19:55:26.116757,2026-06-29 19:55:26.116757
368,145,SAVINGS,O,2021-08-09,,66791.94,60112.75,,0.0826,47,2026-06-29 19:55:26.116757,2026-06-29 19:55:26.116757
369,146,CREDIT,O,2021-10-11,,1223.77,23776.23,25000.0,0.0754,420,2026-06-29 19:55:26.116757,2026-06-29 19:55:26.116757
370,146,SAVINGS,C,2021-06-27,2023-03-25,79249.47,71324.52,,0.0087,208,2026-06-29 19:55:26.116757,2026-06-29 19:55:26.116757
371,147,SAVINGS,O,2024-07-26,,64213.69,57792.32,,0.0358,7,2026-06-29 19:55:26.116757,2026-06-29 19:55:26.116757
372,147,CHECKING,O,2021-11-06,,4464.37,4017.93,,0.1954,114,2026-06-29 19:55:26.116757,2026-06-29 19:55:26.116757
373,147,LOAN,O,2024-03-10,,8712.2,0.0,,0.206,191,2026-06-29 19:55:26.116757,2026-06-29 19:55:26.116757
374,147,CREDIT,O,2022-11-27,,1164.65,835.35,2000.0,0.0654,417,2026-06-29 19:55:26.116757,2026-06-29 19:55:26.116757
375,148,CHECKING,O,2018-01-13,,79771.49,71794.34,,0.0502,331,2026-06-29 19:55:26.116757,2026-06-29 19:55:26.116757
376,149,SAVINGS,O,2021-10-24,,2937.05,2643.35,,0.1157,87,2026-06-29 19:55:26.116757,2026-06-29 19:55:26.116757
377,149,CHECKING,O,2015-07-02,,73892.6,66503.34,,0.1088,371,2026-06-29 19:55:26.116757,2026-06-29 19:55:26.116757
378,149,LOAN,O,2016-02-02,,24304.92,0.0,,0.0083,350,2026-06-29 19:55:26.116757,2026-06-29 19:55:26.116757
379,149,CREDIT,O,2015-11-24,,2592.11,12407.89,15000.0,0.0544,96,2026-06-29 19:55:26.116757,2026-06-29 19:55:26.116757
380,150,CREDIT,O,2018-02-17,,1228.21,771.79,2000.0,0.1546,332,2026-06-29 19:55:26.116757,2026-06-29 19:55:26.116757
381,150,SAVINGS,O,2016-09-02,,23255.97,20930.37,,0.1035,282,2026-06-29 19:55:26.116757,2026-06-29 19:55:26.116757
382,150,CHECKING,O,2022-10-03,,38061.99,34255.79,,0.0228,197,2026-06-29 19:55:26.116757,2026-06-29 19:55:26.116757
383,151,LOAN,O,2020-07-30,,38916.5,0.0,,0.1994,128,2026-06-29 19:55:26.116757,2026-06-29 19:55:26.116757
384,151,CHECKING,O,2019-06-23,,50275.73,45248.16,,0.2007,407,2026-06-29 19:55:26.116757,2026-06-29 19:55:26.116757
385,152,LOAN,O,2016-02-19,,47133.03,0.0,,0.0904,279,2026-06-29 19:55:26.116757,2026-06-29 19:55:26.116757
386,153,CREDIT,O,2019-01-24,,1798.16,8201.84,10000.0,0.0804,113,2026-06-29 19:55:26.116757,2026-06-29 19:55:26.116757
387,153,LOAN,O,2016-09-14,,2728.9,0.0,,0.2028,144,2026-06-29 19:55:26.116757,2026-06-29 19:55:26.116757
388,153,SAVINGS,O,2022-01-24,,4216.59,3794.93,,0.2478,272,2026-06-29 19:55:26.116757,2026-06-29 19:55:26.116757
389,153,CHECKING,O,2022-10-03,,28273.35,25446.01,,0.1464,120,2026-06-29 19:55:26.116757,2026-06-29 19:55:26.116757
390,154,CHECKING,O,2022-03-07,,52377.59,47139.83,,0.0673,418,2026-06-29 19:55:26.116757,2026-06-29 19:55:26.116757
391,154,LOAN,O,2026-05-29,,47683.0,0.0,,0.1845,392,2026-06-29 19:55:26.116757,2026-06-29 19:55:26.116757
392,155,LOAN,O,2021-02-07,,56177.16,0.0,,0.2478,89,2026-06-29 19:55:26.116757,2026-06-29 19:55:26.116757
393,155,SAVINGS,O,2020-04-29,,13676.08,12308.47,,0.1485,413,2026-06-29 19:55:26.116757,2026-06-29 19:55:26.116757
394,156,CHECKING,O,2016-02-29,,75778.48,68200.63,,0.1413,289,2026-06-29 19:55:26.116757,2026-06-29 19:55:26.116757
395,156,CREDIT,O,2018-03-29,,4183.48,816.52,5000.0,0.2027,497,2026-06-29 19:55:26.116757,2026-06-29 19:55:26.116757
396,156,SAVINGS,O,2019-11-13,,39124.25,35211.83,,0.0779,252,2026-06-29 19:55:26.116757,2026-06-29 19:55:26.116757
397,157,CHECKING,O,2015-02-17,,4021.52,3619.37,,0.1508,11,2026-06-29 19:55:26.116757,2026-06-29 19:55:26.116757
398,158,CHECKING,O,2018-10-08,,26931.1,24237.99,,0.0452,411,2026-06-29 19:55:26.116757,2026-06-29 19:55:26.116757
399,158,SAVINGS,O,2014-08-09,,67464.87,60718.38,,0.0815,12,2026-06-29 19:55:26.116757,2026-06-29 19:55:26.116757
400,158,LOAN,O,2016-02-13,,9715.01,0.0,,0.1764,73,2026-06-29 19:55:26.116757,2026-06-29 19:55:26.116757
401,158,CREDIT,O,2024-03-16,,1692.96,307.04,2000.0,0.2152,492,2026-06-29 19:55:26.116757,2026-06-29 19:55:26.116757
402,159,CREDIT,O,2025-12-23,,8790.25,6209.75,15000.0,0.0848,166,2026-06-29 19:55:26.116757,2026-06-29 19:55:26.116757
403,160,SAVINGS,O,2020-07-07,,75869.83,68282.85,,0.1981,492,2026-06-29 19:55:26.116757,2026-06-29 19:55:26.116757
404,160,CREDIT,O,2020-05-22,,9737.7,5262.3,15000.0,0.0444,496,2026-06-29 19:55:26.116757,2026-06-29 19:55:26.116757
405,161,SAVINGS,O,2022-08-26,,29959.92,26963.93,,0.1837,151,2026-06-29 19:55:26.116757,2026-06-29 19:55:26.116757
406,161,CREDIT,O,2019-06-12,,888.54,4111.46,5000.0,0.0014,360,2026-06-29 19:55:26.116757,2026-06-29 19:55:26.116757
407,161,CHECKING,O,2024-07-02,,75870.2,68283.18,,0.0985,395,2026-06-29 19:55:26.116757,2026-06-29 19:55:26.116757
408,162,SAVINGS,O,2020-04-25,,47992.29,43193.06,,0.2302,496,2026-06-29 19:55:26.116757,2026-06-29 19:55:26.116757
409,163,CHECKING,O,2015-06-23,,10821.79,9739.61,,0.1865,122,2026-06-29 19:55:26.116757,2026-06-29 19:55:26.116757
410,163,SAVINGS,O,2014-11-10,,27418.22,24676.4,,0.0805,326,2026-06-29 19:55:26.116757,2026-06-29 19:55:26.116757
411,164,CREDIT,O,2023-07-24,,170.93,14829.07,15000.0,0.0532,355,2026-06-29 19:55:26.116757,2026-06-29 19:55:26.116757
412,165,CREDIT,O,2017-12-21,,7870.2,2129.8,10000.0,0.1803,25,2026-06-29 19:55:26.116757,2026-06-29 19:55:26.116757
413,166,LOAN,O,2017-10-07,,53188.57,0.0,,0.1237,194,2026-06-29 19:55:26.116757,2026-06-29 19:55:26.116757
414,166,CREDIT,O,2020-11-24,,5460.24,4539.76,10000.0,0.0262,246,2026-06-29 19:55:26.116757,2026-06-29 19:55:26.116757
415,166,SAVINGS,O,2016-06-30,,62992.76,56693.48,,0.1449,389,2026-06-29 19:55:26.116757,2026-06-29 19:55:26.116757
416,166,CHECKING,O,2019-12-10,,54816.41,49334.77,,0.0415,38,2026-06-29 19:55:26.116757,2026-06-29 19:55:26.116757
417,167,CREDIT,O,2023-05-05,,637.43,1362.57,2000.0,0.2379,38,2026-06-29 19:55:26.116757,2026-06-29 19:55:26.116757
418,168,SAVINGS,C,2023-08-15,2025-03-13,58424.8,52582.32,,0.1372,460,2026-06-29 19:55:26.116757,2026-06-29 19:55:26.116757
419,168,LOAN,O,2015-11-03,,58704.45,0.0,,0.0851,315,2026-06-29 19:55:26.116757,2026-06-29 19:55:26.116757
420,168,CHECKING,O,2015-11-08,,71404.71,64264.24,,0.1764,221,2026-06-29 19:55:26.116757,2026-06-29 19:55:26.116757
421,169,LOAN,O,2023-09-24,,4159.79,0.0,,0.0834,499,2026-06-29 19:55:26.116757,2026-06-29 19:55:26.116757
422,169,CHECKING,O,2024-04-20,,14793.73,13314.36,,0.1745,370,2026-06-29 19:55:26.116757,2026-06-29 19:55:26.116757
423,170,CREDIT,O,2018-11-11,,99.27,1900.73,2000.0,0.1433,431,2026-06-29 19:55:26.116757,2026-06-29 19:55:26.116757
424,170,SAVINGS,O,2024-04-17,,39021.34,35119.21,,0.0146,2,2026-06-29 19:55:26.116757,2026-06-29 19:55:26.116757
425,170,CHECKING,O,2014-12-27,,33922.28,30530.05,,0.0743,339,2026-06-29 19:55:26.116757,2026-06-29 19:55:26.116757
426,171,SAVINGS,O,2023-01-22,,13251.99,11926.79,,0.0736,42,2026-06-29 19:55:26.116757,2026-06-29 19:55:26.116757
427,171,CHECKING,O,2021-01-01,,37622.44,33860.2,,0.0298,402,2026-06-29 19:55:26.116757,2026-06-29 19:55:26.116757
428,171,CREDIT,O,2026-04-15,,7064.17,7935.83,15000.0,0.2237,136,2026-06-29 19:55:26.116757,2026-06-29 19:55:26.116757
429,171,LOAN,O,2015-09-17,,6377.08,0.0,,0.1364,95,2026-06-29 19:55:26.116757,2026-06-29 19:55:26.116757
430,172,LOAN,O,2024-05-20,,27300.74,0.0,,0.0665,239,2026-06-29 19:55:26.116757,2026-06-29 19:55:26.116757
431,172,SAVINGS,O,2023-06-12,,20703.77,18633.39,,0.2093,289,2026-06-29 19:55:26.116757,2026-06-29 19:55:26.116757
432,172,CHECKING,O,2018-01-14,,4461.97,4015.77,,0.1882,342,2026-06-29 19:55:26.116757,2026-06-29 19:55:26.116757
433,173,CHECKING,F,2026-05-27,,53285.36,47956.82,,0.2022,212,2026-06-29 19:55:26.116757,2026-06-29 19:55:26.116757
434,174,CHECKING,O,2019-11-07,,65381.62,58843.46,,0.1052,275,2026-06-29 19:55:26.116757,2026-06-29 19:55:26.116757
435,174,SAVINGS,O,2018-08-24,,54808.97,49328.07,,0.2341,294,2026-06-29 19:55:26.116757,2026-06-29 19:55:26.116757
436,175,LOAN,O,2024-03-23,,5658.35,0.0,,0.2257,366,2026-06-29 19:55:26.116757,2026-06-29 19:55:26.116757
437,175,SAVINGS,O,2019-09-22,,2295.64,2066.08,,0.1432,265,2026-06-29 19:55:26.116757,2026-06-29 19:55:26.116757
438,176,CHECKING,C,2026-05-03,2026-06-16,13416.76,12075.08,,0.246,498,2026-06-29 19:55:26.116757,2026-06-29 19:55:26.116757
439,176,SAVINGS,O,2017-04-25,,16557.16,14901.44,,0.049,22,2026-06-29 19:55:26.116757,2026-06-29 19:55:26.116757
440,177,CHECKING,O,2024-02-25,,79780.17,71802.15,,0.1571,428,2026-06-29 19:55:26.116757,2026-06-29 19:55:26.116757
441,177,CREDIT,O,2021-07-01,,6447.16,18552.84,25000.0,0.2277,469,2026-06-29 19:55:26.116757,2026-06-29 19:55:26.116757
442,177,SAVINGS,O,2018-09-02,,64491.17,58042.05,,0.0227,285,2026-06-29 19:55:26.116757,2026-06-29 19:55:26.116757
443,177,LOAN,O,2022-12-17,,24443.94,0.0,,0.0822,142,2026-06-29 19:55:26.116757,2026-06-29 19:55:26.116757
444,178,CHECKING,O,2022-01-12,,32862.61,29576.35,,0.0379,302,2026-06-29 19:55:26.116757,2026-06-29 19:55:26.116757
445,178,CREDIT,O,2016-06-20,,18959.43,6040.57,25000.0,0.2349,474,2026-06-29 19:55:26.116757,2026-06-29 19:55:26.116757
446,178,SAVINGS,O,2016-02-25,,8003.6,7203.24,,0.195,403,2026-06-29 19:55:26.116757,2026-06-29 19:55:26.116757
447,178,LOAN,O,2016-12-14,,17879.48,0.0,,0.1343,177,2026-06-29 19:55:26.116757,2026-06-29 19:55:26.116757
448,179,CREDIT,C,2016-12-15,2017-07-09,344.4,1655.6,2000.0,0.1013,317,2026-06-29 19:55:26.116757,2026-06-29 19:55:26.116757
449,179,SAVINGS,O,2018-09-03,,48496.75,43647.08,,0.1737,20,2026-06-29 19:55:26.116757,2026-06-29 19:55:26.116757
450,179,LOAN,O,2017-11-03,,24351.77,0.0,,0.2198,354,2026-06-29 19:55:26.116757,2026-06-29 19:55:26.116757
451,179,CHECKING,O,2020-11-29,,18625.13,16762.62,,0.1866,472,2026-06-29 19:55:26.116757,2026-06-29 19:55:26.116757
452,180,CREDIT,O,2018-05-07,,3109.49,6890.51,10000.0,0.2108,440,2026-06-29 19:55:26.116757,2026-06-29 19:55:26.116757
453,180,CHECKING,O,2022-11-18,,55542.72,49988.45,,0.0254,445,2026-06-29 19:55:26.116757,2026-06-29 19:55:26.116757
454,180,SAVINGS,C,2017-12-09,2020-03-23,17850.57,16065.51,,0.0758,381,2026-06-29 19:55:26.116757,2026-06-29 19:55:26.116757
455,181,CREDIT,O,2024-09-18,,2208.58,2791.42,5000.0,0.2284,209,2026-06-29 19:55:26.116757,2026-06-29 19:55:26.116757
456,181,SAVINGS,O,2026-03-27,,59146.06,53231.45,,0.19,445,2026-06-29 19:55:26.116757,2026-06-29 19:55:26.116757
457,181,LOAN,O,2022-08-02,,23060.7,0.0,,0.015,406,2026-06-29 19:55:26.116757,2026-06-29 19:55:26.116757
458,181,CHECKING,O,2015-08-17,,12297.28,11067.55,,0.0784,260,2026-06-29 19:55:26.116757,2026-06-29 19:55:26.116757
459,182,SAVINGS,O,2025-12-18,,15017.46,13515.71,,0.2083,429,2026-06-29 19:55:26.116757,2026-06-29 19:55:26.116757
460,182,CREDIT,O,2023-11-09,,498.98,1501.02,2000.0,0.1146,471,2026-06-29 19:55:26.116757,2026-06-29 19:55:26.116757
461,182,CHECKING,O,2025-06-10,,28510.19,25659.17,,0.0506,189,2026-06-29 19:55:26.116757,2026-06-29 19:55:26.116757
462,182,LOAN,O,2026-04-27,,49586.87,0.0,,0.1267,326,2026-06-29 19:55:26.116757,2026-06-29 19:55:26.116757
463,183,CHECKING,O,2024-10-28,,18976.02,17078.42,,0.1227,229,2026-06-29 19:55:26.116757,2026-06-29 19:55:26.116757
464,184,LOAN,O,2016-01-02,,33528.69,0.0,,0.0867,429,2026-06-29 19:55:26.116757,2026-06-29 19:55:26.116757
465,184,CREDIT,O,2024-10-24,,7489.61,2510.39,10000.0,0.1725,146,2026-06-29 19:55:26.116757,2026-06-29 19:55:26.116757
466,185,LOAN,O,2017-06-19,,3929.41,0.0,,0.2135,400,2026-06-29 19:55:26.116757,2026-06-29 19:55:26.116757
467,186,SAVINGS,O,2022-12-20,,17621.52,15859.37,,0.0525,334,2026-06-29 19:55:26.116757,2026-06-29 19:55:26.116757
468,186,CREDIT,O,2024-05-13,,7699.22,7300.78,15000.0,0.2162,496,2026-06-29 19:55:26.116757,2026-06-29 19:55:26.116757
469,187,LOAN,O,2023-07-26,,54779.41,0.0,,0.1621,308,2026-06-29 19:55:26.116757,2026-06-29 19:55:26.116757
470,188,SAVINGS,O,2022-07-20,,19817.43,17835.69,,0.2014,157,2026-06-29 19:55:26.116757,2026-06-29 19:55:26.116757
471,189,LOAN,O,2020-04-28,,28080.88,0.0,,0.0553,155,2026-06-29 19:55:26.116757,2026-06-29 19:55:26.116757
472,189,SAVINGS,C,2021-05-16,2022-09-30,54014.29,48612.86,,0.2062,204,2026-06-29 19:55:26.116757,2026-06-29 19:55:26.116757
473,189,CREDIT,O,2019-06-06,,2557.8,22442.2,25000.0,0.1283,340,2026-06-29 19:55:26.116757,2026-06-29 19:55:26.116757
474,190,CREDIT,O,2019-11-17,,957.56,14042.44,15000.0,0.247,328,2026-06-29 19:55:26.116757,2026-06-29 19:55:26.116757
475,190,SAVINGS,O,2022-01-16,,25673.53,23106.18,,0.0699,336,2026-06-29 19:55:26.116757,2026-06-29 19:55:26.116757
476,190,CHECKING,O,2024-12-24,,56743.05,51068.75,,0.2231,153,2026-06-29 19:55:26.116757,2026-06-29 19:55:26.116757
477,191,SAVINGS,O,2015-08-08,,61120.69,55008.62,,0.2249,413,2026-06-29 19:55:26.116757,2026-06-29 19:55:26.116757
478,191,CREDIT,O,2020-08-20,,10102.46,14897.54,25000.0,0.0805,72,2026-06-29 19:55:26.116757,2026-06-29 19:55:26.116757
479,192,LOAN,O,2017-10-22,,59850.68,0.0,,0.0656,215,2026-06-29 19:55:26.116757,2026-06-29 19:55:26.116757
480,193,LOAN,O,2025-08-25,,21246.86,0.0,,0.1786,352,2026-06-29 19:55:26.116757,2026-06-29 19:55:26.116757
481,193,CREDIT,O,2018-11-21,,15957.84,9042.16,25000.0,0.1194,482,2026-06-29 19:55:26.116757,2026-06-29 19:55:26.116757
482,193,CHECKING,O,2025-10-25,,53585.41,48226.87,,0.1273,433,2026-06-29 19:55:26.116757,2026-06-29 19:55:26.116757
483,193,SAVINGS,O,2018-05-23,,13183.93,11865.54,,0.1647,286,2026-06-29 19:55:26.116757,2026-06-29 19:55:26.116757
484,194,CREDIT,O,2014-07-09,,1919.16,13080.84,15000.0,0.0654,414,2026-06-29 19:55:26.116757,2026-06-29 19:55:26.116757
485,194,CHECKING,O,2023-09-19,,44502.05,40051.85,,0.2282,485,2026-06-29 19:55:26.116757,2026-06-29 19:55:26.116757
486,195,CHECKING,O,2023-03-23,,17477.9,15730.11,,0.2179,216,2026-06-29 19:55:26.116757,2026-06-29 19:55:26.116757
487,195,LOAN,O,2023-03-15,,47497.34,0.0,,0.0835,134,2026-06-29 19:55:26.116757,2026-06-29 19:55:26.116757
488,195,SAVINGS,O,2019-12-15,,46638.44,41974.6,,0.1164,61,2026-06-29 19:55:26.116757,2026-06-29 19:55:26.116757
489,196,CHECKING,O,2022-05-29,,71098.8,63988.92,,0.1256,445,2026-06-29 19:55:26.116757,2026-06-29 19:55:26.116757
490,196,CREDIT,O,2018-10-05,,7947.58,7052.42,15000.0,0.1038,446,2026-06-29 19:55:26.116757,2026-06-29 19:55:26.116757
491,196,LOAN,O,2015-03-31,,51400.15,0.0,,0.0352,103,2026-06-29 19:55:26.116757,2026-06-29 19:55:26.116757
492,196,SAVINGS,O,2020-11-10,,27084.93,24376.44,,0.2467,458,2026-06-29 19:55:26.116757,2026-06-29 19:55:26.116757
493,197,SAVINGS,O,2017-02-01,,38750.26,34875.23,,0.1581,91,2026-06-29 19:55:26.116757,2026-06-29 19:55:26.116757
494,197,LOAN,O,2019-08-12,,19491.43,0.0,,0.0154,232,2026-06-29 19:55:26.116757,2026-06-29 19:55:26.116757
495,197,CHECKING,O,2017-01-06,,21518.99,19367.09,,0.1905,87,2026-06-29 19:55:26.116757,2026-06-29 19:55:26.116757
496,197,CREDIT,O,2017-09-09,,19112.09,5887.91,25000.0,0.1229,391,2026-06-29 19:55:26.116757,2026-06-29 19:55:26.116757
497,198,SAVINGS,C,2024-05-12,2025-01-29,48965.62,44069.06,,0.1587,207,2026-06-29 19:55:26.116757,2026-06-29 19:55:26.116757
498,199,LOAN,O,2021-05-18,,32493.17,0.0,,0.1829,487,2026-06-29 19:55:26.116757,2026-06-29 19:55:26.116757
499,199,SAVINGS,C,2021-03-28,2023-10-15,633.21,569.89,,0.0812,427,2026-06-29 19:55:26.116757,2026-06-29 19:55:26.116757
500,199,CHECKING,O,2018-08-03,,42248.22,38023.4,,0.0055,3,2026-06-29 19:55:26.116757,2026-06-29 19:55:26.116757
501,199,CREDIT,O,2022-08-17,,1131.33,3868.67,5000.0,0.2193,160,2026-06-29 19:55:26.116757,2026-06-29 19:55:26.116757
502,200,CHECKING,O,2015-01-25,,40018.59,36016.73,,0.0772,34,2026-06-29 19:55:26.116757,2026-06-29 19:55:26.116757
503,200,SAVINGS,O,2015-09-05,,65819.43,59237.49,,0.0752,149,2026-06-29 19:55:26.116757,2026-06-29 19:55:26.116757
504,201,CREDIT,O,2023-11-01,,5388.76,9611.24,15000.0,0.0479,486,2026-06-29 19:55:26.116757,2026-06-29 19:55:26.116757
505,201,SAVINGS,O,2019-12-20,,72504.99,65254.49,,0.2031,10,2026-06-29 19:55:26.116757,2026-06-29 19:55:26.116757
506,201,CHECKING,O,2015-12-21,,17887.67,16098.9,,0.182,68,2026-06-29 19:55:26.116757,2026-06-29 19:55:26.116757
507,201,LOAN,O,2024-09-17,,13460.22,0.0,,0.0065,259,2026-06-29 19:55:26.116757,2026-06-29 19:55:26.116757
508,202,CHECKING,O,2019-10-01,,56744.36,51069.92,,0.1982,193,2026-06-29 19:55:26.116757,2026-06-29 19:55:26.116757
509,202,SAVINGS,O,2014-07-01,,70061.8,63055.62,,0.0647,274,2026-06-29 19:55:26.116757,2026-06-29 19:55:26.116757
510,203,CHECKING,O,2025-11-28,,52788.58,47509.72,,0.1637,11,2026-06-29 19:55:26.116757,2026-06-29 19:55:26.116757
511,204,CHECKING,O,2016-11-25,,33050.43,29745.39,,0.0956,281,2026-06-29 19:55:26.116757,2026-06-29 19:55:26.116757
512,205,LOAN,F,2022-09-12,,13124.2,0.0,,0.1717,5,2026-06-29 19:55:26.116757,2026-06-29 19:55:26.116757
513,205,CREDIT,C,2016-01-24,2022-11-03,4208.71,5791.29,10000.0,0.0261,267,2026-06-29 19:55:26.116757,2026-06-29 19:55:26.116757
514,205,CHECKING,O,2016-05-21,,21233.16,19109.84,,0.1517,71,2026-06-29 19:55:26.116757,2026-06-29 19:55:26.116757
515,206,CHECKING,O,2025-08-10,,8678.01,7810.21,,0.0274,102,2026-06-29 19:55:26.116757,2026-06-29 19:55:26.116757
516,206,CREDIT,C,2017-10-03,2023-06-22,4993.73,20006.27,25000.0,0.0665,268,2026-06-29 19:55:26.116757,2026-06-29 19:55:26.116757
517,206,LOAN,O,2017-06-22,,58414.06,0.0,,0.0901,210,2026-06-29 19:55:26.116757,2026-06-29 19:55:26.116757
518,206,SAVINGS,O,2018-12-03,,23275.77,20948.19,,0.0108,255,2026-06-29 19:55:26.116757,2026-06-29 19:55:26.116757
519,207,LOAN,C,2025-04-06,2025-06-19,14835.81,0.0,,0.0042,46,2026-06-29 19:55:26.116757,2026-06-29 19:55:26.116757
520,207,SAVINGS,O,2019-03-20,,72503.84,65253.46,,0.2089,343,2026-06-29 19:55:26.116757,2026-06-29 19:55:26.116757
521,208,SAVINGS,O,2018-02-17,,72334.74,65101.27,,0.1614,234,2026-06-29 19:55:26.116757,2026-06-29 19:55:26.116757
522,208,CHECKING,O,2022-10-29,,79087.61,71178.85,,0.0747,238,2026-06-29 19:55:26.116757,2026-06-29 19:55:26.116757
523,208,CREDIT,C,2017-04-13,2023-04-27,199.62,1800.38,2000.0,0.0445,21,2026-06-29 19:55:26.116757,2026-06-29 19:55:26.116757
524,208,LOAN,F,2022-11-17,,51282.67,0.0,,0.0907,347,2026-06-29 19:55:26.116757,2026-06-29 19:55:26.116757
525,209,LOAN,C,2014-07-03,2020-03-20,6604.91,0.0,,0.1897,24,2026-06-29 19:55:26.116757,2026-06-29 19:55:26.116757
526,209,CREDIT,O,2016-01-27,,1704.0,296.0,2000.0,0.1661,88,2026-06-29 19:55:26.116757,2026-06-29 19:55:26.116757
527,209,CHECKING,O,2017-03-09,,25957.2,23361.48,,0.2236,490,2026-06-29 19:55:26.116757,2026-06-29 19:55:26.116757
528,210,CHECKING,O,2022-08-05,,14220.99,12798.89,,0.1008,493,2026-06-29 19:55:26.116757,2026-06-29 19:55:26.116757
529,210,SAVINGS,O,2014-08-08,,36251.36,32626.22,,0.209,354,2026-06-29 19:55:26.116757,2026-06-29 19:55:26.116757
530,210,CREDIT,O,2022-10-12,,11998.49,3001.51,15000.0,0.1625,409,2026-06-29 19:55:26.116757,2026-06-29 19:55:26.116757
531,211,CHECKING,O,2024-03-24,,55541.67,49987.5,,0.0156,483,2026-06-29 19:55:26.116757,2026-06-29 19:55:26.116757
532,211,LOAN,O,2026-04-08,,50816.64,0.0,,0.0268,467,2026-06-29 19:55:26.116757,2026-06-29 19:55:26.116757
533,212,LOAN,O,2019-07-11,,37070.15,0.0,,0.2157,451,2026-06-29 19:55:26.116757,2026-06-29 19:55:26.116757
534,212,CHECKING,O,2016-01-25,,67002.19,60301.97,,0.2433,67,2026-06-29 19:55:26.116757,2026-06-29 19:55:26.116757
535,212,SAVINGS,O,2015-05-03,,38387.91,34549.12,,0.1225,455,2026-06-29 19:55:26.116757,2026-06-29 19:55:26.116757
536,212,CREDIT,O,2019-01-21,,6610.32,8389.68,15000.0,0.0168,336,2026-06-29 19:55:26.116757,2026-06-29 19:55:26.116757
537,213,CHECKING,O,2023-03-15,,78220.59,70398.53,,0.1677,174,2026-06-29 19:55:26.116757,2026-06-29 19:55:26.116757
538,213,CREDIT,O,2015-09-17,,13077.58,11922.42,25000.0,0.1754,49,2026-06-29 19:55:26.116757,2026-06-29 19:55:26.116757
539,213,LOAN,O,2018-03-24,,26538.03,0.0,,0.1819,247,2026-06-29 19:55:26.116757,2026-06-29 19:55:26.116757
540,214,LOAN,O,2024-12-27,,1687.05,0.0,,0.2336,259,2026-06-29 19:55:26.116757,2026-06-29 19:55:26.116757
541,214,CHECKING,O,2016-02-15,,67832.07,61048.86,,0.213,446,2026-06-29 19:55:26.116757,2026-06-29 19:55:26.116757
542,214,CREDIT,O,2023-09-16,,374.33,4625.67,5000.0,0.1234,124,2026-06-29 19:55:26.116757,2026-06-29 19:55:26.116757
543,215,CREDIT,O,2023-06-20,,16082.93,8917.07,25000.0,0.1014,121,2026-06-29 19:55:26.116757,2026-06-29 19:55:26.116757
544,215,CHECKING,O,2016-01-29,,5845.86,5261.27,,0.1116,294,2026-06-29 19:55:26.116757,2026-06-29 19:55:26.116757
545,215,LOAN,O,2026-04-29,,27437.82,0.0,,0.2142,229,2026-06-29 19:55:26.116757,2026-06-29 19:55:26.116757
546,216,CHECKING,O,2016-03-11,,7762.79,6986.51,,0.1036,286,2026-06-29 19:55:26.116757,2026-06-29 19:55:26.116757
547,216,SAVINGS,O,2020-10-24,,43702.45,39332.21,,0.2066,406,2026-06-29 19:55:26.116757,2026-06-29 19:55:26.116757
548,216,LOAN,O,2014-08-04,,36647.99,0.0,,0.1551,156,2026-06-29 19:55:26.116757,2026-06-29 19:55:26.116757
549,217,LOAN,O,2022-03-28,,22437.21,0.0,,0.0145,115,2026-06-29 19:55:26.116757,2026-06-29 19:55:26.116757
550,217,SAVINGS,O,2019-09-26,,67467.55,60720.8,,0.0836,393,2026-06-29 19:55:26.116757,2026-06-29 19:55:26.116757
551,218,CREDIT,O,2023-02-06,,1518.64,481.36,2000.0,0.0562,175,2026-06-29 19:55:26.116757,2026-06-29 19:55:26.116757
552,218,LOAN,O,2021-12-23,,21953.2,0.0,,0.1587,410,2026-06-29 19:55:26.116757,2026-06-29 19:55:26.116757
553,218,SAVINGS,C,2016-04-17,2020-06-28,23004.68,20704.21,,0.1309,360,2026-06-29 19:55:26.116757,2026-06-29 19:55:26.116757
554,218,CHECKING,O,2022-09-03,,8058.94,7253.05,,0.2242,253,2026-06-29 19:55:26.116757,2026-06-29 19:55:26.116757
555,219,LOAN,F,2024-09-27,,16003.07,0.0,,0.0498,62,2026-06-29 19:55:26.116757,2026-06-29 19:55:26.116757
556,219,CHECKING,O,2015-07-11,,74382.41,66944.17,,0.0988,235,2026-06-29 19:55:26.116757,2026-06-29 19:55:26.116757
557,220,CREDIT,O,2015-09-09,,697.51,14302.49,15000.0,0.1586,345,2026-06-29 19:55:26.116757,2026-06-29 19:55:26.116757
558,220,CHECKING,O,2023-06-17,,46899.29,42209.36,,0.1932,231,2026-06-29 19:55:26.116757,2026-06-29 19:55:26.116757
559,221,SAVINGS,O,2021-07-08,,44034.72,39631.25,,0.1087,300,2026-06-29 19:55:26.116757,2026-06-29 19:55:26.116757
560,221,LOAN,O,2019-01-25,,29492.99,0.0,,0.1275,472,2026-06-29 19:55:26.116757,2026-06-29 19:55:26.116757
561,221,CHECKING,O,2025-12-21,,72769.61,65492.65,,0.1732,89,2026-06-29 19:55:26.116757,2026-06-29 19:55:26.116757
562,221,CREDIT,F,2018-03-29,,517.77,4482.23,5000.0,0.1647,311,2026-06-29 19:55:26.116757,2026-06-29 19:55:26.116757
563,222,LOAN,O,2016-02-27,,17142.16,0.0,,0.2408,497,2026-06-29 19:55:26.116757,2026-06-29 19:55:26.116757
564,222,SAVINGS,O,2017-10-16,,23180.97,20862.87,,0.2013,71,2026-06-29 19:55:26.116757,2026-06-29 19:55:26.116757
565,222,CHECKING,O,2015-06-30,,32726.01,29453.41,,0.1752,384,2026-06-29 19:55:26.116757,2026-06-29 19:55:26.116757
566,223,CREDIT,O,2021-01-31,,1048.56,3951.44,5000.0,0.1788,352,2026-06-29 19:55:26.116757,2026-06-29 19:55:26.116757
567,223,LOAN,O,2021-08-22,,21372.32,0.0,,0.1684,364,2026-06-29 19:55:26.116757,2026-06-29 19:55:26.116757
568,223,CHECKING,O,2021-09-24,,51831.95,46648.75,,0.2395,258,2026-06-29 19:55:26.116757,2026-06-29 19:55:26.116757
569,224,CHECKING,O,2023-10-10,,46415.9,41774.31,,0.2356,364,2026-06-29 19:55:26.116757,2026-06-29 19:55:26.116757
570,224,SAVINGS,O,2022-09-20,,33106.97,29796.27,,0.1871,431,2026-06-29 19:55:26.116757,2026-06-29 19:55:26.116757
571,224,CREDIT,O,2024-08-05,,7148.2,17851.8,25000.0,0.2119,414,2026-06-29 19:55:26.116757,2026-06-29 19:55:26.116757
572,225,CHECKING,O,2022-05-04,,1534.41,1380.97,,0.0372,344,2026-06-29 19:55:26.116757,2026-06-29 19:55:26.116757
573,226,SAVINGS,O,2018-02-01,,20991.75,18892.58,,0.1965,147,2026-06-29 19:55:26.116757,2026-06-29 19:55:26.116757
574,227,SAVINGS,O,2020-08-29,,15922.07,14329.86,,0.1357,184,2026-06-29 19:55:26.116757,2026-06-29 19:55:26.116757
575,227,CHECKING,F,2020-07-24,,65029.11,58526.2,,0.0265,445,2026-06-29 19:55:26.116757,2026-06-29 19:55:26.116757
576,227,LOAN,O,2023-05-28,,40856.03,0.0,,0.1409,115,2026-06-29 19:55:26.116757,2026-06-29 19:55:26.116757
577,228,SAVINGS,O,2018-01-05,,74082.03,66673.83,,0.0975,490,2026-06-29 19:55:26.116757,2026-06-29 19:55:26.116757
578,228,CREDIT,O,2015-02-21,,9658.33,341.67,10000.0,0.0144,381,2026-06-29 19:55:26.116757,2026-06-29 19:55:26.116757
579,228,LOAN,O,2025-03-11,,15829.13,0.0,,0.1555,400,2026-06-29 19:55:26.116757,2026-06-29 19:55:26.116757
580,228,CHECKING,C,2025-11-13,2026-03-05,68765.8,61889.22,,0.1113,116,2026-06-29 19:55:26.116757,2026-06-29 19:55:26.116757
581,229,SAVINGS,O,2015-11-01,,23181.31,20863.18,,0.0452,350,2026-06-29 19:55:26.116757,2026-06-29 19:55:26.116757
582,229,CREDIT,O,2020-06-11,,373.95,1626.05,2000.0,0.0443,264,2026-06-29 19:55:26.116757,2026-06-29 19:55:26.116757
583,229,CHECKING,O,2021-07-27,,9107.98,8197.18,,0.0111,143,2026-06-29 19:55:26.116757,2026-06-29 19:55:26.116757
584,230,SAVINGS,O,2020-10-14,,-45.57,-41.01,,0.1171,480,2026-06-29 19:55:26.116757,2026-06-29 19:55:26.116757
585,230,CHECKING,C,2026-02-21,2026-06-27,11961.86,10765.67,,0.0393,166,2026-06-29 19:55:26.116757,2026-06-29 19:55:26.116757
586,230,LOAN,O,2025-08-15,,36215.94,0.0,,0.1936,321,2026-06-29 19:55:26.116757,2026-06-29 19:55:26.116757
587,231,LOAN,O,2016-01-24,,5299.97,0.0,,0.1771,270,2026-06-29 19:55:26.116757,2026-06-29 19:55:26.116757
588,231,CREDIT,O,2024-10-01,,4784.94,215.06,5000.0,0.1306,403,2026-06-29 19:55:26.116757,2026-06-29 19:55:26.116757
589,231,SAVINGS,F,2021-04-07,,40163.8,36147.42,,0.1045,275,2026-06-29 19:55:26.116757,2026-06-29 19:55:26.116757
590,232,CHECKING,O,2018-11-05,,52898.43,47608.59,,0.0834,151,2026-06-29 19:55:26.116757,2026-06-29 19:55:26.116757
591,232,SAVINGS,C,2022-08-18,2025-07-29,17084.85,15376.36,,0.1883,272,2026-06-29 19:55:26.116757,2026-06-29 19:55:26.116757
592,232,LOAN,O,2025-11-12,,29016.57,0.0,,0.1407,386,2026-06-29 19:55:26.116757,2026-06-29 19:55:26.116757
593,232,CREDIT,O,2023-09-03,,229.44,1770.56,2000.0,0.0871,124,2026-06-29 19:55:26.116757,2026-06-29 19:55:26.116757
594,233,CHECKING,O,2014-09-09,,70795.64,63716.08,,0.0959,408,2026-06-29 19:55:26.116757,2026-06-29 19:55:26.116757
595,233,CREDIT,O,2015-04-18,,771.75,1228.25,2000.0,0.1355,145,2026-06-29 19:55:26.116757,2026-06-29 19:55:26.116757
596,234,CREDIT,O,2017-08-13,,20070.42,4929.58,25000.0,0.1119,23,2026-06-29 19:55:26.116757,2026-06-29 19:55:26.116757
597,235,SAVINGS,O,2014-12-19,,75831.05,68247.95,,0.0427,490,2026-06-29 19:55:26.116757,2026-06-29 19:55:26.116757
598,235,LOAN,O,2015-03-19,,46625.79,0.0,,0.1337,321,2026-06-29 19:55:26.116757,2026-06-29 19:55:26.116757
599,235,CHECKING,O,2023-11-24,,4770.48,4293.43,,0.1678,397,2026-06-29 19:55:26.116757,2026-06-29 19:55:26.116757
600,236,LOAN,O,2020-07-12,,13129.19,0.0,,0.2073,450,2026-06-29 19:55:26.116757,2026-06-29 19:55:26.116757
601,236,CHECKING,O,2021-12-25,,78086.03,70277.43,,0.1939,332,2026-06-29 19:55:26.116757,2026-06-29 19:55:26.116757
602,237,SAVINGS,C,2020-06-18,2022-12-19,1412.11,1270.9,,0.1794,20,2026-06-29 19:55:26.116757,2026-06-29 19:55:26.116757
603,238,CHECKING,O,2022-11-08,,3868.58,3481.72,,0.1987,286,2026-06-29 19:55:26.116757,2026-06-29 19:55:26.116757
604,239,SAVINGS,C,2015-06-22,2021-05-20,72834.42,65550.98,,0.1025,231,2026-06-29 19:55:26.116757,2026-06-29 19:55:26.116757
605,240,LOAN,F,2021-10-31,,40724.63,0.0,,0.1341,329,2026-06-29 19:55:26.116757,2026-06-29 19:55:26.116757
606,240,SAVINGS,O,2017-10-18,,57483.0,51734.7,,0.0167,382,2026-06-29 19:55:26.116757,2026-06-29 19:55:26.116757
607,240,CHECKING,O,2018-03-09,,46641.45,41977.31,,0.1754,38,2026-06-29 19:55:26.116757,2026-06-29 19:55:26.116757
608,240,CREDIT,O,2020-08-01,,9280.48,719.52,10000.0,0.0274,403,2026-06-29 19:55:26.116757,2026-06-29 19:55:26.116757
609,241,CHECKING,O,2016-11-29,,30203.79,27183.41,,0.2056,16,2026-06-29 19:55:26.116757,2026-06-29 19:55:26.116757
610,241,SAVINGS,O,2024-02-14,,37656.01,33890.41,,0.1338,70,2026-06-29 19:55:26.116757,2026-06-29 19:55:26.116757
611,241,CREDIT,O,2020-11-18,,11951.56,3048.44,15000.0,0.2124,152,2026-06-29 19:55:26.116757,2026-06-29 19:55:26.116757
612,242,CREDIT,O,2019-02-23,,9573.92,426.08,10000.0,0.0038,448,2026-06-29 19:55:26.116757,2026-06-29 19:55:26.116757
613,242,LOAN,O,2022-01-19,,33749.11,0.0,,0.0317,3,2026-06-29 19:55:26.116757,2026-06-29 19:55:26.116757
614,243,CHECKING,O,2024-06-08,,16544.82,14890.34,,0.2264,436,2026-06-29 19:55:26.116757,2026-06-29 19:55:26.116757
615,243,SAVINGS,O,2022-08-10,,40760.49,36684.44,,0.0411,114,2026-06-29 19:55:26.116757,2026-06-29 19:55:26.116757
616,243,LOAN,O,2015-04-12,,37396.21,0.0,,0.0639,59,2026-06-29 19:55:26.116757,2026-06-29 19:55:26.116757
617,243,CREDIT,O,2022-10-26,,3354.89,1645.11,5000.0,0.1422,28,2026-06-29 19:55:26.116757,2026-06-29 19:55:26.116757
618,244,CHECKING,O,2023-03-11,,7405.29,6664.76,,0.1816,250,2026-06-29 19:55:26.116757,2026-06-29 19:55:26.116757
619,244,SAVINGS,O,2024-07-30,,76098.96,68489.06,,0.0899,344,2026-06-29 19:55:26.116757,2026-06-29 19:55:26.116757
620,244,LOAN,O,2015-03-08,,39672.91,0.0,,0.0259,318,2026-06-29 19:55:26.116757,2026-06-29 19:55:26.116757
621,244,CREDIT,O,2015-07-09,,1800.24,199.76,2000.0,0.0801,231,2026-06-29 19:55:26.116757,2026-06-29 19:55:26.116757
622,245,CREDIT,C,2019-09-02,2022-10-05,14171.55,10828.45,25000.0,0.202,491,2026-06-29 19:55:26.116757,2026-06-29 19:55:26.116757
623,245,LOAN,O,2021-09-30,,26270.14,0.0,,0.0022,127,2026-06-29 19:55:26.116757,2026-06-29 19:55:26.116757
624,245,CHECKING,O,2018-03-06,,62745.64,56471.08,,0.1783,329,2026-06-29 19:55:26.116757,2026-06-29 19:55:26.116757
625,246,CREDIT,O,2023-05-01,,6942.73,8057.27,15000.0,0.0903,157,2026-06-29 19:55:26.116757,2026-06-29 19:55:26.116757
626,246,SAVINGS,O,2023-04-27,,38701.2,34831.08,,0.0281,331,2026-06-29 19:55:26.116757,2026-06-29 19:55:26.116757
627,246,CHECKING,O,2015-11-30,,48333.53,43500.18,,0.2105,440,2026-06-29 19:55:26.116757,2026-06-29 19:55:26.116757
628,246,LOAN,O,2022-12-05,,49760.18,0.0,,0.2228,101,2026-06-29 19:55:26.116757,2026-06-29 19:55:26.116757
629,247,CHECKING,O,2022-11-07,,71314.47,64183.02,,0.2125,324,2026-06-29 19:55:26.116757,2026-06-29 19:55:26.116757
630,247,CREDIT,O,2016-06-11,,1625.28,374.72,2000.0,0.1451,394,2026-06-29 19:55:26.116757,2026-06-29 19:55:26.116757
631,247,LOAN,O,2025-11-06,,35812.14,0.0,,0.2266,283,2026-06-29 19:55:26.116757,2026-06-29 19:55:26.116757
632,248,LOAN,O,2020-09-21,,22583.3,0.0,,0.0566,396,2026-06-29 19:55:26.116757,2026-06-29 19:55:26.116757
633,248,CREDIT,O,2023-10-28,,18330.67,6669.33,25000.0,0.0734,238,2026-06-29 19:55:26.116757,2026-06-29 19:55:26.116757
634,248,CHECKING,O,2023-01-30,,39840.42,35856.38,,0.0235,187,2026-06-29 19:55:26.116757,2026-06-29 19:55:26.116757
635,249,SAVINGS,O,2016-06-24,,67762.54,60986.29,,0.2017,315,2026-06-29 19:55:26.116757,2026-06-29 19:55:26.116757
636,250,SAVINGS,O,2016-01-02,,12317.4,11085.66,,0.142,290,2026-06-29 19:55:26.116757,2026-06-29 19:55:26.116757
637,250,LOAN,O,2023-10-20,,39905.39,0.0,,0.2419,377,2026-06-29 19:55:26.116757,2026-06-29 19:55:26.116757
638,251,CREDIT,O,2017-09-10,,314.31,4685.69,5000.0,0.093,22,2026-06-29 19:55:26.116757,2026-06-29 19:55:26.116757
639,251,CHECKING,O,2025-01-20,,53321.14,47989.03,,0.1299,406,2026-06-29 19:55:26.116757,2026-06-29 19:55:26.116757
640,251,LOAN,O,2023-09-08,,22313.83,0.0,,0.1179,233,2026-06-29 19:55:26.116757,2026-06-29 19:55:26.116757
641,251,SAVINGS,O,2014-11-03,,70464.93,63418.44,,0.0109,333,2026-06-29 19:55:26.116757,2026-06-29 19:55:26.116757
642,252,CHECKING,O,2024-02-10,,66707.22,60036.5,,0.0665,279,2026-06-29 19:55:26.116757,2026-06-29 19:55:26.116757
643,252,CREDIT,O,2017-09-24,,4346.25,20653.75,25000.0,0.1637,188,2026-06-29 19:55:26.116757,2026-06-29 19:55:26.116757
644,252,SAVINGS,O,2015-04-03,,46808.15,42127.33,,0.2246,40,2026-06-29 19:55:26.116757,2026-06-29 19:55:26.116757
645,253,LOAN,O,2022-12-24,,21820.98,0.0,,0.217,250,2026-06-29 19:55:26.116757,2026-06-29 19:55:26.116757
646,253,CHECKING,O,2021-05-13,,63308.93,56978.04,,0.2218,4,2026-06-29 19:55:26.116757,2026-06-29 19:55:26.116757
647,253,SAVINGS,O,2015-05-30,,39897.88,35908.09,,0.0356,85,2026-06-29 19:55:26.116757,2026-06-29 19:55:26.116757
648,254,CHECKING,O,2019-12-01,,51299.9,46169.91,,0.0536,96,2026-06-29 19:55:26.116757,2026-06-29 19:55:26.116757
649,254,CREDIT,O,2018-10-13,,1811.11,3188.89,5000.0,0.1795,61,2026-06-29 19:55:26.116757,2026-06-29 19:55:26.116757
650,255,LOAN,O,2020-06-11,,43495.08,0.0,,0.1208,246,2026-06-29 19:55:26.116757,2026-06-29 19:55:26.116757
651,255,SAVINGS,O,2021-03-31,,38061.2,34255.08,,0.148,332,2026-06-29 19:55:26.116757,2026-06-29 19:55:26.116757
652,256,CHECKING,O,2018-11-15,,45665.66,41099.09,,0.0411,323,2026-06-29 19:55:26.116757,2026-06-29 19:55:26.116757
653,256,LOAN,O,2017-07-13,,31245.93,0.0,,0.2227,76,2026-06-29 19:55:26.116757,2026-06-29 19:55:26.116757
654,256,CREDIT,O,2015-09-19,,332.68,1667.32,2000.0,0.2306,265,2026-06-29 19:55:26.116757,2026-06-29 19:55:26.116757
655,256,SAVINGS,O,2021-05-01,,76638.19,68974.37,,0.1502,289,2026-06-29 19:55:26.116757,2026-06-29 19:55:26.116757
656,257,CREDIT,O,2023-02-08,,433.19,1566.81,2000.0,0.152,242,2026-06-29 19:55:26.116757,2026-06-29 19:55:26.116757
657,258,SAVINGS,O,2017-03-19,,63466.59,57119.93,,0.2052,94,2026-06-29 19:55:26.116757,2026-06-29 19:55:26.116757
658,258,CHECKING,O,2020-07-21,,49668.54,44701.69,,0.1281,86,2026-06-29 19:55:26.116757,2026-06-29 19:55:26.116757
659,258,LOAN,O,2015-01-06,,43727.02,0.0,,0.0863,233,2026-06-29 19:55:26.116757,2026-06-29 19:55:26.116757
660,258,CREDIT,O,2024-10-10,,14764.9,10235.1,25000.0,0.0582,198,2026-06-29 19:55:26.116757,2026-06-29 19:55:26.116757
661,259,CHECKING,O,2017-05-28,,15789.06,14210.15,,0.215,259,2026-06-29 19:55:26.116757,2026-06-29 19:55:26.116757
662,259,LOAN,O,2020-02-11,,41377.7,0.0,,0.2067,311,2026-06-29 19:55:26.116757,2026-06-29 19:55:26.116757
663,260,SAVINGS,O,2019-01-21,,37807.47,34026.72,,0.154,20,2026-06-29 19:55:26.116757,2026-06-29 19:55:26.116757
664,261,CHECKING,O,2016-04-12,,38320.4,34488.36,,0.0334,309,2026-06-29 19:55:26.116757,2026-06-29 19:55:26.116757
665,262,LOAN,O,2025-08-03,,31800.61,0.0,,0.0932,23,2026-06-29 19:55:26.116757,2026-06-29 19:55:26.116757
666,263,SAVINGS,O,2024-09-16,,46918.37,42226.53,,0.1855,390,2026-06-29 19:55:26.116757,2026-06-29 19:55:26.116757
667,263,LOAN,O,2021-01-29,,50394.24,0.0,,0.1444,218,2026-06-29 19:55:26.116757,2026-06-29 19:55:26.116757
668,263,CREDIT,O,2025-05-20,,1272.59,3727.41,5000.0,0.1916,466,2026-06-29 19:55:26.116757,2026-06-29 19:55:26.116757
669,263,CHECKING,O,2023-04-27,,68653.79,61788.41,,0.0715,449,2026-06-29 19:55:26.116757,2026-06-29 19:55:26.116757
670,264,CREDIT,O,2019-06-28,,13063.52,11936.48,25000.0,0.1304,193,2026-06-29 19:55:26.116757,2026-06-29 19:55:26.116757
671,264,CHECKING,O,2018-04-29,,52190.96,46971.86,,0.1722,162,2026-06-29 19:55:26.116757,2026-06-29 19:55:26.116757
672,264,LOAN,F,2019-06-14,,25121.86,0.0,,0.0275,219,2026-06-29 19:55:26.116757,2026-06-29 19:55:26.116757
673,264,SAVINGS,O,2023-01-28,,51951.86,46756.67,,0.0641,438,2026-06-29 19:55:26.116757,2026-06-29 19:55:26.116757
674,265,CREDIT,O,2017-09-21,,2066.14,2933.86,5000.0,0.1961,248,2026-06-29 19:55:26.116757,2026-06-29 19:55:26.116757
675,265,LOAN,O,2015-06-03,,11544.46,0.0,,0.1402,248,2026-06-29 19:55:26.116757,2026-06-29 19:55:26.116757
676,265,SAVINGS,O,2018-12-07,,19929.1,17936.19,,0.0773,177,2026-06-29 19:55:26.116757,2026-06-29 19:55:26.116757
677,265,CHECKING,O,2020-06-22,,61822.66,55640.39,,0.1001,71,2026-06-29 19:55:26.116757,2026-06-29 19:55:26.116757
678,266,SAVINGS,O,2025-03-29,,35450.89,31905.8,,0.1751,83,2026-06-29 19:55:26.116757,2026-06-29 19:55:26.116757
679,267,SAVINGS,O,2016-08-17,,40421.66,36379.49,,0.1967,411,2026-06-29 19:55:26.116757,2026-06-29 19:55:26.116757
680,268,SAVINGS,O,2024-01-29,,30822.85,27740.56,,0.1593,412,2026-06-29 19:55:26.116757,2026-06-29 19:55:26.116757
681,269,SAVINGS,C,2026-03-10,2026-06-23,37469.33,33722.4,,0.1504,46,2026-06-29 19:55:26.116757,2026-06-29 19:55:26.116757
682,270,CREDIT,O,2015-04-25,,1854.18,3145.82,5000.0,0.1526,371,2026-06-29 19:55:26.116757,2026-06-29 19:55:26.116757
683,271,LOAN,O,2020-01-13,,56797.24,0.0,,0.2052,328,2026-06-29 19:55:26.116757,2026-06-29 19:55:26.116757
684,271,CREDIT,C,2017-11-08,2025-02-24,6584.58,8415.42,15000.0,0.0512,337,2026-06-29 19:55:26.116757,2026-06-29 19:55:26.116757
685,271,SAVINGS,O,2018-05-23,,74426.06,66983.45,,0.13,100,2026-06-29 19:55:26.116757,2026-06-29 19:55:26.116757
686,271,CHECKING,C,2021-01-30,2021-02-14,2205.55,1985.0,,0.1502,265,2026-06-29 19:55:26.116757,2026-06-29 19:55:26.116757
687,272,SAVINGS,O,2016-11-18,,2402.92,2162.63,,0.0606,1,2026-06-29 19:55:26.116757,2026-06-29 19:55:26.116757
688,272,CREDIT,O,2021-03-18,,434.21,4565.79,5000.0,0.0697,205,2026-06-29 19:55:26.116757,2026-06-29 19:55:26.116757
689,273,LOAN,O,2018-02-10,,31546.82,0.0,,0.1844,36,2026-06-29 19:55:26.116757,2026-06-29 19:55:26.116757
690,273,SAVINGS,O,2021-11-29,,73493.78,66144.4,,0.1378,372,2026-06-29 19:55:26.116757,2026-06-29 19:55:26.116757
691,273,CHECKING,O,2020-01-08,,66296.07,59666.46,,0.2287,179,2026-06-29 19:55:26.116757,2026-06-29 19:55:26.116757
692,274,CREDIT,O,2021-07-17,,13945.71,1054.29,15000.0,0.1441,134,2026-06-29 19:55:26.116757,2026-06-29 19:55:26.116757
693,274,CHECKING,O,2020-05-15,,13590.3,12231.27,,0.127,287,2026-06-29 19:55:26.116757,2026-06-29 19:55:26.116757
694,274,LOAN,O,2023-09-13,,5270.77,0.0,,0.0742,485,2026-06-29 19:55:26.116757,2026-06-29 19:55:26.116757
695,275,CREDIT,O,2016-10-26,,20328.68,4671.32,25000.0,0.1441,356,2026-06-29 19:55:26.116757,2026-06-29 19:55:26.116757
696,276,LOAN,O,2025-03-22,,45690.92,0.0,,0.2403,235,2026-06-29 19:55:26.116757,2026-06-29 19:55:26.116757
697,276,CREDIT,F,2023-07-22,,13447.86,1552.14,15000.0,0.2156,247,2026-06-29 19:55:26.116757,2026-06-29 19:55:26.116757
698,276,SAVINGS,C,2017-05-31,2017-06-21,8859.6,7973.64,,0.0178,325,2026-06-29 19:55:26.116757,2026-06-29 19:55:26.116757
699,276,CHECKING,O,2019-05-18,,62986.81,56688.13,,0.0559,360,2026-06-29 19:55:26.116757,2026-06-29 19:55:26.116757
700,277,CREDIT,O,2017-04-08,,5165.04,4834.96,10000.0,0.0034,427,2026-06-29 19:55:26.116757,2026-06-29 19:55:26.116757
701,277,SAVINGS,O,2018-08-14,,20699.65,18629.69,,0.0725,205,2026-06-29 19:55:26.116757,2026-06-29 19:55:26.116757
702,278,CHECKING,O,2024-06-30,,37862.71,34076.44,,0.089,458,2026-06-29 19:55:26.116757,2026-06-29 19:55:26.116757
703,278,CREDIT,O,2024-12-11,,6726.89,18273.11,25000.0,0.2367,350,2026-06-29 19:55:26.116757,2026-06-29 19:55:26.116757
704,278,LOAN,O,2025-10-28,,55885.06,0.0,,0.0483,378,2026-06-29 19:55:26.116757,2026-06-29 19:55:26.116757
705,279,SAVINGS,O,2014-07-05,,18985.55,17086.99,,0.0671,118,2026-06-29 19:55:26.116757,2026-06-29 19:55:26.116757
706,279,CREDIT,O,2022-04-29,,4174.7,825.3,5000.0,0.2092,183,2026-06-29 19:55:26.116757,2026-06-29 19:55:26.116757
707,280,CHECKING,O,2024-08-10,,73575.14,66217.63,,0.1692,340,2026-06-29 19:55:26.116757,2026-06-29 19:55:26.116757
708,280,LOAN,O,2023-02-27,,30067.23,0.0,,0.0026,439,2026-06-29 19:55:26.116757,2026-06-29 19:55:26.116757
709,281,LOAN,O,2015-09-24,,22900.6,0.0,,0.0795,460,2026-06-29 19:55:26.116757,2026-06-29 19:55:26.116757
710,282,LOAN,F,2020-10-21,,24474.89,0.0,,0.1877,66,2026-06-29 19:55:26.116757,2026-06-29 19:55:26.116757
711,282,CHECKING,O,2017-04-30,,3858.93,3473.04,,0.1999,245,2026-06-29 19:55:26.116757,2026-06-29 19:55:26.116757
712,282,SAVINGS,O,2020-05-09,,75142.18,67627.96,,0.0091,178,2026-06-29 19:55:26.116757,2026-06-29 19:55:26.116757
713,283,SAVINGS,O,2015-03-16,,24909.93,22418.94,,0.0031,346,2026-06-29 19:55:26.116757,2026-06-29 19:55:26.116757
714,283,LOAN,O,2026-05-16,,13434.39,0.0,,0.1456,167,2026-06-29 19:55:26.116757,2026-06-29 19:55:26.116757
715,283,CHECKING,O,2022-12-21,,28608.99,25748.09,,0.2155,96,2026-06-29 19:55:26.116757,2026-06-29 19:55:26.116757
716,283,CREDIT,O,2015-08-07,,6571.23,18428.77,25000.0,0.0681,491,2026-06-29 19:55:26.116757,2026-06-29 19:55:26.116757
717,284,CREDIT,O,2025-06-21,,3157.99,11842.01,15000.0,0.1754,191,2026-06-29 19:55:26.116757,2026-06-29 19:55:26.116757
718,284,CHECKING,O,2025-03-08,,28888.78,25999.9,,0.1007,231,2026-06-29 19:55:26.116757,2026-06-29 19:55:26.116757
719,284,SAVINGS,O,2020-09-07,,13981.08,12582.97,,0.0336,295,2026-06-29 19:55:26.116757,2026-06-29 19:55:26.116757
720,285,CHECKING,O,2022-11-04,,21230.9,19107.81,,0.0597,222,2026-06-29 19:55:26.116757,2026-06-29 19:55:26.116757
721,285,CREDIT,C,2018-12-06,2026-04-19,2940.95,12059.05,15000.0,0.2001,379,2026-06-29 19:55:26.116757,2026-06-29 19:55:26.116757
722,286,LOAN,O,2015-07-03,,11419.83,0.0,,0.1253,458,2026-06-29 19:55:26.116757,2026-06-29 19:55:26.116757
723,286,CHECKING,O,2015-08-19,,67875.89,61088.3,,0.1297,369,2026-06-29 19:55:26.116757,2026-06-29 19:55:26.116757
724,287,LOAN,C,2016-01-31,2024-08-13,34166.17,0.0,,0.1423,204,2026-06-29 19:55:26.116757,2026-06-29 19:55:26.116757
725,287,SAVINGS,O,2015-05-20,,7467.47,6720.72,,0.0417,111,2026-06-29 19:55:26.116757,2026-06-29 19:55:26.116757
726,287,CREDIT,O,2021-04-04,,4765.39,5234.61,10000.0,0.1578,231,2026-06-29 19:55:26.116757,2026-06-29 19:55:26.116757
727,288,CREDIT,O,2019-09-04,,13937.29,11062.71,25000.0,0.2026,177,2026-06-29 19:55:26.116757,2026-06-29 19:55:26.116757
728,288,SAVINGS,O,2025-12-25,,1096.74,987.07,,0.0312,445,2026-06-29 19:55:26.116757,2026-06-29 19:55:26.116757
729,288,LOAN,F,2017-04-24,,41095.57,0.0,,0.1517,296,2026-06-29 19:55:26.116757,2026-06-29 19:55:26.116757
730,289,CREDIT,O,2017-08-08,,6731.93,3268.07,10000.0,0.1223,378,2026-06-29 19:55:26.116757,2026-06-29 19:55:26.116757
731,289,SAVINGS,O,2018-03-31,,35477.87,31930.08,,0.0205,315,2026-06-29 19:55:26.116757,2026-06-29 19:55:26.116757
732,290,LOAN,O,2024-01-13,,52227.2,0.0,,0.1604,476,2026-06-29 19:55:26.116757,2026-06-29 19:55:26.116757
733,290,CREDIT,O,2022-11-04,,4218.16,5781.84,10000.0,0.1534,208,2026-06-29 19:55:26.116757,2026-06-29 19:55:26.116757
734,290,CHECKING,O,2023-04-03,,67836.51,61052.86,,0.0188,83,2026-06-29 19:55:26.116757,2026-06-29 19:55:26.116757
735,291,SAVINGS,O,2018-04-13,,52067.55,46860.8,,0.1778,310,2026-06-29 19:55:26.116757,2026-06-29 19:55:26.116757
736,291,LOAN,O,2017-09-24,,39034.01,0.0,,0.0685,228,2026-06-29 19:55:26.116757,2026-06-29 19:55:26.116757
737,291,CREDIT,O,2015-05-20,,7478.95,2521.05,10000.0,0.1307,231,2026-06-29 19:55:26.116757,2026-06-29 19:55:26.116757
738,292,SAVINGS,O,2016-11-27,,58085.68,52277.11,,0.1658,482,2026-06-29 19:55:26.116757,2026-06-29 19:55:26.116757
739,292,CHECKING,C,2023-10-15,2025-05-14,59381.97,53443.77,,0.1876,108,2026-06-29 19:55:26.116757,2026-06-29 19:55:26.116757
740,292,CREDIT,O,2016-05-05,,1985.23,3014.77,5000.0,0.0248,480,2026-06-29 19:55:26.116757,2026-06-29 19:55:26.116757
741,292,LOAN,O,2016-06-13,,52842.77,0.0,,0.1375,14,2026-06-29 19:55:26.116757,2026-06-29 19:55:26.116757
742,293,CHECKING,O,2020-01-17,,6287.06,5658.35,,0.2329,200,2026-06-29 19:55:26.116757,2026-06-29 19:55:26.116757
743,293,LOAN,O,2019-05-03,,19252.87,0.0,,0.0626,146,2026-06-29 19:55:26.116757,2026-06-29 19:55:26.116757
744,293,SAVINGS,O,2020-11-16,,35174.41,31656.97,,0.0325,270,2026-06-29 19:55:26.116757,2026-06-29 19:55:26.116757
745,293,CREDIT,O,2025-12-27,,142.86,4857.14,5000.0,0.1662,441,2026-06-29 19:55:26.116757,2026-06-29 19:55:26.116757
746,294,LOAN,O,2016-12-18,,33364.17,0.0,,0.0346,486,2026-06-29 19:55:26.116757,2026-06-29 19:55:26.116757
747,294,SAVINGS,O,2018-03-02,,55658.64,50092.78,,0.0451,306,2026-06-29 19:55:26.116757,2026-06-29 19:55:26.116757
748,294,CREDIT,O,2017-08-25,,9465.71,5534.29,15000.0,0.1593,289,2026-06-29 19:55:26.116757,2026-06-29 19:55:26.116757
749,295,CREDIT,C,2015-12-02,2017-08-01,883.72,1116.28,2000.0,0.092,134,2026-06-29 19:55:26.116757,2026-06-29 19:55:26.116757
750,295,SAVINGS,O,2022-09-01,,12035.26,10831.73,,0.0036,268,2026-06-29 19:55:26.116757,2026-06-29 19:55:26.116757
751,295,LOAN,O,2024-05-04,,49107.41,0.0,,0.2121,177,2026-06-29 19:55:26.116757,2026-06-29 19:55:26.116757
752,295,CHECKING,O,2022-10-18,,22584.36,20325.92,,0.1342,353,2026-06-29 19:55:26.116757,2026-06-29 19:55:26.116757
753,296,LOAN,O,2014-12-21,,48079.92,0.0,,0.1496,408,2026-06-29 19:55:26.116757,2026-06-29 19:55:26.116757
754,296,SAVINGS,O,2024-06-14,,81.05,72.94,,0.094,211,2026-06-29 19:55:26.116757,2026-06-29 19:55:26.116757
755,296,CHECKING,O,2018-05-25,,70514.05,63462.65,,0.1098,128,2026-06-29 19:55:26.116757,2026-06-29 19:55:26.116757
756,296,CREDIT,O,2015-07-31,,3574.69,1425.31,5000.0,0.1618,425,2026-06-29 19:55:26.116757,2026-06-29 19:55:26.116757
757,297,SAVINGS,O,2017-06-13,,49838.5,44854.65,,0.1296,410,2026-06-29 19:55:26.116757,2026-06-29 19:55:26.116757
758,297,LOAN,O,2018-09-24,,54687.31,0.0,,0.202,351,2026-06-29 19:55:26.116757,2026-06-29 19:55:26.116757
759,297,CHECKING,O,2020-08-11,,21385.14,19246.63,,0.1624,273,2026-06-29 19:55:26.116757,2026-06-29 19:55:26.116757
760,297,CREDIT,O,2022-07-24,,4129.04,5870.96,10000.0,0.2134,94,2026-06-29 19:55:26.116757,2026-06-29 19:55:26.116757
761,298,CREDIT,O,2017-08-04,,9265.94,5734.06,15000.0,0.0687,319,2026-06-29 19:55:26.116757,2026-06-29 19:55:26.116757
762,298,CHECKING,O,2026-04-19,,39105.68,35195.11,,0.0808,78,2026-06-29 19:55:26.116757,2026-06-29 19:55:26.116757
763,299,CHECKING,O,2014-11-11,,14467.98,13021.18,,0.0265,138,2026-06-29 19:55:26.116757,2026-06-29 19:55:26.116757
764,300,LOAN,O,2019-04-24,,1484.04,0.0,,0.0235,8,2026-06-29 19:55:26.116757,2026-06-29 19:55:26.116757
765,300,CREDIT,O,2019-11-18,,3257.82,11742.18,15000.0,0.1056,403,2026-06-29 19:55:26.116757,2026-06-29 19:55:26.116757
766,301,CREDIT,O,2023-05-29,,1687.09,312.91,2000.0,0.2379,29,2026-06-29 19:55:26.116757,2026-06-29 19:55:26.116757
767,301,SAVINGS,O,2017-06-20,,20953.54,18858.19,,0.0987,279,2026-06-29 19:55:26.116757,2026-06-29 19:55:26.116757
768,301,CHECKING,O,2019-12-31,,37346.82,33612.14,,0.0488,431,2026-06-29 19:55:26.116757,2026-06-29 19:55:26.116757
769,301,LOAN,O,2024-01-27,,15754.69,0.0,,0.096,7,2026-06-29 19:55:26.116757,2026-06-29 19:55:26.116757
770,302,SAVINGS,O,2016-02-27,,30476.23,27428.61,,0.2437,127,2026-06-29 19:55:26.116757,2026-06-29 19:55:26.116757
771,303,SAVINGS,O,2014-08-20,,36597.19,32937.47,,0.1929,267,2026-06-29 19:55:26.116757,2026-06-29 19:55:26.116757
772,304,LOAN,O,2024-05-21,,41205.1,0.0,,0.0787,166,2026-06-29 19:55:26.116757,2026-06-29 19:55:26.116757
773,304,SAVINGS,O,2026-03-15,,12268.22,11041.4,,0.1823,382,2026-06-29 19:55:26.116757,2026-06-29 19:55:26.116757
774,305,CREDIT,O,2016-01-19,,9577.8,5422.2,15000.0,0.0505,455,2026-06-29 19:55:26.116757,2026-06-29 19:55:26.116757
775,306,SAVINGS,O,2024-04-22,,77848.56,70063.7,,0.0597,223,2026-06-29 19:55:26.116757,2026-06-29 19:55:26.116757
776,307,CHECKING,O,2018-12-05,,46568.1,41911.29,,0.0995,125,2026-06-29 19:55:26.116757,2026-06-29 19:55:26.116757
777,307,LOAN,O,2022-01-01,,1526.86,0.0,,0.0115,402,2026-06-29 19:55:26.116757,2026-06-29 19:55:26.116757
778,307,SAVINGS,F,2022-03-05,,55105.49,49594.94,,0.1723,80,2026-06-29 19:55:26.116757,2026-06-29 19:55:26.116757
779,308,CHECKING,O,2021-06-06,,39743.5,35769.15,,0.1717,174,2026-06-29 19:55:26.116757,2026-06-29 19:55:26.116757
780,308,LOAN,O,2017-07-29,,55920.08,0.0,,0.2491,321,2026-06-29 19:55:26.116757,2026-06-29 19:55:26.116757
781,308,CREDIT,O,2024-03-05,,119.55,1880.45,2000.0,0.1614,360,2026-06-29 19:55:26.116757,2026-06-29 19:55:26.116757
782,309,SAVINGS,O,2014-10-01,,38771.35,34894.21,,0.0798,286,2026-06-29 19:55:26.116757,2026-06-29 19:55:26.116757
783,310,LOAN,O,2015-04-05,,2259.82,0.0,,0.095,371,2026-06-29 19:55:26.116757,2026-06-29 19:55:26.116757
784,310,CREDIT,O,2025-03-31,,1253.48,3746.52,5000.0,0.0108,362,2026-06-29 19:55:26.116757,2026-06-29 19:55:26.116757
785,310,CHECKING,O,2019-10-11,,34718.75,31246.88,,0.0744,357,2026-06-29 19:55:26.116757,2026-06-29 19:55:26.116757
786,311,SAVINGS,O,2016-01-10,,25556.31,23000.68,,0.1176,445,2026-06-29 19:55:26.116757,2026-06-29 19:55:26.116757
787,311,CREDIT,O,2025-04-11,,22861.85,2138.15,25000.0,0.139,36,2026-06-29 19:55:26.116757,2026-06-29 19:55:26.116757
788,311,CHECKING,O,2024-05-17,,42256.56,38030.9,,0.1129,420,2026-06-29 19:55:26.116757,2026-06-29 19:55:26.116757
789,311,LOAN,O,2018-06-11,,16537.61,0.0,,0.0924,1,2026-06-29 19:55:26.116757,2026-06-29 19:55:26.116757
790,312,SAVINGS,O,2014-12-31,,25315.87,22784.28,,0.0168,496,2026-06-29 19:55:26.116757,2026-06-29 19:55:26.116757
791,312,CHECKING,O,2019-12-26,,42886.0,38597.4,,0.0974,269,2026-06-29 19:55:26.116757,2026-06-29 19:55:26.116757
792,312,LOAN,O,2016-06-29,,41310.23,0.0,,0.1916,79,2026-06-29 19:55:26.116757,2026-06-29 19:55:26.116757
793,312,CREDIT,O,2021-05-01,,7078.23,17921.77,25000.0,0.103,165,2026-06-29 19:55:26.116757,2026-06-29 19:55:26.116757
794,313,CHECKING,O,2024-04-13,,41617.64,37455.88,,0.0176,428,2026-06-29 19:55:26.116757,2026-06-29 19:55:26.116757
795,314,SAVINGS,O,2019-03-14,,15767.36,14190.62,,0.1218,51,2026-06-29 19:55:26.116757,2026-06-29 19:55:26.116757
796,314,CHECKING,O,2014-11-04,,2061.28,1855.15,,0.1607,199,2026-06-29 19:55:26.116757,2026-06-29 19:55:26.116757
797,315,CREDIT,O,2022-08-20,,17946.13,7053.87,25000.0,0.0043,472,2026-06-29 19:55:26.116757,2026-06-29 19:55:26.116757
798,315,CHECKING,O,2016-07-20,,16303.42,14673.08,,0.1233,456,2026-06-29 19:55:26.116757,2026-06-29 19:55:26.116757
799,315,SAVINGS,O,2017-01-18,,66482.25,59834.03,,0.1175,328,2026-06-29 19:55:26.116757,2026-06-29 19:55:26.116757
800,315,LOAN,O,2016-09-20,,4581.31,0.0,,0.1399,481,2026-06-29 19:55:26.116757,2026-06-29 19:55:26.116757
801,316,CREDIT,O,2017-10-29,,1016.33,23983.67,25000.0,0.0185,156,2026-06-29 19:55:26.116757,2026-06-29 19:55:26.116757
802,316,LOAN,C,2025-01-07,2025-01-25,5598.19,0.0,,0.0547,266,2026-06-29 19:55:26.116757,2026-06-29 19:55:26.116757
803,316,CHECKING,O,2021-11-14,,7318.1,6586.29,,0.1815,273,2026-06-29 19:55:26.116757,2026-06-29 19:55:26.116757
804,316,SAVINGS,O,2017-06-02,,30519.15,27467.24,,0.0491,337,2026-06-29 19:55:26.116757,2026-06-29 19:55:26.116757
805,317,SAVINGS,O,2018-01-03,,59810.15,53829.14,,0.1043,55,2026-06-29 19:55:26.116757,2026-06-29 19:55:26.116757
806,317,CREDIT,O,2019-05-27,,8949.08,16050.92,25000.0,0.1152,341,2026-06-29 19:55:26.116757,2026-06-29 19:55:26.116757
807,318,CHECKING,O,2021-01-20,,40127.77,36114.99,,0.1647,274,2026-06-29 19:55:26.116757,2026-06-29 19:55:26.116757
808,318,LOAN,O,2015-03-21,,59907.58,0.0,,0.1113,181,2026-06-29 19:55:26.116757,2026-06-29 19:55:26.116757
809,318,CREDIT,O,2017-10-28,,5500.81,4499.19,10000.0,0.2491,433,2026-06-29 19:55:26.116757,2026-06-29 19:55:26.116757
810,318,SAVINGS,O,2016-02-16,,29423.42,26481.08,,0.1912,221,2026-06-29 19:55:26.116757,2026-06-29 19:55:26.116757
811,319,SAVINGS,O,2016-11-13,,29692.58,26723.32,,0.138,382,2026-06-29 19:55:26.116757,2026-06-29 19:55:26.116757
812,319,CREDIT,O,2025-01-12,,3600.09,6399.91,10000.0,0.1136,492,2026-06-29 19:55:26.116757,2026-06-29 19:55:26.116757
813,319,CHECKING,O,2020-10-03,,31465.79,28319.21,,0.1818,146,2026-06-29 19:55:26.116757,2026-06-29 19:55:26.116757
814,320,SAVINGS,O,2022-01-03,,79469.67,71522.7,,0.0761,154,2026-06-29 19:55:26.116757,2026-06-29 19:55:26.116757
815,321,SAVINGS,O,2024-01-19,,1246.96,1122.26,,0.2056,354,2026-06-29 19:55:26.116757,2026-06-29 19:55:26.116757
816,321,LOAN,O,2023-12-18,,49517.91,0.0,,0.2298,262,2026-06-29 19:55:26.116757,2026-06-29 19:55:26.116757
817,322,CHECKING,O,2026-04-13,,36559.77,32903.79,,0.0399,136,2026-06-29 19:55:26.116757,2026-06-29 19:55:26.116757
818,322,LOAN,O,2023-10-23,,22657.89,0.0,,0.1459,120,2026-06-29 19:55:26.116757,2026-06-29 19:55:26.116757
819,323,CREDIT,O,2018-10-09,,22947.05,2052.95,25000.0,0.1838,371,2026-06-29 19:55:26.116757,2026-06-29 19:55:26.116757
820,323,CHECKING,O,2020-12-24,,25637.71,23073.94,,0.1211,250,2026-06-29 19:55:26.116757,2026-06-29 19:55:26.116757
821,323,SAVINGS,O,2020-04-07,,65969.27,59372.34,,0.1726,296,2026-06-29 19:55:26.116757,2026-06-29 19:55:26.116757
822,324,CREDIT,O,2025-05-14,,1461.58,538.42,2000.0,0.1444,41,2026-06-29 19:55:26.116757,2026-06-29 19:55:26.116757
823,325,CREDIT,O,2020-06-23,,8797.93,1202.07,10000.0,0.1091,477,2026-06-29 19:55:26.116757,2026-06-29 19:55:26.116757
824,326,SAVINGS,O,2019-02-13,,59688.13,53719.32,,0.2124,476,2026-06-29 19:55:26.116757,2026-06-29 19:55:26.116757
825,327,LOAN,F,2016-08-19,,4193.55,0.0,,0.1315,164,2026-06-29 19:55:26.116757,2026-06-29 19:55:26.116757
826,328,CREDIT,O,2018-04-17,,765.99,4234.01,5000.0,0.1687,202,2026-06-29 19:55:26.116757,2026-06-29 19:55:26.116757
827,328,LOAN,O,2017-02-06,,58291.37,0.0,,0.1884,295,2026-06-29 19:55:26.116757,2026-06-29 19:55:26.116757
828,329,SAVINGS,O,2025-03-02,,34270.82,30843.74,,0.1967,76,2026-06-29 19:55:26.116757,2026-06-29 19:55:26.116757
829,330,CREDIT,O,2023-10-08,,8571.61,6428.39,15000.0,0.0133,205,2026-06-29 19:55:26.116757,2026-06-29 19:55:26.116757
830,330,CHECKING,O,2015-03-11,,20635.92,18572.33,,0.1002,223,2026-06-29 19:55:26.116757,2026-06-29 19:55:26.116757
831,331,SAVINGS,O,2026-04-23,,44523.34,40071.01,,0.1224,334,2026-06-29 19:55:26.116757,2026-06-29 19:55:26.116757
832,331,LOAN,O,2020-10-19,,34708.51,0.0,,0.1407,377,2026-06-29 19:55:26.116757,2026-06-29 19:55:26.116757
833,332,SAVINGS,O,2023-08-19,,20933.7,18840.33,,0.108,351,2026-06-29 19:55:26.116757,2026-06-29 19:55:26.116757
834,332,CHECKING,F,2026-05-28,,73893.12,66503.81,,0.0233,344,2026-06-29 19:55:26.116757,2026-06-29 19:55:26.116757
835,333,LOAN,F,2026-02-05,,19923.56,0.0,,0.1488,13,2026-06-29 19:55:26.116757,2026-06-29 19:55:26.116757
836,333,SAVINGS,O,2015-09-07,,61459.34,55313.41,,0.0431,180,2026-06-29 19:55:26.116757,2026-06-29 19:55:26.116757
837,333,CREDIT,O,2022-04-27,,20539.6,4460.4,25000.0,0.2008,320,2026-06-29 19:55:26.116757,2026-06-29 19:55:26.116757
838,333,CHECKING,O,2017-09-01,,11238.39,10114.55,,0.0122,419,2026-06-29 19:55:26.116757,2026-06-29 19:55:26.116757
839,334,SAVINGS,O,2024-03-21,,29592.57,26633.31,,0.1896,437,2026-06-29 19:55:26.116757,2026-06-29 19:55:26.116757
840,334,CREDIT,O,2025-06-03,,224.74,1775.26,2000.0,0.0146,486,2026-06-29 19:55:26.116757,2026-06-29 19:55:26.116757
841,335,CREDIT,O,2015-02-27,,6937.95,3062.05,10000.0,0.0287,231,2026-06-29 19:55:26.116757,2026-06-29 19:55:26.116757
842,335,CHECKING,O,2026-05-14,,37430.82,33687.74,,0.0836,379,2026-06-29 19:55:26.116757,2026-06-29 19:55:26.116757
843,336,SAVINGS,O,2017-02-08,,41622.9,37460.61,,0.0654,248,2026-06-29 19:55:26.116757,2026-06-29 19:55:26.116757
844,336,CREDIT,O,2024-07-30,,18248.09,6751.91,25000.0,0.0362,358,2026-06-29 19:55:26.116757,2026-06-29 19:55:26.116757
845,337,LOAN,O,2023-12-30,,35397.29,0.0,,0.1662,23,2026-06-29 19:55:26.116757,2026-06-29 19:55:26.116757
846,338,SAVINGS,O,2018-09-20,,15656.03,14090.43,,0.1744,139,2026-06-29 19:55:26.116757,2026-06-29 19:55:26.116757
847,338,CHECKING,O,2024-06-29,,3773.36,3396.02,,0.164,5,2026-06-29 19:55:26.116757,2026-06-29 19:55:26.116757
848,338,LOAN,O,2024-07-25,,4929.27,0.0,,0.1654,340,2026-06-29 19:55:26.116757,2026-06-29 19:55:26.116757
849,339,CHECKING,F,2016-08-03,,69326.54,62393.89,,0.1626,119,2026-06-29 19:55:26.116757,2026-06-29 19:55:26.116757
850,339,LOAN,O,2021-07-21,,58807.78,0.0,,0.1276,364,2026-06-29 19:55:26.116757,2026-06-29 19:55:26.116757
851,339,SAVINGS,O,2024-02-06,,7518.1,6766.29,,0.0795,444,2026-06-29 19:55:26.116757,2026-06-29 19:55:26.116757
852,340,SAVINGS,O,2022-10-21,,15509.45,13958.51,,0.2416,288,2026-06-29 19:55:26.116757,2026-06-29 19:55:26.116757
853,341,CHECKING,O,2025-05-20,,19415.07,17473.56,,0.1328,171,2026-06-29 19:55:26.116757,2026-06-29 19:55:26.116757
854,342,LOAN,O,2014-10-29,,21460.01,0.0,,0.0886,321,2026-06-29 19:55:26.116757,2026-06-29 19:55:26.116757
855,342,CREDIT,O,2022-11-03,,2362.05,7637.95,10000.0,0.2445,257,2026-06-29 19:55:26.116757,2026-06-29 19:55:26.116757
856,342,CHECKING,O,2025-10-13,,21708.2,19537.38,,0.0164,132,2026-06-29 19:55:26.116757,2026-06-29 19:55:26.116757
857,342,SAVINGS,C,2021-03-17,2024-03-07,70233.52,63210.17,,0.2226,418,2026-06-29 19:55:26.116757,2026-06-29 19:55:26.116757
858,343,CREDIT,O,2016-09-25,,758.54,4241.46,5000.0,0.2243,337,2026-06-29 19:55:26.116757,2026-06-29 19:55:26.116757
859,344,CHECKING,O,2026-04-07,,30267.67,27240.9,,0.2401,314,2026-06-29 19:55:26.116757,2026-06-29 19:55:26.116757
860,344,CREDIT,O,2024-12-30,,2086.67,2913.33,5000.0,0.1436,219,2026-06-29 19:55:26.116757,2026-06-29 19:55:26.116757
861,345,CREDIT,C,2020-05-10,2022-04-02,3262.36,1737.64,5000.0,0.1456,351,2026-06-29 19:55:26.116757,2026-06-29 19:55:26.116757
862,345,SAVINGS,O,2020-05-02,,63908.46,57517.61,,0.2157,159,2026-06-29 19:55:26.116757,2026-06-29 19:55:26.116757
863,345,CHECKING,O,2015-07-26,,54926.83,49434.15,,0.2247,466,2026-06-29 19:55:26.116757,2026-06-29 19:55:26.116757
864,346,LOAN,O,2017-04-06,,39717.67,0.0,,0.1416,81,2026-06-29 19:55:26.116757,2026-06-29 19:55:26.116757
865,346,CHECKING,O,2017-02-05,,25058.44,22552.6,,0.1397,486,2026-06-29 19:55:26.116757,2026-06-29 19:55:26.116757
866,347,SAVINGS,O,2020-10-06,,25066.61,22559.95,,0.2199,373,2026-06-29 19:55:26.116757,2026-06-29 19:55:26.116757
867,348,CREDIT,O,2014-07-01,,14417.94,582.06,15000.0,0.0765,382,2026-06-29 19:55:26.116757,2026-06-29 19:55:26.116757
868,349,SAVINGS,C,2025-06-06,2025-08-23,10089.44,9080.5,,0.0075,314,2026-06-29 19:55:26.116757,2026-06-29 19:55:26.116757
869,349,CHECKING,O,2016-01-18,,49164.19,44247.77,,0.1517,314,2026-06-29 19:55:26.116757,2026-06-29 19:55:26.116757
870,349,CREDIT,O,2023-01-13,,2981.8,2018.2,5000.0,0.0585,14,2026-06-29 19:55:26.116757,2026-06-29 19:55:26.116757
871,350,CHECKING,F,2025-06-10,,10293.97,9264.57,,0.2116,241,2026-06-29 19:55:26.116757,2026-06-29 19:55:26.116757
872,350,CREDIT,O,2024-07-21,,1839.76,8160.24,10000.0,0.0974,243,2026-06-29 19:55:26.116757,2026-06-29 19:55:26.116757
873,350,SAVINGS,O,2018-05-07,,10569.77,9512.79,,0.0491,17,2026-06-29 19:55:26.116757,2026-06-29 19:55:26.116757
874,351,CHECKING,O,2014-10-02,,59260.52,53334.47,,0.247,388,2026-06-29 19:55:26.116757,2026-06-29 19:55:26.116757
875,351,SAVINGS,O,2021-06-25,,15967.25,14370.52,,0.0451,489,2026-06-29 19:55:26.116757,2026-06-29 19:55:26.116757
876,351,CREDIT,O,2025-06-03,,13006.94,1993.06,15000.0,0.1229,167,2026-06-29 19:55:26.116757,2026-06-29 19:55:26.116757
877,351,LOAN,O,2023-09-20,,52139.72,0.0,,0.2219,219,2026-06-29 19:55:26.116757,2026-06-29 19:55:26.116757
878,352,CHECKING,O,2024-07-30,,31229.13,28106.22,,0.2348,293,2026-06-29 19:55:26.116757,2026-06-29 19:55:26.116757
879,352,CREDIT,O,2024-09-30,,13403.98,11596.02,25000.0,0.1606,361,2026-06-29 19:55:26.116757,2026-06-29 19:55:26.116757
880,352,SAVINGS,O,2025-12-09,,62847.05,56562.35,,0.1306,232,2026-06-29 19:55:26.116757,2026-06-29 19:55:26.116757
881,352,LOAN,O,2018-12-11,,27957.13,0.0,,0.2195,450,2026-06-29 19:55:26.116757,2026-06-29 19:55:26.116757
882,353,LOAN,O,2025-09-19,,3315.85,0.0,,0.0974,392,2026-06-29 19:55:26.116757,2026-06-29 19:55:26.116757
883,353,CREDIT,C,2019-03-17,2019-12-10,379.7,1620.3,2000.0,0.1104,453,2026-06-29 19:55:26.116757,2026-06-29 19:55:26.116757
884,354,CREDIT,O,2018-02-01,,4416.3,10583.7,15000.0,0.2297,354,2026-06-29 19:55:26.116757,2026-06-29 19:55:26.116757
885,354,SAVINGS,O,2016-02-12,,41116.06,37004.45,,0.0364,425,2026-06-29 19:55:26.116757,2026-06-29 19:55:26.116757
886,354,CHECKING,O,2016-05-14,,51511.17,46360.05,,0.0235,257,2026-06-29 19:55:26.116757,2026-06-29 19:55:26.116757
887,355,SAVINGS,O,2025-10-18,,62187.86,55969.07,,0.2344,357,2026-06-29 19:55:26.116757,2026-06-29 19:55:26.116757
888,356,LOAN,O,2023-12-05,,20084.2,0.0,,0.0072,233,2026-06-29 19:55:26.116757,2026-06-29 19:55:26.116757
889,356,SAVINGS,C,2025-12-09,2026-04-19,47020.4,42318.36,,0.1784,104,2026-06-29 19:55:26.116757,2026-06-29 19:55:26.116757
890,357,CHECKING,O,2016-07-26,,57329.16,51596.24,,0.0318,59,2026-06-29 19:55:26.116757,2026-06-29 19:55:26.116757
891,357,SAVINGS,O,2026-01-13,,56351.25,50716.12,,0.1588,44,2026-06-29 19:55:26.116757,2026-06-29 19:55:26.116757
892,357,CREDIT,O,2022-10-04,,17681.98,7318.02,25000.0,0.1819,500,2026-06-29 19:55:26.116757,2026-06-29 19:55:26.116757
893,357,LOAN,O,2025-07-24,,31188.32,0.0,,0.2374,194,2026-06-29 19:55:26.116757,2026-06-29 19:55:26.116757
894,358,CHECKING,O,2023-11-14,,12550.99,11295.89,,0.037,394,2026-06-29 19:55:26.116757,2026-06-29 19:55:26.116757
895,358,LOAN,O,2017-02-24,,43010.8,0.0,,0.1054,159,2026-06-29 19:55:26.116757,2026-06-29 19:55:26.116757
896,358,SAVINGS,O,2021-07-05,,58278.02,52450.22,,0.2402,148,2026-06-29 19:55:26.116757,2026-06-29 19:55:26.116757
897,358,CREDIT,O,2016-07-31,,587.77,4412.23,5000.0,0.0337,104,2026-06-29 19:55:26.116757,2026-06-29 19:55:26.116757
898,359,CREDIT,O,2018-02-23,,917.29,1082.71,2000.0,0.2139,279,2026-06-29 19:55:26.116757,2026-06-29 19:55:26.116757
899,360,LOAN,O,2022-09-12,,15034.82,0.0,,0.1476,244,2026-06-29 19:55:26.116757,2026-06-29 19:55:26.116757
900,361,LOAN,O,2016-01-04,,15438.08,0.0,,0.1372,318,2026-06-29 19:55:26.116757,2026-06-29 19:55:26.116757
901,361,SAVINGS,O,2023-03-06,,50105.15,45094.64,,0.2051,107,2026-06-29 19:55:26.116757,2026-06-29 19:55:26.116757
902,361,CHECKING,O,2025-10-19,,3437.96,3094.16,,0.0379,335,2026-06-29 19:55:26.116757,2026-06-29 19:55:26.116757
903,361,CREDIT,O,2025-10-18,,367.21,9632.79,10000.0,0.2135,342,2026-06-29 19:55:26.116757,2026-06-29 19:55:26.116757
904,362,CREDIT,O,2019-02-27,,833.91,1166.09,2000.0,0.0454,345,2026-06-29 19:55:26.116757,2026-06-29 19:55:26.116757
905,362,CHECKING,O,2026-05-05,,22392.63,20153.37,,0.1655,359,2026-06-29 19:55:26.116757,2026-06-29 19:55:26.116757
906,362,LOAN,O,2025-12-29,,36103.17,0.0,,0.197,91,2026-06-29 19:55:26.116757,2026-06-29 19:55:26.116757
907,363,CREDIT,O,2014-11-16,,3685.69,6314.31,10000.0,0.0953,35,2026-06-29 19:55:26.116757,2026-06-29 19:55:26.116757
908,363,CHECKING,O,2021-09-02,,60554.58,54499.12,,0.2109,34,2026-06-29 19:55:26.116757,2026-06-29 19:55:26.116757
909,363,LOAN,O,2025-06-20,,18277.13,0.0,,0.0345,356,2026-06-29 19:55:26.116757,2026-06-29 19:55:26.116757
910,363,SAVINGS,O,2026-01-08,,68682.34,61814.11,,0.0829,212,2026-06-29 19:55:26.116757,2026-06-29 19:55:26.116757
911,364,SAVINGS,O,2017-02-14,,4183.86,3765.47,,0.1432,323,2026-06-29 19:55:26.116757,2026-06-29 19:55:26.116757
912,364,CREDIT,O,2021-03-25,,24679.73,320.27,25000.0,0.1214,353,2026-06-29 19:55:26.116757,2026-06-29 19:55:26.116757
913,365,LOAN,O,2025-08-27,,16319.94,0.0,,0.1442,320,2026-06-29 19:55:26.116757,2026-06-29 19:55:26.116757
914,365,CREDIT,O,2016-03-02,,9271.05,728.95,10000.0,0.1539,255,2026-06-29 19:55:26.116757,2026-06-29 19:55:26.116757
915,365,SAVINGS,O,2023-05-17,,41336.32,37202.69,,0.1583,253,2026-06-29 19:55:26.116757,2026-06-29 19:55:26.116757
916,366,SAVINGS,C,2017-04-29,2026-05-01,22884.29,20595.86,,0.0492,61,2026-06-29 19:55:26.116757,2026-06-29 19:55:26.116757
917,366,CREDIT,O,2016-06-28,,929.77,1070.23,2000.0,0.1993,378,2026-06-29 19:55:26.116757,2026-06-29 19:55:26.116757
918,367,LOAN,O,2025-01-15,,3684.04,0.0,,0.088,413,2026-06-29 19:55:26.116757,2026-06-29 19:55:26.116757
919,367,SAVINGS,O,2015-07-20,,50819.04,45737.14,,0.0038,104,2026-06-29 19:55:26.116757,2026-06-29 19:55:26.116757
920,368,CREDIT,C,2022-12-10,2025-03-17,5066.9,4933.1,10000.0,0.0816,4,2026-06-29 19:55:26.116757,2026-06-29 19:55:26.116757
921,368,CHECKING,O,2025-01-21,,8663.86,7797.47,,0.084,203,2026-06-29 19:55:26.116757,2026-06-29 19:55:26.116757
922,368,SAVINGS,O,2019-10-25,,57813.93,52032.54,,0.1543,15,2026-06-29 19:55:26.116757,2026-06-29 19:55:26.116757
923,369,SAVINGS,O,2017-08-26,,66622.94,59960.65,,0.2306,246,2026-06-29 19:55:26.116757,2026-06-29 19:55:26.116757
924,369,LOAN,O,2017-06-19,,55053.62,0.0,,0.1994,331,2026-06-29 19:55:26.116757,2026-06-29 19:55:26.116757
925,370,LOAN,F,2015-04-20,,38004.83,0.0,,0.223,275,2026-06-29 19:55:26.116757,2026-06-29 19:55:26.116757
926,370,CHECKING,C,2017-07-20,2018-07-07,71622.25,64460.03,,0.1161,417,2026-06-29 19:55:26.116757,2026-06-29 19:55:26.116757
927,371,CHECKING,O,2014-07-04,,44191.77,39772.59,,0.0057,296,2026-06-29 19:55:26.116757,2026-06-29 19:55:26.116757
928,371,CREDIT,C,2019-02-02,2024-07-05,7995.35,2004.65,10000.0,0.222,182,2026-06-29 19:55:26.116757,2026-06-29 19:55:26.116757
929,371,SAVINGS,O,2026-01-15,,4830.15,4347.14,,0.0382,431,2026-06-29 19:55:26.116757,2026-06-29 19:55:26.116757
930,371,LOAN,O,2025-01-12,,2839.22,0.0,,0.2458,321,2026-06-29 19:55:26.116757,2026-06-29 19:55:26.116757
931,372,LOAN,O,2020-05-14,,36116.32,0.0,,0.2162,385,2026-06-29 19:55:26.116757,2026-06-29 19:55:26.116757
932,372,CHECKING,O,2019-01-02,,24316.65,21884.99,,0.2145,364,2026-06-29 19:55:26.116757,2026-06-29 19:55:26.116757
933,373,CREDIT,O,2020-12-30,,1301.97,13698.03,15000.0,0.2193,191,2026-06-29 19:55:26.116757,2026-06-29 19:55:26.116757
934,374,CREDIT,O,2015-09-13,,748.43,1251.57,2000.0,0.0103,104,2026-06-29 19:55:26.116757,2026-06-29 19:55:26.116757
935,374,CHECKING,O,2020-03-16,,73024.98,65722.48,,0.1115,13,2026-06-29 19:55:26.116757,2026-06-29 19:55:26.116757
936,374,SAVINGS,O,2024-10-15,,63821.53,57439.38,,0.2262,79,2026-06-29 19:55:26.116757,2026-06-29 19:55:26.116757
937,374,LOAN,O,2022-04-01,,12222.49,0.0,,0.2309,376,2026-06-29 19:55:26.116757,2026-06-29 19:55:26.116757
938,375,CREDIT,O,2022-09-06,,16917.93,8082.07,25000.0,0.034,371,2026-06-29 19:55:26.116757,2026-06-29 19:55:26.116757
939,375,CHECKING,O,2016-06-06,,2442.48,2198.23,,0.0975,443,2026-06-29 19:55:26.116757,2026-06-29 19:55:26.116757
940,375,LOAN,O,2015-05-15,,31818.35,0.0,,0.002,478,2026-06-29 19:55:26.116757,2026-06-29 19:55:26.116757
941,376,CHECKING,C,2024-07-27,2025-02-19,26329.83,23696.85,,0.2223,53,2026-06-29 19:55:26.116757,2026-06-29 19:55:26.116757
942,377,CHECKING,O,2018-04-16,,50927.49,45834.74,,0.0532,103,2026-06-29 19:55:26.116757,2026-06-29 19:55:26.116757
943,377,CREDIT,O,2025-10-31,,1432.84,3567.16,5000.0,0.1335,396,2026-06-29 19:55:26.116757,2026-06-29 19:55:26.116757
944,377,SAVINGS,O,2015-05-17,,35009.81,31508.83,,0.0303,77,2026-06-29 19:55:26.116757,2026-06-29 19:55:26.116757
945,378,CREDIT,O,2016-07-08,,1916.6,83.4,2000.0,0.1403,53,2026-06-29 19:55:26.116757,2026-06-29 19:55:26.116757
946,378,CHECKING,O,2018-12-19,,16129.48,14516.53,,0.0882,164,2026-06-29 19:55:26.116757,2026-06-29 19:55:26.116757
947,379,SAVINGS,O,2023-03-20,,45713.68,41142.31,,0.0436,160,2026-06-29 19:55:26.116757,2026-06-29 19:55:26.116757
948,379,CREDIT,O,2021-01-04,,22306.08,2693.92,25000.0,0.1355,26,2026-06-29 19:55:26.116757,2026-06-29 19:55:26.116757
949,379,LOAN,C,2025-03-12,2025-04-25,8674.37,0.0,,0.1182,346,2026-06-29 19:55:26.116757,2026-06-29 19:55:26.116757
950,380,CHECKING,O,2021-07-27,,30379.77,27341.79,,0.0224,201,2026-06-29 19:55:26.116757,2026-06-29 19:55:26.116757
951,381,LOAN,O,2021-10-21,,21981.83,0.0,,0.0837,102,2026-06-29 19:55:26.116757,2026-06-29 19:55:26.116757
952,381,CREDIT,O,2020-03-30,,1963.64,23036.36,25000.0,0.2307,392,2026-06-29 19:55:26.116757,2026-06-29 19:55:26.116757
953,382,SAVINGS,O,2014-11-10,,36174.53,32557.08,,0.1714,364,2026-06-29 19:55:26.116757,2026-06-29 19:55:26.116757
954,382,CHECKING,O,2025-09-21,,61202.73,55082.46,,0.1181,486,2026-06-29 19:55:26.116757,2026-06-29 19:55:26.116757
955,382,LOAN,O,2016-06-16,,14203.87,0.0,,0.2153,316,2026-06-29 19:55:26.116757,2026-06-29 19:55:26.116757
956,382,CREDIT,C,2025-02-04,2025-04-25,9128.62,871.38,10000.0,0.0986,359,2026-06-29 19:55:26.116757,2026-06-29 19:55:26.116757
957,383,CREDIT,O,2015-09-12,,130.73,1869.27,2000.0,0.0291,246,2026-06-29 19:55:26.116757,2026-06-29 19:55:26.116757
958,383,SAVINGS,O,2016-12-09,,36629.96,32966.96,,0.0435,394,2026-06-29 19:55:26.116757,2026-06-29 19:55:26.116757
959,383,LOAN,O,2016-10-03,,21568.31,0.0,,0.144,261,2026-06-29 19:55:26.116757,2026-06-29 19:55:26.116757
960,384,LOAN,O,2022-10-19,,49235.62,0.0,,0.1993,167,2026-06-29 19:55:26.116757,2026-06-29 19:55:26.116757
961,385,CREDIT,O,2023-02-05,,11524.37,13475.63,25000.0,0.148,123,2026-06-29 19:55:26.116757,2026-06-29 19:55:26.116757
962,386,SAVINGS,O,2023-03-11,,30397.22,27357.5,,0.0858,417,2026-06-29 19:55:26.116757,2026-06-29 19:55:26.116757
963,386,LOAN,O,2017-08-26,,41949.53,0.0,,0.1083,223,2026-06-29 19:55:26.116757,2026-06-29 19:55:26.116757
964,387,SAVINGS,O,2017-11-05,,59019.05,53117.15,,0.1782,429,2026-06-29 19:55:26.116757,2026-06-29 19:55:26.116757
965,387,CHECKING,F,2017-04-28,,38673.74,34806.37,,0.1484,238,2026-06-29 19:55:26.116757,2026-06-29 19:55:26.116757
966,387,CREDIT,O,2015-01-31,,5550.88,4449.12,10000.0,0.2056,91,2026-06-29 19:55:26.116757,2026-06-29 19:55:26.116757
967,388,LOAN,F,2021-04-21,,41445.01,0.0,,0.1494,420,2026-06-29 19:55:26.116757,2026-06-29 19:55:26.116757
968,388,CHECKING,O,2024-07-01,,30002.34,27002.11,,0.124,339,2026-06-29 19:55:26.116757,2026-06-29 19:55:26.116757
969,388,CREDIT,O,2016-04-27,,181.07,1818.93,2000.0,0.2044,455,2026-06-29 19:55:26.116757,2026-06-29 19:55:26.116757
970,389,SAVINGS,O,2018-10-16,,52700.95,47430.85,,0.1137,150,2026-06-29 19:55:26.116757,2026-06-29 19:55:26.116757
971,390,LOAN,O,2019-08-03,,18684.38,0.0,,0.1987,348,2026-06-29 19:55:26.116757,2026-06-29 19:55:26.116757
972,390,CHECKING,O,2018-01-01,,24016.29,21614.66,,0.2358,223,2026-06-29 19:55:26.116757,2026-06-29 19:55:26.116757
973,390,CREDIT,O,2022-05-19,,9902.89,97.11,10000.0,0.146,314,2026-06-29 19:55:26.116757,2026-06-29 19:55:26.116757
974,390,SAVINGS,O,2021-08-23,,78906.94,71016.25,,0.1016,66,2026-06-29 19:55:26.116757,2026-06-29 19:55:26.116757
975,391,CHECKING,O,2016-11-14,,-432.11,-388.9,,0.1404,184,2026-06-29 19:55:26.116757,2026-06-29 19:55:26.116757
976,391,SAVINGS,O,2014-10-19,,8330.71,7497.64,,0.0712,16,2026-06-29 19:55:26.116757,2026-06-29 19:55:26.116757
977,391,LOAN,O,2016-07-11,,14879.23,0.0,,0.1758,202,2026-06-29 19:55:26.116757,2026-06-29 19:55:26.116757
978,392,LOAN,O,2017-12-20,,26676.21,0.0,,0.0536,89,2026-06-29 19:55:26.116757,2026-06-29 19:55:26.116757
979,392,SAVINGS,O,2015-06-20,,37727.15,33954.44,,0.0478,197,2026-06-29 19:55:26.116757,2026-06-29 19:55:26.116757
980,392,CREDIT,O,2024-07-18,,8399.63,1600.37,10000.0,0.0394,447,2026-06-29 19:55:26.116757,2026-06-29 19:55:26.116757
981,393,SAVINGS,O,2018-03-02,,5275.55,4747.99,,0.0049,370,2026-06-29 19:55:26.116757,2026-06-29 19:55:26.116757
982,393,CHECKING,O,2019-03-25,,70733.54,63660.19,,0.1648,500,2026-06-29 19:55:26.116757,2026-06-29 19:55:26.116757
983,394,CHECKING,O,2020-04-27,,51200.55,46080.5,,0.1045,234,2026-06-29 19:55:26.116757,2026-06-29 19:55:26.116757
984,394,LOAN,O,2022-05-15,,53721.37,0.0,,0.1741,477,2026-06-29 19:55:26.116757,2026-06-29 19:55:26.116757
985,395,SAVINGS,O,2015-07-30,,30469.53,27422.58,,0.0572,218,2026-06-29 19:55:26.116757,2026-06-29 19:55:26.116757
986,395,LOAN,O,2020-12-22,,36669.82,0.0,,0.1448,434,2026-06-29 19:55:26.116757,2026-06-29 19:55:26.116757
987,395,CREDIT,O,2016-09-10,,3560.65,1439.35,5000.0,0.068,475,2026-06-29 19:55:26.116757,2026-06-29 19:55:26.116757
988,395,CHECKING,O,2025-01-16,,43466.38,39119.74,,0.0923,20,2026-06-29 19:55:26.116757,2026-06-29 19:55:26.116757
989,396,CREDIT,O,2018-11-23,,3650.93,1349.07,5000.0,0.132,440,2026-06-29 19:55:26.116757,2026-06-29 19:55:26.116757
990,396,CHECKING,O,2019-10-21,,78685.3,70816.77,,0.1949,239,2026-06-29 19:55:26.116757,2026-06-29 19:55:26.116757
991,396,SAVINGS,O,2017-08-18,,41114.44,37003.0,,0.1313,313,2026-06-29 19:55:26.116757,2026-06-29 19:55:26.116757
992,396,LOAN,O,2020-01-13,,6218.33,0.0,,0.1186,380,2026-06-29 19:55:26.116757,2026-06-29 19:55:26.116757
993,397,CREDIT,O,2017-03-09,,1319.36,23680.64,25000.0,0.0865,399,2026-06-29 19:55:26.116757,2026-06-29 19:55:26.116757
994,398,LOAN,O,2017-09-10,,27788.05,0.0,,0.2265,294,2026-06-29 19:55:26.116757,2026-06-29 19:55:26.116757
995,399,LOAN,O,2015-03-24,,18063.3,0.0,,0.0098,473,2026-06-29 19:55:26.116757,2026-06-29 19:55:26.116757
996,399,SAVINGS,O,2023-06-16,,47609.74,42848.77,,0.0767,402,2026-06-29 19:55:26.116757,2026-06-29 19:55:26.116757
997,399,CREDIT,O,2022-06-12,,6511.08,18488.92,25000.0,0.1576,297,2026-06-29 19:55:26.116757,2026-06-29 19:55:26.116757
998,400,CHECKING,O,2015-07-07,,79224.37,71301.93,,0.2023,320,2026-06-29 19:55:26.116757,2026-06-29 19:55:26.116757
999,400,CREDIT,O,2018-08-03,,573.63,1426.37,2000.0,0.0215,259,2026-06-29 19:55:26.116757,2026-06-29 19:55:26.116757
1000,401,CREDIT,O,2020-12-10,,1325.39,8674.61,10000.0,0.0709,440,2026-06-29 19:55:26.116757,2026-06-29 19:55:26.116757
1001,402,CHECKING,O,2026-01-22,,48107.63,43296.87,,0.2275,379,2026-06-29 19:55:26.116757,2026-06-29 19:55:26.116757
1002,402,CREDIT,O,2021-07-09,,3295.78,1704.22,5000.0,0.093,90,2026-06-29 19:55:26.116757,2026-06-29 19:55:26.116757
1003,402,LOAN,O,2021-02-01,,16413.9,0.0,,0.1754,249,2026-06-29 19:55:26.116757,2026-06-29 19:55:26.116757
1004,403,CHECKING,O,2024-07-05,,78717.77,70845.99,,0.2418,305,2026-06-29 19:55:26.116757,2026-06-29 19:55:26.116757
1005,403,SAVINGS,O,2024-03-30,,74682.32,67214.09,,0.0394,254,2026-06-29 19:55:26.116757,2026-06-29 19:55:26.116757
1006,404,LOAN,O,2019-06-25,,13440.55,0.0,,0.1838,177,2026-06-29 19:55:26.116757,2026-06-29 19:55:26.116757
1007,404,CHECKING,O,2020-11-15,,3873.23,3485.91,,0.0668,420,2026-06-29 19:55:26.116757,2026-06-29 19:55:26.116757
1008,404,SAVINGS,O,2024-10-27,,8837.55,7953.79,,0.0427,205,2026-06-29 19:55:26.116757,2026-06-29 19:55:26.116757
1009,404,CREDIT,O,2020-02-24,,4520.51,10479.49,15000.0,0.1867,386,2026-06-29 19:55:26.116757,2026-06-29 19:55:26.116757
1010,405,LOAN,O,2024-12-30,,42630.86,0.0,,0.1191,75,2026-06-29 19:55:26.116757,2026-06-29 19:55:26.116757
1011,405,CREDIT,O,2020-03-02,,21756.94,3243.06,25000.0,0.004,475,2026-06-29 19:55:26.116757,2026-06-29 19:55:26.116757
1012,406,LOAN,O,2015-06-07,,6744.49,0.0,,0.1332,182,2026-06-29 19:55:26.116757,2026-06-29 19:55:26.116757
1013,406,CREDIT,C,2025-04-01,2026-02-19,9157.28,5842.72,15000.0,0.1633,140,2026-06-29 19:55:26.116757,2026-06-29 19:55:26.116757
1014,406,SAVINGS,O,2020-06-22,,26464.88,23818.39,,0.0675,51,2026-06-29 19:55:26.116757,2026-06-29 19:55:26.116757
1015,406,CHECKING,O,2025-03-22,,20055.19,18049.67,,0.1464,237,2026-06-29 19:55:26.116757,2026-06-29 19:55:26.116757
1016,407,SAVINGS,O,2024-01-12,,26661.23,23995.11,,0.1728,93,2026-06-29 19:55:26.116757,2026-06-29 19:55:26.116757
1017,407,CREDIT,O,2022-07-26,,5476.13,4523.87,10000.0,0.1685,426,2026-06-29 19:55:26.116757,2026-06-29 19:55:26.116757
1018,408,CHECKING,O,2021-11-19,,32605.53,29344.98,,0.1317,351,2026-06-29 19:55:26.116757,2026-06-29 19:55:26.116757
1019,409,CREDIT,O,2015-12-04,,170.21,4829.79,5000.0,0.1552,30,2026-06-29 19:55:26.116757,2026-06-29 19:55:26.116757
1020,409,CHECKING,C,2023-07-08,2024-01-11,75049.69,67544.72,,0.1644,428,2026-06-29 19:55:26.116757,2026-06-29 19:55:26.116757
1021,409,SAVINGS,O,2026-03-22,,16954.39,15258.95,,0.1502,63,2026-06-29 19:55:26.116757,2026-06-29 19:55:26.116757
1022,409,LOAN,C,2026-01-28,2026-05-30,42776.43,0.0,,0.0309,439,2026-06-29 19:55:26.116757,2026-06-29 19:55:26.116757
1023,410,LOAN,O,2015-12-30,,46067.61,0.0,,0.1623,412,2026-06-29 19:55:26.116757,2026-06-29 19:55:26.116757
1024,410,CREDIT,O,2019-07-15,,4480.01,519.99,5000.0,0.1741,130,2026-06-29 19:55:26.116757,2026-06-29 19:55:26.116757
1025,411,LOAN,O,2026-04-08,,38688.05,0.0,,0.2307,142,2026-06-29 19:55:26.116757,2026-06-29 19:55:26.116757
1026,411,CREDIT,O,2019-09-06,,10383.32,4616.68,15000.0,0.1672,395,2026-06-29 19:55:26.116757,2026-06-29 19:55:26.116757
1027,411,CHECKING,O,2026-05-18,,25534.03,22980.63,,0.0413,38,2026-06-29 19:55:26.116757,2026-06-29 19:55:26.116757
1028,412,CHECKING,O,2021-12-19,,26278.71,23650.84,,0.0159,490,2026-06-29 19:55:26.116757,2026-06-29 19:55:26.116757
1029,412,SAVINGS,O,2024-06-06,,64930.47,58437.42,,0.0453,36,2026-06-29 19:55:26.116757,2026-06-29 19:55:26.116757
1030,412,CREDIT,O,2017-07-25,,14691.33,308.67,15000.0,0.0509,202,2026-06-29 19:55:26.116757,2026-06-29 19:55:26.116757
1031,413,LOAN,O,2025-05-06,,9488.48,0.0,,0.1923,112,2026-06-29 19:55:26.116757,2026-06-29 19:55:26.116757
1032,413,CHECKING,O,2025-05-21,,48924.29,44031.86,,0.0274,227,2026-06-29 19:55:26.116757,2026-06-29 19:55:26.116757
1033,414,CHECKING,O,2015-04-16,,5168.19,4651.37,,0.1821,398,2026-06-29 19:55:26.116757,2026-06-29 19:55:26.116757
1034,414,LOAN,O,2019-02-12,,27307.04,0.0,,0.2241,77,2026-06-29 19:55:26.116757,2026-06-29 19:55:26.116757
1035,414,CREDIT,O,2019-03-24,,1865.79,134.21,2000.0,0.1664,137,2026-06-29 19:55:26.116757,2026-06-29 19:55:26.116757
1036,415,CREDIT,O,2018-05-18,,92.59,24907.41,25000.0,0.1771,395,2026-06-29 19:55:26.116757,2026-06-29 19:55:26.116757
1037,415,SAVINGS,O,2017-10-13,,38999.7,35099.73,,0.1095,433,2026-06-29 19:55:26.116757,2026-06-29 19:55:26.116757
1038,416,SAVINGS,O,2019-12-14,,-233.76,-210.38,,0.2385,419,2026-06-29 19:55:26.116757,2026-06-29 19:55:26.116757
1039,417,CHECKING,O,2024-11-25,,54387.78,48949.0,,0.1007,324,2026-06-29 19:55:26.116757,2026-06-29 19:55:26.116757
1040,417,CREDIT,O,2023-11-12,,730.71,1269.29,2000.0,0.2134,175,2026-06-29 19:55:26.116757,2026-06-29 19:55:26.116757
1041,417,SAVINGS,O,2021-12-01,,5976.77,5379.09,,0.1154,393,2026-06-29 19:55:26.116757,2026-06-29 19:55:26.116757
1042,417,LOAN,O,2020-09-19,,18107.56,0.0,,0.0516,284,2026-06-29 19:55:26.116757,2026-06-29 19:55:26.116757
1043,418,LOAN,O,2019-06-29,,39983.31,0.0,,0.0754,200,2026-06-29 19:55:26.116757,2026-06-29 19:55:26.116757
1044,419,CREDIT,O,2019-06-07,,1272.94,13727.06,15000.0,0.1585,377,2026-06-29 19:55:26.116757,2026-06-29 19:55:26.116757
1045,420,SAVINGS,C,2016-04-04,2022-04-10,15043.96,13539.56,,0.1801,304,2026-06-29 19:55:26.116757,2026-06-29 19:55:26.116757
1046,420,CHECKING,O,2023-07-13,,18698.05,16828.24,,0.0978,406,2026-06-29 19:55:26.116757,2026-06-29 19:55:26.116757
1047,421,LOAN,O,2025-09-09,,58027.87,0.0,,0.0051,174,2026-06-29 19:55:26.116757,2026-06-29 19:55:26.116757
1048,421,CREDIT,O,2025-07-07,,675.44,1324.56,2000.0,0.1805,208,2026-06-29 19:55:26.116757,2026-06-29 19:55:26.116757
1049,421,SAVINGS,O,2021-03-13,,9014.06,8112.65,,0.2019,342,2026-06-29 19:55:26.116757,2026-06-29 19:55:26.116757
1050,422,SAVINGS,O,2015-09-11,,2468.65,2221.79,,0.0362,335,2026-06-29 19:55:26.116757,2026-06-29 19:55:26.116757
1051,422,CREDIT,C,2017-11-25,2022-07-02,942.44,1057.56,2000.0,0.2295,24,2026-06-29 19:55:26.116757,2026-06-29 19:55:26.116757
1052,422,CHECKING,O,2018-08-03,,19035.95,17132.35,,0.1625,8,2026-06-29 19:55:26.116757,2026-06-29 19:55:26.116757
1053,422,LOAN,O,2019-05-22,,11162.69,0.0,,0.0134,158,2026-06-29 19:55:26.116757,2026-06-29 19:55:26.116757
1054,423,LOAN,O,2019-01-21,,37062.33,0.0,,0.2089,33,2026-06-29 19:55:26.116757,2026-06-29 19:55:26.116757
1055,424,CHECKING,O,2020-04-11,,39520.05,35568.05,,0.1999,113,2026-06-29 19:55:26.116757,2026-06-29 19:55:26.116757
1056,425,SAVINGS,O,2021-09-30,,33810.02,30429.02,,0.203,378,2026-06-29 19:55:26.116757,2026-06-29 19:55:26.116757
1057,426,CREDIT,O,2014-12-09,,3821.14,1178.86,5000.0,0.1486,172,2026-06-29 19:55:26.116757,2026-06-29 19:55:26.116757
1058,426,CHECKING,O,2017-10-09,,4589.36,4130.42,,0.0692,388,2026-06-29 19:55:26.116757,2026-06-29 19:55:26.116757
1059,426,LOAN,O,2016-03-16,,25494.11,0.0,,0.1743,284,2026-06-29 19:55:26.116757,2026-06-29 19:55:26.116757
1060,426,SAVINGS,C,2021-09-29,2025-01-13,12782.99,11504.69,,0.0616,298,2026-06-29 19:55:26.116757,2026-06-29 19:55:26.116757
1061,427,SAVINGS,O,2014-12-14,,7547.41,6792.67,,0.2119,314,2026-06-29 19:55:26.116757,2026-06-29 19:55:26.116757
1062,428,SAVINGS,O,2025-02-03,,11.14,10.03,,0.0457,46,2026-06-29 19:55:26.116757,2026-06-29 19:55:26.116757
1063,428,CHECKING,O,2018-06-10,,56392.67,50753.4,,0.1488,146,2026-06-29 19:55:26.116757,2026-06-29 19:55:26.116757
1064,428,LOAN,O,2017-04-28,,25557.11,0.0,,0.202,396,2026-06-29 19:55:26.116757,2026-06-29 19:55:26.116757
1065,428,CREDIT,O,2023-05-19,,10385.37,4614.63,15000.0,0.0523,328,2026-06-29 19:55:26.116757,2026-06-29 19:55:26.116757
1066,429,LOAN,O,2025-06-19,,56347.29,0.0,,0.153,20,2026-06-29 19:55:26.116757,2026-06-29 19:55:26.116757
1067,429,SAVINGS,O,2025-03-07,,47499.89,42749.9,,0.1795,314,2026-06-29 19:55:26.116757,2026-06-29 19:55:26.116757
1068,429,CHECKING,O,2014-09-25,,75998.99,68399.09,,0.1571,401,2026-06-29 19:55:26.116757,2026-06-29 19:55:26.116757
1069,430,CREDIT,O,2024-03-26,,5890.98,19109.02,25000.0,0.0302,272,2026-06-29 19:55:26.116757,2026-06-29 19:55:26.116757
1070,430,SAVINGS,O,2018-02-07,,78131.71,70318.54,,0.155,442,2026-06-29 19:55:26.116757,2026-06-29 19:55:26.116757
1071,430,CHECKING,O,2017-10-31,,60770.82,54693.74,,0.1353,113,2026-06-29 19:55:26.116757,2026-06-29 19:55:26.116757
1072,431,SAVINGS,O,2020-05-08,,8570.67,7713.6,,0.0381,433,2026-06-29 19:55:26.116757,2026-06-29 19:55:26.116757
1073,431,LOAN,O,2022-10-15,,58145.86,0.0,,0.1191,91,2026-06-29 19:55:26.116757,2026-06-29 19:55:26.116757
1074,431,CHECKING,O,2015-08-30,,12360.65,11124.58,,0.2307,28,2026-06-29 19:55:26.116757,2026-06-29 19:55:26.116757
1075,431,CREDIT,O,2024-11-05,,2850.65,7149.35,10000.0,0.1092,172,2026-06-29 19:55:26.116757,2026-06-29 19:55:26.116757
1076,432,CHECKING,O,2016-02-03,,12222.67,11000.4,,0.0082,264,2026-06-29 19:55:26.116757,2026-06-29 19:55:26.116757
1077,432,LOAN,O,2026-02-06,,7847.84,0.0,,0.2238,370,2026-06-29 19:55:26.116757,2026-06-29 19:55:26.116757
1078,432,CREDIT,O,2019-10-09,,8890.6,6109.4,15000.0,0.0821,102,2026-06-29 19:55:26.116757,2026-06-29 19:55:26.116757
1079,432,SAVINGS,O,2024-05-01,,59640.48,53676.43,,0.2246,118,2026-06-29 19:55:26.116757,2026-06-29 19:55:26.116757
1080,433,CREDIT,O,2017-09-13,,490.32,4509.68,5000.0,0.1846,446,2026-06-29 19:55:26.116757,2026-06-29 19:55:26.116757
1081,434,LOAN,O,2019-06-17,,5338.25,0.0,,0.1466,28,2026-06-29 19:55:26.116757,2026-06-29 19:55:26.116757
1082,434,CHECKING,O,2022-03-09,,71184.35,64065.92,,0.0371,476,2026-06-29 19:55:26.116757,2026-06-29 19:55:26.116757
1083,435,SAVINGS,O,2016-09-24,,36348.09,32713.28,,0.0493,184,2026-06-29 19:55:26.116757,2026-06-29 19:55:26.116757
1084,435,LOAN,O,2017-01-04,,58557.8,0.0,,0.0513,66,2026-06-29 19:55:26.116757,2026-06-29 19:55:26.116757
1085,435,CREDIT,F,2024-04-23,,1384.42,615.58,2000.0,0.0158,70,2026-06-29 19:55:26.116757,2026-06-29 19:55:26.116757
1086,435,CHECKING,O,2023-04-28,,8444.3,7599.87,,0.1169,215,2026-06-29 19:55:26.116757,2026-06-29 19:55:26.116757
1087,436,CREDIT,O,2023-07-18,,6036.36,3963.64,10000.0,0.1975,327,2026-06-29 19:55:26.116757,2026-06-29 19:55:26.116757
1088,436,CHECKING,O,2024-10-28,,76197.19,68577.47,,0.2264,296,2026-06-29 19:55:26.116757,2026-06-29 19:55:26.116757
1089,437,CHECKING,O,2024-04-10,,68486.39,61637.75,,0.1228,111,2026-06-29 19:55:26.116757,2026-06-29 19:55:26.116757
1090,437,SAVINGS,O,2020-08-18,,47122.26,42410.03,,0.2093,143,2026-06-29 19:55:26.116757,2026-06-29 19:55:26.116757
1091,438,LOAN,O,2016-05-21,,44434.55,0.0,,0.0624,168,2026-06-29 19:55:26.116757,2026-06-29 19:55:26.116757
1092,439,SAVINGS,F,2018-03-14,,33130.63,29817.57,,0.012,241,2026-06-29 19:55:26.116757,2026-06-29 19:55:26.116757
1093,439,CREDIT,O,2020-07-13,,840.51,24159.49,25000.0,0.1332,246,2026-06-29 19:55:26.116757,2026-06-29 19:55:26.116757
1094,439,CHECKING,O,2016-02-09,,64682.18,58213.96,,0.1744,51,2026-06-29 19:55:26.116757,2026-06-29 19:55:26.116757
1095,439,LOAN,O,2024-08-20,,27694.04,0.0,,0.0609,286,2026-06-29 19:55:26.116757,2026-06-29 19:55:26.116757
1096,440,LOAN,O,2024-12-20,,57046.1,0.0,,0.034,152,2026-06-29 19:55:26.116757,2026-06-29 19:55:26.116757
1097,441,CHECKING,O,2014-11-02,,38122.53,34310.28,,0.0769,361,2026-06-29 19:55:26.116757,2026-06-29 19:55:26.116757
1098,441,LOAN,O,2016-10-15,,28097.69,0.0,,0.143,299,2026-06-29 19:55:26.116757,2026-06-29 19:55:26.116757
1099,442,LOAN,O,2024-06-01,,28361.88,0.0,,0.0355,361,2026-06-29 19:55:26.116757,2026-06-29 19:55:26.116757
1100,443,SAVINGS,O,2024-06-19,,68760.8,61884.72,,0.0186,458,2026-06-29 19:55:26.116757,2026-06-29 19:55:26.116757
1101,443,LOAN,O,2017-06-19,,41754.29,0.0,,0.1331,152,2026-06-29 19:55:26.116757,2026-06-29 19:55:26.116757
1102,443,CREDIT,O,2019-12-06,,11293.32,3706.68,15000.0,0.1747,314,2026-06-29 19:55:26.116757,2026-06-29 19:55:26.116757
1103,443,CHECKING,O,2025-06-07,,43166.03,38849.43,,0.1987,404,2026-06-29 19:55:26.116757,2026-06-29 19:55:26.116757
1104,444,CREDIT,O,2022-11-21,,1029.47,970.53,2000.0,0.2275,187,2026-06-29 19:55:26.116757,2026-06-29 19:55:26.116757
1105,445,CHECKING,O,2017-10-03,,30327.88,27295.09,,0.1168,21,2026-06-29 19:55:26.116757,2026-06-29 19:55:26.116757
1106,446,CREDIT,O,2024-04-21,,17733.43,7266.57,25000.0,0.052,172,2026-06-29 19:55:26.116757,2026-06-29 19:55:26.116757
1107,446,CHECKING,O,2020-07-05,,18709.93,16838.94,,0.0293,245,2026-06-29 19:55:26.116757,2026-06-29 19:55:26.116757
1108,446,LOAN,O,2022-01-23,,44505.42,0.0,,0.1882,447,2026-06-29 19:55:26.116757,2026-06-29 19:55:26.116757
1109,447,SAVINGS,O,2015-12-20,,27893.29,25103.96,,0.0675,349,2026-06-29 19:55:26.116757,2026-06-29 19:55:26.116757
1110,447,LOAN,O,2014-11-09,,25952.82,0.0,,0.0146,191,2026-06-29 19:55:26.116757,2026-06-29 19:55:26.116757
1111,448,LOAN,O,2018-12-06,,28739.67,0.0,,0.1334,423,2026-06-29 19:55:26.116757,2026-06-29 19:55:26.116757
1112,448,SAVINGS,O,2021-07-27,,42394.86,38155.37,,0.0737,318,2026-06-29 19:55:26.116757,2026-06-29 19:55:26.116757
1113,448,CHECKING,O,2016-08-10,,29135.74,26222.17,,0.1686,355,2026-06-29 19:55:26.116757,2026-06-29 19:55:26.116757
1114,449,SAVINGS,O,2024-11-12,,71298.21,64168.39,,0.115,42,2026-06-29 19:55:26.116757,2026-06-29 19:55:26.116757
1115,450,SAVINGS,O,2021-06-26,,12763.68,11487.31,,0.0289,76,2026-06-29 19:55:26.116757,2026-06-29 19:55:26.116757
1116,450,LOAN,O,2018-08-29,,30283.4,0.0,,0.2188,267,2026-06-29 19:55:26.116757,2026-06-29 19:55:26.116757
1117,450,CHECKING,F,2016-06-09,,76144.43,68529.99,,0.0066,214,2026-06-29 19:55:26.116757,2026-06-29 19:55:26.116757
1118,450,CREDIT,O,2025-02-24,,23293.04,1706.96,25000.0,0.119,216,2026-06-29 19:55:26.116757,2026-06-29 19:55:26.116757
1119,451,CHECKING,O,2023-06-02,,1273.95,1146.56,,0.2006,428,2026-06-29 19:55:26.116757,2026-06-29 19:55:26.116757
1120,451,SAVINGS,O,2022-09-13,,75769.62,68192.66,,0.1615,211,2026-06-29 19:55:26.116757,2026-06-29 19:55:26.116757
1121,451,LOAN,O,2017-11-20,,35143.57,0.0,,0.1642,403,2026-06-29 19:55:26.116757,2026-06-29 19:55:26.116757
1122,451,CREDIT,O,2019-02-05,,4861.48,5138.52,10000.0,0.1667,272,2026-06-29 19:55:26.116757,2026-06-29 19:55:26.116757
1123,452,LOAN,O,2016-06-07,,11132.49,0.0,,0.0657,248,2026-06-29 19:55:26.116757,2026-06-29 19:55:26.116757
1124,452,SAVINGS,C,2021-04-24,2026-04-23,29438.14,26494.33,,0.0727,433,2026-06-29 19:55:26.116757,2026-06-29 19:55:26.116757
1125,452,CHECKING,O,2024-09-15,,3309.17,2978.25,,0.0889,234,2026-06-29 19:55:26.116757,2026-06-29 19:55:26.116757
1126,452,CREDIT,O,2022-03-17,,3093.15,1906.85,5000.0,0.041,275,2026-06-29 19:55:26.116757,2026-06-29 19:55:26.116757
1127,453,SAVINGS,O,2022-07-27,,12481.0,11232.9,,0.0301,163,2026-06-29 19:55:26.116757,2026-06-29 19:55:26.116757
1128,453,CHECKING,O,2017-09-12,,45749.28,41174.35,,0.1107,190,2026-06-29 19:55:26.116757,2026-06-29 19:55:26.116757
1129,453,CREDIT,O,2019-05-16,,1025.78,3974.22,5000.0,0.177,341,2026-06-29 19:55:26.116757,2026-06-29 19:55:26.116757
1130,454,CREDIT,O,2014-09-24,,8098.0,6902.0,15000.0,0.0415,155,2026-06-29 19:55:26.116757,2026-06-29 19:55:26.116757
1131,454,CHECKING,O,2023-10-16,,9279.95,8351.96,,0.0072,477,2026-06-29 19:55:26.116757,2026-06-29 19:55:26.116757
1132,454,SAVINGS,O,2023-08-22,,39703.06,35732.75,,0.0372,235,2026-06-29 19:55:26.116757,2026-06-29 19:55:26.116757
1133,455,SAVINGS,O,2014-08-06,,51603.14,46442.83,,0.0746,459,2026-06-29 19:55:26.116757,2026-06-29 19:55:26.116757
1134,455,CHECKING,O,2025-05-09,,22831.09,20547.98,,0.236,294,2026-06-29 19:55:26.116757,2026-06-29 19:55:26.116757
1135,455,LOAN,C,2022-03-17,2024-10-12,40346.38,0.0,,0.2,374,2026-06-29 19:55:26.116757,2026-06-29 19:55:26.116757
1136,456,CREDIT,O,2014-08-04,,278.85,1721.15,2000.0,0.1381,158,2026-06-29 19:55:26.116757,2026-06-29 19:55:26.116757
1137,456,LOAN,O,2017-07-01,,2462.94,0.0,,0.1547,113,2026-06-29 19:55:26.116757,2026-06-29 19:55:26.116757
1138,456,CHECKING,O,2024-02-01,,35400.8,31860.72,,0.024,29,2026-06-29 19:55:26.116757,2026-06-29 19:55:26.116757
1139,456,SAVINGS,F,2018-02-17,,48456.17,43610.55,,0.0496,270,2026-06-29 19:55:26.116757,2026-06-29 19:55:26.116757
1140,457,CREDIT,C,2026-01-06,2026-04-27,167.18,1832.82,2000.0,0.2124,347,2026-06-29 19:55:26.116757,2026-06-29 19:55:26.116757
1141,457,CHECKING,O,2019-07-17,,53560.4,48204.36,,0.0227,263,2026-06-29 19:55:26.116757,2026-06-29 19:55:26.116757
1142,458,SAVINGS,O,2018-12-23,,72629.98,65366.98,,0.0909,76,2026-06-29 19:55:26.116757,2026-06-29 19:55:26.116757
1143,458,LOAN,O,2018-08-24,,43241.86,0.0,,0.1074,198,2026-06-29 19:55:26.116757,2026-06-29 19:55:26.116757
1144,458,CREDIT,O,2017-06-29,,121.91,9878.09,10000.0,0.0869,158,2026-06-29 19:55:26.116757,2026-06-29 19:55:26.116757
1145,458,CHECKING,O,2020-01-20,,78190.65,70371.58,,0.2186,45,2026-06-29 19:55:26.116757,2026-06-29 19:55:26.116757
1146,459,LOAN,O,2022-07-24,,59563.23,0.0,,0.201,148,2026-06-29 19:55:26.116757,2026-06-29 19:55:26.116757
1147,459,CREDIT,O,2024-04-25,,4028.36,971.64,5000.0,0.2425,218,2026-06-29 19:55:26.116757,2026-06-29 19:55:26.116757
1148,460,SAVINGS,O,2019-03-23,,16226.6,14603.94,,0.1191,445,2026-06-29 19:55:26.116757,2026-06-29 19:55:26.116757
1149,460,CREDIT,O,2015-09-17,,24665.96,334.04,25000.0,0.0175,492,2026-06-29 19:55:26.116757,2026-06-29 19:55:26.116757
1150,460,CHECKING,O,2020-08-02,,47049.65,42344.69,,0.0945,4,2026-06-29 19:55:26.116757,2026-06-29 19:55:26.116757
1151,460,LOAN,O,2022-05-21,,25158.18,0.0,,0.2286,213,2026-06-29 19:55:26.116757,2026-06-29 19:55:26.116757
1152,461,LOAN,O,2024-07-16,,34507.06,0.0,,0.2287,103,2026-06-29 19:55:26.116757,2026-06-29 19:55:26.116757
1153,461,CREDIT,O,2018-12-14,,4161.42,838.58,5000.0,0.073,252,2026-06-29 19:55:26.116757,2026-06-29 19:55:26.116757
1154,462,CREDIT,O,2022-03-16,,7597.86,17402.14,25000.0,0.1402,238,2026-06-29 19:55:26.116757,2026-06-29 19:55:26.116757
1155,463,CHECKING,O,2021-10-01,,11898.93,10709.04,,0.0757,328,2026-06-29 19:55:26.116757,2026-06-29 19:55:26.116757
1156,463,LOAN,C,2018-01-18,2018-12-17,50220.34,0.0,,0.1186,335,2026-06-29 19:55:26.116757,2026-06-29 19:55:26.116757
1157,464,LOAN,O,2015-04-02,,54500.8,0.0,,0.1615,15,2026-06-29 19:55:26.116757,2026-06-29 19:55:26.116757
1158,464,CHECKING,O,2026-04-09,,9108.05,8197.24,,0.07,497,2026-06-29 19:55:26.116757,2026-06-29 19:55:26.116757
1159,464,SAVINGS,O,2022-02-15,,4871.35,4384.22,,0.1866,298,2026-06-29 19:55:26.116757,2026-06-29 19:55:26.116757
1160,465,LOAN,O,2024-10-04,,23018.93,0.0,,0.1834,9,2026-06-29 19:55:26.116757,2026-06-29 19:55:26.116757
1161,465,SAVINGS,O,2017-08-08,,67545.05,60790.55,,0.0415,30,2026-06-29 19:55:26.116757,2026-06-29 19:55:26.116757
1162,465,CREDIT,O,2022-12-19,,1598.41,3401.59,5000.0,0.2196,70,2026-06-29 19:55:26.116757,2026-06-29 19:55:26.116757
1163,465,CHECKING,C,2025-02-15,2025-07-14,28269.53,25442.58,,0.0142,185,2026-06-29 19:55:26.116757,2026-06-29 19:55:26.116757
1164,466,CREDIT,O,2016-04-11,,15973.66,9026.34,25000.0,0.0201,100,2026-06-29 19:55:26.116757,2026-06-29 19:55:26.116757
1165,466,CHECKING,F,2023-08-13,,61198.62,55078.76,,0.0466,49,2026-06-29 19:55:26.116757,2026-06-29 19:55:26.116757
1166,466,SAVINGS,O,2025-03-19,,47700.38,42930.34,,0.0426,166,2026-06-29 19:55:26.116757,2026-06-29 19:55:26.116757
1167,466,LOAN,O,2024-02-03,,52474.14,0.0,,0.2068,351,2026-06-29 19:55:26.116757,2026-06-29 19:55:26.116757
1168,467,CREDIT,C,2024-01-20,2025-07-07,1068.84,931.16,2000.0,0.0885,74,2026-06-29 19:55:26.116757,2026-06-29 19:55:26.116757
1169,467,LOAN,O,2022-05-13,,1760.96,0.0,,0.13,191,2026-06-29 19:55:26.116757,2026-06-29 19:55:26.116757
1170,467,SAVINGS,O,2022-08-09,,62194.03,55974.63,,0.1035,472,2026-06-29 19:55:26.116757,2026-06-29 19:55:26.116757
1171,468,CHECKING,O,2023-02-01,,11941.67,10747.5,,0.056,97,2026-06-29 19:55:26.116757,2026-06-29 19:55:26.116757
1172,468,LOAN,O,2022-04-20,,47911.3,0.0,,0.14,354,2026-06-29 19:55:26.116757,2026-06-29 19:55:26.116757
1173,469,LOAN,O,2026-05-18,,28168.99,0.0,,0.02,420,2026-06-29 19:55:26.116757,2026-06-29 19:55:26.116757
1174,470,CHECKING,O,2017-08-01,,27530.9,24777.81,,0.173,72,2026-06-29 19:55:26.116757,2026-06-29 19:55:26.116757
1175,470,SAVINGS,O,2019-06-25,,65271.62,58744.46,,0.2225,306,2026-06-29 19:55:26.116757,2026-06-29 19:55:26.116757
1176,471,SAVINGS,O,2019-02-13,,1815.14,1633.63,,0.2037,114,2026-06-29 19:55:26.116757,2026-06-29 19:55:26.116757
1177,471,CREDIT,O,2014-11-29,,4284.08,715.92,5000.0,0.0364,117,2026-06-29 19:55:26.116757,2026-06-29 19:55:26.116757
1178,471,LOAN,O,2022-12-06,,19138.27,0.0,,0.0532,41,2026-06-29 19:55:26.116757,2026-06-29 19:55:26.116757
1179,472,CHECKING,O,2021-04-23,,60465.39,54418.85,,0.0116,56,2026-06-29 19:55:26.116757,2026-06-29 19:55:26.116757
1180,472,LOAN,O,2016-10-02,,2934.77,0.0,,0.1652,304,2026-06-29 19:55:26.116757,2026-06-29 19:55:26.116757
1181,472,CREDIT,O,2023-02-24,,938.16,1061.84,2000.0,0.2271,23,2026-06-29 19:55:26.116757,2026-06-29 19:55:26.116757
1182,472,SAVINGS,F,2017-02-20,,4832.91,4349.62,,0.1672,387,2026-06-29 19:55:26.116757,2026-06-29 19:55:26.116757
1183,473,CHECKING,O,2020-11-11,,73567.89,66211.1,,0.0521,462,2026-06-29 19:55:26.116757,2026-06-29 19:55:26.116757
1184,474,SAVINGS,O,2023-11-05,,27798.46,25018.61,,0.0236,434,2026-06-29 19:55:26.116757,2026-06-29 19:55:26.116757
1185,474,CREDIT,O,2025-04-18,,9487.92,512.08,10000.0,0.0876,83,2026-06-29 19:55:26.116757,2026-06-29 19:55:26.116757
1186,475,CHECKING,O,2022-07-01,,65476.71,58929.04,,0.191,271,2026-06-29 19:55:26.116757,2026-06-29 19:55:26.116757
1187,475,LOAN,C,2020-07-15,2025-07-27,13802.89,0.0,,0.0487,145,2026-06-29 19:55:26.116757,2026-06-29 19:55:26.116757
1188,476,CHECKING,O,2024-07-05,,7444.2,6699.78,,0.0543,259,2026-06-29 19:55:26.116757,2026-06-29 19:55:26.116757
1189,476,CREDIT,O,2024-12-08,,5496.95,9503.05,15000.0,0.1477,226,2026-06-29 19:55:26.116757,2026-06-29 19:55:26.116757
1190,477,SAVINGS,O,2016-08-25,,66696.74,60027.07,,0.2452,218,2026-06-29 19:55:26.116757,2026-06-29 19:55:26.116757
1191,478,SAVINGS,O,2015-08-27,,8584.06,7725.65,,0.2461,64,2026-06-29 19:55:26.116757,2026-06-29 19:55:26.116757
1192,478,LOAN,O,2016-01-06,,28488.2,0.0,,0.1304,254,2026-06-29 19:55:26.116757,2026-06-29 19:55:26.116757
1193,479,CREDIT,O,2017-07-28,,656.23,1343.77,2000.0,0.0298,146,2026-06-29 19:55:26.116757,2026-06-29 19:55:26.116757
1194,479,LOAN,O,2024-02-15,,27959.8,0.0,,0.1842,352,2026-06-29 19:55:26.116757,2026-06-29 19:55:26.116757
1195,479,CHECKING,O,2023-08-01,,78082.41,70274.17,,0.1115,284,2026-06-29 19:55:26.116757,2026-06-29 19:55:26.116757
1196,480,CREDIT,O,2016-09-02,,14086.23,913.77,15000.0,0.0925,7,2026-06-29 19:55:26.116757,2026-06-29 19:55:26.116757
1197,480,SAVINGS,O,2022-08-04,,79897.23,71907.51,,0.1234,54,2026-06-29 19:55:26.116757,2026-06-29 19:55:26.116757
1198,480,CHECKING,O,2018-06-29,,31407.77,28266.99,,0.1311,347,2026-06-29 19:55:26.116757,2026-06-29 19:55:26.116757
1199,480,LOAN,C,2015-07-22,2019-06-10,6015.35,0.0,,0.0367,206,2026-06-29 19:55:26.116757,2026-06-29 19:55:26.116757
1200,481,SAVINGS,O,2023-05-12,,4709.19,4238.27,,0.2437,174,2026-06-29 19:55:26.116757,2026-06-29 19:55:26.116757
1201,482,LOAN,C,2018-02-24,2024-09-21,14739.31,0.0,,0.1067,256,2026-06-29 19:55:26.116757,2026-06-29 19:55:26.116757
1202,482,CHECKING,O,2018-06-10,,21920.73,19728.66,,0.1786,298,2026-06-29 19:55:26.116757,2026-06-29 19:55:26.116757
1203,483,LOAN,O,2017-08-06,,40333.94,0.0,,0.2375,249,2026-06-29 19:55:26.116757,2026-06-29 19:55:26.116757
1204,483,SAVINGS,O,2017-12-30,,40668.87,36601.98,,0.0377,233,2026-06-29 19:55:26.116757,2026-06-29 19:55:26.116757
1205,483,CREDIT,O,2024-08-20,,244.38,1755.62,2000.0,0.1228,119,2026-06-29 19:55:26.116757,2026-06-29 19:55:26.116757
1206,484,CHECKING,O,2020-02-06,,58892.77,53003.49,,0.2077,256,2026-06-29 19:55:26.116757,2026-06-29 19:55:26.116757
1207,484,LOAN,O,2024-10-25,,41008.34,0.0,,0.2429,196,2026-06-29 19:55:26.116757,2026-06-29 19:55:26.116757
1208,485,SAVINGS,O,2021-06-12,,60693.8,54624.42,,0.1655,267,2026-06-29 19:55:26.116757,2026-06-29 19:55:26.116757
1209,485,LOAN,O,2025-09-29,,46286.75,0.0,,0.1983,104,2026-06-29 19:55:26.116757,2026-06-29 19:55:26.116757
1210,485,CHECKING,O,2015-05-05,,23131.82,20818.64,,0.1249,259,2026-06-29 19:55:26.116757,2026-06-29 19:55:26.116757
1211,486,CREDIT,O,2025-02-02,,1981.42,18.58,2000.0,0.2201,61,2026-06-29 19:55:26.116757,2026-06-29 19:55:26.116757
1212,486,LOAN,O,2020-06-15,,23634.16,0.0,,0.0793,193,2026-06-29 19:55:26.116757,2026-06-29 19:55:26.116757
1213,486,CHECKING,O,2024-10-30,,35125.77,31613.19,,0.01,91,2026-06-29 19:55:26.116757,2026-06-29 19:55:26.116757
1214,487,SAVINGS,O,2019-01-15,,10326.3,9293.67,,0.1791,250,2026-06-29 19:55:26.116757,2026-06-29 19:55:26.116757
1215,487,LOAN,O,2018-01-17,,46076.66,0.0,,0.1426,252,2026-06-29 19:55:26.116757,2026-06-29 19:55:26.116757
1216,487,CREDIT,F,2015-02-19,,17134.35,7865.65,25000.0,0.1434,244,2026-06-29 19:55:26.116757,2026-06-29 19:55:26.116757
1217,488,CHECKING,O,2024-09-02,,20702.97,18632.67,,0.1481,194,2026-06-29 19:55:26.116757,2026-06-29 19:55:26.116757
1218,488,SAVINGS,O,2016-02-16,,49163.64,44247.28,,0.0888,146,2026-06-29 19:55:26.116757,2026-06-29 19:55:26.116757
1219,489,CHECKING,F,2016-11-16,,9819.94,8837.95,,0.0922,415,2026-06-29 19:55:26.116757,2026-06-29 19:55:26.116757
1220,489,LOAN,O,2019-05-15,,44781.37,0.0,,0.0077,457,2026-06-29 19:55:26.116757,2026-06-29 19:55:26.116757
1221,489,CREDIT,O,2021-04-11,,3805.73,6194.27,10000.0,0.1076,183,2026-06-29 19:55:26.116757,2026-06-29 19:55:26.116757
1222,490,CREDIT,O,2025-04-18,,3240.41,1759.59,5000.0,0.1485,467,2026-06-29 19:55:26.116757,2026-06-29 19:55:26.116757
1223,490,CHECKING,O,2019-12-11,,54883.3,49394.97,,0.2173,59,2026-06-29 19:55:26.116757,2026-06-29 19:55:26.116757
1224,490,LOAN,O,2018-04-06,,20918.06,0.0,,0.0059,167,2026-06-29 19:55:26.116757,2026-06-29 19:55:26.116757
1225,490,SAVINGS,O,2023-01-08,,2508.9,2258.01,,0.1647,217,2026-06-29 19:55:26.116757,2026-06-29 19:55:26.116757
1226,491,CREDIT,O,2023-10-10,,3777.38,6222.62,10000.0,0.0981,294,2026-06-29 19:55:26.116757,2026-06-29 19:55:26.116757
1227,491,CHECKING,O,2020-04-20,,7366.92,6630.23,,0.1226,354,2026-06-29 19:55:26.116757,2026-06-29 19:55:26.116757
1228,491,SAVINGS,F,2022-01-04,,53846.46,48461.81,,0.0846,258,2026-06-29 19:55:26.116757,2026-06-29 19:55:26.116757
1229,491,LOAN,O,2016-08-06,,48875.97,0.0,,0.1671,86,2026-06-29 19:55:26.116757,2026-06-29 19:55:26.116757
1230,492,CREDIT,O,2022-01-19,,9531.66,5468.34,15000.0,0.2435,39,2026-06-29 19:55:26.116757,2026-06-29 19:55:26.116757
1231,492,SAVINGS,O,2014-07-19,,67150.63,60435.57,,0.1344,148,2026-06-29 19:55:26.116757,2026-06-29 19:55:26.116757
1232,492,CHECKING,O,2017-10-01,,20844.99,18760.49,,0.075,294,2026-06-29 19:55:26.116757,2026-06-29 19:55:26.116757
1233,493,SAVINGS,O,2023-07-25,,47145.1,42430.59,,0.069,291,2026-06-29 19:55:26.116757,2026-06-29 19:55:26.116757
1234,493,CREDIT,O,2016-07-01,,11881.71,13118.29,25000.0,0.0532,408,2026-06-29 19:55:26.116757,2026-06-29 19:55:26.116757
1235,493,CHECKING,O,2023-08-08,,5671.26,5104.13,,0.206,259,2026-06-29 19:55:26.116757,2026-06-29 19:55:26.116757
1236,493,LOAN,O,2020-04-29,,48443.48,0.0,,0.1088,277,2026-06-29 19:55:26.116757,2026-06-29 19:55:26.116757
1237,494,SAVINGS,O,2023-08-04,,19726.82,17754.14,,0.1293,344,2026-06-29 19:55:26.116757,2026-06-29 19:55:26.116757
1238,494,LOAN,O,2015-07-17,,46043.09,0.0,,0.046,10,2026-06-29 19:55:26.116757,2026-06-29 19:55:26.116757
1239,494,CREDIT,O,2021-10-24,,21567.75,3432.25,25000.0,0.1446,110,2026-06-29 19:55:26.116757,2026-06-29 19:55:26.116757
1240,495,CREDIT,O,2022-01-15,,5016.2,19983.8,25000.0,0.1161,124,2026-06-29 19:55:26.116757,2026-06-29 19:55:26.116757
1241,495,LOAN,O,2019-04-19,,9877.89,0.0,,0.1716,154,2026-06-29 19:55:26.116757,2026-06-29 19:55:26.116757
1242,495,SAVINGS,O,2025-12-30,,67451.82,60706.64,,0.1031,441,2026-06-29 19:55:26.116757,2026-06-29 19:55:26.116757
1243,495,CHECKING,O,2019-01-22,,66332.26,59699.03,,0.017,105,2026-06-29 19:55:26.116757,2026-06-29 19:55:26.116757
1244,496,CREDIT,O,2014-12-10,,5903.25,19096.75,25000.0,0.0604,77,2026-06-29 19:55:26.116757,2026-06-29 19:55:26.116757
1245,496,SAVINGS,O,2016-11-13,,14949.24,13454.32,,0.0621,424,2026-06-29 19:55:26.116757,2026-06-29 19:55:26.116757
1246,496,CHECKING,O,2018-12-09,,24498.52,22048.67,,0.1218,224,2026-06-29 19:55:26.116757,2026-06-29 19:55:26.116757
1247,496,LOAN,O,2014-08-29,,25899.13,0.0,,0.2264,104,2026-06-29 19:55:26.116757,2026-06-29 19:55:26.116757
1248,497,CREDIT,O,2018-05-01,,516.79,1483.21,2000.0,0.201,338,2026-06-29 19:55:26.116757,2026-06-29 19:55:26.116757
1249,497,CHECKING,O,2024-06-03,,43831.84,39448.66,,0.1614,22,2026-06-29 19:55:26.116757,2026-06-29 19:55:26.116757
1250,498,CHECKING,O,2016-10-05,,47928.78,43135.9,,0.2168,462,2026-06-29 19:55:26.116757,2026-06-29 19:55:26.116757
1251,498,LOAN,O,2022-07-22,,57350.22,0.0,,0.2242,344,2026-06-29 19:55:26.116757,2026-06-29 19:55:26.116757
1252,498,CREDIT,O,2021-12-16,,793.79,1206.21,2000.0,0.21,432,2026-06-29 19:55:26.116757,2026-06-29 19:55:26.116757
1253,498,SAVINGS,O,2017-06-16,,10815.09,9733.58,,0.0289,377,2026-06-29 19:55:26.116757,2026-06-29 19:55:26.116757
1254,499,CREDIT,O,2022-10-03,,13268.47,1731.53,15000.0,0.0603,63,2026-06-29 19:55:26.116757,2026-06-29 19:55:26.116757
1255,500,CREDIT,F,2018-08-05,,4677.5,322.5,5000.0,0.0553,55,2026-06-29 19:55:26.116757,2026-06-29 19:55:26.116757
1256,500,LOAN,O,2016-01-11,,11334.1,0.0,,0.2424,226,2026-06-29 19:55:26.116757,2026-06-29 19:55:26.116757
1257,500,SAVINGS,C,2019-01-23,2023-06-08,32374.23,29136.81,,0.2158,29,2026-06-29 19:55:26.116757,2026-06-29 19:55:26.116757
