customer_id,account_id,account_type,summary_period_start,summary_period_end,txn_count_total,txn_count_debit,txn_count_credit,txn_count_fee,amt_total_debit,amt_total_credit,amt_total_fees,amt_avg_debit,amt_avg_credit,amt_max_single_debit,amt_max_single_credit,distinct_merchants,top_merchant_category,pct_atm,pct_pos,pct_web,pct_mobile,days_since_last_txn,load_ts
4,11,LOAN,2025-06-29,2026-06-29,52,26.0,21.0,5.0,7817.13,11250.69,136.72,300.6588461538461,535.7471428571429,5222.85,8687.08,23,RETAIL,9.62,25.0,19.23,23.08,7,2026-06-29 19:55:28.785547+00:00
11,28,CREDIT,2025-06-29,2026-06-29,67,26.0,38.0,3.0,8167.21,15515.61,60.74,314.1234615384615,408.30552631578945,5757.45,9973.12,24,UTILITIES,7.46,26.87,25.37,22.39,11,2026-06-29 19:55:28.785547+00:00
12,30,CHECKING,2025-06-29,2026-06-29,58,42.0,13.0,3.0,4067.28,1954.21,101.12,96.84,150.32384615384615,311.99,311.45,35,RETAIL,18.97,27.59,24.14,20.69,0,2026-06-29 19:55:28.785547+00:00
13,34,SAVINGS,2025-06-29,2026-06-29,68,40.0,18.0,10.0,12939.87,1975.41,283.65,323.49675,109.745,7282.42,325.38,31,GROCERY,20.59,23.53,20.59,19.12,5,2026-06-29 19:55:28.785547+00:00
14,39,LOAN,2025-06-29,2026-06-29,28,15.0,10.0,3.0,2225.31,7471.8,75.02,148.354,747.18,249.2,6451.97,15,GROCERY,7.14,42.86,25.0,17.86,1,2026-06-29 19:55:28.785547+00:00
15,41,LOAN,2025-06-29,2026-06-29,66,31.0,29.0,6.0,10915.33,24013.71,148.51,352.1074193548387,828.0589655172414,7288.87,11616.65,27,RETAIL,21.21,30.3,19.7,18.18,4,2026-06-29 19:55:28.785547+00:00
17,48,SAVINGS,2025-06-29,2026-06-29,25,18.0,6.0,1.0,2213.11,599.85,23.21,122.95055555555555,99.975,417.05,172.51,16,ENTERTAINMENT,8.0,24.0,32.0,24.0,15,2026-06-29 19:55:28.785547+00:00
22,59,CHECKING,2025-06-29,2026-06-29,20,11.0,8.0,1.0,1513.31,1111.56,27.21,137.57363636363635,138.945,291.07,328.38,11,RETAIL,20.0,20.0,25.0,30.0,8,2026-06-29 19:55:28.785547+00:00
22,61,SAVINGS,2025-06-29,2026-06-29,65,34.0,20.0,11.0,3967.95,2410.97,270.71,116.70441176470588,120.5485,395.41,227.56,29,RETAIL,12.31,32.31,29.23,16.92,1,2026-06-29 19:55:28.785547+00:00
29,77,CREDIT,2025-06-29,2026-06-29,26,14.0,11.0,1.0,1934.56,7174.79,25.81,138.18285714285713,652.2536363636364,361.07,5686.39,12,HEALTHCARE,7.69,26.92,15.38,34.62,8,2026-06-29 19:55:28.785547+00:00
29,78,SAVINGS,2025-06-29,2026-06-29,57,37.0,15.0,5.0,36099.56,1873.54,147.18,975.6637837837837,124.90266666666666,9282.16,214.84,29,GROCERY,14.04,28.07,33.33,17.54,4,2026-06-29 19:55:28.785547+00:00
35,93,SAVINGS,2025-06-29,2026-06-29,70,46.0,17.0,7.0,4460.52,8258.66,190.87,96.96782608695652,485.8035294117647,297.52,5975.32,34,HEALTHCARE,12.86,28.57,18.57,22.86,0,2026-06-29 19:55:28.785547+00:00
37,98,CHECKING,2025-06-29,2026-06-29,60,40.0,18.0,2.0,13714.57,7134.1,41.42,342.86425,396.3388888888889,8703.01,5585.37,31,GAS_STATION,23.33,25.0,20.0,20.0,5,2026-06-29 19:55:28.785547+00:00
37,99,CREDIT,2025-06-29,2026-06-29,51,19.0,31.0,1.0,10302.11,9792.48,43.33,542.2163157894737,315.8864516129032,8391.46,6048.46,16,RETAIL,11.76,35.29,19.61,25.49,0,2026-06-29 19:55:28.785547+00:00
43,112,CREDIT,2025-06-29,2026-06-29,46,21.0,22.0,3.0,14251.25,14209.42,40.79,678.6309523809524,645.8827272727273,11634.05,11346.06,19,TRAVEL,13.04,30.43,28.26,15.22,23,2026-06-29 19:55:28.785547+00:00
45,116,LOAN,2025-06-29,2026-06-29,60,27.0,29.0,4.0,3719.6,25036.36,74.93,137.76296296296297,863.3227586206897,399.36,11243.91,23,GROCERY,10.0,20.0,18.33,25.0,4,2026-06-29 19:55:28.785547+00:00
47,119,SAVINGS,2025-06-29,2026-06-29,12,6.0,6.0,0.0,920.41,814.99,0.0,153.40166666666667,135.83166666666668,274.29,309.67,6,HEALTHCARE,16.67,25.0,16.67,33.33,35,2026-06-29 19:55:28.785547+00:00
49,121,CHECKING,2025-06-29,2026-06-29,35,20.0,10.0,5.0,2551.73,1123.64,124.52,127.5865,112.364,361.32,221.88,16,GROCERY,17.14,14.29,28.57,5.71,4,2026-06-29 19:55:28.785547+00:00
53,133,CREDIT,2025-06-29,2026-06-29,53,25.0,24.0,4.0,2904.66,12351.56,123.69,116.1864,514.6483333333333,272.08,9524.85,22,GROCERY,16.98,35.85,15.09,15.09,5,2026-06-29 19:55:28.785547+00:00
65,164,CREDIT,2025-06-29,2026-06-29,55,20.0,30.0,5.0,13387.19,16211.39,137.62,669.3595,540.3796666666667,10480.36,7019.08,14,RESTAURANT,16.36,34.55,21.82,18.18,9,2026-06-29 19:55:28.785547+00:00
74,184,LOAN,2025-06-29,2026-06-29,50,19.0,28.0,3.0,21470.96,15325.44,99.67,1130.0505263157895,547.3371428571429,11527.0,11472.44,19,RESTAURANT,20.0,34.0,26.0,12.0,5,2026-06-29 19:55:28.785547+00:00
77,197,CREDIT,2025-06-29,2026-06-29,62,26.0,29.0,7.0,2823.47,14489.33,196.33,108.595,499.63206896551725,265.72,10734.16,21,GROCERY,12.9,33.87,12.9,24.19,11,2026-06-29 19:55:28.785547+00:00
83,210,LOAN,2025-06-29,2026-06-29,33,15.0,16.0,2.0,1934.86,12220.43,77.61,128.99066666666667,763.776875,285.52,10291.14,12,GROCERY,15.15,24.24,30.3,12.12,1,2026-06-29 19:55:28.785547+00:00
87,224,SAVINGS,2025-06-29,2026-06-29,53,35.0,13.0,5.0,18948.1,1649.59,107.9,541.3742857142857,126.89153846153846,8065.45,233.71,28,INSURANCE,22.64,18.87,26.42,24.53,15,2026-06-29 19:55:28.785547+00:00
90,231,LOAN,2025-06-29,2026-06-29,19,7.0,8.0,4.0,9013.04,675.46,82.02,1287.577142857143,84.4325,7974.62,174.54,7,GROCERY,15.79,47.37,21.05,10.53,20,2026-06-29 19:55:28.785547+00:00
95,244,CHECKING,2025-06-29,2026-06-29,62,45.0,13.0,4.0,39374.25,1128.29,116.42,874.9833333333333,86.79153846153847,11009.91,261.8,36,RESTAURANT,12.9,25.81,22.58,27.42,0,2026-06-29 19:55:28.785547+00:00
98,251,CREDIT,2025-06-29,2026-06-29,40,12.0,21.0,7.0,1715.33,24400.29,151.74,142.94416666666666,1161.9185714285713,247.76,11290.86,11,RESTAURANT,10.0,30.0,15.0,35.0,4,2026-06-29 19:55:28.785547+00:00
98,252,LOAN,2025-06-29,2026-06-29,38,15.0,20.0,3.0,1743.71,2820.59,83.46,116.24733333333333,141.0295,208.72,387.31,14,GROCERY,23.68,31.58,18.42,7.89,3,2026-06-29 19:55:28.785547+00:00
100,256,LOAN,2025-06-29,2026-06-29,63,28.0,28.0,7.0,3577.09,21342.67,250.42,127.75321428571428,762.2382142857143,366.44,9491.5,26,RESTAURANT,12.7,25.4,20.63,25.4,1,2026-06-29 19:55:28.785547+00:00
102,261,LOAN,2025-06-29,2026-06-29,65,26.0,31.0,8.0,14192.96,3715.01,210.3,545.8830769230769,119.83903225806452,10790.25,361.61,22,GROCERY,15.38,29.23,23.08,23.08,8,2026-06-29 19:55:28.785547+00:00
110,280,CREDIT,2025-06-29,2026-06-29,48,16.0,27.0,5.0,1987.28,14228.89,146.3,124.205,526.9959259259259,295.41,10770.25,12,GROCERY,22.92,29.17,20.83,16.67,14,2026-06-29 19:55:28.785547+00:00
113,286,CREDIT,2025-06-29,2026-06-29,22,10.0,10.0,2.0,1069.07,1416.25,30.71,106.907,141.625,190.66,398.03,9,GROCERY,22.73,40.91,9.09,13.64,4,2026-06-29 19:55:28.785547+00:00
123,312,SAVINGS,2025-06-29,2026-06-29,19,15.0,3.0,1.0,6601.33,598.3,17.61,440.08866666666665,199.43333333333334,5292.17,237.77,12,ENTERTAINMENT,26.32,42.11,10.53,15.79,3,2026-06-29 19:55:28.785547+00:00
128,325,LOAN,2025-06-29,2026-06-29,50,15.0,31.0,4.0,1499.03,29702.21,114.74,99.93533333333333,958.1358064516129,285.48,10268.05,13,ENTERTAINMENT,24.0,38.0,22.0,12.0,5,2026-06-29 19:55:28.785547+00:00
130,333,CHECKING,2025-06-29,2026-06-29,41,27.0,10.0,4.0,3757.85,9828.01,108.69,139.17962962962963,982.801,432.36,8858.84,23,GROCERY,21.95,29.27,17.07,17.07,1,2026-06-29 19:55:28.785547+00:00
137,350,CHECKING,2025-06-29,2026-06-29,38,27.0,7.0,4.0,24125.66,808.58,112.35,893.542962962963,115.51142857142857,11697.86,172.27,22,INSURANCE,13.16,31.58,18.42,18.42,22,2026-06-29 19:55:28.785547+00:00
141,359,CREDIT,2025-06-29,2026-06-29,37,12.0,23.0,2.0,2113.63,12903.8,46.38,176.13583333333332,561.0347826086957,609.23,10542.16,12,GAS_STATION,13.51,35.14,13.51,18.92,3,2026-06-29 19:55:28.785547+00:00
147,374,CREDIT,2025-06-29,2026-06-29,63,27.0,32.0,4.0,13175.27,22431.74,123.19,487.972962962963,700.991875,9408.35,12083.09,25,GROCERY,19.05,30.16,22.22,15.87,5,2026-06-29 19:55:28.785547+00:00
153,388,SAVINGS,2025-06-29,2026-06-29,13,6.0,7.0,0.0,724.62,802.01,0.0,120.77,114.57285714285715,240.78,226.29,6,INSURANCE,23.08,7.69,15.38,7.69,12,2026-06-29 19:55:28.785547+00:00
158,401,CREDIT,2025-06-29,2026-06-29,15,6.0,9.0,0.0,1084.64,1453.7,0.0,180.77333333333334,161.5222222222222,477.75,367.66,5,GAS_STATION,13.33,40.0,26.67,6.67,0,2026-06-29 19:55:28.785547+00:00
166,414,CREDIT,2025-06-29,2026-06-29,48,22.0,25.0,1.0,2462.58,18357.77,23.66,111.93545454545455,734.3108,310.68,8515.56,21,RETAIL,10.42,33.33,22.92,16.67,1,2026-06-29 19:55:28.785547+00:00
169,421,LOAN,2025-06-29,2026-06-29,67,29.0,33.0,5.0,25152.28,14025.11,193.86,867.32,425.00333333333333,11356.33,10390.72,24,GROCERY,14.93,28.36,29.85,16.42,8,2026-06-29 19:55:28.785547+00:00
171,429,LOAN,2025-06-29,2026-06-29,17,8.0,7.0,2.0,1074.44,12439.43,63.08,134.305,1777.0614285714287,314.49,11375.69,8,GAS_STATION,23.53,23.53,17.65,11.76,48,2026-06-29 19:55:28.785547+00:00
172,431,SAVINGS,2025-06-29,2026-06-29,44,28.0,16.0,0.0,7831.39,11647.57,0.0,279.6925,727.973125,5513.73,9692.46,22,TRAVEL,29.55,22.73,18.18,13.64,4,2026-06-29 19:55:28.785547+00:00
177,441,CREDIT,2025-06-29,2026-06-29,53,28.0,20.0,5.0,3465.16,2460.74,140.22,123.75571428571429,123.037,242.29,341.64,22,RETAIL,22.64,32.08,20.75,13.21,6,2026-06-29 19:55:28.785547+00:00
179,450,LOAN,2025-06-29,2026-06-29,41,17.0,23.0,1.0,2390.11,16049.87,18.85,140.59470588235294,697.8204347826087,343.14,8032.05,17,HEALTHCARE,14.63,26.83,19.51,17.07,2,2026-06-29 19:55:28.785547+00:00
181,455,CREDIT,2025-06-29,2026-06-29,38,15.0,20.0,3.0,2057.09,2867.57,89.91,137.13933333333333,143.3785,307.44,617.75,13,RESTAURANT,7.89,31.58,21.05,31.58,13,2026-06-29 19:55:28.785547+00:00
181,456,SAVINGS,2025-06-29,2026-06-29,28,16.0,10.0,2.0,13760.03,1118.65,51.28,860.001875,111.865,11486.45,265.01,13,INSURANCE,14.29,21.43,32.14,17.86,19,2026-06-29 19:55:28.785547+00:00
186,467,SAVINGS,2025-06-29,2026-06-29,66,37.0,25.0,4.0,21581.57,17038.58,125.69,583.2856756756756,681.5432,10376.94,7188.47,30,RESTAURANT,18.18,30.3,22.73,10.61,3,2026-06-29 19:55:28.785547+00:00
189,473,CREDIT,2025-06-29,2026-06-29,53,19.0,33.0,1.0,2796.18,9172.77,39.37,147.16736842105263,277.96272727272725,310.55,5215.48,19,RETAIL,16.98,30.19,24.53,15.09,0,2026-06-29 19:55:28.785547+00:00
194,485,CHECKING,2025-06-29,2026-06-29,60,43.0,12.0,5.0,29658.35,9225.28,113.31,689.7290697674418,768.7733333333333,12050.3,7896.73,36,INSURANCE,18.33,35.0,16.67,18.33,1,2026-06-29 19:55:28.785547+00:00
199,501,CREDIT,2025-06-29,2026-06-29,17,7.0,10.0,0.0,835.63,967.22,0.0,119.37571428571428,96.722,287.97,183.91,5,RESTAURANT,17.65,29.41,23.53,17.65,11,2026-06-29 19:55:28.785547+00:00
200,503,SAVINGS,2025-06-29,2026-06-29,62,38.0,21.0,3.0,14336.24,13636.45,100.64,377.26947368421054,649.3547619047619,10490.17,11040.73,34,GROCERY,14.52,27.42,24.19,17.74,15,2026-06-29 19:55:28.785547+00:00
201,504,CREDIT,2025-06-29,2026-06-29,32,11.0,16.0,5.0,913.7,1762.81,125.31,83.06363636363636,110.175625,172.47,248.62,10,GROCERY,18.75,18.75,31.25,28.13,14,2026-06-29 19:55:28.785547+00:00
206,517,LOAN,2025-06-29,2026-06-29,41,18.0,19.0,4.0,2416.14,2659.9,104.07,134.23,139.99473684210525,329.24,283.73,14,GAS_STATION,21.95,21.95,21.95,21.95,3,2026-06-29 19:55:28.785547+00:00
207,520,SAVINGS,2025-06-29,2026-06-29,72,45.0,20.0,7.0,13805.5,2775.18,232.56,306.7888888888889,138.759,8904.98,386.77,31,ENTERTAINMENT,15.28,36.11,19.44,13.89,3,2026-06-29 19:55:28.785547+00:00
209,527,CHECKING,2025-06-29,2026-06-29,68,45.0,18.0,5.0,6079.66,2203.73,157.81,135.10355555555554,122.42944444444444,333.37,410.89,37,GAS_STATION,17.65,38.24,14.71,20.59,0,2026-06-29 19:55:28.785547+00:00
210,530,CREDIT,2025-06-29,2026-06-29,22,11.0,10.0,1.0,1894.52,1280.77,10.8,172.2290909090909,128.077,300.12,273.75,9,GROCERY,13.64,36.36,18.18,22.73,0,2026-06-29 19:55:28.785547+00:00
212,536,CREDIT,2025-06-29,2026-06-29,45,16.0,23.0,6.0,2264.64,3483.52,158.83,141.54,151.45739130434782,395.01,376.92,14,GAS_STATION,24.44,31.11,13.33,17.78,4,2026-06-29 19:55:28.785547+00:00
215,543,CREDIT,2025-06-29,2026-06-29,74,27.0,38.0,9.0,3442.99,12745.44,231.44,127.51814814814814,335.4063157894737,592.59,7234.49,23,HEALTHCARE,22.97,27.03,17.57,18.92,5,2026-06-29 19:55:28.785547+00:00
215,544,CHECKING,2025-06-29,2026-06-29,55,41.0,10.0,4.0,32030.24,1451.8,138.41,781.2253658536586,145.18,10432.91,386.95,36,EDUCATION,14.55,40.0,18.18,21.82,3,2026-06-29 19:55:28.785547+00:00
218,553,SAVINGS,2025-06-29,2026-06-29,14,10.0,3.0,1.0,1187.92,260.54,27.56,118.792,86.84666666666666,222.2,167.95,9,RETAIL,28.57,42.86,0.0,7.14,10,2026-06-29 19:55:28.785547+00:00
221,559,SAVINGS,2025-06-29,2026-06-29,58,37.0,15.0,6.0,20873.51,2016.38,114.62,564.1489189189189,134.42533333333333,9510.8,285.47,30,HEALTHCARE,12.07,31.03,17.24,22.41,0,2026-06-29 19:55:28.785547+00:00
223,568,CHECKING,2025-06-29,2026-06-29,24,18.0,3.0,3.0,11047.47,215.33,91.13,613.7483333333333,71.77666666666667,9080.42,108.42,12,RETAIL,29.17,33.33,25.0,8.33,25,2026-06-29 19:55:28.785547+00:00
224,569,CHECKING,2025-06-29,2026-06-29,45,26.0,17.0,2.0,25655.92,13854.47,55.52,986.7661538461539,814.9688235294118,11788.47,11943.37,23,GROCERY,17.78,42.22,26.67,6.67,10,2026-06-29 19:55:28.785547+00:00
228,579,LOAN,2025-06-29,2026-06-29,33,15.0,14.0,4.0,2277.75,1851.24,93.67,151.85,132.23142857142858,599.67,276.79,13,RETAIL,27.27,27.27,24.24,12.12,2,2026-06-29 19:55:28.785547+00:00
235,598,LOAN,2025-06-29,2026-06-29,28,12.0,13.0,3.0,11817.0,1822.25,92.84,984.75,140.17307692307693,10404.18,384.01,12,ENTERTAINMENT,17.86,46.43,10.71,17.86,1,2026-06-29 19:55:28.785547+00:00
236,601,CHECKING,2025-06-29,2026-06-29,67,41.0,21.0,5.0,4365.15,3033.06,142.11,106.46707317073171,144.43142857142857,341.93,319.74,31,UTILITIES,25.37,38.81,13.43,13.43,1,2026-06-29 19:55:28.785547+00:00
243,615,SAVINGS,2025-06-29,2026-06-29,59,41.0,14.0,4.0,6397.8,13329.16,83.7,156.04390243902438,952.0828571428572,472.52,11885.42,33,RESTAURANT,18.64,23.73,22.03,15.25,4,2026-06-29 19:55:28.785547+00:00
251,638,CREDIT,2025-06-29,2026-06-29,36,19.0,14.0,3.0,12679.32,9810.42,58.93,667.3326315789474,700.7442857142858,11018.59,8453.47,14,GROCERY,16.67,33.33,25.0,11.11,3,2026-06-29 19:55:28.785547+00:00
253,647,SAVINGS,2025-06-29,2026-06-29,22,11.0,9.0,2.0,18057.0,1239.14,64.74,1641.5454545454545,137.6822222222222,9555.86,236.02,10,GAS_STATION,13.64,36.36,22.73,13.64,1,2026-06-29 19:55:28.785547+00:00
254,649,CREDIT,2025-06-29,2026-06-29,59,18.0,35.0,6.0,21875.28,23566.1,130.4,1215.2933333333333,673.3171428571428,10602.33,9873.33,15,GROCERY,15.25,32.2,28.81,11.86,31,2026-06-29 19:55:28.785547+00:00
263,666,SAVINGS,2025-06-29,2026-06-29,19,15.0,3.0,1.0,6800.05,606.66,18.55,453.33666666666664,202.22,5426.7,378.57,14,ENTERTAINMENT,26.32,31.58,10.53,26.32,0,2026-06-29 19:55:28.785547+00:00
263,667,LOAN,2025-06-29,2026-06-29,66,24.0,40.0,2.0,11834.08,15498.92,36.78,493.08666666666664,387.473,9556.31,11014.03,20,HEALTHCARE,10.61,31.82,19.7,21.21,1,2026-06-29 19:55:28.785547+00:00
264,670,CREDIT,2025-06-29,2026-06-29,71,30.0,30.0,11.0,35792.11,16255.24,307.48,1193.0703333333333,541.8413333333333,11831.26,12108.33,27,GROCERY,21.13,35.21,11.27,14.08,20,2026-06-29 19:55:28.785547+00:00
264,672,LOAN,2025-06-29,2026-06-29,68,25.0,33.0,10.0,3496.93,9525.18,311.55,139.8772,288.64181818181817,357.13,5781.22,19,RETAIL,20.59,32.35,19.12,19.12,0,2026-06-29 19:55:28.785547+00:00
264,673,SAVINGS,2025-06-29,2026-06-29,27,17.0,9.0,1.0,2832.72,1431.6,23.99,166.6305882352941,159.06666666666666,654.87,277.74,17,RETAIL,22.22,25.93,22.22,18.52,31,2026-06-29 19:55:28.785547+00:00
271,686,CHECKING,2025-06-29,2026-06-29,21,10.0,10.0,1.0,1097.4,1593.99,16.8,109.74,159.399,208.7,431.34,10,GROCERY,4.76,19.05,23.81,38.1,48,2026-06-29 19:55:28.785547+00:00
278,703,CREDIT,2025-06-29,2026-06-29,25,11.0,12.0,2.0,9392.34,1621.55,62.21,853.8490909090909,135.12916666666666,8293.65,355.54,9,GAS_STATION,20.0,32.0,28.0,16.0,1,2026-06-29 19:55:28.785547+00:00
279,705,SAVINGS,2025-06-29,2026-06-29,31,23.0,5.0,3.0,10760.46,555.71,108.62,467.84608695652173,111.142,7841.84,187.34,21,ENTERTAINMENT,16.13,22.58,22.58,12.9,1,2026-06-29 19:55:28.785547+00:00
280,708,LOAN,2025-06-29,2026-06-29,35,15.0,15.0,5.0,2078.76,2422.23,174.2,138.584,161.482,300.8,274.2,11,INSURANCE,25.71,28.57,14.29,22.86,8,2026-06-29 19:55:28.785547+00:00
283,713,SAVINGS,2025-06-29,2026-06-29,41,28.0,10.0,3.0,15817.3,1735.49,54.77,564.9035714285715,173.549,6644.5,302.21,25,RETAIL,31.71,19.51,24.39,12.2,3,2026-06-29 19:55:28.785547+00:00
284,718,CHECKING,2025-06-29,2026-06-29,45,31.0,9.0,5.0,3862.22,1460.51,140.7,124.58774193548388,162.2788888888889,529.03,331.64,25,GROCERY,13.33,31.11,22.22,22.22,16,2026-06-29 19:55:28.785547+00:00
285,720,CHECKING,2025-06-29,2026-06-29,26,17.0,6.0,3.0,2395.33,796.7,79.73,140.90176470588236,132.78333333333333,414.95,204.24,15,RETAIL,19.23,23.08,19.23,19.23,2,2026-06-29 19:55:28.785547+00:00
285,721,CREDIT,2025-06-29,2026-06-29,34,15.0,19.0,0.0,1587.15,12998.64,0.0,105.81,684.1389473684211,223.02,10462.73,14,GROCERY,20.59,23.53,14.71,23.53,0,2026-06-29 19:55:28.785547+00:00
287,726,CREDIT,2025-06-29,2026-06-29,52,15.0,34.0,3.0,2428.0,9812.21,113.63,161.86666666666667,288.5944117647059,348.54,6558.5,15,GROCERY,19.23,32.69,23.08,11.54,1,2026-06-29 19:55:28.785547+00:00
288,729,LOAN,2025-06-29,2026-06-29,34,12.0,21.0,1.0,1230.07,2775.27,43.58,102.50583333333333,132.15571428571428,226.48,280.32,12,RESTAURANT,32.35,17.65,26.47,17.65,8,2026-06-29 19:55:28.785547+00:00
292,739,CHECKING,2025-06-29,2026-06-29,57,36.0,15.0,6.0,14955.93,12177.95,161.13,415.4425,811.8633333333333,9561.75,10967.77,30,ENTERTAINMENT,15.79,24.56,21.05,19.3,13,2026-06-29 19:55:28.785547+00:00
295,750,SAVINGS,2025-06-29,2026-06-29,22,13.0,7.0,2.0,2022.43,833.05,47.73,155.57153846153847,119.00714285714285,370.27,209.12,12,HEALTHCARE,4.55,27.27,27.27,22.73,17,2026-06-29 19:55:28.785547+00:00
296,756,CREDIT,2025-06-29,2026-06-29,69,22.0,40.0,7.0,3053.74,4864.15,175.61,138.80636363636364,121.60375,335.96,404.75,19,GROCERY,18.84,26.09,24.64,10.14,3,2026-06-29 19:55:28.785547+00:00
301,767,SAVINGS,2025-06-29,2026-06-29,33,23.0,9.0,1.0,2643.46,7285.84,12.07,114.93304347826087,809.5377777777778,353.07,6407.65,19,TRAVEL,24.24,24.24,27.27,15.15,5,2026-06-29 19:55:28.785547+00:00
301,768,CHECKING,2025-06-29,2026-06-29,31,15.0,13.0,3.0,1459.54,1219.61,82.43,97.30266666666667,93.81615384615385,184.8,222.99,15,GAS_STATION,25.81,32.26,19.35,12.9,39,2026-06-29 19:55:28.785547+00:00
302,770,SAVINGS,2025-06-29,2026-06-29,56,30.0,23.0,3.0,4282.86,2797.49,72.41,142.762,121.63,637.78,366.57,25,ENTERTAINMENT,17.86,25.0,28.57,12.5,16,2026-06-29 19:55:28.785547+00:00
303,771,SAVINGS,2025-06-29,2026-06-29,27,19.0,8.0,0.0,2313.66,11897.8,0.0,121.77157894736843,1487.225,212.78,11040.64,15,GROCERY,11.11,29.63,18.52,22.22,7,2026-06-29 19:55:28.785547+00:00
308,780,LOAN,2025-06-29,2026-06-29,69,23.0,44.0,2.0,2884.86,11237.45,47.25,125.42869565217391,255.39659090909092,359.4,6010.54,21,TRAVEL,13.04,36.23,20.29,13.04,10,2026-06-29 19:55:28.785547+00:00
316,801,CREDIT,2025-06-29,2026-06-29,58,17.0,32.0,9.0,2073.46,11957.83,255.48,121.96823529411765,373.6821875,364.22,7823.98,15,RESTAURANT,29.31,36.21,15.52,12.07,3,2026-06-29 19:55:28.785547+00:00
317,805,SAVINGS,2025-06-29,2026-06-29,42,29.0,8.0,5.0,17890.22,1068.0,162.44,616.9041379310345,133.5,8901.23,267.65,24,EDUCATION,21.43,40.48,11.9,16.67,0,2026-06-29 19:55:28.785547+00:00
320,814,SAVINGS,2025-06-29,2026-06-29,44,29.0,13.0,2.0,10810.55,2351.49,69.6,372.77758620689656,180.88384615384615,7199.41,361.69,26,ENTERTAINMENT,20.45,22.73,27.27,22.73,13,2026-06-29 19:55:28.785547+00:00
323,820,CHECKING,2025-06-29,2026-06-29,40,23.0,13.0,4.0,10701.99,11746.45,148.52,465.30391304347825,903.5730769230769,7724.2,10543.7,22,GAS_STATION,15.0,42.5,15.0,17.5,22,2026-06-29 19:55:28.785547+00:00
335,842,CHECKING,2025-06-29,2026-06-29,17,9.0,8.0,0.0,9066.92,7189.01,0.0,1007.4355555555555,898.62625,7941.72,6488.99,9,HEALTHCARE,23.53,29.41,29.41,5.88,43,2026-06-29 19:55:28.785547+00:00
339,850,LOAN,2025-06-29,2026-06-29,26,6.0,17.0,3.0,5693.72,2116.69,86.9,948.9533333333334,124.51117647058824,5145.56,357.61,6,RESTAURANT,11.54,30.77,7.69,23.08,0,2026-06-29 19:55:28.785547+00:00
342,857,SAVINGS,2025-06-29,2026-06-29,32,20.0,12.0,0.0,13384.03,1467.01,0.0,669.2015,122.25083333333333,10406.82,256.91,18,HEALTHCARE,21.88,28.13,21.88,15.63,13,2026-06-29 19:55:28.785547+00:00
345,863,CHECKING,2025-06-29,2026-06-29,34,24.0,7.0,3.0,41658.14,738.07,89.01,1735.7558333333334,105.43857142857142,11978.75,222.42,22,RESTAURANT,20.59,26.47,29.41,14.71,1,2026-06-29 19:55:28.785547+00:00
346,865,CHECKING,2025-06-29,2026-06-29,33,20.0,10.0,3.0,2651.76,990.24,73.49,132.588,99.024,338.64,358.45,19,GROCERY,12.12,42.42,15.15,15.15,15,2026-06-29 19:55:28.785547+00:00
351,876,CREDIT,2025-06-29,2026-06-29,34,14.0,18.0,2.0,1754.04,1973.48,32.43,125.28857142857143,109.63777777777777,278.19,293.21,10,GROCERY,11.76,32.35,14.71,26.47,8,2026-06-29 19:55:28.785547+00:00
351,877,LOAN,2025-06-29,2026-06-29,59,21.0,31.0,7.0,3132.38,20476.32,205.47,149.16095238095238,660.5264516129032,389.62,9373.62,21,RESTAURANT,15.25,25.42,22.03,15.25,1,2026-06-29 19:55:28.785547+00:00
353,883,CREDIT,2025-06-29,2026-06-29,19,6.0,12.0,1.0,794.91,1810.21,28.57,132.485,150.85083333333333,278.7,287.44,6,GROCERY,15.79,42.11,15.79,10.53,8,2026-06-29 19:55:28.785547+00:00
358,896,SAVINGS,2025-06-29,2026-06-29,43,28.0,11.0,4.0,11977.51,10231.42,98.64,427.7682142857143,930.1290909090909,9130.15,8794.97,25,HEALTHCARE,20.93,25.58,18.6,16.28,5,2026-06-29 19:55:28.785547+00:00
358,897,CREDIT,2025-06-29,2026-06-29,36,9.0,25.0,2.0,774.66,17426.61,50.3,86.07333333333334,697.0644,224.96,7402.85,9,HEALTHCARE,27.78,33.33,11.11,22.22,2,2026-06-29 19:55:28.785547+00:00
361,901,SAVINGS,2025-06-29,2026-06-29,30,16.0,12.0,2.0,1592.8,1799.01,59.8,99.55,149.9175,238.66,357.99,15,RESTAURANT,10.0,33.33,20.0,23.33,1,2026-06-29 19:55:28.785547+00:00
361,903,CREDIT,2025-06-29,2026-06-29,22,13.0,9.0,0.0,13062.75,915.5,0.0,1004.8269230769231,101.72222222222223,11860.82,175.65,11,EDUCATION,22.73,13.64,13.64,31.82,1,2026-06-29 19:55:28.785547+00:00
367,918,LOAN,2025-06-29,2026-06-29,35,16.0,13.0,6.0,9516.01,1401.68,182.25,594.750625,107.82153846153847,7805.53,195.6,14,GROCERY,11.43,28.57,22.86,14.29,1,2026-06-29 19:55:28.785547+00:00
368,920,CREDIT,2025-06-29,2026-06-29,73,28.0,44.0,1.0,13446.26,23403.96,12.63,480.2235714285714,531.9081818181818,10938.05,11760.27,25,GROCERY,16.44,27.4,21.92,12.33,0,2026-06-29 19:55:28.785547+00:00
370,926,CHECKING,2025-06-29,2026-06-29,59,34.0,16.0,9.0,31935.51,15408.53,275.55,939.2797058823529,963.033125,11888.51,7182.56,26,RETAIL,23.73,23.73,23.73,18.64,7,2026-06-29 19:55:28.785547+00:00
372,932,CHECKING,2025-06-29,2026-06-29,18,13.0,5.0,0.0,2060.46,813.46,0.0,158.49692307692308,162.692,429.71,325.87,13,TRAVEL,11.11,27.78,22.22,22.22,0,2026-06-29 19:55:28.785547+00:00
375,938,CREDIT,2025-06-29,2026-06-29,25,4.0,19.0,2.0,422.34,10949.68,67.59,105.585,576.2989473684211,230.8,9207.78,4,GAS_STATION,12.0,20.0,16.0,16.0,51,2026-06-29 19:55:28.785547+00:00
379,949,LOAN,2025-06-29,2026-06-29,63,21.0,30.0,12.0,2349.22,4418.57,287.86,111.86761904761904,147.28566666666666,272.15,330.67,19,UTILITIES,14.29,31.75,26.98,15.87,2,2026-06-29 19:55:28.785547+00:00
388,969,CREDIT,2025-06-29,2026-06-29,29,14.0,15.0,0.0,1458.71,2161.86,0.0,104.19357142857143,144.124,302.6,283.92,13,RESTAURANT,6.9,20.69,37.93,17.24,1,2026-06-29 19:55:28.785547+00:00
391,976,SAVINGS,2025-06-29,2026-06-29,49,27.0,20.0,2.0,16632.23,3025.35,68.08,616.0085185185185,151.2675,7867.5,248.65,25,UTILITIES,28.57,16.33,18.37,16.33,2,2026-06-29 19:55:28.785547+00:00
394,983,CHECKING,2025-06-29,2026-06-29,71,43.0,19.0,9.0,13152.21,2009.92,301.81,305.8653488372093,105.78526315789473,6866.6,236.71,33,GAS_STATION,19.72,29.58,21.13,15.49,6,2026-06-29 19:55:28.785547+00:00
394,984,LOAN,2025-06-29,2026-06-29,53,20.0,31.0,2.0,2787.95,4188.18,42.3,139.3975,135.10258064516128,381.08,388.08,14,GROCERY,16.98,30.19,28.3,20.75,2,2026-06-29 19:55:28.785547+00:00
396,990,CHECKING,2025-06-29,2026-06-29,63,36.0,20.0,7.0,4596.6,2299.54,165.02,127.68333333333334,114.977,318.7,212.82,28,GAS_STATION,20.63,31.75,22.22,12.7,0,2026-06-29 19:55:28.785547+00:00
396,991,SAVINGS,2025-06-29,2026-06-29,27,18.0,8.0,1.0,2438.67,825.04,41.29,135.48166666666665,103.13,315.0,311.39,16,GROCERY,22.22,37.04,11.11,18.52,17,2026-06-29 19:55:28.785547+00:00
404,1007,CHECKING,2025-06-29,2026-06-29,59,39.0,18.0,2.0,29690.02,9040.51,73.7,761.2825641025642,502.25055555555554,9553.18,7164.9,30,RETAIL,20.34,23.73,25.42,16.95,5,2026-06-29 19:55:28.785547+00:00
406,1015,CHECKING,2025-06-29,2026-06-29,33,23.0,8.0,2.0,18028.94,501.77,53.37,783.8669565217391,62.72125,10188.56,132.4,19,HEALTHCARE,9.09,39.39,12.12,15.15,13,2026-06-29 19:55:28.785547+00:00
407,1016,SAVINGS,2025-06-29,2026-06-29,15,6.0,9.0,0.0,624.54,552.73,0.0,104.09,61.41444444444444,179.28,112.1,6,RESTAURANT,40.0,26.67,20.0,6.67,16,2026-06-29 19:55:28.785547+00:00
409,1021,SAVINGS,2025-06-29,2026-06-29,40,26.0,6.0,8.0,8853.65,8358.96,188.39,340.525,1393.16,5165.87,7663.53,23,HEALTHCARE,17.5,30.0,10.0,22.5,4,2026-06-29 19:55:28.785547+00:00
412,1028,CHECKING,2025-06-29,2026-06-29,63,39.0,17.0,7.0,10711.06,11191.94,207.43,274.6425641025641,658.3494117647059,5312.53,9014.61,31,GROCERY,22.22,20.63,22.22,20.63,1,2026-06-29 19:55:28.785547+00:00
413,1031,LOAN,2025-06-29,2026-06-29,59,29.0,25.0,5.0,11472.28,2514.33,128.12,395.5958620689655,100.5732,8532.87,358.96,24,TRAVEL,15.25,38.98,16.95,22.03,1,2026-06-29 19:55:28.785547+00:00
414,1034,LOAN,2025-06-29,2026-06-29,46,27.0,17.0,2.0,3408.15,1899.46,52.71,126.22777777777777,111.73294117647059,306.97,278.94,26,RESTAURANT,21.74,32.61,21.74,4.35,7,2026-06-29 19:55:28.785547+00:00
416,1038,SAVINGS,2025-06-29,2026-06-29,47,28.0,14.0,5.0,14758.48,9934.27,149.03,527.0885714285714,709.5907142857143,5780.93,8435.89,22,TRAVEL,19.15,36.17,17.02,12.77,6,2026-06-29 19:55:28.785547+00:00
428,1064,LOAN,2025-06-29,2026-06-29,29,12.0,15.0,2.0,1752.19,2032.72,71.56,146.01583333333335,135.51466666666667,289.62,338.38,11,TRAVEL,13.79,31.03,24.14,17.24,1,2026-06-29 19:55:28.785547+00:00
429,1067,SAVINGS,2025-06-29,2026-06-29,61,40.0,20.0,1.0,17413.65,2194.99,36.7,435.34125,109.7495,6336.43,238.06,31,RETAIL,18.03,19.67,19.67,29.51,0,2026-06-29 19:55:28.785547+00:00
431,1074,CHECKING,2025-06-29,2026-06-29,42,27.0,9.0,6.0,13008.4,900.54,198.97,481.7925925925926,100.06,10357.56,252.02,24,GAS_STATION,11.9,38.1,19.05,19.05,20,2026-06-29 19:55:28.785547+00:00
437,1090,SAVINGS,2025-06-29,2026-06-29,20,15.0,5.0,0.0,9783.82,522.78,0.0,652.2546666666667,104.556,7546.84,140.42,14,GROCERY,15.0,50.0,20.0,15.0,17,2026-06-29 19:55:28.785547+00:00
439,1092,SAVINGS,2025-06-29,2026-06-29,18,8.0,7.0,3.0,688.51,831.86,104.12,86.06375,118.83714285714285,163.73,258.55,6,INSURANCE,11.11,38.89,16.67,27.78,0,2026-06-29 19:55:28.785547+00:00
445,1105,CHECKING,2025-06-29,2026-06-29,60,38.0,14.0,8.0,10404.11,1786.29,228.37,273.79236842105263,127.59214285714286,6520.01,286.72,28,GROCERY,20.0,26.67,25.0,20.0,15,2026-06-29 19:55:28.785547+00:00
450,1115,SAVINGS,2025-06-29,2026-06-29,34,19.0,13.0,2.0,11985.55,1454.83,62.37,630.8184210526316,111.91,9852.7,209.23,16,ENTERTAINMENT,20.59,20.59,29.41,14.71,2,2026-06-29 19:55:28.785547+00:00
452,1124,SAVINGS,2025-06-29,2026-06-29,56,29.0,18.0,9.0,10699.66,2196.86,234.03,368.9537931034483,122.04777777777778,6549.62,498.01,24,GROCERY,21.43,23.21,25.0,16.07,11,2026-06-29 19:55:28.785547+00:00
455,1133,SAVINGS,2025-06-29,2026-06-29,66,39.0,23.0,4.0,4206.03,21996.11,114.37,107.84692307692308,956.3526086956522,458.73,10052.71,34,GROCERY,19.7,24.24,18.18,30.3,0,2026-06-29 19:55:28.785547+00:00
458,1145,CHECKING,2025-06-29,2026-06-29,51,31.0,14.0,6.0,24004.63,1722.73,187.58,774.3429032258065,123.05214285714285,11544.76,340.62,26,TRAVEL,11.76,27.45,25.49,19.61,10,2026-06-29 19:55:28.785547+00:00
463,1156,LOAN,2025-06-29,2026-06-29,23,10.0,11.0,2.0,11147.81,1365.22,55.61,1114.781,124.11090909090909,10101.88,245.94,8,GAS_STATION,26.09,52.17,8.7,13.04,30,2026-06-29 19:55:28.785547+00:00
467,1168,CREDIT,2025-06-29,2026-06-29,64,21.0,36.0,7.0,3049.95,3992.0,184.72,145.2357142857143,110.88888888888889,434.93,278.28,20,GROCERY,15.63,31.25,26.56,18.75,3,2026-06-29 19:55:28.785547+00:00
468,1171,CHECKING,2025-06-29,2026-06-29,58,39.0,16.0,3.0,15318.37,8093.76,94.68,392.77871794871794,505.86,11061.97,6366.91,30,RESTAURANT,8.62,37.93,13.79,18.97,0,2026-06-29 19:55:28.785547+00:00
480,1198,CHECKING,2025-06-29,2026-06-29,32,17.0,12.0,3.0,18610.52,1080.95,90.2,1094.7364705882353,90.07916666666667,8708.77,215.7,13,INSURANCE,25.0,25.0,18.75,28.13,7,2026-06-29 19:55:28.785547+00:00
483,1203,LOAN,2025-06-29,2026-06-29,18,5.0,11.0,2.0,757.61,1888.18,67.98,151.522,171.65272727272728,236.24,345.34,5,ENTERTAINMENT,33.33,11.11,27.78,22.22,42,2026-06-29 19:55:28.785547+00:00
490,1224,LOAN,2025-06-29,2026-06-29,30,10.0,16.0,4.0,1446.12,2225.22,99.27,144.612,139.07625,317.71,312.22,9,GROCERY,16.67,33.33,16.67,13.33,53,2026-06-29 19:55:28.785547+00:00
1,1,LOAN,2025-06-29,2026-06-29,74,32.0,37.0,5.0,15086.1,12502.52,149.8,471.440625,337.905945945946,10970.04,7443.76,29,EDUCATION,9.46,32.43,20.27,21.62,4,2026-06-29 19:55:28.785547+00:00
1,2,SAVINGS,2025-06-29,2026-06-29,52,27.0,20.0,5.0,20976.31,2813.16,135.32,776.9003703703704,140.658,12101.24,821.61,22,EDUCATION,23.08,34.62,23.08,13.46,2,2026-06-29 19:55:28.785547+00:00
2,5,CHECKING,2025-06-29,2026-06-29,17,13.0,3.0,1.0,1360.55,521.69,39.2,104.6576923076923,173.89666666666668,276.39,294.96,12,HEALTHCARE,5.88,17.65,41.18,23.53,26,2026-06-29 19:55:28.785547+00:00
4,10,SAVINGS,2025-06-29,2026-06-29,39,29.0,7.0,3.0,4054.23,9097.19,57.04,139.8010344827586,1299.5985714285714,357.55,7914.57,21,GROCERY,30.77,23.08,17.95,15.38,10,2026-06-29 19:55:28.785547+00:00
8,20,CHECKING,2025-06-29,2026-06-29,33,24.0,5.0,4.0,20301.8,518.54,90.6,845.9083333333333,103.708,9256.32,286.38,18,GROCERY,15.15,27.27,30.3,18.18,5,2026-06-29 19:55:28.785547+00:00
8,21,CREDIT,2025-06-29,2026-06-29,54,20.0,30.0,4.0,2844.52,3871.37,115.44,142.226,129.04566666666668,387.82,341.67,15,GROCERY,24.07,29.63,22.22,12.96,13,2026-06-29 19:55:28.785547+00:00
17,49,CHECKING,2025-06-29,2026-06-29,15,10.0,4.0,1.0,1049.59,560.87,20.29,104.959,140.2175,385.37,204.66,9,HEALTHCARE,20.0,13.33,20.0,40.0,13,2026-06-29 19:55:28.785547+00:00
27,71,SAVINGS,2025-06-29,2026-06-29,41,24.0,14.0,3.0,2485.19,1378.57,51.37,103.54958333333333,98.46928571428572,258.63,218.31,18,HEALTHCARE,9.76,26.83,17.07,31.71,7,2026-06-29 19:55:28.785547+00:00
28,73,SAVINGS,2025-06-29,2026-06-29,56,38.0,13.0,5.0,18854.05,1730.68,134.83,496.1592105263158,133.12923076923076,9361.3,233.09,34,GROCERY,17.86,37.5,8.93,19.64,2,2026-06-29 19:55:28.785547+00:00
35,94,CHECKING,2025-06-29,2026-06-29,33,22.0,9.0,2.0,2455.07,1030.09,36.52,111.59409090909091,114.45444444444445,300.0,284.63,19,GROCERY,15.15,30.3,21.21,24.24,2,2026-06-29 19:55:28.785547+00:00
40,107,CREDIT,2025-06-29,2026-06-29,22,13.0,8.0,1.0,15604.97,10188.4,40.02,1200.3823076923077,1273.55,7660.39,8946.18,13,RETAIL,13.64,54.55,4.55,9.09,3,2026-06-29 19:55:28.785547+00:00
54,137,SAVINGS,2025-06-29,2026-06-29,19,12.0,3.0,4.0,6699.58,232.94,79.03,558.2983333333333,77.64666666666666,5526.96,138.03,10,GROCERY,15.79,26.32,31.58,5.26,15,2026-06-29 19:55:28.785547+00:00
57,145,CHECKING,2025-06-29,2026-06-29,28,15.0,12.0,1.0,1247.53,8374.44,17.12,83.16866666666667,697.87,254.27,7362.33,14,GROCERY,25.0,28.57,17.86,7.14,5,2026-06-29 19:55:28.785547+00:00
57,146,LOAN,2025-06-29,2026-06-29,36,15.0,17.0,4.0,2012.19,2405.81,95.1,134.146,141.51823529411766,299.84,397.09,14,GAS_STATION,11.11,30.56,22.22,22.22,3,2026-06-29 19:55:28.785547+00:00
60,156,SAVINGS,2025-06-29,2026-06-29,45,33.0,8.0,4.0,12601.04,954.87,99.29,381.849696969697,119.35875,8522.49,166.44,27,UTILITIES,24.44,26.67,22.22,13.33,2,2026-06-29 19:55:28.785547+00:00
62,159,SAVINGS,2025-06-29,2026-06-29,57,36.0,16.0,5.0,10766.08,10032.34,145.8,299.0577777777778,627.02125,6859.51,7788.98,28,CRYPTO_EXCHANGE,17.54,33.33,22.81,15.79,0,2026-06-29 19:55:28.785547+00:00
63,161,CREDIT,2025-06-29,2026-06-29,30,10.0,18.0,2.0,1139.92,1978.93,29.1,113.992,109.94055555555556,247.27,288.35,8,GROCERY,10.0,40.0,13.33,23.33,6,2026-06-29 19:55:28.785547+00:00
63,162,LOAN,2025-06-29,2026-06-29,21,7.0,13.0,1.0,754.76,13034.19,29.15,107.82285714285715,1002.63,163.06,11245.23,5,GROCERY,9.52,28.57,33.33,14.29,29,2026-06-29 19:55:28.785547+00:00
71,176,LOAN,2025-06-29,2026-06-29,59,20.0,33.0,6.0,2976.53,4590.08,152.63,148.8265,139.09333333333333,392.86,411.32,19,ENTERTAINMENT,23.73,20.34,27.12,15.25,8,2026-06-29 19:55:28.785547+00:00
73,182,CHECKING,2025-06-29,2026-06-29,58,38.0,13.0,7.0,43309.57,1575.55,218.84,1139.7255263157895,121.19615384615385,10582.13,261.66,33,HEALTHCARE,15.52,32.76,25.86,18.97,10,2026-06-29 19:55:28.785547+00:00
81,205,CHECKING,2025-06-29,2026-06-29,51,34.0,14.0,3.0,11313.56,1631.29,97.31,332.75176470588235,116.52071428571429,6600.06,331.66,29,RESTAURANT,15.69,23.53,31.37,19.61,0,2026-06-29 19:55:28.785547+00:00
82,209,CREDIT,2025-06-29,2026-06-29,19,9.0,9.0,1.0,1331.77,1293.15,44.2,147.97444444444446,143.68333333333334,260.12,228.93,8,GROCERY,21.05,15.79,31.58,10.53,30,2026-06-29 19:55:28.785547+00:00
83,212,CHECKING,2025-06-29,2026-06-29,52,31.0,19.0,2.0,3403.82,12206.07,46.33,109.80064516129032,642.4247368421053,343.61,10617.32,28,RESTAURANT,25.0,23.08,17.31,17.31,7,2026-06-29 19:55:28.785547+00:00
85,217,SAVINGS,2025-06-29,2026-06-29,57,38.0,16.0,3.0,19768.03,9392.54,71.81,520.2113157894737,587.03375,10167.92,7468.81,33,GAS_STATION,22.81,22.81,15.79,21.05,2,2026-06-29 19:55:28.785547+00:00
87,222,LOAN,2025-06-29,2026-06-29,41,14.0,23.0,4.0,1549.14,2784.98,121.17,110.65285714285714,121.08608695652174,228.45,331.37,14,RESTAURANT,14.63,29.27,17.07,19.51,1,2026-06-29 19:55:28.785547+00:00
88,225,LOAN,2025-06-29,2026-06-29,32,12.0,20.0,0.0,13295.98,14125.92,0.0,1107.9983333333332,706.296,11616.19,6854.93,12,GROCERY,25.0,40.63,6.25,9.38,4,2026-06-29 19:55:28.785547+00:00
100,254,CHECKING,2025-06-29,2026-06-29,49,31.0,15.0,3.0,18340.72,1901.09,84.76,591.636129032258,126.73933333333333,8710.93,250.82,24,GAS_STATION,24.49,32.65,20.41,12.24,15,2026-06-29 19:55:28.785547+00:00
101,258,CREDIT,2025-06-29,2026-06-29,26,11.0,13.0,2.0,8262.1,8643.3,61.1,751.1,664.8692307692307,6605.91,6558.71,9,GAS_STATION,19.23,23.08,26.92,15.38,7,2026-06-29 19:55:28.785547+00:00
108,275,CHECKING,2025-06-29,2026-06-29,71,47.0,19.0,5.0,12861.6,1917.01,157.39,273.65106382978723,100.89526315789473,6841.74,222.0,35,HEALTHCARE,18.31,25.35,18.31,16.9,2,2026-06-29 19:55:28.785547+00:00
113,288,SAVINGS,2025-06-29,2026-06-29,22,15.0,7.0,0.0,2453.57,15920.82,0.0,163.57133333333334,2274.402857142857,575.86,7701.8,15,RETAIL,18.18,45.45,4.55,18.18,10,2026-06-29 19:55:28.785547+00:00
117,296,LOAN,2025-06-29,2026-06-29,45,19.0,24.0,2.0,2174.76,2738.9,65.94,114.46105263157895,114.12083333333334,326.42,304.77,16,TRAVEL,22.22,22.22,20.0,15.56,14,2026-06-29 19:55:28.785547+00:00
118,299,LOAN,2025-06-29,2026-06-29,63,25.0,34.0,4.0,2897.5,23417.25,106.89,115.9,688.7426470588235,329.36,11491.63,21,GAS_STATION,25.4,28.57,20.63,14.29,1,2026-06-29 19:55:28.785547+00:00
119,302,SAVINGS,2025-06-29,2026-06-29,32,22.0,7.0,3.0,2661.0,646.22,69.32,120.95454545454545,92.31714285714285,358.13,152.61,21,GROCERY,21.88,25.0,31.25,6.25,8,2026-06-29 19:55:28.785547+00:00
120,305,CHECKING,2025-06-29,2026-06-29,65,46.0,14.0,5.0,5377.93,1549.96,138.57,116.91152173913044,110.71142857142857,379.29,244.67,36,RESTAURANT,13.85,27.69,32.31,15.38,19,2026-06-29 19:55:28.785547+00:00
121,306,LOAN,2025-06-29,2026-06-29,28,11.0,17.0,0.0,1588.87,1974.63,0.0,144.44272727272727,116.15470588235294,360.83,262.94,10,GAS_STATION,21.43,35.71,17.86,10.71,47,2026-06-29 19:55:28.785547+00:00
122,310,SAVINGS,2025-06-29,2026-06-29,20,13.0,6.0,1.0,10107.72,996.52,33.84,777.516923076923,166.08666666666667,8883.34,297.59,13,GROCERY,20.0,10.0,10.0,35.0,3,2026-06-29 19:55:28.785547+00:00
129,330,LOAN,2025-06-29,2026-06-29,63,23.0,36.0,4.0,2452.77,22640.56,100.54,106.64217391304348,628.9044444444445,264.89,11593.77,20,RESTAURANT,9.52,30.16,28.57,17.46,0,2026-06-29 19:55:28.785547+00:00
133,340,CHECKING,2025-06-29,2026-06-29,24,17.0,5.0,2.0,12415.72,729.22,69.79,730.3364705882353,145.844,5477.13,319.8,15,GAS_STATION,12.5,20.83,12.5,29.17,1,2026-06-29 19:55:28.785547+00:00
140,357,LOAN,2025-06-29,2026-06-29,34,15.0,17.0,2.0,1744.61,2163.22,76.44,116.30733333333333,127.24823529411765,307.34,318.06,14,RETAIL,17.65,44.12,8.82,20.59,4,2026-06-29 19:55:28.785547+00:00
142,365,LOAN,2025-06-29,2026-06-29,38,18.0,16.0,4.0,2757.35,1773.83,97.59,153.1861111111111,110.864375,417.6,345.24,17,RETAIL,15.79,31.58,28.95,15.79,22,2026-06-29 19:55:28.785547+00:00
147,371,SAVINGS,2025-06-29,2026-06-29,30,22.0,5.0,3.0,2720.16,763.03,62.6,123.64363636363636,152.606,321.36,364.1,19,RETAIL,10.0,33.33,20.0,26.67,1,2026-06-29 19:55:28.785547+00:00
149,376,SAVINGS,2025-06-29,2026-06-29,54,37.0,10.0,7.0,13152.81,8658.08,195.81,355.48135135135135,865.808,8681.46,7704.23,28,TRAVEL,5.56,29.63,25.93,22.22,20,2026-06-29 19:55:28.785547+00:00
156,394,CHECKING,2025-06-29,2026-06-29,65,45.0,14.0,6.0,13268.48,1626.08,158.67,294.8551111111111,116.14857142857143,8384.61,227.59,35,RESTAURANT,16.92,35.38,15.38,15.38,21,2026-06-29 19:55:28.785547+00:00
158,400,LOAN,2025-06-29,2026-06-29,43,13.0,25.0,5.0,14225.77,3421.65,178.35,1094.29,136.866,7327.04,436.28,12,GAS_STATION,16.28,27.91,18.6,23.26,9,2026-06-29 19:55:28.785547+00:00
161,406,CREDIT,2025-06-29,2026-06-29,30,14.0,14.0,2.0,1666.67,1602.47,45.99,119.04785714285714,114.46214285714285,237.67,336.3,11,GROCERY,26.67,23.33,20.0,23.33,5,2026-06-29 19:55:28.785547+00:00
162,408,SAVINGS,2025-06-29,2026-06-29,23,14.0,8.0,1.0,2307.07,8324.79,44.11,164.79071428571427,1040.59875,463.12,7687.61,9,EDUCATION,17.39,21.74,21.74,17.39,0,2026-06-29 19:55:28.785547+00:00
172,432,CHECKING,2025-06-29,2026-06-29,17,13.0,2.0,2.0,1839.84,10753.75,50.74,141.52615384615385,5376.875,404.45,10529.66,13,RESTAURANT,17.65,11.76,29.41,23.53,1,2026-06-29 19:55:28.785547+00:00
174,434,CHECKING,2025-06-29,2026-06-29,59,33.0,21.0,5.0,11772.54,10710.81,205.55,356.74363636363637,510.0385714285714,7881.85,8297.39,31,RETAIL,16.95,33.9,16.95,22.03,9,2026-06-29 19:55:28.785547+00:00
175,437,SAVINGS,2025-06-29,2026-06-29,29,20.0,6.0,3.0,12936.24,588.49,52.71,646.812,98.08166666666666,10656.17,162.13,17,INSURANCE,6.9,24.14,17.24,20.69,2,2026-06-29 19:55:28.785547+00:00
176,439,SAVINGS,2025-06-29,2026-06-29,42,29.0,10.0,3.0,18188.49,1373.71,90.99,627.1893103448276,137.371,7552.32,436.6,24,RETAIL,14.29,38.1,11.9,19.05,7,2026-06-29 19:55:28.785547+00:00
190,474,CREDIT,2025-06-29,2026-06-29,26,14.0,10.0,2.0,1781.15,21516.89,50.65,127.225,2151.689,324.32,10711.98,11,TRAVEL,19.23,23.08,26.92,19.23,3,2026-06-29 19:55:28.785547+00:00
190,476,CHECKING,2025-06-29,2026-06-29,28,16.0,12.0,0.0,2008.33,1405.42,0.0,125.520625,117.11833333333334,424.86,379.1,15,GROCERY,7.14,46.43,21.43,14.29,0,2026-06-29 19:55:28.785547+00:00
192,479,LOAN,2025-06-29,2026-06-29,46,18.0,23.0,5.0,2074.42,2788.48,87.14,115.24555555555555,121.23826086956522,318.42,365.41,14,RESTAURANT,15.22,32.61,15.22,26.09,7,2026-06-29 19:55:28.785547+00:00
193,480,LOAN,2025-06-29,2026-06-29,64,28.0,33.0,3.0,3963.74,16219.48,69.11,141.56214285714285,491.49939393939394,305.9,12165.88,21,ENTERTAINMENT,15.63,34.38,23.44,10.94,13,2026-06-29 19:55:28.785547+00:00
193,483,SAVINGS,2025-06-29,2026-06-29,37,23.0,11.0,3.0,10332.43,1335.44,77.44,449.2360869565217,121.40363636363637,6948.64,252.26,19,GROCERY,29.73,21.62,24.32,13.51,3,2026-06-29 19:55:28.785547+00:00
196,490,CREDIT,2025-06-29,2026-06-29,20,13.0,6.0,1.0,8245.35,675.49,18.27,634.2576923076923,112.58166666666666,6951.37,212.26,12,ENTERTAINMENT,20.0,35.0,10.0,25.0,3,2026-06-29 19:55:28.785547+00:00
197,493,SAVINGS,2025-06-29,2026-06-29,58,35.0,20.0,3.0,15754.02,8255.67,77.17,450.11485714285715,412.7835,11165.18,5729.13,28,UTILITIES,17.24,25.86,25.86,27.59,2,2026-06-29 19:55:28.785547+00:00
217,550,SAVINGS,2025-06-29,2026-06-29,59,43.0,13.0,3.0,20898.46,1684.15,66.8,486.0106976744186,129.55,10767.41,330.89,34,GAMBLING,16.95,44.07,15.25,11.86,7,2026-06-29 19:55:28.785547+00:00
219,555,LOAN,2025-06-29,2026-06-29,31,11.0,18.0,2.0,7480.16,2658.78,28.17,680.0145454545454,147.71,6024.99,363.56,8,TRAVEL,12.9,35.48,22.58,12.9,3,2026-06-29 19:55:28.785547+00:00
221,560,LOAN,2025-06-29,2026-06-29,36,10.0,21.0,5.0,952.22,11904.5,130.88,95.222,566.8809523809524,233.81,8961.46,9,GROCERY,13.89,30.56,19.44,16.67,20,2026-06-29 19:55:28.785547+00:00
221,562,CREDIT,2025-06-29,2026-06-29,55,20.0,29.0,6.0,8025.61,2898.4,194.94,401.2805,99.9448275862069,5435.55,341.93,18,GROCERY,18.18,32.73,14.55,12.73,8,2026-06-29 19:55:28.785547+00:00
227,576,LOAN,2025-06-29,2026-06-29,61,22.0,35.0,4.0,3461.56,10108.12,125.34,157.34363636363636,288.8034285714286,608.43,6381.46,20,GROCERY,18.03,26.23,22.95,16.39,3,2026-06-29 19:55:28.785547+00:00
230,584,SAVINGS,2025-06-29,2026-06-29,43,25.0,15.0,3.0,9105.32,1846.05,100.4,364.2128,123.07,6390.02,446.52,20,GAS_STATION,20.93,37.21,18.6,9.3,10,2026-06-29 19:55:28.785547+00:00
230,585,CHECKING,2025-06-29,2026-06-29,28,21.0,7.0,0.0,2528.39,563.71,0.0,120.39952380952381,80.53,273.38,213.4,19,ENTERTAINMENT,21.43,32.14,35.71,7.14,9,2026-06-29 19:55:28.785547+00:00
233,595,CREDIT,2025-06-29,2026-06-29,27,12.0,12.0,3.0,968.75,1432.19,106.81,80.72916666666667,119.34916666666666,179.02,223.94,12,RETAIL,22.22,25.93,18.52,22.22,16,2026-06-29 19:55:28.785547+00:00
238,603,CHECKING,2025-06-29,2026-06-29,49,27.0,19.0,3.0,11191.35,2452.07,108.65,414.49444444444447,129.05631578947367,7859.43,313.17,23,INSURANCE,12.24,36.73,16.33,20.41,10,2026-06-29 19:55:28.785547+00:00
242,612,CREDIT,2025-06-29,2026-06-29,18,8.0,10.0,0.0,831.58,1145.26,0.0,103.9475,114.526,152.45,200.46,8,RETAIL,5.56,16.67,33.33,27.78,16,2026-06-29 19:55:28.785547+00:00
243,614,CHECKING,2025-06-29,2026-06-29,27,23.0,2.0,2.0,3569.05,205.28,58.88,155.17608695652174,102.64,708.36,125.55,17,INSURANCE,14.81,22.22,37.04,11.11,26,2026-06-29 19:55:28.785547+00:00
243,616,LOAN,2025-06-29,2026-06-29,39,14.0,20.0,5.0,1593.41,12610.12,140.11,113.815,630.506,320.19,9779.88,14,GROCERY,23.08,23.08,25.64,12.82,18,2026-06-29 19:55:28.785547+00:00
245,623,LOAN,2025-06-29,2026-06-29,56,20.0,27.0,9.0,2626.03,13571.32,287.66,131.3015,502.6414814814815,272.09,9861.32,18,RETAIL,17.86,37.5,14.29,10.71,9,2026-06-29 19:55:28.785547+00:00
247,629,CHECKING,2025-06-29,2026-06-29,44,30.0,11.0,3.0,4205.17,1190.01,65.2,140.17233333333334,108.18272727272728,406.52,189.31,25,GROCERY,22.73,22.73,27.27,9.09,2,2026-06-29 19:55:28.785547+00:00
247,631,LOAN,2025-06-29,2026-06-29,75,33.0,34.0,8.0,4540.56,15241.43,216.51,137.59272727272727,448.27735294117645,411.47,10978.82,29,GROCERY,20.0,33.33,20.0,10.67,2,2026-06-29 19:55:28.785547+00:00
248,632,LOAN,2025-06-29,2026-06-29,30,14.0,13.0,3.0,11968.94,13408.15,66.28,854.9242857142857,1031.3961538461538,9888.93,12093.93,13,UTILITIES,16.67,26.67,26.67,13.33,5,2026-06-29 19:55:28.785547+00:00
251,639,CHECKING,2025-06-29,2026-06-29,36,19.0,15.0,2.0,25309.86,1482.46,73.65,1332.0978947368421,98.83066666666667,11807.4,325.21,16,GROCERY,22.22,33.33,13.89,16.67,11,2026-06-29 19:55:28.785547+00:00
256,654,CREDIT,2025-06-29,2026-06-29,51,20.0,29.0,2.0,17912.99,15589.16,55.24,895.6495,537.5572413793103,8972.65,11567.3,15,GROCERY,21.57,19.61,37.25,15.69,5,2026-06-29 19:55:28.785547+00:00
258,657,SAVINGS,2025-06-29,2026-06-29,65,49.0,13.0,3.0,24186.33,12504.28,95.67,493.5985714285714,961.8676923076923,11288.87,11006.2,38,GAS_STATION,16.92,32.31,21.54,21.54,25,2026-06-29 19:55:28.785547+00:00
260,663,SAVINGS,2025-06-29,2026-06-29,32,18.0,10.0,4.0,1875.91,940.39,103.04,104.21722222222222,94.039,250.73,268.06,16,UTILITIES,12.5,43.75,3.13,28.13,9,2026-06-29 19:55:28.785547+00:00
272,688,CREDIT,2025-06-29,2026-06-29,44,17.0,22.0,5.0,10057.29,2736.12,184.72,591.6052941176471,124.36909090909091,8166.28,311.01,15,RETAIL,11.36,27.27,27.27,18.18,3,2026-06-29 19:55:28.785547+00:00
273,689,LOAN,2025-06-29,2026-06-29,59,23.0,33.0,3.0,32455.61,4014.22,54.0,1411.1134782608697,121.6430303030303,11898.58,458.25,21,RETAIL,15.25,18.64,27.12,27.12,7,2026-06-29 19:55:28.785547+00:00
283,715,CHECKING,2025-06-29,2026-06-29,75,46.0,22.0,7.0,7250.17,13545.52,194.29,157.61239130434782,615.7054545454546,497.59,6190.56,36,GROCERY,14.67,33.33,25.33,13.33,6,2026-06-29 19:55:28.785547+00:00
284,717,CREDIT,2025-06-29,2026-06-29,53,25.0,24.0,4.0,2983.75,9647.01,104.71,119.35,401.95875,501.1,6981.03,21,GROCERY,9.43,37.74,16.98,20.75,24,2026-06-29 19:55:28.785547+00:00
288,727,CREDIT,2025-06-29,2026-06-29,47,22.0,22.0,3.0,18276.77,2628.61,80.62,830.7622727272727,119.48227272727273,9134.93,217.11,16,RETAIL,19.15,23.4,17.02,29.79,0,2026-06-29 19:55:28.785547+00:00
292,741,LOAN,2025-06-29,2026-06-29,54,19.0,33.0,2.0,1862.55,23497.63,51.86,98.02894736842106,712.0493939393939,405.48,11466.55,16,ENTERTAINMENT,20.37,27.78,24.07,20.37,5,2026-06-29 19:55:28.785547+00:00
295,749,CREDIT,2025-06-29,2026-06-29,28,11.0,12.0,5.0,1667.03,1017.87,124.2,151.54818181818183,84.8225,309.52,209.55,11,GROCERY,25.0,21.43,21.43,17.86,13,2026-06-29 19:55:28.785547+00:00
299,763,CHECKING,2025-06-29,2026-06-29,71,37.0,27.0,7.0,5156.06,9391.84,149.55,139.35297297297296,347.84592592592594,367.62,6138.08,29,UTILITIES,16.9,23.94,21.13,29.58,4,2026-06-29 19:55:28.785547+00:00
301,766,CREDIT,2025-06-29,2026-06-29,73,34.0,32.0,7.0,12271.73,4113.39,183.69,360.93323529411765,128.5434375,7653.17,498.34,26,TRAVEL,16.44,34.25,16.44,20.55,3,2026-06-29 19:55:28.785547+00:00
307,776,CHECKING,2025-06-29,2026-06-29,58,34.0,17.0,7.0,4227.8,2621.65,171.78,124.34705882352941,154.21470588235294,489.53,669.23,28,GAS_STATION,15.52,36.21,15.52,22.41,0,2026-06-29 19:55:28.785547+00:00
308,781,CREDIT,2025-06-29,2026-06-29,18,9.0,9.0,0.0,757.71,1005.06,0.0,84.19,111.67333333333333,178.87,236.22,9,ENTERTAINMENT,11.11,11.11,16.67,38.89,42,2026-06-29 19:55:28.785547+00:00
311,786,SAVINGS,2025-06-29,2026-06-29,57,31.0,20.0,6.0,12578.44,14243.81,165.41,405.75612903225806,712.1905,9288.09,12232.34,24,EDUCATION,21.05,40.35,14.04,12.28,5,2026-06-29 19:55:28.785547+00:00
312,793,CREDIT,2025-06-29,2026-06-29,37,12.0,23.0,2.0,1472.88,2801.2,68.08,122.74,121.79130434782608,274.92,361.55,10,RESTAURANT,29.73,24.32,18.92,16.22,3,2026-06-29 19:55:28.785547+00:00
315,798,CHECKING,2025-06-29,2026-06-29,16,12.0,4.0,0.0,912.01,251.95,0.0,76.00083333333333,62.9875,183.31,158.2,10,UTILITIES,18.75,25.0,18.75,31.25,38,2026-06-29 19:55:28.785547+00:00
316,802,LOAN,2025-06-29,2026-06-29,50,21.0,24.0,5.0,20878.79,22594.71,125.36,994.2280952380952,941.44625,9975.97,10478.27,20,GROCERY,24.0,24.0,22.0,12.0,4,2026-06-29 19:55:28.785547+00:00
316,803,CHECKING,2025-06-29,2026-06-29,27,16.0,8.0,3.0,1827.19,819.52,66.69,114.199375,102.44,242.21,170.79,16,TRAVEL,3.7,33.33,11.11,33.33,9,2026-06-29 19:55:28.785547+00:00
321,815,SAVINGS,2025-06-29,2026-06-29,17,8.0,7.0,2.0,9515.36,686.26,41.46,1189.42,98.03714285714285,9020.67,208.57,7,GAS_STATION,11.76,35.29,17.65,17.65,29,2026-06-29 19:55:28.785547+00:00
325,823,CREDIT,2025-06-29,2026-06-29,65,28.0,32.0,5.0,10261.66,10366.23,137.37,366.48785714285714,323.9446875,6827.13,6489.86,25,RESTAURANT,18.46,24.62,10.77,26.15,9,2026-06-29 19:55:28.785547+00:00
328,826,CREDIT,2025-06-29,2026-06-29,37,13.0,22.0,2.0,10803.36,10326.47,33.41,831.0276923076923,469.385,9392.11,7938.56,13,RESTAURANT,24.32,43.24,8.11,18.92,3,2026-06-29 19:55:28.785547+00:00
330,830,CHECKING,2025-06-29,2026-06-29,31,19.0,10.0,2.0,2078.57,17101.76,81.21,109.39842105263158,1710.176,279.91,9621.78,18,GROCERY,19.35,29.03,19.35,19.35,16,2026-06-29 19:55:28.785547+00:00
332,834,CHECKING,2025-06-29,2026-06-29,36,18.0,13.0,5.0,9375.41,1576.84,154.56,520.8561111111111,121.29538461538462,7212.9,351.3,15,RESTAURANT,25.0,25.0,19.44,16.67,5,2026-06-29 19:55:28.785547+00:00
333,836,SAVINGS,2025-06-29,2026-06-29,70,41.0,24.0,5.0,16201.59,3682.53,138.04,395.1607317073171,153.43875,10787.69,416.25,31,GROCERY,8.57,35.71,22.86,17.14,1,2026-06-29 19:55:28.785547+00:00
333,837,CREDIT,2025-06-29,2026-06-29,22,10.0,11.0,1.0,1209.07,12067.09,37.36,120.907,1097.0081818181818,242.34,10670.57,9,RETAIL,4.55,27.27,22.73,36.36,8,2026-06-29 19:55:28.785547+00:00
339,849,CHECKING,2025-06-29,2026-06-29,14,9.0,4.0,1.0,885.19,331.11,15.01,98.35444444444444,82.7775,146.62,185.1,7,GROCERY,14.29,21.43,28.57,28.57,2,2026-06-29 19:55:28.785547+00:00
342,855,CREDIT,2025-06-29,2026-06-29,26,10.0,13.0,3.0,1852.13,10959.64,108.97,185.213,843.0492307692308,311.73,9497.24,9,GAS_STATION,15.38,26.92,19.23,26.92,6,2026-06-29 19:55:28.785547+00:00
345,862,SAVINGS,2025-06-29,2026-06-29,61,37.0,15.0,9.0,32927.68,1905.9,264.66,889.9372972972973,127.06,12007.77,287.67,29,UTILITIES,18.03,36.07,13.11,16.39,5,2026-06-29 19:55:28.785547+00:00
349,868,SAVINGS,2025-06-29,2026-06-29,63,43.0,14.0,6.0,6281.82,2248.44,157.65,146.0888372093023,160.60285714285715,351.76,424.16,33,GROCERY,14.29,31.75,22.22,17.46,8,2026-06-29 19:55:28.785547+00:00
349,870,CREDIT,2025-06-29,2026-06-29,24,8.0,13.0,3.0,1100.38,8591.43,97.71,137.5475,660.8792307692307,351.59,7057.39,8,RETAIL,8.33,20.83,29.17,29.17,16,2026-06-29 19:55:28.785547+00:00
350,872,CREDIT,2025-06-29,2026-06-29,69,23.0,40.0,6.0,19008.9,4852.94,207.54,826.4739130434782,121.3235,9229.57,335.76,21,UTILITIES,8.7,34.78,24.64,18.84,2,2026-06-29 19:55:28.785547+00:00
354,884,CREDIT,2025-06-29,2026-06-29,40,17.0,19.0,4.0,8080.37,19085.92,90.44,475.3158823529412,1004.5221052631579,5812.68,11066.4,15,UTILITIES,22.5,25.0,25.0,12.5,4,2026-06-29 19:55:28.785547+00:00
357,893,LOAN,2025-06-29,2026-06-29,44,16.0,25.0,3.0,10058.72,2907.93,94.21,628.67,116.3172,8065.01,388.74,12,UTILITIES,29.55,31.82,13.64,20.45,2,2026-06-29 19:55:28.785547+00:00
382,955,LOAN,2025-06-29,2026-06-29,42,18.0,19.0,5.0,1650.84,2193.1,125.81,91.71333333333334,115.42631578947369,205.59,260.47,17,GROCERY,19.05,33.33,9.52,19.05,2,2026-06-29 19:55:28.785547+00:00
391,975,CHECKING,2025-06-29,2026-06-29,38,25.0,11.0,2.0,2798.63,1047.1,68.45,111.9452,95.19090909090909,414.99,172.42,19,RETAIL,26.32,15.79,26.32,15.79,14,2026-06-29 19:55:28.785547+00:00
392,978,LOAN,2025-06-29,2026-06-29,55,21.0,26.0,8.0,1956.84,3037.4,221.08,93.18285714285715,116.82307692307693,323.74,284.28,19,ENTERTAINMENT,18.18,27.27,18.18,23.64,5,2026-06-29 19:55:28.785547+00:00
395,985,SAVINGS,2025-06-29,2026-06-29,62,32.0,24.0,6.0,3613.87,18792.69,170.01,112.9334375,783.02875,256.62,8956.22,27,RESTAURANT,17.74,30.65,25.81,14.52,6,2026-06-29 19:55:28.785547+00:00
396,989,CREDIT,2025-06-29,2026-06-29,17,7.0,8.0,2.0,780.27,7926.68,44.34,111.46714285714286,990.835,200.9,6981.29,7,GAS_STATION,35.29,29.41,11.76,5.88,21,2026-06-29 19:55:28.785547+00:00
401,1000,CREDIT,2025-06-29,2026-06-29,19,6.0,11.0,2.0,676.45,1589.02,49.44,112.74166666666666,144.45636363636365,239.41,318.33,5,HEALTHCARE,21.05,21.05,15.79,26.32,3,2026-06-29 19:55:28.785547+00:00
403,1005,SAVINGS,2025-06-29,2026-06-29,54,35.0,17.0,2.0,12763.43,2056.08,66.93,364.66942857142857,120.94588235294118,9271.47,254.02,27,GAS_STATION,20.37,29.63,18.52,14.81,20,2026-06-29 19:55:28.785547+00:00
404,1006,LOAN,2025-06-29,2026-06-29,42,15.0,20.0,7.0,1845.09,2374.89,261.38,123.006,118.7445,265.91,361.57,14,GROCERY,9.52,30.95,21.43,16.67,10,2026-06-29 19:55:28.785547+00:00
405,1010,LOAN,2025-06-29,2026-06-29,48,22.0,24.0,2.0,2706.17,2919.53,41.47,123.00772727272727,121.64708333333333,344.31,306.95,21,HEALTHCARE,18.75,35.42,18.75,16.67,2,2026-06-29 19:55:28.785547+00:00
411,1025,LOAN,2025-06-29,2026-06-29,57,28.0,23.0,6.0,24780.41,10772.25,177.94,885.0146428571428,468.35869565217394,12113.84,7738.81,24,GAS_STATION,26.32,26.32,8.77,24.56,1,2026-06-29 19:55:28.785547+00:00
421,1049,SAVINGS,2025-06-29,2026-06-29,51,31.0,13.0,7.0,19712.86,1671.77,185.25,635.8987096774193,128.5976923076923,9326.84,346.5,25,GROCERY,17.65,41.18,13.73,17.65,2,2026-06-29 19:55:28.785547+00:00
425,1056,SAVINGS,2025-06-29,2026-06-29,23,12.0,9.0,2.0,1633.91,915.53,30.31,136.15916666666666,101.72555555555556,340.56,277.75,10,RESTAURANT,17.39,43.48,13.04,8.7,5,2026-06-29 19:55:28.785547+00:00
426,1057,CREDIT,2025-06-29,2026-06-29,21,9.0,10.0,2.0,1181.66,1606.79,61.81,131.29555555555555,160.679,221.35,402.32,8,RESTAURANT,23.81,14.29,14.29,9.52,18,2026-06-29 19:55:28.785547+00:00
430,1069,CREDIT,2025-06-29,2026-06-29,72,35.0,30.0,7.0,5412.58,14706.62,209.22,154.64514285714284,490.22066666666666,420.66,11952.0,28,TRAVEL,16.67,29.17,23.61,18.06,4,2026-06-29 19:55:28.785547+00:00
430,1070,SAVINGS,2025-06-29,2026-06-29,17,13.0,4.0,0.0,1942.1,665.46,0.0,149.3923076923077,166.365,245.66,447.85,11,TRAVEL,11.76,29.41,11.76,17.65,40,2026-06-29 19:55:28.785547+00:00
431,1072,SAVINGS,2025-06-29,2026-06-29,21,14.0,6.0,1.0,13065.24,912.89,22.0,933.2314285714285,152.14833333333334,11392.11,239.77,14,RETAIL,9.52,47.62,9.52,23.81,1,2026-06-29 19:55:28.785547+00:00
431,1075,CREDIT,2025-06-29,2026-06-29,40,14.0,22.0,4.0,12069.56,3045.98,131.11,862.1114285714285,138.45363636363638,9750.26,369.2,11,ENTERTAINMENT,17.5,32.5,15.0,25.0,2,2026-06-29 19:55:28.785547+00:00
432,1077,LOAN,2025-06-29,2026-06-29,34,15.0,18.0,1.0,1677.63,2831.87,10.19,111.842,157.32611111111112,388.53,426.14,14,TRAVEL,26.47,29.41,17.65,17.65,5,2026-06-29 19:55:28.785547+00:00
434,1081,LOAN,2025-06-29,2026-06-29,30,8.0,18.0,4.0,10971.4,2116.99,137.49,1371.425,117.61055555555555,10218.65,387.6,8,TRAVEL,20.0,30.0,20.0,20.0,24,2026-06-29 19:55:28.785547+00:00
435,1085,CREDIT,2025-06-29,2026-06-29,68,26.0,35.0,7.0,38017.19,22648.82,194.71,1462.1996153846153,647.1091428571428,11122.87,11561.76,19,INSURANCE,20.59,36.76,16.18,8.82,5,2026-06-29 19:55:28.785547+00:00
435,1086,CHECKING,2025-06-29,2026-06-29,49,31.0,12.0,6.0,4697.88,6551.11,119.79,151.54451612903225,545.9258333333333,406.13,5286.57,26,RESTAURANT,16.33,30.61,18.37,26.53,9,2026-06-29 19:55:28.785547+00:00
436,1087,CREDIT,2025-06-29,2026-06-29,63,23.0,34.0,6.0,2805.94,4445.26,154.62,121.99739130434783,130.7429411764706,293.41,438.28,20,RESTAURANT,22.22,31.75,15.87,15.87,1,2026-06-29 19:55:28.785547+00:00
440,1096,LOAN,2025-06-29,2026-06-29,59,21.0,34.0,4.0,2705.61,31531.8,73.42,128.83857142857144,927.4058823529411,415.51,11304.37,17,RESTAURANT,15.25,32.2,18.64,15.25,0,2026-06-29 19:55:28.785547+00:00
441,1098,LOAN,2025-06-29,2026-06-29,68,24.0,37.0,7.0,2372.89,19621.56,206.18,98.87041666666667,530.3124324324324,222.49,10169.55,21,GROCERY,19.12,30.88,25.0,13.24,21,2026-06-29 19:55:28.785547+00:00
443,1100,SAVINGS,2025-06-29,2026-06-29,37,25.0,11.0,1.0,3358.68,9746.67,27.56,134.3472,886.060909090909,330.17,8538.76,22,GROCERY,16.22,32.43,8.11,29.73,7,2026-06-29 19:55:28.785547+00:00
447,1110,LOAN,2025-06-29,2026-06-29,55,27.0,20.0,8.0,3003.1,3060.89,170.23,111.22592592592592,153.0445,322.17,358.65,22,ENTERTAINMENT,10.91,38.18,20.0,18.18,0,2026-06-29 19:55:28.785547+00:00
450,1116,LOAN,2025-06-29,2026-06-29,21,9.0,11.0,1.0,1443.56,12290.24,33.58,160.39555555555555,1117.2945454545454,345.6,10540.47,8,RESTAURANT,14.29,33.33,23.81,14.29,3,2026-06-29 19:55:28.785547+00:00
450,1118,CREDIT,2025-06-29,2026-06-29,62,23.0,34.0,5.0,2334.58,14060.2,102.8,101.50347826086957,413.5352941176471,255.18,9655.43,19,RETAIL,20.97,29.03,24.19,11.29,11,2026-06-29 19:55:28.785547+00:00
453,1127,SAVINGS,2025-06-29,2026-06-29,53,35.0,11.0,7.0,9073.08,1962.71,165.32,259.23085714285713,178.42818181818183,5235.6,523.09,29,RESTAURANT,20.75,18.87,30.19,22.64,0,2026-06-29 19:55:28.785547+00:00
453,1128,CHECKING,2025-06-29,2026-06-29,54,36.0,11.0,7.0,15752.7,1028.63,165.91,437.575,93.51181818181819,11379.38,191.74,28,RESTAURANT,14.81,35.19,14.81,18.52,3,2026-06-29 19:55:28.785547+00:00
454,1131,CHECKING,2025-06-29,2026-06-29,47,25.0,20.0,2.0,12933.83,1999.21,54.6,517.3532,99.9605,10425.67,196.95,21,INSURANCE,17.02,27.66,23.4,17.02,1,2026-06-29 19:55:28.785547+00:00
459,1147,CREDIT,2025-06-29,2026-06-29,64,31.0,28.0,5.0,15123.0,3824.74,122.38,487.83870967741933,136.59785714285715,11648.54,402.98,25,GROCERY,17.19,28.13,25.0,18.75,1,2026-06-29 19:55:28.785547+00:00
461,1152,LOAN,2025-06-29,2026-06-29,52,18.0,29.0,5.0,7675.57,3536.29,124.7,426.42055555555555,121.94103448275862,5769.86,346.85,16,RESTAURANT,15.38,38.46,13.46,9.62,8,2026-06-29 19:55:28.785547+00:00
469,1173,LOAN,2025-06-29,2026-06-29,65,30.0,28.0,7.0,3579.22,3086.82,189.13,119.30733333333333,110.24357142857143,446.34,406.69,28,RESTAURANT,13.85,33.85,20.0,15.38,0,2026-06-29 19:55:28.785547+00:00
470,1175,SAVINGS,2025-06-29,2026-06-29,60,39.0,16.0,5.0,18805.87,2168.65,169.67,482.20179487179485,135.540625,7388.57,304.69,30,GROCERY,16.67,36.67,23.33,15.0,9,2026-06-29 19:55:28.785547+00:00
471,1178,LOAN,2025-06-29,2026-06-29,70,32.0,37.0,1.0,12926.82,4182.45,27.74,403.963125,113.03918918918919,8689.11,329.11,26,EDUCATION,17.14,31.43,20.0,18.57,2,2026-06-29 19:55:28.785547+00:00
472,1180,LOAN,2025-06-29,2026-06-29,59,18.0,30.0,11.0,1513.08,14835.74,280.96,84.06,494.5246666666667,299.47,6297.32,15,RESTAURANT,23.73,28.81,22.03,10.17,8,2026-06-29 19:55:28.785547+00:00
474,1184,SAVINGS,2025-06-29,2026-06-29,60,41.0,14.0,5.0,22885.98,10680.19,126.55,558.1946341463415,762.8707142857143,11016.85,9246.77,36,GROCERY,11.67,36.67,26.67,16.67,0,2026-06-29 19:55:28.785547+00:00
480,1196,CREDIT,2025-06-29,2026-06-29,22,9.0,11.0,2.0,843.37,9896.16,50.77,93.70777777777778,899.6509090909091,156.43,8808.95,8,GROCERY,18.18,36.36,13.64,9.09,8,2026-06-29 19:55:28.785547+00:00
480,1197,SAVINGS,2025-06-29,2026-06-29,15,10.0,4.0,1.0,1687.76,467.0,11.33,168.776,116.75,374.23,179.08,9,RESTAURANT,20.0,33.33,6.67,20.0,37,2026-06-29 19:55:28.785547+00:00
483,1204,SAVINGS,2025-06-29,2026-06-29,33,16.0,15.0,2.0,2380.82,2245.39,51.01,148.80125,149.69266666666667,442.65,345.48,16,EDUCATION,33.33,21.21,12.12,12.12,14,2026-06-29 19:55:28.785547+00:00
485,1210,CHECKING,2025-06-29,2026-06-29,36,21.0,9.0,6.0,2058.76,9723.12,174.59,98.03619047619047,1080.3466666666666,289.94,8973.87,20,TRAVEL,19.44,36.11,16.67,13.89,2,2026-06-29 19:55:28.785547+00:00
487,1216,CREDIT,2025-06-29,2026-06-29,65,21.0,35.0,9.0,18585.56,14543.75,264.81,885.0266666666666,415.5357142857143,9160.89,11058.13,20,RESTAURANT,20.0,32.31,16.92,16.92,0,2026-06-29 19:55:28.785547+00:00
488,1217,CHECKING,2025-06-29,2026-06-29,38,20.0,16.0,2.0,2561.73,2152.98,54.32,128.0865,134.56125,271.16,276.42,17,ENTERTAINMENT,7.89,23.68,31.58,18.42,0,2026-06-29 19:55:28.785547+00:00
495,1240,CREDIT,2025-06-29,2026-06-29,24,3.0,17.0,4.0,5644.75,2363.59,85.59,1881.5833333333333,139.03470588235294,5461.21,326.29,3,HEALTHCARE,12.5,41.67,20.83,12.5,9,2026-06-29 19:55:28.785547+00:00
500,1255,CREDIT,2025-06-29,2026-06-29,48,21.0,20.0,7.0,14150.9,2574.39,170.01,673.8523809523809,128.7195,11668.83,427.16,18,TRAVEL,25.0,33.33,16.67,12.5,7,2026-06-29 19:55:28.785547+00:00
500,1257,SAVINGS,2025-06-29,2026-06-29,21,16.0,3.0,2.0,2005.45,282.7,27.69,125.340625,94.23333333333333,502.97,172.85,15,TRAVEL,19.05,14.29,23.81,14.29,29,2026-06-29 19:55:28.785547+00:00
1,3,CREDIT,2025-06-29,2026-06-29,33,11.0,18.0,4.0,1204.08,2957.05,103.93,109.46181818181819,164.28055555555557,462.11,439.02,10,GROCERY,18.18,36.36,21.21,18.18,42,2026-06-29 19:55:28.785547+00:00
8,22,LOAN,2025-06-29,2026-06-29,26,10.0,16.0,0.0,836.71,1862.98,0.0,83.671,116.43625,137.17,236.95,10,TRAVEL,15.38,7.69,34.62,30.77,15,2026-06-29 19:55:28.785547+00:00
16,44,CREDIT,2025-06-29,2026-06-29,57,21.0,35.0,1.0,3794.36,12751.41,28.35,180.68380952380951,364.326,456.06,8719.14,17,GROCERY,14.04,29.82,17.54,14.04,4,2026-06-29 19:55:28.785547+00:00
16,45,LOAN,2025-06-29,2026-06-29,56,18.0,34.0,4.0,2324.24,15487.29,88.69,129.12444444444444,455.5085294117647,352.28,10623.23,16,RETAIL,17.86,30.36,32.14,10.71,8,2026-06-29 19:55:28.785547+00:00
16,47,CHECKING,2025-06-29,2026-06-29,58,40.0,14.0,4.0,34600.14,2725.16,100.27,865.0035,194.65428571428572,11099.23,613.81,33,ENTERTAINMENT,24.14,39.66,10.34,13.79,14,2026-06-29 19:55:28.785547+00:00
17,51,LOAN,2025-06-29,2026-06-29,26,13.0,9.0,4.0,6914.57,1104.06,64.49,531.89,122.67333333333333,5859.4,214.23,11,EDUCATION,15.38,38.46,11.54,23.08,27,2026-06-29 19:55:28.785547+00:00
23,64,LOAN,2025-06-29,2026-06-29,66,28.0,31.0,7.0,4056.06,3467.59,210.87,144.8592857142857,111.85774193548387,388.97,338.65,24,RETAIL,22.73,27.27,22.73,18.18,0,2026-06-29 19:55:28.785547+00:00
31,81,CHECKING,2025-06-29,2026-06-29,41,30.0,8.0,3.0,29939.71,760.47,85.46,997.9903333333333,95.05875,10699.72,156.52,26,RETAIL,26.83,29.27,21.95,12.2,16,2026-06-29 19:55:28.785547+00:00
33,87,SAVINGS,2025-06-29,2026-06-29,16,9.0,3.0,4.0,1418.8,9992.03,92.26,157.64444444444445,3330.6766666666667,282.73,9708.22,9,GROCERY,12.5,43.75,31.25,6.25,12,2026-06-29 19:55:28.785547+00:00
35,92,CREDIT,2025-06-29,2026-06-29,51,23.0,28.0,0.0,13039.32,25150.89,0.0,566.9269565217392,898.2460714285714,10726.52,11457.31,18,GROCERY,7.84,37.25,11.76,19.61,7,2026-06-29 19:55:28.785547+00:00
35,95,LOAN,2025-06-29,2026-06-29,32,10.0,16.0,6.0,1115.77,8220.5,197.19,111.577,513.78125,228.18,5949.9,10,ENTERTAINMENT,12.5,34.38,18.75,15.63,64,2026-06-29 19:55:28.785547+00:00
39,103,CREDIT,2025-06-29,2026-06-29,57,24.0,29.0,4.0,14602.31,12649.32,121.8,608.4295833333333,436.1834482758621,11960.57,8760.41,19,UTILITIES,15.79,29.82,19.3,21.05,0,2026-06-29 19:55:28.785547+00:00
51,130,SAVINGS,2025-06-29,2026-06-29,57,34.0,19.0,4.0,22836.58,13286.3,108.89,671.6641176470588,699.2789473684211,11565.25,10691.94,31,RESTAURANT,14.04,31.58,19.3,17.54,15,2026-06-29 19:55:28.785547+00:00
51,131,CHECKING,2025-06-29,2026-06-29,60,34.0,23.0,3.0,27250.05,3034.6,65.68,801.4720588235294,131.9391304347826,8675.54,362.85,28,RETAIL,16.67,21.67,26.67,16.67,5,2026-06-29 19:55:28.785547+00:00
53,134,CHECKING,2025-06-29,2026-06-29,49,35.0,13.0,1.0,13942.95,1845.95,17.52,398.37,141.99615384615385,9783.4,257.76,26,GROCERY,12.24,34.69,18.37,20.41,10,2026-06-29 19:55:28.785547+00:00
53,135,SAVINGS,2025-06-29,2026-06-29,40,28.0,10.0,2.0,3801.54,1192.71,65.74,135.7692857142857,119.271,295.1,255.58,24,UTILITIES,30.0,30.0,22.5,7.5,18,2026-06-29 19:55:28.785547+00:00
62,158,CHECKING,2025-06-29,2026-06-29,42,27.0,12.0,3.0,32545.15,12471.57,77.3,1205.375925925926,1039.2975,10470.5,11663.47,25,GROCERY,16.67,33.33,23.81,19.05,3,2026-06-29 19:55:28.785547+00:00
68,171,CHECKING,2025-06-29,2026-06-29,42,32.0,9.0,1.0,12996.03,822.26,25.6,406.1259375,91.36222222222223,9182.38,281.38,24,RETAIL,16.67,21.43,21.43,23.81,10,2026-06-29 19:55:28.785547+00:00
75,186,SAVINGS,2025-06-29,2026-06-29,61,36.0,18.0,7.0,4762.17,9654.8,244.86,132.2825,536.3777777777777,407.98,7269.77,31,GROCERY,21.31,31.15,16.39,19.67,9,2026-06-29 19:55:28.785547+00:00
76,190,SAVINGS,2025-06-29,2026-06-29,18,7.0,10.0,1.0,759.66,952.48,32.17,108.52285714285715,95.248,206.26,222.05,7,GROCERY,0.0,33.33,22.22,22.22,17,2026-06-29 19:55:28.785547+00:00
77,194,CHECKING,2025-06-29,2026-06-29,38,27.0,9.0,2.0,13296.64,856.28,51.85,492.46814814814815,95.14222222222222,10453.34,181.58,21,RESTAURANT,15.79,36.84,15.79,13.16,4,2026-06-29 19:55:28.785547+00:00
81,206,SAVINGS,2025-06-29,2026-06-29,18,9.0,8.0,1.0,1347.58,921.17,17.6,149.73111111111112,115.14625,264.55,289.52,8,GAS_STATION,27.78,16.67,22.22,16.67,2,2026-06-29 19:55:28.785547+00:00
84,215,SAVINGS,2025-06-29,2026-06-29,49,33.0,14.0,2.0,3550.07,1578.52,35.62,107.57787878787879,112.75142857142858,350.05,323.18,28,RETAIL,18.37,30.61,18.37,18.37,3,2026-06-29 19:55:28.785547+00:00
84,216,LOAN,2025-06-29,2026-06-29,43,10.0,26.0,7.0,1136.5,12451.57,190.83,113.65,478.90653846153845,211.13,9749.06,9,RESTAURANT,18.6,32.56,23.26,16.28,20,2026-06-29 19:55:28.785547+00:00
89,228,SAVINGS,2025-06-29,2026-06-29,28,11.0,16.0,1.0,1795.83,8647.44,44.23,163.25727272727272,540.465,277.73,6267.07,9,EDUCATION,14.29,10.71,21.43,14.29,4,2026-06-29 19:55:28.785547+00:00
89,229,CHECKING,2025-06-29,2026-06-29,61,36.0,20.0,5.0,10057.85,2653.75,155.56,279.3847222222222,132.6875,5896.42,366.6,29,CRYPTO_EXCHANGE,22.95,24.59,19.67,13.11,12,2026-06-29 19:55:28.785547+00:00
91,235,LOAN,2025-06-29,2026-06-29,44,13.0,29.0,2.0,1436.01,4121.91,48.63,110.46230769230769,142.1348275862069,249.06,433.25,11,RESTAURANT,18.18,27.27,31.82,15.91,12,2026-06-29 19:55:28.785547+00:00
93,240,CHECKING,2025-06-29,2026-06-29,31,23.0,6.0,2.0,2931.34,422.99,33.69,127.44956521739131,70.49833333333333,318.14,110.05,19,HEALTHCARE,3.23,38.71,35.48,6.45,8,2026-06-29 19:55:28.785547+00:00
102,259,CHECKING,2025-06-29,2026-06-29,22,10.0,9.0,3.0,1552.66,739.05,82.39,155.266,82.11666666666666,277.83,197.16,9,GROCERY,36.36,31.82,9.09,9.09,11,2026-06-29 19:55:28.785547+00:00
105,267,CREDIT,2025-06-29,2026-06-29,17,8.0,7.0,2.0,762.2,589.58,76.06,95.275,84.22571428571429,225.39,174.12,7,RESTAURANT,29.41,29.41,5.88,17.65,21,2026-06-29 19:55:28.785547+00:00
109,278,LOAN,2025-06-29,2026-06-29,66,26.0,33.0,7.0,10012.86,3783.92,178.39,385.11,114.66424242424243,7138.49,346.86,18,HEALTHCARE,22.73,19.7,19.7,27.27,3,2026-06-29 19:55:28.785547+00:00
110,281,CHECKING,2025-06-29,2026-06-29,19,11.0,6.0,2.0,10457.05,8038.3,68.03,950.6409090909091,1339.7166666666667,9592.99,7670.93,11,UTILITIES,0.0,26.32,42.11,21.05,30,2026-06-29 19:55:28.785547+00:00
115,291,CREDIT,2025-06-29,2026-06-29,41,19.0,16.0,6.0,17024.8,2299.19,180.78,896.0421052631579,143.699375,8291.33,327.4,15,UTILITIES,12.2,34.15,21.95,12.2,24,2026-06-29 19:55:28.785547+00:00
118,300,CHECKING,2025-06-29,2026-06-29,30,19.0,10.0,1.0,2676.25,1265.93,41.42,140.85526315789474,126.593,370.23,240.2,18,UTILITIES,26.67,20.0,30.0,10.0,3,2026-06-29 19:55:28.785547+00:00
124,314,LOAN,2025-06-29,2026-06-29,56,25.0,26.0,5.0,3339.44,2644.72,152.61,133.5776,101.72,463.92,257.55,23,GROCERY,12.5,35.71,25.0,12.5,0,2026-06-29 19:55:28.785547+00:00
125,316,CREDIT,2025-06-29,2026-06-29,68,20.0,39.0,9.0,2026.96,15842.32,269.93,101.348,406.2133333333333,274.06,9807.56,14,TRAVEL,11.76,39.71,20.59,19.12,7,2026-06-29 19:55:28.785547+00:00
126,320,LOAN,2025-06-29,2026-06-29,51,21.0,26.0,4.0,9479.41,10793.76,84.93,451.4004761904762,415.1446153846154,7664.6,7895.42,19,TRAVEL,25.49,29.41,17.65,15.69,8,2026-06-29 19:55:28.785547+00:00
127,323,CREDIT,2025-06-29,2026-06-29,24,12.0,9.0,3.0,1572.07,1474.57,62.67,131.00583333333333,163.8411111111111,300.39,246.82,12,RETAIL,8.33,20.83,20.83,16.67,78,2026-06-29 19:55:28.785547+00:00
128,324,CREDIT,2025-06-29,2026-06-29,30,12.0,14.0,4.0,1396.83,8559.39,114.95,116.4025,611.385,262.55,6605.54,11,GROCERY,16.67,26.67,23.33,26.67,9,2026-06-29 19:55:28.785547+00:00
129,329,CREDIT,2025-06-29,2026-06-29,37,16.0,17.0,4.0,9348.04,1424.19,129.38,584.2525,83.77588235294118,6693.81,143.57,14,GAS_STATION,27.03,32.43,21.62,8.11,43,2026-06-29 19:55:28.785547+00:00
130,334,CREDIT,2025-06-29,2026-06-29,73,33.0,35.0,5.0,4510.39,23480.68,104.08,136.67848484848486,670.8765714285714,428.76,9929.78,28,UTILITIES,19.18,27.4,17.81,15.07,4,2026-06-29 19:55:28.785547+00:00
131,338,CHECKING,2025-06-29,2026-06-29,28,18.0,8.0,2.0,2911.03,802.85,63.81,161.7238888888889,100.35625,328.29,175.29,17,RESTAURANT,17.86,35.71,10.71,21.43,48,2026-06-29 19:55:28.785547+00:00
135,345,CHECKING,2025-06-29,2026-06-29,68,38.0,21.0,9.0,4319.95,2670.75,197.73,113.6828947368421,127.17857142857143,546.35,338.87,32,GROCERY,25.0,33.82,17.65,16.18,5,2026-06-29 19:55:28.785547+00:00
137,351,CREDIT,2025-06-29,2026-06-29,68,21.0,37.0,10.0,2055.96,13070.34,324.65,97.90285714285714,353.25243243243244,266.94,8876.04,19,UTILITIES,17.65,26.47,14.71,26.47,2,2026-06-29 19:55:28.785547+00:00
138,354,CHECKING,2025-06-29,2026-06-29,64,45.0,12.0,7.0,23782.51,1709.78,221.59,528.5002222222222,142.48166666666665,9727.72,250.76,30,RETAIL,20.31,29.69,25.0,15.63,3,2026-06-29 19:55:28.785547+00:00
141,360,SAVINGS,2025-06-29,2026-06-29,25,16.0,6.0,3.0,1954.95,679.03,92.25,122.184375,113.17166666666667,284.37,181.62,14,RETAIL,8.0,28.0,28.0,28.0,40,2026-06-29 19:55:28.785547+00:00
148,375,CHECKING,2025-06-29,2026-06-29,56,29.0,21.0,6.0,9262.82,2667.15,153.45,319.40758620689655,127.00714285714285,5396.32,274.86,25,GROCERY,14.29,23.21,25.0,23.21,6,2026-06-29 19:55:28.785547+00:00
149,378,LOAN,2025-06-29,2026-06-29,26,10.0,14.0,2.0,1472.75,1596.49,54.97,147.275,114.035,236.43,197.57,9,TRAVEL,15.38,23.08,26.92,30.77,4,2026-06-29 19:55:28.785547+00:00
150,380,CREDIT,2025-06-29,2026-06-29,22,9.0,13.0,0.0,1309.88,1797.09,0.0,145.54222222222222,138.2376923076923,380.4,287.07,8,TRAVEL,18.18,18.18,31.82,4.55,20,2026-06-29 19:55:28.785547+00:00
150,382,CHECKING,2025-06-29,2026-06-29,53,30.0,16.0,7.0,4114.87,13066.8,197.08,137.16233333333332,816.675,409.89,10946.36,26,GROCERY,15.09,35.85,20.75,16.98,23,2026-06-29 19:55:28.785547+00:00
153,387,LOAN,2025-06-29,2026-06-29,58,23.0,26.0,9.0,2680.26,4068.5,255.78,116.53304347826086,156.48076923076923,297.88,351.66,19,RESTAURANT,25.86,20.69,20.69,20.69,7,2026-06-29 19:55:28.785547+00:00
160,404,CREDIT,2025-06-29,2026-06-29,23,8.0,13.0,2.0,1332.93,11222.53,75.44,166.61625,863.2715384615385,259.4,9646.99,6,GROCERY,13.04,26.09,13.04,43.48,2,2026-06-29 19:55:28.785547+00:00
171,428,CREDIT,2025-06-29,2026-06-29,63,15.0,41.0,7.0,2223.27,18007.58,127.81,148.218,439.2092682926829,380.99,7396.33,12,UTILITIES,22.22,31.75,23.81,17.46,4,2026-06-29 19:55:28.785547+00:00
178,445,CREDIT,2025-06-29,2026-06-29,43,17.0,23.0,3.0,1895.69,23193.27,85.41,111.51117647058824,1008.4030434782609,359.28,11005.71,16,GAS_STATION,13.95,27.91,25.58,16.28,1,2026-06-29 19:55:28.785547+00:00
178,447,LOAN,2025-06-29,2026-06-29,57,15.0,38.0,4.0,19850.3,14566.79,102.84,1323.3533333333332,383.3365789473684,10351.92,8981.86,15,INSURANCE,21.05,24.56,17.54,21.05,13,2026-06-29 19:55:28.785547+00:00
194,484,CREDIT,2025-06-29,2026-06-29,61,26.0,34.0,1.0,11709.85,21247.08,41.98,450.37884615384615,624.9141176470588,7733.03,9742.12,20,GAS_STATION,18.03,26.23,18.03,24.59,16,2026-06-29 19:55:28.785547+00:00
195,488,SAVINGS,2025-06-29,2026-06-29,46,35.0,10.0,1.0,12894.17,1439.1,29.34,368.40485714285717,143.91,8926.53,273.07,30,TRAVEL,21.74,26.09,15.22,13.04,6,2026-06-29 19:55:28.785547+00:00
196,492,SAVINGS,2025-06-29,2026-06-29,30,17.0,11.0,2.0,2291.23,1245.75,71.69,134.77823529411765,113.25,355.28,277.1,17,ENTERTAINMENT,16.67,40.0,6.67,13.33,17,2026-06-29 19:55:28.785547+00:00
197,495,CHECKING,2025-06-29,2026-06-29,59,37.0,19.0,3.0,19865.68,2294.2,115.84,536.9102702702703,120.74736842105263,9178.89,336.64,27,HEALTHCARE,20.34,27.12,20.34,16.95,9,2026-06-29 19:55:28.785547+00:00
197,496,CREDIT,2025-06-29,2026-06-29,57,24.0,32.0,1.0,19615.32,18781.87,30.6,817.305,586.9334375,9321.59,8222.73,21,HEALTHCARE,14.04,36.84,21.05,10.53,5,2026-06-29 19:55:28.785547+00:00
198,497,SAVINGS,2025-06-29,2026-06-29,56,43.0,10.0,3.0,20126.01,1464.03,106.1,468.0467441860465,146.403,8497.4,244.57,35,UTILITIES,28.57,33.93,7.14,16.07,2,2026-06-29 19:55:28.785547+00:00
199,498,LOAN,2025-06-29,2026-06-29,43,20.0,21.0,2.0,10359.58,3231.16,47.85,517.979,153.8647619047619,7810.59,575.73,16,RETAIL,20.93,25.58,9.3,32.56,0,2026-06-29 19:55:28.785547+00:00
199,500,CHECKING,2025-06-29,2026-06-29,53,30.0,20.0,3.0,2834.13,22833.38,48.02,94.471,1141.669,254.94,10771.29,22,RESTAURANT,9.43,35.85,18.87,26.42,2,2026-06-29 19:55:28.785547+00:00
206,515,CHECKING,2025-06-29,2026-06-29,23,19.0,3.0,1.0,9049.05,651.17,30.86,476.2657894736842,217.05666666666667,6034.3,335.09,16,GROCERY,13.04,21.74,34.78,17.39,4,2026-06-29 19:55:28.785547+00:00
208,523,CREDIT,2025-06-29,2026-06-29,46,21.0,23.0,2.0,13615.68,11640.56,60.16,648.3657142857143,506.1113043478261,11808.26,8826.07,19,RETAIL,10.87,30.43,17.39,23.91,3,2026-06-29 19:55:28.785547+00:00
213,537,CHECKING,2025-06-29,2026-06-29,19,14.0,3.0,2.0,1803.54,388.69,50.21,128.8242857142857,129.56333333333333,293.29,159.12,13,GROCERY,5.26,42.11,26.32,10.53,30,2026-06-29 19:55:28.785547+00:00
216,548,LOAN,2025-06-29,2026-06-29,52,22.0,27.0,3.0,2715.28,12446.43,96.46,123.42181818181818,460.9788888888889,296.31,9424.4,19,GROCERY,23.08,42.31,15.38,15.38,7,2026-06-29 19:55:28.785547+00:00
220,558,CHECKING,2025-06-29,2026-06-29,39,28.0,10.0,1.0,3764.22,1253.56,21.37,134.43642857142856,125.356,363.86,396.64,22,GAS_STATION,20.51,43.59,23.08,10.26,6,2026-06-29 19:55:28.785547+00:00
229,583,CHECKING,2025-06-29,2026-06-29,47,26.0,18.0,3.0,26094.27,2400.29,53.36,1003.6257692307693,133.34944444444446,11669.97,322.35,24,GAS_STATION,17.02,34.04,10.64,27.66,1,2026-06-29 19:55:28.785547+00:00
232,592,LOAN,2025-06-29,2026-06-29,65,35.0,29.0,1.0,4139.11,17717.38,26.86,118.26028571428571,610.9441379310344,350.21,8871.08,23,RESTAURANT,21.54,30.77,18.46,15.38,8,2026-06-29 19:55:28.785547+00:00
232,593,CREDIT,2025-06-29,2026-06-29,37,9.0,23.0,5.0,6810.93,3117.78,132.47,756.77,135.55565217391305,6237.99,520.0,9,GROCERY,24.32,29.73,21.62,16.22,3,2026-06-29 19:55:28.785547+00:00
236,600,LOAN,2025-06-29,2026-06-29,17,6.0,9.0,2.0,625.47,1261.98,53.06,104.245,140.22,197.76,284.26,6,GAS_STATION,11.76,41.18,17.65,17.65,2,2026-06-29 19:55:28.785547+00:00
239,604,SAVINGS,2025-06-29,2026-06-29,27,21.0,5.0,1.0,2877.17,856.69,29.96,137.00809523809525,171.338,402.69,356.6,20,RETAIL,22.22,40.74,18.52,7.41,2,2026-06-29 19:55:28.785547+00:00
242,613,LOAN,2025-06-29,2026-06-29,47,21.0,25.0,1.0,2632.39,3135.32,13.11,125.35190476190476,125.4128,375.25,388.63,20,GAS_STATION,19.15,40.43,19.15,14.89,1,2026-06-29 19:55:28.785547+00:00
244,620,LOAN,2025-06-29,2026-06-29,37,10.0,22.0,5.0,11973.97,2867.04,119.5,1197.397,130.32,11085.05,330.51,9,INSURANCE,21.62,27.03,10.81,21.62,3,2026-06-29 19:55:28.785547+00:00
245,624,CHECKING,2025-06-29,2026-06-29,35,22.0,12.0,1.0,2494.0,1568.43,23.31,113.36363636363636,130.7025,269.92,299.41,19,UTILITIES,20.0,25.71,2.86,25.71,3,2026-06-29 19:55:28.785547+00:00
247,630,CREDIT,2025-06-29,2026-06-29,36,10.0,23.0,3.0,1359.09,2354.54,45.24,135.909,102.37130434782608,291.44,233.87,10,RESTAURANT,13.89,41.67,16.67,13.89,4,2026-06-29 19:55:28.785547+00:00
248,633,CREDIT,2025-06-29,2026-06-29,23,10.0,9.0,4.0,6225.12,8186.61,106.66,622.512,909.6233333333333,5281.92,7271.08,9,TRAVEL,34.78,26.09,17.39,17.39,3,2026-06-29 19:55:28.785547+00:00
248,634,CHECKING,2025-06-29,2026-06-29,45,27.0,14.0,4.0,13525.27,2657.74,111.47,500.9359259259259,189.83857142857144,10090.85,416.99,22,GROCERY,4.44,35.56,26.67,24.44,3,2026-06-29 19:55:28.785547+00:00
252,642,CHECKING,2025-06-29,2026-06-29,31,24.0,3.0,4.0,2717.67,546.73,109.21,113.23625,182.24333333333334,267.52,243.11,20,GAS_STATION,16.13,35.48,25.81,16.13,16,2026-06-29 19:55:28.785547+00:00
252,644,SAVINGS,2025-06-29,2026-06-29,34,19.0,13.0,2.0,2232.84,2255.54,44.37,117.51789473684211,173.50307692307692,281.72,404.88,16,RESTAURANT,23.53,23.53,32.35,11.76,53,2026-06-29 19:55:28.785547+00:00
254,648,CHECKING,2025-06-29,2026-06-29,68,39.0,21.0,8.0,20672.24,2965.75,237.24,530.0574358974359,141.22619047619048,8347.96,307.42,33,GAS_STATION,13.24,44.12,22.06,8.82,4,2026-06-29 19:55:28.785547+00:00
263,668,CREDIT,2025-06-29,2026-06-29,13,5.0,6.0,2.0,724.44,12723.65,67.62,144.888,2120.608333333333,241.82,11936.04,5,GAS_STATION,23.08,38.46,7.69,15.38,22,2026-06-29 19:55:28.785547+00:00
263,669,CHECKING,2025-06-29,2026-06-29,77,54.0,17.0,6.0,6585.82,2214.51,159.2,121.95962962962963,130.26529411764704,340.21,342.41,42,RESTAURANT,18.18,25.97,23.38,19.48,30,2026-06-29 19:55:28.785547+00:00
265,675,LOAN,2025-06-29,2026-06-29,30,9.0,16.0,5.0,1166.76,1770.2,145.76,129.64,110.6375,196.49,216.82,9,GAS_STATION,20.0,33.33,10.0,20.0,24,2026-06-29 19:55:28.785547+00:00
265,676,SAVINGS,2025-06-29,2026-06-29,38,25.0,10.0,3.0,20398.05,915.22,82.38,815.922,91.522,9983.78,228.31,19,UTILITIES,18.42,36.84,10.53,23.68,6,2026-06-29 19:55:28.785547+00:00
268,680,SAVINGS,2025-06-29,2026-06-29,23,18.0,4.0,1.0,11208.68,777.88,40.18,622.7044444444444,194.47,9149.76,311.99,15,UTILITIES,13.04,26.09,21.74,13.04,30,2026-06-29 19:55:28.785547+00:00
273,691,CHECKING,2025-06-29,2026-06-29,73,45.0,17.0,11.0,21059.17,11785.84,317.33,467.98155555555553,693.2847058823529,11083.26,9631.34,37,HEALTHCARE,10.96,30.14,27.4,20.55,2,2026-06-29 19:55:28.785547+00:00
291,736,LOAN,2025-06-29,2026-06-29,39,13.0,23.0,3.0,21781.47,3096.02,91.19,1675.4976923076922,134.6095652173913,12051.53,288.18,11,RESTAURANT,30.77,20.51,15.38,28.21,10,2026-06-29 19:55:28.785547+00:00
293,745,CREDIT,2025-06-29,2026-06-29,24,11.0,10.0,3.0,9987.92,1189.49,90.84,907.9927272727273,118.949,8982.48,245.03,9,INSURANCE,12.5,33.33,16.67,25.0,1,2026-06-29 19:55:28.785547+00:00
294,748,CREDIT,2025-06-29,2026-06-29,20,8.0,12.0,0.0,694.16,1696.9,0.0,86.77,141.40833333333333,187.19,410.21,6,TRAVEL,30.0,25.0,5.0,25.0,23,2026-06-29 19:55:28.785547+00:00
296,755,CHECKING,2025-06-29,2026-06-29,32,19.0,12.0,1.0,3265.82,12853.38,44.93,171.88526315789474,1071.115,654.14,11602.73,17,INSURANCE,15.63,31.25,25.0,15.63,2,2026-06-29 19:55:28.785547+00:00
297,759,CHECKING,2025-06-29,2026-06-29,34,23.0,10.0,1.0,2844.85,12053.45,25.53,123.68913043478261,1205.345,336.17,11097.68,23,TRAVEL,20.59,44.12,23.53,0.0,7,2026-06-29 19:55:28.785547+00:00
300,765,CREDIT,2025-06-29,2026-06-29,33,11.0,17.0,5.0,1668.13,13154.92,116.88,151.64818181818183,773.8188235294118,303.69,10732.55,10,RETAIL,18.18,30.3,24.24,15.15,29,2026-06-29 19:55:28.785547+00:00
301,769,LOAN,2025-06-29,2026-06-29,21,9.0,10.0,2.0,1053.06,990.63,71.29,117.00666666666666,99.063,231.6,414.47,9,HEALTHCARE,19.05,23.81,38.1,9.52,5,2026-06-29 19:55:28.785547+00:00
311,789,LOAN,2025-06-29,2026-06-29,65,19.0,39.0,7.0,2688.77,15657.77,202.9,141.5142105263158,401.48128205128205,340.94,10662.43,17,HEALTHCARE,13.85,29.23,24.62,16.92,14,2026-06-29 19:55:28.785547+00:00
312,792,LOAN,2025-06-29,2026-06-29,55,21.0,28.0,6.0,3512.3,2661.03,173.67,167.25238095238095,95.03678571428571,412.26,263.29,18,ENTERTAINMENT,18.18,36.36,20.0,14.55,6,2026-06-29 19:55:28.785547+00:00
315,800,LOAN,2025-06-29,2026-06-29,46,15.0,22.0,9.0,2019.14,9262.67,172.35,134.60933333333332,421.0304545454545,382.7,6333.07,12,RESTAURANT,8.7,30.43,34.78,15.22,5,2026-06-29 19:55:28.785547+00:00
319,811,SAVINGS,2025-06-29,2026-06-29,30,20.0,7.0,3.0,2178.98,595.71,78.85,108.949,85.10142857142857,258.16,141.48,20,RESTAURANT,20.0,23.33,23.33,23.33,5,2026-06-29 19:55:28.785547+00:00
319,812,CREDIT,2025-06-29,2026-06-29,69,39.0,25.0,5.0,28749.27,10646.49,99.8,737.1607692307692,425.8596,11578.39,6732.13,32,GROCERY,11.59,37.68,20.29,18.84,0,2026-06-29 19:55:28.785547+00:00
322,818,LOAN,2025-06-29,2026-06-29,39,11.0,27.0,1.0,1611.61,9382.03,26.61,146.51,347.4825925925926,303.34,6074.75,10,GROCERY,33.33,28.21,17.95,15.38,5,2026-06-29 19:55:28.785547+00:00
326,824,SAVINGS,2025-06-29,2026-06-29,29,19.0,4.0,6.0,2710.23,549.4,186.7,142.64368421052632,137.35,325.75,270.02,16,GAS_STATION,17.24,31.03,37.93,3.45,9,2026-06-29 19:55:28.785547+00:00
330,829,CREDIT,2025-06-29,2026-06-29,48,16.0,27.0,5.0,2133.65,2929.55,120.6,133.353125,108.50185185185185,361.87,257.48,15,GAS_STATION,27.08,20.83,18.75,20.83,7,2026-06-29 19:55:28.785547+00:00
333,838,CHECKING,2025-06-29,2026-06-29,44,27.0,14.0,3.0,32295.07,1403.76,122.11,1196.1137037037038,100.26857142857143,11492.98,289.92,21,GAS_STATION,4.55,36.36,34.09,9.09,7,2026-06-29 19:55:28.785547+00:00
342,856,CHECKING,2025-06-29,2026-06-29,32,15.0,12.0,5.0,17339.9,1776.69,153.18,1155.9933333333333,148.0575,10598.04,462.39,14,ENTERTAINMENT,12.5,40.63,15.63,21.88,1,2026-06-29 19:55:28.785547+00:00
352,881,LOAN,2025-06-29,2026-06-29,58,25.0,27.0,6.0,9168.9,3596.12,154.82,366.756,133.18962962962962,5999.31,397.54,24,INSURANCE,17.24,31.03,22.41,8.62,4,2026-06-29 19:55:28.785547+00:00
355,887,SAVINGS,2025-06-29,2026-06-29,71,40.0,27.0,4.0,10712.98,14466.57,96.35,267.8245,535.7988888888889,6359.41,11296.35,34,GAMBLING,14.08,26.76,21.13,26.76,10,2026-06-29 19:55:28.785547+00:00
358,895,LOAN,2025-06-29,2026-06-29,22,5.0,16.0,1.0,697.85,2018.6,42.74,139.57,126.1625,399.02,296.14,5,HEALTHCARE,18.18,27.27,22.73,22.73,50,2026-06-29 19:55:28.785547+00:00
361,900,LOAN,2025-06-29,2026-06-29,78,30.0,34.0,14.0,13398.67,4079.86,502.96,446.62233333333336,119.99588235294118,9817.56,398.84,26,TRAVEL,15.38,28.21,24.36,16.67,2,2026-06-29 19:55:28.785547+00:00
364,912,CREDIT,2025-06-29,2026-06-29,61,23.0,31.0,7.0,11174.16,12148.6,177.62,485.8330434782609,391.89032258064515,8058.98,7669.94,21,RESTAURANT,16.39,26.23,22.95,22.95,0,2026-06-29 19:55:28.785547+00:00
367,919,SAVINGS,2025-06-29,2026-06-29,37,22.0,12.0,3.0,13247.67,1273.92,92.04,602.1668181818181,106.16,10586.96,338.23,19,HEALTHCARE,8.11,27.03,27.03,24.32,3,2026-06-29 19:55:28.785547+00:00
371,928,CREDIT,2025-06-29,2026-06-29,69,22.0,39.0,8.0,1923.57,4215.32,230.04,87.435,108.0851282051282,169.71,341.67,20,GROCERY,14.49,27.54,23.19,17.39,3,2026-06-29 19:55:28.785547+00:00
381,952,CREDIT,2025-06-29,2026-06-29,50,18.0,30.0,2.0,2053.1,13653.92,79.65,114.06111111111112,455.1306666666667,218.95,10271.98,16,GAS_STATION,16.0,26.0,16.0,24.0,13,2026-06-29 19:55:28.785547+00:00
386,963,LOAN,2025-06-29,2026-06-29,46,18.0,24.0,4.0,2123.07,34092.17,112.55,117.94833333333334,1420.5070833333334,210.3,10686.47,15,GROCERY,6.52,32.61,26.09,15.22,1,2026-06-29 19:55:28.785547+00:00
388,967,LOAN,2025-06-29,2026-06-29,23,10.0,10.0,3.0,1068.03,1159.36,82.1,106.803,115.936,265.48,218.72,9,RESTAURANT,26.09,34.78,17.39,8.7,11,2026-06-29 19:55:28.785547+00:00
390,972,CHECKING,2025-06-29,2026-06-29,26,18.0,5.0,3.0,2349.44,588.06,61.57,130.52444444444444,117.612,451.86,187.27,15,EDUCATION,23.08,30.77,30.77,7.69,2,2026-06-29 19:55:28.785547+00:00
391,977,LOAN,2025-06-29,2026-06-29,64,27.0,33.0,4.0,2812.87,30873.0,144.25,104.18037037037037,935.5454545454545,350.65,9608.45,24,GAS_STATION,20.31,35.94,14.06,17.19,2,2026-06-29 19:55:28.785547+00:00
395,988,CHECKING,2025-06-29,2026-06-29,39,28.0,8.0,3.0,9701.58,1030.75,89.88,346.485,128.84375,5834.6,193.13,23,HEALTHCARE,15.38,43.59,15.38,12.82,7,2026-06-29 19:55:28.785547+00:00
397,993,CREDIT,2025-06-29,2026-06-29,33,16.0,13.0,4.0,1661.71,1725.56,92.79,103.856875,132.73538461538462,387.8,285.47,15,GAS_STATION,33.33,30.3,9.09,9.09,0,2026-06-29 19:55:28.785547+00:00
399,997,CREDIT,2025-06-29,2026-06-29,36,11.0,24.0,1.0,1431.56,2474.07,20.74,130.1418181818182,103.08625,233.71,236.7,11,GAS_STATION,19.44,19.44,25.0,16.67,5,2026-06-29 19:55:28.785547+00:00
400,999,CREDIT,2025-06-29,2026-06-29,28,12.0,15.0,1.0,8849.21,8292.09,32.43,737.4341666666667,552.806,7528.26,6113.7,11,RETAIL,21.43,35.71,21.43,10.71,17,2026-06-29 19:55:28.785547+00:00
403,1004,CHECKING,2025-06-29,2026-06-29,33,23.0,7.0,3.0,8990.73,651.08,85.75,390.9013043478261,93.01142857142857,6221.03,216.57,18,GROCERY,24.24,30.3,18.18,9.09,6,2026-06-29 19:55:28.785547+00:00
406,1013,CREDIT,2025-06-29,2026-06-29,32,14.0,15.0,3.0,1442.4,1465.83,119.56,103.02857142857142,97.722,241.07,168.96,14,RESTAURANT,12.5,21.88,12.5,37.5,15,2026-06-29 19:55:28.785547+00:00
407,1017,CREDIT,2025-06-29,2026-06-29,64,26.0,33.0,5.0,19959.11,10906.8,160.02,767.6580769230769,330.5090909090909,10121.1,7372.84,19,HEALTHCARE,17.19,34.38,18.75,12.5,5,2026-06-29 19:55:28.785547+00:00
409,1020,CHECKING,2025-06-29,2026-06-29,68,48.0,15.0,5.0,28417.96,1655.98,145.32,592.0408333333334,110.39866666666667,11305.33,272.44,37,RESTAURANT,16.18,36.76,19.12,13.24,0,2026-06-29 19:55:28.785547+00:00
409,1022,LOAN,2025-06-29,2026-06-29,33,12.0,20.0,1.0,1365.89,13390.23,11.2,113.82416666666667,669.5115,309.04,11491.49,11,RESTAURANT,18.18,48.48,15.15,6.06,21,2026-06-29 19:55:28.785547+00:00
411,1027,CHECKING,2025-06-29,2026-06-29,23,16.0,3.0,4.0,1542.26,254.74,98.38,96.39125,84.91333333333333,258.14,147.33,12,GROCERY,13.04,39.13,34.78,8.7,28,2026-06-29 19:55:28.785547+00:00
415,1036,CREDIT,2025-06-29,2026-06-29,23,7.0,13.0,3.0,1005.09,2388.39,53.48,143.58428571428573,183.72230769230768,254.79,362.52,7,GROCERY,17.39,21.74,26.09,17.39,5,2026-06-29 19:55:28.785547+00:00
418,1043,LOAN,2025-06-29,2026-06-29,66,29.0,32.0,5.0,10803.06,11406.44,182.5,372.5193103448276,356.45125,8076.62,7340.52,27,RETAIL,18.18,19.7,28.79,16.67,0,2026-06-29 19:55:28.785547+00:00
421,1048,CREDIT,2025-06-29,2026-06-29,47,15.0,26.0,6.0,2553.66,11577.01,198.69,170.244,445.2696153846154,495.56,8042.55,12,GAS_STATION,10.64,44.68,21.28,21.28,1,2026-06-29 19:55:28.785547+00:00
424,1055,CHECKING,2025-06-29,2026-06-29,30,21.0,6.0,3.0,2061.18,863.84,47.54,98.15142857142857,143.97333333333333,204.22,248.83,16,GROCERY,13.33,30.0,23.33,26.67,17,2026-06-29 19:55:28.785547+00:00
426,1059,LOAN,2025-06-29,2026-06-29,32,15.0,15.0,2.0,2098.13,2148.41,58.1,139.87533333333334,143.22733333333332,354.25,462.76,12,TRAVEL,15.63,34.38,18.75,18.75,2,2026-06-29 19:55:28.785547+00:00
427,1061,SAVINGS,2025-06-29,2026-06-29,62,46.0,12.0,4.0,12104.52,9610.55,155.34,263.14173913043476,800.8791666666667,5677.3,8135.19,33,ENTERTAINMENT,16.13,24.19,24.19,20.97,4,2026-06-29 19:55:28.785547+00:00
437,1089,CHECKING,2025-06-29,2026-06-29,23,16.0,6.0,1.0,1962.97,1137.83,41.54,122.685625,189.63833333333332,512.96,301.45,13,GROCERY,4.35,43.48,21.74,17.39,7,2026-06-29 19:55:28.785547+00:00
446,1107,CHECKING,2025-06-29,2026-06-29,30,19.0,7.0,4.0,1828.03,7512.05,100.72,96.2121052631579,1073.15,238.31,6516.92,16,GROCERY,13.33,13.33,30.0,36.67,2,2026-06-29 19:55:28.785547+00:00
446,1108,LOAN,2025-06-29,2026-06-29,26,10.0,14.0,2.0,1379.54,10520.09,64.39,137.954,751.435,225.58,8655.64,9,GAS_STATION,19.23,23.08,19.23,26.92,2,2026-06-29 19:55:28.785547+00:00
452,1125,CHECKING,2025-06-29,2026-06-29,64,38.0,20.0,6.0,26527.2,1919.89,154.72,698.0842105263158,95.9945,8823.81,213.87,33,WIRE_TRANSFER_INTL,9.38,32.81,25.0,20.31,18,2026-06-29 19:55:28.785547+00:00
457,1140,CREDIT,2025-06-29,2026-06-29,67,29.0,32.0,6.0,32659.81,3632.9,134.35,1126.2003448275862,113.528125,11579.67,263.75,24,INSURANCE,28.36,22.39,22.39,14.93,4,2026-06-29 19:55:28.785547+00:00
458,1144,CREDIT,2025-06-29,2026-06-29,55,19.0,29.0,7.0,2332.16,3734.38,179.83,122.74526315789474,128.77172413793105,376.41,429.57,15,UTILITIES,23.64,25.45,12.73,25.45,15,2026-06-29 19:55:28.785547+00:00
462,1154,CREDIT,2025-06-29,2026-06-29,58,23.0,30.0,5.0,11870.39,25685.94,130.02,516.1039130434783,856.198,9643.49,11526.78,22,INSURANCE,18.97,18.97,25.86,22.41,1,2026-06-29 19:55:28.785547+00:00
465,1163,CHECKING,2025-06-29,2026-06-29,50,35.0,13.0,2.0,4250.19,7491.92,51.27,121.434,576.3015384615385,276.47,6059.37,27,GROCERY,26.0,20.0,26.0,10.0,2,2026-06-29 19:55:28.785547+00:00
467,1169,LOAN,2025-06-29,2026-06-29,52,21.0,27.0,4.0,26147.56,3490.72,98.22,1245.1219047619047,129.28592592592594,9975.45,352.69,19,TRAVEL,9.62,44.23,19.23,13.46,0,2026-06-29 19:55:28.785547+00:00
476,1188,CHECKING,2025-06-29,2026-06-29,28,15.0,9.0,4.0,2294.31,886.73,104.63,152.954,98.52555555555556,413.59,203.2,14,TRAVEL,14.29,35.71,25.0,17.86,18,2026-06-29 19:55:28.785547+00:00
482,1202,CHECKING,2025-06-29,2026-06-29,52,37.0,10.0,5.0,4588.99,1155.55,126.18,124.02675675675675,115.555,347.24,310.85,30,GROCERY,23.08,32.69,21.15,5.77,4,2026-06-29 19:55:28.785547+00:00
483,1205,CREDIT,2025-06-29,2026-06-29,30,15.0,15.0,0.0,13785.04,2352.8,0.0,919.0026666666666,156.85333333333332,11831.46,328.22,13,ENTERTAINMENT,33.33,23.33,23.33,16.67,18,2026-06-29 19:55:28.785547+00:00
489,1220,LOAN,2025-06-29,2026-06-29,48,21.0,22.0,5.0,2564.15,13128.31,132.62,122.10238095238095,596.7413636363636,416.76,10906.88,18,ENTERTAINMENT,16.67,25.0,25.0,25.0,5,2026-06-29 19:55:28.785547+00:00
491,1227,CHECKING,2025-06-29,2026-06-29,30,15.0,12.0,3.0,2166.83,8180.33,98.04,144.45533333333333,681.6941666666667,314.83,7015.62,11,GAS_STATION,13.33,26.67,20.0,20.0,1,2026-06-29 19:55:28.785547+00:00
492,1230,CREDIT,2025-06-29,2026-06-29,31,13.0,15.0,3.0,1771.87,6835.69,95.27,136.2976923076923,455.7126666666667,300.04,5615.5,12,TRAVEL,29.03,22.58,22.58,19.35,4,2026-06-29 19:55:28.785547+00:00
494,1238,LOAN,2025-06-29,2026-06-29,42,17.0,17.0,8.0,2022.4,12408.45,244.99,118.96470588235294,729.9088235294117,294.86,10949.65,15,GROCERY,19.05,30.95,19.05,7.14,3,2026-06-29 19:55:28.785547+00:00
496,1246,CHECKING,2025-06-29,2026-06-29,29,20.0,6.0,3.0,1933.94,599.67,94.13,96.697,99.945,245.57,177.51,17,RETAIL,20.69,37.93,17.24,10.34,18,2026-06-29 19:55:28.785547+00:00
498,1250,CHECKING,2025-06-29,2026-06-29,18,13.0,5.0,0.0,1509.42,782.45,0.0,116.10923076923076,156.49,323.18,265.44,13,RESTAURANT,11.11,50.0,22.22,5.56,18,2026-06-29 19:55:28.785547+00:00
498,1252,CREDIT,2025-06-29,2026-06-29,47,26.0,16.0,5.0,2472.25,21073.95,113.03,95.08653846153847,1317.121875,301.08,10465.51,21,RESTAURANT,21.28,29.79,27.66,10.64,37,2026-06-29 19:55:28.785547+00:00
498,1253,SAVINGS,2025-06-29,2026-06-29,72,51.0,17.0,4.0,18140.55,1730.55,118.86,355.6970588235294,101.79705882352941,11879.42,212.69,37,RETAIL,16.67,31.94,15.28,19.44,0,2026-06-29 19:55:28.785547+00:00
499,1254,CREDIT,2025-06-29,2026-06-29,14,7.0,6.0,1.0,870.43,714.64,11.1,124.34714285714286,119.10666666666667,185.86,160.29,7,RESTAURANT,28.57,14.29,14.29,21.43,51,2026-06-29 19:55:28.785547+00:00
1,4,CHECKING,2025-06-29,2026-06-29,55,35.0,18.0,2.0,13471.06,2230.01,56.79,384.8874285714286,123.88944444444445,9406.53,336.94,30,UTILITIES,12.73,36.36,18.18,18.18,5,2026-06-29 19:55:28.785547+00:00
6,16,LOAN,2025-06-29,2026-06-29,28,12.0,14.0,2.0,13128.53,2051.47,74.83,1094.0441666666666,146.53357142857143,11329.52,409.06,10,UTILITIES,28.57,39.29,17.86,7.14,18,2026-06-29 19:55:28.785547+00:00
10,25,CREDIT,2025-06-29,2026-06-29,19,9.0,10.0,0.0,1237.34,1540.14,0.0,137.48222222222222,154.014,301.32,618.22,8,GAS_STATION,15.79,21.05,21.05,31.58,1,2026-06-29 19:55:28.785547+00:00
19,54,CREDIT,2025-06-29,2026-06-29,21,9.0,10.0,2.0,1477.45,1196.18,72.21,164.1611111111111,119.618,318.92,375.94,8,RETAIL,14.29,33.33,19.05,19.05,2,2026-06-29 19:55:28.785547+00:00
29,75,LOAN,2025-06-29,2026-06-29,54,16.0,33.0,5.0,8746.48,29367.18,153.2,546.655,889.9145454545454,6780.52,11161.4,14,RETAIL,16.67,31.48,18.52,18.52,14,2026-06-29 19:55:28.785547+00:00
30,79,SAVINGS,2025-06-29,2026-06-29,42,29.0,12.0,1.0,15320.4,1485.78,15.45,528.2896551724137,123.815,11680.24,326.42,25,HEALTHCARE,16.67,40.48,16.67,14.29,16,2026-06-29 19:55:28.785547+00:00
31,82,LOAN,2025-06-29,2026-06-29,36,8.0,22.0,6.0,1069.26,3158.07,207.6,133.6575,143.54863636363638,288.11,276.56,8,UTILITIES,8.33,36.11,22.22,19.44,11,2026-06-29 19:55:28.785547+00:00
32,86,CREDIT,2025-06-29,2026-06-29,62,18.0,39.0,5.0,22040.05,11782.34,133.49,1224.4472222222223,302.11128205128205,8134.26,7396.17,14,RESTAURANT,27.42,25.81,20.97,14.52,2,2026-06-29 19:55:28.785547+00:00
34,91,LOAN,2025-06-29,2026-06-29,27,10.0,14.0,3.0,642.96,1550.25,70.26,64.296,110.73214285714286,117.63,321.41,9,GROCERY,22.22,29.63,22.22,0.0,15,2026-06-29 19:55:28.785547+00:00
44,114,SAVINGS,2025-06-29,2026-06-29,65,38.0,19.0,8.0,13054.09,8090.0,222.53,343.5286842105263,425.7894736842105,8516.7,6440.68,27,RETAIL,18.46,32.31,18.46,13.85,2,2026-06-29 19:55:28.785547+00:00
51,129,CREDIT,2025-06-29,2026-06-29,14,8.0,6.0,0.0,912.41,8395.56,0.0,114.05125,1399.26,208.79,7902.41,8,HEALTHCARE,21.43,35.71,21.43,0.0,11,2026-06-29 19:55:28.785547+00:00
58,149,SAVINGS,2025-06-29,2026-06-29,67,45.0,16.0,6.0,4992.17,9166.77,154.71,110.93711111111111,572.923125,399.36,7507.25,36,RESTAURANT,10.45,26.87,25.37,14.93,0,2026-06-29 19:55:28.785547+00:00
58,150,LOAN,2025-06-29,2026-06-29,61,22.0,30.0,9.0,7539.26,15367.06,254.7,342.69363636363636,512.2353333333333,5557.18,11526.99,19,GROCERY,14.75,26.23,19.67,21.31,0,2026-06-29 19:55:28.785547+00:00
58,151,CHECKING,2025-06-29,2026-06-29,58,40.0,16.0,2.0,4659.71,12703.37,46.98,116.49275,793.960625,280.42,11539.35,29,RESTAURANT,22.41,32.76,24.14,6.9,12,2026-06-29 19:55:28.785547+00:00
60,154,CHECKING,2025-06-29,2026-06-29,60,39.0,15.0,6.0,24263.22,1979.69,135.26,622.1338461538462,131.97933333333333,9877.88,216.0,30,RETAIL,18.33,35.0,21.67,18.33,0,2026-06-29 19:55:28.785547+00:00
60,155,CREDIT,2025-06-29,2026-06-29,67,30.0,28.0,9.0,3552.96,3896.75,285.67,118.432,139.16964285714286,353.87,411.06,24,GAS_STATION,22.39,23.88,19.4,17.91,0,2026-06-29 19:55:28.785547+00:00
61,157,LOAN,2025-06-29,2026-06-29,21,8.0,10.0,3.0,936.21,11853.46,83.02,117.02625,1185.346,186.31,10902.8,7,RESTAURANT,14.29,33.33,28.57,9.52,18,2026-06-29 19:55:28.785547+00:00
63,160,SAVINGS,2025-06-29,2026-06-29,47,32.0,12.0,3.0,11989.97,992.95,82.57,374.6865625,82.74583333333334,7624.36,140.43,22,HEALTHCARE,21.28,21.28,25.53,19.15,2,2026-06-29 19:55:28.785547+00:00
64,163,SAVINGS,2025-06-29,2026-06-29,39,24.0,9.0,6.0,13634.59,1360.19,143.13,568.1079166666667,151.13222222222223,10668.32,260.45,21,GROCERY,12.82,41.03,12.82,17.95,15,2026-06-29 19:55:28.785547+00:00
69,174,CHECKING,2025-06-29,2026-06-29,26,16.0,8.0,2.0,1782.79,1497.8,64.38,111.424375,187.225,262.16,285.33,15,GROCERY,15.38,30.77,7.69,23.08,5,2026-06-29 19:55:28.785547+00:00
72,178,CREDIT,2025-06-29,2026-06-29,18,6.0,10.0,2.0,528.09,1042.06,35.15,88.015,104.206,185.5,242.79,5,GAS_STATION,5.56,22.22,33.33,27.78,43,2026-06-29 19:55:28.785547+00:00
74,185,CHECKING,2025-06-29,2026-06-29,59,39.0,14.0,6.0,15574.84,1578.26,154.71,399.35487179487177,112.73285714285714,11391.19,309.08,35,RESTAURANT,28.81,18.64,20.34,15.25,3,2026-06-29 19:55:28.785547+00:00
76,193,LOAN,2025-06-29,2026-06-29,23,7.0,16.0,0.0,1102.28,3078.64,0.0,157.46857142857144,192.415,267.09,503.9,7,GROCERY,8.7,52.17,13.04,8.7,7,2026-06-29 19:55:28.785547+00:00
78,198,CREDIT,2025-06-29,2026-06-29,62,26.0,28.0,8.0,19452.25,17793.5,251.32,748.1634615384615,635.4821428571429,9495.63,7313.33,24,RESTAURANT,12.9,20.97,24.19,17.74,0,2026-06-29 19:55:28.785547+00:00
78,200,CHECKING,2025-06-29,2026-06-29,21,11.0,8.0,2.0,1418.78,574.09,67.13,128.98,71.76125,293.56,93.65,9,GROCERY,14.29,23.81,4.76,23.81,25,2026-06-29 19:55:28.785547+00:00
79,201,CHECKING,2025-06-29,2026-06-29,63,42.0,16.0,5.0,15360.24,2050.28,124.83,365.72,128.1425,10719.51,262.87,35,GAS_STATION,14.29,49.21,19.05,4.76,4,2026-06-29 19:55:28.785547+00:00
81,204,LOAN,2025-06-29,2026-06-29,27,11.0,13.0,3.0,1460.15,1739.87,59.92,132.7409090909091,133.83615384615385,460.65,330.92,9,GROCERY,22.22,25.93,22.22,11.11,16,2026-06-29 19:55:28.785547+00:00
84,214,CHECKING,2025-06-29,2026-06-29,68,44.0,19.0,5.0,15251.94,2072.23,165.58,346.635,109.06473684210526,10198.96,207.33,35,WIRE_TRANSFER_INTL,19.12,27.94,17.65,20.59,14,2026-06-29 19:55:28.785547+00:00
89,230,LOAN,2025-06-29,2026-06-29,53,20.0,25.0,8.0,19628.97,3293.56,225.89,981.4485,131.7424,11087.65,483.06,16,EDUCATION,15.09,32.08,22.64,18.87,2,2026-06-29 19:55:28.785547+00:00
90,233,CREDIT,2025-06-29,2026-06-29,43,15.0,25.0,3.0,1850.64,3060.91,71.04,123.376,122.4364,225.55,308.46,12,INSURANCE,11.63,30.23,27.91,9.3,1,2026-06-29 19:55:28.785547+00:00
92,238,CREDIT,2025-06-29,2026-06-29,17,6.0,11.0,0.0,735.3,1450.23,0.0,122.55,131.8390909090909,240.37,379.62,6,GAS_STATION,11.76,47.06,29.41,5.88,9,2026-06-29 19:55:28.785547+00:00
99,253,CREDIT,2025-06-29,2026-06-29,45,18.0,24.0,3.0,2627.06,2951.28,78.71,145.9477777777778,122.97,323.38,280.95,16,GAS_STATION,13.33,37.78,24.44,11.11,0,2026-06-29 19:55:28.785547+00:00
102,260,CREDIT,2025-06-29,2026-06-29,50,21.0,26.0,3.0,12924.8,3597.75,107.2,615.4666666666667,138.375,10250.01,545.97,17,EDUCATION,28.0,28.0,16.0,14.0,2,2026-06-29 19:55:28.785547+00:00
103,263,LOAN,2025-06-29,2026-06-29,51,21.0,24.0,6.0,14297.35,8665.89,195.55,680.8261904761905,361.07875,11058.59,5631.65,18,ENTERTAINMENT,17.65,37.25,11.76,15.69,1,2026-06-29 19:55:28.785547+00:00
108,273,CREDIT,2025-06-29,2026-06-29,23,8.0,13.0,2.0,19147.16,7916.32,52.1,2393.395,608.9476923076924,10128.25,6504.53,6,HEALTHCARE,13.04,30.43,8.7,26.09,22,2026-06-29 19:55:28.785547+00:00
108,274,SAVINGS,2025-06-29,2026-06-29,24,11.0,10.0,3.0,1687.32,1514.36,96.5,153.39272727272729,151.436,235.02,295.52,11,RETAIL,8.33,29.17,25.0,25.0,6,2026-06-29 19:55:28.785547+00:00
109,277,CREDIT,2025-06-29,2026-06-29,51,14.0,31.0,6.0,1997.67,4855.34,180.15,142.69071428571428,156.62387096774194,284.04,588.72,11,GROCERY,21.57,29.41,19.61,13.73,1,2026-06-29 19:55:28.785547+00:00
111,282,SAVINGS,2025-06-29,2026-06-29,34,20.0,14.0,0.0,2466.43,1576.93,0.0,123.3215,112.63785714285714,373.35,230.18,18,RESTAURANT,29.41,26.47,17.65,2.94,8,2026-06-29 19:55:28.785547+00:00
116,295,LOAN,2025-06-29,2026-06-29,15,6.0,9.0,0.0,669.68,926.36,0.0,111.61333333333333,102.92888888888889,321.23,210.57,6,RESTAURANT,20.0,20.0,6.67,33.33,6,2026-06-29 19:55:28.785547+00:00
125,318,LOAN,2025-06-29,2026-06-29,21,10.0,9.0,2.0,1300.82,1104.64,63.37,130.082,122.73777777777778,244.38,280.65,10,RETAIL,28.57,14.29,38.1,9.52,28,2026-06-29 19:55:28.785547+00:00
129,331,SAVINGS,2025-06-29,2026-06-29,33,21.0,7.0,5.0,2684.64,1391.38,161.06,127.84,198.76857142857142,266.5,355.34,20,GAS_STATION,12.12,27.27,18.18,15.15,46,2026-06-29 19:55:28.785547+00:00
130,332,SAVINGS,2025-06-29,2026-06-29,58,37.0,18.0,3.0,37587.66,3170.27,73.7,1015.8827027027027,176.1261111111111,11956.15,359.52,29,RESTAURANT,29.31,29.31,17.24,15.52,0,2026-06-29 19:55:28.785547+00:00
133,342,LOAN,2025-06-29,2026-06-29,36,19.0,16.0,1.0,22040.62,2353.11,44.6,1160.0326315789473,147.069375,11878.32,475.32,17,GAS_STATION,8.33,33.33,25.0,22.22,8,2026-06-29 19:55:28.785547+00:00
135,344,SAVINGS,2025-06-29,2026-06-29,51,35.0,11.0,5.0,3978.68,1054.89,104.84,113.67657142857144,95.89909090909092,366.0,411.44,31,GROCERY,23.53,27.45,21.57,19.61,2,2026-06-29 19:55:28.785547+00:00
140,356,CHECKING,2025-06-29,2026-06-29,34,16.0,13.0,5.0,1863.97,12210.83,184.86,116.498125,939.2946153846154,433.17,10286.7,14,RESTAURANT,20.59,41.18,14.71,14.71,11,2026-06-29 19:55:28.785547+00:00
146,369,CREDIT,2025-06-29,2026-06-29,27,13.0,12.0,2.0,10713.54,1516.4,60.95,824.1184615384616,126.36666666666666,9133.14,289.21,12,INSURANCE,11.11,29.63,25.93,11.11,17,2026-06-29 19:55:28.785547+00:00
147,372,CHECKING,2025-06-29,2026-06-29,62,34.0,17.0,11.0,5113.42,1666.36,318.2,150.39470588235295,98.02117647058823,566.13,249.42,29,GROCERY,30.65,25.81,24.19,12.9,0,2026-06-29 19:55:28.785547+00:00
152,385,LOAN,2025-06-29,2026-06-29,23,11.0,11.0,1.0,2108.46,1532.22,37.94,191.67818181818183,139.29272727272726,507.61,275.71,10,GROCERY,17.39,39.13,4.35,8.7,2,2026-06-29 19:55:28.785547+00:00
153,389,CHECKING,2025-06-29,2026-06-29,30,16.0,12.0,2.0,1595.78,6815.41,64.91,99.73625,567.9508333333333,276.27,5621.21,15,ENTERTAINMENT,30.0,20.0,16.67,20.0,6,2026-06-29 19:55:28.785547+00:00
155,392,LOAN,2025-06-29,2026-06-29,72,30.0,40.0,2.0,13767.72,12702.75,69.82,458.924,317.56875,10067.56,7314.75,26,ENTERTAINMENT,19.44,25.0,23.61,18.06,1,2026-06-29 19:55:28.785547+00:00
156,395,CREDIT,2025-06-29,2026-06-29,23,9.0,12.0,2.0,1026.68,1837.24,70.35,114.07555555555555,153.10333333333332,274.22,437.72,9,GROCERY,17.39,21.74,17.39,26.09,7,2026-06-29 19:55:28.785547+00:00
165,412,CREDIT,2025-06-29,2026-06-29,59,23.0,32.0,4.0,9352.94,9648.78,107.47,406.6495652173913,301.524375,6906.02,6021.27,19,GROCERY,11.86,27.12,23.73,8.47,3,2026-06-29 19:55:28.785547+00:00
167,417,CREDIT,2025-06-29,2026-06-29,59,24.0,30.0,5.0,13006.56,11807.86,147.61,541.94,393.5953333333333,10319.2,8525.4,22,GROCERY,27.12,25.42,18.64,13.56,8,2026-06-29 19:55:28.785547+00:00
169,422,CHECKING,2025-06-29,2026-06-29,31,18.0,10.0,3.0,2152.39,1664.04,83.24,119.57722222222222,166.404,481.18,402.88,16,GAS_STATION,6.45,41.94,16.13,19.35,2,2026-06-29 19:55:28.785547+00:00
170,423,CREDIT,2025-06-29,2026-06-29,31,13.0,10.0,8.0,1489.68,1227.78,195.11,114.59076923076923,122.778,316.69,215.07,12,HEALTHCARE,25.81,25.81,19.35,25.81,37,2026-06-29 19:55:28.785547+00:00
176,438,CHECKING,2025-06-29,2026-06-29,35,24.0,9.0,2.0,17383.41,872.44,43.07,724.30875,96.93777777777778,8966.81,158.69,16,TRAVEL,8.57,34.29,20.0,20.0,0,2026-06-29 19:55:28.785547+00:00
177,443,LOAN,2025-06-29,2026-06-29,19,7.0,11.0,1.0,972.01,1236.3,35.45,138.85857142857142,112.39090909090909,259.24,319.42,7,TRAVEL,26.32,31.58,15.79,26.32,2,2026-06-29 19:55:28.785547+00:00
180,453,CHECKING,2025-06-29,2026-06-29,16,12.0,4.0,0.0,12140.28,214.29,0.0,1011.69,53.5725,11086.09,87.93,12,GAS_STATION,25.0,31.25,25.0,12.5,13,2026-06-29 19:55:28.785547+00:00
180,454,SAVINGS,2025-06-29,2026-06-29,65,47.0,17.0,1.0,15060.91,1933.33,26.8,320.44489361702125,113.72529411764705,7319.13,396.57,38,GROCERY,9.23,33.85,32.31,12.31,10,2026-06-29 19:55:28.785547+00:00
182,459,SAVINGS,2025-06-29,2026-06-29,39,21.0,15.0,3.0,21664.7,16383.02,84.1,1031.652380952381,1092.2013333333334,11547.94,9343.66,20,RETAIL,10.26,30.77,28.21,20.51,12,2026-06-29 19:55:28.785547+00:00
182,462,LOAN,2025-06-29,2026-06-29,36,13.0,18.0,5.0,1511.9,2128.02,132.34,116.3,118.22333333333333,239.28,266.83,10,GROCERY,13.89,33.33,19.44,16.67,13,2026-06-29 19:55:28.785547+00:00
209,526,CREDIT,2025-06-29,2026-06-29,38,12.0,24.0,2.0,1767.06,2895.49,63.49,147.255,120.64541666666666,383.22,407.62,12,GAS_STATION,15.79,28.95,21.05,28.95,2,2026-06-29 19:55:28.785547+00:00
212,534,CHECKING,2025-06-29,2026-06-29,35,24.0,9.0,2.0,3209.04,7078.37,31.65,133.71,786.4855555555556,321.5,6055.73,22,UTILITIES,17.14,40.0,22.86,14.29,3,2026-06-29 19:55:28.785547+00:00
213,538,CREDIT,2025-06-29,2026-06-29,64,26.0,33.0,5.0,22435.41,15605.91,120.89,862.9003846153846,472.90636363636366,7296.97,11484.97,24,GAS_STATION,15.63,26.56,26.56,20.31,6,2026-06-29 19:55:28.785547+00:00
214,541,CHECKING,2025-06-29,2026-06-29,16,12.0,2.0,2.0,9765.73,271.84,56.92,813.8108333333333,135.92,8420.74,189.02,11,INSURANCE,6.25,31.25,12.5,37.5,4,2026-06-29 19:55:28.785547+00:00
220,557,CREDIT,2025-06-29,2026-06-29,42,18.0,23.0,1.0,1858.59,3077.39,29.85,103.255,133.7995652173913,253.5,405.11,17,TRAVEL,14.29,40.48,19.05,14.29,36,2026-06-29 19:55:28.785547+00:00
221,561,CHECKING,2025-06-29,2026-06-29,49,36.0,12.0,1.0,26130.84,1412.36,13.9,725.8566666666667,117.69666666666667,11509.18,182.56,29,GAS_STATION,16.33,32.65,24.49,14.29,0,2026-06-29 19:55:28.785547+00:00
222,564,SAVINGS,2025-06-29,2026-06-29,39,21.0,13.0,5.0,15371.61,18295.26,126.95,731.9814285714285,1407.3276923076924,7923.29,11498.49,19,EDUCATION,23.08,28.21,10.26,17.95,11,2026-06-29 19:55:28.785547+00:00
224,571,CREDIT,2025-06-29,2026-06-29,73,31.0,40.0,2.0,10820.77,22753.08,47.22,349.05709677419355,568.827,6770.67,11905.66,23,RESTAURANT,16.44,27.4,23.29,19.18,10,2026-06-29 19:55:28.785547+00:00
227,575,CHECKING,2025-06-29,2026-06-29,64,44.0,13.0,7.0,15152.46,12635.76,177.16,344.3740909090909,971.9815384615384,9918.07,11149.07,34,INSURANCE,26.56,20.31,15.63,23.44,6,2026-06-29 19:55:28.785547+00:00
240,605,LOAN,2025-06-29,2026-06-29,36,11.0,21.0,4.0,957.09,2913.98,83.15,87.00818181818182,138.76095238095238,256.3,397.48,10,RESTAURANT,33.33,25.0,8.33,19.44,3,2026-06-29 19:55:28.785547+00:00
240,606,SAVINGS,2025-06-29,2026-06-29,19,14.0,3.0,2.0,20558.51,214.78,50.15,1468.465,71.59333333333333,10962.18,105.62,13,UTILITIES,21.05,26.32,26.32,15.79,7,2026-06-29 19:55:28.785547+00:00
241,610,SAVINGS,2025-06-29,2026-06-29,31,18.0,13.0,0.0,2219.88,11296.54,0.0,123.32666666666667,868.9646153846154,370.95,9522.31,15,RETAIL,22.58,35.48,6.45,16.13,13,2026-06-29 19:55:28.785547+00:00
241,611,CREDIT,2025-06-29,2026-06-29,34,15.0,17.0,2.0,12340.87,8993.92,44.84,822.7246666666666,529.0541176470588,10221.86,6413.22,12,ENTERTAINMENT,14.71,44.12,17.65,11.76,3,2026-06-29 19:55:28.785547+00:00
244,618,CHECKING,2025-06-29,2026-06-29,47,35.0,10.0,2.0,16431.49,1252.94,42.6,469.47114285714287,125.294,11818.86,275.03,32,RETAIL,17.02,19.15,25.53,21.28,9,2026-06-29 19:55:28.785547+00:00
250,636,SAVINGS,2025-06-29,2026-06-29,56,38.0,15.0,3.0,27717.76,19728.48,98.76,729.4147368421053,1315.232,10243.75,11158.56,29,TRAVEL,17.86,39.29,21.43,10.71,3,2026-06-29 19:55:28.785547+00:00
250,637,LOAN,2025-06-29,2026-06-29,42,14.0,23.0,5.0,12826.34,12572.89,100.14,916.1671428571428,546.6473913043478,11502.29,10004.69,12,GAS_STATION,30.95,28.57,9.52,14.29,2,2026-06-29 19:55:28.785547+00:00
252,643,CREDIT,2025-06-29,2026-06-29,61,24.0,35.0,2.0,2884.47,13623.4,74.0,120.18625,389.24,438.73,9903.04,19,GROCERY,16.39,34.43,19.67,21.31,7,2026-06-29 19:55:28.785547+00:00
258,658,CHECKING,2025-06-29,2026-06-29,29,16.0,11.0,2.0,9925.59,1647.99,40.8,620.349375,149.81727272727272,7344.32,276.06,14,INSURANCE,10.34,34.48,27.59,17.24,7,2026-06-29 19:55:28.785547+00:00
261,664,CHECKING,2025-06-29,2026-06-29,54,35.0,15.0,4.0,29161.7,1767.22,107.65,833.1914285714286,117.81466666666667,9251.04,308.87,28,CRYPTO_EXCHANGE,16.67,33.33,12.96,20.37,0,2026-06-29 19:55:28.785547+00:00
265,674,CREDIT,2025-06-29,2026-06-29,39,15.0,21.0,3.0,8145.11,2766.51,62.58,543.0073333333333,131.73857142857142,6240.59,343.9,14,RETAIL,10.26,25.64,25.64,23.08,3,2026-06-29 19:55:28.785547+00:00
274,693,CHECKING,2025-06-29,2026-06-29,64,41.0,18.0,5.0,25903.78,1783.89,131.1,631.7995121951219,99.105,8635.57,212.58,33,TRAVEL,18.75,29.69,12.5,23.44,4,2026-06-29 19:55:28.785547+00:00
276,696,LOAN,2025-06-29,2026-06-29,39,15.0,17.0,7.0,1508.55,1965.89,193.95,100.57,115.64058823529412,392.37,208.26,15,ENTERTAINMENT,20.51,33.33,20.51,10.26,7,2026-06-29 19:55:28.785547+00:00
276,697,CREDIT,2025-06-29,2026-06-29,36,13.0,21.0,2.0,9314.12,2549.01,72.42,716.4707692307692,121.38142857142857,7968.61,261.82,11,RETAIL,16.67,22.22,19.44,27.78,19,2026-06-29 19:55:28.785547+00:00
280,707,CHECKING,2025-06-29,2026-06-29,44,32.0,10.0,2.0,27538.56,11874.01,54.23,860.58,1187.401,9507.76,10610.23,26,HEALTHCARE,18.18,34.09,20.45,20.45,13,2026-06-29 19:55:28.785547+00:00
281,709,LOAN,2025-06-29,2026-06-29,71,23.0,43.0,5.0,29366.8,13566.52,139.46,1276.817391304348,315.5004651162791,11145.31,7714.05,20,TRAVEL,21.13,32.39,18.31,21.13,1,2026-06-29 19:55:28.785547+00:00
282,711,CHECKING,2025-06-29,2026-06-29,50,36.0,12.0,2.0,3951.81,1605.48,57.04,109.7725,133.79,268.47,239.56,29,RETAIL,22.0,30.0,18.0,16.0,11,2026-06-29 19:55:28.785547+00:00
293,743,LOAN,2025-06-29,2026-06-29,58,18.0,34.0,6.0,12511.72,10463.16,167.54,695.0955555555555,307.74,10321.27,6309.06,14,GAS_STATION,12.07,36.21,22.41,12.07,11,2026-06-29 19:55:28.785547+00:00
295,751,LOAN,2025-06-29,2026-06-29,47,19.0,23.0,5.0,2451.88,13076.1,152.11,129.04631578947368,568.5260869565218,231.11,9797.53,17,GROCERY,14.89,23.4,31.91,21.28,0,2026-06-29 19:55:28.785547+00:00
297,757,SAVINGS,2025-06-29,2026-06-29,67,43.0,18.0,6.0,32589.27,12972.48,150.6,757.89,720.6933333333334,10857.64,10677.25,32,GROCERY,22.39,28.36,16.42,19.4,7,2026-06-29 19:55:28.785547+00:00
298,762,CHECKING,2025-06-29,2026-06-29,45,27.0,14.0,4.0,11111.86,1962.65,110.78,411.5503703703704,140.18928571428572,7987.56,348.24,22,EDUCATION,11.11,28.89,22.22,15.56,0,2026-06-29 19:55:28.785547+00:00
304,772,LOAN,2025-06-29,2026-06-29,36,13.0,19.0,4.0,10129.19,2494.57,51.99,779.1684615384615,131.29315789473685,8439.99,430.62,11,EDUCATION,13.89,41.67,8.33,22.22,16,2026-06-29 19:55:28.785547+00:00
311,788,CHECKING,2025-06-29,2026-06-29,30,23.0,6.0,1.0,22667.33,1140.65,38.47,985.5360869565218,190.10833333333332,10273.5,438.12,18,ENTERTAINMENT,23.33,20.0,26.67,16.67,1,2026-06-29 19:55:28.785547+00:00
314,795,SAVINGS,2025-06-29,2026-06-29,64,43.0,17.0,4.0,27646.32,16790.63,102.51,642.9376744186046,987.6841176470588,8988.93,9079.79,36,INSURANCE,12.5,34.38,10.94,23.44,2,2026-06-29 19:55:28.785547+00:00
314,796,CHECKING,2025-06-29,2026-06-29,62,36.0,17.0,9.0,13799.01,10422.49,285.21,383.30583333333334,613.0876470588236,8876.98,8257.07,27,UTILITIES,14.52,35.48,17.74,16.13,3,2026-06-29 19:55:28.785547+00:00
315,797,CREDIT,2025-06-29,2026-06-29,56,19.0,30.0,7.0,2482.22,5038.02,214.39,130.64315789473685,167.934,270.65,381.61,17,INSURANCE,12.5,35.71,26.79,14.29,8,2026-06-29 19:55:28.785547+00:00
331,831,SAVINGS,2025-06-29,2026-06-29,37,21.0,15.0,1.0,2454.03,2315.79,21.56,116.85857142857142,154.386,249.8,296.25,17,RESTAURANT,8.11,24.32,29.73,27.03,3,2026-06-29 19:55:28.785547+00:00
338,846,SAVINGS,2025-06-29,2026-06-29,46,27.0,17.0,2.0,2892.51,11479.08,63.62,107.13,675.24,267.71,9508.2,21,RESTAURANT,17.39,30.43,17.39,23.91,3,2026-06-29 19:55:28.785547+00:00
338,848,LOAN,2025-06-29,2026-06-29,29,12.0,17.0,0.0,1650.57,2193.99,0.0,137.5475,129.05823529411765,289.21,235.85,12,HEALTHCARE,13.79,10.34,24.14,41.38,0,2026-06-29 19:55:28.785547+00:00
344,859,CHECKING,2025-06-29,2026-06-29,59,41.0,13.0,5.0,5754.96,7504.78,114.34,140.3648780487805,577.2907692307692,407.71,5307.46,32,GROCERY,16.95,30.51,15.25,27.12,22,2026-06-29 19:55:28.785547+00:00
348,867,CREDIT,2025-06-29,2026-06-29,47,15.0,26.0,6.0,8140.33,4288.01,201.97,542.6886666666667,164.92346153846154,6778.88,469.97,14,RESTAURANT,17.02,25.53,21.28,12.77,8,2026-06-29 19:55:28.785547+00:00
360,899,LOAN,2025-06-29,2026-06-29,51,22.0,26.0,3.0,19130.6,26075.92,104.58,869.5727272727273,1002.92,10886.06,9499.62,20,RETAIL,19.61,31.37,17.65,9.8,11,2026-06-29 19:55:28.785547+00:00
362,905,CHECKING,2025-06-29,2026-06-29,39,24.0,13.0,2.0,2720.23,11915.19,30.32,113.34291666666667,916.5530769230769,262.16,10716.47,22,GAS_STATION,15.38,38.46,20.51,12.82,2,2026-06-29 19:55:28.785547+00:00
363,907,CREDIT,2025-06-29,2026-06-29,16,8.0,8.0,0.0,10329.33,8528.36,0.0,1291.16625,1066.045,9731.97,7714.96,7,EDUCATION,6.25,25.0,12.5,18.75,8,2026-06-29 19:55:28.785547+00:00
365,915,SAVINGS,2025-06-29,2026-06-29,40,27.0,11.0,2.0,3288.2,6917.08,63.86,121.78518518518518,628.8254545454546,392.06,5822.2,23,GROCERY,20.0,30.0,17.5,12.5,3,2026-06-29 19:55:28.785547+00:00
368,921,CHECKING,2025-06-29,2026-06-29,33,19.0,12.0,2.0,16213.61,1840.51,59.59,853.3478947368421,153.37583333333333,8634.87,299.14,15,GROCERY,21.21,36.36,12.12,18.18,0,2026-06-29 19:55:28.785547+00:00
370,925,LOAN,2025-06-29,2026-06-29,23,7.0,12.0,4.0,8150.12,1091.22,118.53,1164.3028571428572,90.935,7466.04,176.11,4,WIRE_TRANSFER_INTL,4.35,34.78,17.39,26.09,3,2026-06-29 19:55:28.785547+00:00
377,944,SAVINGS,2025-06-29,2026-06-29,70,47.0,16.0,7.0,13581.81,1789.38,190.49,288.97468085106385,111.83625,7279.71,398.42,37,GAS_STATION,18.57,34.29,22.86,15.71,11,2026-06-29 19:55:28.785547+00:00
380,950,CHECKING,2025-06-29,2026-06-29,53,36.0,15.0,2.0,23221.8,1475.61,33.17,645.05,98.374,10900.59,320.93,27,ENTERTAINMENT,11.32,39.62,13.21,15.09,9,2026-06-29 19:55:28.785547+00:00
386,962,SAVINGS,2025-06-29,2026-06-29,50,26.0,17.0,7.0,18969.63,1826.23,212.73,729.6011538461538,107.42529411764706,9161.06,358.15,21,GAS_STATION,16.0,24.0,26.0,22.0,2,2026-06-29 19:55:28.785547+00:00
387,965,CHECKING,2025-06-29,2026-06-29,64,36.0,19.0,9.0,4363.43,15415.93,298.03,121.2063888888889,811.3647368421052,408.96,7509.8,28,GROCERY,12.5,29.69,21.88,14.06,2,2026-06-29 19:55:28.785547+00:00
390,971,LOAN,2025-06-29,2026-06-29,71,31.0,36.0,4.0,4200.53,19422.91,116.19,135.50096774193548,539.5252777777778,335.48,8297.29,25,GROCERY,19.72,22.54,21.13,19.72,0,2026-06-29 19:55:28.785547+00:00
396,992,LOAN,2025-06-29,2026-06-29,52,19.0,29.0,4.0,2564.71,10753.97,143.59,134.98473684210526,370.8265517241379,255.95,7683.78,15,GROCERY,9.62,32.69,23.08,23.08,1,2026-06-29 19:55:28.785547+00:00
399,995,LOAN,2025-06-29,2026-06-29,80,35.0,39.0,6.0,13000.46,16645.21,200.86,371.4417142857143,426.8002564102564,8324.49,11775.23,30,RETAIL,15.0,38.75,13.75,22.5,2,2026-06-29 19:55:28.785547+00:00
402,1003,LOAN,2025-06-29,2026-06-29,22,9.0,12.0,1.0,1063.49,1230.97,12.48,118.16555555555556,102.58083333333333,345.22,158.06,8,GROCERY,18.18,36.36,9.09,22.73,2,2026-06-29 19:55:28.785547+00:00
410,1023,LOAN,2025-06-29,2026-06-29,21,13.0,7.0,1.0,1059.05,1041.26,24.75,81.46538461538462,148.75142857142856,212.65,244.74,10,GAS_STATION,14.29,33.33,9.52,23.81,14,2026-06-29 19:55:28.785547+00:00
414,1035,CREDIT,2025-06-29,2026-06-29,42,14.0,27.0,1.0,1888.77,2951.65,32.3,134.91214285714287,109.32037037037037,335.3,264.83,14,HEALTHCARE,9.52,30.95,11.9,21.43,14,2026-06-29 19:55:28.785547+00:00
417,1041,SAVINGS,2025-06-29,2026-06-29,25,17.0,8.0,0.0,1489.6,916.53,0.0,87.62352941176471,114.56625,187.0,230.71,17,RETAIL,12.0,36.0,8.0,12.0,0,2026-06-29 19:55:28.785547+00:00
419,1044,CREDIT,2025-06-29,2026-06-29,43,13.0,22.0,8.0,1462.69,19958.83,227.42,112.51461538461538,907.2195454545455,249.69,10570.33,13,RETAIL,13.95,48.84,13.95,18.6,0,2026-06-29 19:55:28.785547+00:00
422,1050,SAVINGS,2025-06-29,2026-06-29,25,15.0,9.0,1.0,1567.55,1383.39,23.26,104.50333333333333,153.71,250.75,470.79,12,GROCERY,12.0,28.0,28.0,24.0,9,2026-06-29 19:55:28.785547+00:00
423,1054,LOAN,2025-06-29,2026-06-29,18,11.0,6.0,1.0,7071.27,843.31,44.9,642.8427272727273,140.55166666666668,5708.47,255.24,10,GROCERY,16.67,50.0,16.67,5.56,38,2026-06-29 19:55:28.785547+00:00
426,1058,CHECKING,2025-06-29,2026-06-29,41,26.0,14.0,1.0,3244.95,1637.96,33.71,124.80576923076923,116.99714285714286,372.76,278.55,22,UTILITIES,14.63,34.15,14.63,29.27,18,2026-06-29 19:55:28.785547+00:00
429,1066,LOAN,2025-06-29,2026-06-29,58,24.0,33.0,1.0,18101.43,14910.27,37.31,754.22625,451.8263636363636,9606.66,10808.85,22,HEALTHCARE,15.52,36.21,18.97,12.07,2,2026-06-29 19:55:28.785547+00:00
451,1119,CHECKING,2025-06-29,2026-06-29,65,33.0,20.0,12.0,11298.93,19770.47,363.47,342.39181818181817,988.5235,6872.92,12101.66,20,GROCERY,13.85,16.92,24.62,15.38,5,2026-06-29 19:55:28.785547+00:00
451,1120,SAVINGS,2025-06-29,2026-06-29,47,33.0,9.0,5.0,4642.32,6389.75,142.69,140.67636363636365,709.9722222222222,453.71,5585.47,27,GAS_STATION,25.53,23.4,31.91,10.64,16,2026-06-29 19:55:28.785547+00:00
453,1129,CREDIT,2025-06-29,2026-06-29,41,22.0,17.0,2.0,12945.1,2125.42,59.88,588.4136363636363,125.02470588235295,10337.87,350.99,20,RESTAURANT,14.63,34.15,21.95,14.63,5,2026-06-29 19:55:28.785547+00:00
456,1138,CHECKING,2025-06-29,2026-06-29,19,15.0,4.0,0.0,11472.2,386.26,0.0,764.8133333333334,96.565,9311.41,145.76,15,TRAVEL,31.58,15.79,26.32,15.79,19,2026-06-29 19:55:28.785547+00:00
457,1141,CHECKING,2025-06-29,2026-06-29,57,41.0,10.0,6.0,22399.45,9906.74,170.85,546.3280487804878,990.674,11319.1,9306.83,31,GAMBLING,22.81,31.58,24.56,12.28,2,2026-06-29 19:55:28.785547+00:00
460,1148,SAVINGS,2025-06-29,2026-06-29,51,38.0,12.0,1.0,18537.91,1298.04,13.29,487.83973684210525,108.17,7336.77,267.33,31,RETAIL,13.73,33.33,23.53,15.69,14,2026-06-29 19:55:28.785547+00:00
464,1158,CHECKING,2025-06-29,2026-06-29,20,10.0,6.0,4.0,1221.89,773.52,75.97,122.189,128.92,263.4,263.59,10,GAS_STATION,10.0,25.0,25.0,30.0,5,2026-06-29 19:55:28.785547+00:00
466,1166,SAVINGS,2025-06-29,2026-06-29,69,42.0,22.0,5.0,16072.35,11929.0,103.01,382.675,542.2272727272727,5665.79,9177.96,32,GROCERY,17.39,27.54,26.09,14.49,4,2026-06-29 19:55:28.785547+00:00
476,1189,CREDIT,2025-06-29,2026-06-29,56,27.0,25.0,4.0,18217.19,2788.69,118.02,674.7107407407408,111.5476,8067.77,348.82,22,HEALTHCARE,21.43,37.5,19.64,8.93,22,2026-06-29 19:55:28.785547+00:00
484,1207,LOAN,2025-06-29,2026-06-29,40,9.0,25.0,6.0,854.0,18047.15,168.88,94.88888888888889,721.886,243.91,9424.71,7,TRAVEL,12.5,25.0,35.0,12.5,1,2026-06-29 19:55:28.785547+00:00
485,1208,SAVINGS,2025-06-29,2026-06-29,39,29.0,9.0,1.0,3022.12,1195.11,13.55,104.21103448275862,132.79,274.7,202.61,26,GROCERY,28.21,23.08,17.95,23.08,1,2026-06-29 19:55:28.785547+00:00
486,1213,CHECKING,2025-06-29,2026-06-29,21,14.0,4.0,3.0,8989.78,307.51,99.21,642.1271428571429,76.8775,7263.75,122.52,14,GROCERY,9.52,28.57,14.29,38.1,26,2026-06-29 19:55:28.785547+00:00
487,1214,SAVINGS,2025-06-29,2026-06-29,61,40.0,17.0,4.0,5560.08,7881.54,81.88,139.002,463.62,409.57,5558.39,33,GROCERY,24.59,36.07,14.75,11.48,10,2026-06-29 19:55:28.785547+00:00
487,1215,LOAN,2025-06-29,2026-06-29,44,16.0,22.0,6.0,2922.91,2251.08,144.02,182.681875,102.32181818181819,425.58,358.84,16,RETAIL,11.36,36.36,31.82,20.45,5,2026-06-29 19:55:28.785547+00:00
490,1222,CREDIT,2025-06-29,2026-06-29,72,31.0,33.0,8.0,3986.86,10867.85,222.43,128.60838709677418,329.32878787878786,348.25,7413.57,26,RETAIL,16.67,19.44,23.61,22.22,5,2026-06-29 19:55:28.785547+00:00
491,1226,CREDIT,2025-06-29,2026-06-29,70,40.0,28.0,2.0,4642.1,3892.9,55.67,116.0525,139.03214285714284,291.98,364.53,31,GROCERY,18.57,28.57,22.86,18.57,16,2026-06-29 19:55:28.785547+00:00
491,1228,SAVINGS,2025-06-29,2026-06-29,48,30.0,16.0,2.0,12370.92,13849.18,75.43,412.364,865.57375,7881.68,6367.81,24,HEALTHCARE,10.42,33.33,22.92,20.83,6,2026-06-29 19:55:28.785547+00:00
491,1229,LOAN,2025-06-29,2026-06-29,42,17.0,22.0,3.0,2432.95,2920.57,100.06,143.11470588235295,132.75318181818182,363.05,461.45,14,GAS_STATION,26.19,28.57,14.29,21.43,1,2026-06-29 19:55:28.785547+00:00
492,1231,SAVINGS,2025-06-29,2026-06-29,33,22.0,9.0,2.0,2367.72,1242.25,36.15,107.62363636363636,138.02777777777777,229.23,193.81,19,GAS_STATION,6.06,24.24,39.39,15.15,3,2026-06-29 19:55:28.785547+00:00
493,1236,LOAN,2025-06-29,2026-06-29,65,21.0,34.0,10.0,14158.58,3996.91,303.31,674.2180952380952,117.55617647058824,12089.36,289.2,16,RESTAURANT,16.92,29.23,29.23,16.92,4,2026-06-29 19:55:28.785547+00:00
494,1239,CREDIT,2025-06-29,2026-06-29,53,21.0,28.0,4.0,11469.33,24539.69,102.15,546.1585714285715,876.4175,9056.3,11737.3,18,ENTERTAINMENT,18.87,41.51,22.64,11.32,2,2026-06-29 19:55:28.785547+00:00
2,7,SAVINGS,2025-06-29,2026-06-29,63,45.0,11.0,7.0,7181.74,1067.09,223.14,159.59422222222221,97.00818181818182,385.41,258.84,37,GROCERY,15.87,20.63,25.4,25.4,5,2026-06-29 19:55:28.785547+00:00
4,9,CHECKING,2025-06-29,2026-06-29,72,43.0,23.0,6.0,12494.24,14606.22,168.07,290.56372093023253,635.0530434782609,7247.9,11963.06,34,RESTAURANT,25.0,31.94,18.06,13.89,0,2026-06-29 19:55:28.785547+00:00
10,24,LOAN,2025-06-29,2026-06-29,53,20.0,30.0,3.0,11145.76,13355.91,63.69,557.288,445.197,8220.52,9845.48,15,RETAIL,18.87,24.53,16.98,26.42,2,2026-06-29 19:55:28.785547+00:00
13,32,CREDIT,2025-06-29,2026-06-29,39,13.0,23.0,3.0,7475.09,2843.79,78.77,575.006923076923,123.64304347826086,6019.54,660.86,10,RESTAURANT,17.95,28.21,17.95,23.08,24,2026-06-29 19:55:28.785547+00:00
15,42,CREDIT,2025-06-29,2026-06-29,33,11.0,19.0,3.0,1664.85,2752.87,80.42,151.35,144.8878947368421,356.3,303.48,11,GROCERY,9.09,36.36,12.12,27.27,0,2026-06-29 19:55:28.785547+00:00
15,43,SAVINGS,2025-06-29,2026-06-29,45,24.0,14.0,7.0,21202.36,8760.82,160.51,883.4316666666666,625.7728571428571,11371.83,7606.14,21,RETAIL,17.78,26.67,17.78,22.22,2,2026-06-29 19:55:28.785547+00:00
18,52,SAVINGS,2025-06-29,2026-06-29,21,13.0,4.0,4.0,1419.06,797.89,114.2,109.15846153846154,199.4725,332.22,289.7,12,GROCERY,23.81,19.05,9.52,14.29,1,2026-06-29 19:55:28.785547+00:00
23,63,SAVINGS,2025-06-29,2026-06-29,61,36.0,22.0,3.0,4179.73,2144.8,96.88,116.1036111111111,97.49090909090908,365.4,239.66,28,RESTAURANT,18.03,19.67,24.59,21.31,24,2026-06-29 19:55:28.785547+00:00
24,65,SAVINGS,2025-06-29,2026-06-29,19,11.0,5.0,3.0,1377.98,538.82,93.06,125.27090909090909,107.764,281.19,195.2,10,GROCERY,31.58,26.32,26.32,15.79,13,2026-06-29 19:55:28.785547+00:00
26,68,LOAN,2025-06-29,2026-06-29,40,13.0,25.0,2.0,1966.46,3839.68,50.93,151.26615384615386,153.5872,323.52,423.34,11,TRAVEL,20.0,30.0,12.5,20.0,2,2026-06-29 19:55:28.785547+00:00
33,89,LOAN,2025-06-29,2026-06-29,20,8.0,10.0,2.0,942.59,1296.37,43.42,117.82375,129.637,309.71,362.99,8,GAS_STATION,20.0,10.0,25.0,40.0,10,2026-06-29 19:55:28.785547+00:00
34,90,CREDIT,2025-06-29,2026-06-29,26,12.0,13.0,1.0,1027.48,1584.16,15.06,85.62333333333333,121.85846153846154,200.41,302.65,12,GAS_STATION,11.54,19.23,23.08,26.92,9,2026-06-29 19:55:28.785547+00:00
36,97,CREDIT,2025-06-29,2026-06-29,60,25.0,30.0,5.0,3111.73,3301.15,99.52,124.4692,110.03833333333333,333.12,272.75,22,HEALTHCARE,16.67,21.67,20.0,31.67,4,2026-06-29 19:55:28.785547+00:00
39,102,LOAN,2025-06-29,2026-06-29,44,23.0,15.0,6.0,19286.57,2150.16,139.79,838.5465217391304,143.344,10633.64,358.12,21,INSURANCE,18.18,27.27,13.64,25.0,2,2026-06-29 19:55:28.785547+00:00
41,110,CHECKING,2025-06-29,2026-06-29,44,27.0,12.0,5.0,10165.56,995.14,85.8,376.5022222222222,82.92833333333333,7429.03,247.61,19,RETAIL,22.73,25.0,9.09,27.27,13,2026-06-29 19:55:28.785547+00:00
43,113,LOAN,2025-06-29,2026-06-29,55,21.0,30.0,4.0,2901.58,10412.52,98.3,138.1704761904762,347.084,519.58,7072.33,21,GAS_STATION,23.64,25.45,20.0,16.36,5,2026-06-29 19:55:28.785547+00:00
50,127,SAVINGS,2025-06-29,2026-06-29,56,31.0,21.0,4.0,3812.92,11550.75,112.56,122.99741935483871,550.0357142857143,402.3,9168.55,26,RESTAURANT,16.07,25.0,25.0,25.0,12,2026-06-29 19:55:28.785547+00:00
54,138,CHECKING,2025-06-29,2026-06-29,41,29.0,11.0,1.0,4002.9,1152.3,23.17,138.03103448275863,104.75454545454545,401.85,215.2,24,GROCERY,17.07,19.51,21.95,21.95,33,2026-06-29 19:55:28.785547+00:00
54,140,LOAN,2025-06-29,2026-06-29,47,27.0,15.0,5.0,38354.45,2158.14,81.56,1420.5351851851851,143.876,10691.23,311.4,22,GAS_STATION,12.77,34.04,25.53,10.64,0,2026-06-29 19:55:28.785547+00:00
55,141,LOAN,2025-06-29,2026-06-29,71,27.0,35.0,9.0,12968.57,12578.26,197.92,480.3174074074074,359.37885714285716,10182.03,9080.29,24,TRAVEL,18.31,36.62,18.31,15.49,3,2026-06-29 19:55:28.785547+00:00
75,189,CHECKING,2025-06-29,2026-06-29,28,20.0,5.0,3.0,2742.43,542.55,111.16,137.1215,108.51,272.36,214.99,19,GAS_STATION,17.86,42.86,17.86,10.71,16,2026-06-29 19:55:28.785547+00:00
77,196,SAVINGS,2025-06-29,2026-06-29,42,25.0,14.0,3.0,16784.01,1856.57,85.62,671.3604,132.61214285714286,7639.37,271.87,17,GROCERY,23.81,30.95,21.43,16.67,10,2026-06-29 19:55:28.785547+00:00
82,208,LOAN,2025-06-29,2026-06-29,69,27.0,35.0,7.0,11672.37,42326.97,212.29,432.31,1209.342,8409.16,11804.77,25,GROCERY,14.49,28.99,27.54,15.94,1,2026-06-29 19:55:28.785547+00:00
84,213,CREDIT,2025-06-29,2026-06-29,67,25.0,38.0,4.0,14086.49,11733.41,126.87,563.4596,308.77394736842103,10689.98,6713.12,21,RESTAURANT,16.42,22.39,19.4,26.87,0,2026-06-29 19:55:28.785547+00:00
90,232,SAVINGS,2025-06-29,2026-06-29,46,28.0,11.0,7.0,33323.42,7544.18,226.0,1190.1221428571428,685.8345454545455,11539.7,6649.2,25,UTILITIES,13.04,34.78,21.74,17.39,1,2026-06-29 19:55:28.785547+00:00
93,239,LOAN,2025-06-29,2026-06-29,31,12.0,18.0,1.0,11568.86,1948.22,41.72,964.0716666666667,108.23444444444445,9800.16,218.65,11,GAS_STATION,16.13,25.81,16.13,19.35,16,2026-06-29 19:55:28.785547+00:00
95,245,CREDIT,2025-06-29,2026-06-29,63,19.0,34.0,10.0,9980.36,4945.85,294.75,525.2821052631579,145.46617647058824,7792.12,361.43,14,RETAIL,22.22,25.4,25.4,12.7,3,2026-06-29 19:55:28.785547+00:00
98,250,SAVINGS,2025-06-29,2026-06-29,60,39.0,18.0,3.0,32609.45,2809.22,106.77,836.1397435897436,156.0677777777778,12047.5,509.56,34,GAS_STATION,16.67,31.67,6.67,21.67,3,2026-06-29 19:55:28.785547+00:00
101,257,SAVINGS,2025-06-29,2026-06-29,69,42.0,22.0,5.0,21624.04,2922.17,153.9,514.8580952380952,132.82590909090908,9884.95,417.09,31,GROCERY,20.29,36.23,10.14,20.29,5,2026-06-29 19:55:28.785547+00:00
107,271,LOAN,2025-06-29,2026-06-29,54,25.0,26.0,3.0,3604.34,3155.79,59.51,144.1736,121.37653846153846,311.29,414.07,21,RETAIL,20.37,24.07,35.19,9.26,8,2026-06-29 19:55:28.785547+00:00
109,276,CHECKING,2025-06-29,2026-06-29,18,12.0,5.0,1.0,1553.33,343.89,18.81,129.44416666666666,68.778,309.3,127.78,11,TRAVEL,22.22,22.22,11.11,22.22,4,2026-06-29 19:55:28.785547+00:00
111,283,CREDIT,2025-06-29,2026-06-29,24,6.0,16.0,2.0,590.0,10309.47,63.9,98.33333333333333,644.341875,215.53,8744.37,6,RETAIL,25.0,29.17,20.83,12.5,3,2026-06-29 19:55:28.785547+00:00
112,284,SAVINGS,2025-06-29,2026-06-29,22,14.0,7.0,1.0,1830.8,1215.43,21.41,130.77142857142857,173.63285714285715,273.56,334.2,10,UTILITIES,22.73,40.91,18.18,9.09,21,2026-06-29 19:55:28.785547+00:00
116,293,CREDIT,2025-06-29,2026-06-29,32,12.0,18.0,2.0,12727.38,8839.32,66.94,1060.615,491.0733333333333,10634.03,7539.98,9,UTILITIES,15.63,21.88,28.13,12.5,23,2026-06-29 19:55:28.785547+00:00
118,298,SAVINGS,2025-06-29,2026-06-29,18,12.0,6.0,0.0,1600.19,725.08,0.0,133.34916666666666,120.84666666666666,253.11,244.27,11,GROCERY,5.56,27.78,27.78,16.67,6,2026-06-29 19:55:28.785547+00:00
119,301,LOAN,2025-06-29,2026-06-29,41,18.0,19.0,4.0,9990.94,2482.6,87.31,555.0522222222222,130.66315789473686,7836.46,459.97,16,TRAVEL,17.07,36.59,19.51,19.51,7,2026-06-29 19:55:28.785547+00:00
122,308,CHECKING,2025-06-29,2026-06-29,58,38.0,14.0,6.0,11902.34,1220.61,157.69,313.2194736842105,87.18642857142858,6364.67,183.08,33,GAS_STATION,17.24,31.03,13.79,22.41,3,2026-06-29 19:55:28.785547+00:00
122,311,CREDIT,2025-06-29,2026-06-29,27,16.0,10.0,1.0,2497.64,1520.19,11.43,156.1025,152.019,284.83,424.63,14,GAS_STATION,14.81,22.22,22.22,14.81,2,2026-06-29 19:55:28.785547+00:00
129,328,CHECKING,2025-06-29,2026-06-29,24,15.0,8.0,1.0,1582.28,8765.58,30.17,105.48533333333333,1095.6975,214.99,7992.42,12,HEALTHCARE,12.5,41.67,12.5,25.0,12,2026-06-29 19:55:28.785547+00:00
134,343,SAVINGS,2025-06-29,2026-06-29,65,43.0,16.0,6.0,21717.89,7759.62,152.03,505.0672093023256,484.97625,8686.66,6061.82,36,HEALTHCARE,32.31,24.62,15.38,12.31,1,2026-06-29 19:55:28.785547+00:00
147,373,LOAN,2025-06-29,2026-06-29,19,12.0,6.0,1.0,1633.1,638.87,24.45,136.09166666666667,106.47833333333334,206.59,289.85,10,GROCERY,21.05,26.32,21.05,15.79,0,2026-06-29 19:55:28.785547+00:00
154,391,LOAN,2025-06-29,2026-06-29,20,4.0,13.0,3.0,433.08,1457.61,55.63,108.27,112.12384615384616,268.79,204.41,4,GAS_STATION,15.0,35.0,20.0,15.0,13,2026-06-29 19:55:28.785547+00:00
163,409,CHECKING,2025-06-29,2026-06-29,52,37.0,11.0,4.0,4476.52,1035.98,102.28,120.98702702702703,94.18,280.33,260.62,25,GROCERY,13.46,40.38,19.23,17.31,2,2026-06-29 19:55:28.785547+00:00
166,413,LOAN,2025-06-29,2026-06-29,40,15.0,21.0,4.0,2150.64,17154.33,143.63,143.376,816.8728571428571,418.94,8107.31,12,GROCERY,20.0,30.0,20.0,15.0,19,2026-06-29 19:55:28.785547+00:00
166,416,CHECKING,2025-06-29,2026-06-29,17,12.0,4.0,1.0,22059.65,488.74,28.01,1838.3041666666666,122.185,11338.25,246.91,11,RESTAURANT,23.53,35.29,11.76,5.88,40,2026-06-29 19:55:28.785547+00:00
168,419,LOAN,2025-06-29,2026-06-29,53,18.0,30.0,5.0,2533.74,8157.84,121.3,140.76333333333332,271.928,324.25,5175.91,14,GAS_STATION,13.21,18.87,22.64,28.3,4,2026-06-29 19:55:28.785547+00:00
168,420,CHECKING,2025-06-29,2026-06-29,39,23.0,13.0,3.0,14623.68,13009.5,85.87,635.8121739130435,1000.7307692307693,11926.04,11065.85,18,UTILITIES,28.21,23.08,28.21,5.13,18,2026-06-29 19:55:28.785547+00:00
170,424,SAVINGS,2025-06-29,2026-06-29,16,11.0,4.0,1.0,7197.96,8133.94,30.33,654.36,2033.485,6181.48,7781.97,10,ENTERTAINMENT,25.0,18.75,25.0,18.75,29,2026-06-29 19:55:28.785547+00:00
172,430,LOAN,2025-06-29,2026-06-29,62,27.0,29.0,6.0,23536.86,3288.04,169.77,871.7355555555556,113.38068965517242,10367.72,446.19,21,RETAIL,24.19,20.97,19.35,16.13,0,2026-06-29 19:55:28.785547+00:00
174,435,SAVINGS,2025-06-29,2026-06-29,29,21.0,6.0,2.0,2777.8,971.89,52.75,132.27619047619046,161.98166666666665,298.48,310.7,19,RESTAURANT,34.48,17.24,17.24,13.79,60,2026-06-29 19:55:28.785547+00:00
178,444,CHECKING,2025-06-29,2026-06-29,57,32.0,18.0,7.0,9306.61,2242.3,211.62,290.8315625,124.57222222222222,5341.71,314.94,25,HEALTHCARE,12.28,22.81,31.58,24.56,11,2026-06-29 19:55:28.785547+00:00
179,448,CREDIT,2025-06-29,2026-06-29,35,17.0,14.0,4.0,1931.96,13525.42,96.9,113.64470588235294,966.1014285714285,266.3,12142.22,13,GROCERY,17.14,25.71,31.43,14.29,17,2026-06-29 19:55:28.785547+00:00
181,458,CHECKING,2025-06-29,2026-06-29,74,46.0,20.0,8.0,11924.33,2256.5,211.65,259.22456521739133,112.825,6345.34,269.1,40,ENTERTAINMENT,21.62,33.78,12.16,14.86,1,2026-06-29 19:55:28.785547+00:00
184,465,CREDIT,2025-06-29,2026-06-29,65,25.0,31.0,9.0,3178.56,23895.45,180.68,127.1424,770.8209677419355,421.42,10220.9,19,RESTAURANT,15.38,18.46,24.62,24.62,3,2026-06-29 19:55:28.785547+00:00
189,471,LOAN,2025-06-29,2026-06-29,62,31.0,27.0,4.0,15220.95,12969.13,75.12,490.9983870967742,480.33814814814815,6001.76,10000.03,23,TRAVEL,22.58,25.81,25.81,14.52,0,2026-06-29 19:55:28.785547+00:00
191,478,CREDIT,2025-06-29,2026-06-29,67,33.0,29.0,5.0,8861.54,14811.68,156.85,268.5315151515152,510.74758620689653,5704.76,11137.33,27,UTILITIES,19.4,26.87,29.85,13.43,4,2026-06-29 19:55:28.785547+00:00
204,511,CHECKING,2025-06-29,2026-06-29,41,34.0,4.0,3.0,14691.81,760.25,74.4,432.1120588235294,190.0625,11763.84,402.22,31,HEALTHCARE,12.2,34.15,24.39,19.51,1,2026-06-29 19:55:28.785547+00:00
205,512,LOAN,2025-06-29,2026-06-29,59,20.0,37.0,2.0,2254.78,15036.41,87.19,112.739,406.3894594594595,206.77,9946.59,18,RESTAURANT,13.56,30.51,25.42,22.03,1,2026-06-29 19:55:28.785547+00:00
206,516,CREDIT,2025-06-29,2026-06-29,52,19.0,27.0,6.0,2938.78,14409.04,186.85,154.67263157894737,533.6681481481481,698.97,10587.27,16,TRAVEL,17.31,25.0,28.85,15.38,19,2026-06-29 19:55:28.785547+00:00
207,519,LOAN,2025-06-29,2026-06-29,15,8.0,6.0,1.0,980.38,1154.01,30.88,122.5475,192.335,250.17,324.01,7,TRAVEL,13.33,33.33,13.33,33.33,79,2026-06-29 19:55:28.785547+00:00
208,522,CHECKING,2025-06-29,2026-06-29,64,40.0,17.0,7.0,3670.5,2407.2,199.81,91.7625,141.6,194.44,286.71,30,GROCERY,15.63,26.56,18.75,25.0,1,2026-06-29 19:55:28.785547+00:00
208,524,LOAN,2025-06-29,2026-06-29,34,10.0,21.0,3.0,1096.28,3019.79,44.67,109.628,143.7995238095238,281.05,320.75,10,RESTAURANT,26.47,17.65,20.59,14.71,40,2026-06-29 19:55:28.785547+00:00
209,525,LOAN,2025-06-29,2026-06-29,33,15.0,17.0,1.0,1907.52,2506.14,31.4,127.168,147.42,351.15,344.49,15,HEALTHCARE,12.12,15.15,30.3,21.21,23,2026-06-29 19:55:28.785547+00:00
212,533,LOAN,2025-06-29,2026-06-29,27,7.0,17.0,3.0,871.79,3055.49,89.22,124.54142857142857,179.73470588235296,234.42,531.91,6,GROCERY,14.81,33.33,18.52,14.81,47,2026-06-29 19:55:28.785547+00:00
218,552,LOAN,2025-06-29,2026-06-29,48,21.0,23.0,4.0,3128.3,14791.21,95.04,148.96666666666667,643.0960869565217,520.9,11765.95,18,UTILITIES,20.83,22.92,12.5,18.75,1,2026-06-29 19:55:28.785547+00:00
225,572,CHECKING,2025-06-29,2026-06-29,64,42.0,17.0,5.0,4706.95,21616.58,92.25,112.0702380952381,1271.5635294117646,368.95,10122.33,37,GAS_STATION,18.75,34.38,21.88,15.63,9,2026-06-29 19:55:28.785547+00:00
228,577,SAVINGS,2025-06-29,2026-06-29,67,48.0,15.0,4.0,24987.53,1981.67,107.62,520.5735416666666,132.11133333333333,10224.68,197.14,38,RESTAURANT,16.42,26.87,22.39,14.93,6,2026-06-29 19:55:28.785547+00:00
228,578,CREDIT,2025-06-29,2026-06-29,43,21.0,21.0,1.0,12195.89,3494.15,19.15,580.7566666666667,166.38809523809525,9434.55,531.62,19,RETAIL,13.95,23.26,25.58,20.93,6,2026-06-29 19:55:28.785547+00:00
229,581,SAVINGS,2025-06-29,2026-06-29,15,10.0,4.0,1.0,1054.24,677.37,18.59,105.424,169.3425,324.74,234.79,9,GAS_STATION,20.0,26.67,6.67,20.0,74,2026-06-29 19:55:28.785547+00:00
231,587,LOAN,2025-06-29,2026-06-29,67,26.0,35.0,6.0,3301.81,4631.35,187.29,126.99269230769231,132.3242857142857,282.7,264.84,19,RETAIL,17.91,31.34,19.4,14.93,4,2026-06-29 19:55:28.785547+00:00
235,597,SAVINGS,2025-06-29,2026-06-29,29,19.0,9.0,1.0,2219.5,1233.21,13.75,116.8157894736842,137.02333333333334,342.23,269.19,17,GROCERY,17.24,58.62,3.45,13.79,5,2026-06-29 19:55:28.785547+00:00
237,602,SAVINGS,2025-06-29,2026-06-29,55,34.0,15.0,6.0,14281.37,1821.96,168.41,420.0402941176471,121.464,10555.91,270.8,32,GROCERY,21.82,30.91,16.36,18.18,3,2026-06-29 19:55:28.785547+00:00
240,607,CHECKING,2025-06-29,2026-06-29,57,31.0,21.0,5.0,10850.93,10964.79,141.96,350.03,522.1328571428571,7285.68,8662.06,26,RESTAURANT,24.56,36.84,10.53,15.79,0,2026-06-29 19:55:28.785547+00:00
246,625,CREDIT,2025-06-29,2026-06-29,75,27.0,39.0,9.0,3004.62,37941.03,220.98,111.28222222222222,972.8469230769231,274.31,11839.64,21,GROCERY,25.33,20.0,18.67,20.0,0,2026-06-29 19:55:28.785547+00:00
246,626,SAVINGS,2025-06-29,2026-06-29,58,33.0,20.0,5.0,10954.45,8571.94,131.0,331.9530303030303,428.597,6407.92,6603.01,26,HEALTHCARE,13.79,32.76,24.14,22.41,13,2026-06-29 19:55:28.785547+00:00
246,627,CHECKING,2025-06-29,2026-06-29,49,34.0,11.0,4.0,3951.01,1521.01,83.96,116.20617647058823,138.27363636363637,293.31,353.2,27,RESTAURANT,14.29,32.65,20.41,16.33,6,2026-06-29 19:55:28.785547+00:00
251,641,SAVINGS,2025-06-29,2026-06-29,29,14.0,11.0,4.0,2270.7,1671.31,117.24,162.19285714285715,151.93727272727273,361.11,244.2,12,RETAIL,27.59,34.48,20.69,13.79,35,2026-06-29 19:55:28.785547+00:00
258,660,CREDIT,2025-06-29,2026-06-29,69,22.0,42.0,5.0,11612.74,15518.17,163.52,527.8518181818182,369.4802380952381,9001.09,11481.17,18,UTILITIES,21.74,36.23,14.49,13.04,0,2026-06-29 19:55:28.785547+00:00
259,662,LOAN,2025-06-29,2026-06-29,28,11.0,14.0,3.0,1347.16,1872.67,61.86,122.46909090909091,133.76214285714286,261.89,330.58,10,GROCERY,17.86,28.57,17.86,28.57,1,2026-06-29 19:55:28.785547+00:00
266,678,SAVINGS,2025-06-29,2026-06-29,30,17.0,11.0,2.0,2210.99,1431.25,69.52,130.05823529411765,130.11363636363637,400.5,397.75,17,RETAIL,6.67,60.0,20.0,3.33,34,2026-06-29 19:55:28.785547+00:00
269,681,SAVINGS,2025-06-29,2026-06-29,19,16.0,2.0,1.0,1590.48,196.21,38.3,99.405,98.105,246.2,142.41,16,TRAVEL,21.05,36.84,21.05,15.79,12,2026-06-29 19:55:28.785547+00:00
270,682,CREDIT,2025-06-29,2026-06-29,27,9.0,13.0,5.0,1521.74,1830.17,94.93,169.0822222222222,140.78230769230768,430.02,427.05,9,CRYPTO_EXCHANGE,18.52,33.33,18.52,22.22,11,2026-06-29 19:55:28.785547+00:00
271,683,LOAN,2025-06-29,2026-06-29,55,23.0,29.0,3.0,2638.49,4110.82,99.54,114.71695652173914,141.75241379310344,239.73,472.25,20,GROCERY,20.0,38.18,18.18,16.36,1,2026-06-29 19:55:28.785547+00:00
271,685,SAVINGS,2025-06-29,2026-06-29,18,9.0,7.0,2.0,946.18,961.16,68.14,105.13111111111111,137.30857142857144,224.78,237.91,9,GROCERY,5.56,44.44,11.11,16.67,4,2026-06-29 19:55:28.785547+00:00
272,687,SAVINGS,2025-06-29,2026-06-29,64,42.0,21.0,1.0,16159.25,12428.84,11.36,384.7440476190476,591.8495238095238,6454.61,10429.62,33,ENTERTAINMENT,18.75,29.69,20.31,17.19,27,2026-06-29 19:55:28.785547+00:00
276,698,SAVINGS,2025-06-29,2026-06-29,71,41.0,24.0,6.0,15397.54,7512.55,167.28,375.549756097561,313.0229166666667,11123.86,5353.33,34,RESTAURANT,18.31,25.35,18.31,19.72,5,2026-06-29 19:55:28.785547+00:00
284,719,SAVINGS,2025-06-29,2026-06-29,40,25.0,14.0,1.0,2411.74,8857.11,27.33,96.4696,632.6507142857142,345.13,7255.28,22,GROCERY,2.5,25.0,20.0,25.0,8,2026-06-29 19:55:28.785547+00:00
287,725,SAVINGS,2025-06-29,2026-06-29,66,40.0,20.0,6.0,26897.76,2081.75,157.39,672.444,104.0875,10192.29,213.23,35,GROCERY,9.09,34.85,24.24,16.67,1,2026-06-29 19:55:28.785547+00:00
288,728,SAVINGS,2025-06-29,2026-06-29,24,15.0,9.0,0.0,2169.61,941.28,0.0,144.64066666666668,104.58666666666667,328.02,181.93,13,RETAIL,12.5,20.83,29.17,12.5,14,2026-06-29 19:55:28.785547+00:00
289,730,CREDIT,2025-06-29,2026-06-29,52,22.0,28.0,2.0,2829.36,2565.99,64.12,128.60727272727271,91.6425,313.22,239.42,16,GROCERY,19.23,26.92,32.69,11.54,7,2026-06-29 19:55:28.785547+00:00
292,740,CREDIT,2025-06-29,2026-06-29,39,15.0,22.0,2.0,2169.6,8621.69,46.98,144.64,391.895,421.71,6362.06,13,GAS_STATION,17.95,23.08,17.95,28.21,2,2026-06-29 19:55:28.785547+00:00
294,746,LOAN,2025-06-29,2026-06-29,63,28.0,32.0,3.0,3310.42,29085.0,83.44,118.22928571428571,908.90625,408.12,11107.67,22,GAS_STATION,14.29,41.27,15.87,20.63,8,2026-06-29 19:55:28.785547+00:00
295,752,CHECKING,2025-06-29,2026-06-29,71,44.0,17.0,10.0,33918.3,2189.84,312.24,770.8704545454545,128.81411764705882,11347.56,253.62,32,GROCERY,16.9,40.85,19.72,15.49,4,2026-06-29 19:55:28.785547+00:00
297,758,LOAN,2025-06-29,2026-06-29,56,19.0,32.0,5.0,2189.02,37100.22,105.25,115.21157894736842,1159.381875,280.93,11771.12,16,RESTAURANT,19.64,23.21,17.86,19.64,2,2026-06-29 19:55:28.785547+00:00
300,764,LOAN,2025-06-29,2026-06-29,23,12.0,10.0,1.0,6506.33,1525.9,28.26,542.1941666666667,152.59,5127.83,412.32,11,RETAIL,8.7,39.13,30.43,8.7,10,2026-06-29 19:55:28.785547+00:00
304,773,SAVINGS,2025-06-29,2026-06-29,28,19.0,7.0,2.0,13453.47,447.2,55.16,708.0773684210526,63.885714285714286,11512.71,241.24,17,ENTERTAINMENT,17.86,14.29,21.43,35.71,6,2026-06-29 19:55:28.785547+00:00
306,775,SAVINGS,2025-06-29,2026-06-29,42,32.0,10.0,0.0,12487.6,864.99,0.0,390.2375,86.499,8439.01,159.79,24,HEALTHCARE,14.29,23.81,28.57,28.57,9,2026-06-29 19:55:28.785547+00:00
308,779,CHECKING,2025-06-29,2026-06-29,22,14.0,7.0,1.0,11300.51,729.88,39.15,807.1792857142857,104.26857142857143,9042.61,172.82,10,HEALTHCARE,18.18,40.91,18.18,9.09,25,2026-06-29 19:55:28.785547+00:00
309,782,SAVINGS,2025-06-29,2026-06-29,52,29.0,18.0,5.0,24457.09,2323.66,141.45,843.3479310344827,129.09222222222223,11478.53,253.14,24,GROCERY,15.38,38.46,19.23,11.54,5,2026-06-29 19:55:28.785547+00:00
312,790,SAVINGS,2025-06-29,2026-06-29,42,23.0,17.0,2.0,3025.54,1880.03,57.55,131.54521739130433,110.59,427.61,459.17,20,RETAIL,21.43,28.57,16.67,26.19,6,2026-06-29 19:55:28.785547+00:00
313,794,CHECKING,2025-06-29,2026-06-29,40,27.0,8.0,5.0,3722.91,10786.3,128.25,137.88555555555556,1348.2875,410.36,9667.34,22,RETAIL,7.5,27.5,25.0,17.5,3,2026-06-29 19:55:28.785547+00:00
315,799,SAVINGS,2025-06-29,2026-06-29,37,24.0,10.0,3.0,2482.79,1052.89,88.9,103.44958333333334,105.289,347.98,220.96,20,RETAIL,13.51,32.43,8.11,27.03,9,2026-06-29 19:55:28.785547+00:00
318,807,CHECKING,2025-06-29,2026-06-29,30,21.0,8.0,1.0,15213.02,1072.1,14.83,724.4295238095239,134.0125,12061.05,241.87,19,GAS_STATION,23.33,33.33,26.67,6.67,17,2026-06-29 19:55:28.785547+00:00
322,817,CHECKING,2025-06-29,2026-06-29,19,10.0,7.0,2.0,2104.36,681.02,39.08,210.436,97.28857142857143,510.97,197.75,10,HEALTHCARE,10.53,47.37,10.53,15.79,1,2026-06-29 19:55:28.785547+00:00
327,825,LOAN,2025-06-29,2026-06-29,69,32.0,32.0,5.0,4035.31,4280.55,149.07,126.1034375,133.7671875,351.27,377.62,27,GROCERY,13.04,30.43,20.29,18.84,9,2026-06-29 19:55:28.785547+00:00
328,827,LOAN,2025-06-29,2026-06-29,34,18.0,12.0,4.0,1537.87,1490.11,121.51,85.43722222222222,124.17583333333333,256.24,279.44,16,UTILITIES,23.53,29.41,11.76,5.88,5,2026-06-29 19:55:28.785547+00:00
329,828,SAVINGS,2025-06-29,2026-06-29,29,23.0,4.0,2.0,9414.5,917.66,62.49,409.32608695652175,229.415,6518.23,578.98,19,ENTERTAINMENT,31.03,37.93,6.9,6.9,15,2026-06-29 19:55:28.785547+00:00
332,833,SAVINGS,2025-06-29,2026-06-29,63,42.0,18.0,3.0,20188.42,12665.99,67.93,480.6766666666667,703.6661111111111,7896.04,10394.45,34,GROCERY,14.29,31.75,20.63,20.63,7,2026-06-29 19:55:28.785547+00:00
334,840,CREDIT,2025-06-29,2026-06-29,41,18.0,19.0,4.0,1952.64,2507.07,138.13,108.48,131.95105263157896,280.99,392.12,17,RESTAURANT,36.59,21.95,12.2,19.51,10,2026-06-29 19:55:28.785547+00:00
344,860,CREDIT,2025-06-29,2026-06-29,22,11.0,10.0,1.0,1426.82,1213.17,33.85,129.7109090909091,121.317,291.57,231.99,11,GROCERY,9.09,27.27,13.64,22.73,3,2026-06-29 19:55:28.785547+00:00
346,864,LOAN,2025-06-29,2026-06-29,33,17.0,14.0,2.0,2096.9,1920.17,58.6,123.34705882352941,137.155,319.6,293.93,16,GROCERY,21.21,15.15,30.3,18.18,0,2026-06-29 19:55:28.785547+00:00
349,869,CHECKING,2025-06-29,2026-06-29,23,17.0,4.0,2.0,10279.16,239.13,30.22,604.6564705882353,59.7825,8386.2,79.14,16,GROCERY,21.74,47.83,13.04,8.7,7,2026-06-29 19:55:28.785547+00:00
356,888,LOAN,2025-06-29,2026-06-29,44,18.0,21.0,5.0,2132.53,2814.91,169.66,118.4738888888889,134.04333333333332,305.8,391.18,16,RETAIL,13.64,31.82,18.18,25.0,0,2026-06-29 19:55:28.785547+00:00
362,904,CREDIT,2025-06-29,2026-06-29,17,6.0,10.0,1.0,734.35,1052.75,36.09,122.39166666666667,105.275,227.96,273.69,6,GROCERY,17.65,52.94,11.76,0.0,10,2026-06-29 19:55:28.785547+00:00
366,916,SAVINGS,2025-06-29,2026-06-29,58,36.0,17.0,5.0,3891.18,1976.45,137.06,108.08833333333334,116.26176470588236,293.81,397.55,29,GROCERY,17.24,36.21,17.24,10.34,6,2026-06-29 19:55:28.785547+00:00
369,923,SAVINGS,2025-06-29,2026-06-29,35,24.0,10.0,1.0,22087.02,1892.87,28.21,920.2925,189.287,11932.23,389.51,19,INSURANCE,22.86,25.71,22.86,11.43,6,2026-06-29 19:55:28.785547+00:00
375,939,CHECKING,2025-06-29,2026-06-29,68,41.0,24.0,3.0,4372.27,2531.77,80.14,106.64073170731707,105.49041666666666,311.06,335.33,31,GROCERY,19.12,26.47,19.12,20.59,11,2026-06-29 19:55:28.785547+00:00
375,940,LOAN,2025-06-29,2026-06-29,63,21.0,30.0,12.0,8379.22,3781.48,315.78,399.0104761904762,126.04933333333334,6414.23,298.62,17,CRYPTO_EXCHANGE,22.22,33.33,11.11,12.7,6,2026-06-29 19:55:28.785547+00:00
379,948,CREDIT,2025-06-29,2026-06-29,42,14.0,25.0,3.0,2301.79,11459.55,68.34,164.41357142857143,458.382,418.8,8615.26,12,GAS_STATION,11.9,33.33,23.81,16.67,2,2026-06-29 19:55:28.785547+00:00
382,954,CHECKING,2025-06-29,2026-06-29,28,20.0,5.0,3.0,2545.46,707.71,93.66,127.273,141.542,315.37,223.4,18,GROCERY,17.86,17.86,21.43,21.43,10,2026-06-29 19:55:28.785547+00:00
390,974,SAVINGS,2025-06-29,2026-06-29,44,31.0,8.0,5.0,31855.25,1394.06,127.19,1027.5887096774193,174.2575,11566.49,550.56,27,GAS_STATION,13.64,22.73,31.82,13.64,7,2026-06-29 19:55:28.785547+00:00
395,986,LOAN,2025-06-29,2026-06-29,39,17.0,21.0,1.0,1897.59,3521.9,19.82,111.62294117647059,167.7095238095238,276.55,377.2,15,HEALTHCARE,15.38,38.46,15.38,15.38,10,2026-06-29 19:55:28.785547+00:00
402,1001,CHECKING,2025-06-29,2026-06-29,62,43.0,12.0,7.0,4742.63,1285.61,190.16,110.29372093023255,107.13416666666667,284.83,320.49,28,GAS_STATION,14.52,29.03,17.74,22.58,0,2026-06-29 19:55:28.785547+00:00
404,1009,CREDIT,2025-06-29,2026-06-29,23,10.0,11.0,2.0,11279.54,1404.22,49.02,1127.954,127.65636363636364,10036.41,305.21,9,HEALTHCARE,13.04,30.43,26.09,21.74,30,2026-06-29 19:55:28.785547+00:00
412,1030,CREDIT,2025-06-29,2026-06-29,30,11.0,15.0,4.0,11947.27,11777.27,115.35,1086.1154545454544,785.1513333333334,10824.06,9335.07,11,RETAIL,26.67,30.0,16.67,20.0,8,2026-06-29 19:55:28.785547+00:00
413,1032,CHECKING,2025-06-29,2026-06-29,40,22.0,12.0,6.0,12537.43,1129.63,151.71,569.8831818181818,94.13583333333334,9414.34,181.64,17,ENTERTAINMENT,25.0,32.5,22.5,5.0,4,2026-06-29 19:55:28.785547+00:00
417,1040,CREDIT,2025-06-29,2026-06-29,18,8.0,6.0,4.0,657.86,441.52,135.96,82.2325,73.58666666666667,134.56,137.92,8,GROCERY,11.11,22.22,22.22,16.67,3,2026-06-29 19:55:28.785547+00:00
420,1045,SAVINGS,2025-06-29,2026-06-29,52,33.0,16.0,3.0,35227.87,21856.66,62.94,1067.511212121212,1366.04125,11063.41,11483.87,29,UTILITIES,21.15,36.54,19.23,13.46,6,2026-06-29 19:55:28.785547+00:00
421,1047,LOAN,2025-06-29,2026-06-29,60,22.0,34.0,4.0,2925.45,10611.19,149.25,132.975,312.0938235294118,381.14,6334.79,16,GROCERY,20.0,25.0,25.0,16.67,9,2026-06-29 19:55:28.785547+00:00
428,1065,CREDIT,2025-06-29,2026-06-29,49,12.0,31.0,6.0,1327.18,9430.84,202.84,110.59833333333333,304.22064516129035,284.48,5164.44,12,GROCERY,26.53,30.61,16.33,16.33,0,2026-06-29 19:55:28.785547+00:00
431,1073,LOAN,2025-06-29,2026-06-29,68,21.0,41.0,6.0,10575.26,16944.77,164.06,503.5838095238095,413.28707317073173,7972.17,11794.78,20,RESTAURANT,14.71,36.76,17.65,11.76,2,2026-06-29 19:55:28.785547+00:00
441,1097,CHECKING,2025-06-29,2026-06-29,47,33.0,10.0,4.0,20737.76,1329.3,147.11,628.4169696969697,132.93,9714.69,224.2,26,GAS_STATION,17.02,21.28,19.15,25.53,15,2026-06-29 19:55:28.785547+00:00
454,1130,CREDIT,2025-06-29,2026-06-29,31,11.0,18.0,2.0,1088.53,18195.6,64.59,98.95727272727272,1010.8666666666667,263.6,8634.26,10,TRAVEL,25.81,29.03,29.03,9.68,17,2026-06-29 19:55:28.785547+00:00
455,1134,CHECKING,2025-06-29,2026-06-29,27,19.0,8.0,0.0,2520.42,733.09,0.0,132.6536842105263,91.63625,348.42,235.45,15,GROCERY,14.81,33.33,22.22,25.93,0,2026-06-29 19:55:28.785547+00:00
456,1137,LOAN,2025-06-29,2026-06-29,26,8.0,17.0,1.0,10488.9,7781.79,35.05,1311.1125,457.75235294117647,9621.74,5954.63,8,RESTAURANT,26.92,15.38,19.23,30.77,17,2026-06-29 19:55:28.785547+00:00
460,1151,LOAN,2025-06-29,2026-06-29,34,11.0,22.0,1.0,17489.33,3036.29,11.29,1589.939090909091,138.0131818181818,10316.51,233.31,10,RESTAURANT,17.65,23.53,32.35,23.53,11,2026-06-29 19:55:28.785547+00:00
464,1159,SAVINGS,2025-06-29,2026-06-29,53,39.0,10.0,4.0,13952.1,1066.39,92.85,357.74615384615385,106.639,9123.33,200.69,33,GROCERY,7.55,33.96,22.64,20.75,4,2026-06-29 19:55:28.785547+00:00
472,1179,CHECKING,2025-06-29,2026-06-29,46,30.0,16.0,0.0,3414.64,2087.66,0.0,113.82133333333333,130.47875,319.62,302.8,27,RESTAURANT,19.57,21.74,10.87,23.91,7,2026-06-29 19:55:28.785547+00:00
472,1181,CREDIT,2025-06-29,2026-06-29,59,27.0,30.0,2.0,3142.84,24955.75,31.7,116.40148148148148,831.8583333333333,406.94,11286.15,24,GROCERY,22.03,30.51,6.78,30.51,17,2026-06-29 19:55:28.785547+00:00
475,1187,LOAN,2025-06-29,2026-06-29,59,18.0,35.0,6.0,1685.26,10761.02,178.24,93.62555555555555,307.4577142857143,302.01,6236.3,16,GROCERY,20.34,30.51,18.64,20.34,0,2026-06-29 19:55:28.785547+00:00
477,1190,SAVINGS,2025-06-29,2026-06-29,48,25.0,18.0,5.0,2232.73,2957.91,147.59,89.3092,164.32833333333335,448.49,662.78,17,RESTAURANT,20.83,16.67,18.75,22.92,8,2026-06-29 19:55:28.785547+00:00
492,1232,CHECKING,2025-06-29,2026-06-29,54,38.0,14.0,2.0,20347.97,10400.12,60.71,535.4728947368421,742.8657142857143,9975.19,8756.76,27,RESTAURANT,12.96,31.48,20.37,18.52,7,2026-06-29 19:55:28.785547+00:00
497,1248,CREDIT,2025-06-29,2026-06-29,49,17.0,27.0,5.0,2141.44,10123.87,164.69,125.96705882352941,374.95814814814815,351.54,6838.26,15,RETAIL,20.41,34.69,14.29,10.2,2,2026-06-29 19:55:28.785547+00:00
5,13,CHECKING,2025-06-29,2026-06-29,62,40.0,20.0,2.0,14819.18,18599.42,48.57,370.4795,929.971,9572.32,8905.21,31,ENTERTAINMENT,20.97,27.42,12.9,16.13,8,2026-06-29 19:55:28.785547+00:00
7,19,SAVINGS,2025-06-29,2026-06-29,66,37.0,22.0,7.0,5685.53,2965.08,200.83,153.66297297297297,134.77636363636364,507.05,265.44,29,GAS_STATION,21.21,30.3,18.18,19.7,5,2026-06-29 19:55:28.785547+00:00
11,27,CHECKING,2025-06-29,2026-06-29,56,31.0,20.0,5.0,9171.99,9265.22,139.48,295.8706451612903,463.261,5331.12,7026.04,27,GROCERY,21.43,26.79,25.0,17.86,5,2026-06-29 19:55:28.785547+00:00
12,31,SAVINGS,2025-06-29,2026-06-29,46,30.0,16.0,0.0,3454.28,12736.78,0.0,115.14266666666667,796.04875,283.66,11361.45,26,GAS_STATION,17.39,28.26,19.57,17.39,3,2026-06-29 19:55:28.785547+00:00
13,33,LOAN,2025-06-29,2026-06-29,61,17.0,36.0,8.0,2328.43,4754.64,274.21,136.9664705882353,132.07333333333332,298.31,454.97,16,GROCERY,18.03,34.43,19.67,11.48,0,2026-06-29 19:55:28.785547+00:00
13,35,CHECKING,2025-06-29,2026-06-29,20,11.0,8.0,1.0,1714.79,852.37,40.53,155.89,106.54625,277.14,177.93,9,GAS_STATION,20.0,25.0,20.0,35.0,2,2026-06-29 19:55:28.785547+00:00
14,37,SAVINGS,2025-06-29,2026-06-29,50,33.0,15.0,2.0,23777.41,1795.63,52.24,720.5275757575757,119.70866666666667,9697.27,279.99,28,RESTAURANT,14.0,36.0,14.0,22.0,5,2026-06-29 19:55:28.785547+00:00
20,55,CHECKING,2025-06-29,2026-06-29,68,46.0,19.0,3.0,14170.71,2328.4,87.02,308.05891304347824,122.54736842105264,8234.39,300.2,34,RETAIL,17.65,32.35,16.18,11.76,2,2026-06-29 19:55:28.785547+00:00
40,105,LOAN,2025-06-29,2026-06-29,74,27.0,41.0,6.0,4573.54,5657.11,136.47,169.39037037037036,137.97829268292682,323.47,490.35,22,RETAIL,24.32,21.62,22.97,20.27,5,2026-06-29 19:55:28.785547+00:00
41,108,CREDIT,2025-06-29,2026-06-29,60,20.0,36.0,4.0,18845.74,17987.0,80.05,942.287,499.6388888888889,8500.14,8619.86,19,GROCERY,20.0,28.33,25.0,21.67,2,2026-06-29 19:55:28.785547+00:00
49,123,SAVINGS,2025-06-29,2026-06-29,66,41.0,21.0,4.0,29479.71,9365.94,128.03,719.0173170731707,445.9971428571429,10196.74,6964.39,31,RETAIL,12.12,28.79,25.76,12.12,0,2026-06-29 19:55:28.785547+00:00
50,124,CREDIT,2025-06-29,2026-06-29,19,8.0,11.0,0.0,1434.54,1173.74,0.0,179.3175,106.70363636363636,285.04,215.88,7,HEALTHCARE,10.53,21.05,31.58,15.79,13,2026-06-29 19:55:28.785547+00:00
50,125,CHECKING,2025-06-29,2026-06-29,60,36.0,17.0,7.0,4367.88,2555.4,201.42,121.33,150.31764705882352,343.96,420.72,29,INSURANCE,13.33,31.67,18.33,21.67,18,2026-06-29 19:55:28.785547+00:00
50,126,LOAN,2025-06-29,2026-06-29,51,28.0,20.0,3.0,3280.74,8727.43,61.33,117.16928571428572,436.3715,246.15,6825.64,24,GROCERY,17.65,35.29,21.57,7.84,1,2026-06-29 19:55:28.785547+00:00
54,139,CREDIT,2025-06-29,2026-06-29,56,15.0,34.0,7.0,1512.29,4106.85,240.1,100.81933333333333,120.78970588235295,282.96,275.62,12,GROCERY,17.86,23.21,16.07,19.64,3,2026-06-29 19:55:28.785547+00:00
55,142,CHECKING,2025-06-29,2026-06-29,35,26.0,8.0,1.0,2769.51,561.99,29.77,106.51961538461538,70.24875,263.87,152.82,24,GAS_STATION,20.0,20.0,28.57,14.29,0,2026-06-29 19:55:28.785547+00:00
56,143,LOAN,2025-06-29,2026-06-29,30,13.0,14.0,3.0,1466.5,9489.25,125.82,112.8076923076923,677.8035714285714,249.05,8298.16,12,GAS_STATION,16.67,23.33,20.0,20.0,23,2026-06-29 19:55:28.785547+00:00
58,148,CREDIT,2025-06-29,2026-06-29,18,7.0,10.0,1.0,548.9,1689.17,28.01,78.41428571428571,168.917,215.2,391.59,6,GROCERY,22.22,33.33,5.56,16.67,14,2026-06-29 19:55:28.785547+00:00
59,152,CHECKING,2025-06-29,2026-06-29,22,15.0,5.0,2.0,13155.13,500.14,65.08,877.0086666666666,100.028,10656.68,139.6,14,GAS_STATION,9.09,18.18,31.82,22.73,10,2026-06-29 19:55:28.785547+00:00
66,166,LOAN,2025-06-29,2026-06-29,50,22.0,22.0,6.0,3355.17,10798.98,139.61,152.50772727272727,490.8627272727273,404.4,7463.6,17,UTILITIES,14.0,36.0,20.0,12.0,8,2026-06-29 19:55:28.785547+00:00
66,167,CREDIT,2025-06-29,2026-06-29,24,11.0,10.0,3.0,7605.64,1526.76,61.96,691.4218181818181,152.676,6417.31,435.16,9,RESTAURANT,8.33,20.83,20.83,29.17,0,2026-06-29 19:55:28.785547+00:00
66,168,CHECKING,2025-06-29,2026-06-29,61,36.0,21.0,4.0,23715.02,2933.83,97.92,658.7505555555556,139.70619047619047,11056.09,387.71,30,GROCERY,14.75,31.15,24.59,13.11,2,2026-06-29 19:55:28.785547+00:00
69,173,LOAN,2025-06-29,2026-06-29,75,35.0,34.0,6.0,10745.93,14475.26,115.52,307.0265714285714,425.7429411764706,5659.54,10464.05,28,INSURANCE,21.33,30.67,17.33,17.33,7,2026-06-29 19:55:28.785547+00:00
71,177,CHECKING,2025-06-29,2026-06-29,27,19.0,5.0,3.0,2783.82,589.9,116.98,146.51684210526315,117.98,464.97,218.18,16,ENTERTAINMENT,7.41,40.74,33.33,7.41,4,2026-06-29 19:55:28.785547+00:00
75,187,CREDIT,2025-06-29,2026-06-29,18,5.0,10.0,3.0,832.56,1066.67,80.77,166.512,106.667,322.45,286.85,5,HEALTHCARE,16.67,27.78,11.11,33.33,0,2026-06-29 19:55:28.785547+00:00
76,191,CREDIT,2025-06-29,2026-06-29,48,21.0,25.0,2.0,18030.82,9977.06,60.18,858.6104761904762,399.0824,9017.03,6685.03,20,TRAVEL,18.75,37.5,20.83,18.75,3,2026-06-29 19:55:28.785547+00:00
83,211,CREDIT,2025-06-29,2026-06-29,34,13.0,16.0,5.0,2020.85,1636.84,136.37,155.45,102.3025,327.68,249.15,11,UTILITIES,20.59,32.35,17.65,20.59,0,2026-06-29 19:55:28.785547+00:00
85,218,LOAN,2025-06-29,2026-06-29,26,15.0,11.0,0.0,9662.74,1326.16,0.0,644.1826666666667,120.56,8416.12,247.91,13,GAS_STATION,11.54,38.46,23.08,15.38,9,2026-06-29 19:55:28.785547+00:00
93,242,CREDIT,2025-06-29,2026-06-29,39,17.0,15.0,7.0,2654.94,2141.01,206.07,156.1729411764706,142.734,301.19,336.48,15,GAS_STATION,20.51,25.64,12.82,25.64,0,2026-06-29 19:55:28.785547+00:00
96,246,CREDIT,2025-06-29,2026-06-29,23,11.0,9.0,3.0,12411.21,939.93,61.06,1128.2918181818181,104.43666666666667,10846.35,206.46,8,GAS_STATION,8.7,26.09,30.43,17.39,9,2026-06-29 19:55:28.785547+00:00
97,248,SAVINGS,2025-06-29,2026-06-29,34,26.0,6.0,2.0,2984.6,6234.92,40.21,114.79230769230769,1039.1533333333334,414.79,5743.89,24,ENTERTAINMENT,17.65,29.41,29.41,11.76,3,2026-06-29 19:55:28.785547+00:00
102,262,SAVINGS,2025-06-29,2026-06-29,62,36.0,24.0,2.0,27282.26,2527.32,44.68,757.8405555555555,105.305,8148.02,259.75,31,HEALTHCARE,12.9,40.32,14.52,19.35,4,2026-06-29 19:55:28.785547+00:00
106,269,SAVINGS,2025-06-29,2026-06-29,38,29.0,8.0,1.0,13710.96,1336.57,40.97,472.79172413793106,167.07125,10323.6,648.8,25,GAS_STATION,31.58,23.68,21.05,15.79,10,2026-06-29 19:55:28.785547+00:00
108,272,LOAN,2025-06-29,2026-06-29,55,20.0,28.0,7.0,3148.51,3501.53,185.49,157.4255,125.05464285714285,355.64,458.38,18,GAS_STATION,16.36,32.73,14.55,23.64,0,2026-06-29 19:55:28.785547+00:00
112,285,CHECKING,2025-06-29,2026-06-29,67,44.0,15.0,8.0,15897.92,1808.03,227.47,361.31636363636363,120.53533333333333,10457.49,308.31,33,GROCERY,11.94,37.31,17.91,11.94,4,2026-06-29 19:55:28.785547+00:00
114,289,SAVINGS,2025-06-29,2026-06-29,65,48.0,13.0,4.0,16315.91,15525.01,99.2,339.91479166666664,1194.2315384615385,9527.29,7133.09,38,RESTAURANT,12.31,30.77,20.0,16.92,11,2026-06-29 19:55:28.785547+00:00
116,294,SAVINGS,2025-06-29,2026-06-29,70,49.0,15.0,6.0,27389.4,1851.35,170.3,558.9673469387756,123.42333333333333,10993.89,400.83,37,RETAIL,27.14,35.71,11.43,17.14,11,2026-06-29 19:55:28.785547+00:00
118,297,CREDIT,2025-06-29,2026-06-29,57,24.0,26.0,7.0,8682.35,15216.24,222.42,361.76458333333335,585.24,5750.74,11725.79,21,GROCERY,28.07,17.54,28.07,15.79,1,2026-06-29 19:55:28.785547+00:00
120,303,SAVINGS,2025-06-29,2026-06-29,69,42.0,22.0,5.0,15479.01,15907.28,167.15,368.54785714285714,723.0581818181818,10775.5,7398.2,34,RETAIL,17.39,31.88,21.74,23.19,5,2026-06-29 19:55:28.785547+00:00
120,304,LOAN,2025-06-29,2026-06-29,73,26.0,37.0,10.0,3833.65,19829.62,292.1,147.4480769230769,535.9356756756757,414.75,8103.86,22,RETAIL,20.55,31.51,15.07,15.07,8,2026-06-29 19:55:28.785547+00:00
123,313,CHECKING,2025-06-29,2026-06-29,52,32.0,15.0,5.0,4371.95,1963.43,153.51,136.6234375,130.89533333333333,286.18,413.28,25,GROCERY,25.0,17.31,26.92,13.46,3,2026-06-29 19:55:28.785547+00:00
124,315,CREDIT,2025-06-29,2026-06-29,55,22.0,31.0,2.0,9473.05,19039.11,42.52,430.5931818181818,614.1648387096774,7230.35,9927.77,20,TRAVEL,27.27,34.55,16.36,12.73,2,2026-06-29 19:55:28.785547+00:00
128,326,CHECKING,2025-06-29,2026-06-29,59,34.0,23.0,2.0,15986.6,8817.57,38.99,470.1941176470588,383.37260869565216,6188.59,6080.6,28,HEALTHCARE,16.95,25.42,22.03,16.95,4,2026-06-29 19:55:28.785547+00:00
128,327,SAVINGS,2025-06-29,2026-06-29,49,32.0,12.0,5.0,12259.02,7548.14,143.83,383.094375,629.0116666666667,8057.68,6497.58,29,GROCERY,20.41,24.49,14.29,20.41,9,2026-06-29 19:55:28.785547+00:00
131,336,SAVINGS,2025-06-29,2026-06-29,19,12.0,5.0,2.0,1822.69,723.58,78.02,151.89083333333335,144.716,287.12,219.32,11,GAS_STATION,10.53,36.84,21.05,15.79,25,2026-06-29 19:55:28.785547+00:00
136,346,CREDIT,2025-06-29,2026-06-29,65,17.0,39.0,9.0,2267.11,27563.28,252.07,133.3594117647059,706.7507692307693,368.4,11729.08,16,GAS_STATION,18.46,32.31,18.46,20.0,0,2026-06-29 19:55:28.785547+00:00
137,352,SAVINGS,2025-06-29,2026-06-29,21,12.0,4.0,5.0,1691.88,354.75,157.96,140.99,88.6875,351.59,144.19,12,RESTAURANT,19.05,38.1,9.52,14.29,1,2026-06-29 19:55:28.785547+00:00
149,377,CHECKING,2025-06-29,2026-06-29,42,25.0,14.0,3.0,9512.84,2215.25,98.02,380.5136,158.23214285714286,6490.18,537.26,23,RESTAURANT,14.29,42.86,9.52,21.43,12,2026-06-29 19:55:28.785547+00:00
149,379,CREDIT,2025-06-29,2026-06-29,64,24.0,31.0,9.0,2695.21,13471.39,279.61,112.30041666666666,434.5609677419355,305.45,10134.6,19,RESTAURANT,20.31,35.94,18.75,14.06,1,2026-06-29 19:55:28.785547+00:00
151,383,LOAN,2025-06-29,2026-06-29,45,22.0,19.0,4.0,8748.79,2327.26,75.39,397.67227272727274,122.48736842105264,7086.68,297.5,17,RESTAURANT,33.33,17.78,20.0,15.56,3,2026-06-29 19:55:28.785547+00:00
164,411,CREDIT,2025-06-29,2026-06-29,71,33.0,32.0,6.0,3422.65,22776.29,147.58,103.71666666666667,711.7590625,254.23,11789.08,26,RETAIL,19.72,29.58,14.08,18.31,3,2026-06-29 19:55:28.785547+00:00
171,426,SAVINGS,2025-06-29,2026-06-29,32,22.0,9.0,1.0,2337.73,1248.4,21.85,106.26045454545455,138.7111111111111,268.56,273.25,17,GROCERY,28.13,18.75,21.88,18.75,3,2026-06-29 19:55:28.785547+00:00
179,451,CHECKING,2025-06-29,2026-06-29,52,37.0,11.0,4.0,4318.08,1785.97,128.48,116.70486486486486,162.3609090909091,276.35,348.12,27,GAS_STATION,11.54,32.69,23.08,15.38,10,2026-06-29 19:55:28.785547+00:00
182,461,CHECKING,2025-06-29,2026-06-29,63,43.0,18.0,2.0,4766.84,1578.67,43.33,110.85674418604651,87.70388888888888,296.16,247.02,37,GROCERY,17.46,33.33,12.7,20.63,3,2026-06-29 19:55:28.785547+00:00
186,468,CREDIT,2025-06-29,2026-06-29,54,21.0,25.0,8.0,1862.71,3046.33,214.22,88.7004761904762,121.8532,190.23,378.07,19,HEALTHCARE,18.52,27.78,22.22,16.67,2,2026-06-29 19:55:28.785547+00:00
187,469,LOAN,2025-06-29,2026-06-29,27,13.0,12.0,2.0,13550.46,1433.64,74.29,1042.343076923077,119.47,11756.05,288.56,11,HEALTHCARE,22.22,18.52,18.52,25.93,5,2026-06-29 19:55:28.785547+00:00
196,491,LOAN,2025-06-29,2026-06-29,27,11.0,14.0,2.0,8553.4,31376.48,43.73,777.5818181818182,2241.177142857143,7508.5,10869.4,10,ENTERTAINMENT,25.93,40.74,18.52,7.41,36,2026-06-29 19:55:28.785547+00:00
199,499,SAVINGS,2025-06-29,2026-06-29,18,15.0,3.0,0.0,2224.07,7542.21,0.0,148.27133333333333,2514.07,482.92,7301.42,15,GROCERY,22.22,11.11,33.33,16.67,9,2026-06-29 19:55:28.785547+00:00
200,502,CHECKING,2025-06-29,2026-06-29,30,19.0,10.0,1.0,8397.51,1020.99,14.69,441.9742105263158,102.099,6600.21,229.86,16,RESTAURANT,10.0,26.67,23.33,20.0,20,2026-06-29 19:55:28.785547+00:00
201,505,SAVINGS,2025-06-29,2026-06-29,30,18.0,11.0,1.0,1919.74,1219.23,24.86,106.65222222222222,110.83909090909091,379.53,203.22,18,UTILITIES,16.67,40.0,13.33,10.0,10,2026-06-29 19:55:28.785547+00:00
202,508,CHECKING,2025-06-29,2026-06-29,27,19.0,5.0,3.0,11092.61,365.0,94.25,583.8215789473684,73.0,8826.28,148.07,15,GAS_STATION,18.52,33.33,22.22,14.81,10,2026-06-29 19:55:28.785547+00:00
203,510,CHECKING,2025-06-29,2026-06-29,39,22.0,12.0,5.0,3500.94,1352.73,116.73,159.13363636363636,112.7275,420.94,207.04,19,GROCERY,5.13,46.15,20.51,17.95,3,2026-06-29 19:55:28.785547+00:00
208,521,SAVINGS,2025-06-29,2026-06-29,23,16.0,7.0,0.0,7893.94,817.23,0.0,493.37125,116.74714285714286,5632.52,179.47,15,GROCERY,0.0,39.13,13.04,34.78,10,2026-06-29 19:55:28.785547+00:00
211,531,CHECKING,2025-06-29,2026-06-29,35,20.0,12.0,3.0,2221.8,1669.43,74.6,111.09,139.11916666666667,205.44,229.77,19,GAS_STATION,22.86,25.71,17.14,25.71,1,2026-06-29 19:55:28.785547+00:00
215,545,LOAN,2025-06-29,2026-06-29,44,19.0,24.0,1.0,2758.35,26147.9,17.38,145.17631578947368,1089.4958333333334,757.53,12066.04,16,HEALTHCARE,15.91,36.36,18.18,15.91,4,2026-06-29 19:55:28.785547+00:00
222,565,CHECKING,2025-06-29,2026-06-29,58,34.0,18.0,6.0,11842.87,1578.99,180.49,348.31970588235293,87.72166666666666,8006.8,227.27,26,HEALTHCARE,12.07,36.21,24.14,15.52,6,2026-06-29 19:55:28.785547+00:00
231,588,CREDIT,2025-06-29,2026-06-29,48,12.0,33.0,3.0,1344.7,22237.83,55.71,112.05833333333334,673.8736363636364,203.83,9949.26,11,RETAIL,18.75,25.0,16.67,27.08,3,2026-06-29 19:55:28.785547+00:00
244,619,SAVINGS,2025-06-29,2026-06-29,37,27.0,7.0,3.0,2854.91,679.74,114.48,105.7374074074074,97.10571428571428,263.54,158.0,23,ENTERTAINMENT,13.51,21.62,29.73,18.92,10,2026-06-29 19:55:28.785547+00:00
245,622,CREDIT,2025-06-29,2026-06-29,37,16.0,18.0,3.0,7263.44,7449.09,79.27,453.965,413.8383333333333,5284.51,5354.55,15,GROCERY,24.32,21.62,13.51,29.73,9,2026-06-29 19:55:28.785547+00:00
257,656,CREDIT,2025-06-29,2026-06-29,54,13.0,34.0,7.0,1651.32,20980.71,180.31,127.02461538461539,617.079705882353,215.97,8674.03,13,RESTAURANT,27.78,22.22,20.37,18.52,3,2026-06-29 19:55:28.785547+00:00
258,659,LOAN,2025-06-29,2026-06-29,29,9.0,15.0,5.0,1351.73,16453.1,144.22,150.19222222222223,1096.8733333333332,312.1,8677.02,7,RESTAURANT,20.69,41.38,6.9,27.59,22,2026-06-29 19:55:28.785547+00:00
259,661,CHECKING,2025-06-29,2026-06-29,67,45.0,17.0,5.0,24217.3,7850.28,99.67,538.1622222222222,461.7811764705882,9679.99,5457.23,34,TRAVEL,26.87,23.88,20.9,17.91,9,2026-06-29 19:55:28.785547+00:00
274,692,CREDIT,2025-06-29,2026-06-29,49,21.0,26.0,2.0,13087.51,14991.72,37.96,623.2147619047619,576.6046153846154,10963.78,11705.53,17,CRYPTO_EXCHANGE,18.37,22.45,12.24,26.53,4,2026-06-29 19:55:28.785547+00:00
278,704,LOAN,2025-06-29,2026-06-29,57,22.0,31.0,4.0,3305.51,3814.82,82.17,150.25045454545455,123.05870967741936,460.71,286.65,22,RETAIL,14.04,33.33,24.56,21.05,19,2026-06-29 19:55:28.785547+00:00
283,714,LOAN,2025-06-29,2026-06-29,26,16.0,10.0,0.0,2795.5,1380.78,0.0,174.71875,138.078,497.49,222.24,14,GAS_STATION,23.08,34.62,7.69,19.23,0,2026-06-29 19:55:28.785547+00:00
286,722,LOAN,2025-06-29,2026-06-29,26,9.0,15.0,2.0,1686.98,10022.19,36.39,187.44222222222223,668.146,358.24,8269.64,8,GAS_STATION,19.23,23.08,11.54,23.08,34,2026-06-29 19:55:28.785547+00:00
287,724,LOAN,2025-06-29,2026-06-29,50,19.0,29.0,2.0,13976.57,21288.99,63.2,735.608947368421,734.1031034482759,11474.35,11357.75,18,GAS_STATION,12.0,42.0,14.0,12.0,7,2026-06-29 19:55:28.785547+00:00
290,732,LOAN,2025-06-29,2026-06-29,54,18.0,33.0,3.0,10491.38,19857.1,63.01,582.8544444444444,601.730303030303,8237.11,10626.39,15,RETAIL,20.37,27.78,16.67,9.26,1,2026-06-29 19:55:28.785547+00:00
290,733,CREDIT,2025-06-29,2026-06-29,26,5.0,19.0,2.0,6012.09,3273.0,54.1,1202.418,172.26315789473685,5675.85,287.53,5,ENTERTAINMENT,15.38,11.54,23.08,26.92,39,2026-06-29 19:55:28.785547+00:00
291,735,SAVINGS,2025-06-29,2026-06-29,30,24.0,4.0,2.0,8779.1,389.26,78.53,365.79583333333335,97.315,6423.5,159.58,17,RETAIL,13.33,40.0,33.33,6.67,36,2026-06-29 19:55:28.785547+00:00
293,742,CHECKING,2025-06-29,2026-06-29,63,41.0,14.0,8.0,19528.08,1516.21,239.73,476.2946341463415,108.30071428571429,9280.31,228.44,29,GAS_STATION,9.52,41.27,20.63,11.11,1,2026-06-29 19:55:28.785547+00:00
294,747,SAVINGS,2025-06-29,2026-06-29,28,13.0,11.0,4.0,10310.77,1720.54,114.63,793.1361538461539,156.41272727272727,8974.66,581.79,12,WIRE_TRANSFER_INTL,17.86,39.29,21.43,14.29,7,2026-06-29 19:55:28.785547+00:00
296,753,LOAN,2025-06-29,2026-06-29,15,10.0,4.0,1.0,1309.5,334.97,29.35,130.95,83.7425,308.84,191.33,8,ENTERTAINMENT,26.67,33.33,13.33,20.0,78,2026-06-29 19:55:28.785547+00:00
305,774,CREDIT,2025-06-29,2026-06-29,67,30.0,33.0,4.0,5838.37,12906.24,95.24,194.61233333333334,391.09818181818184,441.69,8832.7,26,GROCERY,10.45,47.76,10.45,14.93,5,2026-06-29 19:55:28.785547+00:00
318,809,CREDIT,2025-06-29,2026-06-29,53,19.0,29.0,5.0,2149.75,3653.46,148.52,113.14473684210526,125.98137931034482,368.56,326.74,17,TRAVEL,20.75,24.53,22.64,16.98,3,2026-06-29 19:55:28.785547+00:00
318,810,SAVINGS,2025-06-29,2026-06-29,27,17.0,6.0,4.0,2194.51,833.18,148.32,129.08882352941177,138.86333333333334,512.17,213.99,16,GAS_STATION,7.41,18.52,25.93,25.93,27,2026-06-29 19:55:28.785547+00:00
319,813,CHECKING,2025-06-29,2026-06-29,37,29.0,5.0,3.0,23469.78,562.56,76.43,809.3027586206897,112.512,11496.42,187.41,24,RESTAURANT,24.32,29.73,18.92,16.22,14,2026-06-29 19:55:28.785547+00:00
323,821,SAVINGS,2025-06-29,2026-06-29,43,28.0,12.0,3.0,10995.38,1602.89,100.36,392.69214285714287,133.57416666666666,8106.99,369.01,24,RESTAURANT,27.91,30.23,11.63,20.93,7,2026-06-29 19:55:28.785547+00:00
334,839,SAVINGS,2025-06-29,2026-06-29,43,32.0,9.0,2.0,4172.5,1023.06,45.55,130.390625,113.67333333333333,444.91,349.31,27,GROCERY,11.63,27.91,20.93,18.6,15,2026-06-29 19:55:28.785547+00:00
335,841,CREDIT,2025-06-29,2026-06-29,21,8.0,9.0,4.0,627.2,891.52,140.12,78.4,99.05777777777777,203.77,178.78,8,UTILITIES,28.57,33.33,14.29,9.52,23,2026-06-29 19:55:28.785547+00:00
336,844,CREDIT,2025-06-29,2026-06-29,62,26.0,30.0,6.0,3061.36,3660.75,163.33,117.74461538461539,122.025,480.65,289.06,24,GROCERY,16.13,32.26,22.58,16.13,3,2026-06-29 19:55:28.785547+00:00
338,847,CHECKING,2025-06-29,2026-06-29,56,39.0,12.0,5.0,17927.54,12401.94,164.7,459.68051282051283,1033.495,7446.78,11309.1,31,RESTAURANT,19.64,16.07,25.0,17.86,2,2026-06-29 19:55:28.785547+00:00
345,861,CREDIT,2025-06-29,2026-06-29,47,17.0,27.0,3.0,11193.96,11470.32,110.3,658.4682352941177,424.82666666666665,9012.29,7463.37,15,INSURANCE,21.28,25.53,21.28,8.51,7,2026-06-29 19:55:28.785547+00:00
350,873,SAVINGS,2025-06-29,2026-06-29,34,23.0,10.0,1.0,2623.4,1567.67,11.2,114.06086956521739,156.767,377.1,333.96,20,HEALTHCARE,29.41,20.59,29.41,8.82,20,2026-06-29 19:55:28.785547+00:00
354,886,CHECKING,2025-06-29,2026-06-29,73,44.0,19.0,10.0,30713.07,14493.84,249.3,698.0243181818182,762.8336842105264,11019.72,11701.4,33,INSURANCE,19.18,21.92,23.29,24.66,2,2026-06-29 19:55:28.785547+00:00
357,891,SAVINGS,2025-06-29,2026-06-29,62,32.0,23.0,7.0,21839.86,10955.5,240.73,682.495625,476.32608695652175,11109.89,8735.7,26,UTILITIES,12.9,37.1,14.52,22.58,6,2026-06-29 19:55:28.785547+00:00
357,892,CREDIT,2025-06-29,2026-06-29,19,7.0,10.0,2.0,1006.18,1632.07,62.54,143.74,163.207,232.68,352.65,5,GROCERY,36.84,21.05,10.53,10.53,31,2026-06-29 19:55:28.785547+00:00
361,902,CHECKING,2025-06-29,2026-06-29,43,25.0,15.0,3.0,2433.78,17156.0,74.84,97.3512,1143.7333333333333,224.18,10344.3,21,RESTAURANT,13.95,34.88,20.93,16.28,13,2026-06-29 19:55:28.785547+00:00
362,906,LOAN,2025-06-29,2026-06-29,47,13.0,31.0,3.0,1346.68,16017.44,68.28,103.59076923076923,516.6916129032259,226.73,11144.9,13,GROCERY,31.91,29.79,17.02,17.02,5,2026-06-29 19:55:28.785547+00:00
363,910,SAVINGS,2025-06-29,2026-06-29,39,20.0,18.0,1.0,19637.36,2514.49,17.99,981.868,139.6938888888889,11396.08,341.92,16,RETAIL,25.64,28.21,15.38,17.95,17,2026-06-29 19:55:28.785547+00:00
365,913,LOAN,2025-06-29,2026-06-29,47,17.0,28.0,2.0,2716.68,15058.85,58.9,159.80470588235295,537.8160714285714,309.84,5749.32,16,RESTAURANT,10.64,40.43,17.02,21.28,8,2026-06-29 19:55:28.785547+00:00
371,927,CHECKING,2025-06-29,2026-06-29,50,32.0,12.0,6.0,23366.36,1976.68,211.86,730.19875,164.72333333333333,12082.24,270.78,26,RESTAURANT,20.0,30.0,14.0,24.0,0,2026-06-29 19:55:28.785547+00:00
373,933,CREDIT,2025-06-29,2026-06-29,23,11.0,11.0,1.0,1360.03,1262.03,19.97,123.63909090909091,114.73,271.63,345.83,10,GROCERY,8.7,43.48,26.09,8.7,3,2026-06-29 19:55:28.785547+00:00
374,936,SAVINGS,2025-06-29,2026-06-29,29,20.0,7.0,2.0,2530.65,923.4,53.28,126.5325,131.9142857142857,244.6,196.8,18,TRAVEL,13.79,24.14,31.03,17.24,4,2026-06-29 19:55:28.785547+00:00
374,937,LOAN,2025-06-29,2026-06-29,47,18.0,26.0,3.0,14036.52,19117.18,100.29,779.8066666666666,735.2761538461539,11614.25,10162.92,16,GROCERY,19.15,31.91,10.64,23.4,0,2026-06-29 19:55:28.785547+00:00
378,946,CHECKING,2025-06-29,2026-06-29,46,26.0,19.0,1.0,10920.78,2547.15,10.12,420.03,134.06052631578947,7657.6,341.8,21,RESTAURANT,19.57,30.43,26.09,17.39,6,2026-06-29 19:55:28.785547+00:00
379,947,SAVINGS,2025-06-29,2026-06-29,56,34.0,13.0,9.0,4027.76,8378.08,255.41,118.46352941176471,644.4676923076923,309.25,6626.96,24,HEALTHCARE,14.29,28.57,17.86,17.86,1,2026-06-29 19:55:28.785547+00:00
381,951,LOAN,2025-06-29,2026-06-29,38,11.0,23.0,4.0,1992.15,3656.98,135.19,181.10454545454544,158.99913043478261,536.18,440.49,10,RETAIL,5.26,36.84,21.05,23.68,15,2026-06-29 19:55:28.785547+00:00
383,959,LOAN,2025-06-29,2026-06-29,75,32.0,37.0,6.0,15836.9,12709.29,189.09,494.903125,343.49432432432434,11653.48,8379.17,29,HEALTHCARE,14.67,26.67,18.67,24.0,0,2026-06-29 19:55:28.785547+00:00
385,961,CREDIT,2025-06-29,2026-06-29,31,15.0,15.0,1.0,2282.95,1846.19,38.94,152.19666666666666,123.07933333333334,385.02,420.11,14,UTILITIES,22.58,29.03,19.35,19.35,8,2026-06-29 19:55:28.785547+00:00
389,970,SAVINGS,2025-06-29,2026-06-29,47,29.0,14.0,4.0,9427.03,1479.72,122.56,325.07,105.69428571428571,5725.55,277.4,25,RETAIL,10.64,27.66,25.53,14.89,21,2026-06-29 19:55:28.785547+00:00
398,994,LOAN,2025-06-29,2026-06-29,30,9.0,17.0,4.0,1146.81,1613.2,92.58,127.42333333333333,94.89411764705882,187.8,291.33,7,HEALTHCARE,26.67,26.67,26.67,16.67,18,2026-06-29 19:55:28.785547+00:00
408,1018,CHECKING,2025-06-29,2026-06-29,59,36.0,18.0,5.0,25279.45,2207.97,163.33,702.2069444444444,122.665,8005.02,284.22,30,GAS_STATION,18.64,28.81,18.64,18.64,1,2026-06-29 19:55:28.785547+00:00
414,1033,CHECKING,2025-06-29,2026-06-29,23,14.0,5.0,4.0,2138.64,705.59,82.62,152.76,141.118,407.4,309.41,13,GAS_STATION,17.39,26.09,8.7,30.43,2,2026-06-29 19:55:28.785547+00:00
420,1046,CHECKING,2025-06-29,2026-06-29,58,30.0,26.0,2.0,9965.91,12891.6,51.07,332.197,495.83076923076925,6889.36,8645.56,24,RESTAURANT,15.52,31.03,24.14,17.24,0,2026-06-29 19:55:28.785547+00:00
426,1060,SAVINGS,2025-06-29,2026-06-29,32,18.0,10.0,4.0,16096.62,1264.39,101.0,894.2566666666667,126.439,8589.82,411.46,15,EDUCATION,15.63,31.25,18.75,25.0,10,2026-06-29 19:55:28.785547+00:00
428,1063,CHECKING,2025-06-29,2026-06-29,50,34.0,11.0,5.0,12966.92,1688.87,150.95,381.38,153.53363636363636,8579.98,296.62,29,RETAIL,14.0,28.0,14.0,30.0,22,2026-06-29 19:55:28.785547+00:00
432,1079,SAVINGS,2025-06-29,2026-06-29,69,42.0,22.0,5.0,10698.76,20416.01,133.9,254.73238095238096,928.0004545454545,6147.46,11575.87,32,RESTAURANT,17.39,24.64,23.19,20.29,5,2026-06-29 19:55:28.785547+00:00
434,1082,CHECKING,2025-06-29,2026-06-29,66,45.0,18.0,3.0,5673.65,2055.05,75.52,126.08111111111111,114.16944444444445,312.38,248.3,32,RESTAURANT,13.64,28.79,33.33,15.15,3,2026-06-29 19:55:28.785547+00:00
443,1101,LOAN,2025-06-29,2026-06-29,63,21.0,38.0,4.0,7354.35,25175.82,120.69,350.20714285714286,662.5215789473684,5284.48,10493.56,16,ENTERTAINMENT,14.29,34.92,19.05,19.05,0,2026-06-29 19:55:28.785547+00:00
448,1111,LOAN,2025-06-29,2026-06-29,53,23.0,27.0,3.0,2609.3,8729.09,76.85,113.44782608695652,323.29962962962964,246.31,5542.79,17,UTILITIES,24.53,26.42,16.98,15.09,1,2026-06-29 19:55:28.785547+00:00
450,1117,CHECKING,2025-06-29,2026-06-29,24,17.0,4.0,3.0,1774.71,643.78,74.19,104.39470588235294,160.945,249.97,273.33,15,GROCERY,20.83,45.83,4.17,12.5,9,2026-06-29 19:55:28.785547+00:00
451,1122,CREDIT,2025-06-29,2026-06-29,56,18.0,32.0,6.0,13079.88,3142.15,179.77,726.66,98.1921875,11198.7,332.51,15,RETAIL,14.29,28.57,26.79,16.07,2,2026-06-29 19:55:28.785547+00:00
454,1132,SAVINGS,2025-06-29,2026-06-29,58,36.0,16.0,6.0,21016.68,11880.75,162.05,583.7966666666666,742.546875,8043.33,9739.76,28,RESTAURANT,17.24,25.86,22.41,18.97,0,2026-06-29 19:55:28.785547+00:00
455,1135,LOAN,2025-06-29,2026-06-29,58,25.0,30.0,3.0,3954.28,14911.0,85.86,158.1712,497.03333333333336,396.16,10736.88,21,GROCERY,25.86,20.69,25.86,12.07,5,2026-06-29 19:55:28.785547+00:00
456,1139,SAVINGS,2025-06-29,2026-06-29,33,22.0,8.0,3.0,3272.42,894.34,112.54,148.74636363636364,111.7925,396.73,323.75,20,GROCERY,30.3,27.27,12.12,18.18,8,2026-06-29 19:55:28.785547+00:00
458,1143,LOAN,2025-06-29,2026-06-29,14,7.0,7.0,0.0,12828.61,7849.09,0.0,1832.6585714285713,1121.2985714285714,12172.97,7046.2,7,GAS_STATION,14.29,35.71,21.43,14.29,19,2026-06-29 19:55:28.785547+00:00
460,1150,CHECKING,2025-06-29,2026-06-29,53,31.0,19.0,3.0,18442.72,2349.13,83.29,594.9264516129032,123.63842105263159,8343.16,395.72,26,GAS_STATION,18.87,16.98,18.87,24.53,2,2026-06-29 19:55:28.785547+00:00
463,1155,CHECKING,2025-06-29,2026-06-29,58,42.0,14.0,2.0,14183.26,10603.88,42.95,337.69666666666666,757.42,8719.41,9179.07,33,GROCERY,15.52,20.69,32.76,18.97,1,2026-06-29 19:55:28.785547+00:00
464,1157,LOAN,2025-06-29,2026-06-29,22,10.0,10.0,2.0,1384.53,1315.14,64.24,138.453,131.514,297.41,249.72,10,HEALTHCARE,13.64,36.36,18.18,9.09,12,2026-06-29 19:55:28.785547+00:00
465,1162,CREDIT,2025-06-29,2026-06-29,18,7.0,10.0,1.0,10282.48,984.59,13.47,1468.9257142857143,98.459,9691.89,214.06,6,RETAIL,16.67,38.89,11.11,16.67,54,2026-06-29 19:55:28.785547+00:00
466,1164,CREDIT,2025-06-29,2026-06-29,67,27.0,38.0,2.0,11413.94,26146.38,61.71,422.7385185185185,688.0626315789474,8027.12,11472.33,22,RESTAURANT,20.9,34.33,20.9,11.94,3,2026-06-29 19:55:28.785547+00:00
466,1165,CHECKING,2025-06-29,2026-06-29,25,15.0,8.0,2.0,10449.45,1078.88,43.14,696.63,134.86,9070.76,272.68,14,GROCERY,16.0,52.0,16.0,16.0,20,2026-06-29 19:55:28.785547+00:00
471,1177,CREDIT,2025-06-29,2026-06-29,56,21.0,29.0,6.0,24276.96,23794.78,152.18,1156.0457142857142,820.5096551724138,8414.82,11216.54,19,ENTERTAINMENT,25.0,21.43,26.79,14.29,13,2026-06-29 19:55:28.785547+00:00
472,1182,SAVINGS,2025-06-29,2026-06-29,53,37.0,11.0,5.0,15005.02,12355.88,128.04,405.5410810810811,1123.2618181818182,10327.26,11460.59,30,RESTAURANT,20.75,37.74,18.87,13.21,1,2026-06-29 19:55:28.785547+00:00
473,1183,CHECKING,2025-06-29,2026-06-29,61,47.0,11.0,3.0,27606.53,9163.69,84.74,587.3729787234042,833.0627272727273,9648.27,7923.77,37,RESTAURANT,18.03,32.79,22.95,11.48,5,2026-06-29 19:55:28.785547+00:00
475,1186,CHECKING,2025-06-29,2026-06-29,47,28.0,14.0,5.0,11394.2,13935.73,121.73,406.9357142857143,995.4092857142857,7686.15,11686.32,21,GROCERY,12.77,29.79,27.66,25.53,17,2026-06-29 19:55:28.785547+00:00
478,1192,LOAN,2025-06-29,2026-06-29,39,16.0,20.0,3.0,2037.63,13138.62,58.98,127.351875,656.931,234.57,10471.45,14,RESTAURANT,10.26,46.15,7.69,23.08,15,2026-06-29 19:55:28.785547+00:00
479,1194,LOAN,2025-06-29,2026-06-29,34,14.0,16.0,4.0,1848.78,2118.94,65.49,132.0557142857143,132.43375,457.57,411.86,11,GAS_STATION,14.71,32.35,20.59,17.65,5,2026-06-29 19:55:28.785547+00:00
481,1200,SAVINGS,2025-06-29,2026-06-29,34,18.0,15.0,1.0,1874.46,2010.12,16.36,104.13666666666667,134.008,252.46,296.06,16,GAS_STATION,17.65,29.41,17.65,17.65,20,2026-06-29 19:55:28.785547+00:00
482,1201,LOAN,2025-06-29,2026-06-29,78,35.0,40.0,3.0,12857.28,29620.98,100.02,367.35085714285714,740.5245,8557.4,11090.79,31,TRAVEL,12.82,42.31,15.38,21.79,5,2026-06-29 19:55:28.785547+00:00
484,1206,CHECKING,2025-06-29,2026-06-29,32,22.0,9.0,1.0,7991.41,1499.81,27.68,363.2459090909091,166.64555555555555,5299.41,581.34,19,UTILITIES,6.25,34.38,15.63,31.25,31,2026-06-29 19:55:28.785547+00:00
486,1211,CREDIT,2025-06-29,2026-06-29,70,31.0,31.0,8.0,18595.4,4020.71,218.47,599.8516129032258,129.70032258064515,8077.63,422.94,29,ENTERTAINMENT,14.29,32.86,20.0,21.43,2,2026-06-29 19:55:28.785547+00:00
490,1223,CHECKING,2025-06-29,2026-06-29,64,34.0,23.0,7.0,24632.51,7694.24,213.9,724.4855882352941,334.5321739130435,11432.37,5525.71,27,GROCERY,20.31,26.56,20.31,26.56,13,2026-06-29 19:55:28.785547+00:00
493,1233,SAVINGS,2025-06-29,2026-06-29,24,18.0,6.0,0.0,10953.48,506.85,0.0,608.5266666666666,84.475,8879.46,187.04,17,GAS_STATION,20.83,37.5,12.5,25.0,2,2026-06-29 19:55:28.785547+00:00
493,1234,CREDIT,2025-06-29,2026-06-29,78,28.0,39.0,11.0,11783.13,42253.15,296.33,420.8260714285714,1083.4141025641027,8375.44,11549.16,22,GAS_STATION,19.23,30.77,14.1,19.23,1,2026-06-29 19:55:28.785547+00:00
493,1235,CHECKING,2025-06-29,2026-06-29,63,40.0,18.0,5.0,5386.81,2659.06,165.97,134.67025,147.72555555555556,446.23,375.44,30,GROCERY,12.7,30.16,20.63,26.98,8,2026-06-29 19:55:28.785547+00:00
496,1247,LOAN,2025-06-29,2026-06-29,59,25.0,31.0,3.0,3686.61,14291.13,82.54,147.4644,461.0041935483871,435.83,10929.13,20,RESTAURANT,22.03,25.42,20.34,18.64,2,2026-06-29 19:55:28.785547+00:00
6,17,CREDIT,2025-06-29,2026-06-29,63,23.0,30.0,10.0,3738.48,21549.76,280.87,162.54260869565218,718.3253333333333,362.13,10526.79,22,RESTAURANT,15.87,26.98,30.16,11.11,9,2026-06-29 19:55:28.785547+00:00
11,26,SAVINGS,2025-06-29,2026-06-29,27,17.0,9.0,1.0,1349.94,6884.01,22.5,79.40823529411765,764.89,212.8,5934.22,15,GAS_STATION,18.52,25.93,18.52,22.22,9,2026-06-29 19:55:28.785547+00:00
14,36,CREDIT,2025-06-29,2026-06-29,49,21.0,26.0,2.0,12900.17,13204.88,66.44,614.2938095238095,507.88,9967.64,10845.49,17,GROCERY,26.53,28.57,12.24,24.49,4,2026-06-29 19:55:28.785547+00:00
14,38,CHECKING,2025-06-29,2026-06-29,65,40.0,17.0,8.0,19182.08,11022.9,195.83,479.552,648.4058823529411,8696.01,9073.28,33,EDUCATION,21.54,15.38,32.31,24.62,1,2026-06-29 19:55:28.785547+00:00
15,40,CHECKING,2025-06-29,2026-06-29,68,41.0,20.0,7.0,27938.13,2525.62,215.18,681.4178048780487,126.281,9066.5,388.83,33,RETAIL,14.71,27.94,14.71,25.0,0,2026-06-29 19:55:28.785547+00:00
16,46,SAVINGS,2025-06-29,2026-06-29,20,12.0,7.0,1.0,2178.64,1077.22,13.37,181.55333333333334,153.88857142857142,410.7,336.48,11,GROCERY,20.0,40.0,15.0,10.0,35,2026-06-29 19:55:28.785547+00:00
20,56,LOAN,2025-06-29,2026-06-29,64,31.0,27.0,6.0,15662.75,15081.81,145.08,505.25,558.5855555555555,7084.15,11624.94,26,EDUCATION,17.19,29.69,18.75,14.06,0,2026-06-29 19:55:28.785547+00:00
22,58,CREDIT,2025-06-29,2026-06-29,68,26.0,38.0,4.0,3615.5,4368.44,101.74,139.05769230769232,114.95894736842105,406.1,344.68,25,GROCERY,26.47,30.88,14.71,16.18,0,2026-06-29 19:55:28.785547+00:00
23,62,CHECKING,2025-06-29,2026-06-29,62,43.0,10.0,9.0,13322.53,1270.52,260.17,309.82627906976745,127.052,8593.0,305.67,32,RESTAURANT,16.13,17.74,22.58,20.97,2,2026-06-29 19:55:28.785547+00:00
27,69,LOAN,2025-06-29,2026-06-29,25,13.0,10.0,2.0,8792.79,6721.57,38.52,676.3684615384616,672.157,7376.12,5379.07,13,GROCERY,0.0,64.0,32.0,4.0,35,2026-06-29 19:55:28.785547+00:00
27,70,CHECKING,2025-06-29,2026-06-29,45,33.0,8.0,4.0,5321.2,538.47,109.23,161.24848484848485,67.30875,638.2,95.87,26,RESTAURANT,15.56,40.0,24.44,13.33,1,2026-06-29 19:55:28.785547+00:00
28,72,CREDIT,2025-06-29,2026-06-29,31,13.0,15.0,3.0,1827.06,11035.97,73.48,140.5430769230769,735.7313333333333,279.35,10034.12,12,GROCERY,22.58,22.58,22.58,19.35,11,2026-06-29 19:55:28.785547+00:00
28,74,CHECKING,2025-06-29,2026-06-29,23,17.0,4.0,2.0,12556.38,640.87,55.62,738.6105882352941,160.2175,10336.76,236.44,15,GAS_STATION,13.04,21.74,34.78,8.7,4,2026-06-29 19:55:28.785547+00:00
29,76,CHECKING,2025-06-29,2026-06-29,22,11.0,9.0,2.0,1155.82,1318.15,36.15,105.07454545454546,146.4611111111111,212.69,339.87,10,RETAIL,9.09,27.27,18.18,31.82,18,2026-06-29 19:55:28.785547+00:00
30,80,CREDIT,2025-06-29,2026-06-29,28,9.0,16.0,3.0,1307.44,1915.82,90.17,145.2711111111111,119.73875,244.2,268.3,9,GROCERY,17.86,28.57,10.71,25.0,15,2026-06-29 19:55:28.785547+00:00
31,83,SAVINGS,2025-06-29,2026-06-29,65,39.0,22.0,4.0,4468.65,13648.27,90.56,114.58076923076923,620.3759090909091,300.2,11319.61,35,GROCERY,16.92,26.15,18.46,23.08,1,2026-06-29 19:55:28.785547+00:00
32,84,CHECKING,2025-06-29,2026-06-29,27,14.0,9.0,4.0,2212.82,885.99,128.56,158.05857142857144,98.44333333333333,365.78,189.96,12,RESTAURANT,14.81,25.93,37.04,11.11,3,2026-06-29 19:55:28.785547+00:00
32,85,SAVINGS,2025-06-29,2026-06-29,51,32.0,16.0,3.0,15550.9,1399.05,63.58,485.965625,87.440625,11538.54,236.94,26,GROCERY,5.88,35.29,25.49,23.53,0,2026-06-29 19:55:28.785547+00:00
36,96,CHECKING,2025-06-29,2026-06-29,67,48.0,16.0,3.0,11282.91,7422.73,86.35,235.060625,463.920625,5396.29,5843.11,39,GROCERY,23.88,35.82,19.4,13.43,6,2026-06-29 19:55:28.785547+00:00
38,101,CREDIT,2025-06-29,2026-06-29,64,29.0,33.0,2.0,15152.44,10601.01,66.67,522.4979310344828,321.2427272727273,11568.41,7214.43,25,RESTAURANT,18.75,26.56,20.31,20.31,5,2026-06-29 19:55:28.785547+00:00
40,106,CHECKING,2025-06-29,2026-06-29,32,24.0,8.0,0.0,2996.62,1249.04,0.0,124.85916666666667,156.13,278.68,449.04,20,RETAIL,18.75,25.0,18.75,15.63,13,2026-06-29 19:55:28.785547+00:00
44,115,CHECKING,2025-06-29,2026-06-29,48,29.0,18.0,1.0,13946.74,14921.06,19.67,480.92206896551727,828.9477777777778,10389.6,11974.17,23,RESTAURANT,27.08,31.25,16.67,20.83,16,2026-06-29 19:55:28.785547+00:00
46,118,CHECKING,2025-06-29,2026-06-29,28,23.0,4.0,1.0,13788.96,428.93,39.8,599.52,107.2325,10684.5,160.87,20,RESTAURANT,10.71,21.43,32.14,17.86,21,2026-06-29 19:55:28.785547+00:00
48,120,LOAN,2025-06-29,2026-06-29,19,7.0,10.0,2.0,773.12,9341.0,81.32,110.44571428571429,934.1,225.24,7572.42,7,INSURANCE,5.26,57.89,21.05,10.53,69,2026-06-29 19:55:28.785547+00:00
49,122,LOAN,2025-06-29,2026-06-29,63,19.0,38.0,6.0,2693.14,3950.38,128.95,141.74421052631578,103.95736842105264,315.67,258.04,18,GAS_STATION,23.81,26.98,20.63,9.52,15,2026-06-29 19:55:28.785547+00:00
52,132,CREDIT,2025-06-29,2026-06-29,17,6.0,11.0,0.0,762.51,1461.96,0.0,127.085,132.90545454545455,197.16,274.81,6,GROCERY,35.29,17.65,17.65,11.76,23,2026-06-29 19:55:28.785547+00:00
53,136,LOAN,2025-06-29,2026-06-29,68,30.0,34.0,4.0,19286.74,13143.19,144.94,642.8913333333334,386.5644117647059,9446.24,8688.59,23,ENTERTAINMENT,14.71,30.88,13.24,23.53,18,2026-06-29 19:55:28.785547+00:00
57,144,CREDIT,2025-06-29,2026-06-29,27,7.0,16.0,4.0,520.94,1651.17,117.18,74.42,103.198125,135.96,295.85,7,GAS_STATION,11.11,48.15,18.52,18.52,15,2026-06-29 19:55:28.785547+00:00
57,147,SAVINGS,2025-06-29,2026-06-29,41,32.0,5.0,4.0,3582.04,862.96,135.7,111.93875,172.592,252.32,295.37,26,TRAVEL,14.63,31.71,19.51,19.51,8,2026-06-29 19:55:28.785547+00:00
66,165,SAVINGS,2025-06-29,2026-06-29,44,30.0,11.0,3.0,3854.42,1499.99,95.09,128.48066666666668,136.36272727272728,340.32,270.51,24,GROCERY,6.82,31.82,27.27,18.18,8,2026-06-29 19:55:28.785547+00:00
67,169,CREDIT,2025-06-29,2026-06-29,52,20.0,29.0,3.0,2550.12,3698.69,82.15,127.506,127.54103448275862,299.22,282.25,15,GROCERY,19.23,30.77,7.69,23.08,8,2026-06-29 19:55:28.785547+00:00
67,170,CHECKING,2025-06-29,2026-06-29,37,20.0,14.0,3.0,9784.11,1540.51,77.67,489.2055,110.03642857142857,7636.31,314.31,17,RETAIL,18.92,16.22,24.32,13.51,5,2026-06-29 19:55:28.785547+00:00
72,180,SAVINGS,2025-06-29,2026-06-29,18,11.0,7.0,0.0,898.26,786.16,0.0,81.66,112.30857142857143,169.94,175.81,9,GAS_STATION,27.78,11.11,33.33,22.22,8,2026-06-29 19:55:28.785547+00:00
73,181,SAVINGS,2025-06-29,2026-06-29,58,38.0,14.0,6.0,14399.48,1382.98,125.65,378.93368421052634,98.78428571428572,9765.16,286.78,34,TRAVEL,15.52,24.14,22.41,25.86,1,2026-06-29 19:55:28.785547+00:00
74,183,SAVINGS,2025-06-29,2026-06-29,21,14.0,6.0,1.0,1674.78,548.92,17.95,119.62714285714286,91.48666666666666,245.16,124.44,12,RETAIL,4.76,42.86,33.33,9.52,28,2026-06-29 19:55:28.785547+00:00
77,195,LOAN,2025-06-29,2026-06-29,27,9.0,14.0,4.0,1156.52,11387.91,120.19,128.50222222222223,813.4221428571428,307.82,8918.96,9,GAS_STATION,29.63,37.04,11.11,11.11,17,2026-06-29 19:55:28.785547+00:00
78,199,SAVINGS,2025-06-29,2026-06-29,27,22.0,5.0,0.0,7635.91,467.96,0.0,347.08681818181816,93.592,5219.07,159.42,19,HEALTHCARE,22.22,44.44,11.11,3.7,6,2026-06-29 19:55:28.785547+00:00
80,202,CHECKING,2025-06-29,2026-06-29,48,31.0,14.0,3.0,3603.35,1668.7,63.22,116.23709677419355,119.19285714285714,327.65,253.24,28,RETAIL,31.25,14.58,20.83,16.67,3,2026-06-29 19:55:28.785547+00:00
82,207,CHECKING,2025-06-29,2026-06-29,26,15.0,9.0,2.0,9993.24,684.21,53.31,666.216,76.02333333333333,8322.54,155.3,15,GAS_STATION,19.23,34.62,15.38,19.23,17,2026-06-29 19:55:28.785547+00:00
87,221,CHECKING,2025-06-29,2026-06-29,37,25.0,10.0,2.0,14049.01,11074.74,77.83,561.9604,1107.474,10636.69,10139.17,21,GROCERY,21.62,40.54,10.81,16.22,0,2026-06-29 19:55:28.785547+00:00
88,226,CHECKING,2025-06-29,2026-06-29,13,9.0,2.0,2.0,1009.92,169.3,56.81,112.21333333333334,84.65,208.23,119.19,9,GAS_STATION,0.0,53.85,15.38,15.38,8,2026-06-29 19:55:28.785547+00:00
89,227,CREDIT,2025-06-29,2026-06-29,22,7.0,11.0,4.0,6187.68,1140.11,86.52,883.9542857142857,103.64636363636363,5234.83,204.2,6,EDUCATION,31.82,27.27,9.09,27.27,9,2026-06-29 19:55:28.785547+00:00
91,236,SAVINGS,2025-06-29,2026-06-29,16,7.0,5.0,4.0,837.5,708.07,93.82,119.64285714285714,141.614,286.68,284.56,7,HEALTHCARE,25.0,12.5,18.75,18.75,111,2026-06-29 19:55:28.785547+00:00
92,237,CHECKING,2025-06-29,2026-06-29,44,22.0,18.0,4.0,2497.89,1972.18,99.31,113.54045454545455,109.56555555555556,494.58,340.98,21,GROCERY,18.18,40.91,9.09,25.0,4,2026-06-29 19:55:28.785547+00:00
98,249,CHECKING,2025-06-29,2026-06-29,52,31.0,17.0,4.0,20947.1,1822.63,111.55,675.7129032258065,107.21352941176471,11355.12,303.94,24,UTILITIES,23.08,23.08,17.31,17.31,6,2026-06-29 19:55:28.785547+00:00
103,264,CREDIT,2025-06-29,2026-06-29,70,28.0,37.0,5.0,3503.54,4918.31,121.64,125.12642857142858,132.9272972972973,288.8,318.48,25,RETAIL,12.86,27.14,18.57,18.57,5,2026-06-29 19:55:28.785547+00:00
103,265,SAVINGS,2025-06-29,2026-06-29,66,38.0,27.0,1.0,15397.57,13200.16,41.99,405.19921052631577,488.8948148148148,9482.84,10177.77,27,RESTAURANT,18.18,27.27,25.76,16.67,17,2026-06-29 19:55:28.785547+00:00
104,266,SAVINGS,2025-06-29,2026-06-29,52,34.0,13.0,5.0,4589.3,1872.7,133.12,134.97941176470587,144.05384615384617,357.48,272.35,26,RESTAURANT,21.15,19.23,21.15,23.08,1,2026-06-29 19:55:28.785547+00:00
105,268,LOAN,2025-06-29,2026-06-29,37,16.0,19.0,2.0,2397.85,2213.39,61.52,149.865625,116.49421052631578,299.4,291.32,15,RETAIL,21.62,27.03,18.92,24.32,6,2026-06-29 19:55:28.785547+00:00
109,279,SAVINGS,2025-06-29,2026-06-29,55,30.0,22.0,3.0,20104.25,12790.47,78.13,670.1416666666667,581.385,11392.54,10055.39,24,RETAIL,16.36,21.82,21.82,23.64,4,2026-06-29 19:55:28.785547+00:00
115,292,LOAN,2025-06-29,2026-06-29,44,14.0,26.0,4.0,12938.98,8683.24,83.74,924.2128571428572,333.97076923076924,10763.66,6189.25,11,UTILITIES,18.18,27.27,20.45,18.18,0,2026-06-29 19:55:28.785547+00:00
122,309,LOAN,2025-06-29,2026-06-29,58,26.0,27.0,5.0,3897.65,13975.75,172.66,149.9096153846154,517.6203703703703,481.93,11130.61,21,UTILITIES,18.97,29.31,17.24,18.97,2,2026-06-29 19:55:28.785547+00:00
125,317,SAVINGS,2025-06-29,2026-06-29,16,13.0,3.0,0.0,10104.63,303.28,0.0,777.2792307692308,101.09333333333333,8275.27,179.63,11,RETAIL,25.0,37.5,6.25,6.25,30,2026-06-29 19:55:28.785547+00:00
125,319,CHECKING,2025-06-29,2026-06-29,33,19.0,13.0,1.0,2390.49,2337.78,32.71,125.81526315789473,179.82923076923078,273.89,469.96,19,RESTAURANT,21.21,24.24,15.15,9.09,29,2026-06-29 19:55:28.785547+00:00
126,321,SAVINGS,2025-06-29,2026-06-29,59,42.0,12.0,5.0,32051.47,1542.22,114.31,763.130238095238,128.51833333333335,11918.13,429.39,37,GROCERY,16.95,33.9,15.25,22.03,0,2026-06-29 19:55:28.785547+00:00
132,339,CREDIT,2025-06-29,2026-06-29,56,25.0,29.0,2.0,3556.1,30208.36,40.98,142.244,1041.6675862068967,327.9,11189.12,21,GROCERY,12.5,33.93,12.5,23.21,1,2026-06-29 19:55:28.785547+00:00
133,341,SAVINGS,2025-06-29,2026-06-29,39,25.0,9.0,5.0,3522.01,1107.16,128.13,140.8804,123.01777777777778,409.71,247.15,20,GROCERY,20.51,35.9,17.95,12.82,1,2026-06-29 19:55:28.785547+00:00
136,348,CHECKING,2025-06-29,2026-06-29,59,39.0,18.0,2.0,11390.18,2101.0,21.18,292.05589743589746,116.72222222222223,7232.19,251.25,33,HEALTHCARE,18.64,28.81,10.17,27.12,0,2026-06-29 19:55:28.785547+00:00
140,358,CREDIT,2025-06-29,2026-06-29,62,28.0,29.0,5.0,12168.41,4099.69,128.49,434.5860714285714,141.36862068965516,8537.18,484.83,20,GROCERY,14.52,17.74,29.03,19.35,3,2026-06-29 19:55:28.785547+00:00
142,363,CREDIT,2025-06-29,2026-06-29,74,33.0,35.0,6.0,27584.11,14547.76,201.62,835.8821212121212,415.6502857142857,11983.01,10324.31,30,RETAIL,13.51,29.73,24.32,16.22,1,2026-06-29 19:55:28.785547+00:00
143,366,CREDIT,2025-06-29,2026-06-29,57,28.0,25.0,4.0,13765.61,13624.64,101.34,491.62892857142856,544.9856,9997.74,10718.25,21,UTILITIES,17.54,26.32,19.3,15.79,1,2026-06-29 19:55:28.785547+00:00
144,367,CHECKING,2025-06-29,2026-06-29,70,41.0,23.0,6.0,4934.08,3052.56,159.81,120.34341463414634,132.72,272.03,294.63,33,GROCERY,20.0,22.86,18.57,18.57,1,2026-06-29 19:55:28.785547+00:00
150,381,SAVINGS,2025-06-29,2026-06-29,44,29.0,11.0,4.0,3643.57,1178.07,142.74,125.6403448275862,107.09727272727272,354.84,194.78,24,INSURANCE,15.91,29.55,18.18,25.0,8,2026-06-29 19:55:28.785547+00:00
151,384,CHECKING,2025-06-29,2026-06-29,31,19.0,8.0,4.0,2236.32,781.69,131.31,117.70105263157895,97.71125,257.47,237.7,18,GROCERY,9.68,29.03,22.58,16.13,4,2026-06-29 19:55:28.785547+00:00
155,393,SAVINGS,2025-06-29,2026-06-29,22,12.0,10.0,0.0,1887.0,16620.22,0.0,157.25,1662.022,348.95,9732.46,11,GROCERY,18.18,31.82,27.27,22.73,11,2026-06-29 19:55:28.785547+00:00
160,403,SAVINGS,2025-06-29,2026-06-29,35,25.0,5.0,5.0,11867.99,450.5,148.7,474.7196,90.1,8638.99,202.59,19,GAS_STATION,11.43,40.0,17.14,22.86,0,2026-06-29 19:55:28.785547+00:00
161,405,SAVINGS,2025-06-29,2026-06-29,28,19.0,8.0,1.0,2482.52,8757.76,22.33,130.65894736842105,1094.72,313.77,8119.99,18,RESTAURANT,21.43,25.0,21.43,17.86,32,2026-06-29 19:55:28.785547+00:00
163,410,SAVINGS,2025-06-29,2026-06-29,28,18.0,7.0,3.0,14000.45,928.86,93.71,777.8027777777778,132.6942857142857,12000.9,400.27,15,GAS_STATION,17.86,17.86,21.43,21.43,20,2026-06-29 19:55:28.785547+00:00
170,425,CHECKING,2025-06-29,2026-06-29,53,40.0,11.0,2.0,5324.84,9313.5,67.96,133.121,846.6818181818181,370.97,8094.14,29,GAS_STATION,7.55,39.62,24.53,15.09,0,2026-06-29 19:55:28.785547+00:00
171,427,CHECKING,2025-06-29,2026-06-29,45,27.0,12.0,6.0,22767.86,1382.09,170.03,843.2540740740741,115.17416666666666,10106.07,273.5,22,WIRE_TRANSFER_INTL,13.33,33.33,20.0,17.78,0,2026-06-29 19:55:28.785547+00:00
173,433,CHECKING,2025-06-29,2026-06-29,27,16.0,8.0,3.0,18856.91,783.63,107.04,1178.556875,97.95375,9591.86,262.54,13,CRYPTO_EXCHANGE,25.93,14.81,40.74,3.7,4,2026-06-29 19:55:28.785547+00:00
177,440,CHECKING,2025-06-29,2026-06-29,64,40.0,19.0,5.0,13908.75,10662.31,165.74,347.71875,561.1742105263157,8506.55,8828.33,28,GAS_STATION,15.63,34.38,21.88,12.5,0,2026-06-29 19:55:28.785547+00:00
178,446,SAVINGS,2025-06-29,2026-06-29,43,25.0,15.0,3.0,8411.13,1935.23,92.55,336.4452,129.01533333333333,5323.54,228.84,19,GAS_STATION,11.63,30.23,20.93,25.58,7,2026-06-29 19:55:28.785547+00:00
188,470,SAVINGS,2025-06-29,2026-06-29,58,40.0,14.0,4.0,38029.98,1480.42,119.99,950.7495,105.74428571428571,9922.87,272.48,33,TRAVEL,24.14,31.03,22.41,10.34,0,2026-06-29 19:55:28.785547+00:00
189,472,SAVINGS,2025-06-29,2026-06-29,68,37.0,25.0,6.0,17021.61,3625.91,182.24,460.0435135135135,145.0364,7310.35,311.69,29,UTILITIES,16.18,29.41,20.59,16.18,2,2026-06-29 19:55:28.785547+00:00
190,475,SAVINGS,2025-06-29,2026-06-29,50,29.0,16.0,5.0,3489.02,2297.1,168.79,120.31103448275861,143.56875,444.26,373.5,27,GROCERY,20.0,26.0,22.0,14.0,25,2026-06-29 19:55:28.785547+00:00
193,481,CREDIT,2025-06-29,2026-06-29,31,13.0,15.0,3.0,2027.63,9585.38,51.42,155.97153846153847,639.0253333333334,405.1,7915.42,11,GROCERY,22.58,38.71,12.9,16.13,2,2026-06-29 19:55:28.785547+00:00
195,486,CHECKING,2025-06-29,2026-06-29,62,40.0,12.0,10.0,15563.5,9785.86,277.04,389.0875,815.4883333333333,10251.01,8477.04,32,GAS_STATION,8.06,27.42,20.97,27.42,4,2026-06-29 19:55:28.785547+00:00
195,487,LOAN,2025-06-29,2026-06-29,49,19.0,27.0,3.0,2303.44,2944.46,102.03,121.23368421052632,109.05407407407408,274.2,302.66,16,HEALTHCARE,14.29,34.69,24.49,16.33,2,2026-06-29 19:55:28.785547+00:00
201,506,CHECKING,2025-06-29,2026-06-29,24,17.0,7.0,0.0,13602.85,707.83,0.0,800.1676470588235,101.11857142857143,11102.43,156.85,16,HEALTHCARE,25.0,33.33,4.17,29.17,4,2026-06-29 19:55:28.785547+00:00
202,509,SAVINGS,2025-06-29,2026-06-29,34,22.0,9.0,3.0,12712.54,1016.6,84.28,577.8427272727273,112.95555555555555,9329.37,352.48,18,UTILITIES,23.53,38.24,17.65,8.82,21,2026-06-29 19:55:28.785547+00:00
205,513,CREDIT,2025-06-29,2026-06-29,55,20.0,31.0,4.0,2205.75,27085.31,118.27,110.2875,873.7196774193549,248.53,8572.73,18,RETAIL,20.0,23.64,21.82,18.18,0,2026-06-29 19:55:28.785547+00:00
205,514,CHECKING,2025-06-29,2026-06-29,57,36.0,18.0,3.0,15416.91,2249.71,70.96,428.2475,124.98388888888888,11416.57,225.75,28,RESTAURANT,15.79,45.61,14.04,10.53,3,2026-06-29 19:55:28.785547+00:00
206,518,SAVINGS,2025-06-29,2026-06-29,54,34.0,13.0,7.0,19018.53,9751.07,206.38,559.3685294117647,750.0823076923077,7802.38,8381.67,30,RESTAURANT,14.81,27.78,20.37,22.22,1,2026-06-29 19:55:28.785547+00:00
210,528,CHECKING,2025-06-29,2026-06-29,64,34.0,25.0,5.0,19596.69,11297.51,129.02,576.3732352941176,451.9004,9343.98,7557.4,27,HEALTHCARE,17.19,34.38,17.19,15.63,4,2026-06-29 19:55:28.785547+00:00
211,532,LOAN,2025-06-29,2026-06-29,54,24.0,23.0,7.0,2605.0,11417.46,233.23,108.54166666666667,496.4113043478261,375.09,8341.65,20,GAS_STATION,22.22,33.33,11.11,20.37,3,2026-06-29 19:55:28.785547+00:00
213,539,LOAN,2025-06-29,2026-06-29,25,7.0,16.0,2.0,1178.88,2673.05,63.32,168.41142857142856,167.065625,298.72,473.87,7,EDUCATION,8.0,36.0,12.0,28.0,0,2026-06-29 19:55:28.785547+00:00
214,542,CREDIT,2025-06-29,2026-06-29,20,13.0,7.0,0.0,1624.64,558.64,0.0,124.9723076923077,79.80571428571429,248.8,151.93,12,GROCERY,15.0,50.0,25.0,5.0,18,2026-06-29 19:55:28.785547+00:00
216,546,CHECKING,2025-06-29,2026-06-29,60,29.0,27.0,4.0,11673.72,3791.06,142.71,402.5420689655172,140.40962962962962,7583.94,453.18,23,GROCERY,21.67,25.0,23.33,13.33,7,2026-06-29 19:55:28.785547+00:00
216,547,SAVINGS,2025-06-29,2026-06-29,57,31.0,19.0,7.0,10002.63,15509.82,205.73,322.66548387096776,816.3063157894737,6415.42,7917.52,27,UTILITIES,15.79,28.07,21.05,14.04,14,2026-06-29 19:55:28.785547+00:00
218,554,CHECKING,2025-06-29,2026-06-29,59,36.0,21.0,2.0,20692.56,2851.2,36.08,574.7933333333333,135.77142857142857,9934.5,253.67,30,RESTAURANT,13.56,25.42,20.34,25.42,7,2026-06-29 19:55:28.785547+00:00
219,556,CHECKING,2025-06-29,2026-06-29,27,19.0,6.0,2.0,8483.2,6985.62,57.77,446.4842105263158,1164.27,5793.98,6232.95,17,INSURANCE,25.93,25.93,11.11,25.93,28,2026-06-29 19:55:28.785547+00:00
223,566,CREDIT,2025-06-29,2026-06-29,26,9.0,12.0,5.0,1411.07,1911.0,133.46,156.78555555555556,159.25,319.9,342.48,7,TRAVEL,30.77,26.92,23.08,11.54,21,2026-06-29 19:55:28.785547+00:00
227,574,SAVINGS,2025-06-29,2026-06-29,64,44.0,17.0,3.0,25654.3,1519.36,89.56,583.0522727272727,89.37411764705882,10279.88,223.01,36,RESTAURANT,21.88,29.69,18.75,14.06,3,2026-06-29 19:55:28.785547+00:00
228,580,CHECKING,2025-06-29,2026-06-29,27,18.0,6.0,3.0,2367.62,532.69,59.77,131.53444444444443,88.78166666666667,368.96,215.95,17,RESTAURANT,33.33,33.33,11.11,18.52,2,2026-06-29 19:55:28.785547+00:00
230,586,LOAN,2025-06-29,2026-06-29,69,29.0,34.0,6.0,32200.63,12597.57,161.63,1110.366551724138,370.51676470588234,11664.96,8235.15,24,RETAIL,14.49,26.09,17.39,21.74,2,2026-06-29 19:55:28.785547+00:00
232,591,SAVINGS,2025-06-29,2026-06-29,52,29.0,15.0,8.0,27378.84,2207.92,200.93,944.0979310344827,147.19466666666668,9172.22,412.81,26,INSURANCE,17.31,23.08,21.15,28.85,1,2026-06-29 19:55:28.785547+00:00
233,594,CHECKING,2025-06-29,2026-06-29,43,31.0,12.0,0.0,23229.93,1552.48,0.0,749.3525806451613,129.37333333333333,10891.32,346.73,24,HEALTHCARE,16.28,27.91,20.93,23.26,4,2026-06-29 19:55:28.785547+00:00
234,596,CREDIT,2025-06-29,2026-06-29,40,16.0,16.0,8.0,12389.32,1585.86,231.54,774.3325,99.11625,10739.83,289.82,15,TRAVEL,15.0,30.0,20.0,25.0,3,2026-06-29 19:55:28.785547+00:00
235,599,CHECKING,2025-06-29,2026-06-29,54,31.0,16.0,7.0,4194.48,2363.45,183.75,135.3058064516129,147.715625,404.11,333.04,26,GROCERY,16.67,38.89,18.52,16.67,0,2026-06-29 19:55:28.785547+00:00
241,609,CHECKING,2025-06-29,2026-06-29,62,47.0,13.0,2.0,31391.23,2017.9,36.64,667.8985106382979,155.22307692307692,10393.59,342.54,36,RETAIL,16.13,33.87,17.74,16.13,8,2026-06-29 19:55:28.785547+00:00
244,621,CREDIT,2025-06-29,2026-06-29,19,7.0,8.0,4.0,779.32,1352.17,98.05,111.33142857142857,169.02125,201.39,525.02,5,EDUCATION,10.53,31.58,21.05,15.79,1,2026-06-29 19:55:28.785547+00:00
246,628,LOAN,2025-06-29,2026-06-29,61,27.0,31.0,3.0,10729.89,8896.48,62.64,397.4033333333333,286.9832258064516,7366.49,5880.68,23,RETAIL,21.31,29.51,27.87,11.48,4,2026-06-29 19:55:28.785547+00:00
249,635,SAVINGS,2025-06-29,2026-06-29,31,23.0,5.0,3.0,3061.54,459.48,84.16,133.1104347826087,91.896,278.01,194.03,20,GROCERY,29.03,25.81,12.9,22.58,22,2026-06-29 19:55:28.785547+00:00
251,640,LOAN,2025-06-29,2026-06-29,19,7.0,11.0,1.0,6839.61,1264.27,23.77,977.0871428571429,114.93363636363637,5742.37,373.24,7,RETAIL,15.79,36.84,0.0,21.05,1,2026-06-29 19:55:28.785547+00:00
253,645,LOAN,2025-06-29,2026-06-29,26,13.0,12.0,1.0,1156.1,1746.17,23.1,88.93076923076923,145.51416666666665,149.12,388.55,11,ENTERTAINMENT,19.23,30.77,30.77,15.38,25,2026-06-29 19:55:28.785547+00:00
253,646,CHECKING,2025-06-29,2026-06-29,61,40.0,15.0,6.0,4858.76,11595.93,219.64,121.469,773.062,397.65,9935.91,31,RETAIL,22.95,24.59,29.51,11.48,12,2026-06-29 19:55:28.785547+00:00
255,650,LOAN,2025-06-29,2026-06-29,57,17.0,34.0,6.0,2475.91,5008.77,172.5,145.64176470588237,147.31676470588235,324.55,349.3,15,GAS_STATION,15.79,28.07,19.3,21.05,9,2026-06-29 19:55:28.785547+00:00
256,652,CHECKING,2025-06-29,2026-06-29,66,49.0,11.0,6.0,14210.21,9830.66,192.75,290.0042857142857,893.6963636363637,8394.68,8617.13,34,RESTAURANT,13.64,30.3,19.7,16.67,2,2026-06-29 19:55:28.785547+00:00
256,653,LOAN,2025-06-29,2026-06-29,34,16.0,17.0,1.0,2031.51,2103.12,26.08,126.969375,123.7129411764706,277.44,321.11,14,GROCERY,26.47,23.53,20.59,17.65,16,2026-06-29 19:55:28.785547+00:00
256,655,SAVINGS,2025-06-29,2026-06-29,23,17.0,3.0,3.0,11564.79,317.98,68.92,680.2817647058823,105.99333333333334,9779.54,114.62,16,GAS_STATION,13.04,39.13,21.74,17.39,14,2026-06-29 19:55:28.785547+00:00
262,665,LOAN,2025-06-29,2026-06-29,32,10.0,18.0,4.0,22445.57,1576.78,110.03,2244.557,87.5988888888889,11490.57,219.79,10,GAS_STATION,12.5,34.38,25.0,18.75,41,2026-06-29 19:55:28.785547+00:00
276,699,CHECKING,2025-06-29,2026-06-29,57,30.0,24.0,3.0,13403.6,12085.55,52.73,446.7866666666667,503.56458333333336,10260.73,8421.97,24,ENTERTAINMENT,22.81,19.3,22.81,19.3,10,2026-06-29 19:55:28.785547+00:00
278,702,CHECKING,2025-06-29,2026-06-29,35,24.0,9.0,2.0,2805.1,1063.83,30.1,116.87916666666666,118.20333333333333,376.3,200.33,21,RESTAURANT,14.29,34.29,14.29,20.0,2,2026-06-29 19:55:28.785547+00:00
282,712,SAVINGS,2025-06-29,2026-06-29,57,43.0,10.0,4.0,9924.13,9498.15,104.74,230.79372093023255,949.815,5279.19,8195.7,37,HEALTHCARE,17.54,33.33,19.3,21.05,1,2026-06-29 19:55:28.785547+00:00
283,716,CREDIT,2025-06-29,2026-06-29,45,12.0,28.0,5.0,1260.51,3480.44,178.4,105.0425,124.30142857142857,218.67,315.33,12,RETAIL,26.67,24.44,22.22,22.22,2,2026-06-29 19:55:28.785547+00:00
289,731,SAVINGS,2025-06-29,2026-06-29,67,40.0,22.0,5.0,32270.21,2976.48,157.17,806.75525,135.29454545454544,11649.58,366.08,31,RETAIL,17.91,34.33,20.9,14.93,1,2026-06-29 19:55:28.785547+00:00
293,744,SAVINGS,2025-06-29,2026-06-29,39,24.0,12.0,3.0,2586.78,1380.47,59.72,107.7825,115.03916666666667,231.28,226.05,20,GROCERY,10.26,30.77,15.38,20.51,3,2026-06-29 19:55:28.785547+00:00
297,760,CREDIT,2025-06-29,2026-06-29,14,5.0,7.0,2.0,321.25,1412.38,47.96,64.25,201.76857142857142,146.92,459.5,5,TRAVEL,14.29,7.14,28.57,28.57,14,2026-06-29 19:55:28.785547+00:00
298,761,CREDIT,2025-06-29,2026-06-29,72,28.0,37.0,7.0,3651.74,4662.0,239.06,130.4192857142857,126.0,298.03,256.81,24,GROCERY,11.11,38.89,20.83,13.89,0,2026-06-29 19:55:28.785547+00:00
307,778,SAVINGS,2025-06-29,2026-06-29,59,40.0,15.0,4.0,15916.75,1384.7,116.2,397.91875,92.31333333333333,10376.7,211.03,27,UTILITIES,11.86,32.2,18.64,18.64,1,2026-06-29 19:55:28.785547+00:00
310,783,LOAN,2025-06-29,2026-06-29,27,10.0,14.0,3.0,1362.75,11843.41,91.04,136.275,845.9578571428572,227.42,10421.21,10,GAS_STATION,18.52,33.33,25.93,14.81,14,2026-06-29 19:55:28.785547+00:00
310,785,CHECKING,2025-06-29,2026-06-29,16,8.0,6.0,2.0,1277.26,9889.17,47.79,159.6575,1648.195,287.31,9520.45,7,UTILITIES,18.75,37.5,6.25,25.0,41,2026-06-29 19:55:28.785547+00:00
317,806,CREDIT,2025-06-29,2026-06-29,63,29.0,29.0,5.0,3351.16,12305.29,108.49,115.55724137931034,424.3203448275862,333.91,8779.49,24,INSURANCE,14.29,23.81,26.98,19.05,2,2026-06-29 19:55:28.785547+00:00
321,816,LOAN,2025-06-29,2026-06-29,46,17.0,25.0,4.0,1954.2,3150.89,115.25,114.95294117647059,126.0356,281.17,277.74,16,RETAIL,8.7,41.3,26.09,10.87,18,2026-06-29 19:55:28.785547+00:00
333,835,LOAN,2025-06-29,2026-06-29,54,23.0,25.0,6.0,18364.42,3980.8,157.77,798.4530434782608,159.232,8936.06,499.83,19,HEALTHCARE,18.52,24.07,25.93,16.67,12,2026-06-29 19:55:28.785547+00:00
336,843,SAVINGS,2025-06-29,2026-06-29,48,29.0,12.0,7.0,11901.39,10497.07,164.91,410.3927586206897,874.7558333333334,8800.33,8720.87,27,INSURANCE,12.5,31.25,22.92,16.67,14,2026-06-29 19:55:28.785547+00:00
350,871,CHECKING,2025-06-29,2026-06-29,67,39.0,24.0,4.0,5173.36,2685.31,78.68,132.65025641025642,111.88791666666667,387.78,361.87,33,GROCERY,29.85,31.34,13.43,10.45,0,2026-06-29 19:55:28.785547+00:00
351,874,CHECKING,2025-06-29,2026-06-29,30,20.0,7.0,3.0,12204.5,637.84,77.56,610.225,91.12,10228.2,141.09,18,GAS_STATION,13.33,13.33,36.67,13.33,1,2026-06-29 19:55:28.785547+00:00
352,880,SAVINGS,2025-06-29,2026-06-29,67,42.0,21.0,4.0,16805.08,7919.22,142.53,400.12095238095236,377.10571428571427,11012.03,5960.04,37,ENTERTAINMENT,7.46,29.85,23.88,25.37,0,2026-06-29 19:55:28.785547+00:00
356,889,SAVINGS,2025-06-29,2026-06-29,45,28.0,12.0,5.0,15304.48,20255.62,129.51,546.5885714285714,1687.9683333333332,12030.48,10379.32,24,RETAIL,20.0,28.89,24.44,22.22,6,2026-06-29 19:55:28.785547+00:00
357,890,CHECKING,2025-06-29,2026-06-29,35,21.0,9.0,5.0,7792.59,885.25,136.08,371.0757142857143,98.36111111111111,5415.65,235.43,17,GROCERY,11.43,22.86,28.57,17.14,14,2026-06-29 19:55:28.785547+00:00
359,898,CREDIT,2025-06-29,2026-06-29,15,5.0,9.0,1.0,918.46,7002.78,36.52,183.692,778.0866666666667,248.83,5744.12,5,GROCERY,20.0,20.0,20.0,20.0,36,2026-06-29 19:55:28.785547+00:00
363,909,LOAN,2025-06-29,2026-06-29,53,19.0,26.0,8.0,2284.64,21996.21,216.53,120.24421052631578,846.0080769230769,497.43,10837.5,19,GROCERY,15.09,26.42,22.64,11.32,4,2026-06-29 19:55:28.785547+00:00
364,911,SAVINGS,2025-06-29,2026-06-29,73,48.0,19.0,6.0,16493.7,1943.14,154.35,343.61875,102.27052631578947,10602.78,214.92,42,RESTAURANT,21.92,20.55,26.03,15.07,2,2026-06-29 19:55:28.785547+00:00
365,914,CREDIT,2025-06-29,2026-06-29,57,22.0,31.0,4.0,9989.25,13310.85,120.42,454.0568181818182,429.3822580645161,7754.71,9940.61,20,GAS_STATION,15.79,29.82,17.54,21.05,11,2026-06-29 19:55:28.785547+00:00
366,917,CREDIT,2025-06-29,2026-06-29,64,32.0,28.0,4.0,29518.48,18042.25,111.27,922.4525,644.3660714285714,11772.14,7557.26,24,RESTAURANT,10.94,31.25,21.88,21.88,16,2026-06-29 19:55:28.785547+00:00
372,931,LOAN,2025-06-29,2026-06-29,25,11.0,13.0,1.0,1333.75,1672.0,40.35,121.25,128.6153846153846,192.93,329.69,10,RESTAURANT,12.0,52.0,8.0,16.0,11,2026-06-29 19:55:28.785547+00:00
377,942,CHECKING,2025-06-29,2026-06-29,33,19.0,11.0,3.0,8826.19,1309.2,61.53,464.5363157894737,119.01818181818182,7115.26,298.34,17,INSURANCE,30.3,27.27,9.09,9.09,9,2026-06-29 19:55:28.785547+00:00
377,943,CREDIT,2025-06-29,2026-06-29,73,28.0,39.0,6.0,10674.43,26005.06,192.95,381.22964285714284,666.7964102564102,8318.37,11094.26,24,HEALTHCARE,15.07,31.51,17.81,12.33,2,2026-06-29 19:55:28.785547+00:00
382,956,CREDIT,2025-06-29,2026-06-29,52,17.0,29.0,6.0,2586.93,24097.68,157.41,152.17235294117648,830.9544827586207,332.91,10970.46,15,RESTAURANT,17.31,42.31,19.23,15.38,0,2026-06-29 19:55:28.785547+00:00
383,958,SAVINGS,2025-06-29,2026-06-29,29,18.0,10.0,1.0,2336.59,9991.12,17.32,129.81055555555557,999.112,384.51,8747.27,15,RETAIL,17.24,27.59,31.03,13.79,12,2026-06-29 19:55:28.785547+00:00
387,966,CREDIT,2025-06-29,2026-06-29,45,18.0,25.0,2.0,8160.15,12651.69,60.12,453.34166666666664,506.0676,6495.11,9653.81,14,GROCERY,24.44,28.89,20.0,17.78,3,2026-06-29 19:55:28.785547+00:00
390,973,CREDIT,2025-06-29,2026-06-29,45,14.0,25.0,6.0,7170.94,23179.84,213.02,512.21,927.1936,5898.73,10215.05,12,TRAVEL,24.44,20.0,26.67,13.33,5,2026-06-29 19:55:28.785547+00:00
392,979,SAVINGS,2025-06-29,2026-06-29,48,30.0,17.0,1.0,23585.03,2466.24,31.94,786.1676666666667,145.07294117647058,11652.24,336.57,25,UTILITIES,18.75,14.58,31.25,20.83,0,2026-06-29 19:55:28.785547+00:00
392,980,CREDIT,2025-06-29,2026-06-29,43,21.0,19.0,3.0,3092.48,13321.71,88.97,147.26095238095238,701.1426315789473,381.29,11160.6,20,RESTAURANT,18.6,37.21,13.95,20.93,12,2026-06-29 19:55:28.785547+00:00
393,982,CHECKING,2025-06-29,2026-06-29,73,45.0,21.0,7.0,14212.34,2494.13,179.37,315.8297777777778,118.76809523809524,8506.2,379.6,37,TRAVEL,21.92,28.77,21.92,15.07,1,2026-06-29 19:55:28.785547+00:00
395,987,CREDIT,2025-06-29,2026-06-29,40,15.0,21.0,4.0,8855.95,16289.4,138.28,590.3966666666666,775.6857142857143,7178.71,7865.49,14,GAS_STATION,10.0,37.5,20.0,15.0,6,2026-06-29 19:55:28.785547+00:00
399,996,SAVINGS,2025-06-29,2026-06-29,59,34.0,18.0,7.0,4785.6,2858.46,187.83,140.75294117647059,158.80333333333334,269.56,388.62,24,GROCERY,32.2,27.12,11.86,13.56,7,2026-06-29 19:55:28.785547+00:00
400,998,CHECKING,2025-06-29,2026-06-29,30,18.0,12.0,0.0,12864.21,1529.37,0.0,714.6783333333333,127.4475,10718.22,243.88,16,GROCERY,16.67,33.33,13.33,20.0,36,2026-06-29 19:55:28.785547+00:00
405,1011,CREDIT,2025-06-29,2026-06-29,54,27.0,24.0,3.0,3011.75,2798.68,81.89,111.54629629629629,116.61166666666666,529.62,367.1,25,GAS_STATION,11.11,31.48,25.93,18.52,6,2026-06-29 19:55:28.785547+00:00
410,1024,CREDIT,2025-06-29,2026-06-29,26,9.0,14.0,3.0,1093.19,2242.94,103.94,121.46555555555555,160.21,400.67,420.31,8,GAS_STATION,30.77,26.92,19.23,11.54,11,2026-06-29 19:55:28.785547+00:00
411,1026,CREDIT,2025-06-29,2026-06-29,34,14.0,18.0,2.0,1285.39,2268.59,73.47,91.81357142857142,126.03277777777778,182.53,406.33,13,GROCERY,20.59,14.71,23.53,23.53,43,2026-06-29 19:55:28.785547+00:00
412,1029,SAVINGS,2025-06-29,2026-06-29,56,31.0,22.0,3.0,4704.1,13516.99,49.19,151.74516129032259,614.4086363636363,428.2,10559.84,24,GROCERY,12.5,35.71,28.57,10.71,20,2026-06-29 19:55:28.785547+00:00
415,1037,SAVINGS,2025-06-29,2026-06-29,16,13.0,2.0,1.0,1652.14,336.45,22.21,127.08769230769231,168.225,320.88,196.61,12,GROCERY,25.0,25.0,12.5,25.0,0,2026-06-29 19:55:28.785547+00:00
417,1042,LOAN,2025-06-29,2026-06-29,21,5.0,15.0,1.0,5553.25,1721.02,33.77,1110.65,114.73466666666667,5163.01,203.74,5,RESTAURANT,14.29,9.52,38.1,19.05,2,2026-06-29 19:55:28.785547+00:00
422,1051,CREDIT,2025-06-29,2026-06-29,66,22.0,43.0,1.0,10481.3,11540.49,13.04,476.4227272727273,268.38348837209304,7732.72,5908.07,19,HEALTHCARE,24.24,28.79,16.67,16.67,3,2026-06-29 19:55:28.785547+00:00
422,1052,CHECKING,2025-06-29,2026-06-29,31,25.0,5.0,1.0,8390.72,396.29,15.84,335.6288,79.258,5353.4,108.37,20,GROCERY,9.68,22.58,29.03,9.68,10,2026-06-29 19:55:28.785547+00:00
428,1062,SAVINGS,2025-06-29,2026-06-29,68,43.0,17.0,8.0,4947.18,2033.74,230.51,115.0506976744186,119.63176470588235,379.44,345.48,32,GROCERY,25.0,26.47,20.59,14.71,2,2026-06-29 19:55:28.785547+00:00
429,1068,CHECKING,2025-06-29,2026-06-29,25,13.0,8.0,4.0,1563.02,1065.01,115.31,120.23230769230769,133.12625,357.89,347.36,12,TRAVEL,12.0,28.0,12.0,28.0,2,2026-06-29 19:55:28.785547+00:00
430,1071,CHECKING,2025-06-29,2026-06-29,48,33.0,12.0,3.0,3739.52,10961.58,55.26,113.31878787878787,913.465,441.79,8989.39,28,HEALTHCARE,20.83,35.42,12.5,12.5,9,2026-06-29 19:55:28.785547+00:00
432,1076,CHECKING,2025-06-29,2026-06-29,54,37.0,15.0,2.0,5206.82,10456.28,64.85,140.72486486486486,697.0853333333333,355.48,9077.51,29,GROCERY,20.37,27.78,14.81,16.67,1,2026-06-29 19:55:28.785547+00:00
433,1080,CREDIT,2025-06-29,2026-06-29,63,23.0,35.0,5.0,15123.35,4214.79,152.09,657.5369565217392,120.42257142857143,12043.56,435.53,20,RETAIL,17.46,41.27,19.05,14.29,2,2026-06-29 19:55:28.785547+00:00
435,1083,SAVINGS,2025-06-29,2026-06-29,48,32.0,14.0,2.0,11654.46,1675.81,69.12,364.201875,119.70071428571428,7274.83,264.44,24,RESTAURANT,20.83,16.67,18.75,25.0,1,2026-06-29 19:55:28.785547+00:00
438,1091,LOAN,2025-06-29,2026-06-29,43,21.0,19.0,3.0,13112.69,2180.65,97.97,624.4138095238095,114.77105263157895,10750.89,316.55,19,GAS_STATION,27.91,34.88,4.65,18.6,6,2026-06-29 19:55:28.785547+00:00
439,1094,CHECKING,2025-06-29,2026-06-29,30,24.0,5.0,1.0,14394.72,8142.3,28.74,599.78,1628.46,11995.29,7539.15,20,UTILITIES,13.33,33.33,23.33,13.33,44,2026-06-29 19:55:28.785547+00:00
442,1099,LOAN,2025-06-29,2026-06-29,68,26.0,34.0,8.0,11291.61,20397.9,211.46,434.29269230769233,599.9382352941177,8266.3,9479.98,23,RESTAURANT,16.18,25.0,26.47,19.12,0,2026-06-29 19:55:28.785547+00:00
443,1103,CHECKING,2025-06-29,2026-06-29,23,13.0,8.0,2.0,12219.45,830.83,50.03,939.9576923076924,103.85375,10694.44,240.2,11,GROCERY,8.7,17.39,30.43,30.43,26,2026-06-29 19:55:28.785547+00:00
446,1106,CREDIT,2025-06-29,2026-06-29,57,18.0,31.0,8.0,2819.96,13745.87,157.38,156.66444444444446,443.4151612903226,385.41,9358.6,16,RESTAURANT,17.54,31.58,17.54,17.54,1,2026-06-29 19:55:28.785547+00:00
451,1121,LOAN,2025-06-29,2026-06-29,22,8.0,12.0,2.0,688.05,7717.12,52.02,86.00625,643.0933333333334,215.34,5872.02,7,RESTAURANT,31.82,27.27,13.64,13.64,1,2026-06-29 19:55:28.785547+00:00
456,1136,CREDIT,2025-06-29,2026-06-29,16,7.0,9.0,0.0,12068.66,1088.6,0.0,1724.0942857142857,120.95555555555555,11562.61,322.81,7,GAS_STATION,12.5,25.0,25.0,18.75,16,2026-06-29 19:55:28.785547+00:00
465,1160,LOAN,2025-06-29,2026-06-29,67,25.0,37.0,5.0,19769.07,10063.15,144.95,790.7628,271.977027027027,11615.92,5577.9,20,GROCERY,17.91,28.36,25.37,16.42,1,2026-06-29 19:55:28.785547+00:00
465,1161,SAVINGS,2025-06-29,2026-06-29,65,45.0,15.0,5.0,18831.94,20228.38,166.2,418.48755555555556,1348.5586666666666,6866.24,10401.6,34,GAS_STATION,21.54,29.23,21.54,15.38,7,2026-06-29 19:55:28.785547+00:00
467,1170,SAVINGS,2025-06-29,2026-06-29,51,35.0,13.0,3.0,15087.48,1408.58,86.72,431.07085714285716,108.35230769230769,10842.23,217.25,25,HEALTHCARE,17.65,31.37,19.61,21.57,9,2026-06-29 19:55:28.785547+00:00
468,1172,LOAN,2025-06-29,2026-06-29,40,19.0,21.0,0.0,2465.06,3049.46,0.0,129.74,145.21238095238095,385.4,519.75,17,GAS_STATION,20.0,32.5,12.5,25.0,3,2026-06-29 19:55:28.785547+00:00
470,1174,CHECKING,2025-06-29,2026-06-29,14,9.0,4.0,1.0,1005.69,806.45,43.5,111.74333333333334,201.6125,263.52,250.82,7,RESTAURANT,7.14,21.43,42.86,14.29,18,2026-06-29 19:55:28.785547+00:00
474,1185,CREDIT,2025-06-29,2026-06-29,32,12.0,16.0,4.0,20159.94,11773.72,126.54,1679.995,735.8575,11205.04,10113.84,11,INSURANCE,18.75,31.25,28.13,6.25,29,2026-06-29 19:55:28.785547+00:00
479,1193,CREDIT,2025-06-29,2026-06-29,17,7.0,9.0,1.0,1295.7,1136.99,40.63,185.1,126.33222222222223,373.91,306.08,6,HEALTHCARE,11.76,29.41,11.76,23.53,21,2026-06-29 19:55:28.785547+00:00
479,1195,CHECKING,2025-06-29,2026-06-29,70,50.0,16.0,4.0,17319.44,12031.91,87.78,346.3888,751.994375,6514.94,10678.67,39,GAS_STATION,20.0,30.0,18.57,17.14,0,2026-06-29 19:55:28.785547+00:00
480,1199,LOAN,2025-06-29,2026-06-29,46,19.0,25.0,2.0,2195.16,3396.24,61.13,115.53473684210526,135.8496,268.05,461.22,16,RETAIL,15.22,28.26,21.74,23.91,2,2026-06-29 19:55:28.785547+00:00
488,1218,SAVINGS,2025-06-29,2026-06-29,29,20.0,6.0,3.0,2070.36,525.56,69.98,103.518,87.59333333333333,296.58,151.47,20,RETAIL,17.24,27.59,20.69,24.14,2,2026-06-29 19:55:28.785547+00:00
489,1219,CHECKING,2025-06-29,2026-06-29,18,13.0,4.0,1.0,1804.55,512.91,37.83,138.81153846153848,128.2275,401.08,216.38,11,PAWN_SHOP,11.11,27.78,22.22,33.33,1,2026-06-29 19:55:28.785547+00:00
490,1225,SAVINGS,2025-06-29,2026-06-29,19,13.0,4.0,2.0,1724.9,269.49,39.41,132.6846153846154,67.3725,371.92,138.81,10,GROCERY,36.84,21.05,21.05,15.79,22,2026-06-29 19:55:28.785547+00:00
494,1237,SAVINGS,2025-06-29,2026-06-29,59,42.0,14.0,3.0,14353.33,1386.37,105.12,341.74595238095236,99.02642857142857,9301.19,173.66,32,TRAVEL,16.95,49.15,6.78,15.25,5,2026-06-29 19:55:28.785547+00:00
496,1245,SAVINGS,2025-06-29,2026-06-29,45,28.0,14.0,3.0,3654.63,9634.41,86.39,130.5225,688.1721428571428,338.52,8101.37,24,GAS_STATION,22.22,22.22,20.0,26.67,11,2026-06-29 19:55:28.785547+00:00
500,1256,LOAN,2025-06-29,2026-06-29,33,14.0,17.0,2.0,1588.62,2233.35,55.9,113.47285714285714,131.3735294117647,217.93,262.22,13,RESTAURANT,12.12,33.33,15.15,27.27,3,2026-06-29 19:55:28.785547+00:00
2,6,LOAN,2025-06-29,2026-06-29,29,12.0,14.0,3.0,1959.35,8879.12,105.73,163.27916666666667,634.2228571428572,343.91,7624.96,9,GROCERY,20.69,24.14,20.69,24.14,0,2026-06-29 19:55:28.785547+00:00
3,8,LOAN,2025-06-29,2026-06-29,70,30.0,38.0,2.0,3722.91,11200.9,45.97,124.097,294.7605263157895,306.51,6516.9,28,GROCERY,22.86,38.57,14.29,12.86,8,2026-06-29 19:55:28.785547+00:00
4,12,CREDIT,2025-06-29,2026-06-29,64,27.0,33.0,4.0,2659.21,25329.35,113.91,98.48925925925926,767.5560606060606,355.25,9928.21,24,GAS_STATION,28.13,28.13,18.75,7.81,4,2026-06-29 19:55:28.785547+00:00
6,14,CHECKING,2025-06-29,2026-06-29,30,16.0,9.0,5.0,11711.33,1483.98,127.75,731.958125,164.88666666666666,9755.73,339.88,14,GAS_STATION,16.67,36.67,13.33,26.67,9,2026-06-29 19:55:28.785547+00:00
6,15,SAVINGS,2025-06-29,2026-06-29,70,43.0,24.0,3.0,17282.64,2981.94,73.63,401.92186046511625,124.2475,10945.88,534.53,34,GAS_STATION,17.14,30.0,24.29,18.57,0,2026-06-29 19:55:28.785547+00:00
7,18,CREDIT,2025-06-29,2026-06-29,24,6.0,17.0,1.0,586.73,2056.99,35.09,97.78833333333333,120.99941176470588,144.2,298.29,5,GROCERY,20.83,20.83,33.33,20.83,3,2026-06-29 19:55:28.785547+00:00
9,23,CREDIT,2025-06-29,2026-06-29,53,25.0,25.0,3.0,2547.53,3656.53,95.84,101.9012,146.2612,265.92,343.14,22,RESTAURANT,22.64,22.64,15.09,22.64,9,2026-06-29 19:55:28.785547+00:00
12,29,CREDIT,2025-06-29,2026-06-29,32,13.0,16.0,3.0,2490.71,1606.34,85.71,191.59307692307692,100.39625,371.28,295.7,11,RESTAURANT,9.38,43.75,12.5,18.75,0,2026-06-29 19:55:28.785547+00:00
17,50,CREDIT,2025-06-29,2026-06-29,46,19.0,25.0,2.0,2236.01,11968.85,42.74,117.68473684210527,478.754,343.58,8970.92,17,RESTAURANT,17.39,30.43,23.91,21.74,0,2026-06-29 19:55:28.785547+00:00
18,53,LOAN,2025-06-29,2026-06-29,65,20.0,40.0,5.0,2311.15,4510.62,110.35,115.5575,112.7655,265.77,355.91,16,GROCERY,21.54,36.92,10.77,15.38,4,2026-06-29 19:55:28.785547+00:00
21,57,SAVINGS,2025-06-29,2026-06-29,18,14.0,3.0,1.0,1791.05,245.38,28.43,127.93214285714286,81.79333333333334,231.27,128.08,14,GROCERY,27.78,33.33,0.0,22.22,34,2026-06-29 19:55:28.785547+00:00
22,60,LOAN,2025-06-29,2026-06-29,38,10.0,25.0,3.0,1076.89,11960.84,81.62,107.689,478.4336,308.16,9843.26,8,GAS_STATION,28.95,23.68,21.05,18.42,0,2026-06-29 19:55:28.785547+00:00
24,66,CREDIT,2025-06-29,2026-06-29,35,17.0,16.0,2.0,1900.96,1632.01,63.11,111.82117647058824,102.000625,482.89,231.31,16,GROCERY,14.29,28.57,20.0,17.14,6,2026-06-29 19:55:28.785547+00:00
25,67,CREDIT,2025-06-29,2026-06-29,66,31.0,30.0,5.0,3367.16,10809.99,160.81,108.61806451612904,360.333,267.82,6717.41,25,UTILITIES,18.18,33.33,22.73,16.67,8,2026-06-29 19:55:28.785547+00:00
33,88,CHECKING,2025-06-29,2026-06-29,41,25.0,15.0,1.0,10390.78,1569.3,22.25,415.6312,104.62,6801.55,287.88,20,GROCERY,19.51,29.27,7.32,17.07,33,2026-06-29 19:55:28.785547+00:00
38,100,LOAN,2025-06-29,2026-06-29,29,10.0,19.0,0.0,1530.42,2558.13,0.0,153.042,134.63842105263157,389.25,273.24,8,GAS_STATION,13.79,20.69,34.48,27.59,7,2026-06-29 19:55:28.785547+00:00
39,104,SAVINGS,2025-06-29,2026-06-29,38,26.0,8.0,4.0,12223.8,1130.38,114.42,470.1461538461538,141.2975,8369.21,276.97,23,UTILITIES,10.53,26.32,21.05,18.42,8,2026-06-29 19:55:28.785547+00:00
41,109,SAVINGS,2025-06-29,2026-06-29,28,17.0,9.0,2.0,14806.3,11732.86,44.23,870.9588235294118,1303.651111111111,11729.89,10788.11,16,EDUCATION,32.14,28.57,17.86,14.29,7,2026-06-29 19:55:28.785547+00:00
42,111,CREDIT,2025-06-29,2026-06-29,35,15.0,16.0,4.0,12693.02,1554.23,141.34,846.2013333333333,97.139375,6277.16,229.93,14,RESTAURANT,14.29,31.43,25.71,22.86,8,2026-06-29 19:55:28.785547+00:00
45,117,CREDIT,2025-06-29,2026-06-29,52,23.0,21.0,8.0,3213.21,21793.7,238.97,139.70478260869567,1037.7952380952381,502.58,10078.72,19,HEALTHCARE,17.31,30.77,25.0,19.23,4,2026-06-29 19:55:28.785547+00:00
51,128,LOAN,2025-06-29,2026-06-29,56,20.0,29.0,7.0,8787.93,15716.07,203.77,439.3965,541.933448275862,6828.39,11606.78,19,RETAIL,21.43,37.5,16.07,14.29,17,2026-06-29 19:55:28.785547+00:00
60,153,LOAN,2025-06-29,2026-06-29,51,18.0,27.0,6.0,11706.1,22334.58,143.58,650.3388888888888,827.2066666666667,9474.14,11387.78,16,RESTAURANT,19.61,31.37,17.65,13.73,0,2026-06-29 19:55:28.785547+00:00
68,172,SAVINGS,2025-06-29,2026-06-29,17,10.0,6.0,1.0,7616.26,820.11,37.58,761.626,136.685,6144.94,405.71,8,HEALTHCARE,5.88,35.29,11.76,29.41,70,2026-06-29 19:55:28.785547+00:00
70,175,LOAN,2025-06-29,2026-06-29,61,24.0,33.0,4.0,4591.13,3764.66,125.89,191.29708333333335,114.08060606060606,692.57,284.38,22,RETAIL,11.48,29.51,22.95,22.95,2,2026-06-29 19:55:28.785547+00:00
72,179,LOAN,2025-06-29,2026-06-29,22,10.0,7.0,5.0,1064.57,990.22,118.14,106.457,141.46,357.39,328.2,10,TRAVEL,4.55,40.91,31.82,22.73,20,2026-06-29 19:55:28.785547+00:00
75,188,LOAN,2025-06-29,2026-06-29,65,30.0,32.0,3.0,2851.23,11120.05,60.69,95.041,347.5015625,222.12,7618.48,23,GROCERY,18.46,26.15,16.92,21.54,2,2026-06-29 19:55:28.785547+00:00
76,192,CHECKING,2025-06-29,2026-06-29,27,19.0,7.0,1.0,1796.42,777.64,11.19,94.54842105263158,111.09142857142857,166.59,137.73,18,GROCERY,14.81,37.04,18.52,18.52,11,2026-06-29 19:55:28.785547+00:00
81,203,CREDIT,2025-06-29,2026-06-29,74,29.0,40.0,5.0,3429.07,34133.67,149.18,118.24379310344827,853.34175,325.35,11767.23,23,TRAVEL,18.92,25.68,25.68,17.57,2,2026-06-29 19:55:28.785547+00:00
85,219,CHECKING,2025-06-29,2026-06-29,21,11.0,8.0,2.0,10767.85,596.9,68.71,978.8954545454545,74.6125,9061.97,138.8,11,HEALTHCARE,14.29,33.33,33.33,14.29,28,2026-06-29 19:55:28.785547+00:00
86,220,SAVINGS,2025-06-29,2026-06-29,15,10.0,3.0,2.0,836.04,195.15,77.41,83.604,65.05,219.22,106.71,10,GROCERY,6.67,26.67,40.0,6.67,2,2026-06-29 19:55:28.785547+00:00
87,223,CREDIT,2025-06-29,2026-06-29,51,18.0,26.0,7.0,12755.48,13346.58,190.49,708.6377777777777,513.33,11090.14,10151.16,17,RETAIL,17.65,27.45,23.53,17.65,5,2026-06-29 19:55:28.785547+00:00
91,234,CREDIT,2025-06-29,2026-06-29,49,26.0,18.0,5.0,3594.93,14021.57,128.13,138.26653846153846,778.9761111111111,324.57,11439.17,22,GAS_STATION,10.2,42.86,22.45,16.33,13,2026-06-29 19:55:28.785547+00:00
93,241,SAVINGS,2025-06-29,2026-06-29,35,19.0,8.0,8.0,21483.32,1094.68,206.12,1130.701052631579,136.835,11466.86,268.08,18,GROCERY,14.29,34.29,25.71,20.0,9,2026-06-29 19:55:28.785547+00:00
94,243,CHECKING,2025-06-29,2026-06-29,53,34.0,17.0,2.0,3578.48,2793.1,48.61,105.24941176470588,164.3,464.26,293.97,30,GROCERY,20.75,24.53,22.64,18.87,0,2026-06-29 19:55:28.785547+00:00
97,247,LOAN,2025-06-29,2026-06-29,26,8.0,13.0,5.0,1230.21,1780.55,177.71,153.77625,136.9653846153846,299.27,185.87,7,GROCERY,23.08,23.08,23.08,15.38,12,2026-06-29 19:55:28.785547+00:00
100,255,CREDIT,2025-06-29,2026-06-29,40,11.0,25.0,4.0,1262.01,11253.54,117.54,114.72818181818182,450.1416,206.02,8313.92,9,RESTAURANT,20.0,35.0,15.0,20.0,0,2026-06-29 19:55:28.785547+00:00
106,270,LOAN,2025-06-29,2026-06-29,52,8.0,37.0,7.0,1040.89,20970.93,199.28,130.11125,566.7818918918919,196.05,11432.28,8,RESTAURANT,21.15,25.0,17.31,25.0,2,2026-06-29 19:55:28.785547+00:00
113,287,LOAN,2025-06-29,2026-06-29,40,12.0,24.0,4.0,1501.05,11204.75,128.56,125.0875,466.8645833333333,268.22,8449.94,12,RESTAURANT,17.5,20.0,15.0,27.5,40,2026-06-29 19:55:28.785547+00:00
114,290,CHECKING,2025-06-29,2026-06-29,36,22.0,11.0,3.0,11218.8,1717.83,70.6,509.94545454545454,156.16636363636363,8432.73,296.33,18,HEALTHCARE,11.11,36.11,13.89,22.22,6,2026-06-29 19:55:28.785547+00:00
121,307,CREDIT,2025-06-29,2026-06-29,39,20.0,16.0,3.0,10578.05,12137.84,79.42,528.9025,758.615,8354.68,10245.82,15,ENTERTAINMENT,15.38,33.33,15.38,17.95,20,2026-06-29 19:55:28.785547+00:00
127,322,LOAN,2025-06-29,2026-06-29,33,8.0,22.0,3.0,1422.92,10268.83,69.66,177.865,466.765,407.76,7743.23,8,RETAIL,15.15,30.3,24.24,24.24,50,2026-06-29 19:55:28.785547+00:00
130,335,LOAN,2025-06-29,2026-06-29,23,8.0,11.0,4.0,902.71,1942.27,122.43,112.83875,176.57,158.9,554.57,7,RESTAURANT,4.35,39.13,17.39,26.09,15,2026-06-29 19:55:28.785547+00:00
131,337,LOAN,2025-06-29,2026-06-29,58,21.0,29.0,8.0,2482.47,25328.23,204.83,118.21285714285715,873.3872413793104,309.01,11149.31,20,EDUCATION,18.97,32.76,15.52,10.34,0,2026-06-29 19:55:28.785547+00:00
136,347,SAVINGS,2025-06-29,2026-06-29,19,11.0,7.0,1.0,6833.03,886.1,30.62,621.1845454545454,126.58571428571429,5353.88,252.41,10,TRAVEL,15.79,26.32,10.53,26.32,53,2026-06-29 19:55:28.785547+00:00
136,349,LOAN,2025-06-29,2026-06-29,56,22.0,26.0,8.0,7819.1,2845.28,219.92,355.4136363636364,109.43384615384615,5122.37,404.03,19,TRAVEL,17.86,32.14,16.07,23.21,2,2026-06-29 19:55:28.785547+00:00
138,353,SAVINGS,2025-06-29,2026-06-29,43,35.0,7.0,1.0,15471.63,6694.64,26.75,442.04657142857144,956.3771428571429,10973.13,6114.84,31,UTILITIES,6.98,44.19,25.58,13.95,6,2026-06-29 19:55:28.785547+00:00
139,355,CREDIT,2025-06-29,2026-06-29,46,25.0,20.0,1.0,14425.59,10814.13,31.43,577.0236,540.7065,11401.09,8798.42,23,ENTERTAINMENT,15.22,30.43,28.26,13.04,21,2026-06-29 19:55:28.785547+00:00
141,361,CHECKING,2025-06-29,2026-06-29,23,16.0,4.0,3.0,2352.88,545.8,74.57,147.055,136.45,324.7,219.0,12,RETAIL,8.7,21.74,30.43,26.09,7,2026-06-29 19:55:28.785547+00:00
141,362,LOAN,2025-06-29,2026-06-29,31,15.0,16.0,0.0,10516.83,2103.2,0.0,701.122,131.45,8562.58,307.72,13,GROCERY,22.58,25.81,29.03,19.35,3,2026-06-29 19:55:28.785547+00:00
142,364,SAVINGS,2025-06-29,2026-06-29,24,12.0,9.0,3.0,1850.46,1870.28,75.09,154.205,207.8088888888889,329.36,472.07,11,GROCERY,12.5,16.67,29.17,20.83,2,2026-06-29 19:55:28.785547+00:00
145,368,SAVINGS,2025-06-29,2026-06-29,57,37.0,15.0,5.0,11886.53,29724.38,137.02,321.25756756756755,1981.6253333333334,6976.24,10368.91,30,TRAVEL,15.79,21.05,22.81,24.56,10,2026-06-29 19:55:28.785547+00:00
146,370,SAVINGS,2025-06-29,2026-06-29,44,34.0,6.0,4.0,25589.35,699.36,92.3,752.6279411764706,116.56,9101.05,273.99,29,GAS_STATION,18.18,31.82,27.27,18.18,14,2026-06-29 19:55:28.785547+00:00
153,386,CREDIT,2025-06-29,2026-06-29,29,10.0,18.0,1.0,1442.4,10905.78,14.64,144.24,605.8766666666667,431.39,8730.52,10,RESTAURANT,13.79,37.93,0.0,20.69,2,2026-06-29 19:55:28.785547+00:00
154,390,CHECKING,2025-06-29,2026-06-29,35,24.0,8.0,3.0,12333.82,11350.12,108.33,513.9091666666667,1418.765,9675.58,10564.99,21,GROCERY,14.29,37.14,20.0,20.0,1,2026-06-29 19:55:28.785547+00:00
156,396,SAVINGS,2025-06-29,2026-06-29,50,34.0,11.0,5.0,4191.28,31237.58,150.65,123.27294117647058,2839.78,421.21,10809.75,27,RESTAURANT,20.0,28.0,24.0,20.0,34,2026-06-29 19:55:28.785547+00:00
157,397,CHECKING,2025-06-29,2026-06-29,16,10.0,6.0,0.0,863.24,349.67,0.0,86.324,58.278333333333336,197.62,106.44,10,GAS_STATION,18.75,37.5,6.25,25.0,25,2026-06-29 19:55:28.785547+00:00
158,398,CHECKING,2025-06-29,2026-06-29,50,32.0,10.0,8.0,11624.22,808.4,231.93,363.256875,80.84,7347.89,149.3,26,TRAVEL,20.0,36.0,18.0,12.0,43,2026-06-29 19:55:28.785547+00:00
158,399,SAVINGS,2025-06-29,2026-06-29,40,28.0,11.0,1.0,15066.16,1057.48,42.81,538.0771428571428,96.13454545454546,11992.53,186.55,28,TRAVEL,15.0,27.5,15.0,17.5,0,2026-06-29 19:55:28.785547+00:00
159,402,CREDIT,2025-06-29,2026-06-29,15,2.0,10.0,3.0,520.99,1291.5,81.0,260.495,129.15,281.8,213.78,2,GROCERY,13.33,40.0,13.33,13.33,89,2026-06-29 19:55:28.785547+00:00
161,407,CHECKING,2025-06-29,2026-06-29,23,19.0,4.0,0.0,10505.17,519.13,0.0,552.9036842105263,129.7825,8091.92,186.77,16,GROCERY,21.74,43.48,13.04,0.0,17,2026-06-29 19:55:28.785547+00:00
166,415,SAVINGS,2025-06-29,2026-06-29,63,41.0,18.0,4.0,5348.06,2144.33,85.02,130.44048780487805,119.12944444444445,385.85,379.74,33,TRAVEL,7.94,31.75,23.81,17.46,1,2026-06-29 19:55:28.785547+00:00
168,418,SAVINGS,2025-06-29,2026-06-29,45,28.0,13.0,4.0,11030.41,11181.3,89.8,393.9432142857143,860.1,7103.82,9159.18,23,UTILITIES,13.33,20.0,24.44,15.56,15,2026-06-29 19:55:28.785547+00:00
175,436,LOAN,2025-06-29,2026-06-29,58,25.0,29.0,4.0,23054.32,19486.73,108.1,922.1728,671.9562068965517,10140.52,8815.37,18,GAS_STATION,25.86,22.41,17.24,18.97,5,2026-06-29 19:55:28.785547+00:00
177,442,SAVINGS,2025-06-29,2026-06-29,49,29.0,15.0,5.0,3869.31,11620.37,156.72,133.42448275862068,774.6913333333333,476.34,9611.22,27,GROCERY,16.33,34.69,16.33,20.41,3,2026-06-29 19:55:28.785547+00:00
179,449,SAVINGS,2025-06-29,2026-06-29,44,33.0,7.0,4.0,3424.97,852.35,85.27,103.78696969696969,121.76428571428572,369.69,189.88,25,RETAIL,29.55,20.45,15.91,13.64,10,2026-06-29 19:55:28.785547+00:00
180,452,CREDIT,2025-06-29,2026-06-29,34,13.0,20.0,1.0,2056.31,14265.42,32.64,158.1776923076923,713.271,331.35,11731.72,12,GROCERY,20.59,17.65,23.53,14.71,24,2026-06-29 19:55:28.785547+00:00
181,457,LOAN,2025-06-29,2026-06-29,27,10.0,15.0,2.0,8903.56,9542.68,71.23,890.356,636.1786666666667,7176.25,7861.06,9,EDUCATION,18.52,22.22,29.63,14.81,2,2026-06-29 19:55:28.785547+00:00
182,460,CREDIT,2025-06-29,2026-06-29,19,7.0,12.0,0.0,967.02,1507.67,0.0,138.1457142857143,125.63916666666667,214.3,347.49,6,RETAIL,10.53,26.32,42.11,10.53,14,2026-06-29 19:55:28.785547+00:00
183,463,CHECKING,2025-06-29,2026-06-29,35,22.0,7.0,6.0,2020.56,928.73,176.05,91.84363636363636,132.6757142857143,194.43,358.42,22,GAS_STATION,11.43,37.14,25.71,11.43,9,2026-06-29 19:55:28.785547+00:00
184,464,LOAN,2025-06-29,2026-06-29,44,14.0,25.0,5.0,1846.78,19187.88,135.92,131.91285714285715,767.5152,254.66,8706.39,12,RETAIL,15.91,20.45,25.0,22.73,16,2026-06-29 19:55:28.785547+00:00
185,466,LOAN,2025-06-29,2026-06-29,36,17.0,16.0,3.0,20688.94,2234.37,72.02,1216.9964705882353,139.648125,11891.42,337.09,12,GROCERY,19.44,38.89,19.44,13.89,4,2026-06-29 19:55:28.785547+00:00
191,477,SAVINGS,2025-06-29,2026-06-29,35,23.0,9.0,3.0,2741.21,1271.08,51.65,119.18304347826087,141.23111111111112,330.95,335.25,21,RESTAURANT,17.14,37.14,14.29,20.0,13,2026-06-29 19:55:28.785547+00:00
193,482,CHECKING,2025-06-29,2026-06-29,36,23.0,11.0,2.0,2584.72,1256.27,46.59,112.37913043478261,114.20636363636363,218.12,341.99,22,GROCERY,8.33,30.56,33.33,13.89,2,2026-06-29 19:55:28.785547+00:00
196,489,CHECKING,2025-06-29,2026-06-29,20,14.0,4.0,2.0,31528.08,462.52,52.82,2252.0057142857145,115.63,11400.69,187.85,14,RETAIL,10.0,45.0,20.0,5.0,6,2026-06-29 19:55:28.785547+00:00
197,494,LOAN,2025-06-29,2026-06-29,54,20.0,30.0,4.0,2302.27,13871.76,71.1,115.1135,462.392,269.78,10244.05,15,RETAIL,14.81,29.63,16.67,24.07,0,2026-06-29 19:55:28.785547+00:00
201,507,LOAN,2025-06-29,2026-06-29,54,22.0,24.0,8.0,3134.71,10928.09,164.66,142.4868181818182,455.33708333333334,295.28,8466.28,18,RESTAURANT,22.22,20.37,20.37,12.96,6,2026-06-29 19:55:28.785547+00:00
210,529,SAVINGS,2025-06-29,2026-06-29,40,27.0,11.0,2.0,2829.47,10680.86,64.07,104.79518518518519,970.9872727272727,237.52,9058.5,19,GROCERY,20.0,27.5,22.5,10.0,0,2026-06-29 19:55:28.785547+00:00
212,535,SAVINGS,2025-06-29,2026-06-29,22,16.0,4.0,2.0,2710.75,660.04,36.61,169.421875,165.01,643.1,242.67,15,GAS_STATION,22.73,36.36,13.64,13.64,10,2026-06-29 19:55:28.785547+00:00
214,540,LOAN,2025-06-29,2026-06-29,46,12.0,32.0,2.0,11714.35,4055.54,53.78,976.1958333333333,126.735625,10484.23,391.28,11,HEALTHCARE,8.7,26.09,17.39,23.91,0,2026-06-29 19:55:28.785547+00:00
217,549,LOAN,2025-06-29,2026-06-29,44,16.0,22.0,6.0,1398.81,2269.47,146.62,87.425625,103.15772727272727,158.78,188.72,15,GROCERY,25.0,29.55,11.36,15.91,12,2026-06-29 19:55:28.785547+00:00
218,551,CREDIT,2025-06-29,2026-06-29,23,11.0,12.0,0.0,1304.64,1834.24,0.0,118.60363636363637,152.85333333333332,151.62,430.74,10,RESTAURANT,13.04,26.09,4.35,34.78,3,2026-06-29 19:55:28.785547+00:00
222,563,LOAN,2025-06-29,2026-06-29,44,15.0,22.0,7.0,20638.19,2201.57,199.09,1375.8793333333333,100.07136363636364,10583.77,219.63,12,TRAVEL,20.45,34.09,18.18,4.55,3,2026-06-29 19:55:28.785547+00:00
223,567,LOAN,2025-06-29,2026-06-29,55,20.0,35.0,0.0,8019.98,3929.46,0.0,400.999,112.27028571428572,6054.34,280.38,19,GAMBLING,18.18,25.45,23.64,20.0,0,2026-06-29 19:55:28.785547+00:00
224,570,SAVINGS,2025-06-29,2026-06-29,28,15.0,8.0,5.0,1832.27,746.1,130.34,122.15133333333333,93.2625,268.98,279.3,14,GAS_STATION,25.0,28.57,21.43,10.71,2,2026-06-29 19:55:28.785547+00:00
226,573,SAVINGS,2025-06-29,2026-06-29,53,33.0,19.0,1.0,3912.96,2605.25,38.78,118.57454545454546,137.1184210526316,279.79,348.01,27,GROCERY,24.53,26.42,15.09,15.09,1,2026-06-29 19:55:28.785547+00:00
229,582,CREDIT,2025-06-29,2026-06-29,47,14.0,31.0,2.0,2636.2,3744.0,62.74,188.3,120.7741935483871,434.85,244.45,14,RESTAURANT,17.02,36.17,14.89,17.02,10,2026-06-29 19:55:28.785547+00:00
231,589,SAVINGS,2025-06-29,2026-06-29,25,16.0,5.0,4.0,1763.39,798.42,94.08,110.211875,159.684,253.27,186.59,14,RESTAURANT,8.0,48.0,20.0,16.0,7,2026-06-29 19:55:28.785547+00:00
232,590,CHECKING,2025-06-29,2026-06-29,54,31.0,20.0,3.0,4344.11,2073.42,75.26,140.13258064516128,103.671,519.84,274.12,23,GAS_STATION,22.22,31.48,20.37,14.81,10,2026-06-29 19:55:28.785547+00:00
240,608,CREDIT,2025-06-29,2026-06-29,49,18.0,24.0,7.0,1710.64,3277.48,202.89,95.03555555555556,136.56166666666667,213.18,414.86,17,GROCERY,28.57,26.53,12.24,16.33,10,2026-06-29 19:55:28.785547+00:00
243,617,CREDIT,2025-06-29,2026-06-29,55,25.0,25.0,5.0,2971.32,21379.45,158.95,118.8528,855.178,324.68,10978.8,21,RESTAURANT,23.64,30.91,20.0,12.73,3,2026-06-29 19:55:28.785547+00:00
255,651,SAVINGS,2025-06-29,2026-06-29,27,15.0,9.0,3.0,1395.99,1523.34,70.2,93.066,169.26,316.77,308.22,14,GROCERY,22.22,22.22,18.52,25.93,15,2026-06-29 19:55:28.785547+00:00
264,671,CHECKING,2025-06-29,2026-06-29,65,39.0,18.0,8.0,13971.1,23248.54,249.78,358.23333333333335,1291.5855555555556,9102.24,12108.38,30,RESTAURANT,13.85,30.77,27.69,10.77,4,2026-06-29 19:55:28.785547+00:00
265,677,CHECKING,2025-06-29,2026-06-29,63,48.0,11.0,4.0,11154.16,8114.75,103.96,232.37833333333333,737.7045454545455,5900.22,6646.91,38,HEALTHCARE,19.05,31.75,11.11,19.05,11,2026-06-29 19:55:28.785547+00:00
267,679,SAVINGS,2025-06-29,2026-06-29,38,22.0,13.0,3.0,16923.06,10060.16,64.86,769.23,773.8584615384615,8318.34,8419.8,21,RESTAURANT,23.68,21.05,23.68,21.05,27,2026-06-29 19:55:28.785547+00:00
271,684,CREDIT,2025-06-29,2026-06-29,34,10.0,18.0,6.0,8979.73,11281.84,171.17,897.973,626.7688888888889,7856.37,8386.44,9,RESTAURANT,29.41,17.65,11.76,23.53,6,2026-06-29 19:55:28.785547+00:00
273,690,SAVINGS,2025-06-29,2026-06-29,64,39.0,21.0,4.0,16648.72,12935.6,78.31,426.8902564102564,615.9809523809524,6674.87,11342.14,30,GROCERY,17.19,17.19,29.69,12.5,0,2026-06-29 19:55:28.785547+00:00
274,694,LOAN,2025-06-29,2026-06-29,18,11.0,6.0,1.0,2026.06,628.35,39.6,184.18727272727273,104.725,431.38,174.46,9,UTILITIES,5.56,44.44,16.67,16.67,3,2026-06-29 19:55:28.785547+00:00
275,695,CREDIT,2025-06-29,2026-06-29,20,10.0,10.0,0.0,1484.07,1699.09,0.0,148.407,169.909,277.66,313.46,10,GROCERY,5.0,40.0,15.0,35.0,3,2026-06-29 19:55:28.785547+00:00
277,700,CREDIT,2025-06-29,2026-06-29,60,18.0,41.0,1.0,7828.28,12745.1,34.76,434.90444444444444,310.8560975609756,5992.89,7563.45,16,RESTAURANT,18.33,30.0,18.33,23.33,14,2026-06-29 19:55:28.785547+00:00
277,701,SAVINGS,2025-06-29,2026-06-29,47,32.0,12.0,3.0,34515.65,9028.53,99.89,1078.6140625,752.3775,11363.06,7498.07,27,HEALTHCARE,23.4,36.17,21.28,4.26,3,2026-06-29 19:55:28.785547+00:00
279,706,CREDIT,2025-06-29,2026-06-29,24,8.0,13.0,3.0,10504.13,1496.08,95.28,1313.01625,115.08307692307692,9348.85,293.45,8,GROCERY,16.67,41.67,8.33,20.83,22,2026-06-29 19:55:28.785547+00:00
282,710,LOAN,2025-06-29,2026-06-29,62,27.0,32.0,3.0,3177.45,11398.01,98.74,117.68333333333334,356.1878125,355.1,7242.42,25,ENTERTAINMENT,17.74,24.19,22.58,22.58,4,2026-06-29 19:55:28.785547+00:00
286,723,CHECKING,2025-06-29,2026-06-29,27,21.0,2.0,4.0,12808.74,274.06,79.4,609.94,137.03,10251.22,213.4,17,TRAVEL,7.41,37.04,22.22,22.22,29,2026-06-29 19:55:28.785547+00:00
290,734,CHECKING,2025-06-29,2026-06-29,72,48.0,18.0,6.0,13633.47,10664.38,165.44,284.030625,592.4655555555555,7964.52,8929.04,33,EDUCATION,13.89,38.89,25.0,9.72,1,2026-06-29 19:55:28.785547+00:00
291,737,CREDIT,2025-06-29,2026-06-29,52,17.0,32.0,3.0,11104.51,4449.28,57.2,653.2064705882353,139.04,9576.32,353.43,15,GAS_STATION,15.38,40.38,25.0,11.54,4,2026-06-29 19:55:28.785547+00:00
292,738,SAVINGS,2025-06-29,2026-06-29,40,26.0,10.0,4.0,9323.36,13026.92,90.9,358.59076923076924,1302.692,5564.65,11917.11,21,UTILITIES,17.5,27.5,37.5,10.0,0,2026-06-29 19:55:28.785547+00:00
296,754,SAVINGS,2025-06-29,2026-06-29,61,45.0,13.0,3.0,5278.46,1509.8,77.83,117.29911111111112,116.13846153846154,344.05,334.36,33,HEALTHCARE,16.39,37.7,26.23,18.03,1,2026-06-29 19:55:28.785547+00:00
307,777,LOAN,2025-06-29,2026-06-29,50,16.0,29.0,5.0,1875.11,3343.73,134.62,117.194375,115.30103448275862,244.58,312.48,15,GROCERY,22.0,38.0,16.0,8.0,7,2026-06-29 19:55:28.785547+00:00
310,784,CREDIT,2025-06-29,2026-06-29,36,15.0,14.0,7.0,12571.02,1906.47,206.92,838.068,136.17642857142857,11102.53,365.97,14,RESTAURANT,13.89,38.89,30.56,11.11,0,2026-06-29 19:55:28.785547+00:00
311,787,CREDIT,2025-06-29,2026-06-29,65,20.0,36.0,9.0,10567.44,16890.29,209.96,528.372,469.1747222222222,8210.09,7912.44,18,INSURANCE,18.46,36.92,18.46,9.23,5,2026-06-29 19:55:28.785547+00:00
312,791,CHECKING,2025-06-29,2026-06-29,61,44.0,15.0,2.0,14663.61,1263.12,21.97,333.2638636363636,84.208,8785.37,165.47,38,RETAIL,19.67,26.23,18.03,21.31,3,2026-06-29 19:55:28.785547+00:00
316,804,SAVINGS,2025-06-29,2026-06-29,59,34.0,15.0,10.0,11303.38,1944.48,299.07,332.45235294117646,129.632,5977.62,286.0,27,GROCERY,15.25,40.68,16.95,16.95,5,2026-06-29 19:55:28.785547+00:00
318,808,LOAN,2025-06-29,2026-06-29,64,25.0,34.0,5.0,11512.09,4460.9,164.15,460.4836,131.20294117647057,8433.54,333.57,19,RETAIL,12.5,23.44,25.0,17.19,2,2026-06-29 19:55:28.785547+00:00
323,819,CREDIT,2025-06-29,2026-06-29,69,31.0,32.0,6.0,32597.31,23932.71,128.02,1051.526129032258,747.8971875,10935.15,10907.5,23,GAS_STATION,17.39,34.78,24.64,11.59,1,2026-06-29 19:55:28.785547+00:00
324,822,CREDIT,2025-06-29,2026-06-29,37,21.0,13.0,3.0,2288.99,1842.34,72.94,108.99952380952381,141.71846153846153,255.66,430.12,20,ENTERTAINMENT,27.03,27.03,18.92,13.51,3,2026-06-29 19:55:28.785547+00:00
331,832,LOAN,2025-06-29,2026-06-29,19,12.0,7.0,0.0,1207.95,1162.02,0.0,100.6625,166.00285714285715,179.93,335.77,9,GROCERY,21.05,31.58,26.32,15.79,4,2026-06-29 19:55:28.785547+00:00
337,845,LOAN,2025-06-29,2026-06-29,21,10.0,11.0,0.0,1270.08,1275.15,0.0,127.008,115.92272727272727,477.15,284.83,9,GROCERY,33.33,23.81,4.76,23.81,45,2026-06-29 19:55:28.785547+00:00
339,851,SAVINGS,2025-06-29,2026-06-29,48,31.0,16.0,1.0,10642.84,1930.22,13.47,343.3174193548387,120.63875,6969.19,348.73,24,EDUCATION,20.83,29.17,14.58,18.75,7,2026-06-29 19:55:28.785547+00:00
340,852,SAVINGS,2025-06-29,2026-06-29,71,48.0,21.0,2.0,12507.54,11007.83,80.9,260.57375,524.182380952381,7680.77,8118.52,35,RESTAURANT,23.94,21.13,19.72,23.94,18,2026-06-29 19:55:28.785547+00:00
341,853,CHECKING,2025-06-29,2026-06-29,48,33.0,14.0,1.0,4405.23,1662.81,36.26,133.4918181818182,118.77214285714285,444.92,296.62,29,RESTAURANT,22.92,31.25,20.83,16.67,3,2026-06-29 19:55:28.785547+00:00
342,854,LOAN,2025-06-29,2026-06-29,37,16.0,17.0,4.0,1579.97,1889.81,102.51,98.748125,111.16529411764706,204.29,299.65,15,HEALTHCARE,13.51,27.03,29.73,13.51,2,2026-06-29 19:55:28.785547+00:00
343,858,CREDIT,2025-06-29,2026-06-29,37,15.0,17.0,5.0,7861.51,2069.57,166.14,524.1006666666667,121.73941176470588,5598.12,271.97,13,HEALTHCARE,16.22,29.73,24.32,16.22,8,2026-06-29 19:55:28.785547+00:00
347,866,SAVINGS,2025-06-29,2026-06-29,37,24.0,8.0,5.0,17906.93,6391.32,107.11,746.1220833333333,798.915,8936.2,5207.65,23,RESTAURANT,13.51,32.43,32.43,8.11,9,2026-06-29 19:55:28.785547+00:00
351,875,SAVINGS,2025-06-29,2026-06-29,19,9.0,10.0,0.0,1220.31,960.2,0.0,135.59,96.02,338.49,227.7,7,TRAVEL,21.05,31.58,31.58,10.53,32,2026-06-29 19:55:28.785547+00:00
352,878,CHECKING,2025-06-29,2026-06-29,72,44.0,25.0,3.0,11493.72,3483.32,99.15,261.2209090909091,139.3328,6248.35,414.68,33,UTILITIES,25.0,22.22,25.0,12.5,3,2026-06-29 19:55:28.785547+00:00
352,879,CREDIT,2025-06-29,2026-06-29,19,8.0,11.0,0.0,1367.02,1114.97,0.0,170.8775,101.36090909090909,301.63,260.68,6,RETAIL,5.26,21.05,21.05,26.32,24,2026-06-29 19:55:28.785547+00:00
353,882,LOAN,2025-06-29,2026-06-29,40,10.0,28.0,2.0,1067.47,3186.52,72.35,106.747,113.80428571428571,314.39,241.3,9,INSURANCE,27.5,22.5,25.0,12.5,12,2026-06-29 19:55:28.785547+00:00
354,885,SAVINGS,2025-06-29,2026-06-29,15,11.0,2.0,2.0,7573.68,308.97,45.2,688.5163636363636,154.485,6150.98,164.67,10,RETAIL,26.67,13.33,20.0,20.0,53,2026-06-29 19:55:28.785547+00:00
358,894,CHECKING,2025-06-29,2026-06-29,41,26.0,14.0,1.0,3331.17,2029.31,15.7,128.12192307692308,144.9507142857143,379.87,419.89,21,RESTAURANT,24.39,39.02,17.07,12.2,17,2026-06-29 19:55:28.785547+00:00
363,908,CHECKING,2025-06-29,2026-06-29,27,22.0,4.0,1.0,9569.85,704.89,24.75,434.9931818181818,176.2225,7530.17,211.12,21,GAS_STATION,11.11,25.93,22.22,29.63,7,2026-06-29 19:55:28.785547+00:00
368,922,SAVINGS,2025-06-29,2026-06-29,16,10.0,5.0,1.0,2003.21,915.26,40.81,200.321,183.052,414.46,523.91,9,RETAIL,18.75,50.0,12.5,18.75,12,2026-06-29 19:55:28.785547+00:00
369,924,LOAN,2025-06-29,2026-06-29,35,11.0,19.0,5.0,1165.49,2700.75,187.28,105.95363636363636,142.14473684210526,204.24,411.59,9,GROCERY,14.29,34.29,17.14,28.57,8,2026-06-29 19:55:28.785547+00:00
371,929,SAVINGS,2025-06-29,2026-06-29,17,9.0,7.0,1.0,1162.91,970.8,18.42,129.2122222222222,138.68571428571428,306.28,308.86,8,RESTAURANT,23.53,29.41,23.53,11.76,13,2026-06-29 19:55:28.785547+00:00
371,930,LOAN,2025-06-29,2026-06-29,56,19.0,35.0,2.0,2192.76,4100.66,48.55,115.40842105263158,117.16171428571428,275.79,304.97,17,GROCERY,19.64,30.36,19.64,21.43,1,2026-06-29 19:55:28.785547+00:00
374,934,CREDIT,2025-06-29,2026-06-29,17,6.0,11.0,0.0,640.73,6497.88,0.0,106.78833333333333,590.7163636363637,166.02,5311.11,6,UTILITIES,17.65,29.41,11.76,23.53,12,2026-06-29 19:55:28.785547+00:00
374,935,CHECKING,2025-06-29,2026-06-29,14,9.0,5.0,0.0,766.1,1256.77,0.0,85.12222222222222,251.354,198.29,504.85,8,GROCERY,21.43,28.57,14.29,21.43,0,2026-06-29 19:55:28.785547+00:00
376,941,CHECKING,2025-06-29,2026-06-29,48,37.0,11.0,0.0,11073.5,1816.01,0.0,299.2837837837838,165.09181818181818,6420.05,360.95,29,RESTAURANT,27.08,12.5,31.25,14.58,2,2026-06-29 19:55:28.785547+00:00
378,945,CREDIT,2025-06-29,2026-06-29,20,7.0,12.0,1.0,1194.56,10970.94,27.99,170.65142857142857,914.245,412.19,9685.84,7,RETAIL,30.0,5.0,30.0,10.0,7,2026-06-29 19:55:28.785547+00:00
382,953,SAVINGS,2025-06-29,2026-06-29,28,15.0,12.0,1.0,10384.14,1117.54,39.2,692.276,93.12833333333333,9034.68,239.05,14,RETAIL,14.29,21.43,21.43,21.43,32,2026-06-29 19:55:28.785547+00:00
383,957,CREDIT,2025-06-29,2026-06-29,27,13.0,12.0,2.0,6734.86,2049.75,37.1,518.0661538461538,170.8125,5345.38,306.63,13,GAS_STATION,33.33,11.11,11.11,37.04,0,2026-06-29 19:55:28.785547+00:00
384,960,LOAN,2025-06-29,2026-06-29,35,12.0,18.0,5.0,1504.04,12610.15,122.65,125.33666666666667,700.5638888888889,331.19,10770.77,12,HEALTHCARE,5.71,31.43,31.43,14.29,1,2026-06-29 19:55:28.785547+00:00
387,964,SAVINGS,2025-06-29,2026-06-29,24,18.0,3.0,3.0,13606.3,729.89,94.34,755.9055555555556,243.29666666666665,11905.59,471.64,14,RESTAURANT,12.5,29.17,20.83,25.0,1,2026-06-29 19:55:28.785547+00:00
388,968,CHECKING,2025-06-29,2026-06-29,29,21.0,7.0,1.0,3003.45,778.78,23.47,143.02142857142857,111.25428571428571,265.17,264.58,20,TRAVEL,27.59,17.24,31.03,13.79,6,2026-06-29 19:55:28.785547+00:00
393,981,SAVINGS,2025-06-29,2026-06-29,73,42.0,21.0,10.0,4617.77,2640.39,289.75,109.94690476190476,125.73285714285714,350.86,344.13,35,GROCERY,12.33,41.1,16.44,20.55,3,2026-06-29 19:55:28.785547+00:00
402,1002,CREDIT,2025-06-29,2026-06-29,27,13.0,12.0,2.0,8783.73,1628.26,28.41,675.6715384615385,135.68833333333333,7028.68,321.31,13,UTILITIES,22.22,18.52,22.22,22.22,21,2026-06-29 19:55:28.785547+00:00
404,1008,SAVINGS,2025-06-29,2026-06-29,38,24.0,12.0,2.0,14522.03,1698.23,57.87,605.0845833333333,141.51916666666668,11458.66,256.38,21,GROCERY,13.16,42.11,15.79,10.53,7,2026-06-29 19:55:28.785547+00:00
406,1012,LOAN,2025-06-29,2026-06-29,20,8.0,9.0,3.0,24975.72,1269.95,87.33,3121.965,141.10555555555555,9796.5,210.02,8,TRAVEL,10.0,40.0,5.0,15.0,4,2026-06-29 19:55:28.785547+00:00
406,1014,SAVINGS,2025-06-29,2026-06-29,17,14.0,2.0,1.0,1780.01,779.27,19.33,127.14357142857143,389.635,243.85,632.16,12,GROCERY,17.65,47.06,5.88,23.53,66,2026-06-29 19:55:28.785547+00:00
409,1019,CREDIT,2025-06-29,2026-06-29,45,16.0,25.0,4.0,2320.61,3600.54,118.39,145.038125,144.0216,326.78,527.8,13,GROCERY,13.33,31.11,24.44,13.33,13,2026-06-29 19:55:28.785547+00:00
417,1039,CHECKING,2025-06-29,2026-06-29,37,26.0,9.0,2.0,8188.32,1032.51,67.32,314.93538461538463,114.72333333333333,5292.02,203.3,23,INSURANCE,21.62,24.32,21.62,18.92,6,2026-06-29 19:55:28.785547+00:00
422,1053,LOAN,2025-06-29,2026-06-29,57,21.0,31.0,5.0,2539.31,3702.95,101.01,120.91952380952381,119.45,293.16,320.3,17,RESTAURANT,12.28,36.84,21.05,19.3,7,2026-06-29 19:55:28.785547+00:00
432,1078,CREDIT,2025-06-29,2026-06-29,62,23.0,36.0,3.0,21611.22,5310.66,84.22,939.6182608695652,147.51833333333335,10167.46,344.3,22,INSURANCE,19.35,33.87,11.29,14.52,10,2026-06-29 19:55:28.785547+00:00
435,1084,LOAN,2025-06-29,2026-06-29,31,10.0,15.0,6.0,1071.66,20711.09,181.54,107.166,1380.7393333333334,314.3,9716.18,8,GROCERY,16.13,35.48,6.45,22.58,0,2026-06-29 19:55:28.785547+00:00
436,1088,CHECKING,2025-06-29,2026-06-29,39,30.0,5.0,4.0,13813.03,230.06,96.45,460.4343333333333,46.012,9939.66,90.92,25,GROCERY,10.26,28.21,23.08,28.21,7,2026-06-29 19:55:28.785547+00:00
439,1093,CREDIT,2025-06-29,2026-06-29,24,14.0,9.0,1.0,1628.81,1120.07,31.98,116.34357142857142,124.45222222222222,289.51,231.02,13,RESTAURANT,8.33,41.67,25.0,16.67,9,2026-06-29 19:55:28.785547+00:00
439,1095,LOAN,2025-06-29,2026-06-29,25,12.0,11.0,2.0,1679.4,1259.38,65.34,139.95,114.4890909090909,333.74,225.06,12,GROCERY,4.0,32.0,32.0,20.0,12,2026-06-29 19:55:28.785547+00:00
443,1102,CREDIT,2025-06-29,2026-06-29,37,13.0,22.0,2.0,1371.26,8030.15,51.67,105.48153846153846,365.0068181818182,229.38,5314.33,11,RETAIL,16.22,32.43,13.51,10.81,24,2026-06-29 19:55:28.785547+00:00
444,1104,CREDIT,2025-06-29,2026-06-29,67,19.0,43.0,5.0,2047.5,27841.14,126.77,107.76315789473684,647.4683720930233,297.45,8837.55,17,RESTAURANT,16.42,23.88,26.87,16.42,7,2026-06-29 19:55:28.785547+00:00
447,1109,SAVINGS,2025-06-29,2026-06-29,55,32.0,16.0,7.0,27061.81,7113.52,200.45,845.6815625,444.595,8979.4,5757.33,26,GROCERY,20.0,30.91,14.55,21.82,4,2026-06-29 19:55:28.785547+00:00
448,1112,SAVINGS,2025-06-29,2026-06-29,65,40.0,16.0,9.0,44684.58,2430.4,269.21,1117.1145,151.9,10581.53,501.97,28,TRAVEL,33.85,20.0,23.08,16.92,0,2026-06-29 19:55:28.785547+00:00
448,1113,CHECKING,2025-06-29,2026-06-29,38,30.0,5.0,3.0,23522.96,615.49,103.22,784.0986666666666,123.098,11629.18,158.03,25,GROCERY,18.42,31.58,31.58,7.89,1,2026-06-29 19:55:28.785547+00:00
449,1114,SAVINGS,2025-06-29,2026-06-29,59,39.0,14.0,6.0,5271.36,1924.94,172.04,135.16307692307691,137.49571428571429,652.15,284.39,27,RETAIL,11.86,44.07,15.25,10.17,2,2026-06-29 19:55:28.785547+00:00
452,1123,LOAN,2025-06-29,2026-06-29,47,16.0,26.0,5.0,12840.04,12270.53,179.87,802.5025,471.9434615384615,11140.35,8928.68,13,GROCERY,21.28,27.66,21.28,21.28,6,2026-06-29 19:55:28.785547+00:00
452,1126,CREDIT,2025-06-29,2026-06-29,31,13.0,15.0,3.0,1870.09,1847.57,98.51,143.8530769230769,123.17133333333334,463.35,290.33,13,RESTAURANT,3.23,48.39,22.58,12.9,6,2026-06-29 19:55:28.785547+00:00
458,1142,SAVINGS,2025-06-29,2026-06-29,35,24.0,5.0,6.0,9446.34,1167.91,163.93,393.5975,233.582,6974.07,434.31,19,EDUCATION,22.86,14.29,22.86,20.0,9,2026-06-29 19:55:28.785547+00:00
459,1146,LOAN,2025-06-29,2026-06-29,27,7.0,14.0,6.0,6222.08,9619.29,149.94,888.8685714285714,687.0921428571429,5465.66,6921.0,6,RESTAURANT,18.52,33.33,18.52,3.7,3,2026-06-29 19:55:28.785547+00:00
460,1149,CREDIT,2025-06-29,2026-06-29,78,30.0,36.0,12.0,12413.73,3613.1,341.83,413.791,100.3638888888889,8980.99,368.07,22,GROCERY,14.1,38.46,15.38,20.51,2,2026-06-29 19:55:28.785547+00:00
461,1153,CREDIT,2025-06-29,2026-06-29,35,24.0,9.0,2.0,2574.11,837.13,36.43,107.25458333333333,93.01444444444445,235.16,157.26,23,GAS_STATION,11.43,34.29,17.14,11.43,11,2026-06-29 19:55:28.785547+00:00
466,1167,LOAN,2025-06-29,2026-06-29,53,15.0,32.0,6.0,7964.43,13361.29,113.19,530.962,417.5403125,6320.77,9723.72,15,INSURANCE,20.75,33.96,20.75,15.09,2,2026-06-29 19:55:28.785547+00:00
471,1176,SAVINGS,2025-06-29,2026-06-29,20,11.0,7.0,2.0,9285.37,976.33,53.87,844.1245454545455,139.47571428571428,8192.11,286.68,10,RETAIL,25.0,15.0,15.0,20.0,6,2026-06-29 19:55:28.785547+00:00
478,1191,SAVINGS,2025-06-29,2026-06-29,33,23.0,9.0,1.0,20527.32,1297.03,26.55,892.4921739130435,144.11444444444444,10222.92,302.16,18,GAS_STATION,18.18,36.36,21.21,15.15,8,2026-06-29 19:55:28.785547+00:00
485,1209,LOAN,2025-06-29,2026-06-29,55,20.0,32.0,3.0,2126.68,32305.37,86.72,106.334,1009.5428125,273.13,10360.65,18,GROCERY,18.18,29.09,14.55,18.18,1,2026-06-29 19:55:28.785547+00:00
486,1212,LOAN,2025-06-29,2026-06-29,59,24.0,31.0,4.0,17011.2,11725.5,119.11,708.8,378.241935483871,7815.78,8083.22,22,INSURANCE,15.25,30.51,25.42,16.95,11,2026-06-29 19:55:28.785547+00:00
489,1221,CREDIT,2025-06-29,2026-06-29,66,28.0,36.0,2.0,9572.02,37527.5,51.07,341.85785714285714,1042.4305555555557,6749.51,11362.66,22,GROCERY,19.7,25.76,21.21,16.67,1,2026-06-29 19:55:28.785547+00:00
495,1241,LOAN,2025-06-29,2026-06-29,48,17.0,27.0,4.0,8240.15,2781.77,58.27,484.7147058823529,103.02851851851852,6129.93,285.33,15,INSURANCE,18.75,31.25,22.92,16.67,15,2026-06-29 19:55:28.785547+00:00
495,1242,SAVINGS,2025-06-29,2026-06-29,38,24.0,8.0,6.0,24262.69,865.26,174.87,1010.9454166666667,108.1575,11735.09,245.17,20,RETAIL,10.53,26.32,21.05,23.68,4,2026-06-29 19:55:28.785547+00:00
495,1243,CHECKING,2025-06-29,2026-06-29,60,36.0,18.0,6.0,12775.32,2834.28,166.13,354.87,157.46,7908.11,357.31,29,GAS_STATION,23.33,33.33,16.67,20.0,5,2026-06-29 19:55:28.785547+00:00
496,1244,CREDIT,2025-06-29,2026-06-29,61,27.0,29.0,5.0,3682.0,3776.04,138.76,136.37037037037038,130.20827586206897,405.78,321.3,24,GAS_STATION,18.03,31.15,27.87,11.48,2,2026-06-29 19:55:28.785547+00:00
497,1249,CHECKING,2025-06-29,2026-06-29,24,15.0,6.0,3.0,8921.35,683.94,93.3,594.7566666666667,113.99,7051.07,185.74,15,ENTERTAINMENT,25.0,29.17,12.5,29.17,15,2026-06-29 19:55:28.785547+00:00
498,1251,LOAN,2025-06-29,2026-06-29,40,11.0,25.0,4.0,1286.28,14939.98,127.89,116.93454545454546,597.5992,301.21,12000.02,11,GAS_STATION,32.5,30.0,10.0,12.5,0,2026-06-29 19:55:28.785547+00:00
