customer_id,account_overdraft_cnt,nsf_fee_total,large_withdrawal_cnt,large_withdrawal_amt,avg_daily_balance_30d,avg_daily_balance_90d,balance_volatility,credit_util_ratio,payment_ontime_pct,payment_late_cnt,months_since_last_late,external_credit_score,debit_velocity_7d,debit_velocity_30d,new_merchant_cnt_30d,international_txn_cnt,high_risk_merchant_cnt,load_ts
6,0.0,44.25,1,10672.4,35603.005,26257.818888888887,17602.330256937094,0.942,100.0,0.0,86,654,85.62,171.58,2,1.0,2.0,2026-06-29 19:53:58.413448+00:00
15,62.0,34.77,4,36493.49,-22087.8225,-15404.449375,11869.424445689472,0.4872,100.0,0.0,32,790,146.91,763.39,5,1.0,2.0,2026-06-29 19:53:58.413448+00:00
36,0.0,51.38,1,7596.95,14858.194545454546,13159.426470588236,10401.18084076174,0.1077,100.0,0.0,18,812,94.62,617.4,6,0.0,1.0,2026-06-29 19:53:58.413448+00:00
38,62.0,87.95,6,43798.96,-3854.6188888888887,-4567.742264150944,8734.317711038773,0.6584,100.0,0.0,2,789,255.72,1368.92,11,3.0,2.0,2026-06-29 19:53:58.413448+00:00
45,2.0,134.32,2,16315.3,9589.096666666666,10794.244,3619.060333521949,0.0142,100.0,0.0,4,640,11327.9,11467.85,4,1.0,0.0,2026-06-29 19:53:58.413448+00:00
55,15.0,61.62,3,25929.55,-283.4675,662.2203703703703,5359.778813394698,0.862,100.0,0.0,9,760,0.0,10129.42,4,1.0,0.0,2026-06-29 19:53:58.413448+00:00
76,0.0,19.56,1,8116.84,7462.176666666666,8343.73111111111,2611.765573223704,0.2834,100.0,0.0,51,663,122.5,122.5,1,0.0,0.0,2026-06-29 19:53:58.413448+00:00
80,28.0,69.09,1,9318.11,9307.5975,9612.037837837837,3683.116185648112,0.8559,100.0,0.0,56,777,0.0,789.5,9,1.0,0.0,2026-06-29 19:53:58.413448+00:00
86,88.0,204.49,3,30534.79,-1781.5257142857142,-1406.1953846153847,7194.664287521783,0.3709,100.0,0.0,14,620,481.15,1867.1,11,3.0,1.0,2026-06-29 19:53:58.413448+00:00
116,0.0,88.6,1,9791.21,9284.75375,9354.0844,4083.8483527655562,0.6452,100.0,0.0,42,563,0.0,252.25,4,1.0,0.0,2026-06-29 19:53:58.413448+00:00
136,29.0,53.26,2,18528.59,8118.784,1271.1046153846153,11306.501045297324,0.1834,100.0,0.0,113,758,427.33,845.34,4,2.0,0.0,2026-06-29 19:53:58.413448+00:00
144,33.0,145.95,2,18302.43,13525.852,9583.0059375,12579.483959278163,0.6502,100.0,0.0,102,727,0.0,261.0,2,1.0,0.0,2026-06-29 19:53:58.413448+00:00
161,33.0,28.92,0,0.0,5998.807692307692,4664.702580645161,9696.96417583757,0.8646,100.0,0.0,138,720,554.33,941.92,7,2.0,1.0,2026-06-29 19:53:58.413448+00:00
163,6.0,90.37,1,9168.52,7026.988,7514.811860465116,7275.983756378393,0.1023,100.0,0.0,88,728,24.52,961.28,7,2.0,2.0,2026-06-29 19:53:58.413448+00:00
169,98.0,58.76,6,54889.59,-8274.84909090909,-9201.17175,17796.388793260936,0.7833,100.0,0.0,55,802,20.13,711.03,5,0.0,2.0,2026-06-29 19:53:58.413448+00:00
178,24.0,117.09,3,25572.93,13861.266153846154,11866.37914893617,11997.871064952391,0.1857,100.0,0.0,54,616,210.56,856.33,7,0.0,3.0,2026-06-29 19:53:58.413448+00:00
185,4.0,42.38,2,14180.13,5387.49,2676.258,2313.2486384273525,0.8175,100.0,0.0,73,739,0.0,118.94,1,2.0,0.0,2026-06-29 19:53:58.413448+00:00
190,0.0,18.22,2,12298.05,8001.256666666667,8282.768,3010.352076412769,0.958,100.0,0.0,124,695,171.57,620.34,5,1.0,0.0,2026-06-29 19:53:58.413448+00:00
195,51.0,34.83,2,14956.6,1296.4933333333333,3932.9806451612903,4725.1991338210855,0.1297,100.0,0.0,72,704,65.27,508.33,6,3.0,2.0,2026-06-29 19:53:58.413448+00:00
199,30.0,27.18,1,9285.56,403.804,1271.7784,4891.683875402971,0.3208,100.0,0.0,29,673,0.0,108.21,2,0.0,1.0,2026-06-29 19:53:58.413448+00:00
206,33.0,42.8,0,0.0,1148.28,1700.1805263157894,5224.968527995344,0.7248,100.0,0.0,78,741,0.0,23.09,2,2.0,0.0,2026-06-29 19:53:58.413448+00:00
225,120.0,91.31,3,34360.16,-13184.2975,-10858.236538461539,5740.33278655767,0.2218,100.0,0.0,117,795,494.5,602.42,3,0.0,2.0,2026-06-29 19:53:58.413448+00:00
226,65.0,41.17,3,23522.42,3824.97,3860.5177777777776,8470.87471167697,0.4252,100.0,0.0,13,683,0.0,9984.35,4,2.0,0.0,2026-06-29 19:53:58.413448+00:00
230,45.0,77.56,3,26176.48,4784.161666666667,5053.898695652174,3136.1100064602388,0.97,100.0,0.0,84,668,232.09,870.33,6,0.0,1.0,2026-06-29 19:53:58.413448+00:00
236,17.0,98.22,3,29306.4,6585.045833333334,5511.128947368421,7140.986061888788,0.5742,100.0,0.0,25,706,181.62,9490.48,6,1.0,1.0,2026-06-29 19:53:58.413448+00:00
256,51.0,0.0,4,36478.13,8022.22,2401.282,15191.993381217528,0.9986,100.0,0.0,5,643,0.0,799.12,4,3.0,2.0,2026-06-29 19:53:58.413448+00:00
258,21.0,48.77,1,10717.24,4255.8154545454545,4685.346923076923,1943.2708446595145,0.4956,100.0,0.0,58,645,230.79,793.58,5,1.0,0.0,2026-06-29 19:53:58.413448+00:00
265,19.0,105.41,6,59182.51,2226.244210526316,2198.488793103448,7698.916529230518,0.1134,100.0,0.0,1,679,10401.69,11157.06,11,2.0,1.0,2026-06-29 19:53:58.413448+00:00
289,0.0,38.14,0,0.0,5827.907857142857,5719.817931034483,1414.2704821638106,0.7923,100.0,0.0,58,558,193.84,642.85,9,1.0,1.0,2026-06-29 19:53:58.413448+00:00
327,20.0,0.0,1,10350.49,11085.033333333333,8162.5384,10334.338889852448,0.4381,100.0,0.0,55,542,100.81,100.81,1,1.0,1.0,2026-06-29 19:53:58.413448+00:00
333,36.0,0.0,1,8988.33,5539.46,5191.828421052632,5206.63944443738,0.9093,100.0,0.0,14,617,166.29,693.88,6,0.0,0.0,2026-06-29 19:53:58.413448+00:00
361,7.0,101.8,1,7051.05,4450.094444444445,5815.957586206897,3527.7086805987346,0.2437,100.0,0.0,28,795,0.0,680.28,5,3.0,2.0,2026-06-29 19:53:58.413448+00:00
372,121.0,164.53,3,17748.79,3521.364666666667,-491.88702702702705,8967.350123274045,0.8502,100.0,0.0,29,667,0.0,517.92,6,2.0,2.0,2026-06-29 19:53:58.413448+00:00
375,37.0,0.0,2,14788.15,11613.862,13066.243,13794.593991807118,0.9741,100.0,0.0,13,740,0.0,310.75,3,0.0,0.0,2026-06-29 19:53:58.413448+00:00
380,0.0,21.95,0,0.0,12216.59,11359.808181818182,3303.023754469042,0.2086,100.0,0.0,67,723,54.89,554.26,4,1.0,2.0,2026-06-29 19:53:58.413448+00:00
409,11.0,188.65,2,17765.66,6543.94125,6374.0832432432435,8191.075690483917,0.2292,100.0,0.0,4,765,154.07,8472.49,12,1.0,2.0,2026-06-29 19:53:58.413448+00:00
420,52.0,69.13,2,16493.24,-2672.4383333333335,-3619.200625,4116.41598902496,0.4863,100.0,0.0,106,695,39.64,135.33,3,0.0,0.0,2026-06-29 19:53:58.413448+00:00
424,0.0,39.82,1,5251.67,11766.4575,12002.356666666667,2967.20109556746,0.5936,100.0,0.0,25,760,0.0,202.61,3,1.0,1.0,2026-06-29 19:53:58.413448+00:00
458,2.0,28.38,1,7136.6,14081.913333333334,12916.008333333333,4362.218132126768,0.4742,100.0,0.0,68,651,0.0,352.21,3,0.0,0.0,2026-06-29 19:53:58.413448+00:00
463,14.0,103.71,1,6287.32,15565.710769230769,16696.20261904762,6548.2435003400105,0.5344,100.0,0.0,30,815,126.83,836.26,5,1.0,0.0,2026-06-29 19:53:58.413448+00:00
483,65.0,133.79,3,28129.93,-2768.331176470588,158.60931818181817,19173.397999594436,0.3499,100.0,0.0,45,714,246.58,1052.54,8,1.0,4.0,2026-06-29 19:53:58.413448+00:00
501,87.0,104.67,2,17796.43,2499.3445454545454,2371.7024324324325,6581.720581971566,0.1369,100.0,0.0,46,684,10796.41,11175.85,4,0.0,1.0,2026-06-29 19:53:58.413448+00:00
507,35.0,99.52,1,5400.66,11596.342857142858,11038.895833333334,7100.037041025636,0.5845,100.0,0.0,80,750,0.0,5400.66,1,4.0,1.0,2026-06-29 19:53:58.413448+00:00
514,80.0,65.11,3,28036.53,-3764.9766666666665,-6548.068484848485,9175.815550824902,0.1815,100.0,0.0,83,695,0.0,394.64,3,1.0,0.0,2026-06-29 19:53:58.413448+00:00
518,93.0,101.75,4,28800.64,898.9142857142857,-58.63727272727273,5395.968932702686,0.3899,100.0,0.0,27,660,57.47,827.65,6,0.0,3.0,2026-06-29 19:53:58.413448+00:00
548,97.0,58.7,2,20800.34,9461.495,8102.787674418605,17960.997536234907,0.3712,100.0,0.0,55,644,115.48,853.8,4,1.0,1.0,2026-06-29 19:53:58.413448+00:00
558,27.0,181.34,1,10501.33,7240.640714285714,9971.51725,14715.663920280318,0.025,100.0,0.0,6,631,128.41,813.05,6,0.0,2.0,2026-06-29 19:53:58.413448+00:00
562,68.0,82.81,3,25290.65,-2639.17875,-1527.2281578947368,3664.231525278746,0.6027,100.0,0.0,32,849,90.59,611.23,4,2.0,1.0,2026-06-29 19:53:58.413448+00:00
588,24.0,122.87,3,29011.0,13298.338571428572,14777.2572,16182.976630351171,0.3121,100.0,0.0,23,727,0.0,414.65,4,0.0,2.0,2026-06-29 19:53:58.413448+00:00
595,81.0,62.19,4,34215.74,5386.18625,5407.284634146342,12899.020752032926,0.8641,100.0,0.0,59,736,245.49,1111.14,11,3.0,1.0,2026-06-29 19:53:58.413448+00:00
694,0.0,90.86,0,0.0,16922.66375,18130.226842105265,4841.540076331794,0.4887,100.0,0.0,35,687,0.0,286.78,4,0.0,0.0,2026-06-29 19:53:58.413448+00:00
703,99.0,99.19,6,53461.64,-8464.084666666668,-6433.2687179487175,7743.902300054253,0.4707,100.0,0.0,55,698,9444.69,10710.55,7,1.0,0.0,2026-06-29 19:53:58.413448+00:00
720,50.0,80.68,3,31339.27,3411.2745454545457,5284.373076923077,6146.665402380906,0.0022,100.0,0.0,2,711,86.2,330.88,5,3.0,1.0,2026-06-29 19:53:58.413448+00:00
727,50.0,99.37,2,15833.65,-466.835,-847.3359090909091,5585.748932384417,0.2558,100.0,0.0,70,605,397.78,852.54,3,1.0,0.0,2026-06-29 19:53:58.413448+00:00
729,32.0,76.55,4,35772.19,3506.816428571429,4821.5062,7794.448511620534,0.9607,100.0,0.0,46,732,144.46,594.46,4,2.0,1.0,2026-06-29 19:53:58.413448+00:00
748,48.0,163.64,4,33579.23,4895.97,4601.919,3695.298674402572,0.8639,100.0,0.0,18,687,416.12,1036.83,8,1.0,1.0,2026-06-29 19:53:58.413448+00:00
773,14.0,0.0,1,7615.16,3698.4933333333333,6710.593157894737,4430.237820948527,0.504,100.0,0.0,8,641,0.0,7982.46,4,0.0,1.0,2026-06-29 19:53:58.413448+00:00
775,9.0,151.21,2,20042.53,19498.123529411765,19034.18276595745,16022.034654096824,0.2138,100.0,0.0,49,792,91.66,1068.72,7,3.0,0.0,2026-06-29 19:53:58.413448+00:00
781,25.0,149.04,3,31148.81,10373.877647058824,10640.714285714286,7247.124136802038,0.9331,100.0,0.0,38,795,123.4,11746.84,7,3.0,1.0,2026-06-29 19:53:58.413448+00:00
789,87.0,0.0,4,33123.96,4210.722142857143,-147.02105263157895,10694.889838329773,0.7301,100.0,0.0,12,803,431.79,1354.44,7,2.0,1.0,2026-06-29 19:53:58.413448+00:00
813,19.0,100.81,2,12426.68,5630.27,6435.855142857143,5789.962285361284,0.8776,100.0,0.0,124,579,398.07,1146.86,5,0.0,1.0,2026-06-29 19:53:58.413448+00:00
814,0.0,41.2,2,16156.82,8762.225714285714,10290.5044,3567.721624423161,0.2992,100.0,0.0,105,850,0.0,589.14,3,0.0,2.0,2026-06-29 19:53:58.413448+00:00
860,19.0,34.66,2,18968.32,9053.476428571428,11256.257631578947,5503.142903946815,0.7404,100.0,0.0,75,662,493.8,876.71,8,1.0,1.0,2026-06-29 19:53:58.413448+00:00
870,72.0,68.14,3,27751.46,527.2416666666667,166.77944444444444,11492.490126892053,0.6309,100.0,0.0,82,750,468.23,1593.45,13,1.0,1.0,2026-06-29 19:53:58.413448+00:00
881,23.0,0.0,0,0.0,4181.444,11428.024736842106,7200.587910355776,0.1262,100.0,0.0,16,635,42.2,110.39,2,1.0,0.0,2026-06-29 19:53:58.413448+00:00
898,0.0,0.0,1,8007.67,3648.2233333333334,3575.990714285714,1192.9028303663297,0.1136,100.0,0.0,48,709,0.0,126.64,1,0.0,0.0,2026-06-29 19:53:58.413448+00:00
929,19.0,84.11,4,32531.09,-4886.181,-7667.485,9645.932369544262,0.7915,100.0,0.0,9,747,490.07,808.66,4,0.0,2.0,2026-06-29 19:53:58.413448+00:00
945,32.0,0.0,2,17466.77,3597.115,3476.2004761904764,1771.7812414266052,0.2392,100.0,0.0,64,748,0.0,435.78,3,2.0,0.0,2026-06-29 19:53:58.413448+00:00
950,0.0,67.63,0,0.0,41770.208,37068.79368421053,6107.020282564554,0.7802,100.0,0.0,52,740,0.0,164.08,1,4.0,1.0,2026-06-29 19:53:58.413448+00:00
954,27.0,161.42,3,24951.52,2827.9021428571427,4671.686388888889,6242.957765648673,0.5794,100.0,0.0,12,740,116.22,915.84,8,1.0,0.0,2026-06-29 19:53:58.413448+00:00
959,45.0,81.43,3,22898.52,5325.2025,6111.712653061224,8716.403547737526,0.4768,100.0,0.0,1,681,599.59,1164.62,10,1.0,1.0,2026-06-29 19:53:58.413448+00:00
971,8.0,137.55,2,12394.3,9538.966666666667,9855.315,7359.397339139505,0.7776,100.0,0.0,48,707,202.93,6145.5,12,0.0,2.0,2026-06-29 19:53:58.413448+00:00
984,0.0,15.63,1,9585.45,2017.452,2039.908888888889,174.63630730463805,0.6381,100.0,0.0,122,722,91.1,395.15,2,0.0,0.0,2026-06-29 19:53:58.413448+00:00
1005,0.0,33.51,0,0.0,19813.17,19897.0,65.8401749693904,0.7886,100.0,0.0,22,579,0.0,199.56,1,0.0,0.0,2026-06-29 19:53:58.413448+00:00
1032,25.0,222.81,8,67614.93,11227.63625,8280.109285714285,15387.124975256505,0.5902,100.0,0.0,3,743,389.93,7114.84,6,2.0,4.0,2026-06-29 19:53:58.413448+00:00
1042,67.0,81.06,3,22831.16,-6338.605,-3096.6073170731706,6322.6354309193875,0.3303,100.0,0.0,19,670,311.85,856.55,6,2.0,2.0,2026-06-29 19:53:58.413448+00:00
1045,49.0,68.48,1,6078.18,4229.263333333333,-780.825,5707.31646111469,0.6569,100.0,0.0,7,698,0.0,132.03,1,0.0,0.0,2026-06-29 19:53:58.413448+00:00
1121,107.0,63.05,2,21199.94,-4054.329090909091,-4769.842413793103,8262.445845188277,0.6342,100.0,0.0,7,704,76.1,632.79,6,1.0,0.0,2026-06-29 19:53:58.413448+00:00
1157,3.0,0.0,2,17964.62,-6968.5633333333335,-526.8381818181819,3831.4677622779236,0.8382,100.0,0.0,67,731,0.0,9050.38,2,0.0,0.0,2026-06-29 19:53:58.413448+00:00
1168,43.0,11.31,1,6009.84,-2366.4954545454543,-1748.575,9506.783380538795,0.5328,100.0,0.0,40,747,0.0,453.06,4,1.0,2.0,2026-06-29 19:53:58.413448+00:00
1208,16.0,56.13,1,8329.77,2280.054,2104.0061111111113,3038.8377555362476,0.4458,100.0,0.0,84,695,94.55,217.12,2,1.0,0.0,2026-06-29 19:53:58.413448+00:00
1223,25.0,78.58,4,34143.19,2946.068333333333,1756.7096875,7502.795666704335,0.7136,100.0,0.0,39,640,227.15,1254.57,9,3.0,2.0,2026-06-29 19:53:58.413448+00:00
1244,0.0,0.0,1,11356.61,7526.81,7416.854285714286,136.0722639794375,0.5236,100.0,0.0,66,623,94.63,94.63,1,0.0,0.0,2026-06-29 19:53:58.413448+00:00
1255,39.0,142.78,2,16284.31,6350.764375,7687.214761904762,17673.892304827594,0.2177,100.0,0.0,3,756,136.57,1219.01,8,1.0,1.0,2026-06-29 19:53:58.413448+00:00
1258,21.0,96.51,0,0.0,8145.923636363636,6392.6979411764705,7997.115736714368,0.9101,100.0,0.0,34,676,419.84,1497.87,9,2.0,1.0,2026-06-29 19:53:58.413448+00:00
1283,22.0,53.08,4,38583.62,28180.262142857144,17053.490285714284,24802.031433865304,0.7972,100.0,0.0,3,734,164.86,11382.21,7,2.0,2.0,2026-06-29 19:53:58.413448+00:00
1298,49.0,193.2,3,26784.16,4677.091578947368,5580.706666666667,4617.562799905648,0.299,100.0,0.0,88,686,11864.39,13172.7,12,5.0,0.0,2026-06-29 19:53:58.413448+00:00
1301,96.0,145.95,4,37467.59,-2338.347142857143,-3353.8003636363637,12926.895837260394,0.0469,100.0,0.0,57,687,784.92,1780.19,11,1.0,2.0,2026-06-29 19:53:58.413448+00:00
1304,53.0,75.77,2,17382.89,-13750.42857142857,-10016.807391304348,13539.481154093695,0.923,100.0,0.0,118,666,0.0,76.57,1,2.0,0.0,2026-06-29 19:53:58.413448+00:00
1363,0.0,0.0,0,0.0,28527.5025,27245.045,2909.4203853903623,0.4588,100.0,0.0,128,850,196.97,357.65,3,1.0,2.0,2026-06-29 19:53:58.413448+00:00
1367,13.0,69.33,1,8110.68,8075.629,8405.366857142857,7599.007311583574,0.6043,100.0,0.0,15,681,193.11,674.0,6,1.0,3.0,2026-06-29 19:53:58.413448+00:00
1372,4.0,118.79,1,10699.72,13985.723,13537.935714285713,12624.086148210074,0.0121,100.0,0.0,50,642,220.63,392.11,4,0.0,0.0,2026-06-29 19:53:58.413448+00:00
1396,0.0,160.42,0,0.0,9243.668125,10196.718837209302,9497.094162623325,0.9487,100.0,0.0,127,741,179.99,701.56,10,1.0,2.0,2026-06-29 19:53:58.413448+00:00
1399,0.0,58.31,1,11069.04,8100.676,8928.8968,6991.485915009896,0.5911,100.0,0.0,96,775,174.49,174.49,2,0.0,0.0,2026-06-29 19:53:58.413448+00:00
1434,30.0,113.23,2,20166.1,-7285.21,-7853.366470588236,350.592778539453,0.4677,100.0,0.0,27,632,43.5,140.27,2,2.0,1.0,2026-06-29 19:53:58.413448+00:00
1463,33.0,173.7,2,17710.28,2349.583076923077,6273.95,6115.4682627671555,0.4579,100.0,0.0,53,738,249.75,722.23,7,1.0,1.0,2026-06-29 19:53:58.413448+00:00
1491,0.0,0.0,0,0.0,5776.6675,5658.582857142857,210.85723909211916,0.6774,100.0,0.0,82,746,0.0,155.95,3,0.0,0.0,2026-06-29 19:53:58.413448+00:00
1508,0.0,64.91,1,8952.87,6464.483333333334,6381.212571428571,2373.3298098703226,0.2316,100.0,0.0,44,706,0.0,1130.94,6,1.0,0.0,2026-06-29 19:53:58.413448+00:00
1510,46.0,73.78,3,25737.42,-18945.021666666667,-19044.015384615384,173.94175920141518,0.2725,100.0,0.0,5,734,73.1,355.54,4,0.0,0.0,2026-06-29 19:53:58.413448+00:00
1526,18.0,98.21,2,14813.77,5891.571,5606.961724137931,6961.803475148282,0.3535,100.0,0.0,89,737,543.9,744.7,4,0.0,3.0,2026-06-29 19:53:58.413448+00:00
1579,42.0,21.21,2,12392.74,18810.930833333332,13139.2025,11915.358810551921,0.8426,100.0,0.0,41,665,0.0,973.53,6,3.0,2.0,2026-06-29 19:53:58.413448+00:00
1603,19.0,71.34,1,11287.65,6327.18375,5706.471785714286,6197.294544103655,0.0865,100.0,0.0,2,653,0.0,407.94,3,2.0,0.0,2026-06-29 19:53:58.413448+00:00
1651,51.0,70.13,6,50115.81,2661.800588235294,809.178125,5892.308470809161,0.6738,100.0,0.0,60,751,275.87,1374.35,9,1.0,2.0,2026-06-29 19:53:58.413448+00:00
1660,26.0,41.3,5,48439.63,-2950.923333333333,2438.2078260869566,16812.30386849735,0.2904,100.0,0.0,101,639,200.15,11234.72,5,3.0,0.0,2026-06-29 19:53:58.413448+00:00
1673,6.0,0.0,1,8913.73,8924.793333333333,6781.9925,5139.956565249968,0.4735,100.0,0.0,57,739,0.0,231.33,2,1.0,1.0,2026-06-29 19:53:58.413448+00:00
1678,81.0,41.41,4,37307.65,-10909.162857142857,-9638.63935483871,5377.681710858749,0.5554,100.0,0.0,51,717,94.91,8072.83,8,1.0,0.0,2026-06-29 19:53:58.413448+00:00
1683,0.0,94.18,1,8193.72,15055.269166666667,13602.0532,11210.46646875061,0.8379,100.0,0.0,80,635,76.25,730.78,6,0.0,1.0,2026-06-29 19:53:58.413448+00:00
1721,85.0,91.85,6,48310.38,-1446.9876923076922,-2160.2917647058825,15712.84723440095,0.6802,100.0,0.0,38,752,127.14,16339.13,4,2.0,0.0,2026-06-29 19:53:58.413448+00:00
1788,0.0,28.27,0,0.0,10805.214,14001.532692307692,12324.693377711863,0.0417,100.0,0.0,105,604,168.12,916.94,9,0.0,2.0,2026-06-29 19:53:58.413448+00:00
1838,0.0,132.71,3,19086.23,19040.77304347826,15426.656607142857,9724.274471059847,0.1702,100.0,0.0,96,726,6802.15,7044.53,9,0.0,2.0,2026-06-29 19:53:58.413448+00:00
1842,25.0,70.1,2,16127.22,-2027.6125,-1786.99625,177.46189072450338,0.4358,100.0,0.0,19,737,199.02,199.02,3,2.0,0.0,2026-06-29 19:53:58.413448+00:00
1848,0.0,102.8,2,20195.84,11483.032,11914.30052631579,5852.495864028179,0.91,100.0,0.0,23,658,0.0,614.66,7,6.0,1.0,2026-06-29 19:53:58.413448+00:00
1850,66.0,140.34,3,28828.57,-264.6425,2707.807142857143,18477.01347010181,0.5926,100.0,0.0,28,663,258.41,1100.45,5,0.0,0.0,2026-06-29 19:53:58.413448+00:00
1867,23.0,54.22,2,17734.57,-1522.648888888889,-4.814615384615385,3454.917765268952,0.0237,100.0,0.0,9,658,0.0,518.54,4,0.0,2.0,2026-06-29 19:53:58.413448+00:00
1873,30.0,196.07,1,5407.92,3983.799411764706,6493.725681818182,10017.570545165854,0.1305,100.0,0.0,105,788,91.3,876.34,4,3.0,1.0,2026-06-29 19:53:58.413448+00:00
1879,18.0,41.81,1,11906.82,5955.88,3104.0844,3825.49376293736,0.5166,100.0,0.0,140,764,0.0,286.63,3,2.0,1.0,2026-06-29 19:53:58.413448+00:00
1881,78.0,175.11,2,14423.53,-4939.052,-4235.499230769231,9609.415505763054,0.9271,100.0,0.0,76,692,0.0,629.7,6,0.0,1.0,2026-06-29 19:53:58.413448+00:00
1920,49.0,83.44,2,12178.57,-4325.49,-4093.6316666666667,2023.5632769950087,0.6792,100.0,0.0,45,612,20.52,20.52,1,1.0,0.0,2026-06-29 19:53:58.413448+00:00
1931,21.0,89.59,5,52252.52,5536.3245,5193.837,10679.084673526366,0.1314,100.0,0.0,95,753,138.03,12206.46,12,2.0,2.0,2026-06-29 19:53:58.413448+00:00
1939,39.0,108.82,0,0.0,10550.654545454545,13623.034482758621,11575.468517735579,0.4491,100.0,0.0,46,785,90.54,440.52,5,0.0,2.0,2026-06-29 19:53:58.413448+00:00
1995,48.0,53.49,4,30258.01,2811.0364705882353,5743.778235294118,21979.79020158504,0.398,100.0,0.0,11,640,0.0,1478.42,10,0.0,2.0,2026-06-29 19:53:58.413448+00:00
2000,19.0,18.35,1,5882.25,5068.30625,4146.957391304348,2955.8434663652374,0.6485,100.0,0.0,123,832,51.24,271.42,3,0.0,1.0,2026-06-29 19:53:58.413448+00:00
2013,16.0,87.81,2,17685.95,10466.36923076923,9868.973103448276,17064.533502423026,0.2107,100.0,0.0,101,832,702.15,9665.91,8,1.0,1.0,2026-06-29 19:53:58.413448+00:00
2039,44.0,55.77,1,8438.96,-2228.902222222222,-1876.2831034482758,7094.548471293416,0.9291,100.0,0.0,75,838,8581.47,8815.75,4,0.0,0.0,2026-06-29 19:53:58.413448+00:00
2044,0.0,32.68,0,0.0,6607.245,6649.956,214.01468020675563,0.1788,100.0,0.0,69,732,0.0,423.86,3,0.0,0.0,2026-06-29 19:53:58.413448+00:00
2073,0.0,57.66,0,0.0,10924.46,10697.85625,891.75840945744,0.548,100.0,0.0,10,675,0.0,193.98,1,0.0,0.0,2026-06-29 19:53:58.413448+00:00
2085,0.0,13.74,0,0.0,14639.915,14396.28,187.21750764110413,0.6332,100.0,0.0,55,850,0.0,68.55,1,0.0,1.0,2026-06-29 19:53:58.413448+00:00
2099,69.0,18.56,4,31628.39,-8396.43,-6690.609130434783,10521.330832718208,0.6501,100.0,0.0,66,642,160.41,828.69,6,0.0,0.0,2026-06-29 19:53:58.413448+00:00
2114,9.0,127.45,1,8193.68,12701.490833333333,9804.718461538461,7462.61681035359,0.5021,100.0,0.0,56,675,45.31,740.12,7,3.0,1.0,2026-06-29 19:53:58.413448+00:00
2130,10.0,194.81,3,27376.52,4549.46,6448.257,6615.967328568303,0.8381,100.0,0.0,9,784,228.17,875.32,6,1.0,2.0,2026-06-29 19:53:58.413448+00:00
2138,17.0,55.6,3,28699.44,-808.95,2586.9109523809525,4938.403992885907,0.5815,100.0,0.0,134,840,107.64,7568.48,5,0.0,2.0,2026-06-29 19:53:58.413448+00:00
2158,32.0,39.39,3,25979.23,2075.4,2325.1975,4183.123294869766,0.5636,100.0,0.0,52,779,214.64,570.61,5,2.0,3.0,2026-06-29 19:53:58.413448+00:00
2179,0.0,0.0,1,10793.72,3095.483333333333,3263.44,215.17018467117734,0.3168,100.0,0.0,48,622,0.0,351.78,2,0.0,0.0,2026-06-29 19:53:58.413448+00:00
2213,0.0,156.9,1,9514.72,7170.571333333333,6629.523170731707,4753.576781839247,0.843,100.0,0.0,17,652,274.37,912.52,7,2.0,1.0,2026-06-29 19:53:58.413448+00:00
2223,0.0,117.45,1,8128.72,16002.931538461538,19500.575945945948,11600.762115001275,0.8797,100.0,0.0,9,670,65.13,717.3,5,0.0,1.0,2026-06-29 19:53:58.413448+00:00
2251,8.0,101.01,1,12035.82,-1508.024,-915.5758823529412,3508.659294351047,0.945,100.0,0.0,2,827,124.53,440.35,3,1.0,0.0,2026-06-29 19:53:58.413448+00:00
2252,0.0,0.0,0,0.0,11726.25,11697.9075,79.99799464202579,0.8895,100.0,0.0,128,568,0.0,250.79,2,0.0,0.0,2026-06-29 19:53:58.413448+00:00
2263,69.0,103.94,4,34091.83,9180.44375,7945.1213333333335,14166.901550397917,0.8095,100.0,0.0,59,719,394.61,1249.55,10,1.0,1.0,2026-06-29 19:53:58.413448+00:00
2269,19.0,176.31,4,32415.93,1349.7247368421054,4638.3344,12320.862128047582,0.7017,100.0,0.0,30,695,431.88,1090.98,10,0.0,0.0,2026-06-29 19:53:58.413448+00:00
2277,1.0,0.0,0,0.0,6657.783333333334,7246.975806451613,7335.099134322181,0.5441,100.0,0.0,104,591,102.59,791.8,7,0.0,0.0,2026-06-29 19:53:58.413448+00:00
2320,0.0,90.71,2,18156.52,10557.915,11185.92,3191.6345400139417,0.3926,100.0,0.0,32,628,18156.52,18663.34,6,2.0,0.0,2026-06-29 19:53:58.413448+00:00
2337,0.0,13.4,1,11010.23,11847.836428571429,11033.655641025642,7402.227647671303,0.6455,100.0,0.0,35,669,437.63,1253.1,7,2.0,2.0,2026-06-29 19:53:58.413448+00:00
2353,60.0,102.07,3,21811.94,3801.08,4492.7265,7095.00381638923,0.4254,100.0,0.0,2,676,0.0,443.72,5,3.0,2.0,2026-06-29 19:53:58.413448+00:00
2354,57.0,152.23,4,35547.32,8842.41,3908.7248936170213,15874.625204151867,0.6713,100.0,0.0,30,515,0.0,732.89,4,2.0,2.0,2026-06-29 19:53:58.413448+00:00
2369,22.0,15.18,1,6796.8,5068.570833333333,4615.2385185185185,3059.577307123786,0.623,100.0,0.0,20,709,484.23,1106.18,6,0.0,0.0,2026-06-29 19:53:58.413448+00:00
2375,0.0,48.28,0,0.0,8706.0975,8952.416,243.4606464406298,0.8678,100.0,0.0,120,696,0.0,589.59,2,0.0,0.0,2026-06-29 19:53:58.413448+00:00
2384,20.0,153.42,2,13012.96,5645.906,8983.507,9556.301505499709,0.7982,100.0,0.0,133,650,0.0,6361.96,10,2.0,2.0,2026-06-29 19:53:58.413448+00:00
2385,30.0,31.91,4,29344.5,499.36571428571426,1741.7471428571428,6135.956593721939,0.8168,100.0,0.0,14,695,98.37,1146.22,8,1.0,2.0,2026-06-29 19:53:58.413448+00:00
2418,13.0,123.3,4,36930.25,8521.160666666667,11109.468205128205,11375.270611280459,0.1737,100.0,0.0,34,752,12072.2,17775.53,4,2.0,1.0,2026-06-29 19:53:58.413448+00:00
2470,0.0,43.53,0,0.0,12606.2875,14432.71695652174,11947.054571614251,0.7115,100.0,0.0,18,672,282.67,349.87,3,1.0,2.0,2026-06-29 19:53:58.413448+00:00
2513,8.0,33.22,1,6663.35,16817.76619047619,16573.596585365853,12791.002282272508,0.8386,100.0,0.0,22,685,281.66,1374.5,10,4.0,0.0,2026-06-29 19:53:58.413448+00:00
2521,0.0,118.1,2,13068.22,6848.926428571429,7330.86,5150.346515990791,0.811,100.0,0.0,67,595,235.47,872.44,6,0.0,1.0,2026-06-29 19:53:58.413448+00:00
2522,68.0,59.23,2,19028.42,5276.875,2545.797741935484,10615.753798520296,0.9624,100.0,0.0,26,734,0.0,124.59,2,2.0,1.0,2026-06-29 19:53:58.413448+00:00
2537,0.0,17.15,0,0.0,13797.764545454545,13588.438125,8438.476846433394,0.8606,100.0,0.0,14,710,18.43,313.78,5,1.0,0.0,2026-06-29 19:53:58.413448+00:00
2543,22.0,43.01,1,10541.33,7754.855,9400.793076923077,2207.4736198696487,0.4564,100.0,0.0,19,672,185.58,250.12,2,1.0,0.0,2026-06-29 19:53:58.413448+00:00
2571,0.0,55.78,1,6155.19,12546.866470588235,12585.698285714287,8044.025926191965,0.2994,100.0,0.0,39,647,6230.28,6744.19,9,2.0,3.0,2026-06-29 19:53:58.413448+00:00
2573,49.0,35.76,1,7157.6,-4685.488333333334,-3440.384054054054,8979.323054162453,0.5909,100.0,0.0,54,658,164.24,626.75,6,2.0,2.0,2026-06-29 19:53:58.413448+00:00
2579,18.0,65.72,1,6808.19,3271.8344444444447,6931.262068965517,10012.153241077041,0.9942,100.0,0.0,52,655,0.0,585.64,5,1.0,2.0,2026-06-29 19:53:58.413448+00:00
2584,0.0,81.66,1,5903.12,16645.764444444445,20070.35870967742,9056.04755114675,0.8971,100.0,0.0,80,687,228.72,481.52,4,1.0,2.0,2026-06-29 19:53:58.413448+00:00
2589,0.0,45.3,1,11535.9,11679.187692307692,13163.137105263158,6687.927843950006,0.735,100.0,0.0,70,697,374.87,543.73,3,2.0,1.0,2026-06-29 19:53:58.413448+00:00
2604,0.0,47.45,1,7481.42,7851.44625,12160.670869565218,7033.279050470738,0.0504,100.0,0.0,75,654,0.0,310.48,5,0.0,0.0,2026-06-29 19:53:58.413448+00:00
2615,0.0,41.54,1,9602.26,5620.4,13905.372173913043,9315.340711076706,0.4388,100.0,0.0,41,679,96.56,96.56,2,2.0,0.0,2026-06-29 19:53:58.413448+00:00
2651,0.0,32.36,0,0.0,13983.976666666667,13939.187142857143,106.95431557636314,0.444,100.0,0.0,21,744,138.35,186.29,2,0.0,0.0,2026-06-29 19:53:58.413448+00:00
2667,16.0,29.74,1,6547.09,-1659.268,-1141.9452631578947,3893.2440461318015,0.1561,100.0,0.0,40,788,0.0,344.94,4,3.0,2.0,2026-06-29 19:53:58.413448+00:00
2704,20.0,162.19,4,31830.85,17065.882352941175,14903.904081632652,15404.02842554578,0.9936,100.0,0.0,105,757,251.76,759.71,7,0.0,0.0,2026-06-29 19:53:58.413448+00:00
2715,31.0,75.35,2,20051.68,4559.645,4298.136808510639,10521.548035525608,0.1681,100.0,0.0,105,640,113.39,620.4,5,0.0,2.0,2026-06-29 19:53:58.413448+00:00
2716,67.0,13.99,2,18978.57,2636.2438461538463,901.3879411764706,10804.493923882615,0.5958,100.0,0.0,59,648,189.86,1124.71,9,1.0,4.0,2026-06-29 19:53:58.413448+00:00
2729,71.0,109.68,3,22924.18,212.38923076923078,4228.875333333333,10181.703418491245,0.2287,100.0,0.0,62,702,74.74,12972.8,7,1.0,1.0,2026-06-29 19:53:58.413448+00:00
2732,0.0,42.18,1,9363.69,14573.876,13077.128333333334,3294.424938959167,0.8101,100.0,0.0,105,615,80.24,349.56,3,1.0,0.0,2026-06-29 19:53:58.413448+00:00
2752,26.0,0.0,2,17109.61,-3549.588333333333,-3539.1019047619047,8816.82283263926,0.1366,100.0,0.0,4,667,0.0,98.82,2,1.0,0.0,2026-06-29 19:53:58.413448+00:00
2779,0.0,96.77,1,6647.52,14632.481764705883,12943.426530612245,4616.298576359659,0.5201,100.0,0.0,47,611,80.52,927.03,7,4.0,1.0,2026-06-29 19:53:58.413448+00:00
2812,32.0,78.35,1,8747.13,10243.099285714286,9213.806666666667,11111.56394662037,0.5139,100.0,0.0,96,686,214.53,804.26,6,2.0,2.0,2026-06-29 19:53:58.413448+00:00
2824,0.0,0.0,1,7314.8,664.2316666666667,614.7077777777778,2188.902005760879,0.2604,100.0,0.0,55,651,55.93,104.3,2,1.0,0.0,2026-06-29 19:53:58.413448+00:00
2898,43.0,78.58,2,14888.13,3085.568333333333,1358.3852631578948,7816.331161757863,0.1399,100.0,0.0,19,770,133.06,133.06,1,1.0,1.0,2026-06-29 19:53:58.413448+00:00
2901,103.0,138.99,4,35030.74,10377.531764705882,6222.1351020408165,20286.9054551307,0.0071,100.0,0.0,43,731,181.34,845.5,7,1.0,0.0,2026-06-29 19:53:58.413448+00:00
2904,0.0,76.51,2,17588.89,3685.078,6519.975,4859.20440208406,0.2869,100.0,0.0,80,700,0.0,305.2,1,0.0,0.0,2026-06-29 19:53:58.413448+00:00
2911,57.0,25.04,5,39327.63,-3909.64,-1855.9451162790697,11763.8127399706,0.6945,100.0,0.0,2,684,197.78,1564.58,11,2.0,2.0,2026-06-29 19:53:58.413448+00:00
2920,14.0,94.44,2,14615.83,1818.661,453.7033333333333,6288.086093297177,0.6094,100.0,0.0,30,694,81.03,595.52,5,0.0,1.0,2026-06-29 19:53:58.413448+00:00
2946,143.0,270.59,8,71822.76,-10601.123846153847,-11273.083103448276,18884.944164038905,0.4415,100.0,0.0,17,733,66.92,657.69,4,1.0,2.0,2026-06-29 19:53:58.413448+00:00
2948,15.0,25.31,2,20457.25,4106.6,2493.6026923076925,8263.74063071879,0.9693,100.0,0.0,52,692,110.35,706.38,4,0.0,0.0,2026-06-29 19:53:58.413448+00:00
2990,0.0,70.7,2,22476.26,9941.625714285714,11155.103684210526,3378.7828148036897,0.7624,100.0,0.0,34,711,129.52,223.71,3,0.0,1.0,2026-06-29 19:53:58.413448+00:00
3023,55.0,66.58,3,26339.66,3806.0222222222224,4105.915945945946,12951.697922453186,0.7924,100.0,0.0,61,753,457.48,10891.08,8,1.0,1.0,2026-06-29 19:53:58.413448+00:00
3027,59.0,164.67,4,35019.42,14032.043,10050.627045454545,12862.731694784552,0.3911,100.0,0.0,26,718,29.62,312.77,5,1.0,0.0,2026-06-29 19:53:58.413448+00:00
3034,0.0,32.89,0,0.0,17848.4025,17707.70142857143,231.67131035330195,0.8774,100.0,0.0,129,732,19.44,48.17,2,0.0,0.0,2026-06-29 19:53:58.413448+00:00
3046,0.0,79.43,1,5671.13,6121.498421052632,6179.2773913043475,3062.6302679385485,0.1694,100.0,0.0,24,748,253.67,1607.33,10,1.0,1.0,2026-06-29 19:53:58.413448+00:00
3048,105.0,209.01,2,21238.1,-5895.4015,-3900.1086,7889.607248156635,0.294,100.0,0.0,12,756,567.3,1881.76,12,3.0,2.0,2026-06-29 19:53:58.413448+00:00
3058,0.0,118.76,1,6189.18,13072.46,12656.3375,2073.8126685227026,0.1993,100.0,0.0,1,671,0.0,814.07,6,0.0,0.0,2026-06-29 19:53:58.413448+00:00
3066,7.0,132.08,2,12272.34,13773.299375,16854.206,11531.649434935605,0.1551,100.0,0.0,1,648,19.89,1396.68,8,0.0,1.0,2026-06-29 19:53:58.413448+00:00
3083,51.0,0.0,4,30639.96,14855.8625,10455.973863636364,22439.722211683194,0.5188,100.0,0.0,45,794,261.66,12048.26,10,2.0,3.0,2026-06-29 19:53:58.413448+00:00
3090,0.0,0.0,0,0.0,14764.343333333334,10449.952142857142,3695.6308853528626,0.5888,100.0,0.0,47,694,0.0,272.87,1,0.0,0.0,2026-06-29 19:53:58.413448+00:00
3095,63.0,72.73,3,27947.06,-103.6875,-685.815652173913,15320.70547981755,0.6098,100.0,0.0,40,730,0.0,314.27,3,0.0,0.0,2026-06-29 19:53:58.413448+00:00
3115,62.0,42.3,2,17818.0,-5901.572727272727,-7878.349032258065,9280.432140918274,0.7151,100.0,0.0,14,655,0.0,574.52,5,3.0,1.0,2026-06-29 19:53:58.413448+00:00
3128,0.0,40.69,1,5304.76,2411.4966666666664,3705.8263636363636,2080.5555783897235,0.6432,100.0,0.0,15,687,139.0,139.0,1,0.0,1.0,2026-06-29 19:53:58.413448+00:00
3138,42.0,0.0,3,31039.49,-3557.599,-2375.0136,10024.58125376931,0.623,100.0,0.0,105,713,362.09,933.43,6,2.0,1.0,2026-06-29 19:53:58.413448+00:00
3157,46.0,64.22,2,19831.22,-2886.8544444444447,-1111.0186486486487,6188.202801247543,0.7821,100.0,0.0,5,660,188.45,651.58,4,1.0,0.0,2026-06-29 19:53:58.413448+00:00
3159,21.0,114.93,2,22617.83,10029.712727272727,6547.396315789474,7761.966109445747,0.0549,100.0,0.0,70,642,11.84,372.99,5,2.0,1.0,2026-06-29 19:53:58.413448+00:00
3189,2.0,30.79,3,24069.85,2716.2141666666666,4240.643529411765,3222.481693372437,0.9953,100.0,0.0,29,686,172.9,14665.79,6,5.0,1.0,2026-06-29 19:53:58.413448+00:00
3194,0.0,59.51,0,0.0,11395.852142857142,12178.426363636363,7454.134757710514,0.5811,100.0,0.0,98,596,547.4,1081.23,9,1.0,2.0,2026-06-29 19:53:58.413448+00:00
3204,2.0,130.38,4,27998.35,6125.779,6944.4388461538465,6611.773169421304,0.2352,100.0,0.0,54,790,10087.05,10290.7,4,1.0,0.0,2026-06-29 19:53:58.413448+00:00
3215,66.0,199.72,4,31728.68,2876.5192857142856,2015.811724137931,11899.46106132501,0.8889,100.0,0.0,13,692,218.62,452.49,5,3.0,5.0,2026-06-29 19:53:58.413448+00:00
3217,0.0,34.31,0,0.0,1838.32,1705.6192857142858,192.43949372436234,0.5415,100.0,0.0,88,687,0.0,231.19,1,0.0,1.0,2026-06-29 19:53:58.413448+00:00
3252,52.0,122.68,1,11429.6,6062.417272727273,2584.660277777778,7768.416056689452,0.6786,100.0,0.0,14,637,0.0,262.82,3,0.0,1.0,2026-06-29 19:53:58.413448+00:00
3321,0.0,117.18,0,0.0,6517.43,6036.6895,4869.212458723367,0.2269,100.0,0.0,6,710,0.0,159.25,1,0.0,1.0,2026-06-29 19:53:58.413448+00:00
3329,0.0,0.0,1,7231.69,17664.513333333332,10877.242580645161,9788.405771541115,0.6921,100.0,0.0,120,780,0.0,469.77,3,0.0,0.0,2026-06-29 19:53:58.413448+00:00
3333,39.0,204.54,1,7678.19,4207.141538461538,3101.853076923077,4760.418409715099,0.7183,100.0,0.0,66,654,232.96,1118.54,9,0.0,2.0,2026-06-29 19:53:58.413448+00:00
3342,0.0,24.95,0,0.0,15347.45375,16016.430689655172,15304.225645063732,0.028,100.0,0.0,50,845,541.72,943.98,6,3.0,1.0,2026-06-29 19:53:58.413448+00:00
3386,0.0,33.78,0,0.0,9627.577142857142,12332.585263157895,3761.403693594032,0.6809,100.0,0.0,36,822,0.0,407.96,5,0.0,0.0,2026-06-29 19:53:58.413448+00:00
3393,64.0,196.38,1,8128.18,6663.51375,6679.0098148148145,13734.425485196554,0.8192,100.0,0.0,9,616,104.38,810.51,6,4.0,1.0,2026-06-29 19:53:58.413448+00:00
3399,3.0,0.0,2,18150.69,11543.458888888888,12298.224242424243,12302.099816412547,0.4265,100.0,0.0,33,651,344.61,1021.89,7,1.0,0.0,2026-06-29 19:53:58.413448+00:00
3455,0.0,54.08,3,19321.84,13391.812307692308,13821.63,8574.856067050921,0.2356,100.0,0.0,50,788,0.0,1059.8,4,0.0,1.0,2026-06-29 19:53:58.413448+00:00
3465,53.0,268.11,4,37694.22,-6212.3718181818185,-2155.6217142857145,16081.147231701292,0.9298,100.0,0.0,73,755,0.0,8302.53,4,0.0,1.0,2026-06-29 19:53:58.413448+00:00
3468,16.0,33.58,1,11723.74,9137.474444444444,7493.203333333333,9689.823545917043,0.8424,100.0,0.0,132,693,0.0,685.31,2,1.0,0.0,2026-06-29 19:53:58.413448+00:00
3472,1.0,92.26,1,11073.09,1729.6442857142856,1108.7875,677.7713611980132,0.9856,100.0,0.0,69,611,0.0,82.81,2,1.0,0.0,2026-06-29 19:53:58.413448+00:00
3511,19.0,41.32,2,11624.74,8481.092857142858,8607.824,5955.397196125628,0.2671,100.0,0.0,44,674,5489.86,6242.14,6,1.0,1.0,2026-06-29 19:53:58.413448+00:00
3517,72.0,56.75,6,55184.73,-9484.117272727273,-1664.13125,18476.23107090456,0.0219,100.0,0.0,80,850,0.0,12093.0,6,2.0,1.0,2026-06-29 19:53:58.413448+00:00
3533,0.0,62.67,0,0.0,16125.856666666667,15700.742105263158,1418.7525033049276,0.1066,100.0,0.0,61,688,0.0,155.86,3,1.0,1.0,2026-06-29 19:53:58.413448+00:00
3541,47.0,75.59,3,32010.5,-12120.953636363636,-6095.414571428571,12190.257953913011,0.4295,100.0,0.0,33,739,0.0,330.13,4,1.0,1.0,2026-06-29 19:53:58.413448+00:00
3546,0.0,32.16,0,0.0,11773.808571428572,13308.364285714286,8961.627550975565,0.5016,100.0,0.0,39,658,96.46,913.17,7,1.0,1.0,2026-06-29 19:53:58.413448+00:00
3579,72.0,134.58,3,17706.6,1123.98,4764.0890625,12637.692621403778,0.2856,100.0,0.0,38,642,188.14,1007.56,9,2.0,3.0,2026-06-29 19:53:58.413448+00:00
3622,37.0,0.0,4,29724.52,-5370.44,-5289.5634375,10890.643705096594,0.9323,100.0,0.0,113,700,212.69,7727.01,7,0.0,3.0,2026-06-29 19:53:58.413448+00:00
3636,5.0,105.44,5,36217.85,6015.556153846153,6072.602340425532,2162.5562296565586,0.5967,100.0,0.0,70,700,0.0,1111.82,9,3.0,4.0,2026-06-29 19:53:58.413448+00:00
3641,21.0,106.07,2,12936.43,12470.357857142857,10362.265238095239,12406.740989405685,0.5194,100.0,0.0,26,796,202.0,717.15,5,5.0,0.0,2026-06-29 19:53:58.413448+00:00
3646,34.0,20.6,4,32257.33,3593.264705882353,3725.541842105263,9913.796851349543,0.3262,100.0,0.0,29,572,565.99,1676.13,11,2.0,0.0,2026-06-29 19:53:58.413448+00:00
3655,24.0,34.66,5,43975.37,-525.22,7717.331470588235,5592.720387469102,0.9196,100.0,0.0,69,691,70.2,12299.17,3,2.0,1.0,2026-06-29 19:53:58.413448+00:00
3692,30.0,155.41,4,34730.4,1952.5776,3591.114923076923,10187.631823128897,0.3816,100.0,0.0,69,773,669.96,1711.2,13,2.0,0.0,2026-06-29 19:53:58.413448+00:00
3702,82.0,119.15,1,11786.14,5692.250588235294,1280.3546511627908,15825.722309592637,0.473,100.0,0.0,23,746,156.85,1093.9,8,1.0,3.0,2026-06-29 19:53:58.413448+00:00
3706,0.0,46.01,0,0.0,7705.11,6637.805,1385.1935521525504,0.1982,100.0,0.0,122,758,0.0,67.96,1,3.0,0.0,2026-06-29 19:53:58.413448+00:00
3735,6.0,105.48,1,8474.35,9900.826666666666,10159.2972,6930.04338608519,0.9335,100.0,0.0,55,713,0.0,142.68,1,0.0,2.0,2026-06-29 19:53:58.413448+00:00
3736,100.0,191.87,4,32919.8,-14091.656153846154,-8879.930204081633,19378.20836974468,0.8745,100.0,0.0,51,719,230.89,567.5,5,2.0,2.0,2026-06-29 19:53:58.413448+00:00
3786,46.0,58.21,0,0.0,8138.415555555555,14320.7384375,12372.6924672222,0.8583,100.0,0.0,20,670,0.0,376.55,3,1.0,0.0,2026-06-29 19:53:58.413448+00:00
3820,32.0,143.04,3,25676.6,-1542.8255555555556,-2471.58,3895.9373863071883,0.9336,100.0,0.0,107,850,71.72,687.61,3,0.0,2.0,2026-06-29 19:53:58.413448+00:00
3826,88.0,39.35,2,21771.5,-3128.4486666666667,-4697.63375,7314.467155655502,0.3408,100.0,0.0,28,647,0.0,479.64,2,1.0,0.0,2026-06-29 19:53:58.413448+00:00
3831,53.0,144.42,3,24515.58,7138.04,4441.5178,13981.812391866402,0.9202,100.0,0.0,30,742,192.78,1939.25,11,4.0,0.0,2026-06-29 19:53:58.413448+00:00
3838,0.0,29.95,0,0.0,7559.77,8340.772222222222,1935.4028881563522,0.582,100.0,0.0,1,731,0.0,447.95,3,1.0,0.0,2026-06-29 19:53:58.413448+00:00
3846,43.0,74.92,5,41189.51,3411.2157894736843,3969.256363636364,19601.82948293499,0.3951,100.0,0.0,64,780,789.44,7432.66,11,4.0,0.0,2026-06-29 19:53:58.413448+00:00
3859,0.0,151.42,0,0.0,9483.92111111111,9299.452045454545,5091.2053066277385,0.2105,100.0,0.0,21,626,403.01,1365.62,9,2.0,0.0,2026-06-29 19:53:58.413448+00:00
3866,0.0,11.88,0,0.0,5885.65,6110.7,185.97152207319897,0.4322,100.0,0.0,32,732,137.05,137.05,1,0.0,1.0,2026-06-29 19:53:58.413448+00:00
3871,34.0,75.25,4,35263.53,1109.065,1831.2569444444443,2655.6875519642545,0.7677,100.0,0.0,105,801,280.93,1167.97,9,2.0,3.0,2026-06-29 19:53:58.413448+00:00
3887,40.0,145.6,2,18542.96,434.81888888888886,-547.9175862068965,13294.819945652014,0.5088,100.0,0.0,3,663,320.01,759.24,3,1.0,2.0,2026-06-29 19:53:58.413448+00:00
3890,42.0,41.08,1,10095.36,-5095.15875,-2314.597222222222,15381.86149216552,0.5016,100.0,0.0,10,717,168.24,467.76,7,1.0,1.0,2026-06-29 19:53:58.413448+00:00
3892,35.0,106.29,1,10723.17,-2833.6916666666666,2803.643541666667,15007.088700544817,0.5995,100.0,0.0,12,775,222.75,1707.19,13,3.0,1.0,2026-06-29 19:53:58.413448+00:00
3910,17.0,198.26,1,6777.85,6193.138461538461,8806.567708333334,12017.290203740858,0.1512,100.0,0.0,57,822,104.66,614.88,5,5.0,1.0,2026-06-29 19:53:58.413448+00:00
3912,1.0,89.97,0,0.0,14761.638571428572,12387.190909090908,8883.495994366624,0.8665,100.0,0.0,20,575,855.29,1445.15,6,1.0,1.0,2026-06-29 19:53:58.413448+00:00
3921,0.0,83.24,1,6182.08,11827.438,11244.381666666666,2141.9285624269155,0.4404,100.0,0.0,4,723,153.99,754.32,4,0.0,4.0,2026-06-29 19:53:58.413448+00:00
3928,21.0,11.37,2,21456.02,7029.087272727273,2365.964615384615,11315.011317688426,0.9544,100.0,0.0,55,652,121.84,723.18,4,1.0,0.0,2026-06-29 19:53:58.413448+00:00
3936,2.0,69.59,0,0.0,11583.143333333333,9641.35,5484.743569917178,0.0291,100.0,0.0,95,517,188.54,962.25,3,0.0,1.0,2026-06-29 19:53:58.413448+00:00
3948,36.0,188.22,3,27654.0,3602.410588235294,5203.948181818182,8172.481549500441,0.617,100.0,0.0,49,706,478.43,1094.51,7,2.0,2.0,2026-06-29 19:53:58.413448+00:00
3969,66.0,109.99,0,0.0,7154.4125,4941.602682926829,8663.222812668067,0.0213,100.0,0.0,12,710,32.58,422.16,5,1.0,3.0,2026-06-29 19:53:58.413448+00:00
3996,50.0,45.74,2,20946.3,-1146.1833333333334,287.86636363636364,7909.631707185778,0.4398,100.0,0.0,94,639,543.44,753.88,8,3.0,1.0,2026-06-29 19:53:58.413448+00:00
3997,0.0,60.65,1,5468.74,10525.587777777779,10225.173428571428,1321.7684416264724,0.3117,100.0,0.0,35,710,279.07,423.44,5,4.0,1.0,2026-06-29 19:53:58.413448+00:00
4019,2.0,151.06,3,23446.69,9103.343529411764,10323.620930232559,4614.359852979087,0.7122,100.0,0.0,18,613,355.53,971.28,9,2.0,3.0,2026-06-29 19:53:58.413448+00:00
4022,55.0,114.69,1,5760.75,18273.645,13005.339166666667,13176.751747990726,0.1842,100.0,0.0,8,623,70.77,524.77,5,0.0,1.0,2026-06-29 19:53:58.413448+00:00
4030,27.0,43.74,3,27357.24,2430.046,2722.4377419354837,2867.751956693319,0.5035,100.0,0.0,42,682,220.88,830.67,6,0.0,0.0,2026-06-29 19:53:58.413448+00:00
4038,29.0,77.72,2,19317.95,17181.7865,15398.062432432433,15228.060963202095,0.6426,100.0,0.0,52,605,469.02,1513.08,8,4.0,0.0,2026-06-29 19:53:58.413448+00:00
4055,24.0,0.0,1,8447.6,6541.128,8875.3815,8726.518705938906,0.7989,100.0,0.0,41,604,118.87,297.42,3,1.0,0.0,2026-06-29 19:53:58.413448+00:00
4062,36.0,89.3,2,16541.07,2442.931111111111,2344.221794871795,9332.968639064327,0.8335,100.0,0.0,68,821,337.61,1971.29,13,0.0,2.0,2026-06-29 19:53:58.413448+00:00
4070,0.0,25.09,1,12037.08,8872.778,8812.335,6135.359890745,0.4904,100.0,0.0,38,715,0.0,247.87,3,2.0,0.0,2026-06-29 19:53:58.413448+00:00
4106,0.0,82.58,0,0.0,9081.718,9553.818571428572,1935.1365481531166,0.6177,100.0,0.0,64,723,59.12,554.41,3,1.0,0.0,2026-06-29 19:53:58.413448+00:00
4112,33.0,90.32,4,40820.7,-1522.605,652.3548387096774,7285.658047226877,0.9063,100.0,0.0,90,664,445.18,989.54,7,1.0,1.0,2026-06-29 19:53:58.413448+00:00
4114,33.0,49.73,4,43900.22,-4046.8115384615385,-3961.5976,10175.008341193743,0.9242,100.0,0.0,84,696,234.69,912.35,5,0.0,1.0,2026-06-29 19:53:58.413448+00:00
4116,31.0,57.26,1,5703.8,5892.105625,6552.445238095238,6462.48974228724,0.5253,100.0,0.0,72,646,140.9,887.56,6,0.0,2.0,2026-06-29 19:53:58.413448+00:00
4123,82.0,87.96,3,20094.4,-2759.7194444444444,-2125.3918867924526,7384.892085251312,0.5646,100.0,0.0,48,743,50.67,7182.03,12,4.0,1.0,2026-06-29 19:53:58.413448+00:00
4132,37.0,228.71,4,35822.93,24460.655,22402.723235294117,27432.391854498637,0.8452,100.0,0.0,109,804,223.88,814.2,5,0.0,0.0,2026-06-29 19:53:58.413448+00:00
4143,43.0,94.83,0,0.0,6950.874444444445,6853.0028571428575,6020.86494181766,0.7904,100.0,0.0,70,684,48.39,702.77,5,1.0,3.0,2026-06-29 19:53:58.413448+00:00
4181,89.0,245.77,4,39506.96,-5943.995714285715,-5979.38,13782.520761672891,0.7782,100.0,0.0,29,679,761.5,1410.92,9,2.0,2.0,2026-06-29 19:53:58.413448+00:00
4191,80.0,0.0,2,14785.39,-5644.618888888889,-2743.51,10945.96668560354,0.9212,100.0,0.0,3,758,0.0,447.82,4,0.0,2.0,2026-06-29 19:53:58.413448+00:00
4197,15.0,77.36,3,31769.25,3573.2873684210526,4277.777777777777,9442.628146724568,0.0848,100.0,0.0,131,679,181.1,1090.82,9,0.0,1.0,2026-06-29 19:53:58.413448+00:00
4203,31.0,48.69,1,8074.61,15338.815714285714,18958.01135135135,15504.6134157819,0.2491,100.0,0.0,65,696,0.0,347.8,3,3.0,0.0,2026-06-29 19:53:58.413448+00:00
4231,0.0,0.0,1,11484.16,4954.106,4881.443043478261,349.16027444800216,0.3739,100.0,0.0,74,617,52.0,201.84,3,1.0,0.0,2026-06-29 19:53:58.413448+00:00
4241,60.0,176.34,4,40048.54,-603.8693333333333,-741.5145454545454,18583.094505777663,0.0729,100.0,0.0,5,805,10317.64,11587.53,10,1.0,2.0,2026-06-29 19:53:58.413448+00:00
4253,6.0,26.75,1,7204.75,7154.608,7659.429444444444,2818.754895855856,0.302,100.0,0.0,57,778,0.0,318.56,2,0.0,0.0,2026-06-29 19:53:58.413448+00:00
4254,29.0,84.2,3,32260.83,-14304.228333333333,-6922.010666666667,7828.332660009169,0.7982,100.0,0.0,88,764,0.0,12154.91,4,1.0,0.0,2026-06-29 19:53:58.413448+00:00
4255,150.0,161.29,4,31458.06,-10512.834615384616,-7614.682666666667,7613.515991536205,0.936,100.0,0.0,3,765,104.53,785.58,6,1.0,0.0,2026-06-29 19:53:58.413448+00:00
4258,38.0,40.24,1,10537.95,-792.2575,-1204.568,392.8601929304283,0.7294,100.0,0.0,91,697,32.85,158.83,3,0.0,0.0,2026-06-29 19:53:58.413448+00:00
4264,21.0,17.04,1,7030.5,15566.568,15861.16,376.60885017924534,0.6295,100.0,0.0,123,693,445.75,620.61,2,0.0,0.0,2026-06-29 19:53:58.413448+00:00
4279,31.0,12.23,0,0.0,3161.3816666666667,5764.858214285714,7076.404397890538,0.6177,100.0,0.0,26,774,746.01,1603.69,8,1.0,2.0,2026-06-29 19:53:58.413448+00:00
4296,65.0,18.33,2,16879.89,-4135.0633333333335,-1413.135909090909,7524.686811086714,0.5516,100.0,0.0,4,647,0.0,267.88,3,1.0,1.0,2026-06-29 19:53:58.413448+00:00
4306,68.0,10.28,4,36335.8,-13734.722857142857,-9964.3036,5661.7889717663475,0.4224,100.0,0.0,94,741,106.11,9500.32,5,1.0,0.0,2026-06-29 19:53:58.413448+00:00
4320,18.0,33.16,1,10007.34,10849.245555555555,7669.07375,7585.125130642512,0.6464,100.0,0.0,27,689,0.0,202.89,1,2.0,0.0,2026-06-29 19:53:58.413448+00:00
4323,0.0,107.54,1,5541.31,20434.292142857143,20542.070333333333,5357.126346192507,0.3606,100.0,0.0,10,790,428.01,6324.39,5,1.0,1.0,2026-06-29 19:53:58.413448+00:00
4341,0.0,11.91,0,0.0,6912.66,6039.131578947368,3560.034286970109,0.6981,100.0,0.0,83,652,113.05,272.32,2,0.0,1.0,2026-06-29 19:53:58.413448+00:00
4344,71.0,60.16,1,9140.55,7704.755,11428.619743589743,12772.474806149316,0.6936,100.0,0.0,47,585,0.0,810.12,8,7.0,2.0,2026-06-29 19:53:58.413448+00:00
4359,0.0,87.33,2,18152.54,6309.922,7614.72294117647,2318.13199114234,0.5993,100.0,0.0,6,743,0.0,949.08,9,1.0,0.0,2026-06-29 19:53:58.413448+00:00
4372,0.0,69.44,0,0.0,11057.516666666666,10995.798571428571,107.54128568382684,0.9112,100.0,0.0,67,671,226.42,226.42,1,1.0,0.0,2026-06-29 19:53:58.413448+00:00
4376,61.0,198.68,3,32651.21,-1924.987894736842,-1508.1162745098038,11044.207416997946,0.7385,100.0,0.0,12,728,10864.84,23964.73,10,1.0,3.0,2026-06-29 19:53:58.413448+00:00
4384,0.0,73.89,1,10555.32,18327.575263157894,13979.080625,9037.231317419715,0.1741,100.0,0.0,9,684,204.46,1178.81,7,2.0,0.0,2026-06-29 19:53:58.413448+00:00
4391,30.0,29.81,2,16964.58,5825.644545454546,6858.774324324324,9606.617459951842,0.937,100.0,0.0,4,724,379.52,545.3,5,4.0,0.0,2026-06-29 19:53:58.413448+00:00
4411,41.0,54.74,5,41132.19,-2438.6581818181817,-670.3937142857143,16643.409236303214,0.3146,100.0,0.0,57,767,262.59,768.86,8,1.0,1.0,2026-06-29 19:53:58.413448+00:00
4418,0.0,45.47,0,0.0,6825.6466666666665,6373.550833333334,4666.816395306831,0.1996,100.0,0.0,14,760,44.88,524.73,4,0.0,1.0,2026-06-29 19:53:58.413448+00:00
4423,86.0,47.27,6,55490.29,-15325.874285714286,-10337.5784375,23891.73427145895,0.3326,100.0,0.0,27,691,0.0,466.75,5,3.0,1.0,2026-06-29 19:53:58.413448+00:00
4424,0.0,0.0,0,0.0,14974.24,14977.0525,41.15078150837461,0.9104,100.0,0.0,52,827,114.98,114.98,1,1.0,0.0,2026-06-29 19:53:58.413448+00:00
4444,13.0,31.28,3,22701.73,342.7825,3905.511785714286,13783.40766505616,0.3894,100.0,0.0,127,850,8029.64,8421.12,5,0.0,0.0,2026-06-29 19:53:58.413448+00:00
4467,0.0,48.86,0,0.0,16834.135833333334,12538.351707317073,5913.282696434008,0.6038,100.0,0.0,12,621,51.44,461.51,6,0.0,1.0,2026-06-29 19:53:58.413448+00:00
4511,58.0,76.34,5,44792.94,-9815.536875,-7263.449428571428,9646.670284150883,0.3151,100.0,0.0,28,703,375.5,11469.71,10,1.0,0.0,2026-06-29 19:53:58.413448+00:00
4515,36.0,254.21,1,11767.1,10903.7375,7837.167307692308,10092.62494041827,0.9409,100.0,0.0,110,681,304.42,1622.81,12,2.0,2.0,2026-06-29 19:53:58.413448+00:00
4518,52.0,39.9,3,27037.24,4072.3454545454547,6035.30175,11502.826715209307,0.0076,100.0,0.0,6,726,51.38,9016.92,4,1.0,4.0,2026-06-29 19:53:58.413448+00:00
4539,74.0,226.72,2,11125.7,3644.146,-180.6390909090909,6235.702297521172,0.1192,100.0,0.0,25,693,241.56,603.45,4,3.0,1.0,2026-06-29 19:53:58.413448+00:00
4580,0.0,0.0,0,0.0,21102.65,21019.16625,159.75549332788952,0.0055,100.0,0.0,39,792,0.0,40.52,1,0.0,0.0,2026-06-29 19:53:58.413448+00:00
4619,59.0,57.34,1,9727.87,42.455,488.4951351351351,4860.81234217039,0.2646,100.0,0.0,26,709,499.78,1805.78,12,0.0,1.0,2026-06-29 19:53:58.413448+00:00
4623,0.0,0.0,1,5549.41,12079.234,8640.3525,8297.611968793115,0.0692,100.0,0.0,102,682,124.29,124.29,1,1.0,0.0,2026-06-29 19:53:58.413448+00:00
4646,97.0,98.47,4,35302.52,-6068.93375,-4127.66972972973,11349.072612057993,0.4474,100.0,0.0,5,660,82.83,704.98,6,1.0,2.0,2026-06-29 19:53:58.413448+00:00
4648,85.0,46.45,5,44877.34,-22567.482,-21464.032068965516,20688.75137221329,0.9952,100.0,0.0,124,783,38.47,11195.51,7,1.0,0.0,2026-06-29 19:53:58.413448+00:00
4658,0.0,67.49,1,5493.22,15705.166,11811.82076923077,6506.379687884406,0.9696,100.0,0.0,106,720,103.79,322.98,2,1.0,1.0,2026-06-29 19:53:58.413448+00:00
4661,0.0,69.25,1,7081.85,6417.085555555555,7668.953913043479,4019.558559167952,0.4285,100.0,0.0,37,570,0.0,790.42,3,1.0,1.0,2026-06-29 19:53:58.413448+00:00
4667,31.0,0.0,2,19167.04,3840.4708333333333,857.13,4683.822370423419,0.5525,100.0,0.0,22,701,153.02,347.88,3,2.0,2.0,2026-06-29 19:53:58.413448+00:00
4672,1.0,0.0,0,0.0,13141.47,6002.79125,5033.279729106652,0.3466,100.0,0.0,5,804,97.36,97.36,1,1.0,0.0,2026-06-29 19:53:58.413448+00:00
4720,26.0,50.8,2,13448.05,-538.1044444444444,-811.5003846153846,2779.1316338485167,0.0063,100.0,0.0,22,695,0.0,361.72,3,1.0,2.0,2026-06-29 19:53:58.413448+00:00
4726,18.0,93.67,2,18246.6,9236.086,6019.857297297297,8530.839285856124,0.3625,100.0,0.0,105,782,0.0,688.06,5,0.0,2.0,2026-06-29 19:53:58.413448+00:00
4743,0.0,120.5,1,11670.87,14094.914545454545,13109.042285714286,4001.5901846696456,0.1817,100.0,0.0,1,842,0.0,196.63,4,1.0,0.0,2026-06-29 19:53:58.413448+00:00
4755,26.0,111.88,3,26746.3,-727.775,-3076.2964,8784.141148825367,0.089,100.0,0.0,79,708,436.91,574.35,5,0.0,0.0,2026-06-29 19:53:58.413448+00:00
4788,32.0,78.24,1,6105.47,6715.386666666666,7913.880476190476,10142.76690294873,0.253,100.0,0.0,95,630,0.0,703.96,6,0.0,0.0,2026-06-29 19:53:58.413448+00:00
4791,36.0,48.18,2,14501.69,20460.31142857143,16125.857291666667,19923.24514691954,0.95,100.0,0.0,64,677,427.42,6981.87,10,1.0,1.0,2026-06-29 19:53:58.413448+00:00
4809,27.0,174.78,1,6201.43,1092.9966666666667,511.085,4910.140258726776,0.5996,100.0,0.0,110,815,173.18,441.57,2,3.0,1.0,2026-06-29 19:53:58.413448+00:00
4833,0.0,0.0,0,0.0,3881.12,3855.3615384615387,116.86130535785081,0.9127,100.0,0.0,71,679,0.0,256.27,3,0.0,0.0,2026-06-29 19:53:58.413448+00:00
4840,60.0,203.4,2,18556.23,6987.828076923077,8663.663958333333,6349.759825810915,0.8195,100.0,0.0,4,663,595.92,2743.87,17,1.0,4.0,2026-06-29 19:53:58.413448+00:00
4853,51.0,214.19,2,15569.51,6469.5615,5122.146818181818,11088.657845259308,0.4454,100.0,0.0,104,627,83.59,1120.52,11,1.0,5.0,2026-06-29 19:53:58.413448+00:00
4870,0.0,0.0,0,0.0,24172.464,23520.03722222222,559.2544361698149,0.9972,100.0,0.0,69,759,11.61,183.25,2,1.0,1.0,2026-06-29 19:53:58.413448+00:00
4879,17.0,30.28,2,21747.29,9546.006666666666,11160.954642857143,10151.154712448615,0.8922,100.0,0.0,11,655,0.0,372.71,3,1.0,1.0,2026-06-29 19:53:58.413448+00:00
4885,111.0,105.6,3,22520.11,8482.382352941177,3424.845,15050.822113553419,0.9705,100.0,0.0,73,685,0.0,1081.51,6,3.0,1.0,2026-06-29 19:53:58.413448+00:00
4914,9.0,110.92,0,0.0,5808.793636363636,7740.480833333333,8167.080873048071,0.2258,100.0,0.0,15,800,0.0,279.84,3,1.0,2.0,2026-06-29 19:53:58.413448+00:00
238,0.0,21.83,0,0.0,18640.21,18416.304285714286,301.416225881239,0.8217,100.0,0.0,135,642,0.0,0.0,0,0.0,0.0,2026-06-29 19:53:58.413448+00:00
824,0.0,42.65,0,0.0,48882.714,46640.835,4967.290621723558,0.9817,100.0,0.0,21,706,0.0,0.0,0,1.0,1.0,2026-06-29 19:53:58.413448+00:00
988,44.0,109.16,0,0.0,7517.65,6080.153157894737,7732.674230692058,0.9278,100.0,0.0,108,684,0.0,0.0,0,2.0,0.0,2026-06-29 19:53:58.413448+00:00
1355,0.0,11.99,0,0.0,0.0,0.0,0.0,0.6043,100.0,0.0,48,631,0.0,0.0,0,0.0,0.0,2026-06-29 19:53:58.413448+00:00
1571,0.0,34.22,0,0.0,12277.335,26007.063,15504.468630883839,0.3542,100.0,0.0,27,584,0.0,0.0,0,0.0,3.0,2026-06-29 19:53:58.413448+00:00
2775,0.0,36.17,0,0.0,12555.99,12197.864545454546,201.1960161074782,0.5488,100.0,0.0,26,654,0.0,0.0,0,0.0,0.0,2026-06-29 19:53:58.413448+00:00
3384,7.0,17.14,1,6775.17,-2684.04,-2566.8933333333334,182.89066161541004,0.3398,100.0,0.0,12,712,0.0,0.0,0,1.0,0.0,2026-06-29 19:53:58.413448+00:00
4097,0.0,32.04,0,0.0,39133.3325,38645.26933333333,14894.519364923222,0.3962,100.0,0.0,11,759,0.0,0.0,0,2.0,0.0,2026-06-29 19:53:58.413448+00:00
4133,0.0,20.82,1,12110.56,18609.06,18286.16,3386.2104169003956,0.5832,100.0,0.0,60,819,0.0,0.0,0,1.0,0.0,2026-06-29 19:53:58.413448+00:00
4168,0.0,0.0,0,0.0,9576.26,8970.32909090909,377.6325035956266,0.9431,100.0,0.0,63,784,0.0,0.0,0,0.0,0.0,2026-06-29 19:53:58.413448+00:00
4452,0.0,66.55,0,0.0,23259.48,23245.576,63.54714986177972,0.326,100.0,0.0,32,703,0.0,0.0,0,0.0,0.0,2026-06-29 19:53:58.413448+00:00
4782,45.0,47.85,0,0.0,14401.254,10243.884,9882.004505651421,0.5523,100.0,0.0,2,743,0.0,0.0,0,1.0,1.0,2026-06-29 19:53:58.413448+00:00
4,0.0,0.0,0,0.0,10124.605,9741.22,275.66710761754337,0.5253,100.0,0.0,25,637,0.0,19.91,1,0.0,0.0,2026-06-29 19:53:58.413448+00:00
37,47.0,107.84,3,29435.19,2592.0906666666665,2611.7161111111113,5115.60653410873,0.3896,100.0,0.0,2,720,639.38,1294.59,7,3.0,0.0,2026-06-29 19:53:58.413448+00:00
74,107.0,85.11,5,46677.42,-18379.047142857144,-13770.425,9756.393802399105,0.188,100.0,0.0,87,615,0.0,16633.36,4,2.0,1.0,2026-06-29 19:53:58.413448+00:00
83,20.0,0.0,1,9527.48,-2089.6,1409.2570588235294,9514.219317787558,0.0961,100.0,0.0,73,742,0.0,240.4,1,1.0,0.0,2026-06-29 19:53:58.413448+00:00
117,55.0,159.44,3,21314.86,9620.49,1615.1424137931035,10751.07093037735,0.7565,100.0,0.0,98,802,0.0,577.93,5,0.0,2.0,2026-06-29 19:53:58.413448+00:00
143,83.0,42.39,2,17493.44,-925.3886666666667,-2004.489512195122,5209.071790385786,0.155,100.0,0.0,18,669,459.43,1141.11,9,2.0,1.0,2026-06-29 19:53:58.413448+00:00
147,0.0,63.76,0,0.0,15338.4775,15450.1465625,8592.12764164951,0.4341,100.0,0.0,25,818,98.17,600.12,7,1.0,2.0,2026-06-29 19:53:58.413448+00:00
148,55.0,31.72,4,37654.58,-5310.516842105263,-5404.421428571429,14897.994783326758,0.3137,100.0,0.0,87,712,352.26,1354.73,11,1.0,1.0,2026-06-29 19:53:58.413448+00:00
179,0.0,43.82,0,0.0,18572.547777777778,18878.67,3563.5001088536537,0.3402,100.0,0.0,134,619,315.71,1380.37,7,2.0,0.0,2026-06-29 19:53:58.413448+00:00
187,0.0,71.64,0,0.0,13529.29,14908.570270270271,12862.558092069225,0.0067,100.0,0.0,1,723,150.62,809.1,7,2.0,3.0,2026-06-29 19:53:58.413448+00:00
211,29.0,123.63,4,31131.75,7670.518333333333,9152.193913043478,6144.918822958322,0.6673,100.0,0.0,28,647,92.65,982.88,7,1.0,1.0,2026-06-29 19:53:58.413448+00:00
216,72.0,111.54,6,51667.76,-9419.463125,-7398.831111111111,13418.934520624483,0.1159,100.0,0.0,70,655,735.54,1283.89,6,1.0,3.0,2026-06-29 19:53:58.413448+00:00
224,54.0,97.14,4,38048.49,-5357.804,-6020.863571428571,9301.42333452056,0.7188,100.0,0.0,43,646,46.74,557.56,4,1.0,1.0,2026-06-29 19:53:58.413448+00:00
263,23.0,65.07,3,30012.6,-1581.3106666666667,4507.291578947368,9913.038117951031,0.6989,100.0,0.0,26,850,129.59,972.23,8,0.0,1.0,2026-06-29 19:53:58.413448+00:00
305,48.0,98.18,2,15603.94,10101.291818181819,10422.320285714286,18300.112985499036,0.1849,100.0,0.0,117,748,29.23,819.85,5,1.0,0.0,2026-06-29 19:53:58.413448+00:00
312,58.0,94.39,2,14777.93,1997.3236842105264,3636.929285714286,11381.558161366505,0.315,100.0,0.0,46,667,427.48,9998.74,7,2.0,0.0,2026-06-29 19:53:58.413448+00:00
317,0.0,132.17,0,0.0,12251.21375,12769.825,2329.4076396318787,0.2132,100.0,0.0,70,730,0.0,452.97,3,0.0,0.0,2026-06-29 19:53:58.413448+00:00
328,0.0,39.33,1,7274.83,8661.5,8998.504285714285,152.2776486607035,0.6741,100.0,0.0,133,734,0.0,181.29,1,1.0,0.0,2026-06-29 19:53:58.413448+00:00
363,0.0,19.31,0,0.0,7614.015,7697.74375,167.8117014645806,0.2308,100.0,0.0,53,598,0.0,147.39,1,1.0,1.0,2026-06-29 19:53:58.413448+00:00
378,0.0,0.0,0,0.0,26364.18,26116.166666666668,153.75593658638203,0.3698,100.0,0.0,12,645,0.0,132.14,2,0.0,0.0,2026-06-29 19:53:58.413448+00:00
403,7.0,56.6,6,49495.79,3011.307333333333,2699.061627906977,5633.9191930533425,0.8929,100.0,0.0,65,760,236.78,11453.23,11,1.0,1.0,2026-06-29 19:53:58.413448+00:00
416,78.0,79.82,5,47921.0,-5224.396363636363,-6418.454102564103,13655.025529839839,0.675,100.0,0.0,93,693,0.0,416.09,4,4.0,1.0,2026-06-29 19:53:58.413448+00:00
417,62.0,151.5,6,55309.0,-12178.651666666667,-6547.018125,11692.709240532862,0.9407,100.0,0.0,94,684,181.3,11643.45,8,0.0,2.0,2026-06-29 19:53:58.413448+00:00
421,5.0,77.66,1,8204.11,13033.272307692308,15555.778333333334,12590.518074057094,0.1403,100.0,0.0,41,622,444.27,1059.11,7,3.0,1.0,2026-06-29 19:53:58.413448+00:00
437,25.0,39.18,2,12477.24,12796.204444444444,8663.674347826087,7591.1806305368345,0.1831,100.0,0.0,45,744,103.16,238.15,3,4.0,0.0,2026-06-29 19:53:58.413448+00:00
452,61.0,137.14,2,21350.28,2039.665,221.94275862068966,7733.160809866458,0.4544,100.0,0.0,86,773,0.0,140.15,3,2.0,2.0,2026-06-29 19:53:58.413448+00:00
478,14.0,12.81,2,19379.69,29621.05285714286,18797.988076923077,18524.1185313885,0.1551,100.0,0.0,126,799,113.18,675.52,4,0.0,1.0,2026-06-29 19:53:58.413448+00:00
560,57.0,228.11,3,28356.93,13192.353636363636,17187.62972972973,16581.55591223411,0.1837,100.0,0.0,3,656,233.51,489.49,5,0.0,2.0,2026-06-29 19:53:58.413448+00:00
571,54.0,45.99,1,12157.79,-6266.463333333333,-3971.1768292682927,7129.051839620045,0.4534,100.0,0.0,53,826,180.42,727.52,5,2.0,5.0,2026-06-29 19:53:58.413448+00:00
587,0.0,0.0,0,0.0,12430.96,12500.012727272728,129.7101977550444,0.1251,100.0,0.0,37,728,169.55,169.55,1,1.0,0.0,2026-06-29 19:53:58.413448+00:00
625,54.0,76.67,4,37413.09,-1618.7876470588235,-363.67264150943396,4765.587613311792,0.8213,100.0,0.0,15,727,108.44,897.27,8,1.0,2.0,2026-06-29 19:53:58.413448+00:00
643,74.0,345.11,4,27053.82,12149.432857142858,15517.6658,14913.109533093759,0.2601,100.0,0.0,20,663,513.42,15428.02,8,1.0,3.0,2026-06-29 19:53:58.413448+00:00
666,56.0,130.57,5,47687.22,-3880.6244444444446,-5686.936551724138,11347.210311644816,0.6924,100.0,0.0,3,636,220.05,788.34,4,4.0,1.0,2026-06-29 19:53:58.413448+00:00
723,24.0,137.33,0,0.0,17475.265,12586.309722222222,10083.544722267015,0.215,100.0,0.0,60,693,42.8,123.04,3,1.0,2.0,2026-06-29 19:53:58.413448+00:00
738,20.0,159.11,2,18153.63,7430.701428571429,3725.214736842105,9575.930110347874,0.6211,100.0,0.0,127,676,0.0,11619.61,3,1.0,0.0,2026-06-29 19:53:58.413448+00:00
740,83.0,119.09,4,43041.28,-2729.6141176470587,-10749.559545454546,18000.13012174812,0.6589,100.0,0.0,88,719,111.4,665.22,6,2.0,2.0,2026-06-29 19:53:58.413448+00:00
762,0.0,112.96,1,8887.48,13244.995,14476.434545454546,3954.5346353783034,0.8039,100.0,0.0,52,626,0.0,313.46,3,0.0,0.0,2026-06-29 19:53:58.413448+00:00
772,61.0,29.05,2,19888.49,6639.659,5341.063225806452,20059.70547673111,0.9018,100.0,0.0,49,688,47.51,392.13,6,0.0,1.0,2026-06-29 19:53:58.413448+00:00
774,10.0,32.01,2,17315.14,4947.941666666667,7482.3965,14883.859267098796,0.3469,100.0,0.0,48,732,0.0,388.76,3,0.0,0.0,2026-06-29 19:53:58.413448+00:00
792,51.0,36.27,1,11596.47,19622.692727272726,17620.926111111112,19891.127775151905,0.428,100.0,0.0,80,745,0.0,985.53,5,1.0,2.0,2026-06-29 19:53:58.413448+00:00
793,0.0,97.46,1,6747.17,12020.592307692308,9291.33552631579,3003.7330068650435,0.883,100.0,0.0,49,560,47.32,665.33,8,1.0,2.0,2026-06-29 19:53:58.413448+00:00
794,113.0,37.68,1,11875.14,-3361.4054545454546,-3375.693142857143,4218.519746497933,0.5227,100.0,0.0,51,850,242.65,1331.43,9,5.0,4.0,2026-06-29 19:53:58.413448+00:00
808,117.0,110.72,7,59665.84,-4840.795,-2957.5327272727272,15161.416397985617,0.5887,100.0,0.0,84,752,290.19,805.41,7,2.0,1.0,2026-06-29 19:53:58.413448+00:00
810,72.0,85.21,3,20967.22,-1767.5511764705882,-1387.6841860465117,6284.279696472857,0.194,100.0,0.0,2,850,362.75,926.37,10,1.0,1.0,2026-06-29 19:53:58.413448+00:00
822,0.0,11.38,1,7019.31,10664.838571428572,9718.289411764707,2523.347060654047,0.0311,100.0,0.0,86,672,256.82,349.29,3,1.0,1.0,2026-06-29 19:53:58.413448+00:00
883,39.0,203.29,3,27113.33,7113.893333333333,5149.554705882353,14689.016343815414,0.5501,100.0,0.0,2,749,180.82,400.16,2,0.0,0.0,2026-06-29 19:53:58.413448+00:00
885,88.0,83.79,1,11099.37,2100.1486666666665,2506.4483333333333,5108.297438796869,0.2666,100.0,0.0,130,729,401.35,1265.01,10,2.0,0.0,2026-06-29 19:53:58.413448+00:00
895,46.0,40.44,2,18047.96,4623.684285714286,329.6329166666667,8741.762177444773,0.5978,100.0,0.0,70,746,205.69,254.99,3,2.0,1.0,2026-06-29 19:53:58.413448+00:00
900,0.0,49.4,3,24841.55,16952.574,15199.694358974359,3910.276410505369,0.2814,100.0,0.0,49,670,308.83,1050.61,8,1.0,3.0,2026-06-29 19:53:58.413448+00:00
910,71.0,105.87,5,40238.37,-4017.167142857143,-1994.6860465116279,7818.031912251449,0.669,100.0,0.0,55,779,448.44,981.21,7,1.0,2.0,2026-06-29 19:53:58.413448+00:00
936,94.0,110.92,4,29195.09,-12443.41625,-9540.439142857143,11829.96456321208,0.7596,100.0,0.0,21,540,98.26,224.84,2,2.0,1.0,2026-06-29 19:53:58.413448+00:00
944,14.0,170.8,2,21295.41,10799.395555555555,19244.83487804878,20437.571746079735,0.8458,100.0,0.0,67,753,721.88,1734.95,11,0.0,0.0,2026-06-29 19:53:58.413448+00:00
964,0.0,16.82,2,14441.41,16262.202857142856,9736.451111111111,7546.777748475925,0.1432,100.0,0.0,17,681,132.58,311.23,3,1.0,0.0,2026-06-29 19:53:58.413448+00:00
977,27.0,80.79,5,47155.97,271.98,-1714.8858974358975,6930.378398000136,0.4002,100.0,0.0,7,685,264.47,11661.3,7,0.0,2.0,2026-06-29 19:53:58.413448+00:00
995,44.0,10.51,2,18820.91,21510.525,26267.533333333333,23617.32611252682,0.638,100.0,0.0,24,715,0.0,586.81,2,1.0,1.0,2026-06-29 19:53:58.413448+00:00
1041,0.0,28.35,0,0.0,23575.875454545454,21716.675714285713,15504.331772622645,0.6783,100.0,0.0,92,761,77.5,345.58,2,1.0,0.0,2026-06-29 19:53:58.413448+00:00
1048,0.0,51.41,2,19601.53,32343.34,33083.87076923077,460.8360927312178,0.907,100.0,0.0,18,708,0.0,648.11,3,2.0,0.0,2026-06-29 19:53:58.413448+00:00
1058,97.0,37.97,4,36434.03,-7078.0813333333335,-3463.216976744186,10832.768698745542,0.883,100.0,0.0,20,747,7893.88,9165.05,10,0.0,1.0,2026-06-29 19:53:58.413448+00:00
1094,0.0,37.88,1,7213.54,16815.791666666668,17571.56333333333,2317.335122695416,0.9078,100.0,0.0,27,789,49.09,408.21,5,1.0,0.0,2026-06-29 19:53:58.413448+00:00
1109,4.0,168.43,2,16206.79,2579.46,4833.0583720930235,3499.0894551130577,0.3624,100.0,0.0,22,700,65.35,772.92,6,2.0,2.0,2026-06-29 19:53:58.413448+00:00
1118,54.0,64.32,4,39395.16,-10987.625555555556,-9521.422105263158,2982.0831668634437,0.5392,100.0,0.0,95,716,37.38,243.25,3,2.0,0.0,2026-06-29 19:53:58.413448+00:00
1119,31.0,67.22,0,0.0,6603.906666666667,2351.4775,11286.198589319958,0.6844,100.0,0.0,87,850,0.0,715.91,4,2.0,0.0,2026-06-29 19:53:58.413448+00:00
1131,82.0,23.36,4,38684.61,2029.8278947368422,1917.8420833333332,15424.73518693372,0.1026,100.0,0.0,58,657,120.31,952.45,8,2.0,2.0,2026-06-29 19:53:58.413448+00:00
1138,6.0,107.09,1,7317.81,12125.426153846154,12332.761379310345,3296.251871512001,0.1959,100.0,0.0,112,698,0.0,1049.57,4,0.0,1.0,2026-06-29 19:53:58.413448+00:00
1146,131.0,145.52,5,51307.34,-12217.688823529412,-10515.248571428572,22774.75277399147,0.9583,100.0,0.0,60,674,243.06,1285.29,9,5.0,3.0,2026-06-29 19:53:58.413448+00:00
1153,0.0,0.0,2,21334.83,3460.5173684210527,4300.890487804878,4892.780560573422,0.312,100.0,0.0,32,716,182.18,1299.67,6,1.0,0.0,2026-06-29 19:53:58.413448+00:00
1154,0.0,60.86,0,0.0,11239.533333333333,10718.04342857143,3251.056534931325,0.6712,100.0,0.0,4,695,450.8,824.56,5,0.0,0.0,2026-06-29 19:53:58.413448+00:00
1173,77.0,50.18,6,55553.43,-6492.8325,-4050.045476190476,7284.301188332951,0.6364,100.0,0.0,54,594,522.53,1516.11,9,2.0,1.0,2026-06-29 19:53:58.413448+00:00
1215,31.0,128.95,1,8090.54,3825.2875,1527.9363157894736,5908.037281847242,0.2105,100.0,0.0,140,716,0.0,182.69,2,0.0,0.0,2026-06-29 19:53:58.413448+00:00
1267,83.0,157.7,2,20662.94,-2803.138,-2570.324666666667,2126.956567597206,0.296,100.0,0.0,39,584,607.36,1175.26,7,1.0,0.0,2026-06-29 19:53:58.413448+00:00
1275,0.0,0.0,1,6850.38,12854.03,9154.054,6684.166405454311,0.0226,100.0,0.0,54,553,79.88,195.14,2,0.0,0.0,2026-06-29 19:53:58.413448+00:00
1328,70.0,37.04,4,31987.36,666.2028571428572,-2098.379574468085,10609.925755392602,0.8773,100.0,0.0,47,800,331.29,1197.4,9,4.0,2.0,2026-06-29 19:53:58.413448+00:00
1331,21.0,103.18,2,17010.46,10408.045625,9689.49925,11492.31958680303,0.4076,100.0,0.0,45,589,176.86,831.35,7,3.0,0.0,2026-06-29 19:53:58.413448+00:00
1357,16.0,55.06,3,22049.0,384.9788235294118,503.49853658536585,8102.299367001865,0.5522,100.0,0.0,12,760,6400.21,7011.73,7,3.0,3.0,2026-06-29 19:53:58.413448+00:00
1380,48.0,196.89,1,11829.47,3572.466,4564.692424242424,11655.194253330697,0.9856,100.0,0.0,45,557,0.0,971.2,7,3.0,1.0,2026-06-29 19:53:58.413448+00:00
1394,53.0,215.9,1,11312.13,9243.301578947368,10298.775609756098,13360.147584171526,0.6268,100.0,0.0,135,752,99.89,1317.23,10,3.0,2.0,2026-06-29 19:53:58.413448+00:00
1404,84.0,114.83,3,31713.88,-6730.632,-2396.514166666667,14187.408304383733,0.6986,100.0,0.0,33,826,411.8,953.13,10,1.0,1.0,2026-06-29 19:53:58.413448+00:00
1411,1.0,25.05,1,5757.15,7484.477777777778,7877.9608333333335,6190.855208152396,0.4663,100.0,0.0,1,663,286.83,638.97,5,0.0,0.0,2026-06-29 19:53:58.413448+00:00
1413,43.0,215.4,2,22291.93,4270.417,2846.15875,9536.10370910263,0.1839,100.0,0.0,32,731,163.53,207.25,3,1.0,0.0,2026-06-29 19:53:58.413448+00:00
1418,0.0,0.0,0,0.0,9972.778,9325.792857142857,2836.2246701991407,0.8772,100.0,0.0,1,704,105.4,105.4,1,1.0,0.0,2026-06-29 19:53:58.413448+00:00
1440,0.0,15.23,1,5682.01,8680.645,6887.637777777778,3962.497620912788,0.7405,100.0,0.0,63,733,0.0,121.43,1,0.0,0.0,2026-06-29 19:53:58.413448+00:00
1442,70.0,35.56,1,6846.1,-18011.97,-10715.587391304347,18974.88281655085,0.9692,100.0,0.0,97,730,54.95,612.96,5,1.0,0.0,2026-06-29 19:53:58.413448+00:00
1445,87.0,57.18,4,38462.76,2061.623,2801.7760416666665,7655.761948370184,0.031,100.0,0.0,6,774,310.98,1263.23,10,3.0,2.0,2026-06-29 19:53:58.413448+00:00
1449,30.0,32.17,3,21595.78,8338.186153846154,5273.4470731707315,8082.1425902762485,0.3163,100.0,0.0,62,659,6076.52,6413.38,4,1.0,1.0,2026-06-29 19:53:58.413448+00:00
1450,6.0,18.33,1,11073.99,11855.216666666667,6592.630588235294,11412.163453851732,0.2363,100.0,0.0,7,783,0.0,498.46,3,1.0,2.0,2026-06-29 19:53:58.413448+00:00
1478,16.0,123.82,1,7744.91,575.0266666666666,1927.639,6805.042953107924,0.761,100.0,0.0,45,749,237.27,1601.58,11,0.0,1.0,2026-06-29 19:53:58.413448+00:00
1498,76.0,44.46,2,15811.87,-6017.806428571429,-4504.2148648648645,6759.817346790283,0.0043,100.0,0.0,82,678,55.57,132.69,2,1.0,0.0,2026-06-29 19:53:58.413448+00:00
1515,118.0,82.65,4,37453.95,-3657.5855555555554,2996.644423076923,17313.572975658608,0.266,100.0,0.0,125,682,210.65,18433.65,11,3.0,5.0,2026-06-29 19:53:58.413448+00:00
1537,28.0,92.04,1,8663.14,3886.4566666666665,4701.73606060606,8250.505410460153,0.9548,100.0,0.0,79,599,8711.98,10071.38,6,3.0,1.0,2026-06-29 19:53:58.413448+00:00
1610,56.0,73.51,3,27616.81,6803.443333333334,-425.0138888888889,14849.916411280774,0.2105,100.0,0.0,105,687,42.58,143.33,3,1.0,1.0,2026-06-29 19:53:58.413448+00:00
1619,129.0,113.71,3,28114.22,5425.594285714285,1595.233962264151,15619.587345177719,0.6785,100.0,0.0,36,664,401.08,620.56,6,1.0,2.0,2026-06-29 19:53:58.413448+00:00
1658,11.0,26.14,1,8115.69,3445.324,1109.6304761904762,6288.074407395908,0.566,100.0,0.0,45,648,0.0,210.14,1,3.0,0.0,2026-06-29 19:53:58.413448+00:00
1663,58.0,111.87,2,12191.78,7989.457368421053,6325.773559322034,9251.385316367041,0.7687,100.0,0.0,32,648,149.83,1543.1,10,2.0,1.0,2026-06-29 19:53:58.413448+00:00
1668,15.0,68.56,0,0.0,22740.725714285716,23178.160625,985.6511349132154,0.2422,100.0,0.0,99,592,184.71,1124.42,5,1.0,0.0,2026-06-29 19:53:58.413448+00:00
1705,0.0,146.61,0,0.0,9615.1425,10214.395128205128,5270.212895272709,0.7682,100.0,0.0,8,676,97.66,1244.53,6,3.0,2.0,2026-06-29 19:53:58.413448+00:00
1722,13.0,132.38,1,8773.46,18526.604285714286,20652.2175,15908.175539916043,0.1098,100.0,0.0,83,606,35.57,531.86,5,0.0,1.0,2026-06-29 19:53:58.413448+00:00
1765,12.0,34.66,1,7866.39,-139.22,2288.9394117647057,6680.204514532621,0.8104,100.0,0.0,73,715,139.99,594.92,2,0.0,0.0,2026-06-29 19:53:58.413448+00:00
1827,0.0,61.69,1,11935.8,22803.746428571427,22953.14175,3988.6995064036146,0.1874,100.0,0.0,6,650,177.23,590.41,6,3.0,0.0,2026-06-29 19:53:58.413448+00:00
1849,8.0,134.19,4,40982.05,383.727,3817.593725490196,7904.462445471413,0.8326,100.0,0.0,81,770,418.22,11392.7,11,5.0,1.0,2026-06-29 19:53:58.413448+00:00
1863,0.0,85.11,1,8285.59,4168.951428571429,6053.0675,5881.497608839949,0.8773,100.0,0.0,15,658,111.3,1684.38,8,2.0,2.0,2026-06-29 19:53:58.413448+00:00
1871,9.0,0.0,1,8727.35,5457.61,4747.527857142857,5485.7402032831305,0.0656,100.0,0.0,106,757,145.47,545.95,5,0.0,0.0,2026-06-29 19:53:58.413448+00:00
1876,0.0,37.21,1,6484.82,11740.38875,14383.904285714285,2739.2964320103238,0.5555,100.0,0.0,140,730,343.53,7232.69,6,4.0,0.0,2026-06-29 19:53:58.413448+00:00
1898,0.0,0.0,0,0.0,23496.445555555554,23580.85111111111,137.88013811878105,0.5709,100.0,0.0,60,614,0.0,571.39,6,1.0,0.0,2026-06-29 19:53:58.413448+00:00
1909,94.0,58.03,4,36964.75,-7914.2245454545455,-5782.750370370371,3949.475330827047,0.2533,100.0,0.0,76,770,0.0,10303.41,7,1.0,1.0,2026-06-29 19:53:58.413448+00:00
1918,23.0,16.24,2,17607.5,4572.367692307692,6226.113793103448,11355.085640658966,0.3364,100.0,0.0,52,674,463.38,9846.84,8,2.0,2.0,2026-06-29 19:53:58.413448+00:00
1932,33.0,44.69,4,33641.68,-3030.8733333333334,-2410.4860606060606,8661.85519284625,0.7896,100.0,0.0,57,730,291.78,1574.18,14,0.0,1.0,2026-06-29 19:53:58.413448+00:00
1949,64.0,0.0,2,14585.87,3171.4353333333333,1941.0216666666668,11431.970924054147,0.4262,100.0,0.0,17,761,509.15,587.09,3,2.0,1.0,2026-06-29 19:53:58.413448+00:00
1951,11.0,35.67,2,16201.37,11538.3925,12673.348333333333,9553.879285477517,0.4377,100.0,0.0,1,807,0.0,1151.21,9,1.0,1.0,2026-06-29 19:53:58.413448+00:00
1953,62.0,55.53,2,16299.02,-2564.472222222222,-934.1324,7453.791226362685,0.5006,100.0,0.0,118,815,18.52,428.69,3,4.0,0.0,2026-06-29 19:53:58.413448+00:00
1960,27.0,110.86,2,17041.29,11536.484166666667,11700.875833333334,10055.192617493261,0.7404,100.0,0.0,13,694,327.59,10431.68,6,2.0,0.0,2026-06-29 19:53:58.413448+00:00
1973,70.0,113.54,3,20511.69,4063.469375,2876.355925925926,7428.991625185978,0.6797,100.0,0.0,81,760,475.91,1712.1,9,1.0,0.0,2026-06-29 19:53:58.413448+00:00
1982,42.0,118.33,4,42571.19,9392.575333333334,8116.654864864865,14919.498216811966,0.7026,100.0,0.0,59,753,309.95,1194.63,9,2.0,2.0,2026-06-29 19:53:58.413448+00:00
1989,0.0,100.28,0,0.0,14740.501428571428,14978.551923076922,884.7973894062686,0.8649,100.0,0.0,45,606,80.66,198.28,3,3.0,1.0,2026-06-29 19:53:58.413448+00:00
2014,3.0,81.09,3,24612.6,6297.180555555556,7357.774117647059,4634.115970189503,0.1054,100.0,0.0,52,600,0.0,8411.5,4,2.0,2.0,2026-06-29 19:53:58.413448+00:00
2018,0.0,109.02,0,0.0,12582.0025,12770.489642857143,945.5325774964156,0.7412,100.0,0.0,84,688,45.77,262.58,4,0.0,1.0,2026-06-29 19:53:58.413448+00:00
2020,63.0,12.06,4,34738.79,-3707.5641666666666,688.3071929824562,11898.454722519864,0.9304,100.0,0.0,75,810,702.38,2354.06,16,3.0,0.0,2026-06-29 19:53:58.413448+00:00
2064,71.0,147.68,3,22202.28,9103.092142857144,12411.145925925926,16048.325367983452,0.2883,100.0,0.0,35,624,6884.29,7959.98,8,0.0,2.0,2026-06-29 19:53:58.413448+00:00
2077,0.0,91.64,1,5863.49,17101.77181818182,20033.415,17287.6260352214,0.4692,100.0,0.0,5,787,402.61,1350.27,7,1.0,0.0,2026-06-29 19:53:58.413448+00:00
2108,46.0,205.06,4,34413.41,-6897.41,-4025.56,11472.90545299785,0.1074,100.0,0.0,133,664,7639.2,7679.39,3,1.0,1.0,2026-06-29 19:53:58.413448+00:00
2112,61.0,87.75,3,20618.9,461.1242857142857,942.699696969697,14038.770178223975,0.6249,100.0,0.0,94,793,561.51,1671.42,9,0.0,1.0,2026-06-29 19:53:58.413448+00:00
2141,0.0,43.18,1,7253.23,8734.995,12702.338947368422,5573.896820346837,0.1261,100.0,0.0,57,650,0.0,242.92,1,1.0,0.0,2026-06-29 19:53:58.413448+00:00
2164,0.0,62.98,1,9568.32,5145.829285714286,4699.742558139535,5222.874131279743,0.3135,100.0,0.0,95,714,401.62,1332.83,10,2.0,4.0,2026-06-29 19:53:58.413448+00:00
2169,79.0,58.78,3,30695.81,697.7208333333333,-999.5716216216216,12437.586986405257,0.6068,100.0,0.0,31,569,104.29,647.81,6,3.0,0.0,2026-06-29 19:53:58.413448+00:00
2208,0.0,24.99,0,0.0,16433.995,16562.40375,137.74185017230164,0.0476,100.0,0.0,133,779,0.0,106.79,1,0.0,0.0,2026-06-29 19:53:58.413448+00:00
2217,216.0,309.07,2,19894.2,-6799.369166666666,-7061.665774647888,5031.476853548691,0.2938,100.0,0.0,54,827,484.74,1705.78,11,1.0,2.0,2026-06-29 19:53:58.413448+00:00
2218,12.0,80.42,1,6470.32,8353.013125,8401.818529411765,4867.249811551472,0.1056,100.0,0.0,70,812,360.84,1005.78,10,0.0,1.0,2026-06-29 19:53:58.413448+00:00
2257,46.0,149.8,2,15961.84,2053.2545454545457,3863.097948717949,7699.676493139568,0.2505,100.0,0.0,87,586,397.6,713.96,7,2.0,2.0,2026-06-29 19:53:58.413448+00:00
2266,0.0,0.0,2,21329.22,7682.2414285714285,8539.566470588235,3774.3264671656207,0.0418,100.0,0.0,41,680,174.01,724.93,5,0.0,2.0,2026-06-29 19:53:58.413448+00:00
2298,0.0,83.55,1,12116.81,12379.181666666667,13684.158333333333,8889.687366059932,0.1148,100.0,0.0,28,711,24.05,432.23,4,2.0,1.0,2026-06-29 19:53:58.413448+00:00
2311,68.0,109.05,5,36803.96,-8648.572857142857,-3208.0147826086954,11073.27744951023,0.4746,100.0,0.0,29,757,0.0,358.36,4,1.0,1.0,2026-06-29 19:53:58.413448+00:00
2319,0.0,74.13,0,0.0,17124.943333333333,19555.089285714286,9114.041963397407,0.4156,100.0,0.0,1,720,0.0,17.87,1,1.0,1.0,2026-06-29 19:53:58.413448+00:00
2324,25.0,109.49,2,19395.44,4794.595555555556,4808.656666666667,11839.594750637769,0.7004,100.0,0.0,66,714,24.88,306.26,5,1.0,3.0,2026-06-29 19:53:58.413448+00:00
2328,37.0,42.97,3,30000.15,4594.466428571429,4217.4539534883725,7325.178308536057,0.2661,100.0,0.0,22,688,902.33,973.83,8,1.0,3.0,2026-06-29 19:53:58.413448+00:00
2362,89.0,12.81,4,31752.39,-7332.081666666667,-821.3160975609757,17886.917352712844,0.2906,100.0,0.0,90,655,405.72,1088.46,4,1.0,1.0,2026-06-29 19:53:58.413448+00:00
2363,0.0,0.0,0,0.0,12119.625,14601.580434782609,8502.162377304749,0.0391,100.0,0.0,111,745,33.04,512.24,6,1.0,1.0,2026-06-29 19:53:58.413448+00:00
2390,0.0,43.33,0,0.0,5557.928571428572,5431.277777777777,184.01417101728896,0.9297,100.0,0.0,76,741,0.0,255.25,3,1.0,0.0,2026-06-29 19:53:58.413448+00:00
2411,17.0,114.06,4,29171.02,9597.258125,10853.338918918918,7614.5592031352035,0.93,100.0,0.0,19,720,0.0,1391.08,11,1.0,0.0,2026-06-29 19:53:58.413448+00:00
2462,25.0,113.02,0,0.0,3760.3507692307694,5334.1503571428575,6231.032118925854,0.6527,100.0,0.0,24,616,548.67,1892.77,10,0.0,3.0,2026-06-29 19:53:58.413448+00:00
2492,0.0,0.0,0,0.0,14272.73,14188.015,151.18854880211296,0.5487,100.0,0.0,52,687,52.3,160.88,2,1.0,1.0,2026-06-29 19:53:58.413448+00:00
2506,30.0,89.71,5,55587.5,-4602.82875,101.78608695652174,34731.38675512116,0.0579,100.0,0.0,43,699,190.52,12156.6,2,1.0,0.0,2026-06-29 19:53:58.413448+00:00
2511,11.0,79.19,2,17521.66,9901.882222222222,7222.740322580645,7533.6623021303685,0.3973,100.0,0.0,55,712,126.51,6671.03,4,1.0,0.0,2026-06-29 19:53:58.413448+00:00
2514,31.0,189.45,3,22147.15,11446.010714285714,9105.195142857143,13996.59221927456,0.3186,100.0,0.0,30,764,43.98,986.25,7,5.0,0.0,2026-06-29 19:53:58.413448+00:00
2516,1.0,44.66,2,12449.51,7547.324285714286,7626.222380952381,3084.7004997767453,0.2822,100.0,0.0,112,696,130.21,6178.35,2,2.0,1.0,2026-06-29 19:53:58.413448+00:00
2591,11.0,49.35,2,15869.45,-5144.6375,-2556.8676470588234,10962.388514200044,0.6027,100.0,0.0,73,772,77.96,316.68,2,0.0,1.0,2026-06-29 19:53:58.413448+00:00
2655,20.0,31.42,4,34439.87,-5907.712666666666,-596.1530769230769,7423.665178064053,0.8358,100.0,0.0,66,711,371.26,8771.85,8,4.0,1.0,2026-06-29 19:53:58.413448+00:00
2665,12.0,118.51,5,43141.45,4209.323125,6166.44275,11023.258199547352,0.5937,100.0,0.0,29,850,10530.37,11258.96,8,3.0,2.0,2026-06-29 19:53:58.413448+00:00
2712,0.0,39.07,1,5658.97,7397.9075,7192.678846153846,5479.043125713247,0.0369,100.0,0.0,68,695,170.13,208.98,2,0.0,1.0,2026-06-29 19:53:58.413448+00:00
2719,12.0,49.8,2,13102.46,4078.465,6765.01,9839.523769290772,0.5553,100.0,0.0,75,723,0.0,196.99,2,1.0,0.0,2026-06-29 19:53:58.413448+00:00
2798,51.0,161.04,2,12765.69,2303.8371428571427,5239.468387096774,9394.059405850809,0.9315,100.0,0.0,62,610,46.42,176.03,2,2.0,2.0,2026-06-29 19:53:58.413448+00:00
2800,0.0,52.84,0,0.0,15308.388,14816.673571428571,3411.7683443709266,0.7586,100.0,0.0,53,685,99.62,378.14,3,2.0,3.0,2026-06-29 19:53:58.413448+00:00
2802,0.0,155.98,2,17085.41,14812.917,14858.768823529412,8739.590867887879,0.0026,100.0,0.0,23,721,0.0,341.93,2,3.0,2.0,2026-06-29 19:53:58.413448+00:00
2803,0.0,22.84,0,0.0,6289.123333333333,8298.72375,3366.1862562399065,0.4908,100.0,0.0,62,831,0.0,391.24,1,0.0,0.0,2026-06-29 19:53:58.413448+00:00
2829,45.0,45.29,3,29045.82,1563.1542105263159,2820.2316326530613,13123.781665301623,0.092,100.0,0.0,63,715,700.42,1760.31,10,3.0,3.0,2026-06-29 19:53:58.413448+00:00
2830,29.0,63.56,4,35846.73,7803.583529411765,6549.8207317073175,7772.775330190234,0.303,100.0,0.0,47,732,68.86,1203.51,9,3.0,4.0,2026-06-29 19:53:58.413448+00:00
2831,62.0,208.76,4,33252.25,-1203.2394736842105,1685.3901960784315,12455.047303429534,0.3663,100.0,0.0,2,725,446.59,1348.29,11,1.0,2.0,2026-06-29 19:53:58.413448+00:00
2897,63.0,161.52,6,43803.41,1996.5893333333333,3297.0623076923075,22949.90507645173,0.6403,100.0,0.0,1,740,392.52,808.44,6,2.0,2.0,2026-06-29 19:53:58.413448+00:00
2899,24.0,95.63,1,9749.6,4386.776,5592.10625,6658.137587852223,0.715,100.0,0.0,33,635,0.0,471.49,3,0.0,0.0,2026-06-29 19:53:58.413448+00:00
2909,19.0,36.06,2,16617.87,17647.255555555555,12498.850833333334,12044.05170244319,0.0961,100.0,0.0,76,651,172.3,828.96,3,1.0,0.0,2026-06-29 19:53:58.413448+00:00
2926,21.0,131.26,2,18245.91,12630.870588235293,11914.210377358491,11988.677331549914,0.2705,100.0,0.0,5,646,286.39,1541.46,9,1.0,3.0,2026-06-29 19:53:58.413448+00:00
2927,76.0,128.97,1,10976.52,1617.1094736842106,1609.627358490566,10184.866462828373,0.9873,100.0,0.0,35,820,399.55,1166.71,9,3.0,1.0,2026-06-29 19:53:58.413448+00:00
2935,57.0,44.6,3,25331.85,4880.640909090909,13600.162571428571,22788.713970059966,0.037,100.0,0.0,70,793,0.0,7300.84,5,0.0,2.0,2026-06-29 19:53:58.413448+00:00
2994,35.0,127.24,7,67977.5,-7169.2575,-5653.534523809524,13236.232007508954,0.4581,100.0,0.0,59,628,113.17,933.15,7,2.0,1.0,2026-06-29 19:53:58.413448+00:00
2995,53.0,30.68,5,46419.25,-23909.635714285716,-17539.472222222223,20616.55114260831,0.1428,100.0,0.0,105,850,0.0,788.0,5,0.0,2.0,2026-06-29 19:53:58.413448+00:00
2998,9.0,0.0,0,0.0,4023.05,2895.52,2303.4170781167704,0.2984,100.0,0.0,91,612,0.0,47.52,1,1.0,0.0,2026-06-29 19:53:58.413448+00:00
3002,72.0,203.6,5,40133.84,-3717.8952631578945,-3618.708260869565,10238.741457362024,0.9827,100.0,0.0,10,639,9532.16,10600.75,11,2.0,1.0,2026-06-29 19:53:58.413448+00:00
3014,10.0,83.24,2,21900.14,-2144.065,-486.6478378378378,9584.519446789276,0.3478,100.0,0.0,53,728,210.4,894.36,7,0.0,1.0,2026-06-29 19:53:58.413448+00:00
3091,17.0,43.42,1,6261.73,5490.88875,2520.765,4224.437525703472,0.5519,100.0,0.0,30,709,356.98,414.93,3,0.0,0.0,2026-06-29 19:53:58.413448+00:00
3098,62.0,77.65,0,0.0,4356.481818181818,2208.4790909090907,11979.60915387556,0.0786,100.0,0.0,25,850,0.0,911.61,9,0.0,3.0,2026-06-29 19:53:58.413448+00:00
3142,57.0,49.07,3,27270.26,-67.67941176470588,3512.115,9262.60678024111,0.725,100.0,0.0,63,834,82.02,574.96,5,4.0,2.0,2026-06-29 19:53:58.413448+00:00
3151,0.0,38.72,1,7614.16,12390.7225,17377.59833333333,3528.096699288522,0.4955,100.0,0.0,72,590,0.0,7944.7,2,1.0,1.0,2026-06-29 19:53:58.413448+00:00
3167,15.0,160.2,1,8414.9,16162.53375,15929.91,5309.00862616016,0.5664,100.0,0.0,78,677,216.86,1181.02,10,1.0,0.0,2026-06-29 19:53:58.413448+00:00
3169,0.0,118.68,0,0.0,34430.536,31291.166,15976.165421112115,0.945,100.0,0.0,82,713,0.0,463.97,4,1.0,0.0,2026-06-29 19:53:58.413448+00:00
3171,1.0,0.0,1,8974.25,8523.76090909091,7955.296086956521,4739.698097166892,0.2503,100.0,0.0,28,533,313.57,10151.8,8,2.0,2.0,2026-06-29 19:53:58.413448+00:00
3181,49.0,90.54,5,46234.63,3622.443076923077,5464.993870967742,16296.824788245869,0.3517,100.0,0.0,44,621,381.2,1140.53,6,0.0,0.0,2026-06-29 19:53:58.413448+00:00
3219,22.0,30.12,0,0.0,-10761.285,-10784.34,116.7767611532983,0.3558,100.0,0.0,118,715,80.55,80.55,1,0.0,0.0,2026-06-29 19:53:58.413448+00:00
3228,20.0,97.7,2,19760.27,-2084.5116666666668,-1312.6066666666666,5774.273792831645,0.5502,100.0,0.0,89,753,259.21,865.69,8,2.0,1.0,2026-06-29 19:53:58.413448+00:00
3237,65.0,102.81,2,15539.54,-543.23,2207.5027777777777,18321.950122155125,0.2107,100.0,0.0,37,721,514.21,915.23,9,1.0,1.0,2026-06-29 19:53:58.413448+00:00
3242,0.0,85.05,1,7064.75,11339.268,11290.368571428571,2944.923697328243,0.6705,100.0,0.0,21,673,567.44,639.23,5,3.0,2.0,2026-06-29 19:53:58.413448+00:00
3257,9.0,194.45,2,14138.83,6181.351818181818,6156.687962962963,4114.653781763769,0.2146,100.0,0.0,7,652,248.86,1965.05,12,1.0,0.0,2026-06-29 19:53:58.413448+00:00
3276,55.0,164.68,5,43736.41,5023.1866666666665,6507.085438596491,11977.416036942031,0.3576,100.0,0.0,40,581,331.12,1061.67,9,7.0,2.0,2026-06-29 19:53:58.413448+00:00
3315,0.0,218.47,3,26366.06,16029.782727272728,16367.206666666667,4167.780543782133,0.8112,100.0,0.0,75,731,6497.5,6807.09,4,3.0,0.0,2026-06-29 19:53:58.413448+00:00
3363,25.0,256.44,2,19193.06,5317.965789473684,4551.484807692308,7110.705739807592,0.3428,100.0,0.0,59,653,376.94,1242.48,10,4.0,0.0,2026-06-29 19:53:58.413448+00:00
3409,45.0,189.95,6,45688.81,-1015.3278571428572,2419.671886792453,18820.228212224516,0.626,100.0,0.0,72,801,237.78,6956.95,10,4.0,1.0,2026-06-29 19:53:58.413448+00:00
3414,56.0,53.26,1,11788.72,2428.2954545454545,2090.472162162162,4647.301595086719,0.3232,100.0,0.0,93,769,0.0,141.58,3,2.0,2.0,2026-06-29 19:53:58.413448+00:00
3416,61.0,41.55,2,14747.81,-16971.00857142857,-14327.545217391304,8610.833316852455,0.4239,100.0,0.0,22,727,352.19,897.67,5,3.0,0.0,2026-06-29 19:53:58.413448+00:00
3417,72.0,172.72,3,22502.98,9901.552307692307,4393.542307692308,12144.204910383338,0.867,100.0,0.0,7,698,0.0,531.36,1,5.0,2.0,2026-06-29 19:53:58.413448+00:00
3418,32.0,139.57,2,20058.93,8069.05,9828.70393939394,13192.626314373447,0.7493,100.0,0.0,69,787,422.35,828.03,5,1.0,2.0,2026-06-29 19:53:58.413448+00:00
3429,20.0,57.44,0,0.0,2436.305,2518.0352,2061.8402464680807,0.9569,100.0,0.0,85,730,200.51,531.63,3,0.0,0.0,2026-06-29 19:53:58.413448+00:00
3430,47.0,49.07,1,6855.93,6683.3516666666665,6092.637209302326,5485.435997134186,0.7506,100.0,0.0,33,721,140.92,886.62,10,1.0,1.0,2026-06-29 19:53:58.413448+00:00
3433,0.0,0.0,0,0.0,20288.68,20517.48,222.07947730486023,0.9724,100.0,0.0,6,735,0.0,465.96,2,0.0,0.0,2026-06-29 19:53:58.413448+00:00
3480,3.0,76.44,2,14751.09,16399.07153846154,15585.232051282052,12011.030396485172,0.9613,100.0,0.0,39,814,614.15,7687.66,8,1.0,2.0,2026-06-29 19:53:58.413448+00:00
3485,12.0,93.65,0,0.0,12214.337222222222,9849.945531914893,4090.1148868221285,0.0291,100.0,0.0,50,833,457.46,1160.18,8,6.0,2.0,2026-06-29 19:53:58.413448+00:00
3501,24.0,81.26,0,0.0,5145.942857142857,5188.06064516129,6197.091775855851,0.2267,100.0,0.0,2,760,360.63,712.54,6,1.0,2.0,2026-06-29 19:53:58.413448+00:00
3525,71.0,0.0,4,31630.75,-2876.8,-4252.7319230769235,6673.848183240783,0.3673,100.0,0.0,7,802,0.0,5449.74,2,2.0,0.0,2026-06-29 19:53:58.413448+00:00
3563,0.0,130.01,0,0.0,13935.240833333333,13320.043,6079.844883394175,0.2304,100.0,0.0,23,568,0.0,260.73,4,1.0,0.0,2026-06-29 19:53:58.413448+00:00
3588,0.0,145.63,0,0.0,10880.396666666667,10355.553181818183,7483.632431355772,0.0791,100.0,0.0,123,743,184.9,501.93,6,0.0,0.0,2026-06-29 19:53:58.413448+00:00
3590,0.0,60.9,1,5958.62,14385.270588235295,13002.61880952381,6698.345761776831,0.0528,100.0,0.0,93,696,779.85,1179.98,11,1.0,1.0,2026-06-29 19:53:58.413448+00:00
3601,56.0,90.29,2,16376.5,-8463.807142857142,-8526.69,139.48039990315004,0.0126,100.0,0.0,25,616,0.0,114.48,2,0.0,0.0,2026-06-29 19:53:58.413448+00:00
3631,0.0,114.0,1,7387.41,15767.82105263158,12937.226346153846,7099.329688400708,0.1129,100.0,0.0,12,702,279.04,907.48,5,0.0,4.0,2026-06-29 19:53:58.413448+00:00
3638,21.0,34.52,1,6187.17,5738.7021428571425,10508.13342857143,12770.5993689644,0.7652,100.0,0.0,7,722,139.79,724.68,6,1.0,2.0,2026-06-29 19:53:58.413448+00:00
3649,0.0,17.73,0,0.0,21144.008,21194.0725,138.5154152146376,0.535,100.0,0.0,110,659,196.31,655.89,3,0.0,1.0,2026-06-29 19:53:58.413448+00:00
3674,63.0,112.76,4,28359.91,-21942.126,-17695.768387096774,14426.601991491461,0.1111,100.0,0.0,61,662,7123.88,7733.96,7,1.0,2.0,2026-06-29 19:53:58.413448+00:00
3688,45.0,76.66,1,11618.93,12683.417142857143,9090.156,19080.647362542935,0.6138,100.0,0.0,6,740,50.19,1182.06,8,0.0,1.0,2026-06-29 19:53:58.413448+00:00
3743,18.0,122.6,2,15086.76,4869.703,7937.425897435897,6857.54379801664,0.8993,100.0,0.0,3,630,71.61,584.72,4,1.0,2.0,2026-06-29 19:53:58.413448+00:00
3779,40.0,87.16,1,7663.33,7977.067777777777,7590.108518518518,10513.525922795568,0.7793,100.0,0.0,11,787,40.74,414.37,4,1.0,1.0,2026-06-29 19:53:58.413448+00:00
3795,46.0,113.09,5,44977.89,4274.0725,3798.3032352941177,8587.943552778384,0.5639,100.0,0.0,8,714,0.0,132.05,1,1.0,1.0,2026-06-29 19:53:58.413448+00:00
3849,13.0,63.71,2,18951.22,4836.5875,5917.226595744681,3767.376029021037,0.119,100.0,0.0,9,683,355.16,12189.36,6,1.0,1.0,2026-06-29 19:53:58.413448+00:00
3879,0.0,51.68,1,11684.36,23394.628333333334,23024.16588235294,4621.53237806947,0.1177,100.0,0.0,130,783,79.02,12306.94,3,2.0,1.0,2026-06-29 19:53:58.413448+00:00
3895,47.0,54.97,0,0.0,12718.523333333333,12079.186097560976,9417.115890134506,0.181,100.0,0.0,69,733,33.99,939.77,9,2.0,2.0,2026-06-29 19:53:58.413448+00:00
3905,5.0,0.0,1,8474.07,10633.173333333334,11362.027058823529,1520.1235120318674,0.2465,100.0,0.0,142,791,63.18,242.77,4,3.0,2.0,2026-06-29 19:53:58.413448+00:00
3919,27.0,83.88,3,24301.15,1236.0727272727272,1122.9966666666667,12724.568716450123,0.8305,100.0,0.0,62,601,83.16,538.83,6,1.0,0.0,2026-06-29 19:53:58.413448+00:00
3950,21.0,10.84,0,0.0,18307.2175,15145.0534375,11101.105458283742,0.1485,100.0,0.0,19,710,99.54,298.84,2,0.0,1.0,2026-06-29 19:53:58.413448+00:00
3954,56.0,117.98,4,34752.13,4303.965,5527.617,7927.5079326689865,0.3823,100.0,0.0,93,659,755.85,7250.03,6,5.0,0.0,2026-06-29 19:53:58.413448+00:00
3955,94.0,93.76,4,37549.05,-6890.827,-7218.48625,8961.218464575126,0.8371,100.0,0.0,38,735,96.12,1048.8,8,1.0,3.0,2026-06-29 19:53:58.413448+00:00
3958,93.0,109.49,5,45483.82,525.192,1354.4786,11213.001520152044,0.6062,100.0,0.0,107,737,431.32,639.26,5,2.0,1.0,2026-06-29 19:53:58.413448+00:00
3978,93.0,71.37,1,6272.61,11292.185,2656.7103125,14223.385891021078,0.2154,100.0,0.0,1,592,130.49,283.02,2,1.0,0.0,2026-06-29 19:53:58.413448+00:00
3994,18.0,194.21,2,17196.68,12706.07,10260.782962962963,5880.354623101311,0.1051,100.0,0.0,20,638,331.84,361.52,1,0.0,1.0,2026-06-29 19:53:58.413448+00:00
4011,0.0,62.44,0,0.0,15700.704285714286,15718.059375,1859.987753359802,0.5637,100.0,0.0,52,616,26.09,328.08,2,2.0,0.0,2026-06-29 19:53:58.413448+00:00
4018,37.0,86.56,3,27605.99,7851.61625,5002.773829787234,13642.055216196648,0.1768,100.0,0.0,47,698,227.37,773.19,7,0.0,2.0,2026-06-29 19:53:58.413448+00:00
4027,32.0,114.39,1,11878.4,6110.85,-615.3875,12253.44962659723,0.3589,100.0,0.0,49,761,496.78,496.78,2,0.0,1.0,2026-06-29 19:53:58.413448+00:00
4039,0.0,32.78,2,13286.8,6103.091428571429,6902.734090909091,1896.8556564332757,0.4218,100.0,0.0,93,652,56.79,435.44,5,0.0,0.0,2026-06-29 19:53:58.413448+00:00
4080,59.0,127.85,2,12576.21,11651.770909090908,3208.251,11792.889591472574,0.7876,100.0,0.0,71,634,231.6,840.96,5,0.0,4.0,2026-06-29 19:53:58.413448+00:00
4117,63.0,54.69,1,11148.13,-4735.720909090909,-2302.9354054054056,17127.607556119998,0.3429,100.0,0.0,91,850,387.03,1397.34,8,5.0,2.0,2026-06-29 19:53:58.413448+00:00
4126,43.0,107.96,1,8775.75,2786.760588235294,1236.1454285714285,10901.950149705957,0.6504,100.0,0.0,65,749,63.53,729.44,5,1.0,1.0,2026-06-29 19:53:58.413448+00:00
4131,66.0,54.99,1,7100.8,2409.5285714285715,2844.206,2897.6898256261466,0.9098,100.0,0.0,47,675,95.26,735.35,7,3.0,1.0,2026-06-29 19:53:58.413448+00:00
4144,7.0,0.0,2,16649.89,-2358.205,904.245,2347.6862962103537,0.6511,100.0,0.0,102,738,142.09,268.76,2,0.0,0.0,2026-06-29 19:53:58.413448+00:00
4153,36.0,83.69,1,6193.11,16752.536666666667,17538.073333333334,14963.756413476898,0.4333,100.0,0.0,63,735,383.64,2406.47,15,4.0,2.0,2026-06-29 19:53:58.413448+00:00
4164,0.0,0.0,0,0.0,14148.576666666666,22203.06263157895,16001.601484687268,0.0962,100.0,0.0,1,719,35.87,227.33,4,0.0,2.0,2026-06-29 19:53:58.413448+00:00
4165,26.0,13.78,0,0.0,11568.29,7454.720454545454,4984.457462517738,0.1005,100.0,0.0,3,850,0.0,255.89,3,0.0,0.0,2026-06-29 19:53:58.413448+00:00
4217,0.0,104.63,3,18389.04,6936.413333333333,11377.6803125,7977.338875376269,0.3712,100.0,0.0,60,693,35.37,400.57,4,0.0,0.0,2026-06-29 19:53:58.413448+00:00
4223,133.0,26.51,6,50749.41,-16310.653333333334,-14254.844117647059,11895.710502474012,0.1104,100.0,0.0,71,777,0.0,759.81,6,1.0,3.0,2026-06-29 19:53:58.413448+00:00
4232,0.0,32.23,2,19634.25,12142.066,11485.624411764706,2983.5334962336497,0.5294,100.0,0.0,77,800,177.58,425.15,5,2.0,1.0,2026-06-29 19:53:58.413448+00:00
4242,61.0,134.02,4,36937.07,-2730.3175,-485.09818181818184,15310.79223359083,0.2757,100.0,0.0,84,739,468.85,10919.29,5,0.0,1.0,2026-06-29 19:53:58.413448+00:00
4260,0.0,54.2,0,0.0,12861.538,14216.031739130434,9625.560559840209,0.0875,100.0,0.0,143,683,0.0,252.46,3,0.0,0.0,2026-06-29 19:53:58.413448+00:00
4263,26.0,134.16,0,0.0,10141.115555555556,9612.946,6662.901706552283,0.717,100.0,0.0,52,663,112.76,513.71,5,0.0,0.0,2026-06-29 19:53:58.413448+00:00
4270,19.0,72.72,3,26978.27,9306.109285714285,8705.843125,11053.307260023656,0.0592,100.0,0.0,20,583,12117.94,12341.39,6,3.0,1.0,2026-06-29 19:53:58.413448+00:00
4295,45.0,78.77,3,24210.35,9054.296875,5815.40303030303,13543.86614692015,0.2264,100.0,0.0,79,658,289.77,590.67,8,1.0,2.0,2026-06-29 19:53:58.413448+00:00
4304,0.0,0.0,0,0.0,25867.99,27069.069,11481.016459297452,0.8075,100.0,0.0,45,744,184.74,420.77,3,1.0,0.0,2026-06-29 19:53:58.413448+00:00
4330,80.0,41.49,2,21542.77,-4060.112727272727,-5397.793870967742,10909.992772778918,0.1272,100.0,0.0,127,672,322.64,545.98,4,1.0,1.0,2026-06-29 19:53:58.413448+00:00
4331,17.0,37.25,1,11510.68,22205.845,21023.694615384615,10764.498234569155,0.3003,100.0,0.0,40,834,497.53,844.21,6,2.0,1.0,2026-06-29 19:53:58.413448+00:00
4337,0.0,11.32,0,0.0,6141.265,5637.11125,398.0385499683885,0.2981,100.0,0.0,132,799,104.17,104.17,1,0.0,0.0,2026-06-29 19:53:58.413448+00:00
4358,40.0,161.91,4,29466.04,7710.328421052632,7673.3242553191485,3302.338223621963,0.2562,100.0,0.0,40,632,9850.55,11129.47,12,2.0,2.0,2026-06-29 19:53:58.413448+00:00
4378,0.0,91.65,1,5551.74,12050.208888888888,12127.9492,1294.2928857068478,0.9936,100.0,0.0,74,757,276.77,990.44,5,0.0,1.0,2026-06-29 19:53:58.413448+00:00
4386,1.0,99.23,2,22543.74,6604.6425,9900.492,6308.695186556698,0.1442,100.0,0.0,79,694,1030.0,1664.51,11,2.0,1.0,2026-06-29 19:53:58.413448+00:00
4415,34.0,79.94,1,9816.13,3945.076,1939.1055,11055.09458812428,0.4811,100.0,0.0,47,657,113.58,829.15,6,1.0,2.0,2026-06-29 19:53:58.413448+00:00
4433,53.0,39.89,3,29391.11,-8749.919,-3342.460909090909,18865.749924091135,0.2752,100.0,0.0,26,660,145.29,10463.66,4,2.0,2.0,2026-06-29 19:53:58.413448+00:00
4435,35.0,26.82,2,11320.53,7701.147333333333,6949.921612903226,8868.835151827703,0.0294,100.0,0.0,100,646,214.61,6803.07,8,2.0,2.0,2026-06-29 19:53:58.413448+00:00
4442,84.0,102.99,3,27406.44,92.44545454545455,3987.5958536585367,14096.305534594478,0.4996,100.0,0.0,44,723,0.0,688.97,6,3.0,1.0,2026-06-29 19:53:58.413448+00:00
4460,0.0,0.0,1,8845.51,16252.0,16237.475,2948.9520956550014,0.8415,100.0,0.0,49,850,97.02,390.22,5,1.0,1.0,2026-06-29 19:53:58.413448+00:00
4513,25.0,192.52,3,28464.9,-943.8942857142857,2237.1,3403.154893404931,0.6898,100.0,0.0,9,702,158.22,8518.14,2,0.0,2.0,2026-06-29 19:53:58.413448+00:00
4524,81.0,19.99,2,17330.83,-5297.94,-5219.489333333333,1803.9877309946394,0.7579,100.0,0.0,36,675,0.0,174.16,2,0.0,0.0,2026-06-29 19:53:58.413448+00:00
4531,18.0,206.4,3,24679.68,633.9983333333333,798.0443902439024,3332.0900528758198,0.8228,100.0,0.0,72,787,427.86,2259.53,16,5.0,1.0,2026-06-29 19:53:58.413448+00:00
4532,0.0,32.22,0,0.0,5197.008,5156.391111111111,93.89964888645741,0.8927,100.0,0.0,100,801,0.0,226.24,2,2.0,0.0,2026-06-29 19:53:58.413448+00:00
4549,23.0,170.88,3,25408.77,13801.425,11123.601132075471,7457.976538213082,0.5956,100.0,0.0,6,796,11380.27,11916.01,9,0.0,0.0,2026-06-29 19:53:58.413448+00:00
4558,0.0,0.0,2,21410.13,11588.90142857143,11412.696,9470.199477442926,0.0903,100.0,0.0,35,740,238.66,11405.02,6,2.0,0.0,2026-06-29 19:53:58.413448+00:00
4571,43.0,17.27,2,13174.96,5910.079090909091,9851.911739130435,16173.161700169298,0.868,100.0,0.0,5,750,190.34,536.19,3,2.0,0.0,2026-06-29 19:53:58.413448+00:00
4578,20.0,51.7,1,7324.69,11907.188333333334,9169.866666666667,3973.3931768575853,0.5354,100.0,0.0,46,721,216.89,293.5,2,2.0,1.0,2026-06-29 19:53:58.413448+00:00
4622,17.0,120.8,0,0.0,18143.884,14464.693333333333,6723.297738831736,0.3447,100.0,0.0,121,651,131.07,1392.89,7,1.0,1.0,2026-06-29 19:53:58.413448+00:00
4624,0.0,49.6,1,5259.65,13630.897777777778,14406.26857142857,1870.8338662193382,0.9487,100.0,0.0,31,652,57.46,5963.6,5,0.0,1.0,2026-06-29 19:53:58.413448+00:00
4629,2.0,102.24,0,0.0,20883.735,18535.900227272727,5330.995575193912,0.9032,100.0,0.0,29,533,101.55,471.62,4,2.0,0.0,2026-06-29 19:53:58.413448+00:00
4632,0.0,43.43,0,0.0,9649.542,11104.98705882353,7689.000178514679,0.2667,100.0,0.0,10,742,117.9,478.06,6,1.0,0.0,2026-06-29 19:53:58.413448+00:00
4638,27.0,162.21,2,19892.59,4649.018666666667,3937.32375,10611.386587149776,0.9356,100.0,0.0,27,657,664.63,10905.77,8,4.0,0.0,2026-06-29 19:53:58.413448+00:00
4683,51.0,58.03,2,20121.69,2009.0283333333334,-186.27037037037036,15127.892209340316,0.0655,100.0,0.0,43,606,0.0,159.78,1,0.0,0.0,2026-06-29 19:53:58.413448+00:00
4685,100.0,204.65,3,26935.66,-1646.473043478261,-3704.2675384615386,12436.051722986678,0.0608,100.0,0.0,63,771,229.48,9789.71,10,1.0,5.0,2026-06-29 19:53:58.413448+00:00
4689,18.0,0.0,2,19070.73,3503.5855555555554,3535.827,4944.902480522316,0.0239,100.0,0.0,126,706,456.49,784.38,7,0.0,0.0,2026-06-29 19:53:58.413448+00:00
4715,16.0,110.6,2,12894.27,6675.925384615384,8600.47,5214.315759450035,0.466,100.0,0.0,23,599,268.52,536.62,6,1.0,2.0,2026-06-29 19:53:58.413448+00:00
4729,12.0,74.2,1,7945.38,12710.325555555555,12448.865714285714,8823.184016148442,0.8357,100.0,0.0,110,707,97.74,303.4,4,1.0,1.0,2026-06-29 19:53:58.413448+00:00
4748,96.0,65.45,5,48859.98,-2501.8664285714285,-800.9552631578947,8258.726454736334,0.8937,100.0,0.0,74,719,379.91,866.17,9,3.0,5.0,2026-06-29 19:53:58.413448+00:00
4750,0.0,57.63,1,5791.17,14843.732666666667,14452.984468085106,11262.440107518652,0.1034,100.0,0.0,69,629,123.33,1429.55,8,3.0,1.0,2026-06-29 19:53:58.413448+00:00
4761,0.0,87.01,2,13500.56,19171.943636363638,16284.9740625,3194.6044031255065,0.7341,100.0,0.0,9,651,92.75,319.9,5,4.0,1.0,2026-06-29 19:53:58.413448+00:00
4764,0.0,39.0,2,15169.11,10886.262,13227.49909090909,3804.168982183577,0.3727,100.0,0.0,68,704,114.74,10255.91,4,1.0,0.0,2026-06-29 19:53:58.413448+00:00
4779,50.0,133.0,3,26496.57,11706.786,9623.415909090909,18199.1456598013,0.9182,100.0,0.0,112,850,247.73,568.62,4,2.0,4.0,2026-06-29 19:53:58.413448+00:00
4859,69.0,102.43,4,32091.56,-12484.978181818182,-8148.682592592592,16300.92802537667,0.8816,100.0,0.0,16,761,620.41,11013.91,16,1.0,0.0,2026-06-29 19:53:58.413448+00:00
4890,0.0,16.35,2,19558.35,17224.793076923077,17473.3496,9187.64999939014,0.3141,100.0,0.0,38,801,201.82,974.12,6,0.0,1.0,2026-06-29 19:53:58.413448+00:00
4922,144.0,230.96,4,38576.95,-2125.011,-1987.8324489795918,1311.6694597476985,0.3607,100.0,0.0,79,727,0.0,868.55,8,2.0,0.0,2026-06-29 19:53:58.413448+00:00
4941,37.0,94.43,2,15098.45,592.8364705882353,1217.8917777777779,3714.7204301636166,0.2033,100.0,0.0,17,667,62.23,10359.68,11,2.0,0.0,2026-06-29 19:53:58.413448+00:00
4945,15.0,79.68,3,23642.66,16759.247142857144,16222.383529411765,17615.655477532662,0.6848,100.0,0.0,20,787,277.42,2045.75,12,4.0,3.0,2026-06-29 19:53:58.413448+00:00
4978,27.0,81.99,1,10218.1,10072.382727272727,9778.15875,8860.311258683632,0.9931,100.0,0.0,107,647,290.2,1407.35,10,1.0,1.0,2026-06-29 19:53:58.413448+00:00
4983,33.0,69.23,0,0.0,15501.573636363637,9633.904242424242,12053.412451107175,0.0915,100.0,0.0,16,777,244.31,753.46,6,0.0,1.0,2026-06-29 19:53:58.413448+00:00
4993,28.0,22.16,3,27459.43,2335.616,2248.645,3296.2979725703126,0.4296,100.0,0.0,57,675,150.53,409.69,5,2.0,1.0,2026-06-29 19:53:58.413448+00:00
4996,13.0,110.09,1,11667.82,7001.789,7480.241891891892,4460.48997987564,0.7059,100.0,0.0,80,787,0.0,505.82,3,3.0,0.0,2026-06-29 19:53:58.413448+00:00
202,0.0,93.61,1,11293.85,17136.949,21139.455757575757,6056.4086630714955,0.9666,100.0,0.0,23,636,178.65,178.65,0,2.0,0.0,2026-06-29 19:53:58.413448+00:00
4740,0.0,0.0,0,0.0,12719.6425,12806.556923076923,223.26882359732332,0.0344,100.0,0.0,114,709,67.59,67.59,0,1.0,1.0,2026-06-29 19:53:58.413448+00:00
275,0.0,21.22,1,8416.24,5792.94,5588.9475,227.39181594337256,0.1349,100.0,0.0,50,806,0.0,0.0,0,0.0,0.0,2026-06-29 19:53:58.413448+00:00
623,11.0,71.32,1,10571.07,16190.803333333333,16066.3525,15008.696725175221,0.7584,100.0,0.0,24,723,0.0,0.0,0,0.0,0.0,2026-06-29 19:53:58.413448+00:00
927,0.0,0.0,1,8308.81,17791.345,17658.743333333332,198.90614576282525,0.6053,100.0,0.0,37,624,0.0,0.0,0,0.0,0.0,2026-06-29 19:53:58.413448+00:00
2023,55.0,65.46,3,34097.8,-5990.73,-8153.412941176471,2461.498814108408,0.8337,100.0,0.0,19,680,0.0,0.0,0,1.0,0.0,2026-06-29 19:53:58.413448+00:00
2930,10.0,17.93,1,8049.07,1409.284,272.61,4130.056107589331,0.1112,100.0,0.0,42,675,0.0,0.0,0,0.0,0.0,2026-06-29 19:53:58.413448+00:00
3152,25.0,14.52,1,10276.24,-5407.49,-3724.5242857142857,5344.27944125133,0.3435,100.0,0.0,114,677,0.0,0.0,0,0.0,1.0,2026-06-29 19:53:58.413448+00:00
4140,32.0,0.0,2,12984.32,-10269.915,-10336.66875,118.47074886206144,0.6166,100.0,0.0,23,741,0.0,0.0,0,1.0,0.0,2026-06-29 19:53:58.413448+00:00
22,71.0,65.74,3,24827.35,7687.816086956522,8270.713777777777,3821.8037467774575,0.6169,100.0,0.0,62,781,296.76,1997.45,12,2.0,1.0,2026-06-29 19:53:58.413448+00:00
26,0.0,155.53,2,15626.87,11361.84909090909,12951.287272727273,3606.0654573306106,0.6974,100.0,0.0,11,705,28.22,9531.59,6,2.0,0.0,2026-06-29 19:53:58.413448+00:00
96,49.0,128.03,4,33791.42,-173.05333333333334,-233.55939393939394,11664.307996502701,0.9496,100.0,0.0,16,679,0.0,6393.73,5,1.0,1.0,2026-06-29 19:53:58.413448+00:00
107,0.0,45.7,0,0.0,12774.2375,11613.66064516129,5578.65157063034,0.8858,100.0,0.0,110,764,205.05,856.18,8,2.0,0.0,2026-06-29 19:53:58.413448+00:00
122,0.0,0.0,0,0.0,2607.052,2531.4558333333334,305.2609778658892,0.2046,100.0,0.0,115,689,353.5,590.26,3,1.0,0.0,2026-06-29 19:53:58.413448+00:00
124,33.0,253.27,2,18450.95,-507.37333333333333,189.7342857142857,4443.425522294512,0.6309,100.0,0.0,59,682,440.51,1107.43,8,4.0,3.0,2026-06-29 19:53:58.413448+00:00
134,0.0,123.05,1,5440.68,3383.9313333333334,3389.7291666666665,1221.4283520588483,0.3613,100.0,0.0,30,734,58.98,444.16,4,1.0,1.0,2026-06-29 19:53:58.413448+00:00
149,0.0,133.12,1,6597.15,22428.388666666666,21652.688484848484,8390.791540698148,0.2719,100.0,0.0,25,663,299.51,1004.84,8,2.0,2.0,2026-06-29 19:53:58.413448+00:00
215,67.0,17.8,3,29398.09,7734.185789473684,7254.064814814815,8971.830257369444,0.1156,100.0,0.0,79,685,366.0,1161.31,9,6.0,0.0,2026-06-29 19:53:58.413448+00:00
220,0.0,0.0,0,0.0,6397.831875,7039.1097058823525,3320.7975569383443,0.1288,100.0,0.0,15,745,190.75,994.74,5,1.0,0.0,2026-06-29 19:53:58.413448+00:00
228,87.0,111.45,4,33338.88,10399.343333333334,6104.305526315789,20074.6704396307,0.4478,100.0,0.0,35,747,117.75,331.78,2,2.0,2.0,2026-06-29 19:53:58.413448+00:00
234,39.0,84.57,2,17169.66,7744.5405,10677.571875,14404.381823577398,0.0576,100.0,0.0,1,655,303.75,1558.34,10,3.0,2.0,2026-06-29 19:53:58.413448+00:00
253,0.0,162.83,1,11888.67,8654.011538461538,9192.654166666667,5424.514746640873,0.9812,100.0,0.0,86,706,0.0,981.21,6,0.0,1.0,2026-06-29 19:53:58.413448+00:00
264,56.0,47.58,5,47665.5,-4456.629166666667,-870.8955555555556,10340.659015558716,0.3273,100.0,0.0,107,674,641.51,1343.99,7,4.0,0.0,2026-06-29 19:53:58.413448+00:00
270,29.0,73.74,3,21881.6,7027.752666666666,8890.968775510204,11431.427344623005,0.3965,100.0,0.0,112,838,391.11,1420.96,10,0.0,6.0,2026-06-29 19:53:58.413448+00:00
301,0.0,80.2,0,0.0,25840.381666666668,26456.81294117647,5112.310595939405,0.3884,100.0,0.0,38,693,0.0,249.09,2,0.0,0.0,2026-06-29 19:53:58.413448+00:00
303,110.0,59.38,0,0.0,-5960.299166666667,-1426.6245,8872.488330451877,0.1265,100.0,0.0,50,531,194.99,627.34,6,0.0,0.0,2026-06-29 19:53:58.413448+00:00
323,64.0,80.79,3,28816.23,12983.491666666667,5795.46275,14300.551649762387,0.4627,100.0,0.0,13,721,0.0,350.39,3,1.0,1.0,2026-06-29 19:53:58.413448+00:00
354,68.0,146.83,5,45645.94,-15147.585454545455,-10302.935526315789,12311.324227471205,0.9172,100.0,0.0,11,724,0.0,421.14,3,4.0,4.0,2026-06-29 19:53:58.413448+00:00
377,9.0,42.82,1,11669.98,7708.6613333333335,7484.404473684211,10044.016686392617,0.8483,100.0,0.0,32,573,192.19,653.01,6,2.0,0.0,2026-06-29 19:53:58.413448+00:00
385,13.0,44.12,2,16741.47,3937.14,3032.3255555555556,3302.534525201912,0.941,100.0,0.0,34,719,0.0,379.62,5,0.0,4.0,2026-06-29 19:53:58.413448+00:00
400,0.0,68.13,0,0.0,23143.193333333333,18067.713684210525,4529.800405261665,0.2266,100.0,0.0,138,829,458.54,796.8,2,0.0,0.0,2026-06-29 19:53:58.413448+00:00
415,55.0,79.45,2,15792.36,3256.179,7405.50125,13363.278930603794,0.5716,100.0,0.0,89,836,322.3,9910.21,8,1.0,1.0,2026-06-29 19:53:58.413448+00:00
432,2.0,78.89,2,16730.41,5512.16,7153.286,3867.075686418471,0.3018,100.0,0.0,66,697,0.0,129.71,1,0.0,0.0,2026-06-29 19:53:58.413448+00:00
517,14.0,137.02,4,42769.78,10448.15,11086.302407407407,10280.883861392487,0.5956,100.0,0.0,42,803,146.09,9237.87,12,0.0,2.0,2026-06-29 19:53:58.413448+00:00
520,0.0,138.16,0,0.0,25430.94714285714,18280.308,10037.829321967773,0.4628,100.0,0.0,126,694,161.59,670.28,3,1.0,1.0,2026-06-29 19:53:58.413448+00:00
556,2.0,20.0,1,7710.92,16241.043,16383.849677419355,14854.037725463057,0.2162,100.0,0.0,13,686,0.0,9122.17,7,0.0,0.0,2026-06-29 19:53:58.413448+00:00
624,49.0,236.34,3,27371.63,1347.6966666666667,1911.7820454545454,6281.220139356821,0.5316,100.0,0.0,89,850,131.54,461.69,5,1.0,0.0,2026-06-29 19:53:58.413448+00:00
639,64.0,77.8,2,20314.56,-1895.6063636363635,109.32581818181818,14119.11716562151,0.5464,100.0,0.0,13,698,507.38,1905.61,11,3.0,0.0,2026-06-29 19:53:58.413448+00:00
667,3.0,101.13,1,8789.23,17856.855,17367.515625,6149.922293856107,0.4831,100.0,0.0,108,660,138.01,363.92,4,3.0,2.0,2026-06-29 19:53:58.413448+00:00
675,7.0,39.91,2,19612.46,544.1483333333333,-250.207,3845.216892825553,0.2457,100.0,0.0,58,710,85.1,217.84,1,1.0,1.0,2026-06-29 19:53:58.413448+00:00
731,0.0,0.0,1,8770.55,24772.014285714286,25845.627391304348,13688.417901238296,0.1288,100.0,0.0,31,712,8851.6,9128.59,5,1.0,1.0,2026-06-29 19:53:58.413448+00:00
744,47.0,10.81,1,9831.0,1828.4871428571428,3267.154761904762,8241.101587870757,0.5976,100.0,0.0,20,616,135.28,318.82,2,0.0,0.0,2026-06-29 19:53:58.413448+00:00
747,14.0,0.0,3,23608.4,-1753.0433333333333,-658.6525,5916.134908414725,0.6918,100.0,0.0,29,643,82.1,89.65,2,0.0,0.0,2026-06-29 19:53:58.413448+00:00
760,17.0,35.01,2,22884.32,4318.768235294117,6370.972978723405,14721.753945803415,0.4802,100.0,0.0,54,615,184.39,941.24,8,1.0,2.0,2026-06-29 19:53:58.413448+00:00
770,75.0,37.84,3,27003.06,-891.3235294117648,-757.6866666666666,6107.305112991963,0.5574,100.0,0.0,21,476,149.68,1197.12,7,2.0,1.0,2026-06-29 19:53:58.413448+00:00
779,30.0,31.92,0,0.0,5973.927272727273,6323.540588235294,6347.550889027497,0.5637,100.0,0.0,12,616,116.66,720.27,7,1.0,1.0,2026-06-29 19:53:58.413448+00:00
783,0.0,40.08,2,16783.97,6919.123333333333,5205.624181818182,4448.005950439148,0.1494,100.0,0.0,77,578,199.66,1056.77,8,3.0,1.0,2026-06-29 19:53:58.413448+00:00
820,30.0,29.37,3,23294.58,5914.384615384615,6171.861142857143,5425.2136410572675,0.9934,100.0,0.0,130,626,0.0,625.5,2,1.0,3.0,2026-06-29 19:53:58.413448+00:00
821,33.0,12.57,2,16840.09,-3517.145,-3243.858,12161.062163916276,0.8738,100.0,0.0,56,695,0.0,602.75,3,0.0,0.0,2026-06-29 19:53:58.413448+00:00
852,21.0,68.4,2,14271.84,4994.447142857143,7472.328,6428.087014168056,0.442,100.0,0.0,142,648,171.48,7462.4,10,0.0,2.0,2026-06-29 19:53:58.413448+00:00
859,31.0,111.37,1,10516.02,404.61545454545455,1962.9084375,13930.71397517934,0.1344,100.0,0.0,132,739,91.39,334.51,6,1.0,0.0,2026-06-29 19:53:58.413448+00:00
874,20.0,11.62,4,24974.76,7748.7508333333335,7129.898529411765,10803.87824443647,0.9155,100.0,0.0,25,751,549.44,932.32,7,0.0,1.0,2026-06-29 19:53:58.413448+00:00
882,32.0,81.73,4,25265.96,-599.9581818181819,619.1706896551724,5637.300140376706,0.43,100.0,0.0,123,777,148.25,9865.67,7,2.0,2.0,2026-06-29 19:53:58.413448+00:00
893,58.0,62.69,2,16750.99,873.9683333333334,1634.1675,6336.367767280499,0.8962,100.0,0.0,29,603,86.13,723.28,6,0.0,0.0,2026-06-29 19:53:58.413448+00:00
897,64.0,144.03,1,7513.22,7395.202,7582.555555555556,8296.290679389214,0.41,100.0,0.0,60,771,205.0,1206.78,8,2.0,4.0,2026-06-29 19:53:58.413448+00:00
920,0.0,116.28,2,20067.56,12831.56,12360.25075,5510.065157743147,0.8517,100.0,0.0,18,693,389.95,1309.02,9,4.0,2.0,2026-06-29 19:53:58.413448+00:00
930,56.0,72.38,6,51401.28,6175.818181818182,2989.3413333333333,15883.151160295401,0.1276,100.0,0.0,65,798,0.0,223.49,3,3.0,1.0,2026-06-29 19:53:58.413448+00:00
946,0.0,16.03,0,0.0,7318.402,6215.05125,2735.101757431084,0.3222,100.0,0.0,62,653,179.45,367.48,2,0.0,0.0,2026-06-29 19:53:58.413448+00:00
947,0.0,138.44,0,0.0,16970.7125,17024.90216216216,5295.5965457319635,0.302,100.0,0.0,4,655,142.05,875.79,9,3.0,1.0,2026-06-29 19:53:58.413448+00:00
963,108.0,60.49,3,28732.93,-6851.475833333333,-5094.521333333333,3269.3237782857927,0.0838,100.0,0.0,55,779,95.22,511.55,6,2.0,0.0,2026-06-29 19:53:58.413448+00:00
991,0.0,35.63,1,11622.13,11222.07,9687.236,3095.0292640400025,0.9519,100.0,0.0,106,565,0.0,75.96,1,0.0,1.0,2026-06-29 19:53:58.413448+00:00
1003,57.0,88.47,1,7447.83,12031.84111111111,8384.955454545454,17288.553019848587,0.6822,100.0,0.0,5,833,805.04,1363.81,5,2.0,2.0,2026-06-29 19:53:58.413448+00:00
1004,0.0,152.38,0,0.0,15512.928666666667,15375.395666666667,4511.803458257188,0.2439,100.0,0.0,125,777,120.86,900.35,7,2.0,0.0,2026-06-29 19:53:58.413448+00:00
1021,20.0,56.45,1,10730.55,9136.058333333332,13857.893684210527,26514.009374950245,0.3031,100.0,0.0,58,745,88.62,88.62,1,0.0,1.0,2026-06-29 19:53:58.413448+00:00
1023,23.0,61.83,5,45974.69,2995.108,2931.010625,4383.825964081588,0.6187,100.0,0.0,94,613,14.27,14.27,1,0.0,0.0,2026-06-29 19:53:58.413448+00:00
1030,123.0,128.74,3,28788.49,-1615.4594736842105,195.60166666666666,12416.714937273262,0.2914,100.0,0.0,43,725,326.62,1175.55,9,3.0,1.0,2026-06-29 19:53:58.413448+00:00
1044,96.0,114.83,7,59109.74,-8361.904375,-10173.4915,11527.103629134912,0.4728,100.0,0.0,24,717,0.0,1380.25,8,4.0,0.0,2026-06-29 19:53:58.413448+00:00
1049,0.0,126.11,0,0.0,19304.62285714286,16507.76,10085.04386911133,0.2417,100.0,0.0,52,669,146.68,342.52,3,1.0,1.0,2026-06-29 19:53:58.413448+00:00
1052,34.0,103.82,3,26055.83,10706.24923076923,11778.577435897436,10540.09315224208,0.6204,100.0,0.0,2,694,11192.22,11845.15,7,1.0,2.0,2026-06-29 19:53:58.413448+00:00
1056,173.0,102.93,6,46362.45,-9392.742857142857,-7942.320727272728,8149.590759599603,0.6886,100.0,0.0,65,817,1248.02,1948.29,12,3.0,2.0,2026-06-29 19:53:58.413448+00:00
1070,0.0,48.9,3,25395.21,9338.607647058823,9513.239347826087,4782.427183786403,0.1369,100.0,0.0,52,779,268.38,1102.44,9,3.0,1.0,2026-06-29 19:53:58.413448+00:00
1080,74.0,181.88,6,45306.57,-4155.19875,-1800.3637037037038,14521.464969299303,0.6767,100.0,0.0,19,584,6601.77,7048.06,8,1.0,3.0,2026-06-29 19:53:58.413448+00:00
1081,15.0,118.69,2,17731.97,6200.258181818182,8002.534666666666,3969.6591854365774,0.7805,100.0,0.0,35,749,246.38,743.96,7,0.0,0.0,2026-06-29 19:53:58.413448+00:00
1100,20.0,89.81,1,11133.79,4433.127368421053,5588.001111111111,6628.027549098089,0.5256,100.0,0.0,57,577,152.74,1024.14,9,1.0,3.0,2026-06-29 19:53:58.413448+00:00
1113,0.0,0.0,0,0.0,13974.52375,14403.195238095239,10383.416672379739,0.3056,100.0,0.0,103,707,0.0,932.79,4,0.0,2.0,2026-06-29 19:53:58.413448+00:00
1117,0.0,67.73,1,11897.9,8760.097,10492.528048780488,5730.397613835774,0.118,100.0,0.0,42,593,60.53,639.1,4,3.0,3.0,2026-06-29 19:53:58.413448+00:00
1127,82.0,49.78,5,38682.9,8481.978571428572,10173.082972972972,20122.611738535663,0.2042,100.0,0.0,30,657,121.18,377.55,4,0.0,0.0,2026-06-29 19:53:58.413448+00:00
1130,53.0,112.74,4,35906.47,1910.9666666666667,1012.85,6441.279566199211,0.5163,100.0,0.0,25,717,734.43,1492.93,9,1.0,0.0,2026-06-29 19:53:58.413448+00:00
1140,17.0,92.68,1,6457.56,9726.906666666666,8864.558181818182,7375.947794352686,0.8597,100.0,0.0,24,709,151.77,694.5,4,0.0,1.0,2026-06-29 19:53:58.413448+00:00
1147,41.0,125.17,1,8246.99,-7095.76,-3790.15,8939.492933296544,0.571,100.0,0.0,90,665,0.0,935.94,3,2.0,1.0,2026-06-29 19:53:58.413448+00:00
1148,24.0,89.42,3,20958.25,17043.970714285715,12673.27025,10532.051100360863,0.7449,100.0,0.0,41,729,93.71,1541.78,14,1.0,0.0,2026-06-29 19:53:58.413448+00:00
1158,74.0,44.89,2,14193.4,4524.820476190476,4762.908958333333,16293.287961426688,0.4846,100.0,0.0,39,755,186.55,1230.11,9,1.0,1.0,2026-06-29 19:53:58.413448+00:00
1159,0.0,180.2,2,15529.82,14742.264285714286,14483.3124,1656.4093329213363,0.8276,100.0,0.0,24,740,0.0,254.41,2,2.0,2.0,2026-06-29 19:53:58.413448+00:00
1162,51.0,150.76,2,20059.22,657.345,741.506,2953.548518593863,0.9509,100.0,0.0,4,689,123.61,504.96,4,0.0,0.0,2026-06-29 19:53:58.413448+00:00
1167,5.0,104.56,3,22105.48,7256.24,10125.582916666666,5877.895801381987,0.7237,100.0,0.0,65,632,27.18,546.63,6,1.0,2.0,2026-06-29 19:53:58.413448+00:00
1170,47.0,113.89,1,7702.99,6822.156666666667,4085.791818181818,6786.25325716347,0.2374,100.0,0.0,125,687,0.0,209.02,2,3.0,2.0,2026-06-29 19:53:58.413448+00:00
1190,0.0,192.7,1,5061.24,13528.244545454545,14610.271714285715,3517.0444088936183,0.593,100.0,0.0,42,707,158.8,877.13,5,2.0,0.0,2026-06-29 19:53:58.413448+00:00
1230,113.0,173.2,3,26845.86,2435.653333333333,-6560.711428571429,14876.15541290356,0.4416,100.0,0.0,3,618,6588.38,6669.44,4,0.0,1.0,2026-06-29 19:53:58.413448+00:00
1233,98.0,39.94,5,47321.89,-7621.012727272728,-7283.090975609756,5083.078710665429,0.864,100.0,0.0,43,723,430.38,1107.69,7,0.0,1.0,2026-06-29 19:53:58.413448+00:00
1242,0.0,167.91,3,24042.55,7170.644736842105,6890.468260869565,2827.950440363691,0.2372,100.0,0.0,88,694,249.14,859.87,9,5.0,1.0,2026-06-29 19:53:58.413448+00:00
1270,19.0,146.51,7,59636.22,9231.552,14085.876981132076,7447.336275470724,0.0409,100.0,0.0,45,705,0.0,16633.97,9,2.0,1.0,2026-06-29 19:53:58.413448+00:00
1274,0.0,52.14,0,0.0,14918.724,15267.2028,9879.837384591112,0.2318,100.0,0.0,71,711,170.3,533.64,5,0.0,1.0,2026-06-29 19:53:58.413448+00:00
1289,64.0,31.72,5,44754.61,595.1776923076923,930.8197727272727,11713.830519072602,0.5298,100.0,0.0,89,813,242.92,10402.23,7,3.0,4.0,2026-06-29 19:53:58.413448+00:00
1291,3.0,51.37,0,0.0,13937.302222222223,12133.998571428572,6999.320670715998,0.0134,100.0,0.0,20,774,0.0,736.85,5,0.0,3.0,2026-06-29 19:53:58.413448+00:00
1293,39.0,99.69,2,14910.54,-1845.8433333333332,1196.2905263157895,4969.443810437417,0.7415,100.0,0.0,114,752,40.1,284.1,3,1.0,1.0,2026-06-29 19:53:58.413448+00:00
1299,8.0,59.43,4,31816.75,4342.3133333333335,9171.2275,16925.24569318622,0.9525,100.0,0.0,14,837,212.16,7414.34,2,1.0,0.0,2026-06-29 19:53:58.413448+00:00
1305,0.0,13.15,0,0.0,12695.065,12245.466363636364,368.13777187037755,0.4668,100.0,0.0,36,685,0.0,72.35,1,2.0,0.0,2026-06-29 19:53:58.413448+00:00
1311,39.0,64.16,1,5155.92,2025.6766666666667,133.7428,6659.6919593113425,0.7418,100.0,0.0,98,751,230.5,536.25,3,0.0,1.0,2026-06-29 19:53:58.413448+00:00
1315,34.0,72.96,5,38316.93,-1702.138125,-1316.3582352941175,2825.056420977933,0.956,100.0,0.0,76,741,163.16,510.71,6,2.0,0.0,2026-06-29 19:53:58.413448+00:00
1382,38.0,174.91,6,51720.22,2134.7608333333333,725.165641025641,9502.910757493255,0.8691,100.0,0.0,31,765,10582.89,11457.99,7,3.0,0.0,2026-06-29 19:53:58.413448+00:00
1385,7.0,100.84,1,7542.64,9356.15,6553.638181818182,4336.2593334350695,0.791,100.0,0.0,18,742,0.0,30.66,1,0.0,0.0,2026-06-29 19:53:58.413448+00:00
1432,48.0,65.02,2,19000.61,188.22230769230768,593.74375,12051.57561431589,0.5963,100.0,0.0,116,753,156.84,1616.76,10,3.0,2.0,2026-06-29 19:53:58.413448+00:00
1444,70.0,145.66,3,20548.65,-4147.7125,1964.16775,18060.332152495583,0.8695,100.0,0.0,101,691,0.0,610.64,5,0.0,0.0,2026-06-29 19:53:58.413448+00:00
1446,0.0,0.0,0,0.0,13848.03,15801.542,6319.106074862646,0.7408,100.0,0.0,11,784,0.0,168.62,2,2.0,0.0,2026-06-29 19:53:58.413448+00:00
1458,25.0,116.38,1,7439.13,3009.1007692307694,2983.5532432432433,7974.22924414915,0.5806,100.0,0.0,63,646,237.83,1286.63,9,0.0,1.0,2026-06-29 19:53:58.413448+00:00
1460,70.0,98.04,2,18412.1,-952.2966666666666,44.053333333333335,4149.441735586632,0.0354,100.0,0.0,110,712,66.25,342.03,5,0.0,0.0,2026-06-29 19:53:58.413448+00:00
1471,0.0,76.36,2,14177.35,12279.655,14831.815833333334,5362.263898609006,0.416,100.0,0.0,63,757,0.0,288.84,3,0.0,0.0,2026-06-29 19:53:58.413448+00:00
1472,28.0,44.15,2,16706.51,3800.7966666666666,3852.096511627907,4987.263203889407,0.8185,100.0,0.0,17,760,103.98,673.99,5,2.0,1.0,2026-06-29 19:53:58.413448+00:00
1473,32.0,33.49,1,9695.48,-2070.53,2912.7075,11167.158222295655,0.4658,100.0,0.0,124,622,93.7,645.73,5,2.0,0.0,2026-06-29 19:53:58.413448+00:00
1482,0.0,67.94,2,20274.53,22899.956875,22207.036976744184,8746.116492347148,0.051,100.0,0.0,31,656,430.28,1422.66,10,3.0,1.0,2026-06-29 19:53:58.413448+00:00
1494,52.0,41.67,5,37475.83,1854.189,2873.6335897435897,11301.50562248994,0.0087,100.0,0.0,28,641,76.05,7845.43,7,2.0,1.0,2026-06-29 19:53:58.413448+00:00
1511,72.0,69.47,3,27179.63,-8914.834375,-7351.597346938775,10130.295513276404,0.8834,100.0,0.0,53,850,617.73,1500.81,11,2.0,2.0,2026-06-29 19:53:58.413448+00:00
1527,89.0,63.1,5,42438.83,-8669.005,-9255.834347826087,5201.709695241787,0.3242,100.0,0.0,136,684,0.0,327.7,2,1.0,2.0,2026-06-29 19:53:58.413448+00:00
1556,44.0,78.28,6,49838.91,-10246.944285714286,-8648.791,9571.60194903335,0.9868,100.0,0.0,55,644,0.0,10871.18,3,2.0,0.0,2026-06-29 19:53:58.413448+00:00
1560,0.0,148.6,1,10514.08,14260.067142857142,13243.13275862069,3853.32964878061,0.3164,100.0,0.0,37,818,344.87,405.81,3,2.0,1.0,2026-06-29 19:53:58.413448+00:00
1606,7.0,43.16,3,29945.29,-5086.854444444444,-1594.2585714285715,6974.130588089567,0.5328,100.0,0.0,56,687,234.57,468.59,4,0.0,1.0,2026-06-29 19:53:58.413448+00:00
1612,0.0,0.0,1,10343.89,9547.094285714285,12807.355833333333,4879.889182960162,0.2191,100.0,0.0,41,652,30.37,63.85,2,0.0,1.0,2026-06-29 19:53:58.413448+00:00
1628,3.0,48.32,1,9614.21,-2084.968,2975.882380952381,4136.808644423869,0.9614,100.0,0.0,108,825,183.42,9999.67,2,1.0,1.0,2026-06-29 19:53:58.413448+00:00
1633,0.0,69.87,2,12826.54,9053.67111111111,7415.550377358491,5286.548441339049,0.2982,100.0,0.0,32,665,6746.45,7376.96,8,3.0,2.0,2026-06-29 19:53:58.413448+00:00
1671,33.0,59.09,3,25361.11,-2502.393,-2643.9096,10345.003893038043,0.0967,100.0,0.0,65,611,0.0,215.7,3,2.0,0.0,2026-06-29 19:53:58.413448+00:00
1681,12.0,199.29,1,5240.71,13538.24294117647,9156.976666666667,6873.957873045582,0.9316,100.0,0.0,46,698,228.65,603.4,5,1.0,2.0,2026-06-29 19:53:58.413448+00:00
1692,0.0,12.3,2,13149.47,11496.008,9910.642608695653,6517.205932127541,0.5783,100.0,0.0,38,801,0.0,486.01,4,1.0,0.0,2026-06-29 19:53:58.413448+00:00
1738,57.0,131.04,3,24424.45,7256.227777777778,657.7142424242425,25258.069814638635,0.2175,100.0,0.0,13,694,258.36,451.56,2,1.0,1.0,2026-06-29 19:53:58.413448+00:00
1741,36.0,50.71,2,19276.45,-3429.7966666666666,1283.7872727272727,19138.421939949676,0.3433,100.0,0.0,53,510,397.93,894.29,6,1.0,1.0,2026-06-29 19:53:58.413448+00:00
1764,2.0,67.78,2,13456.05,13564.535333333333,12934.086774193549,11989.45122561949,0.8248,100.0,0.0,56,750,163.96,8262.96,7,1.0,3.0,2026-06-29 19:53:58.413448+00:00
1773,0.0,49.98,1,5266.16,13281.82,13125.253333333334,3093.4155653070943,0.0423,100.0,0.0,89,615,0.0,620.4,5,0.0,2.0,2026-06-29 19:53:58.413448+00:00
1776,0.0,150.28,1,5226.67,12848.17923076923,9745.565945945946,9015.340050971217,0.9889,100.0,0.0,7,750,48.79,399.19,5,3.0,0.0,2026-06-29 19:53:58.413448+00:00
1786,7.0,41.5,2,17622.49,10106.723333333333,9282.602068965518,7936.024732244892,0.8559,100.0,0.0,100,541,0.0,361.71,2,2.0,1.0,2026-06-29 19:53:58.413448+00:00
1797,103.0,15.25,4,36077.22,-9890.626666666667,-4921.653125,8604.966004140888,0.4408,100.0,0.0,96,712,104.56,6296.67,7,2.0,0.0,2026-06-29 19:53:58.413448+00:00
1804,33.0,0.0,4,29337.71,6027.598333333333,8383.743469387755,10151.551493861742,0.2783,100.0,0.0,19,755,267.67,10633.8,12,2.0,1.0,2026-06-29 19:53:58.413448+00:00
1812,65.0,73.67,3,27503.26,-6204.151428571428,-2290.943846153846,10143.448712845091,0.6667,100.0,0.0,6,712,0.0,142.62,1,0.0,0.0,2026-06-29 19:53:58.413448+00:00
1817,83.0,22.32,6,48659.04,-10773.11846153846,-9773.990731707318,15514.219486465045,0.1779,100.0,0.0,19,574,6547.62,7332.84,13,2.0,1.0,2026-06-29 19:53:58.413448+00:00
1818,27.0,21.99,2,22396.97,-10172.797142857144,-11180.59,15590.447191716978,0.1222,100.0,0.0,23,740,231.27,231.27,2,1.0,0.0,2026-06-29 19:53:58.413448+00:00
1834,0.0,37.23,1,10101.34,5166.01125,5350.01,265.5350170770658,0.2531,100.0,0.0,36,713,199.82,707.3,5,0.0,1.0,2026-06-29 19:53:58.413448+00:00
1847,36.0,98.19,5,42199.42,6262.19,5657.369019607843,6145.920419071325,0.1589,100.0,0.0,64,713,12526.36,13412.83,13,0.0,2.0,2026-06-29 19:53:58.413448+00:00
1875,0.0,81.77,1,8135.42,7699.9925,8379.121632653061,5160.254751191122,0.6452,100.0,0.0,25,666,18.34,673.32,8,4.0,1.0,2026-06-29 19:53:58.413448+00:00
1911,1.0,19.31,1,5305.87,13817.26,12896.171764705883,3836.6406825414574,0.1433,100.0,0.0,48,636,349.58,465.41,4,0.0,2.0,2026-06-29 19:53:58.413448+00:00
1915,13.0,37.24,3,25800.28,-3667.6714285714284,-1380.354375,5356.759623036465,0.9103,100.0,0.0,89,805,261.03,8132.97,5,1.0,0.0,2026-06-29 19:53:58.413448+00:00
1923,20.0,93.8,1,8144.28,21226.083333333332,10584.213157894737,17735.52173847572,0.1871,100.0,0.0,14,820,202.8,675.12,4,1.0,0.0,2026-06-29 19:53:58.413448+00:00
1934,64.0,104.7,0,0.0,4033.5392857142856,5667.6547222222225,9200.760166920536,0.3245,100.0,0.0,15,775,72.91,551.56,5,3.0,0.0,2026-06-29 19:53:58.413448+00:00
1938,48.0,34.67,1,7298.11,8019.055,9807.360689655172,10660.378390462227,0.9133,100.0,0.0,13,670,506.89,541.51,2,2.0,0.0,2026-06-29 19:53:58.413448+00:00
1957,61.0,46.85,5,51192.01,8759.262727272728,8111.730208333333,12329.971416977967,0.5481,100.0,0.0,34,703,293.54,23294.47,12,1.0,0.0,2026-06-29 19:53:58.413448+00:00
2001,0.0,0.0,0,0.0,2143.374,2202.1608333333334,153.73648143594795,0.7486,100.0,0.0,53,672,248.95,400.09,2,1.0,0.0,2026-06-29 19:53:58.413448+00:00
2016,11.0,98.4,2,18223.33,3566.21875,-1656.3626315789475,9032.229888323518,0.8941,100.0,0.0,141,691,0.0,466.63,3,0.0,0.0,2026-06-29 19:53:58.413448+00:00
2027,0.0,75.74,0,0.0,9611.33909090909,10097.052,3111.5302436110765,0.4522,100.0,0.0,54,761,323.32,933.71,5,3.0,1.0,2026-06-29 19:53:58.413448+00:00
2046,8.0,71.33,0,0.0,10845.193571428572,10057.490967741935,4918.708018910021,0.5667,100.0,0.0,34,850,387.62,614.6,4,1.0,0.0,2026-06-29 19:53:58.413448+00:00
2071,30.0,12.55,3,31940.46,4553.838,5676.963333333333,10013.185443096461,0.1075,100.0,0.0,97,660,71.8,1127.35,6,1.0,1.0,2026-06-29 19:53:58.413448+00:00
2074,55.0,47.47,2,12268.38,-2742.5963636363635,-4337.992424242424,5285.9751067013985,0.1364,100.0,0.0,31,742,290.67,824.57,7,0.0,1.0,2026-06-29 19:53:58.413448+00:00
2098,70.0,11.2,1,8788.11,-2020.2416666666666,-4628.423703703704,7999.0451472461755,0.0483,100.0,0.0,103,699,176.95,691.52,3,1.0,2.0,2026-06-29 19:53:58.413448+00:00
2182,28.0,117.83,1,8123.49,11612.743846153846,8322.16303030303,7884.047566795102,0.9332,100.0,0.0,9,684,64.62,490.0,6,2.0,2.0,2026-06-29 19:53:58.413448+00:00
2185,65.0,36.89,0,0.0,-4652.85,-4653.535238095238,190.49603911940375,0.0512,100.0,0.0,116,793,73.83,388.91,4,0.0,1.0,2026-06-29 19:53:58.413448+00:00
2202,58.0,110.44,3,30795.21,517.930909090909,-560.48125,5711.818778804311,0.9092,100.0,0.0,47,669,286.31,795.25,5,2.0,1.0,2026-06-29 19:53:58.413448+00:00
2222,17.0,95.73,1,9780.93,2273.786666666667,-578.4361904761905,5962.753723569159,0.7629,100.0,0.0,123,797,0.0,56.37,1,2.0,1.0,2026-06-29 19:53:58.413448+00:00
2230,69.0,143.4,1,11918.08,2386.360769230769,2854.975789473684,9450.980195776521,0.4102,100.0,0.0,55,782,0.0,12857.05,6,0.0,2.0,2026-06-29 19:53:58.413448+00:00
2235,66.0,127.51,2,14473.08,-254.60785714285714,217.32162162162163,10241.281029790856,0.7463,100.0,0.0,128,646,258.44,778.24,8,2.0,0.0,2026-06-29 19:53:58.413448+00:00
2249,0.0,0.0,2,14350.87,8777.4,10477.733913043478,3365.646708394836,0.4391,100.0,0.0,102,689,0.0,408.22,3,1.0,0.0,2026-06-29 19:53:58.413448+00:00
2314,30.0,0.0,1,11310.81,3517.65375,802.6377419354839,4838.90864161952,0.1761,100.0,0.0,76,711,0.0,120.74,2,0.0,1.0,2026-06-29 19:53:58.413448+00:00
2322,31.0,98.2,2,18585.92,4227.625,7078.95027027027,11822.530662457006,0.7759,100.0,0.0,100,563,367.85,1553.93,7,1.0,1.0,2026-06-29 19:53:58.413448+00:00
2360,56.0,56.58,2,16320.24,5218.331818181819,4292.27875,6302.964343645848,0.6835,100.0,0.0,16,745,219.18,574.91,3,2.0,0.0,2026-06-29 19:53:58.413448+00:00
2380,39.0,99.86,2,23725.58,2515.485,3392.360588235294,10905.047821549522,0.4524,100.0,0.0,8,604,226.16,847.03,6,0.0,2.0,2026-06-29 19:53:58.413448+00:00
2438,66.0,20.78,4,40863.1,629.235,605.3148571428571,10383.464473488031,0.0074,100.0,0.0,115,783,365.18,491.32,4,3.0,0.0,2026-06-29 19:53:58.413448+00:00
2444,51.0,77.32,1,11749.48,5735.468,6291.856785714286,12881.768304540241,0.303,100.0,0.0,120,692,76.0,663.35,7,0.0,1.0,2026-06-29 19:53:58.413448+00:00
2447,66.0,0.0,4,30609.63,-18814.21625,-16053.367727272727,10183.212004277362,0.6134,100.0,0.0,1,781,250.53,674.69,5,1.0,0.0,2026-06-29 19:53:58.413448+00:00
2480,0.0,117.88,0,0.0,15557.945555555556,17048.653,4432.683001448559,0.7292,100.0,0.0,127,638,360.57,494.02,5,2.0,0.0,2026-06-29 19:53:58.413448+00:00
2482,0.0,0.0,0,0.0,20423.3125,20435.914285714287,68.8680300817949,0.2164,100.0,0.0,107,782,125.75,318.59,3,1.0,0.0,2026-06-29 19:53:58.413448+00:00
2512,0.0,68.95,0,0.0,18828.68222222222,18431.83264705882,5192.098862868888,0.5717,100.0,0.0,61,720,369.68,369.68,4,2.0,2.0,2026-06-29 19:53:58.413448+00:00
2518,13.0,104.11,1,5822.03,5722.685333333333,5951.286829268292,5348.805903214349,0.9422,100.0,0.0,3,814,98.88,521.61,6,2.0,0.0,2026-06-29 19:53:58.413448+00:00
2532,78.0,74.07,5,53011.8,1089.6078571428573,-2375.459189189189,15137.38648884928,0.5576,100.0,0.0,87,777,0.0,12212.81,5,2.0,0.0,2026-06-29 19:53:58.413448+00:00
2567,0.0,62.04,1,8501.62,19566.833333333332,16034.981666666667,4847.255975592158,0.1215,100.0,0.0,130,621,87.53,187.8,2,0.0,1.0,2026-06-29 19:53:58.413448+00:00
2612,0.0,0.0,0,0.0,25213.235714285714,25298.57375,172.49992587331084,0.2467,100.0,0.0,27,773,103.68,376.46,4,1.0,0.0,2026-06-29 19:53:58.413448+00:00
2650,21.0,64.17,0,0.0,8206.345714285715,8368.229130434782,670.5905741042778,0.6356,100.0,0.0,27,775,121.42,226.98,3,0.0,1.0,2026-06-29 19:53:58.413448+00:00
2657,41.0,69.55,4,33826.01,3216.19,-1769.444761904762,11155.29116301686,0.1536,100.0,0.0,78,691,0.0,65.34,2,1.0,1.0,2026-06-29 19:53:58.413448+00:00
2658,18.0,120.07,2,22333.68,6747.6090476190475,8296.05847826087,13976.545974945624,0.4817,100.0,0.0,19,727,334.52,576.4,6,2.0,2.0,2026-06-29 19:53:58.413448+00:00
2666,24.0,74.06,4,28649.43,10776.01,10645.663611111111,6817.160981037208,0.7669,100.0,0.0,49,704,259.12,1364.37,6,1.0,0.0,2026-06-29 19:53:58.413448+00:00
2678,3.0,0.0,1,7623.38,11137.88705882353,9912.497,8018.663750612963,0.4432,100.0,0.0,37,837,108.16,8480.52,7,2.0,2.0,2026-06-29 19:53:58.413448+00:00
2679,24.0,103.63,0,0.0,1660.875,1165.2810344827585,2833.27121308184,0.6695,100.0,0.0,79,807,460.04,621.24,3,1.0,2.0,2026-06-29 19:53:58.413448+00:00
2711,60.0,60.46,3,27212.84,-1357.6733333333334,-1099.8058620689656,10645.955450797044,0.2097,100.0,0.0,115,734,7836.37,8319.16,9,1.0,0.0,2026-06-29 19:53:58.413448+00:00
2722,0.0,0.0,0,0.0,29545.7375,29590.589,121.75189718850339,0.7033,100.0,0.0,18,850,40.87,138.63,2,0.0,0.0,2026-06-29 19:53:58.413448+00:00
2740,3.0,291.45,1,5809.46,21876.7585,18549.10319148936,14765.366715885066,0.8431,100.0,0.0,6,643,235.7,2320.22,15,4.0,2.0,2026-06-29 19:53:58.413448+00:00
2756,0.0,190.38,0,0.0,15002.674761904762,15188.678333333333,7283.1776563986,0.7917,100.0,0.0,7,765,24.27,1617.99,12,4.0,2.0,2026-06-29 19:53:58.413448+00:00
2765,0.0,28.77,1,11826.0,2808.3166666666666,2624.3157142857144,213.72193729618087,0.6852,100.0,0.0,107,610,87.48,87.48,1,1.0,0.0,2026-06-29 19:53:58.413448+00:00
2795,91.0,142.09,1,8726.45,-1816.23125,-868.0486842105263,7629.56059552034,0.4592,100.0,0.0,22,637,69.97,993.66,9,2.0,1.0,2026-06-29 19:53:58.413448+00:00
2828,96.0,104.0,3,21884.52,-4019.1316666666667,-1795.6085714285714,10969.82097966017,0.3582,100.0,0.0,4,748,89.44,1122.77,7,4.0,2.0,2026-06-29 19:53:58.413448+00:00
2840,18.0,178.09,2,16158.01,1759.6342857142856,6362.898372093024,10092.633818415861,0.2813,100.0,0.0,61,791,96.24,1299.75,10,3.0,2.0,2026-06-29 19:53:58.413448+00:00
2841,79.0,35.81,5,42940.41,-8568.849,-4545.48945945946,9804.389490653815,0.3686,100.0,0.0,6,723,738.24,1449.61,7,0.0,0.0,2026-06-29 19:53:58.413448+00:00
2855,26.0,41.94,0,0.0,-3695.66,-3581.93,67.95706644639678,0.1801,100.0,0.0,7,708,0.0,205.88,2,0.0,0.0,2026-06-29 19:53:58.413448+00:00
2859,67.0,78.78,4,37142.54,-13159.082352941177,-10894.64914893617,17353.53909020189,0.0456,100.0,0.0,45,591,603.9,1621.74,11,1.0,0.0,2026-06-29 19:53:58.413448+00:00
2870,0.0,93.15,0,0.0,7701.192,7658.732222222222,1510.2791485849948,0.3808,100.0,0.0,57,697,38.81,38.81,1,0.0,2.0,2026-06-29 19:53:58.413448+00:00
2893,42.0,53.69,1,9672.28,2848.3392307692307,3909.7041379310344,13814.837884633323,0.2155,100.0,0.0,3,648,133.33,879.82,8,2.0,1.0,2026-06-29 19:53:58.413448+00:00
2910,27.0,130.52,2,17768.17,6126.937142857143,2951.2909375,7777.149856625789,0.7933,100.0,0.0,29,597,163.34,685.5,5,1.0,1.0,2026-06-29 19:53:58.413448+00:00
2923,23.0,38.33,1,8240.0,10452.121578947368,8040.291951219512,10403.28576529022,0.4094,100.0,0.0,34,738,114.14,1462.77,10,1.0,1.0,2026-06-29 19:53:58.413448+00:00
2942,46.0,132.94,3,25838.2,10579.3075,10043.176,14617.26703542014,0.212,100.0,0.0,97,666,149.5,385.05,4,0.0,2.0,2026-06-29 19:53:58.413448+00:00
2977,0.0,57.24,1,5755.92,11167.975,10527.466470588235,7729.003181923756,0.0965,100.0,0.0,7,681,150.46,620.61,4,0.0,1.0,2026-06-29 19:53:58.413448+00:00
2993,87.0,118.47,8,67865.45,-9916.26,-10856.948928571428,8738.714300370022,0.4664,100.0,0.0,78,744,158.31,544.48,3,1.0,0.0,2026-06-29 19:53:58.413448+00:00
3007,0.0,104.9,0,0.0,16832.675,12822.535172413793,6325.0886042656075,0.8007,100.0,0.0,53,575,34.46,301.2,2,0.0,2.0,2026-06-29 19:53:58.413448+00:00
3018,16.0,132.84,2,21851.36,16555.036666666667,16282.876785714287,11038.441728708505,0.9831,100.0,0.0,91,717,78.05,510.47,5,1.0,1.0,2026-06-29 19:53:58.413448+00:00
3026,0.0,87.26,0,0.0,13215.6325,13502.234375,2001.7584295437873,0.6792,100.0,0.0,44,662,211.11,329.47,3,1.0,0.0,2026-06-29 19:53:58.413448+00:00
3032,0.0,0.0,0,0.0,5854.87,6118.895,294.3437627823782,0.6992,100.0,0.0,95,717,0.0,246.48,1,1.0,1.0,2026-06-29 19:53:58.413448+00:00
3035,0.0,20.13,2,12066.56,2399.707142857143,3412.4116216216216,3264.4039153248737,0.9741,100.0,0.0,52,690,765.99,1302.87,10,3.0,1.0,2026-06-29 19:53:58.413448+00:00
3036,129.0,105.56,8,69398.12,-12397.812608695653,-12264.480943396227,10720.642298276944,0.1883,100.0,0.0,7,728,122.58,1381.82,10,0.0,2.0,2026-06-29 19:53:58.413448+00:00
3074,55.0,106.92,4,30103.76,1472.4642857142858,288.52272727272725,2540.1298913736946,0.3312,100.0,0.0,56,842,49.58,749.27,8,0.0,0.0,2026-06-29 19:53:58.413448+00:00
3077,0.0,77.64,1,7999.61,6108.3,6314.440555555556,6427.079344519154,0.6363,100.0,0.0,86,687,0.0,313.97,2,1.0,2.0,2026-06-29 19:53:58.413448+00:00
3093,27.0,25.31,2,17078.29,10108.575,9327.266216216216,6959.259558426456,0.5078,100.0,0.0,81,673,367.49,699.74,8,3.0,0.0,2026-06-29 19:53:58.413448+00:00
3123,0.0,98.35,2,16203.41,19221.774545454544,21264.0804,12201.21569384071,0.8063,100.0,0.0,56,680,36.5,389.5,4,1.0,0.0,2026-06-29 19:53:58.413448+00:00
3139,52.0,91.75,5,43805.75,1806.2586956521739,5132.149433962264,14377.637639255136,0.0154,100.0,0.0,26,803,18873.89,19887.19,15,1.0,2.0,2026-06-29 19:53:58.413448+00:00
3148,60.0,0.0,1,9995.03,-3464.7054545454544,-5945.291818181819,14437.386802113457,0.0604,100.0,0.0,67,768,64.54,459.38,5,2.0,2.0,2026-06-29 19:53:58.413448+00:00
3149,0.0,0.0,2,17663.19,10324.294705882354,12833.005111111112,7281.379279654408,0.7168,100.0,0.0,70,598,407.97,1955.74,9,3.0,0.0,2026-06-29 19:53:58.413448+00:00
3150,13.0,170.15,2,11751.14,15574.1385,15907.844210526317,8552.072684203611,0.6422,100.0,0.0,25,741,324.93,1564.55,11,3.0,2.0,2026-06-29 19:53:58.413448+00:00
3155,9.0,0.0,3,23821.95,1968.8938461538462,3955.7389655172415,4930.68974020831,0.4478,100.0,0.0,35,685,95.93,11292.76,6,0.0,1.0,2026-06-29 19:53:58.413448+00:00
3156,5.0,107.81,2,19429.19,12283.166666666666,11327.936285714286,8071.834779492841,0.8513,100.0,0.0,17,782,0.0,315.57,3,2.0,2.0,2026-06-29 19:53:58.413448+00:00
3173,20.0,30.33,0,0.0,1432.45375,11047.778421052632,18029.14708072262,0.1488,100.0,0.0,12,650,126.32,404.14,3,1.0,0.0,2026-06-29 19:53:58.413448+00:00
3176,45.0,76.49,3,25562.56,14161.798333333334,10128.51725,13172.9384239885,0.1759,100.0,0.0,101,754,9608.3,9801.79,4,2.0,2.0,2026-06-29 19:53:58.413448+00:00
3182,36.0,149.73,5,42014.82,-2588.6329411764705,-12.918620689655173,3536.5328634398493,0.4813,100.0,0.0,2,733,124.94,16187.37,10,1.0,1.0,2026-06-29 19:53:58.413448+00:00
3232,39.0,65.1,3,33548.66,-8418.382608695652,-1940.939387755102,15230.033776755059,0.2805,100.0,0.0,32,709,732.81,12930.05,21,3.0,1.0,2026-06-29 19:53:58.413448+00:00
3258,14.0,0.0,0,0.0,3165.8575,7712.125,8528.95380700825,0.3871,100.0,0.0,60,607,236.76,554.79,3,0.0,0.0,2026-06-29 19:53:58.413448+00:00
3263,60.0,0.0,2,16235.65,-4286.322222222222,-7018.761052631579,18068.291982945007,0.7696,100.0,0.0,6,693,224.67,1093.26,5,2.0,0.0,2026-06-29 19:53:58.413448+00:00
3264,45.0,29.31,3,27329.28,8214.711923076922,9293.69611111111,16079.670784313834,0.7229,100.0,0.0,15,759,486.06,9059.98,14,2.0,0.0,2026-06-29 19:53:58.413448+00:00
3275,0.0,79.96,1,6196.05,11846.276666666667,9186.235,6499.6992815597505,0.0616,100.0,0.0,127,705,138.86,540.78,6,2.0,0.0,2026-06-29 19:53:58.413448+00:00
3279,30.0,103.96,1,8750.09,3333.048,2335.1,9807.677123643158,0.463,100.0,0.0,8,571,26.48,163.58,1,1.0,1.0,2026-06-29 19:53:58.413448+00:00
3306,0.0,137.0,2,20380.64,21687.740555555556,16301.458775510204,8811.811413202886,0.3657,100.0,0.0,46,753,236.03,1291.3,11,2.0,1.0,2026-06-29 19:53:58.413448+00:00
3320,0.0,134.96,0,0.0,19697.17111111111,20169.377727272727,2301.2742567822984,0.9715,100.0,0.0,7,835,80.8,449.65,4,2.0,0.0,2026-06-29 19:53:58.413448+00:00
3339,0.0,0.0,0,0.0,9316.150714285714,9095.876285714286,4108.063124873314,0.8146,100.0,0.0,2,660,0.0,1423.1,9,2.0,2.0,2026-06-29 19:53:58.413448+00:00
3375,48.0,19.04,2,16484.05,-3806.156,-2317.248666666667,8408.438443261157,0.3558,100.0,0.0,54,713,0.0,559.83,2,0.0,1.0,2026-06-29 19:53:58.413448+00:00
3406,21.0,110.51,2,19132.1,901.5891666666666,4466.944473684211,12391.547821171387,0.431,100.0,0.0,37,757,0.0,849.95,5,1.0,1.0,2026-06-29 19:53:58.413448+00:00
3411,48.0,10.88,2,18792.2,-5854.191666666667,-5084.295882352942,1877.2565761239705,0.7842,100.0,0.0,110,693,133.53,448.26,3,0.0,1.0,2026-06-29 19:53:58.413448+00:00
3424,52.0,56.51,1,5834.53,899.1109090909091,-586.1831818181818,8279.423759577176,0.5389,100.0,0.0,61,668,0.0,500.55,5,0.0,0.0,2026-06-29 19:53:58.413448+00:00
3434,47.0,83.6,2,16914.16,4863.57,4751.631481481481,9284.911158231384,0.8845,100.0,0.0,139,681,27.9,906.36,6,3.0,1.0,2026-06-29 19:53:58.413448+00:00
3442,55.0,63.35,3,29576.24,146.79533333333333,-1938.1855555555555,9408.931406336533,0.183,100.0,0.0,76,733,207.47,9317.86,8,1.0,1.0,2026-06-29 19:53:58.413448+00:00
3454,12.0,77.7,2,17262.74,7464.955454545455,7987.106,18285.019514274958,0.1228,100.0,0.0,8,788,86.47,220.99,3,0.0,0.0,2026-06-29 19:53:58.413448+00:00
3474,0.0,0.0,1,11019.89,13121.667272727273,12442.694285714286,3904.108571480845,0.5838,100.0,0.0,143,731,432.02,974.94,8,2.0,2.0,2026-06-29 19:53:58.413448+00:00
3482,0.0,69.88,1,7520.67,916.9633333333334,2473.366666666667,2754.2857617730147,0.3806,100.0,0.0,12,694,32.43,570.49,3,0.0,0.0,2026-06-29 19:53:58.413448+00:00
3483,0.0,14.07,0,0.0,30347.32,30317.598,143.6135229565802,0.9966,100.0,0.0,113,696,247.22,314.96,1,1.0,1.0,2026-06-29 19:53:58.413448+00:00
3497,80.0,137.21,2,19270.26,-14655.907777777778,-6448.260714285714,11662.067407748313,0.7773,100.0,0.0,2,811,0.0,285.59,2,3.0,0.0,2026-06-29 19:53:58.413448+00:00
3523,63.0,102.23,3,27318.31,7647.631111111111,8106.202432432432,14926.470460728375,0.291,100.0,0.0,4,622,37.66,428.3,7,2.0,0.0,2026-06-29 19:53:58.413448+00:00
3539,31.0,52.22,2,18280.3,12344.98,9218.66761904762,15027.807052747852,0.4444,100.0,0.0,67,614,444.46,462.85,4,0.0,1.0,2026-06-29 19:53:58.413448+00:00
3542,2.0,55.72,1,10082.66,4919.17,5873.624545454545,3790.661786834886,0.4817,100.0,0.0,21,694,0.0,10274.21,2,0.0,1.0,2026-06-29 19:53:58.413448+00:00
3564,112.0,129.36,4,25671.61,-1440.909,-2721.109302325581,8060.008550863785,0.0914,100.0,0.0,100,732,298.96,6465.08,5,2.0,2.0,2026-06-29 19:53:58.413448+00:00
3602,2.0,0.0,1,11509.16,819.6,4429.1585,4926.475384386158,0.1137,100.0,0.0,103,637,218.12,12020.06,4,0.0,1.0,2026-06-29 19:53:58.413448+00:00
3625,0.0,0.0,0,0.0,6954.3,6973.98,35.85496688047594,0.1929,100.0,0.0,135,850,72.14,72.14,1,0.0,0.0,2026-06-29 19:53:58.413448+00:00
3628,61.0,40.85,3,25804.98,1376.6414285714286,-2875.5866666666666,22113.06537670499,0.6228,100.0,0.0,96,611,161.12,573.54,4,1.0,0.0,2026-06-29 19:53:58.413448+00:00
3642,33.0,105.09,4,35631.94,10491.699411764706,10151.384107142858,3870.8774790013154,0.5054,100.0,0.0,69,653,94.92,348.58,7,1.0,0.0,2026-06-29 19:53:58.413448+00:00
3686,8.0,0.0,2,16692.09,14885.955714285714,15164.298,11455.500448345201,0.7185,100.0,0.0,35,767,81.19,607.38,6,2.0,0.0,2026-06-29 19:53:58.413448+00:00
3724,31.0,53.58,3,25865.71,3502.63875,8560.217857142858,14580.504562818538,0.8399,100.0,0.0,18,709,127.37,751.93,7,2.0,2.0,2026-06-29 19:53:58.413448+00:00
3726,39.0,157.83,6,52903.96,-7435.627647058824,-3730.045806451613,13149.397140303348,0.9266,100.0,0.0,25,779,442.96,7828.33,11,4.0,0.0,2026-06-29 19:53:58.413448+00:00
3729,0.0,73.31,1,5826.94,10864.603076923077,10636.5,4947.187788770813,0.9831,100.0,0.0,82,772,342.68,462.92,6,1.0,0.0,2026-06-29 19:53:58.413448+00:00
3740,47.0,60.16,1,11262.93,2243.3646153846153,4376.188,7267.817111683185,0.9113,100.0,0.0,58,635,456.43,817.44,8,4.0,2.0,2026-06-29 19:53:58.413448+00:00
3753,0.0,39.0,0,0.0,5250.714285714285,3914.325,1830.3114645773449,0.4144,100.0,0.0,84,682,0.0,457.66,4,0.0,1.0,2026-06-29 19:53:58.413448+00:00
3756,15.0,43.65,3,25260.35,1076.18875,4740.191,6695.1946258832295,0.0901,100.0,0.0,7,677,55.83,10954.88,5,0.0,1.0,2026-06-29 19:53:58.413448+00:00
3764,52.0,104.06,5,34609.3,8002.77,4431.105,5378.019826317591,0.4235,100.0,0.0,33,655,90.87,924.11,9,2.0,2.0,2026-06-29 19:53:58.413448+00:00
3771,22.0,34.38,1,7323.53,8915.577142857142,11802.711764705882,13140.596954596434,0.0496,100.0,0.0,122,719,122.97,606.37,5,0.0,0.0,2026-06-29 19:53:58.413448+00:00
3788,3.0,119.4,1,7833.54,12151.415833333333,9082.110294117647,9018.96544057951,0.0882,100.0,0.0,6,762,0.0,1154.62,4,2.0,1.0,2026-06-29 19:53:58.413448+00:00
3824,56.0,35.74,2,19470.94,1913.3885714285714,3908.351,8080.655334278189,0.2904,100.0,0.0,99,731,93.52,444.74,7,2.0,0.0,2026-06-29 19:53:58.413448+00:00
3825,30.0,53.79,5,38693.67,-3136.890909090909,-2132.097931034483,8289.447145112243,0.8828,100.0,0.0,56,748,271.94,6720.67,7,0.0,0.0,2026-06-29 19:53:58.413448+00:00
3844,54.0,31.44,5,37445.4,1066.8545454545454,1036.989268292683,9209.318573769311,0.8963,100.0,0.0,113,735,0.0,161.97,2,2.0,0.0,2026-06-29 19:53:58.413448+00:00
3885,6.0,83.07,2,19622.07,6286.43,7122.531818181818,5072.8623128333675,0.3985,100.0,0.0,85,642,132.76,431.76,3,1.0,1.0,2026-06-29 19:53:58.413448+00:00
3932,0.0,36.52,2,21461.38,10931.225,16068.626363636364,6350.623545067728,0.6485,100.0,0.0,96,628,35.93,35.93,1,1.0,1.0,2026-06-29 19:53:58.413448+00:00
3961,68.0,85.73,3,31565.59,5962.725384615384,6041.620256410257,9708.845071378699,0.7912,100.0,0.0,99,598,88.44,675.64,7,2.0,2.0,2026-06-29 19:53:58.413448+00:00
3980,16.0,34.98,1,11475.46,7168.157142857143,8202.246363636363,19722.129220057384,0.2366,100.0,0.0,21,737,351.07,544.85,1,0.0,0.0,2026-06-29 19:53:58.413448+00:00
3987,15.0,18.91,0,0.0,6883.282857142857,8212.625652173912,6900.074731988969,0.2512,100.0,0.0,29,706,155.66,212.78,2,1.0,0.0,2026-06-29 19:53:58.413448+00:00
4049,0.0,0.0,1,6009.74,12154.703333333333,12164.320666666667,160.58853626444048,0.7373,100.0,0.0,126,663,121.15,399.8,3,2.0,1.0,2026-06-29 19:53:58.413448+00:00
4063,0.0,52.35,1,9176.4,8000.394,6258.137368421053,5308.992278000105,0.0808,100.0,0.0,40,533,164.34,505.37,2,2.0,0.0,2026-06-29 19:53:58.413448+00:00
4075,0.0,37.84,3,19262.82,5960.67,9796.39,4404.567541344995,0.6703,100.0,0.0,58,713,7122.91,13177.44,3,2.0,0.0,2026-06-29 19:53:58.413448+00:00
4089,64.0,156.55,2,16804.46,1914.2817647058823,2037.9127906976744,6780.308214837091,0.4366,100.0,0.0,108,666,588.87,1095.81,10,2.0,3.0,2026-06-29 19:53:58.413448+00:00
4090,5.0,64.43,3,26693.62,18116.687692307692,21187.618235294118,15001.221285594693,0.2248,100.0,0.0,92,682,903.49,1375.66,8,1.0,2.0,2026-06-29 19:53:58.413448+00:00
4110,87.0,165.9,3,21971.48,-3348.5056,-1524.4926666666668,8396.210993974488,0.1428,100.0,0.0,7,711,510.82,2003.53,11,3.0,2.0,2026-06-29 19:53:58.413448+00:00
4148,34.0,37.53,3,24279.93,2172.6745454545453,5055.602727272727,8898.445880592746,0.4331,100.0,0.0,35,602,247.68,1273.37,8,1.0,1.0,2026-06-29 19:53:58.413448+00:00
4152,34.0,0.0,6,48083.28,-1333.465,-4568.974583333334,8705.366397232603,0.6791,100.0,0.0,21,758,229.32,387.75,1,3.0,0.0,2026-06-29 19:53:58.413448+00:00
4173,26.0,157.11,3,22051.61,3079.1253846153845,4757.341764705882,8179.673965225214,0.5207,100.0,0.0,17,786,233.78,643.84,6,1.0,3.0,2026-06-29 19:53:58.413448+00:00
4175,49.0,30.93,4,35091.03,-2137.1066666666666,-3469.2375,3890.45641937662,0.3839,100.0,0.0,72,787,0.0,84.09,1,1.0,0.0,2026-06-29 19:53:58.413448+00:00
4180,26.0,78.57,3,28921.05,6295.578461538462,5826.7172093023255,10699.807927906024,0.3692,100.0,0.0,49,781,359.28,1338.01,8,2.0,2.0,2026-06-29 19:53:58.413448+00:00
4185,0.0,103.67,1,8385.48,15131.953636363636,12335.56142857143,5490.083170449319,0.3235,100.0,0.0,58,655,126.69,337.07,4,1.0,1.0,2026-06-29 19:53:58.413448+00:00
4187,62.0,33.91,1,11790.06,-4361.594444444445,-6267.7463333333335,8729.728101999714,0.1461,100.0,0.0,77,629,0.0,157.38,2,1.0,2.0,2026-06-29 19:53:58.413448+00:00
4189,0.0,70.59,1,9531.0,2182.2485714285713,1393.61,1896.0814656255097,0.2298,100.0,0.0,29,732,514.88,966.65,6,0.0,1.0,2026-06-29 19:53:58.413448+00:00
4198,19.0,68.07,1,9409.04,5094.618571428571,5420.3576,9675.179493832362,0.3828,100.0,0.0,117,805,0.0,133.02,1,2.0,1.0,2026-06-29 19:53:58.413448+00:00
4214,43.0,72.51,4,35343.49,9819.038695652174,11808.797931034484,11235.059810438259,0.7068,100.0,0.0,99,729,7423.95,17490.89,11,1.0,1.0,2026-06-29 19:53:58.413448+00:00
4216,24.0,136.26,2,14141.88,15523.034444444444,15065.736666666666,16200.803497988061,0.1108,100.0,0.0,58,684,55.31,531.57,4,0.0,2.0,2026-06-29 19:53:58.413448+00:00
4221,39.0,94.8,2,15617.28,8001.87,9222.367575757577,12873.900758464162,0.2462,100.0,0.0,83,777,40.06,264.8,3,1.0,0.0,2026-06-29 19:53:58.413448+00:00
4226,50.0,80.8,2,18781.67,3375.85875,3127.3690196078433,12536.094987451745,0.4934,100.0,0.0,54,750,7949.13,8905.99,4,1.0,0.0,2026-06-29 19:53:58.413448+00:00
4252,0.0,23.28,0,0.0,19931.6275,20547.519,5104.855852184611,0.1942,100.0,0.0,32,769,43.73,294.93,3,1.0,0.0,2026-06-29 19:53:58.413448+00:00
4261,0.0,0.0,0,0.0,6944.44,7043.226,123.17947143903494,0.4781,100.0,0.0,26,735,26.15,259.74,2,1.0,0.0,2026-06-29 19:53:58.413448+00:00
4262,46.0,154.02,3,26247.2,331.9674074074074,1757.5259016393443,13255.8977063329,0.6995,100.0,0.0,15,653,491.01,1587.95,15,3.0,3.0,2026-06-29 19:53:58.413448+00:00
4285,79.0,42.43,3,25783.72,-1747.9192307692308,-960.0697368421053,3003.282392226078,0.8641,100.0,0.0,41,750,161.59,833.62,7,2.0,0.0,2026-06-29 19:53:58.413448+00:00
4302,100.0,110.48,7,63962.39,-6421.138666666667,-7163.033863636364,5770.285988501476,0.6772,100.0,0.0,77,807,102.18,855.69,6,1.0,1.0,2026-06-29 19:53:58.413448+00:00
4317,8.0,0.0,3,22036.3,-1170.0666666666666,-1027.9826666666668,3442.5744374764395,0.1361,100.0,0.0,140,720,206.81,206.81,2,1.0,0.0,2026-06-29 19:53:58.413448+00:00
4321,0.0,35.32,0,0.0,13121.6575,13118.25,72.12927526751761,0.5441,100.0,0.0,23,850,0.0,82.27,2,1.0,0.0,2026-06-29 19:53:58.413448+00:00
4339,41.0,57.4,4,26208.63,-97.29,284.0452380952381,3155.6102279253137,0.4153,100.0,0.0,61,700,0.0,373.33,3,4.0,0.0,2026-06-29 19:53:58.413448+00:00
4349,88.0,60.56,6,47773.82,-9646.285833333333,-8014.511052631579,7694.332438577215,0.8653,100.0,0.0,83,832,464.03,911.51,5,2.0,0.0,2026-06-29 19:53:58.413448+00:00
4362,7.0,136.72,3,27860.22,4202.400625,2312.818918918919,8690.546050158986,0.5677,100.0,0.0,94,804,181.38,1051.45,7,4.0,2.0,2026-06-29 19:53:58.413448+00:00
4373,26.0,57.87,4,27141.53,-2389.75,-3488.215625,8274.288832216916,0.3306,100.0,0.0,30,690,234.14,365.96,5,2.0,0.0,2026-06-29 19:53:58.413448+00:00
4381,65.0,10.47,1,7055.3,10727.741875,13903.56119047619,20452.986758985324,0.3745,100.0,0.0,22,713,0.0,1474.41,8,4.0,1.0,2026-06-29 19:53:58.413448+00:00
4398,35.0,158.08,4,28926.36,10493.272307692308,5655.6182,9300.88285001283,0.6855,100.0,0.0,62,813,430.74,895.68,6,1.0,4.0,2026-06-29 19:53:58.413448+00:00
4416,51.0,163.71,2,15829.12,12060.052,10676.073829787234,10440.942054059338,0.4606,100.0,0.0,29,772,385.43,1245.8,8,2.0,1.0,2026-06-29 19:53:58.413448+00:00
4453,0.0,132.03,0,0.0,16903.9,18993.80238095238,8528.088789332134,0.1092,100.0,0.0,142,679,474.14,1766.46,8,2.0,0.0,2026-06-29 19:53:58.413448+00:00
4454,15.0,105.51,0,0.0,7881.174,11418.228666666666,7133.387573262199,0.0236,100.0,0.0,35,664,0.0,111.16,1,0.0,1.0,2026-06-29 19:53:58.413448+00:00
4468,32.0,114.77,3,29909.6,10269.886666666667,13261.237142857142,14544.858249582529,0.2287,100.0,0.0,78,735,514.09,766.78,5,1.0,1.0,2026-06-29 19:53:58.413448+00:00
4481,0.0,65.12,0,0.0,23265.583333333332,18699.53347826087,12094.790478363026,0.2177,100.0,0.0,118,758,269.99,269.99,2,3.0,1.0,2026-06-29 19:53:58.413448+00:00
4494,45.0,29.6,3,27382.94,3385.541818181818,4279.473333333333,8338.402982370517,0.2648,100.0,0.0,30,733,146.66,421.54,6,0.0,2.0,2026-06-29 19:53:58.413448+00:00
4548,52.0,59.86,2,12804.02,2274.799,1214.5880769230769,6482.289700858331,0.6587,100.0,0.0,75,829,109.03,848.69,5,0.0,0.0,2026-06-29 19:53:58.413448+00:00
4550,0.0,67.95,0,0.0,9194.675,9354.374864864865,3500.9946965750464,0.748,100.0,0.0,51,686,265.89,838.38,8,0.0,1.0,2026-06-29 19:53:58.413448+00:00
4555,56.0,0.0,3,27035.71,-1488.8146153846153,-2740.4377419354837,6874.2133178355625,0.745,100.0,0.0,54,722,652.28,1190.49,7,1.0,2.0,2026-06-29 19:53:58.413448+00:00
4564,41.0,105.65,1,10608.04,16495.51846153846,16632.5718,14545.52871893129,0.834,100.0,0.0,42,569,0.0,641.84,5,4.0,3.0,2026-06-29 19:53:58.413448+00:00
4567,0.0,23.67,0,0.0,8374.39,8216.106315789473,164.8764948347702,0.9173,100.0,0.0,73,730,60.72,208.04,3,1.0,1.0,2026-06-29 19:53:58.413448+00:00
4568,77.0,193.77,4,34395.05,-307.01666666666665,827.4509756097561,11898.824837222906,0.4518,100.0,0.0,81,802,301.26,801.6,8,0.0,1.0,2026-06-29 19:53:58.413448+00:00
4573,0.0,165.46,2,15983.08,7732.7461111111115,7884.940444444444,5643.698851348508,0.9262,100.0,0.0,38,719,6976.87,7911.9,10,2.0,0.0,2026-06-29 19:53:58.413448+00:00
4575,0.0,135.73,0,0.0,9081.776666666667,12088.56625,8038.850258404007,0.3312,100.0,0.0,25,715,75.67,277.33,2,1.0,1.0,2026-06-29 19:53:58.413448+00:00
4581,56.0,35.24,2,17307.8,2043.1508333333334,3560.1277777777777,11516.920046841666,0.2368,100.0,0.0,54,597,0.0,544.99,5,2.0,3.0,2026-06-29 19:53:58.413448+00:00
4583,0.0,90.47,1,6546.39,13115.249375,10539.188,5912.703783643099,0.3662,100.0,0.0,74,656,202.93,2001.44,12,4.0,3.0,2026-06-29 19:53:58.413448+00:00
4591,45.0,73.28,2,14228.74,10208.073333333334,9439.603714285715,12716.494408719202,0.0888,100.0,0.0,70,620,0.0,491.88,3,5.0,3.0,2026-06-29 19:53:58.413448+00:00
4600,67.0,141.4,5,44309.91,-3180.0954545454547,148.23756097560977,18180.94867689869,0.396,100.0,0.0,35,751,599.96,1143.43,7,3.0,0.0,2026-06-29 19:53:58.413448+00:00
4603,0.0,0.0,1,11760.3,4593.678571428572,4637.834444444445,1750.5432693725986,0.3415,100.0,0.0,5,681,0.0,335.76,3,1.0,0.0,2026-06-29 19:53:58.413448+00:00
4613,16.0,100.72,1,5952.38,2180.4854545454546,3001.054814814815,8247.623554117416,0.0671,100.0,0.0,16,718,117.4,933.66,7,1.0,2.0,2026-06-29 19:53:58.413448+00:00
4625,1.0,72.49,3,31607.86,18861.20090909091,14839.844594594595,17780.85284013185,0.9206,100.0,0.0,83,723,493.11,1432.56,9,0.0,1.0,2026-06-29 19:53:58.413448+00:00
4669,99.0,128.24,4,32225.17,-1549.689411764706,-2726.005,3346.803206344971,0.6819,100.0,0.0,5,730,250.11,1122.88,9,4.0,1.0,2026-06-29 19:53:58.413448+00:00
4676,36.0,48.27,3,22480.2,10611.961,9425.039230769231,8033.445773443252,0.3835,100.0,0.0,8,775,0.0,438.97,4,2.0,2.0,2026-06-29 19:53:58.413448+00:00
4703,54.0,72.9,3,25967.88,-11660.979,-11573.484666666667,12637.483048080696,0.9716,100.0,0.0,16,698,122.36,670.11,5,1.0,4.0,2026-06-29 19:53:58.413448+00:00
4708,0.0,162.64,2,17102.05,8580.169,9261.034193548387,3567.674315098205,0.8937,100.0,0.0,108,734,85.85,696.44,3,3.0,0.0,2026-06-29 19:53:58.413448+00:00
4721,52.0,0.0,1,7497.02,-4219.77,-4253.021818181818,156.64657549680433,0.7768,100.0,0.0,104,799,502.98,502.98,2,0.0,1.0,2026-06-29 19:53:58.413448+00:00
4722,50.0,90.94,3,18882.85,-199.02714285714285,-4143.324285714286,13633.834091253088,0.0128,100.0,0.0,113,625,154.21,449.19,3,0.0,0.0,2026-06-29 19:53:58.413448+00:00
4735,66.0,42.36,2,19659.2,-4181.0,-4554.027727272727,3700.72357611065,0.1972,100.0,0.0,95,682,95.19,95.19,1,0.0,1.0,2026-06-29 19:53:58.413448+00:00
4770,9.0,93.21,2,12472.15,4146.6375,4512.40475,3317.7645638770305,0.6963,100.0,0.0,58,757,0.0,6621.45,7,2.0,2.0,2026-06-29 19:53:58.413448+00:00
4774,104.0,219.56,2,17446.97,2029.6370588235295,-2781.3408510638296,15817.950824287516,0.2746,100.0,0.0,120,631,0.0,1131.31,8,3.0,1.0,2026-06-29 19:53:58.413448+00:00
4823,53.0,0.0,1,11112.94,4607.957142857143,2737.5376470588235,2923.253892245739,0.5389,100.0,0.0,61,626,89.53,825.84,5,2.0,7.0,2026-06-29 19:53:58.413448+00:00
4834,21.0,22.54,2,17811.71,7114.936363636363,9477.697142857143,16777.71917334625,0.2217,100.0,0.0,61,764,288.47,769.09,3,2.0,2.0,2026-06-29 19:53:58.413448+00:00
4837,59.0,120.52,5,48841.36,-1053.365,-864.6308108108108,9567.133075651715,0.0392,100.0,0.0,66,721,335.79,1214.53,7,2.0,3.0,2026-06-29 19:53:58.413448+00:00
4843,46.0,39.81,2,18210.69,5326.549444444445,5506.477037037037,5542.391705634628,0.2613,100.0,0.0,82,668,0.0,9336.02,10,0.0,0.0,2026-06-29 19:53:58.413448+00:00
4855,70.0,71.38,5,41200.21,4909.564166666667,2068.063541666667,12155.25519219131,0.7139,100.0,0.0,49,688,52.27,407.59,5,1.0,0.0,2026-06-29 19:53:58.413448+00:00
4856,51.0,122.08,3,29054.78,7963.64,7222.144523809524,10392.760104705021,0.1584,100.0,0.0,43,758,312.04,1070.97,9,2.0,1.0,2026-06-29 19:53:58.413448+00:00
4857,0.0,0.0,0,0.0,24220.955,21289.823571428573,3395.373511398809,0.1345,100.0,0.0,81,799,277.66,582.88,4,0.0,0.0,2026-06-29 19:53:58.413448+00:00
4869,19.0,27.24,0,0.0,6200.315,6681.004444444445,1512.6286063678913,0.4455,100.0,0.0,19,719,0.0,94.89,1,0.0,0.0,2026-06-29 19:53:58.413448+00:00
4881,18.0,204.52,0,0.0,3597.4185714285713,2991.1509677419353,5458.218874288593,0.0693,100.0,0.0,39,764,186.64,1192.72,7,0.0,0.0,2026-06-29 19:53:58.413448+00:00
4905,0.0,34.92,0,0.0,18664.918,16928.166315789473,3234.863089372215,0.6684,100.0,0.0,29,692,123.15,486.78,2,0.0,0.0,2026-06-29 19:53:58.413448+00:00
4927,44.0,118.64,1,8748.64,11554.837333333333,11240.888888888889,11891.723090117994,0.8629,100.0,0.0,13,824,140.25,1194.45,6,1.0,2.0,2026-06-29 19:53:58.413448+00:00
4929,0.0,0.0,1,9227.97,9785.27375,9795.200384615384,580.1504261340198,0.7407,100.0,0.0,42,619,0.0,15.14,1,1.0,0.0,2026-06-29 19:53:58.413448+00:00
4931,35.0,98.92,1,10575.08,-2869.807142857143,-3286.6735714285714,16413.917447404678,0.2055,100.0,0.0,9,779,0.0,214.76,1,1.0,2.0,2026-06-29 19:53:58.413448+00:00
4949,15.0,171.35,1,12027.75,4528.27,4515.865,4025.438171636809,0.3403,100.0,0.0,15,732,755.01,1434.48,8,1.0,2.0,2026-06-29 19:53:58.413448+00:00
4960,0.0,81.25,0,0.0,4460.722,4524.712666666666,122.42580525726157,0.4006,100.0,0.0,16,709,152.72,152.72,1,1.0,0.0,2026-06-29 19:53:58.413448+00:00
4965,0.0,94.83,1,7403.12,14091.477333333334,16092.926078431372,14839.534497771749,0.4074,100.0,0.0,7,663,7614.33,8474.37,11,0.0,0.0,2026-06-29 19:53:58.413448+00:00
784,0.0,0.0,0,0.0,0.0,10543.995,93.64764959677312,0.69,100.0,0.0,114,584,0.0,0.0,0,0.0,0.0,2026-06-29 19:53:58.413448+00:00
902,0.0,0.0,0,0.0,32428.03,32412.5925,151.8777860718395,0.6545,100.0,0.0,86,806,0.0,0.0,0,0.0,1.0,2026-06-29 19:53:58.413448+00:00
972,0.0,59.43,0,0.0,7638.23,7591.4975,63.86774122160574,0.8687,100.0,0.0,50,745,0.0,0.0,0,0.0,0.0,2026-06-29 19:53:58.413448+00:00
1946,6.0,0.0,1,9366.91,-7543.05,-7538.708,62.09326192108124,0.1419,100.0,0.0,120,779,0.0,0.0,0,0.0,0.0,2026-06-29 19:53:58.413448+00:00
2283,6.0,39.79,1,8506.18,16020.63,11369.356666666667,9998.041599699003,0.9653,100.0,0.0,35,761,0.0,0.0,0,2.0,0.0,2026-06-29 19:53:58.413448+00:00
2357,21.0,0.0,1,6340.48,0.0,-2358.90125,115.57610711534414,0.5475,100.0,0.0,33,828,0.0,0.0,0,0.0,0.0,2026-06-29 19:53:58.413448+00:00
2947,0.0,0.0,0,0.0,0.0,22025.55,16.43763364964725,0.1553,100.0,0.0,123,746,0.0,0.0,0,1.0,0.0,2026-06-29 19:53:58.413448+00:00
2962,0.0,32.99,0,0.0,12340.26,12313.476,91.1350634437099,0.269,100.0,0.0,25,607,0.0,0.0,0,1.0,0.0,2026-06-29 19:53:58.413448+00:00
3072,0.0,143.37,1,9068.8,8309.9525,4545.1105,7208.887254822288,0.856,100.0,0.0,77,706,0.0,0.0,0,0.0,0.0,2026-06-29 19:53:58.413448+00:00
3570,0.0,62.08,1,8691.23,13060.88,12724.578,179.92750333398124,0.0409,100.0,0.0,125,557,0.0,0.0,0,0.0,0.0,2026-06-29 19:53:58.413448+00:00
3992,0.0,41.14,0,0.0,3433.82,3347.332857142857,159.34012724357922,0.2566,100.0,0.0,106,723,0.0,0.0,0,0.0,0.0,2026-06-29 19:53:58.413448+00:00
4163,22.0,0.0,1,5346.67,23379.477142857144,18009.529142857144,9901.447942239955,0.7882,100.0,0.0,88,699,0.0,0.0,0,2.0,4.0,2026-06-29 19:53:58.413448+00:00
4507,0.0,0.0,0,0.0,0.0,15338.260833333334,217.00720853842355,0.5935,100.0,0.0,58,654,0.0,0.0,0,1.0,0.0,2026-06-29 19:53:58.413448+00:00
4956,0.0,0.0,0,0.0,9101.974,9387.364705882354,1504.596100122148,0.7974,100.0,0.0,47,777,0.0,0.0,0,0.0,0.0,2026-06-29 19:53:58.413448+00:00
43,27.0,13.21,1,5521.46,3706.262,4082.441081081081,4009.0615834934065,0.2541,100.0,0.0,84,699,627.14,1226.54,7,2.0,2.0,2026-06-29 19:53:58.413448+00:00
108,27.0,0.0,4,36490.86,-1905.9614285714285,3359.886,12696.67364294066,0.5117,100.0,0.0,80,850,0.0,587.86,4,1.0,1.0,2026-06-29 19:53:58.413448+00:00
109,0.0,0.0,0,0.0,19780.05,19867.05,95.20737497694172,0.8216,100.0,0.0,12,773,0.0,164.29,1,1.0,1.0,2026-06-29 19:53:58.413448+00:00
126,104.0,139.97,4,41465.26,1840.8580952380953,-756.8288461538461,6504.74540438767,0.8584,100.0,0.0,48,655,379.23,1306.05,11,3.0,1.0,2026-06-29 19:53:58.413448+00:00
131,0.0,0.0,1,10175.17,9573.289090909091,9729.075833333334,3103.284519606583,0.1706,100.0,0.0,66,503,100.67,950.46,6,1.0,2.0,2026-06-29 19:53:58.413448+00:00
168,17.0,20.19,2,11282.97,4130.306,4069.8886666666667,5174.765026835346,0.0728,100.0,0.0,10,726,59.49,535.1,5,0.0,2.0,2026-06-29 19:53:58.413448+00:00
171,48.0,35.34,3,29574.01,280.0728571428571,2779.3037209302324,17211.517536474992,0.4579,100.0,0.0,15,738,170.82,8586.35,9,3.0,3.0,2026-06-29 19:53:58.413448+00:00
174,80.0,103.11,5,56720.64,-6696.3655,-6423.431320754717,9230.531377300129,0.7905,100.0,0.0,75,664,95.53,12461.42,10,3.0,1.0,2026-06-29 19:53:58.413448+00:00
193,91.0,19.13,4,33100.53,13037.013125,3763.436842105263,23958.529192747457,0.324,100.0,0.0,39,850,327.39,601.06,4,4.0,3.0,2026-06-29 19:53:58.413448+00:00
247,0.0,39.26,1,11643.06,7060.85875,7218.119230769231,2369.870742688988,0.7578,100.0,0.0,28,850,191.53,297.89,3,0.0,0.0,2026-06-29 19:53:58.413448+00:00
252,127.0,166.36,6,52620.69,-6890.6652631578945,-4158.316363636363,10199.699859173283,0.2929,100.0,0.0,67,657,574.41,9012.21,14,3.0,0.0,2026-06-29 19:53:58.413448+00:00
278,20.0,186.7,2,22374.87,8904.645,11511.667142857143,8366.644096928423,0.5035,100.0,0.0,53,670,40.2,170.47,2,2.0,0.0,2026-06-29 19:53:58.413448+00:00
290,25.0,288.13,2,21130.43,7012.608666666667,6972.9058,7187.719592360318,0.8162,100.0,0.0,76,680,210.93,894.77,5,2.0,0.0,2026-06-29 19:53:58.413448+00:00
310,30.0,88.71,3,28752.27,-185.2675,1671.42375,4649.293587706195,0.4855,100.0,0.0,44,689,28.92,454.8,3,1.0,0.0,2026-06-29 19:53:58.413448+00:00
320,51.0,109.5,1,11624.76,9021.41,3389.5848275862068,9840.927293206505,0.8002,100.0,0.0,77,760,122.4,410.03,1,0.0,4.0,2026-06-29 19:53:58.413448+00:00
326,17.0,58.72,2,18053.19,3917.0525,4453.16,9768.882720520889,0.2146,100.0,0.0,85,649,0.0,485.63,5,1.0,1.0,2026-06-29 19:53:58.413448+00:00
331,0.0,103.26,0,0.0,19433.187142857143,19590.386666666665,7362.396108777851,0.4284,100.0,0.0,90,763,326.41,326.41,1,1.0,0.0,2026-06-29 19:53:58.413448+00:00
337,13.0,122.84,3,30567.32,2580.12,4399.325384615385,6347.287798427007,0.7167,100.0,0.0,65,760,727.7,1193.27,5,0.0,2.0,2026-06-29 19:53:58.413448+00:00
338,6.0,152.91,2,21811.08,5457.096666666666,7875.5884375,7365.703860602999,0.218,100.0,0.0,20,723,48.26,1039.15,7,2.0,0.0,2026-06-29 19:53:58.413448+00:00
376,13.0,19.19,1,9267.87,328.9116666666667,381.79583333333335,143.59794081963324,0.2359,100.0,0.0,62,697,0.0,294.36,2,2.0,0.0,2026-06-29 19:53:58.413448+00:00
379,62.0,127.2,5,46490.29,6905.477777777778,9131.239444444445,13428.734822153272,0.5868,100.0,0.0,2,809,189.89,1214.19,9,0.0,2.0,2026-06-29 19:53:58.413448+00:00
389,66.0,168.24,5,44598.84,6299.115333333333,9232.851964285714,23498.401283689018,0.2226,100.0,0.0,49,612,86.18,1380.99,8,0.0,2.0,2026-06-29 19:53:58.413448+00:00
411,0.0,0.0,0,0.0,20555.6275,20565.74125,91.14169712900572,0.4281,100.0,0.0,131,774,124.41,214.0,3,0.0,0.0,2026-06-29 19:53:58.413448+00:00
414,4.0,55.7,5,51786.41,-50.733333333333334,4110.106,5042.030887990687,0.0961,100.0,0.0,105,829,0.0,10625.68,3,0.0,2.0,2026-06-29 19:53:58.413448+00:00
467,49.0,12.61,3,31567.37,-6957.822142857143,-3575.50275,23512.199961037775,0.6378,100.0,0.0,12,761,474.02,1017.97,7,2.0,1.0,2026-06-29 19:53:58.413448+00:00
482,0.0,35.94,0,0.0,6942.066666666667,7289.225769230769,3705.9645865645502,0.2474,100.0,0.0,123,690,489.6,1012.92,8,0.0,2.0,2026-06-29 19:53:58.413448+00:00
511,13.0,47.14,4,28164.33,12803.886470588235,11511.631951219511,11927.475698876704,0.5105,100.0,0.0,115,833,105.38,7444.45,7,3.0,1.0,2026-06-29 19:53:58.413448+00:00
522,6.0,94.24,0,0.0,13184.241538461538,11024.088717948718,6576.042320711209,0.4255,100.0,0.0,61,635,926.4,1397.38,7,2.0,1.0,2026-06-29 19:53:58.413448+00:00
564,19.0,57.87,2,21722.47,13123.216666666667,15666.22076923077,18427.079111356416,0.1314,100.0,0.0,73,764,769.38,877.88,6,1.0,3.0,2026-06-29 19:53:58.413448+00:00
580,82.0,13.46,0,0.0,-282.8128571428571,-1654.6194117647058,8438.68612199619,0.4319,100.0,0.0,23,794,148.29,700.14,6,2.0,2.0,2026-06-29 19:53:58.413448+00:00
584,69.0,111.16,3,25299.53,-14114.85,-10215.360263157894,24317.62862498229,0.9383,100.0,0.0,85,668,79.73,881.67,5,1.0,0.0,2026-06-29 19:53:58.413448+00:00
596,14.0,245.99,4,33537.55,5204.647,7147.908333333334,7847.139644146437,0.2568,100.0,0.0,10,620,81.05,11723.02,6,0.0,2.0,2026-06-29 19:53:58.413448+00:00
611,0.0,109.85,2,18762.76,12244.642777777777,12250.438048780488,6222.707432909353,0.5597,100.0,0.0,51,691,191.61,882.43,5,4.0,0.0,2026-06-29 19:53:58.413448+00:00
653,3.0,69.96,2,12599.17,5115.6525,5006.862903225807,2406.2285619820123,0.8847,100.0,0.0,37,837,9.69,533.41,4,0.0,2.0,2026-06-29 19:53:58.413448+00:00
658,35.0,107.63,6,47742.29,-379.26666666666665,2013.7135,6752.441939835365,0.3717,100.0,0.0,23,697,7251.37,8305.7,14,5.0,0.0,2026-06-29 19:53:58.413448+00:00
663,127.0,154.47,8,74173.4,-18630.682142857142,-19477.133333333335,23875.5716424076,0.1029,100.0,0.0,105,649,353.74,1143.75,7,2.0,2.0,2026-06-29 19:53:58.413448+00:00
664,13.0,0.0,2,18521.78,3892.2925,5470.715666666667,8438.489224726853,0.1911,100.0,0.0,114,744,68.5,974.17,8,1.0,3.0,2026-06-29 19:53:58.413448+00:00
683,16.0,27.49,5,43496.6,14022.839444444444,11896.431764705882,11365.810216505315,0.3256,100.0,0.0,7,768,522.81,8746.0,8,3.0,0.0,2026-06-29 19:53:58.413448+00:00
693,53.0,114.28,2,19712.94,-9434.104545454546,-8008.446086956522,5721.289842524293,0.0914,100.0,0.0,38,747,544.63,922.13,5,0.0,0.0,2026-06-29 19:53:58.413448+00:00
717,19.0,107.1,1,8223.04,8755.6,8947.681052631578,3107.227556616813,0.0311,100.0,0.0,43,804,228.66,377.16,2,0.0,0.0,2026-06-29 19:53:58.413448+00:00
812,23.0,0.0,1,9211.16,14756.593333333334,19100.545454545456,14760.464966561161,0.2691,100.0,0.0,28,653,60.79,533.65,5,0.0,0.0,2026-06-29 19:53:58.413448+00:00
818,0.0,125.03,0,0.0,6748.536923076923,6893.615925925926,6199.382809219509,0.6105,100.0,0.0,83,817,148.55,402.51,3,2.0,0.0,2026-06-29 19:53:58.413448+00:00
819,35.0,54.39,1,9444.17,-974.6075,-814.4506666666666,1802.4314931242802,0.5326,100.0,0.0,92,660,101.18,237.23,3,1.0,1.0,2026-06-29 19:53:58.413448+00:00
823,97.0,66.89,9,72696.1,-9586.287777777778,-8307.422564102564,14843.651776835366,0.2925,100.0,0.0,104,751,184.15,23571.91,10,2.0,2.0,2026-06-29 19:53:58.413448+00:00
839,21.0,126.09,1,5862.65,15694.120909090909,12261.137037037037,9480.733910308456,0.6437,100.0,0.0,10,797,404.11,1213.09,10,0.0,2.0,2026-06-29 19:53:58.413448+00:00
888,67.0,156.8,5,37620.45,-2170.9073333333336,2719.1395454545454,18139.62247081346,0.5485,100.0,0.0,89,608,78.65,9867.99,9,2.0,0.0,2026-06-29 19:53:58.413448+00:00
889,9.0,44.29,2,19950.99,5020.742,5101.284,5416.000077892417,0.5902,100.0,0.0,5,685,0.0,251.09,2,0.0,0.0,2026-06-29 19:53:58.413448+00:00
915,0.0,34.25,0,0.0,6228.155714285715,6326.158717948718,3402.4817208123927,0.0761,100.0,0.0,18,736,322.91,1021.42,8,2.0,0.0,2026-06-29 19:53:58.413448+00:00
962,18.0,98.33,5,38908.11,3945.4975,5682.731627906976,11774.488625405182,0.5858,100.0,0.0,78,649,0.0,662.95,6,1.0,1.0,2026-06-29 19:53:58.413448+00:00
967,56.0,157.15,4,38437.44,11702.894444444444,7951.721395348837,8742.491404366376,0.9431,100.0,0.0,86,701,180.26,589.87,7,1.0,2.0,2026-06-29 19:53:58.413448+00:00
990,0.0,60.7,1,7908.15,10059.073333333334,11201.07888888889,2775.0196661762147,0.3565,100.0,0.0,10,762,311.75,585.03,4,2.0,0.0,2026-06-29 19:53:58.413448+00:00
996,1.0,22.97,3,25487.99,23821.054,21315.065555555557,13504.300550721373,0.0044,100.0,0.0,12,666,0.0,11962.83,1,0.0,2.0,2026-06-29 19:53:58.413448+00:00
1008,0.0,109.72,1,5339.06,8953.344,8750.855,793.5749473199674,0.6001,100.0,0.0,57,732,221.09,253.13,2,0.0,0.0,2026-06-29 19:53:58.413448+00:00
1010,27.0,53.05,6,52984.8,2709.313125,-22.924,9627.983590783206,0.3928,100.0,0.0,57,791,495.23,1319.84,8,1.0,1.0,2026-06-29 19:53:58.413448+00:00
1060,8.0,26.68,3,23612.97,15077.0228,15171.294655172414,13443.794422082801,0.7211,100.0,0.0,105,770,12611.98,13265.9,11,3.0,3.0,2026-06-29 19:53:58.413448+00:00
1073,0.0,57.79,1,9997.72,11687.502,12550.255833333333,9919.621885821487,0.638,100.0,0.0,3,751,17.94,487.28,3,0.0,1.0,2026-06-29 19:53:58.413448+00:00
1115,10.0,81.62,3,16915.94,38.586666666666666,936.3,4023.221709860009,0.0941,100.0,0.0,119,746,28.62,316.72,3,1.0,2.0,2026-06-29 19:53:58.413448+00:00
1125,0.0,76.87,0,0.0,20488.588888888888,20705.619047619046,10999.429932568542,0.3709,100.0,0.0,79,724,0.0,712.83,5,0.0,5.0,2026-06-29 19:53:58.413448+00:00
1142,23.0,58.83,2,19375.45,3700.62,4105.722121212121,7330.11885260419,0.7141,100.0,0.0,48,657,0.0,244.88,3,2.0,2.0,2026-06-29 19:53:58.413448+00:00
1164,100.0,167.79,2,18019.76,192.559,1922.2017647058824,7583.8917210882255,0.3452,100.0,0.0,15,686,589.65,598.08,6,3.0,1.0,2026-06-29 19:53:58.413448+00:00
1175,70.0,36.55,4,32637.59,2802.0963636363635,5520.322105263158,18543.626824869745,0.2304,100.0,0.0,60,790,0.0,6489.21,6,0.0,2.0,2026-06-29 19:53:58.413448+00:00
1186,0.0,18.55,0,0.0,19688.96,12925.67076923077,7359.593338151297,0.5869,100.0,0.0,94,801,247.6,408.59,3,0.0,0.0,2026-06-29 19:53:58.413448+00:00
1211,0.0,14.24,0,0.0,11688.36125,11537.42875,3655.380474370107,0.4759,100.0,0.0,136,801,83.34,356.0,1,0.0,1.0,2026-06-29 19:53:58.413448+00:00
1228,0.0,97.85,0,0.0,13860.5,14013.534210526315,2202.188767988783,0.4891,100.0,0.0,51,711,432.47,1109.4,9,1.0,4.0,2026-06-29 19:53:58.413448+00:00
1247,0.0,132.51,1,10933.45,10616.1975,11688.651875,3337.5501754355955,0.4294,100.0,0.0,83,843,0.0,39.53,1,0.0,0.0,2026-06-29 19:53:58.413448+00:00
1250,44.0,164.58,4,40150.32,-6172.93375,-6639.8096,16098.656121000282,0.5587,100.0,0.0,66,712,0.0,185.41,2,2.0,1.0,2026-06-29 19:53:58.413448+00:00
1302,0.0,68.21,0,0.0,16888.575,16489.97696969697,8173.781790073817,0.0095,100.0,0.0,27,672,205.68,1315.8,9,0.0,1.0,2026-06-29 19:53:58.413448+00:00
1320,18.0,84.04,1,5907.87,5398.87,3534.884642857143,8556.475722273297,0.804,100.0,0.0,18,629,0.0,364.64,3,3.0,0.0,2026-06-29 19:53:58.413448+00:00
1352,25.0,76.75,3,29484.25,23707.296,11801.9504,12422.202896332901,0.1448,100.0,0.0,42,850,0.0,261.78,2,2.0,2.0,2026-06-29 19:53:58.413448+00:00
1392,15.0,22.59,3,22467.19,9873.238,8242.836,4073.872841793666,0.9849,100.0,0.0,25,756,55.78,757.7,3,1.0,1.0,2026-06-29 19:53:58.413448+00:00
1398,100.0,94.57,6,49305.86,-5053.515625,-3695.8319565217394,9914.25301631838,0.6381,100.0,0.0,44,704,678.62,1079.25,7,1.0,1.0,2026-06-29 19:53:58.413448+00:00
1410,12.0,0.0,1,11508.19,-9097.613333333333,-9100.321,182.9632175848472,0.9562,100.0,0.0,133,800,0.0,464.75,3,0.0,0.0,2026-06-29 19:53:58.413448+00:00
1447,0.0,67.06,2,14185.15,7155.995833333333,7351.6575,2844.7937558668027,0.3299,100.0,0.0,102,629,81.39,840.79,6,2.0,0.0,2026-06-29 19:53:58.413448+00:00
1457,37.0,56.59,3,25445.34,8638.907,7528.4365384615385,18893.276413456424,0.3647,100.0,0.0,118,779,0.0,5956.15,4,0.0,2.0,2026-06-29 19:53:58.413448+00:00
1474,0.0,14.91,1,5094.96,11231.19,16087.218333333334,13784.453296147945,0.5139,100.0,0.0,43,607,5481.79,5898.39,9,1.0,0.0,2026-06-29 19:53:58.413448+00:00
1476,54.0,53.93,4,32520.09,-6971.440714285714,-5997.43,10917.047613241008,0.8657,100.0,0.0,1,835,0.0,1101.28,9,2.0,3.0,2026-06-29 19:53:58.413448+00:00
1489,4.0,231.81,4,32328.33,7396.7105,8352.0978,7085.009553862659,0.7345,100.0,0.0,65,539,451.82,976.29,8,2.0,1.0,2026-06-29 19:53:58.413448+00:00
1492,34.0,70.42,5,47675.41,-3323.0209090909093,-4729.825,4862.9677936731105,0.7232,100.0,0.0,122,690,0.0,451.08,5,1.0,1.0,2026-06-29 19:53:58.413448+00:00
1504,0.0,0.0,0,0.0,32020.38,31843.183076923076,185.78038562464047,0.1021,100.0,0.0,77,575,181.24,217.9,2,1.0,0.0,2026-06-29 19:53:58.413448+00:00
1518,39.0,182.74,3,26074.64,-1244.83,707.6523529411764,8074.353672738571,0.9811,100.0,0.0,77,764,0.0,529.22,4,1.0,2.0,2026-06-29 19:53:58.413448+00:00
1519,9.0,26.14,1,7473.95,9738.755,9348.23,7999.581659427887,0.3997,100.0,0.0,47,667,142.65,559.76,9,2.0,1.0,2026-06-29 19:53:58.413448+00:00
1520,18.0,53.59,2,21080.82,6536.75,8190.604324324324,11632.819900276914,0.5149,100.0,0.0,35,653,96.83,10720.67,5,2.0,0.0,2026-06-29 19:53:58.413448+00:00
1521,0.0,0.0,0,0.0,14119.066,12828.174285714285,4545.250514579107,0.3303,100.0,0.0,30,816,76.64,170.49,1,1.0,0.0,2026-06-29 19:53:58.413448+00:00
1582,14.0,79.32,3,23497.48,10158.064545454545,9282.554473684211,5985.790699345575,0.313,100.0,0.0,51,685,148.38,415.91,5,2.0,1.0,2026-06-29 19:53:58.413448+00:00
1596,15.0,56.41,3,25249.12,5033.31375,5983.351176470588,6618.922713734225,0.5277,100.0,0.0,78,711,124.82,395.38,3,4.0,1.0,2026-06-29 19:53:58.413448+00:00
1605,0.0,0.0,1,9774.73,7716.9025,5795.98,2731.0025066064863,0.1941,100.0,0.0,73,651,0.0,33.33,1,1.0,2.0,2026-06-29 19:53:58.413448+00:00
1613,65.0,119.89,4,34476.2,-5169.7128571428575,-5276.553043478261,7737.943061901183,0.3695,100.0,0.0,45,721,122.96,229.21,2,1.0,2.0,2026-06-29 19:53:58.413448+00:00
1626,0.0,49.9,2,19270.04,22764.256923076922,18682.986153846156,13732.901313551332,0.8866,100.0,0.0,23,837,428.91,9065.66,8,3.0,1.0,2026-06-29 19:53:58.413448+00:00
1666,11.0,16.04,2,18422.76,2602.253846153846,3408.9046341463413,5203.445054294922,0.9082,100.0,0.0,12,771,13.53,509.23,7,2.0,4.0,2026-06-29 19:53:58.413448+00:00
1670,48.0,236.54,4,34133.36,3783.2833333333333,941.9343181818182,12143.191219254666,0.6809,100.0,0.0,11,691,0.0,913.05,7,2.0,2.0,2026-06-29 19:53:58.413448+00:00
1674,18.0,92.76,4,30483.67,1735.405,6392.175897435897,8780.474188501435,0.3146,100.0,0.0,23,690,9869.05,10822.75,8,1.0,2.0,2026-06-29 19:53:58.413448+00:00
1680,63.0,98.62,5,41893.26,-12080.131666666666,-10455.243684210527,16580.52492028793,0.2774,100.0,0.0,37,728,46.64,560.11,4,0.0,1.0,2026-06-29 19:53:58.413448+00:00
1706,0.0,82.43,2,21919.62,13633.68857142857,14545.291129032257,6477.603886532323,0.8675,100.0,0.0,26,758,98.1,1512.96,10,4.0,0.0,2026-06-29 19:53:58.413448+00:00
1727,42.0,89.71,2,17005.64,5808.49125,7377.569677419355,6367.202211176134,0.5141,100.0,0.0,106,706,0.0,475.09,3,0.0,2.0,2026-06-29 19:53:58.413448+00:00
1732,55.0,171.53,3,18601.07,2050.4466666666667,1520.5710169491526,7277.217490674455,0.3526,100.0,0.0,49,654,714.93,2199.07,14,0.0,3.0,2026-06-29 19:53:58.413448+00:00
1739,20.0,95.81,2,20581.51,23086.078333333335,21066.87392857143,6454.225792197302,0.6381,100.0,0.0,20,586,0.0,825.36,3,2.0,0.0,2026-06-29 19:53:58.413448+00:00
1747,27.0,43.93,3,26862.23,14379.218888888889,19133.21423076923,18909.991716089422,0.9338,100.0,0.0,111,478,350.91,10681.0,4,3.0,0.0,2026-06-29 19:53:58.413448+00:00
1749,32.0,0.0,2,16985.17,5627.45,3154.4572727272725,8332.05549536221,0.221,100.0,0.0,38,508,100.17,921.63,6,3.0,1.0,2026-06-29 19:53:58.413448+00:00
1761,34.0,104.33,3,30864.89,1429.9755555555555,5288.419259259259,8915.935445392528,0.5197,100.0,0.0,16,733,349.89,1111.99,6,0.0,2.0,2026-06-29 19:53:58.413448+00:00
1770,12.0,41.34,3,27532.54,3581.2516666666666,5646.858260869565,8971.629295573255,0.5841,100.0,0.0,54,729,98.54,98.54,1,2.0,0.0,2026-06-29 19:53:58.413448+00:00
1785,17.0,44.2,2,14219.01,7862.29,11046.347857142857,2384.9868986357137,0.2392,100.0,0.0,24,738,0.0,6075.98,1,0.0,0.0,2026-06-29 19:53:58.413448+00:00
1791,65.0,89.18,3,22305.66,1769.2123076923076,3020.3002,9297.881809930364,0.2968,100.0,0.0,38,850,275.49,880.26,9,6.0,2.0,2026-06-29 19:53:58.413448+00:00
1803,62.0,133.62,3,22577.82,6301.888636363637,3053.2264912280702,11503.402527416965,0.9782,100.0,0.0,83,655,369.04,2064.74,14,6.0,1.0,2026-06-29 19:53:58.413448+00:00
1856,109.0,216.08,0,0.0,2669.5426086956522,2904.485172413793,8338.615272935212,0.5524,100.0,0.0,37,562,75.02,1674.64,10,5.0,2.0,2026-06-29 19:53:58.413448+00:00
1877,0.0,75.23,0,0.0,21531.12888888889,20059.39523809524,11798.964427645657,0.106,100.0,0.0,84,732,597.9,981.75,7,1.0,0.0,2026-06-29 19:53:58.413448+00:00
1880,1.0,153.65,2,17888.99,6689.832,6321.521891891892,3359.3929255789235,0.7558,100.0,0.0,80,612,161.93,11989.1,6,4.0,0.0,2026-06-29 19:53:58.413448+00:00
1917,61.0,105.01,4,35421.66,5270.1793333333335,3722.4248888888887,20235.681550968086,0.1614,100.0,0.0,4,655,12526.69,12875.05,8,3.0,1.0,2026-06-29 19:53:58.413448+00:00
1941,0.0,35.47,1,11183.98,5777.991666666667,5917.113809523809,4559.218017637432,0.0524,100.0,0.0,5,745,134.42,222.61,2,0.0,0.0,2026-06-29 19:53:58.413448+00:00
1959,14.0,68.64,2,19051.94,7371.994210526316,11695.835849056604,7771.1114872514445,0.5861,100.0,0.0,107,621,528.76,12087.35,12,1.0,3.0,2026-06-29 19:53:58.413448+00:00
1967,7.0,0.0,1,8856.44,2199.79,2593.236470588235,3382.1787759075223,0.0729,100.0,0.0,131,641,0.0,209.04,2,0.0,0.0,2026-06-29 19:53:58.413448+00:00
1975,45.0,120.81,2,23940.46,7039.718461538461,7271.529696969697,16174.024328650516,0.1715,100.0,0.0,56,609,61.21,824.19,8,1.0,1.0,2026-06-29 19:53:58.413448+00:00
2005,33.0,58.14,3,28911.15,4655.956666666667,4820.214666666667,3091.0976823589526,0.0087,100.0,0.0,29,847,0.0,196.44,2,0.0,0.0,2026-06-29 19:53:58.413448+00:00
2008,0.0,32.95,0,0.0,6531.8725,6059.61875,2332.637174605304,0.5678,100.0,0.0,6,762,123.18,236.84,4,0.0,0.0,2026-06-29 19:53:58.413448+00:00
2012,6.0,0.0,2,17879.83,13575.08,18888.508333333335,4500.864886116951,0.5793,100.0,0.0,123,613,0.0,8799.59,3,1.0,0.0,2026-06-29 19:53:58.413448+00:00
2058,60.0,150.22,1,7711.0,2963.1675,2093.6575,3916.528016828436,0.7795,100.0,0.0,33,746,248.91,1085.88,10,2.0,2.0,2026-06-29 19:53:58.413448+00:00
2060,113.0,89.24,4,37148.38,2056.1835294117645,896.6851923076923,12224.434147075308,0.2034,100.0,0.0,49,738,173.93,711.8,7,2.0,3.0,2026-06-29 19:53:58.413448+00:00
2082,40.0,198.25,3,26588.64,14933.60894736842,14326.12462962963,19632.904257394424,0.0871,100.0,0.0,17,619,660.37,994.14,7,4.0,1.0,2026-06-29 19:53:58.413448+00:00
2088,70.0,64.86,3,20171.32,-5290.055,-3435.6257575757577,12735.267256218905,0.8755,100.0,0.0,93,636,657.27,1277.43,8,0.0,0.0,2026-06-29 19:53:58.413448+00:00
2093,0.0,58.72,0,0.0,14371.525,14471.215,137.46533062921748,0.3425,100.0,0.0,137,613,0.0,164.31,2,0.0,1.0,2026-06-29 19:53:58.413448+00:00
2105,65.0,57.9,3,26803.01,-6879.61875,-6748.5646875,14057.245445262919,0.235,100.0,0.0,132,598,0.0,646.68,6,0.0,2.0,2026-06-29 19:53:58.413448+00:00
2111,48.0,90.47,3,28519.49,-1636.6733333333334,-1089.8857692307693,4892.970084623899,0.6026,100.0,0.0,37,806,25.53,599.88,4,0.0,0.0,2026-06-29 19:53:58.413448+00:00
2124,61.0,82.11,2,16214.66,358.36117647058825,-86.77372549019609,9241.372332036686,0.558,100.0,0.0,5,787,121.58,769.28,9,0.0,0.0,2026-06-29 19:53:58.413448+00:00
2139,0.0,0.0,0,0.0,12301.54,11630.546,1786.096774646883,0.2781,100.0,0.0,45,728,0.0,27.58,1,0.0,1.0,2026-06-29 19:53:58.413448+00:00
2142,7.0,33.85,1,7133.53,175.82,265.29333333333335,157.85079597166714,0.8133,100.0,0.0,114,792,0.0,269.0,1,1.0,0.0,2026-06-29 19:53:58.413448+00:00
2152,0.0,0.0,1,6119.18,8263.506,8540.216666666667,1974.4684237550005,0.0114,100.0,0.0,8,720,0.0,146.34,2,0.0,0.0,2026-06-29 19:53:58.413448+00:00
2159,54.0,177.72,1,5486.82,11379.615714285714,13858.726666666667,18294.71647439039,0.5065,100.0,0.0,56,850,0.0,1241.2,9,1.0,1.0,2026-06-29 19:53:58.413448+00:00
2161,0.0,51.59,1,11055.2,9606.426666666666,11337.422857142858,4837.406924048869,0.378,100.0,0.0,119,730,0.0,241.84,1,0.0,0.0,2026-06-29 19:53:58.413448+00:00
2173,92.0,175.64,5,54228.08,-10868.848666666667,-8698.847916666668,6755.358201172626,0.7192,100.0,0.0,54,661,343.08,1116.44,8,3.0,2.0,2026-06-29 19:53:58.413448+00:00
2232,0.0,0.0,0,0.0,22666.381666666668,22687.875,1159.4035231449438,0.1662,100.0,0.0,106,691,250.72,440.94,4,2.0,1.0,2026-06-29 19:53:58.413448+00:00
2238,89.0,108.02,3,25402.8,2902.27,2591.088333333333,10382.714672418475,0.8228,100.0,0.0,12,603,406.97,406.97,1,1.0,2.0,2026-06-29 19:53:58.413448+00:00
2240,49.0,90.54,6,59406.27,-17137.18642857143,-4197.453,23583.237525115994,0.9739,100.0,0.0,52,699,25.33,9300.22,9,2.0,1.0,2026-06-29 19:53:58.413448+00:00
2253,0.0,42.79,0,0.0,7277.495,7585.677142857143,231.14985675433815,0.2244,100.0,0.0,66,786,187.77,337.68,2,0.0,0.0,2026-06-29 19:53:58.413448+00:00
2278,0.0,12.19,1,7103.3,22675.51714285714,22766.698,121.12786798530891,0.2001,100.0,0.0,58,583,36.0,193.05,3,0.0,0.0,2026-06-29 19:53:58.413448+00:00
2280,48.0,130.32,3,23571.45,-7538.529230769231,-9089.583125,11600.129559302817,0.125,100.0,0.0,19,765,0.0,585.04,6,1.0,2.0,2026-06-29 19:53:58.413448+00:00
2288,114.0,154.9,5,44106.74,-483.89166666666665,433.2153448275862,10548.462813307628,0.0795,100.0,0.0,55,746,940.88,3070.43,15,1.0,4.0,2026-06-29 19:53:58.413448+00:00
2296,74.0,90.22,8,56465.94,-10111.504615384616,-3554.9313888888887,16881.3013738599,0.9937,100.0,0.0,43,764,151.88,7441.75,7,2.0,0.0,2026-06-29 19:53:58.413448+00:00
2302,34.0,144.14,5,40785.48,-6595.882727272728,-5989.8684375,10693.497541173021,0.5862,100.0,0.0,14,702,0.0,424.22,4,0.0,1.0,2026-06-29 19:53:58.413448+00:00
2313,5.0,167.34,2,12989.32,21928.573846153846,24187.346458333333,12608.392937036397,0.0882,100.0,0.0,23,767,863.62,7270.32,7,1.0,2.0,2026-06-29 19:53:58.413448+00:00
2336,27.0,61.12,2,20495.4,-3739.24,-3862.298333333333,82.3065562225891,0.9495,100.0,0.0,46,810,48.94,48.94,1,2.0,0.0,2026-06-29 19:53:58.413448+00:00
2356,26.0,59.93,4,34684.48,9382.72,8099.932142857143,7116.1398620286145,0.4484,100.0,0.0,46,658,592.09,1111.89,9,1.0,0.0,2026-06-29 19:53:58.413448+00:00
2406,0.0,40.67,1,7092.49,18163.34888888889,14276.200416666667,6940.489588211552,0.3972,100.0,0.0,39,636,125.61,328.82,4,5.0,0.0,2026-06-29 19:53:58.413448+00:00
2415,129.0,117.19,6,52236.79,-11476.996,-6372.6994545454545,16432.84916964414,0.6237,100.0,0.0,46,837,868.1,1883.53,12,3.0,4.0,2026-06-29 19:53:58.413448+00:00
2424,24.0,124.6,3,27430.88,11799.844615384616,12556.156571428572,17147.322330579515,0.3986,100.0,0.0,4,605,135.26,943.93,10,1.0,1.0,2026-06-29 19:53:58.413448+00:00
2445,81.0,153.95,4,33111.38,-7913.248461538462,-3225.537307692308,11881.393420400933,0.2748,100.0,0.0,10,629,374.61,1904.45,7,6.0,4.0,2026-06-29 19:53:58.413448+00:00
2454,55.0,107.65,6,46300.71,-349.4557142857143,-1736.6204444444445,12620.437226660308,0.2541,100.0,0.0,11,777,67.28,1191.04,11,4.0,3.0,2026-06-29 19:53:58.413448+00:00
2459,51.0,149.24,2,18476.74,-4906.755,-2963.1074,7844.717919797552,0.3938,100.0,0.0,75,705,301.73,1526.63,14,1.0,0.0,2026-06-29 19:53:58.413448+00:00
2465,0.0,0.0,0,0.0,4935.944,4798.694,194.1290893297552,0.6891,100.0,0.0,76,698,316.05,316.05,1,1.0,0.0,2026-06-29 19:53:58.413448+00:00
2466,0.0,232.28,1,7214.46,9649.591428571428,12699.432444444445,11029.298947623907,0.4603,100.0,0.0,6,684,98.97,8405.29,10,0.0,2.0,2026-06-29 19:53:58.413448+00:00
2479,48.0,53.77,3,27535.28,2419.410909090909,4462.477037037037,11551.441970809377,0.9172,100.0,0.0,109,661,354.91,9722.47,6,2.0,2.0,2026-06-29 19:53:58.413448+00:00
2481,0.0,12.02,1,7741.42,19853.391666666666,20656.948695652172,13887.649460078863,0.7363,100.0,0.0,26,702,194.83,393.33,3,0.0,0.0,2026-06-29 19:53:58.413448+00:00
2490,56.0,57.82,4,33885.57,-16265.462,-8887.765833333333,27641.69338050853,0.5755,100.0,0.0,3,721,75.21,828.65,8,2.0,2.0,2026-06-29 19:53:58.413448+00:00
2502,18.0,44.72,4,34322.9,10651.075333333334,10539.324,10852.291004792674,0.7385,100.0,0.0,43,716,6584.58,13432.86,8,2.0,2.0,2026-06-29 19:53:58.413448+00:00
2515,63.0,35.09,2,15231.76,-2905.6694736842105,-1742.0356862745098,7285.20357085538,0.9446,100.0,0.0,25,768,766.59,8674.53,17,1.0,0.0,2026-06-29 19:53:58.413448+00:00
2540,17.0,58.19,2,19035.86,33385.6625,27006.1516,22006.91835214875,0.1003,100.0,0.0,6,610,0.0,426.04,1,0.0,0.0,2026-06-29 19:53:58.413448+00:00
2544,0.0,0.0,1,5505.98,13832.405,13831.550625,127.67677292036905,0.3957,100.0,0.0,21,706,0.0,346.93,2,1.0,1.0,2026-06-29 19:53:58.413448+00:00
2552,51.0,45.9,4,36243.06,-15628.75111111111,-8619.349130434783,11277.807585597673,0.4159,100.0,0.0,22,540,0.0,590.64,3,0.0,2.0,2026-06-29 19:53:58.413448+00:00
2555,55.0,54.81,2,17956.8,-920.869,-1144.4281481481482,9820.062141345225,0.0581,100.0,0.0,143,781,154.56,772.32,3,2.0,2.0,2026-06-29 19:53:58.413448+00:00
2561,57.0,16.64,2,20025.83,9030.74142857143,6948.6145,9222.031543582425,0.1704,100.0,0.0,18,730,288.13,1047.2,8,1.0,1.0,2026-06-29 19:53:58.413448+00:00
2563,0.0,90.81,3,30965.52,6435.3025,7391.615555555555,4689.606892374944,0.0606,100.0,0.0,37,658,63.07,256.43,5,4.0,1.0,2026-06-29 19:53:58.413448+00:00
2590,0.0,261.23,1,5266.17,18991.60111111111,18464.54282051282,13366.595761683095,0.2652,100.0,0.0,19,751,166.38,442.83,4,0.0,2.0,2026-06-29 19:53:58.413448+00:00
2601,20.0,94.55,5,54583.02,194.61375,5165.030294117647,14685.609887231074,0.0401,100.0,0.0,6,850,58.58,754.29,5,2.0,2.0,2026-06-29 19:53:58.413448+00:00
2611,0.0,0.0,1,11869.54,13232.61,12805.326923076924,389.57460992501143,0.2574,100.0,0.0,90,604,0.0,431.31,3,1.0,0.0,2026-06-29 19:53:58.413448+00:00
2699,11.0,148.94,2,19522.9,6227.951333333333,5477.551,4561.8195615457,0.2107,100.0,0.0,67,631,199.39,995.55,7,2.0,2.0,2026-06-29 19:53:58.413448+00:00
2708,47.0,84.72,4,31347.72,-3890.5214285714287,-6075.23375,7924.372445883099,0.4529,100.0,0.0,34,837,178.94,738.67,3,1.0,1.0,2026-06-29 19:53:58.413448+00:00
2717,2.0,78.45,3,24024.71,12969.950714285715,9719.078125,7059.027284385804,0.8022,100.0,0.0,100,737,290.89,7020.57,8,0.0,4.0,2026-06-29 19:53:58.413448+00:00
2726,0.0,44.46,0,0.0,21516.772,18078.73269230769,5066.435178733858,0.397,100.0,0.0,3,775,0.0,112.85,1,1.0,1.0,2026-06-29 19:53:58.413448+00:00
2751,95.0,95.94,3,19046.89,112.0775,1818.9175609756098,5043.469212339402,0.6184,100.0,0.0,80,653,235.51,1107.73,11,4.0,2.0,2026-06-29 19:53:58.413448+00:00
2774,35.0,0.0,2,12360.58,15167.110909090909,10948.375555555556,10872.68351148862,0.2314,100.0,0.0,13,531,0.0,428.2,3,1.0,1.0,2026-06-29 19:53:58.413448+00:00
2791,29.0,110.91,3,27144.13,5734.638888888889,6370.383461538461,6755.085033223315,0.2312,100.0,0.0,54,672,58.4,940.97,7,0.0,0.0,2026-06-29 19:53:58.413448+00:00
2832,19.0,58.48,1,11183.55,16337.038333333334,19378.581351351353,14453.489176824558,0.6528,100.0,0.0,68,633,343.56,579.84,5,2.0,2.0,2026-06-29 19:53:58.413448+00:00
2860,44.0,43.62,1,9843.69,4273.906666666667,4109.818695652174,7979.659890148041,0.2514,100.0,0.0,84,656,84.93,310.2,4,1.0,1.0,2026-06-29 19:53:58.413448+00:00
2867,23.0,0.0,2,13871.01,6358.96,4468.107083333333,7207.9009331725,0.2212,100.0,0.0,28,688,83.28,474.2,2,2.0,0.0,2026-06-29 19:53:58.413448+00:00
2886,0.0,224.72,1,7159.35,22715.756923076922,16344.255,13893.484744192861,0.7251,100.0,0.0,39,708,57.06,292.59,4,3.0,3.0,2026-06-29 19:53:58.413448+00:00
2890,89.0,125.89,8,72003.76,-9356.349375,-8955.479245283019,18028.184555324373,0.6867,100.0,0.0,30,587,583.41,1937.41,10,0.0,1.0,2026-06-29 19:53:58.413448+00:00
2915,94.0,104.38,3,23086.4,-1598.5925,-3263.003448275862,2366.9082611341087,0.7362,100.0,0.0,58,680,349.85,738.91,5,0.0,1.0,2026-06-29 19:53:58.413448+00:00
2919,43.0,0.0,3,27864.04,-2564.98375,-755.2391666666666,6198.809288019008,0.4089,100.0,0.0,46,685,9086.04,9324.87,4,2.0,1.0,2026-06-29 19:53:58.413448+00:00
2945,96.0,113.88,4,38306.96,-5717.330625,-4887.249583333333,11434.651093814755,0.1782,100.0,0.0,22,786,10481.89,11284.77,7,6.0,0.0,2026-06-29 19:53:58.413448+00:00
2963,4.0,24.95,1,10536.45,5761.76,7260.284,5996.645528275288,0.1307,100.0,0.0,37,805,0.0,284.87,3,1.0,2.0,2026-06-29 19:53:58.413448+00:00
2968,17.0,0.0,1,10963.34,-1714.5,-2791.9285714285716,6734.285258456861,0.5638,100.0,0.0,114,704,0.0,43.71,1,0.0,0.0,2026-06-29 19:53:58.413448+00:00
2974,63.0,106.5,5,42449.77,4988.293076923077,905.203,10798.177565732607,0.8451,100.0,0.0,48,675,79.65,506.25,5,2.0,0.0,2026-06-29 19:53:58.413448+00:00
2987,44.0,105.37,3,26593.71,1634.4671428571428,2973.2111363636363,5771.507099987199,0.0346,100.0,0.0,60,759,323.58,712.29,5,5.0,2.0,2026-06-29 19:53:58.413448+00:00
2996,43.0,183.5,3,25490.72,1140.828125,2329.3313725490198,12446.422409699846,0.0354,100.0,0.0,96,802,362.92,11195.64,6,2.0,3.0,2026-06-29 19:53:58.413448+00:00
3000,0.0,43.9,1,5405.12,5521.3725,5460.5233333333335,217.82427601675195,0.5335,100.0,0.0,3,794,0.0,165.15,1,0.0,1.0,2026-06-29 19:53:58.413448+00:00
3012,0.0,25.58,0,0.0,8460.6275,8531.57875,96.92018526054032,0.7514,100.0,0.0,4,671,0.0,142.75,1,1.0,1.0,2026-06-29 19:53:58.413448+00:00
3021,50.0,66.33,4,33557.39,3328.85,800.1872727272727,7351.956014580673,0.7077,100.0,0.0,72,757,245.61,809.45,7,1.0,2.0,2026-06-29 19:53:58.413448+00:00
3022,40.0,18.67,3,27259.73,2885.1253333333334,4639.856521739131,12902.026350952754,0.6988,100.0,0.0,30,653,359.51,1077.63,9,0.0,2.0,2026-06-29 19:53:58.413448+00:00
3044,0.0,119.09,0,0.0,13014.3576,12443.77104477612,4744.693340205732,0.1138,100.0,0.0,51,756,47.83,1819.52,12,3.0,0.0,2026-06-29 19:53:58.413448+00:00
3057,27.0,36.86,3,23666.56,12236.925,5771.1192,15389.088922305158,0.7108,100.0,0.0,25,741,326.28,903.95,5,0.0,1.0,2026-06-29 19:53:58.413448+00:00
3105,36.0,72.99,5,36564.02,-798.05,-785.5838461538461,5154.944249220417,0.9783,100.0,0.0,11,672,61.02,1459.71,6,0.0,1.0,2026-06-29 19:53:58.413448+00:00
3108,0.0,97.68,0,0.0,10500.005555555555,11331.074285714285,4201.669915450945,0.2015,100.0,0.0,40,731,111.71,668.47,5,1.0,1.0,2026-06-29 19:53:58.413448+00:00
3110,70.0,143.96,5,38590.43,-1950.8635294117646,-2766.7954347826085,10778.416040967104,0.5702,100.0,0.0,76,757,9466.69,9900.55,6,1.0,2.0,2026-06-29 19:53:58.413448+00:00
3111,3.0,30.48,0,0.0,10724.478333333333,11066.332307692308,7340.017022402347,0.2049,100.0,0.0,111,771,153.22,531.97,5,2.0,1.0,2026-06-29 19:53:58.413448+00:00
3120,67.0,90.53,2,15383.0,1659.653076923077,1903.25575,4705.300562992439,0.682,100.0,0.0,2,758,8679.87,9246.89,8,3.0,2.0,2026-06-29 19:53:58.413448+00:00
3146,0.0,80.83,1,5991.34,12200.2675,12940.33238095238,3910.401239629296,0.8507,100.0,0.0,43,744,0.0,6690.11,5,0.0,0.0,2026-06-29 19:53:58.413448+00:00
3161,39.0,104.73,2,12330.52,6306.375625,7002.714146341464,12570.909282480483,0.25,100.0,0.0,41,732,314.36,1155.91,10,2.0,1.0,2026-06-29 19:53:58.413448+00:00
3205,57.0,61.36,3,26828.51,301.6488888888889,-2859.335,10235.2951634568,0.9653,100.0,0.0,114,630,59.28,518.07,7,1.0,1.0,2026-06-29 19:53:58.413448+00:00
3226,62.0,129.32,0,0.0,-991.6775,-65.4290909090909,2137.455234320566,0.1214,100.0,0.0,120,668,0.0,377.6,5,0.0,1.0,2026-06-29 19:53:58.413448+00:00
3255,99.0,180.52,4,31674.58,-6266.64,-7568.388620689655,13504.86598707345,0.0744,100.0,0.0,13,718,0.0,266.95,3,2.0,1.0,2026-06-29 19:53:58.413448+00:00
3271,12.0,15.79,2,14124.02,10904.858,12159.849302325581,5091.6631323687025,0.8976,100.0,0.0,47,674,178.93,1226.14,11,2.0,1.0,2026-06-29 19:53:58.413448+00:00
3283,47.0,126.86,1,8869.64,3573.7392307692307,3307.67,8306.54547643895,0.2004,100.0,0.0,98,720,166.78,900.8,9,0.0,3.0,2026-06-29 19:53:58.413448+00:00
3300,115.0,85.08,6,57461.83,-7341.934375,-8021.61,11562.648168218657,0.6104,100.0,0.0,98,586,180.59,1275.01,8,0.0,0.0,2026-06-29 19:53:58.413448+00:00
3319,31.0,66.29,4,33574.34,4822.556666666666,5835.621627906977,8577.56298117685,0.2156,100.0,0.0,64,679,0.0,596.43,5,1.0,0.0,2026-06-29 19:53:58.413448+00:00
3324,104.0,19.52,4,33718.51,-13382.75,-9305.572608695653,6832.882418835895,0.5758,100.0,0.0,34,734,142.85,17815.25,6,1.0,1.0,2026-06-29 19:53:58.413448+00:00
3341,28.0,64.38,4,40315.41,23172.655,10530.190625,15960.484246881284,0.3876,100.0,0.0,44,613,0.0,223.06,1,0.0,0.0,2026-06-29 19:53:58.413448+00:00
3351,34.0,43.21,0,0.0,-3252.89,5735.5925,7632.228310906278,0.3268,100.0,0.0,43,723,0.0,144.68,1,1.0,0.0,2026-06-29 19:53:58.413448+00:00
3358,5.0,176.47,3,25999.85,1111.82875,3371.6121428571428,5851.821512988717,0.9455,100.0,0.0,17,731,15775.19,16427.62,8,4.0,0.0,2026-06-29 19:53:58.413448+00:00
3380,0.0,155.34,2,15787.74,12175.1216,11574.252765957446,8461.92389136378,0.6544,100.0,0.0,98,729,669.91,1944.15,13,1.0,3.0,2026-06-29 19:53:58.413448+00:00
3415,32.0,99.36,0,0.0,3877.8436363636365,5412.4416279069765,7394.73248432427,0.3079,100.0,0.0,83,607,0.0,838.37,7,2.0,1.0,2026-06-29 19:53:58.413448+00:00
3428,0.0,157.34,0,0.0,7981.92,8390.815,3861.1505668304367,0.4176,100.0,0.0,41,835,0.0,383.32,3,2.0,1.0,2026-06-29 19:53:58.413448+00:00
3438,13.0,28.09,2,15415.1,7776.43375,8700.778888888888,11746.89384156629,0.1438,100.0,0.0,103,782,0.0,322.11,3,0.0,1.0,2026-06-29 19:53:58.413448+00:00
3466,15.0,104.52,3,22982.19,4764.358,3978.033947368421,7234.831816048803,0.2349,100.0,0.0,97,618,0.0,779.84,6,1.0,3.0,2026-06-29 19:53:58.413448+00:00
3475,14.0,95.33,2,18635.09,965.0358333333334,3618.7171875,6969.54163185776,0.6508,100.0,0.0,2,665,216.15,10451.36,8,0.0,1.0,2026-06-29 19:53:58.413448+00:00
3481,1.0,0.0,1,11493.91,6588.525,6560.692857142857,136.9423686617619,0.5103,100.0,0.0,100,741,0.0,144.52,1,0.0,0.0,2026-06-29 19:53:58.413448+00:00
3487,0.0,75.16,2,16114.01,7896.134545454545,8271.62275862069,5293.578925720648,0.4971,100.0,0.0,24,631,235.0,10575.18,6,2.0,0.0,2026-06-29 19:53:58.413448+00:00
3490,35.0,54.2,5,45657.45,-6142.1,-6201.92380952381,7998.972011004483,0.37,100.0,0.0,95,639,157.2,10849.61,2,1.0,2.0,2026-06-29 19:53:58.413448+00:00
3498,14.0,54.68,1,11882.24,14609.776,14865.166785714286,9747.67727083595,0.8347,100.0,0.0,51,702,0.0,694.12,4,0.0,0.0,2026-06-29 19:53:58.413448+00:00
3509,96.0,101.54,2,11114.47,-11165.275555555556,-7133.287407407407,9132.646026078983,0.4923,100.0,0.0,30,689,44.5,547.24,5,2.0,2.0,2026-06-29 19:53:58.413448+00:00
3514,62.0,110.05,3,30975.91,-6100.152,-5422.47375,10674.1072134948,0.1748,100.0,0.0,85,705,75.69,416.52,4,2.0,3.0,2026-06-29 19:53:58.413448+00:00
3530,0.0,56.06,1,7741.74,21852.790714285715,20525.240555555556,12450.892588882474,0.362,100.0,0.0,70,828,306.26,1236.73,10,1.0,0.0,2026-06-29 19:53:58.413448+00:00
3551,31.0,109.35,4,32429.99,936.3933333333333,4059.97,6668.802013647729,0.2994,100.0,0.0,115,742,28.33,622.08,5,1.0,1.0,2026-06-29 19:53:58.413448+00:00
3592,85.0,207.82,6,61375.87,1857.2552631578947,1882.18,6308.657371558226,0.273,100.0,0.0,56,691,12081.39,13113.35,12,1.0,3.0,2026-06-29 19:53:58.413448+00:00
3593,41.0,136.06,2,16615.98,3732.7277777777776,3314.6170731707316,3985.037976200603,0.0765,100.0,0.0,63,688,571.93,2257.42,13,2.0,1.0,2026-06-29 19:53:58.413448+00:00
3604,0.0,209.13,1,6556.06,17673.60769230769,17077.43975609756,6200.793295781436,0.5796,100.0,0.0,3,675,0.0,1213.11,9,2.0,1.0,2026-06-29 19:53:58.413448+00:00
3632,0.0,81.85,0,0.0,12592.6425,14038.7084,4603.224568744859,0.0167,100.0,0.0,80,573,0.0,318.45,3,3.0,0.0,2026-06-29 19:53:58.413448+00:00
3635,53.0,132.29,1,8631.16,3251.9416666666666,3079.945135135135,7587.801057975519,0.8653,100.0,0.0,55,683,331.01,439.95,5,2.0,3.0,2026-06-29 19:53:58.413448+00:00
3640,0.0,0.0,0,0.0,8343.791666666666,9210.3105,4321.885076236411,0.1175,100.0,0.0,118,763,0.0,293.15,3,1.0,0.0,2026-06-29 19:53:58.413448+00:00
3664,0.0,142.21,2,14638.41,8129.467692307692,8724.761,4573.25125932968,0.147,100.0,0.0,18,850,0.0,8370.27,6,5.0,3.0,2026-06-29 19:53:58.413448+00:00
3666,37.0,74.66,3,20012.55,-1245.4666666666667,-998.3862068965517,4343.989130910874,0.0381,100.0,0.0,90,695,51.0,691.73,5,0.0,2.0,2026-06-29 19:53:58.413448+00:00
3672,4.0,62.51,2,15535.54,9954.022857142858,6983.337941176471,5242.795528835277,0.9586,100.0,0.0,18,673,0.0,474.15,3,2.0,0.0,2026-06-29 19:53:58.413448+00:00
3673,64.0,60.31,3,26404.46,1182.5585714285714,352.15394736842103,10987.969223404616,0.1485,100.0,0.0,38,795,483.43,938.03,8,2.0,0.0,2026-06-29 19:53:58.413448+00:00
3676,5.0,0.0,2,18143.63,15627.303333333333,11845.6765,6356.722078197499,0.3004,100.0,0.0,49,776,262.81,474.71,1,2.0,1.0,2026-06-29 19:53:58.413448+00:00
3683,0.0,59.25,2,19612.72,10105.45294117647,9507.709375,3279.6921830341457,0.1889,100.0,0.0,83,671,143.1,1182.81,7,0.0,1.0,2026-06-29 19:53:58.413448+00:00
3721,48.0,27.81,4,29229.64,2861.15875,2293.8419512195123,9014.004440260456,0.8657,100.0,0.0,66,686,0.0,304.13,1,2.0,2.0,2026-06-29 19:53:58.413448+00:00
3722,17.0,231.62,4,32951.5,3252.354210526316,5466.3546,6400.993622453905,0.6351,100.0,0.0,14,782,295.96,1614.15,11,1.0,3.0,2026-06-29 19:53:58.413448+00:00
3745,0.0,36.64,0,0.0,15829.525714285714,15669.990952380953,224.8142819134779,0.3461,100.0,0.0,32,737,233.78,442.97,3,1.0,1.0,2026-06-29 19:53:58.413448+00:00
3757,0.0,82.0,0,0.0,29133.9825,29650.326470588236,15093.980822489139,0.161,100.0,0.0,122,613,0.0,210.8,2,1.0,0.0,2026-06-29 19:53:58.413448+00:00
3761,22.0,130.78,2,16901.2,234.62272727272727,4959.638974358974,11889.023111285078,0.4582,100.0,0.0,58,696,34.07,10088.34,4,2.0,0.0,2026-06-29 19:53:58.413448+00:00
3810,117.0,58.4,2,16648.11,-1683.3175,-3206.140303030303,9556.686593041499,0.1038,100.0,0.0,44,727,0.0,255.47,3,2.0,1.0,2026-06-29 19:53:58.413448+00:00
3821,138.0,23.79,6,50443.14,-7963.68,-7219.8378,16873.235975357824,0.7582,100.0,0.0,59,761,138.42,1307.75,8,4.0,2.0,2026-06-29 19:53:58.413448+00:00
3858,23.0,26.51,3,29668.94,3751.6828571428573,875.5045833333334,9697.244498915219,0.4317,100.0,0.0,51,728,0.0,12.94,1,1.0,0.0,2026-06-29 19:53:58.413448+00:00
3865,65.0,0.0,0,0.0,7919.631666666667,7638.7724,9454.970290957279,0.7343,100.0,0.0,142,701,195.89,907.51,5,2.0,1.0,2026-06-29 19:53:58.413448+00:00
3870,50.0,68.65,1,7552.42,312.1538888888889,1473.7593333333334,5670.28230950164,0.9384,100.0,0.0,15,687,196.8,996.72,10,2.0,0.0,2026-06-29 19:53:58.413448+00:00
3877,4.0,39.46,2,17144.08,16379.194615384615,19311.27882352941,11799.83881717569,0.2799,100.0,0.0,63,564,164.2,9060.35,6,1.0,3.0,2026-06-29 19:53:58.413448+00:00
3916,0.0,0.0,0,0.0,14530.527142857143,15612.2175,11312.054180227484,0.3691,100.0,0.0,49,762,0.0,400.42,4,0.0,1.0,2026-06-29 19:53:58.413448+00:00
3920,0.0,14.84,1,7659.1,4601.0025,4821.097777777778,219.58732030676597,0.3929,100.0,0.0,78,551,0.0,209.36,1,1.0,0.0,2026-06-29 19:53:58.413448+00:00
3960,118.0,179.31,5,46826.3,-2246.476818181818,-1469.0819298245615,8174.338070693956,0.5904,100.0,0.0,37,712,371.2,22895.33,14,1.0,3.0,2026-06-29 19:53:58.413448+00:00
3983,29.0,257.1,5,35776.59,-1715.644827586207,-3669.8062264150944,17801.424736229998,0.0809,100.0,0.0,27,850,652.61,1586.61,10,6.0,1.0,2026-06-29 19:53:58.413448+00:00
3986,0.0,38.87,0,0.0,12450.194,12354.105,112.88628863816893,0.4979,100.0,0.0,137,842,0.0,66.4,1,2.0,0.0,2026-06-29 19:53:58.413448+00:00
3989,0.0,58.16,0,0.0,14249.77,12899.320697674419,4156.652820491078,0.6977,100.0,0.0,18,791,0.0,83.0,2,1.0,0.0,2026-06-29 19:53:58.413448+00:00
4014,18.0,123.09,1,11438.65,11969.579285714286,11005.2965625,5421.458024672611,0.5472,100.0,0.0,51,758,192.31,745.65,6,1.0,1.0,2026-06-29 19:53:58.413448+00:00
4041,27.0,87.32,2,20407.11,4294.7128571428575,4066.349142857143,2704.5985467823316,0.5044,100.0,0.0,114,694,569.35,766.12,6,0.0,1.0,2026-06-29 19:53:58.413448+00:00
4052,0.0,161.82,1,6208.2,6079.689375,7261.309583333334,4211.338822976552,0.2704,100.0,0.0,42,680,0.0,865.57,6,2.0,0.0,2026-06-29 19:53:58.413448+00:00
4053,82.0,177.08,3,25851.45,8076.715,5347.890980392157,22168.373425001257,0.5069,100.0,0.0,17,625,927.85,1632.17,7,2.0,1.0,2026-06-29 19:53:58.413448+00:00
4065,0.0,200.26,0,0.0,12589.482,11626.36125,5761.586840487355,0.6019,100.0,0.0,61,688,0.0,431.97,2,3.0,0.0,2026-06-29 19:53:58.413448+00:00
4084,43.0,60.1,3,27262.49,220.64933333333335,-986.1606666666667,8732.023205976926,0.8431,100.0,0.0,19,708,709.7,1101.39,7,1.0,1.0,2026-06-29 19:53:58.413448+00:00
4085,8.0,62.75,1,7442.15,-5958.65,-4834.422222222222,2435.743458972721,0.8073,100.0,0.0,127,765,0.0,226.34,2,0.0,1.0,2026-06-29 19:53:58.413448+00:00
4096,26.0,187.35,4,34225.9,7364.143529411765,7803.495813953488,9220.518706035537,0.8555,100.0,0.0,74,724,450.62,1569.26,11,2.0,2.0,2026-06-29 19:53:58.413448+00:00
4141,0.0,136.98,1,5955.03,13734.356363636363,10143.995833333332,4569.224794131674,0.388,100.0,0.0,142,687,0.0,998.81,7,2.0,0.0,2026-06-29 19:53:58.413448+00:00
4170,114.0,120.93,2,18739.12,-209.38809523809525,-1423.6645454545455,12934.933126888853,0.9387,100.0,0.0,14,800,150.39,1022.47,10,0.0,0.0,2026-06-29 19:53:58.413448+00:00
4202,87.0,57.68,1,5694.77,8696.993076923078,8868.791944444445,7881.900025650757,0.1577,100.0,0.0,45,672,0.0,294.63,2,2.0,0.0,2026-06-29 19:53:58.413448+00:00
4228,51.0,127.38,1,7490.94,11926.73125,11340.575416666667,9914.902365421742,0.7307,100.0,0.0,99,679,0.0,656.45,5,1.0,1.0,2026-06-29 19:53:58.413448+00:00
4259,90.0,63.02,3,22762.94,-7825.074444444444,-1605.0724,11137.734462357157,0.3947,100.0,0.0,77,794,69.64,10053.32,6,1.0,1.0,2026-06-29 19:53:58.413448+00:00
4301,27.0,0.0,4,40152.0,-2289.173333333333,-1661.272,10028.61390552134,0.5369,100.0,0.0,62,735,0.0,9455.14,2,0.0,2.0,2026-06-29 19:53:58.413448+00:00
4312,19.0,0.0,1,9797.84,-448.815,-611.0173333333333,266.3326288551384,0.1406,100.0,0.0,48,766,253.46,413.09,3,0.0,2.0,2026-06-29 19:53:58.413448+00:00
4318,57.0,67.72,3,32674.99,14965.696,11953.959375,19644.930449356543,0.6513,100.0,0.0,59,771,213.42,871.25,7,3.0,0.0,2026-06-29 19:53:58.413448+00:00
4319,82.0,85.96,6,47833.6,3407.1892307692306,2642.3321875,7793.799871663151,0.9605,100.0,0.0,2,682,386.18,1307.25,11,1.0,2.0,2026-06-29 19:53:58.413448+00:00
4336,94.0,27.86,3,29511.36,-10956.106,-12581.6325,10470.764627363871,0.2446,100.0,0.0,123,807,219.68,1420.7,10,2.0,0.0,2026-06-29 19:53:58.413448+00:00
4406,76.0,137.95,3,19983.83,11468.543333333333,10366.389310344828,13676.52483662585,0.1729,100.0,0.0,61,674,104.52,131.57,2,1.0,2.0,2026-06-29 19:53:58.413448+00:00
4414,0.0,84.4,2,14577.69,7964.71,9054.239375,6579.093604751407,0.2221,100.0,0.0,39,633,0.0,291.08,2,1.0,0.0,2026-06-29 19:53:58.413448+00:00
4427,0.0,39.3,1,6137.39,6142.64,6121.135333333334,2681.7875144733016,0.1998,100.0,0.0,127,684,0.0,596.59,4,0.0,1.0,2026-06-29 19:53:58.413448+00:00
4429,0.0,43.65,1,8396.7,15798.822,16948.246153846154,9340.567394425414,0.2345,100.0,0.0,6,723,37.82,402.15,5,1.0,1.0,2026-06-29 19:53:58.413448+00:00
4464,0.0,0.0,1,8768.78,11824.6175,11151.2046875,1855.0963222461035,0.2433,100.0,0.0,51,696,316.36,1003.24,7,1.0,1.0,2026-06-29 19:53:58.413448+00:00
4483,13.0,58.07,3,24715.15,11864.751538461538,9947.3690625,11469.015222259663,0.9985,100.0,0.0,69,705,193.4,876.63,7,1.0,0.0,2026-06-29 19:53:58.413448+00:00
4492,0.0,79.41,0,0.0,9966.314444444444,8836.832962962962,4259.391171382417,0.0974,100.0,0.0,12,698,282.72,543.65,3,2.0,0.0,2026-06-29 19:53:58.413448+00:00
4498,16.0,103.46,2,14643.51,5325.506,7090.725714285714,4080.0635056904875,0.8881,100.0,0.0,13,720,234.7,801.29,5,2.0,2.0,2026-06-29 19:53:58.413448+00:00
4501,68.0,160.49,3,21334.19,-1382.0507142857143,-1257.8223913043478,8333.726834140114,0.3941,100.0,0.0,15,806,316.67,649.89,6,1.0,3.0,2026-06-29 19:53:58.413448+00:00
4502,69.0,129.16,2,17057.77,14048.98090909091,7764.851025641025,12516.294577289149,0.6235,100.0,0.0,23,730,0.0,939.89,5,4.0,1.0,2026-06-29 19:53:58.413448+00:00
4503,17.0,241.76,3,23432.75,23662.852941176472,23071.320612244897,16129.832296149512,0.7481,100.0,0.0,97,751,548.57,7464.78,10,4.0,2.0,2026-06-29 19:53:58.413448+00:00
4516,64.0,131.19,2,16275.77,-2271.9466666666667,-10176.851739130434,17932.993946067956,0.2088,100.0,0.0,43,752,0.0,230.95,1,1.0,0.0,2026-06-29 19:53:58.413448+00:00
4540,17.0,0.0,1,5596.57,6997.1975,6442.678214285715,5711.31003735031,0.5247,100.0,0.0,43,689,251.89,964.36,9,0.0,0.0,2026-06-29 19:53:58.413448+00:00
4551,23.0,20.2,2,14991.21,6235.979333333334,6266.664722222222,6641.980273227727,0.2208,100.0,0.0,40,767,293.94,1358.14,9,2.0,2.0,2026-06-29 19:53:58.413448+00:00
4584,6.0,97.32,1,12178.33,24720.1525,24523.003448275864,12739.744895634449,0.0395,100.0,0.0,34,770,0.0,314.53,3,1.0,1.0,2026-06-29 19:53:58.413448+00:00
4605,40.0,74.47,1,9396.51,6368.40125,3346.298,7419.44792190348,0.1179,100.0,0.0,4,830,0.0,353.91,2,1.0,0.0,2026-06-29 19:53:58.413448+00:00
4673,11.0,167.97,3,21299.43,11686.154705882353,10499.965681818181,7215.024732706016,0.3842,100.0,0.0,64,771,652.25,991.62,6,1.0,3.0,2026-06-29 19:53:58.413448+00:00
4707,24.0,105.98,2,17302.55,6743.24,5984.169090909091,8174.430974288192,0.74,100.0,0.0,60,707,478.94,942.22,4,0.0,0.0,2026-06-29 19:53:58.413448+00:00
4758,25.0,44.86,2,16267.55,6862.221111111111,6144.82,13598.620339261608,0.9517,100.0,0.0,14,743,0.0,1243.93,10,0.0,0.0,2026-06-29 19:53:58.413448+00:00
4759,0.0,54.22,0,0.0,13320.975,12634.120606060605,3818.552058387814,0.4083,100.0,0.0,75,672,114.4,681.31,5,1.0,1.0,2026-06-29 19:53:58.413448+00:00
4767,35.0,339.48,2,17823.27,19660.203333333335,18439.03512195122,14242.617060144963,0.5379,100.0,0.0,50,805,270.73,684.22,5,2.0,0.0,2026-06-29 19:53:58.413448+00:00
4769,44.0,0.0,4,27756.38,1720.142857142857,6731.03375,11701.150744844434,0.104,100.0,0.0,60,747,96.6,293.54,3,2.0,1.0,2026-06-29 19:53:58.413448+00:00
4776,18.0,12.73,4,29527.75,-3086.872,1032.837142857143,3985.8322667219495,0.0095,100.0,0.0,143,657,0.0,7664.05,2,1.0,0.0,2026-06-29 19:53:58.413448+00:00
4777,26.0,259.77,1,7304.79,10274.1345,8098.1649090909095,7466.75626776483,0.1055,100.0,0.0,57,627,650.89,8568.32,10,3.0,0.0,2026-06-29 19:53:58.413448+00:00
4825,0.0,39.92,4,29114.65,10909.8,11994.672608695651,6442.19250924729,0.1287,100.0,0.0,5,740,159.71,444.14,6,1.0,2.0,2026-06-29 19:53:58.413448+00:00
4930,0.0,116.0,1,6645.51,10162.724,8294.100263157894,5289.4637181083635,0.3658,100.0,0.0,37,638,605.68,1626.22,14,1.0,1.0,2026-06-29 19:53:58.413448+00:00
4935,119.0,101.78,7,55738.6,-5334.2814285714285,-5660.8246,11029.675291155228,0.4934,100.0,0.0,10,730,586.79,1232.15,11,0.0,1.0,2026-06-29 19:53:58.413448+00:00
4939,0.0,56.8,3,23465.13,9728.993333333334,10818.9175,2804.0294318258184,0.787,100.0,0.0,68,659,260.69,1481.29,11,6.0,3.0,2026-06-29 19:53:58.413448+00:00
4953,113.0,150.18,5,50777.44,-5308.33625,-7113.4081081081085,12106.164817388151,0.43,100.0,0.0,3,775,308.95,587.88,1,1.0,0.0,2026-06-29 19:53:58.413448+00:00
4958,18.0,60.92,1,11809.29,9469.797272727274,7925.891555555556,8419.7489032881,0.7018,100.0,0.0,52,728,11.08,217.51,3,1.0,3.0,2026-06-29 19:53:58.413448+00:00
4959,53.0,0.0,5,40660.4,6747.686363636363,3453.586764705882,7724.413261285028,0.578,100.0,0.0,58,713,359.1,694.23,2,2.0,1.0,2026-06-29 19:53:58.413448+00:00
4968,0.0,20.26,0,0.0,8478.631428571429,8502.533125,105.12660110069338,0.5398,100.0,0.0,63,635,137.33,449.34,4,2.0,1.0,2026-06-29 19:53:58.413448+00:00
4977,0.0,47.64,0,0.0,13204.77,13220.478571428572,52.09181356812491,0.6934,100.0,0.0,74,798,0.0,50.28,1,1.0,0.0,2026-06-29 19:53:58.413448+00:00
430,0.0,74.42,1,8579.5,20576.18857142857,14278.770869565218,7240.867482670192,0.1577,100.0,0.0,34,697,0.0,18.12,0,2.0,1.0,2026-06-29 19:53:58.413448+00:00
1378,0.0,0.0,0,0.0,11125.238,8626.288,2600.819955691409,0.2937,100.0,0.0,2,709,226.97,226.97,0,1.0,0.0,2026-06-29 19:53:58.413448+00:00
3894,12.0,23.28,1,5386.61,14431.34,14119.854444444445,10108.458719863294,0.0138,100.0,0.0,95,760,263.37,263.37,0,1.0,0.0,2026-06-29 19:53:58.413448+00:00
4441,0.0,38.63,0,0.0,21211.783333333333,21108.27176470588,225.39570000166108,0.368,100.0,0.0,129,658,0.0,40.84,0,0.0,1.0,2026-06-29 19:53:58.413448+00:00
218,0.0,0.0,0,0.0,8461.65,8236.579166666666,2350.415812565436,0.1036,100.0,0.0,102,813,0.0,0.0,0,0.0,0.0,2026-06-29 19:53:58.413448+00:00
392,0.0,88.15,0,0.0,18882.045,19511.309166666666,1654.3228368099658,0.6491,100.0,0.0,52,721,0.0,0.0,0,0.0,1.0,2026-06-29 19:53:58.413448+00:00
598,0.0,0.0,0,0.0,12241.45,12191.68,106.3710870020611,0.8014,100.0,0.0,111,789,0.0,0.0,0,0.0,1.0,2026-06-29 19:53:58.413448+00:00
640,0.0,35.71,0,0.0,11376.52,11506.977142857142,212.0050935672004,0.9414,100.0,0.0,1,720,0.0,0.0,0,0.0,0.0,2026-06-29 19:53:58.413448+00:00
1573,41.0,18.3,0,0.0,1421.6333333333334,1663.741875,4740.773230922117,0.9423,100.0,0.0,40,772,0.0,0.0,0,1.0,0.0,2026-06-29 19:53:58.413448+00:00
1830,0.0,12.9,0,0.0,13883.47,9557.914666666667,8042.94808488601,0.9131,100.0,0.0,97,743,0.0,0.0,0,0.0,1.0,2026-06-29 19:53:58.413448+00:00
3174,0.0,0.0,0,0.0,0.0,12259.074,149.04913613973105,0.4893,100.0,0.0,59,720,0.0,0.0,0,0.0,1.0,2026-06-29 19:53:58.413448+00:00
3967,0.0,36.3,0,0.0,10518.144,13078.682631578948,7096.121638557103,0.5814,100.0,0.0,108,686,0.0,0.0,0,1.0,1.0,2026-06-29 19:53:58.413448+00:00
4077,0.0,28.18,0,0.0,14693.513333333334,14841.380625,197.0232798259111,0.7389,100.0,0.0,31,553,0.0,0.0,0,0.0,1.0,2026-06-29 19:53:58.413448+00:00
4128,0.0,93.41,0,0.0,8247.37,5649.908333333334,4053.057861555136,0.2061,100.0,0.0,58,735,0.0,0.0,0,0.0,1.0,2026-06-29 19:53:58.413448+00:00
4363,0.0,42.83,2,18584.41,7636.965,7548.64375,74.0611061788675,0.3554,100.0,0.0,44,689,0.0,0.0,0,0.0,0.0,2026-06-29 19:53:58.413448+00:00
4456,45.0,34.31,2,12130.4,11262.806666666667,7808.484285714286,18268.05469659681,0.9785,100.0,0.0,29,767,0.0,0.0,0,0.0,1.0,2026-06-29 19:53:58.413448+00:00
4906,0.0,84.69,0,0.0,19164.715,17452.123076923075,4290.721732747005,0.4825,100.0,0.0,84,625,0.0,0.0,0,0.0,0.0,2026-06-29 19:53:58.413448+00:00
1,68.0,36.77,2,14104.04,4854.8025,1880.1216216216217,21085.63552556347,0.3452,100.0,0.0,72,730,0.0,402.28,5,4.0,1.0,2026-06-29 19:53:58.413448+00:00
16,119.0,0.0,2,17126.38,-1608.58,-4971.383333333333,7418.999109579049,0.2529,100.0,0.0,90,688,100.13,617.12,4,4.0,3.0,2026-06-29 19:53:58.413448+00:00
23,6.0,137.49,3,24314.01,6308.790769230769,9651.1092,4638.379164768328,0.8588,100.0,0.0,105,625,260.52,618.13,7,2.0,2.0,2026-06-29 19:53:58.413448+00:00
27,20.0,71.57,0,0.0,5539.416428571429,4575.833055555556,4574.082533337194,0.775,100.0,0.0,17,699,73.46,404.73,5,2.0,1.0,2026-06-29 19:53:58.413448+00:00
32,38.0,42.13,1,11461.83,-2361.06,3491.9163636363637,7593.762685437991,0.0002,100.0,0.0,104,711,306.1,362.17,3,0.0,0.0,2026-06-29 19:53:58.413448+00:00
56,30.0,80.92,3,29297.08,3401.82875,6545.256,12516.377272361817,0.5371,100.0,0.0,62,730,0.0,340.87,3,2.0,1.0,2026-06-29 19:53:58.413448+00:00
84,32.0,137.58,2,17069.6,-121.94888888888889,2284.475238095238,5150.028708982966,0.3569,100.0,0.0,75,749,524.51,9884.73,6,0.0,2.0,2026-06-29 19:53:58.413448+00:00
92,41.0,84.9,6,43976.21,617.4584210526316,2329.5390384615384,11373.182652459596,0.6271,100.0,0.0,21,654,465.61,1821.6,13,4.0,1.0,2026-06-29 19:53:58.413448+00:00
93,55.0,133.74,4,41696.06,2967.4165,4002.7576785714286,13824.741076316132,0.2293,100.0,0.0,71,605,201.2,1392.33,10,1.0,4.0,2026-06-29 19:53:58.413448+00:00
98,0.0,27.94,0,0.0,11960.538,11864.156923076924,202.61344303432776,0.5376,100.0,0.0,62,802,109.88,109.88,1,0.0,0.0,2026-06-29 19:53:58.413448+00:00
119,0.0,0.0,1,8145.35,2812.1,3138.316428571429,1252.2292783649436,0.8631,100.0,0.0,73,722,0.0,135.4,1,0.0,2.0,2026-06-29 19:53:58.413448+00:00
123,0.0,19.47,1,8813.38,12012.625,10750.595333333333,5196.659827242068,0.7285,100.0,0.0,110,724,42.33,106.96,1,1.0,1.0,2026-06-29 19:53:58.413448+00:00
156,2.0,176.13,4,34220.81,9127.22076923077,10958.272272727272,4308.843232997053,0.725,100.0,0.0,55,761,7794.8,8542.15,10,2.0,4.0,2026-06-29 19:53:58.413448+00:00
164,0.0,166.46,2,12920.61,15410.7825,15369.441470588235,1879.3168720595888,0.8747,100.0,0.0,9,686,294.48,795.7,5,2.0,1.0,2026-06-29 19:53:58.413448+00:00
180,2.0,205.93,1,7762.04,4699.644166666667,5068.1913888888885,3127.340391621435,0.3891,100.0,0.0,70,628,0.0,373.67,5,2.0,1.0,2026-06-29 19:53:58.413448+00:00
181,0.0,88.24,1,5268.44,3977.5285714285715,4048.0114285714285,283.7281046099914,0.7817,100.0,0.0,1,751,0.0,207.58,2,0.0,0.0,2026-06-29 19:53:58.413448+00:00
183,30.0,86.62,1,9745.56,1604.17,2505.315,8975.525065837903,0.4842,100.0,0.0,17,689,462.71,502.87,4,2.0,1.0,2026-06-29 19:53:58.413448+00:00
205,26.0,0.0,2,16460.69,-119.43333333333334,1262.6,10608.36940580408,0.7025,100.0,0.0,69,774,171.61,387.71,4,0.0,2.0,2026-06-29 19:53:58.413448+00:00
221,37.0,38.02,1,6299.83,7683.142222222222,7182.352413793104,8823.670904670887,0.4966,100.0,0.0,83,786,308.29,427.02,5,1.0,0.0,2026-06-29 19:53:58.413448+00:00
237,0.0,0.0,0,0.0,6017.635,6183.415,154.18617545033013,0.0423,100.0,0.0,44,655,0.0,124.26,1,0.0,0.0,2026-06-29 19:53:58.413448+00:00
239,69.0,116.93,5,47430.76,6029.8123076923075,5928.9321311475405,17064.00285752511,0.3822,100.0,0.0,34,730,131.02,8062.27,17,2.0,3.0,2026-06-29 19:53:58.413448+00:00
245,29.0,69.72,3,27463.8,4092.650833333333,2445.998787878788,9953.149970679378,0.9646,100.0,0.0,15,815,0.0,625.51,6,3.0,0.0,2026-06-29 19:53:58.413448+00:00
250,145.0,76.1,4,40089.51,-10294.58111111111,-17508.616666666665,18253.485612853878,0.2587,100.0,0.0,43,659,157.4,251.74,2,2.0,4.0,2026-06-29 19:53:58.413448+00:00
254,0.0,71.27,1,5666.54,7998.7225,8872.29619047619,2877.7632133580614,0.2659,100.0,0.0,139,750,536.9,639.22,5,2.0,1.0,2026-06-29 19:53:58.413448+00:00
269,25.0,95.47,2,17411.22,-448.4626666666667,2489.425087719298,10201.258672902604,0.8053,100.0,0.0,21,659,387.64,978.47,9,4.0,1.0,2026-06-29 19:53:58.413448+00:00
276,0.0,57.7,2,11482.61,10318.96,12054.1355,6128.2768275782255,0.0535,100.0,0.0,9,621,102.23,234.1,2,0.0,1.0,2026-06-29 19:53:58.413448+00:00
281,24.0,173.46,4,37435.81,4922.177142857143,3911.6121428571428,4589.79379297661,0.4384,100.0,0.0,15,605,228.49,552.5,5,4.0,1.0,2026-06-29 19:53:58.413448+00:00
299,8.0,120.65,1,11820.07,11139.425,9914.373333333333,7295.769888094535,0.9868,100.0,0.0,29,654,0.0,771.97,6,1.0,0.0,2026-06-29 19:53:58.413448+00:00
302,0.0,128.39,0,0.0,5044.033636363636,3969.4263636363635,2616.9098417440773,0.4725,100.0,0.0,49,675,135.53,553.0,3,0.0,0.0,2026-06-29 19:53:58.413448+00:00
307,61.0,227.78,4,38557.44,642.6014285714285,-1128.3309433962263,13770.966616537371,0.8112,100.0,0.0,27,654,337.8,862.92,8,2.0,3.0,2026-06-29 19:53:58.413448+00:00
308,66.0,124.42,1,8983.77,-92.25227272727273,567.8063157894737,9368.61105419563,0.7103,100.0,0.0,12,649,607.46,10798.67,12,2.0,2.0,2026-06-29 19:53:58.413448+00:00
318,42.0,63.82,2,17778.84,-2446.6228571428574,-2676.1494444444443,1889.645672105024,0.4033,100.0,0.0,42,571,0.0,471.63,3,0.0,0.0,2026-06-29 19:53:58.413448+00:00
388,9.0,232.83,2,21067.95,12695.655625,12284.744146341463,6977.263269631546,0.8156,100.0,0.0,9,696,107.43,692.42,7,5.0,1.0,2026-06-29 19:53:58.413448+00:00
402,0.0,23.32,0,0.0,12462.256,10770.789230769231,8457.472919246724,0.8069,100.0,0.0,1,699,0.0,281.02,1,2.0,0.0,2026-06-29 19:53:58.413448+00:00
404,36.0,37.46,4,33492.83,4917.417272727273,1120.255918367347,13828.418758358679,0.7538,100.0,0.0,80,682,399.96,932.32,5,1.0,3.0,2026-06-29 19:53:58.413448+00:00
419,15.0,132.62,1,11147.34,7729.028181818182,5602.5885,11569.35934681504,0.1817,100.0,0.0,98,748,34.35,489.23,5,0.0,0.0,2026-06-29 19:53:58.413448+00:00
433,26.0,68.6,3,27377.11,-1632.6463636363637,847.2566666666667,10198.926655733429,0.1066,100.0,0.0,54,758,40.5,249.89,3,1.0,2.0,2026-06-29 19:53:58.413448+00:00
460,45.0,32.96,2,20429.09,-8049.605555555556,-8112.868666666666,1066.601156719434,0.2184,100.0,0.0,132,776,61.73,700.25,4,0.0,1.0,2026-06-29 19:53:58.413448+00:00
473,43.0,48.64,1,11778.77,-6195.31,-6255.343333333333,106.56539609293651,0.748,100.0,0.0,96,683,34.5,147.26,2,2.0,0.0,2026-06-29 19:53:58.413448+00:00
477,98.0,134.32,6,59190.1,-4666.13,-8673.098484848484,12614.843108501293,0.177,100.0,0.0,53,696,11913.15,12096.5,5,1.0,4.0,2026-06-29 19:53:58.413448+00:00
510,24.0,59.64,3,25541.28,5686.645555555556,5757.300344827586,9134.786057560212,0.6386,100.0,0.0,29,676,0.0,241.43,2,3.0,3.0,2026-06-29 19:53:58.413448+00:00
537,44.0,96.78,3,26960.23,12900.613125,12398.782647058824,5844.7064578442705,0.1161,100.0,0.0,21,783,6140.77,6664.72,9,1.0,1.0,2026-06-29 19:53:58.413448+00:00
545,0.0,0.0,0,0.0,14654.6825,14439.427142857143,352.4613326287548,0.5127,100.0,0.0,50,713,0.0,45.72,1,0.0,0.0,2026-06-29 19:53:58.413448+00:00
597,59.0,94.49,1,8197.7,1641.7453846153846,626.8233333333334,2970.133666280484,0.2335,100.0,0.0,13,650,288.65,594.78,4,5.0,0.0,2026-06-29 19:53:58.413448+00:00
599,16.0,62.35,2,18457.35,7088.463333333333,9246.284761904762,8030.277952169826,0.993,100.0,0.0,79,731,0.0,909.5,8,2.0,1.0,2026-06-29 19:53:58.413448+00:00
621,35.0,75.84,3,19236.78,9864.424444444445,8784.325555555555,11095.245723925676,0.3295,100.0,0.0,12,811,134.92,433.52,4,5.0,2.0,2026-06-29 19:53:58.413448+00:00
627,0.0,130.22,0,0.0,4280.905714285715,3601.5242857142857,2855.603140032022,0.9456,100.0,0.0,11,690,234.34,1193.31,11,3.0,1.0,2026-06-29 19:53:58.413448+00:00
635,11.0,0.0,4,33474.23,-1722.505,-894.9753846153847,2309.765947149076,0.8359,100.0,0.0,97,706,0.0,105.43,1,1.0,0.0,2026-06-29 19:53:58.413448+00:00
678,23.0,169.88,3,25990.94,9648.098181818183,9567.1348,13462.247558022134,0.647,100.0,0.0,141,573,234.82,395.71,4,1.0,1.0,2026-06-29 19:53:58.413448+00:00
688,29.0,35.11,0,0.0,13191.238333333333,9732.083181818181,6466.405658946009,0.6197,100.0,0.0,24,757,155.05,340.0,3,0.0,0.0,2026-06-29 19:53:58.413448+00:00
690,69.0,73.5,5,47380.15,4678.145555555556,4793.332571428571,20321.47358539622,0.501,100.0,0.0,28,711,184.49,461.53,3,3.0,2.0,2026-06-29 19:53:58.413448+00:00
697,71.0,76.86,4,27159.18,-3692.0693333333334,-1378.622340425532,20123.6041962261,0.8165,100.0,0.0,44,710,523.78,7382.44,11,0.0,2.0,2026-06-29 19:53:58.413448+00:00
739,0.0,32.73,0,0.0,26978.374285714286,20525.9396,11617.601817763072,0.9424,100.0,0.0,64,652,151.04,573.82,3,2.0,2.0,2026-06-29 19:53:58.413448+00:00
752,0.0,86.81,0,0.0,17714.115,17148.783333333333,3021.9201673745756,0.3993,100.0,0.0,42,692,0.0,35.26,1,1.0,0.0,2026-06-29 19:53:58.413448+00:00
830,70.0,96.11,0,0.0,486.74142857142857,514.0234146341463,9188.453388922322,0.843,100.0,0.0,14,725,180.93,576.32,5,2.0,0.0,2026-06-29 19:53:58.413448+00:00
837,24.0,113.02,3,19154.9,9737.4,8627.228928571429,8431.66480631085,0.7138,100.0,0.0,27,850,0.0,871.46,5,1.0,0.0,2026-06-29 19:53:58.413448+00:00
865,44.0,66.75,4,34596.95,18620.141052631578,15281.1826,19090.482906519534,0.276,100.0,0.0,26,681,148.27,994.53,9,2.0,1.0,2026-06-29 19:53:58.413448+00:00
868,0.0,63.42,0,0.0,2498.1266666666666,9639.301818181819,6324.046436325139,0.0999,100.0,0.0,142,636,0.0,255.96,2,0.0,1.0,2026-06-29 19:53:58.413448+00:00
919,0.0,35.37,0,0.0,9033.28375,8972.376666666667,1707.0018957597442,0.2823,100.0,0.0,44,543,0.0,399.33,3,1.0,1.0,2026-06-29 19:53:58.413448+00:00
935,67.0,43.52,2,17862.88,-26954.41857142857,-23415.2945,13791.834100253844,0.3232,100.0,0.0,31,758,7665.77,7665.77,2,0.0,0.0,2026-06-29 19:53:58.413448+00:00
937,46.0,22.55,5,42660.45,3947.170909090909,5028.770810810811,7568.145746102945,0.3773,100.0,0.0,129,717,474.9,992.51,7,1.0,2.0,2026-06-29 19:53:58.413448+00:00
953,21.0,59.1,2,15615.93,-3055.548333333333,-3297.1628571428573,8644.461547657824,0.3768,100.0,0.0,88,835,6.82,378.71,3,0.0,0.0,2026-06-29 19:53:58.413448+00:00
978,24.0,125.63,0,0.0,10917.293846153847,11846.812,6754.906302365441,0.8913,100.0,0.0,66,711,666.51,769.75,5,1.0,1.0,2026-06-29 19:53:58.413448+00:00
982,19.0,73.64,5,35059.05,-14470.645555555555,-1043.0081481481482,19416.26467575746,0.0774,100.0,0.0,15,603,196.96,6701.19,4,2.0,0.0,2026-06-29 19:53:58.413448+00:00
994,19.0,19.07,0,0.0,17063.338333333333,16457.516666666666,13600.662030383704,0.1516,100.0,0.0,75,663,305.99,556.38,3,3.0,0.0,2026-06-29 19:53:58.413448+00:00
1017,21.0,120.87,2,18359.85,10266.0,8482.123333333333,3459.763355510894,0.8536,100.0,0.0,94,787,0.0,107.01,1,1.0,0.0,2026-06-29 19:53:58.413448+00:00
1019,22.0,82.84,1,8667.2,7298.434,7371.748823529411,531.4183051276004,0.6334,100.0,0.0,12,754,311.68,405.85,2,1.0,4.0,2026-06-29 19:53:58.413448+00:00
1046,0.0,16.02,1,11534.03,18157.3525,28408.72,7933.824988218843,0.0238,100.0,0.0,83,703,20.8,247.13,3,1.0,0.0,2026-06-29 19:53:58.413448+00:00
1054,9.0,214.63,2,15265.31,4959.797,5270.416888888889,5201.282802676168,0.5285,100.0,0.0,72,700,613.36,1208.22,8,3.0,2.0,2026-06-29 19:53:58.413448+00:00
1061,69.0,86.02,1,8847.38,-5244.518,405.2155882352941,13932.780578023056,0.5306,100.0,0.0,105,716,431.43,474.3,4,0.0,0.0,2026-06-29 19:53:58.413448+00:00
1128,85.0,121.95,5,46035.98,-10090.931111111111,-9904.33935483871,21806.01492540074,0.5693,100.0,0.0,118,704,121.73,8688.65,5,2.0,3.0,2026-06-29 19:53:58.413448+00:00
1136,35.0,31.15,4,30201.09,7548.670833333334,5150.41358974359,14523.40716500277,0.7556,100.0,0.0,57,686,0.0,9422.68,9,2.0,1.0,2026-06-29 19:53:58.413448+00:00
1161,68.0,159.92,2,13595.2,8347.029411764706,6398.800909090909,16872.944261556226,0.0087,100.0,0.0,13,800,87.21,288.51,4,2.0,2.0,2026-06-29 19:53:58.413448+00:00
1163,0.0,37.26,0,0.0,13228.48,13015.586428571429,169.64033413612586,0.9167,100.0,0.0,82,783,0.0,32.14,1,0.0,0.0,2026-06-29 19:53:58.413448+00:00
1193,0.0,130.33,3,31153.48,11649.181818181818,14857.052647058823,5451.879064735014,0.2188,100.0,0.0,114,657,165.79,997.48,5,2.0,1.0,2026-06-29 19:53:58.413448+00:00
1194,19.0,105.95,2,17226.79,6488.704444444445,6385.0525,3407.411740624216,0.1466,100.0,0.0,104,650,175.76,995.35,4,1.0,2.0,2026-06-29 19:53:58.413448+00:00
1200,86.0,159.23,5,45756.37,-7830.283846153846,-4174.596842105263,12572.169921522083,0.5533,100.0,0.0,13,818,8162.66,8841.0,6,2.0,3.0,2026-06-29 19:53:58.413448+00:00
1203,2.0,84.37,1,8076.73,3417.680714285714,3705.943863636364,3218.3642165254782,0.3451,100.0,0.0,4,767,215.1,1167.32,8,1.0,0.0,2026-06-29 19:53:58.413448+00:00
1235,0.0,0.0,1,7011.9,28059.604166666668,27994.427,8956.59608251228,0.3943,100.0,0.0,115,674,64.9,467.06,7,1.0,1.0,2026-06-29 19:53:58.413448+00:00
1253,34.0,16.99,2,14248.73,7796.349166666667,9343.003529411764,13266.158999016783,0.8648,100.0,0.0,12,724,396.56,829.32,7,1.0,0.0,2026-06-29 19:53:58.413448+00:00
1261,62.0,107.24,3,26099.9,-2177.678888888889,-1555.5838888888889,8526.280322176537,0.9124,100.0,0.0,31,785,49.01,715.19,6,0.0,0.0,2026-06-29 19:53:58.413448+00:00
1280,0.0,92.46,0,0.0,16173.13375,14181.531470588236,6075.142085894023,0.2287,100.0,0.0,57,670,167.72,750.12,7,3.0,1.0,2026-06-29 19:53:58.413448+00:00
1307,0.0,0.0,1,7088.45,8858.025,12617.245555555555,3939.5408250683536,0.96,100.0,0.0,63,663,92.41,92.41,1,2.0,0.0,2026-06-29 19:53:58.413448+00:00
1321,54.0,171.45,3,25959.64,-9159.4325,-7685.766956521739,7866.356967431916,0.0787,100.0,0.0,39,663,0.0,312.53,2,0.0,1.0,2026-06-29 19:53:58.413448+00:00
1347,0.0,107.71,0,0.0,7526.036,9157.936666666666,6403.607766178191,0.3822,100.0,0.0,109,635,0.0,478.41,2,0.0,2.0,2026-06-29 19:53:58.413448+00:00
1351,38.0,86.43,0,0.0,4287.636666666666,5558.24,8741.35454449597,0.5569,100.0,0.0,37,455,236.89,865.95,6,0.0,0.0,2026-06-29 19:53:58.413448+00:00
1354,39.0,103.3,2,21114.85,4062.369,1721.1019230769232,6137.363522720867,0.8376,100.0,0.0,41,656,0.0,442.8,1,1.0,0.0,2026-06-29 19:53:58.413448+00:00
1361,0.0,0.0,0,0.0,17425.35,17456.91,72.74643267313408,0.4504,100.0,0.0,16,630,0.0,132.14,1,0.0,0.0,2026-06-29 19:53:58.413448+00:00
1379,59.0,38.45,3,28552.68,3737.261,1166.8025806451612,3792.008994198677,0.2793,100.0,0.0,72,635,220.34,767.66,7,4.0,0.0,2026-06-29 19:53:58.413448+00:00
1381,0.0,58.7,0,0.0,29714.431666666667,29956.809444444443,233.39974259694714,0.6947,100.0,0.0,141,717,236.7,791.16,3,0.0,0.0,2026-06-29 19:53:58.413448+00:00
1408,13.0,21.31,2,21113.55,10707.178,11546.843333333334,8654.720068828852,0.2694,100.0,0.0,44,771,308.77,308.77,3,0.0,1.0,2026-06-29 19:53:58.413448+00:00
1435,0.0,104.7,2,12685.44,8894.632307692307,10426.16275862069,5415.141516781584,0.9973,100.0,0.0,65,735,136.73,785.86,6,0.0,1.0,2026-06-29 19:53:58.413448+00:00
1451,15.0,103.36,2,14638.74,12511.64,12932.412413793103,11466.66578900942,0.9297,100.0,0.0,20,795,120.72,468.37,3,1.0,1.0,2026-06-29 19:53:58.413448+00:00
1456,76.0,203.54,5,49125.59,-922.05125,-646.0233333333333,10868.352453637783,0.8427,100.0,0.0,41,809,0.0,374.25,4,0.0,3.0,2026-06-29 19:53:58.413448+00:00
1490,5.0,98.8,3,25701.51,2559.1641666666665,7075.310666666666,5672.044647414546,0.911,100.0,0.0,73,786,10378.36,19252.82,8,3.0,1.0,2026-06-29 19:53:58.413448+00:00
1496,0.0,103.22,0,0.0,10069.780588235295,9463.297916666666,3601.522767956377,0.2623,100.0,0.0,33,765,362.12,1534.75,8,3.0,0.0,2026-06-29 19:53:58.413448+00:00
1505,46.0,55.55,2,16342.75,12130.124,8972.583333333334,9695.380011140473,0.837,100.0,0.0,39,815,11.22,184.45,3,0.0,0.0,2026-06-29 19:53:58.413448+00:00
1544,62.0,78.93,3,25446.12,-3917.261,-3197.2375,14129.548563801365,0.6707,100.0,0.0,123,681,246.47,447.5,6,1.0,0.0,2026-06-29 19:53:58.413448+00:00
1598,0.0,60.02,0,0.0,22806.47875,19419.134230769232,3238.4244563990633,0.5939,100.0,0.0,70,781,0.0,203.25,2,1.0,0.0,2026-06-29 19:53:58.413448+00:00
1622,0.0,103.1,0,0.0,18967.515833333335,15529.999,7084.410521013305,0.6037,100.0,0.0,67,717,127.4,387.77,6,5.0,1.0,2026-06-29 19:53:58.413448+00:00
1644,64.0,84.71,4,30318.2,-1275.13,195.9058064516129,5087.046631581911,0.2226,100.0,0.0,57,824,214.22,663.94,7,0.0,0.0,2026-06-29 19:53:58.413448+00:00
1649,5.0,63.88,3,28906.72,11810.266666666666,13064.819666666666,7506.550346220063,0.9356,100.0,0.0,46,601,12090.63,12960.51,7,0.0,1.0,2026-06-29 19:53:58.413448+00:00
1656,0.0,26.19,0,0.0,19925.775,19727.426111111112,176.64872799299528,0.7472,100.0,0.0,103,667,87.28,264.87,3,0.0,0.0,2026-06-29 19:53:58.413448+00:00
1687,75.0,188.39,4,33836.57,-2699.015,-1074.2352727272728,3212.6771832707627,0.8596,100.0,0.0,25,787,355.69,11016.06,9,1.0,1.0,2026-06-29 19:53:58.413448+00:00
1697,0.0,17.23,0,0.0,25596.786,25576.93375,187.41430524625724,0.7744,100.0,0.0,58,737,0.0,437.19,1,1.0,0.0,2026-06-29 19:53:58.413448+00:00
1700,45.0,46.39,0,0.0,15579.33,11139.4985,12882.312689728473,0.2616,100.0,0.0,129,828,357.06,862.29,6,2.0,0.0,2026-06-29 19:53:58.413448+00:00
1720,33.0,88.75,2,19562.47,2170.242307692308,9623.5725,14821.167152517397,0.59,100.0,0.0,38,784,236.78,697.81,6,0.0,2.0,2026-06-29 19:53:58.413448+00:00
1729,19.0,72.63,1,10202.82,8161.27375,4299.527272727273,6721.881604758637,0.562,100.0,0.0,98,656,204.72,603.34,5,2.0,0.0,2026-06-29 19:53:58.413448+00:00
1735,40.0,71.19,1,9182.02,-1223.4977777777779,77.09105263157895,16384.31209718546,0.128,100.0,0.0,100,700,154.48,754.59,6,0.0,2.0,2026-06-29 19:53:58.413448+00:00
1756,41.0,122.38,3,29663.73,-5212.955714285714,-833.9084210526315,7574.870067476415,0.9833,100.0,0.0,48,812,243.09,592.35,4,0.0,1.0,2026-06-29 19:53:58.413448+00:00
1767,10.0,129.29,2,20254.29,2594.1915384615386,3656.741304347826,5731.696852331703,0.2663,100.0,0.0,77,717,192.39,1160.85,10,1.0,3.0,2026-06-29 19:53:58.413448+00:00
1771,40.0,30.4,3,24687.53,1573.52625,462.52846153846156,9327.736347453354,0.8867,100.0,0.0,15,717,0.0,551.46,4,3.0,0.0,2026-06-29 19:53:58.413448+00:00
1787,34.0,55.81,1,9770.64,-45.19615384615385,672.8669047619047,2730.2474965673096,0.421,100.0,0.0,122,783,221.74,605.98,6,2.0,2.0,2026-06-29 19:53:58.413448+00:00
1851,1.0,0.0,2,15831.37,3315.286,3386.0721739130436,2736.2959144494293,0.2195,100.0,0.0,102,725,5442.82,6066.01,6,0.0,1.0,2026-06-29 19:53:58.413448+00:00
1862,0.0,44.18,0,0.0,9102.723846153845,9556.949,2940.2689791128987,0.516,100.0,0.0,81,573,793.73,1072.49,7,2.0,1.0,2026-06-29 19:53:58.413448+00:00
1896,33.0,118.52,2,15898.49,9523.9965,9538.825208333334,7239.014184980287,0.7842,100.0,0.0,1,664,169.85,1322.58,9,1.0,3.0,2026-06-29 19:53:58.413448+00:00
1916,0.0,113.53,0,0.0,9437.937857142857,10414.975757575758,5083.4796755321495,0.4486,100.0,0.0,42,541,247.77,828.11,7,2.0,0.0,2026-06-29 19:53:58.413448+00:00
1922,15.0,28.21,0,0.0,12163.764,7131.998333333333,7088.581191016334,0.217,100.0,0.0,43,712,110.75,396.13,2,0.0,1.0,2026-06-29 19:53:58.413448+00:00
1936,18.0,70.81,1,10670.62,1644.1133333333332,3491.2404545454547,11603.278178548946,0.9554,100.0,0.0,40,775,213.28,489.37,4,1.0,1.0,2026-06-29 19:53:58.413448+00:00
1952,55.0,51.82,4,34983.12,8907.776363636363,11734.719574468085,19793.844280216606,0.0671,100.0,0.0,24,685,0.0,358.51,3,0.0,3.0,2026-06-29 19:53:58.413448+00:00
1961,63.0,155.69,4,33703.22,-3671.4655555555555,-4760.115909090909,13767.190420469426,0.4674,100.0,0.0,57,653,0.0,1363.74,8,1.0,3.0,2026-06-29 19:53:58.413448+00:00
1969,29.0,75.57,1,11280.02,7672.095714285714,4933.226923076923,11516.706821215386,0.327,100.0,0.0,52,678,0.0,306.99,2,1.0,2.0,2026-06-29 19:53:58.413448+00:00
1977,0.0,29.37,0,0.0,10873.562,10032.5675,6272.04641426428,0.7318,100.0,0.0,85,625,30.22,152.05,2,1.0,0.0,2026-06-29 19:53:58.413448+00:00
1998,0.0,209.53,1,10767.82,13720.15111111111,11907.086521739131,8810.789914095103,0.3421,100.0,0.0,119,712,130.63,382.79,2,1.0,0.0,2026-06-29 19:53:58.413448+00:00
2004,99.0,105.81,5,41315.73,-3410.310476190476,-3504.563111111111,6218.342580614588,0.7053,100.0,0.0,37,753,167.9,12994.89,10,1.0,2.0,2026-06-29 19:53:58.413448+00:00
2010,38.0,160.81,3,23686.45,14230.753333333334,14349.562777777777,9643.12807675793,0.3992,100.0,0.0,95,765,216.18,861.42,7,4.0,3.0,2026-06-29 19:53:58.413448+00:00
2017,19.0,0.0,1,9170.44,18157.986666666668,18088.93727272727,3427.7114984336877,0.2296,100.0,0.0,140,844,0.0,121.53,2,1.0,1.0,2026-06-29 19:53:58.413448+00:00
2029,14.0,134.86,3,28478.84,-5808.644,-1343.34,4314.1134581535325,0.6415,100.0,0.0,64,713,0.0,10965.84,4,1.0,1.0,2026-06-29 19:53:58.413448+00:00
2040,22.0,111.89,2,15040.05,6187.003333333333,9376.47537037037,6018.039904907735,0.9338,100.0,0.0,17,606,815.52,1515.47,12,2.0,1.0,2026-06-29 19:53:58.413448+00:00
2062,7.0,29.63,0,0.0,1897.8242857142857,2406.5772,2180.5508366482195,0.5315,100.0,0.0,14,723,77.75,477.02,3,0.0,0.0,2026-06-29 19:53:58.413448+00:00
2070,57.0,34.31,5,40287.78,-2632.128181818182,209.94611111111112,9260.363354479996,0.75,100.0,0.0,86,671,297.79,750.54,5,3.0,2.0,2026-06-29 19:53:58.413448+00:00
2121,105.0,82.2,2,19770.78,-12000.668,-13769.355714285713,14165.473184635965,0.3416,100.0,0.0,29,681,297.22,459.73,3,2.0,0.0,2026-06-29 19:53:58.413448+00:00
2128,11.0,0.0,3,22312.23,983.9833333333333,14504.381428571429,15011.260480470679,0.2262,100.0,0.0,65,624,51.09,51.09,1,0.0,0.0,2026-06-29 19:53:58.413448+00:00
2133,5.0,38.08,1,5252.8,11559.078333333333,12421.444347826087,5501.582983129434,0.1159,100.0,0.0,25,748,15.81,5561.17,3,0.0,1.0,2026-06-29 19:53:58.413448+00:00
2157,5.0,18.39,2,18649.45,4387.2025,5512.809285714286,7476.5751577357205,0.1366,100.0,0.0,128,674,82.91,673.59,6,0.0,1.0,2026-06-29 19:53:58.413448+00:00
2180,56.0,120.52,3,27460.52,-1581.2235714285714,3333.437435897436,13316.797462522656,0.1101,100.0,0.0,28,754,9752.78,9976.27,4,0.0,1.0,2026-06-29 19:53:58.413448+00:00
2184,39.0,59.06,1,11079.12,1464.5585714285714,2332.229642857143,13382.563603262557,0.6129,100.0,0.0,138,742,256.9,779.02,6,0.0,0.0,2026-06-29 19:53:58.413448+00:00
2207,0.0,0.0,0,0.0,39611.14916666667,39540.71965517241,5842.626152413432,0.1566,100.0,0.0,36,759,448.67,611.72,7,1.0,0.0,2026-06-29 19:53:58.413448+00:00
2246,17.0,97.06,1,11287.78,7435.675,4354.082857142857,8164.669881103958,0.1261,100.0,0.0,119,761,73.52,11388.95,3,2.0,3.0,2026-06-29 19:53:58.413448+00:00
2270,0.0,91.83,0,0.0,7495.05,7673.63075,4249.221372531106,0.566,100.0,0.0,41,642,96.07,784.55,6,1.0,0.0,2026-06-29 19:53:58.413448+00:00
2273,44.0,32.88,3,25596.37,4044.815,6017.756571428571,7076.48911856314,0.6317,100.0,0.0,58,652,134.56,498.97,5,1.0,1.0,2026-06-29 19:53:58.413448+00:00
2308,68.0,64.19,6,43549.92,1418.1326315789474,177.78636363636363,9390.850149604485,0.5963,100.0,0.0,20,653,207.8,14158.33,12,1.0,1.0,2026-06-29 19:53:58.413448+00:00
2331,34.0,0.0,0,0.0,2173.0808333333334,5918.976333333333,11675.753194765206,0.0105,100.0,0.0,74,647,197.09,594.09,6,1.0,0.0,2026-06-29 19:53:58.413448+00:00
2334,92.0,80.72,3,21252.73,-6030.407692307693,-3356.7575,12432.46088845096,0.2067,100.0,0.0,61,691,205.52,1347.55,9,2.0,1.0,2026-06-29 19:53:58.413448+00:00
2341,1.0,113.21,4,33821.87,11571.90142857143,11043.246923076924,7712.635103411934,0.756,100.0,0.0,7,675,6445.53,7288.03,12,4.0,2.0,2026-06-29 19:53:58.413448+00:00
2376,57.0,183.83,5,41359.13,-1395.3528571428571,-696.55,5443.8009750658675,0.1095,100.0,0.0,94,721,167.0,7563.64,12,3.0,3.0,2026-06-29 19:53:58.413448+00:00
2382,0.0,94.5,2,15229.69,12371.282105263157,11490.553666666667,3143.850302997173,0.2651,100.0,0.0,47,684,631.59,1863.62,14,2.0,3.0,2026-06-29 19:53:58.413448+00:00
2383,35.0,129.54,3,21734.05,3346.088823529412,4086.371111111111,6005.384152312321,0.6822,100.0,0.0,108,838,323.29,976.15,9,0.0,1.0,2026-06-29 19:53:58.413448+00:00
2391,0.0,74.87,1,10221.92,8363.629285714285,7934.831666666667,3928.907533690009,0.6472,100.0,0.0,12,653,103.32,723.28,6,2.0,1.0,2026-06-29 19:53:58.413448+00:00
2396,103.0,89.57,4,35539.38,-8714.95619047619,-7048.429677419354,16100.048576433272,0.5374,100.0,0.0,30,677,37.94,1540.27,10,1.0,1.0,2026-06-29 19:53:58.413448+00:00
2405,0.0,50.67,1,6518.76,5950.183333333333,5867.604166666667,129.3764800532624,0.8035,100.0,0.0,141,611,0.0,215.38,2,0.0,0.0,2026-06-29 19:53:58.413448+00:00
2443,48.0,56.29,2,21257.38,-3297.825,-569.7516666666667,5985.365989314874,0.7096,100.0,0.0,57,643,32.3,162.42,3,0.0,0.0,2026-06-29 19:53:58.413448+00:00
2456,78.0,308.62,2,13343.23,3836.7355555555555,4453.92,7113.650774831504,0.5647,100.0,0.0,107,787,98.92,1437.89,8,3.0,1.0,2026-06-29 19:53:58.413448+00:00
2463,107.0,65.64,8,75507.54,-2630.38375,-6007.422564102564,9592.657321783026,0.0119,100.0,0.0,62,741,9734.83,10439.58,10,0.0,1.0,2026-06-29 19:53:58.413448+00:00
2505,25.0,191.21,1,7863.46,11481.298181818182,12532.007692307692,10234.1939441466,0.9494,100.0,0.0,51,737,182.01,708.13,6,4.0,2.0,2026-06-29 19:53:58.413448+00:00
2527,65.0,100.57,4,36825.06,1529.5266666666666,-1086.852258064516,21477.68032907666,0.9469,100.0,0.0,67,694,119.73,565.42,5,2.0,3.0,2026-06-29 19:53:58.413448+00:00
2572,100.0,150.11,6,51397.75,-509.61,-1247.2690322580645,11397.134615147044,0.9116,100.0,0.0,27,728,441.65,1572.31,13,3.0,3.0,2026-06-29 19:53:58.413448+00:00
2583,32.0,55.09,3,27162.45,-1567.061875,-1185.2359523809523,8301.44263740978,0.6355,100.0,0.0,42,739,288.1,1669.04,9,2.0,0.0,2026-06-29 19:53:58.413448+00:00
2599,87.0,105.69,5,39266.31,884.8541666666666,-608.1678947368421,5777.062484888045,0.5252,100.0,0.0,59,804,73.01,6240.29,7,3.0,1.0,2026-06-29 19:53:58.413448+00:00
2613,48.0,25.91,1,11014.55,516.3685714285714,2376.5851724137933,6008.3145449737585,0.1828,100.0,0.0,95,716,0.0,233.86,3,2.0,0.0,2026-06-29 19:53:58.413448+00:00
2634,0.0,60.44,1,5837.84,17586.192608695652,18191.156333333332,9137.146921034815,0.3384,100.0,0.0,15,589,6112.54,7249.03,11,1.0,0.0,2026-06-29 19:53:58.413448+00:00
2643,46.0,121.04,4,33474.41,4808.84,7288.24085106383,11558.033822667361,0.5699,100.0,0.0,118,696,382.82,1196.66,7,2.0,2.0,2026-06-29 19:53:58.413448+00:00
2645,47.0,87.15,2,17752.46,-9655.584,-2651.8808,23741.25536297568,0.767,100.0,0.0,74,781,433.09,939.02,6,1.0,1.0,2026-06-29 19:53:58.413448+00:00
2649,7.0,66.64,1,11204.88,6082.742,7596.264,8088.685360430169,0.156,100.0,0.0,123,693,0.0,147.08,1,0.0,2.0,2026-06-29 19:53:58.413448+00:00
2660,57.0,41.06,4,37504.19,-8623.954,-8754.080476190476,16264.91762644065,0.8967,100.0,0.0,139,738,0.0,403.7,3,2.0,0.0,2026-06-29 19:53:58.413448+00:00
2669,82.0,88.36,2,19131.48,-4833.538,-5540.235882352941,12668.267532772146,0.7282,100.0,0.0,5,606,302.16,907.72,6,1.0,3.0,2026-06-29 19:53:58.413448+00:00
2683,8.0,180.44,0,0.0,10031.91090909091,10549.567586206897,7777.565660132575,0.6407,100.0,0.0,4,724,938.26,1741.96,9,3.0,4.0,2026-06-29 19:53:58.413448+00:00
2707,74.0,72.25,5,43060.95,-1127.8872727272728,-620.8815,6938.806717543296,0.7386,100.0,0.0,77,699,143.69,1260.08,12,2.0,1.0,2026-06-29 19:53:58.413448+00:00
2742,59.0,95.19,3,27956.43,9478.202105263157,8990.305070422535,12162.263373915024,0.8284,100.0,0.0,10,719,103.47,9342.32,9,1.0,3.0,2026-06-29 19:53:58.413448+00:00
2760,7.0,104.53,1,9663.47,15014.245833333332,10405.381621621622,9245.624498046107,0.8497,100.0,0.0,7,746,332.91,871.66,7,0.0,1.0,2026-06-29 19:53:58.413448+00:00
2764,0.0,0.0,0,0.0,12158.485,12158.661428571428,136.7214578760407,0.4055,100.0,0.0,116,724,359.91,359.91,1,2.0,0.0,2026-06-29 19:53:58.413448+00:00
2780,41.0,0.0,2,15339.64,16192.42875,14156.412962962962,8253.435844227726,0.2772,100.0,0.0,54,800,0.0,298.19,2,0.0,2.0,2026-06-29 19:53:58.413448+00:00
2801,80.0,102.0,1,6919.86,24.06153846153846,2141.764705882353,8913.163709626908,0.6178,100.0,0.0,89,683,122.95,613.77,7,1.0,1.0,2026-06-29 19:53:58.413448+00:00
2814,23.0,95.05,4,36366.44,4443.9328,5716.596206896552,8464.568766509512,0.1209,100.0,0.0,13,609,729.03,2063.17,15,2.0,0.0,2026-06-29 19:53:58.413448+00:00
2815,11.0,77.62,3,24663.16,8607.543076923077,12141.686153846154,14218.627712259864,0.0848,100.0,0.0,44,608,184.38,821.58,8,1.0,1.0,2026-06-29 19:53:58.413448+00:00
2826,0.0,68.01,1,5285.79,9534.488181818182,9198.3988,2554.9416024799,0.4601,100.0,0.0,34,653,533.53,1169.63,6,2.0,1.0,2026-06-29 19:53:58.413448+00:00
2843,44.0,179.4,5,41252.47,1206.41,-964.9208695652173,21721.350771303136,0.9434,100.0,0.0,69,834,164.72,671.88,5,0.0,0.0,2026-06-29 19:53:58.413448+00:00
2851,31.0,136.82,2,20826.77,-933.96,590.0861111111111,4095.517573702899,0.9456,100.0,0.0,17,727,62.37,100.89,2,0.0,2.0,2026-06-29 19:53:58.413448+00:00
2852,55.0,138.36,2,13293.12,10270.062222222223,10633.361764705882,10982.884304738622,0.9394,100.0,0.0,97,782,341.59,694.97,4,2.0,3.0,2026-06-29 19:53:58.413448+00:00
2872,26.0,133.69,1,11325.11,16572.46076923077,10223.42875,16014.525200368851,0.7349,100.0,0.0,15,612,114.93,726.57,6,3.0,0.0,2026-06-29 19:53:58.413448+00:00
2873,0.0,119.51,1,8314.25,9638.98142857143,10577.4903125,5420.4978547180535,0.5926,100.0,0.0,64,850,0.0,540.47,2,1.0,0.0,2026-06-29 19:53:58.413448+00:00
2880,12.0,0.0,3,30210.96,-4385.157142857143,143.86333333333334,11542.087106056822,0.5021,100.0,0.0,130,726,0.0,11953.52,4,4.0,0.0,2026-06-29 19:53:58.413448+00:00
2882,0.0,14.95,1,10965.64,19710.646,19652.25588235294,7353.9780737986375,0.3338,100.0,0.0,143,688,0.0,488.88,4,0.0,0.0,2026-06-29 19:53:58.413448+00:00
2888,0.0,46.8,0,0.0,14003.238333333333,13501.787142857143,1952.9893552318658,0.621,100.0,0.0,24,777,109.81,197.71,2,0.0,0.0,2026-06-29 19:53:58.413448+00:00
2979,16.0,0.0,1,8522.47,4014.4866666666667,8147.46,9079.482638285344,0.6042,100.0,0.0,50,732,66.39,352.77,3,0.0,0.0,2026-06-29 19:53:58.413448+00:00
2988,6.0,54.11,1,7202.81,-3796.18,-1160.968,3282.498861293938,0.8591,100.0,0.0,34,628,90.7,90.7,1,0.0,2.0,2026-06-29 19:53:58.413448+00:00
2991,30.0,70.01,0,0.0,15144.676923076922,10284.592432432433,8026.3497952505695,0.5704,100.0,0.0,6,713,40.05,1028.66,6,1.0,0.0,2026-06-29 19:53:58.413448+00:00
3009,40.0,220.4,5,52483.62,-5323.202,-667.2394444444444,25432.69400317231,0.9313,100.0,0.0,23,619,356.29,10219.67,7,4.0,3.0,2026-06-29 19:53:58.413448+00:00
3047,8.0,90.66,3,18254.37,3349.1857142857143,6724.2266666666665,7596.822014391787,0.721,100.0,0.0,38,689,313.87,12782.87,8,2.0,2.0,2026-06-29 19:53:58.413448+00:00
3054,42.0,138.64,5,45516.6,6381.513,3093.6665384615385,13300.483341421546,0.818,100.0,0.0,64,751,233.04,1258.29,10,3.0,0.0,2026-06-29 19:53:58.413448+00:00
3075,41.0,31.48,1,9197.2,19957.786,16723.599393939396,17163.470135738527,0.2247,100.0,0.0,66,575,0.0,95.95,1,1.0,1.0,2026-06-29 19:53:58.413448+00:00
3076,54.0,87.72,1,7592.38,11190.367692307693,12489.706538461538,18065.04093118152,0.8729,100.0,0.0,69,707,330.38,631.81,6,0.0,1.0,2026-06-29 19:53:58.413448+00:00
3117,0.0,0.0,2,16472.53,11274.9225,13309.17888888889,8371.728530152077,0.252,100.0,0.0,21,673,420.31,813.32,5,1.0,1.0,2026-06-29 19:53:58.413448+00:00
3131,51.0,193.19,2,20198.66,7490.052,9852.944107142857,14855.834212199874,0.0796,100.0,0.0,83,655,8065.45,8751.45,10,0.0,3.0,2026-06-29 19:53:58.413448+00:00
3168,0.0,57.3,0,0.0,12002.279166666667,10009.491470588235,4361.916530485688,0.0574,100.0,0.0,2,720,344.75,680.22,7,1.0,4.0,2026-06-29 19:53:58.413448+00:00
3179,35.0,61.67,3,28580.74,6983.242857142857,9411.221153846154,16699.371907146535,0.0707,100.0,0.0,40,811,132.61,671.93,3,1.0,0.0,2026-06-29 19:53:58.413448+00:00
3185,46.0,79.89,0,0.0,1844.95,386.34407407407406,4983.016125737994,0.9894,100.0,0.0,4,783,289.53,1627.92,8,2.0,2.0,2026-06-29 19:53:58.413448+00:00
3195,73.0,94.07,7,62015.39,-5143.990909090909,-7501.238292682927,16953.60960657496,0.2122,100.0,0.0,89,745,101.46,922.03,7,3.0,1.0,2026-06-29 19:53:58.413448+00:00
3196,39.0,151.33,2,14792.04,8490.114545454546,9311.592,12562.857061610664,0.3402,100.0,0.0,101,727,46.56,93.09,2,0.0,1.0,2026-06-29 19:53:58.413448+00:00
3206,13.0,52.35,1,6551.37,4448.188888888889,4996.847027027027,3519.3589520138466,0.2612,100.0,0.0,35,744,443.77,698.22,5,1.0,0.0,2026-06-29 19:53:58.413448+00:00
3245,0.0,52.12,1,8706.18,29899.094444444443,29696.556206896552,10082.86338649314,0.7977,100.0,0.0,95,765,0.0,521.95,3,1.0,1.0,2026-06-29 19:53:58.413448+00:00
3247,52.0,149.55,0,0.0,4723.51625,7232.788235294118,13934.154305714486,0.3208,100.0,0.0,53,705,413.25,900.52,7,2.0,2.0,2026-06-29 19:53:58.413448+00:00
3273,63.0,131.26,4,35169.8,5909.7105,7276.616739130435,21153.448782290598,0.693,100.0,0.0,64,664,1074.49,13421.83,8,3.0,0.0,2026-06-29 19:53:58.413448+00:00
3287,39.0,180.49,3,21227.56,10676.399411764705,8549.050862068965,10631.34713380874,0.8792,100.0,0.0,91,706,581.22,1089.87,7,4.0,4.0,2026-06-29 19:53:58.413448+00:00
3289,0.0,90.07,0,0.0,20125.64,19966.013333333332,179.56691887860504,0.6686,100.0,0.0,45,744,0.0,18.96,1,0.0,0.0,2026-06-29 19:53:58.413448+00:00
3297,37.0,45.11,4,36244.35,7061.83,5453.82,13348.915979801122,0.2853,100.0,0.0,72,785,173.17,626.0,9,0.0,3.0,2026-06-29 19:53:58.413448+00:00
3307,42.0,105.48,1,11024.33,11227.129523809524,14034.835,15368.25026941398,0.3467,100.0,0.0,2,741,256.72,1748.64,14,2.0,2.0,2026-06-29 19:53:58.413448+00:00
3309,0.0,112.86,1,6569.05,12468.945,11040.154,4786.873204500903,0.2853,100.0,0.0,38,697,117.81,542.33,4,1.0,0.0,2026-06-29 19:53:58.413448+00:00
3318,40.0,132.85,3,25900.17,3603.8771428571426,4121.928333333333,10730.868306641696,0.9312,100.0,0.0,13,530,0.0,168.87,2,1.0,1.0,2026-06-29 19:53:58.413448+00:00
3334,46.0,127.53,3,32859.57,3619.8695,2920.0174509803924,4221.722481291739,0.133,100.0,0.0,85,734,164.84,1270.52,8,3.0,2.0,2026-06-29 19:53:58.413448+00:00
3373,53.0,91.36,1,12012.39,2329.508888888889,870.754375,3794.490588707671,0.4319,100.0,0.0,73,835,102.76,102.76,1,2.0,2.0,2026-06-29 19:53:58.413448+00:00
3413,37.0,48.79,1,5812.98,5072.792,4489.684666666667,4489.076117103038,0.5153,100.0,0.0,47,796,109.23,804.28,2,1.0,0.0,2026-06-29 19:53:58.413448+00:00
3426,75.0,0.0,1,11859.23,-4108.02875,-1781.7587878787879,2831.6662225753776,0.8782,100.0,0.0,116,747,49.67,426.04,6,0.0,1.0,2026-06-29 19:53:58.413448+00:00
3439,50.0,0.0,3,26167.6,13847.582727272727,10609.453157894737,19438.879406074047,0.0919,100.0,0.0,96,583,100.46,583.71,7,4.0,0.0,2026-06-29 19:53:58.413448+00:00
3457,59.0,43.71,0,0.0,2094.5608333333334,3373.822258064516,6113.452693964886,0.7247,100.0,0.0,21,765,368.95,531.44,5,6.0,0.0,2026-06-29 19:53:58.413448+00:00
3460,0.0,103.62,0,0.0,9168.382941176471,9111.924864864865,7674.618125022044,0.1403,100.0,0.0,16,731,198.73,810.29,6,3.0,1.0,2026-06-29 19:53:58.413448+00:00
3469,35.0,52.62,2,11425.89,-517.265625,998.6817142857143,8536.99465016231,0.8708,100.0,0.0,70,727,606.93,1594.88,11,2.0,1.0,2026-06-29 19:53:58.413448+00:00
3506,45.0,80.78,3,21903.11,-1888.71875,-1667.3703333333333,4555.473780682227,0.0863,100.0,0.0,42,715,0.0,387.35,3,0.0,0.0,2026-06-29 19:53:58.413448+00:00
3520,35.0,111.2,1,9670.28,15547.81,15174.256206896553,15184.63165503437,0.8434,100.0,0.0,75,667,62.63,749.37,7,2.0,0.0,2026-06-29 19:53:58.413448+00:00
3547,73.0,70.72,4,30010.56,-2637.9742857142855,2569.2584375,15246.85554557751,0.3852,100.0,0.0,41,759,276.28,806.33,10,2.0,0.0,2026-06-29 19:53:58.413448+00:00
3552,7.0,154.0,0,0.0,2033.2075,3851.7757142857145,5653.573562409399,0.4332,100.0,0.0,53,736,167.3,429.88,5,0.0,3.0,2026-06-29 19:53:58.413448+00:00
3557,66.0,170.76,1,10354.43,7432.536521739131,8519.298684210526,11371.06554691558,0.5279,100.0,0.0,112,615,356.87,1439.5,9,3.0,0.0,2026-06-29 19:53:58.413448+00:00
3566,47.0,111.02,2,18586.58,-6292.76,-7280.303125,11492.811921323486,0.4961,100.0,0.0,102,615,202.31,1157.96,5,1.0,1.0,2026-06-29 19:53:58.413448+00:00
3615,34.0,32.69,4,33549.12,5564.696666666667,2694.720625,8097.44583565087,0.1008,100.0,0.0,2,692,267.07,1084.98,7,1.0,0.0,2026-06-29 19:53:58.413448+00:00
3657,0.0,73.6,1,9102.82,26108.237142857142,24215.235833333332,4052.6036877162032,0.5188,100.0,0.0,66,608,122.4,9462.9,3,0.0,0.0,2026-06-29 19:53:58.413448+00:00
3663,8.0,153.73,1,7729.05,2348.462727272727,2470.4910344827586,4262.1776562087525,0.3924,100.0,0.0,21,762,186.34,965.32,8,2.0,1.0,2026-06-29 19:53:58.413448+00:00
3665,55.0,52.37,2,13665.69,4016.771818181818,4173.104864864865,6674.683962878396,0.7967,100.0,0.0,77,571,73.7,820.88,5,1.0,4.0,2026-06-29 19:53:58.413448+00:00
3681,0.0,109.4,2,16601.52,9428.495333333334,10004.353541666667,4591.668506806871,0.5691,100.0,0.0,13,736,30.45,8250.87,8,2.0,3.0,2026-06-29 19:53:58.413448+00:00
3691,25.0,31.89,2,17035.31,-4933.4766666666665,-4990.443333333334,106.65642117461942,0.8443,100.0,0.0,11,817,71.19,277.28,3,0.0,0.0,2026-06-29 19:53:58.413448+00:00
3742,88.0,26.52,2,22283.33,-641.2194117647059,3199.6555263157893,15389.211811696276,0.509,100.0,0.0,124,827,421.65,11466.95,10,1.0,1.0,2026-06-29 19:53:58.413448+00:00
3754,26.0,150.68,3,19529.01,1488.001,4638.216857142857,6343.3055390568925,0.7317,100.0,0.0,72,738,807.83,1071.96,5,3.0,0.0,2026-06-29 19:53:58.413448+00:00
3763,0.0,0.0,0,0.0,3054.93,3226.2085714285713,124.37451431963422,0.9191,100.0,0.0,135,776,67.29,67.29,1,0.0,1.0,2026-06-29 19:53:58.413448+00:00
3782,62.0,43.34,0,0.0,7867.720909090909,6904.282333333334,11701.97184526323,0.6899,100.0,0.0,24,732,128.77,743.51,5,0.0,1.0,2026-06-29 19:53:58.413448+00:00
3783,4.0,38.72,2,13126.64,10440.39,10799.670285714286,8654.776019982268,0.8123,100.0,0.0,45,550,131.02,654.38,5,2.0,2.0,2026-06-29 19:53:58.413448+00:00
3805,48.0,49.87,1,5612.24,3401.7153846153847,2002.9527777777778,8484.408907966492,0.6646,100.0,0.0,117,723,557.97,875.96,6,1.0,0.0,2026-06-29 19:53:58.413448+00:00
3828,23.0,103.42,2,17179.66,14653.262307692308,11637.992826086956,8905.322587232939,0.9161,100.0,0.0,55,594,487.86,1129.67,8,2.0,2.0,2026-06-29 19:53:58.413448+00:00
3836,45.0,38.72,4,31172.88,4454.349,4662.776756756757,13375.023547993433,0.1,100.0,0.0,24,714,480.14,645.04,4,2.0,1.0,2026-06-29 19:53:58.413448+00:00
3854,59.0,104.73,4,39345.24,-4777.0725,-3936.5616,5257.6037724861835,0.1649,100.0,0.0,143,822,62.46,247.75,4,3.0,1.0,2026-06-29 19:53:58.413448+00:00
3878,95.0,82.66,2,19289.05,-1398.4358333333332,3461.4024390243903,17591.01508063632,0.3779,100.0,0.0,69,654,350.22,1076.54,9,3.0,1.0,2026-06-29 19:53:58.413448+00:00
3907,73.0,0.0,6,50613.21,-24713.2825,-16114.045172413793,15104.14659943957,0.1843,100.0,0.0,112,704,34.4,479.99,5,1.0,0.0,2026-06-29 19:53:58.413448+00:00
3957,18.0,92.87,0,0.0,5998.1325,5647.358333333334,3974.570398863533,0.5389,100.0,0.0,98,616,113.0,548.44,5,1.0,0.0,2026-06-29 19:53:58.413448+00:00
3959,45.0,70.06,1,9504.26,909.09625,1593.3337037037038,5354.134140899146,0.7555,100.0,0.0,73,839,0.0,491.37,3,1.0,0.0,2026-06-29 19:53:58.413448+00:00
3974,48.0,212.66,2,21770.94,3743.315882352941,5148.1622727272725,11531.4188351552,0.1156,100.0,0.0,38,721,209.6,12229.69,8,2.0,0.0,2026-06-29 19:53:58.413448+00:00
3995,0.0,50.59,0,0.0,15963.125833333334,15508.1032,7878.8406981530925,0.8199,100.0,0.0,59,702,211.64,321.96,5,0.0,0.0,2026-06-29 19:53:58.413448+00:00
4003,50.0,92.47,2,17285.7,9380.115625,10083.895581395349,10609.201323995654,0.9995,100.0,0.0,128,744,213.06,1384.89,8,1.0,1.0,2026-06-29 19:53:58.413448+00:00
4007,74.0,62.68,3,20925.1,-4975.413846153846,-3280.2569444444443,8435.778983247428,0.1861,100.0,0.0,85,745,261.58,6594.96,8,0.0,3.0,2026-06-29 19:53:58.413448+00:00
4008,6.0,159.01,3,29554.8,-1714.4583333333333,1888.4404444444444,6037.68843119543,0.6046,100.0,0.0,4,590,301.17,11310.91,10,2.0,1.0,2026-06-29 19:53:58.413448+00:00
4016,16.0,138.23,3,22271.08,7472.163571428571,7768.784594594595,6041.962910783125,0.2956,100.0,0.0,23,761,77.1,449.01,4,1.0,1.0,2026-06-29 19:53:58.413448+00:00
4032,34.0,157.17,2,23049.04,6940.8,29.067297297297298,16889.42699033824,0.9875,100.0,0.0,54,803,39.65,476.88,5,2.0,4.0,2026-06-29 19:53:58.413448+00:00
4057,58.0,109.47,4,29668.87,-663.7069230769231,-7182.727586206896,11602.510569677894,0.8674,100.0,0.0,74,622,163.45,5735.86,5,0.0,2.0,2026-06-29 19:53:58.413448+00:00
4079,89.0,48.2,3,20875.14,-14148.86,-13465.93125,12895.976441096629,0.6069,100.0,0.0,10,555,169.64,741.81,4,0.0,1.0,2026-06-29 19:53:58.413448+00:00
4103,44.0,39.83,3,22803.72,6342.0,4364.025,9543.389590352468,0.5606,100.0,0.0,91,663,78.26,1309.24,9,3.0,1.0,2026-06-29 19:53:58.413448+00:00
4105,104.0,107.98,4,34589.44,-15250.445,-12732.23625,4945.493046313998,0.7219,100.0,0.0,26,848,224.7,399.16,4,1.0,3.0,2026-06-29 19:53:58.413448+00:00
4137,13.0,0.0,0,0.0,22081.634,20495.053125,18876.46339809824,0.5818,100.0,0.0,103,661,44.55,134.93,2,0.0,1.0,2026-06-29 19:53:58.413448+00:00
4139,61.0,101.18,3,27076.45,-533.85,-480.7406818181818,3243.183753024738,0.5233,100.0,0.0,79,789,323.44,10459.51,8,1.0,1.0,2026-06-29 19:53:58.413448+00:00
4146,65.0,33.61,0,0.0,8321.654,7463.873043478261,12882.069428854045,0.8525,100.0,0.0,139,564,73.1,857.13,6,0.0,1.0,2026-06-29 19:53:58.413448+00:00
4183,56.0,102.91,3,33125.05,10722.581666666667,8424.85725,14102.413799902026,0.0356,100.0,0.0,22,618,814.41,1204.92,6,4.0,1.0,2026-06-29 19:53:58.413448+00:00
4184,44.0,140.01,2,14826.71,4494.642666666667,5302.492045454545,13079.629641118454,0.8511,100.0,0.0,50,778,659.78,1115.86,7,1.0,2.0,2026-06-29 19:53:58.413448+00:00
4206,63.0,233.19,4,35778.98,-11865.726666666667,-4551.947096774194,11573.968262299306,0.9065,100.0,0.0,92,581,544.39,767.48,5,1.0,0.0,2026-06-29 19:53:58.413448+00:00
4208,78.0,120.82,2,13573.61,1200.934705882353,1231.616923076923,4380.895913756685,0.7326,100.0,0.0,12,620,5886.51,6284.57,8,1.0,0.0,2026-06-29 19:53:58.413448+00:00
4222,39.0,104.22,3,24925.53,2486.938181818182,1945.243,5865.159633512203,0.6093,100.0,0.0,21,611,75.82,751.77,6,1.0,1.0,2026-06-29 19:53:58.413448+00:00
4246,80.0,293.33,7,68221.79,20.34923076923077,1122.8074418604651,19167.40699809475,0.1209,100.0,0.0,46,621,181.17,8766.12,7,1.0,0.0,2026-06-29 19:53:58.413448+00:00
4273,141.0,34.82,5,49933.92,-8554.119333333334,-6657.748484848485,16644.707075959028,0.5496,100.0,0.0,80,740,205.56,6726.59,10,0.0,4.0,2026-06-29 19:53:58.413448+00:00
4289,41.0,128.09,1,10286.09,9655.395454545454,10783.815294117647,7845.656634042246,0.419,100.0,0.0,77,646,75.65,362.66,2,1.0,0.0,2026-06-29 19:53:58.413448+00:00
4298,40.0,72.23,1,9172.34,-117.41142857142857,1325.6191304347826,7050.534672666368,0.8589,100.0,0.0,63,633,199.98,594.88,4,1.0,1.0,2026-06-29 19:53:58.413448+00:00
4313,46.0,0.0,1,10395.48,-2564.4177777777777,-2714.3735294117646,252.2473976998907,0.5767,100.0,0.0,77,829,0.0,812.6,5,0.0,0.0,2026-06-29 19:53:58.413448+00:00
4333,3.0,78.54,1,8627.6,7081.925833333334,7696.689655172414,6574.932282417495,0.897,100.0,0.0,3,850,243.85,740.94,5,1.0,1.0,2026-06-29 19:53:58.413448+00:00
4350,122.0,259.71,2,17086.63,1569.667,125.27245283018868,15462.05574368671,0.626,100.0,0.0,7,670,271.0,1198.7,9,2.0,3.0,2026-06-29 19:53:58.413448+00:00
4361,19.0,77.03,1,11089.84,2628.952,3143.357837837838,6079.017442066332,0.615,100.0,0.0,101,649,416.19,830.85,8,1.0,1.0,2026-06-29 19:53:58.413448+00:00
4370,0.0,39.64,1,5133.07,19260.077333333335,18792.112826086955,5028.406256688147,0.4556,100.0,0.0,17,797,532.37,6157.29,10,4.0,2.0,2026-06-29 19:53:58.413448+00:00
4374,72.0,118.79,2,17875.49,2766.2227272727273,1843.61,5943.405664977572,0.8788,100.0,0.0,4,666,431.54,1033.82,7,2.0,3.0,2026-06-29 19:53:58.413448+00:00
4377,36.0,173.93,4,30254.57,521.9925,1050.217551020408,14312.004103900264,0.4336,100.0,0.0,41,675,6181.39,7575.59,11,3.0,3.0,2026-06-29 19:53:58.413448+00:00
4383,0.0,41.88,2,15512.75,46326.34375,39745.975454545456,28553.348332618098,0.5602,100.0,0.0,18,737,0.0,473.05,4,0.0,1.0,2026-06-29 19:53:58.413448+00:00
4389,16.0,93.08,2,13338.97,12936.85,10751.638571428572,15635.019535907051,0.9482,100.0,0.0,21,778,109.36,1120.91,9,3.0,0.0,2026-06-29 19:53:58.413448+00:00
4407,54.0,43.97,3,28791.69,-9690.48625,-6936.926785714286,11258.934281312568,0.5768,100.0,0.0,35,698,455.73,633.49,5,0.0,1.0,2026-06-29 19:53:58.413448+00:00
4462,25.0,41.95,4,28135.36,-1098.634705882353,4610.944583333333,11487.311385389923,0.1461,100.0,0.0,13,646,332.18,11801.7,9,1.0,3.0,2026-06-29 19:53:58.413448+00:00
4488,0.0,0.0,1,7109.44,18765.234615384616,25502.354473684212,17726.722413088322,0.6397,100.0,0.0,108,773,598.1,1697.02,8,2.0,0.0,2026-06-29 19:53:58.413448+00:00
4491,0.0,34.48,0,0.0,14175.346,14134.24,4588.950058448675,0.5585,100.0,0.0,75,617,0.0,435.19,2,0.0,0.0,2026-06-29 19:53:58.413448+00:00
4512,47.0,103.62,1,10090.18,-662.8128571428572,-857.148125,214.4466949564259,0.0448,100.0,0.0,57,636,0.0,211.15,2,2.0,0.0,2026-06-29 19:53:58.413448+00:00
4541,81.0,123.07,4,38616.98,2092.075625,1041.9263829787235,11359.28075010715,0.2718,100.0,0.0,7,746,490.86,1553.66,7,1.0,3.0,2026-06-29 19:53:58.413448+00:00
4545,88.0,82.85,5,41182.37,782.7475,-289.8376470588235,8671.332562680676,0.8503,100.0,0.0,131,822,344.89,854.47,11,0.0,1.0,2026-06-29 19:53:58.413448+00:00
4563,35.0,31.9,0,0.0,27709.346666666668,20972.373846153845,20007.198323920835,0.6368,100.0,0.0,90,773,256.29,269.88,3,2.0,1.0,2026-06-29 19:53:58.413448+00:00
4566,0.0,55.5,1,8053.61,14576.34157894737,10157.10659574468,9202.430912200023,0.8308,100.0,0.0,14,675,0.0,1496.1,7,4.0,0.0,2026-06-29 19:53:58.413448+00:00
4576,0.0,48.94,0,0.0,5668.556666666666,5313.874545454545,239.1925909981949,0.8508,100.0,0.0,112,700,0.0,35.53,1,1.0,1.0,2026-06-29 19:53:58.413448+00:00
4588,12.0,60.79,0,0.0,13082.655384615384,11189.513243243244,8498.197767524738,0.2173,100.0,0.0,25,771,0.0,453.36,2,1.0,0.0,2026-06-29 19:53:58.413448+00:00
4597,0.0,55.94,0,0.0,23266.275,21108.801666666666,5439.283868655311,0.7055,100.0,0.0,50,600,0.0,17.79,1,0.0,0.0,2026-06-29 19:53:58.413448+00:00
4598,0.0,57.35,1,11905.79,15240.457894736843,14746.128571428571,3832.582354879098,0.0514,100.0,0.0,45,717,107.35,757.24,6,2.0,1.0,2026-06-29 19:53:58.413448+00:00
4606,0.0,0.0,0,0.0,12667.72,12826.988,88.15684055137193,0.0433,100.0,0.0,38,754,0.0,241.7,1,0.0,0.0,2026-06-29 19:53:58.413448+00:00
4665,44.0,41.66,2,15718.42,-145.433,1380.3705405405406,8249.854737970085,0.842,100.0,0.0,99,757,161.86,1128.86,7,1.0,3.0,2026-06-29 19:53:58.413448+00:00
4704,0.0,113.09,0,0.0,10609.678181818183,12134.7145,8062.778415641828,0.1624,100.0,0.0,115,775,150.74,692.43,6,0.0,1.0,2026-06-29 19:53:58.413448+00:00
4717,0.0,113.4,1,10493.62,31690.401818181817,29697.562258064518,4931.692838797825,0.3737,100.0,0.0,19,591,87.88,369.4,5,2.0,0.0,2026-06-29 19:53:58.413448+00:00
4742,36.0,11.2,1,7321.11,3543.12875,4789.641304347826,10490.978470921003,0.1655,100.0,0.0,36,760,0.0,289.5,2,3.0,0.0,2026-06-29 19:53:58.413448+00:00
4751,85.0,117.54,5,50045.18,-493.8705882352941,-2395.077083333333,10633.802548744407,0.0655,100.0,0.0,5,582,84.27,1096.42,9,1.0,1.0,2026-06-29 19:53:58.413448+00:00
4763,59.0,34.29,3,18480.95,13249.495294117647,12599.333953488373,15765.278170160975,0.1602,100.0,0.0,48,769,399.31,7676.04,9,2.0,1.0,2026-06-29 19:53:58.413448+00:00
4780,0.0,110.53,1,12014.45,16824.266666666666,18454.735,11300.1996242103,0.6918,100.0,0.0,51,576,198.29,1286.69,7,2.0,1.0,2026-06-29 19:53:58.413448+00:00
4790,41.0,63.37,2,21161.86,10254.405555555555,8725.155483870967,10263.588930219366,0.1882,100.0,0.0,124,682,17.99,17.99,1,1.0,1.0,2026-06-29 19:53:58.413448+00:00
4816,46.0,139.44,2,22065.88,5036.6875,6094.62,10584.302777758352,0.2523,100.0,0.0,2,778,0.0,375.09,3,3.0,1.0,2026-06-29 19:53:58.413448+00:00
4817,0.0,0.0,0,0.0,8695.976666666667,8811.364,195.7052371481711,0.6456,100.0,0.0,142,658,0.0,393.97,3,0.0,0.0,2026-06-29 19:53:58.413448+00:00
4866,17.0,95.74,2,17147.03,7201.4475,7544.298461538461,10565.975169337396,0.4488,100.0,0.0,107,659,412.65,6225.68,8,3.0,2.0,2026-06-29 19:53:58.413448+00:00
4874,63.0,28.96,2,13763.84,3646.9685714285715,1717.6408695652174,5057.614824510887,0.7836,100.0,0.0,113,775,0.0,173.59,2,2.0,2.0,2026-06-29 19:53:58.413448+00:00
4876,79.0,42.03,3,22884.62,-9298.825,-12043.46074074074,8025.032057534182,0.4389,100.0,0.0,8,704,152.61,425.84,5,1.0,5.0,2026-06-29 19:53:58.413448+00:00
4891,16.0,46.18,2,15968.78,-5102.87,-2402.3023529411767,8613.593727470594,0.9293,100.0,0.0,52,630,148.59,401.61,3,0.0,1.0,2026-06-29 19:53:58.413448+00:00
4898,26.0,84.99,2,19273.84,4984.7155555555555,7267.48448275862,8114.328730607946,0.9753,100.0,0.0,120,764,90.01,747.5,5,2.0,2.0,2026-06-29 19:53:58.413448+00:00
4901,79.0,112.58,4,25280.27,7647.49,8487.564545454545,12494.754152057803,0.0515,100.0,0.0,32,669,269.68,380.46,3,1.0,2.0,2026-06-29 19:53:58.413448+00:00
4902,2.0,15.37,3,25665.0,3162.074285714286,6692.686956521739,5571.215632585629,0.6249,100.0,0.0,68,849,11621.06,18464.51,5,0.0,2.0,2026-06-29 19:53:58.413448+00:00
4909,11.0,0.0,1,11238.27,9621.84,12889.088571428572,11109.572745624673,0.121,100.0,0.0,107,744,0.0,210.74,3,0.0,1.0,2026-06-29 19:53:58.413448+00:00
4924,32.0,67.95,2,16902.69,8863.9825,15087.89268292683,16803.934906647562,0.1071,100.0,0.0,51,660,368.22,1197.95,8,0.0,0.0,2026-06-29 19:53:58.413448+00:00
4925,36.0,158.91,0,0.0,9737.07,8091.42551724138,7141.676154494543,0.4418,100.0,0.0,11,734,0.0,731.03,4,3.0,0.0,2026-06-29 19:53:58.413448+00:00
4940,97.0,133.21,4,35194.65,-4445.785,-1792.0167307692307,13985.978551385604,0.452,100.0,0.0,78,702,649.88,1445.44,11,3.0,2.0,2026-06-29 19:53:58.413448+00:00
4943,0.0,27.13,0,0.0,15567.751333333334,18609.87054054054,10881.537584006934,0.0173,100.0,0.0,11,758,85.5,643.97,7,1.0,4.0,2026-06-29 19:53:58.413448+00:00
4975,0.0,31.97,0,0.0,11114.051111111112,11187.32076923077,2369.7874461435163,0.9831,100.0,0.0,9,745,355.04,705.32,4,0.0,2.0,2026-06-29 19:53:58.413448+00:00
4994,62.0,71.55,2,16733.86,-3162.103,-2754.583666666667,7740.076081294672,0.6523,100.0,0.0,128,620,9.86,425.85,6,0.0,2.0,2026-06-29 19:53:58.413448+00:00
111,0.0,11.8,0,0.0,5356.123333333333,5107.461052631579,536.8229346523397,0.7865,100.0,0.0,77,708,0.0,73.28,0,1.0,2.0,2026-06-29 19:53:58.413448+00:00
3278,16.0,54.12,1,10288.45,1704.832,4417.959444444445,4883.220113195902,0.8163,100.0,0.0,16,516,0.0,255.35,0,0.0,0.0,2026-06-29 19:53:58.413448+00:00
4911,8.0,100.09,1,9643.55,8229.84,4496.747857142857,10257.426375434516,0.094,100.0,0.0,1,666,0.0,152.06,0,2.0,1.0,2026-06-29 19:53:58.413448+00:00
4951,46.0,62.68,3,32033.11,-3084.83,-3439.6579166666666,6050.733960140095,0.2509,100.0,0.0,27,627,90.69,90.69,0,2.0,0.0,2026-06-29 19:53:58.413448+00:00
133,0.0,26.43,1,5234.72,0.0,21808.57,2502.8226990580056,0.778,100.0,0.0,81,649,0.0,0.0,0,0.0,0.0,2026-06-29 19:53:58.413448+00:00
313,24.0,13.36,1,8680.8,-7310.795,-7514.8725,140.79736208022484,0.947,100.0,0.0,5,850,0.0,0.0,0,0.0,0.0,2026-06-29 19:53:58.413448+00:00
468,15.0,0.0,0,0.0,5342.386666666666,3452.8545454545456,7718.602609538221,0.1118,100.0,0.0,38,729,0.0,0.0,0,0.0,0.0,2026-06-29 19:53:58.413448+00:00
561,31.0,14.1,2,13054.61,-4332.9225,-2465.1041666666665,10278.050677448893,0.9544,100.0,0.0,113,823,0.0,0.0,0,1.0,0.0,2026-06-29 19:53:58.413448+00:00
671,0.0,34.77,0,0.0,6629.43,6989.39,1028.5840376167616,0.7106,100.0,0.0,82,627,0.0,0.0,0,2.0,0.0,2026-06-29 19:53:58.413448+00:00
834,0.0,0.0,0,0.0,0.0,1865.8475,88.98882271808074,0.5472,100.0,0.0,18,839,0.0,0.0,0,0.0,0.0,2026-06-29 19:53:58.413448+00:00
1112,0.0,62.04,2,15370.05,13488.13,12001.2875,4279.866814409699,0.4782,100.0,0.0,142,767,0.0,0.0,0,0.0,0.0,2026-06-29 19:53:58.413448+00:00
1263,0.0,0.0,0,0.0,21231.67,21063.951666666668,142.68794651460607,0.7254,100.0,0.0,45,731,0.0,0.0,0,0.0,0.0,2026-06-29 19:53:58.413448+00:00
1883,0.0,12.12,0,0.0,31201.393333333333,30939.577142857142,269.1852766465243,0.7598,100.0,0.0,135,689,0.0,0.0,0,0.0,0.0,2026-06-29 19:53:58.413448+00:00
2560,0.0,29.27,1,8678.89,2783.14,5751.06125,4132.84791528323,0.0211,100.0,0.0,80,720,0.0,0.0,0,0.0,1.0,2026-06-29 19:53:58.413448+00:00
2641,0.0,52.34,0,0.0,24681.375,24483.12125,255.27901281918471,0.9431,100.0,0.0,20,720,0.0,0.0,0,1.0,0.0,2026-06-29 19:53:58.413448+00:00
4696,0.0,75.43,0,0.0,4225.89,4101.082857142857,162.7641006149073,0.6178,100.0,0.0,28,702,0.0,0.0,0,0.0,0.0,2026-06-29 19:53:58.413448+00:00
4849,0.0,0.0,0,0.0,3769.155,3668.47,123.11392833469328,0.8225,100.0,0.0,137,760,0.0,0.0,0,0.0,0.0,2026-06-29 19:53:58.413448+00:00
5,9.0,75.37,2,16117.48,7257.385,9854.085555555555,7488.152909917061,0.6209,100.0,0.0,118,715,390.18,1131.35,8,2.0,0.0,2026-06-29 19:53:58.413448+00:00
24,0.0,0.0,0,0.0,20303.422307692308,18430.095333333335,6850.118580237734,0.5586,100.0,0.0,19,824,454.21,888.9,7,1.0,2.0,2026-06-29 19:53:58.413448+00:00
41,0.0,51.16,1,6678.39,7891.42,7796.768695652174,288.81569682598837,0.5471,100.0,0.0,94,813,307.33,991.64,6,1.0,1.0,2026-06-29 19:53:58.413448+00:00
52,0.0,36.17,0,0.0,21466.015,21067.017272727273,343.109544290845,0.7927,100.0,0.0,6,717,0.0,84.52,1,1.0,0.0,2026-06-29 19:53:58.413448+00:00
57,13.0,49.56,1,9258.72,867.955,5948.286666666667,7382.375683594905,0.2807,100.0,0.0,139,756,77.96,534.77,4,1.0,0.0,2026-06-29 19:53:58.413448+00:00
121,43.0,57.9,2,16413.21,2618.48,538.3416666666667,17097.229784855623,0.4657,100.0,0.0,53,657,61.92,464.11,4,3.0,1.0,2026-06-29 19:53:58.413448+00:00
127,0.0,23.63,0,0.0,11509.5975,11322.711,675.0137945768221,0.2639,100.0,0.0,6,794,131.27,211.7,2,0.0,0.0,2026-06-29 19:53:58.413448+00:00
137,66.0,171.23,3,24715.76,-2430.4622222222224,2690.465192307692,13612.256731968055,0.1158,100.0,0.0,18,850,420.19,1286.04,8,1.0,1.0,2026-06-29 19:53:58.413448+00:00
139,0.0,43.57,0,0.0,24708.83,24705.29,51.44966229238089,0.5741,100.0,0.0,93,665,50.19,50.19,1,1.0,0.0,2026-06-29 19:53:58.413448+00:00
177,0.0,74.14,0,0.0,11765.764545454545,11809.238611111112,559.9037012000505,0.1759,100.0,0.0,21,644,312.31,711.74,5,1.0,3.0,2026-06-29 19:53:58.413448+00:00
189,7.0,72.65,4,32892.09,7214.238461538462,6944.855531914894,2844.6044524909084,0.5413,100.0,0.0,33,694,69.45,981.72,9,2.0,3.0,2026-06-29 19:53:58.413448+00:00
194,52.0,34.04,4,38697.29,6829.632142857143,4996.2975609756095,22760.00834007368,0.5864,100.0,0.0,4,675,57.34,1149.13,7,1.0,0.0,2026-06-29 19:53:58.413448+00:00
197,124.0,12.82,2,15776.8,-13699.019,-20564.3532,12575.399133505589,0.8855,100.0,0.0,88,653,59.16,671.96,4,0.0,2.0,2026-06-29 19:53:58.413448+00:00
198,20.0,150.62,2,19895.8,8272.11625,7205.417142857143,8490.419170654253,0.7062,100.0,0.0,104,843,240.97,463.51,5,0.0,1.0,2026-06-29 19:53:58.413448+00:00
203,0.0,10.52,0,0.0,20791.63,20856.34176470588,97.31914515927933,0.1725,100.0,0.0,38,686,257.54,384.34,3,0.0,0.0,2026-06-29 19:53:58.413448+00:00
207,1.0,71.08,2,16471.5,6262.88625,5794.535555555555,4876.057730824504,0.7155,100.0,0.0,50,680,11260.11,11948.09,4,1.0,2.0,2026-06-29 19:53:58.413448+00:00
259,0.0,0.0,0,0.0,16450.86,17120.570666666667,3791.9376656734335,0.7877,100.0,0.0,103,702,53.47,53.47,1,2.0,1.0,2026-06-29 19:53:58.413448+00:00
266,0.0,16.67,2,20498.4,6521.0085714285715,7254.514,2364.647342792283,0.3277,100.0,0.0,31,749,153.49,405.89,2,1.0,2.0,2026-06-29 19:53:58.413448+00:00
282,0.0,26.64,1,6149.25,6745.80875,8512.680256410256,7957.53993322717,0.329,100.0,0.0,50,682,180.99,710.48,8,2.0,2.0,2026-06-29 19:53:58.413448+00:00
284,83.0,44.57,3,23527.32,-2762.867142857143,3046.849534883721,9355.724479179697,0.2541,100.0,0.0,8,666,152.84,1470.49,10,2.0,3.0,2026-06-29 19:53:58.413448+00:00
293,14.0,41.86,1,10279.3,-5967.6866666666665,-6284.550909090909,244.74753476164125,0.3727,100.0,0.0,125,658,0.0,47.6,1,1.0,0.0,2026-06-29 19:53:58.413448+00:00
346,30.0,14.94,1,11824.83,-127.56227272727273,2130.0152727272725,10225.763031007846,0.5934,100.0,0.0,8,761,226.99,1801.96,14,2.0,1.0,2026-06-29 19:53:58.413448+00:00
438,0.0,99.46,1,11157.98,19753.79076923077,19231.52525,9774.2128141885,0.4382,100.0,0.0,41,765,0.0,390.5,3,1.0,3.0,2026-06-29 19:53:58.413448+00:00
457,134.0,56.5,5,48710.67,-9256.235416666666,-10225.836078431372,11080.359186655258,0.8044,100.0,0.0,42,736,871.03,2450.89,16,3.0,2.0,2026-06-29 19:53:58.413448+00:00
466,43.0,61.46,1,7704.85,6530.914444444445,5043.692777777777,4241.898169438042,0.0426,100.0,0.0,61,634,234.89,640.83,5,2.0,0.0,2026-06-29 19:53:58.413448+00:00
474,65.0,104.29,3,28298.02,-4033.4881818181816,-966.8611111111111,11479.589999787395,0.5498,100.0,0.0,87,568,370.68,9898.69,7,0.0,0.0,2026-06-29 19:53:58.413448+00:00
496,0.0,0.0,0,0.0,14910.026,14927.592222222222,102.43368312965319,0.7598,100.0,0.0,70,690,75.17,465.79,3,0.0,0.0,2026-06-29 19:53:58.413448+00:00
504,9.0,75.62,2,19502.22,8697.454545454546,7850.33,6305.192825241611,0.2252,100.0,0.0,85,699,380.02,712.3,5,0.0,1.0,2026-06-29 19:53:58.413448+00:00
508,0.0,86.0,3,30841.0,10648.428,12486.609130434783,3920.3841222356646,0.4893,100.0,0.0,12,807,0.0,550.02,4,2.0,0.0,2026-06-29 19:53:58.413448+00:00
524,0.0,0.0,0,0.0,28613.425,28793.36,146.8038542485252,0.5764,100.0,0.0,86,785,0.0,170.32,1,1.0,0.0,2026-06-29 19:53:58.413448+00:00
535,31.0,45.66,1,7071.2,20409.76090909091,18153.572363636362,18063.901799743748,0.035,100.0,0.0,27,662,142.54,690.36,5,1.0,0.0,2026-06-29 19:53:58.413448+00:00
536,51.0,179.82,4,34512.08,3654.657222222222,-567.3641304347826,10817.27550785469,0.8722,100.0,0.0,45,582,92.33,7178.83,6,5.0,2.0,2026-06-29 19:53:58.413448+00:00
565,64.0,88.99,1,8050.8,15287.95625,12574.988139534884,11900.711567141641,0.6745,100.0,0.0,9,669,162.32,1176.06,7,2.0,1.0,2026-06-29 19:53:58.413448+00:00
586,0.0,0.0,1,5849.12,3825.0607692307694,3898.3943243243243,527.4107900327186,0.2005,100.0,0.0,60,631,0.0,809.1,4,1.0,0.0,2026-06-29 19:53:58.413448+00:00
617,0.0,37.67,1,5792.76,9659.9025,13386.255483870968,7019.413162367974,0.62,100.0,0.0,19,656,433.99,776.54,6,0.0,0.0,2026-06-29 19:53:58.413448+00:00
622,12.0,41.18,1,8446.06,7053.03125,6425.496315789474,1128.4278619958532,0.7624,100.0,0.0,87,727,0.0,222.66,2,1.0,1.0,2026-06-29 19:53:58.413448+00:00
629,0.0,90.48,1,11910.47,24018.94142857143,20671.042173913043,6904.265939539596,0.8959,100.0,0.0,73,797,164.53,315.94,2,2.0,0.0,2026-06-29 19:53:58.413448+00:00
646,2.0,138.69,0,0.0,12188.0185,10555.04804347826,6878.5220951059955,0.4893,100.0,0.0,70,779,482.64,886.49,8,2.0,1.0,2026-06-29 19:53:58.413448+00:00
650,0.0,0.0,0,0.0,14712.23,14755.45,76.69863525513327,0.8821,100.0,0.0,56,744,32.19,190.33,2,0.0,0.0,2026-06-29 19:53:58.413448+00:00
655,0.0,100.14,2,17086.29,16017.12,14744.387692307693,2152.865504446863,0.7466,100.0,0.0,26,834,0.0,6062.57,1,0.0,0.0,2026-06-29 19:53:58.413448+00:00
695,0.0,18.04,1,5632.41,17315.6025,13779.4625,3666.2741257283824,0.4556,100.0,0.0,120,722,0.0,375.02,2,3.0,0.0,2026-06-29 19:53:58.413448+00:00
704,0.0,70.49,0,0.0,13774.315,13842.511333333334,159.2185291853227,0.8482,100.0,0.0,59,738,0.0,31.98,1,0.0,0.0,2026-06-29 19:53:58.413448+00:00
719,13.0,39.56,1,5192.07,7437.543,7302.038571428571,7607.835215253752,0.6605,100.0,0.0,99,687,0.0,440.29,3,1.0,1.0,2026-06-29 19:53:58.413448+00:00
750,0.0,60.47,1,12084.38,10223.779166666667,10529.140487804878,5409.032262175346,0.6466,100.0,0.0,81,597,0.0,579.79,5,1.0,1.0,2026-06-29 19:53:58.413448+00:00
756,0.0,0.0,0,0.0,9501.787142857143,9530.818260869566,2555.4991820159,0.0927,100.0,0.0,74,740,181.56,349.47,2,1.0,0.0,2026-06-29 19:53:58.413448+00:00
764,0.0,0.0,0,0.0,1044.728,981.9533333333334,103.47449945696681,0.3934,100.0,0.0,110,722,268.12,384.87,1,0.0,0.0,2026-06-29 19:53:58.413448+00:00
778,0.0,58.31,0,0.0,32125.617142857143,31379.10523809524,559.2773283325977,0.0492,100.0,0.0,64,721,0.0,30.58,1,1.0,0.0,2026-06-29 19:53:58.413448+00:00
780,36.0,232.38,2,15160.53,3399.1786666666667,4043.9079166666666,9299.166052572862,0.0399,100.0,0.0,21,663,216.44,597.62,6,2.0,0.0,2026-06-29 19:53:58.413448+00:00
791,58.0,126.1,0,0.0,7132.216363636364,5441.474358974359,13231.153440662449,0.6403,100.0,0.0,12,733,0.0,983.07,4,1.0,1.0,2026-06-29 19:53:58.413448+00:00
815,62.0,115.15,0,0.0,12828.978,13145.559393939395,13602.746242390927,0.5845,100.0,0.0,59,679,0.0,340.42,3,0.0,2.0,2026-06-29 19:53:58.413448+00:00
831,17.0,153.08,3,28864.22,9073.922142857144,7790.507804878049,7102.594538618647,0.7621,100.0,0.0,56,571,283.31,748.85,5,0.0,0.0,2026-06-29 19:53:58.413448+00:00
836,21.0,98.36,4,28228.39,13437.471764705882,14436.89074074074,6542.961849414966,0.5548,100.0,0.0,21,645,68.85,16482.72,13,1.0,3.0,2026-06-29 19:53:58.413448+00:00
867,93.0,88.56,3,32387.89,-10155.86,-9707.787142857143,8373.22495439728,0.6506,100.0,0.0,118,791,481.48,986.82,5,1.0,0.0,2026-06-29 19:53:58.413448+00:00
880,17.0,41.4,3,22875.41,2457.4275,2622.8093548387096,2286.1327656216004,0.7966,100.0,0.0,86,720,215.62,579.96,4,1.0,0.0,2026-06-29 19:53:58.413448+00:00
887,53.0,35.47,1,11448.54,7052.5936363636365,4925.359444444444,5221.397371640127,0.4939,100.0,0.0,100,786,527.87,572.47,5,1.0,0.0,2026-06-29 19:53:58.413448+00:00
901,0.0,216.51,0,0.0,24832.502307692306,19620.259761904763,13045.178579663432,0.2165,100.0,0.0,76,821,62.19,576.68,6,3.0,1.0,2026-06-29 19:53:58.413448+00:00
911,0.0,0.0,0,0.0,7873.28,7826.934,85.36510026937256,0.1192,100.0,0.0,101,741,61.35,61.35,1,0.0,0.0,2026-06-29 19:53:58.413448+00:00
912,85.0,90.87,3,28583.69,-13884.224545454545,-9688.903333333334,12206.737003471719,0.7726,100.0,0.0,105,583,179.46,11750.9,8,0.0,1.0,2026-06-29 19:53:58.413448+00:00
924,80.0,52.25,6,58149.4,-2234.527857142857,-2891.858947368421,6206.805923683716,0.9883,100.0,0.0,36,594,193.67,565.63,3,3.0,2.0,2026-06-29 19:53:58.413448+00:00
952,0.0,20.59,1,9642.0,22289.402,22513.8440625,6549.45061026298,0.4894,100.0,0.0,2,675,246.16,361.88,3,1.0,1.0,2026-06-29 19:53:58.413448+00:00
956,0.0,112.0,0,0.0,20374.049,17603.22272727273,4876.387235763772,0.3768,100.0,0.0,21,848,0.0,723.46,4,0.0,0.0,2026-06-29 19:53:58.413448+00:00
969,12.0,0.0,1,6114.66,7444.105555555556,8365.67052631579,6606.715696724716,0.288,100.0,0.0,60,783,90.68,693.94,5,1.0,0.0,2026-06-29 19:53:58.413448+00:00
979,40.0,96.57,2,17190.86,7523.80125,10869.300303030303,9133.319457491058,0.4229,100.0,0.0,129,727,199.98,366.84,3,1.0,1.0,2026-06-29 19:53:58.413448+00:00
986,2.0,25.8,3,21859.01,13864.185,9880.629166666668,5052.793628951272,0.9222,100.0,0.0,66,710,88.02,299.02,4,1.0,1.0,2026-06-29 19:53:58.413448+00:00
992,0.0,0.0,0,0.0,11339.66,14638.18,3427.4523940743743,0.4002,100.0,0.0,135,712,100.41,317.13,3,0.0,0.0,2026-06-29 19:53:58.413448+00:00
1006,21.0,58.56,1,10697.51,11811.94642857143,9304.482424242424,17556.614432436294,0.4191,100.0,0.0,74,656,194.96,901.65,8,2.0,0.0,2026-06-29 19:53:58.413448+00:00
1031,45.0,19.38,3,27961.39,-1861.6957142857143,2322.8464102564103,14643.896139682183,0.1248,100.0,0.0,57,806,283.33,1399.94,13,1.0,2.0,2026-06-29 19:53:58.413448+00:00
1074,45.0,85.98,2,18973.02,7304.306666666666,8931.008055555556,13163.69285437126,0.2731,100.0,0.0,77,799,134.84,9571.35,7,2.0,1.0,2026-06-29 19:53:58.413448+00:00
1083,27.0,95.36,1,11468.72,3151.2166666666667,5871.367714285714,7217.822672744137,0.3713,100.0,0.0,29,657,0.0,791.68,4,1.0,2.0,2026-06-29 19:53:58.413448+00:00
1084,67.0,93.02,3,20148.26,5350.25,3502.9102272727273,8259.132786793454,0.4203,100.0,0.0,17,751,60.93,332.36,4,4.0,1.0,2026-06-29 19:53:58.413448+00:00
1108,59.0,94.3,0,0.0,3547.712857142857,2593.192972972973,9298.293728641356,0.2517,100.0,0.0,56,639,551.04,1072.31,4,1.0,0.0,2026-06-29 19:53:58.413448+00:00
1116,0.0,32.32,0,0.0,4170.456153846154,8125.970588235294,9095.570278839345,0.7608,100.0,0.0,101,752,262.95,1230.56,7,1.0,0.0,2026-06-29 19:53:58.413448+00:00
1141,38.0,136.34,2,21869.07,5918.15076923077,4242.743333333333,7118.4026776324445,0.68,100.0,0.0,26,759,167.69,426.32,4,4.0,1.0,2026-06-29 19:53:58.413448+00:00
1155,31.0,0.0,2,16293.25,-2840.039,-1410.55,4430.778482676904,0.978,100.0,0.0,6,711,315.45,795.79,4,0.0,0.0,2026-06-29 19:53:58.413448+00:00
1174,15.0,0.0,2,21335.82,2295.456,-448.1433333333333,4424.9809023331045,0.1705,100.0,0.0,115,710,194.46,378.22,3,1.0,2.0,2026-06-29 19:53:58.413448+00:00
1180,0.0,152.76,1,7118.4,4810.251666666667,7028.406129032258,4767.091524207993,0.6346,100.0,0.0,79,773,0.0,555.35,5,1.0,2.0,2026-06-29 19:53:58.413448+00:00
1187,64.0,105.1,2,19327.58,-6792.927,-4485.053,19807.822804530726,0.2596,100.0,0.0,72,648,72.76,10046.03,5,2.0,1.0,2026-06-29 19:53:58.413448+00:00
1204,34.0,176.02,2,17379.62,14286.003076923076,10767.43023255814,8473.312478049078,0.136,100.0,0.0,83,776,0.0,903.3,6,2.0,0.0,2026-06-29 19:53:58.413448+00:00
1213,0.0,90.38,0,0.0,20495.7375,15475.474117647058,8343.718520193048,0.6572,100.0,0.0,58,745,205.31,1017.96,4,2.0,0.0,2026-06-29 19:53:58.413448+00:00
1217,62.0,164.47,1,11888.19,6942.285,6479.3538461538465,15857.24687702657,0.3524,100.0,0.0,18,694,119.53,698.52,4,1.0,1.0,2026-06-29 19:53:58.413448+00:00
1226,20.0,129.03,3,23368.87,12446.081818181818,13182.91861111111,7077.585441761741,0.4325,100.0,0.0,18,616,0.0,968.34,7,3.0,1.0,2026-06-29 19:53:58.413448+00:00
1312,54.0,0.0,2,18427.4,-344.81875,-1438.566956521739,3093.127570151265,0.4323,100.0,0.0,101,754,28.99,737.5,5,1.0,1.0,2026-06-29 19:53:58.413448+00:00
1317,43.0,106.84,3,23038.36,2805.2844444444445,671.8657575757576,14652.247056620621,0.1015,100.0,0.0,20,691,100.57,685.75,6,1.0,1.0,2026-06-29 19:53:58.413448+00:00
1329,0.0,0.0,0,0.0,35533.62,35533.62,2863.11864893511,0.7327,100.0,0.0,94,750,35.07,109.05,2,0.0,2.0,2026-06-29 19:53:58.413448+00:00
1337,49.0,27.73,1,8147.57,-1385.35,99.20947368421052,2470.5551671542075,0.5038,100.0,0.0,116,815,74.07,868.59,5,0.0,2.0,2026-06-29 19:53:58.413448+00:00
1340,28.0,130.73,7,61054.51,13275.401538461538,12774.783773584906,6858.2962989569505,0.0126,100.0,0.0,103,702,6147.08,6421.09,7,1.0,1.0,2026-06-29 19:53:58.413448+00:00
1343,39.0,137.72,5,42887.69,6417.632,6497.658666666666,20236.298027934434,0.2022,100.0,0.0,7,633,0.0,117.22,1,0.0,0.0,2026-06-29 19:53:58.413448+00:00
1348,86.0,127.2,4,35713.61,-8496.287272727273,-3771.9734285714285,8866.787663883064,0.1023,100.0,0.0,73,737,505.56,1045.82,4,0.0,0.0,2026-06-29 19:53:58.413448+00:00
1356,103.0,56.79,6,55747.71,-9534.853571428572,-4309.749016393443,12662.747495817553,0.8042,100.0,0.0,20,675,515.53,12721.56,10,5.0,5.0,2026-06-29 19:53:58.413448+00:00
1362,0.0,22.1,0,0.0,21740.1575,21453.534545454546,243.09536940220215,0.8067,100.0,0.0,58,715,0.0,15.91,1,0.0,0.0,2026-06-29 19:53:58.413448+00:00
1395,0.0,20.29,1,5151.06,12594.578333333333,11910.57705882353,2348.019831522034,0.8322,100.0,0.0,26,744,64.6,150.72,2,0.0,1.0,2026-06-29 19:53:58.413448+00:00
1400,39.0,0.0,1,11872.16,12120.013333333334,6596.754285714285,9613.74584731505,0.6586,100.0,0.0,58,677,0.0,773.14,5,1.0,0.0,2026-06-29 19:53:58.413448+00:00
1409,31.0,92.64,3,28083.96,1289.6557142857143,1418.4470588235295,6342.398685667904,0.2053,100.0,0.0,41,722,292.61,851.01,6,3.0,3.0,2026-06-29 19:53:58.413448+00:00
1423,41.0,90.7,0,0.0,2653.0892307692307,4110.71870967742,12520.732322682876,0.0275,100.0,0.0,19,769,0.0,982.22,6,1.0,0.0,2026-06-29 19:53:58.413448+00:00
1424,0.0,28.24,1,12049.57,14348.4275,14840.077619047619,6269.806687499115,0.3179,100.0,0.0,28,723,0.0,12109.73,2,0.0,0.0,2026-06-29 19:53:58.413448+00:00
1452,0.0,98.19,2,16268.9,3828.4466666666667,3965.3942857142856,2493.9616080179235,0.4505,100.0,0.0,93,645,244.33,954.71,6,2.0,2.0,2026-06-29 19:53:58.413448+00:00
1466,14.0,25.7,3,26213.5,19550.864,13273.327096774194,16809.36418602214,0.7406,100.0,0.0,62,556,162.06,721.51,5,1.0,2.0,2026-06-29 19:53:58.413448+00:00
1475,4.0,44.92,0,0.0,23441.698,23437.904666666665,11280.736727273665,0.5225,100.0,0.0,61,709,0.0,205.63,2,2.0,1.0,2026-06-29 19:53:58.413448+00:00
1481,0.0,65.42,0,0.0,10574.138571428572,12240.396071428571,3951.422588126006,0.975,100.0,0.0,73,678,94.37,1175.5,6,1.0,2.0,2026-06-29 19:53:58.413448+00:00
1485,20.0,65.59,3,30924.62,3036.1,3840.021794871795,12343.621562280632,0.8682,100.0,0.0,89,665,0.0,11962.41,6,0.0,2.0,2026-06-29 19:53:58.413448+00:00
1497,17.0,104.2,2,22696.72,14327.51125,13820.911538461538,11327.425988188857,0.8006,100.0,0.0,56,493,528.91,841.52,6,4.0,3.0,2026-06-29 19:53:58.413448+00:00
1506,117.0,117.56,7,60289.35,-11448.2465,-5080.267708333334,21323.403362376986,0.4184,100.0,0.0,35,692,436.88,9333.36,8,2.0,0.0,2026-06-29 19:53:58.413448+00:00
1516,0.0,0.0,2,16511.11,4985.73125,5170.185454545454,4910.699273048158,0.0559,100.0,0.0,140,604,115.24,427.23,3,3.0,0.0,2026-06-29 19:53:58.413448+00:00
1531,56.0,105.93,3,25435.52,2524.463333333333,-896.7755172413794,10073.900781773555,0.6832,100.0,0.0,26,764,225.86,1003.83,7,1.0,0.0,2026-06-29 19:53:58.413448+00:00
1547,6.0,63.64,2,22298.43,-204.68,1802.6447368421052,3677.706428536489,0.2906,100.0,0.0,41,656,149.46,149.46,1,0.0,0.0,2026-06-29 19:53:58.413448+00:00
1554,0.0,0.0,0,0.0,1570.6033333333332,1571.063,90.12730763203791,0.9766,100.0,0.0,4,672,54.45,225.85,2,0.0,0.0,2026-06-29 19:53:58.413448+00:00
1572,23.0,81.37,3,24595.14,2853.392,4304.004047619048,14048.040768375375,0.7437,100.0,0.0,21,631,54.62,573.66,5,0.0,1.0,2026-06-29 19:53:58.413448+00:00
1578,0.0,0.0,0,0.0,22643.453333333335,22860.67111111111,253.68739168268772,0.5939,100.0,0.0,134,764,0.0,283.72,1,0.0,0.0,2026-06-29 19:53:58.413448+00:00
1583,109.0,83.41,6,54846.51,-10266.055384615385,-8821.021282051282,3998.8335912755547,0.1255,100.0,0.0,13,711,0.0,761.52,6,1.0,1.0,2026-06-29 19:53:58.413448+00:00
1587,62.0,39.44,4,40362.6,-955.7666666666667,-3763.1082352941175,7268.186215715754,0.7904,100.0,0.0,46,645,360.8,601.87,5,0.0,2.0,2026-06-29 19:53:58.413448+00:00
1599,70.0,42.37,4,30915.92,7048.467333333333,1113.1031707317072,19074.688301201346,0.6732,100.0,0.0,79,709,81.71,6812.75,9,1.0,1.0,2026-06-29 19:53:58.413448+00:00
1602,1.0,21.29,1,6818.58,9483.768,10460.093684210526,10524.810555691332,0.9524,100.0,0.0,98,723,7063.93,7813.2,9,1.0,3.0,2026-06-29 19:53:58.413448+00:00
1616,0.0,70.42,0,0.0,22604.586,23645.503684210526,2482.231179524583,0.5262,100.0,0.0,31,708,0.0,148.59,2,0.0,1.0,2026-06-29 19:53:58.413448+00:00
1630,28.0,133.7,2,21066.96,10775.616,5126.658928571429,12305.918297280594,0.4425,100.0,0.0,74,682,17.7,324.95,4,2.0,1.0,2026-06-29 19:53:58.413448+00:00
1643,91.0,124.88,3,21265.77,-3165.116153846154,-5617.9684,11694.5488393132,0.5977,100.0,0.0,100,769,273.61,1101.58,7,3.0,1.0,2026-06-29 19:53:58.413448+00:00
1646,16.0,108.03,1,8059.26,3473.708,1768.511935483871,6458.3546327922395,0.0173,100.0,0.0,58,698,0.0,1163.26,6,2.0,0.0,2026-06-29 19:53:58.413448+00:00
1650,0.0,149.41,2,16097.45,8963.0,8718.957234042553,6268.251895978757,0.1062,100.0,0.0,36,764,54.4,677.51,6,1.0,2.0,2026-06-29 19:53:58.413448+00:00
1672,44.0,37.87,4,39455.41,-465.2033333333333,915.2690909090909,8846.05997741928,0.1506,100.0,0.0,66,676,371.17,1501.4,11,1.0,0.0,2026-06-29 19:53:58.413448+00:00
1688,155.0,42.75,6,53096.63,-2221.455,-7167.940161290323,13146.971503948746,0.8655,100.0,0.0,56,699,568.84,1286.33,11,3.0,1.0,2026-06-29 19:53:58.413448+00:00
1693,21.0,0.0,3,25243.36,6695.619230769231,5514.1015625,5203.359422116642,0.1184,100.0,0.0,5,635,341.94,976.62,6,0.0,1.0,2026-06-29 19:53:58.413448+00:00
1694,87.0,56.49,3,29204.27,-1161.2533333333333,-533.1509090909091,4472.4687046974805,0.7266,100.0,0.0,53,705,215.45,1042.37,5,0.0,0.0,2026-06-29 19:53:58.413448+00:00
1695,7.0,65.19,1,6378.07,9845.8475,8450.522083333333,9566.682609236415,0.1934,100.0,0.0,43,729,0.0,417.56,3,1.0,0.0,2026-06-29 19:53:58.413448+00:00
1696,0.0,133.32,2,16083.34,25773.931111111113,26216.58175,16025.488035250302,0.4251,100.0,0.0,2,691,117.41,522.98,3,1.0,1.0,2026-06-29 19:53:58.413448+00:00
1713,28.0,63.35,2,19710.89,-1902.705,2163.516153846154,5127.4762270455085,0.1865,100.0,0.0,96,682,221.25,239.54,2,1.0,1.0,2026-06-29 19:53:58.413448+00:00
1723,14.0,61.18,1,11566.02,10943.39625,11315.666153846154,12278.953830140299,0.6999,100.0,0.0,10,685,202.9,405.5,4,1.0,0.0,2026-06-29 19:53:58.413448+00:00
1725,57.0,98.75,3,26773.21,1790.92,2466.07875,11625.817810710176,0.0408,100.0,0.0,43,788,88.52,11960.89,8,1.0,1.0,2026-06-29 19:53:58.413448+00:00
1742,0.0,39.12,0,0.0,29411.037,29363.06166666667,147.85191353550758,0.5917,100.0,0.0,97,689,570.6,640.11,5,0.0,0.0,2026-06-29 19:53:58.413448+00:00
1745,0.0,48.75,0,0.0,21543.6,19852.66976744186,7863.657404660343,0.0411,100.0,0.0,10,760,0.0,619.61,5,2.0,1.0,2026-06-29 19:53:58.413448+00:00
1748,64.0,35.31,4,30722.75,-4627.524166666667,-3835.705,5202.685017589602,0.8321,100.0,0.0,51,699,0.0,619.49,4,2.0,0.0,2026-06-29 19:53:58.413448+00:00
1789,54.0,0.0,3,19429.09,-11083.695555555556,-1349.1366666666668,13126.13944779201,0.9718,100.0,0.0,28,726,442.28,13696.25,8,1.0,1.0,2026-06-29 19:53:58.413448+00:00
1798,45.0,25.86,2,18047.55,789.7585714285714,304.96526315789475,6565.916577182408,0.6419,100.0,0.0,95,638,0.0,498.01,2,0.0,0.0,2026-06-29 19:53:58.413448+00:00
1799,56.0,118.69,3,27104.57,1076.130625,2472.5236585365856,5837.063150677643,0.239,100.0,0.0,4,659,20.75,953.23,7,4.0,2.0,2026-06-29 19:53:58.413448+00:00
1806,60.0,115.88,5,52948.48,5408.3625,10853.448571428571,16160.818391720033,0.4618,100.0,0.0,20,772,451.41,10730.12,12,1.0,2.0,2026-06-29 19:53:58.413448+00:00
1813,88.0,54.14,4,36652.51,-954.61125,-6803.770333333333,8641.279318260309,0.8424,100.0,0.0,56,696,62.41,201.8,3,0.0,0.0,2026-06-29 19:53:58.413448+00:00
1852,0.0,74.95,0,0.0,28241.231666666667,25798.669444444444,8536.360559877878,0.5493,100.0,0.0,12,718,187.23,412.14,3,0.0,0.0,2026-06-29 19:53:58.413448+00:00
1853,0.0,57.5,3,26316.28,9639.376,7977.433,6129.75449470157,0.7255,100.0,0.0,42,762,452.98,1021.99,5,2.0,3.0,2026-06-29 19:53:58.413448+00:00
1855,165.0,174.75,2,18629.4,-1561.1095454545455,-1828.4649019607843,11174.160415260443,0.6094,100.0,0.0,8,758,0.0,1625.07,11,0.0,2.0,2026-06-29 19:53:58.413448+00:00
1886,0.0,44.5,1,8638.92,7492.373333333333,7435.514594594594,1377.856522708653,0.563,100.0,0.0,38,651,458.44,1989.14,12,2.0,0.0,2026-06-29 19:53:58.413448+00:00
1914,0.0,47.52,0,0.0,16630.457,17715.25,3638.0128320164927,0.5085,100.0,0.0,86,650,0.0,511.82,5,1.0,0.0,2026-06-29 19:53:58.413448+00:00
1926,0.0,53.35,1,7336.06,10597.5,10978.3148,3182.699073619046,0.4532,100.0,0.0,134,731,0.0,551.91,3,0.0,2.0,2026-06-29 19:53:58.413448+00:00
2003,0.0,0.0,2,16738.56,15169.125,9972.837857142857,5765.5755022834555,0.7876,100.0,0.0,42,727,0.0,208.86,2,0.0,1.0,2026-06-29 19:53:58.413448+00:00
2025,34.0,87.9,3,24452.75,23020.235,20095.95189189189,22761.75082395405,0.6389,100.0,0.0,60,714,428.59,1056.25,5,3.0,1.0,2026-06-29 19:53:58.413448+00:00
2032,32.0,102.82,4,38312.37,-2276.286111111111,-1927.3482857142858,5055.277514442272,0.5291,100.0,0.0,25,850,170.35,735.12,10,1.0,2.0,2026-06-29 19:53:58.413448+00:00
2047,55.0,87.5,2,16716.75,-730.909,-2735.6279310344826,7459.575024624105,0.4478,100.0,0.0,59,843,0.0,376.86,4,3.0,0.0,2026-06-29 19:53:58.413448+00:00
2054,10.0,73.63,0,0.0,11096.8575,12949.016279069767,4521.735602919156,0.7006,100.0,0.0,39,664,462.39,1222.14,8,0.0,2.0,2026-06-29 19:53:58.413448+00:00
2056,1.0,12.45,2,20675.86,492.88,4999.02125,8103.579751868056,0.5337,100.0,0.0,73,716,11722.51,11967.55,2,1.0,0.0,2026-06-29 19:53:58.413448+00:00
2065,25.0,190.3,3,20126.72,-1558.735,-863.6595,8143.564441961353,0.8541,100.0,0.0,81,690,359.38,1290.95,7,2.0,1.0,2026-06-29 19:53:58.413448+00:00
2095,0.0,48.9,2,14722.46,6600.9575,6254.042777777778,4842.850530994468,0.7054,100.0,0.0,24,805,0.0,407.04,1,1.0,0.0,2026-06-29 19:53:58.413448+00:00
2113,11.0,31.2,2,15791.28,5719.62,4908.7185714285715,3337.4761889705783,0.3032,100.0,0.0,122,792,426.16,830.73,6,0.0,0.0,2026-06-29 19:53:58.413448+00:00
2115,0.0,50.44,0,0.0,15885.65,13516.5515,10296.419154041401,0.9037,100.0,0.0,26,642,173.8,173.8,1,0.0,1.0,2026-06-29 19:53:58.413448+00:00
2135,74.0,83.8,4,33309.71,4692.562105263158,4855.047142857143,18176.68125177847,0.0939,100.0,0.0,63,791,501.93,1952.02,10,0.0,4.0,2026-06-29 19:53:58.413448+00:00
2144,19.0,84.48,1,7129.51,6819.19,7814.274444444444,4616.642730020242,0.6036,100.0,0.0,70,754,601.9,1011.12,6,4.0,0.0,2026-06-29 19:53:58.413448+00:00
2146,3.0,66.17,0,0.0,28374.515714285713,28259.4608,18241.079583255792,0.1085,100.0,0.0,89,768,0.0,521.51,3,1.0,0.0,2026-06-29 19:53:58.413448+00:00
2174,0.0,104.65,0,0.0,11057.022,10653.88,919.1562771632846,0.6547,100.0,0.0,120,771,0.0,664.31,4,1.0,1.0,2026-06-29 19:53:58.413448+00:00
2175,39.0,149.13,4,32402.11,9295.145714285714,9545.738857142856,8142.747734874188,0.0746,100.0,0.0,31,650,0.0,107.37,2,2.0,2.0,2026-06-29 19:53:58.413448+00:00
2178,33.0,14.28,2,22665.49,-2297.766,-1666.2345454545455,3446.4228115489313,0.1384,100.0,0.0,4,697,56.71,213.7,3,2.0,0.0,2026-06-29 19:53:58.413448+00:00
2187,13.0,94.51,0,0.0,13939.820833333333,13459.175384615384,7250.931894817116,0.5842,100.0,0.0,47,755,106.55,655.49,4,2.0,1.0,2026-06-29 19:53:58.413448+00:00
2191,0.0,145.88,0,0.0,22828.23625,18586.96652173913,13649.118514000824,0.1771,100.0,0.0,31,646,128.17,671.66,3,2.0,1.0,2026-06-29 19:53:58.413448+00:00
2197,107.0,0.0,4,31699.54,387.26222222222225,-4756.361764705883,5374.049289600506,0.2901,100.0,0.0,28,687,45.82,293.45,3,0.0,1.0,2026-06-29 19:53:58.413448+00:00
2200,65.0,92.7,2,19910.99,-460.6921052631579,3244.0969047619046,14311.095014141416,0.8293,100.0,0.0,82,763,405.34,1783.04,16,1.0,2.0,2026-06-29 19:53:58.413448+00:00
2220,36.0,124.58,2,19195.63,-3492.5588888888888,342.33170731707315,15423.44834965206,0.2897,100.0,0.0,8,627,46.96,1056.8,6,1.0,1.0,2026-06-29 19:53:58.413448+00:00
2226,35.0,0.0,1,10914.03,12451.981666666667,14316.487741935483,5717.043824868115,0.5189,100.0,0.0,12,713,0.0,273.18,2,0.0,0.0,2026-06-29 19:53:58.413448+00:00
2236,4.0,47.39,2,22864.08,7040.083,12084.342285714285,10036.197802800642,0.7742,100.0,0.0,14,617,0.0,12490.03,6,3.0,2.0,2026-06-29 19:53:58.413448+00:00
2237,25.0,11.51,2,12235.86,9416.326153846154,5811.9909375,10506.432238813586,0.1539,100.0,0.0,113,757,207.14,767.26,7,1.0,1.0,2026-06-29 19:53:58.413448+00:00
2245,87.0,40.31,2,19635.04,3739.2092857142857,4223.801395348837,6597.590459821193,0.2466,100.0,0.0,105,711,46.64,702.98,6,3.0,3.0,2026-06-29 19:53:58.413448+00:00
2254,41.0,69.98,2,17106.01,-1116.4407692307693,6614.7357142857145,12527.522533302268,0.6656,100.0,0.0,33,727,530.61,1425.5,8,4.0,0.0,2026-06-29 19:53:58.413448+00:00
2274,0.0,36.54,0,0.0,11482.544285714286,11587.021428571428,253.82435025756195,0.9271,100.0,0.0,20,799,179.6,940.03,4,2.0,1.0,2026-06-29 19:53:58.413448+00:00
2291,0.0,271.09,0,0.0,10269.219,8731.919722222223,7465.663223981495,0.1867,100.0,0.0,12,798,238.67,704.88,6,3.0,1.0,2026-06-29 19:53:58.413448+00:00
2292,3.0,13.52,3,19747.84,8980.935555555556,8750.3496875,4104.318814269229,0.711,100.0,0.0,94,682,71.62,396.81,4,1.0,3.0,2026-06-29 19:53:58.413448+00:00
2300,57.0,100.15,1,8967.73,8416.364,4141.694411764706,7987.662818438192,0.8101,100.0,0.0,44,765,9238.76,10261.27,8,0.0,0.0,2026-06-29 19:53:58.413448+00:00
2305,8.0,129.18,0,0.0,9758.8175,8764.111470588236,7000.418726757007,0.0639,100.0,0.0,66,769,0.0,696.35,4,1.0,0.0,2026-06-29 19:53:58.413448+00:00
2332,55.0,81.26,4,36985.21,216.71066666666667,2505.81475,19408.87664006896,0.4465,100.0,0.0,76,691,429.08,734.31,8,3.0,1.0,2026-06-29 19:53:58.413448+00:00
2344,50.0,14.9,2,16599.11,-2094.947272727273,-4869.6805,10221.420389364423,0.8597,100.0,0.0,34,655,154.74,7288.26,5,1.0,1.0,2026-06-29 19:53:58.413448+00:00
2368,0.0,98.38,1,10258.6,827.6792857142857,1928.9867857142858,3045.362488678545,0.0414,100.0,0.0,41,691,463.7,1520.34,8,4.0,0.0,2026-06-29 19:53:58.413448+00:00
2386,0.0,71.72,0,0.0,7882.9766666666665,8127.89,292.7584730342288,0.2615,100.0,0.0,6,672,0.0,538.59,3,0.0,0.0,2026-06-29 19:53:58.413448+00:00
2426,0.0,30.16,1,8488.79,5512.37,5487.543333333333,84.4831937264577,0.4651,100.0,0.0,74,789,0.0,129.05,1,1.0,0.0,2026-06-29 19:53:58.413448+00:00
2453,89.0,33.26,3,29249.54,802.36625,-1402.289375,12900.599794426938,0.2404,100.0,0.0,5,749,68.23,587.03,5,1.0,1.0,2026-06-29 19:53:58.413448+00:00
2460,37.0,100.48,4,29796.22,1310.7957142857142,783.651,4225.346934293365,0.9556,100.0,0.0,42,724,0.0,586.85,4,1.0,0.0,2026-06-29 19:53:58.413448+00:00
2501,0.0,66.12,2,20669.91,10951.314,8762.662857142857,4009.3112065070563,0.8097,100.0,0.0,32,570,413.75,413.75,1,0.0,0.0,2026-06-29 19:53:58.413448+00:00
2508,40.0,23.3,2,21991.61,-8741.888333333334,-5571.4655555555555,11436.556543426494,0.8639,100.0,0.0,73,814,79.69,525.25,4,1.0,0.0,2026-06-29 19:53:58.413448+00:00
2519,72.0,59.98,2,21505.26,-6977.173333333333,-1765.1562857142858,13519.473437585077,0.1605,100.0,0.0,118,775,60.98,933.99,7,0.0,2.0,2026-06-29 19:53:58.413448+00:00
2531,0.0,13.12,2,16003.18,1629.4027272727274,1501.9895454545454,883.5807847435203,0.0275,100.0,0.0,8,678,0.0,295.26,3,0.0,0.0,2026-06-29 19:53:58.413448+00:00
2553,53.0,47.62,3,23736.11,-2491.108,-1047.279705882353,4359.138426568446,0.8287,100.0,0.0,19,719,296.2,402.76,3,3.0,2.0,2026-06-29 19:53:58.413448+00:00
2618,36.0,42.27,1,5993.51,-1665.2166666666667,-1802.3871428571429,204.9015411622535,0.9731,100.0,0.0,23,619,0.0,317.4,2,1.0,1.0,2026-06-29 19:53:58.413448+00:00
2648,33.0,0.0,1,8293.36,1113.9033333333334,1517.666875,4772.638089401162,0.2387,100.0,0.0,89,822,0.0,178.64,1,0.0,1.0,2026-06-29 19:53:58.413448+00:00
2661,17.0,98.88,2,15096.31,5683.36,7816.029534883721,5030.24307818617,0.3568,100.0,0.0,12,753,6427.53,6560.54,5,3.0,0.0,2026-06-29 19:53:58.413448+00:00
2663,16.0,176.62,4,33628.21,4946.7773913043475,9962.991228070176,18112.63482646495,0.7089,100.0,0.0,10,642,178.93,20142.59,14,0.0,3.0,2026-06-29 19:53:58.413448+00:00
2671,25.0,50.83,2,16299.03,6962.414,7492.661034482759,6209.253058599996,0.001,100.0,0.0,132,720,276.9,728.62,4,0.0,1.0,2026-06-29 19:53:58.413448+00:00
2676,0.0,67.17,0,0.0,13743.608235294118,12758.523714285715,8443.907826362012,0.1114,100.0,0.0,60,703,0.0,740.06,4,2.0,0.0,2026-06-29 19:53:58.413448+00:00
2690,0.0,0.0,2,11369.16,7718.693333333334,10138.33,2493.4140934620145,0.8601,100.0,0.0,128,775,0.0,5997.5,2,0.0,0.0,2026-06-29 19:53:58.413448+00:00
2691,55.0,230.46,2,20807.25,6888.768461538461,4842.155789473684,12979.424892642513,0.8886,100.0,0.0,1,661,156.5,576.48,5,3.0,1.0,2026-06-29 19:53:58.413448+00:00
2700,51.0,0.0,2,15881.22,10120.334705882353,7013.493571428571,10855.40501221715,0.1174,100.0,0.0,87,623,255.53,1477.16,9,2.0,0.0,2026-06-29 19:53:58.413448+00:00
2770,2.0,68.0,1,9848.05,4350.145454545454,6319.671612903226,3492.938182586169,0.3445,100.0,0.0,70,748,91.47,1287.36,6,3.0,1.0,2026-06-29 19:53:58.413448+00:00
2782,67.0,70.67,4,33066.54,-818.0225,2650.341707317073,8458.533922028324,0.0752,100.0,0.0,84,600,273.38,1049.6,9,2.0,2.0,2026-06-29 19:53:58.413448+00:00
2808,10.0,63.15,1,6549.14,8864.842777777778,10021.438378378378,6542.574209764307,0.4047,100.0,0.0,17,623,526.09,8013.51,9,3.0,0.0,2026-06-29 19:53:58.413448+00:00
2809,53.0,88.35,2,15231.29,6214.415294117647,6754.370731707317,6109.149253553586,0.8045,100.0,0.0,32,666,441.02,1345.77,10,2.0,1.0,2026-06-29 19:53:58.413448+00:00
2846,27.0,129.28,4,29737.75,1601.9984615384615,5201.861111111111,15056.803687335658,0.4632,100.0,0.0,76,738,113.28,7973.21,5,0.0,2.0,2026-06-29 19:53:58.413448+00:00
2881,15.0,102.85,5,45028.57,4866.387894736842,6347.153877551021,6340.170797291813,0.9646,100.0,0.0,25,714,7371.54,14258.13,8,4.0,1.0,2026-06-29 19:53:58.413448+00:00
2884,41.0,95.22,1,11517.88,1017.8621739130435,795.579347826087,10709.375451892893,0.5493,100.0,0.0,92,783,802.84,13456.91,17,1.0,1.0,2026-06-29 19:53:58.413448+00:00
2892,27.0,65.12,0,0.0,6698.68,6507.787857142857,140.3262827524567,0.3976,100.0,0.0,72,752,94.91,94.91,2,2.0,1.0,2026-06-29 19:53:58.413448+00:00
2924,74.0,130.89,2,19196.59,-7267.499,-5730.129523809524,7229.383595116382,0.6151,100.0,0.0,88,710,22.23,503.4,5,1.0,1.0,2026-06-29 19:53:58.413448+00:00
2938,54.0,35.82,4,40428.58,728.394,-756.1106451612903,14276.946540246789,0.9927,100.0,0.0,12,712,82.81,683.19,7,2.0,0.0,2026-06-29 19:53:58.413448+00:00
2955,3.0,40.93,4,31752.84,5915.555,4502.8930769230765,5694.5916919116835,0.1764,100.0,0.0,3,637,0.0,640.26,4,0.0,0.0,2026-06-29 19:53:58.413448+00:00
2965,27.0,0.0,1,7537.94,8511.066,9987.802142857143,13765.24863744525,0.9934,100.0,0.0,128,745,217.57,432.34,5,0.0,0.0,2026-06-29 19:53:58.413448+00:00
2989,0.0,43.4,1,9373.94,13981.478,11695.575263157894,3286.494618440057,0.3652,100.0,0.0,112,850,0.0,84.18,1,1.0,1.0,2026-06-29 19:53:58.413448+00:00
3029,2.0,186.0,2,15863.71,8503.496153846154,9147.21488888889,5684.667365741342,0.0431,100.0,0.0,6,559,9581.02,10063.17,6,3.0,1.0,2026-06-29 19:53:58.413448+00:00
3045,37.0,0.0,0,0.0,-2574.1433333333334,-2887.0044444444443,261.48604556398686,0.7841,100.0,0.0,36,696,0.0,123.53,1,0.0,0.0,2026-06-29 19:53:58.413448+00:00
3055,25.0,121.55,0,0.0,18293.983636363635,14172.34696969697,8860.496393642312,0.7555,100.0,0.0,16,850,236.97,711.16,6,0.0,1.0,2026-06-29 19:53:58.413448+00:00
3096,45.0,92.51,5,40371.05,10862.94846153846,14863.154054054054,20173.895417321473,0.6021,100.0,0.0,19,716,0.0,526.86,6,0.0,0.0,2026-06-29 19:53:58.413448+00:00
3114,11.0,0.0,2,15916.81,19737.645,19466.88,245.2071563541174,0.014,100.0,0.0,15,698,41.52,199.6,1,1.0,1.0,2026-06-29 19:53:58.413448+00:00
3125,15.0,64.9,2,17042.39,11137.633333333333,7675.096060606061,6866.842154127519,0.0018,100.0,0.0,32,679,0.0,501.48,1,3.0,2.0,2026-06-29 19:53:58.413448+00:00
3127,0.0,20.04,0,0.0,4559.78125,4729.348095238095,2795.0099777547757,0.3882,100.0,0.0,9,682,153.46,1011.72,5,2.0,0.0,2026-06-29 19:53:58.413448+00:00
3137,3.0,56.84,0,0.0,16090.316666666668,17823.876666666667,12029.970561262353,0.1381,100.0,0.0,40,671,414.33,918.39,3,2.0,1.0,2026-06-29 19:53:58.413448+00:00
3144,99.0,168.47,10,81559.72,-8372.028636363637,-6089.011153846154,5483.262627772299,0.3305,100.0,0.0,90,750,0.0,1764.47,10,2.0,2.0,2026-06-29 19:53:58.413448+00:00
3147,0.0,31.28,0,0.0,12402.31,12412.231538461538,82.2942008281308,0.6271,100.0,0.0,44,570,0.0,72.26,1,0.0,1.0,2026-06-29 19:53:58.413448+00:00
3164,50.0,40.02,5,51158.74,-6324.9353846153845,-8715.369615384616,15635.529452101813,0.7927,100.0,0.0,107,744,19227.97,19952.11,9,3.0,3.0,2026-06-29 19:53:58.413448+00:00
3212,24.0,47.57,5,41236.87,15208.740833333333,7409.949473684211,13909.449994465132,0.4841,100.0,0.0,120,760,9264.26,9747.18,7,0.0,0.0,2026-06-29 19:53:58.413448+00:00
3214,0.0,21.51,0,0.0,8854.271428571428,8339.569333333333,2913.514236412713,0.6218,100.0,0.0,9,730,347.94,854.76,5,0.0,1.0,2026-06-29 19:53:58.413448+00:00
3221,59.0,122.31,3,29030.54,-8244.046666666667,-6979.863703703703,10110.639025849123,0.894,100.0,0.0,103,708,0.0,791.58,4,1.0,0.0,2026-06-29 19:53:58.413448+00:00
3229,23.0,176.11,3,23736.35,-275.53277777777777,522.13,7994.514621086449,0.2011,100.0,0.0,11,690,79.75,425.19,7,6.0,0.0,2026-06-29 19:53:58.413448+00:00
3240,76.0,82.69,1,7883.15,1460.7325,-1690.4964285714286,9931.076998793258,0.3661,100.0,0.0,7,625,61.82,369.17,2,0.0,2.0,2026-06-29 19:53:58.413448+00:00
3249,31.0,0.0,1,9234.24,20091.285,12846.707647058824,19056.483894844834,0.0246,100.0,0.0,11,771,0.0,212.06,3,1.0,0.0,2026-06-29 19:53:58.413448+00:00
3253,0.0,61.86,1,7893.78,19012.642,14638.428275862068,14305.654300709772,0.7985,100.0,0.0,40,617,72.98,767.87,6,1.0,1.0,2026-06-29 19:53:58.413448+00:00
3268,34.0,98.13,3,29670.39,13917.834117647059,10524.824347826087,9306.943825224553,0.763,100.0,0.0,57,753,176.67,1299.18,10,2.0,1.0,2026-06-29 19:53:58.413448+00:00
3298,100.0,139.44,6,49070.06,-14959.473846153845,-11647.788378378378,4922.374872219388,0.6789,100.0,0.0,117,558,0.0,9990.38,6,3.0,0.0,2026-06-29 19:53:58.413448+00:00
3316,50.0,90.37,1,7893.19,-183.065,-1046.3525,4631.014641879476,0.9893,100.0,0.0,62,714,21.11,259.43,5,0.0,0.0,2026-06-29 19:53:58.413448+00:00
3328,0.0,58.71,1,11900.05,4352.083333333333,12383.378,5654.018212145677,0.995,100.0,0.0,127,827,0.0,64.88,1,0.0,0.0,2026-06-29 19:53:58.413448+00:00
3330,0.0,121.99,1,8069.25,10044.714545454546,10914.698787878788,4376.156604701352,0.0526,100.0,0.0,44,850,1272.36,1981.83,8,1.0,1.0,2026-06-29 19:53:58.413448+00:00
3335,0.0,36.31,2,17528.88,2723.7966666666666,4306.098666666667,3564.171123315802,0.3278,100.0,0.0,62,761,97.5,342.51,3,0.0,0.0,2026-06-29 19:53:58.413448+00:00
3338,51.0,84.4,4,36988.34,-1507.6586666666667,-2374.5524324324324,9982.55993808774,0.0203,100.0,0.0,63,773,588.95,951.38,8,2.0,2.0,2026-06-29 19:53:58.413448+00:00
3352,16.0,75.03,1,8911.79,4874.512307692307,6292.782173913043,9819.711743272994,0.0504,100.0,0.0,92,650,324.39,713.31,6,0.0,0.0,2026-06-29 19:53:58.413448+00:00
3360,80.0,30.86,1,8020.6,-1768.765,2943.0871428571427,14026.588989313892,0.9093,100.0,0.0,5,767,296.09,1040.35,5,2.0,0.0,2026-06-29 19:53:58.413448+00:00
3369,24.0,139.05,5,45528.12,2113.822,1250.989696969697,6618.514393994473,0.1208,100.0,0.0,104,580,10848.35,11350.98,7,3.0,1.0,2026-06-29 19:53:58.413448+00:00
3381,23.0,68.58,1,11792.66,10040.992,6232.837142857143,8259.783237636124,0.4544,100.0,0.0,19,739,0.0,190.38,1,1.0,1.0,2026-06-29 19:53:58.413448+00:00
3435,5.0,51.2,3,22645.69,10000.8,7172.87875,9540.66339541932,0.8844,100.0,0.0,119,654,0.0,74.57,1,0.0,0.0,2026-06-29 19:53:58.413448+00:00
3447,39.0,70.31,1,9389.31,7084.995,6520.504166666667,8268.003020853796,0.5313,100.0,0.0,100,755,0.0,1288.84,5,1.0,2.0,2026-06-29 19:53:58.413448+00:00
3471,29.0,121.04,2,17044.05,7239.3966666666665,6722.10825,3825.8750354733306,0.2561,100.0,0.0,6,751,157.51,623.34,6,3.0,2.0,2026-06-29 19:53:58.413448+00:00
3505,51.0,28.24,3,29402.8,6848.942,4964.541025641026,14985.54311618783,0.3472,100.0,0.0,36,674,345.95,12187.84,9,0.0,4.0,2026-06-29 19:53:58.413448+00:00
3515,0.0,58.37,1,7105.32,12237.114,11892.157222222222,2549.9978228526775,0.8576,100.0,0.0,20,670,0.0,851.71,2,1.0,1.0,2026-06-29 19:53:58.413448+00:00
3519,96.0,0.0,2,13922.5,-3751.2875,-246.65425,7886.198312234523,0.9168,100.0,0.0,1,718,0.0,535.29,4,1.0,3.0,2026-06-29 19:53:58.413448+00:00
3524,64.0,267.68,1,5204.57,9238.2225,9508.758333333333,11402.048607691502,0.6981,100.0,0.0,2,715,593.26,1271.75,9,2.0,1.0,2026-06-29 19:53:58.413448+00:00
3568,60.0,326.07,2,21226.78,-995.7341666666666,-2349.9497674418603,19829.30263352422,0.2399,100.0,0.0,57,702,127.39,1158.31,8,2.0,3.0,2026-06-29 19:53:58.413448+00:00
3576,9.0,92.72,1,7082.59,15868.433333333332,15291.882444444444,4971.231360196637,0.9747,100.0,0.0,6,782,680.6,1277.55,11,2.0,1.0,2026-06-29 19:53:58.413448+00:00
3600,122.0,48.03,2,11639.76,-2478.4327272727273,-4976.565161290323,7107.1207248671335,0.1988,100.0,0.0,38,624,153.3,522.05,5,2.0,1.0,2026-06-29 19:53:58.413448+00:00
3603,14.0,60.74,2,13638.25,-3485.02,6859.80923076923,6858.2334709394945,0.831,100.0,0.0,71,671,7.65,7.65,1,0.0,0.0,2026-06-29 19:53:58.413448+00:00
3614,17.0,62.45,1,9386.87,1360.6154545454544,3222.7393548387095,7417.677118133892,0.8067,100.0,0.0,92,599,593.13,807.35,6,0.0,0.0,2026-06-29 19:53:58.413448+00:00
3616,118.0,107.04,3,25739.59,-1573.9390476190476,-1051.5248275862068,9102.888363644654,0.6888,100.0,0.0,55,815,8258.47,8862.53,10,1.0,5.0,2026-06-29 19:53:58.413448+00:00
3644,34.0,67.22,3,26582.29,-2726.0733333333333,-1452.071935483871,13508.251475234234,0.1795,100.0,0.0,89,773,7524.24,8113.63,8,2.0,2.0,2026-06-29 19:53:58.413448+00:00
3647,25.0,10.65,2,13944.33,13399.567142857142,12779.808809523809,11085.579525774849,0.4458,100.0,0.0,60,725,379.48,705.79,5,3.0,0.0,2026-06-29 19:53:58.413448+00:00
3662,15.0,32.22,2,15694.08,16153.732222222223,9905.770666666667,11773.053445164493,0.2729,100.0,0.0,120,658,58.5,453.72,4,0.0,0.0,2026-06-29 19:53:58.413448+00:00
3678,49.0,299.26,1,10558.47,8789.524,7641.11,10253.243493397964,0.886,100.0,0.0,8,714,205.26,11796.48,10,1.0,0.0,2026-06-29 19:53:58.413448+00:00
3680,43.0,115.41,3,27164.05,2901.5128571428572,3442.411875,9860.127410703708,0.7459,100.0,0.0,7,633,284.89,602.8,8,3.0,6.0,2026-06-29 19:53:58.413448+00:00
3708,37.0,87.49,0,0.0,2884.6763636363635,4809.2373913043475,12082.143376986665,0.7986,100.0,0.0,49,721,654.43,949.82,6,1.0,0.0,2026-06-29 19:53:58.413448+00:00
3719,24.0,168.64,0,0.0,7814.497,6989.151379310345,4037.5043445524616,0.4263,100.0,0.0,45,748,12.07,647.58,6,1.0,1.0,2026-06-29 19:53:58.413448+00:00
3738,71.0,55.91,4,30995.2,2914.4484210526316,1683.0338775510204,6244.505014260589,0.8664,100.0,0.0,47,637,6883.99,7332.6,7,2.0,2.0,2026-06-29 19:53:58.413448+00:00
3741,43.0,103.63,1,8557.91,14291.5375,14167.336571428572,14614.84670948669,0.8066,100.0,0.0,88,675,366.12,556.29,3,0.0,1.0,2026-06-29 19:53:58.413448+00:00
3755,76.0,146.03,0,0.0,-2358.2185714285715,-1894.637894736842,7131.8766934905325,0.6981,100.0,0.0,135,810,112.08,334.64,3,0.0,0.0,2026-06-29 19:53:58.413448+00:00
3774,0.0,36.69,0,0.0,16844.34625,16617.02105263158,1079.1779007866426,0.9284,100.0,0.0,18,849,0.0,149.5,1,0.0,0.0,2026-06-29 19:53:58.413448+00:00
3777,0.0,33.41,1,6819.71,17989.515,20129.2,2275.682321866816,0.1617,100.0,0.0,104,718,0.0,6819.71,1,0.0,0.0,2026-06-29 19:53:58.413448+00:00
3793,43.0,71.12,1,11592.53,4319.385555555556,7815.625666666667,9230.761587989255,0.9747,100.0,0.0,72,526,207.56,942.18,7,0.0,3.0,2026-06-29 19:53:58.413448+00:00
3819,57.0,81.17,2,19233.39,-8276.30875,-3438.9946875,19049.95257398385,0.2201,100.0,0.0,23,639,0.0,259.17,2,1.0,2.0,2026-06-29 19:53:58.413448+00:00
3822,0.0,66.03,0,0.0,34222.95285714286,29939.456666666665,14968.237332660634,0.4894,100.0,0.0,89,650,0.0,91.36,3,2.0,0.0,2026-06-29 19:53:58.413448+00:00
3857,30.0,66.72,1,5862.95,4240.094285714285,5555.993529411765,5291.106019527643,0.0908,100.0,0.0,5,718,0.0,511.7,4,2.0,1.0,2026-06-29 19:53:58.413448+00:00
3863,11.0,12.53,2,16819.25,2620.258,1681.8135714285713,7752.918003953428,0.7309,100.0,0.0,31,828,270.04,428.92,4,1.0,0.0,2026-06-29 19:53:58.413448+00:00
3897,17.0,63.3,1,7986.0,7447.79125,8088.995416666667,4362.472908910132,0.2255,100.0,0.0,114,720,433.6,806.26,3,1.0,0.0,2026-06-29 19:53:58.413448+00:00
3901,64.0,60.66,3,27857.76,346.8225,-391.19666666666666,6185.196838747537,0.4,100.0,0.0,58,796,56.27,504.17,4,1.0,0.0,2026-06-29 19:53:58.413448+00:00
3938,48.0,67.17,3,26444.91,5852.05125,7432.457692307692,8248.872200033888,0.6078,100.0,0.0,11,744,0.0,953.71,7,3.0,2.0,2026-06-29 19:53:58.413448+00:00
3951,17.0,184.85,3,19354.11,3816.954210526316,5019.427391304348,5493.077441893663,0.0045,100.0,0.0,80,760,160.98,8271.93,13,3.0,2.0,2026-06-29 19:53:58.413448+00:00
3963,65.0,68.82,3,24180.23,-987.9564705882353,634.1985416666666,11298.305842116513,0.4258,100.0,0.0,5,625,493.94,13220.01,10,4.0,0.0,2026-06-29 19:53:58.413448+00:00
3977,55.0,130.58,6,52677.33,1651.9623076923076,-75.35658536585366,6401.128152405278,0.1046,100.0,0.0,87,627,287.73,640.55,6,3.0,2.0,2026-06-29 19:53:58.413448+00:00
4002,71.0,59.64,3,28397.08,-2694.6041666666665,-464.0797435897436,12129.255081952591,0.8825,100.0,0.0,121,744,365.3,853.55,7,2.0,1.0,2026-06-29 19:53:58.413448+00:00
4010,57.0,28.26,2,16663.34,-4689.4975,-4737.77875,128.73352942585504,0.6235,100.0,0.0,29,531,0.0,29.87,1,0.0,0.0,2026-06-29 19:53:58.413448+00:00
4013,130.0,53.25,6,51692.93,-18473.5325,-13002.9816,18589.66897651541,0.5345,100.0,0.0,79,786,828.31,12287.7,13,1.0,2.0,2026-06-29 19:53:58.413448+00:00
4028,87.0,18.04,3,27078.03,1932.146,3607.8932432432434,13517.185043993735,0.4071,100.0,0.0,1,697,214.79,233.01,3,0.0,2.0,2026-06-29 19:53:58.413448+00:00
4040,0.0,176.98,1,9361.45,13992.63,9000.398095238095,8463.174214077419,0.0032,100.0,0.0,23,650,0.0,305.38,3,1.0,1.0,2026-06-29 19:53:58.413448+00:00
4045,27.0,102.13,2,22527.07,13850.677333333333,13282.712040816326,12758.81825666228,0.3457,100.0,0.0,125,568,172.94,758.19,7,0.0,3.0,2026-06-29 19:53:58.413448+00:00
4076,0.0,0.0,0,0.0,11069.06,11021.5975,67.87161828592303,0.9128,100.0,0.0,92,756,104.22,104.22,1,1.0,0.0,2026-06-29 19:53:58.413448+00:00
4081,5.0,144.75,2,16259.94,14129.295625,10298.933888888889,6483.778876307886,0.6284,100.0,0.0,33,694,226.37,754.91,7,2.0,2.0,2026-06-29 19:53:58.413448+00:00
4082,9.0,0.0,1,9690.47,-63.27,281.8218181818182,458.60483169199125,0.2116,100.0,0.0,34,757,0.0,144.4,1,0.0,1.0,2026-06-29 19:53:58.413448+00:00
4094,0.0,56.29,0,0.0,7878.79,3973.477857142857,3958.422113864453,0.063,100.0,0.0,115,719,41.99,85.62,2,1.0,0.0,2026-06-29 19:53:58.413448+00:00
4101,64.0,62.77,2,18156.23,4341.817692307693,5960.045531914893,12358.196998495905,0.1313,100.0,0.0,3,693,323.32,609.1,6,0.0,0.0,2026-06-29 19:53:58.413448+00:00
4118,3.0,0.0,2,14503.61,6076.698333333334,6548.662631578947,6922.764416214729,0.7463,100.0,0.0,76,676,242.98,502.55,2,0.0,0.0,2026-06-29 19:53:58.413448+00:00
4136,22.0,91.2,3,28657.27,7024.013333333333,6105.4,15717.332418358686,0.2447,100.0,0.0,7,679,0.0,613.81,4,1.0,0.0,2026-06-29 19:53:58.413448+00:00
4138,19.0,61.62,2,16870.37,6813.828888888889,9744.12511627907,13941.240610693103,0.9494,100.0,0.0,36,729,643.55,1653.86,11,1.0,1.0,2026-06-29 19:53:58.413448+00:00
4149,13.0,50.21,2,19097.05,18191.218,15168.55375,20756.493526728776,0.5445,100.0,0.0,59,795,563.46,734.74,7,1.0,0.0,2026-06-29 19:53:58.413448+00:00
4150,0.0,102.06,2,12909.89,6509.46,5667.378333333333,5144.778515400691,0.7119,100.0,0.0,69,665,98.34,288.37,3,0.0,1.0,2026-06-29 19:53:58.413448+00:00
4154,54.0,107.11,3,22690.53,14046.476666666667,12532.61564102564,17276.467042852044,0.0287,100.0,0.0,8,640,669.49,7540.48,9,2.0,0.0,2026-06-29 19:53:58.413448+00:00
4166,8.0,135.57,3,21221.8,7034.01625,6885.797291666667,6299.168722304998,0.6414,100.0,0.0,48,626,447.78,1045.39,8,3.0,0.0,2026-06-29 19:53:58.413448+00:00
4211,18.0,87.22,1,8999.73,2966.86,6953.94875,6669.231673657842,0.1689,100.0,0.0,55,674,357.49,776.88,6,1.0,0.0,2026-06-29 19:53:58.413448+00:00
4215,70.0,89.43,3,25884.26,-23737.113,-15571.414117647058,17967.782168465383,0.8508,100.0,0.0,41,730,297.76,1343.48,6,3.0,1.0,2026-06-29 19:53:58.413448+00:00
4238,24.0,20.79,3,31719.83,2142.4236363636364,3351.138275862069,8042.50554809552,0.2147,100.0,0.0,44,684,0.0,346.69,4,1.0,2.0,2026-06-29 19:53:58.413448+00:00
4239,0.0,43.01,0,0.0,12556.966666666667,12564.518,262.6025784319205,0.4204,100.0,0.0,91,722,100.02,561.5,6,0.0,1.0,2026-06-29 19:53:58.413448+00:00
4243,0.0,36.15,1,7717.49,4831.076666666667,4936.961818181818,290.4447883636466,0.0316,100.0,0.0,80,742,121.17,477.38,4,0.0,0.0,2026-06-29 19:53:58.413448+00:00
4297,0.0,94.48,1,11532.23,9306.385,12286.096136363636,5666.648253171808,0.7244,100.0,0.0,26,690,235.16,876.41,6,1.0,1.0,2026-06-29 19:53:58.413448+00:00
4300,58.0,0.0,2,24082.8,5815.83947368421,6129.13756097561,8549.34884306045,0.5435,100.0,0.0,60,695,210.74,1259.67,8,1.0,2.0,2026-06-29 19:53:58.413448+00:00
4324,0.0,120.84,1,10757.82,4767.59,4884.294883720931,3592.799496919108,0.7182,100.0,0.0,39,607,252.83,1388.57,9,2.0,1.0,2026-06-29 19:53:58.413448+00:00
4346,20.0,40.99,1,10653.25,14579.595,11836.803684210527,9878.762227235497,0.7461,100.0,0.0,98,798,0.0,335.45,2,0.0,1.0,2026-06-29 19:53:58.413448+00:00
4348,0.0,128.91,1,7889.14,19924.01125,15091.2425,10625.086552868112,0.7217,100.0,0.0,96,704,0.0,1128.42,5,1.0,0.0,2026-06-29 19:53:58.413448+00:00
4375,65.0,13.03,2,17045.68,-15790.9675,-12471.325,4118.466482736627,0.019,100.0,0.0,86,767,0.0,229.52,2,1.0,0.0,2026-06-29 19:53:58.413448+00:00
4380,37.0,203.46,3,25827.63,3211.29,3411.1040625,7034.41123519626,0.1997,100.0,0.0,12,687,9611.55,9929.71,6,4.0,2.0,2026-06-29 19:53:58.413448+00:00
4396,4.0,18.77,1,9612.08,22142.503,23954.29243902439,11886.219060001737,0.7934,100.0,0.0,88,731,501.17,705.81,8,1.0,2.0,2026-06-29 19:53:58.413448+00:00
4420,38.0,0.0,3,24867.38,-3217.536666666667,-3622.9815384615385,6848.1144009856935,0.5813,100.0,0.0,48,773,0.0,395.72,4,1.0,1.0,2026-06-29 19:53:58.413448+00:00
4421,46.0,137.82,1,8855.16,154.306,1392.0432558139535,6068.446138593578,0.3208,100.0,0.0,40,628,532.43,988.71,7,3.0,1.0,2026-06-29 19:53:58.413448+00:00
4437,58.0,76.29,5,36018.7,1875.4254545454546,2123.802195121951,6578.589570049422,0.0419,100.0,0.0,88,613,300.8,743.03,6,0.0,0.0,2026-06-29 19:53:58.413448+00:00
4448,5.0,24.76,3,22799.02,9253.924210526317,8731.410625,7199.523779566998,0.4955,100.0,0.0,41,774,43.89,1167.37,9,1.0,0.0,2026-06-29 19:53:58.413448+00:00
4458,76.0,73.02,4,38702.73,3345.927142857143,6959.275652173913,17541.170771338544,0.3743,100.0,0.0,55,709,264.12,9518.18,11,6.0,1.0,2026-06-29 19:53:58.413448+00:00
4465,68.0,49.18,4,31359.71,5232.05625,5752.876086956522,15248.898957997204,0.3337,100.0,0.0,25,671,11521.04,12408.24,10,3.0,0.0,2026-06-29 19:53:58.413448+00:00
4466,57.0,93.74,5,41014.64,2186.785625,2507.589574468085,15214.576849142242,0.0104,100.0,0.0,17,704,36.67,9564.88,6,2.0,1.0,2026-06-29 19:53:58.413448+00:00
4474,36.0,67.7,2,14834.67,7854.949230769231,6929.328048780488,10571.071874700272,0.0203,100.0,0.0,117,686,6115.38,7384.85,11,5.0,4.0,2026-06-29 19:53:58.413448+00:00
4486,0.0,20.98,0,0.0,11456.29,10219.820555555556,2606.9944353826995,0.0033,100.0,0.0,132,753,23.11,50.98,2,0.0,0.0,2026-06-29 19:53:58.413448+00:00
4500,17.0,18.11,1,7649.29,3869.741666666667,3618.670612244898,1845.7014601372528,0.1799,100.0,0.0,65,711,0.0,516.81,5,4.0,1.0,2026-06-29 19:53:58.413448+00:00
4569,12.0,58.32,1,8208.48,14191.085,12819.505,9822.737440692496,0.1499,100.0,0.0,72,714,225.22,753.3,7,2.0,3.0,2026-06-29 19:53:58.413448+00:00
4592,0.0,0.0,1,7385.59,3845.64,6982.134285714285,3670.186673535617,0.6248,100.0,0.0,15,707,137.86,137.86,1,2.0,1.0,2026-06-29 19:53:58.413448+00:00
4602,18.0,112.58,2,16943.76,8032.921333333334,9694.851153846153,9554.20920237035,0.7967,100.0,0.0,68,614,291.94,752.24,9,0.0,2.0,2026-06-29 19:53:58.413448+00:00
4604,20.0,26.85,3,33885.23,-92.503,1797.2691304347827,6397.9107002881965,0.2978,100.0,0.0,15,645,0.0,12697.08,8,1.0,1.0,2026-06-29 19:53:58.413448+00:00
4608,31.0,145.75,4,34724.24,4384.866923076923,3157.9689743589743,10075.00646101851,0.2511,100.0,0.0,11,677,900.12,6972.16,9,0.0,2.0,2026-06-29 19:53:58.413448+00:00
4621,30.0,202.48,3,25320.94,15965.061764705883,13022.332916666666,12721.264017721713,0.2255,100.0,0.0,32,833,238.31,1018.98,7,0.0,1.0,2026-06-29 19:53:58.413448+00:00
4637,11.0,30.12,1,8456.36,-7875.67,-2099.037222222222,4087.5790119917706,0.8069,100.0,0.0,108,765,0.0,8825.12,3,0.0,0.0,2026-06-29 19:53:58.413448+00:00
4642,14.0,34.79,1,10092.28,-2646.825,-2512.792,129.17237884315668,0.9068,100.0,0.0,105,811,102.4,102.4,1,0.0,0.0,2026-06-29 19:53:58.413448+00:00
4655,27.0,13.1,2,16424.83,-10228.3025,-10309.536666666667,103.70019862833222,0.2067,100.0,0.0,51,715,0.0,268.33,3,0.0,2.0,2026-06-29 19:53:58.413448+00:00
4670,39.0,142.05,2,21798.86,2120.617222222222,3047.71775,5530.63217444276,0.6519,100.0,0.0,52,836,165.13,770.95,9,0.0,0.0,2026-06-29 19:53:58.413448+00:00
4684,71.0,0.0,2,19870.96,-14154.647,-11227.473928571428,16390.055305703416,0.3329,100.0,0.0,13,744,0.0,485.86,4,0.0,0.0,2026-06-29 19:53:58.413448+00:00
4686,78.0,79.12,3,27283.09,-1577.4611111111112,-5322.196111111111,14977.575774653382,0.4512,100.0,0.0,28,723,119.41,628.23,6,4.0,1.0,2026-06-29 19:53:58.413448+00:00
4691,29.0,123.45,4,35563.14,-4582.2127272727275,-749.614705882353,13881.545615401688,0.1578,100.0,0.0,14,600,0.0,461.86,4,2.0,0.0,2026-06-29 19:53:58.413448+00:00
4694,0.0,73.72,1,10623.96,8967.154545454545,11256.424888888889,10055.409287015758,0.9716,100.0,0.0,23,612,59.14,688.51,9,0.0,0.0,2026-06-29 19:53:58.413448+00:00
4695,19.0,81.81,1,5439.77,10501.703846153847,10220.315416666666,4112.675681718927,0.5556,100.0,0.0,92,720,0.0,231.2,2,0.0,1.0,2026-06-29 19:53:58.413448+00:00
4699,117.0,43.62,3,23405.61,-6055.628571428571,-5167.986666666667,5483.33875169524,0.7888,100.0,0.0,2,736,99.19,6128.36,8,4.0,0.0,2026-06-29 19:53:58.413448+00:00
4716,99.0,62.18,4,36792.89,-11626.90705882353,-8025.7769565217395,17972.043170594727,0.4163,100.0,0.0,40,714,32.73,1438.8,9,0.0,3.0,2026-06-29 19:53:58.413448+00:00
4739,2.0,151.66,1,12186.88,3252.3025,3558.13,3147.8626365814685,0.0602,100.0,0.0,75,764,240.35,711.42,5,2.0,1.0,2026-06-29 19:53:58.413448+00:00
4772,14.0,147.39,1,5403.3,7685.036363636364,8969.858888888888,7032.276496183726,0.5258,100.0,0.0,97,696,184.72,1235.98,8,3.0,2.0,2026-06-29 19:53:58.413448+00:00
4795,0.0,80.16,2,13309.97,3468.7478571428574,4522.877777777778,1882.1589161838617,0.0457,100.0,0.0,21,850,275.66,6604.62,4,1.0,0.0,2026-06-29 19:53:58.413448+00:00
4815,31.0,36.86,3,19946.47,-2910.977142857143,-1593.736,2181.4833635664077,0.9783,100.0,0.0,48,592,0.0,308.99,2,1.0,0.0,2026-06-29 19:53:58.413448+00:00
4827,75.0,82.44,4,37312.99,-5390.579166666666,-3049.906,27722.28951921518,0.8475,100.0,0.0,6,704,505.64,926.73,7,1.0,1.0,2026-06-29 19:53:58.413448+00:00
4830,72.0,36.67,3,24430.88,-9585.464375,-8640.704285714286,10963.524646280466,0.875,100.0,0.0,2,769,62.6,1245.13,9,1.0,0.0,2026-06-29 19:53:58.413448+00:00
4854,10.0,87.65,1,11555.66,3265.3492857142855,6254.583461538462,14130.140014733946,0.183,100.0,0.0,49,587,329.51,940.79,8,0.0,0.0,2026-06-29 19:53:58.413448+00:00
4864,80.0,122.4,3,28952.71,3176.6725,1873.742340425532,7514.278035032358,0.3985,100.0,0.0,17,714,10033.23,10462.25,6,2.0,2.0,2026-06-29 19:53:58.413448+00:00
4892,88.0,139.51,4,26199.25,-3440.2055555555557,-5045.484642857143,4421.267674796031,0.8332,100.0,0.0,133,762,6024.2,6290.4,2,0.0,0.0,2026-06-29 19:53:58.413448+00:00
4903,0.0,37.74,1,11417.92,39040.5775,38575.52533333333,2323.2972513215395,0.0363,100.0,0.0,104,718,70.3,700.3,3,0.0,0.0,2026-06-29 19:53:58.413448+00:00
4915,80.0,164.39,3,22424.89,5667.531764705883,3487.4245,14236.96639304754,0.0091,100.0,0.0,19,645,614.38,2228.58,11,1.0,1.0,2026-06-29 19:53:58.413448+00:00
4918,16.0,71.32,2,19114.95,-3764.4,-1273.3804545454545,7788.2455538712475,0.3965,100.0,0.0,69,594,0.0,7.51,1,1.0,0.0,2026-06-29 19:53:58.413448+00:00
4923,7.0,0.0,2,14109.77,7277.66,1768.4173333333333,7184.079241782222,0.1364,100.0,0.0,79,637,105.85,105.85,1,1.0,0.0,2026-06-29 19:53:58.413448+00:00
4955,0.0,0.0,0,0.0,20017.4475,25004.952222222222,9635.714903255352,0.901,100.0,0.0,39,675,0.0,493.56,3,1.0,0.0,2026-06-29 19:53:58.413448+00:00
4987,9.0,54.27,1,5058.6,12118.961153846154,10960.754074074073,4948.19771640131,0.5796,100.0,0.0,52,593,5937.72,7685.76,17,1.0,0.0,2026-06-29 19:53:58.413448+00:00
4990,29.0,70.07,3,30978.97,5085.772352941177,3270.5275,8552.422271932015,0.9836,100.0,0.0,21,800,383.38,759.97,5,0.0,1.0,2026-06-29 19:53:58.413448+00:00
493,84.0,74.81,4,36261.23,-11039.77,-2261.611379310345,16045.064226915118,0.0005,100.0,0.0,98,686,0.0,96.94,0,0.0,0.0,2026-06-29 19:53:58.413448+00:00
795,0.0,0.0,0,0.0,20330.6,20330.6,91.51999999999862,0.9139,100.0,0.0,16,669,0.0,116.58,0,0.0,0.0,2026-06-29 19:53:58.413448+00:00
1214,8.0,0.0,3,32620.24,6268.638571428572,7536.152777777777,2842.1843935934207,0.4869,100.0,0.0,98,622,10878.58,10878.58,0,0.0,0.0,2026-06-29 19:53:58.413448+00:00
1245,0.0,36.58,1,5710.94,8439.015,12062.933846153846,2359.657975997425,0.501,100.0,0.0,114,680,0.0,184.25,0,4.0,1.0,2026-06-29 19:53:58.413448+00:00
1259,57.0,10.23,2,17942.15,2933.28,2018.067391304348,7997.322991989919,0.4482,100.0,0.0,113,598,0.0,338.1,0,0.0,2.0,2026-06-29 19:53:58.413448+00:00
607,6.0,145.41,2,11156.44,1777.31,6949.599166666667,7888.606790456789,0.8215,100.0,0.0,120,777,0.0,0.0,0,1.0,0.0,2026-06-29 19:53:58.413448+00:00
1051,0.0,32.05,0,0.0,2058.7233333333334,1977.588,119.8767821389947,0.3434,100.0,0.0,58,687,0.0,0.0,0,1.0,0.0,2026-06-29 19:53:58.413448+00:00
1430,5.0,0.0,1,11036.76,0.0,-2209.985,4146.523282875064,0.8023,100.0,0.0,83,779,0.0,0.0,0,1.0,0.0,2026-06-29 19:53:58.413448+00:00
1884,27.0,0.0,1,5790.9,25366.09,3074.81,20007.96300079601,0.6881,100.0,0.0,59,695,0.0,0.0,0,0.0,0.0,2026-06-29 19:53:58.413448+00:00
2554,22.0,13.51,1,8315.75,5522.3,3922.4666666666667,2957.419431640437,0.0526,100.0,0.0,125,775,0.0,0.0,0,1.0,0.0,2026-06-29 19:53:58.413448+00:00
2686,2.0,16.81,2,18656.26,5125.13,4933.785,175.71653251757508,0.5127,100.0,0.0,21,760,0.0,0.0,0,0.0,0.0,2026-06-29 19:53:58.413448+00:00
2854,0.0,98.2,0,0.0,32038.41,30912.536875,2826.63837700371,0.5469,100.0,0.0,141,754,0.0,0.0,0,0.0,0.0,2026-06-29 19:53:58.413448+00:00
2929,0.0,0.0,0,0.0,0.0,26899.86,248.39900064211176,0.818,100.0,0.0,115,727,0.0,0.0,0,1.0,0.0,2026-06-29 19:53:58.413448+00:00
3059,20.0,0.0,1,7991.17,-3878.4,-3865.632857142857,166.35578127394706,0.7528,100.0,0.0,61,641,0.0,0.0,0,0.0,0.0,2026-06-29 19:53:58.413448+00:00
3166,0.0,0.0,0,0.0,6853.275,6582.575,216.2454478711632,0.0787,100.0,0.0,143,704,0.0,0.0,0,0.0,0.0,2026-06-29 19:53:58.413448+00:00
3931,10.0,188.1,4,29906.93,5201.748,4793.397307692308,6871.168794117791,0.2078,100.0,0.0,74,643,0.0,0.0,0,1.0,1.0,2026-06-29 19:53:58.413448+00:00
4158,0.0,71.3,0,0.0,14138.027142857143,14100.791666666666,204.59440212419247,0.0797,100.0,0.0,99,635,0.0,0.0,0,0.0,0.0,2026-06-29 19:53:58.413448+00:00
4188,0.0,32.79,0,0.0,36224.49,30273.04,7212.271525013806,0.7952,100.0,0.0,93,782,0.0,0.0,0,1.0,0.0,2026-06-29 19:53:58.413448+00:00
11,0.0,54.41,0,0.0,5854.801111111111,5662.7517391304345,546.2293776921863,0.2458,100.0,0.0,123,707,0.0,687.7,4,2.0,1.0,2026-06-29 19:53:58.413448+00:00
19,62.0,58.96,4,32776.11,-5574.859333333334,-4935.675128205128,10675.193099273167,0.2696,100.0,0.0,21,744,6322.75,6859.76,10,1.0,2.0,2026-06-29 19:53:58.413448+00:00
40,4.0,40.77,2,16594.25,-99.671,1524.5214814814815,5653.242478462536,0.2734,100.0,0.0,16,695,77.33,1052.86,7,2.0,2.0,2026-06-29 19:53:58.413448+00:00
50,55.0,73.15,2,19746.92,-867.0688888888889,-893.42,9892.156545305366,0.1764,100.0,0.0,36,817,132.66,551.29,5,1.0,1.0,2026-06-29 19:53:58.413448+00:00
64,36.0,132.52,6,50791.77,972.488,574.9529268292683,5851.468042922863,0.082,100.0,0.0,4,693,283.68,7178.85,6,3.0,1.0,2026-06-29 19:53:58.413448+00:00
72,100.0,58.67,2,12943.41,5771.182307692307,3072.207575757576,13615.523641232088,0.4134,100.0,0.0,33,848,150.31,6667.95,7,1.0,2.0,2026-06-29 19:53:58.413448+00:00
89,29.0,64.5,1,12115.6,-2970.1644444444446,-595.0126086956521,4957.614233779254,0.6964,100.0,0.0,125,706,147.04,617.02,7,0.0,2.0,2026-06-29 19:53:58.413448+00:00
94,0.0,111.57,1,6562.6,11377.288181818181,9960.210625,6696.6226750411,0.6063,100.0,0.0,12,563,234.79,567.22,4,2.0,0.0,2026-06-29 19:53:58.413448+00:00
102,0.0,76.67,0,0.0,16262.753333333334,16015.035555555556,6576.297910454963,0.3225,100.0,0.0,43,573,0.0,310.96,2,1.0,1.0,2026-06-29 19:53:58.413448+00:00
118,0.0,168.04,1,8261.2,7135.7475,8653.56925,9987.049460969038,0.9461,100.0,0.0,30,706,647.05,1127.06,9,3.0,1.0,2026-06-29 19:53:58.413448+00:00
132,0.0,0.0,0,0.0,22695.735,22726.34,194.05118089730607,0.5197,100.0,0.0,98,673,229.53,229.53,1,1.0,0.0,2026-06-29 19:53:58.413448+00:00
138,24.0,123.83,2,17171.45,9141.952,6328.5076,15229.689252242859,0.5074,100.0,0.0,117,749,1080.04,1542.83,13,2.0,1.0,2026-06-29 19:53:58.413448+00:00
157,0.0,102.96,2,19038.83,2634.2525,5097.884137931034,5404.934129356223,0.3579,100.0,0.0,59,641,224.41,342.48,4,3.0,2.0,2026-06-29 19:53:58.413448+00:00
200,44.0,52.31,3,21385.97,14042.2475,8727.640967741936,12147.812575402151,0.3824,100.0,0.0,67,844,89.97,553.62,6,2.0,2.0,2026-06-29 19:53:58.413448+00:00
209,57.0,133.72,3,19568.63,2155.036875,2731.6776470588234,8295.894679790883,0.1347,100.0,0.0,77,687,354.75,6875.78,10,1.0,1.0,2026-06-29 19:53:58.413448+00:00
213,0.0,75.22,1,6273.34,11025.544,11313.466,3950.1050742487505,0.9541,100.0,0.0,70,582,162.84,1691.56,7,2.0,2.0,2026-06-29 19:53:58.413448+00:00
229,0.0,0.0,1,7023.22,20545.298333333332,20555.105,159.3487261480309,0.4635,100.0,0.0,28,649,167.85,379.53,2,0.0,2.0,2026-06-29 19:53:58.413448+00:00
268,31.0,134.09,3,33633.87,-3171.24375,-230.60484848484847,8085.316269184877,0.4236,100.0,0.0,128,756,80.15,889.31,4,3.0,3.0,2026-06-29 19:53:58.413448+00:00
271,83.0,46.98,4,33035.83,-1011.6133333333333,-9692.561666666666,13820.268255471525,0.6133,100.0,0.0,12,734,70.72,515.64,4,3.0,0.0,2026-06-29 19:53:58.413448+00:00
283,68.0,177.93,3,27244.89,4590.191666666667,5044.473666666667,13544.124622776399,0.5147,100.0,0.0,24,703,759.96,1377.22,7,4.0,1.0,2026-06-29 19:53:58.413448+00:00
287,0.0,82.86,1,7061.11,9116.832222222221,7015.635909090909,2811.225565981025,0.7031,100.0,0.0,104,704,322.48,618.93,6,0.0,1.0,2026-06-29 19:53:58.413448+00:00
304,32.0,17.82,4,34200.4,10417.684666666666,10881.327,8051.123843162477,0.3027,100.0,0.0,7,737,431.18,1526.37,8,2.0,3.0,2026-06-29 19:53:58.413448+00:00
315,75.0,75.18,5,48454.25,-11384.6475,-5556.610697674419,18942.8904044567,0.2564,100.0,0.0,25,720,125.83,380.45,3,1.0,2.0,2026-06-29 19:53:58.413448+00:00
321,0.0,110.76,0,0.0,6370.525,5304.881176470588,7117.676017717219,0.7047,100.0,0.0,85,805,0.0,256.38,2,1.0,0.0,2026-06-29 19:53:58.413448+00:00
322,6.0,63.0,2,15023.88,731.59,3950.2955555555554,10348.578128092975,0.1071,100.0,0.0,63,638,226.96,411.57,4,1.0,1.0,2026-06-29 19:53:58.413448+00:00
369,0.0,145.73,1,11052.84,7330.2125,9185.652083333332,3385.7980237862425,0.2869,100.0,0.0,5,723,197.64,639.0,4,2.0,0.0,2026-06-29 19:53:58.413448+00:00
396,0.0,33.35,0,0.0,11439.876666666667,12181.150714285714,2962.7606218440073,0.9084,100.0,0.0,5,701,134.28,204.84,3,2.0,1.0,2026-06-29 19:53:58.413448+00:00
397,0.0,73.14,0,0.0,13900.052857142857,13120.041212121212,4915.069189771856,0.9065,100.0,0.0,24,651,85.14,1024.99,8,0.0,1.0,2026-06-29 19:53:58.413448+00:00
406,46.0,103.23,3,27215.67,777.9005882352941,2775.4373684210527,8972.515639253303,0.377,100.0,0.0,3,684,193.68,1497.62,11,2.0,1.0,2026-06-29 19:53:58.413448+00:00
427,63.0,0.0,1,10106.35,-6789.216,-4685.656875,9504.233852183515,0.5891,100.0,0.0,31,779,114.19,327.78,5,0.0,1.0,2026-06-29 19:53:58.413448+00:00
443,14.0,123.19,1,6227.47,8401.965,6727.0915625,6666.945549892334,0.6097,100.0,0.0,57,840,82.38,516.86,5,2.0,1.0,2026-06-29 19:53:58.413448+00:00
444,9.0,23.63,1,12056.01,-7968.5525,1281.3242857142857,12654.09484315239,0.2106,100.0,0.0,5,687,0.0,111.99,1,2.0,2.0,2026-06-29 19:53:58.413448+00:00
455,0.0,79.51,0,0.0,12043.0025,12124.94375,144.21173790103742,0.1497,100.0,0.0,2,748,0.0,111.18,2,0.0,0.0,2026-06-29 19:53:58.413448+00:00
456,64.0,104.6,4,41253.41,-3771.5471428571427,-2430.1235714285713,12602.473829155217,0.9088,100.0,0.0,99,770,0.0,12531.25,10,1.0,1.0,2026-06-29 19:53:58.413448+00:00
464,0.0,72.56,1,5788.92,12610.861666666666,14182.33375,2013.7645897460009,0.7821,100.0,0.0,1,745,45.77,467.81,5,0.0,0.0,2026-06-29 19:53:58.413448+00:00
488,64.0,138.78,1,10426.0,-638.141,-2387.807142857143,11836.956461351354,0.0216,100.0,0.0,87,850,58.62,692.73,7,0.0,0.0,2026-06-29 19:53:58.413448+00:00
490,10.0,12.04,1,9418.74,10274.80956521739,10398.495925925927,6209.958276493853,0.293,100.0,0.0,27,657,155.13,2007.45,14,0.0,2.0,2026-06-29 19:53:58.413448+00:00
515,60.0,69.75,2,19148.06,-495.08736842105264,-1328.056511627907,14855.194367478685,0.4826,100.0,0.0,81,719,360.84,689.46,9,3.0,5.0,2026-06-29 19:53:58.413448+00:00
516,67.0,95.82,5,41442.04,-2524.18125,-1580.7427083333334,9253.547020330885,0.5889,100.0,0.0,97,526,400.45,713.98,4,1.0,2.0,2026-06-29 19:53:58.413448+00:00
526,100.0,243.15,4,36237.16,1679.6909090909091,758.9074418604652,17949.38480475997,0.1952,100.0,0.0,97,673,88.85,720.4,8,1.0,2.0,2026-06-29 19:53:58.413448+00:00
555,22.0,59.82,1,6939.71,-51.73,-105.59461538461538,836.0606820138521,0.0312,100.0,0.0,125,667,47.47,187.13,2,2.0,0.0,2026-06-29 19:53:58.413448+00:00
566,17.0,104.69,1,7820.85,15976.611818181818,8794.908571428572,10433.502350595247,0.9767,100.0,0.0,11,846,0.0,366.75,3,3.0,0.0,2026-06-29 19:53:58.413448+00:00
576,76.0,130.35,4,31182.37,9947.90375,7859.642156862745,11952.508795211534,0.2449,100.0,0.0,35,669,315.18,1313.58,10,3.0,4.0,2026-06-29 19:53:58.413448+00:00
594,61.0,109.62,2,13902.14,10825.023333333333,13783.803260869565,26475.847480370718,0.8299,100.0,0.0,81,759,250.65,604.96,5,0.0,0.0,2026-06-29 19:53:58.413448+00:00
601,0.0,32.62,2,15616.87,18376.41625,18388.623684210525,6589.51343888493,0.105,100.0,0.0,18,649,47.38,228.13,3,1.0,2.0,2026-06-29 19:53:58.413448+00:00
636,30.0,224.84,5,44137.64,2738.2053333333333,5924.139772727272,9678.071352264602,0.1576,100.0,0.0,16,648,0.0,1136.05,9,2.0,1.0,2026-06-29 19:53:58.413448+00:00
705,0.0,30.04,1,6723.01,11444.069,9955.84111111111,5980.661900948901,0.5451,100.0,0.0,122,776,377.17,691.84,5,1.0,0.0,2026-06-29 19:53:58.413448+00:00
733,28.0,146.31,4,37640.86,10945.14388888889,11834.9394,6456.35313873416,0.0124,100.0,0.0,62,792,7005.1,7962.04,10,1.0,5.0,2026-06-29 19:53:58.413448+00:00
736,24.0,65.72,1,9832.03,3837.891,6948.7856,10140.730854646283,0.0707,100.0,0.0,28,709,401.86,572.59,6,3.0,2.0,2026-06-29 19:53:58.413448+00:00
743,31.0,100.43,3,28705.87,-125.2575,472.44054054054055,9463.149095853401,0.2258,100.0,0.0,73,674,155.2,193.47,2,0.0,0.0,2026-06-29 19:53:58.413448+00:00
766,38.0,88.09,5,42271.49,4375.1038461538465,4149.886666666666,10848.457937455061,0.5866,100.0,0.0,54,727,274.78,802.29,4,1.0,0.0,2026-06-29 19:53:58.413448+00:00
769,0.0,159.09,0,0.0,20616.073333333334,20393.748157894737,967.3988556238826,0.7472,100.0,0.0,2,705,0.0,485.96,5,2.0,0.0,2026-06-29 19:53:58.413448+00:00
806,102.0,90.41,4,39437.49,5837.61,3000.8436538461538,13247.190111972806,0.3305,100.0,0.0,5,817,208.67,1364.19,11,3.0,4.0,2026-06-29 19:53:58.413448+00:00
835,13.0,41.14,2,20398.55,1581.0828571428572,1912.441875,1096.186654368331,0.8155,100.0,0.0,27,782,116.07,228.77,3,1.0,0.0,2026-06-29 19:53:58.413448+00:00
845,82.0,215.17,2,18959.11,-4724.222,-2335.3353488372095,5687.663303368808,0.412,100.0,0.0,107,725,0.0,923.25,7,4.0,3.0,2026-06-29 19:53:58.413448+00:00
846,0.0,98.18,2,10508.95,9968.275384615385,7666.738055555556,7280.655662523108,0.9376,100.0,0.0,90,645,317.64,1111.63,8,1.0,1.0,2026-06-29 19:53:58.413448+00:00
847,46.0,0.0,3,23376.36,-15672.854285714286,-13523.88,15227.087250488848,0.774,100.0,0.0,25,741,85.48,438.58,4,2.0,1.0,2026-06-29 19:53:58.413448+00:00
850,86.0,0.0,4,37738.83,-7478.145833333333,-4946.011052631579,16533.115484309594,0.2999,100.0,0.0,59,794,68.44,791.73,3,1.0,0.0,2026-06-29 19:53:58.413448+00:00
862,45.0,158.53,2,15542.29,2897.5588235294117,3378.7051282051284,7969.430496031461,0.5496,100.0,0.0,48,651,221.56,8037.83,10,0.0,0.0,2026-06-29 19:53:58.413448+00:00
863,7.0,0.0,2,17823.91,4940.3788888888885,3262.1995833333335,6094.990767902825,0.486,100.0,0.0,98,681,7603.02,8411.45,7,2.0,1.0,2026-06-29 19:53:58.413448+00:00
872,0.0,142.02,0,0.0,16261.87,16160.443,2731.104286159904,0.3723,100.0,0.0,9,795,486.71,746.5,5,1.0,2.0,2026-06-29 19:53:58.413448+00:00
917,4.0,51.04,2,14987.35,-643.38,813.294,5532.169425696869,0.7396,100.0,0.0,41,735,128.06,128.06,1,0.0,0.0,2026-06-29 19:53:58.413448+00:00
925,108.0,22.98,4,37873.55,-8054.850769230769,-6673.809130434783,11278.267137999579,0.1217,100.0,0.0,76,740,201.88,1054.57,10,1.0,2.0,2026-06-29 19:53:58.413448+00:00
948,91.0,112.99,5,41059.35,-11591.788333333334,-10377.789615384616,2962.5040882860217,0.8584,100.0,0.0,34,725,0.0,691.48,3,1.0,1.0,2026-06-29 19:53:58.413448+00:00
965,56.0,71.39,1,11033.57,91.76230769230769,122.32741935483871,4176.042298551373,0.9194,100.0,0.0,7,794,300.55,1510.72,8,2.0,2.0,2026-06-29 19:53:58.413448+00:00
987,3.0,73.27,1,9661.96,3350.471,5523.615897435898,2647.652362038777,0.5489,100.0,0.0,57,588,9864.8,10273.8,5,1.0,2.0,2026-06-29 19:53:58.413448+00:00
1002,1.0,98.89,0,0.0,2072.8533333333335,5461.531666666667,6322.638873104968,0.4067,100.0,0.0,14,646,41.66,176.87,2,2.0,1.0,2026-06-29 19:53:58.413448+00:00
1013,0.0,0.0,1,5127.05,17521.29,12873.114545454546,3582.990506942905,0.2085,100.0,0.0,56,804,0.0,411.51,2,1.0,0.0,2026-06-29 19:53:58.413448+00:00
1026,24.0,116.09,1,5646.81,10093.989285714286,8867.579677419355,6495.670606694935,0.526,100.0,0.0,73,679,0.0,738.68,5,3.0,1.0,2026-06-29 19:53:58.413448+00:00
1033,43.0,242.74,4,37815.2,1839.1094736842106,7462.54306122449,11251.10773672638,0.3496,100.0,0.0,2,724,140.5,20494.19,7,4.0,3.0,2026-06-29 19:53:58.413448+00:00
1039,26.0,37.1,4,34934.58,-7824.023636363637,-4347.702424242424,12626.126194489163,0.6512,100.0,0.0,52,582,8319.85,16325.0,5,2.0,1.0,2026-06-29 19:53:58.413448+00:00
1065,26.0,36.11,0,0.0,6411.341666666666,5145.906470588236,7100.210342968672,0.8829,100.0,0.0,33,772,228.71,355.64,4,1.0,0.0,2026-06-29 19:53:58.413448+00:00
1071,24.0,0.0,1,8972.23,2545.47,2787.11,172.5716925222674,0.0565,100.0,0.0,92,772,0.0,265.97,2,3.0,0.0,2026-06-29 19:53:58.413448+00:00
1085,24.0,227.26,2,18608.53,18696.157857142858,13244.029285714285,14096.165772948323,0.3544,100.0,0.0,56,760,491.15,1074.48,9,1.0,2.0,2026-06-29 19:53:58.413448+00:00
1099,4.0,23.97,2,15720.95,11491.442727272728,10664.195714285714,7436.18823532375,0.8328,100.0,0.0,52,684,306.12,868.06,7,1.0,0.0,2026-06-29 19:53:58.413448+00:00
1144,9.0,0.0,2,19964.48,10150.71625,9843.824864864864,5615.316813659,0.1383,100.0,0.0,74,729,330.92,2136.25,13,4.0,2.0,2026-06-29 19:53:58.413448+00:00
1156,74.0,30.38,4,35662.35,-8500.109,-6600.2225,5097.722335753506,0.4964,100.0,0.0,13,850,167.17,7630.26,8,0.0,1.0,2026-06-29 19:53:58.413448+00:00
1176,53.0,117.59,3,22005.32,-6016.875,-1337.3242857142857,7790.265640602575,0.9129,100.0,0.0,70,782,114.13,303.67,3,2.0,0.0,2026-06-29 19:53:58.413448+00:00
1189,10.0,0.0,0,0.0,12691.6175,15175.865,12231.122661848322,0.3314,100.0,0.0,75,699,0.0,244.45,3,0.0,0.0,2026-06-29 19:53:58.413448+00:00
1218,0.0,70.19,0,0.0,16779.303333333333,18526.129130434783,5758.212185978734,0.309,100.0,0.0,61,748,57.32,342.5,4,0.0,1.0,2026-06-29 19:53:58.413448+00:00
1219,49.0,42.61,4,35263.01,495.353,-2091.0504166666665,10890.700629585961,0.7858,100.0,0.0,15,642,165.35,617.22,6,0.0,0.0,2026-06-29 19:53:58.413448+00:00
1224,0.0,41.78,2,16501.47,14701.169411764706,14431.556829268293,5026.2043707651555,0.1227,100.0,0.0,5,795,333.58,11959.71,7,0.0,2.0,2026-06-29 19:53:58.413448+00:00
1234,72.0,19.1,3,27432.1,-20578.503636363635,-15610.950357142858,10325.634676136475,0.0826,100.0,0.0,86,709,217.14,871.82,4,4.0,1.0,2026-06-29 19:53:58.413448+00:00
1260,61.0,30.37,3,20786.49,6844.098,7877.737777777777,9483.364171871683,0.799,100.0,0.0,50,746,119.11,1570.77,8,0.0,0.0,2026-06-29 19:53:58.413448+00:00
1296,40.0,238.24,2,20901.97,8129.91347826087,9455.040892857143,14507.649974595772,0.8106,100.0,0.0,50,692,425.49,1297.05,8,0.0,2.0,2026-06-29 19:53:58.413448+00:00
1310,0.0,42.08,0,0.0,17955.698,18109.6,9774.347183101561,0.6844,100.0,0.0,38,720,239.79,689.02,7,3.0,1.0,2026-06-29 19:53:58.413448+00:00
1314,36.0,61.71,2,15874.96,961.7011764705883,380.11,6496.594867528754,0.176,100.0,0.0,109,693,558.07,1414.79,12,0.0,1.0,2026-06-29 19:53:58.413448+00:00
1318,104.0,41.24,1,6664.69,-4489.083636363636,-4347.959,2809.4631281122615,0.3242,100.0,0.0,12,600,167.73,1189.94,7,0.0,1.0,2026-06-29 19:53:58.413448+00:00
1333,15.0,83.0,3,25750.87,15919.0515,12173.428,13260.968957710642,0.8241,100.0,0.0,47,673,1019.38,1945.97,13,4.0,2.0,2026-06-29 19:53:58.413448+00:00
1336,64.0,118.48,6,50695.42,-2654.935,-148.13125,7310.567653735701,0.8932,100.0,0.0,40,721,219.72,12489.63,8,4.0,2.0,2026-06-29 19:53:58.413448+00:00
1345,35.0,58.76,5,43401.47,165.51545454545453,1231.4172972972974,8953.91094230029,0.512,100.0,0.0,109,686,0.0,11704.43,6,0.0,1.0,2026-06-29 19:53:58.413448+00:00
1369,91.0,111.23,5,36962.2,-5041.413333333333,-3481.8514,8364.565047983662,0.4889,100.0,0.0,47,682,298.96,999.84,6,0.0,3.0,2026-06-29 19:53:58.413448+00:00
1403,59.0,47.66,1,6231.64,-971.33,585.8265853658537,9528.808796932877,0.0463,100.0,0.0,43,735,433.67,1834.44,8,0.0,1.0,2026-06-29 19:53:58.413448+00:00
1405,25.0,112.36,3,25914.15,8086.854545454546,5467.23,9575.084348872968,0.468,100.0,0.0,28,648,180.2,728.46,7,0.0,1.0,2026-06-29 19:53:58.413448+00:00
1415,2.0,0.0,1,9606.83,5851.528181818182,7258.612903225807,3989.342735570161,0.0183,100.0,0.0,55,748,10027.91,10161.99,5,0.0,0.0,2026-06-29 19:53:58.413448+00:00
1453,75.0,87.65,5,43116.33,-7337.651428571428,-7340.906,13497.841518282312,0.314,100.0,0.0,4,731,69.33,235.49,3,2.0,2.0,2026-06-29 19:53:58.413448+00:00
1461,0.0,39.91,0,0.0,12279.006,11699.09909090909,3029.8532203181426,0.948,100.0,0.0,123,717,0.0,207.43,2,0.0,0.0,2026-06-29 19:53:58.413448+00:00
1483,67.0,134.82,4,28425.05,-7152.656111111111,-3668.4753658536583,18693.34160597826,0.5653,100.0,0.0,9,559,5947.86,13240.06,8,0.0,1.0,2026-06-29 19:53:58.413448+00:00
1507,19.0,71.29,1,10177.53,19161.585555555557,16254.751666666667,8864.813656365917,0.0776,100.0,0.0,35,679,0.0,169.41,2,1.0,0.0,2026-06-29 19:53:58.413448+00:00
1528,0.0,65.96,1,9620.84,5121.52,7617.025652173913,5842.116641102091,0.345,100.0,0.0,94,694,295.43,10178.39,7,2.0,0.0,2026-06-29 19:53:58.413448+00:00
1535,19.0,0.0,1,9003.8,-2856.99,-2959.8771428571426,104.74214217991491,0.3536,100.0,0.0,94,693,0.0,42.42,1,0.0,0.0,2026-06-29 19:53:58.413448+00:00
1563,99.0,33.23,2,19642.1,-9631.405882352941,-9839.92731707317,11673.820455971827,0.0983,100.0,0.0,13,591,623.77,1072.28,9,1.0,2.0,2026-06-29 19:53:58.413448+00:00
1569,41.0,35.8,3,29277.97,857.9241666666667,1845.5518181818181,7516.892526678768,0.9713,100.0,0.0,7,731,154.4,769.0,9,3.0,2.0,2026-06-29 19:53:58.413448+00:00
1574,3.0,37.02,3,28829.9,3564.000769230769,3950.3106896551726,2978.854710941103,0.5736,100.0,0.0,128,771,58.82,10528.24,7,1.0,0.0,2026-06-29 19:53:58.413448+00:00
1577,20.0,56.22,1,5409.1,6702.671111111111,3601.1117647058823,4897.028120607333,0.1727,100.0,0.0,57,716,306.75,502.97,5,2.0,1.0,2026-06-29 19:53:58.413448+00:00
1586,73.0,26.49,3,28055.41,1612.15,727.4152173913044,5629.896689097017,0.0483,100.0,0.0,52,701,0.0,206.79,2,2.0,0.0,2026-06-29 19:53:58.413448+00:00
1601,49.0,49.61,3,25289.22,-12973.931666666667,-2992.8962962962964,10274.966542829805,0.061,100.0,0.0,55,679,297.52,13827.24,7,2.0,1.0,2026-06-29 19:53:58.413448+00:00
1625,84.0,69.74,2,19710.71,2573.165,4245.721111111111,4579.66944819212,0.6675,100.0,0.0,18,704,223.42,254.15,3,2.0,2.0,2026-06-29 19:53:58.413448+00:00
1627,15.0,95.55,2,21310.48,5799.78,7061.950512820513,11515.383010440568,0.6385,100.0,0.0,9,717,48.56,1246.06,9,2.0,1.0,2026-06-29 19:53:58.413448+00:00
1685,38.0,78.73,4,39595.8,10618.45125,7194.987027027027,13543.526117034835,0.515,100.0,0.0,2,846,722.22,2107.26,14,4.0,2.0,2026-06-29 19:53:58.413448+00:00
1698,0.0,104.29,1,10026.29,8477.644285714287,8485.329444444444,5604.925365835673,0.115,100.0,0.0,91,767,228.09,670.56,6,4.0,1.0,2026-06-29 19:53:58.413448+00:00
1710,38.0,56.52,1,5525.24,-1878.0966666666666,1950.235,7061.436660226216,0.8635,100.0,0.0,138,645,0.0,259.38,2,0.0,0.0,2026-06-29 19:53:58.413448+00:00
1718,53.0,45.98,4,37271.18,2840.717894736842,4433.183157894737,7163.002715597222,0.3279,100.0,0.0,16,755,154.18,9453.01,10,1.0,0.0,2026-06-29 19:53:58.413448+00:00
1736,0.0,39.74,0,0.0,16664.339,16999.267727272727,5204.791880733937,0.301,100.0,0.0,77,709,0.0,248.75,2,0.0,0.0,2026-06-29 19:53:58.413448+00:00
1746,62.0,140.77,2,15314.44,-973.558,1510.9457575757576,11056.181397230548,0.8609,100.0,0.0,75,790,658.19,10476.85,9,0.0,1.0,2026-06-29 19:53:58.413448+00:00
1752,55.0,43.69,3,19734.07,-5324.580625,-3982.3837037037038,24838.568704634687,0.0559,100.0,0.0,13,536,431.06,981.5,6,0.0,0.0,2026-06-29 19:53:58.413448+00:00
1753,109.0,39.41,4,35253.96,-8170.222857142857,-7159.665757575757,3932.8220305437408,0.9236,100.0,0.0,99,844,95.22,6171.34,6,1.0,0.0,2026-06-29 19:53:58.413448+00:00
1763,22.0,0.0,4,36791.55,7369.1866666666665,9808.821960784313,12458.700408831874,0.307,100.0,0.0,3,731,307.71,892.18,8,3.0,2.0,2026-06-29 19:53:58.413448+00:00
1775,24.0,0.0,0,0.0,-6766.96,-6733.118333333333,153.2258925482969,0.3741,100.0,0.0,139,688,0.0,322.7,1,0.0,0.0,2026-06-29 19:53:58.413448+00:00
1780,0.0,0.0,0,0.0,10156.21,10335.551428571429,124.68493406852959,0.4591,100.0,0.0,120,694,183.22,183.22,1,0.0,0.0,2026-06-29 19:53:58.413448+00:00
1792,13.0,42.3,1,5090.19,22080.13857142857,22297.25074074074,14238.574454730164,0.323,100.0,0.0,107,810,0.0,744.72,4,1.0,1.0,2026-06-29 19:53:58.413448+00:00
1802,8.0,0.0,2,18804.46,13099.414285714285,11155.48695652174,8602.675601231855,0.6639,100.0,0.0,18,739,173.69,878.52,5,0.0,0.0,2026-06-29 19:53:58.413448+00:00
1822,0.0,164.45,1,6222.81,5090.343333333333,5363.9371875,1646.1071484585216,0.5029,100.0,0.0,10,707,617.63,1157.89,9,1.0,2.0,2026-06-29 19:53:58.413448+00:00
1824,141.0,116.93,7,60255.7,-13695.338461538462,-11860.976170212765,18496.418196918683,0.0604,100.0,0.0,130,760,10231.22,10661.06,4,1.0,0.0,2026-06-29 19:53:58.413448+00:00
1825,41.0,45.44,3,29211.65,4278.486923076923,5021.415333333333,19959.310043095295,0.1068,100.0,0.0,63,850,0.0,11462.97,6,1.0,2.0,2026-06-29 19:53:58.413448+00:00
1826,55.0,78.35,3,27514.71,16602.032142857144,12482.162571428571,7308.584111350912,0.1007,100.0,0.0,103,683,352.69,517.31,4,2.0,1.0,2026-06-29 19:53:58.413448+00:00
1836,0.0,78.9,2,15789.53,1090.495,5368.135833333334,4291.762760382689,0.6966,100.0,0.0,25,676,61.05,176.89,3,1.0,0.0,2026-06-29 19:53:58.413448+00:00
1857,48.0,20.12,3,19911.27,-2798.364,-2207.3504347826088,3003.7095503070127,0.708,100.0,0.0,54,793,0.0,360.18,3,1.0,1.0,2026-06-29 19:53:58.413448+00:00
1859,49.0,19.9,2,20186.12,-11247.04,-2235.168,14227.69267469147,0.4019,100.0,0.0,41,676,157.58,463.84,4,0.0,1.0,2026-06-29 19:53:58.413448+00:00
1860,0.0,0.0,0,0.0,3371.3825,3284.730909090909,90.00558346878019,0.4912,100.0,0.0,67,726,0.0,234.22,2,0.0,0.0,2026-06-29 19:53:58.413448+00:00
1878,10.0,99.08,2,16386.98,13711.08125,12618.088709677419,7684.89116515855,0.8272,100.0,0.0,19,674,52.28,487.32,3,2.0,3.0,2026-06-29 19:53:58.413448+00:00
1889,46.0,41.44,3,25032.41,335.19083333333333,1996.41775,5213.056652402368,0.7981,100.0,0.0,102,732,88.52,9261.06,7,2.0,1.0,2026-06-29 19:53:58.413448+00:00
1893,15.0,75.08,4,29861.32,14059.806666666667,15907.751860465116,14389.552423110972,0.0283,100.0,0.0,3,646,39.03,150.3,2,2.0,1.0,2026-06-29 19:53:58.413448+00:00
1897,16.0,35.64,1,10750.68,8483.831666666667,7024.452272727272,9980.676409278982,0.2655,100.0,0.0,38,624,251.4,627.35,3,1.0,1.0,2026-06-29 19:53:58.413448+00:00
1899,5.0,32.53,0,0.0,11937.364,7035.129,7123.2535170390365,0.3146,100.0,0.0,36,821,0.0,288.47,2,3.0,2.0,2026-06-29 19:53:58.413448+00:00
1925,12.0,144.16,2,16950.21,-1101.902857142857,801.17225,5893.621894339035,0.2166,100.0,0.0,13,740,230.3,678.95,5,0.0,3.0,2026-06-29 19:53:58.413448+00:00
1935,46.0,0.0,2,16549.39,-3585.29,-4091.75,357.512452309007,0.7531,100.0,0.0,120,813,89.32,89.32,1,0.0,0.0,2026-06-29 19:53:58.413448+00:00
1940,41.0,91.71,2,14045.53,6837.349090909091,4531.471851851852,6911.406485844835,0.6206,100.0,0.0,20,720,127.26,293.96,3,1.0,1.0,2026-06-29 19:53:58.413448+00:00
1947,1.0,47.05,2,16842.72,3061.5125,4484.010689655172,3237.5075582302334,0.0462,100.0,0.0,97,679,366.6,439.22,4,3.0,1.0,2026-06-29 19:53:58.413448+00:00
1962,28.0,17.32,1,11407.67,7094.628,4389.053333333333,6840.995782223195,0.2022,100.0,0.0,23,751,0.0,212.41,2,0.0,0.0,2026-06-29 19:53:58.413448+00:00
1966,0.0,29.02,1,8091.76,37378.70230769231,38898.586,22492.33339410914,0.1929,100.0,0.0,116,701,297.86,644.57,7,1.0,0.0,2026-06-29 19:53:58.413448+00:00
1968,0.0,65.76,1,8164.13,9353.746,10978.564782608695,7027.229245019052,0.9552,100.0,0.0,131,763,329.81,329.81,2,0.0,0.0,2026-06-29 19:53:58.413448+00:00
2007,91.0,295.1,6,49859.27,-8368.1992,-6793.216545454546,10660.530175913087,0.1427,100.0,0.0,43,767,292.2,11617.32,14,2.0,3.0,2026-06-29 19:53:58.413448+00:00
2009,29.0,57.81,4,38745.38,6556.134545454545,7461.106829268293,5374.819507018495,0.4678,100.0,0.0,105,700,313.61,885.55,6,2.0,1.0,2026-06-29 19:53:58.413448+00:00
2103,0.0,12.92,0,0.0,27760.492,23421.57,2910.685711752355,0.202,100.0,0.0,50,724,18.3,490.62,3,1.0,0.0,2026-06-29 19:53:58.413448+00:00
2106,22.0,14.14,2,15932.61,-3497.1685714285713,-3792.3972727272726,7002.1582981101765,0.3113,100.0,0.0,139,708,128.78,7868.33,5,0.0,1.0,2026-06-29 19:53:58.413448+00:00
2109,48.0,42.74,2,16055.26,11831.172307692308,12597.04,17553.007223444736,0.9182,100.0,0.0,30,719,284.17,598.95,5,2.0,4.0,2026-06-29 19:53:58.413448+00:00
2120,48.0,133.01,2,11310.41,3727.8855555555556,11222.864324324324,18847.702671446714,0.3648,100.0,0.0,26,707,94.73,633.35,6,3.0,4.0,2026-06-29 19:53:58.413448+00:00
2126,34.0,15.74,4,34971.59,-6015.69,-1410.63,5684.018634557117,0.1106,100.0,0.0,79,738,103.82,7609.7,1,0.0,0.0,2026-06-29 19:53:58.413448+00:00
2148,0.0,40.95,2,12327.54,9505.6825,7810.85,3629.915835139738,0.8634,100.0,0.0,92,663,44.0,387.02,3,1.0,1.0,2026-06-29 19:53:58.413448+00:00
2149,22.0,52.9,2,14697.5,17712.47818181818,14946.61,8124.45619390725,0.707,100.0,0.0,51,610,21.17,393.44,6,1.0,0.0,2026-06-29 19:53:58.413448+00:00
2153,113.0,65.14,2,17390.92,-1689.8752941176472,-2590.7274545454547,11545.560728483944,0.5033,100.0,0.0,40,678,330.25,1287.34,8,2.0,2.0,2026-06-29 19:53:58.413448+00:00
2155,64.0,216.14,4,28887.2,7603.3133333333335,6130.814583333334,17405.42983550481,0.034,100.0,0.0,8,682,193.5,1147.56,8,1.0,7.0,2026-06-29 19:53:58.413448+00:00
2203,0.0,194.86,1,6493.23,8267.555,6760.7852,5283.341830397211,0.8471,100.0,0.0,85,797,88.28,352.68,4,2.0,2.0,2026-06-29 19:53:58.413448+00:00
2216,66.0,72.58,0,0.0,3476.6529411764704,4168.212790697675,4402.135232288102,0.0296,100.0,0.0,13,675,329.51,677.05,4,2.0,1.0,2026-06-29 19:53:58.413448+00:00
2225,71.0,210.15,4,30100.49,-2734.824,-455.99142857142857,12478.205919296914,0.575,100.0,0.0,106,743,617.12,1216.87,10,1.0,2.0,2026-06-29 19:53:58.413448+00:00
2241,75.0,62.57,3,24370.74,-3430.395,-756.5740425531915,8291.789178845529,0.4755,100.0,0.0,8,601,415.79,677.38,4,1.0,1.0,2026-06-29 19:53:58.413448+00:00
2260,0.0,27.75,0,0.0,26656.655625,25046.768333333333,7801.632535906571,0.1275,100.0,0.0,23,612,123.43,751.78,4,1.0,1.0,2026-06-29 19:53:58.413448+00:00
2286,63.0,34.6,3,26859.76,-34122.12888888889,-18235.362307692307,31102.814092535013,0.6605,100.0,0.0,20,850,345.95,676.45,5,2.0,0.0,2026-06-29 19:53:58.413448+00:00
2317,0.0,35.3,0,0.0,7427.7891666666665,7482.547586206897,7666.943287139818,0.8711,100.0,0.0,36,810,58.69,1007.68,8,1.0,0.0,2026-06-29 19:53:58.413448+00:00
2338,61.0,0.0,6,46134.03,-513.8682352941177,3389.87693877551,16782.325476673817,0.1165,100.0,0.0,84,632,11822.66,12763.81,8,4.0,2.0,2026-06-29 19:53:58.413448+00:00
2339,15.0,74.12,1,11676.5,10366.061666666666,10550.48947368421,8537.676259939748,0.4789,100.0,0.0,59,706,0.0,262.44,2,1.0,0.0,2026-06-29 19:53:58.413448+00:00
2343,63.0,52.64,2,19520.99,-13534.159166666666,-6710.975,13485.477829343652,0.2301,100.0,0.0,85,794,592.31,1004.88,7,3.0,1.0,2026-06-29 19:53:58.413448+00:00
2348,49.0,44.69,1,7999.95,9368.787142857143,7309.152,30778.826987334924,0.8519,100.0,0.0,26,661,0.0,840.65,5,0.0,0.0,2026-06-29 19:53:58.413448+00:00
2350,26.0,72.06,2,16780.03,12403.01375,4031.712916666667,12215.36310821557,0.2774,100.0,0.0,37,705,0.0,517.58,4,1.0,1.0,2026-06-29 19:53:58.413448+00:00
2365,33.0,116.58,2,18749.54,1615.0294117647059,479.48644444444443,8363.287692958049,0.5264,100.0,0.0,67,607,176.63,814.04,7,2.0,2.0,2026-06-29 19:53:58.413448+00:00
2367,39.0,243.38,1,8807.86,5432.5028571428575,6003.382571428571,6647.501158008356,0.379,100.0,0.0,32,750,39.54,1447.77,8,2.0,3.0,2026-06-29 19:53:58.413448+00:00
2381,0.0,62.1,1,5713.45,6266.666666666667,4810.510588235295,3125.6849732759188,0.9418,100.0,0.0,65,614,66.02,66.02,1,1.0,0.0,2026-06-29 19:53:58.413448+00:00
2398,88.0,151.87,3,22847.36,-4142.551,-1234.17325,10310.624582357541,0.8976,100.0,0.0,87,649,181.98,524.63,4,2.0,1.0,2026-06-29 19:53:58.413448+00:00
2420,75.0,103.73,4,43338.91,-10695.652307692308,-8400.9146875,12371.648258765883,0.7477,100.0,0.0,5,662,293.94,1208.63,8,1.0,3.0,2026-06-29 19:53:58.413448+00:00
2432,44.0,144.02,3,30472.5,-100.175,304.56166666666667,14596.739113279626,0.1916,100.0,0.0,22,530,47.24,533.25,4,1.0,0.0,2026-06-29 19:53:58.413448+00:00
2458,0.0,98.26,2,19390.06,15304.78,17190.986666666668,4536.595858142696,0.9399,100.0,0.0,69,640,353.59,623.46,4,0.0,0.0,2026-06-29 19:53:58.413448+00:00
2478,48.0,25.09,3,29369.27,-4989.423076923077,-1741.409705882353,8554.932908959769,0.8423,100.0,0.0,4,829,474.61,1157.79,5,1.0,1.0,2026-06-29 19:53:58.413448+00:00
2507,48.0,135.02,3,27697.71,3695.9829411764704,4634.693863636364,7660.9347954344885,0.9026,100.0,0.0,12,643,139.6,12550.82,7,2.0,6.0,2026-06-29 19:53:58.413448+00:00
2509,69.0,79.18,2,22106.36,-1375.8815384615384,3931.2536363636364,12232.189681536118,0.9791,100.0,0.0,43,775,10684.69,11100.37,6,1.0,2.0,2026-06-29 19:53:58.413448+00:00
2547,0.0,55.03,1,7291.65,13504.8125,12785.20925925926,3124.8688246435368,0.9544,100.0,0.0,82,729,0.0,505.39,2,0.0,0.0,2026-06-29 19:53:58.413448+00:00
2570,35.0,94.36,1,8468.85,7447.592,5113.386333333333,12194.725932966832,0.5295,100.0,0.0,69,735,199.59,446.26,4,2.0,2.0,2026-06-29 19:53:58.413448+00:00
2597,46.0,34.68,2,16776.82,12204.815,6771.9252380952385,12339.988781081764,0.7606,100.0,0.0,11,727,0.0,205.75,2,0.0,2.0,2026-06-29 19:53:58.413448+00:00
2602,20.0,56.16,1,10177.83,11099.636363636364,11578.474705882352,8631.564598892845,0.3569,100.0,0.0,35,586,332.94,1411.52,8,1.0,1.0,2026-06-29 19:53:58.413448+00:00
2607,51.0,28.51,4,36312.3,3858.4275,931.2309090909091,12208.212406112028,0.8752,100.0,0.0,32,607,309.24,868.23,8,1.0,4.0,2026-06-29 19:53:58.413448+00:00
2629,9.0,211.97,2,18954.75,9600.573333333334,9692.869444444445,6689.928055434996,0.8693,100.0,0.0,70,504,325.76,1095.91,11,3.0,3.0,2026-06-29 19:53:58.413448+00:00
2632,36.0,105.09,3,23514.25,2096.964615384615,2142.7675675675678,3645.9358202379376,0.0009,100.0,0.0,108,760,265.69,502.57,5,1.0,0.0,2026-06-29 19:53:58.413448+00:00
2636,3.0,50.95,1,11501.36,20293.465,16392.72142857143,15811.767801286871,0.3592,100.0,0.0,22,704,0.0,61.06,1,2.0,0.0,2026-06-29 19:53:58.413448+00:00
2698,54.0,37.74,3,25049.51,-14328.762,-9028.353,16093.451307896972,0.2561,100.0,0.0,46,719,0.0,231.67,2,1.0,1.0,2026-06-29 19:53:58.413448+00:00
2714,44.0,133.91,6,60832.26,-7349.315,-4164.2723636363635,11026.030953985974,0.2455,100.0,0.0,35,608,726.63,2357.83,17,3.0,3.0,2026-06-29 19:53:58.413448+00:00
2733,21.0,0.0,0,0.0,12399.732,7734.076923076923,14097.024978777717,0.0551,100.0,0.0,40,626,0.0,123.53,1,1.0,1.0,2026-06-29 19:53:58.413448+00:00
2743,36.0,12.57,1,9939.96,-4347.795714285714,-2611.072,8056.249083474021,0.9356,100.0,0.0,26,733,0.0,343.93,2,2.0,0.0,2026-06-29 19:53:58.413448+00:00
2747,0.0,143.56,1,8293.83,14711.367333333334,13939.30393939394,8507.310069030274,0.7098,100.0,0.0,10,770,136.53,737.0,8,2.0,3.0,2026-06-29 19:53:58.413448+00:00
2749,18.0,113.49,2,18687.35,2435.9325,6848.3348,17487.480327278172,0.2546,100.0,0.0,106,769,102.78,102.78,1,2.0,1.0,2026-06-29 19:53:58.413448+00:00
2811,0.0,37.1,0,0.0,12400.6225,12490.691818181818,381.62639954942574,0.0214,100.0,0.0,98,803,253.75,551.67,2,0.0,1.0,2026-06-29 19:53:58.413448+00:00
2836,8.0,0.0,1,12129.72,-1629.335,-1584.3785714285714,101.47177882524376,0.3271,100.0,0.0,30,673,0.0,54.27,1,0.0,0.0,2026-06-29 19:53:58.413448+00:00
2874,8.0,22.97,3,27870.32,7179.659285714286,8045.569032258065,9224.419488267962,0.7161,100.0,0.0,21,630,77.37,9890.03,6,0.0,1.0,2026-06-29 19:53:58.413448+00:00
2895,2.0,53.62,1,11769.23,16585.18909090909,15013.955,8480.696731572925,0.2948,100.0,0.0,110,783,629.36,999.53,6,2.0,1.0,2026-06-29 19:53:58.413448+00:00
2908,26.0,33.36,3,27740.55,-768.4414285714286,-532.8372222222222,683.0441763719366,0.2817,100.0,0.0,30,755,0.0,412.14,5,1.0,0.0,2026-06-29 19:53:58.413448+00:00
2951,42.0,53.41,3,20232.78,16033.871428571429,12819.412115384615,13837.625686492449,0.3705,100.0,0.0,61,692,14223.24,15076.39,9,1.0,2.0,2026-06-29 19:53:58.413448+00:00
2981,86.0,178.4,3,30752.57,5954.358695652174,8607.56870967742,13961.218086214387,0.1892,100.0,0.0,7,730,146.82,1031.35,9,1.0,1.0,2026-06-29 19:53:58.413448+00:00
3004,18.0,0.0,3,24722.02,1122.4227272727273,1672.7940740740742,6489.7946927311905,0.7165,100.0,0.0,29,678,811.09,1541.96,10,0.0,0.0,2026-06-29 19:53:58.413448+00:00
3024,17.0,43.95,3,23064.52,3098.347142857143,3618.7025,10868.455337193449,0.1784,100.0,0.0,106,725,0.0,248.9,2,1.0,0.0,2026-06-29 19:53:58.413448+00:00
3030,0.0,20.33,2,18141.89,10741.206666666667,10512.843809523809,4550.7780076700565,0.9281,100.0,0.0,63,779,38.59,38.59,1,1.0,1.0,2026-06-29 19:53:58.413448+00:00
3053,3.0,63.04,3,24754.43,9576.404285714285,7582.4567567567565,6545.888606947299,0.7057,100.0,0.0,103,667,136.1,573.36,5,1.0,2.0,2026-06-29 19:53:58.413448+00:00
3062,0.0,0.0,0,0.0,10956.81,11016.783333333333,85.33058472135838,0.9721,100.0,0.0,85,804,0.0,224.11,2,0.0,0.0,2026-06-29 19:53:58.413448+00:00
3082,131.0,89.05,3,25801.76,-8556.015862068965,-8473.9875,12035.20107005548,0.126,100.0,0.0,66,644,530.8,1612.64,13,3.0,1.0,2026-06-29 19:53:58.413448+00:00
3084,75.0,90.62,0,0.0,5040.14625,-4390.269666666667,11872.78320916891,0.2923,100.0,0.0,76,765,270.74,918.57,5,2.0,1.0,2026-06-29 19:53:58.413448+00:00
3130,20.0,180.72,1,11405.7,24218.594444444443,17417.552564102563,15482.979586841888,0.9526,100.0,0.0,32,699,76.76,794.83,6,1.0,0.0,2026-06-29 19:53:58.413448+00:00
3136,0.0,50.1,1,8333.21,11825.922857142858,12022.493888888888,211.19374015183578,0.3024,100.0,0.0,137,685,43.82,471.14,5,0.0,0.0,2026-06-29 19:53:58.413448+00:00
3172,70.0,33.94,2,16640.94,-7297.470909090909,-5303.815,10290.504707760763,0.4671,100.0,0.0,80,635,0.0,560.77,3,0.0,0.0,2026-06-29 19:53:58.413448+00:00
3180,19.0,70.03,3,29266.26,3770.2225,6223.045675675676,7175.89196151969,0.9769,100.0,0.0,12,799,89.75,881.19,6,1.0,0.0,2026-06-29 19:53:58.413448+00:00
3186,30.0,78.6,3,18866.47,-385.173,-828.6647058823529,5840.934132688646,0.8232,100.0,0.0,103,850,0.0,483.51,4,0.0,1.0,2026-06-29 19:53:58.413448+00:00
3190,5.0,0.0,2,14831.61,12587.3725,11123.39153846154,10730.767232839156,0.1019,100.0,0.0,12,722,242.5,470.25,5,0.0,0.0,2026-06-29 19:53:58.413448+00:00
3207,10.0,138.13,3,28516.29,-148.6407142857143,468.75368421052633,4219.663104091895,0.4848,100.0,0.0,87,722,0.0,703.95,7,0.0,1.0,2026-06-29 19:53:58.413448+00:00
3224,34.0,95.35,5,41190.16,-8794.185,-7243.444615384616,14727.587750594474,0.3471,100.0,0.0,20,714,498.06,853.1,7,1.0,0.0,2026-06-29 19:53:58.413448+00:00
3246,75.0,100.13,2,14976.24,1513.7636842105262,816.4227659574468,3481.2324017203055,0.2704,100.0,0.0,9,688,277.38,1876.44,14,1.0,0.0,2026-06-29 19:53:58.413448+00:00
3301,85.0,13.29,3,30967.61,-3772.716,-3512.4841666666666,8295.51689465808,0.7378,100.0,0.0,49,690,302.6,1407.7,8,1.0,3.0,2026-06-29 19:53:58.413448+00:00
3317,2.0,193.24,1,10667.44,15856.152,15336.558684210526,12515.65810005383,0.3839,100.0,0.0,57,699,531.27,1895.4,9,1.0,2.0,2026-06-29 19:53:58.413448+00:00
3326,15.0,14.25,2,20675.18,7390.331666666667,6840.858275862069,10281.986074332428,0.4519,100.0,0.0,109,693,0.0,10018.96,6,4.0,1.0,2026-06-29 19:53:58.413448+00:00
3332,38.0,35.3,3,30355.2,17656.925454545453,17280.402222222223,21201.354877430516,0.0959,100.0,0.0,8,827,0.0,10325.4,4,2.0,1.0,2026-06-29 19:53:58.413448+00:00
3345,84.0,193.37,4,35349.24,5310.242916666667,4657.985094339622,12173.708296286723,0.3813,100.0,0.0,34,681,457.64,9136.65,7,0.0,2.0,2026-06-29 19:53:58.413448+00:00
3357,36.0,193.81,1,7360.84,4991.8516666666665,3526.780222222222,10939.464468118373,0.7456,100.0,0.0,37,850,97.44,97.44,1,0.0,0.0,2026-06-29 19:53:58.413448+00:00
3364,13.0,0.0,0,0.0,1255.62,1513.2117647058824,2963.440439240512,0.1364,100.0,0.0,20,825,127.47,526.57,5,0.0,1.0,2026-06-29 19:53:58.413448+00:00
3365,0.0,55.2,0,0.0,7644.165,5030.950909090909,3871.55568805934,0.7704,100.0,0.0,20,692,0.0,235.5,2,0.0,0.0,2026-06-29 19:53:58.413448+00:00
3371,0.0,21.48,1,8902.47,22949.2875,25344.739411764705,5340.124443552703,0.1391,100.0,0.0,83,746,115.33,9514.64,7,1.0,0.0,2026-06-29 19:53:58.413448+00:00
3392,25.0,32.53,2,16472.31,16523.014666666666,13540.442631578948,9142.314759215964,0.7485,100.0,0.0,29,711,334.75,1621.65,9,0.0,2.0,2026-06-29 19:53:58.413448+00:00
3420,19.0,0.0,2,20535.4,1116.751,271.296,3922.655133394217,0.1832,100.0,0.0,105,802,0.0,10148.68,7,2.0,1.0,2026-06-29 19:53:58.413448+00:00
3423,0.0,58.5,1,6615.23,5949.942,5984.028235294118,2588.189004580651,0.2923,100.0,0.0,110,787,608.15,758.14,4,2.0,3.0,2026-06-29 19:53:58.413448+00:00
3436,64.0,28.52,0,0.0,2200.9675,401.7707894736842,10546.528868339428,0.0985,100.0,0.0,18,704,134.73,709.78,6,2.0,1.0,2026-06-29 19:53:58.413448+00:00
3440,16.0,47.87,0,0.0,7442.543333333333,6131.669333333333,8978.997661786834,0.8543,100.0,0.0,23,700,208.88,428.16,4,0.0,0.0,2026-06-29 19:53:58.413448+00:00
3459,90.0,50.01,4,28467.03,217.07285714285715,-449.04277777777776,13420.72809177758,0.8947,100.0,0.0,22,625,87.61,620.93,5,1.0,2.0,2026-06-29 19:53:58.413448+00:00
3478,24.0,32.79,3,21863.38,2050.713333333333,6420.111923076923,7701.978960038587,0.1445,100.0,0.0,129,619,6049.97,6475.63,5,0.0,1.0,2026-06-29 19:53:58.413448+00:00
3479,39.0,54.06,4,37188.56,-7864.52875,-8286.418148148148,3588.4298407862566,0.7017,100.0,0.0,135,830,236.68,703.48,6,1.0,0.0,2026-06-29 19:53:58.413448+00:00
3486,59.0,200.43,6,48241.36,-4548.856666666667,-3669.6567272727275,11148.46565549585,0.8696,100.0,0.0,1,670,815.75,1911.59,12,2.0,2.0,2026-06-29 19:53:58.413448+00:00
3543,1.0,57.5,1,7028.33,9654.38625,10358.313142857143,6294.575718581728,0.97,100.0,0.0,36,840,117.74,7331.7,5,1.0,0.0,2026-06-29 19:53:58.413448+00:00
3572,36.0,54.91,2,21032.07,-3444.89,823.2928,13024.521510912253,0.2527,100.0,0.0,29,682,225.47,11765.17,8,0.0,1.0,2026-06-29 19:53:58.413448+00:00
3587,82.0,73.62,2,16302.47,13125.487777777778,8801.859574468084,16525.877337999587,0.3821,100.0,0.0,56,638,269.55,935.1,9,1.0,0.0,2026-06-29 19:53:58.413448+00:00
3596,32.0,68.11,1,7764.94,3632.024,5313.334,5438.814193085107,0.0587,100.0,0.0,91,715,315.13,453.83,3,1.0,0.0,2026-06-29 19:53:58.413448+00:00
3619,91.0,44.5,3,26255.96,-6745.461428571429,-6718.5125,5904.633333714067,0.7404,100.0,0.0,36,747,399.24,1090.47,7,1.0,1.0,2026-06-29 19:53:58.413448+00:00
3630,0.0,24.14,1,8485.72,7008.434444444444,6345.962592592593,2486.222283592925,0.5329,100.0,0.0,38,625,0.0,243.34,2,0.0,1.0,2026-06-29 19:53:58.413448+00:00
3652,100.0,89.7,7,55717.62,1492.2557142857142,-2759.745,15009.440724616514,0.4367,100.0,0.0,72,649,325.86,373.7,3,4.0,0.0,2026-06-29 19:53:58.413448+00:00
3661,0.0,24.15,1,7125.6,10692.19,13515.757777777777,3211.2493508940233,0.6004,100.0,0.0,144,604,0.0,7274.94,2,0.0,1.0,2026-06-29 19:53:58.413448+00:00
3670,62.0,137.88,3,23328.57,-720.4164285714286,-2570.8481578947367,17575.348323708866,0.2722,100.0,0.0,31,649,608.6,1479.98,8,2.0,0.0,2026-06-29 19:53:58.413448+00:00
3693,10.0,41.43,1,9641.83,14500.805833333334,15141.775925925926,5756.770933514506,0.2631,100.0,0.0,66,673,191.49,1192.68,5,0.0,0.0,2026-06-29 19:53:58.413448+00:00
3712,4.0,114.65,1,6568.22,2730.50875,5182.951578947368,7637.789769508323,0.5061,100.0,0.0,43,828,451.84,7134.53,2,1.0,0.0,2026-06-29 19:53:58.413448+00:00
3730,1.0,41.11,3,31082.43,7913.6175,7882.805588235294,5719.395868559322,0.7566,100.0,0.0,13,663,180.6,608.55,5,0.0,1.0,2026-06-29 19:53:58.413448+00:00
3749,35.0,12.55,2,16074.83,2643.718,931.6938461538462,7837.956348151284,0.8182,100.0,0.0,69,825,325.56,437.77,3,2.0,1.0,2026-06-29 19:53:58.413448+00:00
3770,27.0,100.32,2,13929.04,15312.74,10663.45,11750.294575156402,0.0039,100.0,0.0,102,739,228.01,8796.72,3,0.0,0.0,2026-06-29 19:53:58.413448+00:00
3787,64.0,72.78,2,18042.16,4714.46,1413.4316,15477.83337378554,0.1479,100.0,0.0,70,626,46.16,114.69,1,1.0,0.0,2026-06-29 19:53:58.413448+00:00
3799,6.0,0.0,2,20329.37,-6335.256666666667,-4912.774285714286,4172.174250923462,0.3852,100.0,0.0,37,637,0.0,294.35,3,0.0,0.0,2026-06-29 19:53:58.413448+00:00
3839,0.0,103.3,1,10922.81,10229.958,10848.800555555556,3121.5500587323454,0.5441,100.0,0.0,125,671,10922.81,10980.43,2,1.0,1.0,2026-06-29 19:53:58.413448+00:00
3861,9.0,0.0,2,19772.5,9863.822,7318.7228,10390.574072685089,0.3875,100.0,0.0,75,736,369.26,1185.65,6,1.0,2.0,2026-06-29 19:53:58.413448+00:00
3868,25.0,0.0,0,0.0,-7032.305,-6890.684285714286,124.41501997716502,0.1832,100.0,0.0,82,696,157.17,202.43,2,0.0,0.0,2026-06-29 19:53:58.413448+00:00
3872,3.0,20.37,1,7847.81,-2472.4333333333334,662.282,3839.4723831870438,0.6099,100.0,0.0,118,604,23.9,7871.71,2,0.0,0.0,2026-06-29 19:53:58.413448+00:00
3876,0.0,0.0,0,0.0,12924.195,12948.638125,91.59649715046055,0.186,100.0,0.0,104,645,65.18,89.06,2,1.0,0.0,2026-06-29 19:53:58.413448+00:00
3880,23.0,0.0,1,10983.18,4608.9290909090905,4184.040645161291,13793.237646452624,0.1733,100.0,0.0,118,706,62.04,1073.77,7,0.0,1.0,2026-06-29 19:53:58.413448+00:00
3884,47.0,77.69,1,6995.76,15166.493846153846,13268.048,10151.90784319217,0.7323,100.0,0.0,54,659,0.0,381.33,5,1.0,1.0,2026-06-29 19:53:58.413448+00:00
3891,0.0,27.79,1,7213.24,17181.97333333333,16018.012857142858,3345.4500103077357,0.5522,100.0,0.0,36,798,0.0,290.85,2,1.0,0.0,2026-06-29 19:53:58.413448+00:00
3906,52.0,36.69,1,5545.37,1392.80625,298.1269696969697,6512.505811113785,0.7272,100.0,0.0,22,699,544.26,593.54,5,1.0,0.0,2026-06-29 19:53:58.413448+00:00
3956,70.0,64.76,2,16210.08,-3561.756,-2280.0304545454546,7671.520735726201,0.6632,100.0,0.0,80,714,693.65,886.94,3,5.0,0.0,2026-06-29 19:53:58.413448+00:00
3965,0.0,0.0,2,17566.49,11035.282727272728,10469.178620689656,1790.0578707119746,0.398,100.0,0.0,68,746,281.75,618.77,4,2.0,1.0,2026-06-29 19:53:58.413448+00:00
3979,47.0,81.07,1,6332.0,13286.038823529412,14865.649090909092,16139.240988824153,0.7149,100.0,0.0,82,668,29.43,561.18,4,2.0,4.0,2026-06-29 19:53:58.413448+00:00
3990,87.0,90.86,3,29840.48,-5571.459285714286,-6960.628048780488,9816.543118725709,0.7626,100.0,0.0,53,713,55.51,354.84,3,2.0,0.0,2026-06-29 19:53:58.413448+00:00
3999,118.0,162.22,1,6271.01,-4910.739230769231,-5554.966756756757,11245.946693350112,0.6645,100.0,0.0,96,769,148.37,604.12,5,1.0,2.0,2026-06-29 19:53:58.413448+00:00
4020,12.0,130.52,2,17318.46,7145.638888888889,6221.714,3932.4131130164997,0.1028,100.0,0.0,56,695,0.0,306.81,3,1.0,1.0,2026-06-29 19:53:58.413448+00:00
4021,91.0,124.65,4,27547.81,566.79,-2292.3226470588233,13110.009427522593,0.2108,100.0,0.0,3,703,117.09,1005.84,7,0.0,2.0,2026-06-29 19:53:58.413448+00:00
4025,37.0,20.47,1,9915.24,-2039.0777777777778,2657.996923076923,10935.839859546428,0.9789,100.0,0.0,8,741,481.67,1297.93,9,2.0,1.0,2026-06-29 19:53:58.413448+00:00
4031,64.0,99.65,4,35597.11,-6451.193846153847,-8356.985,7053.389219030288,0.3791,100.0,0.0,83,669,8567.88,9197.67,7,1.0,0.0,2026-06-29 19:53:58.413448+00:00
4042,0.0,178.67,1,9187.6,19166.637333333332,17605.256458333333,9497.55062795743,0.5777,100.0,0.0,92,653,217.62,919.28,6,2.0,2.0,2026-06-29 19:53:58.413448+00:00
4047,8.0,33.63,0,0.0,1493.44,2196.851052631579,2850.3557257553416,0.8341,100.0,0.0,124,770,0.0,990.58,6,5.0,0.0,2026-06-29 19:53:58.413448+00:00
4051,27.0,81.72,4,33236.51,-5720.3915789473685,-2759.4376470588236,10734.978330640075,0.0759,100.0,0.0,5,657,87.54,1354.22,10,5.0,1.0,2026-06-29 19:53:58.413448+00:00
4054,0.0,46.0,1,8834.02,9537.240833333333,8780.861428571428,4241.381089088526,0.5733,100.0,0.0,60,701,142.76,872.52,6,1.0,1.0,2026-06-29 19:53:58.413448+00:00
4067,57.0,154.11,2,17840.64,-81.68,5898.938571428572,12091.967897540591,0.9178,100.0,0.0,72,594,264.11,1131.8,10,1.0,7.0,2026-06-29 19:53:58.413448+00:00
4087,73.0,82.23,2,17931.82,-11580.030625,-12291.813793103449,6262.569227775175,0.2307,100.0,0.0,38,661,610.09,1135.71,7,3.0,1.0,2026-06-29 19:53:58.413448+00:00
4091,38.0,34.07,2,12907.86,9207.898,10193.485862068965,24398.91029055566,0.4526,100.0,0.0,65,637,510.28,1006.27,5,1.0,3.0,2026-06-29 19:53:58.413448+00:00
4098,67.0,200.51,3,21551.89,-7313.621875,-6913.565405405406,3719.5815877994105,0.9046,100.0,0.0,106,771,764.84,1951.71,12,3.0,1.0,2026-06-29 19:53:58.413448+00:00
4135,0.0,38.36,3,20556.94,18744.983076923076,16906.431086956523,4325.272049656642,0.9743,100.0,0.0,119,727,8761.38,8987.14,3,1.0,2.0,2026-06-29 19:53:58.413448+00:00
4147,4.0,49.63,3,29624.31,8446.67111111111,6796.395365853658,10636.108923170941,0.0401,100.0,0.0,34,765,145.44,610.76,4,2.0,0.0,2026-06-29 19:53:58.413448+00:00
4195,127.0,113.21,4,37245.04,-16414.24380952381,-8414.000185185185,22388.021315727572,0.6343,100.0,0.0,9,589,181.23,1641.32,9,2.0,3.0,2026-06-29 19:53:58.413448+00:00
4230,23.0,27.38,2,19768.39,-5360.771875,-2351.171875,8971.998739761568,0.8748,100.0,0.0,23,550,97.21,12276.26,6,1.0,1.0,2026-06-29 19:53:58.413448+00:00
4237,11.0,249.99,1,10334.05,11621.444210526315,11943.55243902439,8760.145034074125,0.9506,100.0,0.0,5,698,10520.46,11397.16,12,1.0,2.0,2026-06-29 19:53:58.413448+00:00
4244,3.0,73.19,1,7975.98,14370.208571428571,13881.095714285715,9843.388436205994,0.721,100.0,0.0,68,791,8034.79,8531.61,5,3.0,2.0,2026-06-29 19:53:58.413448+00:00
4280,19.0,77.34,1,7501.51,12689.26,7504.840909090909,8651.957235406811,0.8616,100.0,0.0,117,662,40.96,222.8,3,0.0,2.0,2026-06-29 19:53:58.413448+00:00
4294,16.0,130.18,1,9434.21,9516.028571428571,9916.418181818182,6927.1535595791565,0.1619,100.0,0.0,40,797,0.0,361.34,2,0.0,2.0,2026-06-29 19:53:58.413448+00:00
4329,63.0,26.29,3,25089.51,5134.9627272727275,3999.447027027027,9005.648916527673,0.3188,100.0,0.0,40,808,0.0,266.9,2,0.0,3.0,2026-06-29 19:53:58.413448+00:00
4332,4.0,68.55,1,6091.92,11340.346363636363,7900.810731707317,8446.576935852121,0.2021,100.0,0.0,57,709,258.63,739.71,5,1.0,3.0,2026-06-29 19:53:58.413448+00:00
4351,10.0,105.96,0,0.0,7731.756666666667,7121.40511627907,3870.8287183071666,0.0868,100.0,0.0,64,575,76.78,522.94,6,2.0,1.0,2026-06-29 19:53:58.413448+00:00
4357,29.0,63.82,2,12705.21,7073.070833333333,8497.711724137931,8405.77604512089,0.0935,100.0,0.0,62,825,503.18,1192.94,9,2.0,2.0,2026-06-29 19:53:58.413448+00:00
4360,67.0,83.58,5,49192.65,-13690.087692307692,-14228.051111111112,22322.089009701744,0.1957,100.0,0.0,23,747,267.22,1057.2,9,1.0,1.0,2026-06-29 19:53:58.413448+00:00
4369,37.0,60.19,4,34815.34,25361.156875,14990.237358490565,27474.427153615234,0.6806,100.0,0.0,21,664,0.0,502.92,4,5.0,1.0,2026-06-29 19:53:58.413448+00:00
4371,5.0,98.08,1,10457.09,3442.1125,9008.7125,8371.84943427853,0.145,100.0,0.0,107,674,0.0,321.2,4,1.0,0.0,2026-06-29 19:53:58.413448+00:00
4432,30.0,149.62,3,22129.82,6369.615555555555,6856.731020408163,5415.38007909383,0.9729,100.0,0.0,85,658,497.28,7000.43,13,1.0,1.0,2026-06-29 19:53:58.413448+00:00
4443,37.0,16.48,2,17950.85,-2757.362,-5289.7046666666665,14435.21877823719,0.9296,100.0,0.0,1,684,0.0,432.05,2,3.0,0.0,2026-06-29 19:53:58.413448+00:00
4459,36.0,0.0,1,11300.18,4052.255,3184.696785714286,5934.548642485106,0.1559,100.0,0.0,39,695,98.37,521.91,5,1.0,0.0,2026-06-29 19:53:58.413448+00:00
4469,0.0,38.85,1,5678.11,18393.835454545453,16084.403333333334,8414.762329954085,0.7911,100.0,0.0,94,547,238.11,371.4,5,2.0,1.0,2026-06-29 19:53:58.413448+00:00
4473,0.0,33.59,1,8236.58,5748.57875,4057.5125,3641.9413317536314,0.2291,100.0,0.0,61,832,0.0,533.05,5,2.0,2.0,2026-06-29 19:53:58.413448+00:00
4478,10.0,0.0,2,15576.47,6303.863076923077,4910.260277777777,7177.944236072318,0.4717,100.0,0.0,89,832,272.36,850.69,7,4.0,1.0,2026-06-29 19:53:58.413448+00:00
4514,0.0,120.94,0,0.0,5216.955,5161.864,211.62566116612624,0.4058,100.0,0.0,134,751,103.68,271.42,2,1.0,0.0,2026-06-29 19:53:58.413448+00:00
4525,16.0,86.92,3,31772.71,8188.189285714286,7515.611142857143,10368.160752187212,0.0668,100.0,0.0,37,653,111.74,792.53,8,2.0,1.0,2026-06-29 19:53:58.413448+00:00
4536,81.0,108.61,4,39831.07,14736.263125,13541.331489361703,18299.827354237346,0.7261,100.0,0.0,67,833,333.35,10512.91,8,3.0,1.0,2026-06-29 19:53:58.413448+00:00
4543,0.0,38.22,1,6185.65,21822.154285714285,21137.359714285714,1667.7739135784125,0.5525,100.0,0.0,72,629,67.91,617.32,3,1.0,0.0,2026-06-29 19:53:58.413448+00:00
4612,31.0,70.61,3,25897.25,5928.95,7221.903548387097,23019.86713700207,0.2366,100.0,0.0,45,684,0.0,1269.63,9,1.0,1.0,2026-06-29 19:53:58.413448+00:00
4628,62.0,115.68,6,58274.38,-591.9566666666667,-2004.775945945946,16539.2639446313,0.1436,100.0,0.0,28,787,231.8,10547.92,5,3.0,1.0,2026-06-29 19:53:58.413448+00:00
4639,37.0,31.42,1,5660.7,2368.836,2071.5741666666668,8707.827827137917,0.9955,100.0,0.0,31,666,30.43,97.65,2,3.0,1.0,2026-06-29 19:53:58.413448+00:00
4643,8.0,80.72,2,13882.0,8042.152,8106.2025,2135.002989327896,0.3958,100.0,0.0,39,687,144.02,210.15,2,2.0,0.0,2026-06-29 19:53:58.413448+00:00
4654,30.0,130.63,5,42155.83,-208.77333333333334,6518.240294117647,10299.109569553455,0.9839,100.0,0.0,38,690,307.67,723.77,3,0.0,2.0,2026-06-29 19:53:58.413448+00:00
4682,95.0,38.29,4,34637.71,1253.4,-2416.150476190476,11185.406507724454,0.4657,100.0,0.0,26,618,292.49,1485.6,9,1.0,0.0,2026-06-29 19:53:58.413448+00:00
4719,64.0,29.95,2,22875.72,-8330.375555555556,-4704.482,16330.479296228756,0.5567,100.0,0.0,111,762,83.24,364.47,3,1.0,1.0,2026-06-29 19:53:58.413448+00:00
4749,24.0,97.76,0,0.0,9404.91111111111,11344.763725490197,11588.318681446392,0.5275,100.0,0.0,116,668,386.36,1021.44,11,1.0,2.0,2026-06-29 19:53:58.413448+00:00
4804,29.0,117.09,2,17132.36,8266.134615384615,8050.076470588236,4079.465387618307,0.1722,100.0,0.0,7,704,326.67,801.6,7,1.0,0.0,2026-06-29 19:53:58.413448+00:00
4813,26.0,111.42,4,36686.0,56.480625,-957.9138461538462,3548.8342446139177,0.7851,100.0,0.0,61,696,250.78,929.01,7,3.0,2.0,2026-06-29 19:53:58.413448+00:00
4836,32.0,101.95,2,20171.66,-3362.2616666666668,-952.2114285714285,5689.967944076076,0.0209,100.0,0.0,89,725,10868.99,11177.48,4,0.0,1.0,2026-06-29 19:53:58.413448+00:00
4846,0.0,93.99,1,11389.57,2403.282857142857,2269.839,684.0570463265472,0.5298,100.0,0.0,29,744,0.0,87.6,1,0.0,0.0,2026-06-29 19:53:58.413448+00:00
4850,0.0,0.0,2,16171.66,20996.05125,24168.84076923077,10301.574042683329,0.2345,100.0,0.0,129,579,373.29,6980.2,11,3.0,1.0,2026-06-29 19:53:58.413448+00:00
4860,114.0,62.72,4,29460.35,-7167.148,-6376.611904761905,5773.09547111682,0.2709,100.0,0.0,72,754,255.25,1774.09,9,1.0,0.0,2026-06-29 19:53:58.413448+00:00
4886,97.0,126.44,2,18161.94,-1330.8213333333333,-3036.954090909091,9463.046446555874,0.3376,100.0,0.0,10,768,0.0,1813.67,10,1.0,2.0,2026-06-29 19:53:58.413448+00:00
4895,0.0,49.96,1,6331.14,11214.17625,9956.75857142857,1786.3141044051858,0.3774,100.0,0.0,69,850,396.53,627.69,5,0.0,0.0,2026-06-29 19:53:58.413448+00:00
4920,62.0,120.21,2,16469.28,5897.3525,7138.821944444445,7540.315360932201,0.1314,100.0,0.0,87,646,22.06,692.89,7,1.0,1.0,2026-06-29 19:53:58.413448+00:00
4928,33.0,87.66,2,18643.64,17305.21,15685.996444444445,14139.5836703091,0.209,100.0,0.0,50,713,168.41,10596.18,7,3.0,2.0,2026-06-29 19:53:58.413448+00:00
4932,47.0,98.65,2,16029.35,-2133.814,464.8596153846154,8593.603709428973,0.7107,100.0,0.0,56,752,765.84,1303.63,7,0.0,2.0,2026-06-29 19:53:58.413448+00:00
4970,66.0,128.42,1,9009.8,-14698.76,-13983.466470588235,8408.492365539763,0.1506,100.0,0.0,11,681,0.0,189.51,2,0.0,0.0,2026-06-29 19:53:58.413448+00:00
4988,49.0,71.94,3,27173.18,8404.666363636363,10231.982258064516,10880.734913092278,0.7332,100.0,0.0,21,803,1058.3,1502.47,10,2.0,3.0,2026-06-29 19:53:58.413448+00:00
2063,0.0,26.16,0,0.0,10221.883333333333,10221.58125,64.98141281118377,0.1614,100.0,0.0,15,777,0.0,47.4,0,0.0,0.0,2026-06-29 19:53:58.413448+00:00
3109,0.0,0.0,0,0.0,14866.503333333334,14906.893846153846,102.63044958311664,0.1791,100.0,0.0,142,787,69.77,69.77,0,2.0,0.0,2026-06-29 19:53:58.413448+00:00
29,25.0,79.51,0,0.0,-690.65,2947.75,4244.9730537425085,0.3271,100.0,0.0,117,816,0.0,0.0,0,0.0,0.0,2026-06-29 19:53:58.413448+00:00
130,0.0,0.0,0,0.0,0.0,21243.291666666668,118.47946339860844,0.5392,100.0,0.0,38,647,0.0,0.0,0,0.0,0.0,2026-06-29 19:53:58.413448+00:00
578,0.0,0.0,1,10946.51,1402.18,1269.7975,156.06965439828457,0.3297,100.0,0.0,90,666,0.0,0.0,0,1.0,0.0,2026-06-29 19:53:58.413448+00:00
590,0.0,10.49,0,0.0,8499.66,8340.09,122.5342505859756,0.7192,100.0,0.0,82,619,0.0,0.0,0,0.0,0.0,2026-06-29 19:53:58.413448+00:00
1123,0.0,19.01,0,0.0,9309.38,10401.788333333334,1642.0000037090613,0.2804,100.0,0.0,63,787,0.0,0.0,0,0.0,0.0,2026-06-29 19:53:58.413448+00:00
1584,0.0,36.89,0,0.0,30198.105,30345.504285714287,212.85546879495203,0.3017,100.0,0.0,50,664,0.0,0.0,0,0.0,0.0,2026-06-29 19:53:58.413448+00:00
2562,20.0,17.65,1,7388.11,0.0,-13464.515,309.7119859240196,0.7466,100.0,0.0,83,789,0.0,0.0,0,0.0,0.0,2026-06-29 19:53:58.413448+00:00
3267,0.0,86.7,0,0.0,6941.57,6834.86,199.40007277832157,0.4072,100.0,0.0,45,689,0.0,0.0,0,1.0,0.0,2026-06-29 19:53:58.413448+00:00
3448,3.0,102.69,0,0.0,12491.564,11393.266666666666,6596.278738225734,0.2879,100.0,0.0,32,742,0.0,0.0,0,1.0,1.0,2026-06-29 19:53:58.413448+00:00
4109,0.0,0.0,0,0.0,4002.08,3934.184,55.574475652047234,0.5624,100.0,0.0,25,579,0.0,0.0,0,0.0,0.0,2026-06-29 19:53:58.413448+00:00
4267,0.0,0.0,0,0.0,12911.985,12941.981666666667,103.54287315192437,0.5117,100.0,0.0,95,615,0.0,0.0,0,0.0,0.0,2026-06-29 19:53:58.413448+00:00
4799,0.0,100.47,0,0.0,12961.27,12119.91111111111,1274.1942066083648,0.1151,100.0,0.0,64,667,0.0,0.0,0,1.0,0.0,2026-06-29 19:53:58.413448+00:00
20,0.0,99.81,0,0.0,12744.417,12171.100666666667,3695.577523769848,0.3265,100.0,0.0,118,729,143.61,647.58,3,2.0,0.0,2026-06-29 19:53:58.413448+00:00
58,85.0,128.2,4,31560.35,-6591.573529411765,-7450.028571428571,10203.027459294257,0.9813,100.0,0.0,15,757,448.02,1222.16,9,2.0,3.0,2026-06-29 19:53:58.413448+00:00
62,47.0,107.86,4,31950.94,-2714.6941666666667,-1337.0940540540541,5683.678621210729,0.3119,100.0,0.0,28,695,162.19,945.72,7,0.0,3.0,2026-06-29 19:53:58.413448+00:00
67,0.0,22.83,2,13902.36,18444.486,15644.285,8740.14385486693,0.2694,100.0,0.0,86,731,31.76,544.45,5,2.0,0.0,2026-06-29 19:53:58.413448+00:00
81,38.0,0.0,1,5790.98,-6537.07,-4524.096153846154,6184.081248996726,0.4197,100.0,0.0,8,703,0.0,152.83,2,0.0,0.0,2026-06-29 19:53:58.413448+00:00
87,54.0,17.62,1,5470.51,2762.04,4671.763448275862,6253.585480984035,0.5369,100.0,0.0,15,711,1108.58,1108.58,4,2.0,1.0,2026-06-29 19:53:58.413448+00:00
91,44.0,58.48,3,29056.39,-2269.7678571428573,-3352.1382352941177,18529.594848984387,0.1976,100.0,0.0,75,706,479.13,961.47,7,2.0,2.0,2026-06-29 19:53:58.413448+00:00
145,0.0,0.0,0,0.0,10549.26,10641.822857142857,133.85486497528325,0.8973,100.0,0.0,31,609,0.0,384.98,2,0.0,0.0,2026-06-29 19:53:58.413448+00:00
170,26.0,63.49,2,21131.2,164.39,2079.988,2016.3900261811125,0.6484,100.0,0.0,115,670,100.91,215.09,2,2.0,0.0,2026-06-29 19:53:58.413448+00:00
176,80.0,95.51,3,29130.7,-10614.381666666666,-10586.952272727272,1253.426556650832,0.883,100.0,0.0,12,787,0.0,466.4,4,1.0,2.0,2026-06-29 19:53:58.413448+00:00
188,0.0,43.94,1,8242.16,12627.678333333333,13251.853333333333,3241.958925749814,0.4161,100.0,0.0,19,717,0.0,589.64,3,1.0,0.0,2026-06-29 19:53:58.413448+00:00
217,47.0,65.24,3,22218.65,5071.946923076923,4302.639047619047,6725.517306827491,0.3373,100.0,0.0,51,761,44.7,483.43,4,5.0,0.0,2026-06-29 19:53:58.413448+00:00
223,24.0,74.37,4,36010.03,13981.438181818181,11997.44657142857,9842.10212180842,0.9415,100.0,0.0,51,673,0.0,270.02,3,5.0,2.0,2026-06-29 19:53:58.413448+00:00
232,83.0,112.58,3,33056.67,-6238.679,-6766.182592592592,5214.467379292739,0.5962,100.0,0.0,19,655,298.83,877.65,6,0.0,1.0,2026-06-29 19:53:58.413448+00:00
241,11.0,25.09,1,5475.6,308.62,431.7375,348.2456256150248,0.2109,100.0,0.0,86,653,0.0,324.47,4,0.0,0.0,2026-06-29 19:53:58.413448+00:00
244,70.0,64.58,1,7160.9,-13244.931428571428,-7338.151111111111,11493.83581270456,0.9437,100.0,0.0,34,776,0.0,346.81,4,0.0,0.0,2026-06-29 19:53:58.413448+00:00
257,74.0,179.7,2,17029.94,-7821.126,308.2255,23499.63745255375,0.3212,100.0,0.0,7,640,145.88,505.18,5,2.0,1.0,2026-06-29 19:53:58.413448+00:00
273,0.0,13.0,1,8824.34,18833.015714285713,17550.56333333333,9348.681212001975,0.0061,100.0,0.0,33,668,199.27,880.73,7,1.0,3.0,2026-06-29 19:53:58.413448+00:00
364,87.0,174.97,4,29699.44,1231.225,1693.105681818182,11065.202727240869,0.7679,100.0,0.0,66,649,88.19,1449.4,13,3.0,1.0,2026-06-29 19:53:58.413448+00:00
381,0.0,88.24,0,0.0,12914.39,13500.99,472.2624871297741,0.0221,100.0,0.0,49,687,330.02,330.02,2,0.0,1.0,2026-06-29 19:53:58.413448+00:00
387,56.0,140.08,3,32049.81,-2087.576666666667,-2846.6164,6286.232816207099,0.1421,100.0,0.0,108,717,0.0,459.76,3,2.0,0.0,2026-06-29 19:53:58.413448+00:00
395,50.0,35.14,2,20037.89,-5559.006666666667,-6247.403333333334,2168.3117781365195,0.9677,100.0,0.0,131,627,0.0,284.68,2,0.0,1.0,2026-06-29 19:53:58.413448+00:00
428,60.0,106.49,2,21017.04,5104.907272727272,3928.8211904761906,7185.535299080498,0.2264,100.0,0.0,29,714,205.92,691.06,5,2.0,2.0,2026-06-29 19:53:58.413448+00:00
435,6.0,0.0,2,21746.07,-8113.1,-5597.278,4844.562337773764,0.5526,100.0,0.0,98,816,169.8,210.74,2,0.0,0.0,2026-06-29 19:53:58.413448+00:00
440,0.0,53.75,1,7221.61,11617.273076923077,12405.781842105263,4465.1958178100895,0.201,100.0,0.0,22,720,79.94,364.38,3,2.0,0.0,2026-06-29 19:53:58.413448+00:00
531,92.0,175.66,7,65004.62,-10436.662,-2724.952244897959,18570.533251662942,0.7206,100.0,0.0,37,744,369.76,12225.75,8,2.0,1.0,2026-06-29 19:53:58.413448+00:00
540,6.0,25.64,1,10656.64,8035.993333333333,7165.652692307693,7040.067865654399,0.5376,100.0,0.0,10,771,149.12,674.55,6,1.0,1.0,2026-06-29 19:53:58.413448+00:00
579,128.0,50.48,3,20156.94,-13150.627142857144,-10721.487619047619,7044.415079949712,0.2777,100.0,0.0,82,632,741.64,1620.77,7,1.0,1.0,2026-06-29 19:53:58.413448+00:00
585,34.0,60.99,2,14404.59,-917.599,1551.5125,5010.885811552559,0.6656,100.0,0.0,51,811,0.0,850.16,7,1.0,1.0,2026-06-29 19:53:58.413448+00:00
593,48.0,153.34,0,0.0,3810.9573333333333,4571.951666666667,6698.662764152799,0.8793,100.0,0.0,33,662,36.32,799.28,8,2.0,1.0,2026-06-29 19:53:58.413448+00:00
619,68.0,120.11,7,65505.72,-3343.922105263158,-4741.963272727273,17011.723533739598,0.4043,100.0,0.0,62,594,521.34,1767.51,12,3.0,0.0,2026-06-29 19:53:58.413448+00:00
628,15.0,0.0,3,18775.62,5754.842,2188.5134782608698,14164.5497466404,0.9669,100.0,0.0,36,630,0.0,127.11,2,0.0,0.0,2026-06-29 19:53:58.413448+00:00
632,76.0,10.71,2,14328.66,-2102.718,-1223.63875,8762.889175968068,0.4115,100.0,0.0,95,794,416.1,638.32,6,1.0,1.0,2026-06-29 19:53:58.413448+00:00
651,13.0,125.1,1,9044.46,1839.8092307692307,2905.3442424242426,6230.131869068423,0.2252,100.0,0.0,67,719,265.58,432.21,5,3.0,1.0,2026-06-29 19:53:58.413448+00:00
654,44.0,17.23,1,8567.2,-3390.9422222222224,2597.4148387096775,17518.085159319962,0.2945,100.0,0.0,33,643,167.9,926.08,6,0.0,1.0,2026-06-29 19:53:58.413448+00:00
674,32.0,25.37,2,17951.09,25100.21090909091,26507.2644,25887.324112834714,0.4472,100.0,0.0,110,662,158.89,613.97,5,0.0,2.0,2026-06-29 19:53:58.413448+00:00
684,0.0,147.97,1,7961.66,16124.198095238095,13780.232,9255.260539826175,0.259,100.0,0.0,70,555,75.69,1509.7,10,3.0,2.0,2026-06-29 19:53:58.413448+00:00
687,3.0,101.51,1,10810.62,9176.951818181818,7593.8197222222225,4625.460637362186,0.8587,100.0,0.0,69,750,59.52,850.48,6,1.0,1.0,2026-06-29 19:53:58.413448+00:00
696,23.0,105.39,1,5430.63,14351.842857142858,12605.53172413793,8763.088444254576,0.3962,100.0,0.0,83,668,280.0,737.16,3,0.0,1.0,2026-06-29 19:53:58.413448+00:00
700,38.0,62.6,2,16623.13,13794.4065,14476.539245283018,12504.234214875973,0.5092,100.0,0.0,3,690,508.8,1203.59,9,0.0,5.0,2026-06-29 19:53:58.413448+00:00
732,11.0,81.48,3,27860.88,11691.785454545454,9167.07064516129,12684.732336845445,0.2479,100.0,0.0,18,724,413.21,637.81,7,3.0,0.0,2026-06-29 19:53:58.413448+00:00
753,22.0,58.49,4,37609.53,3323.305,2809.3764,12472.473633475589,0.7224,100.0,0.0,71,629,244.33,464.19,5,2.0,2.0,2026-06-29 19:53:58.413448+00:00
763,15.0,0.0,2,15933.73,978.6188235294118,1724.2218,4448.655100175235,0.2161,100.0,0.0,17,675,368.02,1681.51,12,3.0,3.0,2026-06-29 19:53:58.413448+00:00
777,88.0,156.23,4,40382.11,692.639375,2239.5384615384614,12660.413320682528,0.5537,100.0,0.0,33,643,525.15,1752.1,8,0.0,2.0,2026-06-29 19:53:58.413448+00:00
797,3.0,58.13,1,8499.69,1302.0457142857142,3723.0452,5101.1732944664855,0.1308,100.0,0.0,75,692,0.0,103.05,2,0.0,0.0,2026-06-29 19:53:58.413448+00:00
827,129.0,146.55,4,35120.34,-11509.493846153846,-10625.76590909091,7995.4731788031495,0.027,100.0,0.0,27,663,307.34,949.31,6,3.0,1.0,2026-06-29 19:53:58.413448+00:00
851,29.0,0.0,1,6292.85,2029.454,72.22363636363636,2490.1524177630117,0.3567,100.0,0.0,18,689,0.0,351.42,2,0.0,0.0,2026-06-29 19:53:58.413448+00:00
854,7.0,31.66,2,12039.5,11753.070714285714,8161.428048780488,5919.933685945946,0.2878,100.0,0.0,116,766,263.05,486.41,6,1.0,2.0,2026-06-29 19:53:58.413448+00:00
878,0.0,0.0,0,0.0,25184.408,24965.62620689655,945.1790666010252,0.0956,100.0,0.0,107,671,66.61,124.27,3,2.0,0.0,2026-06-29 19:53:58.413448+00:00
884,3.0,90.99,0,0.0,9570.526363636363,13697.95696969697,11807.26739344023,0.5627,100.0,0.0,4,570,177.14,989.52,8,0.0,0.0,2026-06-29 19:53:58.413448+00:00
941,43.0,19.66,1,9584.18,1492.5436363636363,1261.2058620689654,4908.215301734021,0.7739,100.0,0.0,28,712,64.71,794.66,3,1.0,1.0,2026-06-29 19:53:58.413448+00:00
942,0.0,92.61,0,0.0,10466.86,11483.994375,7693.879322229107,0.282,100.0,0.0,89,604,0.0,69.74,1,0.0,1.0,2026-06-29 19:53:58.413448+00:00
981,34.0,102.85,1,5181.79,2255.588333333333,1778.7451428571428,3566.102572210606,0.5623,100.0,0.0,50,711,392.67,959.72,7,1.0,0.0,2026-06-29 19:53:58.413448+00:00
989,80.0,290.84,3,26862.12,402.08384615384614,1188.4464,15881.125085143965,0.8648,100.0,0.0,16,696,410.86,1255.44,8,2.0,2.0,2026-06-29 19:53:58.413448+00:00
1007,23.0,98.34,3,27535.54,2174.173333333333,-5335.319230769231,18108.575150741177,0.5979,100.0,0.0,44,726,59.64,59.64,1,0.0,0.0,2026-06-29 19:53:58.413448+00:00
1043,17.0,38.44,2,13740.77,15325.761666666667,17453.050714285713,5411.891523337843,0.7865,100.0,0.0,21,740,8294.17,8593.44,5,0.0,0.0,2026-06-29 19:53:58.413448+00:00
1050,0.0,0.0,1,8905.32,5651.4766666666665,9125.535,4263.737748555973,0.0232,100.0,0.0,85,683,0.0,161.36,2,1.0,0.0,2026-06-29 19:53:58.413448+00:00
1097,0.0,96.06,0,0.0,22315.72857142857,20927.23375,6018.038603713632,0.1104,100.0,0.0,34,800,431.24,1037.29,7,4.0,0.0,2026-06-29 19:53:58.413448+00:00
1124,18.0,38.29,3,27977.09,241.54,2454.514,7437.465583879638,0.6745,100.0,0.0,120,674,93.5,10502.01,6,2.0,1.0,2026-06-29 19:53:58.413448+00:00
1126,0.0,91.95,1,7237.19,5518.71,6450.605,5175.113502013748,0.2843,100.0,0.0,112,709,233.33,465.27,4,2.0,0.0,2026-06-29 19:53:58.413448+00:00
1132,10.0,42.27,2,14604.51,13857.78,10939.090322580645,8282.844532465166,0.3844,100.0,0.0,124,620,0.0,96.53,1,1.0,0.0,2026-06-29 19:53:58.413448+00:00
1150,0.0,0.0,1,7319.3,28996.803333333333,26973.89625,3318.57788174369,0.0289,100.0,0.0,99,701,174.22,648.02,3,2.0,1.0,2026-06-29 19:53:58.413448+00:00
1152,57.0,60.12,1,10813.57,-16.539473684210527,507.92386363636365,8200.55861766594,0.9936,100.0,0.0,15,707,429.11,1420.23,10,2.0,1.0,2026-06-29 19:53:58.413448+00:00
1177,56.0,72.48,1,7438.99,9288.412,5260.250666666667,8154.946646201231,0.8846,100.0,0.0,13,769,353.9,610.65,5,0.0,3.0,2026-06-29 19:53:58.413448+00:00
1195,30.0,108.83,4,29575.12,5966.664545454545,5121.1584848484845,3943.551898441011,0.087,100.0,0.0,29,796,517.34,791.39,5,0.0,0.0,2026-06-29 19:53:58.413448+00:00
1222,71.0,107.61,2,21526.16,1313.2233333333334,123.81666666666666,2390.2832867384022,0.465,100.0,0.0,21,832,0.0,181.69,1,1.0,1.0,2026-06-29 19:53:58.413448+00:00
1257,34.0,97.19,1,7725.92,7883.012,4500.862380952381,6522.8630232932765,0.5782,100.0,0.0,20,684,369.65,651.27,4,0.0,0.0,2026-06-29 19:53:58.413448+00:00
1290,35.0,57.81,4,31686.51,-1235.030909090909,6320.7805,12387.359215923627,0.1711,100.0,0.0,49,610,31.98,544.26,4,1.0,1.0,2026-06-29 19:53:58.413448+00:00
1295,75.0,127.43,4,33426.9,6829.032142857143,2193.117608695652,14072.636191904949,0.1307,100.0,0.0,59,695,169.84,1069.64,9,2.0,2.0,2026-06-29 19:53:58.413448+00:00
1300,96.0,99.07,3,30437.93,267.01076923076926,645.0829824561404,12328.824044471283,0.6036,100.0,0.0,66,723,593.26,1379.28,7,2.0,3.0,2026-06-29 19:53:58.413448+00:00
1313,11.0,62.03,1,10712.48,-5211.252,-4930.804545454545,331.08258956898123,0.1456,100.0,0.0,128,705,417.62,526.91,2,0.0,0.0,2026-06-29 19:53:58.413448+00:00
1323,16.0,28.73,1,7040.34,8174.418,4733.992352941176,7080.037481268792,0.7155,100.0,0.0,12,735,116.81,514.38,4,1.0,0.0,2026-06-29 19:53:58.413448+00:00
1326,39.0,12.18,1,11572.71,10007.73,10391.302432432432,11866.236757781526,0.6571,100.0,0.0,25,764,68.28,771.6,5,3.0,1.0,2026-06-29 19:53:58.413448+00:00
1407,0.0,0.0,0,0.0,7577.513333333333,8860.913,10196.196171033636,0.3158,100.0,0.0,35,724,0.0,158.94,2,0.0,0.0,2026-06-29 19:53:58.413448+00:00
1422,24.0,72.9,0,0.0,8018.475454545454,8360.641944444444,3384.447424096702,0.2784,100.0,0.0,75,681,0.0,255.46,4,0.0,0.0,2026-06-29 19:53:58.413448+00:00
1433,39.0,69.16,1,8127.51,9736.004,12066.46125,13538.7675763644,0.9894,100.0,0.0,52,747,343.75,8914.68,7,1.0,0.0,2026-06-29 19:53:58.413448+00:00
1487,24.0,138.79,3,29834.95,2298.375,7367.397714285714,21127.313064236103,0.7962,100.0,0.0,37,549,130.9,839.32,6,4.0,0.0,2026-06-29 19:53:58.413448+00:00
1488,46.0,341.14,2,16578.13,20151.179545454546,17569.06882352941,7578.934511261771,0.3435,100.0,0.0,105,721,222.44,8913.19,11,4.0,0.0,2026-06-29 19:53:58.413448+00:00
1509,13.0,0.0,0,0.0,10463.8025,9712.147272727272,2130.899037628317,0.9381,100.0,0.0,73,754,0.0,512.25,2,2.0,1.0,2026-06-29 19:53:58.413448+00:00
1514,0.0,151.36,0,0.0,14522.910833333333,14160.706,5431.981984371266,0.4488,100.0,0.0,2,670,132.21,833.11,5,0.0,0.0,2026-06-29 19:53:58.413448+00:00
1517,29.0,128.84,3,24000.48,6863.1218181818185,5011.6572,12090.695090938823,0.5508,100.0,0.0,99,712,29.45,327.71,6,2.0,1.0,2026-06-29 19:53:58.413448+00:00
1524,35.0,42.92,5,46998.32,1846.6076923076923,5971.185227272727,15114.420442927776,0.9466,100.0,0.0,78,629,335.2,7621.28,9,1.0,2.0,2026-06-29 19:53:58.413448+00:00
1534,30.0,111.44,3,29840.05,1115.35,769.4096,6829.893380851704,0.5759,100.0,0.0,12,761,6064.95,6239.98,3,0.0,1.0,2026-06-29 19:53:58.413448+00:00
1538,0.0,78.68,1,8868.09,12875.67875,13286.681923076923,7175.484475240367,0.8925,100.0,0.0,34,594,0.0,9075.19,2,3.0,0.0,2026-06-29 19:53:58.413448+00:00
1559,0.0,73.98,1,6159.11,17372.756923076922,18009.7275,1545.1990690718192,0.8753,100.0,0.0,31,615,134.3,663.61,5,1.0,1.0,2026-06-29 19:53:58.413448+00:00
1566,0.0,0.0,0,0.0,14687.2,14704.079,181.36869156317684,0.1783,100.0,0.0,7,790,0.0,440.25,1,1.0,0.0,2026-06-29 19:53:58.413448+00:00
1590,0.0,19.04,1,7389.4,14861.244666666667,12889.755,11134.898368906686,0.2129,100.0,0.0,6,762,183.13,751.4,5,2.0,0.0,2026-06-29 19:53:58.413448+00:00
1629,34.0,17.87,1,6808.04,4530.62,12095.542631578948,8500.21019234035,0.1308,100.0,0.0,36,725,0.0,6808.04,1,2.0,0.0,2026-06-29 19:53:58.413448+00:00
1661,4.0,72.72,2,18211.63,8458.935384615384,7004.705,6915.1598454666455,0.0449,100.0,0.0,88,785,349.45,9461.82,8,0.0,1.0,2026-06-29 19:53:58.413448+00:00
1704,92.0,126.46,3,29914.82,6167.278235294118,8738.026041666666,11597.148546689135,0.5676,100.0,0.0,17,841,773.39,914.27,3,0.0,1.0,2026-06-29 19:53:58.413448+00:00
1711,28.0,52.33,4,40270.52,10865.43,14260.036486486486,14776.917747978803,0.6111,100.0,0.0,58,550,12330.05,31644.48,9,4.0,3.0,2026-06-29 19:53:58.413448+00:00
1733,0.0,66.17,0,0.0,20623.99,20662.128,92.02661406354197,0.8051,100.0,0.0,7,655,0.0,34.16,1,0.0,0.0,2026-06-29 19:53:58.413448+00:00
1754,106.0,41.23,6,45634.76,-7269.104666666667,-7875.76,9047.476850813655,0.0795,100.0,0.0,105,730,41.78,1197.55,7,2.0,1.0,2026-06-29 19:53:58.413448+00:00
1790,9.0,32.49,2,16401.59,866.2428571428571,335.8247619047619,5079.051918179986,0.7009,100.0,0.0,110,655,294.46,792.21,6,0.0,1.0,2026-06-29 19:53:58.413448+00:00
1807,68.0,179.14,1,7946.64,1793.0233333333333,2266.609375,10599.749276667926,0.9641,100.0,0.0,69,850,24.28,434.95,4,0.0,0.0,2026-06-29 19:53:58.413448+00:00
1821,43.0,149.92,4,39355.45,-992.4975,-970.0193181818182,5025.0836441025895,0.9654,100.0,0.0,69,534,120.72,1250.46,6,3.0,2.0,2026-06-29 19:53:58.413448+00:00
1823,76.0,59.35,4,44482.52,5928.81,522.9495833333333,16561.322453459146,0.2566,100.0,0.0,50,711,35.25,990.84,6,0.0,0.0,2026-06-29 19:53:58.413448+00:00
1829,70.0,112.77,4,30085.32,-2986.943333333333,-4270.988846153846,1762.2649924582554,0.7508,100.0,0.0,11,723,0.0,96.74,2,0.0,2.0,2026-06-29 19:53:58.413448+00:00
1846,0.0,128.8,0,0.0,9400.743333333334,11329.424848484849,2844.1313220601346,0.1476,100.0,0.0,35,669,100.16,613.2,4,1.0,0.0,2026-06-29 19:53:58.413448+00:00
1892,40.0,38.03,4,33414.88,1400.1822222222222,-3479.5976,13281.254768203878,0.0969,100.0,0.0,13,715,0.0,37.16,1,1.0,1.0,2026-06-29 19:53:58.413448+00:00
1944,67.0,21.16,3,31278.29,-3516.0833333333335,-353.7784210526316,18884.632416171156,0.1396,100.0,0.0,84,649,366.25,1151.93,5,1.0,0.0,2026-06-29 19:53:58.413448+00:00
1979,15.0,0.0,1,11657.25,1211.509,1251.418888888889,3096.06889922657,0.5292,100.0,0.0,100,793,151.87,476.7,5,2.0,1.0,2026-06-29 19:53:58.413448+00:00
1985,0.0,12.4,0,0.0,8984.415555555555,11449.88588235294,8849.885185792538,0.5574,100.0,0.0,58,687,0.0,572.8,4,1.0,1.0,2026-06-29 19:53:58.413448+00:00
1986,89.0,89.75,2,15105.36,-3338.69,-2905.4039024390245,9148.087913239977,0.9617,100.0,0.0,39,726,41.43,41.43,1,4.0,2.0,2026-06-29 19:53:58.413448+00:00
1996,0.0,37.0,0,0.0,31125.382857142857,30555.473684210527,5470.038529019711,0.9217,100.0,0.0,122,667,80.59,308.02,4,0.0,0.0,2026-06-29 19:53:58.413448+00:00
1999,16.0,139.4,2,16351.59,-927.9988888888889,4405.6075,6715.36262636464,0.6542,100.0,0.0,32,584,83.66,582.27,6,3.0,1.0,2026-06-29 19:53:58.413448+00:00
2052,0.0,150.32,1,11319.4,13508.207777777778,11526.790625,7811.782174086304,0.4521,100.0,0.0,17,569,491.89,936.21,8,1.0,0.0,2026-06-29 19:53:58.413448+00:00
2057,30.0,93.68,1,10584.82,5430.037,4711.915517241379,6409.231193788505,0.733,100.0,0.0,70,714,121.83,859.64,5,1.0,1.0,2026-06-29 19:53:58.413448+00:00
2069,0.0,114.28,2,18906.65,20017.913333333334,12004.72,5136.549100466188,0.0132,100.0,0.0,72,659,0.0,21.26,1,0.0,0.0,2026-06-29 19:53:58.413448+00:00
2072,32.0,75.07,2,17782.83,-808.8533333333334,3534.380344827586,10066.820819600116,0.9619,100.0,0.0,92,786,0.0,319.46,4,1.0,0.0,2026-06-29 19:53:58.413448+00:00
2076,20.0,134.9,2,23507.78,5583.966666666666,8858.411818181818,11823.449210060811,0.6975,100.0,0.0,43,704,300.64,975.58,9,1.0,2.0,2026-06-29 19:53:58.413448+00:00
2096,0.0,81.04,4,36765.56,9487.872307692307,8451.637222222222,4408.765968192275,0.5256,100.0,0.0,76,695,240.79,967.29,6,1.0,0.0,2026-06-29 19:53:58.413448+00:00
2102,49.0,170.31,3,30489.26,-5382.13,-636.1480555555555,5773.899035807038,0.2988,100.0,0.0,65,670,128.56,468.31,2,4.0,3.0,2026-06-29 19:53:58.413448+00:00
2116,37.0,25.08,0,0.0,13276.180666666667,12333.807435897435,11863.014738156206,0.1058,100.0,0.0,11,715,0.0,465.79,4,1.0,2.0,2026-06-29 19:53:58.413448+00:00
2163,67.0,106.67,2,23124.49,955.1275,-2192.3235714285715,8104.97109714372,0.1036,100.0,0.0,72,714,209.37,760.48,4,0.0,1.0,2026-06-29 19:53:58.413448+00:00
2167,86.0,83.4,8,71350.37,1111.6536842105263,-785.0591379310345,16454.76288839372,0.528,100.0,0.0,48,590,319.12,914.84,8,2.0,3.0,2026-06-29 19:53:58.413448+00:00
2171,47.0,108.86,4,34720.54,-1820.6222222222223,539.6838235294117,4527.180969156657,0.2663,100.0,0.0,86,794,10260.32,10427.7,4,0.0,1.0,2026-06-29 19:53:58.413448+00:00
2181,75.0,151.54,5,48789.73,-2119.1953846153847,-961.786875,14100.664101516917,0.9527,100.0,0.0,42,742,287.53,841.63,6,3.0,1.0,2026-06-29 19:53:58.413448+00:00
2198,7.0,0.0,3,23988.19,7258.966153846154,8605.536756756757,6136.959366088436,0.7475,100.0,0.0,60,717,303.36,844.85,8,1.0,0.0,2026-06-29 19:53:58.413448+00:00
2204,103.0,105.7,4,31059.83,-2081.1482352941175,-6953.046136363636,11806.061904865508,0.6387,100.0,0.0,67,719,541.82,861.38,9,3.0,1.0,2026-06-29 19:53:58.413448+00:00
2224,0.0,44.19,2,20868.4,8567.257272727273,7985.386388888889,9318.68816950142,0.7609,100.0,0.0,30,788,79.85,11132.52,6,1.0,1.0,2026-06-29 19:53:58.413448+00:00
2234,118.0,51.01,5,43949.94,-12976.895,-19205.15529411765,15701.130630044621,0.0617,100.0,0.0,113,756,291.29,466.56,4,3.0,1.0,2026-06-29 19:53:58.413448+00:00
2256,35.0,0.0,5,44324.55,-4350.47,-2106.252285714286,4705.319755543619,0.6655,100.0,0.0,66,671,168.18,6058.5,6,1.0,2.0,2026-06-29 19:53:58.413448+00:00
2309,53.0,103.84,3,23751.43,8326.336,9549.695471698113,13879.428254833461,0.4595,100.0,0.0,88,776,520.02,1724.66,12,3.0,1.0,2026-06-29 19:53:58.413448+00:00
2327,93.0,193.1,2,18561.78,-6093.325555555555,-4129.562173913044,3475.7918799405256,0.7974,100.0,0.0,59,744,128.32,7544.47,4,1.0,0.0,2026-06-29 19:53:58.413448+00:00
2333,21.0,141.46,3,19995.98,8926.186363636363,7080.452571428571,6088.31979113935,0.8172,100.0,0.0,37,803,0.0,866.58,4,2.0,0.0,2026-06-29 19:53:58.413448+00:00
2347,27.0,44.22,2,14719.16,-3759.312,-1695.3807692307691,2764.0033358614555,0.5253,100.0,0.0,63,720,0.0,640.76,2,0.0,0.0,2026-06-29 19:53:58.413448+00:00
2355,0.0,0.0,0,0.0,2212.2,2355.5608333333334,173.623375368369,0.7417,100.0,0.0,5,708,163.23,413.28,3,1.0,0.0,2026-06-29 19:53:58.413448+00:00
2388,67.0,15.85,2,18203.93,-13225.3425,-11165.379523809524,5895.716775727321,0.3532,100.0,0.0,8,722,93.59,393.61,2,0.0,0.0,2026-06-29 19:53:58.413448+00:00
2417,20.0,16.78,3,25849.59,-10147.794,-1900.1670588235295,9604.805385384398,0.2916,100.0,0.0,40,673,0.0,240.38,3,1.0,0.0,2026-06-29 19:53:58.413448+00:00
2421,0.0,64.03,1,8269.7,11617.246153846154,14202.865945945947,11919.479733423366,0.11,100.0,0.0,67,779,0.0,476.08,4,0.0,2.0,2026-06-29 19:53:58.413448+00:00
2427,75.0,163.51,4,37617.27,1440.9486666666667,-1002.4895,4827.675241756611,0.0057,100.0,0.0,49,788,390.0,1147.42,7,4.0,1.0,2026-06-29 19:53:58.413448+00:00
2442,19.0,70.18,3,33148.29,459.0058333333333,5633.6525,10815.399992072358,0.0307,100.0,0.0,97,763,360.7,23510.38,8,2.0,3.0,2026-06-29 19:53:58.413448+00:00
2495,70.0,87.39,3,26074.15,185.176,3430.547105263158,6063.586082643325,0.9515,100.0,0.0,51,663,289.06,6426.23,11,1.0,1.0,2026-06-29 19:53:58.413448+00:00
2496,42.0,0.0,2,14285.28,-1856.3057142857142,-1149.922857142857,4161.1211840516335,0.9232,100.0,0.0,30,602,178.29,6082.02,6,2.0,0.0,2026-06-29 19:53:58.413448+00:00
2548,109.0,145.37,4,33925.96,-6365.0536363636365,-7765.745813953488,8223.471134785832,0.3595,100.0,0.0,6,780,116.76,435.54,3,1.0,1.0,2026-06-29 19:53:58.413448+00:00
2574,0.0,71.98,0,0.0,8483.771428571428,8855.318888888889,1181.665770884518,0.5397,100.0,0.0,89,561,0.0,378.5,4,1.0,0.0,2026-06-29 19:53:58.413448+00:00
2582,7.0,26.1,3,30168.19,27921.974,25708.65046511628,21822.55613518676,0.7565,100.0,0.0,116,710,21492.39,21975.22,6,2.0,0.0,2026-06-29 19:53:58.413448+00:00
2588,12.0,99.1,4,30179.03,-1094.9915384615385,1757.9308108108107,5242.276615210567,0.8772,100.0,0.0,75,759,126.62,9857.1,9,3.0,0.0,2026-06-29 19:53:58.413448+00:00
2600,51.0,57.89,1,7403.02,-10176.546,-6065.2414285714285,7686.133141549251,0.7263,100.0,0.0,123,703,422.79,651.17,3,3.0,2.0,2026-06-29 19:53:58.413448+00:00
2614,0.0,116.91,1,6559.68,19654.505263157895,19626.7726,4476.470095048915,0.0086,100.0,0.0,1,782,188.42,1021.07,9,5.0,3.0,2026-06-29 19:53:58.413448+00:00
2620,15.0,40.38,3,26455.42,2031.664,-270.615,11026.770950720616,0.1349,100.0,0.0,99,813,0.0,279.49,2,1.0,1.0,2026-06-29 19:53:58.413448+00:00
2622,13.0,18.5,1,12061.5,8428.351176470589,6673.7356666666665,9352.24770994534,0.4019,100.0,0.0,33,754,69.37,703.58,8,1.0,1.0,2026-06-29 19:53:58.413448+00:00
2624,36.0,65.62,2,17637.77,7446.519285714286,8166.426578947368,5368.683908466447,0.3144,100.0,0.0,121,722,8872.1,9982.73,6,0.0,0.0,2026-06-29 19:53:58.413448+00:00
2628,6.0,26.39,0,0.0,9571.675555555556,12498.18125,8239.977046380507,0.7832,100.0,0.0,2,760,0.0,841.46,5,0.0,0.0,2026-06-29 19:53:58.413448+00:00
2640,22.0,72.06,1,11759.58,-4816.915,-2419.9494444444445,12622.28039765743,0.5253,100.0,0.0,22,844,13.69,635.26,4,0.0,0.0,2026-06-29 19:53:58.413448+00:00
2664,52.0,149.79,3,25023.69,4256.998888888889,7419.3356,23795.71444803574,0.1635,100.0,0.0,25,698,17.24,460.4,4,2.0,1.0,2026-06-29 19:53:58.413448+00:00
2673,114.0,313.22,3,29800.15,-478.9461111111111,-1767.3961666666667,8036.4463208744955,0.4332,100.0,0.0,21,657,613.16,947.54,7,4.0,2.0,2026-06-29 19:53:58.413448+00:00
2687,70.0,108.11,3,27413.65,-9588.363076923077,-6459.804390243902,10849.784303680442,0.3286,100.0,0.0,12,747,117.33,831.36,9,0.0,2.0,2026-06-29 19:53:58.413448+00:00
2697,45.0,38.83,3,29026.05,2211.9733333333334,4620.987297297297,9077.265774948839,0.4226,100.0,0.0,8,731,370.5,10503.16,13,0.0,1.0,2026-06-29 19:53:58.413448+00:00
2706,16.0,135.13,1,10566.1,3331.1115384615387,4267.8075,7296.911530157192,0.6966,100.0,0.0,2,749,224.75,762.49,4,2.0,1.0,2026-06-29 19:53:58.413448+00:00
2731,53.0,59.39,2,20064.18,1186.6892307692308,1576.97,3829.591451937641,0.3123,100.0,0.0,82,725,11344.7,12548.72,10,2.0,2.0,2026-06-29 19:53:58.413448+00:00
2741,55.0,10.77,1,8102.47,3999.51875,6031.416315789474,12826.50359520548,0.6619,100.0,0.0,34,603,332.91,584.89,3,1.0,0.0,2026-06-29 19:53:58.413448+00:00
2754,23.0,134.08,3,27936.76,2118.717777777778,2942.3928571428573,9398.158750493903,0.579,100.0,0.0,49,712,0.0,891.75,8,3.0,0.0,2026-06-29 19:53:58.413448+00:00
2773,8.0,0.0,2,19626.67,-1138.598,839.5077777777777,7524.272372967041,0.2806,100.0,0.0,62,624,9060.18,9124.91,3,0.0,0.0,2026-06-29 19:53:58.413448+00:00
2817,75.0,82.09,6,46452.6,2358.941363636364,437.5963461538461,12912.252006847295,0.6978,100.0,0.0,122,810,320.15,855.67,7,1.0,1.0,2026-06-29 19:53:58.413448+00:00
2819,0.0,43.48,1,11201.9,12588.570714285714,12831.030769230769,4948.744804201964,0.8703,100.0,0.0,88,730,244.71,1354.23,8,3.0,2.0,2026-06-29 19:53:58.413448+00:00
2827,20.0,152.23,1,11810.23,6322.5175,5261.049024390244,3545.4043358188555,0.8721,100.0,0.0,40,648,87.16,675.99,6,3.0,0.0,2026-06-29 19:53:58.413448+00:00
2833,0.0,56.61,0,0.0,25332.051428571427,25127.669666666665,14680.970067786728,0.5326,100.0,0.0,77,822,336.56,538.71,4,0.0,0.0,2026-06-29 19:53:58.413448+00:00
2847,8.0,52.12,2,20516.04,11194.657647058824,9140.765,9741.348922164827,0.0781,100.0,0.0,55,604,476.72,1471.17,11,6.0,3.0,2026-06-29 19:53:58.413448+00:00
2849,60.0,65.72,6,48882.47,-5970.525555555556,-8183.009230769231,12916.095448645261,0.2542,100.0,0.0,121,607,70.9,127.75,3,1.0,1.0,2026-06-29 19:53:58.413448+00:00
2853,3.0,86.36,3,25104.24,6856.113636363636,11185.685945945947,8435.61786270695,0.6024,100.0,0.0,96,717,0.0,7279.63,6,0.0,1.0,2026-06-29 19:53:58.413448+00:00
2857,1.0,89.93,1,9608.4,5774.0525,6715.115,7414.590080757086,0.1574,100.0,0.0,100,715,0.0,10078.6,5,0.0,0.0,2026-06-29 19:53:58.413448+00:00
2861,44.0,53.75,4,29852.77,2691.2025,6149.675555555556,17537.85961594206,0.6355,100.0,0.0,124,727,0.0,244.09,1,0.0,0.0,2026-06-29 19:53:58.413448+00:00
2877,4.0,86.22,3,21854.36,6135.022,8926.265333333333,8916.434709298857,0.8124,100.0,0.0,106,735,308.73,6125.7,6,1.0,2.0,2026-06-29 19:53:58.413448+00:00
2885,72.0,18.95,1,9706.66,-2629.874,-12922.120476190476,10003.000414914237,0.9254,100.0,0.0,28,708,54.85,252.25,2,2.0,2.0,2026-06-29 19:53:58.413448+00:00
2900,0.0,157.57,0,0.0,23427.011818181818,20217.130666666668,8303.551256702931,0.4122,100.0,0.0,27,700,237.49,509.44,4,2.0,0.0,2026-06-29 19:53:58.413448+00:00
2903,39.0,72.18,3,31548.69,8732.27625,9991.691666666668,12117.149525708273,0.6066,100.0,0.0,132,648,0.0,371.91,3,2.0,1.0,2026-06-29 19:53:58.413448+00:00
2918,65.0,58.1,5,44454.91,-8251.832142857143,-2490.209523809524,8023.164010317385,0.9755,100.0,0.0,58,635,92.25,18818.71,9,0.0,0.0,2026-06-29 19:53:58.413448+00:00
2931,24.0,10.97,2,12060.14,12528.354,12473.808,1627.5626524518914,0.2934,100.0,0.0,58,712,147.79,220.01,3,0.0,0.0,2026-06-29 19:53:58.413448+00:00
2949,2.0,33.44,3,22964.61,7124.965833333334,7919.940606060606,6516.524335881221,0.6653,100.0,0.0,21,665,212.56,9707.35,6,0.0,1.0,2026-06-29 19:53:58.413448+00:00
2952,17.0,74.41,4,31954.15,-1735.813,2206.108846153846,9661.287874440855,0.7625,100.0,0.0,15,681,71.03,7770.2,5,3.0,0.0,2026-06-29 19:53:58.413448+00:00
2969,0.0,15.99,0,0.0,2916.84,3019.6833333333334,110.91796978948987,0.4883,100.0,0.0,96,783,0.0,51.69,1,1.0,0.0,2026-06-29 19:53:58.413448+00:00
2976,0.0,32.82,0,0.0,4542.97125,7494.3675,6589.409047639281,0.1364,100.0,0.0,26,795,0.0,514.88,4,0.0,0.0,2026-06-29 19:53:58.413448+00:00
2982,32.0,41.27,2,18736.85,10698.064444444444,7128.609756097561,7541.740787820512,0.2915,100.0,0.0,52,842,571.8,1177.27,10,3.0,0.0,2026-06-29 19:53:58.413448+00:00
2983,89.0,108.87,1,10015.74,-2337.6855172413793,-2526.9103389830507,4806.213363307869,0.8541,100.0,0.0,71,773,669.69,1522.24,16,4.0,0.0,2026-06-29 19:53:58.413448+00:00
3001,63.0,34.68,2,14117.12,-3868.655,-2653.1783333333333,10131.394720007733,0.7376,100.0,0.0,85,751,113.83,984.7,7,1.0,2.0,2026-06-29 19:53:58.413448+00:00
3016,0.0,63.23,0,0.0,19909.91,20031.79909090909,127.50304676962428,0.8137,100.0,0.0,84,781,150.52,150.52,2,0.0,0.0,2026-06-29 19:53:58.413448+00:00
3037,0.0,61.03,0,0.0,22264.19625,19507.066470588234,4834.651643175353,0.2478,100.0,0.0,47,742,395.23,395.23,4,2.0,0.0,2026-06-29 19:53:58.413448+00:00
3061,37.0,30.77,1,9396.43,10290.79,9276.983,7669.563590631959,0.713,100.0,0.0,38,564,0.0,9559.37,3,1.0,1.0,2026-06-29 19:53:58.413448+00:00
3064,5.0,103.2,1,5742.4,20334.14,19045.20882352941,2713.952944527665,0.4166,100.0,0.0,83,691,724.05,1029.54,3,1.0,0.0,2026-06-29 19:53:58.413448+00:00
3078,0.0,61.31,3,26666.9,13962.463333333333,14446.894736842105,12745.81187984585,0.0851,100.0,0.0,41,776,504.88,708.79,6,1.0,1.0,2026-06-29 19:53:58.413448+00:00
3079,148.0,137.76,6,52367.94,-9754.970625,-8031.033191489361,13047.267053655518,0.9058,100.0,0.0,51,734,281.99,793.71,7,2.0,0.0,2026-06-29 19:53:58.413448+00:00
3085,0.0,14.68,4,34449.15,11913.891666666666,9096.461875,3895.4937549757537,0.9641,100.0,0.0,24,774,439.74,1284.76,9,2.0,0.0,2026-06-29 19:53:58.413448+00:00
3088,3.0,103.34,1,11708.42,9678.94875,10504.216964285713,3207.2878037636633,0.3127,100.0,0.0,116,813,0.0,612.5,6,2.0,0.0,2026-06-29 19:53:58.413448+00:00
3089,0.0,10.32,0,0.0,3377.7516666666666,2878.286153846154,1882.9277186333943,0.4512,100.0,0.0,3,736,57.48,343.33,4,1.0,1.0,2026-06-29 19:53:58.413448+00:00
3113,22.0,89.9,2,20266.28,20466.61388888889,16775.25423076923,22332.526608045035,0.6765,100.0,0.0,2,729,296.26,1414.33,8,1.0,2.0,2026-06-29 19:53:58.413448+00:00
3118,0.0,43.76,0,0.0,30965.7325,30974.378,159.51261823442033,0.3194,100.0,0.0,96,761,136.54,136.54,1,0.0,0.0,2026-06-29 19:53:58.413448+00:00
3121,64.0,133.78,0,0.0,-976.6194117647059,615.1530769230769,6473.749463967243,0.8841,100.0,0.0,107,628,293.31,917.43,9,4.0,2.0,2026-06-29 19:53:58.413448+00:00
3132,3.0,78.77,0,0.0,16553.246666666666,16373.82875,1576.3160145793324,0.6227,100.0,0.0,33,720,73.38,316.95,7,0.0,1.0,2026-06-29 19:53:58.413448+00:00
3133,0.0,104.35,0,0.0,21179.905,16661.636666666665,16520.872012330903,0.8911,100.0,0.0,67,785,70.6,233.2,2,0.0,1.0,2026-06-29 19:53:58.413448+00:00
3145,74.0,74.1,3,29443.91,-2707.136,-2281.0991489361704,15173.341578490867,0.4023,100.0,0.0,45,847,348.41,1358.72,10,3.0,1.0,2026-06-29 19:53:58.413448+00:00
3188,60.0,53.29,5,46004.9,-3689.77625,-1152.5724137931034,8314.137873178406,0.7994,100.0,0.0,127,730,251.31,624.02,5,0.0,0.0,2026-06-29 19:53:58.413448+00:00
3197,86.0,42.47,3,30498.51,4126.605,5023.232666666667,12752.337879729828,0.0752,100.0,0.0,47,664,441.01,1756.32,12,1.0,3.0,2026-06-29 19:53:58.413448+00:00
3209,98.0,42.07,3,27078.19,-3562.058666666667,-8063.197906976744,11911.36947447621,0.9293,100.0,0.0,55,771,243.55,1088.72,5,4.0,0.0,2026-06-29 19:53:58.413448+00:00
3216,53.0,35.49,4,40419.05,2138.6115384615387,1964.1130555555555,10553.210673211368,0.6075,100.0,0.0,24,700,116.78,9995.3,8,2.0,1.0,2026-06-29 19:53:58.413448+00:00
3222,18.0,93.21,4,32535.69,3873.5929411764705,3954.1491836734695,6191.551993419064,0.4632,100.0,0.0,17,597,903.24,1230.13,9,1.0,0.0,2026-06-29 19:53:58.413448+00:00
3225,76.0,81.2,4,32598.75,-1548.5672727272727,-4427.1281818181815,12193.924651838133,0.6067,100.0,0.0,36,726,0.0,8460.51,5,1.0,1.0,2026-06-29 19:53:58.413448+00:00
3270,42.0,109.31,1,8781.19,4031.5783333333334,8566.732222222223,9622.947918388909,0.898,100.0,0.0,83,702,0.0,773.05,5,2.0,0.0,2026-06-29 19:53:58.413448+00:00
3272,35.0,46.85,3,30920.56,7901.8325,9318.7875,11770.617533313925,0.5904,100.0,0.0,104,803,0.0,507.93,4,1.0,1.0,2026-06-29 19:53:58.413448+00:00
3282,133.0,52.86,4,33711.85,-14600.26375,-13018.955945945945,8522.474135696353,0.5835,100.0,0.0,120,665,57.17,19213.82,7,0.0,3.0,2026-06-29 19:53:58.413448+00:00
3293,66.0,32.68,1,11878.99,12277.732727272727,10795.079433962264,16410.728383453905,0.498,100.0,0.0,15,794,447.06,1950.6,16,2.0,1.0,2026-06-29 19:53:58.413448+00:00
3296,50.0,44.34,2,15853.99,1323.2323529411765,2562.28511627907,5969.347034288333,0.0438,100.0,0.0,10,693,298.1,1408.78,11,2.0,0.0,2026-06-29 19:53:58.413448+00:00
3299,4.0,62.57,1,8736.72,7555.76,7830.483333333334,4987.415020826215,0.7392,100.0,0.0,42,675,80.85,362.5,5,0.0,1.0,2026-06-29 19:53:58.413448+00:00
3336,31.0,22.25,3,21593.49,3933.945,6824.968,10446.109225943675,0.2615,100.0,0.0,19,674,0.0,14374.39,6,0.0,0.0,2026-06-29 19:53:58.413448+00:00
3347,37.0,41.61,0,0.0,14099.606,12904.559428571429,13635.77420124496,0.7614,100.0,0.0,106,700,221.87,268.11,1,1.0,1.0,2026-06-29 19:53:58.413448+00:00
3350,19.0,116.73,2,21269.02,6999.061428571428,5293.231388888889,3527.04977805803,0.1459,100.0,0.0,25,847,158.45,811.49,5,3.0,1.0,2026-06-29 19:53:58.413448+00:00
3359,0.0,0.0,1,11306.79,13299.2375,16748.643,5238.143284460725,0.123,100.0,0.0,4,651,288.76,395.04,3,1.0,1.0,2026-06-29 19:53:58.413448+00:00
3367,37.0,22.22,1,9500.41,1276.8466666666666,746.1534615384616,8989.977813948812,0.9254,100.0,0.0,112,794,27.71,385.58,6,0.0,0.0,2026-06-29 19:53:58.413448+00:00
3382,26.0,49.33,0,0.0,3747.957,4071.5508695652175,3720.067345848705,0.0625,100.0,0.0,7,662,0.0,328.28,4,1.0,1.0,2026-06-29 19:53:58.413448+00:00
3385,0.0,19.48,1,7890.22,15838.618888888888,15797.48695652174,529.7878797539786,0.3237,100.0,0.0,69,791,0.0,404.66,4,2.0,1.0,2026-06-29 19:53:58.413448+00:00
3387,0.0,0.0,0,0.0,7012.008333333333,6867.618888888889,2231.5149129033125,0.7216,100.0,0.0,66,765,208.49,948.85,6,1.0,0.0,2026-06-29 19:53:58.413448+00:00
3389,15.0,35.12,3,22201.24,20614.342777777776,17112.525185185186,9746.88769954189,0.3145,100.0,0.0,63,728,796.21,1333.94,10,2.0,1.0,2026-06-29 19:53:58.413448+00:00
3390,68.0,104.27,2,18406.0,5797.863636363636,5134.676875,24940.944188508638,0.9658,100.0,0.0,107,710,0.0,550.58,3,0.0,1.0,2026-06-29 19:53:58.413448+00:00
3391,19.0,88.28,2,15423.86,2062.1842857142856,216.0578260869565,10570.487693929505,0.2856,100.0,0.0,110,638,219.87,241.06,2,2.0,2.0,2026-06-29 19:53:58.413448+00:00
3422,32.0,79.2,2,14178.37,494.525,3965.6167741935483,9478.876403153516,0.467,100.0,0.0,80,655,99.05,9401.7,6,1.0,2.0,2026-06-29 19:53:58.413448+00:00
3450,51.0,144.23,4,41495.74,4352.81,789.3027272727272,10746.247459329148,0.098,100.0,0.0,113,793,154.65,342.67,4,2.0,1.0,2026-06-29 19:53:58.413448+00:00
3451,70.0,91.64,3,26669.21,-2017.516842105263,-2170.5676785714286,10230.247563579565,0.2551,100.0,0.0,39,716,284.13,968.14,9,1.0,3.0,2026-06-29 19:53:58.413448+00:00
3461,38.0,114.59,2,19173.27,8265.483913043478,7812.594745762712,15141.80367422434,0.5803,100.0,0.0,31,727,216.06,1336.61,14,1.0,2.0,2026-06-29 19:53:58.413448+00:00
3493,0.0,0.0,1,9218.14,10651.425714285715,9193.46238095238,3445.7860566949566,0.9074,100.0,0.0,36,787,114.54,186.85,2,1.0,1.0,2026-06-29 19:53:58.413448+00:00
3495,0.0,106.69,0,0.0,13905.142307692307,13190.248387096774,9682.49006187466,0.3476,100.0,0.0,56,669,52.44,843.68,9,2.0,2.0,2026-06-29 19:53:58.413448+00:00
3532,149.0,122.43,10,87215.79,-11123.931111111111,-12617.36688888889,13987.13025540423,0.4152,100.0,0.0,42,740,153.23,910.6,7,1.0,0.0,2026-06-29 19:53:58.413448+00:00
3538,9.0,10.98,1,10628.44,6014.809,5868.155,1800.0289334212298,0.4145,100.0,0.0,125,705,52.92,457.94,5,1.0,1.0,2026-06-29 19:53:58.413448+00:00
3540,9.0,65.91,0,0.0,4418.001428571429,4136.301176470588,4502.91810163862,0.1376,100.0,0.0,33,738,0.0,268.82,1,1.0,1.0,2026-06-29 19:53:58.413448+00:00
3554,51.0,31.94,1,6801.49,-1436.09,-1153.1192857142858,338.2589308812383,0.7982,100.0,0.0,114,680,240.3,1143.59,5,0.0,0.0,2026-06-29 19:53:58.413448+00:00
3556,97.0,56.12,5,43162.23,3615.887333333333,-664.6538095238095,10484.632380847368,0.6893,100.0,0.0,74,766,304.33,806.86,8,4.0,1.0,2026-06-29 19:53:58.413448+00:00
3561,103.0,159.2,3,26521.13,8051.17,8571.335660377359,20917.456162602113,0.6227,100.0,0.0,8,727,358.63,9611.29,12,2.0,0.0,2026-06-29 19:53:58.413448+00:00
3567,88.0,191.64,4,35717.78,4734.1507142857145,1549.5638775510204,5641.271047232321,0.6599,100.0,0.0,42,770,268.83,635.54,6,2.0,3.0,2026-06-29 19:53:58.413448+00:00
3581,70.0,12.96,2,17753.65,-6752.87,-10328.6425,3944.352651445957,0.8324,100.0,0.0,78,737,0.0,106.08,1,0.0,2.0,2026-06-29 19:53:58.413448+00:00
3586,55.0,84.41,1,10466.84,9463.771666666667,4837.217058823529,20214.226308502082,0.7143,100.0,0.0,68,658,419.93,611.98,5,1.0,2.0,2026-06-29 19:53:58.413448+00:00
3598,0.0,38.1,0,0.0,18008.708,16437.106315789475,5052.012343268676,0.1137,100.0,0.0,28,711,59.12,325.84,2,0.0,1.0,2026-06-29 19:53:58.413448+00:00
3629,8.0,10.45,2,12515.23,4966.893846153846,4948.461470588235,1835.3491339414422,0.7949,100.0,0.0,12,718,178.42,1625.48,10,1.0,0.0,2026-06-29 19:53:58.413448+00:00
3637,73.0,77.64,4,38670.63,-10306.426666666666,-10394.9195,8291.238649897177,0.0337,100.0,0.0,47,698,0.0,415.4,3,0.0,1.0,2026-06-29 19:53:58.413448+00:00
3658,33.0,75.29,3,31649.6,15836.394,9411.640243902439,12342.681242526562,0.2466,100.0,0.0,41,770,172.03,940.89,5,2.0,0.0,2026-06-29 19:53:58.413448+00:00
3689,29.0,150.15,1,9822.84,6767.90052631579,7634.829318181818,7218.298419652402,0.1211,100.0,0.0,2,796,434.99,1287.87,6,0.0,1.0,2026-06-29 19:53:58.413448+00:00
3696,24.0,93.94,5,40878.86,2089.3647368421052,4123.199777777778,7369.910882816975,0.5985,100.0,0.0,1,682,24.45,7055.31,8,1.0,1.0,2026-06-29 19:53:58.413448+00:00
3700,2.0,93.05,4,30411.98,4894.787,7951.143333333333,3285.0195857144727,0.8526,100.0,0.0,15,837,0.0,9308.9,5,3.0,2.0,2026-06-29 19:53:58.413448+00:00
3707,0.0,26.94,0,0.0,16894.93090909091,18386.5656,5330.842678410293,0.3198,100.0,0.0,103,754,143.61,614.82,3,1.0,1.0,2026-06-29 19:53:58.413448+00:00
3748,26.0,164.9,5,42441.33,-1040.4127272727274,1382.0535135135135,8505.098199957592,0.6471,100.0,0.0,66,628,7972.25,8265.73,7,1.0,2.0,2026-06-29 19:53:58.413448+00:00
3759,22.0,75.69,1,5672.3,13775.629230769231,9824.071481481482,8433.410216876124,0.725,100.0,0.0,88,850,181.94,816.19,6,0.0,1.0,2026-06-29 19:53:58.413448+00:00
3760,40.0,11.61,2,15911.31,-2671.8577777777778,-2222.9674193548385,5869.756849611543,0.2801,100.0,0.0,69,672,338.36,457.37,4,1.0,1.0,2026-06-29 19:53:58.413448+00:00
3773,0.0,57.13,0,0.0,10545.380909090909,10058.695925925926,1876.408983161224,0.8375,100.0,0.0,123,682,185.4,1102.36,7,2.0,0.0,2026-06-29 19:53:58.413448+00:00
3775,18.0,55.73,1,9709.18,16693.37714285714,15185.7948,14464.219258128001,0.0126,100.0,0.0,37,653,0.0,261.12,3,0.0,1.0,2026-06-29 19:53:58.413448+00:00
3803,0.0,123.97,2,19593.01,12142.181666666667,13155.063125,6996.8441603408955,0.0295,100.0,0.0,108,713,0.0,122.83,2,1.0,1.0,2026-06-29 19:53:58.413448+00:00
3833,0.0,49.77,1,9295.31,6989.919411764706,7483.88972972973,4640.8070052206795,0.0209,100.0,0.0,66,725,180.17,10455.08,10,2.0,2.0,2026-06-29 19:53:58.413448+00:00
3851,43.0,20.46,2,20734.76,383.72857142857146,-768.3461290322581,4441.222240498796,0.0697,100.0,0.0,73,640,0.0,555.16,5,0.0,2.0,2026-06-29 19:53:58.413448+00:00
3852,0.0,41.66,1,6863.21,9280.856,10767.4175,4870.6032099606255,0.1251,100.0,0.0,141,749,77.33,223.7,3,1.0,1.0,2026-06-29 19:53:58.413448+00:00
3856,0.0,64.95,1,5546.87,10873.774615384615,11270.86393939394,10279.41713429506,0.7075,100.0,0.0,2,803,33.81,954.0,6,0.0,2.0,2026-06-29 19:53:58.413448+00:00
3904,119.0,103.31,2,14503.89,552.605,559.4154761904762,5722.249437614299,0.6133,100.0,0.0,21,740,166.38,1329.09,13,1.0,1.0,2026-06-29 19:53:58.413448+00:00
3917,7.0,84.7,1,11816.61,10084.923,10523.88153846154,3862.0142777359197,0.2283,100.0,0.0,3,712,0.0,205.46,2,0.0,0.0,2026-06-29 19:53:58.413448+00:00
3927,13.0,67.96,1,9529.16,13679.593846153846,12564.338,8520.855355240043,0.9526,100.0,0.0,3,701,93.7,598.1,7,1.0,1.0,2026-06-29 19:53:58.413448+00:00
3934,0.0,141.74,0,0.0,10899.778,8734.20064516129,4998.065046042373,0.1257,100.0,0.0,22,637,0.0,102.87,3,3.0,0.0,2026-06-29 19:53:58.413448+00:00
3939,11.0,26.29,0,0.0,14376.905714285715,13493.453333333333,1741.2007746204597,0.4873,100.0,0.0,69,718,0.0,416.71,2,3.0,2.0,2026-06-29 19:53:58.413448+00:00
3943,72.0,91.3,1,6667.77,2662.092222222222,2321.2833333333333,12275.667051318622,0.5967,100.0,0.0,25,646,324.03,2091.0,11,0.0,1.0,2026-06-29 19:53:58.413448+00:00
3946,32.0,0.0,2,18078.26,5946.806,6570.728095238095,8254.962665464807,0.2624,100.0,0.0,85,709,768.29,1062.41,8,2.0,1.0,2026-06-29 19:53:58.413448+00:00
3962,16.0,60.03,3,32741.52,15056.855454545455,15022.286153846153,8697.640221656238,0.5403,100.0,0.0,81,712,395.46,22420.13,6,1.0,0.0,2026-06-29 19:53:58.413448+00:00
3968,24.0,75.17,1,8655.43,-6278.225,1659.9737931034483,9407.390162222016,0.8012,100.0,0.0,58,695,184.48,436.54,3,1.0,1.0,2026-06-29 19:53:58.413448+00:00
3975,53.0,65.12,1,9233.19,4659.66375,5176.4825,12720.434334850708,0.221,100.0,0.0,92,729,152.19,9496.34,1,0.0,1.0,2026-06-29 19:53:58.413448+00:00
3984,0.0,27.0,1,10333.99,9812.7175,9814.7695,2530.9438111018485,0.8128,100.0,0.0,118,580,167.12,513.82,5,1.0,0.0,2026-06-29 19:53:58.413448+00:00
3985,48.0,38.03,0,0.0,-1141.49,-1419.181,239.47627695618075,0.2832,100.0,0.0,74,657,0.0,75.11,1,0.0,0.0,2026-06-29 19:53:58.413448+00:00
4005,0.0,93.77,1,5416.12,28543.45705882353,26709.97511111111,10821.927516558144,0.873,100.0,0.0,51,676,116.47,479.42,6,1.0,1.0,2026-06-29 19:53:58.413448+00:00
4015,60.0,91.19,4,33626.09,-2323.1918181818182,-536.4608333333333,7692.320573809734,0.1096,100.0,0.0,70,671,291.71,785.95,4,1.0,2.0,2026-06-29 19:53:58.413448+00:00
4050,6.0,77.11,3,29484.22,2409.4377777777777,6349.686097560975,6805.510977379909,0.2799,100.0,0.0,32,692,10442.0,30585.07,11,0.0,3.0,2026-06-29 19:53:58.413448+00:00
4074,13.0,30.47,1,6531.4,10994.405384615384,11883.278780487804,2549.5630439342635,0.9465,100.0,0.0,96,723,222.7,6874.67,5,2.0,2.0,2026-06-29 19:53:58.413448+00:00
4086,0.0,34.36,2,17778.37,4067.831111111111,3210.165789473684,2203.089004797657,0.3315,100.0,0.0,80,779,174.71,439.97,5,2.0,1.0,2026-06-29 19:53:58.413448+00:00
4104,40.0,168.68,3,23215.96,4655.275555555556,3688.1761224489796,4520.828857199193,0.9153,100.0,0.0,54,773,421.78,1093.0,9,2.0,1.0,2026-06-29 19:53:58.413448+00:00
4115,2.0,223.45,0,0.0,3475.9266666666667,5170.479714285714,3943.2202884113494,0.9095,100.0,0.0,63,705,325.02,1075.91,6,2.0,2.0,2026-06-29 19:53:58.413448+00:00
4119,23.0,31.99,2,18287.37,3429.86625,4675.4177272727275,12036.643080921574,0.8675,100.0,0.0,61,629,247.26,715.67,5,0.0,2.0,2026-06-29 19:53:58.413448+00:00
4129,20.0,45.18,2,11799.96,13416.472,13513.48,5995.113385163115,0.2642,100.0,0.0,114,767,386.27,1160.06,8,1.0,1.0,2026-06-29 19:53:58.413448+00:00
4167,39.0,67.1,1,5729.96,1759.2392307692307,568.522,10242.329358649296,0.7288,100.0,0.0,51,793,352.46,812.12,9,2.0,0.0,2026-06-29 19:53:58.413448+00:00
4171,45.0,127.02,4,37131.62,4286.27,8147.5935,14606.099533916278,0.07,100.0,0.0,47,729,75.26,273.2,2,2.0,1.0,2026-06-29 19:53:58.413448+00:00
4193,6.0,146.31,3,28385.01,3869.86,2765.3353658536585,4860.618375325175,0.647,100.0,0.0,53,762,551.7,883.23,7,1.0,1.0,2026-06-29 19:53:58.413448+00:00
4196,0.0,66.86,3,20866.69,11376.435,11006.808928571429,3372.367594545135,0.0753,100.0,0.0,18,641,241.34,504.15,4,2.0,0.0,2026-06-29 19:53:58.413448+00:00
4225,5.0,48.66,0,0.0,14153.594666666666,14038.05487804878,9628.502796324054,0.7009,100.0,0.0,122,623,202.14,661.61,4,3.0,0.0,2026-06-29 19:53:58.413448+00:00
4245,63.0,156.74,4,33420.4,119.95954545454545,3558.656724137931,24710.34643191986,0.1355,100.0,0.0,105,682,564.75,2111.24,16,1.0,2.0,2026-06-29 19:53:58.413448+00:00
4248,0.0,87.71,1,10639.12,12491.163684210527,13387.456904761904,6672.857463030018,0.6701,100.0,0.0,134,719,246.12,1402.84,8,2.0,1.0,2026-06-29 19:53:58.413448+00:00
4271,34.0,31.88,1,7720.07,1793.96,2086.8715555555555,1465.6961034493027,0.1571,100.0,0.0,54,679,223.98,1299.51,9,2.0,1.0,2026-06-29 19:53:58.413448+00:00
4274,0.0,16.98,1,5379.35,2740.69,2180.14375,445.09603420041555,0.6373,100.0,0.0,73,695,115.13,157.13,1,2.0,0.0,2026-06-29 19:53:58.413448+00:00
4284,36.0,163.89,4,37826.59,9105.680952380952,10559.406363636364,14302.39268144195,0.3396,100.0,0.0,27,809,738.28,2015.42,13,0.0,2.0,2026-06-29 19:53:58.413448+00:00
4303,17.0,0.0,2,18835.36,-4392.374,-1679.1884615384615,3171.2702404577594,0.2963,100.0,0.0,124,767,7764.47,7764.47,3,1.0,0.0,2026-06-29 19:53:58.413448+00:00
4314,21.0,91.36,4,42068.4,15756.205714285714,13155.106285714286,11413.82557951879,0.3249,100.0,0.0,44,764,10374.84,22640.2,7,1.0,2.0,2026-06-29 19:53:58.413448+00:00
4347,89.0,127.0,5,39898.07,7178.380625,4782.221315789474,12525.107720503092,0.2652,100.0,0.0,40,774,308.89,1562.03,9,2.0,0.0,2026-06-29 19:53:58.413448+00:00
4394,21.0,38.91,0,0.0,4901.935714285714,7483.577037037037,7658.967085865682,0.0873,100.0,0.0,97,613,328.57,795.91,4,1.0,0.0,2026-06-29 19:53:58.413448+00:00
4399,15.0,44.63,4,43942.75,6786.193333333334,-2284.2903846153845,12732.08431193763,0.5063,100.0,0.0,24,535,0.0,251.07,3,0.0,0.0,2026-06-29 19:53:58.413448+00:00
4404,47.0,89.46,1,8712.19,4705.5625,6984.8625,9149.673400506541,0.918,100.0,0.0,30,799,387.21,723.12,8,0.0,3.0,2026-06-29 19:53:58.413448+00:00
4410,0.0,63.27,0,0.0,10148.443076923077,9864.445135135134,1329.7430745999784,0.8488,100.0,0.0,74,772,535.85,741.03,5,0.0,1.0,2026-06-29 19:53:58.413448+00:00
4419,47.0,63.99,3,21805.34,-3237.7045454545455,-1058.506956521739,8868.372289095394,0.3062,100.0,0.0,18,673,118.04,570.31,3,1.0,1.0,2026-06-29 19:53:58.413448+00:00
4450,54.0,81.9,2,21103.05,-10564.082,-6793.256666666667,15895.903919325587,0.7858,100.0,0.0,9,698,248.51,418.34,7,1.0,1.0,2026-06-29 19:53:58.413448+00:00
4451,25.0,34.23,2,14852.06,-3050.00875,-2682.375,1875.2589787909296,0.9151,100.0,0.0,109,850,0.0,180.78,2,3.0,1.0,2026-06-29 19:53:58.413448+00:00
4487,0.0,39.83,2,14317.28,11968.11,11937.5185,10042.608202185464,0.7747,100.0,0.0,83,701,193.99,334.14,3,2.0,0.0,2026-06-29 19:53:58.413448+00:00
4489,30.0,47.12,3,26326.59,5132.865238095238,1742.8167441860464,17712.802746386657,0.1726,100.0,0.0,42,736,140.12,2128.8,13,1.0,2.0,2026-06-29 19:53:58.413448+00:00
4490,38.0,86.54,2,13060.8,6376.57875,5641.02,4211.567264542978,0.0782,100.0,0.0,27,648,6529.54,7499.18,8,2.0,0.0,2026-06-29 19:53:58.413448+00:00
4528,2.0,21.25,1,9346.44,6108.143571428572,8881.325952380952,4625.405535166272,0.3699,100.0,0.0,36,685,202.99,442.48,6,1.0,0.0,2026-06-29 19:53:58.413448+00:00
4547,69.0,160.15,2,12580.01,2584.645625,3740.5541860465114,8038.113451739674,0.9523,100.0,0.0,30,715,381.78,533.17,4,0.0,1.0,2026-06-29 19:53:58.413448+00:00
4599,8.0,0.0,1,6046.11,9786.056666666667,9524.263939393939,4382.833447571038,0.7051,100.0,0.0,95,786,0.0,382.31,3,1.0,3.0,2026-06-29 19:53:58.413448+00:00
4631,22.0,212.44,3,28624.4,707.8583333333333,2629.975641025641,11184.551564936433,0.2551,100.0,0.0,29,677,0.0,12932.38,11,1.0,2.0,2026-06-29 19:53:58.413448+00:00
4644,0.0,85.01,0,0.0,3741.22,5546.872105263158,6077.243342809058,0.4246,100.0,0.0,17,745,0.0,95.93,2,0.0,1.0,2026-06-29 19:53:58.413448+00:00
4663,60.0,195.06,2,14362.68,417.639375,906.5397674418605,13749.757611672183,0.0306,100.0,0.0,126,765,63.43,1970.46,13,3.0,2.0,2026-06-29 19:53:58.413448+00:00
4671,80.0,105.32,6,51508.52,-14032.677857142857,-9702.357575757576,7999.270662046571,0.1715,100.0,0.0,105,703,508.94,23754.23,8,0.0,2.0,2026-06-29 19:53:58.413448+00:00
4679,98.0,56.46,3,22848.79,4631.09705882353,2227.0929824561404,11926.55283560197,0.5922,100.0,0.0,131,606,184.75,1018.38,8,3.0,2.0,2026-06-29 19:53:58.413448+00:00
4711,83.0,73.35,1,11838.39,8722.312941176471,6996.5825,14450.151868815701,0.1922,100.0,0.0,11,634,252.48,1453.72,12,3.0,3.0,2026-06-29 19:53:58.413448+00:00
4728,55.0,106.99,2,19432.2,-85.42076923076922,482.7612765957447,2098.5860447778678,0.5468,100.0,0.0,91,597,0.0,1034.11,10,4.0,0.0,2026-06-29 19:53:58.413448+00:00
4752,0.0,219.33,2,20854.22,16257.9,18193.406981132077,6859.372509482037,0.2585,100.0,0.0,14,735,209.57,1403.06,11,4.0,5.0,2026-06-29 19:53:58.413448+00:00
4793,71.0,259.91,4,39548.29,67.7121052631579,537.639,12036.412371959395,0.5294,100.0,0.0,86,582,230.1,1851.38,12,1.0,2.0,2026-06-29 19:53:58.413448+00:00
4807,80.0,60.58,4,23024.96,2169.49,1365.4044117647059,3590.9303869024347,0.8018,100.0,0.0,102,599,626.91,1307.46,6,3.0,1.0,2026-06-29 19:53:58.413448+00:00
4824,0.0,169.17,2,18162.31,8218.288571428571,11937.962558139536,7505.8889840479815,0.8024,100.0,0.0,3,674,214.1,12916.08,8,0.0,1.0,2026-06-29 19:53:58.413448+00:00
4838,21.0,36.29,4,38722.19,5044.901,8200.863333333333,13943.736431749074,0.5816,100.0,0.0,12,708,18.76,727.47,5,1.0,2.0,2026-06-29 19:53:58.413448+00:00
4848,0.0,40.5,0,0.0,17361.795,17398.89,87.44347467936144,0.953,100.0,0.0,72,687,0.0,98.43,1,0.0,0.0,2026-06-29 19:53:58.413448+00:00
4865,40.0,91.7,3,22911.4,-2178.6691666666666,-2171.200909090909,4036.907922718607,0.4302,100.0,0.0,40,639,255.11,733.48,6,0.0,0.0,2026-06-29 19:53:58.413448+00:00
4872,1.0,76.62,1,5693.84,17856.903,19775.15074074074,11915.610280453902,0.9108,100.0,0.0,63,737,278.97,854.87,6,4.0,1.0,2026-06-29 19:53:58.413448+00:00
4884,0.0,104.73,0,0.0,8647.28,7838.114090909091,8086.1794355378415,0.6858,100.0,0.0,38,781,307.22,307.22,2,3.0,0.0,2026-06-29 19:53:58.413448+00:00
4889,0.0,65.07,1,6076.39,5099.544285714286,6284.204166666666,4983.231806254448,0.8713,100.0,0.0,63,598,427.69,470.7,3,2.0,0.0,2026-06-29 19:53:58.413448+00:00
4919,0.0,88.89,2,14385.79,16363.385333333334,15548.99423076923,8195.556353771688,0.0665,100.0,0.0,98,795,255.49,458.91,5,2.0,0.0,2026-06-29 19:53:58.413448+00:00
4937,7.0,102.61,2,16866.84,7623.256,12080.501153846153,15218.205507146424,0.8066,100.0,0.0,29,758,513.71,1087.11,11,0.0,2.0,2026-06-29 19:53:58.413448+00:00
4952,52.0,59.83,2,19828.88,8045.345789473684,9140.86875,10534.475580044324,0.9817,100.0,0.0,88,636,91.89,12550.4,14,1.0,0.0,2026-06-29 19:53:58.413448+00:00
4974,30.0,36.31,3,30353.96,6484.9383333333335,8673.454,15798.111481429376,0.8776,100.0,0.0,45,808,171.27,1028.31,6,0.0,1.0,2026-06-29 19:53:58.413448+00:00
4980,74.0,115.01,2,23837.47,11793.752857142857,8021.113265306122,11488.364045921458,0.7039,100.0,0.0,76,816,226.24,562.62,6,4.0,1.0,2026-06-29 19:53:58.413448+00:00
4982,8.0,45.73,1,11942.91,5467.678333333333,5399.336470588235,3075.004804870356,0.6415,100.0,0.0,85,779,0.0,70.41,2,0.0,0.0,2026-06-29 19:53:58.413448+00:00
4995,0.0,0.0,1,11153.56,20266.295,21811.19714285714,3888.7429830242595,0.3561,100.0,0.0,122,823,0.0,78.72,1,0.0,1.0,2026-06-29 19:53:58.413448+00:00
1608,38.0,0.0,1,5802.35,-1358.37,488.62,5064.366299354738,0.0069,100.0,0.0,72,685,0.0,192.28,0,1.0,0.0,2026-06-29 19:53:58.413448+00:00
3116,0.0,10.89,0,0.0,28074.4675,28185.190666666665,168.9413632331423,0.7901,100.0,0.0,51,682,0.0,170.38,0,0.0,0.0,2026-06-29 19:53:58.413448+00:00
9,0.0,35.67,0,0.0,0.0,1228.05,0.0,0.7664,100.0,0.0,135,730,0.0,0.0,0,0.0,0.0,2026-06-29 19:53:58.413448+00:00
776,0.0,42.47,0,0.0,1065.08,780.52,169.197848833843,0.1231,100.0,0.0,6,676,0.0,0.0,0,1.0,0.0,2026-06-29 19:53:58.413448+00:00
1327,0.0,0.0,0,0.0,4053.69,3983.1866666666665,63.81230933152489,0.2892,100.0,0.0,116,731,0.0,0.0,0,0.0,0.0,2026-06-29 19:53:58.413448+00:00
1358,16.0,27.74,1,10975.36,5839.56,5502.634444444445,236.21004979613235,0.198,100.0,0.0,71,577,0.0,0.0,0,1.0,0.0,2026-06-29 19:53:58.413448+00:00
1390,0.0,39.65,1,7400.64,7501.805,7100.63,338.9802573344058,0.3606,100.0,0.0,15,763,0.0,0.0,0,3.0,0.0,2026-06-29 19:53:58.413448+00:00
1542,0.0,44.19,0,0.0,0.0,9449.3425,183.3484491855607,0.8593,100.0,0.0,115,694,0.0,0.0,0,0.0,0.0,2026-06-29 19:53:58.413448+00:00
3624,11.0,81.72,2,18487.77,-3136.46,-1008.3127272727273,3791.069914029046,0.0563,100.0,0.0,65,691,0.0,0.0,0,0.0,0.0,2026-06-29 19:53:58.413448+00:00
3924,0.0,0.0,0,0.0,12274.02,12275.335,112.87983459561495,0.4872,100.0,0.0,100,753,0.0,0.0,0,1.0,1.0,2026-06-29 19:53:58.413448+00:00
4224,0.0,0.0,0,0.0,0.0,12530.423333333334,30.619125105433913,0.5577,100.0,0.0,84,685,0.0,0.0,0,0.0,0.0,2026-06-29 19:53:58.413448+00:00
4868,0.0,0.0,1,7006.2,739.37,5591.360833333333,3432.7259949940135,0.0436,100.0,0.0,112,686,0.0,0.0,0,0.0,0.0,2026-06-29 19:53:58.413448+00:00
182,89.0,201.26,4,29759.65,2120.1592857142855,3261.3411111111113,8715.563446173303,0.0,100.0,0.0,24,611,184.21,881.58,8,0.0,1.0,2026-06-29 19:53:58.413448+00:00
298,2.0,0.0,1,7885.97,4085.765,5013.7955,2141.973360176158,0.0,100.0,0.0,17,554,247.83,986.4,6,0.0,0.0,2026-06-29 19:53:58.413448+00:00
544,44.0,113.28,1,5569.58,1901.3272727272727,4507.172058823529,11448.28599905058,0.0,100.0,0.0,121,840,572.75,863.89,5,1.0,2.0,2026-06-29 19:53:58.413448+00:00
615,72.0,133.3,2,21892.61,7758.865,7851.519545454546,24160.321988448235,0.0,100.0,0.0,37,679,179.13,870.12,6,2.0,0.0,2026-06-29 19:53:58.413448+00:00
626,1.0,51.15,1,7282.4,4880.348571428572,3898.05,2902.4685017230895,0.0,100.0,0.0,85,660,354.73,660.13,4,0.0,0.0,2026-06-29 19:53:58.413448+00:00
634,0.0,77.18,1,9952.82,18484.886666666665,17944.92785714286,1426.6701150690456,0.0,100.0,0.0,92,643,142.47,488.8,2,1.0,0.0,2026-06-29 19:53:58.413448+00:00
670,95.0,63.74,9,78769.27,-17191.576923076922,-17990.846511627908,18781.81409812495,0.0,100.0,0.0,35,634,108.04,6610.81,8,0.0,2.0,2026-06-29 19:53:58.413448+00:00
751,52.0,47.88,2,16213.26,-3255.764,-3012.045,6556.687864775299,0.0,100.0,0.0,47,814,0.0,207.81,2,1.0,1.0,2026-06-29 19:53:58.413448+00:00
864,42.0,78.85,1,9332.63,3358.1575,1766.9957575757576,2974.2932171778516,0.0,100.0,0.0,136,842,158.31,438.69,2,1.0,1.0,2026-06-29 19:53:58.413448+00:00
934,22.0,39.1,2,15932.98,-3622.9275,-1392.6015789473684,7993.6878103898325,0.0,100.0,0.0,35,717,143.43,417.59,4,0.0,1.0,2026-06-29 19:53:58.413448+00:00
1135,27.0,12.87,1,7751.04,12863.935,12206.921714285714,10624.936208785037,0.0,100.0,0.0,92,715,568.58,1525.43,9,2.0,0.0,2026-06-29 19:53:58.413448+00:00
1191,0.0,31.61,1,5514.49,11454.3775,7368.201739130434,5237.956534282406,0.0,100.0,0.0,85,714,287.99,349.85,2,0.0,1.0,2026-06-29 19:53:58.413448+00:00
1196,0.0,27.16,1,8319.83,7033.285555555555,6685.444444444444,3483.7390459380495,0.0,100.0,0.0,82,677,8319.83,8662.28,5,0.0,0.0,2026-06-29 19:53:58.413448+00:00
1271,26.0,53.28,3,24619.64,2959.75125,3427.394117647059,11168.75422238122,0.0,100.0,0.0,129,712,160.82,669.1,6,0.0,2.0,2026-06-29 19:53:58.413448+00:00
1306,21.0,0.0,1,8678.39,1712.25625,1805.05,172.1009169746907,0.0,100.0,0.0,82,675,181.75,747.17,5,0.0,1.0,2026-06-29 19:53:58.413448+00:00
1468,0.0,26.99,1,5999.03,10248.908,8899.04625,4869.451038991556,0.0,100.0,0.0,120,726,0.0,614.24,3,3.0,0.0,2026-06-29 19:53:58.413448+00:00
1502,30.0,179.21,3,22495.19,5561.864615384616,3678.642,3630.149433904087,0.0,100.0,0.0,31,631,71.65,893.03,7,3.0,4.0,2026-06-29 19:53:58.413448+00:00
1550,36.0,138.17,7,54280.97,135.45363636363638,3049.9921739130436,13212.61967579659,0.0,100.0,0.0,35,714,6687.03,7251.64,4,0.0,0.0,2026-06-29 19:53:58.413448+00:00
1621,37.0,25.36,1,7781.59,-2897.7766666666666,-1977.2052173913044,6152.334113148756,0.0,100.0,0.0,90,656,150.84,828.48,5,0.0,0.0,2026-06-29 19:53:58.413448+00:00
1654,0.0,99.46,1,11859.77,15433.606666666667,16495.269534883722,7604.273954990921,0.0,100.0,0.0,66,817,465.34,2002.17,13,4.0,1.0,2026-06-29 19:53:58.413448+00:00
1655,50.0,0.0,1,11409.94,-641.02,-909.6288888888889,295.6873190248421,0.0,100.0,0.0,75,771,0.0,221.59,1,1.0,0.0,2026-06-29 19:53:58.413448+00:00
1686,21.0,21.06,1,9035.35,15552.645555555555,15190.0632,10313.661581171926,0.0,100.0,0.0,31,735,0.0,292.61,3,2.0,1.0,2026-06-29 19:53:58.413448+00:00
1734,67.0,34.7,2,16010.07,-2254.112222222222,-3099.554285714286,3994.5237159850917,0.0,100.0,0.0,137,685,137.5,538.45,4,1.0,0.0,2026-06-29 19:53:58.413448+00:00
1832,60.0,54.29,3,24912.48,-6972.361818181818,-5064.472692307692,7125.232363024303,0.0,100.0,0.0,95,764,7655.86,8621.19,8,3.0,0.0,2026-06-29 19:53:58.413448+00:00
1921,0.0,44.31,1,9982.26,14857.334444444445,14970.639677419354,280.4769697251261,0.0,100.0,0.0,118,753,218.68,684.76,5,0.0,1.0,2026-06-29 19:53:58.413448+00:00
459,40.0,66.34,0,0.0,4237.685,2936.0609090909093,10336.416353812954,0.0,100.0,0.0,12,697,193.7,577.72,6,2.0,0.0,2026-06-29 19:53:58.413448+00:00
509,0.0,18.14,0,0.0,26452.05,26452.05,0.0,0.0,100.0,0.0,115,631,0.0,168.28,1,0.0,0.0,2026-06-29 19:53:58.413448+00:00
689,0.0,96.79,0,0.0,22103.528,18548.533529411765,8895.431962082119,0.0,100.0,0.0,44,792,0.0,215.73,1,4.0,1.0,2026-06-29 19:53:58.413448+00:00
1199,0.0,84.93,0,0.0,11720.924545454545,11389.547407407408,8396.742376774728,0.0,100.0,0.0,74,686,0.0,1040.38,5,2.0,0.0,2026-06-29 19:53:58.413448+00:00
1882,15.0,0.0,0,0.0,24460.054,20133.760714285716,21414.398279241424,0.0,100.0,0.0,32,748,159.35,263.88,2,0.0,0.0,2026-06-29 19:53:58.413448+00:00
2035,0.0,98.96,0,0.0,16354.4375,16761.070925925927,3210.6987888697554,0.0,100.0,0.0,125,666,157.42,1261.45,12,2.0,3.0,2026-06-29 19:53:58.413448+00:00
2132,2.0,54.1,3,26787.72,9068.667692307692,12707.253214285714,11813.744782295606,0.0,100.0,0.0,87,819,93.93,18882.38,8,0.0,1.0,2026-06-29 19:53:58.413448+00:00
2136,0.0,13.51,1,7591.64,20899.9875,21920.82642857143,1819.7060981029015,0.0,100.0,0.0,62,741,7591.64,7682.54,2,1.0,0.0,2026-06-29 19:53:58.413448+00:00
2156,27.0,67.74,1,12035.52,123.08166666666666,3470.0067741935486,6319.7550754950935,0.0,100.0,0.0,59,787,12226.7,12696.32,8,3.0,0.0,2026-06-29 19:53:58.413448+00:00
2192,7.0,90.0,1,6184.78,-2618.3325,-1113.8676923076923,6322.977792993952,0.0,100.0,0.0,105,677,0.0,108.51,2,3.0,0.0,2026-06-29 19:53:58.413448+00:00
2455,13.0,34.36,3,31409.93,-1704.87,1650.2042857142858,6787.794714618553,0.0,100.0,0.0,75,732,12311.44,12845.88,6,4.0,0.0,2026-06-29 19:53:58.413448+00:00
2559,24.0,39.71,1,9065.45,7910.665,2008.204,10388.199239999074,0.0,100.0,0.0,48,768,0.0,172.12,2,0.0,1.0,2026-06-29 19:53:58.413448+00:00
2727,22.0,131.49,1,7255.31,2127.9455555555555,2503.1304,12571.500510408605,0.0,100.0,0.0,88,553,230.38,837.03,6,2.0,1.0,2026-06-29 19:53:58.413448+00:00
2784,0.0,39.74,1,10637.39,22999.02666666667,22992.907857142858,108.30594941286614,0.0,100.0,0.0,141,669,0.0,43.2,1,1.0,2.0,2026-06-29 19:53:58.413448+00:00
2842,26.0,58.26,2,14138.26,1943.195,492.138,2366.7837090524345,0.0,100.0,0.0,119,603,82.97,82.97,1,0.0,1.0,2026-06-29 19:53:58.413448+00:00
2864,17.0,0.0,3,19407.46,-11287.5,-8159.68,7012.745721678805,0.0,100.0,0.0,14,687,456.39,7496.84,6,3.0,0.0,2026-06-29 19:53:58.413448+00:00
2887,0.0,0.0,1,7731.21,13706.165,13709.298,67.03452316530652,0.0,100.0,0.0,126,784,196.67,196.67,1,0.0,0.0,2026-06-29 19:53:58.413448+00:00
2916,40.0,58.93,5,45385.69,-14035.16,-7479.223333333333,6707.437298861905,0.0,100.0,0.0,30,682,0.0,9475.41,5,0.0,1.0,2026-06-29 19:53:58.413448+00:00
2972,21.0,58.98,1,12072.62,-2284.486,-411.8305263157895,11976.495417948956,0.0,100.0,0.0,62,753,0.0,178.08,1,0.0,0.0,2026-06-29 19:53:58.413448+00:00
3101,43.0,123.05,1,8593.74,3579.8536363636363,2624.8085294117645,4761.164791179192,0.0,100.0,0.0,65,613,305.54,1019.53,4,3.0,1.0,2026-06-29 19:53:58.413448+00:00
3178,0.0,107.33,2,18720.97,5578.25125,5459.636818181818,2954.5885630157563,0.0,100.0,0.0,127,618,0.0,391.74,3,2.0,0.0,2026-06-29 19:53:58.413448+00:00
3184,105.0,138.31,5,44116.89,-13056.935714285713,-8678.181714285714,9810.136420330115,0.0,100.0,0.0,15,719,269.79,6317.47,6,3.0,0.0,2026-06-29 19:53:58.413448+00:00
3259,31.0,72.46,2,18157.88,-2060.474,3608.1495652173912,8461.39614576875,0.0,100.0,0.0,20,777,0.0,534.23,3,0.0,1.0,2026-06-29 19:53:58.413448+00:00
3277,93.0,89.13,4,37223.75,-4506.0257142857145,-2293.4197959183675,9136.673048208935,0.0,100.0,0.0,123,789,680.33,915.3,4,3.0,6.0,2026-06-29 19:53:58.413448+00:00
3288,0.0,0.0,2,19427.05,8081.3969230769235,10614.31972972973,11776.777854270884,0.0,100.0,0.0,97,711,0.0,922.92,9,0.0,1.0,2026-06-29 19:53:58.413448+00:00
3463,42.0,166.66,2,17541.23,8123.693333333334,7318.881538461538,7070.766165531738,0.0,100.0,0.0,67,701,356.93,1309.9,8,0.0,2.0,2026-06-29 19:53:58.413448+00:00
3565,54.0,15.6,1,10847.79,10945.956,11247.857666666667,12487.99822723516,0.0,100.0,0.0,112,755,431.15,1500.89,6,1.0,0.0,2026-06-29 19:53:58.413448+00:00
3612,21.0,47.9,1,8548.74,2562.035,2497.302,143.70940761834814,0.0,100.0,0.0,34,723,0.0,45.98,1,0.0,1.0,2026-06-29 19:53:58.413448+00:00
3656,45.0,98.17,1,9121.35,3310.846666666667,7916.720869565217,8431.069958529382,0.0,100.0,0.0,125,646,104.07,9342.37,1,2.0,0.0,2026-06-29 19:53:58.413448+00:00
3690,0.0,112.96,2,13870.76,17095.39,16931.545,4154.525358535959,0.0,100.0,0.0,19,732,424.79,695.63,3,0.0,3.0,2026-06-29 19:53:58.413448+00:00
3835,52.0,50.16,5,34016.0,1266.318,3291.241,4566.614114231828,0.0,100.0,0.0,71,723,618.7,970.18,4,0.0,1.0,2026-06-29 19:53:58.413448+00:00
3842,1.0,42.0,2,17045.65,11697.021875,12695.089714285714,7867.835967806003,0.0,100.0,0.0,14,616,148.61,1167.32,10,0.0,3.0,2026-06-29 19:53:58.413448+00:00
4006,0.0,100.99,2,12825.92,5357.033333333334,5291.238461538462,4334.017070150406,0.0,100.0,0.0,44,638,0.0,329.26,2,2.0,0.0,2026-06-29 19:53:58.413448+00:00
2183,0.0,26.49,0,0.0,6381.695,6286.4675,160.83099878055205,0.0,100.0,0.0,90,689,0.0,54.49,1,0.0,0.0,2026-06-29 19:53:58.413448+00:00
2272,24.0,18.02,0,0.0,8784.951666666666,8700.8753125,5720.135899621936,0.0,100.0,0.0,1,785,276.6,1092.18,7,3.0,0.0,2026-06-29 19:53:58.413448+00:00
2392,0.0,0.0,0,0.0,21082.245,17989.336,4758.1961496373815,0.0,100.0,0.0,69,850,196.9,310.96,2,0.0,0.0,2026-06-29 19:53:58.413448+00:00
2659,0.0,96.53,0,0.0,9421.3925,9404.704615384615,112.93200490801753,0.0,100.0,0.0,13,834,0.0,370.33,3,1.0,1.0,2026-06-29 19:53:58.413448+00:00
2668,0.0,0.0,0,0.0,22243.28,22195.83,152.75695816121276,0.0,100.0,0.0,65,777,0.0,25.72,1,0.0,0.0,2026-06-29 19:53:58.413448+00:00
2850,0.0,12.55,0,0.0,6186.82,6157.06,74.2366072096512,0.0,100.0,0.0,56,694,0.0,76.21,1,0.0,0.0,2026-06-29 19:53:58.413448+00:00
2978,0.0,80.13,0,0.0,26977.015555555554,25826.637857142858,3565.994910225273,0.0,100.0,0.0,1,654,104.68,721.5,5,1.0,2.0,2026-06-29 19:53:58.413448+00:00
3261,0.0,28.67,0,0.0,14270.022,13791.912631578947,1381.345561761552,0.0,100.0,0.0,31,773,0.0,97.54,2,0.0,1.0,2026-06-29 19:53:58.413448+00:00
3372,26.0,36.63,0,0.0,12590.858181818181,12640.174864864865,10167.723715362978,0.0,100.0,0.0,95,738,142.33,270.32,4,1.0,1.0,2026-06-29 19:53:58.413448+00:00
4219,18.0,102.17,2,16879.56,4247.505384615384,2595.863404255319,4624.461957514716,0.0,100.0,0.0,5,769,0.0,479.79,4,1.0,0.0,2026-06-29 19:53:58.413448+00:00
4291,39.0,0.0,1,11013.08,3558.978,1630.9285714285713,10962.6038665777,0.0,100.0,0.0,20,804,0.0,316.06,3,1.0,0.0,2026-06-29 19:53:58.413448+00:00
4364,17.0,64.76,1,7470.27,11346.49125,11138.576666666666,10094.34994479601,0.0,100.0,0.0,96,683,83.88,589.02,4,1.0,1.0,2026-06-29 19:53:58.413448+00:00
4509,35.0,26.85,1,7852.31,-2578.366666666667,-3069.693333333333,423.50901789559197,0.0,100.0,0.0,95,722,0.0,178.5,1,0.0,0.0,2026-06-29 19:53:58.413448+00:00
4616,40.0,31.85,2,17388.75,6708.441,10781.491764705883,12629.421912274323,0.0,100.0,0.0,44,664,0.0,745.08,4,3.0,2.0,2026-06-29 19:53:58.413448+00:00
4617,2.0,0.0,2,16107.01,8686.99,6012.2975,3723.7579836226937,0.0,100.0,0.0,104,700,0.0,355.76,1,0.0,0.0,2026-06-29 19:53:58.413448+00:00
4664,25.0,34.16,2,17516.7,-605.2828571428571,-240.8170588235294,9442.712343748775,0.0,100.0,0.0,55,802,0.0,568.5,5,1.0,1.0,2026-06-29 19:53:58.413448+00:00
4730,73.0,34.18,3,27955.49,-8003.098,-13837.086875,5087.215493458478,0.0,100.0,0.0,124,737,0.0,171.08,2,0.0,0.0,2026-06-29 19:53:58.413448+00:00
4796,59.0,162.78,2,18602.9,4049.5858333333335,1822.1451612903227,6048.553476794632,0.0,100.0,0.0,12,633,33.53,694.92,5,0.0,1.0,2026-06-29 19:53:58.413448+00:00
4873,68.0,85.68,2,20266.16,451.65,-139.425,5813.334851561966,0.0,100.0,0.0,140,711,404.91,1526.72,11,2.0,0.0,2026-06-29 19:53:58.413448+00:00
4950,48.0,16.98,6,52641.04,2797.904285714286,-824.7164,8120.640913827369,0.0,100.0,0.0,89,733,0.0,671.05,5,1.0,1.0,2026-06-29 19:53:58.413448+00:00
4984,77.0,131.13,2,20591.37,-6191.566666666667,-5948.9153125,2731.0253974993366,0.0,100.0,0.0,37,688,207.2,533.83,3,0.0,1.0,2026-06-29 19:53:58.413448+00:00
4145,70.0,25.18,0,0.0,-3271.47,-5151.903125,10104.62919835243,0.0,100.0,0.0,39,807,63.18,622.73,5,0.0,0.0,2026-06-29 19:53:58.413448+00:00
4366,26.0,0.0,0,0.0,2289.8225,3460.1666666666665,5507.749949963435,0.0,100.0,0.0,121,746,101.97,311.36,4,1.0,1.0,2026-06-29 19:53:58.413448+00:00
4562,0.0,35.09,0,0.0,8893.031428571428,8958.7392,1735.7210345212045,0.0,100.0,0.0,125,587,95.45,95.45,1,0.0,0.0,2026-06-29 19:53:58.413448+00:00
4741,0.0,36.49,0,0.0,22438.896666666667,22238.61888888889,256.783839991928,0.0,100.0,0.0,114,689,0.0,115.1,1,0.0,0.0,2026-06-29 19:53:58.413448+00:00
4875,70.0,19.28,0,0.0,5119.98,2395.3672972972972,4839.660773910944,0.0,100.0,0.0,5,696,506.41,896.57,6,2.0,0.0,2026-06-29 19:53:58.413448+00:00
4908,0.0,0.0,0,0.0,7622.295,6741.630625,4213.719246301996,0.0,100.0,0.0,120,663,120.24,331.55,2,0.0,0.0,2026-06-29 19:53:58.413448+00:00
4942,0.0,0.0,0,0.0,13638.23,13611.161666666667,122.76029969235016,0.0,100.0,0.0,143,706,86.26,299.85,2,0.0,0.0,2026-06-29 19:53:58.413448+00:00
166,15.0,185.12,3,18918.44,13573.004285714285,13092.826216216215,7388.769944062037,0.0,100.0,0.0,47,733,463.28,1011.29,8,5.0,1.0,2026-06-29 19:53:58.413448+00:00
355,0.0,0.0,1,7577.92,7020.65125,6905.495416666667,354.27844387148355,0.0,100.0,0.0,123,740,176.56,611.08,3,1.0,0.0,2026-06-29 19:53:58.413448+00:00
480,0.0,16.35,1,10798.78,2861.078,2757.539,145.56629406905978,0.0,100.0,0.0,2,668,0.0,53.69,1,0.0,0.0,2026-06-29 19:53:58.413448+00:00
485,50.0,95.52,1,11505.59,18578.504615384616,17057.453548387097,15018.56053133271,0.0,100.0,0.0,78,685,361.19,798.6,4,6.0,2.0,2026-06-29 19:53:58.413448+00:00
829,60.0,91.0,4,34889.11,-2924.325,3019.480476190476,19374.13123859972,0.0,100.0,0.0,74,850,9859.14,10536.23,5,1.0,0.0,2026-06-29 19:53:58.413448+00:00
918,0.0,0.0,1,12064.73,3915.157142857143,3970.838,195.62441825089215,0.0,100.0,0.0,95,739,0.0,315.97,2,1.0,0.0,2026-06-29 19:53:58.413448+00:00
1016,0.0,25.32,1,11083.17,10624.83,12874.597916666668,7302.7273154184095,0.0,100.0,0.0,108,819,660.41,781.71,3,1.0,0.0,2026-06-29 19:53:58.413448+00:00
1036,69.0,30.04,2,15646.55,-3329.12,-7372.511333333333,4756.504544371307,0.0,100.0,0.0,114,733,0.0,28.22,1,2.0,0.0,2026-06-29 19:53:58.413448+00:00
1184,23.0,64.76,1,9656.49,15309.157142857142,13861.476896551723,15484.745575588835,0.0,100.0,0.0,44,646,99.58,755.54,8,3.0,1.0,2026-06-29 19:53:58.413448+00:00
1455,41.0,21.14,3,23984.16,-6945.62875,-10822.972777777777,10417.05661260032,0.0,100.0,0.0,19,739,50.07,463.56,5,1.0,0.0,2026-06-29 19:53:58.413448+00:00
1557,48.0,159.79,3,20606.45,999.3666666666667,363.48411764705884,4332.574040214944,0.0,100.0,0.0,132,693,0.0,5726.42,2,1.0,1.0,2026-06-29 19:53:58.413448+00:00
1766,0.0,140.13,4,28924.44,12824.002142857144,12326.11375,4641.582238711649,0.0,100.0,0.0,43,728,429.91,1009.79,6,1.0,2.0,2026-06-29 19:53:58.413448+00:00
31,0.0,35.28,0,0.0,13541.6425,13390.830714285714,550.6646446855225,0.0,100.0,0.0,127,720,77.75,265.13,2,0.0,0.0,2026-06-29 19:53:58.413448+00:00
204,0.0,0.0,0,0.0,9163.84,10893.133333333333,5108.4268831205645,0.0,100.0,0.0,102,705,163.41,282.66,2,0.0,1.0,2026-06-29 19:53:58.413448+00:00
351,0.0,0.0,0,0.0,35396.26714285714,33221.77538461539,3882.8588179520416,0.0,100.0,0.0,2,717,0.0,272.89,3,1.0,0.0,2026-06-29 19:53:58.413448+00:00
620,0.0,37.6,0,0.0,5745.958571428571,6845.702272727272,2501.703074516405,0.0,100.0,0.0,116,656,51.43,532.42,4,0.0,1.0,2026-06-29 19:53:58.413448+00:00
997,0.0,37.29,0,0.0,8765.226666666667,8733.8875,105.47610306960495,0.0,100.0,0.0,31,658,0.0,153.58,2,0.0,0.0,2026-06-29 19:53:58.413448+00:00
1018,13.0,116.26,0,0.0,-818.38,589.8710526315789,1476.1690255305232,0.0,100.0,0.0,133,651,176.09,471.27,3,1.0,2.0,2026-06-29 19:53:58.413448+00:00
1053,0.0,24.35,0,0.0,17046.945,10549.419333333333,8230.583100636688,0.0,100.0,0.0,124,774,287.42,1094.45,6,0.0,0.0,2026-06-29 19:53:58.413448+00:00
1192,20.0,0.0,0,0.0,27297.824285714287,19406.208,13223.233429235586,0.0,100.0,0.0,95,776,38.07,342.52,3,1.0,1.0,2026-06-29 19:53:58.413448+00:00
1285,0.0,0.0,0,0.0,9802.44,9455.25,237.11468795594385,0.0,100.0,0.0,83,703,46.3,46.3,1,0.0,0.0,2026-06-29 19:53:58.413448+00:00
2061,21.0,25.82,2,17532.85,-492.67125,-473.688,8108.845267614971,0.0,100.0,0.0,19,679,78.81,6978.36,6,1.0,0.0,2026-06-29 19:53:58.413448+00:00
2211,0.0,82.96,1,8329.64,11144.442,11895.566666666668,1135.9775686473288,0.0,100.0,0.0,56,767,151.94,843.86,6,1.0,0.0,2026-06-29 19:53:58.413448+00:00
2330,0.0,79.12,1,8468.52,15600.0725,17601.321666666667,3608.0462518881177,0.0,100.0,0.0,127,706,0.0,847.63,2,1.0,0.0,2026-06-29 19:53:58.413448+00:00
2404,15.0,151.5,1,5947.1,5482.394166666667,5057.102857142857,3352.5599508224013,0.0,100.0,0.0,46,799,244.69,1279.76,7,2.0,1.0,2026-06-29 19:53:58.413448+00:00
2598,37.0,50.28,2,17188.17,-2314.234,-2342.885294117647,167.11577336465422,0.0,100.0,0.0,131,759,0.0,316.52,1,1.0,0.0,2026-06-29 19:53:58.413448+00:00
2642,22.0,57.96,1,6489.13,9085.988333333333,8631.773170731707,3042.0766821646425,0.0,100.0,0.0,17,661,98.47,370.37,2,1.0,0.0,2026-06-29 19:53:58.413448+00:00
2646,0.0,66.13,1,10030.47,43105.011666666665,33043.50956521739,15035.521273180606,0.0,100.0,0.0,56,607,102.18,342.82,3,1.0,1.0,2026-06-29 19:53:58.413448+00:00
2680,67.0,108.78,3,25617.8,-8204.835454545455,-6525.317954545455,4259.026528424124,0.0,100.0,0.0,101,770,238.43,676.47,7,3.0,0.0,2026-06-29 19:53:58.413448+00:00
2759,44.0,119.42,4,41249.15,2049.863125,-3168.126818181818,26470.920048500895,0.0,100.0,0.0,136,735,68.84,1036.8,8,1.0,0.0,2026-06-29 19:53:58.413448+00:00
2985,71.0,119.62,2,14417.86,-1143.0375,585.0281818181818,4893.510710719758,0.0,100.0,0.0,98,611,179.31,491.28,6,1.0,0.0,2026-06-29 19:53:58.413448+00:00
3199,55.0,68.41,4,40896.02,-13787.59875,-10827.450322580646,14767.819205057365,0.0,100.0,0.0,84,680,49.41,255.65,3,0.0,0.0,2026-06-29 19:53:58.413448+00:00
3310,18.0,79.12,3,25996.86,5714.348888888889,1811.6903125,6230.5485221982835,0.0,100.0,0.0,115,669,40.86,343.62,4,1.0,1.0,2026-06-29 19:53:58.413448+00:00
3313,70.0,41.13,1,7990.34,13369.898,12991.082307692308,15334.37072419128,0.0,100.0,0.0,25,557,802.34,1653.09,8,3.0,2.0,2026-06-29 19:53:58.413448+00:00
3361,35.0,127.24,3,25577.3,12966.846666666666,14625.069285714286,16762.510952258046,0.0,100.0,0.0,89,627,561.45,17979.64,7,0.0,1.0,2026-06-29 19:53:58.413448+00:00
3395,72.0,15.19,4,36223.84,-13003.387777777778,-8670.71576923077,10252.948677034885,0.0,100.0,0.0,78,824,516.53,732.01,6,0.0,2.0,2026-06-29 19:53:58.413448+00:00
3412,41.0,0.0,3,26227.42,6651.834545454545,6093.715172413793,6751.707556971521,0.0,100.0,0.0,79,729,158.02,887.16,7,1.0,3.0,2026-06-29 19:53:58.413448+00:00
3425,10.0,29.42,4,37543.2,15651.788333333334,17022.746086956522,5978.133101050527,0.0,100.0,0.0,53,603,17365.39,17531.81,5,2.0,1.0,2026-06-29 19:53:58.413448+00:00
3714,57.0,131.99,3,22742.2,-10446.60125,-4543.7725,13644.751493408257,0.0,100.0,0.0,131,811,318.79,474.35,6,1.0,1.0,2026-06-29 19:53:58.413448+00:00
3781,6.0,81.11,1,9077.33,13062.617777777778,15415.569032258065,6933.5011613878805,0.0,100.0,0.0,23,730,345.32,791.36,4,1.0,0.0,2026-06-29 19:53:58.413448+00:00
3970,44.0,56.11,2,18886.1,1611.855,2006.7976,15943.111613572344,0.0,100.0,0.0,112,655,41.41,489.82,4,0.0,0.0,2026-06-29 19:53:58.413448+00:00
3973,0.0,0.0,2,18017.65,7014.466,5387.953928571428,4067.939190501276,0.0,100.0,0.0,43,683,202.4,1256.57,11,1.0,2.0,2026-06-29 19:53:58.413448+00:00
3981,31.0,103.66,1,11723.65,6489.205882352941,6489.597659574468,6933.7300647275915,0.0,100.0,0.0,26,659,104.7,1205.02,8,2.0,0.0,2026-06-29 19:53:58.413448+00:00
4056,55.0,38.23,1,10325.64,-2715.9,-2483.1836842105263,844.4515556153375,0.0,100.0,0.0,68,695,166.13,503.67,3,1.0,0.0,2026-06-29 19:53:58.413448+00:00
4078,65.0,37.19,2,12633.55,3632.4422222222224,979.5071428571429,19855.70077242568,0.0,100.0,0.0,29,818,121.28,463.1,3,1.0,1.0,2026-06-29 19:53:58.413448+00:00
2307,0.0,32.81,0,0.0,21048.554,18285.01238095238,11065.836433477483,0.0,100.0,0.0,35,667,87.44,411.34,5,1.0,2.0,2026-06-29 19:53:58.413448+00:00
2526,0.0,32.5,0,0.0,26933.046,26907.28181818182,127.42468904616764,0.0,100.0,0.0,91,680,0.0,228.82,2,0.0,0.0,2026-06-29 19:53:58.413448+00:00
2633,1.0,24.2,0,0.0,467.86333333333334,1747.889,1635.907475968308,0.0,100.0,0.0,125,681,20.03,346.42,3,0.0,0.0,2026-06-29 19:53:58.413448+00:00
2682,0.0,30.24,0,0.0,13171.2475,11035.093809523809,4507.374056795938,0.0,100.0,0.0,105,681,0.0,543.48,4,0.0,2.0,2026-06-29 19:53:58.413448+00:00
2879,0.0,46.47,0,0.0,19259.055,16750.508421052633,6814.8900135219355,0.0,100.0,0.0,65,679,159.88,914.44,4,2.0,1.0,2026-06-29 19:53:58.413448+00:00
3080,32.0,27.77,0,0.0,3880.87,4023.713076923077,150.03335244340906,0.0,100.0,0.0,9,751,0.0,119.27,1,1.0,1.0,2026-06-29 19:53:58.413448+00:00
3709,0.0,42.67,0,0.0,10868.32,10792.331428571428,168.12291595552276,0.0,100.0,0.0,64,718,0.0,185.5,1,0.0,1.0,2026-06-29 19:53:58.413448+00:00
3762,7.0,116.17,0,0.0,12164.038,15151.415555555555,9897.073226006554,0.0,100.0,0.0,7,632,157.8,407.61,4,0.0,0.0,2026-06-29 19:53:58.413448+00:00
3791,0.0,31.72,0,0.0,18456.93,18221.7125,187.71389737776462,0.0,100.0,0.0,36,622,99.28,99.28,1,1.0,0.0,2026-06-29 19:53:58.413448+00:00
3813,0.0,75.5,0,0.0,12335.3925,10607.882352941177,9362.620354088205,0.0,100.0,0.0,136,573,0.0,88.78,1,2.0,0.0,2026-06-29 19:53:58.413448+00:00
4544,0.0,81.04,1,9613.53,7665.248181818181,8170.898181818182,2697.7158338153395,0.0,100.0,0.0,43,838,0.0,305.3,3,2.0,0.0,2026-06-29 19:53:58.413448+00:00
4596,91.0,0.0,2,19264.64,-3380.5055555555555,-3387.0445454545456,11252.813231524382,0.0,100.0,0.0,133,719,0.0,552.23,4,3.0,0.0,2026-06-29 19:53:58.413448+00:00
4651,32.0,54.62,1,9207.35,-4352.316666666667,-3341.3944444444446,3812.0698619927707,0.0,100.0,0.0,107,673,9207.35,9415.9,3,0.0,1.0,2026-06-29 19:53:58.413448+00:00
4652,14.0,106.74,2,16512.46,11408.4825,15980.28925925926,7394.378330968951,0.0,100.0,0.0,53,693,71.3,314.97,3,2.0,1.0,2026-06-29 19:53:58.413448+00:00
4753,54.0,137.34,2,17908.64,-1639.778,-3056.603076923077,9416.368440689112,0.0,100.0,0.0,75,755,158.98,819.1,5,3.0,1.0,2026-06-29 19:53:58.413448+00:00
4897,0.0,139.22,2,11242.0,11718.387647058824,10827.914901960785,2136.341029792929,0.0,100.0,0.0,1,634,583.37,1013.15,6,3.0,3.0,2026-06-29 19:53:58.413448+00:00
4205,34.0,0.0,0,0.0,4474.5825,4903.935142857143,7993.2705912562515,0.0,100.0,0.0,132,662,337.1,1205.39,7,0.0,2.0,2026-06-29 19:53:58.413448+00:00
280,0.0,34.46,1,5474.61,1996.425,2149.5575,228.40232478840935,0.0,100.0,0.0,999,691,0.0,336.16,2,0.0,0.0,2026-06-29 19:53:58.413448+00:00
833,15.0,18.03,1,9719.06,-4427.056666666666,-4419.905555555555,74.88276082741456,0.0,100.0,0.0,999,716,0.0,138.07,1,0.0,0.0,2026-06-29 19:53:58.413448+00:00
993,15.0,28.11,1,7697.35,-3947.12,-3866.5355555555557,177.61046450026532,0.0,100.0,0.0,999,745,191.96,191.96,2,0.0,1.0,2026-06-29 19:53:58.413448+00:00
1252,39.0,80.65,3,28510.76,-12613.655,-13884.99125,7527.4827052440605,0.0,100.0,0.0,999,675,305.79,650.09,4,1.0,1.0,2026-06-29 19:53:58.413448+00:00
1350,0.0,75.33,1,9273.36,3477.522,3499.5975,89.28914551149451,0.0,100.0,0.0,999,674,154.54,164.29,3,0.0,1.0,2026-06-29 19:53:58.413448+00:00
1469,34.0,0.0,2,19866.35,-2752.6366666666668,-3861.0925,2286.4655808515354,0.0,100.0,0.0,999,729,0.0,587.19,2,1.0,1.0,2026-06-29 19:53:58.413448+00:00
1495,0.0,55.43,1,6193.97,2402.402,2650.6114285714284,668.9991643821388,0.0,100.0,0.0,999,715,0.0,533.67,2,0.0,0.0,2026-06-29 19:53:58.413448+00:00
1540,28.0,0.0,2,11600.1,-6785.98,-6661.981,220.61985054885332,0.0,100.0,0.0,999,647,424.2,586.34,5,0.0,2.0,2026-06-29 19:53:58.413448+00:00
1597,24.0,32.14,1,9663.33,1522.2466666666667,2627.924375,4602.1641333507005,0.0,100.0,0.0,999,699,157.89,247.06,2,1.0,1.0,2026-06-29 19:53:58.413448+00:00
1648,70.0,118.57,4,41320.47,-17345.204,-18160.2065,11399.9114549352,0.0,100.0,0.0,999,747,0.0,891.9,5,0.0,4.0,2026-06-29 19:53:58.413448+00:00
110,0.0,45.43,0,0.0,9564.86,9582.395,40.47472699104956,0.0,100.0,0.0,999,732,50.3,50.3,1,0.0,1.0,2026-06-29 19:53:58.413448+00:00
401,35.0,0.0,0,0.0,-3332.9175,-3111.31625,275.90227372828497,0.0,100.0,0.0,999,791,0.0,509.61,2,0.0,0.0,2026-06-29 19:53:58.413448+00:00
418,0.0,0.0,0,0.0,12314.424,12637.668,324.37819663164805,0.0,100.0,0.0,999,752,54.51,281.91,2,3.0,1.0,2026-06-29 19:53:58.413448+00:00
680,0.0,13.41,0,0.0,4227.9725,4422.66,1261.050625756027,0.0,100.0,0.0,999,702,0.0,411.31,3,0.0,1.0,2026-06-29 19:53:58.413448+00:00
1078,0.0,76.89,0,0.0,12777.64,13104.964285714286,262.92068275194646,0.0,100.0,0.0,999,672,86.9,187.76,2,0.0,0.0,2026-06-29 19:53:58.413448+00:00
1202,0.0,0.0,0,0.0,2747.88,2862.306666666667,198.181735676009,0.0,100.0,0.0,999,790,280.24,321.45,2,0.0,0.0,2026-06-29 19:53:58.413448+00:00
1231,12.0,48.12,0,0.0,4750.1,5153.112857142857,352.16249016263924,0.0,100.0,0.0,999,591,373.88,416.56,3,0.0,0.0,2026-06-29 19:53:58.413448+00:00
2475,18.0,42.4,3,23869.54,-4884.865714285715,-1205.4433333333334,8820.278355023645,0.0,100.0,0.0,999,662,0.0,15427.25,7,0.0,0.0,2026-06-29 19:53:58.413448+00:00
2575,0.0,29.78,2,17485.13,2576.981111111111,5733.894736842105,4353.625288746656,0.0,100.0,0.0,999,731,162.38,1175.38,7,2.0,0.0,2026-06-29 19:53:58.413448+00:00
2745,18.0,71.01,1,10646.88,-225.3625,97.75125,2688.0484868078097,0.0,100.0,0.0,999,813,297.29,421.9,3,1.0,1.0,2026-06-29 19:53:58.413448+00:00
2763,0.0,0.0,2,10850.67,27161.9175,25852.854615384615,2404.4230175997136,0.0,100.0,0.0,999,605,166.76,1201.15,5,0.0,2.0,2026-06-29 19:53:58.413448+00:00
2871,10.0,14.06,2,18182.87,-2038.47,2618.132222222222,4070.786546449054,0.0,100.0,0.0,999,637,194.05,194.05,1,0.0,1.0,2026-06-29 19:53:58.413448+00:00
3008,53.0,0.0,3,23888.97,-29238.036,-24963.95842105263,21456.958002159437,0.0,100.0,0.0,999,755,395.05,18153.93,6,0.0,0.0,2026-06-29 19:53:58.413448+00:00
3100,44.0,23.81,3,33063.28,-26174.07,-27243.134,2200.627387720148,0.0,100.0,0.0,999,650,0.0,204.68,2,0.0,0.0,2026-06-29 19:53:58.413448+00:00
3244,0.0,73.24,1,8680.06,9547.1175,9917.587142857143,359.44592672536436,0.0,100.0,0.0,999,845,60.72,896.07,5,0.0,0.0,2026-06-29 19:53:58.413448+00:00
3308,0.0,0.0,1,7718.95,10892.815,10939.69,94.08079577327885,0.0,100.0,0.0,999,748,153.69,415.87,3,0.0,1.0,2026-06-29 19:53:58.413448+00:00
3312,1.0,25.15,1,7424.8,-23.45,2069.99,2904.5237236559115,0.0,100.0,0.0,999,745,7424.8,7424.8,1,0.0,0.0,2026-06-29 19:53:58.413448+00:00
2078,75.0,0.0,0,0.0,-3917.19,-3733.6086666666665,195.43170820405672,0.0,100.0,0.0,999,826,0.0,87.38,1,0.0,2.0,2026-06-29 19:53:58.413448+00:00
2127,0.0,45.82,0,0.0,32672.002,30292.657647058822,4845.019385359938,0.0,100.0,0.0,999,659,116.42,568.25,5,0.0,1.0,2026-06-29 19:53:58.413448+00:00
2261,0.0,58.81,0,0.0,1396.735,1440.6442857142856,127.31239806083302,0.0,100.0,0.0,999,617,0.0,246.81,1,0.0,0.0,2026-06-29 19:53:58.413448+00:00
2430,0.0,0.0,0,0.0,8247.05,8380.96,180.48704122457133,0.0,100.0,0.0,999,702,0.0,188.48,2,0.0,0.0,2026-06-29 19:53:58.413448+00:00
3853,0.0,186.12,0,0.0,5328.604,5953.025,562.4623165758372,0.0,100.0,0.0,999,643,0.0,419.42,3,0.0,0.0,2026-06-29 19:53:58.413448+00:00
4156,40.0,15.04,2,14620.62,4085.867142857143,6498.7735,15448.64984261158,0.0,100.0,0.0,999,696,102.28,662.32,5,1.0,2.0,2026-06-29 19:53:58.413448+00:00
4161,34.0,0.0,1,10434.39,-12093.145,-11876.53,267.8577328545884,0.0,100.0,0.0,999,739,143.56,204.08,3,0.0,0.0,2026-06-29 19:53:58.413448+00:00
4382,49.0,37.41,2,15623.42,-5788.955,-5790.182222222223,157.87147330645476,0.0,100.0,0.0,999,742,0.0,26.68,1,1.0,1.0,2026-06-29 19:53:58.413448+00:00
4461,52.0,0.0,2,18358.16,-10533.402857142857,-7653.573846153846,3583.7500993523927,0.0,100.0,0.0,999,581,124.09,7303.18,7,0.0,2.0,2026-06-29 19:53:58.413448+00:00
4786,26.0,38.86,1,10199.4,-7973.83,-7484.7733333333335,383.27082677338694,0.0,100.0,0.0,999,668,293.84,733.06,5,2.0,1.0,2026-06-29 19:53:58.413448+00:00
4900,4.0,0.0,1,8337.52,-8266.3475,-6567.42,3399.017361697348,0.0,100.0,0.0,999,764,0.0,8602.74,4,0.0,0.0,2026-06-29 19:53:58.413448+00:00
4102,0.0,86.62,0,0.0,15475.965,15589.204285714286,207.01422852226074,0.0,100.0,0.0,999,708,0.0,350.69,2,2.0,1.0,2026-06-29 19:53:58.413448+00:00
97,51.0,127.37,2,17494.56,-1116.476,-2963.105,4178.292716069647,0.0,100.0,0.0,999,662,0.0,393.95,4,1.0,0.0,2026-06-29 19:53:58.413448+00:00
358,19.0,0.0,1,9511.72,-10747.0,-3595.945714285714,8001.821070107651,0.0,100.0,0.0,999,850,187.58,187.58,1,0.0,0.0,2026-06-29 19:53:58.413448+00:00
681,57.0,36.85,6,47185.89,-41315.418,-32020.48318181818,7256.699790831785,0.0,100.0,0.0,999,660,103.19,9379.78,4,0.0,1.0,2026-06-29 19:53:58.413448+00:00
745,21.0,0.0,2,16525.07,-4069.4666666666667,-3791.8754545454544,240.56532363459343,0.0,100.0,0.0,999,592,284.44,478.39,2,0.0,0.0,2026-06-29 19:53:58.413448+00:00
939,0.0,12.19,1,6997.57,6311.42875,6359.047142857143,2162.643905392949,0.0,100.0,0.0,999,791,0.0,637.48,6,2.0,3.0,2026-06-29 19:53:58.413448+00:00
1268,22.0,0.0,1,7537.63,-486.36,-233.44375,366.82045427352807,0.0,100.0,0.0,999,686,385.37,1076.94,9,0.0,0.0,2026-06-29 19:53:58.413448+00:00
1279,30.0,57.69,1,7075.26,-2191.291,-1328.0773529411765,2405.5489915639223,0.0,100.0,0.0,999,653,52.95,752.56,5,2.0,1.0,2026-06-29 19:53:58.413448+00:00
1346,54.0,52.41,2,17892.07,-31445.155,-30983.957777777778,302.99578320663164,0.0,100.0,0.0,999,772,0.0,251.66,2,0.0,0.0,2026-06-29 19:53:58.413448+00:00
1353,22.0,11.9,1,5326.21,-6304.692,-5667.798,1627.6038651576127,0.0,100.0,0.0,999,748,121.26,216.21,3,1.0,0.0,2026-06-29 19:53:58.413448+00:00
1360,10.0,40.53,1,11261.68,10799.9975,7284.263846153846,4698.895988952716,0.0,100.0,0.0,999,833,131.02,251.58,3,0.0,0.0,2026-06-29 19:53:58.413448+00:00
1543,11.0,36.98,3,25154.62,-2245.705,-2232.6257142857144,112.03777231134951,0.0,100.0,0.0,999,760,0.0,237.19,1,1.0,0.0,2026-06-29 19:53:58.413448+00:00
1653,43.0,30.33,3,28090.98,-9053.744285714285,-5199.401052631579,13750.839380023717,0.0,100.0,0.0,999,719,192.92,554.94,6,0.0,0.0,2026-06-29 19:53:58.413448+00:00
1861,0.0,36.42,2,15018.12,6542.58125,8363.188421052631,3163.2733252793414,0.0,100.0,0.0,999,647,0.0,8892.15,5,2.0,1.0,2026-06-29 19:53:58.413448+00:00
1895,7.0,0.0,2,19286.98,-9125.56,-3626.64,5081.911757964057,0.0,100.0,0.0,999,630,41.59,203.29,3,1.0,2.0,2026-06-29 19:53:58.413448+00:00
677,0.0,38.46,0,0.0,8233.0,8688.158461538462,309.3706451652143,0.0,100.0,0.0,999,641,0.0,165.15,2,2.0,0.0,2026-06-29 19:53:58.413448+00:00
1088,0.0,0.0,0,0.0,5454.02,5390.5028571428575,60.33158559501129,0.0,100.0,0.0,999,648,0.0,21.36,1,0.0,0.0,2026-06-29 19:53:58.413448+00:00
1262,0.0,0.0,0,0.0,9338.88,9441.206666666667,100.15253743942611,0.0,100.0,0.0,999,823,0.0,238.3,1,0.0,0.0,2026-06-29 19:53:58.413448+00:00
1437,0.0,133.16,0,0.0,20235.63857142857,17859.274347826085,6574.144052535102,0.0,100.0,0.0,999,697,0.0,938.66,7,0.0,1.0,2026-06-29 19:53:58.413448+00:00
1795,0.0,0.0,0,0.0,10067.988571428572,10154.74,213.1148997700536,0.0,100.0,0.0,999,727,7.43,343.12,5,0.0,0.0,2026-06-29 19:53:58.413448+00:00
1976,0.0,0.0,0,0.0,12819.952,13085.692,328.3883897095019,0.0,100.0,0.0,999,748,85.21,696.23,4,0.0,1.0,2026-06-29 19:53:58.413448+00:00
2205,36.0,143.13,3,27352.32,-10489.267777777777,-10372.727368421052,437.1651310894352,0.0,100.0,0.0,999,629,68.08,334.97,4,1.0,0.0,2026-06-29 19:53:58.413448+00:00
2206,14.0,0.0,1,9332.58,7178.916666666667,3800.657857142857,4012.255107775922,0.0,100.0,0.0,999,652,0.0,220.29,2,1.0,2.0,2026-06-29 19:53:58.413448+00:00
2395,81.0,0.0,4,38101.98,-14709.397142857142,-15395.0435,5227.013143186341,0.0,100.0,0.0,999,808,0.0,326.66,2,0.0,0.0,2026-06-29 19:53:58.413448+00:00
2401,34.0,50.35,2,18665.82,-12773.4825,-9497.464166666667,3934.8227531021234,0.0,100.0,0.0,999,800,60.62,136.84,1,0.0,0.0,2026-06-29 19:53:58.413448+00:00
2813,44.0,25.84,1,12066.25,-2189.92,-2010.0472727272727,230.5913950571013,0.0,100.0,0.0,999,767,0.0,59.12,1,0.0,0.0,2026-06-29 19:53:58.413448+00:00
2936,62.0,0.0,1,5162.88,-9112.595714285715,-8897.196875,255.7178568441878,0.0,100.0,0.0,999,833,356.14,654.98,5,0.0,0.0,2026-06-29 19:53:58.413448+00:00
3286,24.0,44.82,1,11499.51,-12802.68,-12590.281,167.390024281616,0.0,100.0,0.0,999,727,0.0,189.48,2,1.0,0.0,2026-06-29 19:53:58.413448+00:00
3827,0.0,60.44,2,22931.51,9288.67375,9448.488695652173,1449.6371797597412,0.0,100.0,0.0,999,667,77.65,305.65,4,2.0,3.0,2026-06-29 19:53:58.413448+00:00
2066,0.0,31.98,0,0.0,18493.3075,20081.237931034484,4912.68254949994,0.0,100.0,0.0,999,701,104.81,435.25,4,1.0,0.0,2026-06-29 19:53:58.413448+00:00
2529,0.0,29.94,0,0.0,1907.1666666666667,1848.48,95.23739053310709,0.0,100.0,0.0,999,699,36.92,36.92,1,1.0,0.0,2026-06-29 19:53:58.413448+00:00
2644,0.0,15.01,0,0.0,11998.703333333333,11998.2175,67.62844792504166,0.0,100.0,0.0,999,739,0.0,136.19,2,0.0,0.0,2026-06-29 19:53:58.413448+00:00
3456,0.0,0.0,0,0.0,10240.133333333333,10360.579285714286,172.3498205670367,0.0,100.0,0.0,999,723,220.47,388.81,3,0.0,1.0,2026-06-29 19:53:58.413448+00:00
3549,6.0,0.0,0,0.0,-639.11,-421.3,277.8385665094031,0.0,100.0,0.0,999,641,0.0,703.24,2,0.0,0.0,2026-06-29 19:53:58.413448+00:00
3940,0.0,36.1,0,0.0,7469.62,7652.688571428572,174.48053558480163,0.0,100.0,0.0,999,697,0.0,398.58,2,0.0,0.0,2026-06-29 19:53:58.413448+00:00
4099,17.0,27.51,1,10676.55,-13463.62,-13368.7775,180.5501484241986,0.0,100.0,0.0,999,588,57.04,57.04,1,0.0,0.0,2026-06-29 19:53:58.413448+00:00
4182,7.0,35.05,2,18484.34,-11384.765,-6843.478181818182,5511.177261814589,0.0,100.0,0.0,999,732,27.25,137.21,1,0.0,0.0,2026-06-29 19:53:58.413448+00:00
4233,19.0,77.47,1,9974.51,-189.88166666666666,-164.91444444444446,70.92100098170438,0.0,100.0,0.0,999,694,16.29,150.08,3,0.0,0.0,2026-06-29 19:53:58.413448+00:00
4388,33.0,85.02,4,34358.54,-6581.296363636364,-7113.81576923077,15277.6225580785,0.0,100.0,0.0,999,607,0.0,791.37,8,2.0,2.0,2026-06-29 19:53:58.413448+00:00
4522,8.0,0.0,1,7465.06,-5466.575,-3044.4463636363635,3502.062175722062,0.0,100.0,0.0,999,643,0.0,236.75,1,0.0,1.0,2026-06-29 19:53:58.413448+00:00
4526,17.0,22.78,2,18069.41,-26582.552,-21673.316153846154,6521.442960455133,0.0,100.0,0.0,999,838,125.31,547.3,3,1.0,0.0,2026-06-29 19:53:58.413448+00:00
4701,5.0,0.0,1,9328.94,4613.952857142857,4736.001818181819,184.3262399682377,0.0,100.0,0.0,999,738,45.21,562.87,5,1.0,1.0,2026-06-29 19:53:58.413448+00:00
4910,12.0,18.83,2,20725.18,-7288.375,-7323.154444444444,135.39357092164147,0.0,100.0,0.0,999,677,0.0,341.26,3,1.0,0.0,2026-06-29 19:53:58.413448+00:00
4292,0.0,29.24,0,0.0,10387.223333333333,10541.085263157895,123.30885685545913,0.0,100.0,0.0,999,667,0.0,302.66,2,1.0,0.0,2026-06-29 19:53:58.413448+00:00
4505,17.0,71.39,0,0.0,7222.235,7411.757647058824,198.76678467133615,0.0,100.0,0.0,999,781,158.21,544.76,4,0.0,0.0,2026-06-29 19:53:58.413448+00:00
4587,0.0,40.52,0,0.0,11418.845,11421.921666666667,149.10859291320378,0.0,100.0,0.0,999,660,0.0,252.97,1,0.0,0.0,2026-06-29 19:53:58.413448+00:00
54,8.0,0.0,1,10450.22,-5864.835,-5780.3133333333335,136.8313002285012,0.0,100.0,0.0,33,816,0.0,28.97,1,0.0,0.0,2026-06-29 19:53:58.413448+00:00
165,4.0,51.75,2,19231.64,326.1622222222222,979.7376,2410.196405102754,0.0,100.0,0.0,62,771,75.89,612.88,4,1.0,0.0,2026-06-29 19:53:58.413448+00:00
408,14.0,19.71,1,11510.46,9775.433,7487.074722222223,11504.455434300826,0.0,100.0,0.0,57,810,61.5,374.68,5,0.0,2.0,2026-06-29 19:53:58.413448+00:00
547,38.0,63.84,3,22772.31,1897.288,2487.466129032258,4759.362309340623,0.0,100.0,0.0,61,664,195.02,1072.3,7,2.0,3.0,2026-06-29 19:53:58.413448+00:00
710,3.0,59.79,1,11279.1,14363.641,13149.9815625,9729.935759726382,0.0,100.0,0.0,138,720,279.04,889.01,5,4.0,1.0,2026-06-29 19:53:58.413448+00:00
728,7.0,93.86,2,12431.86,14188.0875,12477.694,8085.745364106001,0.0,100.0,0.0,69,621,227.19,772.6,4,0.0,1.0,2026-06-29 19:53:58.413448+00:00
802,13.0,121.71,2,17561.25,6389.8425,1077.0683333333334,11749.73407495715,0.0,100.0,0.0,5,713,334.25,545.9,4,2.0,5.0,2026-06-29 19:53:58.413448+00:00
970,28.0,216.26,1,10595.01,4048.003076923077,4060.79775,5696.723115082451,0.0,100.0,0.0,105,673,303.1,603.26,4,0.0,1.0,2026-06-29 19:53:58.413448+00:00
1086,26.0,81.14,5,35603.48,2846.967,1297.808888888889,4716.075297916662,0.0,100.0,0.0,64,664,295.78,295.78,3,0.0,0.0,2026-06-29 19:53:58.413448+00:00
1207,1.0,0.0,1,6059.46,3953.2633333333333,3909.7283333333335,633.770808019131,0.0,100.0,0.0,124,640,69.5,283.51,2,0.0,0.0,2026-06-29 19:53:58.413448+00:00
1240,53.0,55.79,2,19475.65,46.833333333333336,1592.1016129032257,19169.637460886344,0.0,100.0,0.0,16,774,0.0,482.41,4,2.0,2.0,2026-06-29 19:53:58.413448+00:00
1282,23.0,77.3,3,20687.42,1110.9,735.7624242424242,7526.1890743893155,0.0,100.0,0.0,114,723,129.28,822.57,8,1.0,1.0,2026-06-29 19:53:58.413448+00:00
1512,50.0,32.39,2,11006.63,-7508.543333333333,-5957.841111111111,4219.309839358683,0.0,100.0,0.0,48,741,0.0,5250.66,1,1.0,1.0,2026-06-29 19:53:58.413448+00:00
1525,35.0,25.97,1,8314.36,5951.398461538462,1657.3243333333332,8254.738992650953,0.0,100.0,0.0,65,602,207.03,501.48,6,2.0,2.0,2026-06-29 19:53:58.413448+00:00
1570,32.0,31.62,2,21904.34,-309.83714285714285,-2317.0164705882353,13891.484607405278,0.0,100.0,0.0,50,756,0.0,36.15,1,2.0,0.0,2026-06-29 19:53:58.413448+00:00
1659,52.0,69.56,3,33861.85,-2764.54125,223.9670588235294,6211.422723433454,0.0,100.0,0.0,102,748,419.07,787.96,6,0.0,0.0,2026-06-29 19:53:58.413448+00:00
1707,23.0,116.36,2,17722.16,-1496.817142857143,-2408.04125,5228.971368634412,0.0,100.0,0.0,46,758,0.0,358.84,3,0.0,0.0,2026-06-29 19:53:58.413448+00:00
1991,34.0,103.95,1,11254.31,-3656.306,-3597.195714285714,158.00941279416094,0.0,100.0,0.0,68,754,662.64,662.64,3,1.0,2.0,2026-06-29 19:53:58.413448+00:00
1994,23.0,34.15,1,11387.08,1009.8055555555555,6071.4118181818185,14798.8327032201,0.0,100.0,0.0,124,781,0.0,731.1,6,0.0,0.0,2026-06-29 19:53:58.413448+00:00
713,0.0,0.0,0,0.0,18328.46,11843.07125,5024.5789950090275,0.0,100.0,0.0,80,795,106.71,106.71,1,0.0,1.0,2026-06-29 19:53:58.413448+00:00
715,0.0,50.41,0,0.0,35198.15,35183.95142857143,79.59690435986475,0.0,100.0,0.0,28,712,0.0,152.44,1,0.0,1.0,2026-06-29 19:53:58.413448+00:00
1567,0.0,24.62,0,0.0,11318.203,12046.575769230769,3442.234724904708,0.0,100.0,0.0,113,756,205.42,810.64,6,0.0,1.0,2026-06-29 19:53:58.413448+00:00
1872,56.0,29.32,0,0.0,-2550.378888888889,-2307.0516666666667,3288.8846126831513,0.0,100.0,0.0,33,850,406.43,861.96,5,1.0,0.0,2026-06-29 19:53:58.413448+00:00
1983,35.0,33.79,0,0.0,5254.62,6356.68,3164.6484890750107,0.0,100.0,0.0,123,688,87.27,158.61,2,0.0,0.0,2026-06-29 19:53:58.413448+00:00
2176,17.0,69.25,3,27499.42,2010.855,2966.2791891891893,7104.264292577849,0.0,100.0,0.0,80,624,72.79,341.61,4,1.0,1.0,2026-06-29 19:53:58.413448+00:00
2250,68.0,34.2,1,11724.21,3207.686,3214.314814814815,5050.758622977442,0.0,100.0,0.0,62,809,277.51,714.76,5,0.0,1.0,2026-06-29 19:53:58.413448+00:00
2352,14.0,66.82,2,20268.51,3452.505833333333,5660.4512903225805,6479.50752007205,0.0,100.0,0.0,8,763,10763.19,11179.13,6,2.0,0.0,2026-06-29 19:53:58.413448+00:00
2520,0.0,26.97,1,5715.94,4924.033333333334,5031.020666666666,1038.679941794498,0.0,100.0,0.0,76,715,230.98,541.37,3,0.0,1.0,2026-06-29 19:53:58.413448+00:00
2692,10.0,39.38,4,34178.32,-10785.255,3523.5291666666667,13711.65841428409,0.0,100.0,0.0,6,644,7176.43,7176.43,2,1.0,0.0,2026-06-29 19:53:58.413448+00:00
2703,89.0,166.64,5,41223.62,-8136.062727272727,-6010.612,4836.455958420138,0.0,100.0,0.0,53,710,358.92,358.92,3,0.0,2.0,2026-06-29 19:53:58.413448+00:00
2728,14.0,0.0,1,9811.66,7782.131111111111,6207.963846153846,6802.574613309218,0.0,100.0,0.0,75,608,246.48,850.37,4,0.0,1.0,2026-06-29 19:53:58.413448+00:00
2823,22.0,225.98,4,31068.45,6074.548461538461,7927.344634146341,8782.164779192723,0.0,100.0,0.0,67,758,107.47,642.89,6,2.0,4.0,2026-06-29 19:53:58.413448+00:00
3158,21.0,110.86,2,19729.84,-954.5727272727273,5954.73375,8210.67023500056,0.0,100.0,0.0,73,748,131.51,12582.81,7,1.0,2.0,2026-06-29 19:53:58.413448+00:00
3192,40.0,112.8,3,28101.9,4296.0633333333335,1661.9473684210527,11236.651328529117,0.0,100.0,0.0,77,706,0.0,423.09,4,2.0,0.0,2026-06-29 19:53:58.413448+00:00
3198,54.0,56.74,2,17575.83,-211.73,-5077.67,11164.704363954988,0.0,100.0,0.0,41,781,32.99,282.32,3,1.0,0.0,2026-06-29 19:53:58.413448+00:00
3322,47.0,115.02,4,28995.18,8555.445833333333,5257.147567567567,11343.211211182872,0.0,100.0,0.0,72,688,43.33,659.94,7,2.0,0.0,2026-06-29 19:53:58.413448+00:00
3383,24.0,0.0,2,20977.38,-3205.9325,-3680.083076923077,10469.701462342426,0.0,100.0,0.0,6,639,30.41,222.3,2,1.0,2.0,2026-06-29 19:53:58.413448+00:00
3499,76.0,180.68,2,18968.44,819.1816666666666,1525.1968,6620.389180115453,0.0,100.0,0.0,35,678,554.22,2099.53,12,2.0,2.0,2026-06-29 19:53:58.413448+00:00
3545,9.0,71.82,1,11184.16,-5355.6825,-5384.232,135.5606965753719,0.0,100.0,0.0,139,554,314.82,314.82,2,0.0,0.0,2026-06-29 19:53:58.413448+00:00
3578,55.0,0.0,3,27402.06,2911.1466666666665,-1463.566923076923,13926.07554167355,0.0,100.0,0.0,142,809,72.31,293.7,3,1.0,2.0,2026-06-29 19:53:58.413448+00:00
3654,29.0,71.14,3,21129.8,-12646.662,-6178.036923076923,7003.471469018758,0.0,100.0,0.0,25,627,0.0,6992.16,3,0.0,1.0,2026-06-29 19:53:58.413448+00:00
3713,76.0,15.81,6,47307.83,-2820.106111111111,-458.92518518518517,13341.976313394523,0.0,100.0,0.0,5,566,109.51,604.99,4,3.0,1.0,2026-06-29 19:53:58.413448+00:00
3734,1.0,81.08,1,7023.51,4284.85875,5571.722666666667,4157.48564098858,0.0,100.0,0.0,123,626,0.0,89.47,1,1.0,0.0,2026-06-29 19:53:58.413448+00:00
3785,50.0,29.41,3,26879.54,3617.375,-3552.5621739130434,9895.869534587258,0.0,100.0,0.0,130,667,206.54,520.78,3,2.0,2.0,2026-06-29 19:53:58.413448+00:00
4029,44.0,151.64,5,37931.21,-623.515,-2302.1223333333332,4706.402689595352,0.0,100.0,0.0,139,724,306.78,614.57,3,2.0,1.0,2026-06-29 19:53:58.413448+00:00
2268,0.0,39.05,0,0.0,15740.218,13366.142857142857,4301.65051190392,0.0,100.0,0.0,46,674,107.18,435.96,2,1.0,0.0,2026-06-29 19:53:58.413448+00:00
2469,0.0,0.0,0,0.0,19307.14,20104.296,9828.28364833995,0.0,100.0,0.0,75,623,114.29,408.23,1,0.0,0.0,2026-06-29 19:53:58.413448+00:00
2524,5.0,27.44,0,0.0,7941.797692307692,9989.028863636364,8428.589076358785,0.0,100.0,0.0,97,517,566.89,1646.74,8,2.0,1.0,2026-06-29 19:53:58.413448+00:00
2558,0.0,26.49,0,0.0,17154.71,17276.2275,163.85233442340814,0.0,100.0,0.0,28,711,0.0,84.96,1,0.0,0.0,2026-06-29 19:53:58.413448+00:00
3233,0.0,0.0,0,0.0,12732.355,12849.45,176.08000503018127,0.0,100.0,0.0,123,678,0.0,387.67,3,0.0,0.0,2026-06-29 19:53:58.413448+00:00
3400,22.0,41.07,0,0.0,12778.503333333334,12813.018333333333,10071.603671710493,0.0,100.0,0.0,42,705,0.0,103.2,2,0.0,0.0,2026-06-29 19:53:58.413448+00:00
3830,41.0,12.74,0,0.0,4595.732727272727,5133.43275862069,1857.7244489054342,0.0,100.0,0.0,77,686,35.65,402.23,6,2.0,1.0,2026-06-29 19:53:58.413448+00:00
3899,0.0,0.0,0,0.0,14643.445,14643.643333333333,38.98522184395274,0.0,100.0,0.0,83,812,0.0,64.33,1,0.0,0.0,2026-06-29 19:53:58.413448+00:00
4122,11.0,0.0,2,18175.29,-722.2,-438.31166666666667,255.06020052871827,0.0,100.0,0.0,56,711,122.21,173.36,2,0.0,1.0,2026-06-29 19:53:58.413448+00:00
4240,21.0,63.91,1,8288.41,2717.55625,3348.39,6317.955420249011,0.0,100.0,0.0,39,705,113.07,729.52,3,1.0,2.0,2026-06-29 19:53:58.413448+00:00
4278,51.0,67.5,2,15702.54,-2681.696923076923,704.5791111111112,4872.576048721762,0.0,100.0,0.0,92,727,48.04,443.78,5,1.0,1.0,2026-06-29 19:53:58.413448+00:00
4322,29.0,12.66,3,20983.56,7286.8125,2323.0844,20867.74964334869,0.0,100.0,0.0,91,785,36.94,514.71,6,0.0,1.0,2026-06-29 19:53:58.413448+00:00
4343,0.0,100.96,2,19113.23,4180.4228571428575,7383.910384615385,3826.1238013999177,0.0,100.0,0.0,117,632,160.93,381.72,2,0.0,0.0,2026-06-29 19:53:58.413448+00:00
4353,37.0,150.87,3,26416.76,1211.5142857142857,920.8808108108108,5464.583678332821,0.0,100.0,0.0,102,627,107.32,675.72,6,1.0,2.0,2026-06-29 19:53:58.413448+00:00
4417,22.0,0.0,1,7034.6,-2052.655,-2089.8514285714286,99.84705395590527,0.0,100.0,0.0,9,768,0.0,121.66,2,1.0,0.0,2026-06-29 19:53:58.413448+00:00
4425,17.0,13.02,1,11331.23,3679.175,3793.215769230769,7274.383799899995,0.0,100.0,0.0,103,603,0.0,681.1,4,1.0,0.0,2026-06-29 19:53:58.413448+00:00
4559,47.0,59.68,1,11989.33,8638.544285714286,10793.78,12267.101987386863,0.0,100.0,0.0,1,622,707.16,1310.81,7,2.0,1.0,2026-06-29 19:53:58.413448+00:00
4614,0.0,24.52,2,13747.05,7073.81125,7304.641363636364,1432.96753389495,0.0,100.0,0.0,9,716,0.0,146.03,1,1.0,0.0,2026-06-29 19:53:58.413448+00:00
4666,39.0,91.34,1,7915.71,6382.0325,7990.455238095238,8808.131620646154,0.0,100.0,0.0,43,748,0.0,20.73,1,0.0,0.0,2026-06-29 19:53:58.413448+00:00
4687,54.0,80.67,3,24036.27,-3382.71,1186.764642857143,7109.596648646547,0.0,100.0,0.0,19,790,116.1,496.32,3,2.0,2.0,2026-06-29 19:53:58.413448+00:00
4787,47.0,111.26,1,7196.74,6689.147333333333,4918.732954545455,10405.28036728182,0.0,100.0,0.0,47,699,842.76,1379.51,10,2.0,2.0,2026-06-29 19:53:58.413448+00:00
4821,25.0,48.99,1,7580.82,10142.463333333333,8052.953529411765,8275.095586040676,0.0,100.0,0.0,88,717,0.0,116.46,1,0.0,0.0,2026-06-29 19:53:58.413448+00:00
4882,79.0,78.02,3,26632.43,-2898.662307692308,-3038.940285714286,9396.572514850444,0.0,100.0,0.0,84,634,233.19,886.35,6,1.0,0.0,2026-06-29 19:53:58.413448+00:00
4305,22.0,0.0,0,0.0,788.205,639.0771428571428,114.42291812323587,0.0,100.0,0.0,68,572,53.41,53.41,1,0.0,0.0,2026-06-29 19:53:58.413448+00:00
44,0.0,124.06,1,10555.74,6376.4625,15190.412173913044,8552.173939398686,0.0,100.0,0.0,20,727,77.3,10633.04,1,0.0,1.0,2026-06-29 19:53:58.413448+00:00
65,26.0,30.38,1,10861.32,-6380.546666666667,-6374.101428571428,111.96981371634733,0.0,100.0,0.0,111,548,0.0,232.14,1,0.0,0.0,2026-06-29 19:53:58.413448+00:00
75,123.0,74.03,4,29062.38,-4995.971764705882,-6247.254761904762,10419.572610011819,0.0,100.0,0.0,143,769,885.73,1718.86,10,0.0,2.0,2026-06-29 19:53:58.413448+00:00
154,103.0,66.79,2,16182.11,-2030.1366666666668,-5352.937931034483,5887.439856746791,0.0,100.0,0.0,133,697,142.94,217.99,4,2.0,2.0,2026-06-29 19:53:58.413448+00:00
160,45.0,0.0,3,27189.59,-18227.4025,-19203.544545454544,5712.053813348438,0.0,100.0,0.0,123,761,61.46,91.9,1,2.0,1.0,2026-06-29 19:53:58.413448+00:00
162,95.0,205.51,5,34884.99,-9131.430714285714,-10899.70606060606,6887.453543210618,0.0,100.0,0.0,25,664,194.28,890.13,8,1.0,0.0,2026-06-29 19:53:58.413448+00:00
172,52.0,97.03,2,18624.24,3105.9281818181817,102.89172413793104,9030.684807541402,0.0,100.0,0.0,116,705,921.56,1251.59,9,2.0,2.0,2026-06-29 19:53:58.413448+00:00
184,110.0,121.3,1,6785.03,4057.509,4270.100810810811,9217.637893078734,0.0,100.0,0.0,100,753,482.55,901.25,5,1.0,2.0,2026-06-29 19:53:58.413448+00:00
422,42.0,77.22,1,11368.41,128.54,886.6221052631579,3587.0988384492207,0.0,100.0,0.0,137,731,165.47,1011.25,8,1.0,2.0,2026-06-29 19:53:58.413448+00:00
423,42.0,58.78,4,35108.24,-1496.5011764705882,330.865,8398.735609311314,0.0,100.0,0.0,76,748,296.23,12424.25,11,1.0,2.0,2026-06-29 19:53:58.413448+00:00
498,0.0,83.01,1,6013.26,14967.881111111112,11736.772413793104,6969.908805166855,0.0,100.0,0.0,58,710,55.61,578.18,4,1.0,1.0,2026-06-29 19:53:58.413448+00:00
506,0.0,45.05,1,6326.35,6093.682222222223,5064.6213333333335,4200.027325971212,0.0,100.0,0.0,83,751,0.0,599.49,3,0.0,0.0,2026-06-29 19:53:58.413448+00:00
513,0.0,117.52,1,8049.87,14622.22,11319.134,5115.052742700118,0.0,100.0,0.0,53,512,0.0,71.34,1,1.0,0.0,2026-06-29 19:53:58.413448+00:00
609,75.0,75.05,4,35118.81,-10375.19,-5609.142258064516,12198.56839021872,0.0,100.0,0.0,33,719,212.65,479.46,2,2.0,1.0,2026-06-29 19:53:58.413448+00:00
612,51.0,12.21,3,32015.42,3167.58875,6319.761860465116,26481.610257072716,0.0,100.0,0.0,50,685,306.85,1736.11,11,1.0,1.0,2026-06-29 19:53:58.413448+00:00
701,98.0,40.35,5,41618.96,202.40882352941176,-4493.42358974359,12030.647871304674,0.0,100.0,0.0,16,643,524.0,1709.16,10,1.0,4.0,2026-06-29 19:53:58.413448+00:00
767,10.0,41.97,1,11859.89,-3437.24,273.6636363636364,5779.632084752097,0.0,100.0,0.0,4,757,0.0,225.52,1,2.0,1.0,2026-06-29 19:53:58.413448+00:00
800,9.0,0.0,1,10800.93,13014.312,13258.451739130434,5192.644243236702,0.0,100.0,0.0,79,718,68.68,315.89,3,1.0,0.0,2026-06-29 19:53:58.413448+00:00
857,0.0,76.53,2,16136.38,28883.046875,29399.307096774195,2255.8203814765743,0.0,100.0,0.0,67,679,308.95,1464.63,9,1.0,0.0,2026-06-29 19:53:58.413448+00:00
1201,0.0,24.9,2,17600.01,16326.805,16491.99,4765.343452369147,0.0,100.0,0.0,24,774,107.26,8397.1,4,2.0,1.0,2026-06-29 19:53:58.413448+00:00
1236,0.0,89.7,1,11783.92,12742.097692307692,16173.661428571428,11270.125462144635,0.0,100.0,0.0,48,724,167.23,914.49,9,1.0,2.0,2026-06-29 19:53:58.413448+00:00
1254,102.0,84.42,2,18798.15,1081.8225,-13.566176470588236,4064.460029519162,0.0,100.0,0.0,140,755,154.82,1021.69,9,1.0,0.0,2026-06-29 19:53:58.413448+00:00
1297,19.0,0.0,2,22598.63,7916.245,5965.23875,6917.714424289572,0.0,100.0,0.0,33,752,0.0,270.41,3,1.0,2.0,2026-06-29 19:53:58.413448+00:00
1303,13.0,64.17,1,7173.85,9256.875,9868.025357142857,5652.9151450180825,0.0,100.0,0.0,143,644,153.92,400.89,4,3.0,0.0,2026-06-29 19:53:58.413448+00:00
1374,58.0,19.88,1,8162.9,11289.707,7640.765862068965,7225.141951837595,0.0,100.0,0.0,99,691,688.36,1062.71,5,1.0,3.0,2026-06-29 19:53:58.413448+00:00
1591,18.0,52.76,3,21006.12,3865.4785714285713,4561.356944444445,11360.635455146527,0.0,100.0,0.0,46,616,864.4,2275.28,10,0.0,1.0,2026-06-29 19:53:58.413448+00:00
1689,42.0,164.97,3,24205.9,-728.5633333333334,-1749.0424390243902,8032.540971528368,0.0,100.0,0.0,19,703,171.81,921.49,8,1.0,2.0,2026-06-29 19:53:58.413448+00:00
1715,0.0,57.88,2,16371.5,12644.11125,12216.470645161291,6144.657002060716,0.0,100.0,0.0,35,702,44.72,5835.07,5,3.0,1.0,2026-06-29 19:53:58.413448+00:00
1793,0.0,14.02,1,10249.02,6863.855,7286.486923076923,2844.2104597812363,0.0,100.0,0.0,28,658,172.82,418.67,3,0.0,0.0,2026-06-29 19:53:58.413448+00:00
2043,0.0,20.79,1,8834.3,15612.59,11461.5,7942.752688862394,0.0,100.0,0.0,21,643,166.62,166.62,2,1.0,1.0,2026-06-29 19:53:58.413448+00:00
114,0.0,63.1,0,0.0,7306.61,7181.812083333333,3228.9012241588975,0.0,100.0,0.0,21,668,239.45,653.83,5,0.0,1.0,2026-06-29 19:53:58.413448+00:00
360,0.0,54.38,0,0.0,21308.6125,16436.792142857143,12984.586311766345,0.0,100.0,0.0,63,812,0.0,273.06,2,1.0,1.0,2026-06-29 19:53:58.413448+00:00
374,0.0,0.0,0,0.0,12710.75,12474.94375,156.46174116517295,0.0,100.0,0.0,14,742,65.82,65.82,1,1.0,1.0,2026-06-29 19:53:58.413448+00:00
486,0.0,44.82,0,0.0,26391.6975,26369.26,150.38035476750358,0.0,100.0,0.0,51,648,30.2,349.25,3,0.0,0.0,2026-06-29 19:53:58.413448+00:00
741,0.0,0.0,0,0.0,15008.06,14867.542222222222,213.9011299527463,0.0,100.0,0.0,104,825,39.64,39.64,1,1.0,0.0,2026-06-29 19:53:58.413448+00:00
1593,0.0,0.0,0,0.0,15535.373333333333,15414.775714285714,147.246458955725,0.0,100.0,0.0,55,731,22.36,22.36,1,0.0,0.0,2026-06-29 19:53:58.413448+00:00
1837,0.0,26.81,0,0.0,33861.9125,33964.643,160.79727560192276,0.0,100.0,0.0,67,539,0.0,439.02,2,1.0,1.0,2026-06-29 19:53:58.413448+00:00
1904,0.0,0.0,0,0.0,17584.64,17490.255555555555,137.55353350694693,0.0,100.0,0.0,131,652,161.83,258.05,2,0.0,1.0,2026-06-29 19:53:58.413448+00:00
2036,0.0,57.72,0,0.0,15170.191666666668,15135.549166666666,116.5202472003853,0.0,100.0,0.0,131,819,193.76,584.04,3,0.0,0.0,2026-06-29 19:53:58.413448+00:00
2067,57.0,80.27,2,18536.55,3234.585,1602.985,25229.199633474407,0.0,100.0,0.0,83,674,141.0,527.73,4,1.0,2.0,2026-06-29 19:53:58.413448+00:00
2137,0.0,0.0,1,8174.29,7548.175,8744.155555555555,2878.3393419272907,0.0,100.0,0.0,129,644,400.4,496.31,1,1.0,0.0,2026-06-29 19:53:58.413448+00:00
2262,26.0,44.66,3,25918.26,-2552.37,-1857.8086666666666,5346.494785717545,0.0,100.0,0.0,30,752,19.04,19.04,1,1.0,2.0,2026-06-29 19:53:58.413448+00:00
2536,0.0,40.77,3,24969.57,5775.793684210526,8766.298378378378,7653.374647654075,0.0,100.0,0.0,23,734,469.89,1392.37,14,1.0,1.0,2026-06-29 19:53:58.413448+00:00
2578,13.0,53.86,1,8686.4,4189.5125,5997.803333333333,8891.565541578446,0.0,100.0,0.0,41,662,108.06,1157.74,6,1.0,1.0,2026-06-29 19:53:58.413448+00:00
2720,25.0,20.41,1,6489.1,-6525.11,-5463.450909090909,5878.197092825245,0.0,100.0,0.0,40,799,0.0,535.13,5,0.0,0.0,2026-06-29 19:53:58.413448+00:00
2778,99.0,33.49,1,5783.25,-1118.3815384615384,-1633.4833333333333,1497.7592983100037,0.0,100.0,0.0,106,837,108.11,402.27,5,1.0,1.0,2026-06-29 19:53:58.413448+00:00
2821,29.0,57.58,4,30197.71,1222.18,986.6257142857143,6366.539676371991,0.0,100.0,0.0,5,787,172.5,577.36,4,1.0,0.0,2026-06-29 19:53:58.413448+00:00
2875,91.0,93.47,5,43877.8,-19234.933333333334,-17058.935,13248.787177825147,0.0,100.0,0.0,104,673,207.19,690.72,3,1.0,0.0,2026-06-29 19:53:58.413448+00:00
3033,13.0,0.0,1,8221.33,5353.8675,5123.133333333333,227.6787854754054,0.0,100.0,0.0,140,733,0.0,168.26,1,1.0,0.0,2026-06-29 19:53:58.413448+00:00
3050,73.0,44.85,6,54359.59,-7425.36,-4050.7403846153848,11672.81432832478,0.0,100.0,0.0,12,772,173.11,1306.6,9,1.0,1.0,2026-06-29 19:53:58.413448+00:00
3065,5.0,30.85,4,36931.35,5775.496875,8231.53756097561,7868.381864087829,0.0,100.0,0.0,25,627,189.8,18895.36,11,1.0,1.0,2026-06-29 19:53:58.413448+00:00
3251,62.0,64.78,2,11841.58,-2699.0254545454545,-579.8473076923077,6189.673413809462,0.0,100.0,0.0,34,673,6290.55,6830.86,8,1.0,1.0,2026-06-29 19:53:58.413448+00:00
3611,0.0,53.22,1,10107.4,5237.823333333334,6819.616875,4811.796779160841,0.0,100.0,0.0,99,705,255.28,520.84,4,1.0,3.0,2026-06-29 19:53:58.413448+00:00
3633,6.0,32.0,2,16314.29,4631.624,4101.120555555555,3473.3765500731906,0.0,100.0,0.0,106,753,78.05,422.66,5,0.0,1.0,2026-06-29 19:53:58.413448+00:00
3815,4.0,61.95,2,22147.7,4406.343,3724.6892857142857,5063.929640463399,0.0,100.0,0.0,41,813,0.0,417.76,4,3.0,0.0,2026-06-29 19:53:58.413448+00:00
3841,24.0,90.86,2,14849.74,26756.243636363637,27094.88620689655,15664.788509747967,0.0,100.0,0.0,72,796,0.0,337.38,3,2.0,1.0,2026-06-29 19:53:58.413448+00:00
3935,84.0,0.0,3,28537.85,2101.3728571428574,38.3016,3068.4110639908467,0.0,100.0,0.0,5,839,268.43,551.11,3,2.0,1.0,2026-06-29 19:53:58.413448+00:00
2227,0.0,83.04,0,0.0,8083.61,8187.07,68.8220337174077,0.0,100.0,0.0,60,660,0.0,31.14,1,1.0,3.0,2026-06-29 19:53:58.413448+00:00
2652,0.0,0.0,0,0.0,21093.07,20915.174444444445,175.52904809461094,0.0,100.0,0.0,100,776,21.34,115.43,2,0.0,0.0,2026-06-29 19:53:58.413448+00:00
3094,0.0,27.28,0,0.0,5946.49,9334.837,3379.711303301068,0.0,100.0,0.0,70,824,0.0,110.59,1,0.0,0.0,2026-06-29 19:53:58.413448+00:00
3431,0.0,52.46,0,0.0,13300.807142857142,13183.321666666667,573.0840283961664,0.0,100.0,0.0,68,684,17.67,187.86,4,2.0,0.0,2026-06-29 19:53:58.413448+00:00
3510,0.0,22.99,0,0.0,22828.94,22876.936,37.69905388733145,0.0,100.0,0.0,105,806,0.0,54.55,1,1.0,0.0,2026-06-29 19:53:58.413448+00:00
3645,0.0,61.66,0,0.0,9492.8725,10212.583478260869,3341.5074756783033,0.0,100.0,0.0,143,610,63.8,678.05,4,0.0,1.0,2026-06-29 19:53:58.413448+00:00
3746,27.0,45.76,0,0.0,2764.4183333333335,1678.661612903226,2371.2211559274415,0.0,100.0,0.0,125,708,386.65,719.75,5,3.0,3.0,2026-06-29 19:53:58.413448+00:00
3952,43.0,0.0,0,0.0,1110.569,2486.222,3282.0346660712407,0.0,100.0,0.0,107,814,49.75,732.58,5,1.0,0.0,2026-06-29 19:53:58.413448+00:00
4113,37.0,98.8,2,20953.55,-5268.665,-7983.436190476191,16363.422874022146,0.0,100.0,0.0,44,624,0.0,127.02,1,0.0,1.0,2026-06-29 19:53:58.413448+00:00
4352,12.0,42.81,1,8236.81,31043.652,26192.771785714285,21643.222297440247,0.0,100.0,0.0,21,557,36.86,712.1,4,3.0,2.0,2026-06-29 19:53:58.413448+00:00
4390,100.0,71.19,4,43585.04,-12758.15,-12536.185625,8283.738200321663,0.0,100.0,0.0,91,710,0.0,90.6,1,1.0,0.0,2026-06-29 19:53:58.413448+00:00
4517,37.0,37.54,3,25036.15,4044.653333333333,1609.374074074074,15571.050469982514,0.0,100.0,0.0,31,791,257.07,281.72,4,1.0,1.0,2026-06-29 19:53:58.413448+00:00
4680,22.0,31.19,2,16965.84,2122.366,577.8705263157894,2030.6995745862434,0.0,100.0,0.0,16,709,0.0,320.5,3,0.0,0.0,2026-06-29 19:53:58.413448+00:00
4692,0.0,0.0,1,10980.94,17756.28888888889,16174.422857142858,14413.794622886651,0.0,100.0,0.0,50,839,30.98,544.02,4,1.0,1.0,2026-06-29 19:53:58.413448+00:00
4705,37.0,25.52,2,13880.28,-750.1222222222223,-1301.2429411764706,5005.727000052645,0.0,100.0,0.0,90,742,0.0,7174.55,6,1.0,1.0,2026-06-29 19:53:58.413448+00:00
4725,0.0,0.0,1,5968.46,7654.096,5008.849444444444,3455.2405156300656,0.0,100.0,0.0,78,628,0.0,179.28,3,0.0,1.0,2026-06-29 19:53:58.413448+00:00
4839,64.0,43.46,3,27337.77,1519.9342857142858,894.4951351351351,3467.94862944794,0.0,100.0,0.0,137,850,332.72,1721.75,9,1.0,1.0,2026-06-29 19:53:58.413448+00:00
4200,0.0,0.0,0,0.0,16676.9,16841.880555555555,174.06805078518838,0.0,100.0,0.0,83,823,0.0,563.58,4,0.0,1.0,2026-06-29 19:53:58.413448+00:00
4510,0.0,38.78,0,0.0,17936.1,18174.59,243.52144240105594,0.0,100.0,0.0,47,771,85.48,413.18,4,0.0,0.0,2026-06-29 19:53:58.413448+00:00
4537,0.0,36.94,0,0.0,9438.128,14327.656470588236,9350.067161583223,0.0,100.0,0.0,32,740,98.28,188.5,2,0.0,0.0,2026-06-29 19:53:58.413448+00:00
4589,0.0,42.25,0,0.0,6643.1866666666665,6123.512142857143,4636.8117174168265,0.0,100.0,0.0,60,602,0.0,234.1,2,0.0,1.0,2026-06-29 19:53:58.413448+00:00
341,36.0,23.26,2,11482.5,1726.0083333333334,1145.3277272727273,1410.6643911225653,0.0,100.0,0.0,999,791,0.0,154.73,1,2.0,0.0,2026-06-29 19:53:58.413448+00:00
602,43.0,77.08,3,35495.95,-30221.515714285713,-28509.843125,4668.714688029547,0.0,100.0,0.0,999,673,0.0,416.72,2,0.0,1.0,2026-06-29 19:53:58.413448+00:00
869,10.0,21.95,2,18581.32,-4409.061111111111,777.28,5234.453664246537,0.0,100.0,0.0,999,661,50.69,7757.23,4,3.0,3.0,2026-06-29 19:53:58.413448+00:00
1675,49.0,34.06,1,7650.56,-4084.566,-3638.0316666666668,2086.2612704941557,0.0,100.0,0.0,999,601,0.0,417.04,5,2.0,0.0,2026-06-29 19:53:58.413448+00:00
235,0.0,0.0,0,0.0,1601.3425,1667.6783333333333,187.23750758654688,0.0,100.0,0.0,999,688,268.48,745.9,5,1.0,0.0,2026-06-29 19:53:58.413448+00:00
512,0.0,0.0,0,0.0,10374.353333333333,10418.34090909091,135.06041136230658,0.0,100.0,0.0,999,691,44.59,316.84,2,1.0,0.0,2026-06-29 19:53:58.413448+00:00
958,0.0,0.0,0,0.0,8672.635,8643.988333333333,196.73050907269024,0.0,100.0,0.0,999,652,64.75,64.75,1,0.0,0.0,2026-06-29 19:53:58.413448+00:00
1272,0.0,0.0,0,0.0,14575.495,14738.99,162.70753553538918,0.0,100.0,0.0,999,719,53.87,154.63,2,1.0,0.0,2026-06-29 19:53:58.413448+00:00
1652,68.0,27.7,0,0.0,-12523.926,-6749.615,10427.017870781416,0.0,100.0,0.0,999,750,92.56,341.21,2,2.0,0.0,2026-06-29 19:53:58.413448+00:00
1841,23.0,0.0,0,0.0,-6820.88,-6504.4575,215.79343738573252,0.0,100.0,0.0,999,745,0.0,249.75,1,0.0,1.0,2026-06-29 19:53:58.413448+00:00
1866,0.0,26.43,0,0.0,12240.125,10371.96375,2436.8469541599115,0.0,100.0,0.0,999,642,0.0,30.68,1,1.0,0.0,2026-06-29 19:53:58.413448+00:00
1954,0.0,29.65,0,0.0,14121.635,14347.468333333334,235.64124974323886,0.0,100.0,0.0,999,740,0.0,143.69,1,0.0,0.0,2026-06-29 19:53:58.413448+00:00
2485,29.0,0.0,1,10548.99,-5845.595,-5871.62125,87.87798946322548,0.0,100.0,0.0,999,697,54.99,200.98,2,0.0,0.0,2026-06-29 19:53:58.413448+00:00
2943,0.0,0.0,1,7839.8,4543.68,4982.146,354.5307165028157,0.0,100.0,0.0,999,776,0.0,328.82,1,0.0,0.0,2026-06-29 19:53:58.413448+00:00
3086,46.0,0.0,1,11010.97,-9966.64,-9038.223529411765,516.4745319379111,0.0,100.0,0.0,999,798,0.0,431.4,2,2.0,1.0,2026-06-29 19:53:58.413448+00:00
3701,27.0,10.32,1,6900.8,-553.03,-843.7411538461538,933.1654323740124,0.0,100.0,0.0,999,786,0.0,387.6,6,1.0,2.0,2026-06-29 19:53:58.413448+00:00
3765,54.0,30.73,1,8758.23,5017.288571428571,369.1594117647059,5181.204707491621,0.0,100.0,0.0,999,675,10.5,191.2,2,2.0,2.0,2026-06-29 19:53:58.413448+00:00
3837,29.0,92.7,1,11507.69,2843.3,3113.255,230.83515063480903,0.0,100.0,0.0,999,797,0.0,518.56,4,0.0,0.0,2026-06-29 19:53:58.413448+00:00
3845,56.0,0.0,1,10117.57,-11998.33125,-11385.1525,609.1869184566834,0.0,100.0,0.0,999,729,152.97,723.57,8,0.0,0.0,2026-06-29 19:53:58.413448+00:00
3902,29.0,36.69,3,22006.13,-10013.246666666666,-11392.522666666666,10061.129433129905,0.0,100.0,0.0,999,637,37.34,259.71,3,0.0,1.0,2026-06-29 19:53:58.413448+00:00
3972,0.0,0.0,1,9204.87,3552.08,5606.59,3763.43823607084,0.0,100.0,0.0,999,789,0.0,72.56,1,0.0,1.0,2026-06-29 19:53:58.413448+00:00
2129,0.0,56.62,0,0.0,5133.964444444445,5537.159565217391,2329.3833048106435,0.0,100.0,0.0,999,679,52.56,553.73,4,0.0,1.0,2026-06-29 19:53:58.413448+00:00
2542,0.0,0.0,0,0.0,1900.89,2370.847777777778,341.5541864535563,0.0,100.0,0.0,999,566,25.32,120.0,2,0.0,0.0,2026-06-29 19:53:58.413448+00:00
3626,0.0,63.78,0,0.0,7899.16,8108.714545454545,208.3240982596648,0.0,100.0,0.0,999,600,0.0,100.47,1,0.0,0.0,2026-06-29 19:53:58.413448+00:00
4111,22.0,0.0,1,10388.11,-10432.833333333334,-10366.056666666667,86.14614862094653,0.0,100.0,0.0,999,778,0.0,217.67,3,0.0,2.0,2026-06-29 19:53:58.413448+00:00
4538,35.0,0.0,2,13578.09,-15013.072857142857,-14880.566153846154,177.8556724096369,0.0,100.0,0.0,999,652,197.16,510.94,6,0.0,5.0,2026-06-29 19:53:58.413448+00:00
4561,0.0,0.0,1,5203.31,5032.61,5550.641666666666,377.9939369406459,0.0,100.0,0.0,999,763,0.0,417.28,2,0.0,0.0,2026-06-29 19:53:58.413448+00:00
4647,17.0,0.0,2,19882.93,76.0525,2241.729230769231,2956.5056875264645,0.0,100.0,0.0,999,714,0.0,11045.12,4,1.0,0.0,2026-06-29 19:53:58.413448+00:00
4660,0.0,66.44,2,16136.51,6172.084,5845.791071428572,2058.989881583101,0.0,100.0,0.0,999,642,184.55,647.96,6,4.0,1.0,2026-06-29 19:53:58.413448+00:00
4677,17.0,60.82,1,5584.47,5860.528,4514.451904761905,1863.2793868916758,0.0,100.0,0.0,999,701,5740.04,5989.26,5,2.0,1.0,2026-06-29 19:53:58.413448+00:00
4852,19.0,0.0,2,14160.05,-12313.89,-12254.226666666667,126.18401901808161,0.0,100.0,0.0,999,698,0.0,313.41,4,0.0,0.0,2026-06-29 19:53:58.413448+00:00
4878,33.0,0.0,3,25679.85,-25192.376,-21703.463,4232.433331340376,0.0,100.0,0.0,999,698,0.0,347.17,3,1.0,1.0,2026-06-29 19:53:58.413448+00:00
4340,0.0,58.68,0,0.0,17867.076666666668,17594.008823529413,6041.251440044053,0.0,100.0,0.0,999,745,782.45,1009.35,4,2.0,3.0,2026-06-29 19:53:58.413448+00:00
4342,0.0,25.81,0,0.0,12034.585,12292.46,320.98697330784864,0.0,100.0,0.0,999,720,22.75,22.75,1,0.0,0.0,2026-06-29 19:53:58.413448+00:00
4484,0.0,0.0,0,0.0,7713.304,5316.345,3319.2477183085366,0.0,100.0,0.0,999,617,149.88,358.65,5,2.0,0.0,2026-06-29 19:53:58.413448+00:00
4657,42.0,15.98,0,0.0,2612.4266666666667,1461.6321052631579,7646.1458671567125,0.0,100.0,0.0,999,759,0.0,286.64,2,1.0,1.0,2026-06-29 19:53:58.413448+00:00
4781,0.0,0.0,0,0.0,13654.9925,13933.352222222222,325.5461789662198,0.0,100.0,0.0,999,700,106.04,360.91,2,0.0,1.0,2026-06-29 19:53:58.413448+00:00
4832,0.0,0.0,0,0.0,8942.49,9226.223333333333,196.04105732105114,0.0,100.0,0.0,999,725,0.0,443.67,2,1.0,0.0,2026-06-29 19:53:58.413448+00:00
17,29.0,0.0,3,24469.77,-19155.39,-14166.829166666666,9327.405203531931,0.0,100.0,0.0,999,726,222.32,222.32,1,0.0,0.0,2026-06-29 19:53:58.413448+00:00
79,10.0,0.0,1,5760.5,-3718.69,-414.5208333333333,6494.763005954656,0.0,100.0,0.0,999,759,0.0,356.48,2,1.0,1.0,2026-06-29 19:53:58.413448+00:00
135,0.0,24.38,1,7824.49,8904.513333333334,8930.44,69.13278672236503,0.0,100.0,0.0,999,850,0.0,147.38,2,1.0,0.0,2026-06-29 19:53:58.413448+00:00
366,25.0,0.0,2,17836.07,-14965.86,-14867.62375,90.19142391844935,0.0,100.0,0.0,999,578,0.0,140.42,2,0.0,1.0,2026-06-29 19:53:58.413448+00:00
550,26.0,60.82,1,10447.38,-152.3075,-283.99133333333333,171.69645431236341,0.0,100.0,0.0,999,725,0.0,281.15,3,1.0,0.0,2026-06-29 19:53:58.413448+00:00
726,67.0,15.21,1,9187.9,-12233.345,-8084.27,4565.297208307671,0.0,100.0,0.0,999,645,0.0,117.13,1,0.0,0.0,2026-06-29 19:53:58.413448+00:00
875,16.0,39.83,1,6580.32,5450.174,5815.323571428571,325.7292534037417,0.0,100.0,0.0,999,677,102.08,476.33,5,1.0,0.0,2026-06-29 19:53:58.413448+00:00
928,0.0,79.61,1,8402.6,7996.65,8269.32625,162.41692914667962,0.0,100.0,0.0,999,651,89.48,89.48,1,0.0,0.0,2026-06-29 19:53:58.413448+00:00
949,23.0,47.07,2,17420.89,-9265.265,-4766.823333333334,3991.3795676488157,0.0,100.0,0.0,999,661,218.21,218.21,1,0.0,0.0,2026-06-29 19:53:58.413448+00:00
1171,38.0,58.52,5,40098.13,-21179.674285714285,-17323.91857142857,5630.4836462787325,0.0,100.0,0.0,999,609,266.13,8290.89,6,0.0,0.0,2026-06-29 19:53:58.413448+00:00
1366,48.0,0.0,2,22452.11,-13866.743333333334,-13748.38,185.69369564326354,0.0,100.0,0.0,999,745,399.65,399.65,2,1.0,2.0,2026-06-29 19:53:58.413448+00:00
1373,49.0,0.0,2,21954.97,-23079.625,-22876.942352941176,180.54696825869127,0.0,100.0,0.0,999,690,35.06,363.01,3,0.0,1.0,2026-06-29 19:53:58.413448+00:00
1462,5.0,55.17,1,6272.37,17798.55,16530.984615384616,2721.211801322275,0.0,100.0,0.0,999,774,147.23,272.51,2,2.0,0.0,2026-06-29 19:53:58.413448+00:00
1809,15.0,31.89,1,8612.64,-1871.924,-1134.9453846153847,709.0927611078971,0.0,100.0,0.0,999,766,266.49,771.47,3,0.0,0.0,2026-06-29 19:53:58.413448+00:00
14,0.0,0.0,0,0.0,11046.37,11064.3025,66.62022905056682,0.0,100.0,0.0,999,801,0.0,135.73,2,1.0,0.0,2026-06-29 19:53:58.413448+00:00
332,0.0,19.54,0,0.0,6757.156666666667,6772.404285714286,116.58163869852176,0.0,100.0,0.0,999,706,27.76,116.36,2,1.0,0.0,2026-06-29 19:53:58.413448+00:00
371,0.0,0.0,0,0.0,10243.603333333333,10260.251428571428,96.87750932102304,0.0,100.0,0.0,999,697,65.19,133.54,1,0.0,1.0,2026-06-29 19:53:58.413448+00:00
462,0.0,41.36,0,0.0,13788.84,17982.093,9151.924791274534,0.0,100.0,0.0,999,563,0.0,104.29,1,0.0,0.0,2026-06-29 19:53:58.413448+00:00
702,31.0,0.0,0,0.0,-17422.975,-13083.75,5055.542222022128,0.0,100.0,0.0,999,674,0.0,121.53,2,0.0,0.0,2026-06-29 19:53:58.413448+00:00
1120,0.0,41.41,0,0.0,7839.87,7988.235,179.27612578087448,0.0,100.0,0.0,999,616,112.31,193.46,3,0.0,2.0,2026-06-29 19:53:58.413448+00:00
1183,0.0,19.28,0,0.0,16690.693333333333,14271.692727272728,3232.532767821235,0.0,100.0,0.0,999,688,54.35,363.18,5,0.0,1.0,2026-06-29 19:53:58.413448+00:00
1919,0.0,27.27,0,0.0,11100.9175,11056.746363636363,134.98044688517803,0.0,100.0,0.0,999,510,0.0,151.3,2,2.0,0.0,2026-06-29 19:53:58.413448+00:00
2084,22.0,0.0,1,7466.63,-3475.0,-3595.154,106.90536761079863,0.0,100.0,0.0,999,667,0.0,79.14,1,1.0,0.0,2026-06-29 19:53:58.413448+00:00
2593,36.0,0.0,2,15312.05,-13737.8925,-12461.818461538462,3022.798677224205,0.0,100.0,0.0,999,779,6552.2,6803.17,6,0.0,1.0,2026-06-29 19:53:58.413448+00:00
2603,3.0,22.99,3,24051.4,2233.8733333333334,1733.214375,4152.71330630193,0.0,100.0,0.0,999,739,10690.27,10800.8,3,0.0,1.0,2026-06-29 19:53:58.413448+00:00
3464,27.0,36.17,2,18624.74,-19570.965,-18050.03,3607.87126789815,0.0,100.0,0.0,999,656,0.0,293.0,1,0.0,0.0,2026-06-29 19:53:58.413448+00:00
3467,14.0,30.95,3,21338.52,-7974.331428571429,-2540.9683333333332,12579.875871158934,0.0,100.0,0.0,999,812,130.14,7820.99,6,0.0,3.0,2026-06-29 19:53:58.413448+00:00
3705,40.0,70.95,1,11158.46,568.1142857142858,856.492,2607.222425459844,0.0,100.0,0.0,999,715,137.88,415.23,3,1.0,3.0,2026-06-29 19:53:58.413448+00:00
3886,32.0,39.04,3,21167.75,4075.41375,2826.6584,7482.1887089215425,0.0,100.0,0.0,999,702,0.0,592.25,6,1.0,1.0,2026-06-29 19:53:58.413448+00:00
3911,6.0,0.0,1,9840.37,-6738.7525,-3687.9557142857143,4668.158724605474,0.0,100.0,0.0,999,648,0.0,730.95,2,0.0,0.0,2026-06-29 19:53:58.413448+00:00
4069,43.0,63.37,2,12067.04,-14491.78,-14495.05125,79.63640286287115,0.0,100.0,0.0,999,719,139.4,300.82,2,2.0,0.0,2026-06-29 19:53:58.413448+00:00
2374,0.0,0.0,0,0.0,8362.99,8743.543333333333,262.2244476694639,0.0,100.0,0.0,999,674,240.0,240.0,1,0.0,0.0,2026-06-29 19:53:58.413448+00:00
2422,0.0,62.95,0,0.0,13309.99,13327.608,136.94734439192254,0.0,100.0,0.0,999,701,283.22,283.22,1,1.0,0.0,2026-06-29 19:53:58.413448+00:00
2868,30.0,70.21,0,0.0,1550.61,-401.3833333333333,2425.793034507822,0.0,100.0,0.0,999,710,353.34,411.29,3,0.0,0.0,2026-06-29 19:53:58.413448+00:00
2905,63.0,143.91,0,0.0,-5501.7925,-5030.865625,520.5941569851793,0.0,100.0,0.0,999,766,205.15,822.02,6,1.0,0.0,2026-06-29 19:53:58.413448+00:00
3512,34.0,0.0,0,0.0,-1618.415,-1366.4609090909091,254.03297921835969,0.0,100.0,0.0,999,818,167.1,540.95,3,0.0,0.0,2026-06-29 19:53:58.413448+00:00
3621,50.0,0.0,0,0.0,-1772.2475,-1577.625,200.0006088115734,0.0,100.0,0.0,999,844,87.31,173.32,2,1.0,0.0,2026-06-29 19:53:58.413448+00:00
3889,0.0,20.51,0,0.0,22513.68666666667,19047.923333333332,3466.6145547188958,0.0,100.0,0.0,999,697,12.61,12.61,1,0.0,0.0,2026-06-29 19:53:58.413448+00:00
3909,0.0,37.56,0,0.0,8429.51,9170.057857142858,580.089561757229,0.0,100.0,0.0,999,631,0.0,322.15,2,0.0,0.0,2026-06-29 19:53:58.413448+00:00
3947,0.0,26.59,0,0.0,7591.0225,7964.306363636364,339.6313552628585,0.0,100.0,0.0,999,603,129.37,302.42,4,0.0,2.0,2026-06-29 19:53:58.413448+00:00
4061,0.0,65.61,0,0.0,6016.395,5994.85,113.79977559292459,0.0,100.0,0.0,999,785,0.0,100.31,1,1.0,1.0,2026-06-29 19:53:58.413448+00:00
4190,41.0,0.0,1,9454.11,-1203.8722222222223,-132.4868181818182,2838.775196440451,0.0,100.0,0.0,999,655,207.17,638.21,5,3.0,0.0,2026-06-29 19:53:58.413448+00:00
4618,0.0,28.54,1,5544.87,4023.5016666666666,4273.57,298.4699957134326,0.0,100.0,0.0,999,697,93.58,637.55,4,0.0,2.0,2026-06-29 19:53:58.413448+00:00
4754,0.0,61.3,2,14257.27,12584.324,14439.582,3677.292729095142,0.0,100.0,0.0,999,682,174.44,333.17,2,2.0,1.0,2026-06-29 19:53:58.413448+00:00
4802,6.0,82.45,2,14832.94,-10607.143333333333,-3852.202,5572.075648759267,0.0,100.0,0.0,999,811,6.25,9044.51,3,0.0,0.0,2026-06-29 19:53:58.413448+00:00
4913,58.0,35.12,1,11303.51,-9547.098333333333,-9292.199285714285,268.90637118479606,0.0,100.0,0.0,999,751,0.0,430.38,4,0.0,3.0,2026-06-29 19:53:58.413448+00:00
4650,86.0,20.86,0,0.0,-4457.59125,-3757.480357142857,1401.3089017580319,0.0,100.0,0.0,999,687,572.42,1227.59,7,2.0,0.0,2026-06-29 19:53:58.413448+00:00
42,50.0,197.12,5,34190.29,915.4091666666667,2023.7062222222223,4354.323367687311,0.0,100.0,0.0,82,662,407.41,8762.71,7,2.0,1.0,2026-06-29 19:53:58.413448+00:00
251,33.0,64.92,4,41077.68,-5382.623333333333,-5771.493,9151.361186485192,0.0,100.0,0.0,110,649,0.0,353.74,4,0.0,1.0,2026-06-29 19:53:58.413448+00:00
309,24.0,56.42,3,25488.5,2446.8625,5422.1628125,7884.404654967448,0.0,100.0,0.0,90,522,581.29,1257.89,9,2.0,4.0,2026-06-29 19:53:58.413448+00:00
343,0.0,0.0,1,6155.44,14813.925,15046.628333333334,248.552899125898,0.0,100.0,0.0,101,750,0.0,117.59,2,2.0,0.0,2026-06-29 19:53:58.413448+00:00
494,26.0,15.2,2,20100.78,1285.35,-2231.3876923076923,4611.143752455589,0.0,100.0,0.0,6,661,41.64,356.25,2,3.0,0.0,2026-06-29 19:53:58.413448+00:00
552,8.0,0.0,1,11383.65,13027.283571428572,9317.743611111111,15253.22661453838,0.0,100.0,0.0,142,609,395.01,860.49,4,1.0,2.0,2026-06-29 19:53:58.413448+00:00
569,24.0,40.21,2,17351.76,9977.028181818181,11506.157586206897,10900.431236988792,0.0,100.0,0.0,56,702,561.54,851.69,7,1.0,0.0,2026-06-29 19:53:58.413448+00:00
647,19.0,59.84,2,14798.04,1475.0881818181817,5473.898620689655,14491.783925783551,0.0,100.0,0.0,30,741,297.4,560.61,5,1.0,1.0,2026-06-29 19:53:58.413448+00:00
682,18.0,84.75,4,38317.54,-6688.640909090909,-4772.699230769231,9441.603077076961,0.0,100.0,0.0,48,755,740.76,12274.26,7,0.0,1.0,2026-06-29 19:53:58.413448+00:00
1249,14.0,116.62,2,22381.51,-11096.52,-11010.221666666666,291.75876593038686,0.0,100.0,0.0,120,821,109.58,443.14,3,0.0,1.0,2026-06-29 19:53:58.413448+00:00
1365,0.0,0.0,2,15151.29,12123.691666666668,11271.247272727273,5288.2564888801935,0.0,100.0,0.0,131,718,0.0,69.36,1,0.0,1.0,2026-06-29 19:53:58.413448+00:00
1386,23.0,0.0,1,9904.62,-431.12,-352.49625,133.0033637673781,0.0,100.0,0.0,50,704,364.45,458.23,3,0.0,1.0,2026-06-29 19:53:58.413448+00:00
1479,73.0,71.94,5,39282.37,-6173.745,-4861.38,24830.983337204583,0.0,100.0,0.0,8,658,0.0,606.38,7,0.0,2.0,2026-06-29 19:53:58.413448+00:00
1595,123.0,31.08,3,24110.58,-3298.9,-5432.46,15275.599776902158,0.0,100.0,0.0,108,703,428.95,935.41,7,0.0,4.0,2026-06-29 19:53:58.413448+00:00
1679,35.0,76.35,5,37832.28,15984.04125,15642.085945945946,19931.171975922603,0.0,100.0,0.0,112,633,100.75,10165.38,5,3.0,1.0,2026-06-29 19:53:58.413448+00:00
1731,17.0,0.0,3,23753.47,3158.8309090909092,5217.23,8685.997653316563,0.0,100.0,0.0,142,716,399.6,10449.67,5,2.0,2.0,2026-06-29 19:53:58.413448+00:00
1958,40.0,95.24,5,47147.21,-10822.187272727273,-5719.681081081081,7904.865709228675,0.0,100.0,0.0,2,695,11642.86,17376.24,5,3.0,1.0,2026-06-29 19:53:58.413448+00:00
2011,25.0,71.39,1,11224.16,11977.437142857143,10928.96,11107.696040961111,0.0,100.0,0.0,64,775,0.0,624.72,4,0.0,2.0,2026-06-29 19:53:58.413448+00:00
277,0.0,71.6,0,0.0,15648.658333333333,15805.931739130434,3942.438873248554,0.0,100.0,0.0,33,663,0.0,419.34,3,1.0,1.0,2026-06-29 19:53:58.413448+00:00
296,0.0,0.0,0,0.0,11445.374,18371.378823529412,13421.920559059854,0.0,100.0,0.0,29,742,325.04,672.38,4,1.0,1.0,2026-06-29 19:53:58.413448+00:00
758,0.0,19.98,0,0.0,19132.92,16108.414375,6279.42194631497,0.0,100.0,0.0,51,576,0.0,432.81,3,1.0,0.0,2026-06-29 19:53:58.413448+00:00
1034,0.0,0.0,0,0.0,6066.9366666666665,5391.24,3670.24256926058,0.0,100.0,0.0,9,642,0.0,354.29,2,1.0,0.0,2026-06-29 19:53:58.413448+00:00
1227,50.0,44.97,0,0.0,15885.1475,8692.125789473685,9181.953856760963,0.0,100.0,0.0,50,630,0.0,245.82,1,0.0,1.0,2026-06-29 19:53:58.413448+00:00
1760,0.0,98.54,0,0.0,9985.573333333334,10845.762105263158,1840.1232953558729,0.0,100.0,0.0,36,836,0.0,101.38,2,0.0,0.0,2026-06-29 19:53:58.413448+00:00
1783,0.0,59.42,0,0.0,10187.611666666666,10334.40875,201.94103970283717,0.0,100.0,0.0,32,722,322.68,530.85,2,0.0,2.0,2026-06-29 19:53:58.413448+00:00
1843,0.0,33.62,0,0.0,19412.884705882352,19874.46918367347,4723.206740793903,0.0,100.0,0.0,1,702,364.85,2064.38,13,2.0,1.0,2026-06-29 19:53:58.413448+00:00
2172,14.0,0.0,2,22842.98,-393.226,-187.41666666666666,1890.03345514629,0.0,100.0,0.0,121,685,0.0,94.07,2,0.0,0.0,2026-06-29 19:53:58.413448+00:00
2209,29.0,91.33,1,8779.55,12988.6675,11110.124736842105,10251.226085820876,0.0,100.0,0.0,13,711,412.14,911.65,4,1.0,0.0,2026-06-29 19:53:58.413448+00:00
2335,27.0,0.0,1,10405.75,1753.0542857142857,1051.8531818181818,5458.181415506231,0.0,100.0,0.0,9,833,254.53,338.72,2,0.0,1.0,2026-06-29 19:53:58.413448+00:00
2564,30.0,153.13,4,34152.41,6219.100476190476,9187.283768115942,16435.368580276565,0.0,100.0,0.0,36,694,7331.01,8393.67,11,5.0,2.0,2026-06-29 19:53:58.413448+00:00
2576,72.0,0.0,1,7770.46,-8689.311666666666,-8841.114666666666,201.13702993619935,0.0,100.0,0.0,35,720,298.69,398.86,2,1.0,1.0,2026-06-29 19:53:58.413448+00:00
2608,46.0,127.65,1,10508.39,3442.061111111111,284.8157575757576,5292.874311290737,0.0,100.0,0.0,122,698,465.89,674.7,5,2.0,1.0,2026-06-29 19:53:58.413448+00:00
2768,12.0,65.92,2,23724.41,-7283.535,8938.585294117647,14120.143536065198,0.0,100.0,0.0,137,850,365.48,365.48,2,1.0,1.0,2026-06-29 19:53:58.413448+00:00
2999,0.0,125.84,1,11349.25,8525.664,8678.687692307692,151.9530031064251,0.0,100.0,0.0,44,724,202.16,536.74,5,1.0,0.0,2026-06-29 19:53:58.413448+00:00
3020,29.0,0.0,1,11810.49,-2079.94,-2701.09,1292.4908399323729,0.0,100.0,0.0,85,767,135.18,135.18,2,1.0,0.0,2026-06-29 19:53:58.413448+00:00
3343,32.0,56.34,1,8726.97,-1404.3483333333334,443.694,2690.159757518715,0.0,100.0,0.0,45,780,150.78,9273.99,6,3.0,3.0,2026-06-29 19:53:58.413448+00:00
3355,11.0,91.97,4,32809.21,18494.115,19621.485454545455,19947.490292754323,0.0,100.0,0.0,87,637,10448.52,19003.64,8,3.0,0.0,2026-06-29 19:53:58.413448+00:00
3379,27.0,66.02,2,11166.05,5559.700714285715,7154.3832,6757.306641395234,0.0,100.0,0.0,45,742,184.76,1196.9,10,1.0,4.0,2026-06-29 19:53:58.413448+00:00
3437,46.0,40.39,1,8956.75,-6837.38,-4135.6425,8476.995272772585,0.0,100.0,0.0,126,641,132.23,357.77,2,0.0,0.0,2026-06-29 19:53:58.413448+00:00
3675,27.0,62.21,3,21515.22,6025.29125,7504.573448275862,13281.954117774276,0.0,100.0,0.0,68,685,85.23,1058.87,7,2.0,3.0,2026-06-29 19:53:58.413448+00:00
3694,115.0,150.05,5,48180.44,-1767.4422727272727,-971.7585106382978,14908.38827028781,0.0,100.0,0.0,3,800,655.23,11238.18,14,1.0,3.0,2026-06-29 19:53:58.413448+00:00
3720,31.0,135.24,2,12894.22,-6712.3975,-5559.470833333334,2553.317229375653,0.0,100.0,0.0,138,766,172.33,365.29,4,2.0,1.0,2026-06-29 19:53:58.413448+00:00
3744,75.0,117.92,3,21852.66,-4375.581111111111,-3101.2876923076924,8003.477378186841,0.0,100.0,0.0,16,751,79.44,892.55,6,1.0,3.0,2026-06-29 19:53:58.413448+00:00
3893,0.0,22.05,1,8307.34,7772.284,6648.157,2849.50299923706,0.0,100.0,0.0,116,795,0.0,97.91,2,1.0,0.0,2026-06-29 19:53:58.413448+00:00
3908,79.0,105.24,1,10579.07,-1030.0158333333334,-2936.18,4777.565958763778,0.0,100.0,0.0,115,758,0.0,454.72,3,2.0,1.0,2026-06-29 19:53:58.413448+00:00
3929,28.0,71.51,4,26929.74,19244.046666666665,12715.113953488371,12939.73254171921,0.0,100.0,0.0,49,850,350.78,835.92,9,3.0,1.0,2026-06-29 19:53:58.413448+00:00
3988,22.0,53.88,1,11485.52,14820.82375,12830.865,9900.283147712807,0.0,100.0,0.0,88,660,0.0,12321.4,5,0.0,0.0,2026-06-29 19:53:58.413448+00:00
4058,34.0,27.4,1,9181.79,-860.24,824.3733333333333,4408.671703579589,0.0,100.0,0.0,70,724,343.35,343.35,2,1.0,1.0,2026-06-29 19:53:58.413448+00:00
4095,27.0,41.09,3,31118.54,-1470.5691666666667,-117.98857142857143,3359.955005128384,0.0,100.0,0.0,31,744,221.66,631.91,4,4.0,2.0,2026-06-29 19:53:58.413448+00:00
2151,0.0,11.69,0,0.0,9910.165,14359.424,5595.304462627497,0.0,100.0,0.0,73,599,0.0,233.61,2,2.0,0.0,2026-06-29 19:53:58.413448+00:00
2423,0.0,39.16,0,0.0,14245.283333333333,13846.331379310344,1794.2052735359757,0.0,100.0,0.0,30,625,379.25,1376.86,8,1.0,0.0,2026-06-29 19:53:58.413448+00:00
2497,0.0,52.93,0,0.0,7733.12125,9910.534545454546,4775.187317291835,0.0,100.0,0.0,20,850,0.0,753.31,5,1.0,4.0,2026-06-29 19:53:58.413448+00:00
3067,0.0,46.32,0,0.0,13807.07076923077,14357.82551724138,10946.012240739134,0.0,100.0,0.0,78,806,69.71,880.28,6,0.0,1.0,2026-06-29 19:53:58.413448+00:00
3107,0.0,68.68,0,0.0,2929.1271428571426,3526.7015384615383,2464.7069777400943,0.0,100.0,0.0,136,674,132.12,322.23,6,0.0,2.0,2026-06-29 19:53:58.413448+00:00
3323,0.0,18.46,0,0.0,8702.842,8552.698,168.16204737098093,0.0,100.0,0.0,113,711,0.0,218.6,1,2.0,0.0,2026-06-29 19:53:58.413448+00:00
3682,0.0,68.05,0,0.0,8096.7,8016.03,161.57199099078838,0.0,100.0,0.0,129,640,39.63,330.98,2,0.0,0.0,2026-06-29 19:53:58.413448+00:00
4120,32.0,21.99,1,6304.45,-1058.70125,-468.27346153846156,4487.105268171608,0.0,100.0,0.0,64,703,0.0,195.01,2,0.0,0.0,2026-06-29 19:53:58.413448+00:00
4127,54.0,22.77,3,19350.5,1420.216,984.1435,10453.936014579042,0.0,100.0,0.0,31,783,0.0,510.6,3,0.0,1.0,2026-06-29 19:53:58.413448+00:00
4335,20.0,0.0,3,27446.54,-8695.827777777778,-6389.518260869565,4244.957927516865,0.0,100.0,0.0,57,750,34.64,671.87,6,1.0,1.0,2026-06-29 19:53:58.413448+00:00
4402,73.0,112.83,6,45367.81,-393.482,1843.3432653061225,10878.677174557239,0.0,100.0,0.0,11,741,442.87,1109.94,7,1.0,1.0,2026-06-29 19:53:58.413448+00:00
4440,68.0,123.37,2,18629.42,-2393.838333333333,-3006.082,1616.244805134008,0.0,100.0,0.0,97,650,305.95,461.49,4,3.0,1.0,2026-06-29 19:53:58.413448+00:00
4455,0.0,55.15,1,7004.74,4424.475,4041.5172222222222,2627.3527648626045,0.0,100.0,0.0,109,589,341.86,547.87,4,3.0,0.0,2026-06-29 19:53:58.413448+00:00
4640,56.0,65.08,1,8456.0,2318.055,807.9380769230769,6753.146808145768,0.0,100.0,0.0,27,762,219.84,441.08,3,0.0,0.0,2026-06-29 19:53:58.413448+00:00
4697,34.0,69.87,3,24680.3,18404.488333333335,21490.13857142857,28768.931792256375,0.0,100.0,0.0,82,690,359.95,1252.02,9,3.0,1.0,2026-06-29 19:53:58.413448+00:00
4736,29.0,41.65,1,9536.03,8016.384545454545,6672.1025,14028.65514587722,0.0,100.0,0.0,8,819,70.16,482.38,4,0.0,3.0,2026-06-29 19:53:58.413448+00:00
4800,0.0,50.28,1,9685.19,11528.097,13718.075757575758,7946.316233968923,0.0,100.0,0.0,24,617,127.33,627.59,7,0.0,2.0,2026-06-29 19:53:58.413448+00:00
4934,18.0,83.4,1,5411.36,7488.80125,6203.554516129032,5330.499887332386,0.0,100.0,0.0,38,662,24.3,550.89,5,1.0,1.0,2026-06-29 19:53:58.413448+00:00
150,63.0,32.91,3,29409.92,1179.6008333333334,3708.975652173913,21354.534494941596,0.0,100.0,0.0,92,735,122.74,708.36,6,1.0,3.0,2026-06-29 19:53:58.413448+00:00
319,74.0,53.35,2,22841.78,-705.296,102.90848484848485,4380.181857613263,0.0,100.0,0.0,85,758,242.68,757.17,4,0.0,1.0,2026-06-29 19:53:58.413448+00:00
410,117.0,231.82,1,6317.5,-1264.82,-721.719,11948.29491588051,0.0,100.0,0.0,45,774,296.06,858.47,9,0.0,0.0,2026-06-29 19:53:58.413448+00:00
445,17.0,106.39,3,24483.98,13600.6525,14303.252,9403.342403684766,0.0,100.0,0.0,127,768,125.58,618.85,5,0.0,0.0,2026-06-29 19:53:58.413448+00:00
448,17.0,48.81,2,14896.63,5405.304545454545,3720.996451612903,6637.885578975859,0.0,100.0,0.0,20,718,92.25,411.73,5,0.0,0.0,2026-06-29 19:53:58.413448+00:00
475,53.0,52.84,3,33648.24,-10383.225714285714,-9109.071666666667,18603.961619361424,0.0,100.0,0.0,142,751,0.0,617.19,4,3.0,1.0,2026-06-29 19:53:58.413448+00:00
538,17.0,78.27,2,17746.25,2348.0245454545457,1695.8043333333333,2844.1687684258236,0.0,100.0,0.0,12,661,214.55,663.07,5,2.0,1.0,2026-06-29 19:53:58.413448+00:00
583,36.0,175.59,6,50898.16,5207.225714285714,3355.0730188679245,10929.649677188738,0.0,100.0,0.0,7,730,299.01,8097.4,13,6.0,1.0,2026-06-29 19:53:58.413448+00:00
644,38.0,45.22,2,16237.61,9931.9075,5355.828,8760.177125233027,0.0,100.0,0.0,137,556,0.0,143.6,2,1.0,0.0,2026-06-29 19:53:58.413448+00:00
838,82.0,68.94,1,9151.35,721.51,1108.5279310344827,7771.744045686478,0.0,100.0,0.0,96,707,65.26,676.36,5,0.0,2.0,2026-06-29 19:53:58.413448+00:00
961,52.0,26.5,1,8267.86,-6524.56,-7435.234444444444,3148.090023924952,0.0,100.0,0.0,52,771,132.29,132.29,1,1.0,0.0,2026-06-29 19:53:58.413448+00:00
966,0.0,0.0,1,8985.25,29653.576666666668,32510.495238095238,4307.573097474582,0.0,100.0,0.0,128,637,0.0,85.07,1,0.0,1.0,2026-06-29 19:53:58.413448+00:00
1009,52.0,34.36,1,10535.9,-10029.998,-682.7391666666666,16204.989009886203,0.0,100.0,0.0,75,605,0.0,618.33,3,0.0,0.0,2026-06-29 19:53:58.413448+00:00
1059,0.0,37.6,1,6375.05,8714.266666666666,10707.798,3024.1262759078036,0.0,100.0,0.0,92,732,315.58,493.16,3,1.0,0.0,2026-06-29 19:53:58.413448+00:00
1391,7.0,67.47,2,13365.97,4268.053333333333,5700.441714285715,5448.114546752841,0.0,100.0,0.0,13,619,309.78,555.56,3,0.0,1.0,2026-06-29 19:53:58.413448+00:00
1397,35.0,117.73,2,22634.99,-1245.070625,-544.9514705882353,5586.68931444353,0.0,100.0,0.0,9,850,310.92,1174.83,9,0.0,2.0,2026-06-29 19:53:58.413448+00:00
1427,48.0,120.13,5,38362.82,-5020.796,-4269.646,12139.32700910244,0.0,100.0,0.0,131,671,177.96,6276.3,7,1.0,0.0,2026-06-29 19:53:58.413448+00:00
1581,1.0,0.0,1,7381.3,7257.458,7170.4525,147.20503768128998,0.0,100.0,0.0,42,769,168.08,291.86,3,1.0,1.0,2026-06-29 19:53:58.413448+00:00
1631,33.0,0.0,3,28961.03,785.0485714285714,-4957.112631578947,10506.540258557883,0.0,100.0,0.0,140,817,227.05,498.01,4,2.0,0.0,2026-06-29 19:53:58.413448+00:00
1637,7.0,38.37,2,16475.75,9577.316,2768.7936842105264,8728.682726234549,0.0,100.0,0.0,98,775,0.0,76.09,1,0.0,0.0,2026-06-29 19:53:58.413448+00:00
1702,0.0,22.23,1,11178.5,21368.404285714285,25961.395416666666,4187.532133113508,0.0,100.0,0.0,57,614,0.0,448.09,5,0.0,0.0,2026-06-29 19:53:58.413448+00:00
1864,21.0,92.29,2,15642.25,15395.70875,14474.633333333333,9514.952597813792,0.0,100.0,0.0,80,672,159.64,1941.3,11,0.0,0.0,2026-06-29 19:53:58.413448+00:00
1974,5.0,56.46,2,16404.04,-364.52666666666664,2264.60875,4553.762943944741,0.0,100.0,0.0,55,689,0.0,301.76,3,0.0,0.0,2026-06-29 19:53:58.413448+00:00
657,0.0,30.43,0,0.0,23188.073333333334,22346.403333333332,4475.336523225488,0.0,100.0,0.0,23,581,52.98,192.85,2,0.0,0.0,2026-06-29 19:53:58.413448+00:00
1669,0.0,38.6,0,0.0,3848.5142857142855,3782.892307692308,1100.4390312412995,0.0,100.0,0.0,67,687,164.75,282.57,4,1.0,0.0,2026-06-29 19:53:58.413448+00:00
1900,11.0,21.65,0,0.0,19450.748333333333,17077.32282051282,6492.51084750844,0.0,100.0,0.0,132,747,127.19,427.52,4,0.0,0.0,2026-06-29 19:53:58.413448+00:00
1912,0.0,50.9,0,0.0,16014.6825,16237.224615384615,243.32541369106835,0.0,100.0,0.0,103,678,0.0,409.96,2,1.0,1.0,2026-06-29 19:53:58.413448+00:00
2086,24.0,16.97,1,10337.12,-4230.527777777777,-5053.01,5247.477381117945,0.0,100.0,0.0,73,653,420.24,1154.2,4,1.0,1.0,2026-06-29 19:53:58.413448+00:00
2160,32.0,85.84,1,9274.51,4329.7242857142855,7154.953611111111,8737.98567649641,0.0,100.0,0.0,49,635,191.77,563.71,4,3.0,1.0,2026-06-29 19:53:58.413448+00:00
2239,0.0,73.75,1,6020.35,32060.608,20222.224736842105,14894.268923883501,0.0,100.0,0.0,123,799,324.21,324.21,2,0.0,0.0,2026-06-29 19:53:58.413448+00:00
2329,43.0,61.89,2,19380.89,21015.96875,12995.21875,13136.467713618214,0.0,100.0,0.0,84,631,0.0,410.7,2,0.0,0.0,2026-06-29 19:53:58.413448+00:00
2414,13.0,90.34,2,19980.2,971.7114285714285,336.8377777777778,8630.522968282434,0.0,100.0,0.0,32,786,216.94,649.99,5,0.0,0.0,2026-06-29 19:53:58.413448+00:00
2464,0.0,43.7,1,8729.13,2296.649090909091,3221.8768,3204.58812474899,0.0,100.0,0.0,52,681,64.13,428.08,5,0.0,1.0,2026-06-29 19:53:58.413448+00:00
2489,0.0,111.51,2,19353.37,5876.341818181818,6529.1732142857145,4168.155110467181,0.0,100.0,0.0,56,698,237.86,8068.49,3,2.0,1.0,2026-06-29 19:53:58.413448+00:00
2551,0.0,54.09,3,28317.18,6106.7733333333335,6622.01,887.7219321292752,0.0,100.0,0.0,82,658,488.07,904.75,8,1.0,1.0,2026-06-29 19:53:58.413448+00:00
2738,54.0,158.44,6,48215.33,-5328.009285714285,-6423.672972972973,7273.094421651119,0.0,100.0,0.0,55,780,281.97,1019.47,8,3.0,3.0,2026-06-29 19:53:58.413448+00:00
2750,7.0,0.0,1,11721.61,-1970.445,5617.6175,5879.334762289756,0.0,100.0,0.0,59,676,66.28,12246.93,4,1.0,0.0,2026-06-29 19:53:58.413448+00:00
2761,43.0,68.07,1,6543.2,2596.407857142857,2024.2545454545455,4330.811049416222,0.0,100.0,0.0,132,808,353.54,1320.1,9,1.0,2.0,2026-06-29 19:53:58.413448+00:00
2921,11.0,55.8,1,10338.22,-183.18,320.5761904761905,683.8764726418847,0.0,100.0,0.0,77,615,191.19,578.11,3,0.0,0.0,2026-06-29 19:53:58.413448+00:00
2966,34.0,0.0,5,47070.81,113.8,-925.0795,7411.289837103041,0.0,100.0,0.0,39,747,296.16,7502.65,12,3.0,4.0,2026-06-29 19:53:58.413448+00:00
2973,58.0,70.2,3,28828.1,16339.446666666667,12302.42619047619,18445.631401318315,0.0,100.0,0.0,112,666,132.47,530.52,6,1.0,1.0,2026-06-29 19:53:58.413448+00:00
3039,126.0,66.3,1,10607.68,-2970.9575,-5806.592380952381,13973.587038574517,0.0,100.0,0.0,99,831,42.11,701.69,4,1.0,1.0,2026-06-29 19:53:58.413448+00:00
3508,64.0,0.0,2,17812.75,-6757.5725,-2025.9263333333333,8407.37179461076,0.0,100.0,0.0,138,570,307.73,834.73,7,0.0,1.0,2026-06-29 19:53:58.413448+00:00
3606,20.0,104.08,1,5932.34,10867.39625,10327.825,7935.2738413696225,0.0,100.0,0.0,142,725,0.0,650.63,4,0.0,0.0,2026-06-29 19:53:58.413448+00:00
3639,0.0,53.67,1,9576.04,15964.434375,16880.354375,9640.339310620095,0.0,100.0,0.0,101,707,536.8,657.75,5,3.0,2.0,2026-06-29 19:53:58.413448+00:00
4083,10.0,0.0,1,7697.89,11654.2325,11770.779545454545,4039.6429808849975,0.0,100.0,0.0,90,500,264.91,397.76,5,0.0,0.0,2026-06-29 19:53:58.413448+00:00
2089,30.0,39.12,0,0.0,8009.96125,7194.15037037037,4752.191222739819,0.0,100.0,0.0,81,749,0.0,631.04,4,2.0,0.0,2026-06-29 19:53:58.413448+00:00
2312,0.0,0.0,0,0.0,14431.895,14473.768,80.42187970944256,0.0,100.0,0.0,53,634,0.0,65.12,1,0.0,1.0,2026-06-29 19:53:58.413448+00:00
2523,12.0,0.0,0,0.0,8320.4625,8123.586666666667,176.33695374355182,0.0,100.0,0.0,94,758,0.0,62.13,2,0.0,2.0,2026-06-29 19:53:58.413448+00:00
2538,91.0,63.52,0,0.0,-11106.207777777778,-10684.486333333334,5962.776051795049,0.0,100.0,0.0,37,754,28.69,497.85,4,1.0,0.0,2026-06-29 19:53:58.413448+00:00
2557,0.0,42.6,0,0.0,12221.935,12568.117058823529,3917.308971923697,0.0,100.0,0.0,89,622,0.0,782.78,4,0.0,0.0,2026-06-29 19:53:58.413448+00:00
2586,0.0,73.29,0,0.0,18736.078461538462,16447.290967741934,4318.060098840947,0.0,100.0,0.0,91,777,111.49,551.33,5,3.0,0.0,2026-06-29 19:53:58.413448+00:00
2609,0.0,57.06,0,0.0,595.8666666666667,857.488,238.1747701919748,0.0,100.0,0.0,49,712,169.33,737.76,4,0.0,0.0,2026-06-29 19:53:58.413448+00:00
2681,0.0,14.33,0,0.0,15927.86625,15185.661739130435,9784.666735712233,0.0,100.0,0.0,113,639,0.0,371.71,4,2.0,1.0,2026-06-29 19:53:58.413448+00:00
2866,28.0,25.42,0,0.0,-3573.9466666666667,1865.4533333333334,5681.044457526763,0.0,100.0,0.0,52,675,160.65,575.97,3,0.0,1.0,2026-06-29 19:53:58.413448+00:00
2967,0.0,32.32,0,0.0,6219.833333333333,5620.187222222222,5127.113944266066,0.0,100.0,0.0,12,713,0.0,244.23,3,2.0,0.0,2026-06-29 19:53:58.413448+00:00
3070,0.0,17.15,0,0.0,9005.04,8834.247647058823,2198.1646458527207,0.0,100.0,0.0,73,668,117.43,196.78,2,2.0,2.0,2026-06-29 19:53:58.413448+00:00
3340,0.0,0.0,0,0.0,24987.12,24672.9,258.06401008620963,0.0,100.0,0.0,4,826,0.0,106.12,1,1.0,0.0,2026-06-29 19:53:58.413448+00:00
3489,16.0,52.86,0,0.0,-920.32,-959.9333333333333,163.50405119004105,0.0,100.0,0.0,17,584,0.0,124.32,1,1.0,0.0,2026-06-29 19:53:58.413448+00:00
3550,0.0,124.28,0,0.0,10642.881428571429,12449.412608695653,8406.106827356663,0.0,100.0,0.0,139,776,0.0,511.99,4,2.0,0.0,2026-06-29 19:53:58.413448+00:00
3966,13.0,39.6,0,0.0,12108.345,7131.547222222222,11630.380929085783,0.0,100.0,0.0,67,698,251.47,468.65,4,2.0,0.0,2026-06-29 19:53:58.413448+00:00
3982,0.0,0.0,0,0.0,14452.5,14268.953333333333,239.82878578037466,0.0,100.0,0.0,59,685,0.0,74.85,1,1.0,1.0,2026-06-29 19:53:58.413448+00:00
4201,32.0,27.3,3,28120.48,-1025.67375,3050.457575757576,12727.4145403513,0.0,100.0,0.0,42,825,168.99,618.9,4,1.0,0.0,2026-06-29 19:53:58.413448+00:00
4428,24.0,0.0,1,5397.7,2884.832,3095.4912903225804,8593.346318417025,0.0,100.0,0.0,132,683,321.98,335.98,3,3.0,0.0,2026-06-29 19:53:58.413448+00:00
4497,25.0,0.0,1,6511.32,769.7583333333333,-1222.67,2772.503570732817,0.0,100.0,0.0,84,783,0.0,201.36,2,0.0,0.0,2026-06-29 19:53:58.413448+00:00
4552,173.0,125.15,5,42139.6,-18323.02142857143,-14891.45,8852.660749092714,0.0,100.0,0.0,29,850,5405.66,17064.36,6,2.0,1.0,2026-06-29 19:53:58.413448+00:00
4595,28.0,56.11,1,8660.8,-1374.0833333333333,-3084.7742857142857,3314.692698825705,0.0,100.0,0.0,38,802,252.04,640.12,3,0.0,0.0,2026-06-29 19:53:58.413448+00:00
4635,24.0,0.0,2,22782.23,11946.56,-7356.805714285714,16571.056315524314,0.0,100.0,0.0,116,773,0.0,143.42,1,1.0,1.0,2026-06-29 19:53:58.413448+00:00
4745,55.0,144.23,1,8828.51,-3864.9957142857143,-6997.922,7146.789221436233,0.0,100.0,0.0,6,673,359.13,523.14,4,1.0,1.0,2026-06-29 19:53:58.413448+00:00
4775,90.0,102.37,2,22849.24,-10298.57,-8833.171875,10526.848419443177,0.0,100.0,0.0,10,850,253.34,1070.96,7,2.0,2.0,2026-06-29 19:53:58.413448+00:00
4976,38.0,48.56,3,33797.95,9202.11,6305.164074074074,18943.819551426383,0.0,100.0,0.0,76,826,0.0,289.17,3,1.0,1.0,2026-06-29 19:53:58.413448+00:00
4227,0.0,38.22,0,0.0,13868.13,13717.04,255.84875295279417,0.0,100.0,0.0,76,775,0.0,502.47,3,0.0,2.0,2026-06-29 19:53:58.413448+00:00
4334,170.0,113.82,0,0.0,-8310.78875,-6501.557045454545,6460.97083591073,0.0,100.0,0.0,50,720,1236.96,2453.0,14,2.0,1.0,2026-06-29 19:53:58.413448+00:00
4413,0.0,0.0,0,0.0,8144.62,7859.620909090909,351.1758912944427,0.0,100.0,0.0,49,739,145.67,145.67,2,0.0,0.0,2026-06-29 19:53:58.413448+00:00
125,0.0,0.0,1,5383.37,19070.295,19266.006,138.77952175172936,0.0,100.0,0.0,999,637,217.41,217.41,1,1.0,1.0,2026-06-29 19:53:58.413448+00:00
159,9.0,29.36,2,12120.88,2972.076666666667,3672.1511538461536,6713.9136513702915,0.0,100.0,0.0,999,692,0.0,937.06,4,3.0,1.0,2026-06-29 19:53:58.413448+00:00
553,22.0,79.45,1,6997.17,-257.44,-464.2165,1077.8042044005872,0.0,100.0,0.0,999,621,126.29,799.3,4,0.0,1.0,2026-06-29 19:53:58.413448+00:00
716,0.0,20.94,2,13333.3,12673.573,12824.3248,1199.3493234020518,0.0,100.0,0.0,999,748,409.23,594.84,5,2.0,1.0,2026-06-29 19:53:58.413448+00:00
817,0.0,20.73,1,8986.71,392.1525,626.9278571428572,169.97769224134643,0.0,100.0,0.0,999,658,117.03,498.48,4,1.0,1.0,2026-06-29 19:53:58.413448+00:00
1114,2.0,0.0,1,6396.16,-3083.9,1762.9171428571428,3004.7421120132963,0.0,100.0,0.0,999,690,0.0,196.39,1,1.0,0.0,2026-06-29 19:53:58.413448+00:00
1185,48.0,21.23,3,22683.88,-31401.055,-30246.182,5374.223696181771,0.0,100.0,0.0,999,796,342.38,342.38,1,0.0,1.0,2026-06-29 19:53:58.413448+00:00
1246,27.0,0.0,1,8562.95,-10341.86,-10060.727272727272,336.7811590467743,0.0,100.0,0.0,999,564,238.45,821.82,5,0.0,2.0,2026-06-29 19:53:58.413448+00:00
1438,22.0,0.0,3,25850.51,-14717.575,-9905.069090909092,5868.064358924585,0.0,100.0,0.0,999,659,7072.71,15585.94,6,0.0,1.0,2026-06-29 19:53:58.413448+00:00
1500,31.0,16.35,1,8478.97,-2274.42,-3812.941,2368.019722554903,0.0,100.0,0.0,999,696,104.87,278.89,1,0.0,0.0,2026-06-29 19:53:58.413448+00:00
1638,40.0,11.54,1,7152.12,-7031.235,-6971.6075,93.22074385001757,0.0,100.0,0.0,999,786,0.0,171.47,2,0.0,1.0,2026-06-29 19:53:58.413448+00:00
1726,38.0,0.0,4,27733.69,-13358.524,-13123.324,267.94234664196006,0.0,100.0,0.0,999,602,169.94,484.56,4,1.0,0.0,2026-06-29 19:53:58.413448+00:00
1887,0.0,29.61,2,12076.84,5652.833,5816.740434782609,419.1302774098606,0.0,100.0,0.0,999,792,494.26,1187.81,7,0.0,0.0,2026-06-29 19:53:58.413448+00:00
1906,27.0,44.42,3,26825.82,-5848.117142857142,-2331.172916666667,10689.808413160594,0.0,100.0,0.0,999,648,473.9,12794.56,9,1.0,0.0,2026-06-29 19:53:58.413448+00:00
1987,44.0,33.76,1,5407.23,-18515.0325,-16530.389333333333,2661.9363870823227,0.0,100.0,0.0,999,657,176.59,373.11,2,1.0,1.0,2026-06-29 19:53:58.413448+00:00
2030,21.0,0.0,3,32087.0,-20556.3,-20204.737,266.97133936248775,0.0,100.0,0.0,999,650,186.14,474.98,3,0.0,0.0,2026-06-29 19:53:58.413448+00:00
330,49.0,20.03,0,0.0,-13174.998333333333,-13467.143846153846,1428.6440812268431,0.0,100.0,0.0,999,670,0.0,287.77,4,3.0,1.0,2026-06-29 19:53:58.413448+00:00
521,0.0,0.0,0,0.0,12985.12,13357.945,239.06519377567218,0.0,100.0,0.0,999,619,0.0,237.57,2,1.0,0.0,2026-06-29 19:53:58.413448+00:00
661,0.0,0.0,0,0.0,16963.863333333335,16960.97,140.2036725624546,0.0,100.0,0.0,999,606,32.04,115.35,3,0.0,1.0,2026-06-29 19:53:58.413448+00:00
798,18.0,0.0,0,0.0,-3548.486,-3478.1625,108.29842943805795,0.0,100.0,0.0,999,815,0.0,383.76,3,1.0,1.0,2026-06-29 19:53:58.413448+00:00
855,19.0,45.52,0,0.0,10907.92888888889,9152.495555555555,4981.569835294251,0.0,100.0,0.0,999,717,524.19,1153.55,8,0.0,1.0,2026-06-29 19:53:58.413448+00:00
1072,0.0,0.0,0,0.0,10610.393333333333,9861.168333333333,1923.7597119305785,0.0,100.0,0.0,999,734,0.0,177.19,2,1.0,0.0,2026-06-29 19:53:58.413448+00:00
1604,0.0,24.83,0,0.0,4651.533333333334,4866.542666666666,203.18846261428214,0.0,100.0,0.0,999,795,0.0,539.32,5,1.0,1.0,2026-06-29 19:53:58.413448+00:00
1814,0.0,0.0,0,0.0,7006.285,7107.344545454545,162.47494930624256,0.0,100.0,0.0,999,850,39.77,267.14,2,1.0,1.0,2026-06-29 19:53:58.413448+00:00
2059,104.0,80.7,3,24415.02,-4395.594,-6289.753461538461,4534.4413093892745,0.0,100.0,0.0,999,625,7264.54,8050.19,7,0.0,0.0,2026-06-29 19:53:58.413448+00:00
2104,0.0,43.1,1,7965.45,13402.013333333334,13492.875454545454,100.85153907543626,0.0,100.0,0.0,999,745,121.6,161.1,2,0.0,1.0,2026-06-29 19:53:58.413448+00:00
2468,63.0,21.37,1,10072.24,-4621.77,-4125.355217391304,438.0214203405202,0.0,100.0,0.0,999,798,56.2,254.52,4,0.0,1.0,2026-06-29 19:53:58.413448+00:00
2610,14.0,102.91,2,19676.4,-8930.00625,-6617.595294117647,3898.4192849321375,0.0,100.0,0.0,999,788,121.02,933.77,6,2.0,0.0,2026-06-29 19:53:58.413448+00:00
2932,48.0,0.0,1,8404.09,34.8775,-4634.695,4648.365467273953,0.0,100.0,0.0,999,742,186.81,250.42,2,0.0,0.0,2026-06-29 19:53:58.413448+00:00
2953,16.0,31.53,4,27928.74,-9804.658,-7572.166363636364,2469.1696078541086,0.0,100.0,0.0,999,704,145.94,5414.87,2,0.0,0.0,2026-06-29 19:53:58.413448+00:00
3043,12.0,40.63,2,14025.03,-2018.6633333333334,-2014.1044444444444,122.97650083664239,0.0,100.0,0.0,999,740,0.0,57.13,1,0.0,0.0,2026-06-29 19:53:58.413448+00:00
3119,24.0,13.85,3,21174.49,-14285.84,-7667.939333333334,5719.709093216154,0.0,100.0,0.0,999,734,159.4,326.17,3,0.0,1.0,2026-06-29 19:53:58.413448+00:00
3443,0.0,0.0,1,6944.88,3261.6175,3290.140909090909,1873.6414910473952,0.0,100.0,0.0,999,659,0.0,117.14,1,0.0,0.0,2026-06-29 19:53:58.413448+00:00
3671,0.0,14.82,1,11647.2,22604.505,28895.804,4625.52912592682,0.0,100.0,0.0,999,720,186.02,12059.79,4,1.0,0.0,2026-06-29 19:53:58.413448+00:00
3767,38.0,24.79,2,17631.0,887.04,-2204.9676470588233,7645.879001482687,0.0,100.0,0.0,999,635,0.0,598.9,4,0.0,1.0,2026-06-29 19:53:58.413448+00:00
3809,33.0,82.4,1,11753.35,-4133.011428571429,-1255.1994444444445,4460.717300687154,0.0,100.0,0.0,999,659,80.65,569.04,5,1.0,3.0,2026-06-29 19:53:58.413448+00:00
4071,83.0,0.0,2,16154.43,-7077.033333333334,-4933.595625,4503.193755839574,0.0,100.0,0.0,999,736,139.29,782.98,5,1.0,0.0,2026-06-29 19:53:58.413448+00:00
2403,0.0,0.0,0,0.0,20832.2425,21003.922857142858,211.16558456841852,0.0,100.0,0.0,999,630,130.27,468.99,4,0.0,1.0,2026-06-29 19:53:58.413448+00:00
2725,0.0,0.0,0,0.0,10753.865,11009.055714285714,266.6462820854625,0.0,100.0,0.0,999,672,211.71,356.46,2,0.0,1.0,2026-06-29 19:53:58.413448+00:00
3099,0.0,40.52,0,0.0,10646.215,10929.802727272727,335.9262255341979,0.0,100.0,0.0,999,630,0.0,602.57,4,0.0,0.0,2026-06-29 19:53:58.413448+00:00
3160,24.0,59.44,0,0.0,5374.65,674.3092857142857,10039.404277939335,0.0,100.0,0.0,999,696,0.0,201.78,1,1.0,0.0,2026-06-29 19:53:58.413448+00:00
3353,0.0,18.39,0,0.0,15818.34,16110.38,362.9342989669997,0.0,100.0,0.0,999,671,267.29,800.64,4,0.0,1.0,2026-06-29 19:53:58.413448+00:00
4169,47.0,14.16,2,16227.97,-12092.475,-16219.293333333333,3025.2291815899434,0.0,100.0,0.0,999,769,126.3,151.43,2,1.0,0.0,2026-06-29 19:53:58.413448+00:00
4426,26.0,32.68,1,9873.11,-12613.692,-7498.385,5085.532565155623,0.0,100.0,0.0,999,833,176.2,641.09,3,0.0,1.0,2026-06-29 19:53:58.413448+00:00
4476,61.0,52.51,1,7389.93,-3518.67,-8220.490833333333,3341.516604221947,0.0,100.0,0.0,999,687,86.32,86.32,1,0.0,1.0,2026-06-29 19:53:58.413448+00:00
4757,33.0,0.0,2,21536.2,-18615.653333333332,-18448.106,235.96783048542935,0.0,100.0,0.0,999,719,80.15,452.06,4,0.0,1.0,2026-06-29 19:53:58.413448+00:00
4482,0.0,26.57,0,0.0,17989.69,18076.478333333333,81.33680561235555,0.0,100.0,0.0,999,729,82.64,119.19,2,0.0,0.0,2026-06-29 19:53:58.413448+00:00
4610,0.0,32.86,0,0.0,1055.5128571428572,984.5121052631579,117.99517423579785,0.0,100.0,0.0,999,700,0.0,307.13,3,0.0,1.0,2026-06-29 19:53:58.413448+00:00
4706,66.0,0.0,0,0.0,-1358.3016666666667,-761.9531578947368,501.52518281240015,0.0,100.0,0.0,999,715,51.04,474.44,5,2.0,1.0,2026-06-29 19:53:58.413448+00:00
173,0.0,93.24,2,14288.04,9783.735,9857.466,73.52903062056517,0.0,100.0,0.0,999,739,0.0,25.87,1,0.0,0.0,2026-06-29 19:53:58.413448+00:00
192,62.0,38.95,2,17113.72,-9048.4225,-4388.525555555556,19296.24852642066,0.0,100.0,0.0,999,766,498.05,543.51,6,1.0,4.0,2026-06-29 19:53:58.413448+00:00
357,0.0,22.2,1,5446.9,17001.41,18973.502,2676.9688807852367,0.0,100.0,0.0,999,678,166.73,166.73,1,0.0,0.0,2026-06-29 19:53:58.413448+00:00
429,37.0,35.59,1,10827.06,569.1011111111111,-289.35,2925.432136749812,0.0,100.0,0.0,999,677,86.95,277.51,5,0.0,0.0,2026-06-29 19:53:58.413448+00:00
471,70.0,0.0,1,7851.68,-7568.8025,-7972.377692307692,3918.8902806812225,0.0,100.0,0.0,999,721,0.0,380.56,4,0.0,0.0,2026-06-29 19:53:58.413448+00:00
481,25.0,0.0,2,13033.76,-14896.276666666667,-13885.238571428572,2853.167094929061,0.0,100.0,0.0,999,650,165.27,180.12,2,0.0,2.0,2026-06-29 19:53:58.413448+00:00
563,25.0,0.0,1,7761.82,-995.715,-556.91,307.4823859995886,0.0,100.0,0.0,999,762,0.0,483.28,3,0.0,1.0,2026-06-29 19:53:58.413448+00:00
610,100.0,134.73,3,27888.05,-4834.264545454545,-4566.172571428571,4226.602020528099,0.0,100.0,0.0,999,646,245.75,1550.07,9,2.0,1.0,2026-06-29 19:53:58.413448+00:00
652,14.0,19.69,1,7255.22,-7640.4025,-4714.14,3633.53254318552,0.0,100.0,0.0,999,701,32.45,1123.54,6,1.0,1.0,2026-06-29 19:53:58.413448+00:00
692,0.0,0.0,1,5309.28,18564.595,18779.57,251.75782798157366,0.0,100.0,0.0,999,760,348.79,541.72,2,0.0,0.0,2026-06-29 19:53:58.413448+00:00
816,4.0,47.34,1,8297.87,-2409.41,3701.8878571428572,3869.106323638165,0.0,100.0,0.0,999,789,0.0,8332.32,2,0.0,0.0,2026-06-29 19:53:58.413448+00:00
1035,46.0,28.88,3,24538.8,-11269.65,-8164.323529411765,3855.9603806390605,0.0,100.0,0.0,999,756,175.2,373.94,3,0.0,1.0,2026-06-29 19:53:58.413448+00:00
1110,96.0,54.04,2,18113.07,-6834.271818181818,-6487.0710344827585,1193.1885921124735,0.0,100.0,0.0,999,554,77.27,1147.11,8,2.0,0.0,2026-06-29 19:53:58.413448+00:00
1238,21.0,40.67,2,17966.79,12651.505,17548.21875,3746.3062155489815,0.0,100.0,0.0,999,737,0.0,280.88,2,0.0,0.0,2026-06-29 19:53:58.413448+00:00
1377,32.0,21.74,1,6812.31,-6100.58,-5957.471428571429,132.51112433844006,0.0,100.0,0.0,999,728,0.0,316.78,1,0.0,1.0,2026-06-29 19:53:58.413448+00:00
1420,17.0,20.29,1,8777.0,-2932.95,-2683.032222222222,242.47250913031485,0.0,100.0,0.0,999,688,306.27,684.39,3,0.0,0.0,2026-06-29 19:53:58.413448+00:00
1503,13.0,70.41,4,35475.11,-288.732,642.8757142857143,4826.87528442753,0.0,100.0,0.0,999,666,69.68,341.37,3,3.0,2.0,2026-06-29 19:53:58.413448+00:00
1784,17.0,0.0,1,7569.19,-925.4933333333333,-876.4736363636364,443.63288398225535,0.0,100.0,0.0,999,839,33.77,33.77,1,0.0,0.0,2026-06-29 19:53:58.413448+00:00
1942,11.0,71.65,1,9722.88,8526.42,6084.446153846154,3071.025559093946,0.0,100.0,0.0,999,735,27.54,67.03,2,1.0,0.0,2026-06-29 19:53:58.413448+00:00
1980,0.0,64.73,1,5628.24,11938.65142857143,12151.77,259.95033957691567,0.0,100.0,0.0,999,626,8.27,516.49,5,2.0,1.0,2026-06-29 19:53:58.413448+00:00
1993,21.0,0.0,1,11782.12,-8490.285,-8155.282307692308,312.52023777309427,0.0,100.0,0.0,999,638,0.0,303.3,2,0.0,1.0,2026-06-29 19:53:58.413448+00:00
2037,77.0,34.14,2,16655.53,-2773.3816666666667,-2464.101379310345,1264.6768767765423,0.0,100.0,0.0,999,786,46.42,1036.97,8,2.0,1.0,2026-06-29 19:53:58.413448+00:00
167,0.0,77.59,0,0.0,8648.37,8465.294285714286,203.8659942817585,0.0,100.0,0.0,999,687,0.0,106.88,1,0.0,0.0,2026-06-29 19:53:58.413448+00:00
527,0.0,29.62,0,0.0,9761.01,9940.761428571428,129.29008451966456,0.0,100.0,0.0,999,644,0.0,219.61,2,0.0,0.0,2026-06-29 19:53:58.413448+00:00
573,0.0,0.0,0,0.0,17441.153333333332,17546.708,150.8658800922201,0.0,100.0,0.0,999,811,0.0,142.39,1,0.0,1.0,2026-06-29 19:53:58.413448+00:00
1000,0.0,0.0,0,0.0,2818.6966666666667,2990.537142857143,193.1337798162777,0.0,100.0,0.0,999,757,90.4,440.37,3,0.0,0.0,2026-06-29 19:53:58.413448+00:00
1027,0.0,0.0,0,0.0,8795.048,8985.789,223.54426928239488,0.0,100.0,0.0,999,732,72.0,131.33,2,2.0,0.0,2026-06-29 19:53:58.413448+00:00
1769,0.0,0.0,0,0.0,1162.0,1389.80625,167.02815121540894,0.0,100.0,0.0,999,706,0.0,225.35,2,0.0,1.0,2026-06-29 19:53:58.413448+00:00
2231,35.0,20.97,1,6732.53,-5264.98,-4825.819,466.6647995178125,0.0,100.0,0.0,999,647,0.0,517.98,2,0.0,0.0,2026-06-29 19:53:58.413448+00:00
2258,37.0,38.63,2,18211.34,-11979.62,-11303.496666666666,611.7400871357779,0.0,100.0,0.0,999,750,513.29,1467.5,7,1.0,2.0,2026-06-29 19:53:58.413448+00:00
2279,35.0,0.0,1,11393.61,-9453.176,-7593.6175,5068.797965318676,0.0,100.0,0.0,999,720,11511.48,11895.66,3,0.0,0.0,2026-06-29 19:53:58.413448+00:00
2301,40.0,37.45,2,18667.2,-10271.26,-10003.694166666666,261.07060636471294,0.0,100.0,0.0,999,794,0.0,368.95,2,2.0,0.0,2026-06-29 19:53:58.413448+00:00
2449,39.0,102.94,1,6031.98,2421.265,-1165.5292857142856,6299.420257948304,0.0,100.0,0.0,999,821,244.65,424.72,2,1.0,1.0,2026-06-29 19:53:58.413448+00:00
3609,58.0,26.86,2,12727.86,-9269.6425,-9459.391666666666,210.93556079029733,0.0,100.0,0.0,999,732,0.0,212.91,2,0.0,0.0,2026-06-29 19:53:58.413448+00:00
3703,59.0,0.0,1,6131.5,-15778.646666666667,-15222.732142857143,425.64681405753953,0.0,100.0,0.0,999,638,266.64,384.77,3,0.0,1.0,2026-06-29 19:53:58.413448+00:00
3807,61.0,0.0,3,21694.82,-17765.821666666667,-14563.430555555555,2932.3821442386543,0.0,100.0,0.0,999,753,144.51,7028.57,4,0.0,2.0,2026-06-29 19:53:58.413448+00:00
4064,44.0,35.1,1,8030.19,1667.682,23.83185185185185,6373.021013233158,0.0,100.0,0.0,999,651,22.58,774.92,7,1.0,0.0,2026-06-29 19:53:58.413448+00:00
2081,0.0,35.79,0,0.0,4955.8,5247.272,231.58233502579608,0.0,100.0,0.0,999,754,0.0,105.36,1,0.0,0.0,2026-06-29 19:53:58.413448+00:00
2440,0.0,0.0,0,0.0,13942.115,13988.182,106.02080916499311,0.0,100.0,0.0,999,550,42.41,233.51,2,1.0,0.0,2026-06-29 19:53:58.413448+00:00
2944,0.0,15.02,0,0.0,15954.2725,15420.95,2134.8580877559857,0.0,100.0,0.0,999,639,395.77,395.77,2,0.0,1.0,2026-06-29 19:53:58.413448+00:00
3104,58.0,0.0,0,0.0,-4858.705,-4611.178461538461,303.97148990416207,0.0,100.0,0.0,999,677,0.0,167.85,1,1.0,0.0,2026-06-29 19:53:58.413448+00:00
3254,15.0,0.0,0,0.0,3670.09,2591.273846153846,4445.9641375979,0.0,100.0,0.0,999,779,156.39,400.44,3,0.0,0.0,2026-06-29 19:53:58.413448+00:00
3427,0.0,0.0,0,0.0,8393.615,8506.33,141.73040160812383,0.0,100.0,0.0,999,671,0.0,42.1,1,4.0,0.0,2026-06-29 19:53:58.413448+00:00
3634,0.0,0.0,0,0.0,15488.81,15717.01,271.8192900881027,0.0,100.0,0.0,999,795,323.52,566.24,2,0.0,0.0,2026-06-29 19:53:58.413448+00:00
3864,0.0,0.0,0,0.0,20763.883333333335,21156.8,354.8795415912273,0.0,100.0,0.0,999,667,0.0,172.9,3,0.0,1.0,2026-06-29 19:53:58.413448+00:00
4177,6.0,0.0,1,11957.02,5730.284,6327.048181818182,6073.040007250852,0.0,100.0,0.0,999,659,133.24,816.66,5,0.0,2.0,2026-06-29 19:53:58.413448+00:00
28,58.0,69.48,4,32886.89,-3407.4880952380954,-2054.7008333333333,2945.1640629856333,0.0,100.0,0.0,24,743,9421.39,10031.29,12,3.0,0.0,2026-06-29 19:53:58.413448+00:00
39,19.0,49.21,1,10134.48,-477.4683333333333,-305.195,351.74594096805157,0.0,100.0,0.0,66,646,0.0,284.79,2,0.0,0.0,2026-06-29 19:53:58.413448+00:00
101,1.0,0.0,1,9046.28,4473.15,7996.87,3043.2975765524475,0.0,100.0,0.0,105,823,0.0,9316.91,2,0.0,2.0,2026-06-29 19:53:58.413448+00:00
267,109.0,102.22,4,31094.61,-3489.4423529411765,-3362.92,6154.632289580833,0.0,100.0,0.0,32,670,547.44,7021.35,6,0.0,1.0,2026-06-29 19:53:58.413448+00:00
279,48.0,59.87,3,28663.66,-6240.118571428571,-2227.3103571428574,4481.033829320037,0.0,100.0,0.0,18,708,87.71,514.75,4,0.0,3.0,2026-06-29 19:53:58.413448+00:00
286,0.0,80.64,1,5353.98,19425.13125,18547.3815,5178.321113601665,0.0,100.0,0.0,77,774,440.32,728.11,6,1.0,2.0,2026-06-29 19:53:58.413448+00:00
347,0.0,60.56,1,7509.71,32439.98,27137.48739130435,6455.085444400587,0.0,100.0,0.0,130,797,0.0,174.04,1,1.0,0.0,2026-06-29 19:53:58.413448+00:00
368,48.0,25.16,1,11918.89,1283.02,11818.30794871795,19595.76433392531,0.0,100.0,0.0,96,675,0.0,712.32,6,2.0,2.0,2026-06-29 19:53:58.413448+00:00
407,21.0,0.0,1,7754.86,2255.927142857143,2250.110769230769,138.931382258766,0.0,100.0,0.0,17,763,111.88,346.91,3,0.0,0.0,2026-06-29 19:53:58.413448+00:00
450,117.0,80.0,4,37033.6,-7750.63125,-7105.9111111111115,2814.09536944331,0.0,100.0,0.0,137,704,540.84,9835.51,13,2.0,0.0,2026-06-29 19:53:58.413448+00:00
454,28.0,74.74,3,25995.88,8373.295,4856.285652173913,6844.8924124080995,0.0,100.0,0.0,46,683,223.63,381.47,2,2.0,1.0,2026-06-29 19:53:58.413448+00:00
491,70.0,66.49,2,17574.05,-8151.468181818182,-4021.9007142857145,4187.420897426796,0.0,100.0,0.0,3,813,208.79,11022.56,7,0.0,3.0,2026-06-29 19:53:58.413448+00:00
577,0.0,38.82,1,6696.34,11591.23125,12506.311333333333,3368.456081714325,0.0,100.0,0.0,83,717,392.45,833.62,5,3.0,2.0,2026-06-29 19:53:58.413448+00:00
589,75.0,53.01,6,50265.22,-12300.337777777779,-6682.713428571428,12752.128152481382,0.0,100.0,0.0,43,706,106.42,17349.05,6,4.0,2.0,2026-06-29 19:53:58.413448+00:00
711,62.0,27.42,6,47163.71,-2577.720714285714,3471.0141860465114,34806.019408632645,0.0,100.0,0.0,19,732,396.5,910.03,6,4.0,1.0,2026-06-29 19:53:58.413448+00:00
735,18.0,0.0,1,9300.39,4603.566666666667,3882.428,2766.9675755302956,0.0,100.0,0.0,35,746,0.0,103.38,1,1.0,0.0,2026-06-29 19:53:58.413448+00:00
742,55.0,184.33,1,7601.01,20828.136,18858.64612244898,18349.417499137675,0.0,100.0,0.0,49,770,346.22,1051.95,10,6.0,1.0,2026-06-29 19:53:58.413448+00:00
765,43.0,10.31,1,11416.77,4624.738571428571,4805.230476190476,18798.39703315215,0.0,100.0,0.0,4,695,0.0,402.29,2,0.0,0.0,2026-06-29 19:53:58.413448+00:00
799,20.0,70.58,2,18579.71,7868.3225,6153.264358974359,3334.5683346937035,0.0,100.0,0.0,27,850,310.99,561.48,5,2.0,1.0,2026-06-29 19:53:58.413448+00:00
861,63.0,125.33,2,19870.05,3733.7707142857143,814.329090909091,29258.538954792828,0.0,100.0,0.0,8,744,415.97,1133.7,10,2.0,0.0,2026-06-29 19:53:58.413448+00:00
1001,4.0,186.46,2,20008.93,4080.223125,6627.678125,4638.217018667732,0.0,100.0,0.0,99,658,235.75,11858.53,10,4.0,1.0,2026-06-29 19:53:58.413448+00:00
1098,61.0,0.0,4,32835.55,-6325.823333333334,-6743.469615384615,6910.719584981403,0.0,100.0,0.0,61,652,137.65,553.87,6,0.0,1.0,2026-06-29 19:53:58.413448+00:00
1133,0.0,75.56,2,15497.96,3240.3354545454545,4782.573333333334,2806.4468267239545,0.0,100.0,0.0,100,707,490.07,1353.78,7,4.0,1.0,2026-06-29 19:53:58.413448+00:00
1237,35.0,74.26,2,19217.56,9415.186,6125.625,8692.077627438919,0.0,100.0,0.0,143,782,0.0,1133.9,9,1.0,1.0,2026-06-29 19:53:58.413448+00:00
1276,110.0,66.81,4,35092.02,-12301.676666666666,-7039.63923076923,15565.785565347696,0.0,100.0,0.0,12,761,494.55,10876.5,14,2.0,1.0,2026-06-29 19:53:58.413448+00:00
1309,0.0,43.02,1,5618.35,19510.98375,20101.654210526314,1995.9255475364266,0.0,100.0,0.0,134,637,237.67,928.28,6,0.0,2.0,2026-06-29 19:53:58.413448+00:00
1344,0.0,127.0,2,11702.81,11463.172142857144,12821.281142857142,3399.1979481273197,0.0,100.0,0.0,61,711,107.79,1881.06,11,0.0,1.0,2026-06-29 19:53:58.413448+00:00
1402,49.0,0.0,4,37972.81,5292.895714285714,5831.478064516129,23077.641438961065,0.0,100.0,0.0,12,775,144.24,369.5,6,0.0,2.0,2026-06-29 19:53:58.413448+00:00
1562,50.0,39.4,3,28413.25,-11403.765555555556,-7037.469285714285,7541.902070884624,0.0,100.0,0.0,123,719,181.8,528.73,6,3.0,1.0,2026-06-29 19:53:58.413448+00:00
1568,45.0,62.52,2,13938.66,-9183.32,-6152.763448275862,7367.767965238991,0.0,100.0,0.0,25,630,165.53,941.75,5,0.0,2.0,2026-06-29 19:53:58.413448+00:00
1709,60.0,38.39,4,35984.81,817.0,1431.0054545454545,4551.847188635447,0.0,100.0,0.0,126,710,138.41,936.42,6,0.0,2.0,2026-06-29 19:53:58.413448+00:00
1717,45.0,48.12,2,18721.21,-1549.215,1494.313829787234,11297.173270907437,0.0,100.0,0.0,39,647,610.82,1591.93,9,2.0,0.0,2026-06-29 19:53:58.413448+00:00
1751,28.0,61.78,1,10744.84,5587.408,3170.5325,8889.460479971141,0.0,100.0,0.0,28,709,39.98,222.29,3,1.0,0.0,2026-06-29 19:53:58.413448+00:00
1835,95.0,63.38,2,17635.27,-6250.111818181818,-3837.260243902439,6404.570275231678,0.0,100.0,0.0,106,646,26.8,359.71,4,2.0,0.0,2026-06-29 19:53:58.413448+00:00
1888,0.0,0.0,1,11317.38,10736.973333333333,4404.141764705882,3535.886849186471,0.0,100.0,0.0,109,638,0.0,175.82,1,2.0,0.0,2026-06-29 19:53:58.413448+00:00
2006,0.0,60.65,1,6833.53,10850.2275,10435.32875,2881.7884456355287,0.0,100.0,0.0,73,593,0.0,103.81,2,1.0,1.0,2026-06-29 19:53:58.413448+00:00
129,7.0,76.83,0,0.0,-155.2975,873.6353846153846,2132.9329332080074,0.0,100.0,0.0,72,752,0.0,198.73,2,0.0,0.0,2026-06-29 19:53:58.413448+00:00
600,0.0,0.0,0,0.0,11471.42,11707.4875,185.6968001710046,0.0,100.0,0.0,38,670,0.0,48.29,1,0.0,0.0,2026-06-29 19:53:58.413448+00:00
1064,18.0,46.3,0,0.0,10893.475,16392.9764,9138.881587531867,0.0,100.0,0.0,10,684,30.11,124.83,1,1.0,1.0,2026-06-29 19:53:58.413448+00:00
1143,0.0,201.48,0,0.0,10336.6395,9858.18576923077,6174.330844331317,0.0,100.0,0.0,55,745,20.2,1404.93,9,4.0,1.0,2026-06-29 19:53:58.413448+00:00
1188,0.0,0.0,0,0.0,5921.016666666666,6012.558333333333,105.59723977084936,0.0,100.0,0.0,89,699,0.0,249.3,2,0.0,1.0,2026-06-29 19:53:58.413448+00:00
1965,0.0,65.27,0,0.0,26016.202857142856,26072.27611111111,137.0477668349972,0.0,100.0,0.0,129,829,0.0,529.99,4,1.0,1.0,2026-06-29 19:53:58.413448+00:00
2215,76.0,14.58,2,16100.01,-9834.196,-8861.63074074074,8067.764765441736,0.0,100.0,0.0,48,733,0.0,294.44,3,0.0,1.0,2026-06-29 19:53:58.413448+00:00
2294,5.0,53.58,1,9918.89,-1288.2733333333333,4318.077941176471,6297.837579880228,0.0,100.0,0.0,131,850,178.08,10732.87,7,2.0,1.0,2026-06-29 19:53:58.413448+00:00
2316,0.0,0.0,1,11073.79,8788.465,10708.651176470588,4776.6731325643095,0.0,100.0,0.0,25,789,27.59,1013.33,6,0.0,1.0,2026-06-29 19:53:58.413448+00:00
2397,36.0,14.53,1,7964.26,883.51,211.67608695652174,1916.1309654874392,0.0,100.0,0.0,76,826,244.76,264.57,3,0.0,0.0,2026-06-29 19:53:58.413448+00:00
2419,0.0,50.93,2,17894.82,4082.19,3496.083846153846,951.1654171188936,0.0,100.0,0.0,66,629,239.29,356.44,3,1.0,1.0,2026-06-29 19:53:58.413448+00:00
2451,60.0,14.97,1,5740.57,-24480.314,-9412.205,17999.765676743544,0.0,100.0,0.0,66,685,0.0,532.72,4,2.0,2.0,2026-06-29 19:53:58.413448+00:00
2457,58.0,100.66,1,10205.24,22325.054117647058,18223.803529411765,21616.485061506522,0.0,100.0,0.0,100,689,0.0,616.15,5,1.0,0.0,2026-06-29 19:53:58.413448+00:00
2580,37.0,91.69,5,50871.35,-18252.746,-23176.9425,25062.934802545446,0.0,100.0,0.0,9,738,0.0,196.63,2,1.0,2.0,2026-06-29 19:53:58.413448+00:00
2585,8.0,80.88,2,17081.1,2924.845,5585.117142857142,6166.970858909539,0.0,100.0,0.0,17,601,162.42,254.48,4,2.0,1.0,2026-06-29 19:53:58.413448+00:00
2748,19.0,71.55,2,21634.19,11334.038,7569.683076923077,5603.930358870233,0.0,100.0,0.0,91,633,0.0,56.05,1,1.0,1.0,2026-06-29 19:53:58.413448+00:00
2776,5.0,12.05,2,12102.61,3976.8430769230768,5428.637096774193,6491.507812099078,0.0,100.0,0.0,22,608,67.89,5985.27,4,7.0,1.0,2026-06-29 19:53:58.413448+00:00
2810,68.0,156.29,5,40385.32,-6104.609090909091,-6449.273055555555,9438.271814113048,0.0,100.0,0.0,69,724,0.0,11902.62,2,2.0,1.0,2026-06-29 19:53:58.413448+00:00
3135,4.0,33.73,4,29857.23,11031.302727272727,6613.26,7744.62387171278,0.0,100.0,0.0,34,632,108.38,394.25,3,1.0,1.0,2026-06-29 19:53:58.413448+00:00
3266,46.0,56.52,3,24092.59,-76.25625,-563.9348275862069,3005.6609816358896,0.0,100.0,0.0,54,765,166.84,542.42,4,0.0,3.0,2026-06-29 19:53:58.413448+00:00
3291,15.0,65.84,1,8427.42,15355.281428571428,13846.468888888889,13343.369168130412,0.0,100.0,0.0,80,578,203.76,1048.39,7,2.0,0.0,2026-06-29 19:53:58.413448+00:00
3344,57.0,66.58,2,14842.16,1862.696,3825.4595833333333,7742.597320140947,0.0,100.0,0.0,127,703,0.0,585.9,3,2.0,1.0,2026-06-29 19:53:58.413448+00:00
3356,10.0,0.0,1,6290.45,41.05,1162.7045454545455,4935.731759898298,0.0,100.0,0.0,72,627,401.15,7009.37,7,1.0,0.0,2026-06-29 19:53:58.413448+00:00
3397,23.0,70.78,1,8004.64,10174.892857142857,6086.651379310345,6380.549557286136,0.0,100.0,0.0,70,645,86.9,885.83,6,2.0,1.0,2026-06-29 19:53:58.413448+00:00
3605,0.0,94.66,1,6356.49,13523.92375,11899.796666666667,4321.789326992189,0.0,100.0,0.0,61,756,357.86,408.57,3,1.0,2.0,2026-06-29 19:53:58.413448+00:00
3618,69.0,14.32,2,18953.93,2771.762,1186.2541176470588,9059.866547076881,0.0,100.0,0.0,50,769,201.85,667.45,4,1.0,1.0,2026-06-29 19:53:58.413448+00:00
3651,65.0,76.92,1,7499.57,2128.681818181818,2302.6675675675674,8101.214092279177,0.0,100.0,0.0,65,656,197.96,543.2,6,1.0,0.0,2026-06-29 19:53:58.413448+00:00
3653,46.0,93.24,2,16044.51,2882.05,1537.4107142857142,5018.907527255174,0.0,100.0,0.0,63,758,0.0,758.21,6,1.0,0.0,2026-06-29 19:53:58.413448+00:00
3808,38.0,119.8,3,30423.28,1142.3557142857144,-5194.0025,12599.046367783556,0.0,100.0,0.0,89,850,349.27,872.19,6,1.0,0.0,2026-06-29 19:53:58.413448+00:00
3875,32.0,74.35,3,24529.26,4781.793846153846,4611.176896551724,15799.970471077842,0.0,100.0,0.0,114,670,266.3,900.1,7,1.0,2.0,2026-06-29 19:53:58.413448+00:00
3964,35.0,0.0,2,19255.66,-9669.28,-5103.022307692308,12598.531949692304,0.0,100.0,0.0,69,770,159.3,798.26,3,0.0,0.0,2026-06-29 19:53:58.413448+00:00
4059,40.0,94.27,2,11222.57,2387.6475,4456.071724137931,11074.709629659968,0.0,100.0,0.0,10,662,573.13,687.45,8,2.0,2.0,2026-06-29 19:53:58.413448+00:00
2117,0.0,12.85,0,0.0,25218.34,25160.840909090908,120.10522405219518,0.0,100.0,0.0,22,699,196.34,196.34,1,0.0,0.0,2026-06-29 19:53:58.413448+00:00
2349,65.0,58.57,0,0.0,-1011.68625,-1813.5218181818182,9579.303785841754,0.0,100.0,0.0,77,685,229.87,502.97,3,4.0,1.0,2026-06-29 19:53:58.413448+00:00
2484,0.0,13.82,0,0.0,20637.013333333332,20282.402352941175,337.0696454920126,0.0,100.0,0.0,97,811,23.88,170.7,2,1.0,0.0,2026-06-29 19:53:58.413448+00:00
2596,0.0,20.64,0,0.0,6785.49875,6994.837777777778,465.50349639154143,0.0,100.0,0.0,30,720,146.35,373.84,3,0.0,1.0,2026-06-29 19:53:58.413448+00:00
2746,54.0,116.03,0,0.0,8853.3275,6942.866875,6681.120465760888,0.0,100.0,0.0,140,588,381.17,506.32,5,1.0,0.0,2026-06-29 19:53:58.413448+00:00
2894,0.0,57.51,0,0.0,14661.766666666666,15578.972727272727,4139.662209673834,0.0,100.0,0.0,51,727,81.03,313.23,2,0.0,0.0,2026-06-29 19:53:58.413448+00:00
3081,0.0,30.1,0,0.0,24076.348,19394.524285714284,4041.870724742635,0.0,100.0,0.0,139,734,0.0,401.03,4,1.0,0.0,2026-06-29 19:53:58.413448+00:00
3325,37.0,40.21,0,0.0,7675.7716666666665,11022.11962962963,12657.625405909654,0.0,100.0,0.0,45,756,246.43,1020.01,7,2.0,2.0,2026-06-29 19:53:58.413448+00:00
3331,0.0,63.48,0,0.0,28570.816,24695.875185185185,7266.721794329305,0.0,100.0,0.0,59,664,0.0,306.95,2,1.0,0.0,2026-06-29 19:53:58.413448+00:00
3526,65.0,37.53,0,0.0,1576.5453846153846,3313.1634375,8932.16222968265,0.0,100.0,0.0,11,584,501.86,1218.35,8,1.0,2.0,2026-06-29 19:53:58.413448+00:00
3534,0.0,112.43,0,0.0,24911.474545454545,24471.20088235294,10790.812227123473,0.0,100.0,0.0,18,688,0.0,811.62,5,1.0,1.0,2026-06-29 19:53:58.413448+00:00
4108,0.0,67.14,3,26054.85,10559.562777777777,10249.96619047619,1507.2343426124032,0.0,100.0,0.0,93,769,271.06,1045.45,10,2.0,2.0,2026-06-29 19:53:58.413448+00:00
4266,14.0,84.16,4,37561.78,9927.663636363637,9469.145277777778,9362.28403324551,0.0,100.0,0.0,5,765,83.75,535.94,6,0.0,0.0,2026-06-29 19:53:58.413448+00:00
4293,0.0,29.45,2,19152.4,15744.6575,13955.702592592592,7076.361908758451,0.0,100.0,0.0,67,776,0.0,449.16,1,1.0,0.0,2026-06-29 19:53:58.413448+00:00
4542,25.0,53.2,2,20675.63,-5595.22,-2902.8786363636364,7182.356346170905,0.0,100.0,0.0,12,782,0.0,859.42,5,1.0,0.0,2026-06-29 19:53:58.413448+00:00
4803,78.0,41.66,3,29732.33,-9620.798571428571,-7053.122777777778,10489.668120053393,0.0,100.0,0.0,8,682,82.75,12264.39,5,1.0,1.0,2026-06-29 19:53:58.413448+00:00
4812,25.0,110.57,2,19485.05,-1344.66625,-2020.3544444444444,8069.438354150772,0.0,100.0,0.0,76,737,124.27,227.71,3,1.0,3.0,2026-06-29 19:53:58.413448+00:00
4611,0.0,0.0,0,0.0,2927.205,2780.516666666667,175.70830123310122,0.0,100.0,0.0,126,806,121.15,121.15,1,0.0,0.0,2026-06-29 19:53:58.413448+00:00
4653,0.0,81.7,0,0.0,4589.516,5592.2775,2994.4784398528823,0.0,100.0,0.0,15,811,0.0,181.48,2,1.0,0.0,2026-06-29 19:53:58.413448+00:00
4835,0.0,0.0,0,0.0,10662.5625,10707.505,101.15060236268091,0.0,100.0,0.0,43,702,72.78,243.9,2,0.0,0.0,2026-06-29 19:53:58.413448+00:00
34,46.0,86.49,1,11247.29,2851.445714285714,3063.928620689655,6984.402657336552,0.0,100.0,0.0,112,684,0.0,636.47,6,2.0,0.0,2026-06-29 19:53:58.413448+00:00
47,24.0,186.5,2,16306.01,3258.0623076923075,5805.163636363636,8497.762816787128,0.0,100.0,0.0,140,717,326.37,10751.73,7,0.0,1.0,2026-06-29 19:53:58.413448+00:00
158,97.0,59.01,2,19947.26,280.03,2809.6304,6311.760374914102,0.0,100.0,0.0,89,639,0.0,161.73,1,2.0,1.0,2026-06-29 19:53:58.413448+00:00
208,38.0,14.37,1,7263.91,-766.032,-1995.63,7291.908623764699,0.0,100.0,0.0,18,700,0.0,66.13,1,0.0,2.0,2026-06-29 19:53:58.413448+00:00
285,43.0,132.65,2,16444.37,-900.0827272727273,1436.6321739130435,6997.004196825643,0.0,100.0,0.0,95,758,870.22,962.9,7,2.0,1.0,2026-06-29 19:53:58.413448+00:00
324,17.0,34.45,1,10249.53,-2645.5275,-2150.0293103448275,7334.813450539516,0.0,100.0,0.0,14,749,572.98,1148.78,9,2.0,0.0,2026-06-29 19:53:58.413448+00:00
441,4.0,15.36,2,20415.78,41.41,3945.661052631579,6086.358480248566,0.0,100.0,0.0,34,636,108.99,267.53,3,0.0,0.0,2026-06-29 19:53:58.413448+00:00
453,32.0,31.96,2,20311.13,-5176.546666666667,1380.4072727272728,22458.974314270727,0.0,100.0,0.0,86,733,0.0,9788.11,3,1.0,1.0,2026-06-29 19:53:58.413448+00:00
497,18.0,10.34,5,43800.4,15287.0,-3956.326153846154,19399.440021205028,0.0,100.0,0.0,41,649,0.0,36.14,1,0.0,0.0,2026-06-29 19:53:58.413448+00:00
637,23.0,122.76,4,33331.87,1049.64375,1129.398,4089.1730821926985,0.0,100.0,0.0,76,721,53.36,9914.97,5,1.0,2.0,2026-06-29 19:53:58.413448+00:00
916,0.0,73.72,1,10715.03,15154.52875,14795.364545454546,6400.534490102383,0.0,100.0,0.0,8,735,47.45,11584.37,6,1.0,1.0,2026-06-29 19:53:58.413448+00:00
1025,0.0,76.11,1,9444.81,13917.270833333334,11032.5875,4231.25542434512,0.0,100.0,0.0,97,728,296.94,823.16,6,1.0,4.0,2026-06-29 19:53:58.413448+00:00
1332,11.0,132.24,3,29805.95,1358.5129411764706,2467.393043478261,5199.705712296488,0.0,100.0,0.0,24,731,7175.6,8012.99,8,3.0,2.0,2026-06-29 19:53:58.413448+00:00
1401,29.0,13.41,1,10741.93,3123.068,689.5469230769231,5840.854173875842,0.0,100.0,0.0,118,765,30.62,120.63,2,0.0,0.0,2026-06-29 19:53:58.413448+00:00
1414,64.0,53.14,1,6067.0,-410.0683333333333,42.51862068965517,7088.37478391628,0.0,100.0,0.0,57,704,120.02,445.98,4,0.0,0.0,2026-06-29 19:53:58.413448+00:00
1499,9.0,41.83,1,5429.34,7068.854444444444,5795.3994736842105,3271.9538423136414,0.0,100.0,0.0,95,708,0.0,274.18,3,3.0,0.0,2026-06-29 19:53:58.413448+00:00
1708,27.0,11.34,2,15728.86,-6067.9375,-1483.4973333333332,10442.908844412057,0.0,100.0,0.0,45,723,54.81,198.75,3,0.0,0.0,2026-06-29 19:53:58.413448+00:00
1714,44.0,76.68,3,20245.15,4631.345714285714,7556.226756756757,11944.393878629813,0.0,100.0,0.0,26,786,345.98,1003.76,7,4.0,2.0,2026-06-29 19:53:58.413448+00:00
1750,63.0,50.8,6,39765.11,-27122.385714285716,-12031.38956521739,22472.806433731814,0.0,100.0,0.0,18,701,0.0,412.21,4,0.0,1.0,2026-06-29 19:53:58.413448+00:00
1762,60.0,21.06,2,23349.91,-12041.285,-15149.197692307693,7743.880774414659,0.0,100.0,0.0,48,756,0.0,343.32,2,1.0,0.0,2026-06-29 19:53:58.413448+00:00
1781,32.0,34.0,3,25793.58,10940.68857142857,7426.536071428572,13167.758752242795,0.0,100.0,0.0,94,663,72.96,581.06,4,3.0,2.0,2026-06-29 19:53:58.413448+00:00
1815,0.0,70.2,1,11378.01,14644.9175,17895.882857142857,5330.74152852411,0.0,100.0,0.0,43,688,0.0,619.85,2,0.0,0.0,2026-06-29 19:53:58.413448+00:00
2041,109.0,96.01,2,12225.3,-6431.382,-6914.209285714286,1292.881882918181,0.0,100.0,0.0,56,632,379.24,487.85,4,1.0,1.0,2026-06-29 19:53:58.413448+00:00
18,0.0,0.0,0,0.0,15125.296666666667,15170.448181818181,185.77250556609698,0.0,100.0,0.0,139,617,38.55,67.97,2,0.0,0.0,2026-06-29 19:53:58.413448+00:00
426,43.0,88.42,0,0.0,9992.3475,9657.177837837839,8324.18137941454,0.0,100.0,0.0,16,691,61.27,524.57,4,2.0,1.0,2026-06-29 19:53:58.413448+00:00
487,0.0,74.18,0,0.0,30962.743333333332,18406.652307692308,8771.09944854749,0.0,100.0,0.0,117,828,43.13,43.13,1,0.0,0.0,2026-06-29 19:53:58.413448+00:00
554,0.0,0.0,0,0.0,12305.52,11651.187777777777,1072.942859997679,0.0,100.0,0.0,23,793,0.0,48.59,1,0.0,0.0,2026-06-29 19:53:58.413448+00:00
768,0.0,0.0,0,0.0,12550.02,12154.056363636364,1661.9175926527148,0.0,100.0,0.0,102,628,0.0,239.04,2,0.0,0.0,2026-06-29 19:53:58.413448+00:00
1368,0.0,0.0,0,0.0,8257.818333333333,7631.057142857143,2328.790284324302,0.0,100.0,0.0,53,800,233.64,513.51,4,1.0,0.0,2026-06-29 19:53:58.413448+00:00
1779,0.0,0.0,0,0.0,16698.126666666667,16654.159,98.06416475451233,0.0,100.0,0.0,119,650,0.0,460.73,3,0.0,0.0,2026-06-29 19:53:58.413448+00:00
1800,61.0,107.91,0,0.0,609.1175,-608.6542105263158,5830.620647465873,0.0,100.0,0.0,10,709,336.4,1497.33,10,3.0,1.0,2026-06-29 19:53:58.413448+00:00
2259,0.0,25.99,1,10337.05,16254.002857142857,17873.496,10351.903945319742,0.0,100.0,0.0,111,644,61.09,404.82,5,1.0,1.0,2026-06-29 19:53:58.413448+00:00
2285,67.0,0.0,3,20744.79,-3551.96875,-184.05318181818183,15203.143621751642,0.0,100.0,0.0,104,712,73.45,73.45,1,2.0,0.0,2026-06-29 19:53:58.413448+00:00
2487,8.0,15.38,1,6619.08,-510.265,-531.384,90.98432954208225,0.0,100.0,0.0,69,597,0.0,202.23,2,0.0,0.0,2026-06-29 19:53:58.413448+00:00
2606,17.0,10.14,2,21069.86,-4792.746,362.31823529411764,17128.30787122049,0.0,100.0,0.0,73,695,0.0,418.02,2,1.0,1.0,2026-06-29 19:53:58.413448+00:00
2653,61.0,116.24,3,24793.38,-1883.0175,-8885.622727272726,13463.409260014945,0.0,100.0,0.0,121,653,0.0,162.75,1,2.0,0.0,2026-06-29 19:53:58.413448+00:00
2762,51.0,26.86,1,8593.0,3022.1075,-421.64,14598.568983518162,0.0,100.0,0.0,97,666,0.0,97.27,2,0.0,2.0,2026-06-29 19:53:58.413448+00:00
3052,51.0,38.87,2,19517.66,571.656,3990.533103448276,15065.78024826921,0.0,100.0,0.0,80,637,92.22,629.44,7,1.0,0.0,2026-06-29 19:53:58.413448+00:00
3103,40.0,68.95,2,19892.56,2819.648,865.0122222222222,3207.793208499429,0.0,100.0,0.0,132,727,0.0,146.74,2,0.0,0.0,2026-06-29 19:53:58.413448+00:00
3223,28.0,26.14,2,16166.1,3333.2385714285715,1791.2657894736842,14749.771850387891,0.0,100.0,0.0,112,712,570.71,721.74,4,0.0,0.0,2026-06-29 19:53:58.413448+00:00
3354,65.0,67.43,1,8636.09,-726.7988888888889,689.3540740740741,10093.343675945185,0.0,100.0,0.0,111,697,0.0,8972.09,2,2.0,0.0,2026-06-29 19:53:58.413448+00:00
3660,27.0,87.1,2,16888.0,583.588,4966.009259259259,11073.769826784683,0.0,100.0,0.0,70,723,0.0,291.03,3,0.0,1.0,2026-06-29 19:53:58.413448+00:00
3698,70.0,66.1,3,28571.5,-1912.3428571428572,-2611.569,11665.473663541015,0.0,100.0,0.0,64,787,302.55,1117.02,8,0.0,1.0,2026-06-29 19:53:58.413448+00:00
3711,13.0,116.57,6,53274.92,10466.788,13307.418648648649,21107.307681055656,0.0,100.0,0.0,1,649,0.0,974.75,6,3.0,1.0,2026-06-29 19:53:58.413448+00:00
3798,0.0,83.67,1,6293.78,10137.612,10942.419047619047,4366.819858782951,0.0,100.0,0.0,99,725,33.14,482.82,3,3.0,0.0,2026-06-29 19:53:58.413448+00:00
3874,0.0,95.8,1,10729.17,10546.811666666666,12680.117333333334,3534.978321347733,0.0,100.0,0.0,13,756,10811.75,10811.75,2,2.0,1.0,2026-06-29 19:53:58.413448+00:00
4000,55.0,88.07,1,11104.68,-3086.056923076923,-3142.3370588235293,11926.145301192752,0.0,100.0,0.0,23,788,291.04,992.19,8,2.0,3.0,2026-06-29 19:53:58.413448+00:00
4066,10.0,15.47,2,14992.2,84.73583333333333,1682.2521212121212,4178.803736236772,0.0,100.0,0.0,55,742,128.58,754.47,5,0.0,0.0,2026-06-29 19:53:58.413448+00:00
2971,0.0,47.65,0,0.0,7835.189090909091,8854.151071428572,5128.89501358167,0.0,100.0,0.0,27,807,343.63,683.01,4,0.0,0.0,2026-06-29 19:53:58.413448+00:00
3867,7.0,25.5,0,0.0,19540.124285714286,14718.2968,10532.294880429661,0.0,100.0,0.0,51,644,225.58,545.24,4,2.0,3.0,2026-06-29 19:53:58.413448+00:00
3998,0.0,77.68,0,0.0,18431.83,16007.3325,3129.747933370261,0.0,100.0,0.0,139,734,0.0,329.01,2,0.0,0.0,2026-06-29 19:53:58.413448+00:00
4471,54.0,131.56,4,31956.18,-5679.873,-5801.903823529412,16127.62626933102,0.0,100.0,0.0,59,667,0.0,493.18,3,2.0,1.0,2026-06-29 19:53:58.413448+00:00
4519,0.0,124.11,1,5407.0,6598.945,4509.798125,5433.154888549123,0.0,100.0,0.0,17,708,113.88,174.29,3,0.0,0.0,2026-06-29 19:53:58.413448+00:00
4533,10.0,73.56,3,26993.51,4785.248571428571,4844.589285714285,4045.5152411030826,0.0,100.0,0.0,114,585,142.47,443.28,3,0.0,1.0,2026-06-29 19:53:58.413448+00:00
4627,31.0,0.0,2,19727.96,-7957.87,-1136.9771428571428,7240.847830404822,0.0,100.0,0.0,2,726,0.0,195.35,1,0.0,0.0,2026-06-29 19:53:58.413448+00:00
4634,52.0,83.34,4,36922.47,3008.713888888889,1875.226304347826,6045.764522588463,0.0,100.0,0.0,68,793,235.17,9364.3,11,3.0,2.0,2026-06-29 19:53:58.413448+00:00
4731,27.0,72.55,1,11795.25,-1295.60375,-2343.7327777777778,3491.4544631902577,0.0,100.0,0.0,19,668,65.07,466.72,4,0.0,2.0,2026-06-29 19:53:58.413448+00:00
4798,64.0,51.62,4,38826.14,2395.5616666666665,-1130.118846153846,3867.6126859952547,0.0,100.0,0.0,80,713,0.0,475.35,3,2.0,3.0,2026-06-29 19:53:58.413448+00:00
4229,0.0,0.0,0,0.0,14864.233333333334,14787.384166666667,195.39152832447058,0.0,100.0,0.0,16,760,0.0,157.54,1,0.0,0.0,2026-06-29 19:53:58.413448+00:00
4496,33.0,13.69,0,0.0,7284.964,7585.674117647059,292.53839780262615,0.0,100.0,0.0,43,666,0.0,345.53,2,0.0,0.0,2026-06-29 19:53:58.413448+00:00
4626,0.0,28.59,0,0.0,16971.855,16710.59076923077,302.31204328440657,0.0,100.0,0.0,68,672,0.0,62.15,2,0.0,1.0,2026-06-29 19:53:58.413448+00:00
4712,0.0,0.0,0,0.0,14548.826666666666,14491.54625,102.88742184269897,0.0,100.0,0.0,31,681,0.0,141.37,1,0.0,0.0,2026-06-29 19:53:58.413448+00:00
4894,0.0,0.0,0,0.0,6972.53,6197.757272727273,2065.3134651849596,0.0,100.0,0.0,102,802,0.0,106.92,1,0.0,1.0,2026-06-29 19:53:58.413448+00:00
88,53.0,14.87,3,25336.2,-27989.255,-9309.3,18624.466131436267,0.0,100.0,0.0,999,635,70.55,177.39,4,1.0,1.0,2026-06-29 19:53:58.413448+00:00
103,0.0,37.95,1,8166.12,2104.1725,3696.7191666666668,3265.7663350926236,0.0,100.0,0.0,999,716,0.0,165.14,2,0.0,0.0,2026-06-29 19:53:58.413448+00:00
191,0.0,0.0,1,7244.47,2433.89,2496.8633333333332,50.82932836682198,0.0,100.0,0.0,999,850,0.0,64.44,1,0.0,1.0,2026-06-29 19:53:58.413448+00:00
212,21.0,0.0,1,6467.63,-7618.958571428571,-7359.431666666666,350.0343205514121,0.0,100.0,0.0,999,781,87.96,392.1,4,0.0,0.0,2026-06-29 19:53:58.413448+00:00
344,15.0,0.0,2,17924.72,-4275.8875,-4233.648,100.29934330127323,0.0,100.0,0.0,999,685,0.0,297.1,1,0.0,0.0,2026-06-29 19:53:58.413448+00:00
365,29.0,39.21,1,8632.95,-11422.576666666666,-11282.046666666667,143.49280837573525,0.0,100.0,0.0,999,814,0.0,251.16,1,2.0,0.0,2026-06-29 19:53:58.413448+00:00
525,49.0,17.36,2,18288.0,-2891.568888888889,-5298.2420833333335,16768.326029456864,0.0,100.0,0.0,999,699,133.25,963.48,8,0.0,0.0,2026-06-29 19:53:58.413448+00:00
604,20.0,45.76,2,17183.23,-1022.4016666666666,-871.0738461538461,215.54603390311067,0.0,100.0,0.0,999,650,135.78,433.63,4,0.0,1.0,2026-06-29 19:53:58.413448+00:00
668,29.0,22.69,1,8298.82,10045.071666666667,14582.87705882353,10434.255612987365,0.0,100.0,0.0,999,762,100.03,353.99,2,0.0,1.0,2026-06-29 19:53:58.413448+00:00
849,14.0,44.5,2,18076.16,13688.58,13435.27,6238.202032640494,0.0,100.0,0.0,999,753,0.0,260.69,1,0.0,0.0,2026-06-29 19:53:58.413448+00:00
1209,0.0,0.0,2,17088.41,5002.2325,7684.003333333333,4681.802964821295,0.0,100.0,0.0,999,757,0.0,284.43,2,0.0,0.0,2026-06-29 19:53:58.413448+00:00
1858,0.0,0.0,1,6939.23,32649.043333333335,25299.993076923078,8900.99100564684,0.0,100.0,0.0,999,816,0.0,995.26,5,0.0,0.0,2026-06-29 19:53:58.413448+00:00
60,0.0,0.0,0,0.0,9790.44,9714.659,106.22923434252925,0.0,100.0,0.0,999,723,0.0,233.42,2,0.0,0.0,2026-06-29 19:53:58.413448+00:00
63,0.0,75.51,0,0.0,13419.0525,7510.327272727272,5387.759557453259,0.0,100.0,0.0,999,719,0.0,201.99,3,0.0,1.0,2026-06-29 19:53:58.413448+00:00
546,0.0,61.32,0,0.0,242.59333333333333,319.824,133.07293452840065,0.0,100.0,0.0,999,731,0.0,340.48,3,0.0,2.0,2026-06-29 19:53:58.413448+00:00
575,7.0,81.02,0,0.0,6508.8475,5719.338333333333,4450.820103217865,0.0,100.0,0.0,999,650,0.0,169.61,2,3.0,0.0,2026-06-29 19:53:58.413448+00:00
905,0.0,33.03,0,0.0,19683.294,19848.30769230769,169.16274836126345,0.0,100.0,0.0,999,695,81.36,361.14,4,0.0,1.0,2026-06-29 19:53:58.413448+00:00
1549,0.0,105.87,0,0.0,6538.71,6561.176666666666,37.51947879287342,0.0,100.0,0.0,999,597,0.0,48.88,1,2.0,0.0,2026-06-29 19:53:58.413448+00:00
1684,0.0,31.97,0,0.0,5527.87,5658.4766666666665,130.89211470734975,0.0,100.0,0.0,999,765,0.0,107.21,1,2.0,0.0,2026-06-29 19:53:58.413448+00:00
2402,26.0,11.74,1,5580.77,-4300.665,-4204.581,170.02256135289804,0.0,100.0,0.0,999,843,0.0,50.0,1,2.0,2.0,2026-06-29 19:53:58.413448+00:00
2431,0.0,0.0,1,10387.38,10686.7425,10937.652666666667,232.318698545231,0.0,100.0,0.0,999,700,298.67,324.06,3,1.0,2.0,2026-06-29 19:53:58.413448+00:00
2477,35.0,33.48,2,20200.64,-10298.32,-1695.7713333333334,3377.6429728532426,0.0,100.0,0.0,999,729,0.0,9964.23,2,0.0,1.0,2026-06-29 19:53:58.413448+00:00
2569,51.0,13.64,3,28186.15,-26773.625,-26466.988333333335,316.33102705955895,0.0,100.0,0.0,999,644,0.0,294.25,2,1.0,1.0,2026-06-29 19:53:58.413448+00:00
2594,46.0,25.09,1,10987.26,-13484.2975,-13366.317777777778,183.10099258046225,0.0,100.0,0.0,999,714,170.68,170.68,1,0.0,0.0,2026-06-29 19:53:58.413448+00:00
2595,14.0,0.0,2,14694.06,-4089.364285714286,-2437.8676470588234,3254.7783690382316,0.0,100.0,0.0,999,618,194.86,612.42,4,3.0,1.0,2026-06-29 19:53:58.413448+00:00
2631,9.0,49.6,3,18157.67,-859.7542857142857,681.9356666666666,2569.584124483549,0.0,100.0,0.0,999,734,66.36,325.74,4,2.0,1.0,2026-06-29 19:53:58.413448+00:00
2796,21.0,69.72,1,11378.23,-7455.665,-7394.764444444444,57.83771512912682,0.0,100.0,0.0,999,750,0.0,74.01,1,0.0,0.0,2026-06-29 19:53:58.413448+00:00
2835,4.0,47.26,1,10983.16,211.53875,378.34043478260867,319.396059493789,0.0,100.0,0.0,999,805,214.49,593.97,5,0.0,0.0,2026-06-29 19:53:58.413448+00:00
3544,46.0,18.38,1,7607.77,-5622.2225,-5275.027,363.1372817695808,0.0,100.0,0.0,999,600,256.5,1198.16,6,0.0,1.0,2026-06-29 19:53:58.413448+00:00
3731,16.0,41.83,1,11889.22,-2254.202,-1270.998125,4088.549495168961,0.0,100.0,0.0,999,832,118.9,308.39,1,1.0,1.0,2026-06-29 19:53:58.413448+00:00
3840,19.0,66.42,2,14760.77,-1862.413,3785.8345454545456,10552.634676479754,0.0,100.0,0.0,999,783,8802.22,15413.63,5,1.0,0.0,2026-06-29 19:53:58.413448+00:00
3860,32.0,70.0,1,6079.24,7405.0825,-2759.08,11294.226252449567,0.0,100.0,0.0,999,779,0.0,273.57,2,1.0,0.0,2026-06-29 19:53:58.413448+00:00
3881,69.0,59.02,3,26135.13,-5532.575714285715,-13425.97391304348,17962.175702705226,0.0,100.0,0.0,999,791,80.58,538.71,4,1.0,1.0,2026-06-29 19:53:58.413448+00:00
4046,0.0,0.0,1,7677.57,2740.995,6283.283333333334,3890.527938927797,0.0,100.0,0.0,999,748,126.85,8250.21,4,0.0,0.0,2026-06-29 19:53:58.413448+00:00
2378,12.0,93.88,0,0.0,7800.576666666667,4571.95,5668.446193390067,0.0,100.0,0.0,999,761,101.93,101.93,1,1.0,0.0,2026-06-29 19:53:58.413448+00:00
2473,0.0,0.0,0,0.0,13255.096,13174.88076923077,450.1406049987478,0.0,100.0,0.0,999,707,180.36,240.19,4,1.0,1.0,2026-06-29 19:53:58.413448+00:00
2550,26.0,0.0,0,0.0,-3186.28,-2699.5042857142857,414.08244623701773,0.0,100.0,0.0,999,669,111.08,295.48,1,0.0,0.0,2026-06-29 19:53:58.413448+00:00
2744,5.0,59.8,0,0.0,5068.615,4606.426315789474,3614.915534752048,0.0,100.0,0.0,999,735,0.0,834.79,4,1.0,3.0,2026-06-29 19:53:58.413448+00:00
2793,0.0,41.03,0,0.0,6405.236666666667,6536.792631578947,1279.5471671561334,0.0,100.0,0.0,999,850,0.0,578.76,4,1.0,0.0,2026-06-29 19:53:58.413448+00:00
3458,0.0,21.95,0,0.0,3406.415,3629.7533333333336,234.35604925459506,0.0,100.0,0.0,999,724,0.0,213.26,1,0.0,0.0,2026-06-29 19:53:58.413448+00:00
4024,29.0,0.0,0,0.0,-2190.39,-1983.815,210.68184059935814,0.0,100.0,0.0,999,729,360.52,360.52,1,0.0,1.0,2026-06-29 19:53:58.413448+00:00
4134,0.0,22.92,2,16581.71,5149.728,4403.7927272727275,2532.7816537054887,0.0,100.0,0.0,999,629,0.0,312.85,2,0.0,0.0,2026-06-29 19:53:58.413448+00:00
4553,40.0,53.71,1,8386.72,2076.3342857142857,754.6734782608696,1940.0404371952159,0.0,100.0,0.0,999,717,24.37,445.0,7,0.0,0.0,2026-06-29 19:53:58.413448+00:00
4785,67.0,144.83,2,19078.52,-4804.426153846154,-4258.129375,3852.511268602061,0.0,100.0,0.0,999,659,513.96,1090.57,9,2.0,1.0,2026-06-29 19:53:58.413448+00:00
4844,0.0,80.07,1,8547.24,881.33,917.156923076923,130.0382265918293,0.0,100.0,0.0,999,689,141.85,141.85,1,0.0,0.0,2026-06-29 19:53:58.413448+00:00
4845,29.0,37.42,1,11009.51,-2696.88,-2547.192857142857,118.3975412044748,0.0,100.0,0.0,999,633,0.0,57.43,1,1.0,0.0,2026-06-29 19:53:58.413448+00:00
4961,20.0,38.76,2,18366.59,-17808.884,-13807.056666666667,4698.595470870939,0.0,100.0,0.0,999,673,107.15,371.45,3,2.0,1.0,2026-06-29 19:53:58.413448+00:00
4212,0.0,0.0,0,0.0,11274.12,11403.121428571429,90.10443075019307,0.0,100.0,0.0,999,723,89.54,235.07,1,0.0,1.0,2026-06-29 19:53:58.413448+00:00
4495,0.0,31.95,0,0.0,7487.386,7596.785,172.71955831636456,0.0,100.0,0.0,999,659,495.76,820.51,4,0.0,0.0,2026-06-29 19:53:58.413448+00:00
49,98.0,32.79,1,7336.4,-3794.8983333333335,-10307.897826086957,8345.88780967372,0.0,100.0,0.0,999,799,11.35,305.46,4,2.0,0.0,2026-06-29 19:53:58.413448+00:00
528,38.0,0.0,2,17483.34,-6665.68,-6389.135,242.6657978133761,0.0,100.0,0.0,999,793,0.0,297.33,3,0.0,1.0,2026-06-29 19:53:58.413448+00:00
1038,19.0,28.46,2,16542.2,4118.027272727273,6862.2984,12059.325583013564,0.0,100.0,0.0,999,713,383.29,1313.7,10,2.0,3.0,2026-06-29 19:53:58.413448+00:00
1359,19.0,19.04,2,21302.79,-5082.17,-4554.0795,3751.6747212924456,0.0,100.0,0.0,999,700,54.71,443.41,3,1.0,1.0,2026-06-29 19:53:58.413448+00:00
1640,54.0,64.86,3,25247.76,-25784.77666666667,-25609.607647058823,248.17225105652545,0.0,100.0,0.0,999,739,137.32,363.46,2,2.0,0.0,2026-06-29 19:53:58.413448+00:00
1794,7.0,26.04,1,8643.39,756.93375,4206.51,5768.394791580303,0.0,100.0,0.0,999,701,27.51,446.51,3,2.0,1.0,2026-06-29 19:53:58.413448+00:00
1924,10.0,23.54,2,16845.85,-416.5283333333333,-190.45153846153846,236.86658353941178,0.0,100.0,0.0,999,818,26.26,443.21,4,1.0,0.0,2026-06-29 19:53:58.413448+00:00
613,0.0,81.13,0,0.0,15289.383333333333,13630.19925925926,4281.977335448641,0.0,100.0,0.0,999,680,596.82,770.05,6,2.0,0.0,2026-06-29 19:53:58.413448+00:00
805,0.0,38.89,0,0.0,10609.9825,10588.504545454545,89.19209660906398,0.0,100.0,0.0,999,666,0.0,49.13,1,1.0,1.0,2026-06-29 19:53:58.413448+00:00
891,31.0,0.0,0,0.0,-11869.455,-11706.98111111111,124.82264444175182,0.0,100.0,0.0,999,713,35.71,35.71,1,0.0,0.0,2026-06-29 19:53:58.413448+00:00
1454,0.0,0.0,0,0.0,15709.593333333334,15962.601538461538,227.85306259976963,0.0,100.0,0.0,999,838,380.81,380.81,1,1.0,1.0,2026-06-29 19:53:58.413448+00:00
1548,0.0,0.0,0,0.0,7880.4075,8075.07,141.97716929140415,0.0,100.0,0.0,999,644,0.0,355.97,3,0.0,0.0,2026-06-29 19:53:58.413448+00:00
1576,0.0,0.0,0,0.0,4222.27,4463.382,179.75398358868162,0.0,100.0,0.0,999,765,239.67,341.78,1,0.0,0.0,2026-06-29 19:53:58.413448+00:00
1600,0.0,41.66,0,0.0,16604.05,14821.005714285715,4118.825076604656,0.0,100.0,0.0,999,763,0.0,595.65,2,0.0,1.0,2026-06-29 19:53:58.413448+00:00
2131,38.0,31.22,3,24974.19,-32220.175,-27347.966666666667,5439.9309051800765,0.0,100.0,0.0,999,683,0.0,197.3,2,0.0,0.0,2026-06-29 19:53:58.413448+00:00
2147,28.0,20.9,2,17515.8,-2597.5925,-2371.8575,281.1570710808284,0.0,100.0,0.0,999,773,237.85,651.81,5,0.0,1.0,2026-06-29 19:53:58.413448+00:00
2154,0.0,11.14,1,8037.19,9383.423333333334,9692.91625,283.8020698452311,0.0,100.0,0.0,999,795,0.0,371.66,3,0.0,0.0,2026-06-29 19:53:58.413448+00:00
2165,22.0,0.0,1,6972.41,1564.8383333333334,2901.1085,6546.1186372332695,0.0,100.0,0.0,999,765,7513.5,7753.29,6,1.0,1.0,2026-06-29 19:53:58.413448+00:00
2342,8.0,38.03,1,7973.95,6406.56,6629.181428571429,165.74075635989442,0.0,100.0,0.0,999,773,0.0,293.74,2,0.0,0.0,2026-06-29 19:53:58.413448+00:00
2366,28.0,43.74,1,5710.4,-3755.0325,-3505.6283333333336,411.6434026253791,0.0,100.0,0.0,999,830,654.49,935.64,6,2.0,1.0,2026-06-29 19:53:58.413448+00:00
2546,16.0,0.0,2,17661.23,-10732.713333333333,-10701.342,81.30677841361084,0.0,100.0,0.0,999,661,64.93,64.93,1,0.0,0.0,2026-06-29 19:53:58.413448+00:00
2635,64.0,43.69,2,17208.32,-8039.638571428572,-7612.884347826087,416.52068945769537,0.0,100.0,0.0,999,747,38.79,790.77,5,0.0,0.0,2026-06-29 19:53:58.413448+00:00
2862,18.0,0.0,1,11381.02,9720.31,4142.925625,5217.98240558907,0.0,100.0,0.0,999,692,67.36,67.36,1,0.0,0.0,2026-06-29 19:53:58.413448+00:00
2913,30.0,84.01,1,7625.37,-8691.75,-8812.205714285714,60.784222308364,0.0,100.0,0.0,999,755,91.31,91.31,1,0.0,0.0,2026-06-29 19:53:58.413448+00:00
3003,0.0,28.62,1,6263.86,3910.0233333333335,6264.2575,3081.418440672858,0.0,100.0,0.0,999,664,0.0,277.6,2,0.0,1.0,2026-06-29 19:53:58.413448+00:00
3285,45.0,43.01,2,22289.31,-8025.71,-5642.849047619047,6866.548359643504,0.0,100.0,0.0,999,759,0.0,550.83,4,1.0,1.0,2026-06-29 19:53:58.413448+00:00
3378,21.0,52.74,2,17049.69,5532.88625,6217.225714285714,2311.714740084617,0.0,100.0,0.0,999,771,8219.42,9025.86,7,0.0,0.0,2026-06-29 19:53:58.413448+00:00
3595,58.0,32.47,2,21071.18,-6330.3042857142855,-7431.153076923077,2935.2679730618866,0.0,100.0,0.0,999,700,98.85,817.35,4,2.0,1.0,2026-06-29 19:53:58.413448+00:00
3769,25.0,0.0,3,26905.67,-16345.551428571429,-16084.174,279.06820515900193,0.0,100.0,0.0,999,808,24.62,467.7,4,0.0,1.0,2026-06-29 19:53:58.413448+00:00
4072,15.0,57.53,2,18064.21,-5653.83875,-3990.476875,2958.8036147438856,0.0,100.0,0.0,999,741,0.0,968.73,7,1.0,1.0,2026-06-29 19:53:58.413448+00:00
2303,0.0,20.02,0,0.0,19886.24,19925.03625,86.78893678596,0.0,100.0,0.0,999,817,276.87,356.49,2,1.0,0.0,2026-06-29 19:53:58.413448+00:00
2693,6.0,0.0,0,0.0,-151.54,-32.151,237.68113712588666,0.0,100.0,0.0,999,747,0.0,265.46,3,1.0,0.0,2026-06-29 19:53:58.413448+00:00
3243,0.0,36.8,0,0.0,12695.68,12902.4,180.29339357465832,0.0,100.0,0.0,999,753,0.0,17.26,1,1.0,0.0,2026-06-29 19:53:58.413448+00:00
3419,0.0,16.34,0,0.0,4847.44,5021.128571428571,136.93636764451364,0.0,100.0,0.0,999,782,0.0,162.71,1,0.0,0.0,2026-06-29 19:53:58.413448+00:00
3571,0.0,40.71,0,0.0,5203.223333333333,5137.576875,1827.2038502633745,0.0,100.0,0.0,999,805,68.62,447.03,4,0.0,1.0,2026-06-29 19:53:58.413448+00:00
4365,13.0,56.75,1,6604.65,6575.53,8464.725714285714,7095.347651285025,0.0,100.0,0.0,999,850,177.9,590.8,7,1.0,1.0,2026-06-29 19:53:58.413448+00:00
4818,80.0,52.42,6,56128.84,-22162.823333333334,-20379.02705882353,3148.267638206699,0.0,100.0,0.0,999,646,9538.81,9842.02,8,1.0,0.0,2026-06-29 19:53:58.413448+00:00
4356,0.0,15.91,0,0.0,2641.25,2852.44,149.80860255672908,0.0,100.0,0.0,999,742,289.96,289.96,1,0.0,0.0,2026-06-29 19:53:58.413448+00:00
4477,0.0,24.6,0,0.0,10223.2825,10205.187,71.90685378321062,0.0,100.0,0.0,999,642,169.22,182.34,3,0.0,0.0,2026-06-29 19:53:58.413448+00:00
4535,40.0,0.0,0,0.0,-2724.266666666667,-2398.938888888889,304.77668693449215,0.0,100.0,0.0,999,618,0.0,237.22,3,1.0,0.0,2026-06-29 19:53:58.413448+00:00
13,50.0,73.73,3,24263.57,-3842.97,260.56928571428574,7180.923508017748,0.0,100.0,0.0,25,850,48.54,383.1,3,1.0,1.0,2026-06-29 19:53:58.413448+00:00
66,57.0,72.08,3,21907.01,-21882.378571428573,-14608.047777777778,8996.627894272238,0.0,100.0,0.0,95,711,0.0,795.73,5,0.0,1.0,2026-06-29 19:53:58.413448+00:00
340,69.0,46.6,3,23728.42,-4418.36375,-6030.803043478261,13394.190486515248,0.0,100.0,0.0,42,692,61.67,223.26,3,1.0,0.0,2026-06-29 19:53:58.413448+00:00
439,71.0,99.72,2,20771.89,-8422.371818181819,-14595.31724137931,10270.10447466206,0.0,100.0,0.0,101,850,178.72,483.3,5,0.0,1.0,2026-06-29 19:53:58.413448+00:00
630,57.0,62.95,1,9788.2,-591.195,-1369.0426190476192,9451.448884214396,0.0,100.0,0.0,5,750,353.89,676.88,6,0.0,3.0,2026-06-29 19:53:58.413448+00:00
631,23.0,11.04,2,10508.55,10512.718333333334,16903.168260869566,19766.966914152086,0.0,100.0,0.0,136,788,0.0,5400.83,1,1.0,1.0,2026-06-29 19:53:58.413448+00:00
673,0.0,21.3,1,11796.09,2598.1233333333334,2867.835,274.630811355103,0.0,100.0,0.0,28,731,110.26,615.59,4,0.0,0.0,2026-06-29 19:53:58.413448+00:00
796,79.0,39.79,3,19027.06,-1246.014,-1744.5215384615385,6972.208728516211,0.0,100.0,0.0,129,644,229.98,647.94,5,4.0,1.0,2026-06-29 19:53:58.413448+00:00
1014,12.0,0.0,1,10424.86,-7859.77,-7722.882,87.31540720857916,0.0,100.0,0.0,128,741,0.0,79.79,1,0.0,0.0,2026-06-29 19:53:58.413448+00:00
1068,37.0,35.03,3,22469.37,16918.686,8598.439696969697,12819.888298924274,0.0,100.0,0.0,59,676,0.0,386.32,3,0.0,0.0,2026-06-29 19:53:58.413448+00:00
1096,57.0,119.97,2,17733.46,3918.923333333333,4639.165,9182.970222807426,0.0,100.0,0.0,31,765,0.0,1213.73,8,1.0,0.0,2026-06-29 19:53:58.413448+00:00
1149,71.0,16.74,5,48713.37,-10088.304,-20515.629333333334,25864.926159830895,0.0,100.0,0.0,5,754,104.8,886.46,4,2.0,0.0,2026-06-29 19:53:58.413448+00:00
1322,0.0,30.81,1,8031.98,17605.878571428573,17734.121875,140.59398361144218,0.0,100.0,0.0,50,712,156.62,370.19,3,0.0,0.0,2026-06-29 19:53:58.413448+00:00
1324,17.0,41.9,1,9646.93,-3702.2566666666667,-3346.344705882353,2187.2389141459435,0.0,100.0,0.0,32,834,23.68,161.98,2,0.0,2.0,2026-06-29 19:53:58.413448+00:00
1406,37.0,144.3,2,16319.2,8910.435333333333,7409.603611111111,5407.067298646771,0.0,100.0,0.0,124,675,214.26,1531.47,10,1.0,3.0,2026-06-29 19:53:58.413448+00:00
1486,37.0,102.37,1,10027.63,15198.656923076924,14001.002352941177,11093.302363661507,0.0,100.0,0.0,93,716,135.9,573.79,5,1.0,3.0,2026-06-29 19:53:58.413448+00:00
1523,0.0,14.86,1,7161.09,11288.79,11421.38,3425.5115517612835,0.0,100.0,0.0,19,565,7161.09,7161.09,1,0.0,0.0,2026-06-29 19:53:58.413448+00:00
1623,40.0,71.94,1,11746.99,1229.6925,1734.6705128205128,9183.478814782484,0.0,100.0,0.0,110,626,0.0,329.93,2,1.0,2.0,2026-06-29 19:53:58.413448+00:00
1634,24.0,50.82,3,25963.28,7909.0775,7212.8983333333335,10529.38709418193,0.0,100.0,0.0,82,742,289.83,483.13,5,0.0,3.0,2026-06-29 19:53:58.413448+00:00
1703,57.0,99.97,4,41608.74,1400.3794736842106,2423.973191489362,14989.14522340954,0.0,100.0,0.0,24,735,326.74,12940.73,16,3.0,1.0,2026-06-29 19:53:58.413448+00:00
1839,0.0,65.07,2,17043.29,5677.878571428571,8174.125357142857,4781.943893293129,0.0,100.0,0.0,136,711,0.0,279.54,1,1.0,3.0,2026-06-29 19:53:58.413448+00:00
1902,12.0,93.61,3,19721.02,5300.0633333333335,6429.600833333333,11615.716576491259,0.0,100.0,0.0,38,664,48.94,191.93,2,0.0,1.0,2026-06-29 19:53:58.413448+00:00
1905,80.0,131.66,2,19010.68,-3195.551052631579,772.39125,10935.854040091484,0.0,100.0,0.0,17,765,654.77,1385.3,8,3.0,0.0,2026-06-29 19:53:58.413448+00:00
1970,0.0,56.63,1,9527.4,17157.22333333333,17166.323333333334,164.9181133842564,0.0,100.0,0.0,7,704,0.0,234.2,2,3.0,0.0,2026-06-29 19:53:58.413448+00:00
46,0.0,69.2,0,0.0,15287.531,12804.766896551724,3699.539645533932,0.0,100.0,0.0,106,681,36.06,723.28,4,1.0,1.0,2026-06-29 19:53:58.413448+00:00
175,0.0,32.65,0,0.0,14223.866666666667,14011.983636363637,196.05697127818956,0.0,100.0,0.0,83,717,0.0,230.58,1,0.0,0.0,2026-06-29 19:53:58.413448+00:00
240,0.0,39.73,0,0.0,1536.7066666666667,1512.803846153846,121.82786485216702,0.0,100.0,0.0,66,650,190.37,357.8,3,0.0,0.0,2026-06-29 19:53:58.413448+00:00
1066,19.0,40.34,0,0.0,9326.875,7537.05923076923,6989.885848197942,0.0,100.0,0.0,5,716,0.0,168.67,1,0.0,0.0,2026-06-29 19:53:58.413448+00:00
1421,47.0,0.0,0,0.0,-989.35,-582.24,435.5457885101047,0.0,100.0,0.0,39,695,0.0,51.12,1,1.0,0.0,2026-06-29 19:53:58.413448+00:00
1558,0.0,61.32,0,0.0,16500.004285714287,16297.061538461538,294.9543955843956,0.0,100.0,0.0,109,624,0.0,59.43,1,0.0,0.0,2026-06-29 19:53:58.413448+00:00
1891,54.0,0.0,0,0.0,-3145.925714285714,-4381.5808,4369.09897766111,0.0,100.0,0.0,7,643,32.77,257.93,4,1.0,0.0,2026-06-29 19:53:58.413448+00:00
2068,35.0,0.0,4,36988.96,77.5575,-1862.064,9733.397476452095,0.0,100.0,0.0,14,772,0.0,332.42,3,1.0,0.0,2026-06-29 19:53:58.413448+00:00
2091,25.0,32.18,2,18177.15,5366.226,4080.265,9645.33820369994,0.0,100.0,0.0,81,786,0.0,138.9,1,1.0,2.0,2026-06-29 19:53:58.413448+00:00
2194,12.0,104.06,2,14215.17,-6644.986,-2998.5653333333335,6409.593572464218,0.0,100.0,0.0,118,837,0.0,509.06,4,0.0,0.0,2026-06-29 19:53:58.413448+00:00
2281,75.0,32.26,4,32957.59,-29988.03142857143,-16789.0352,22073.187474681425,0.0,100.0,0.0,86,663,21.96,183.82,3,1.0,1.0,2026-06-29 19:53:58.413448+00:00
2370,23.0,53.16,4,31344.27,3141.0085714285715,5448.2716666666665,9011.831295974353,0.0,100.0,0.0,25,745,38.71,1498.72,8,0.0,1.0,2026-06-29 19:53:58.413448+00:00
2393,0.0,98.78,1,10480.8,13584.536363636364,13866.754761904762,1723.2034285144607,0.0,100.0,0.0,30,715,32.73,1098.19,7,2.0,0.0,2026-06-29 19:53:58.413448+00:00
2450,60.0,224.41,5,56360.66,-7743.042857142857,-5896.407692307693,7974.9754158453015,0.0,100.0,0.0,58,770,12165.84,12958.96,7,3.0,1.0,2026-06-29 19:53:58.413448+00:00
2525,0.0,51.59,1,10469.76,9351.025,10300.036666666667,4239.2773906794455,0.0,100.0,0.0,42,727,0.0,217.89,2,0.0,0.0,2026-06-29 19:53:58.413448+00:00
2623,0.0,18.77,2,19187.34,4454.815,12477.57375,4632.599337186245,0.0,100.0,0.0,135,603,0.0,10594.29,1,0.0,0.0,2026-06-29 19:53:58.413448+00:00
2684,53.0,28.46,7,59989.01,-7547.556666666666,-2427.5964864864864,7660.759346562769,0.0,100.0,0.0,31,665,6391.93,24761.53,9,2.0,1.0,2026-06-29 19:53:58.413448+00:00
2735,110.0,89.19,3,28584.86,-2237.2446666666665,-1546.1593181818182,8522.382502406366,0.0,100.0,0.0,37,666,0.0,1037.94,9,1.0,2.0,2026-06-29 19:53:58.413448+00:00
2772,12.0,43.56,1,7739.76,10269.355,10056.190588235295,255.29821716551234,0.0,100.0,0.0,90,771,80.46,152.68,3,0.0,1.0,2026-06-29 19:53:58.413448+00:00
2848,90.0,120.09,5,44090.3,-7123.409230769231,-6433.095135135135,18993.69528060677,0.0,100.0,0.0,124,783,239.91,767.06,4,3.0,1.0,2026-06-29 19:53:58.413448+00:00
2856,0.0,0.0,1,5994.04,17648.98285714286,16739.522666666668,4907.271813265787,0.0,100.0,0.0,17,707,0.0,6057.76,1,0.0,0.0,2026-06-29 19:53:58.413448+00:00
2933,23.0,0.0,1,11255.92,65.74666666666667,66.74,48.17520108935716,0.0,100.0,0.0,70,614,126.47,178.65,2,0.0,1.0,2026-06-29 19:53:58.413448+00:00
3019,0.0,130.08,1,10492.31,23027.675,19803.947307692306,10994.352486955704,0.0,100.0,0.0,95,850,0.0,623.13,4,1.0,1.0,2026-06-29 19:53:58.413448+00:00
3187,10.0,0.0,2,20120.22,747.7514285714286,6967.778823529412,11072.46621306249,0.0,100.0,0.0,31,762,350.76,778.85,5,2.0,2.0,2026-06-29 19:53:58.413448+00:00
3346,46.0,79.35,5,41787.88,-1680.4172727272728,3205.0685714285714,10010.649389539747,0.0,100.0,0.0,32,674,254.07,8516.83,12,1.0,1.0,2026-06-29 19:53:58.413448+00:00
3349,57.0,155.13,3,27493.61,-4347.053125,-3307.9217777777776,8792.100827259595,0.0,100.0,0.0,73,797,656.25,973.31,5,2.0,1.0,2026-06-29 19:53:58.413448+00:00
3449,58.0,124.11,1,8365.51,10508.293333333333,9880.736551724138,16152.487157524323,0.0,100.0,0.0,98,662,358.97,9073.96,7,2.0,2.0,2026-06-29 19:53:58.413448+00:00
3494,66.0,145.5,3,27810.36,-5909.763076923077,-4407.550465116279,13756.192299367905,0.0,100.0,0.0,85,769,8475.3,9116.55,7,1.0,2.0,2026-06-29 19:53:58.413448+00:00
3555,32.0,69.12,1,8841.87,-2576.427142857143,-260.4082608695652,12168.55352669282,0.0,100.0,0.0,34,683,543.97,907.89,5,0.0,0.0,2026-06-29 19:53:58.413448+00:00
3597,42.0,100.88,4,41281.82,4033.342777777778,1369.478717948718,7375.068682810361,0.0,100.0,0.0,22,533,12055.69,12676.44,7,3.0,2.0,2026-06-29 19:53:58.413448+00:00
3608,0.0,107.61,1,7790.84,8484.01909090909,10514.751470588235,7110.425503000395,0.0,100.0,0.0,41,715,111.17,461.13,6,2.0,2.0,2026-06-29 19:53:58.413448+00:00
3620,37.0,14.6,2,15727.51,-7635.538,-8208.009333333333,6978.405825709734,0.0,100.0,0.0,6,825,77.3,808.84,4,2.0,1.0,2026-06-29 19:53:58.413448+00:00
3704,50.0,103.92,2,17679.77,9943.121578947368,9192.604893617021,13078.593750680895,0.0,100.0,0.0,18,697,459.3,1691.42,10,0.0,0.0,2026-06-29 19:53:58.413448+00:00
3747,19.0,98.78,3,34799.51,6757.584666666667,5768.541666666667,17885.482653030816,0.0,100.0,0.0,88,746,25.44,875.63,7,0.0,0.0,2026-06-29 19:53:58.413448+00:00
3758,6.0,0.0,1,8610.9,-337.0316666666667,3190.0821052631577,3765.447729361472,0.0,100.0,0.0,122,597,0.0,458.75,3,1.0,1.0,2026-06-29 19:53:58.413448+00:00
3926,49.0,41.62,4,25731.13,-3685.321111111111,-1078.2894117647058,4466.853518465004,0.0,100.0,0.0,88,733,340.8,8344.96,13,0.0,1.0,2026-06-29 19:53:58.413448+00:00
3941,17.0,12.56,1,10084.79,10396.003333333334,8156.849142857143,7923.123806007097,0.0,100.0,0.0,72,842,0.0,861.13,5,2.0,1.0,2026-06-29 19:53:58.413448+00:00
2051,0.0,0.0,0,0.0,12844.586666666666,12862.05,64.51785272310283,0.0,100.0,0.0,81,678,0.0,173.86,1,0.0,2.0,2026-06-29 19:53:58.413448+00:00
2498,0.0,0.0,0,0.0,15441.34857142857,14683.977222222222,9355.244902093758,0.0,100.0,0.0,119,614,438.92,779.62,4,0.0,0.0,2026-06-29 19:53:58.413448+00:00
2902,0.0,0.0,0,0.0,14403.69125,14503.237272727272,261.2952280846984,0.0,100.0,0.0,65,654,39.08,833.24,4,0.0,0.0,2026-06-29 19:53:58.413448+00:00
3051,15.0,14.01,0,0.0,4402.86,6066.2465,5359.461677688604,0.0,100.0,0.0,17,718,538.16,817.55,5,1.0,2.0,2026-06-29 19:53:58.413448+00:00
3208,0.0,82.06,0,0.0,37634.735,37759.23125,165.55658824435616,0.0,100.0,0.0,44,720,0.0,344.12,2,1.0,0.0,2026-06-29 19:53:58.413448+00:00
3560,0.0,61.39,0,0.0,4837.7775,4883.844545454545,131.0277697397586,0.0,100.0,0.0,45,775,80.0,215.9,3,1.0,3.0,2026-06-29 19:53:58.413448+00:00
3583,0.0,29.44,0,0.0,15394.17,15359.125714285714,41.69824074985255,0.0,100.0,0.0,76,695,71.48,71.48,1,0.0,0.0,2026-06-29 19:53:58.413448+00:00
4268,6.0,47.91,1,5510.43,13600.745,13702.921428571428,83.01168135158035,0.0,100.0,0.0,43,716,0.0,106.29,1,1.0,0.0,2026-06-29 19:53:58.413448+00:00
4283,0.0,15.86,1,9437.84,13167.22,13074.557142857142,160.44112241961278,0.0,100.0,0.0,57,686,0.0,312.38,1,1.0,1.0,2026-06-29 19:53:58.413448+00:00
4287,74.0,42.94,3,26170.44,-11108.963333333333,-6160.075,5169.088245675647,0.0,100.0,0.0,25,667,238.64,11386.52,7,2.0,0.0,2026-06-29 19:53:58.413448+00:00
4392,0.0,59.57,1,8445.76,2982.72,3016.5033333333336,38.65821028219271,0.0,100.0,0.0,18,783,0.0,87.9,1,0.0,0.0,2026-06-29 19:53:58.413448+00:00
4449,23.0,99.19,1,6498.88,6260.400666666666,8775.534722222223,11559.047111032425,0.0,100.0,0.0,18,726,229.71,1067.48,6,0.0,1.0,2026-06-29 19:53:58.413448+00:00
4475,10.0,0.0,1,7765.58,-4457.06125,-778.7653333333334,5082.29553288258,0.0,100.0,0.0,30,807,0.0,223.34,1,0.0,0.0,2026-06-29 19:53:58.413448+00:00
4546,20.0,31.8,1,6161.52,4107.364,5233.294375,5700.67331062067,0.0,100.0,0.0,135,648,149.87,268.12,2,3.0,0.0,2026-06-29 19:53:58.413448+00:00
4710,0.0,137.8,1,7678.62,10567.715454545454,14336.2946875,6562.965825888125,0.0,100.0,0.0,9,767,70.93,9163.64,8,2.0,0.0,2026-06-29 19:53:58.413448+00:00
4936,0.0,97.75,1,5509.59,22903.207142857143,22112.5825,2017.297676329691,0.0,100.0,0.0,76,739,0.0,219.52,3,0.0,1.0,2026-06-29 19:53:58.413448+00:00
4947,30.0,26.29,1,10788.7,-100.0075,2209.6507142857145,5204.337008186351,0.0,100.0,0.0,129,688,0.0,739.12,2,1.0,1.0,2026-06-29 19:53:58.413448+00:00
4963,59.0,88.85,1,6953.34,3772.35375,4773.712647058824,9746.898857363725,0.0,100.0,0.0,116,634,80.29,202.12,3,1.0,2.0,2026-06-29 19:53:58.413448+00:00
5000,6.0,72.79,2,15432.23,3010.06375,10070.158,9484.138333956966,0.0,100.0,0.0,131,723,0.0,324.66,1,0.0,1.0,2026-06-29 19:53:58.413448+00:00
4160,0.0,41.06,0,0.0,12039.766666666666,12157.8745,423.902068743183,0.0,100.0,0.0,30,642,268.67,530.14,5,2.0,0.0,2026-06-29 19:53:58.413448+00:00
4199,0.0,0.0,0,0.0,19917.86142857143,20179.788235294116,287.2310224773022,0.0,100.0,0.0,19,773,0.0,617.07,4,0.0,0.0,2026-06-29 19:53:58.413448+00:00
4276,0.0,83.31,0,0.0,15778.855,12683.445384615385,2829.4404754694183,0.0,100.0,0.0,109,702,0.0,62.34,1,1.0,1.0,2026-06-29 19:53:58.413448+00:00
4307,0.0,64.49,0,0.0,4292.34,4041.2508333333335,253.22939500047707,0.0,100.0,0.0,45,830,123.02,307.36,2,1.0,0.0,2026-06-29 19:53:58.413448+00:00
4401,0.0,18.81,0,0.0,7266.832857142857,7053.638095238095,2773.0390546170843,0.0,100.0,0.0,12,765,91.17,220.53,4,2.0,1.0,2026-06-29 19:53:58.413448+00:00
4593,0.0,0.0,0,0.0,33440.0,32361.22,3138.3851903208124,0.0,100.0,0.0,142,757,55.3,55.3,1,0.0,0.0,2026-06-29 19:53:58.413448+00:00
48,102.0,144.8,2,17668.27,3976.867777777778,-66.2446875,5012.87790181697,0.0,100.0,0.0,143,713,101.95,684.84,6,1.0,0.0,2026-06-29 19:53:58.413448+00:00
222,79.0,69.39,2,17999.4,-8847.774285714286,-5303.1796,9105.716227916826,0.0,100.0,0.0,71,589,0.0,196.3,2,1.0,1.0,2026-06-29 19:53:58.413448+00:00
243,0.0,60.25,2,21556.0,9342.576923076924,9939.543636363636,3237.5876342980278,0.0,100.0,0.0,117,704,212.12,1093.39,6,1.0,1.0,2026-06-29 19:53:58.413448+00:00
342,33.0,17.72,3,18187.45,-7476.0675,-4884.140588235294,2878.1113625972534,0.0,100.0,0.0,82,675,193.26,457.57,2,0.0,1.0,2026-06-29 19:53:58.413448+00:00
390,18.0,43.88,2,18332.66,6976.588571428571,4609.8377272727275,11781.168443417848,0.0,100.0,0.0,98,722,198.82,472.84,5,0.0,0.0,2026-06-29 19:53:58.413448+00:00
434,0.0,110.79,1,7750.33,14430.56705882353,13673.222727272727,5096.92343637102,0.0,100.0,0.0,44,733,146.84,943.18,7,2.0,0.0,2026-06-29 19:53:58.413448+00:00
551,17.0,73.21,1,6258.16,2233.265,2039.9265625,1750.9954942253732,0.0,100.0,0.0,57,654,141.89,1252.74,7,0.0,0.0,2026-06-29 19:53:58.413448+00:00
591,51.0,10.26,3,23510.22,860.50125,476.4625,9941.796044161676,0.0,100.0,0.0,59,770,198.97,569.79,5,3.0,0.0,2026-06-29 19:53:58.413448+00:00
641,38.0,0.0,1,11404.79,-20135.336666666666,-9047.131428571429,17125.045021216254,0.0,100.0,0.0,33,703,251.26,933.45,3,0.0,0.0,2026-06-29 19:53:58.413448+00:00
699,30.0,81.84,2,20436.88,-11091.7625,6269.047727272728,20570.333285387638,0.0,100.0,0.0,50,654,0.0,96.66,1,1.0,0.0,2026-06-29 19:53:58.413448+00:00
1106,115.0,28.01,2,20260.22,-3196.456923076923,-3404.0205882352943,9250.248621358285,0.0,100.0,0.0,124,840,185.78,1263.65,9,3.0,1.0,2026-06-29 19:53:58.413448+00:00
1134,0.0,25.89,1,5648.21,9669.943333333333,9454.290967741936,3761.068047177349,0.0,100.0,0.0,34,830,290.26,941.37,6,1.0,1.0,2026-06-29 19:53:58.413448+00:00
1607,67.0,70.97,4,38968.95,-35576.29833333333,-25275.47888888889,18384.924910751113,0.0,100.0,0.0,37,687,0.0,547.45,4,1.0,1.0,2026-06-29 19:53:58.413448+00:00
1664,2.0,126.38,1,9396.56,6175.141111111111,9292.153333333334,5708.452883637173,0.0,100.0,0.0,101,697,9535.26,10326.96,8,3.0,1.0,2026-06-29 19:53:58.413448+00:00
1758,62.0,39.87,1,11676.44,-10431.822857142857,-10228.5765,6801.26012819189,0.0,100.0,0.0,104,623,0.0,300.5,2,0.0,2.0,2026-06-29 19:53:58.413448+00:00
1943,86.0,32.62,2,17203.38,-3858.84,-1390.5741666666668,6093.13812915916,0.0,100.0,0.0,90,701,311.97,1050.54,5,1.0,1.0,2026-06-29 19:53:58.413448+00:00
1984,24.0,36.86,1,8145.85,-3469.8333333333335,-3586.34625,148.0869913207689,0.0,100.0,0.0,21,694,0.0,31.07,1,0.0,0.0,2026-06-29 19:53:58.413448+00:00
77,0.0,47.84,0,0.0,20196.576666666668,19827.493846153848,238.0156907736082,0.0,100.0,0.0,126,669,0.0,66.33,1,1.0,1.0,2026-06-29 19:53:58.413448+00:00
826,0.0,59.57,0,0.0,17397.3,10014.704615384615,7564.336542515726,0.0,100.0,0.0,87,689,75.15,75.15,1,0.0,0.0,2026-06-29 19:53:58.413448+00:00
1104,0.0,68.54,0,0.0,24919.1,24297.987,2033.0695263667205,0.0,100.0,0.0,98,623,0.0,381.89,3,1.0,0.0,2026-06-29 19:53:58.413448+00:00
1251,0.0,42.3,0,0.0,15815.660714285714,14864.402325581395,6718.732206747502,0.0,100.0,0.0,22,749,164.51,396.36,5,3.0,0.0,2026-06-29 19:53:58.413448+00:00
1594,0.0,0.0,0,0.0,7680.615,8124.413846153846,471.7960834861807,0.0,100.0,0.0,121,742,0.0,80.18,1,1.0,0.0,2026-06-29 19:53:58.413448+00:00
2075,27.0,0.0,2,17996.22,1945.855,9497.645714285714,16738.384266205012,0.0,100.0,0.0,54,848,65.27,65.27,1,0.0,0.0,2026-06-29 19:53:58.413448+00:00
2100,41.0,33.24,3,26315.22,-12904.181428571428,-9394.19642857143,8137.711927519404,0.0,100.0,0.0,120,688,0.0,244.92,2,1.0,0.0,2026-06-29 19:53:58.413448+00:00
2228,36.0,67.4,2,20106.75,1075.165,-957.3361764705883,8050.306700535962,0.0,100.0,0.0,28,703,94.29,633.5,6,3.0,1.0,2026-06-29 19:53:58.413448+00:00
2233,18.0,40.2,1,8079.51,5719.42,6567.475384615384,8372.370617574808,0.0,100.0,0.0,90,713,285.43,599.7,8,1.0,2.0,2026-06-29 19:53:58.413448+00:00
2325,48.0,130.54,2,20222.83,1751.1313333333333,463.4166666666667,6325.264758652312,0.0,100.0,0.0,2,670,49.78,941.7,9,3.0,2.0,2026-06-29 19:53:58.413448+00:00
2439,20.0,0.0,1,8356.65,-5006.845,-5186.91,255.76759620552008,0.0,100.0,0.0,120,710,343.04,343.04,1,0.0,0.0,2026-06-29 19:53:58.413448+00:00
2565,0.0,17.29,1,6270.7,13454.796666666667,13403.646315789474,253.84722013572878,0.0,100.0,0.0,22,824,108.55,400.6,2,0.0,0.0,2026-06-29 19:53:58.413448+00:00
2619,0.0,75.94,1,6431.68,17235.50705882353,17471.29409090909,8199.709192031341,0.0,100.0,0.0,86,743,0.0,1902.15,12,0.0,3.0,2026-06-29 19:53:58.413448+00:00
2625,63.0,51.0,5,47140.8,-28130.72,-25470.014,25357.775369391216,0.0,100.0,0.0,10,756,0.0,8361.81,7,1.0,1.0,2026-06-29 19:53:58.413448+00:00
2672,0.0,153.13,1,12159.31,16067.7575,17452.665833333333,6785.075436689408,0.0,100.0,0.0,35,733,357.83,13081.85,7,2.0,1.0,2026-06-29 19:53:58.413448+00:00
2753,43.0,28.06,5,39486.65,-4104.638571428572,4193.76,15472.403506525381,0.0,100.0,0.0,19,608,82.86,707.5,4,4.0,3.0,2026-06-29 19:53:58.413448+00:00
2958,0.0,0.0,1,9333.24,23718.22,23519.063125,199.31843915763284,0.0,100.0,0.0,77,769,180.51,180.51,2,1.0,1.0,2026-06-29 19:53:58.413448+00:00
3063,0.0,123.38,2,15092.49,2292.2025,2019.1239130434783,1093.1682223055157,0.0,100.0,0.0,45,553,17.67,811.43,5,1.0,0.0,2026-06-29 19:53:58.413448+00:00
3202,0.0,56.66,1,9848.3,25452.30625,25633.958333333332,220.68232087947186,0.0,100.0,0.0,84,685,0.0,524.59,5,1.0,0.0,2026-06-29 19:53:58.413448+00:00
3281,29.0,48.1,4,29766.47,-2558.555625,-857.8293333333334,5664.006619037436,0.0,100.0,0.0,53,746,229.63,7706.06,7,1.0,2.0,2026-06-29 19:53:58.413448+00:00
3366,13.0,47.08,1,7043.3,1230.3055555555557,3174.615,5713.329895246599,0.0,100.0,0.0,34,539,124.18,518.02,5,1.0,0.0,2026-06-29 19:53:58.413448+00:00
3377,0.0,86.99,1,10028.55,4029.15,4713.95,1169.5288266911327,0.0,100.0,0.0,73,602,0.0,158.26,1,1.0,1.0,2026-06-29 19:53:58.413448+00:00
3421,48.0,57.0,1,6613.84,-930.2825,-409.16541666666666,2726.7266039612086,0.0,100.0,0.0,21,631,316.85,371.79,2,0.0,0.0,2026-06-29 19:53:58.413448+00:00
3462,57.0,49.44,6,61280.71,-23122.86,-14811.933243243244,34435.851998536076,0.0,100.0,0.0,17,750,21.67,11011.5,8,2.0,0.0,2026-06-29 19:53:58.413448+00:00
3492,40.0,55.22,2,18633.6,1879.1066666666666,-1994.017619047619,4885.895496343487,0.0,100.0,0.0,10,600,239.49,710.3,5,0.0,0.0,2026-06-29 19:53:58.413448+00:00
3531,118.0,64.78,1,8579.23,3738.236,2975.442,12314.768997552743,0.0,100.0,0.0,77,661,610.25,1368.24,10,1.0,2.0,2026-06-29 19:53:58.413448+00:00
3623,87.0,111.35,2,18361.25,-2471.068333333333,-2329.474722222222,9409.636187108783,0.0,100.0,0.0,110,642,469.42,1355.83,7,2.0,1.0,2026-06-29 19:53:58.413448+00:00
3802,31.0,79.63,3,22474.57,5507.419285714286,6943.133720930233,6168.82289856872,0.0,100.0,0.0,68,850,222.01,871.63,9,0.0,0.0,2026-06-29 19:53:58.413448+00:00
3850,46.0,168.27,4,31940.26,8754.953333333333,5019.449487179487,9287.764384148159,0.0,100.0,0.0,77,606,91.99,398.98,3,3.0,1.0,2026-06-29 19:53:58.413448+00:00
3923,49.0,71.53,3,25315.22,-3568.9841666666666,-1983.438,3225.9413455637873,0.0,100.0,0.0,118,734,246.21,1054.81,6,2.0,0.0,2026-06-29 19:53:58.413448+00:00
4073,35.0,55.95,1,9495.85,1207.2025,3006.284705882353,8492.684242061183,0.0,100.0,0.0,124,733,178.33,178.33,1,1.0,1.0,2026-06-29 19:53:58.413448+00:00
2162,0.0,22.07,0,0.0,16345.23,16347.044210526316,705.4935754141861,0.0,100.0,0.0,77,850,0.0,774.72,4,2.0,0.0,2026-06-29 19:53:58.413448+00:00
2170,22.0,160.94,0,0.0,4053.1911111111112,4153.470869565217,8690.557865801668,0.0,100.0,0.0,92,680,210.51,417.1,3,3.0,0.0,2026-06-29 19:53:58.413448+00:00
2247,0.0,31.86,0,0.0,6484.855,9288.962352941177,7899.245870344787,0.0,100.0,0.0,88,695,0.0,346.29,3,2.0,0.0,2026-06-29 19:53:58.413448+00:00
2255,0.0,26.07,0,0.0,13839.83,15926.863913043479,4631.6747028619975,0.0,100.0,0.0,134,774,77.41,231.17,2,0.0,1.0,2026-06-29 19:53:58.413448+00:00
2346,0.0,0.0,0,0.0,13478.317272727272,13097.695,1513.054329890432,0.0,100.0,0.0,35,759,845.0,925.47,6,4.0,0.0,2026-06-29 19:53:58.413448+00:00
2371,0.0,131.9,0,0.0,5331.4383333333335,4270.5775,2438.792152951902,0.0,100.0,0.0,32,778,0.0,346.11,2,0.0,0.0,2026-06-29 19:53:58.413448+00:00
2377,0.0,82.49,0,0.0,5464.74,5502.566,58.327777807833655,0.0,100.0,0.0,4,709,0.0,104.53,1,1.0,0.0,2026-06-29 19:53:58.413448+00:00
2587,0.0,144.35,0,0.0,21523.89285714286,18757.066296296296,13439.405348963903,0.0,100.0,0.0,85,773,78.99,283.92,5,2.0,1.0,2026-06-29 19:53:58.413448+00:00
2627,23.0,168.09,0,0.0,7869.765,8531.307037037037,6492.757601544923,0.0,100.0,0.0,6,695,0.0,524.53,4,1.0,0.0,2026-06-29 19:53:58.413448+00:00
2771,0.0,0.0,0,0.0,2052.45,2743.508181818182,2135.6512611967432,0.0,100.0,0.0,22,677,133.19,435.45,2,1.0,0.0,2026-06-29 19:53:58.413448+00:00
2956,0.0,13.91,0,0.0,13330.38,13242.387272727272,154.5527529292724,0.0,100.0,0.0,9,670,93.44,179.84,1,0.0,0.0,2026-06-29 19:53:58.413448+00:00
3269,0.0,91.33,0,0.0,11266.29125,13042.28,4806.647701851653,0.0,100.0,0.0,49,787,123.74,1101.24,7,1.0,1.0,2026-06-29 19:53:58.413448+00:00
3452,1.0,54.66,0,0.0,5010.566923076923,4100.241388888889,1966.0607056725735,0.0,100.0,0.0,45,762,211.23,800.43,5,1.0,2.0,2026-06-29 19:53:58.413448+00:00
3535,0.0,0.0,0,0.0,9885.4375,10289.504,3952.088163091001,0.0,100.0,0.0,86,666,0.0,394.22,4,0.0,0.0,2026-06-29 19:53:58.413448+00:00
3584,79.0,24.5,0,0.0,11422.796363636364,12066.850588235295,18150.867699361297,0.0,100.0,0.0,25,660,0.0,1151.46,7,1.0,0.0,2026-06-29 19:53:58.413448+00:00
3797,0.0,39.39,0,0.0,15286.28,15194.27,137.24520143159825,0.0,100.0,0.0,36,600,0.0,40.47,1,0.0,0.0,2026-06-29 19:53:58.413448+00:00
3855,0.0,13.48,0,0.0,36656.1775,36573.610714285714,179.22172963492292,0.0,100.0,0.0,5,793,27.82,159.18,3,2.0,0.0,2026-06-29 19:53:58.413448+00:00
3933,0.0,115.64,0,0.0,18772.506875,18283.134523809524,7029.890953430575,0.0,100.0,0.0,47,797,447.11,968.54,7,0.0,1.0,2026-06-29 19:53:58.413448+00:00
4004,31.0,72.97,0,0.0,1019.1972727272728,479.3745833333333,3122.1154222564373,0.0,100.0,0.0,78,732,112.6,339.91,4,0.0,0.0,2026-06-29 19:53:58.413448+00:00
4192,33.0,54.25,2,19671.2,129.94555555555556,-8.098888888888888,2675.9823222819377,0.0,100.0,0.0,136,668,295.35,572.69,4,2.0,0.0,2026-06-29 19:53:58.413448+00:00
4393,17.0,147.8,2,18447.88,10347.141666666666,12806.007142857143,4527.54279370588,0.0,100.0,0.0,25,676,0.0,816.23,6,2.0,2.0,2026-06-29 19:53:58.413448+00:00
4470,68.0,56.68,3,26708.53,-15858.12,-13744.907894736842,9060.310437233344,0.0,100.0,0.0,81,708,0.0,400.94,2,0.0,4.0,2026-06-29 19:53:58.413448+00:00
4479,12.0,38.6,2,19332.61,8695.43,9683.710810810811,4625.572491530918,0.0,100.0,0.0,24,746,11757.42,12189.5,8,2.0,1.0,2026-06-29 19:53:58.413448+00:00
4713,73.0,140.02,1,10650.56,19832.738,17585.446896551723,26527.335757545512,0.0,100.0,0.0,40,752,302.8,591.24,4,2.0,0.0,2026-06-29 19:53:58.413448+00:00
4727,78.0,42.1,2,14285.78,-4840.90375,-3502.0066666666667,3425.8261404439204,0.0,100.0,0.0,104,745,529.92,996.76,6,0.0,2.0,2026-06-29 19:53:58.413448+00:00
4867,0.0,246.65,1,7410.21,12220.965714285714,13390.055428571428,11310.956693322554,0.0,100.0,0.0,62,688,138.75,1046.8,10,4.0,1.0,2026-06-29 19:53:58.413448+00:00
4871,0.0,0.0,1,5788.01,5066.22,5106.216666666666,43.47251417722318,0.0,100.0,0.0,23,684,0.0,100.43,1,0.0,0.0,2026-06-29 19:53:58.413448+00:00
4883,85.0,61.21,3,26849.53,-3017.0546153846153,-951.6527777777778,7417.846454579916,0.0,100.0,0.0,129,687,0.0,656.36,6,1.0,2.0,2026-06-29 19:53:58.413448+00:00
4971,20.0,99.51,3,26311.07,6392.0,7665.212631578947,11468.112876392717,0.0,100.0,0.0,140,780,0.0,1060.84,8,1.0,2.0,2026-06-29 19:53:58.413448+00:00
4247,0.0,0.0,0,0.0,6283.6925,9681.5325,6645.874357459311,0.0,100.0,0.0,62,794,0.0,711.73,4,0.0,1.0,2026-06-29 19:53:58.413448+00:00
4403,0.0,0.0,0,0.0,7636.0,7552.0427272727275,125.43328557016143,0.0,100.0,0.0,136,476,256.12,256.12,1,1.0,0.0,2026-06-29 19:53:58.413448+00:00
4630,93.0,0.0,0,0.0,-4276.674285714285,-5082.652631578947,2885.9101734349215,0.0,100.0,0.0,3,744,0.0,46.47,1,1.0,1.0,2026-06-29 19:53:58.413448+00:00
8,0.0,40.9,1,6261.71,10240.554,9814.027,1007.5246716048995,0.0,100.0,0.0,999,721,0.0,615.06,3,0.0,0.0,2026-06-29 19:53:58.413448+00:00
61,52.0,16.95,2,14004.0,-9530.334,-9203.953529411765,2057.1686695208373,0.0,100.0,0.0,999,812,65.49,138.87,2,0.0,0.0,2026-06-29 19:53:58.413448+00:00
261,29.0,10.18,3,28923.46,-22982.885,-22417.444545454546,2189.0863096501066,0.0,100.0,0.0,999,643,7796.67,7796.67,2,1.0,1.0,2026-06-29 19:53:58.413448+00:00
335,59.0,38.38,2,13026.51,-2920.8375,-2465.306153846154,446.14073135896786,0.0,100.0,0.0,999,630,0.0,642.54,3,0.0,1.0,2026-06-29 19:53:58.413448+00:00
530,13.0,0.0,1,8373.7,-1650.94,-1649.2425,143.2404768867725,0.0,100.0,0.0,999,792,0.0,254.57,2,0.0,0.0,2026-06-29 19:53:58.413448+00:00
660,0.0,11.94,1,9522.33,11973.275,11931.96875,106.08977712238095,0.0,100.0,0.0,999,684,137.44,137.44,1,1.0,0.0,2026-06-29 19:53:58.413448+00:00
734,17.0,51.83,4,33226.14,-2638.6085714285714,-3551.519,7546.8165888299545,0.0,100.0,0.0,999,601,106.54,406.9,2,1.0,1.0,2026-06-29 19:53:58.413448+00:00
1341,7.0,0.0,1,8679.7,638.8014285714286,-242.40133333333333,3293.8192986997797,0.0,100.0,0.0,999,619,218.87,642.22,6,1.0,2.0,2026-06-29 19:53:58.413448+00:00
1436,70.0,0.0,1,6507.47,-5512.2585714285715,-5657.456666666667,184.19188699710836,0.0,100.0,0.0,999,617,206.09,571.58,4,0.0,2.0,2026-06-29 19:53:58.413448+00:00
1589,3.0,115.6,3,23860.48,-2072.005,687.583,2760.562605904999,0.0,100.0,0.0,999,718,0.0,5941.35,4,0.0,0.0,2026-06-29 19:53:58.413448+00:00
1636,44.0,11.29,1,8206.38,-7804.446666666667,-7770.3,120.59804412242262,0.0,100.0,0.0,999,570,0.0,150.33,2,0.0,0.0,2026-06-29 19:53:58.413448+00:00
1869,16.0,24.34,2,12196.9,-2336.6233333333334,-884.2958823529411,3011.439867442852,0.0,100.0,0.0,999,656,76.83,395.09,3,0.0,0.0,2026-06-29 19:53:58.413448+00:00
1964,26.0,44.0,4,32589.34,-7193.045,-3569.9185,4244.639876571716,0.0,100.0,0.0,999,624,0.0,10599.68,4,0.0,1.0,2026-06-29 19:53:58.413448+00:00
1978,47.0,115.39,7,66971.96,-40904.952,-27881.4135,20747.03371412324,0.0,100.0,0.0,999,629,0.0,430.79,3,0.0,1.0,2026-06-29 19:53:58.413448+00:00
59,0.0,0.0,0,0.0,1067.30875,1433.0206666666666,467.2801929880876,0.0,100.0,0.0,999,645,507.08,937.05,7,1.0,1.0,2026-06-29 19:53:58.413448+00:00
153,0.0,15.99,0,0.0,4180.59,4281.8825,87.08553119634736,0.0,100.0,0.0,999,722,0.0,90.0,1,1.0,0.0,2026-06-29 19:53:58.413448+00:00
272,0.0,0.0,0,0.0,4361.22,4390.796666666667,106.34264487377563,0.0,100.0,0.0,999,666,0.0,67.99,1,0.0,1.0,2026-06-29 19:53:58.413448+00:00
348,0.0,31.09,0,0.0,5237.715,5634.629333333333,236.48069399612464,0.0,100.0,0.0,999,669,27.11,27.11,1,0.0,0.0,2026-06-29 19:53:58.413448+00:00
539,0.0,0.0,0,0.0,18537.79,18957.355,333.81629424729925,0.0,100.0,0.0,999,793,0.0,299.1,1,1.0,1.0,2026-06-29 19:53:58.413448+00:00
592,0.0,13.15,0,0.0,8163.8,8191.886,115.25560456654594,0.0,100.0,0.0,999,762,150.58,355.37,3,0.0,0.0,2026-06-29 19:53:58.413448+00:00
725,0.0,0.0,0,0.0,4289.12,4289.12,0.0,0.0,100.0,0.0,999,727,0.0,54.31,1,0.0,0.0,2026-06-29 19:53:58.413448+00:00
853,0.0,43.52,0,0.0,18834.384,18970.804166666665,264.96663896070015,0.0,100.0,0.0,999,767,170.56,354.74,3,0.0,2.0,2026-06-29 19:53:58.413448+00:00
1103,0.0,12.42,0,0.0,12384.1575,12494.676666666666,230.77127618295762,0.0,100.0,0.0,999,782,425.4,578.7,2,0.0,0.0,2026-06-29 19:53:58.413448+00:00
1165,0.0,24.32,0,0.0,8729.055,8690.208,103.00808820670322,0.0,100.0,0.0,999,642,0.0,219.2,2,1.0,1.0,2026-06-29 19:53:58.413448+00:00
1778,0.0,0.0,0,0.0,7410.45,7624.422142857143,202.81757002127154,0.0,100.0,0.0,999,606,0.0,167.95,1,0.0,1.0,2026-06-29 19:53:58.413448+00:00
1819,30.0,51.59,0,0.0,8595.24125,5876.7846875,6973.606723508012,0.0,100.0,0.0,999,789,81.25,1175.05,11,2.0,1.0,2026-06-29 19:53:58.413448+00:00
1845,0.0,0.0,0,0.0,15530.002222222221,14547.843333333334,4327.8904875980015,0.0,100.0,0.0,999,611,59.9,345.33,5,1.0,0.0,2026-06-29 19:53:58.413448+00:00
2188,56.0,32.32,3,29854.72,-38806.153333333335,-33605.515789473684,6009.755575802358,0.0,100.0,0.0,999,749,80.16,392.76,4,2.0,0.0,2026-06-29 19:53:58.413448+00:00
2358,0.0,80.73,1,6488.26,788.6566666666666,981.6894736842105,293.7034955703614,0.0,100.0,0.0,999,669,0.0,56.28,1,1.0,1.0,2026-06-29 19:53:58.413448+00:00
2408,6.0,33.33,2,13238.33,-3227.9583333333335,1370.6727272727273,6230.269910280542,0.0,100.0,0.0,999,745,20.55,13316.38,4,0.0,1.0,2026-06-29 19:53:58.413448+00:00
2471,77.0,134.31,1,11560.21,-5610.455,-7486.265,5039.640689243132,0.0,100.0,0.0,999,769,0.0,68.36,1,1.0,0.0,2026-06-29 19:53:58.413448+00:00
2581,70.0,0.0,2,20223.05,-25255.97,-22658.140833333335,4159.541011685181,0.0,100.0,0.0,999,816,86.36,654.24,3,0.0,0.0,2026-06-29 19:53:58.413448+00:00
2730,0.0,15.54,2,20768.36,1191.488,7416.464285714285,8697.680000265025,0.0,100.0,0.0,999,818,0.0,280.12,3,0.0,0.0,2026-06-29 19:53:58.413448+00:00
2818,0.0,0.0,2,11947.95,4111.33,5940.967,2503.6100404058534,0.0,100.0,0.0,999,714,134.42,6455.84,3,0.0,0.0,2026-06-29 19:53:58.413448+00:00
2917,51.0,93.75,1,6894.1,-254.05384615384617,-2255.7789285714284,7509.620006620241,0.0,100.0,0.0,999,717,129.53,1273.84,9,1.0,2.0,2026-06-29 19:53:58.413448+00:00
3010,63.0,0.0,2,18146.85,-5252.866,-4286.5105,7009.120383260995,0.0,100.0,0.0,999,642,0.0,197.99,2,0.0,0.0,2026-06-29 19:53:58.413448+00:00
3112,63.0,13.1,1,7222.99,-9631.305714285714,-9235.492666666667,448.1958922386012,0.0,100.0,0.0,999,786,0.0,469.0,4,1.0,0.0,2026-06-29 19:53:58.413448+00:00
3201,59.0,0.0,1,6728.56,-9224.984,-7580.664,3023.2307678779666,0.0,100.0,0.0,999,708,0.0,199.91,1,0.0,2.0,2026-06-29 19:53:58.413448+00:00
3230,22.0,116.86,1,9584.86,2941.9281818181817,2709.5804545454544,4155.545586295146,0.0,100.0,0.0,999,721,159.89,1001.83,10,0.0,2.0,2026-06-29 19:53:58.413448+00:00
3250,59.0,56.61,1,8092.72,1068.1666666666667,2507.976176470588,4378.187460096766,0.0,100.0,0.0,999,749,0.0,567.32,5,2.0,1.0,2026-06-29 19:53:58.413448+00:00
3388,0.0,13.58,1,6417.8,6332.615714285715,6483.95,2836.550750566339,0.0,100.0,0.0,999,712,33.4,292.17,5,0.0,0.0,2026-06-29 19:53:58.413448+00:00
3536,50.0,42.64,1,8614.84,-4885.703333333333,-4781.461538461538,184.07413714822587,0.0,100.0,0.0,999,758,0.0,530.17,3,0.0,1.0,2026-06-29 19:53:58.413448+00:00
3537,38.0,34.2,2,22545.22,-22133.4575,-21800.478125,301.6466481087336,0.0,100.0,0.0,999,769,221.36,419.82,2,0.0,0.0,2026-06-29 19:53:58.413448+00:00
3580,62.0,41.75,1,6258.86,-8933.865,-8638.535454545454,296.9774324564575,0.0,100.0,0.0,999,789,0.0,246.06,3,0.0,0.0,2026-06-29 19:53:58.413448+00:00
3832,13.0,41.65,1,8222.32,-1231.89,-938.6483333333333,226.54478603701205,0.0,100.0,0.0,999,809,0.0,454.45,2,0.0,2.0,2026-06-29 19:53:58.413448+00:00
3945,35.0,32.7,2,21238.58,-18337.283333333333,-17782.695384615385,403.9262534258348,0.0,100.0,0.0,999,722,0.0,432.15,2,1.0,0.0,2026-06-29 19:53:58.413448+00:00
3553,0.0,88.26,0,0.0,16182.908,16514.0225,339.1326450207205,0.0,100.0,0.0,999,764,47.22,375.98,3,1.0,0.0,2026-06-29 19:53:58.413448+00:00
3659,5.0,0.0,0,0.0,-121.115,-20.735555555555557,248.21915532274255,0.0,100.0,0.0,999,673,0.0,709.31,2,1.0,1.0,2026-06-29 19:53:58.413448+00:00
4121,70.0,30.04,1,5970.34,-13063.635,-12604.0805,444.98489686139834,0.0,100.0,0.0,999,773,189.23,873.02,8,0.0,2.0,2026-06-29 19:53:58.413448+00:00
4249,49.0,29.59,4,36614.19,-30761.485,-30511.93727272727,219.0588368075366,0.0,100.0,0.0,999,719,97.08,424.79,2,0.0,0.0,2026-06-29 19:53:58.413448+00:00
4409,58.0,0.0,1,5775.2,-9054.9575,-9034.668333333333,242.2192800898024,0.0,100.0,0.0,999,754,242.06,644.53,4,0.0,0.0,2026-06-29 19:53:58.413448+00:00
4805,4.0,63.54,1,7976.79,2031.722857142857,6953.050666666667,7246.543219258494,0.0,100.0,0.0,999,780,230.33,1016.8,7,0.0,2.0,2026-06-29 19:53:58.413448+00:00
4806,60.0,40.47,2,19307.07,-6830.9575,-5996.085454545455,8687.242231065504,0.0,100.0,0.0,999,733,137.07,436.94,4,2.0,1.0,2026-06-29 19:53:58.413448+00:00
4847,39.0,0.0,1,5399.51,2354.2755555555555,1771.756842105263,2267.83251283096,0.0,100.0,0.0,999,745,300.49,1061.68,5,0.0,0.0,2026-06-29 19:53:58.413448+00:00
4998,39.0,59.41,1,5359.77,-3879.19,-3691.145,246.89804832893893,0.0,100.0,0.0,999,712,101.66,515.51,2,1.0,1.0,2026-06-29 19:53:58.413448+00:00
4810,0.0,13.92,0,0.0,11035.011428571428,10722.353684210526,2675.0872640881134,0.0,100.0,0.0,999,707,65.99,132.1,3,1.0,1.0,2026-06-29 19:53:58.413448+00:00
4888,47.0,44.17,0,0.0,-7056.645555555556,-6587.883478260869,4907.001751708343,0.0,100.0,0.0,999,636,441.65,734.43,6,0.0,0.0,2026-06-29 19:53:58.413448+00:00
4896,0.0,57.86,0,0.0,6084.096666666666,5988.911666666667,129.9093816751593,0.0,100.0,0.0,999,591,0.0,238.06,2,0.0,0.0,2026-06-29 19:53:58.413448+00:00
7,23.0,40.81,3,24342.8,-5962.992,-6688.261764705882,2453.2283326939178,0.0,100.0,0.0,999,740,0.0,607.74,3,2.0,0.0,2026-06-29 19:53:58.413448+00:00
112,0.0,30.81,1,11207.73,4118.425,2981.3295,1332.0183207041898,0.0,100.0,0.0,999,827,16.87,94.76,3,0.0,1.0,2026-06-29 19:53:58.413448+00:00
394,81.0,11.04,2,17249.85,-5223.315555555556,-4411.366296296296,2569.6882774622736,0.0,100.0,0.0,999,690,44.78,549.59,6,0.0,3.0,2026-06-29 19:53:58.413448+00:00
502,0.0,42.76,1,6840.69,7720.17,7966.320555555556,1364.7244587155158,0.0,100.0,0.0,999,693,173.89,335.17,3,1.0,2.0,2026-06-29 19:53:58.413448+00:00
618,23.0,41.33,3,23641.97,-20135.8175,-17522.083636363637,4277.623630794583,0.0,100.0,0.0,999,783,0.0,466.68,3,1.0,1.0,2026-06-29 19:53:58.413448+00:00
841,25.0,0.0,2,19375.31,-28457.955,-26764.50125,3807.221713318117,0.0,100.0,0.0,999,542,0.0,212.73,1,0.0,0.0,2026-06-29 19:53:58.413448+00:00
877,0.0,48.86,1,7784.2,7334.061428571428,6758.869047619048,1989.611025413438,0.0,100.0,0.0,999,794,47.1,230.99,3,1.0,3.0,2026-06-29 19:53:58.413448+00:00
1151,0.0,41.2,1,9380.74,3425.305,6865.2125,4537.167250831979,0.0,100.0,0.0,999,730,57.93,57.93,1,0.0,1.0,2026-06-29 19:53:58.413448+00:00
1256,37.0,28.06,1,7084.09,-1787.9575,-1656.9481818181819,144.39040995718278,0.0,100.0,0.0,999,764,239.82,426.46,3,1.0,0.0,2026-06-29 19:53:58.413448+00:00
1294,52.0,35.45,3,27849.43,-18612.485,-13135.0,5902.604712594132,0.0,100.0,0.0,999,840,95.66,413.85,3,0.0,1.0,2026-06-29 19:53:58.413448+00:00
1364,24.0,0.0,1,9827.45,-9325.573333333334,-3415.614666666667,8054.1835654455845,0.0,100.0,0.0,999,754,0.0,246.78,3,1.0,0.0,2026-06-29 19:53:58.413448+00:00
1820,26.0,15.04,1,12146.58,-18292.87,-18247.3,124.98626364525079,0.0,100.0,0.0,999,673,0.0,105.32,1,0.0,2.0,2026-06-29 19:53:58.413448+00:00
1840,36.0,14.15,3,23038.76,-7651.453333333333,-3209.9666666666667,5801.100179987253,0.0,100.0,0.0,999,723,256.56,10372.5,4,2.0,1.0,2026-06-29 19:53:58.413448+00:00
1929,26.0,11.65,1,5977.52,2406.62,-1845.3272727272727,1935.6992425362869,0.0,100.0,0.0,999,612,82.24,82.24,1,0.0,2.0,2026-06-29 19:53:58.413448+00:00
2048,63.0,0.0,2,17949.9,-10182.83,-10233.15625,127.82576871835133,0.0,100.0,0.0,999,709,81.24,407.78,3,1.0,0.0,2026-06-29 19:53:58.413448+00:00
90,0.0,135.16,0,0.0,11198.063333333334,11142.704285714286,95.55016997176229,0.0,100.0,0.0,999,694,0.0,159.45,2,3.0,0.0,2026-06-29 19:53:58.413448+00:00
231,0.0,12.15,0,0.0,6824.574,7040.93705882353,285.6209731087422,0.0,100.0,0.0,999,800,152.42,242.39,4,2.0,0.0,2026-06-29 19:53:58.413448+00:00
297,0.0,38.11,0,0.0,5305.06,5303.229090909091,99.62606755030127,0.0,100.0,0.0,999,789,107.91,307.49,4,0.0,2.0,2026-06-29 19:53:58.413448+00:00
686,0.0,42.5,0,0.0,8939.33,9093.43,94.72679240848397,0.0,100.0,0.0,999,850,0.0,158.92,1,0.0,0.0,2026-06-29 19:53:58.413448+00:00
801,0.0,32.49,0,0.0,4341.323333333334,5936.615555555555,2096.6180996443377,0.0,100.0,0.0,999,779,358.32,699.82,4,0.0,1.0,2026-06-29 19:53:58.413448+00:00
940,0.0,80.0,0,0.0,12100.03,12361.781428571428,195.24124091774846,0.0,100.0,0.0,999,699,46.62,179.56,2,0.0,0.0,2026-06-29 19:53:58.413448+00:00
1286,0.0,115.13,0,0.0,13473.035,13754.541176470588,301.3110799173653,0.0,100.0,0.0,999,762,243.74,497.91,1,1.0,0.0,2026-06-29 19:53:58.413448+00:00
1541,61.0,55.89,0,0.0,-8675.77,-8798.478888888889,128.9840877046464,0.0,100.0,0.0,999,673,0.0,126.34,2,0.0,1.0,2026-06-29 19:53:58.413448+00:00
2242,24.0,37.07,1,9556.58,-2062.6885714285713,-1757.8338461538463,360.36591368599994,0.0,100.0,0.0,999,676,228.5,822.75,6,1.0,1.0,2026-06-29 19:53:58.413448+00:00
2503,20.0,0.0,1,7689.17,-6054.87,-5830.607647058823,296.6157414713207,0.0,100.0,0.0,999,722,228.42,627.39,6,1.0,0.0,2026-06-29 19:53:58.413448+00:00
2621,0.0,61.75,1,6527.41,10919.018333333333,11333.812307692308,460.22440867562455,0.0,100.0,0.0,999,670,0.0,407.39,3,2.0,1.0,2026-06-29 19:53:58.413448+00:00
2638,19.0,41.94,1,6213.83,-6179.85,-5839.146111111111,7729.965023564064,0.0,100.0,0.0,999,786,192.84,192.84,2,1.0,1.0,2026-06-29 19:53:58.413448+00:00
2975,9.0,77.89,3,23607.59,-5340.553333333333,55.906190476190474,7412.172621883208,0.0,100.0,0.0,999,659,0.0,421.66,2,0.0,0.0,2026-06-29 19:53:58.413448+00:00
3015,34.0,0.0,2,12774.45,-16521.738,-16493.814,139.80665586444727,0.0,100.0,0.0,999,626,102.53,344.23,3,1.0,2.0,2026-06-29 19:53:58.413448+00:00
3476,0.0,0.0,1,8040.99,19502.47,26343.722857142857,2643.4259381006746,0.0,100.0,0.0,999,657,0.0,8040.99,1,0.0,0.0,2026-06-29 19:53:58.413448+00:00
3585,50.0,35.36,2,16777.91,-19587.237142857142,-19261.942,359.05809450468223,0.0,100.0,0.0,999,712,211.56,604.12,7,0.0,0.0,2026-06-29 19:53:58.413448+00:00
3695,104.0,77.07,3,23102.02,-9683.5675,-8575.009393939394,4066.304642183374,0.0,100.0,0.0,999,728,348.63,1074.41,6,1.0,0.0,2026-06-29 19:53:58.413448+00:00
3699,95.0,27.65,6,46086.94,-19977.015833333335,-18931.967741935485,2777.6940357227513,0.0,100.0,0.0,999,741,89.1,8372.95,6,3.0,2.0,2026-06-29 19:53:58.413448+00:00
3873,28.0,36.01,1,11846.91,-1310.402,-1244.8766666666668,143.89191823494926,0.0,100.0,0.0,999,788,218.3,576.67,3,2.0,1.0,2026-06-29 19:53:58.413448+00:00
3903,30.0,0.0,1,8080.92,-5985.73,-5675.906666666667,183.55299555653627,0.0,100.0,0.0,999,687,0.0,102.43,1,0.0,0.0,2026-06-29 19:53:58.413448+00:00
2101,0.0,42.39,0,0.0,18711.3,18974.316,194.98774772790213,0.0,100.0,0.0,999,642,136.6,185.66,1,1.0,1.0,2026-06-29 19:53:58.413448+00:00
2545,0.0,0.0,0,0.0,10933.475,11119.024,157.23454157404453,0.0,100.0,0.0,999,652,0.0,397.7,1,0.0,0.0,2026-06-29 19:53:58.413448+00:00
2696,1.0,0.0,0,0.0,7121.42,7305.48,260.10052072227734,0.0,100.0,0.0,999,711,0.0,612.36,3,0.0,0.0,2026-06-29 19:53:58.413448+00:00
2705,0.0,0.0,0,0.0,350.10333333333335,516.1863636363636,198.44715739381593,0.0,100.0,0.0,999,694,0.0,393.12,3,0.0,0.0,2026-06-29 19:53:58.413448+00:00
2876,33.0,70.15,0,0.0,2892.1566666666668,6211.033157894737,8021.726932809978,0.0,100.0,0.0,999,746,0.0,454.37,3,2.0,2.0,2026-06-29 19:53:58.413448+00:00
3292,0.0,26.72,0,0.0,9765.18,9661.386666666667,144.53137683177616,0.0,100.0,0.0,999,850,0.0,34.9,1,0.0,0.0,2026-06-29 19:53:58.413448+00:00
3772,0.0,0.0,0,0.0,10724.933333333332,10715.7325,22.940604149629305,0.0,100.0,0.0,999,725,0.0,46.67,1,0.0,0.0,2026-06-29 19:53:58.413448+00:00
3942,0.0,15.98,0,0.0,22706.59,22792.625,94.1034137266009,0.0,100.0,0.0,999,759,0.0,110.76,1,0.0,0.0,2026-06-29 19:53:58.413448+00:00
4662,2.0,11.54,2,17306.5,1720.2625,1908.8252631578948,1475.2556392445692,0.0,100.0,0.0,999,651,288.86,1331.66,9,0.0,0.0,2026-06-29 19:53:58.413448+00:00
4916,73.0,53.09,1,10710.86,-8648.698,-8327.797857142858,276.4551227900051,0.0,100.0,0.0,999,601,0.0,478.47,5,0.0,1.0,2026-06-29 19:53:58.413448+00:00
4973,0.0,0.0,1,6831.48,8610.29,8866.969166666666,261.892416125984,0.0,100.0,0.0,999,690,52.18,441.21,4,0.0,2.0,2026-06-29 19:53:58.413448+00:00
4256,4.0,0.0,0,0.0,-117.185,79.10076923076923,174.15581628404527,0.0,100.0,0.0,999,749,0.0,266.09,3,2.0,2.0,2026-06-29 19:53:58.413448+00:00
4979,0.0,0.0,0,0.0,1958.8833333333334,1889.005,112.86810130265623,0.0,100.0,0.0,999,779,35.23,35.23,1,0.0,1.0,2026-06-29 19:53:58.413448+00:00
233,60.0,84.06,1,7992.86,-34310.676,-20168.15,17813.0589909538,0.0,100.0,0.0,72,718,0.0,212.38,2,1.0,1.0,2026-06-29 19:53:58.413448+00:00
605,0.0,16.25,1,10858.26,15941.43,12535.39357142857,2648.4572390020235,0.0,100.0,0.0,101,588,0.0,432.08,2,1.0,0.0,2026-06-29 19:53:58.413448+00:00
746,29.0,29.22,4,36539.72,14897.3,5350.318461538462,14041.608493301585,0.0,100.0,0.0,20,802,0.0,393.38,6,0.0,1.0,2026-06-29 19:53:58.413448+00:00
896,60.0,102.43,2,20591.09,-1392.86,-3480.054722222222,12725.296964042942,0.0,100.0,0.0,37,805,297.11,1439.9,7,1.0,1.0,2026-06-29 19:53:58.413448+00:00
932,44.0,78.96,1,6390.69,9515.154545454545,10532.976,9960.667048473693,0.0,100.0,0.0,87,754,89.77,1163.21,8,3.0,1.0,2026-06-29 19:53:58.413448+00:00
1015,37.0,0.0,2,19101.99,-5734.418333333333,-1377.0052173913043,12986.258638484307,0.0,100.0,0.0,126,741,18.02,545.07,3,3.0,1.0,2026-06-29 19:53:58.413448+00:00
1022,0.0,86.24,5,35283.03,9496.773157894737,9909.632954545454,8056.978811270569,0.0,100.0,0.0,49,743,287.86,923.18,9,0.0,1.0,2026-06-29 19:53:58.413448+00:00
1129,43.0,110.51,1,10173.77,4643.601538461538,12622.702830188678,8858.184373257567,0.0,100.0,0.0,52,690,258.91,10991.51,8,2.0,1.0,2026-06-29 19:53:58.413448+00:00
1232,0.0,96.65,1,7408.71,7613.0925,8783.195172413793,5788.480620661159,0.0,100.0,0.0,39,650,110.05,713.54,4,0.0,0.0,2026-06-29 19:53:58.413448+00:00
1281,74.0,92.17,3,28647.74,6975.150909090909,1426.4187096774194,9722.458602830873,0.0,100.0,0.0,51,793,0.0,191.04,2,3.0,1.0,2026-06-29 19:53:58.413448+00:00
1376,0.0,30.11,1,9250.26,5844.626,8016.25625,3944.2188056633518,0.0,100.0,0.0,17,758,96.89,163.04,1,2.0,0.0,2026-06-29 19:53:58.413448+00:00
1384,119.0,61.56,4,37127.17,-13399.84,-13680.07,15301.651298643435,0.0,100.0,0.0,95,672,123.42,1311.99,11,2.0,1.0,2026-06-29 19:53:58.413448+00:00
1459,0.0,11.63,1,8712.98,13547.07,13377.102777777778,239.8575831451733,0.0,100.0,0.0,94,696,0.0,302.26,2,1.0,0.0,2026-06-29 19:53:58.413448+00:00
1555,24.0,60.15,3,26486.25,-2714.05,-5196.621071428572,11589.364347208108,0.0,100.0,0.0,50,836,75.54,75.54,1,3.0,0.0,2026-06-29 19:53:58.413448+00:00
1588,0.0,0.0,4,32187.06,3393.7233333333334,7871.633846153846,3214.51939100733,0.0,100.0,0.0,77,659,0.0,9351.41,1,1.0,0.0,2026-06-29 19:53:58.413448+00:00
1796,0.0,0.0,1,10403.3,22568.474,16274.130909090909,5748.850117223371,0.0,100.0,0.0,89,770,0.0,595.02,3,0.0,1.0,2026-06-29 19:53:58.413448+00:00
1910,0.0,50.9,2,15052.08,26943.638333333332,23370.84269230769,8299.934232294374,0.0,100.0,0.0,52,751,0.0,80.55,1,3.0,0.0,2026-06-29 19:53:58.413448+00:00
1990,73.0,134.8,4,34609.52,322.89666666666665,3247.319756097561,14741.83479066746,0.0,100.0,0.0,23,741,190.29,13061.85,6,4.0,1.0,2026-06-29 19:53:58.413448+00:00
25,0.0,33.07,0,0.0,17700.391,18429.75925925926,9156.750386175678,0.0,100.0,0.0,35,773,183.85,605.1,7,2.0,2.0,2026-06-29 19:53:58.413448+00:00
219,21.0,40.37,0,0.0,15803.1,18098.14125,11987.036924853905,0.0,100.0,0.0,17,788,0.0,339.1,2,0.0,1.0,2026-06-29 19:53:58.413448+00:00
449,0.0,50.45,0,0.0,17602.725555555557,14754.0785,8709.77489826877,0.0,100.0,0.0,123,661,559.84,602.79,3,2.0,1.0,2026-06-29 19:53:58.413448+00:00
890,0.0,96.78,0,0.0,6340.34,6231.455,230.97627917787807,0.0,100.0,0.0,121,735,0.0,44.35,1,1.0,0.0,2026-06-29 19:53:58.413448+00:00
1241,0.0,99.52,0,0.0,8401.055714285714,12455.541333333333,8323.105364872663,0.0,100.0,0.0,41,642,0.0,202.74,2,2.0,2.0,2026-06-29 19:53:58.413448+00:00
1264,0.0,88.46,0,0.0,16744.826,16087.804,1387.8618158630445,0.0,100.0,0.0,42,656,24.45,101.21,2,1.0,1.0,2026-06-29 19:53:58.413448+00:00
1269,2.0,32.26,0,0.0,7377.138571428572,8161.7,9050.069154834506,0.0,100.0,0.0,103,694,0.0,269.54,4,1.0,1.0,2026-06-29 19:53:58.413448+00:00
1277,60.0,155.33,0,0.0,5516.27294117647,7286.0436956521735,12483.894405823892,0.0,100.0,0.0,79,671,559.29,1332.08,9,1.0,0.0,2026-06-29 19:53:58.413448+00:00
1580,0.0,27.8,0,0.0,3676.3033333333333,3705.344,67.7533009085166,0.0,100.0,0.0,16,755,0.0,202.06,3,0.0,0.0,2026-06-29 19:53:58.413448+00:00
1740,0.0,37.73,0,0.0,10593.39,10255.3475,2419.52124721891,0.0,100.0,0.0,43,731,0.0,603.24,3,1.0,3.0,2026-06-29 19:53:58.413448+00:00
1743,0.0,0.0,0,0.0,611.55,611.55,56.49457732089576,0.0,100.0,0.0,8,774,113.81,190.11,1,1.0,0.0,2026-06-29 19:53:58.413448+00:00
1933,0.0,0.0,0,0.0,15084.6775,14579.378333333334,437.28886293527063,0.0,100.0,0.0,103,647,0.0,120.61,2,2.0,0.0,2026-06-29 19:53:58.413448+00:00
2026,0.0,0.0,0,0.0,21940.298,20632.289,9721.997736463512,0.0,100.0,0.0,114,845,65.92,325.74,3,0.0,0.0,2026-06-29 19:53:58.413448+00:00
2042,0.0,19.81,0,0.0,8554.482,7922.261578947368,1398.4352120561605,0.0,100.0,0.0,96,639,0.0,440.41,3,1.0,0.0,2026-06-29 19:53:58.413448+00:00
2150,82.0,26.89,5,39784.05,-4554.339285714285,-1904.66,13185.291353060778,0.0,100.0,0.0,3,750,138.73,1066.13,8,2.0,0.0,2026-06-29 19:53:58.413448+00:00
2195,43.0,109.43,2,16631.9,2662.501,2283.2858974358974,5955.230643059589,0.0,100.0,0.0,68,676,220.01,628.42,6,3.0,1.0,2026-06-29 19:53:58.413448+00:00
2379,78.0,0.0,5,49073.06,1833.406,-948.8603225806452,11893.73375127869,0.0,100.0,0.0,1,744,0.0,67.91,1,0.0,0.0,2026-06-29 19:53:58.413448+00:00
2412,54.0,58.79,2,22841.01,-21739.068333333333,-11319.315625,15231.265528488584,0.0,100.0,0.0,84,751,0.0,723.16,6,0.0,0.0,2026-06-29 19:53:58.413448+00:00
2476,0.0,78.62,1,6739.03,6118.375714285714,5279.8,4298.889205800545,0.0,100.0,0.0,105,673,95.25,284.59,3,1.0,1.0,2026-06-29 19:53:58.413448+00:00
2709,20.0,50.34,2,18390.04,17582.29,16964.782857142858,14934.93632230484,0.0,100.0,0.0,112,715,262.62,1054.84,9,1.0,4.0,2026-06-29 19:53:58.413448+00:00
2721,44.0,80.64,1,9726.16,-1798.6128571428571,-5900.312380952381,5111.382118825632,0.0,100.0,0.0,14,703,186.2,755.62,5,0.0,2.0,2026-06-29 19:53:58.413448+00:00
2788,27.0,40.79,1,5161.85,10033.765,9180.655294117647,8513.41134194618,0.0,100.0,0.0,75,661,0.0,226.47,3,0.0,0.0,2026-06-29 19:53:58.413448+00:00
2941,19.0,108.76,1,11450.78,5618.842857142857,7686.550869565217,7481.175982640879,0.0,100.0,0.0,23,666,0.0,151.33,2,1.0,0.0,2026-06-29 19:53:58.413448+00:00
2957,0.0,111.73,1,8704.14,11726.5025,11871.009210526316,7551.060251353354,0.0,100.0,0.0,101,666,8756.79,9240.02,7,0.0,0.0,2026-06-29 19:53:58.413448+00:00
2961,42.0,182.49,1,10966.8,4234.424285714285,13225.617826086956,13024.701390731434,0.0,100.0,0.0,6,572,149.77,564.97,4,0.0,1.0,2026-06-29 19:53:58.413448+00:00
3071,114.0,29.19,3,27242.97,-8709.763529411764,-7830.642894736842,3895.062483065708,0.0,100.0,0.0,44,656,421.95,976.41,10,2.0,4.0,2026-06-29 19:53:58.413448+00:00
3073,39.0,55.15,1,7380.42,7532.860833333333,9061.7675,9849.714109550876,0.0,100.0,0.0,33,722,480.87,1228.16,7,1.0,1.0,2026-06-29 19:53:58.413448+00:00
3162,5.0,43.21,1,7965.9,-1104.11,3540.0941666666668,3927.790571484301,0.0,100.0,0.0,35,640,0.0,8289.51,3,0.0,0.0,2026-06-29 19:53:58.413448+00:00
3177,35.0,17.31,2,18083.69,-9606.817142857142,-7788.521,4007.583842948142,0.0,100.0,0.0,104,728,15.66,516.2,4,1.0,0.0,2026-06-29 19:53:58.413448+00:00
3265,36.0,32.34,3,28757.0,-19040.678,-9446.791875,21564.747833155623,0.0,100.0,0.0,114,761,295.97,450.09,2,1.0,2.0,2026-06-29 19:53:58.413448+00:00
3374,69.0,100.15,4,35236.68,6181.865,1051.441346153846,12948.970266635259,0.0,100.0,0.0,44,650,286.78,1343.86,12,1.0,3.0,2026-06-29 19:53:58.413448+00:00
3405,0.0,15.55,1,6067.63,3635.73,3628.5466666666666,120.53106308748788,0.0,100.0,0.0,133,724,86.28,251.4,3,1.0,0.0,2026-06-29 19:53:58.413448+00:00
3496,14.0,110.24,3,25873.19,900.5916666666667,2208.2388,2235.3091331774585,0.0,100.0,0.0,141,799,304.76,535.29,3,3.0,2.0,2026-06-29 19:53:58.413448+00:00
3752,12.0,14.2,2,17922.62,-1504.9171428571428,847.6070833333333,3060.777442001023,0.0,100.0,0.0,31,850,0.0,374.04,4,1.0,0.0,2026-06-29 19:53:58.413448+00:00
3800,45.0,0.0,3,28700.44,3618.647142857143,-1236.82,7448.277308846401,0.0,100.0,0.0,125,653,518.94,576.59,5,0.0,1.0,2026-06-29 19:53:58.413448+00:00
2694,22.0,0.0,0,0.0,14268.8725,13664.175555555556,1636.8558971129921,0.0,100.0,0.0,120,795,198.49,236.14,1,2.0,0.0,2026-06-29 19:53:58.413448+00:00
2794,35.0,144.33,0,0.0,10842.733333333334,3791.177857142857,8075.476060798591,0.0,100.0,0.0,56,680,0.0,46.27,1,1.0,1.0,2026-06-29 19:53:58.413448+00:00
2912,0.0,44.91,0,0.0,6023.935,5390.842380952381,1195.6369744235149,0.0,100.0,0.0,97,788,0.0,401.09,3,3.0,0.0,2026-06-29 19:53:58.413448+00:00
2959,0.0,0.0,0,0.0,25073.8,18375.047586206896,13078.647235319193,0.0,100.0,0.0,49,647,0.0,572.29,5,3.0,0.0,2026-06-29 19:53:58.413448+00:00
3005,28.0,12.93,0,0.0,13640.030833333334,12089.694324324324,9400.2069668809,0.0,100.0,0.0,121,667,261.4,1010.37,8,2.0,2.0,2026-06-29 19:53:58.413448+00:00
3441,0.0,0.0,0,0.0,12678.78,12551.631428571429,138.94407533028433,0.0,100.0,0.0,93,752,30.76,30.76,1,0.0,0.0,2026-06-29 19:53:58.413448+00:00
3522,1.0,141.54,0,0.0,14014.896,14352.23,6605.483563393155,0.0,100.0,0.0,96,727,483.67,1171.62,6,2.0,1.0,2026-06-29 19:53:58.413448+00:00
4151,0.0,89.03,1,8066.18,13999.595,14157.647692307692,220.0029676776707,0.0,100.0,0.0,46,624,0.0,527.67,3,1.0,0.0,2026-06-29 19:53:58.413448+00:00
4209,24.0,81.64,1,9903.93,8287.261428571428,6833.226086956522,3493.8151260810173,0.0,100.0,0.0,34,707,0.0,303.92,1,0.0,2.0,2026-06-29 19:53:58.413448+00:00
4338,11.0,108.62,2,20317.64,15368.26875,13411.76487804878,11015.09542273426,0.0,100.0,0.0,115,745,717.78,2070.66,13,1.0,1.0,2026-06-29 19:53:58.413448+00:00
4438,0.0,75.71,1,7424.35,7010.750625,6658.463333333333,2237.374133412826,0.0,100.0,0.0,133,674,540.43,1047.84,7,3.0,0.0,2026-06-29 19:53:58.413448+00:00
4493,0.0,76.3,1,6476.29,4176.933333333333,3831.181111111111,381.0874956823329,0.0,100.0,0.0,56,673,0.0,113.36,1,0.0,0.0,2026-06-29 19:53:58.413448+00:00
4506,60.0,94.4,4,38320.04,-1661.6754545454546,-4186.478518518518,12204.813454535879,0.0,100.0,0.0,37,850,473.25,833.84,4,0.0,1.0,2026-06-29 19:53:58.413448+00:00
4572,40.0,107.66,6,47530.36,-1232.6855555555555,2182.1475,11615.386959170803,0.0,100.0,0.0,121,649,64.36,1041.18,8,1.0,1.0,2026-06-29 19:53:58.413448+00:00
4675,39.0,0.0,2,14402.71,-2177.336,-3452.9982352941174,8917.007621566116,0.0,100.0,0.0,26,569,88.54,211.03,2,0.0,0.0,2026-06-29 19:53:58.413448+00:00
4746,13.0,75.24,2,19027.53,-1933.44,144.68666666666667,4345.5048968068395,0.0,100.0,0.0,34,696,211.03,377.86,5,1.0,0.0,2026-06-29 19:53:58.413448+00:00
4251,28.0,17.99,0,0.0,11818.9825,12063.583333333334,180.8311971855396,0.0,100.0,0.0,100,666,0.0,310.34,2,0.0,1.0,2026-06-29 19:53:58.413448+00:00
4290,0.0,0.0,0,0.0,30444.03,29785.25176470588,2572.000202365364,0.0,100.0,0.0,22,659,0.0,183.9,2,0.0,0.0,2026-06-29 19:53:58.413448+00:00
4709,0.0,49.33,0,0.0,15916.248,15862.07,189.48942796103415,0.0,100.0,0.0,68,677,401.34,605.15,3,0.0,0.0,2026-06-29 19:53:58.413448+00:00
4734,0.0,19.77,0,0.0,8122.77,8198.876,116.34215514593137,0.0,100.0,0.0,46,850,0.0,34.15,1,0.0,0.0,2026-06-29 19:53:58.413448+00:00
78,106.0,168.71,5,53060.02,-7217.675,-3532.807619047619,5690.461985610254,0.0,100.0,0.0,18,677,346.32,647.59,5,2.0,3.0,2026-06-29 19:53:58.413448+00:00
106,63.0,61.64,6,61859.53,-6596.246666666667,-4916.208684210526,5266.3839746062085,0.0,100.0,0.0,98,608,36.83,12700.1,5,0.0,0.0,2026-06-29 19:53:58.413448+00:00
214,15.0,101.38,1,8795.47,15173.763846153846,13231.488181818182,8727.051188154384,0.0,100.0,0.0,139,823,155.74,924.61,7,3.0,1.0,2026-06-29 19:53:58.413448+00:00
291,18.0,58.13,2,21343.58,281.6425,1170.79,3063.681199594932,0.0,100.0,0.0,141,780,0.0,467.54,3,1.0,1.0,2026-06-29 19:53:58.413448+00:00
300,38.0,91.37,5,33983.94,2639.4327272727273,4761.987837837838,7963.552694890857,0.0,100.0,0.0,74,677,315.54,851.67,5,2.0,1.0,2026-06-29 19:53:58.413448+00:00
353,0.0,64.02,1,6784.64,7851.459,8565.442222222222,3656.850115724302,0.0,100.0,0.0,139,637,183.28,1392.16,6,0.0,2.0,2026-06-29 19:53:58.413448+00:00
384,7.0,118.43,1,11268.5,362.532,4603.888461538461,7399.045009104315,0.0,100.0,0.0,4,694,244.32,311.55,1,1.0,1.0,2026-06-29 19:53:58.413448+00:00
672,96.0,63.46,3,21583.57,-8889.272,-6115.0092,9958.40551340936,0.0,100.0,0.0,55,734,0.0,407.89,3,0.0,1.0,2026-06-29 19:53:58.413448+00:00
730,39.0,75.53,2,15707.41,-4651.232,-5251.488857142857,17335.724640994926,0.0,100.0,0.0,46,805,256.68,9008.7,13,1.0,0.0,2026-06-29 19:53:58.413448+00:00
787,0.0,13.04,1,10476.97,12025.728,12328.0725,317.2634631993576,0.0,100.0,0.0,76,596,0.0,475.49,6,0.0,0.0,2026-06-29 19:53:58.413448+00:00
842,62.0,0.0,2,13054.72,-1553.672857142857,-2220.317037037037,5611.718191398044,0.0,100.0,0.0,13,611,141.95,812.46,4,1.0,1.0,2026-06-29 19:53:58.413448+00:00
892,58.0,93.21,3,19671.12,-1424.815,-2294.185,3184.906425864424,0.0,100.0,0.0,107,763,261.55,575.3,3,0.0,0.0,2026-06-29 19:53:58.413448+00:00
1020,7.0,29.15,2,15669.68,-2295.93,3253.7390476190476,4223.334969638393,0.0,100.0,0.0,112,663,7619.81,7701.07,4,0.0,1.0,2026-06-29 19:53:58.413448+00:00
1028,0.0,45.95,1,11112.9,29032.284,27116.45,19026.947623163516,0.0,100.0,0.0,74,766,67.82,327.43,4,1.0,1.0,2026-06-29 19:53:58.413448+00:00
1091,0.0,24.28,1,8294.15,7416.94,9428.875238095237,4963.043302181606,0.0,100.0,0.0,12,674,178.93,238.25,2,0.0,0.0,2026-06-29 19:53:58.413448+00:00
1101,63.0,47.75,4,42695.67,3531.542857142857,7282.779841269841,14618.206171364329,0.0,100.0,0.0,78,850,0.0,12565.51,4,2.0,1.0,2026-06-29 19:53:58.413448+00:00
1166,112.0,20.95,2,22834.29,-10114.226470588235,-6899.019210526316,15204.170863645377,0.0,100.0,0.0,126,735,207.23,1548.92,9,2.0,1.0,2026-06-29 19:53:58.413448+00:00
1220,59.0,142.49,3,25084.36,791.9077777777778,-537.5017647058824,9587.782153629154,0.0,100.0,0.0,117,593,0.0,402.31,4,0.0,1.0,2026-06-29 19:53:58.413448+00:00
1273,0.0,0.0,1,6253.92,14708.51,14178.273333333333,373.4323894703771,0.0,100.0,0.0,98,540,101.02,101.02,1,0.0,1.0,2026-06-29 19:53:58.413448+00:00
1635,18.0,82.96,2,16116.63,12903.648461538462,11886.4784375,10435.754272397822,0.0,100.0,0.0,91,689,227.04,923.2,5,2.0,4.0,2026-06-29 19:53:58.413448+00:00
1676,6.0,0.0,1,5900.23,9410.4475,9154.66090909091,1820.2362518400364,0.0,100.0,0.0,32,850,0.0,986.63,7,1.0,1.0,2026-06-29 19:53:58.413448+00:00
1772,14.0,39.32,2,20532.81,-7951.765,-6538.5842105263155,10497.799195726851,0.0,100.0,0.0,140,606,0.0,79.69,1,1.0,0.0,2026-06-29 19:53:58.413448+00:00
1777,34.0,106.58,4,35328.7,-16229.363333333333,-8956.783461538462,10423.089213887823,0.0,100.0,0.0,60,633,195.23,12005.68,7,2.0,0.0,2026-06-29 19:53:58.413448+00:00
1874,20.0,118.92,2,13808.0,1578.074,5060.439565217392,5838.93290613449,0.0,100.0,0.0,96,727,5432.24,5733.37,5,1.0,0.0,2026-06-29 19:53:58.413448+00:00
1945,35.0,164.23,3,24027.21,2520.92,3029.71725,14969.594111431677,0.0,100.0,0.0,10,704,692.14,1532.08,11,1.0,1.0,2026-06-29 19:53:58.413448+00:00
352,0.0,36.18,0,0.0,12256.762,12509.1,281.7995195879508,0.0,100.0,0.0,86,824,225.18,818.46,5,0.0,0.0,2026-06-29 19:53:58.413448+00:00
921,0.0,0.0,0,0.0,21178.513333333332,21095.52375,144.85477625010924,0.0,100.0,0.0,61,707,267.49,324.48,3,1.0,0.0,2026-06-29 19:53:58.413448+00:00
1076,0.0,30.35,0,0.0,4865.475,5948.757619047619,3191.634278478842,0.0,100.0,0.0,101,631,0.0,135.6,2,0.0,1.0,2026-06-29 19:53:58.413448+00:00
1169,0.0,0.0,0,0.0,7030.084,7015.08,109.45950319638766,0.0,100.0,0.0,135,626,171.53,248.44,2,1.0,0.0,2026-06-29 19:53:58.413448+00:00
1292,0.0,37.59,0,0.0,10948.836,10610.028235294118,370.63514272974436,0.0,100.0,0.0,4,603,164.66,299.76,3,1.0,0.0,2026-06-29 19:53:58.413448+00:00
1833,0.0,87.88,0,0.0,16050.546,11927.936923076923,5155.642580498775,0.0,100.0,0.0,137,742,532.54,532.54,3,0.0,0.0,2026-06-29 19:53:58.413448+00:00
1937,0.0,45.21,0,0.0,24488.3975,20046.72909090909,4853.303059110558,0.0,100.0,0.0,111,779,423.74,466.14,4,0.0,1.0,2026-06-29 19:53:58.413448+00:00
2015,0.0,41.84,0,0.0,13277.79875,15210.164545454545,8624.213052060686,0.0,100.0,0.0,43,630,76.75,994.04,6,1.0,0.0,2026-06-29 19:53:58.413448+00:00
2097,25.0,72.88,3,30669.93,-6536.474,-5906.699333333333,9658.510062939395,0.0,100.0,0.0,52,793,0.0,445.68,4,1.0,2.0,2026-06-29 19:53:58.413448+00:00
2229,56.0,25.86,4,32814.28,-20660.906666666666,-20316.826153846156,255.58683863846963,0.0,100.0,0.0,123,723,0.0,132.06,1,0.0,1.0,2026-06-29 19:53:58.413448+00:00
2248,14.0,82.95,2,12597.22,11359.627142857144,10461.091428571428,9262.570998289573,0.0,100.0,0.0,116,644,0.0,268.79,2,1.0,0.0,2026-06-29 19:53:58.413448+00:00
2359,25.0,44.4,2,11992.52,12085.065714285714,9627.743793103447,9743.71645756998,0.0,100.0,0.0,55,633,154.75,1045.92,5,2.0,0.0,2026-06-29 19:53:58.413448+00:00
2437,35.0,0.0,2,20520.96,-23304.333333333332,-23826.280833333334,416.9292448457393,0.0,100.0,0.0,143,742,0.0,66.02,1,0.0,2.0,2026-06-29 19:53:58.413448+00:00
2446,0.0,13.35,1,8521.95,15760.01,15387.411,283.72364132902277,0.0,100.0,0.0,21,530,0.0,64.51,1,0.0,0.0,2026-06-29 19:53:58.413448+00:00
2566,76.0,97.28,3,22326.68,-9372.165454545455,-4803.268285714285,10871.386404745279,0.0,100.0,0.0,58,696,123.71,581.15,6,4.0,0.0,2026-06-29 19:53:58.413448+00:00
2605,20.0,63.04,2,17851.03,-2423.3375,-1618.3475,5213.831514492606,0.0,100.0,0.0,129,576,0.0,361.45,3,1.0,1.0,2026-06-29 19:53:58.413448+00:00
2656,16.0,0.0,1,9402.89,-917.6666666666666,-795.43375,128.2581743922683,0.0,100.0,0.0,40,602,291.91,378.47,2,0.0,0.0,2026-06-29 19:53:58.413448+00:00
2677,2.0,0.0,1,9877.36,1540.3266666666666,3234.6023076923075,2163.242605204418,0.0,100.0,0.0,138,792,113.86,302.34,2,0.0,0.0,2026-06-29 19:53:58.413448+00:00
2755,37.0,38.11,1,10995.45,9767.98111111111,5963.252258064516,7610.321345831004,0.0,100.0,0.0,66,655,0.0,195.31,4,0.0,2.0,2026-06-29 19:53:58.413448+00:00
2757,32.0,79.8,1,10412.71,7367.906666666667,-1434.2854545454545,5992.780647021523,0.0,100.0,0.0,97,754,0.0,100.15,1,0.0,0.0,2026-06-29 19:53:58.413448+00:00
2785,16.0,159.09,2,18502.14,17419.09181818182,18144.046923076923,21824.96298950275,0.0,100.0,0.0,113,762,606.61,1431.27,8,2.0,1.0,2026-06-29 19:53:58.413448+00:00
2805,52.0,99.88,3,26527.26,-13491.304285714286,-12623.59375,16517.504475429447,0.0,100.0,0.0,46,729,0.0,640.17,4,2.0,1.0,2026-06-29 19:53:58.413448+00:00
2858,22.0,26.61,2,21583.52,-11885.3275,-13639.005294117647,10189.94013946465,0.0,100.0,0.0,125,696,280.17,538.35,4,0.0,0.0,2026-06-29 19:53:58.413448+00:00
2869,99.0,0.0,3,31713.24,-4719.9325,-4210.982222222222,13173.05204294657,0.0,100.0,0.0,3,737,104.09,466.21,6,1.0,2.0,2026-06-29 19:53:58.413448+00:00
2960,0.0,81.83,1,6546.68,13741.818181818182,11003.5746875,4424.49410311435,0.0,100.0,0.0,19,587,170.75,360.42,4,2.0,1.0,2026-06-29 19:53:58.413448+00:00
2992,71.0,240.82,1,10361.0,-14784.716,-8999.50625,18207.774762479625,0.0,100.0,0.0,116,663,125.44,360.66,4,0.0,2.0,2026-06-29 19:53:58.413448+00:00
3017,0.0,0.0,2,15769.01,1702.34,3738.822857142857,2809.4958479730044,0.0,100.0,0.0,44,796,0.0,373.29,2,0.0,0.0,2026-06-29 19:53:58.413448+00:00
3025,46.0,59.05,3,26945.05,511.67,-1931.3833333333334,14498.677641914974,0.0,100.0,0.0,26,746,0.0,132.2,2,2.0,0.0,2026-06-29 19:53:58.413448+00:00
3102,59.0,172.58,5,51106.28,-30177.47111111111,-20822.6348,22207.53883474746,0.0,100.0,0.0,89,693,171.26,1661.53,7,0.0,1.0,2026-06-29 19:53:58.413448+00:00
3154,54.0,47.31,1,8474.58,11488.253636363637,10695.661,7346.670306516086,0.0,100.0,0.0,44,656,47.98,647.84,4,4.0,0.0,2026-06-29 19:53:58.413448+00:00
3175,38.0,44.73,2,19117.39,2058.481052631579,-395.95525,11104.92093158929,0.0,100.0,0.0,66,723,106.56,791.32,5,0.0,1.0,2026-06-29 19:53:58.413448+00:00
3262,0.0,15.06,1,9165.43,7537.195,7719.556666666666,859.0700489097266,0.0,100.0,0.0,89,682,155.38,631.54,7,1.0,0.0,2026-06-29 19:53:58.413448+00:00
3274,9.0,44.24,3,22871.89,1499.375,3251.6515,4715.028025552844,0.0,100.0,0.0,111,754,69.02,350.98,3,1.0,1.0,2026-06-29 19:53:58.413448+00:00
3284,25.0,178.88,3,27142.28,7557.432105263158,7442.728108108108,15404.147650652001,0.0,100.0,0.0,57,532,320.17,1690.16,10,3.0,2.0,2026-06-29 19:53:58.413448+00:00
3594,0.0,44.93,1,8811.76,5458.113333333334,5293.078076923077,1966.8621949284118,0.0,100.0,0.0,37,756,0.0,481.97,3,3.0,2.0,2026-06-29 19:53:58.413448+00:00
3723,56.0,114.38,4,43108.58,-25193.5525,-15982.641785714286,20543.802366961743,0.0,100.0,0.0,110,634,555.83,972.51,7,2.0,1.0,2026-06-29 19:53:58.413448+00:00
3766,25.0,264.04,2,21877.15,2429.1036363636363,3452.3458333333333,10710.743015103577,0.0,100.0,0.0,131,730,0.0,901.79,7,1.0,1.0,2026-06-29 19:53:58.413448+00:00
3817,0.0,121.67,1,10039.11,13460.15,14801.607083333334,2021.448441094613,0.0,100.0,0.0,116,759,0.0,10723.0,6,0.0,0.0,2026-06-29 19:53:58.413448+00:00
3991,18.0,24.57,2,18311.3,4477.96,2978.646129032258,6966.100244757061,0.0,100.0,0.0,82,685,322.17,734.71,7,1.0,1.0,2026-06-29 19:53:58.413448+00:00
4035,51.0,0.0,2,17283.3,-9351.955,-5976.955,3498.8570448076325,0.0,100.0,0.0,26,666,0.0,6593.78,2,1.0,0.0,2026-06-29 19:53:58.413448+00:00
4048,8.0,59.41,2,21581.19,14680.2625,14126.762894736843,12617.320833481022,0.0,100.0,0.0,1,748,242.91,1352.96,10,1.0,4.0,2026-06-29 19:53:58.413448+00:00
2372,0.0,0.0,0,0.0,14375.235,14371.156666666666,63.97425489123604,0.0,100.0,0.0,6,657,0.0,110.56,2,1.0,0.0,2026-06-29 19:53:58.413448+00:00
2517,0.0,52.41,0,0.0,13269.385454545454,13985.4012,3997.3732307747496,0.0,100.0,0.0,104,690,656.04,1261.14,10,4.0,2.0,2026-06-29 19:53:58.413448+00:00
2592,0.0,35.53,0,0.0,6136.643333333333,6163.361666666667,123.93035011874834,0.0,100.0,0.0,83,823,0.0,371.69,2,0.0,0.0,2026-06-29 19:53:58.413448+00:00
3122,0.0,53.75,0,0.0,5291.743333333333,4574.767916666667,3481.3330641085995,0.0,100.0,0.0,89,810,127.46,954.63,3,0.0,0.0,2026-06-29 19:53:58.413448+00:00
3260,0.0,116.33,0,0.0,14555.15923076923,13762.688529411766,14780.714389941919,0.0,100.0,0.0,88,712,327.57,1112.85,6,1.0,3.0,2026-06-29 19:53:58.413448+00:00
3305,0.0,68.35,0,0.0,25873.945,26106.984705882354,239.47285791780428,0.0,100.0,0.0,8,657,49.28,350.29,3,0.0,0.0,2026-06-29 19:53:58.413448+00:00
3569,0.0,0.0,0,0.0,15337.285,15325.726363636364,268.7941055993578,0.0,100.0,0.0,114,850,0.0,169.19,1,0.0,0.0,2026-06-29 19:53:58.413448+00:00
3577,24.0,58.69,0,0.0,4864.6,9005.442857142858,6741.126815065255,0.0,100.0,0.0,32,830,0.0,168.89,1,2.0,1.0,2026-06-29 19:53:58.413448+00:00
3627,38.0,0.0,0,0.0,7539.711818181818,3550.3425,7869.187704234074,0.0,100.0,0.0,16,677,356.56,707.41,4,0.0,2.0,2026-06-29 19:53:58.413448+00:00
4179,61.0,55.29,2,18781.13,-16897.63,-16850.506,70.45781286244508,0.0,100.0,0.0,97,775,0.0,230.14,3,1.0,2.0,2026-06-29 19:53:58.413448+00:00
4220,64.0,62.18,3,30615.38,-7139.0775,-2378.4928571428572,4786.680024820015,0.0,100.0,0.0,132,588,173.22,675.78,4,3.0,1.0,2026-06-29 19:53:58.413448+00:00
4235,78.0,38.93,3,27649.69,-2898.9075,-1412.5721739130436,2481.8157109260997,0.0,100.0,0.0,131,661,241.58,726.98,4,2.0,1.0,2026-06-29 19:53:58.413448+00:00
4316,33.0,45.11,2,15469.18,1868.2733333333333,782.454090909091,3654.904391748733,0.0,100.0,0.0,38,643,348.33,418.46,4,2.0,0.0,2026-06-29 19:53:58.413448+00:00
4504,35.0,101.28,3,20718.31,2693.618,2623.5280645161292,4266.737964515411,0.0,100.0,0.0,45,657,186.53,8456.44,8,2.0,1.0,2026-06-29 19:53:58.413448+00:00
4590,11.0,36.85,1,7291.67,8072.69,4593.625555555555,7423.858004071172,0.0,100.0,0.0,139,588,0.0,412.54,3,0.0,2.0,2026-06-29 19:53:58.413448+00:00
4649,18.0,52.59,2,22527.19,9128.675,6313.21125,7554.348962283918,0.0,100.0,0.0,121,776,52.16,236.74,3,0.0,0.0,2026-06-29 19:53:58.413448+00:00
4702,68.0,22.77,3,30971.71,760.997,-1438.1424,3844.6649915047883,0.0,100.0,0.0,124,701,93.03,648.15,7,2.0,1.0,2026-06-29 19:53:58.413448+00:00
4773,63.0,68.79,4,27707.93,3986.8523076923075,2007.9675675675676,6618.26167352466,0.0,100.0,0.0,8,803,412.08,874.77,4,1.0,1.0,2026-06-29 19:53:58.413448+00:00
4880,3.0,93.3,1,11659.96,9879.524444444445,10279.497435897436,3335.2097815046804,0.0,100.0,0.0,92,648,200.59,860.36,8,1.0,1.0,2026-06-29 19:53:58.413448+00:00
4186,23.0,126.0,0,0.0,5982.234,7342.766756756757,4858.90976291512,0.0,100.0,0.0,112,764,662.36,1183.98,10,1.0,0.0,2026-06-29 19:53:58.413448+00:00
4265,0.0,0.0,0,0.0,20584.53,20703.536666666667,64.18977168434988,0.0,100.0,0.0,31,653,92.67,92.67,1,0.0,0.0,2026-06-29 19:53:58.413448+00:00
4948,0.0,89.63,0,0.0,22975.22,17572.504444444443,6016.992809618646,0.0,100.0,0.0,33,797,0.0,294.23,1,0.0,0.0,2026-06-29 19:53:58.413448+00:00
4964,0.0,41.91,0,0.0,11725.72,11678.833846153846,149.7096987012106,0.0,100.0,0.0,104,743,0.0,572.13,4,0.0,1.0,2026-06-29 19:53:58.413448+00:00
99,0.0,117.93,1,10639.95,9391.8,11644.118571428571,3775.2124869542254,0.0,100.0,0.0,999,649,292.9,383.45,2,1.0,0.0,2026-06-29 19:53:58.413448+00:00
399,101.0,70.71,5,52519.38,-29199.87818181818,-27390.25766666667,5503.070868546352,0.0,100.0,0.0,999,699,175.98,766.13,6,1.0,1.0,2026-06-29 19:53:58.413448+00:00
714,63.0,13.36,3,25617.06,-11755.052222222223,-9566.1765,8084.789651261358,0.0,100.0,0.0,999,803,34.55,5607.08,5,1.0,3.0,2026-06-29 19:53:58.413448+00:00
721,12.0,0.0,1,9597.02,-6836.5,-6766.760909090909,124.98177114025617,0.0,100.0,0.0,999,772,365.55,365.55,3,0.0,0.0,2026-06-29 19:53:58.413448+00:00
759,104.0,23.56,3,26216.28,-16461.034,-14384.833913043478,2963.5020698969206,0.0,100.0,0.0,999,694,102.74,426.95,2,2.0,1.0,2026-06-29 19:53:58.413448+00:00
782,0.0,72.23,1,5441.97,22025.257777777777,24041.717826086955,2556.385339301808,0.0,100.0,0.0,999,714,367.49,610.87,6,2.0,1.0,2026-06-29 19:53:58.413448+00:00
873,0.0,0.0,1,7186.52,2214.5775,2809.7027272727273,1806.2654929645255,0.0,100.0,0.0,999,657,0.0,98.75,2,0.0,0.0,2026-06-29 19:53:58.413448+00:00
938,23.0,38.9,1,6982.63,-8207.3375,-7898.03052631579,393.9303074145514,0.0,100.0,0.0,999,636,246.53,769.57,4,1.0,2.0,2026-06-29 19:53:58.413448+00:00
1069,7.0,25.43,1,6994.56,-1886.915,-2431.4925,2528.1807604567657,0.0,100.0,0.0,999,721,0.0,525.51,4,0.0,0.0,2026-06-29 19:53:58.413448+00:00
1079,11.0,54.17,1,12038.39,7972.8975,8259.64705882353,1702.2592158027715,0.0,100.0,0.0,999,661,214.87,300.17,3,2.0,1.0,2026-06-29 19:53:58.413448+00:00
1338,26.0,0.0,1,11612.75,-8665.98,-8468.777142857143,128.1231201076619,0.0,100.0,0.0,999,681,0.0,306.75,1,0.0,0.0,2026-06-29 19:53:58.413448+00:00
1641,12.0,15.6,1,5317.19,-2501.1325,-2279.71,252.24713794213793,0.0,100.0,0.0,999,692,0.0,332.59,3,1.0,1.0,2026-06-29 19:53:58.413448+00:00
1811,90.0,77.76,4,38120.44,-20128.983529411766,-18344.5571875,3456.28573148911,0.0,100.0,0.0,999,702,236.43,7898.68,12,0.0,0.0,2026-06-29 19:53:58.413448+00:00
1956,64.0,151.02,4,36226.98,-13498.675,-8316.038148148149,7998.964261951284,0.0,100.0,0.0,999,647,0.0,361.97,2,2.0,0.0,2026-06-29 19:53:58.413448+00:00
100,0.0,63.93,0,0.0,9163.82,9306.965,256.9176985826388,0.0,100.0,0.0,999,809,0.0,386.63,3,0.0,0.0,2026-06-29 19:53:58.413448+00:00
1288,0.0,44.66,0,0.0,316.08,316.08,26.359999999999985,0.0,100.0,0.0,999,619,0.0,52.72,1,0.0,1.0,2026-06-29 19:53:58.413448+00:00
1443,10.0,31.97,0,0.0,10651.99,7587.830588235294,5060.1818673994785,0.0,100.0,0.0,999,667,99.82,761.95,3,1.0,1.0,2026-06-29 19:53:58.413448+00:00
1493,0.0,32.88,0,0.0,9790.6725,9916.860833333334,195.9711074918892,0.0,100.0,0.0,999,749,246.35,246.35,1,0.0,0.0,2026-06-29 19:53:58.413448+00:00
1737,12.0,22.23,0,0.0,-4655.017142857143,-6697.118181818182,4767.7513598089745,0.0,100.0,0.0,999,648,47.85,324.81,3,2.0,0.0,2026-06-29 19:53:58.413448+00:00
2282,15.0,36.69,2,17519.14,16174.77909090909,16058.4,11759.596816099913,0.0,100.0,0.0,999,826,936.26,1563.72,8,2.0,0.0,2026-06-29 19:53:58.413448+00:00
2394,60.0,0.0,2,16962.19,-20585.4625,-20195.47818181818,354.6843419389499,0.0,100.0,0.0,999,669,0.0,556.29,4,0.0,1.0,2026-06-29 19:53:58.413448+00:00
2400,41.0,0.0,2,11008.53,-1862.7955555555557,-109.11333333333333,3309.7613842695146,0.0,100.0,0.0,999,724,0.0,6608.61,6,1.0,0.0,2026-06-29 19:53:58.413448+00:00
2467,2.0,50.99,2,18935.94,102.6825,1149.3282352941176,2373.261268786144,0.0,100.0,0.0,999,816,66.03,10644.44,7,4.0,2.0,2026-06-29 19:53:58.413448+00:00
2488,71.0,41.8,2,14684.94,-3094.7742857142857,-2946.450740740741,1477.3167213715194,0.0,100.0,0.0,999,759,76.43,574.52,4,1.0,2.0,2026-06-29 19:53:58.413448+00:00
3031,17.0,34.49,2,16199.46,855.7233333333334,-380.0164705882353,5189.39908910522,0.0,100.0,0.0,999,604,0.0,355.26,2,0.0,1.0,2026-06-29 19:53:58.413448+00:00
3717,37.0,53.41,3,32545.53,-5216.068571428571,-3660.6204166666666,3445.2068535321587,0.0,100.0,0.0,999,735,297.23,651.04,5,1.0,0.0,2026-06-29 19:53:58.413448+00:00
3725,5.0,40.75,1,8415.58,-342.73333333333335,-54.60444444444445,317.2330092156237,0.0,100.0,0.0,999,768,237.57,237.57,3,0.0,0.0,2026-06-29 19:53:58.413448+00:00
3811,57.0,28.38,1,6191.72,-9013.593333333334,-8726.211111111112,233.41766620966206,0.0,100.0,0.0,999,818,0.0,504.78,3,1.0,0.0,2026-06-29 19:53:58.413448+00:00
3231,0.0,0.0,0,0.0,4667.93,4667.93,0.0,0.0,100.0,0.0,999,690,0.0,166.58,1,0.0,0.0,2026-06-29 19:53:58.413448+00:00
3290,0.0,0.0,0,0.0,2307.13,2403.4,93.20599158137142,0.0,100.0,0.0,999,707,66.43,66.43,1,0.0,0.0,2026-06-29 19:53:58.413448+00:00
3739,0.0,53.54,0,0.0,2276.782857142857,2656.2233333333334,363.0845394144081,0.0,100.0,0.0,999,712,77.82,796.05,6,0.0,1.0,2026-06-29 19:53:58.413448+00:00
4534,0.0,0.0,1,11117.26,8778.1725,9174.638461538461,555.4174330640687,0.0,100.0,0.0,999,743,331.0,792.38,4,2.0,0.0,2026-06-29 19:53:58.413448+00:00
4582,32.0,0.0,2,15596.38,-10965.655,-8346.076153846154,4314.990383006555,0.0,100.0,0.0,999,704,117.33,603.93,2,0.0,1.0,2026-06-29 19:53:58.413448+00:00
4615,15.0,0.0,2,18724.23,-9428.085,-5881.292307692308,3845.5033610022097,0.0,100.0,0.0,999,712,199.42,8260.13,3,1.0,1.0,2026-06-29 19:53:58.413448+00:00
4926,52.0,0.0,2,16192.25,-7471.955,-5035.3220833333335,8362.243933139289,0.0,100.0,0.0,999,539,21.22,690.84,4,1.0,1.0,2026-06-29 19:53:58.413448+00:00
334,9.0,65.42,2,17451.66,-5615.496,-3849.4241666666667,2793.1630524534316,0.0,100.0,0.0,999,574,0.0,181.59,3,0.0,0.0,2026-06-29 19:53:58.413448+00:00
431,44.0,0.0,3,22924.13,-948.374,-2983.4339130434782,11151.758291012646,0.0,100.0,0.0,999,587,0.0,7430.29,2,1.0,0.0,2026-06-29 19:53:58.413448+00:00
542,27.0,53.18,2,18631.32,-8294.858571428571,-7968.724615384615,433.070617845192,0.0,100.0,0.0,999,752,48.8,492.22,6,1.0,1.0,2026-06-29 19:53:58.413448+00:00
549,0.0,122.18,2,14474.92,4569.954,7067.563,3780.3166020561034,0.0,100.0,0.0,999,743,8627.04,8682.81,5,0.0,0.0,2026-06-29 19:53:58.413448+00:00
1077,0.0,0.0,1,8494.02,4215.282,8244.47,4509.0565098206025,0.0,100.0,0.0,999,801,143.31,9077.67,4,0.0,0.0,2026-06-29 19:53:58.413448+00:00
1139,15.0,0.0,3,27208.26,-9879.975,-9599.478888888889,306.1492371638382,0.0,100.0,0.0,999,840,256.79,575.9,2,1.0,0.0,2026-06-29 19:53:58.413448+00:00
1632,0.0,31.85,2,15646.66,7959.486,7127.994545454545,4034.816781011165,0.0,100.0,0.0,999,740,528.18,780.82,4,1.0,1.0,2026-06-29 19:53:58.413448+00:00
1691,0.0,12.42,1,9914.48,306.325,530.165,181.2606194360301,0.0,100.0,0.0,999,826,49.85,213.17,2,0.0,3.0,2026-06-29 19:53:58.413448+00:00
2045,0.0,12.68,1,5750.37,2966.67,3020.9891666666667,245.86551613495038,0.0,100.0,0.0,999,670,0.0,153.63,2,0.0,0.0,2026-06-29 19:53:58.413448+00:00
638,17.0,0.0,0,0.0,-798.615,-535.892,234.86919605601753,0.0,100.0,0.0,999,789,0.0,335.96,2,0.0,1.0,2026-06-29 19:53:58.413448+00:00
707,0.0,36.53,0,0.0,16768.92,17104.594444444443,263.1284026271881,0.0,100.0,0.0,999,803,0.0,24.74,1,0.0,0.0,2026-06-29 19:53:58.413448+00:00
858,0.0,54.63,0,0.0,25819.023333333334,25782.025714285715,89.91566149249309,0.0,100.0,0.0,999,647,0.0,240.03,3,0.0,0.0,2026-06-29 19:53:58.413448+00:00
1808,0.0,13.03,0,0.0,13360.285,13446.1,71.05907642839969,0.0,100.0,0.0,999,684,0.0,107.43,1,0.0,0.0,2026-06-29 19:53:58.413448+00:00
2221,5.0,31.24,1,7272.12,3429.443333333333,1183.9057142857143,4001.466197482607,0.0,100.0,0.0,999,662,473.11,473.11,1,0.0,1.0,2026-06-29 19:53:58.413448+00:00
2271,83.0,0.0,2,19180.19,-5799.705,-8308.631,15733.831784848924,0.0,100.0,0.0,999,737,263.09,638.04,5,1.0,0.0,2026-06-29 19:53:58.413448+00:00
2399,75.0,136.05,2,12797.2,-3284.02,-2782.389,955.0451694548275,0.0,100.0,0.0,999,810,0.0,1179.42,5,0.0,2.0,2026-06-29 19:53:58.413448+00:00
2541,0.0,0.0,1,9121.69,19024.68666666667,23691.425,4667.447010807049,0.0,100.0,0.0,999,739,191.91,9313.6,2,0.0,1.0,2026-06-29 19:53:58.413448+00:00
2922,2.0,52.42,1,10413.09,-10260.485,-1366.5958333333333,3985.770392978122,0.0,100.0,0.0,999,651,0.0,10413.09,1,0.0,0.0,2026-06-29 19:53:58.413448+00:00
2984,17.0,68.06,2,16451.24,-5062.535,-440.2925,5479.814846483296,0.0,100.0,0.0,999,711,327.75,695.13,8,0.0,1.0,2026-06-29 19:53:58.413448+00:00
3006,7.0,73.61,1,11629.87,-398.53,3262.112727272727,7310.45941425906,0.0,100.0,0.0,999,817,107.4,229.67,2,1.0,0.0,2026-06-29 19:53:58.413448+00:00
3040,0.0,84.88,1,9339.42,9299.224285714286,9548.725789473685,214.79333654556592,0.0,100.0,0.0,999,726,0.0,543.66,5,1.0,1.0,2026-06-29 19:53:58.413448+00:00
3041,57.0,162.3,1,7473.4,-11753.04,-11502.926153846154,255.44093101743348,0.0,100.0,0.0,999,714,153.81,307.51,2,1.0,0.0,2026-06-29 19:53:58.413448+00:00
3106,0.0,15.83,1,9704.87,9785.955,13600.52375,3128.9473129721378,0.0,100.0,0.0,999,719,0.0,9774.49,3,0.0,1.0,2026-06-29 19:53:58.413448+00:00
3303,82.0,0.0,1,5880.69,-11129.691666666668,-11000.644782608695,1381.8747538739792,0.0,100.0,0.0,999,715,103.36,381.57,4,1.0,0.0,2026-06-29 19:53:58.413448+00:00
3410,79.0,17.87,2,19479.37,-17148.095,-14559.710588235293,6337.811118233292,0.0,100.0,0.0,999,780,0.0,274.81,3,0.0,1.0,2026-06-29 19:53:58.413448+00:00
3473,37.0,53.04,2,23346.02,-13446.545,-13558.185384615384,152.10763186311854,0.0,100.0,0.0,999,767,288.36,404.02,2,2.0,0.0,2026-06-29 19:53:58.413448+00:00
3685,17.0,0.0,1,10192.68,-4325.016666666666,-4217.646,159.61037705612995,0.0,100.0,0.0,999,669,0.0,435.55,2,1.0,0.0,2026-06-29 19:53:58.413448+00:00
3728,0.0,88.78,1,7810.31,7910.786666666667,11117.069642857143,2643.2752984433137,0.0,100.0,0.0,999,682,0.0,8200.05,4,2.0,1.0,2026-06-29 19:53:58.413448+00:00
4092,0.0,62.24,2,11364.71,16736.83142857143,11483.338571428572,8501.0636499134,0.0,100.0,0.0,999,647,169.93,403.43,4,0.0,0.0,2026-06-29 19:53:58.413448+00:00
3453,0.0,99.39,0,0.0,17372.56375,15986.760344827586,8257.82085720187,0.0,100.0,0.0,999,817,0.0,756.09,5,2.0,2.0,2026-06-29 19:53:58.413448+00:00
3780,0.0,25.95,0,0.0,6229.29,6523.834,251.52887377794215,0.0,100.0,0.0,999,707,0.0,648.32,2,0.0,1.0,2026-06-29 19:53:58.413448+00:00
4088,0.0,79.0,0,0.0,5137.285,5607.1875,350.717199752284,0.0,100.0,0.0,999,688,49.55,335.1,2,0.0,0.0,2026-06-29 19:53:58.413448+00:00
4162,27.0,0.0,1,7191.91,2012.5466666666666,2605.2836363636366,3762.392406001974,0.0,100.0,0.0,999,814,97.51,503.09,4,0.0,0.0,2026-06-29 19:53:58.413448+00:00
4178,28.0,0.0,2,17558.66,-8528.273333333333,-8177.375,252.3514062841167,0.0,100.0,0.0,999,723,182.02,791.07,3,1.0,0.0,2026-06-29 19:53:58.413448+00:00
4277,0.0,0.0,1,10569.67,577.31,747.2766666666666,139.1447094055522,0.0,100.0,0.0,999,710,0.0,169.07,1,0.0,0.0,2026-06-29 19:53:58.413448+00:00
4480,0.0,131.84,1,6405.85,8305.716666666667,10817.53,3227.2098684295206,0.0,100.0,0.0,999,710,89.11,169.36,1,1.0,0.0,2026-06-29 19:53:58.413448+00:00
4574,89.0,89.43,3,28395.22,-13965.42,-13755.435806451613,5260.86413758367,0.0,100.0,0.0,999,626,249.48,718.48,5,0.0,3.0,2026-06-29 19:53:58.413448+00:00
4668,44.0,39.52,1,10069.76,-9151.758,-9093.24,135.41112590249634,0.0,100.0,0.0,999,764,127.33,389.99,2,0.0,0.0,2026-06-29 19:53:58.413448+00:00
4822,16.0,39.91,1,6489.04,-3047.852,-2768.072142857143,270.5028886874691,0.0,100.0,0.0,999,695,90.55,268.27,2,0.0,0.0,2026-06-29 19:53:58.413448+00:00
4828,0.0,0.0,1,7657.07,10349.166666666666,6423.684285714286,4809.3965568602025,0.0,100.0,0.0,999,845,143.16,415.48,2,1.0,1.0,2026-06-29 19:53:58.413448+00:00
4887,26.0,35.35,1,11425.91,-1871.7875,-1647.5063636363636,287.44120327637825,0.0,100.0,0.0,999,668,0.0,428.43,1,0.0,2.0,2026-06-29 19:53:58.413448+00:00
4213,0.0,44.23,0,0.0,11320.13,11461.872857142856,213.7782130897267,0.0,100.0,0.0,999,773,304.87,478.56,2,0.0,0.0,2026-06-29 19:53:58.413448+00:00
292,41.0,0.0,3,20451.87,-15653.068,-15662.325,84.50221150952228,0.0,100.0,0.0,139,680,0.0,328.04,2,0.0,0.0,2026-06-29 19:53:58.413448+00:00
295,0.0,36.37,3,25151.63,12167.278333333334,15331.373529411765,7275.590900910459,0.0,100.0,0.0,78,837,174.39,441.89,3,0.0,0.0,2026-06-29 19:53:58.413448+00:00
382,45.0,82.97,1,10308.27,3780.654,298.9838888888889,4473.212503293775,0.0,100.0,0.0,129,788,0.0,162.9,3,1.0,1.0,2026-06-29 19:53:58.413448+00:00
425,22.0,38.59,2,19781.81,-255.3675,211.83454545454546,1205.806151225533,0.0,100.0,0.0,142,734,102.63,217.42,3,1.0,1.0,2026-06-29 19:53:58.413448+00:00
503,47.0,49.78,4,35713.16,-5722.3125,-762.138125,6296.810138462191,0.0,100.0,0.0,73,766,0.0,7329.3,3,1.0,0.0,2026-06-29 19:53:58.413448+00:00
709,56.0,52.83,2,17065.76,-1992.72,-1112.1330434782608,8020.985289175993,0.0,100.0,0.0,46,745,219.73,345.08,2,1.0,2.0,2026-06-29 19:53:58.413448+00:00
832,2.0,53.5,2,16563.53,7780.11076923077,4264.546578947368,6393.248524635095,0.0,100.0,0.0,121,673,121.82,388.79,3,0.0,1.0,2026-06-29 19:53:58.413448+00:00
866,76.0,126.59,2,16689.7,-5903.721111111111,-6585.0461904761905,3852.8820236503443,0.0,100.0,0.0,28,654,52.66,384.57,3,2.0,0.0,2026-06-29 19:53:58.413448+00:00
968,52.0,67.25,2,12872.24,690.70625,-568.6578260869566,7945.1681357802,0.0,100.0,0.0,41,675,286.6,875.77,5,0.0,2.0,2026-06-29 19:53:58.413448+00:00
985,106.0,85.25,4,36104.5,-5864.098571428572,-6462.221739130435,12286.283570600404,0.0,100.0,0.0,22,780,118.8,770.08,7,3.0,0.0,2026-06-29 19:53:58.413448+00:00
1090,70.0,93.43,4,35074.72,-6447.317,-5145.5478378378375,6423.364388271901,0.0,100.0,0.0,49,728,1012.85,7461.97,12,1.0,0.0,2026-06-29 19:53:58.413448+00:00
1179,57.0,25.47,1,11276.86,-10695.552857142857,-6826.690625,12388.417915189253,0.0,100.0,0.0,122,804,139.18,736.36,4,0.0,0.0,2026-06-29 19:53:58.413448+00:00
1212,30.0,36.26,1,9816.34,-7413.126666666667,-7144.001111111111,230.65922697272333,0.0,100.0,0.0,126,630,0.0,376.29,3,0.0,0.0,2026-06-29 19:53:58.413448+00:00
1615,23.0,0.0,3,25501.55,6857.078888888889,5453.351739130435,7086.99651164135,0.0,100.0,0.0,42,739,88.71,1131.43,8,1.0,1.0,2026-06-29 19:53:58.413448+00:00
1744,0.0,219.67,2,12569.77,13020.25111111111,11988.656451612904,7293.580213771096,0.0,100.0,0.0,84,635,266.46,813.68,5,2.0,1.0,2026-06-29 19:53:58.413448+00:00
1768,0.0,96.52,1,9771.34,18755.5,17297.8,6350.805418373811,0.0,100.0,0.0,2,667,0.0,114.64,1,0.0,1.0,2026-06-29 19:53:58.413448+00:00
1810,108.0,157.44,5,43338.17,-1808.1453846153847,-2461.109090909091,6404.703569868455,0.0,100.0,0.0,78,657,70.19,9294.9,8,2.0,2.0,2026-06-29 19:53:58.413448+00:00
1844,0.0,96.06,1,6693.43,14745.93,12210.736774193549,4169.802353234004,0.0,100.0,0.0,54,713,0.0,45.59,1,1.0,1.0,2026-06-29 19:53:58.413448+00:00
1854,0.0,0.0,1,6544.6,23589.50857142857,23115.56052631579,6532.8891263090545,0.0,100.0,0.0,35,773,27.44,288.68,5,0.0,1.0,2026-06-29 19:53:58.413448+00:00
1927,56.0,68.0,5,38989.09,2478.109375,4279.258421052632,14212.421513462223,0.0,100.0,0.0,99,714,345.34,15740.42,9,1.0,1.0,2026-06-29 19:53:58.413448+00:00
1971,79.0,34.05,5,42055.33,-17657.856153846154,-14155.104516129033,10183.868931461464,0.0,100.0,0.0,98,681,179.65,12509.39,9,1.0,2.0,2026-06-29 19:53:58.413448+00:00
2033,36.0,70.13,2,21069.54,-2752.4875,-2506.5564285714286,5307.476874277143,0.0,100.0,0.0,133,781,350.88,350.88,2,0.0,0.0,2026-06-29 19:53:58.413448+00:00
33,0.0,54.65,0,0.0,7806.878,7879.332105263158,238.84508521719684,0.0,100.0,0.0,80,834,210.41,492.73,4,1.0,1.0,2026-06-29 19:53:58.413448+00:00
534,23.0,150.89,0,0.0,17590.397272727274,18642.904137931033,17567.458673101657,0.0,100.0,0.0,120,692,0.0,1342.27,8,2.0,0.0,2026-06-29 19:53:58.413448+00:00
656,0.0,18.1,0,0.0,7730.322,7446.0142857142855,1218.870596891789,0.0,100.0,0.0,74,712,311.93,384.85,3,0.0,0.0,2026-06-29 19:53:58.413448+00:00
804,0.0,0.0,0,0.0,31582.2,31549.285714285714,77.82293911862452,0.0,100.0,0.0,6,813,0.0,66.79,1,0.0,1.0,2026-06-29 19:53:58.413448+00:00
1416,0.0,60.14,0,0.0,14898.468333333334,14635.472941176471,1671.1926105631862,0.0,100.0,0.0,124,708,285.3,481.37,3,1.0,0.0,2026-06-29 19:53:58.413448+00:00
1484,0.0,0.0,0,0.0,21522.5725,20808.13,3548.6382891962935,0.0,100.0,0.0,96,717,0.0,251.52,2,0.0,0.0,2026-06-29 19:53:58.413448+00:00
1712,0.0,0.0,0,0.0,8189.88,8431.1990625,3696.806413576669,0.0,100.0,0.0,75,632,0.0,482.62,5,0.0,1.0,2026-06-29 19:53:58.413448+00:00
1894,0.0,83.67,0,0.0,12761.547,13107.96380952381,6312.080898753196,0.0,100.0,0.0,48,807,344.86,918.23,6,0.0,0.0,2026-06-29 19:53:58.413448+00:00
2002,0.0,0.0,0,0.0,24186.725714285716,22679.239411764705,2501.2592254948668,0.0,100.0,0.0,73,681,141.34,242.64,2,0.0,0.0,2026-06-29 19:53:58.413448+00:00
2122,0.0,25.05,1,10027.7,16000.91625,10417.62,5222.627493942509,0.0,100.0,0.0,91,758,249.5,249.5,1,1.0,0.0,2026-06-29 19:53:58.413448+00:00
2299,19.0,136.2,2,14515.73,9687.152142857143,7375.672954545455,6073.930324169171,0.0,100.0,0.0,79,697,5519.44,6470.34,8,3.0,1.0,2026-06-29 19:53:58.413448+00:00
2448,13.0,0.0,3,28825.32,3696.193333333333,2956.285384615385,1882.161412793671,0.0,100.0,0.0,13,709,0.0,75.13,1,1.0,0.0,2026-06-29 19:53:58.413448+00:00
2533,48.0,77.14,3,25910.23,-4346.087777777778,1609.4448571428572,11556.561719796464,0.0,100.0,0.0,27,653,234.2,11045.9,9,0.0,3.0,2026-06-29 19:53:58.413448+00:00
2549,2.0,0.0,2,17803.06,6339.26375,7375.044814814815,2723.9475820123434,0.0,100.0,0.0,104,642,0.0,7356.44,3,1.0,0.0,2026-06-29 19:53:58.413448+00:00
2568,31.0,54.9,1,10317.35,-391.737,1942.2112903225807,6817.19753978542,0.0,100.0,0.0,138,663,214.56,932.95,7,2.0,3.0,2026-06-29 19:53:58.413448+00:00
2662,78.0,39.69,1,9358.15,364.11642857142857,752.3862162162162,5746.260560693857,0.0,100.0,0.0,57,791,95.81,607.34,5,2.0,2.0,2026-06-29 19:53:58.413448+00:00
2675,27.0,107.69,2,18763.23,12894.280625,12934.787179487179,10165.753418104197,0.0,100.0,0.0,121,676,159.01,908.36,7,3.0,2.0,2026-06-29 19:53:58.413448+00:00
2723,22.0,89.6,3,25767.3,-4011.1433333333334,-1303.2244,6626.7051734274655,0.0,100.0,0.0,99,627,10.95,943.01,6,2.0,0.0,2026-06-29 19:53:58.413448+00:00
2758,56.0,39.94,1,7044.8,-5380.9383333333335,-6767.523157894737,8390.10289855353,0.0,100.0,0.0,22,828,277.24,619.28,4,2.0,1.0,2026-06-29 19:53:58.413448+00:00
2781,24.0,0.0,1,6658.07,-1816.96,1217.978125,7669.2391008407885,0.0,100.0,0.0,15,776,262.71,364.71,2,2.0,2.0,2026-06-29 19:53:58.413448+00:00
2807,0.0,32.47,2,19089.97,2727.36625,3785.586,2561.973546932911,0.0,100.0,0.0,43,719,157.74,407.59,5,2.0,0.0,2026-06-29 19:53:58.413448+00:00
3220,24.0,52.79,1,10340.93,7880.94,11599.345833333333,8992.067016022042,0.0,100.0,0.0,72,737,168.0,756.16,6,2.0,1.0,2026-06-29 19:53:58.413448+00:00
3613,51.0,0.0,1,12000.29,1305.5706666666667,1316.2430769230768,4223.633290554202,0.0,100.0,0.0,77,763,544.62,1258.95,7,0.0,1.0,2026-06-29 19:53:58.413448+00:00
3679,23.0,74.22,1,11828.56,7849.13875,8804.085294117647,10830.973673172975,0.0,100.0,0.0,120,582,81.97,629.77,5,1.0,0.0,2026-06-29 19:53:58.413448+00:00
3776,0.0,0.0,1,9992.43,5517.721111111111,5191.906315789473,373.03255777612765,0.0,100.0,0.0,30,724,0.0,237.87,3,0.0,0.0,2026-06-29 19:53:58.413448+00:00
3814,29.0,175.19,3,24988.08,6508.23625,2000.7808333333332,5581.316010626132,0.0,100.0,0.0,26,709,96.6,198.51,3,3.0,1.0,2026-06-29 19:53:58.413448+00:00
3882,63.0,154.29,5,51297.12,-16103.37,-12106.644848484848,14525.39191536776,0.0,100.0,0.0,131,666,0.0,12853.01,7,3.0,2.0,2026-06-29 19:53:58.413448+00:00
4093,60.0,32.88,4,30284.67,1357.1892307692308,1803.318,19524.548679730502,0.0,100.0,0.0,23,740,187.38,1284.03,8,3.0,3.0,2026-06-29 19:53:58.413448+00:00
2134,0.0,54.37,0,0.0,15914.6725,15984.654545454545,219.6291543142515,0.0,100.0,0.0,25,682,128.53,316.09,1,0.0,0.0,2026-06-29 19:53:58.413448+00:00
2243,0.0,49.35,0,0.0,8543.907272727272,9439.891379310346,3589.917931389023,0.0,100.0,0.0,32,736,275.24,561.81,7,3.0,0.0,2026-06-29 19:53:58.413448+00:00
2954,0.0,169.5,0,0.0,6803.24375,6107.018333333333,3885.4312815567496,0.0,100.0,0.0,60,723,0.0,931.72,4,0.0,1.0,2026-06-29 19:53:58.413448+00:00
3213,0.0,0.0,0,0.0,111.74,1408.6316666666667,2047.6459671596067,0.0,100.0,0.0,21,674,111.2,178.64,3,1.0,0.0,2026-06-29 19:53:58.413448+00:00
3394,0.0,79.07,0,0.0,1572.8285714285714,1596.7888888888888,231.25526691633036,0.0,100.0,0.0,73,701,66.47,493.53,5,1.0,0.0,2026-06-29 19:53:58.413448+00:00
3502,0.0,75.37,0,0.0,19333.4825,19212.096363636363,222.80342054142483,0.0,100.0,0.0,36,727,0.0,137.71,2,1.0,0.0,2026-06-29 19:53:58.413448+00:00
3617,30.0,64.37,0,0.0,8678.913,11685.472413793104,12056.269975391015,0.0,100.0,0.0,13,809,182.1,441.46,2,0.0,0.0,2026-06-29 19:53:58.413448+00:00
3684,0.0,48.27,0,0.0,4168.468,4305.639166666667,153.69909849296783,0.0,100.0,0.0,59,744,0.0,364.89,3,0.0,1.0,2026-06-29 19:53:58.413448+00:00
3862,0.0,0.0,0,0.0,16773.905,16652.502,111.88944497136346,0.0,100.0,0.0,125,749,58.77,58.77,1,0.0,0.0,2026-06-29 19:53:58.413448+00:00
4210,29.0,45.34,1,8635.07,485.87454545454545,1120.8321875,2546.4928191690606,0.0,100.0,0.0,141,850,212.59,571.45,8,0.0,0.0,2026-06-29 19:53:58.413448+00:00
4234,56.0,160.39,2,14960.81,-1464.5011111111112,-1046.6053846153845,9007.392594081233,0.0,100.0,0.0,118,579,251.25,666.23,6,1.0,2.0,2026-06-29 19:53:58.413448+00:00
4299,39.0,88.07,3,26367.89,-1381.2985714285714,949.9925,8615.205582269578,0.0,100.0,0.0,38,718,0.0,282.12,2,1.0,1.0,2026-06-29 19:53:58.413448+00:00
4327,0.0,0.0,1,5848.45,15777.55,15804.764,66.11524290207177,0.0,100.0,0.0,137,639,0.0,185.96,1,1.0,0.0,2026-06-29 19:53:58.413448+00:00
4400,53.0,142.13,3,27861.05,6029.942857142857,4031.3480487804877,9403.045796622579,0.0,100.0,0.0,89,788,0.0,103.71,2,5.0,1.0,2026-06-29 19:53:58.413448+00:00
4445,3.0,160.4,2,10308.14,5600.78125,4684.172608695652,1903.8511248821253,0.0,100.0,0.0,135,698,0.0,126.35,2,2.0,1.0,2026-06-29 19:53:58.413448+00:00
4585,1.0,0.0,1,6982.91,1982.8533333333332,4138.826,2784.9666205633694,0.0,100.0,0.0,97,762,346.15,705.09,5,2.0,2.0,2026-06-29 19:53:58.413448+00:00
4641,19.0,24.58,1,9029.85,2704.6,1894.5657142857142,5666.264976512576,0.0,100.0,0.0,35,656,120.56,257.97,4,1.0,0.0,2026-06-29 19:53:58.413448+00:00
4723,17.0,64.25,2,16688.66,4925.138,5635.338611111111,13572.722129056161,0.0,100.0,0.0,87,703,131.47,1009.63,10,1.0,2.0,2026-06-29 19:53:58.413448+00:00
4814,0.0,0.0,1,6963.37,7932.402,8824.316666666668,2837.4241563081464,0.0,100.0,0.0,93,581,95.6,311.36,3,0.0,0.0,2026-06-29 19:53:58.413448+00:00
4862,28.0,29.56,4,32168.42,-14167.8925,-18237.94153846154,14227.646238589825,0.0,100.0,0.0,69,685,0.0,111.84,1,0.0,0.0,2026-06-29 19:53:58.413448+00:00
4954,45.0,42.95,2,21953.73,3260.125,5269.84380952381,4385.655237647995,0.0,100.0,0.0,102,668,109.3,287.21,4,0.0,4.0,2026-06-29 19:53:58.413448+00:00
4430,0.0,23.72,0,0.0,3881.798,3546.5985714285716,2457.8120531870595,0.0,100.0,0.0,87,661,70.78,507.99,3,0.0,0.0,2026-06-29 19:53:58.413448+00:00
4447,0.0,35.25,0,0.0,8639.1025,8164.085,7347.339052182429,0.0,100.0,0.0,17,776,0.0,294.34,3,0.0,0.0,2026-06-29 19:53:58.413448+00:00
4607,52.0,68.43,0,0.0,182.07,1745.138,5381.1591893159975,0.0,100.0,0.0,124,850,38.92,579.53,5,0.0,6.0,2026-06-29 19:53:58.413448+00:00
4698,1.0,48.59,0,0.0,11578.8475,7794.667647058824,5426.6927171704165,0.0,100.0,0.0,62,681,44.28,502.91,4,2.0,0.0,2026-06-29 19:53:58.413448+00:00
4756,0.0,0.0,0,0.0,4675.07,4644.21,177.23328574226665,0.0,100.0,0.0,2,628,0.0,392.93,1,1.0,0.0,2026-06-29 19:53:58.413448+00:00
4917,0.0,0.0,0,0.0,17087.06,16977.608,149.51040825307126,0.0,100.0,0.0,72,766,0.0,124.88,1,1.0,1.0,2026-06-29 19:53:58.413448+00:00
53,0.0,46.03,1,10227.47,8301.79588235294,7770.067073170731,6422.923004433955,0.0,100.0,0.0,14,757,347.19,1336.55,8,1.0,5.0,2026-06-29 19:53:58.413448+00:00
616,12.0,31.09,2,17527.24,4390.21,4189.692727272727,298.72406617268706,0.0,100.0,0.0,67,653,41.34,287.53,3,0.0,1.0,2026-06-29 19:53:58.413448+00:00
645,0.0,12.08,1,6846.68,27972.22,31049.83,3117.9556792103367,0.0,100.0,0.0,55,742,0.0,6846.68,1,1.0,1.0,2026-06-29 19:53:58.413448+00:00
749,75.0,155.62,2,20294.69,-5768.258,-2101.8379069767443,9378.578494855925,0.0,100.0,0.0,46,802,82.21,1027.29,7,1.0,3.0,2026-06-29 19:53:58.413448+00:00
840,32.0,115.02,2,18162.81,3266.52625,444.57689655172413,3944.85249389466,0.0,100.0,0.0,32,629,130.68,470.34,4,2.0,0.0,2026-06-29 19:53:58.413448+00:00
886,0.0,25.0,2,11961.22,10217.27875,10127.49918918919,4082.0760379581757,0.0,100.0,0.0,133,655,327.95,817.39,8,0.0,2.0,2026-06-29 19:53:58.413448+00:00
904,63.0,17.33,2,18319.52,10792.35,758.2361111111111,14295.813162008944,0.0,100.0,0.0,118,512,177.66,415.94,4,2.0,0.0,2026-06-29 19:53:58.413448+00:00
1107,12.0,95.22,1,10192.7,9003.725,7319.876666666667,8750.347330299863,0.0,100.0,0.0,104,705,405.33,538.29,4,4.0,0.0,2026-06-29 19:53:58.413448+00:00
1178,9.0,33.82,1,7229.35,22567.675555555557,18961.287727272727,12775.709577264295,0.0,100.0,0.0,132,687,56.39,1301.14,7,2.0,0.0,2026-06-29 19:53:58.413448+00:00
1316,0.0,77.9,1,5169.44,14724.496666666666,18197.676923076924,15254.873574479594,0.0,100.0,0.0,34,728,0.0,58.93,1,2.0,1.0,2026-06-29 19:53:58.413448+00:00
1339,30.0,62.95,1,5636.2,6496.055714285714,4786.179166666667,7954.811936564183,0.0,100.0,0.0,56,751,0.0,683.56,3,1.0,0.0,2026-06-29 19:53:58.413448+00:00
1429,57.0,109.23,3,20932.73,-261.7341666666667,-1100.9573076923077,11504.291654076946,0.0,100.0,0.0,119,738,136.79,486.41,4,2.0,2.0,2026-06-29 19:53:58.413448+00:00
1561,90.0,190.83,5,40071.17,969.334705882353,2028.3198,5986.4439619669,0.0,100.0,0.0,96,721,0.0,1428.38,7,0.0,1.0,2026-06-29 19:53:58.413448+00:00
1642,57.0,84.63,1,9572.98,-6260.448333333334,-4857.43375,3125.3536291071828,0.0,100.0,0.0,55,768,434.68,700.15,6,1.0,1.0,2026-06-29 19:53:58.413448+00:00
1724,2.0,58.25,1,10964.7,7573.07375,7476.8164705882355,195.609819762565,0.0,100.0,0.0,2,846,46.18,350.93,3,0.0,0.0,2026-06-29 19:53:58.413448+00:00
1885,9.0,63.02,2,15407.36,6025.243333333333,4278.867037037037,5629.105552882556,0.0,100.0,0.0,137,700,0.0,81.32,1,1.0,0.0,2026-06-29 19:53:58.413448+00:00
2031,19.0,54.78,1,5332.57,1150.7033333333334,2217.8244444444445,8142.527334281702,0.0,100.0,0.0,94,663,0.0,303.96,3,2.0,3.0,2026-06-29 19:53:58.413448+00:00
373,0.0,0.0,0,0.0,33125.232,33247.18666666667,209.07075231977308,0.0,100.0,0.0,106,731,0.0,50.67,1,0.0,0.0,2026-06-29 19:53:58.413448+00:00
495,16.0,31.41,0,0.0,18852.925,15899.058181818182,12915.734106962376,0.0,100.0,0.0,96,628,68.48,561.87,4,0.0,0.0,2026-06-29 19:53:58.413448+00:00
606,0.0,11.3,0,0.0,3872.1133333333332,4289.598888888889,380.9846391317124,0.0,100.0,0.0,25,789,195.69,326.39,3,0.0,1.0,2026-06-29 19:53:58.413448+00:00
659,0.0,149.93,0,0.0,6913.36,7235.543846153846,195.04083403042995,0.0,100.0,0.0,95,777,175.28,247.98,2,3.0,1.0,2026-06-29 19:53:58.413448+00:00
803,38.0,158.65,0,0.0,13395.363571428572,9081.685454545455,11542.223930341874,0.0,100.0,0.0,33,637,311.35,1469.5,9,1.0,1.0,2026-06-29 19:53:58.413448+00:00
957,0.0,149.47,0,0.0,20621.9475,23251.65,9673.787967717313,0.0,100.0,0.0,59,546,0.0,51.87,1,0.0,1.0,2026-06-29 19:53:58.413448+00:00
1082,0.0,67.48,0,0.0,17004.72,13837.49,3266.633915586737,0.0,100.0,0.0,102,596,0.0,147.64,1,3.0,0.0,2026-06-29 19:53:58.413448+00:00
1546,3.0,32.19,0,0.0,15837.628333333334,12942.349285714286,3408.8865163935106,0.0,100.0,0.0,76,685,0.0,200.59,1,0.0,0.0,2026-06-29 19:53:58.413448+00:00
2094,22.0,0.0,2,15170.42,3922.0416666666665,4961.651176470588,9224.835115908183,0.0,100.0,0.0,7,653,186.99,518.15,3,0.0,1.0,2026-06-29 19:53:58.413448+00:00
2145,31.0,61.28,1,11261.62,7528.865454545455,6528.518235294117,4449.443128170794,0.0,100.0,0.0,76,674,20.95,528.99,5,3.0,1.0,2026-06-29 19:53:58.413448+00:00
2177,66.0,75.92,4,36733.66,-6641.615384615385,-4128.295405405405,7667.951012294425,0.0,100.0,0.0,80,729,397.96,878.89,7,2.0,2.0,2026-06-29 19:53:58.413448+00:00
2190,8.0,104.89,2,16918.67,12219.317,12604.914516129033,12266.308007380541,0.0,100.0,0.0,129,712,106.39,673.91,4,0.0,2.0,2026-06-29 19:53:58.413448+00:00
2219,5.0,104.43,1,9836.09,13388.086842105264,14493.676382978723,13157.469391485845,0.0,100.0,0.0,48,754,239.08,961.78,8,1.0,2.0,2026-06-29 19:53:58.413448+00:00
2267,9.0,69.7,1,8597.74,15336.665,13607.174090909091,11138.907346401807,0.0,100.0,0.0,111,705,109.0,509.36,3,0.0,0.0,2026-06-29 19:53:58.413448+00:00
2289,39.0,72.95,3,24563.04,-6718.276,-6094.281,2348.7033074185847,0.0,100.0,0.0,79,687,0.0,78.12,1,0.0,0.0,2026-06-29 19:53:58.413448+00:00
2290,14.0,63.57,4,31688.22,5108.504,7661.285555555555,10796.651013915134,0.0,100.0,0.0,99,759,0.0,367.02,3,5.0,0.0,2026-06-29 19:53:58.413448+00:00
2304,20.0,119.11,3,29499.86,2462.6525,3219.3464,5127.009217062106,0.0,100.0,0.0,143,817,195.12,508.28,6,2.0,0.0,2026-06-29 19:53:58.413448+00:00
2306,16.0,49.33,2,17618.04,8006.9,8795.255,7682.1811713645975,0.0,100.0,0.0,107,673,139.06,673.35,6,2.0,1.0,2026-06-29 19:53:58.413448+00:00
2688,20.0,0.0,3,24532.69,-2043.6242857142856,635.147,9573.183855872665,0.0,100.0,0.0,143,781,0.0,517.15,4,1.0,0.0,2026-06-29 19:53:58.413448+00:00
2906,0.0,77.14,1,9186.62,2608.1025,2894.744,265.6857537091516,0.0,100.0,0.0,110,755,0.0,226.39,2,1.0,0.0,2026-06-29 19:53:58.413448+00:00
3124,24.0,27.15,2,12643.62,12041.006363636363,11148.164375,1537.9532106117078,0.0,100.0,0.0,120,632,119.69,504.27,4,2.0,0.0,2026-06-29 19:53:58.413448+00:00
3234,76.0,63.53,4,41114.21,-15483.162,-10456.145833333334,8579.283632081999,0.0,100.0,0.0,89,642,0.0,457.12,4,0.0,0.0,2026-06-29 19:53:58.413448+00:00
3280,17.0,109.56,2,14001.85,-1056.7575,-711.7339393939394,3811.5298499578175,0.0,100.0,0.0,78,746,277.32,782.31,4,1.0,0.0,2026-06-29 19:53:58.413448+00:00
3294,17.0,43.37,2,15876.45,1737.65,226.23103448275862,6473.804730489315,0.0,100.0,0.0,54,620,77.77,419.83,2,1.0,0.0,2026-06-29 19:53:58.413448+00:00
3327,22.0,163.51,2,18219.84,1811.3266666666666,1680.3580952380953,8473.913877626142,0.0,100.0,0.0,127,739,6361.01,6614.44,4,0.0,1.0,2026-06-29 19:53:58.413448+00:00
3376,19.0,110.31,2,14914.02,857.1408333333334,460.1290625,4523.41194677356,0.0,100.0,0.0,109,661,96.49,477.73,4,1.0,1.0,2026-06-29 19:53:58.413448+00:00
3402,28.0,151.42,2,17555.69,13282.223333333333,12426.99107142857,13764.90621580079,0.0,100.0,0.0,127,755,407.62,1053.82,3,2.0,1.0,2026-06-29 19:53:58.413448+00:00
3407,0.0,237.99,2,14296.37,14212.9055,14531.666458333333,9517.66928644508,0.0,100.0,0.0,53,695,538.46,1585.43,12,2.0,3.0,2026-06-29 19:53:58.413448+00:00
3559,16.0,27.82,1,10816.43,11463.653333333334,9064.388636363636,7363.745890043742,0.0,100.0,0.0,36,679,688.42,926.75,5,0.0,1.0,2026-06-29 19:53:58.413448+00:00
3599,62.0,168.9,2,18825.7,2670.719,790.1086206896551,12176.43932066936,0.0,100.0,0.0,37,582,38.85,730.96,3,1.0,0.0,2026-06-29 19:53:58.413448+00:00
3643,0.0,11.93,1,10682.61,220.97333333333333,302.12714285714287,149.53784391673335,0.0,100.0,0.0,96,688,0.0,87.65,1,0.0,0.0,2026-06-29 19:53:58.413448+00:00
3667,34.0,49.96,2,14549.11,9272.488125,6967.916,11079.385382611437,0.0,100.0,0.0,37,738,0.0,1232.08,8,1.0,2.0,2026-06-29 19:53:58.413448+00:00
3727,8.0,74.97,2,16012.7,5885.488181818182,9227.958,10268.972476392302,0.0,100.0,0.0,13,742,92.7,512.33,5,1.0,1.0,2026-06-29 19:53:58.413448+00:00
3792,50.0,142.36,3,25062.27,-6244.983333333334,-4631.604,8659.628533895275,0.0,100.0,0.0,96,706,173.14,544.24,7,1.0,1.0,2026-06-29 19:53:58.413448+00:00
3818,0.0,79.79,1,6717.08,14018.135,13212.888,5625.378921149165,0.0,100.0,0.0,50,684,63.1,115.38,2,3.0,0.0,2026-06-29 19:53:58.413448+00:00
3834,7.0,116.6,2,15317.91,11519.15625,12713.329375,11320.926183063837,0.0,100.0,0.0,65,702,169.84,556.86,3,0.0,3.0,2026-06-29 19:53:58.413448+00:00
3976,0.0,59.8,2,14607.62,21686.914,22309.911904761906,7468.8583309637015,0.0,100.0,0.0,82,732,0.0,76.63,1,0.0,0.0,2026-06-29 19:53:58.413448+00:00
4001,44.0,100.79,1,8630.08,8926.893333333333,11806.702631578948,26204.664518548692,0.0,100.0,0.0,44,681,294.19,394.42,4,0.0,2.0,2026-06-29 19:53:58.413448+00:00
4033,0.0,98.99,1,7593.47,13778.128,13294.51625,6368.103907422007,0.0,100.0,0.0,24,566,111.1,250.28,4,0.0,0.0,2026-06-29 19:53:58.413448+00:00
4044,37.0,21.07,2,15553.61,-2726.01375,-4924.898461538462,7605.97190367426,0.0,100.0,0.0,97,835,0.0,365.51,2,1.0,1.0,2026-06-29 19:53:58.413448+00:00
2186,0.0,71.52,0,0.0,8443.126,8528.074583333333,1592.30668587791,0.0,100.0,0.0,129,690,0.0,291.23,3,0.0,0.0,2026-06-29 19:53:58.413448+00:00
2373,6.0,134.69,0,0.0,13218.405833333334,13766.261818181818,11319.127914976878,0.0,100.0,0.0,69,735,0.0,635.89,5,0.0,0.0,2026-06-29 19:53:58.413448+00:00
2891,0.0,0.0,0,0.0,11170.953333333333,11120.296666666667,124.1630494775144,0.0,100.0,0.0,137,773,22.63,227.81,2,0.0,1.0,2026-06-29 19:53:58.413448+00:00
3126,56.0,82.78,0,0.0,-537.9625,-341.2446153846154,233.42444202041992,0.0,100.0,0.0,102,850,229.6,310.13,2,1.0,1.0,2026-06-29 19:53:58.413448+00:00
3191,0.0,24.43,0,0.0,19978.68,17639.16857142857,2384.8429395179774,0.0,100.0,0.0,9,805,0.0,187.19,1,0.0,2.0,2026-06-29 19:53:58.413448+00:00
3337,47.0,40.05,0,0.0,7556.178,7345.982,2104.4088547090214,0.0,100.0,0.0,87,716,205.93,205.93,2,1.0,0.0,2026-06-29 19:53:58.413448+00:00
3607,0.0,28.64,0,0.0,20146.36,19847.562,281.91713264306253,0.0,100.0,0.0,65,576,0.0,52.64,2,1.0,0.0,2026-06-29 19:53:58.413448+00:00
3789,0.0,62.72,0,0.0,18216.907142857144,17920.442222222224,303.3296977173254,0.0,100.0,0.0,99,710,197.59,433.9,2,0.0,0.0,2026-06-29 19:53:58.413448+00:00
3913,0.0,0.0,0,0.0,7061.83,7066.93,88.83724613021275,0.0,100.0,0.0,29,710,0.0,39.72,1,0.0,0.0,2026-06-29 19:53:58.413448+00:00
4100,46.0,79.92,3,28730.68,3720.1866666666665,6592.295609756097,13376.704866275888,0.0,100.0,0.0,32,650,46.4,1136.41,7,2.0,1.0,2026-06-29 19:53:58.413448+00:00
4155,33.0,110.34,2,14991.24,6137.442,7473.52225,15533.269465832454,0.0,100.0,0.0,3,622,314.48,1094.62,5,2.0,0.0,2026-06-29 19:53:58.413448+00:00
4157,0.0,15.41,1,6417.23,8917.829166666666,7176.545454545455,4718.453173203661,0.0,100.0,0.0,81,625,0.0,614.88,4,0.0,0.0,2026-06-29 19:53:58.413448+00:00
4345,28.0,0.0,1,8653.55,1893.8,1890.2641176470588,109.66261098364777,0.0,100.0,0.0,75,713,0.0,341.61,4,3.0,0.0,2026-06-29 19:53:58.413448+00:00
4379,21.0,98.88,3,29093.81,4936.982857142857,7878.477714285715,14182.044921071536,0.0,100.0,0.0,55,690,171.31,1271.52,8,0.0,0.0,2026-06-29 19:53:58.413448+00:00
4436,42.0,84.04,4,26927.82,15552.053846153845,13774.997567567567,22241.9807932333,0.0,100.0,0.0,100,656,8541.07,9364.14,10,2.0,2.0,2026-06-29 19:53:58.413448+00:00
4521,32.0,18.18,3,25636.79,6235.487142857143,3055.8665,9467.157394475533,0.0,100.0,0.0,132,650,41.01,182.78,2,0.0,0.0,2026-06-29 19:53:58.413448+00:00
4620,26.0,110.79,4,35045.05,-3894.3714285714286,-1418.0197674418605,4704.9635335346275,0.0,100.0,0.0,65,776,0.0,11156.24,7,2.0,1.0,2026-06-29 19:53:58.413448+00:00
4771,12.0,18.7,1,10758.67,-2093.012,3129.576111111111,6134.784032143754,0.0,100.0,0.0,138,666,306.72,496.13,4,0.0,0.0,2026-06-29 19:53:58.413448+00:00
4826,2.0,70.66,2,15938.16,16195.788333333334,19244.1235,9789.930753063209,0.0,100.0,0.0,8,712,13.08,9276.81,2,1.0,0.0,2026-06-29 19:53:58.413448+00:00
4899,63.0,21.18,3,25973.49,-5842.737826086956,-4962.709777777778,16500.849501512002,0.0,100.0,0.0,45,745,324.84,1767.4,12,2.0,0.0,2026-06-29 19:53:58.413448+00:00
4946,67.0,34.18,6,44997.97,1642.7592307692307,815.0366666666666,12628.230337033272,0.0,100.0,0.0,79,630,0.0,6355.21,4,1.0,2.0,2026-06-29 19:53:58.413448+00:00
4966,17.0,109.42,2,19069.79,5791.111333333333,8832.17023255814,10751.732588021487,0.0,100.0,0.0,117,777,459.45,995.79,8,4.0,1.0,2026-06-29 19:53:58.413448+00:00
4986,27.0,45.19,1,5945.9,6647.841428571429,6153.0425,7589.818117419575,0.0,100.0,0.0,106,685,358.56,645.76,5,0.0,2.0,2026-06-29 19:53:58.413448+00:00
4989,35.0,0.0,1,11675.52,-5653.097142857143,-5082.711538461538,3892.778372623966,0.0,100.0,0.0,81,690,92.66,257.27,3,1.0,0.0,2026-06-29 19:53:58.413448+00:00
4499,0.0,0.0,0,0.0,19757.785,19934.17125,204.8690543638485,0.0,100.0,0.0,92,660,80.36,132.14,3,0.0,1.0,2026-06-29 19:53:58.413448+00:00
4601,37.0,131.09,0,0.0,9033.89,6939.33255319149,8138.366153734349,0.0,100.0,0.0,12,786,109.36,1126.76,9,2.0,1.0,2026-06-29 19:53:58.413448+00:00
4783,0.0,88.68,0,0.0,18210.858,13707.938823529412,9090.73503167694,0.0,100.0,0.0,61,712,132.05,403.06,4,0.0,1.0,2026-06-29 19:53:58.413448+00:00
196,40.0,25.71,1,9778.37,-20519.4,-20183.82125,247.02690665378395,0.0,100.0,0.0,999,616,111.55,111.55,1,0.0,1.0,2026-06-29 19:53:58.413448+00:00
345,28.0,110.22,2,21425.14,-888.3181818181819,-2665.703703703704,6610.793505028107,0.0,100.0,0.0,999,845,419.79,771.34,5,1.0,1.0,2026-06-29 19:53:58.413448+00:00
398,62.0,80.82,4,30027.25,-7339.179,-8211.52103448276,5859.909909620844,0.0,100.0,0.0,999,751,126.18,835.06,7,0.0,2.0,2026-06-29 19:53:58.413448+00:00
505,3.0,69.18,1,11790.82,5662.541666666667,5790.655454545455,205.30359637721074,0.0,100.0,0.0,999,767,0.0,386.14,3,1.0,0.0,2026-06-29 19:53:58.413448+00:00
669,52.0,0.0,2,17938.19,-15228.713333333333,-9817.09,6068.959714335749,0.0,100.0,0.0,999,649,299.93,876.64,4,1.0,1.0,2026-06-29 19:53:58.413448+00:00
754,43.0,0.0,4,39814.86,-15149.034,-9837.658333333333,17606.170629584227,0.0,100.0,0.0,999,692,541.69,975.45,5,2.0,3.0,2026-06-29 19:53:58.413448+00:00
951,90.0,137.64,4,35464.36,-14192.67,-13950.83,2084.0291365990756,0.0,100.0,0.0,999,558,37.58,812.17,7,1.0,2.0,2026-06-29 19:53:58.413448+00:00
1342,8.0,0.0,1,6841.31,-765.22,-476.6457142857143,318.25363563660727,0.0,100.0,0.0,999,761,0.0,538.0,3,0.0,1.0,2026-06-29 19:53:58.413448+00:00
1370,0.0,15.88,1,6501.54,4219.8575,4372.680833333333,180.45328035525503,0.0,100.0,0.0,999,572,0.0,223.9,1,1.0,0.0,2026-06-29 19:53:58.413448+00:00
1501,0.0,0.0,1,8805.5,11160.475,11382.027142857143,177.26053502557008,0.0,100.0,0.0,999,811,0.0,100.58,1,0.0,0.0,2026-06-29 19:53:58.413448+00:00
1539,19.0,0.0,2,12465.02,-10614.38,-10718.2875,120.43491756442529,0.0,100.0,0.0,999,682,197.73,197.73,2,2.0,0.0,2026-06-29 19:53:58.413448+00:00
492,0.0,21.55,0,0.0,26510.545,26758.197272727273,152.57965073965337,0.0,100.0,0.0,999,608,228.78,398.36,3,2.0,0.0,2026-06-29 19:53:58.413448+00:00
567,0.0,104.87,0,0.0,4174.3,4133.938918918919,947.7010376575566,0.0,100.0,0.0,999,728,246.41,1355.78,9,2.0,1.0,2026-06-29 19:53:58.413448+00:00
572,0.0,0.0,0,0.0,8967.714,4193.476428571428,3499.9811045906454,0.0,100.0,0.0,999,747,0.0,561.4,3,1.0,0.0,2026-06-29 19:53:58.413448+00:00
2053,12.0,0.0,1,9037.28,22947.35,18874.09375,9485.123137176366,0.0,100.0,0.0,999,694,199.72,874.37,3,0.0,0.0,2026-06-29 19:53:58.413448+00:00
2080,0.0,22.96,1,8198.19,14609.622,14821.511,246.2527692615862,0.0,100.0,0.0,999,708,147.47,441.5,5,0.0,1.0,2026-06-29 19:53:58.413448+00:00
2143,0.0,0.0,1,7550.47,3878.47875,3999.998888888889,1535.896298471596,0.0,100.0,0.0,999,746,374.41,778.2,6,0.0,0.0,2026-06-29 19:53:58.413448+00:00
2199,0.0,70.39,1,11425.25,27321.902,27486.182666666668,223.16789322441096,0.0,100.0,0.0,999,816,243.53,435.8,2,0.0,0.0,2026-06-29 19:53:58.413448+00:00
2425,25.0,0.0,2,16067.03,-7765.1725,-7515.133,270.9160103076227,0.0,100.0,0.0,999,713,317.11,404.13,4,0.0,0.0,2026-06-29 19:53:58.413448+00:00
2500,51.0,57.8,3,24665.47,-31289.8675,-31113.006470588236,291.3660887438621,0.0,100.0,0.0,999,585,79.87,895.58,5,1.0,0.0,2026-06-29 19:53:58.413448+00:00
2937,4.0,0.0,1,11954.46,-919.5266666666666,1845.1725,3871.1291105006344,0.0,100.0,0.0,999,700,12265.57,12265.57,2,1.0,0.0,2026-06-29 19:53:58.413448+00:00
2970,78.0,110.81,4,37181.92,-21269.313846153847,-20024.804347826088,11220.90872249807,0.0,100.0,0.0,999,720,0.0,874.98,7,1.0,1.0,2026-06-29 19:53:58.413448+00:00
3165,1.0,15.21,2,16434.87,515.355,453.94958333333335,189.27149185273518,0.0,100.0,0.0,999,788,0.0,196.64,1,0.0,0.0,2026-06-29 19:53:58.413448+00:00
3211,46.0,72.12,1,6542.29,5258.296,3191.013870967742,10210.985303415397,0.0,100.0,0.0,999,743,12.33,729.41,8,1.0,0.0,2026-06-29 19:53:58.413448+00:00
3446,35.0,51.81,1,9959.71,3162.5125,1819.075,2598.527532216082,0.0,100.0,0.0,999,708,733.17,733.17,2,1.0,0.0,2026-06-29 19:53:58.413448+00:00
3518,60.0,124.1,4,34036.56,-14945.305833333334,-14542.944193548386,7319.452633949536,0.0,100.0,0.0,999,841,0.0,1448.01,9,0.0,1.0,2026-06-29 19:53:58.413448+00:00
3751,33.0,46.82,1,6281.54,-3891.06,-3617.879090909091,253.6406706867932,0.0,100.0,0.0,999,713,80.28,80.28,1,0.0,0.0,2026-06-29 19:53:58.413448+00:00
3768,0.0,109.32,1,10699.02,12534.168,12871.742666666667,292.1960245786305,0.0,100.0,0.0,999,697,68.77,242.1,3,1.0,0.0,2026-06-29 19:53:58.413448+00:00
2196,0.0,0.0,0,0.0,9213.49,9346.648333333333,86.29562086546193,0.0,100.0,0.0,999,766,147.67,147.67,1,0.0,0.0,2026-06-29 19:53:58.413448+00:00
2685,23.0,42.59,0,0.0,-461.28,-643.5216666666666,265.32438672635425,0.0,100.0,0.0,999,750,0.0,100.0,1,0.0,0.0,2026-06-29 19:53:58.413448+00:00
2777,0.0,0.0,0,0.0,3515.58125,3556.4154545454544,119.22513831659654,0.0,100.0,0.0,999,813,0.0,520.2,5,0.0,0.0,2026-06-29 19:53:58.413448+00:00
3069,0.0,0.0,0,0.0,8537.86,8720.965,147.22668165677936,0.0,100.0,0.0,999,642,0.0,381.68,2,0.0,0.0,2026-06-29 19:53:58.413448+00:00
3248,5.0,36.11,0,0.0,14065.0825,14117.348,70.24979228438993,0.0,100.0,0.0,999,651,0.0,113.97,2,1.0,0.0,2026-06-29 19:53:58.413448+00:00
3677,0.0,0.0,0,0.0,18332.19,18276.97,94.01960779539539,0.0,100.0,0.0,999,638,184.12,184.12,1,0.0,0.0,2026-06-29 19:53:58.413448+00:00
3718,0.0,65.83,0,0.0,6807.5257142857145,6602.725217391305,480.8190621797225,0.0,100.0,0.0,999,734,0.0,413.65,4,1.0,1.0,2026-06-29 19:53:58.413448+00:00
3900,0.0,11.3,0,0.0,8457.8825,8843.98625,1062.921072868742,0.0,100.0,0.0,999,758,0.0,287.16,3,0.0,0.0,2026-06-29 19:53:58.413448+00:00
4325,64.0,14.25,3,23443.61,-22341.091666666667,-22282.925714285713,129.63590655118327,0.0,100.0,0.0,999,660,249.96,336.64,3,0.0,1.0,2026-06-29 19:53:58.413448+00:00
4395,14.0,12.2,2,19491.04,-6877.496666666667,-6945.558333333333,125.75316862969356,0.0,100.0,0.0,999,714,208.79,208.79,2,0.0,0.0,2026-06-29 19:53:58.413448+00:00
4457,0.0,0.0,2,14751.72,387.622,2092.173333333333,2692.684836177866,0.0,100.0,0.0,999,545,0.0,679.01,3,0.0,1.0,2026-06-29 19:53:58.413448+00:00
4485,20.0,35.88,3,33501.48,-23541.16,-23130.2325,303.7461623111477,0.0,100.0,0.0,999,691,0.0,412.83,1,1.0,1.0,2026-06-29 19:53:58.413448+00:00
4693,72.0,56.33,4,33482.9,-11863.2,-7853.047931034483,6237.007087526107,0.0,100.0,0.0,999,789,448.31,15333.83,8,1.0,0.0,2026-06-29 19:53:58.413448+00:00
4801,52.0,11.59,2,15146.63,-18567.508,-18459.22333333333,142.47013665638445,0.0,100.0,0.0,999,719,232.04,240.53,3,0.0,0.0,2026-06-29 19:53:58.413448+00:00
4829,18.0,0.0,1,7495.74,-6847.86,-6476.203125,390.3136381923959,0.0,100.0,0.0,999,761,77.01,77.01,1,0.0,0.0,2026-06-29 19:53:58.413448+00:00
4218,0.0,0.0,0,0.0,14449.87,14499.12,70.4752594887034,0.0,100.0,0.0,999,642,0.0,199.02,2,0.0,0.0,2026-06-29 19:53:58.413448+00:00
4556,0.0,37.17,0,0.0,7433.4366666666665,7589.882857142858,164.7440528919495,0.0,100.0,0.0,999,727,0.0,287.64,2,0.0,0.0,2026-06-29 19:53:58.413448+00:00
4674,0.0,0.0,0,0.0,9233.71,9288.723333333333,89.60325192511462,0.0,100.0,0.0,999,761,108.88,219.48,2,0.0,0.0,2026-06-29 19:53:58.413448+00:00
4765,0.0,0.0,0,0.0,12919.623333333333,12741.383846153845,326.4396225888002,0.0,100.0,0.0,999,696,0.0,417.62,2,0.0,0.0,2026-06-29 19:53:58.413448+00:00
349,46.0,0.0,2,17472.16,-14551.0675,-14347.565833333334,321.04585727634833,0.0,100.0,0.0,999,784,0.0,716.04,2,0.0,0.0,2026-06-29 19:53:58.413448+00:00
446,55.0,55.5,2,11308.43,-240.92,-222.596,2198.5684242948296,0.0,100.0,0.0,999,796,244.13,564.89,3,0.0,1.0,2026-06-29 19:53:58.413448+00:00
469,46.0,0.0,1,9546.85,-7839.039,-8075.504782608696,2559.882378107244,0.0,100.0,0.0,999,599,261.12,763.05,6,2.0,1.0,2026-06-29 19:53:58.413448+00:00
649,2.0,47.38,1,8443.33,1910.595,2055.315,152.66217566902418,0.0,100.0,0.0,999,630,319.12,319.12,2,0.0,0.0,2026-06-29 19:53:58.413448+00:00
923,42.0,77.25,1,9799.25,-12668.54,-11860.716153846153,2648.1868104321397,0.0,100.0,0.0,999,713,0.0,171.84,2,0.0,0.0,2026-06-29 19:53:58.413448+00:00
955,18.0,0.0,1,7456.36,-2295.482857142857,-2270.3358333333335,6060.884414887344,0.0,100.0,0.0,999,721,206.26,813.55,7,0.0,1.0,2026-06-29 19:53:58.413448+00:00
1092,0.0,81.68,1,6961.81,5235.845714285714,5486.937142857143,2212.0230870558353,0.0,100.0,0.0,999,692,178.88,873.17,5,0.0,1.0,2026-06-29 19:53:58.413448+00:00
1206,3.0,0.0,2,13521.52,2051.49875,2959.1776470588234,2990.179024855967,0.0,100.0,0.0,999,696,267.45,7009.34,4,0.0,0.0,2026-06-29 19:53:58.413448+00:00
1216,0.0,37.17,2,17343.38,3919.385,9311.527368421053,2798.280574758725,0.0,100.0,0.0,999,761,153.65,6777.21,3,0.0,1.0,2026-06-29 19:53:58.413448+00:00
1645,28.0,73.64,3,18587.37,-17229.576,-17338.702,161.46767303705155,0.0,100.0,0.0,999,706,114.48,197.06,3,1.0,1.0,2026-06-29 19:53:58.413448+00:00
2024,0.0,0.0,1,8497.24,9510.471666666666,11527.913333333334,4403.545435848003,0.0,100.0,0.0,999,805,0.0,9251.91,4,0.0,1.0,2026-06-29 19:53:58.413448+00:00
113,0.0,0.0,0,0.0,4791.25,4929.1,144.21363897588446,0.0,100.0,0.0,999,850,0.0,215.57,1,0.0,0.0,2026-06-29 19:53:58.413448+00:00
790,0.0,85.37,0,0.0,13570.04875,13969.388421052632,405.09455464467777,0.0,100.0,0.0,999,842,103.13,579.35,4,0.0,0.0,2026-06-29 19:53:58.413448+00:00
1553,39.0,0.0,0,0.0,-810.1866666666666,-759.3735714285714,116.82286766157331,0.0,100.0,0.0,999,608,100.55,314.27,2,1.0,0.0,2026-06-29 19:53:58.413448+00:00
2351,26.0,0.0,2,22599.45,-13879.36,-13661.67,222.03238205270924,0.0,100.0,0.0,999,600,0.0,68.99,1,2.0,0.0,2026-06-29 19:53:58.413448+00:00
2434,30.0,72.29,5,37776.59,-1674.6242857142856,-8111.012962962963,11213.168020338417,0.0,100.0,0.0,999,769,103.34,478.08,5,0.0,0.0,2026-06-29 19:53:58.413448+00:00
2474,63.0,28.42,2,17676.49,-19154.654285714285,-18907.582666666665,254.76318466284766,0.0,100.0,0.0,999,630,163.62,612.03,5,2.0,0.0,2026-06-29 19:53:58.413448+00:00
2670,16.0,0.0,1,10428.95,-856.915,-895.3066666666666,150.52068750622604,0.0,100.0,0.0,999,731,84.06,331.18,3,1.0,0.0,2026-06-29 19:53:58.413448+00:00
2736,0.0,28.2,1,9801.55,5174.24,7722.31375,4348.898492845451,0.0,100.0,0.0,999,643,0.0,104.03,1,0.0,1.0,2026-06-29 19:53:58.413448+00:00
2769,34.0,52.97,1,6248.36,-3636.8925,-3398.9357142857143,260.8194377811779,0.0,100.0,0.0,999,714,159.24,556.54,4,0.0,0.0,2026-06-29 19:53:58.413448+00:00
2786,18.0,0.0,1,6081.86,-774.146,-735.7858333333334,130.03267496148376,0.0,100.0,0.0,999,623,0.0,316.84,4,0.0,0.0,2026-06-29 19:53:58.413448+00:00
2838,76.0,13.71,1,7681.84,-3964.6545454545453,-4348.787037037037,2370.002618254242,0.0,100.0,0.0,999,723,358.8,945.33,6,1.0,1.0,2026-06-29 19:53:58.413448+00:00
2883,45.0,28.69,1,8762.76,-21683.25,-17534.545555555556,4546.035848316667,0.0,100.0,0.0,999,727,0.0,259.66,3,0.0,0.0,2026-06-29 19:53:58.413448+00:00
3028,87.0,72.95,4,37420.41,-11372.93,-14625.264482758621,5392.012795115682,0.0,100.0,0.0,999,652,9915.94,10751.82,6,4.0,1.0,2026-06-29 19:53:58.413448+00:00
3239,68.0,20.26,3,26032.27,-27662.24,-25465.0268,3409.85330763506,0.0,100.0,0.0,999,668,276.43,1364.47,7,1.0,0.0,2026-06-29 19:53:58.413448+00:00
3368,44.0,50.99,1,5621.81,1734.93125,2323.3572727272726,7625.663581766735,0.0,100.0,0.0,999,688,0.0,618.23,4,0.0,2.0,2026-06-29 19:53:58.413448+00:00
3575,0.0,0.0,1,11524.38,6833.82,6268.795384615385,3612.7993993356777,0.0,100.0,0.0,999,729,0.0,614.67,3,1.0,0.0,2026-06-29 19:53:58.413448+00:00
3716,29.0,42.97,2,22691.87,-13042.852857142858,-12781.015,2658.443544402438,0.0,100.0,0.0,999,780,313.48,595.35,4,1.0,1.0,2026-06-29 19:53:58.413448+00:00
3796,37.0,0.0,1,5545.83,-1745.205,-1680.5321428571428,141.04314305399964,0.0,100.0,0.0,999,726,0.0,101.75,1,2.0,1.0,2026-06-29 19:53:58.413448+00:00
3816,0.0,0.0,1,6572.34,6292.542857142857,7005.094,592.0525571149866,0.0,100.0,0.0,999,850,62.43,475.64,5,0.0,1.0,2026-06-29 19:53:58.413448+00:00
3930,33.0,20.46,1,9576.76,-6086.205,-5848.497777777778,261.35871750772753,0.0,100.0,0.0,999,746,0.0,156.03,1,0.0,0.0,2026-06-29 19:53:58.413448+00:00
4009,39.0,0.0,3,19845.14,-9509.226666666667,-2604.237777777778,5592.839941739832,0.0,100.0,0.0,999,691,0.0,9163.1,5,2.0,0.0,2026-06-29 19:53:58.413448+00:00
2617,0.0,0.0,0,0.0,22411.613333333335,19495.911,4585.453603170466,0.0,100.0,0.0,999,624,0.0,119.05,2,0.0,0.0,2026-06-29 19:53:58.413448+00:00
2822,0.0,0.0,0,0.0,390.76,374.735,16.025000000000006,0.0,100.0,0.0,999,667,0.0,104.82,1,0.0,0.0,2026-06-29 19:53:58.413448+00:00
2845,18.0,0.0,0,0.0,-4311.126666666667,-4287.965,91.1321697225155,0.0,100.0,0.0,999,667,0.0,279.75,1,0.0,0.0,2026-06-29 19:53:58.413448+00:00
3737,25.0,73.03,0,0.0,-10275.02,-10049.542857142857,206.21451076240922,0.0,100.0,0.0,999,847,0.0,164.82,1,0.0,0.0,2026-06-29 19:53:58.413448+00:00
3937,0.0,29.96,0,0.0,2692.112,3092.0783333333334,374.0602496023125,0.0,100.0,0.0,999,809,255.24,949.98,5,0.0,1.0,2026-06-29 19:53:58.413448+00:00
4012,0.0,52.89,0,0.0,15391.82,12384.876666666667,4793.243442700244,0.0,100.0,0.0,999,648,0.0,175.69,2,1.0,2.0,2026-06-29 19:53:58.413448+00:00
4738,59.0,0.0,2,13841.44,-2349.75,-2609.69125,248.64573032919253,0.0,100.0,0.0,999,725,0.0,69.11,1,1.0,1.0,2026-06-29 19:53:58.413448+00:00
4794,0.0,52.1,1,11102.88,11535.905,11848.934,178.75368925742598,0.0,100.0,0.0,999,693,182.91,361.85,2,0.0,2.0,2026-06-29 19:53:58.413448+00:00
4863,22.0,19.25,2,15744.16,7578.746,4793.1,3920.794593839598,0.0,100.0,0.0,999,584,0.0,315.82,2,2.0,2.0,2026-06-29 19:53:58.413448+00:00
4985,29.0,72.96,1,11444.71,-24325.65,-24322.165,72.85803131111037,0.0,100.0,0.0,999,651,35.08,165.77,3,1.0,0.0,2026-06-29 19:53:58.413448+00:00
4893,0.0,0.0,0,0.0,1142.15,1365.94,266.2855395372919,0.0,100.0,0.0,999,640,0.0,410.06,1,0.0,0.0,2026-06-29 19:53:58.413448+00:00
68,4.0,43.44,1,7284.42,6566.336666666667,6678.531111111111,157.52078257553785,0.0,100.0,0.0,71,674,122.51,122.51,1,0.0,0.0,2026-06-29 19:53:58.413448+00:00
186,0.0,236.78,2,14551.81,7258.156153846154,5977.698,4592.416303533336,0.0,100.0,0.0,30,683,222.22,720.74,6,2.0,1.0,2026-06-29 19:53:58.413448+00:00
316,3.0,112.41,2,11907.79,21168.177142857145,13177.220810810812,10436.676850703361,0.0,100.0,0.0,93,614,0.0,7221.9,7,1.0,0.0,2026-06-29 19:53:58.413448+00:00
359,0.0,112.42,1,9274.59,7259.794,10974.14875,4448.122988148307,0.0,100.0,0.0,22,619,268.47,373.68,2,3.0,0.0,2026-06-29 19:53:58.413448+00:00
691,97.0,62.06,2,18817.13,-5089.751875,-3180.8019047619046,8763.431544576206,0.0,100.0,0.0,112,765,83.44,826.39,8,3.0,1.0,2026-06-29 19:53:58.413448+00:00
708,62.0,127.67,3,26821.62,1875.2753846153846,3055.911935483871,4734.994256290659,0.0,100.0,0.0,3,775,172.69,651.54,6,0.0,1.0,2026-06-29 19:53:58.413448+00:00
771,5.0,11.94,1,11579.42,3740.384285714286,7747.7692307692305,9128.375488046213,0.0,100.0,0.0,98,727,0.0,82.14,1,2.0,2.0,2026-06-29 19:53:58.413448+00:00
856,0.0,45.87,2,12567.12,11595.4425,10309.064285714287,4064.3912008068223,0.0,100.0,0.0,40,850,0.0,75.35,1,0.0,0.0,2026-06-29 19:53:58.413448+00:00
894,69.0,159.49,3,23658.48,-6241.487857142857,-3465.7653846153844,13102.951414575182,0.0,100.0,0.0,56,825,425.89,1160.42,5,2.0,4.0,2026-06-29 19:53:58.413448+00:00
906,48.0,41.76,5,50410.56,-7364.7875,-4116.039629629629,11686.462462536945,0.0,100.0,0.0,96,689,347.38,9812.31,3,1.0,0.0,2026-06-29 19:53:58.413448+00:00
909,10.0,0.0,2,22351.83,4237.68625,4306.0038888888885,4672.327590068216,0.0,100.0,0.0,121,771,0.0,558.76,4,0.0,2.0,2026-06-29 19:53:58.413448+00:00
922,91.0,68.76,6,53194.93,-9177.02625,-11556.741136363637,7183.792024076695,0.0,100.0,0.0,17,799,527.47,1182.28,10,1.0,1.0,2026-06-29 19:53:58.413448+00:00
926,31.0,54.18,1,8017.64,3243.4081818181817,3188.496222222222,4445.252204263826,0.0,100.0,0.0,10,653,205.47,723.08,8,4.0,1.0,2026-06-29 19:53:58.413448+00:00
943,12.0,160.77,1,8560.21,10922.96375,9783.854285714286,4382.067555379561,0.0,100.0,0.0,25,781,173.0,608.67,4,2.0,1.0,2026-06-29 19:53:58.413448+00:00
998,28.0,39.39,2,22072.78,4482.724,14047.098260869565,16709.882622814835,0.0,100.0,0.0,129,681,264.02,574.45,3,0.0,1.0,2026-06-29 19:53:58.413448+00:00
1047,45.0,55.33,3,22374.16,4347.042222222222,7778.505454545455,17711.640039334616,0.0,100.0,0.0,80,649,8841.13,9350.45,6,2.0,0.0,2026-06-29 19:53:58.413448+00:00
1265,32.0,73.31,2,17943.78,-3016.3216666666667,-2661.5158823529414,12932.376544333838,0.0,100.0,0.0,18,591,0.0,571.02,3,1.0,2.0,2026-06-29 19:53:58.413448+00:00
1266,19.0,16.84,1,11848.65,2034.02625,980.8085185185186,2439.9531213100827,0.0,100.0,0.0,69,782,189.03,506.3,5,2.0,2.0,2026-06-29 19:53:58.413448+00:00
1330,106.0,137.07,1,11463.11,-7774.254,-8403.6908,2179.0550949023013,0.0,100.0,0.0,22,639,175.74,175.74,2,1.0,2.0,2026-06-29 19:53:58.413448+00:00
1412,2.0,37.08,1,11839.22,7907.838,11041.964444444444,9472.159307432506,0.0,100.0,0.0,94,630,159.1,12094.69,3,0.0,1.0,2026-06-29 19:53:58.413448+00:00
1419,0.0,0.0,1,9455.18,6383.87,9962.655333333334,3585.6525701657065,0.0,100.0,0.0,93,712,0.0,9455.18,1,2.0,0.0,2026-06-29 19:53:58.413448+00:00
1464,25.0,0.0,2,18480.61,-9374.70875,-6581.878,6904.823075109359,0.0,100.0,0.0,24,504,60.59,826.43,6,0.0,0.0,2026-06-29 19:53:58.413448+00:00
1522,49.0,69.06,1,11137.86,982.9428571428572,3767.4178125,6666.431367528438,0.0,100.0,0.0,50,610,55.28,12202.27,9,1.0,1.0,2026-06-29 19:53:58.413448+00:00
1529,54.0,139.16,6,45836.42,11868.005384615384,2807.09375,15879.162919282931,0.0,100.0,0.0,4,790,0.0,706.07,5,2.0,3.0,2026-06-29 19:53:58.413448+00:00
1614,33.0,0.0,3,24812.14,5392.86125,4219.0922580645165,12343.656945525925,0.0,100.0,0.0,134,655,147.51,392.38,4,0.0,0.0,2026-06-29 19:53:58.413448+00:00
1667,13.0,27.12,3,28025.75,7394.75,9723.18125,9388.228447292968,0.0,100.0,0.0,140,822,0.0,307.01,1,1.0,3.0,2026-06-29 19:53:58.413448+00:00
1782,77.0,87.61,3,27136.12,-7982.562666666667,-7771.213333333333,13499.819421145687,0.0,100.0,0.0,134,800,155.18,1587.57,10,2.0,0.0,2026-06-29 19:53:58.413448+00:00
1908,0.0,89.96,1,8296.44,14438.394444444444,11700.750416666666,11592.35360394334,0.0,100.0,0.0,133,763,350.82,681.34,4,0.0,0.0,2026-06-29 19:53:58.413448+00:00
1928,0.0,26.06,1,7695.27,7778.058571428572,9119.688181818181,2235.7370573291655,0.0,100.0,0.0,20,524,8033.49,8085.13,4,0.0,2.0,2026-06-29 19:53:58.413448+00:00
608,38.0,0.0,0,0.0,7233.88,3572.70875,8243.8488702152,0.0,100.0,0.0,78,620,188.28,779.59,5,1.0,0.0,2026-06-29 19:53:58.413448+00:00
685,0.0,34.31,0,0.0,23355.5575,20860.673076923078,4610.2803016375765,0.0,100.0,0.0,105,664,0.0,85.65,1,0.0,0.0,2026-06-29 19:53:58.413448+00:00
737,0.0,63.05,0,0.0,10987.651666666667,10467.773888888889,9360.522278903054,0.0,100.0,0.0,35,749,91.2,566.92,6,1.0,0.0,2026-06-29 19:53:58.413448+00:00
1040,0.0,35.62,0,0.0,4274.526,4768.080625,955.2171695448943,0.0,100.0,0.0,86,590,76.39,440.58,3,0.0,0.0,2026-06-29 19:53:58.413448+00:00
1095,0.0,0.0,0,0.0,36054.23,36112.932857142856,173.7003126245304,0.0,100.0,0.0,7,745,240.79,361.61,2,1.0,0.0,2026-06-29 19:53:58.413448+00:00
1948,0.0,0.0,0,0.0,1024.33,6719.61,6236.786622666086,0.0,100.0,0.0,28,772,135.6,444.21,1,0.0,0.0,2026-06-29 19:53:58.413448+00:00
1950,0.0,0.0,0,0.0,9815.915,10864.532666666666,8881.628830140311,0.0,100.0,0.0,119,689,0.0,163.0,2,1.0,0.0,2026-06-29 19:53:58.413448+00:00
2107,0.0,0.0,1,6319.52,12860.885714285714,10352.041612903226,3847.129606290146,0.0,100.0,0.0,13,668,132.78,554.64,4,0.0,0.0,2026-06-29 19:53:58.413448+00:00
2210,3.0,0.0,1,7316.36,12410.5675,9735.402222222223,9798.732153105255,0.0,100.0,0.0,99,850,74.25,459.72,5,0.0,2.0,2026-06-29 19:53:58.413448+00:00
2323,58.0,87.99,4,37081.5,-8492.177142857143,-5406.736818181818,3200.250486091797,0.0,100.0,0.0,19,634,0.0,10929.71,2,2.0,0.0,2026-06-29 19:53:58.413448+00:00
2361,108.0,106.16,5,52107.39,-15420.52125,-13224.530666666667,5784.0836476166405,0.0,100.0,0.0,24,663,0.0,11679.56,4,3.0,1.0,2026-06-29 19:53:58.413448+00:00
2407,0.0,32.94,1,6866.51,7407.092,7924.5,1125.7989746524781,0.0,100.0,0.0,74,653,153.96,472.29,4,0.0,0.0,2026-06-29 19:53:58.413448+00:00
2483,47.0,39.69,3,26381.97,-11948.292857142857,-12047.480526315789,117.19154210875533,0.0,100.0,0.0,6,608,62.52,261.33,2,0.0,0.0,2026-06-29 19:53:58.413448+00:00
2510,15.0,27.72,1,11013.04,6201.1125,3950.852380952381,7374.192516430987,0.0,100.0,0.0,8,622,0.0,145.18,1,2.0,1.0,2026-06-29 19:53:58.413448+00:00
2654,30.0,0.0,1,9772.32,4657.67,4582.87,7270.32587772894,0.0,100.0,0.0,29,653,55.87,322.4,3,0.0,1.0,2026-06-29 19:53:58.413448+00:00
2701,30.0,168.47,3,22504.87,6378.930909090909,3835.084642857143,9847.663891213519,0.0,100.0,0.0,102,704,0.0,321.78,2,1.0,0.0,2026-06-29 19:53:58.413448+00:00
2834,60.0,24.68,3,29095.6,-3008.199090909091,958.99,14935.2633695396,0.0,100.0,0.0,39,772,245.27,9761.16,7,0.0,2.0,2026-06-29 19:53:58.413448+00:00
2896,0.0,41.25,1,6781.87,12114.448,11885.59923076923,230.82442343316805,0.0,100.0,0.0,38,651,0.0,138.79,1,2.0,0.0,2026-06-29 19:53:58.413448+00:00
3141,10.0,108.6,2,20867.31,9621.843888888889,7304.437441860465,6402.162209036235,0.0,100.0,0.0,137,703,117.77,795.56,6,1.0,0.0,2026-06-29 19:53:58.413448+00:00
3528,51.0,117.2,1,7161.12,7178.8875,8161.86,5064.65866268125,0.0,100.0,0.0,35,806,90.12,716.42,6,2.0,1.0,2026-06-29 19:53:58.413448+00:00
3558,32.0,64.12,3,27426.29,-2027.547142857143,-5592.89625,15976.70561502428,0.0,100.0,0.0,69,560,121.87,551.56,3,2.0,0.0,2026-06-29 19:53:58.413448+00:00
3562,5.0,0.0,1,9280.46,3793.83,5393.37,7196.542928113868,0.0,100.0,0.0,4,770,0.0,120.16,1,0.0,0.0,2026-06-29 19:53:58.413448+00:00
3573,51.0,59.03,1,6919.15,13651.956428571428,9408.89261904762,17294.99469817318,0.0,100.0,0.0,56,596,227.44,673.75,10,3.0,1.0,2026-06-29 19:53:58.413448+00:00
3668,58.0,66.13,2,21746.72,-3522.506363636364,-2013.1875862068966,3788.934229454063,0.0,100.0,0.0,131,666,232.56,10869.34,5,1.0,0.0,2026-06-29 19:53:58.413448+00:00
3944,39.0,106.34,2,15768.55,-2322.5254545454545,1010.25125,8459.772944014605,0.0,100.0,0.0,13,589,253.5,1396.51,8,2.0,1.0,2026-06-29 19:53:58.413448+00:00
2436,0.0,101.41,0,0.0,12944.1425,11771.220555555556,4349.261256930049,0.0,100.0,0.0,5,651,38.77,193.53,2,1.0,1.0,2026-06-29 19:53:58.413448+00:00
3348,0.0,0.0,0,0.0,15686.126,15665.654166666667,152.2899668646589,0.0,100.0,0.0,91,706,0.0,609.94,3,0.0,0.0,2026-06-29 19:53:58.413448+00:00
3898,0.0,0.0,0,0.0,6979.036666666667,7102.85,245.68493911129843,0.0,100.0,0.0,31,751,161.85,307.1,3,0.0,1.0,2026-06-29 19:53:58.413448+00:00
4275,52.0,93.36,5,42527.58,-11940.702,-4723.524054054054,19298.072823862487,0.0,100.0,0.0,33,757,163.89,648.62,6,0.0,2.0,2026-06-29 19:53:58.413448+00:00
4367,0.0,0.0,1,6489.47,8022.5875,7870.388235294117,201.72785599693756,0.0,100.0,0.0,55,774,0.0,381.41,3,0.0,0.0,2026-06-29 19:53:58.413448+00:00
4385,18.0,32.6,1,11537.87,203.27555555555554,1650.7965217391304,6566.08501886345,0.0,100.0,0.0,54,769,0.0,723.38,5,0.0,1.0,2026-06-29 19:53:58.413448+00:00
4570,51.0,135.0,1,6799.21,-3510.8625,-1279.0465217391304,8349.678342294497,0.0,100.0,0.0,31,692,63.09,327.18,4,0.0,1.0,2026-06-29 19:53:58.413448+00:00
4659,27.0,44.47,3,27347.9,2216.6055555555554,932.683448275862,7978.5009517276585,0.0,100.0,0.0,11,639,131.2,754.96,5,0.0,0.0,2026-06-29 19:53:58.413448+00:00
4714,0.0,44.8,1,11159.1,19886.7075,24265.571875,5463.05744897381,0.0,100.0,0.0,95,630,196.06,277.29,3,0.0,2.0,2026-06-29 19:53:58.413448+00:00
4434,27.0,35.79,0,0.0,8862.6725,5619.686086956522,4818.708348422381,0.0,100.0,0.0,16,744,141.0,614.64,4,2.0,1.0,2026-06-29 19:53:58.413448+00:00
4724,0.0,0.0,0,0.0,23487.17,23398.452,209.29026077675036,0.0,100.0,0.0,125,737,0.0,48.35,1,0.0,0.0,2026-06-29 19:53:58.413448+00:00
4732,31.0,106.5,0,0.0,13777.281666666666,11760.39956521739,8901.07939196115,0.0,100.0,0.0,41,606,123.11,384.61,4,1.0,0.0,2026-06-29 19:53:58.413448+00:00
4797,54.0,0.0,0,0.0,-419.27,-445.771,3497.7918940910417,0.0,100.0,0.0,79,799,0.0,723.3,7,2.0,2.0,2026-06-29 19:53:58.413448+00:00
4997,0.0,29.76,0,0.0,11396.2475,10973.410588235294,2800.4564538397303,0.0,100.0,0.0,48,724,0.0,570.19,5,1.0,0.0,2026-06-29 19:53:58.413448+00:00
73,0.0,0.0,1,9634.03,35629.3,39853.084285714285,4952.227555412406,0.0,100.0,0.0,120,806,49.77,9827.43,3,1.0,0.0,2026-06-29 19:53:58.413448+00:00
152,2.0,24.32,3,23262.24,11399.897,10460.854,8636.929822905075,0.0,100.0,0.0,24,715,10590.28,10761.1,3,0.0,1.0,2026-06-29 19:53:58.413448+00:00
329,71.0,0.0,1,6437.6,40.774,136.573,19655.537294316775,0.0,100.0,0.0,10,699,221.6,1123.53,4,1.0,1.0,2026-06-29 19:53:58.413448+00:00
370,51.0,92.82,2,20509.43,12135.714705882352,10955.33475,11307.222844607157,0.0,100.0,0.0,95,821,420.59,1201.56,10,2.0,1.0,2026-06-29 19:53:58.413448+00:00
436,0.0,0.0,3,27847.18,10091.955,9032.005869565217,8981.67391311578,0.0,100.0,0.0,57,691,683.15,10440.81,9,3.0,3.0,2026-06-29 19:53:58.413448+00:00
451,5.0,15.71,2,16501.47,3577.2122222222224,5945.672631578947,4190.822935104552,0.0,100.0,0.0,120,742,121.15,10680.9,3,0.0,0.0,2026-06-29 19:53:58.413448+00:00
461,28.0,36.47,3,21924.14,2224.7907142857143,3713.0844444444447,4338.2987474482925,0.0,100.0,0.0,36,613,362.45,1248.44,13,0.0,3.0,2026-06-29 19:53:58.413448+00:00
614,15.0,0.0,1,9179.69,19925.353333333333,19784.09,12700.45790666944,0.0,100.0,0.0,40,850,0.0,103.74,1,2.0,0.0,2026-06-29 19:53:58.413448+00:00
722,20.0,197.19,2,17236.09,8599.607272727273,7031.227906976745,6414.99223394754,0.0,100.0,0.0,93,774,151.85,856.78,6,2.0,3.0,2026-06-29 19:53:58.413448+00:00
757,3.0,41.93,1,9528.81,2203.528333333333,4086.2111764705883,5067.056819248501,0.0,100.0,0.0,129,664,331.77,743.77,3,0.0,0.0,2026-06-29 19:53:58.413448+00:00
807,29.0,35.04,2,17699.79,-3560.3523076923075,2194.503823529412,13227.717754046604,0.0,100.0,0.0,89,800,923.55,1587.72,9,0.0,1.0,2026-06-29 19:53:58.413448+00:00
913,60.0,78.9,1,8054.67,-478.171,-3366.63875,21794.72465896186,0.0,100.0,0.0,22,686,0.0,941.29,5,1.0,1.0,2026-06-29 19:53:58.413448+00:00
974,47.0,42.74,3,25993.43,11742.771764705882,8592.753090909091,14621.247130703301,0.0,100.0,0.0,46,772,524.32,920.25,7,2.0,0.0,2026-06-29 19:53:58.413448+00:00
976,34.0,57.47,2,16535.8,10359.023636363636,11278.47448275862,13165.433915356449,0.0,100.0,0.0,39,680,490.7,1103.09,8,1.0,0.0,2026-06-29 19:53:58.413448+00:00
1087,28.0,34.4,2,20390.06,-3407.752,-2431.9132142857143,5664.907063675441,0.0,100.0,0.0,140,700,625.21,914.41,5,1.0,1.0,2026-06-29 19:53:58.413448+00:00
1137,0.0,44.59,1,8382.67,10236.474,12296.504285714285,2794.850944029912,0.0,100.0,0.0,2,762,8382.67,8422.6,2,1.0,0.0,2026-06-29 19:53:58.413448+00:00
1205,67.0,218.81,2,16131.87,-2636.4738461538464,-2312.8755882352943,11080.038177908104,0.0,100.0,0.0,61,661,159.84,830.85,6,1.0,0.0,2026-06-29 19:53:58.413448+00:00
1609,4.0,135.02,1,9628.16,1494.2566666666667,8464.74923076923,11608.696955103871,0.0,100.0,0.0,110,760,0.0,9650.81,2,0.0,1.0,2026-06-29 19:53:58.413448+00:00
1662,23.0,57.77,4,37226.08,-2064.5755555555556,-17.579090909090908,10731.178778527417,0.0,100.0,0.0,112,802,177.83,501.99,4,1.0,0.0,2026-06-29 19:53:58.413448+00:00
201,0.0,25.91,0,0.0,12377.785,12242.30125,218.5001445329907,0.0,100.0,0.0,100,622,0.0,76.12,2,0.0,0.0,2026-06-29 19:53:58.413448+00:00
311,21.0,39.38,0,0.0,24118.345,14702.171,14999.371423867702,0.0,100.0,0.0,72,773,38.18,38.18,1,0.0,0.0,2026-06-29 19:53:58.413448+00:00
529,0.0,160.42,0,0.0,8778.3925,9891.105238095239,3554.2302738458748,0.0,100.0,0.0,45,812,245.78,683.04,3,0.0,2.0,2026-06-29 19:53:58.413448+00:00
724,36.0,0.0,0,0.0,2544.52,1947.728125,3100.5530481093588,0.0,100.0,0.0,2,604,456.7,477.14,3,0.0,0.0,2026-06-29 19:53:58.413448+00:00
931,33.0,111.75,0,0.0,6341.3925,6681.205,12253.48148949562,0.0,100.0,0.0,82,743,198.12,344.77,1,1.0,2.0,2026-06-29 19:53:58.413448+00:00
1248,7.0,29.3,0,0.0,1063.1328571428571,840.4242857142857,330.2763876927125,0.0,100.0,0.0,31,644,145.65,145.65,1,1.0,2.0,2026-06-29 19:53:58.413448+00:00
1448,0.0,32.8,0,0.0,1096.13,5808.397777777778,3304.791554508486,0.0,100.0,0.0,8,602,0.0,170.14,1,0.0,1.0,2026-06-29 19:53:58.413448+00:00
1972,0.0,34.94,0,0.0,5650.923333333333,5513.03,164.05910825065467,0.0,100.0,0.0,100,652,218.41,218.41,1,1.0,0.0,2026-06-29 19:53:58.413448+00:00
2168,48.0,91.04,3,23112.64,3423.577333333333,1917.3448888888888,6240.8477517361935,0.0,100.0,0.0,33,789,311.81,807.31,6,1.0,2.0,2026-06-29 19:53:58.413448+00:00
2189,0.0,37.29,1,11385.41,17936.56333333333,18071.18882352941,188.73435461086834,0.0,100.0,0.0,138,771,38.68,302.62,3,2.0,0.0,2026-06-29 19:53:58.413448+00:00
2293,47.0,0.0,1,5312.43,11499.764545454545,10057.87465116279,15914.852451680319,0.0,100.0,0.0,28,788,0.0,575.38,6,1.0,0.0,2026-06-29 19:53:58.413448+00:00
2389,0.0,42.54,1,10614.88,16809.038,19713.6825,8198.194556701825,0.0,100.0,0.0,66,808,289.71,471.66,3,1.0,0.0,2026-06-29 19:53:58.413448+00:00
2410,9.0,133.92,2,18509.94,10435.888333333334,12629.2158,7374.348996714784,0.0,100.0,0.0,104,698,0.0,566.59,3,2.0,1.0,2026-06-29 19:53:58.413448+00:00
2491,33.0,92.75,2,18336.15,1237.05375,7042.745454545455,9884.675876172958,0.0,100.0,0.0,120,646,0.0,631.59,5,1.0,0.0,2026-06-29 19:53:58.413448+00:00
2797,35.0,0.0,2,20252.13,-13109.291666666666,-12962.834615384616,162.68525828502507,0.0,100.0,0.0,61,699,35.18,379.37,4,1.0,0.0,2026-06-29 19:53:58.413448+00:00
2878,46.0,135.38,1,7282.12,-2336.4528571428573,202.90612903225806,5566.332921356624,0.0,100.0,0.0,102,746,389.22,851.94,3,3.0,1.0,2026-06-29 19:53:58.413448+00:00
2934,46.0,71.09,4,29230.53,-3884.4735714285716,-3743.244871794872,5449.625853145907,0.0,100.0,0.0,105,709,237.88,713.79,3,2.0,3.0,2026-06-29 19:53:58.413448+00:00
3049,129.0,121.04,2,17180.84,5009.596923076923,5570.209024390244,9788.289436573712,0.0,100.0,0.0,22,773,211.96,546.46,5,4.0,2.0,2026-06-29 19:53:58.413448+00:00
3218,60.0,73.25,1,5842.32,6876.56,4724.332592592593,5294.451629089395,0.0,100.0,0.0,57,742,5842.32,6075.39,3,3.0,0.0,2026-06-29 19:53:58.413448+00:00
3236,26.0,26.1,2,18065.91,2073.5514285714285,1791.564375,9820.182955397608,0.0,100.0,0.0,132,667,65.34,418.78,5,1.0,0.0,2026-06-29 19:53:58.413448+00:00
3241,51.0,29.95,2,14692.08,-9834.603333333333,-6886.6495,12355.545458576273,0.0,100.0,0.0,83,850,77.4,698.21,4,0.0,1.0,2026-06-29 19:53:58.413448+00:00
3256,41.0,44.48,3,21768.26,3789.8775,1467.390625,8353.304959521061,0.0,100.0,0.0,129,725,0.0,377.12,3,0.0,0.0,2026-06-29 19:53:58.413448+00:00
3311,37.0,26.92,1,11952.55,4036.96,7233.0747619047615,4799.214719270885,0.0,100.0,0.0,118,701,128.74,665.43,6,1.0,0.0,2026-06-29 19:53:58.413448+00:00
3362,12.0,43.03,1,6225.89,-563.904,1322.08,3793.367022156664,0.0,100.0,0.0,135,633,0.0,324.03,4,0.0,1.0,2026-06-29 19:53:58.413448+00:00
3484,0.0,0.0,2,22826.99,973.9233333333333,2779.1876,3765.135460226928,0.0,100.0,0.0,39,763,380.97,581.52,4,1.0,0.0,2026-06-29 19:53:58.413448+00:00
3548,0.0,19.73,1,6880.98,10392.553333333333,8893.410666666667,4155.1555384212625,0.0,100.0,0.0,60,636,107.08,344.95,3,1.0,1.0,2026-06-29 19:53:58.413448+00:00
3648,59.0,107.22,2,14267.58,5092.658235294118,2673.396530612245,17081.15100126495,0.0,100.0,0.0,83,744,339.77,8833.76,4,1.0,4.0,2026-06-29 19:53:58.413448+00:00
3750,70.0,34.3,5,36516.25,-666.781875,-2059.5759574468084,25476.33784557346,0.0,100.0,0.0,18,844,466.93,1512.23,9,3.0,2.0,2026-06-29 19:53:58.413448+00:00
3778,74.0,78.06,3,23091.9,-2357.83125,-7019.181428571429,17244.511892298335,0.0,100.0,0.0,103,780,93.65,432.77,4,3.0,1.0,2026-06-29 19:53:58.413448+00:00
3794,0.0,60.06,2,16126.09,7810.123684210526,8231.6834375,3452.2559543855714,0.0,100.0,0.0,9,698,263.26,1122.55,7,0.0,1.0,2026-06-29 19:53:58.413448+00:00
3949,0.0,77.69,1,6931.44,24134.0075,20330.260476190477,8366.047533971536,0.0,100.0,0.0,34,669,25.21,618.98,4,1.0,1.0,2026-06-29 19:53:58.413448+00:00
2140,43.0,39.01,0,0.0,2228.45625,6232.282608695652,13263.74950266563,0.0,100.0,0.0,101,711,0.0,514.47,5,1.0,0.0,2026-06-29 19:53:58.413448+00:00
2429,0.0,18.37,0,0.0,10107.65909090909,9962.394242424243,1375.9043349959477,0.0,100.0,0.0,130,850,135.13,1127.34,8,3.0,1.0,2026-06-29 19:53:58.413448+00:00
2630,21.0,0.0,0,0.0,7659.602857142857,9065.521764705882,9406.161437158118,0.0,100.0,0.0,123,803,307.9,1604.91,8,2.0,0.0,2026-06-29 19:53:58.413448+00:00
4043,0.0,0.0,0,0.0,14522.153333333334,14826.078125,404.9467157728711,0.0,100.0,0.0,130,822,0.0,133.67,1,2.0,0.0,2026-06-29 19:53:58.413448+00:00
4281,83.0,0.0,4,38192.88,-3170.84,-4311.588125,10507.375968193557,0.0,100.0,0.0,59,675,237.05,1358.32,10,2.0,1.0,2026-06-29 19:53:58.413448+00:00
4355,64.0,76.98,5,40044.33,-6433.74125,-6552.193214285714,2918.8453745636157,0.0,100.0,0.0,132,665,0.0,345.3,2,0.0,2.0,2026-06-29 19:53:58.413448+00:00
4557,12.0,67.32,1,7187.57,9663.1175,2193.839,8327.410028379712,0.0,100.0,0.0,96,673,182.2,454.06,5,1.0,0.0,2026-06-29 19:53:58.413448+00:00
4733,0.0,46.06,1,7352.62,15924.398333333333,16188.970588235294,3420.822027874846,0.0,100.0,0.0,51,729,369.39,670.16,4,2.0,0.0,2026-06-29 19:53:58.413448+00:00
4747,10.0,96.08,3,22526.37,2407.0788888888887,2655.48,1134.0488803305066,0.0,100.0,0.0,132,850,324.71,939.41,4,0.0,1.0,2026-06-29 19:53:58.413448+00:00
4858,14.0,31.28,1,11726.04,-4545.85,-4751.80375,5297.495499280621,0.0,100.0,0.0,14,671,116.86,116.86,1,0.0,1.0,2026-06-29 19:53:58.413448+00:00
4944,57.0,152.9,2,18125.39,-1391.563,-3733.0358333333334,7526.998100416689,0.0,100.0,0.0,135,594,70.32,908.38,5,0.0,2.0,2026-06-29 19:53:58.413448+00:00
4124,0.0,73.37,0,0.0,9743.106,10501.361666666666,1863.0305579474946,0.0,100.0,0.0,7,648,272.58,463.06,4,0.0,0.0,2026-06-29 19:53:58.413448+00:00
4269,7.0,26.8,0,0.0,7066.5,7094.261666666666,107.10259309289467,0.0,100.0,0.0,65,719,233.8,233.8,1,1.0,0.0,2026-06-29 19:53:58.413448+00:00
142,88.0,36.72,3,27244.3,-21460.21625,-23565.7892,9854.344269479088,0.0,100.0,0.0,999,838,99.87,732.1,5,0.0,1.0,2026-06-29 19:53:58.413448+00:00
146,11.0,33.14,2,18268.37,-10435.678,-7473.3138461538465,4851.476978154398,0.0,100.0,0.0,999,767,7374.87,7774.24,3,0.0,0.0,2026-06-29 19:53:58.413448+00:00
274,30.0,103.29,2,13393.47,2627.31,1952.9220833333334,2659.225586756069,0.0,100.0,0.0,999,674,201.28,637.22,6,2.0,1.0,2026-06-29 19:53:58.413448+00:00
899,24.0,0.0,2,14603.11,-8370.452,-8295.59,179.51573549103966,0.0,100.0,0.0,999,620,325.14,522.06,4,0.0,1.0,2026-06-29 19:53:58.413448+00:00
1145,20.0,44.01,2,20521.62,-11433.15,-11386.833333333334,65.9263393661604,0.0,100.0,0.0,999,706,0.0,129.8,1,0.0,1.0,2026-06-29 19:53:58.413448+00:00
1284,4.0,23.26,1,11892.12,5445.846666666666,4489.973333333333,3168.52433469869,0.0,100.0,0.0,999,792,0.0,294.37,2,0.0,0.0,2026-06-29 19:53:58.413448+00:00
1536,28.0,44.89,2,16010.24,-16023.838,-16027.57111111111,135.6575819628226,0.0,100.0,0.0,999,774,0.0,288.49,1,1.0,1.0,2026-06-29 19:53:58.413448+00:00
1690,63.0,96.08,3,31727.35,-17173.04888888889,-10233.514615384616,14420.275869853565,0.0,100.0,0.0,999,786,0.0,10943.48,5,1.0,1.0,2026-06-29 19:53:58.413448+00:00
1870,87.0,0.0,5,38425.31,-17291.213333333333,-15871.455172413793,2401.880650200519,0.0,100.0,0.0,999,748,202.18,8974.05,6,1.0,2.0,2026-06-29 19:53:58.413448+00:00
294,25.0,30.04,0,0.0,-2244.65,-2212.61,30.218607323492357,0.0,100.0,0.0,999,850,0.0,82.84,1,0.0,1.0,2026-06-29 19:53:58.413448+00:00
484,26.0,34.48,0,0.0,-3753.24,-3494.7366666666667,134.76808928262236,0.0,100.0,0.0,999,740,230.21,230.21,1,0.0,1.0,2026-06-29 19:53:58.413448+00:00
570,0.0,42.98,0,0.0,3725.475,3782.9875,61.33976050450482,0.0,100.0,0.0,999,691,24.42,24.42,1,0.0,0.0,2026-06-29 19:53:58.413448+00:00
648,0.0,0.0,0,0.0,6744.8,6982.245714285715,246.4184397006234,0.0,100.0,0.0,999,665,0.0,210.09,1,0.0,0.0,2026-06-29 19:53:58.413448+00:00
1057,29.0,0.0,0,0.0,-1368.66,-1168.6028571428571,224.1508356132594,0.0,100.0,0.0,999,769,384.05,384.05,1,1.0,2.0,2026-06-29 19:53:58.413448+00:00
1093,0.0,14.73,0,0.0,14630.193333333333,14910.923333333334,231.29739889011634,0.0,100.0,0.0,999,607,176.64,300.76,2,1.0,0.0,2026-06-29 19:53:58.413448+00:00
1287,4.0,0.0,0,0.0,-145.578,170.00333333333333,330.02917520863036,0.0,100.0,0.0,999,757,173.53,307.34,4,0.0,0.0,2026-06-29 19:53:58.413448+00:00
1393,24.0,0.0,0,0.0,-10651.1675,-10535.886666666667,217.15904138569869,0.0,100.0,0.0,999,736,88.64,530.11,5,1.0,0.0,2026-06-29 19:53:58.413448+00:00
1477,0.0,0.0,0,0.0,8368.823333333334,8510.255,160.17723379119772,0.0,100.0,0.0,999,828,0.0,192.12,2,2.0,0.0,2026-06-29 19:53:58.413448+00:00
2050,42.0,33.34,4,34164.57,-29280.88,-21083.082727272726,7782.991736107057,0.0,100.0,0.0,999,814,207.1,427.57,3,1.0,1.0,2026-06-29 19:53:58.413448+00:00
2310,28.0,32.3,2,19847.91,-10122.995,-5062.242222222222,3725.5860290273727,0.0,100.0,0.0,999,625,0.0,11782.37,1,0.0,0.0,2026-06-29 19:53:58.413448+00:00
2345,70.0,12.02,3,25714.76,-10135.929,-8411.2052,3849.2972374869937,0.0,100.0,0.0,999,662,217.95,681.41,6,1.0,4.0,2026-06-29 19:53:58.413448+00:00
2413,57.0,103.3,2,16075.44,-4580.502,-4346.596,2295.104044988688,0.0,100.0,0.0,999,756,227.56,751.05,3,0.0,0.0,2026-06-29 19:53:58.413448+00:00
3500,30.0,81.85,4,37607.53,-10080.51,-9055.547777777778,2778.420428526669,0.0,100.0,0.0,999,850,180.78,1177.94,5,1.0,2.0,2026-06-29 19:53:58.413448+00:00
3589,20.0,101.72,1,9115.26,959.94,-712.3155,3962.8916322497075,0.0,100.0,0.0,999,754,115.21,514.39,5,0.0,1.0,2026-06-29 19:53:58.413448+00:00
3848,0.0,84.58,1,9877.37,740.9125,776.2146666666666,89.08172103993897,0.0,100.0,0.0,999,776,150.45,207.59,2,1.0,1.0,2026-06-29 19:53:58.413448+00:00
2284,0.0,0.0,0,0.0,11669.883333333333,11852.57,202.4209613981058,0.0,100.0,0.0,999,646,0.0,450.15,2,3.0,1.0,2026-06-29 19:53:58.413448+00:00
2318,0.0,0.0,0,0.0,5347.19,5536.362222222222,211.50361682107257,0.0,100.0,0.0,999,812,85.76,396.68,2,1.0,0.0,2026-06-29 19:53:58.413448+00:00
2997,0.0,0.0,0,0.0,2667.1866666666665,2648.6625,639.4991829820378,0.0,100.0,0.0,999,778,0.0,64.95,1,0.0,0.0,2026-06-29 19:53:58.413448+00:00
3013,0.0,89.69,0,0.0,10919.55,10970.265714285715,76.55135155233901,0.0,100.0,0.0,999,815,0.0,77.33,1,1.0,0.0,2026-06-29 19:53:58.413448+00:00
3582,0.0,32.87,0,0.0,7696.39,7676.6577777777775,67.6337680156886,0.0,100.0,0.0,999,664,18.03,111.48,2,0.0,0.0,2026-06-29 19:53:58.413448+00:00
4130,15.0,68.46,1,11550.67,-1401.1166666666666,-387.40444444444444,1388.5713195151338,0.0,100.0,0.0,999,648,100.63,574.97,2,1.0,0.0,2026-06-29 19:53:58.413448+00:00
4523,44.0,38.93,1,7228.01,-9027.254,-9137.017058823529,160.93091487323915,0.0,100.0,0.0,999,691,0.0,203.71,2,0.0,1.0,2026-06-29 19:53:58.413448+00:00
4688,25.0,0.0,1,10698.84,-3636.0725,-2983.614,2655.334866928081,0.0,100.0,0.0,999,703,225.41,396.94,3,0.0,0.0,2026-06-29 19:53:58.413448+00:00
4778,5.0,0.0,2,22692.95,9077.728333333333,12029.917272727273,4857.975443328575,0.0,100.0,0.0,999,719,250.89,345.32,3,0.0,1.0,2026-06-29 19:53:58.413448+00:00
4308,10.0,70.62,0,0.0,5302.908,5493.399230769231,227.6035651492287,0.0,100.0,0.0,999,499,73.11,103.81,2,0.0,1.0,2026-06-29 19:53:58.413448+00:00
4529,0.0,0.0,0,0.0,994.11,1025.4433333333334,108.61767039585325,0.0,100.0,0.0,999,716,0.0,88.2,1,0.0,2.0,2026-06-29 19:53:58.413448+00:00
4656,0.0,12.8,0,0.0,177.97,258.37333333333333,74.79858703359459,0.0,100.0,0.0,999,680,106.8,123.54,2,0.0,0.0,2026-06-29 19:53:58.413448+00:00
3,2.0,16.42,1,7807.35,3609.77,1874.661,3540.448653313447,0.0,100.0,0.0,999,689,282.91,654.33,6,0.0,1.0,2026-06-29 19:53:58.413448+00:00
356,47.0,24.39,1,11635.41,-18421.09,-18256.4525,202.5710062803089,0.0,100.0,0.0,999,746,0.0,441.48,4,1.0,0.0,2026-06-29 19:53:58.413448+00:00
362,15.0,13.23,2,20526.29,9379.345,2346.64,15990.705742441698,0.0,100.0,0.0,999,843,69.53,291.68,1,1.0,2.0,2026-06-29 19:53:58.413448+00:00
559,18.0,59.4,3,28801.77,-19926.8975,-19593.561818181817,300.6298031804737,0.0,100.0,0.0,999,659,0.0,365.56,3,0.0,1.0,2026-06-29 19:53:58.413448+00:00
665,0.0,50.27,1,5789.44,9036.691666666668,8504.322,2364.33747201916,0.0,100.0,0.0,999,764,121.36,363.14,3,1.0,0.0,2026-06-29 19:53:58.413448+00:00
761,64.0,78.08,5,47399.78,-36308.695,-28541.29076923077,9676.24269314081,0.0,100.0,0.0,999,724,117.59,327.12,1,1.0,1.0,2026-06-29 19:53:58.413448+00:00
1011,49.0,19.18,2,12696.48,-6985.736666666667,-6831.908,217.68741718957153,0.0,100.0,0.0,999,767,0.0,601.31,3,0.0,1.0,2026-06-29 19:53:58.413448+00:00
1439,56.0,27.3,1,11461.92,-5607.733333333334,-5511.462307692308,107.65087431520652,0.0,100.0,0.0,999,735,58.49,257.88,3,1.0,0.0,2026-06-29 19:53:58.413448+00:00
1532,11.0,0.0,1,9754.54,-3404.36,-3407.495,3.134999999999991,0.0,100.0,0.0,999,815,51.56,51.56,1,0.0,0.0,2026-06-29 19:53:58.413448+00:00
1575,0.0,0.0,1,6270.39,11359.936666666666,11965.37,621.149950897527,0.0,100.0,0.0,999,601,202.24,755.79,6,0.0,3.0,2026-06-29 19:53:58.413448+00:00
1657,61.0,21.77,3,26965.41,-36923.466,-27497.104666666666,10309.787422461477,0.0,100.0,0.0,999,668,0.0,806.9,4,0.0,1.0,2026-06-29 19:53:58.413448+00:00
1988,47.0,68.97,3,22890.3,-1237.445,-4190.2127272727275,2712.026975796352,0.0,100.0,0.0,999,813,0.0,401.61,4,0.0,0.0,2026-06-29 19:53:58.413448+00:00
2019,31.0,36.71,1,10144.38,-1712.35,-1820.151111111111,147.2391128172466,0.0,100.0,0.0,999,707,0.0,84.03,1,0.0,1.0,2026-06-29 19:53:58.413448+00:00
105,0.0,0.0,0,0.0,1292.512,1254.41,117.11586155028985,0.0,100.0,0.0,999,506,0.0,146.54,1,0.0,0.0,2026-06-29 19:53:58.413448+00:00
210,0.0,62.35,0,0.0,20831.972,20808.7375,93.17657414152087,0.0,100.0,0.0,999,645,82.43,287.53,3,2.0,0.0,2026-06-29 19:53:58.413448+00:00
633,0.0,37.14,0,0.0,3931.6575,4131.094444444445,207.4628733645887,0.0,100.0,0.0,999,681,0.0,332.04,2,0.0,1.0,2026-06-29 19:53:58.413448+00:00
975,2.0,21.28,0,0.0,1993.9288888888889,2252.1014285714286,2742.2120200718487,0.0,100.0,0.0,999,724,175.0,770.16,7,1.0,0.0,2026-06-29 19:53:58.413448+00:00
1417,0.0,76.03,0,0.0,7477.931666666666,5865.5928,4460.991806480276,0.0,100.0,0.0,999,686,0.0,410.6,6,0.0,0.0,2026-06-29 19:53:58.413448+00:00
2297,13.0,22.46,2,18636.8,-14330.933333333332,-14140.021428571428,236.08757136940173,0.0,100.0,0.0,999,668,41.18,152.85,1,2.0,1.0,2026-06-29 19:53:58.413448+00:00
2674,51.0,53.33,1,5657.92,1533.725,618.435625,9210.952923965167,0.0,100.0,0.0,999,631,237.65,418.29,5,0.0,3.0,2026-06-29 19:53:58.413448+00:00
2820,4.0,39.89,1,6745.34,-2556.6125,2570.0976923076923,3440.2025225920233,0.0,100.0,0.0,999,729,0.0,6935.79,3,0.0,0.0,2026-06-29 19:53:58.413448+00:00
2865,23.0,12.22,2,20542.79,-7350.536666666667,-4591.942,3413.3045735322244,0.0,100.0,0.0,999,649,0.0,11210.06,2,1.0,1.0,2026-06-29 19:53:58.413448+00:00
2925,0.0,40.34,2,13913.89,3530.6066666666666,6108.506666666667,3612.5535556199334,0.0,100.0,0.0,999,688,7592.57,7592.57,2,1.0,0.0,2026-06-29 19:53:58.413448+00:00
3170,38.0,65.33,4,35575.34,-3516.400769230769,-2002.5203333333334,15157.528661193495,0.0,100.0,0.0,999,727,419.02,10908.33,7,1.0,1.0,2026-06-29 19:53:58.413448+00:00
3200,75.0,119.63,2,16489.19,-3428.237,-2186.1181818181817,5356.5659390616,0.0,100.0,0.0,999,700,9.39,572.92,7,0.0,2.0,2026-06-29 19:53:58.413448+00:00
3227,31.0,44.4,1,8469.42,1635.47,468.8211111111111,9352.956583900734,0.0,100.0,0.0,999,626,366.44,609.42,3,0.0,0.0,2026-06-29 19:53:58.413448+00:00
4017,46.0,0.0,3,24769.91,-6566.83,-5318.82,2247.900075718561,0.0,100.0,0.0,999,772,159.7,964.8,6,1.0,0.0,2026-06-29 19:53:58.413448+00:00
4026,0.0,84.16,1,5801.35,1429.87,6028.4625,2644.349014176296,0.0,100.0,0.0,999,729,98.66,98.66,1,1.0,1.0,2026-06-29 19:53:58.413448+00:00
2265,0.0,0.0,0,0.0,27942.79,24546.765,2614.938143001666,0.0,100.0,0.0,999,756,0.0,64.77,2,1.0,0.0,2026-06-29 19:53:58.413448+00:00
2493,0.0,0.0,0,0.0,18967.103333333333,19030.08,108.30598804877906,0.0,100.0,0.0,999,675,0.0,212.38,2,2.0,0.0,2026-06-29 19:53:58.413448+00:00
3401,0.0,0.0,0,0.0,27365.335,28344.31357142857,653.024592919916,0.0,100.0,0.0,999,782,0.0,217.35,1,1.0,0.0,2026-06-29 19:53:58.413448+00:00
3521,0.0,53.73,0,0.0,8935.64625,7899.592941176471,3531.6082289483384,0.0,100.0,0.0,999,718,0.0,715.93,3,1.0,0.0,2026-06-29 19:53:58.413448+00:00
3687,0.0,54.34,0,0.0,8985.67,9215.96,273.8980783977865,0.0,100.0,0.0,999,725,0.0,650.79,2,0.0,1.0,2026-06-29 19:53:58.413448+00:00
3918,0.0,19.52,0,0.0,4846.5825,5338.800833333334,408.53300624425964,0.0,100.0,0.0,999,699,128.19,740.39,4,0.0,0.0,2026-06-29 19:53:58.413448+00:00
3922,0.0,0.0,0,0.0,7249.72,7069.06,180.6600000000003,0.0,100.0,0.0,999,801,0.0,175.54,1,0.0,0.0,2026-06-29 19:53:58.413448+00:00
4310,1.0,0.0,1,10978.42,-211.69666666666666,1329.654,4434.345891288139,0.0,100.0,0.0,999,698,0.0,11103.52,3,0.0,0.0,2026-06-29 19:53:58.413448+00:00
4530,8.0,0.0,1,7577.65,-2857.44,-2978.238,127.64937425315571,0.0,100.0,0.0,999,696,76.92,76.92,1,1.0,0.0,2026-06-29 19:53:58.413448+00:00
4999,0.0,43.37,1,12014.52,2844.4125,2860.74625,88.83441871503136,0.0,100.0,0.0,999,740,0.0,355.88,3,0.0,0.0,2026-06-29 19:53:58.413448+00:00
4408,0.0,39.34,0,0.0,10930.39125,11606.27,784.4646894729965,0.0,100.0,0.0,999,738,369.96,1462.48,8,1.0,1.0,2026-06-29 19:53:58.413448+00:00
4594,0.0,12.67,0,0.0,10293.03,10793.569090909092,519.8233826538772,0.0,100.0,0.0,999,501,0.0,527.17,3,0.0,0.0,2026-06-29 19:53:58.413448+00:00
4811,0.0,0.0,0,0.0,17833.368333333332,18354.674210526315,377.5729405909302,0.0,100.0,0.0,999,518,0.0,1271.19,4,0.0,0.0,2026-06-29 19:53:58.413448+00:00
1868,0.0,23.03,0,0.0,13883.71,13526.237,158.3965162527253,0.0,100.0,0.0,99,709,0.0,0.0,0,0.0,0.0,2026-06-29 19:53:58.413448+00:00
3153,0.0,0.0,0,0.0,7827.53,7924.213333333333,157.89127025336867,0.0,100.0,0.0,79,684,0.0,0.0,0,0.0,1.0,2026-06-29 19:53:58.413448+00:00
4288,0.0,0.0,0,0.0,21611.22,21415.88,205.80911520144102,0.0,100.0,0.0,96,736,0.0,0.0,0,1.0,0.0,2026-06-29 19:53:58.413448+00:00
4565,0.0,0.0,0,0.0,13468.65,13494.927,136.10061607453474,0.0,100.0,0.0,9,588,0.0,0.0,0,0.0,1.0,2026-06-29 19:53:58.413448+00:00
4784,0.0,48.42,0,0.0,13463.94,18097.39,5468.651546350344,0.0,100.0,0.0,81,736,0.0,0.0,0,1.0,0.0,2026-06-29 19:53:58.413448+00:00
1111,0.0,52.4,1,9989.97,13063.81,13223.875,146.64570162469812,0.0,100.0,0.0,97,707,0.0,0.0,0,1.0,0.0,2026-06-29 19:53:58.413448+00:00
1160,0.0,109.65,2,16317.95,12037.28,21453.138461538463,5177.944709182541,0.0,100.0,0.0,101,691,0.0,0.0,0,0.0,0.0,2026-06-29 19:53:58.413448+00:00
1387,0.0,54.48,0,0.0,32334.66,32361.306666666667,82.86697888114949,0.0,100.0,0.0,39,828,0.0,0.0,0,1.0,0.0,2026-06-29 19:53:58.413448+00:00
2825,0.0,22.82,1,5623.65,0.0,11324.81,3660.4449647440397,0.0,100.0,0.0,62,848,0.0,0.0,0,0.0,0.0,2026-06-29 19:53:58.413448+00:00
4789,36.0,0.0,1,9891.32,-16876.37,-13803.275555555556,4592.655645891144,0.0,100.0,0.0,34,706,0.0,0.0,0,1.0,1.0,2026-06-29 19:53:58.413448+00:00
350,0.0,20.38,0,0.0,10730.83,10754.416,90.8648278708546,0.0,100.0,0.0,999,688,0.0,0.0,0,1.0,0.0,2026-06-29 19:53:58.413448+00:00
393,0.0,0.0,0,0.0,7654.93,7614.823333333334,96.47388656464922,0.0,100.0,0.0,999,806,0.0,0.0,0,1.0,0.0,2026-06-29 19:53:58.413448+00:00
581,0.0,0.0,0,0.0,1777.81,1787.4266666666667,27.959451989542956,0.0,100.0,0.0,999,671,0.0,0.0,0,0.0,0.0,2026-06-29 19:53:58.413448+00:00
4207,13.0,0.0,2,13491.65,0.0,-13825.278,123.77161813598481,0.0,100.0,0.0,999,708,0.0,0.0,0,0.0,1.0,2026-06-29 19:53:58.413448+00:00
4633,0.0,31.77,0,0.0,13645.24,13623.363333333333,48.06431894405172,0.0,100.0,0.0,999,647,0.0,0.0,0,0.0,0.0,2026-06-29 19:53:58.413448+00:00
4831,0.0,14.47,0,0.0,0.0,16451.806666666667,123.06295200244354,0.0,100.0,0.0,999,698,0.0,0.0,0,1.0,0.0,2026-06-29 19:53:58.413448+00:00
786,0.0,0.0,1,11211.91,2179.02,2147.92,69.63063190866507,0.0,100.0,0.0,999,770,0.0,0.0,0,1.0,0.0,2026-06-29 19:53:58.413448+00:00
960,0.0,0.0,0,0.0,0.0,3364.4275,44.6325723967373,0.0,100.0,0.0,999,770,0.0,0.0,0,0.0,1.0,2026-06-29 19:53:58.413448+00:00
2090,0.0,0.0,0,0.0,0.0,15052.222857142857,60.37781231883203,0.0,100.0,0.0,999,719,0.0,0.0,0,1.0,0.0,2026-06-29 19:53:58.413448+00:00
2340,0.0,0.0,0,0.0,6461.265,6249.832857142857,175.84989253941143,0.0,100.0,0.0,999,790,0.0,0.0,0,1.0,2.0,2026-06-29 19:53:58.413448+00:00
4877,0.0,52.87,0,0.0,4663.99,4260.408571428571,189.92673079213404,0.0,100.0,0.0,999,683,0.0,0.0,0,1.0,1.0,2026-06-29 19:53:58.413448+00:00
557,0.0,0.0,0,0.0,7486.48,7551.233333333334,99.41847743531164,0.0,100.0,0.0,81,811,0.0,0.0,0,0.0,0.0,2026-06-29 19:53:58.413448+00:00
907,0.0,0.0,0,0.0,26952.644,25052.155555555557,4091.742364063155,0.0,100.0,0.0,105,692,0.0,0.0,0,1.0,0.0,2026-06-29 19:53:58.413448+00:00
1375,0.0,0.0,0,0.0,22139.103333333333,22139.103333333333,58.55360867520365,0.0,100.0,0.0,106,793,0.0,0.0,0,1.0,0.0,2026-06-29 19:53:58.413448+00:00
2212,6.0,10.17,1,6899.87,5762.97,809.3329411764706,6487.727131990211,0.0,100.0,0.0,12,692,0.0,0.0,0,1.0,1.0,2026-06-29 19:53:58.413448+00:00
3516,0.0,0.0,0,0.0,16690.176666666666,16616.846,118.01698599777865,0.0,100.0,0.0,87,689,0.0,0.0,0,0.0,0.0,2026-06-29 19:53:58.413448+00:00
4142,0.0,44.42,0,0.0,0.0,14506.655,168.44535837574557,0.0,100.0,0.0,110,746,0.0,0.0,0,0.0,0.0,2026-06-29 19:53:58.413448+00:00
4412,0.0,0.0,0,0.0,35376.68,27731.36,3122.4147290518604,0.0,100.0,0.0,81,727,0.0,0.0,0,0.0,0.0,2026-06-29 19:53:58.413448+00:00
4508,0.0,87.46,0,0.0,31794.58,31469.96125,1935.3261150219464,0.0,100.0,0.0,72,627,0.0,0.0,0,1.0,0.0,2026-06-29 19:53:58.413448+00:00
4645,0.0,50.46,0,0.0,8882.733333333334,8508.142222222223,351.5361058041563,0.0,100.0,0.0,77,850,0.0,0.0,0,0.0,0.0,2026-06-29 19:53:58.413448+00:00
2276,12.0,25.48,1,11215.76,0.0,0.0,0.0,0.0,100.0,0.0,77,726,0.0,0.0,0,0.0,0.0,2026-06-29 19:53:58.413448+00:00
104,0.0,38.53,1,12169.46,13004.076666666666,16891.301666666666,5649.573459906556,0.0,100.0,0.0,45,682,0.0,0.0,0,0.0,1.0,2026-06-29 19:53:58.413448+00:00
788,43.0,31.87,1,8735.77,2344.044,1241.016111111111,2421.40171019033,0.0,100.0,0.0,126,741,0.0,0.0,0,0.0,1.0,2026-06-29 19:53:58.413448+00:00
115,0.0,0.0,0,0.0,13541.83,13357.61,126.24218814115396,0.0,100.0,0.0,130,570,0.0,0.0,0,0.0,0.0,2026-06-29 19:53:58.413448+00:00
288,0.0,0.0,0,0.0,24541.08,24331.325,156.7426453047893,0.0,100.0,0.0,59,726,0.0,0.0,0,1.0,1.0,2026-06-29 19:53:58.413448+00:00
1182,20.0,0.0,0,0.0,6396.675,4156.768181818182,7476.832954850747,0.0,100.0,0.0,122,726,0.0,0.0,0,0.0,0.0,2026-06-29 19:53:58.413448+00:00
1243,0.0,58.69,0,0.0,7282.665,6871.223333333333,306.87639357456817,0.0,100.0,0.0,6,695,0.0,0.0,0,1.0,1.0,2026-06-29 19:53:58.413448+00:00
1930,0.0,0.0,0,0.0,13837.88,13840.91,38.618399112339794,0.0,100.0,0.0,79,717,0.0,0.0,0,0.0,0.0,2026-06-29 19:53:58.413448+00:00
3801,0.0,0.0,1,5155.09,18423.24,15956.464444444444,1837.224632452809,0.0,100.0,0.0,97,760,0.0,0.0,0,0.0,0.0,2026-06-29 19:53:58.413448+00:00
2264,0.0,0.0,0,0.0,40714.17,40638.31166666667,91.88906054162395,0.0,100.0,0.0,132,764,0.0,0.0,0,0.0,0.0,2026-06-29 19:53:58.413448+00:00
4737,0.0,0.0,0,0.0,0.0,44814.9625,203.53195447828213,0.0,100.0,0.0,80,657,0.0,0.0,0,0.0,0.0,2026-06-29 19:53:58.413448+00:00
983,22.0,0.0,1,5297.12,0.0,-1167.17,81.29935683769105,0.0,100.0,0.0,999,756,0.0,0.0,0,0.0,1.0,2026-06-29 19:53:58.413448+00:00
2038,12.0,0.0,1,10967.83,0.0,-5543.24,42.52440358194348,0.0,100.0,0.0,999,841,0.0,0.0,0,0.0,0.0,2026-06-29 19:53:58.413448+00:00
255,0.0,0.0,0,0.0,23453.17,15225.47,7166.534949689026,0.0,100.0,0.0,999,756,0.0,0.0,0,1.0,0.0,2026-06-29 19:53:58.413448+00:00
1552,0.0,0.0,0,0.0,0.0,7320.35,81.82606235179588,0.0,100.0,0.0,999,777,0.0,0.0,0,0.0,0.0,2026-06-29 19:53:58.413448+00:00
4023,0.0,0.0,0,0.0,10970.62,10534.502,255.75228784118454,0.0,100.0,0.0,999,735,0.0,0.0,0,0.0,0.0,2026-06-29 19:53:58.413448+00:00
1677,17.0,87.75,1,8777.63,-8387.65,-8217.331,116.91079800001387,0.0,100.0,0.0,999,728,0.0,0.0,0,0.0,1.0,2026-06-29 19:53:58.413448+00:00
30,0.0,10.7,0,0.0,12822.98,12981.491666666667,111.66255734976215,0.0,100.0,0.0,999,717,0.0,0.0,0,1.0,0.0,2026-06-29 19:53:58.413448+00:00
383,0.0,0.0,0,0.0,26405.82,22733.35,4522.08685609648,0.0,100.0,0.0,999,630,0.0,0.0,0,0.0,0.0,2026-06-29 19:53:58.413448+00:00
3203,0.0,18.32,1,6315.08,0.0,1446.91,122.33068816395445,0.0,100.0,0.0,999,726,0.0,0.0,0,0.0,0.0,2026-06-29 19:53:58.413448+00:00
914,0.0,0.0,1,6469.94,8962.121666666666,8713.003,333.26704583711904,0.0,100.0,0.0,44,850,0.0,0.0,0,0.0,0.0,2026-06-29 19:53:58.413448+00:00
128,0.0,39.12,0,0.0,4685.05,4526.206666666667,133.18591588035446,0.0,100.0,0.0,96,727,0.0,0.0,0,0.0,0.0,2026-06-29 19:53:58.413448+00:00
1730,0.0,24.8,0,0.0,0.0,8389.032222222222,82.38652448843743,0.0,100.0,0.0,33,548,0.0,0.0,0,0.0,0.0,2026-06-29 19:53:58.413448+00:00
3134,22.0,24.78,0,0.0,17313.556666666667,13266.420833333334,4179.764652528214,0.0,100.0,0.0,94,732,0.0,0.0,0,0.0,2.0,2026-06-29 19:53:58.413448+00:00
3304,0.0,22.69,0,0.0,14423.845,14264.456,145.24960510789674,0.0,100.0,0.0,123,667,0.0,0.0,0,0.0,0.0,2026-06-29 19:53:58.413448+00:00
4957,0.0,0.0,1,8637.42,3489.59,6206.48,4003.540523345139,0.0,100.0,0.0,104,636,0.0,0.0,0,0.0,0.0,2026-06-29 19:53:58.413448+00:00
2049,45.0,58.26,2,13704.88,8350.895,7238.017826086956,9207.156572819982,0.0,100.0,0.0,39,846,0.0,0.0,0,1.0,2.0,2026-06-29 19:53:58.413448+00:00
2087,26.0,76.58,1,11232.48,-7771.92,-7965.071111111111,239.234329954963,0.0,100.0,0.0,56,652,0.0,0.0,0,2.0,0.0,2026-06-29 19:53:58.413448+00:00
2616,0.0,38.64,1,8224.85,3523.08,3202.299,178.89884675145342,0.0,100.0,0.0,60,616,0.0,0.0,0,0.0,0.0,2026-06-29 19:53:58.413448+00:00
2724,42.0,49.18,1,9568.27,3742.635,1096.181111111111,6282.390157171153,0.0,100.0,0.0,60,699,0.0,0.0,0,0.0,0.0,2026-06-29 19:53:58.413448+00:00
3011,0.0,0.0,1,7958.23,0.0,5800.86,82.05286420960587,0.0,100.0,0.0,122,569,0.0,0.0,0,0.0,0.0,2026-06-29 19:53:58.413448+00:00
2539,0.0,0.0,0,0.0,0.0,9442.446,158.0721256388993,0.0,100.0,0.0,99,530,0.0,0.0,0,1.0,0.0,2026-06-29 19:53:58.413448+00:00
3869,0.0,19.4,0,0.0,8653.28,8725.17,64.58270588942493,0.0,100.0,0.0,120,744,0.0,0.0,0,0.0,0.0,2026-06-29 19:53:58.413448+00:00
4768,0.0,0.0,0,0.0,0.0,20080.62,127.07499999999891,0.0,100.0,0.0,9,698,0.0,0.0,0,0.0,0.0,2026-06-29 19:53:58.413448+00:00
828,0.0,17.98,0,0.0,0.0,7758.0375,121.93869450978215,0.0,100.0,0.0,999,669,0.0,0.0,0,0.0,0.0,2026-06-29 19:53:58.413448+00:00
903,0.0,0.0,0,0.0,0.0,6241.265,40.28500000000031,0.0,100.0,0.0,999,666,0.0,0.0,0,0.0,0.0,2026-06-29 19:53:58.413448+00:00
1319,23.0,0.0,0,0.0,-2284.44,-2396.5433333333335,201.81178984940937,0.0,100.0,0.0,999,677,0.0,0.0,0,0.0,0.0,2026-06-29 19:53:58.413448+00:00
2889,0.0,67.15,0,0.0,13327.805,12191.34,1388.0896465330495,0.0,100.0,0.0,999,820,0.0,0.0,0,1.0,0.0,2026-06-29 19:53:58.413448+00:00
3140,39.0,0.0,0,0.0,-3538.54,-3516.065,132.0505317104024,0.0,100.0,0.0,999,699,0.0,0.0,0,0.0,1.0,2026-06-29 19:53:58.413448+00:00
336,0.0,0.0,0,0.0,2987.21,2963.7025,23.06350295922106,0.0,100.0,0.0,999,850,0.0,0.0,0,0.0,0.0,2026-06-29 19:53:58.413448+00:00
1564,0.0,0.0,0,0.0,0.0,20226.052,5090.8158167405745,0.0,100.0,0.0,999,735,0.0,0.0,0,1.0,0.0,2026-06-29 19:53:58.413448+00:00
2295,0.0,0.0,0,0.0,16012.3,12826.946666666667,4458.173335069221,0.0,100.0,0.0,999,714,0.0,0.0,0,2.0,0.0,2026-06-29 19:53:58.413448+00:00
4938,4.0,15.88,1,8376.69,-2784.0,1652.87375,4433.861061258372,0.0,100.0,0.0,999,788,0.0,0.0,0,1.0,0.0,2026-06-29 19:53:58.413448+00:00
2119,0.0,101.49,0,0.0,12070.21,12628.243333333334,4081.255674658094,0.0,100.0,0.0,128,627,0.0,0.0,0,0.0,0.0,2026-06-29 19:53:58.413448+00:00
3210,0.0,0.0,0,0.0,0.0,19075.27,0.0,0.0,100.0,0.0,70,713,0.0,0.0,0,0.0,1.0,2026-06-29 19:53:58.413448+00:00
4861,0.0,0.0,0,0.0,5084.12,4800.234,175.30170479490474,0.0,100.0,0.0,82,795,0.0,0.0,0,0.0,0.0,2026-06-29 19:53:58.413448+00:00
1037,46.0,0.0,1,7414.22,0.0,-16722.25888888889,4854.464592079748,0.0,100.0,0.0,92,799,0.0,0.0,0,2.0,0.0,2026-06-29 19:53:58.413448+00:00
10,0.0,21.71,0,0.0,0.0,8616.286666666667,5016.310064166245,0.0,100.0,0.0,118,827,0.0,0.0,0,0.0,0.0,2026-06-29 19:53:58.413448+00:00
843,0.0,37.72,0,0.0,1157.45,947.5775,187.05875051370893,0.0,100.0,0.0,143,482,0.0,0.0,0,0.0,0.0,2026-06-29 19:53:58.413448+00:00
1903,0.0,30.98,0,0.0,25416.853333333333,25082.413636363635,220.43036902109677,0.0,100.0,0.0,1,773,0.0,0.0,0,0.0,0.0,2026-06-29 19:53:58.413448+00:00
4236,18.0,54.55,2,14372.83,665.11,635.38,56.90602880438691,0.0,100.0,0.0,58,645,0.0,0.0,0,1.0,0.0,2026-06-29 19:53:58.413448+00:00
71,0.0,0.0,0,0.0,2237.66,2231.36,66.57476586515342,0.0,100.0,0.0,999,763,0.0,0.0,0,0.0,0.0,2026-06-29 19:53:58.413448+00:00
603,0.0,0.0,0,0.0,0.0,10639.99,242.34501975489363,0.0,100.0,0.0,999,678,0.0,0.0,0,0.0,0.0,2026-06-29 19:53:58.413448+00:00
2713,35.0,0.0,2,16480.27,-11478.003333333334,-10618.963333333333,3030.1303196370945,0.0,100.0,0.0,999,647,0.0,0.0,0,2.0,0.0,2026-06-29 19:53:58.413448+00:00
3370,36.0,62.1,2,18656.95,-20084.55,-19762.234285714287,4862.523867542913,0.0,100.0,0.0,999,687,0.0,0.0,0,0.0,0.0,2026-06-29 19:53:58.413448+00:00
4368,14.0,104.7,1,8801.57,-682.79,-603.98,89.2838468033272,0.0,100.0,0.0,999,804,0.0,0.0,0,0.0,1.0,2026-06-29 19:53:58.413448+00:00
4431,17.0,24.94,1,6689.43,0.0,-15648.86,0.0,0.0,100.0,0.0,999,704,0.0,0.0,0,0.0,1.0,2026-06-29 19:53:58.413448+00:00
4962,0.0,0.0,0,0.0,0.0,1109.7633333333333,52.11327939104283,0.0,100.0,0.0,999,669,0.0,0.0,0,0.0,1.0,2026-06-29 19:53:58.413448+00:00
574,19.0,0.0,2,22842.99,-12547.73,-12628.6925,156.25679815211214,0.0,100.0,0.0,999,727,0.0,0.0,0,0.0,0.0,2026-06-29 19:53:58.413448+00:00
2364,0.0,0.0,0,0.0,12447.215,12446.494,30.674396880786116,0.0,100.0,0.0,999,637,0.0,0.0,0,1.0,0.0,2026-06-29 19:53:58.413448+00:00
2940,0.0,0.0,0,0.0,6832.74,6773.74,94.27101923001932,0.0,100.0,0.0,999,789,0.0,0.0,0,0.0,0.0,2026-06-29 19:53:58.413448+00:00
3669,0.0,39.03,0,0.0,1320.83,1341.8027272727272,87.47417666643726,0.0,100.0,0.0,999,769,0.0,0.0,0,0.0,0.0,2026-06-29 19:53:58.413448+00:00
4681,0.0,0.0,0,0.0,13840.84,13720.584285714285,262.10849530338373,0.0,100.0,0.0,999,712,0.0,0.0,0,0.0,0.0,2026-06-29 19:53:58.413448+00:00
405,10.0,21.03,1,11662.12,0.0,0.0,0.0,0.0,100.0,0.0,999,712,0.0,0.0,0,0.0,0.0,2026-06-29 19:53:58.413448+00:00
568,0.0,97.16,0,0.0,0.0,14576.233333333334,6112.001596028914,0.0,100.0,0.0,64,769,0.0,0.0,0,0.0,1.0,2026-06-29 19:53:58.413448+00:00
3812,15.0,0.0,2,14549.09,-552.23,-636.41,95.27285279658626,0.0,100.0,0.0,132,814,0.0,0.0,0,0.0,0.0,2026-06-29 19:53:58.413448+00:00
2767,0.0,39.38,0,0.0,14774.25,14101.85,460.1981323382775,0.0,100.0,0.0,131,811,0.0,0.0,0,1.0,0.0,2026-06-29 19:53:58.413448+00:00
4527,1.0,0.0,2,17972.57,5324.99,7759.916923076923,3668.5426940653297,0.0,100.0,0.0,26,850,0.0,0.0,0,0.0,1.0,2026-06-29 19:53:58.413448+00:00
543,0.0,0.0,1,8114.83,0.0,5448.093333333333,82.94798544201599,0.0,100.0,0.0,110,666,0.0,0.0,0,0.0,0.0,2026-06-29 19:53:58.413448+00:00
386,0.0,45.0,0,0.0,7826.93,7801.693333333334,64.11758798402288,0.0,100.0,0.0,52,679,0.0,0.0,0,0.0,0.0,2026-06-29 19:53:58.413448+00:00
785,0.0,33.63,0,0.0,27926.483333333334,25578.98375,3402.056964756531,0.0,100.0,0.0,102,721,0.0,0.0,0,0.0,1.0,2026-06-29 19:53:58.413448+00:00
825,0.0,51.75,0,0.0,21686.33,21887.872,174.8824136841661,0.0,100.0,0.0,135,753,0.0,0.0,0,0.0,0.0,2026-06-29 19:53:58.413448+00:00
2816,0.0,23.05,1,5925.8,4790.71,4474.416666666667,154.2073304209484,0.0,100.0,0.0,75,676,0.0,0.0,0,0.0,0.0,2026-06-29 19:53:58.413448+00:00
2441,0.0,0.0,0,0.0,3599.76,9878.877142857144,4310.461768432559,0.0,100.0,0.0,53,727,0.0,0.0,0,1.0,0.0,2026-06-29 19:53:58.413448+00:00
980,27.0,0.0,0,0.0,0.0,-3075.71,101.17299540885408,0.0,100.0,0.0,999,699,0.0,0.0,0,0.0,1.0,2026-06-29 19:53:58.413448+00:00
1565,0.0,17.56,0,0.0,18968.36,19112.677142857145,167.5577678392292,0.0,100.0,0.0,999,791,0.0,0.0,0,0.0,0.0,2026-06-29 19:53:58.413448+00:00
2387,15.0,0.0,1,9018.62,-7526.72,-7664.92,96.39925812300973,0.0,100.0,0.0,999,671,0.0,0.0,0,1.0,0.0,2026-06-29 19:53:58.413448+00:00
3488,0.0,31.19,1,11058.0,1491.9633333333334,1497.1042857142857,131.97002935681076,0.0,100.0,0.0,999,818,0.0,0.0,0,0.0,0.0,2026-06-29 19:53:58.413448+00:00
2494,0.0,60.22,0,0.0,5407.56,5381.7266666666665,39.84534881541719,0.0,100.0,0.0,999,702,0.0,0.0,0,0.0,0.0,2026-06-29 19:53:58.413448+00:00
3087,0.0,0.0,0,0.0,700.505,655.6228571428571,105.52365634766254,0.0,100.0,0.0,999,739,0.0,0.0,0,0.0,0.0,2026-06-29 19:53:58.413448+00:00
1533,0.0,0.0,1,7520.0,636.77,555.5975,101.57331044004623,0.0,100.0,0.0,999,678,0.0,0.0,0,0.0,0.0,2026-06-29 19:53:58.413448+00:00
3183,41.0,43.21,0,0.0,-1884.4,-1616.2428571428572,374.5770997217229,0.0,100.0,0.0,999,668,0.0,0.0,0,1.0,0.0,2026-06-29 19:53:58.413448+00:00
4819,8.0,33.02,1,10713.4,-10243.333333333334,-9276.053333333333,3345.570403779368,0.0,100.0,0.0,999,707,0.0,0.0,0,0.0,2.0,2026-06-29 19:53:58.413448+00:00
4309,0.0,26.85,0,0.0,8962.42,8962.42,13.425000000000182,0.0,100.0,0.0,999,758,0.0,0.0,0,1.0,0.0,2026-06-29 19:53:58.413448+00:00
3733,0.0,0.0,0,0.0,18857.963333333333,18594.475,234.535653366392,0.0,100.0,0.0,74,602,0.0,0.0,0,0.0,1.0,2026-06-29 19:53:58.413448+00:00
3843,0.0,0.0,0,0.0,0.0,18161.317142857144,107.5138009366089,0.0,100.0,0.0,60,817,0.0,0.0,0,0.0,0.0,2026-06-29 19:53:58.413448+00:00
1431,9.0,39.85,3,19390.52,-290.75,2193.923333333333,2887.019730683453,0.0,100.0,0.0,81,751,0.0,0.0,0,0.0,0.0,2026-06-29 19:53:58.413448+00:00
876,0.0,0.0,0,0.0,21106.85,15125.101764705882,9232.212750735443,0.0,100.0,0.0,140,667,0.0,0.0,0,0.0,0.0,2026-06-29 19:53:58.413448+00:00
1388,3.0,0.0,0,0.0,17636.91,17238.153333333332,1099.622987294253,0.0,100.0,0.0,44,796,0.0,0.0,0,1.0,0.0,2026-06-29 19:53:58.413448+00:00
2118,0.0,62.37,1,11638.62,8183.9325,8263.561333333333,534.2876716011704,0.0,100.0,0.0,101,667,0.0,0.0,0,1.0,0.0,2026-06-29 19:53:58.413448+00:00
3404,41.0,20.35,3,33363.16,-4566.081111111111,-9361.007826086956,12076.90890216144,0.0,100.0,0.0,21,793,0.0,0.0,0,2.0,1.0,2026-06-29 19:53:58.413448+00:00
4554,25.0,0.0,1,7594.98,-7726.72,-7499.165555555555,190.60367404643588,0.0,100.0,0.0,134,665,0.0,0.0,0,1.0,0.0,2026-06-29 19:53:58.413448+00:00
4174,0.0,0.0,0,0.0,17661.27,17444.0475,134.27763931031095,0.0,100.0,0.0,97,789,0.0,0.0,0,0.0,0.0,2026-06-29 19:53:58.413448+00:00
1308,40.0,0.0,2,22104.12,-21370.53,-21327.886,71.45614224123706,0.0,100.0,0.0,999,850,0.0,0.0,0,0.0,0.0,2026-06-29 19:53:58.413448+00:00
1611,15.0,0.0,1,8942.43,-6345.605,-6242.008,162.98246087760197,0.0,100.0,0.0,999,807,0.0,0.0,0,1.0,3.0,2026-06-29 19:53:58.413448+00:00
21,0.0,71.55,0,0.0,0.0,1929.3616666666667,165.64745449464522,0.0,100.0,0.0,999,711,0.0,0.0,0,0.0,0.0,2026-06-29 19:53:58.413448+00:00
95,0.0,0.0,0,0.0,0.0,6030.815,193.1473689310833,0.0,100.0,0.0,999,700,0.0,0.0,0,0.0,0.0,2026-06-29 19:53:58.413448+00:00
2839,0.0,75.68,0,0.0,0.0,7164.338,45.69563147610499,0.0,100.0,0.0,999,788,0.0,0.0,0,1.0,0.0,2026-06-29 19:53:58.413448+00:00
260,67.0,39.8,4,31489.59,-35200.08,-35418.59111111111,127.02036428545462,0.0,100.0,0.0,999,695,0.0,0.0,0,1.0,0.0,2026-06-29 19:53:58.413448+00:00
698,0.0,0.0,0,0.0,0.0,1211.69,157.0530133426291,0.0,100.0,0.0,999,628,0.0,0.0,0,0.0,0.0,2026-06-29 19:53:58.413448+00:00
1470,0.0,0.0,0,0.0,0.0,4417.08,0.0,0.0,100.0,0.0,999,642,0.0,0.0,0,0.0,0.0,2026-06-29 19:53:58.413448+00:00
2710,0.0,33.53,1,6673.76,2171.6,2580.855,1959.865078704399,0.0,100.0,0.0,999,850,0.0,0.0,0,1.0,1.0,2026-06-29 19:53:58.413448+00:00
3823,0.0,0.0,0,0.0,0.0,10325.325,118.98611105923307,0.0,100.0,0.0,999,695,0.0,0.0,0,0.0,0.0,2026-06-29 19:53:58.413448+00:00
4282,18.0,26.46,1,10619.33,-1281.82,-936.6875,369.44206378504055,0.0,100.0,0.0,999,663,0.0,0.0,0,1.0,0.0,2026-06-29 19:53:58.413448+00:00
4397,0.0,11.2,0,0.0,0.0,23836.0675,54.108968006699335,0.0,100.0,0.0,999,691,0.0,0.0,0,0.0,0.0,2026-06-29 19:53:58.413448+00:00
1805,0.0,24.97,0,0.0,3022.41,5217.846,2745.7906260062873,0.0,100.0,0.0,97,682,0.0,0.0,0,0.0,0.0,2026-06-29 19:53:58.413448+00:00
1992,0.0,16.03,0,0.0,0.0,16203.605,4278.523941300317,0.0,100.0,0.0,125,656,0.0,0.0,0,0.0,0.0,2026-06-29 19:53:58.413448+00:00
2083,0.0,43.16,0,0.0,0.0,12550.596,654.1487640468334,0.0,100.0,0.0,126,655,0.0,0.0,0,0.0,0.0,2026-06-29 19:53:58.413448+00:00
2193,0.0,0.0,0,0.0,13936.73,13851.015,77.8628614402696,0.0,100.0,0.0,66,733,0.0,0.0,0,1.0,0.0,2026-06-29 19:53:58.413448+00:00
2535,0.0,20.87,0,0.0,8801.383333333333,8757.061666666666,64.43155216110242,0.0,100.0,0.0,139,710,0.0,0.0,0,0.0,0.0,2026-06-29 19:53:58.413448+00:00
3143,0.0,0.0,0,0.0,3397.48,3177.5842857142857,209.790855299622,0.0,100.0,0.0,117,771,0.0,0.0,0,1.0,0.0,2026-06-29 19:53:58.413448+00:00
3504,0.0,0.0,0,0.0,23019.985,22857.471818181817,234.1832662610512,0.0,100.0,0.0,69,731,0.0,0.0,0,0.0,1.0,2026-06-29 19:53:58.413448+00:00
4520,0.0,0.0,0,0.0,0.0,16540.336666666666,144.0204501971846,0.0,100.0,0.0,66,768,0.0,0.0,0,0.0,0.0,2026-06-29 19:53:58.413448+00:00
908,35.0,56.06,1,10064.67,5915.905,745.4955555555556,5779.833890692922,0.0,100.0,0.0,34,746,0.0,0.0,0,0.0,0.0,2026-06-29 19:53:58.413448+00:00
1480,0.0,56.87,1,8930.61,24776.043333333335,18430.423076923078,9508.550300015719,0.0,100.0,0.0,6,772,0.0,0.0,0,1.0,0.0,2026-06-29 19:53:58.413448+00:00
755,0.0,26.99,0,0.0,10463.91,10487.4425,125.59404193173397,0.0,100.0,0.0,99,659,0.0,0.0,0,1.0,0.0,2026-06-29 19:53:58.413448+00:00
2534,22.0,16.12,1,9975.51,3880.02,1237.32875,10157.346637887817,0.0,100.0,0.0,110,763,0.0,0.0,0,0.0,0.0,2026-06-29 19:53:58.413448+00:00
3888,24.0,62.89,2,14047.78,3094.905,3568.8765,950.5473103127218,0.0,100.0,0.0,54,602,0.0,0.0,0,0.0,0.0,2026-06-29 19:53:58.413448+00:00
3163,30.0,28.25,0,0.0,-2733.25,-3034.5416666666665,156.7074092383767,0.0,100.0,0.0,103,618,0.0,0.0,0,0.0,0.0,2026-06-29 19:53:58.413448+00:00
1530,16.0,32.22,1,8527.31,0.0,-7168.16,101.17304641059289,0.0,100.0,0.0,999,661,0.0,0.0,0,0.0,0.0,2026-06-29 19:53:58.413448+00:00
120,18.0,0.0,0,0.0,0.0,-1644.34,0.0,0.0,100.0,0.0,999,584,0.0,0.0,0,0.0,0.0,2026-06-29 19:53:58.413448+00:00
879,0.0,0.0,0,0.0,23471.28,23588.44,137.46916319150162,0.0,100.0,0.0,999,729,0.0,0.0,0,0.0,2.0,2026-06-29 19:53:58.413448+00:00
1063,0.0,21.29,0,0.0,5802.19,5796.7814285714285,88.83763221720395,0.0,100.0,0.0,999,752,0.0,0.0,0,0.0,0.0,2026-06-29 19:53:58.413448+00:00
1225,0.0,0.0,0,0.0,10297.09,10148.9425,111.12098572614407,0.0,100.0,0.0,999,713,0.0,0.0,0,0.0,0.0,2026-06-29 19:53:58.413448+00:00
2055,0.0,0.0,1,8348.99,0.0,5773.4857142857145,4079.5675860416422,0.0,100.0,0.0,999,724,0.0,0.0,0,0.0,0.0,2026-06-29 19:53:58.413448+00:00
3896,2.0,0.0,1,9193.93,0.0,-2153.72,42.20999999999981,0.0,100.0,0.0,999,623,0.0,0.0,0,0.0,1.0,2026-06-29 19:53:58.413448+00:00
151,13.0,44.99,2,16582.88,-11900.19,-5631.434,4932.525426181017,0.0,100.0,0.0,999,739,0.0,0.0,0,0.0,0.0,2026-06-29 19:53:58.413448+00:00
1620,54.0,13.14,1,8907.61,0.0,-5583.267777777778,250.9694222976077,0.0,100.0,0.0,999,751,0.0,0.0,0,0.0,1.0,2026-06-29 19:53:58.413448+00:00
69,0.0,0.0,1,8070.02,8954.995,8890.828333333333,88.44891358229876,0.0,100.0,0.0,64,629,0.0,0.0,0,0.0,0.0,2026-06-29 19:53:58.413448+00:00
1647,0.0,33.88,1,7999.84,19410.153333333332,19071.209,290.14954577035576,0.0,100.0,0.0,79,659,0.0,0.0,0,1.0,0.0,2026-06-29 19:53:58.413448+00:00
712,0.0,18.57,0,0.0,8722.576,8409.626428571428,268.51641799587094,0.0,100.0,0.0,54,793,0.0,0.0,0,1.0,1.0,2026-06-29 19:53:58.413448+00:00
1067,0.0,0.0,0,0.0,1695.08,1439.3083333333334,167.70345876145655,0.0,100.0,0.0,11,702,0.0,0.0,0,0.0,0.0,2026-06-29 19:53:58.413448+00:00
1981,0.0,37.66,0,0.0,6245.515,6195.254545454545,79.25415082927007,0.0,100.0,0.0,32,547,0.0,0.0,0,1.0,0.0,2026-06-29 19:53:58.413448+00:00
4972,37.0,0.0,2,17696.61,-3865.16,-3806.6054545454544,125.60484713975012,0.0,100.0,0.0,77,684,0.0,0.0,0,0.0,0.0,2026-06-29 19:53:58.413448+00:00
642,0.0,0.0,0,0.0,6623.235,6698.088333333333,138.94456273596685,0.0,100.0,0.0,24,766,0.0,0.0,0,1.0,0.0,2026-06-29 19:53:58.413448+00:00
3314,0.0,0.0,1,6071.61,6331.075,6164.4,177.78693863723544,0.0,100.0,0.0,120,737,0.0,0.0,0,0.0,0.0,2026-06-29 19:53:58.413448+00:00
4912,0.0,0.0,0,0.0,0.0,6855.94,108.14850704471132,0.0,100.0,0.0,26,576,0.0,0.0,0,0.0,0.0,2026-06-29 19:53:58.413448+00:00
2022,27.0,0.0,3,28112.32,-9088.245,-7493.117,3275.5997735378173,0.0,100.0,0.0,999,627,0.0,0.0,0,1.0,1.0,2026-06-29 19:53:58.413448+00:00
3829,4.0,17.11,1,5839.43,0.0,-2256.94,128.43086914756898,0.0,100.0,0.0,999,782,0.0,0.0,0,0.0,0.0,2026-06-29 19:53:58.413448+00:00
4577,0.0,0.0,0,0.0,5263.4,5137.022,127.0476049990711,0.0,100.0,0.0,999,653,0.0,0.0,0,0.0,0.0,2026-06-29 19:53:58.413448+00:00
339,0.0,27.93,0,0.0,235.47,207.99,64.14288206808295,0.0,100.0,0.0,999,697,0.0,0.0,0,0.0,1.0,2026-06-29 19:53:58.413448+00:00
1618,0.0,36.16,0,0.0,0.0,5093.648571428572,147.50943160437194,0.0,100.0,0.0,999,793,0.0,0.0,0,1.0,1.0,2026-06-29 19:53:58.413448+00:00
4820,0.0,0.0,1,9013.68,0.0,933.41,38.24404354493217,0.0,100.0,0.0,999,664,0.0,0.0,0,0.0,0.0,2026-06-29 19:53:58.413448+00:00
4992,0.0,0.0,0,0.0,12799.19,12820.405,41.12750265941228,0.0,100.0,0.0,999,785,0.0,0.0,0,0.0,0.0,2026-06-29 19:53:58.413448+00:00
3235,16.0,31.56,1,6317.45,7652.68,7189.095384615384,4639.735761348112,0.0,100.0,0.0,74,743,0.0,294.81,0,3.0,1.0,2026-06-29 19:53:58.413448+00:00
85,0.0,0.0,0,0.0,10116.88,10215.357142857143,111.0137812184064,0.0,100.0,0.0,999,792,0.0,7.14,0,0.0,0.0,2026-06-29 19:53:58.413448+00:00
973,15.0,0.0,1,9200.27,-5105.755,-5162.96,80.75494618494471,0.0,100.0,0.0,999,748,0.0,82.25,0,0.0,0.0,2026-06-29 19:53:58.413448+00:00
3398,0.0,0.0,1,7322.47,5752.58,11033.347,3406.1580080702365,0.0,100.0,0.0,999,704,0.0,133.68,0,0.0,0.0,2026-06-29 19:53:58.413448+00:00
3491,0.0,0.0,0,0.0,1529.55,1634.9725,73.07961390668399,0.0,100.0,0.0,999,692,0.0,90.27,0,0.0,0.0,2026-06-29 19:53:58.413448+00:00
4311,0.0,11.25,0,0.0,6530.196666666667,6480.668181818181,122.39329807990336,0.0,100.0,0.0,131,650,0.0,107.41,0,2.0,0.0,2026-06-29 19:53:58.413448+00:00
1963,0.0,126.62,0,0.0,3282.2266666666665,3574.338,309.5845640036553,0.0,100.0,0.0,999,801,0.0,171.69,0,0.0,0.0,2026-06-29 19:53:58.413448+00:00
246,0.0,73.24,0,0.0,6377.98,6377.98,0.0,0.0,100.0,0.0,999,659,0.0,107.71,0,0.0,0.0,2026-06-29 19:53:58.413448+00:00
871,65.0,0.0,1,11282.34,-17501.864285714284,-13130.62,5374.769423055691,0.0,100.0,0.0,51,775,0.0,54.53,0,1.0,0.0,2026-06-29 19:53:58.413448+00:00
2950,0.0,31.27,0,0.0,4177.49,4037.208,150.13110555777564,0.0,100.0,0.0,33,812,0.0,65.04,0,0.0,0.0,2026-06-29 19:53:58.413448+00:00
4194,0.0,29.74,0,0.0,15116.83875,15001.321176470588,179.8930553177553,0.0,100.0,0.0,5,690,109.38,109.38,0,0.0,0.0,2026-06-29 19:53:58.413448+00:00
4286,0.0,32.41,0,0.0,13771.36,13350.32875,332.7380178659082,0.0,100.0,0.0,11,630,0.0,54.23,0,0.0,0.0,2026-06-29 19:53:58.413448+00:00
2321,0.0,36.96,0,0.0,7914.08,7895.003333333333,86.79711365528763,0.0,100.0,0.0,100,636,111.91,166.78,0,0.0,0.0,2026-06-29 19:53:58.413448+00:00
4904,0.0,17.33,0,0.0,12910.755,12852.087,102.02637963291625,0.0,100.0,0.0,999,624,0.0,28.37,0,0.0,0.0,2026-06-29 19:53:58.413448+00:00
1029,0.0,0.0,0,0.0,9890.62,10053.02,102.15414692186215,0.0,100.0,0.0,999,707,153.63,153.63,0,0.0,0.0,2026-06-29 19:53:58.413448+00:00
3784,0.0,0.0,0,0.0,6593.1475,7077.28,7272.310580219428,0.0,100.0,0.0,127,598,0.0,93.48,0,0.0,0.0,2026-06-29 19:53:58.413448+00:00
2689,0.0,0.0,0,0.0,13370.17,13202.515833333333,126.75919042672558,0.0,100.0,0.0,108,646,68.6,68.6,0,0.0,0.0,2026-06-29 19:53:58.413448+00:00
3470,0.0,11.8,0,0.0,31359.45,26794.81923076923,3571.5076236050004,0.0,100.0,0.0,24,749,111.8,111.8,0,0.0,0.0,2026-06-29 19:53:58.413448+00:00
1901,3.0,11.34,3,27114.3,-15240.4,-5464.98,6164.0550809868655,0.0,100.0,0.0,999,719,0.0,7809.55,0,0.0,0.0,2026-06-29 19:53:58.413448+00:00
1759,0.0,0.0,0,0.0,8966.61,8979.302,119.54135569844469,0.0,100.0,0.0,999,549,253.58,253.58,0,2.0,2.0,2026-06-29 19:53:58.413448+00:00
4125,0.0,43.22,0,0.0,17321.58,17443.1475,133.473200001911,0.0,100.0,0.0,999,814,0.0,117.76,0,0.0,1.0,2026-06-29 19:53:58.413448+00:00
82,52.0,29.72,1,7063.74,4548.632,2533.1906451612904,9119.768655181124,0.0,100.0,0.0,999,704,0.0,117.06,0,3.0,1.0,2026-06-29 19:53:58.413448+00:00
809,0.0,0.0,1,5734.15,8135.906666666667,8283.211176470588,334.76493870602883,0.0,100.0,0.0,999,838,0.0,43.09,0,1.0,2.0,2026-06-29 19:53:58.413448+00:00
3993,1.0,0.0,0,0.0,-77.27,470.60285714285715,423.4804193746743,0.0,100.0,0.0,999,663,234.44,234.44,0,2.0,1.0,2026-06-29 19:53:58.413448+00:00
