customer_id,first_name,last_name,date_of_birth,age,customer_since,tenure_months,customer_status,segment_code,branch_id,primary_address,city,state_code,zip_code,num_accounts,num_active_accounts,has_checking,has_savings,has_credit,has_loan,total_balance,total_credit_limit,credit_utilization_pct,load_ts
1,Joshua,Walker,1984-05-01,42,2011-11-12,175,A,PREMIER,380,06591 Adam Harbor,Jakeview,FM,28758,4,4.0,Y,Y,Y,Y,77978.21,25000.0,34.52,2026-06-29 19:53:58.123537+00:00
16,Angela,Cohen,2007-10-15,19,2021-01-14,65,A,STUDENT,99,7691 Deanna Turnpike,South Tammy,PA,32967,4,4.0,Y,Y,Y,Y,61420.81,15000.0,25.29,2026-06-29 19:53:58.123537+00:00
17,Jeremy,Johnson,1997-12-17,29,2023-01-25,41,A,PREMIER,339,2313 Lisa Locks,Lake Carl,WI,01139,2,2.0,Y,Y,N,N,60227.7,0.0,0.0,2026-06-29 19:53:58.123537+00:00
23,Daniel,Burton,1947-08-01,79,2012-03-11,171,A,SMALL_BIZ,126,59324 Amy Dam,Jacobmouth,MS,21495,4,4.0,Y,Y,Y,Y,134735.4,5000.0,85.88,2026-06-29 19:53:58.123537+00:00
27,Daniel,Graham,1959-05-15,67,2021-01-19,65,A,WEALTH,138,2797 Sarah Dam,New Anthony,PR,90888,4,4.0,Y,Y,Y,Y,74749.18,2000.0,77.5,2026-06-29 19:53:58.123537+00:00
32,Andrew,Hickman,1941-07-12,85,2016-04-29,122,A,MASS,383,8727 Christine Wells,East Courtney,MA,92328,3,3.0,Y,N,Y,Y,131164.77,25000.0,0.02,2026-06-29 19:53:58.123537+00:00
33,Kyle,Brown,2000-05-13,26,2023-11-24,31,A,STUDENT,205,98356 Anderson Garden Apt. 886,Sullivanberg,NJ,33128,2,2.0,N,Y,N,Y,74211.18,0.0,0.0,2026-06-29 19:53:58.123537+00:00
53,Joseph,Bowers,1966-11-18,60,2026-03-10,3,I,STUDENT,393,51485 Francis Burgs,Johnsonfurt,KS,02776,4,3.0,Y,Y,Y,Y,187113.84,15000.0,55.75,2026-06-29 19:53:58.123537+00:00
56,Amy,Adkins,2006-05-24,20,2020-02-17,76,I,DIGITAL,476,6446 Saunders Divide Apt. 900,Charlesstad,GA,40236,3,3.0,Y,N,Y,Y,119816.35,10000.0,53.71,2026-06-29 19:53:58.123537+00:00
68,Lisa,Evans,1985-04-22,41,2011-08-10,178,A,DIGITAL,49,294 Marissa Overpass,Jefferyborough,TN,97791,1,1.0,N,N,N,Y,16044.96,0.0,0.0,2026-06-29 19:53:58.123537+00:00
82,Martin,Galvan,1943-02-25,83,2022-06-24,48,A,WEALTH,357,01900 Clark Parkways,Jonathanmouth,PW,99889,2,2.0,Y,Y,N,N,78194.82,0.0,0.0,2026-06-29 19:53:58.123537+00:00
84,Monica,Garrison,1994-03-30,32,2013-02-07,160,A,PREMIER,297,1119 James Knoll,Michelletown,OK,39010,2,1.0,Y,N,Y,N,29909.86,10000.0,35.69,2026-06-29 19:53:58.123537+00:00
92,Jonathan,Fletcher,1967-04-20,59,2020-02-03,76,A,WEALTH,337,3880 Linda Grove,South Christopher,DE,87676,4,4.0,Y,Y,Y,Y,86690.24,10000.0,62.71,2026-06-29 19:53:58.123537+00:00
93,Amanda,Ball,1941-08-09,85,2025-04-19,14,A,MASS,479,86974 Butler Valley Apt. 370,Lake Angela,SD,37084,4,4.0,Y,Y,Y,Y,88197.5,15000.0,22.93,2026-06-29 19:53:58.123537+00:00
98,Raven,Gilbert,2004-06-29,22,2021-08-05,58,A,PREMIER,276,8728 Foster Wells,South Jason,MO,27024,1,1.0,N,N,Y,N,13439.16,25000.0,53.76,2026-06-29 19:53:58.123537+00:00
111,Caitlin,Dodson,1986-03-21,40,2026-03-25,3,A,SMALL_BIZ,135,43935 Richard Dam Suite 957,Brookschester,MT,73985,2,2.0,N,N,Y,Y,59370.74,10000.0,78.65,2026-06-29 19:53:58.123537+00:00
119,Robert,Stein,1969-05-07,57,2014-07-30,143,I,STUDENT,384,427 Julia Green Suite 992,Dannyfort,UT,26047,2,1.0,Y,N,Y,N,14941.69,10000.0,86.31,2026-06-29 19:53:58.123537+00:00
123,Jeffrey,Robinson,1978-01-30,48,2020-06-28,72,A,MASS,82,3163 Lucas Inlet Suite 472,Robertport,MS,61763,3,2.0,N,Y,Y,Y,64718.42,15000.0,72.85,2026-06-29 19:53:58.123537+00:00
133,David,Caldwell,1942-11-09,84,2013-10-06,152,A,PREMIER,306,6946 Pamela Roads,East Ritaport,MH,56883,1,1.0,N,N,Y,N,1556.04,2000.0,77.8,2026-06-29 19:53:58.123537+00:00
135,Julie,Wilson,1952-09-24,74,2020-07-19,71,I,STUDENT,262,591 Paul Wall Apt. 033,Lake Meganchester,MN,55191,1,1.0,Y,N,N,N,30595.87,0.0,0.0,2026-06-29 19:53:58.123537+00:00
156,James,Wilson,1958-05-03,68,2013-04-16,158,A,WEALTH,213,61499 Diana Skyway,North Kelli,MO,23576,4,4.0,Y,Y,Y,Y,107669.81,15000.0,72.5,2026-06-29 19:53:58.123537+00:00
164,Lynn,Morales,2004-07-16,22,2018-08-14,94,A,WEALTH,314,0581 Luke Branch Apt. 088,Tuckerfort,AS,34579,3,3.0,N,Y,Y,Y,27928.01,5000.0,87.47,2026-06-29 19:53:58.123537+00:00
167,Krystal,Perez,1992-09-15,34,2020-07-14,71,A,MASS,385,91459 Hayes Lodge Suite 098,Beverlyside,CO,58052,2,2.0,Y,Y,N,N,56586.8,0.0,0.0,2026-06-29 19:53:58.123537+00:00
180,Marcus,Wright,1944-02-29,82,2017-12-08,102,A,STUDENT,460,8988 Anthony Plains,Lindahaven,NV,20325,3,3.0,N,Y,Y,Y,86361.08,10000.0,38.91,2026-06-29 19:53:58.123537+00:00
181,Mary,Johnston,1947-08-11,79,2025-11-03,7,A,DIGITAL,140,316 Smith Skyway Apt. 611,Cynthiafurt,NE,12209,2,2.0,N,N,Y,Y,71308.62,25000.0,78.17,2026-06-29 19:53:58.123537+00:00
183,Thomas,Pearson,1944-03-09,82,2022-10-09,44,I,SMALL_BIZ,85,83647 Monica Hollow Suite 581,Johnsonbury,IA,46307,3,3.0,Y,N,Y,Y,136323.33,25000.0,48.42,2026-06-29 19:53:58.123537+00:00
184,Brenda,Walters,2002-11-13,24,2014-03-13,147,I,STUDENT,274,244 Morales Gateway Apt. 004,Jasonside,AK,36313,3,3.0,Y,Y,N,Y,60630.48,0.0,0.0,2026-06-29 19:53:58.123537+00:00
205,Julie,Thornton,1993-06-14,33,2012-02-21,172,A,SMALL_BIZ,308,72113 Esparza Squares,West Jamesbury,DE,99770,3,3.0,Y,Y,Y,N,93943.08,10000.0,70.25,2026-06-29 19:53:58.123537+00:00
221,Albert,Ballard,1958-07-05,68,2015-04-20,134,A,PREMIER,124,806 Christopher Crossing,Lake Lorraine,NH,76859,3,3.0,Y,N,Y,Y,106224.36,25000.0,49.66,2026-06-29 19:53:58.123537+00:00
237,Sydney,Taylor,1964-03-08,62,2013-03-17,159,A,MASS,8,140 Rojas Plain Apt. 670,Port Jonathanview,NE,47601,1,1.0,N,N,Y,N,211.48,5000.0,4.23,2026-06-29 19:53:58.123537+00:00
239,Michael,Gibbs,2006-04-19,20,2023-06-30,36,A,STUDENT,150,2560 Holder Plaza Apt. 466,West Scott,AR,11400,4,4.0,Y,Y,Y,Y,57115.25,15000.0,38.22,2026-06-29 19:53:58.123537+00:00
245,Kevin,Vasquez,1950-11-09,76,2025-08-10,10,A,WEALTH,38,4973 Schmidt Islands Apt. 425,New Coryside,NH,16572,3,3.0,Y,N,Y,Y,88383.12,25000.0,96.46,2026-06-29 19:53:58.123537+00:00
250,Stephanie,Foley,1966-04-26,60,2018-02-07,100,I,MASS,441,633 Vaughn Ferry Apt. 509,Stephanietown,TX,59393,4,4.0,Y,Y,Y,Y,66590.41,2000.0,25.87,2026-06-29 19:53:58.123537+00:00
254,Kristin,Sanchez,1981-07-01,45,2011-10-23,176,A,SMALL_BIZ,42,163 Perkins Brooks,Langmouth,PA,23560,2,2.0,Y,N,Y,N,78726.32,5000.0,26.59,2026-06-29 19:53:58.123537+00:00
255,Casey,Hubbard,1949-12-05,77,2019-11-30,79,A,DIGITAL,283,9156 Moreno Neck,East Brian,TN,06540,2,2.0,Y,Y,N,N,22248.25,0.0,0.0,2026-06-29 19:53:58.123537+00:00
260,Grant,Williams,1957-06-07,69,2016-04-27,122,A,SMALL_BIZ,302,7992 Atkins Shoal,Emmahaven,IA,91068,1,1.0,N,Y,N,N,55865.67,0.0,0.0,2026-06-29 19:53:58.123537+00:00
269,Jacqueline,Farrell,1982-01-20,44,2012-12-20,162,A,STUDENT,129,69486 Kimberly Trace Suite 541,South Kimberly,CT,15680,4,3.0,Y,Y,Y,Y,111685.63,25000.0,80.53,2026-06-29 19:53:58.123537+00:00
276,Michael,Ortega,1963-07-30,63,2013-04-25,158,A,MASS,344,336 Buck Harbors Apt. 891,Lake Kaylee,MI,78227,3,2.0,N,Y,Y,Y,50286.14,5000.0,5.35,2026-06-29 19:53:58.123537+00:00
281,Loretta,Austin,1998-02-11,28,2026-01-11,5,I,STUDENT,423,583 Jose Bridge,South Diana,OK,03594,4,2.0,Y,Y,Y,Y,84050.9,15000.0,43.84,2026-06-29 19:53:58.123537+00:00
299,Mark,Solis,1949-03-17,77,2011-10-20,176,A,STUDENT,297,0157 Phillips Lights Apt. 199,Dixonmouth,MP,56525,4,4.0,Y,Y,Y,Y,42835.19,5000.0,98.68,2026-06-29 19:53:58.123537+00:00
302,Matthew,Cook,1968-01-03,58,2016-02-13,124,A,WEALTH,234,2735 Deborah Bypass,Lake Chrischester,MT,37904,2,2.0,N,N,Y,Y,34714.79,2000.0,47.25,2026-06-29 19:53:58.123537+00:00
307,Karen,Wolf,1993-04-09,33,2018-11-11,91,A,SMALL_BIZ,406,2650 Dudley Haven Suite 741,South Alexishaven,MN,92398,4,4.0,Y,Y,Y,Y,119777.44,2000.0,81.12,2026-06-29 19:53:58.123537+00:00
308,Anne,Reid,1971-07-27,55,2025-04-11,14,A,WEALTH,494,88755 Leblanc Port Apt. 041,Nicoleburgh,WY,69892,4,3.0,Y,Y,Y,Y,72577.43,2000.0,71.03,2026-06-29 19:53:58.123537+00:00
311,Lance,Hayes,1945-04-03,81,2019-01-22,89,A,STUDENT,467,8910 Day Mountains,West Katiehaven,WA,34716,2,2.0,Y,N,N,Y,98443.87,0.0,0.0,2026-06-29 19:53:58.123537+00:00
313,William,Ford,1998-10-17,28,2020-08-31,70,A,PREMIER,241,26421 Luis Greens,Villegashaven,OR,28997,1,1.0,N,N,Y,N,4735.02,5000.0,94.7,2026-06-29 19:53:58.123537+00:00
318,Scott,Mills,1958-02-02,68,2018-01-08,101,A,DIGITAL,324,262 Craig Unions,Danielshire,MD,22251,2,2.0,N,N,Y,Y,38710.09,25000.0,40.33,2026-06-29 19:53:58.123537+00:00
339,Laurie,Taylor,2006-03-25,20,2023-09-05,33,A,MASS,5,1990 Alejandro Wall,Hallview,RI,18050,1,1.0,Y,N,N,N,39205.04,0.0,0.0,2026-06-29 19:53:58.123537+00:00
351,Robert,Bauer,1961-09-01,65,2012-03-15,171,A,MASS,468,1492 Jane Burg,Port Teresa,NY,04347,1,1.0,N,N,N,Y,43644.57,0.0,0.0,2026-06-29 19:53:58.123537+00:00
352,Rebecca,Carlson,1972-02-13,54,2013-02-22,160,I,SMALL_BIZ,446,844 Clark Village Suite 213,South Michele,VT,93672,1,1.0,N,N,N,Y,7278.54,0.0,0.0,2026-06-29 19:53:58.123537+00:00
356,Vanessa,Spencer,1976-09-26,50,2019-01-22,89,A,PREMIER,136,01792 Brown Locks,East James,SD,02860,1,1.0,N,Y,N,N,13033.77,0.0,0.0,2026-06-29 19:53:58.123537+00:00
359,Kelsey,Moss,1990-08-06,36,2020-11-11,67,I,PREMIER,346,5339 Jeffrey Lights Apt. 857,Jamesville,OR,42455,2,1.0,N,Y,Y,N,83359.54,15000.0,97.39,2026-06-29 19:53:58.123537+00:00
365,Karen,Lee,1977-11-15,49,2015-04-09,134,I,WEALTH,60,1442 Wilson Prairie Suite 453,Port Kennethshire,MN,47048,1,1.0,N,Y,N,N,46354.24,0.0,0.0,2026-06-29 19:53:58.123537+00:00
388,Laura,Hicks,2003-08-15,23,2021-01-01,65,A,PREMIER,382,2487 Gordon Lodge,East Lisa,ND,85244,3,2.0,Y,N,Y,Y,110629.14,10000.0,81.56,2026-06-29 19:53:58.123537+00:00
394,Melvin,Humphrey,1971-08-22,55,2021-08-20,58,A,PREMIER,246,655 Alexis Loop,New Margaretmouth,PW,00904,2,2.0,Y,Y,N,N,92047.59,0.0,0.0,2026-06-29 19:53:58.123537+00:00
402,Anne,Bryan,1982-01-13,44,2024-01-22,29,I,SMALL_BIZ,334,1510 Garcia Locks,Gibsonfurt,NM,79957,2,2.0,N,N,Y,Y,50545.36,25000.0,80.69,2026-06-29 19:53:58.123537+00:00
404,Robert,Fowler,1985-02-11,41,2022-12-07,42,I,MASS,424,769 Blanchard Freeway Suite 674,Randallshire,MO,79474,4,4.0,Y,Y,Y,Y,215241.01,15000.0,75.38,2026-06-29 19:53:58.123537+00:00
419,Michael,Morales,1990-03-26,36,2022-11-20,43,A,STUDENT,476,756 Quinn Mills Apt. 393,Jaredtown,OR,89897,2,2.0,Y,N,Y,N,55422.03,10000.0,18.17,2026-06-29 19:53:58.123537+00:00
433,Cristina,Harvey,1980-08-02,46,2014-01-13,149,A,MASS,348,10706 Fox Meadows Suite 641,Thomasbury,MI,80045,3,3.0,Y,N,Y,Y,110503.22,10000.0,10.66,2026-06-29 19:53:58.123537+00:00
441,Chelsea,Lee,1984-08-04,42,2021-10-31,56,A,STUDENT,287,744 Coleman Stravenue,Port Kayla,ME,53052,2,2.0,Y,N,N,Y,60306.34,0.0,0.0,2026-06-29 19:53:58.123537+00:00
460,Daniel,Bird,1942-02-10,84,2019-12-18,78,A,SMALL_BIZ,474,8287 Cooper Mission,Jessicastad,DC,43998,2,2.0,N,Y,Y,N,25785.41,15000.0,21.84,2026-06-29 19:53:58.123537+00:00
468,Karen,Finley,1958-12-18,68,2015-01-02,137,I,WEALTH,298,3514 Willie Loop Apt. 270,East Cory,KS,83593,2,2.0,N,N,Y,Y,27289.97,5000.0,11.18,2026-06-29 19:53:58.123537+00:00
473,Dennis,Hernandez,1982-09-02,44,2014-10-05,140,A,STUDENT,331,8698 Bradley Key Suite 733,South Cindyberg,MO,83032,1,1.0,N,N,Y,N,3739.98,5000.0,74.8,2026-06-29 19:53:58.123537+00:00
477,Christian,Elliott,1971-06-04,55,2021-12-27,54,A,WEALTH,397,23286 Joseph Stravenue,Lake Keith,MA,39553,4,3.0,Y,Y,Y,Y,158230.84,15000.0,17.7,2026-06-29 19:53:58.123537+00:00
480,Christopher,Dixon,1955-04-03,71,2020-03-10,75,A,MASS,130,1736 Briana Highway,Lisaside,OK,62195,1,0.0,N,N,N,Y,57207.39,0.0,0.0,2026-06-29 19:53:58.123537+00:00
481,William,Bryant,1995-09-03,31,2018-04-03,98,A,MASS,42,85223 Guzman Burgs,Thomastown,WI,76641,1,1.0,Y,N,N,N,33510.6,0.0,0.0,2026-06-29 19:53:58.123537+00:00
486,Katie,Good,1968-11-19,58,2022-12-18,42,I,PREMIER,331,66768 Kristi Port,Stephaniemouth,OK,53230,1,1.0,N,N,N,Y,44552.27,0.0,0.0,2026-06-29 19:53:58.123537+00:00
509,Melanie,Davis,1984-10-26,42,2025-04-01,14,I,MASS,477,6318 Desiree Falls Apt. 024,Lake Tony,WY,45313,1,0.0,N,N,Y,N,5992.86,10000.0,59.93,2026-06-29 19:53:58.123537+00:00
510,Joseph,Nunez,1990-01-14,36,2014-05-01,145,A,PREMIER,203,10665 Shaw Estate Suite 256,Andreashire,IL,73480,3,2.0,Y,Y,Y,N,89179.79,10000.0,63.86,2026-06-29 19:53:58.123537+00:00
537,Desiree,Garrison,1987-04-28,39,2024-02-21,28,I,SMALL_BIZ,94,136 Jones Row,Stewartshire,DC,02869,4,4.0,Y,Y,Y,Y,131604.21,15000.0,11.61,2026-06-29 19:53:58.123537+00:00
545,Jennifer,Sanders,1980-10-27,46,2022-09-18,45,A,MASS,224,55614 Garcia Drives Suite 010,Lake David,MA,19591,1,1.0,N,N,Y,N,2563.26,5000.0,51.27,2026-06-29 19:53:58.123537+00:00
561,Ashley,Jackson,2002-02-20,24,2026-01-31,5,A,STUDENT,17,816 Alicia Streets,Lovebury,LA,58880,2,2.0,Y,N,Y,N,63070.99,5000.0,95.44,2026-06-29 19:53:58.123537+00:00
597,Monica,Lopez,1945-09-06,81,2013-01-03,161,A,PREMIER,486,99678 Patricia Wall,Jamesstad,ND,92157,4,3.0,Y,Y,Y,Y,139032.4,15000.0,23.35,2026-06-29 19:53:58.123537+00:00
599,Candice,Carr,1976-11-05,50,2021-01-09,65,A,STUDENT,328,99728 Nguyen Road,Davidshire,IL,92357,4,4.0,Y,Y,Y,Y,163303.14,2000.0,99.3,2026-06-29 19:53:58.123537+00:00
602,David,Torres,1947-03-03,79,2013-06-27,156,A,MASS,233,77997 Jones Rue,New Anthonystad,WI,13406,1,1.0,Y,N,N,N,6701.97,0.0,0.0,2026-06-29 19:53:58.123537+00:00
616,Shannon,Bailey,1961-06-09,65,2026-05-26,1,I,PREMIER,47,330 Eric Cove Suite 666,North Rebecca,NM,37944,2,2.0,N,Y,N,Y,42514.75,0.0,0.0,2026-06-29 19:53:58.123537+00:00
618,Brianna,Bell,1957-05-14,69,2023-08-02,34,A,STUDENT,181,770 Wilson Lodge Suite 067,Mcleanmouth,CA,13534,1,1.0,N,Y,N,N,1398.6,0.0,0.0,2026-06-29 19:53:58.123537+00:00
621,Mario,Padilla,1960-04-28,66,2019-07-12,83,A,WEALTH,69,6276 Mario Stravenue Apt. 487,Brittanyfort,SC,12508,4,4.0,Y,Y,Y,Y,125032.5,15000.0,32.95,2026-06-29 19:53:58.123537+00:00
627,Shannon,Schultz,1959-06-30,67,2017-09-02,105,A,DIGITAL,500,093 Wood Mission,Jarvismouth,MP,76425,4,4.0,Y,Y,Y,Y,181070.23,15000.0,94.56,2026-06-29 19:53:58.123537+00:00
635,Kristen,Stevens,1944-09-25,82,2012-12-22,162,A,DIGITAL,202,900 William Expressway Apt. 417,Lake Davidbury,PR,82659,2,2.0,N,Y,Y,N,13023.45,2000.0,83.59,2026-06-29 19:53:58.123537+00:00
637,Haley,Anderson,2005-09-04,21,2014-07-05,143,A,STUDENT,251,3335 Jesse Parkway,Port Francis,CO,82836,3,3.0,Y,Y,N,Y,198863.3,0.0,0.0,2026-06-29 19:53:58.123537+00:00
671,David,Norman,1989-10-12,37,2013-12-24,150,A,PREMIER,349,349 Adam Light Suite 698,Cameronton,MP,14903,2,2.0,N,N,Y,Y,58182.65,15000.0,71.06,2026-06-29 19:53:58.123537+00:00
678,Edward,Velazquez,1973-02-05,53,2017-03-15,111,A,DIGITAL,214,842 Callahan Trafficway Suite 645,Deborahborough,MH,96123,3,3.0,Y,Y,Y,N,89579.12,10000.0,64.7,2026-06-29 19:53:58.123537+00:00
681,Nathan,Shaw,1959-08-31,67,2012-08-26,166,A,PREMIER,153,15394 Ana Creek,Amyfurt,MA,05619,1,1.0,Y,N,N,N,33299.7,0.0,0.0,2026-06-29 19:53:58.123537+00:00
682,Linda,Jarvis,2001-12-02,25,2014-03-02,147,A,MASS,146,09443 Austin Mount,Pereztown,TX,49662,2,2.0,N,Y,N,Y,71604.25,0.0,0.0,2026-06-29 19:53:58.123537+00:00
688,Jesse,Reed,1941-12-02,85,2017-08-10,106,A,STUDENT,346,7312 Moore Lake,Romanville,IN,12949,3,3.0,Y,Y,Y,N,34019.82,15000.0,61.97,2026-06-29 19:53:58.123537+00:00
690,Jessica,Garcia,1985-07-12,41,2024-02-27,28,A,WEALTH,264,9358 Robin Keys,Amandaburgh,MA,57283,3,2.0,N,Y,Y,Y,48885.02,5000.0,50.1,2026-06-29 19:53:58.123537+00:00
697,Jill,Stewart,1995-02-22,31,2021-12-11,54,A,PREMIER,342,6069 Smith Lake Apt. 610,Palmerchester,MN,45870,4,4.0,Y,Y,Y,Y,133568.19,10000.0,81.65,2026-06-29 19:53:58.123537+00:00
701,David,Moore,1962-02-23,64,2015-06-12,132,A,STUDENT,114,177 Chris Corner Suite 493,East Markfort,TX,56432,4,3.0,Y,Y,Y,Y,102356.16,2000.0,54.8,2026-06-29 19:53:58.123537+00:00
734,Samantha,Schroeder,1942-12-17,84,2020-03-29,75,A,WEALTH,307,99951 Morales Rapid,East Sharon,IA,72804,2,1.0,Y,Y,N,N,93683.32,0.0,0.0,2026-06-29 19:53:58.123537+00:00
739,Kristin,Walker,1987-12-17,39,2025-05-07,13,A,STUDENT,307,6094 Sims Well,West Alexville,DC,88684,2,1.0,Y,N,Y,N,98125.53,25000.0,94.24,2026-06-29 19:53:58.123537+00:00
746,Danielle,Tanner,1947-06-09,79,2022-01-25,53,I,WEALTH,77,15438 Gibson Coves Apt. 779,Christineville,AS,37469,3,1.0,N,Y,Y,Y,81977.28,25000.0,60.89,2026-06-29 19:53:58.123537+00:00
752,Kenneth,Flores,1946-06-06,80,2024-02-09,28,I,DIGITAL,170,1834 Hernandez Crossing,New Benjaminmouth,KS,44245,2,2.0,N,N,Y,Y,68337.51,25000.0,39.93,2026-06-29 19:53:58.123537+00:00
787,Heather,Garcia,1960-04-10,66,2018-10-28,92,A,PREMIER,471,2197 Tiffany Loaf,Adamchester,LA,12079,1,0.0,N,N,N,Y,47527.54,0.0,0.0,2026-06-29 19:53:58.123537+00:00
790,Madison,Figueroa,1954-01-30,72,2014-08-23,142,I,WEALTH,41,27988 Lisa Village,Smithchester,TN,63933,1,1.0,N,Y,N,N,29965.4,0.0,0.0,2026-06-29 19:53:58.123537+00:00
825,Brian,Dickerson,1967-01-23,59,2015-12-10,126,A,WEALTH,399,720 Elijah Street,Aprilborough,MP,18953,1,0.0,N,N,N,Y,32912.06,0.0,0.0,2026-06-29 19:53:58.123537+00:00
828,Crystal,Thompson,1993-09-05,33,2018-10-06,92,A,MASS,253,1924 Shane Garden Suite 682,Christopherstad,FL,24564,1,0.0,Y,N,N,N,56528.57,0.0,0.0,2026-06-29 19:53:58.123537+00:00
830,Tracy,Gallagher,1952-10-14,74,2022-11-23,43,A,MASS,248,710 Carlos Plain,Phelpsburgh,NM,64261,4,4.0,Y,Y,Y,Y,125748.61,2000.0,84.3,2026-06-29 19:53:58.123537+00:00
834,Courtney,Wright,1954-04-05,72,2021-08-02,58,A,WEALTH,171,1683 Adam Via,East Lauren,NH,94427,1,1.0,N,N,Y,N,1094.36,2000.0,54.72,2026-06-29 19:53:58.123537+00:00
837,Caitlyn,Morgan,1960-12-22,66,2022-05-07,49,I,MASS,165,29758 Sherman Meadow Apt. 713,Brownberg,KS,39672,4,4.0,Y,Y,Y,Y,110462.41,5000.0,71.38,2026-06-29 19:53:58.123537+00:00
853,Elizabeth,Hernandez,2002-04-02,24,2023-12-14,30,A,PREMIER,394,4691 Martin Parkways Suite 000,Port Heidiborough,WV,58644,1,1.0,N,Y,N,N,62912.72,0.0,0.0,2026-06-29 19:53:58.123537+00:00
865,Howard,James,1995-03-30,31,2021-08-11,58,A,DIGITAL,267,00013 Brian Villages,Lake David,GU,72269,4,3.0,Y,Y,Y,Y,62700.88,10000.0,27.6,2026-06-29 19:53:58.123537+00:00
868,Jose,Edwards,1969-01-17,57,2012-03-05,171,A,SMALL_BIZ,59,265 Martinez Mountains,Stephensland,DC,49914,2,2.0,Y,N,Y,N,42230.9,2000.0,9.99,2026-06-29 19:53:58.123537+00:00
879,Curtis,Gutierrez,1974-10-25,52,2021-03-28,63,A,MASS,167,50346 Miranda Roads Apt. 734,South Rachelview,PW,12034,1,1.0,Y,N,N,N,8666.68,0.0,0.0,2026-06-29 19:53:58.123537+00:00
886,Alejandra,Park,2006-02-08,20,2015-11-06,127,A,MASS,61,924 Wilson Park,South Shannonville,TX,94256,3,2.0,N,Y,Y,Y,109891.77,5000.0,33.81,2026-06-29 19:53:58.123537+00:00
894,Samantha,Thompson,1973-11-05,53,2019-01-27,89,A,WEALTH,70,5199 Flores Avenue,Webbview,NM,18364,3,2.0,Y,Y,N,Y,132491.23,0.0,0.0,2026-06-29 19:53:58.123537+00:00
919,Willie,Bennett,1954-01-07,72,2014-01-31,149,A,SMALL_BIZ,65,420 Dale Trafficway Suite 799,Smithstad,WY,73562,3,3.0,N,Y,Y,Y,77473.26,25000.0,28.23,2026-06-29 19:53:58.123537+00:00
926,Jeffrey,Lewis,1977-06-21,49,2012-11-11,163,A,SMALL_BIZ,480,576 Reilly Throughway Suite 253,Hayesville,CT,64137,3,2.0,Y,Y,Y,N,62629.9,5000.0,35.79,2026-06-29 19:53:58.123537+00:00
934,Willie,Vaughan,2001-09-03,25,2014-05-13,145,A,STUDENT,437,612 Jessica Knoll Suite 452,Jenniferville,MP,27763,2,2.0,Y,N,N,Y,109229.3,0.0,0.0,2026-06-29 19:53:58.123537+00:00
935,Amanda,Smith,1952-09-15,74,2025-10-03,8,A,SMALL_BIZ,391,3919 Kathleen Tunnel Apt. 828,New Maryborough,FM,95312,2,1.0,N,N,Y,Y,43045.9,25000.0,32.32,2026-06-29 19:53:58.123537+00:00
937,Amanda,Park,1969-11-29,57,2013-01-15,161,A,PREMIER,476,975 Debra Cliff Suite 463,New Jose,MD,37714,3,3.0,Y,Y,Y,N,62859.0,2000.0,37.73,2026-06-29 19:53:58.123537+00:00
940,Laura,Grant,1947-05-10,79,2012-04-19,170,A,DIGITAL,448,625 Garza Street Apt. 213,Martinborough,AR,15989,1,1.0,N,Y,N,N,28296.01,0.0,0.0,2026-06-29 19:53:58.123537+00:00
953,Debbie,Hunt,1964-07-12,62,2017-08-24,106,A,DIGITAL,196,425 White Inlet Suite 026,Lake Lucasport,MO,53675,2,1.0,N,Y,Y,N,30567.69,2000.0,37.68,2026-06-29 19:53:58.123537+00:00
961,Leslie,Patterson,1979-05-20,47,2016-12-05,114,A,MASS,494,214 Stanley Views Suite 472,South Anthony,AR,35121,1,1.0,N,N,N,Y,29229.17,0.0,0.0,2026-06-29 19:53:58.123537+00:00
970,Kimberly,Diaz,2008-05-27,18,2018-07-14,95,A,PREMIER,185,398 Clark Ports,Lake Benjaminburgh,AK,36733,3,3.0,Y,Y,N,Y,129551.07,0.0,0.0,2026-06-29 19:53:58.123537+00:00
978,Terry,Gibson,2002-04-22,24,2016-11-17,115,A,PREMIER,328,679 Martinez Avenue Suite 137,Lynchside,VI,22167,4,4.0,Y,Y,Y,Y,110790.23,2000.0,89.13,2026-06-29 19:53:58.123537+00:00
982,Zachary,Bennett,1985-04-06,41,2023-12-15,30,A,STUDENT,325,31729 Williams Ridge,South Michael,IL,64314,3,3.0,Y,N,Y,Y,53876.78,2000.0,7.74,2026-06-29 19:53:58.123537+00:00
994,George,Greer,2008-01-03,18,2024-06-05,24,A,WEALTH,234,254 Galvan Spur,New Laurie,SC,23288,4,4.0,Y,Y,Y,Y,51801.68,2000.0,15.16,2026-06-29 19:53:58.123537+00:00
998,Michele,Gordon,1948-10-06,78,2014-07-05,143,A,DIGITAL,380,8649 Tony Islands,South Amyborough,CT,17806,2,2.0,N,Y,N,Y,89010.72,0.0,0.0,2026-06-29 19:53:58.123537+00:00
1017,Andrea,Terry,1968-04-30,58,2016-07-16,119,A,DIGITAL,272,732 Dodson Lakes,North Shawna,IA,05184,2,2.0,Y,N,Y,N,43727.15,10000.0,85.36,2026-06-29 19:53:58.123537+00:00
1019,Sara,Graham,1947-08-06,79,2013-08-28,154,I,SMALL_BIZ,144,5931 Jeffrey Court Apt. 547,New Bettyborough,KS,14044,2,2.0,Y,N,Y,N,62204.19,5000.0,63.34,2026-06-29 19:53:58.123537+00:00
1020,Christopher,Johnson,1945-10-14,81,2014-10-19,140,A,DIGITAL,460,4076 Potter Orchard,Lake Angelafurt,UT,17526,2,2.0,N,Y,N,Y,51756.75,0.0,0.0,2026-06-29 19:53:58.123537+00:00
1034,Tammy,Hart,1980-01-04,46,2021-11-05,55,A,MASS,437,4191 Robbins Square,Dianeville,PR,16512,2,2.0,Y,N,N,Y,91100.97,0.0,0.0,2026-06-29 19:53:58.123537+00:00
1037,Virginia,Rhodes,1946-01-07,80,2020-12-10,66,A,DIGITAL,428,63150 Alan Mews Suite 704,Lake Belinda,GU,90570,1,1.0,N,N,N,Y,40032.49,0.0,0.0,2026-06-29 19:53:58.123537+00:00
1040,Charles,Velazquez,1986-08-18,40,2023-09-28,33,A,MASS,420,385 Sharp Crossing Suite 685,Gibsonmouth,NC,79582,2,1.0,N,N,Y,Y,43416.5,10000.0,49.48,2026-06-29 19:53:58.123537+00:00
1046,Amber,Williams,1982-08-13,44,2022-11-22,43,A,STUDENT,301,48793 Sharp Throughway,East Jessemouth,WI,59136,2,2.0,N,N,Y,Y,41977.81,10000.0,2.38,2026-06-29 19:53:58.123537+00:00
1054,Amy,Young,1982-07-19,44,2015-05-14,133,A,MASS,229,50596 Daniel Lane Apt. 684,Paulaside,NH,61845,4,4.0,Y,Y,Y,Y,85456.28,5000.0,52.85,2026-06-29 19:53:58.123537+00:00
1061,Zachary,Le,2008-03-11,18,2024-02-29,28,I,WEALTH,401,31293 Figueroa Walks,Matthewside,MA,86704,4,3.0,Y,Y,Y,Y,115599.95,25000.0,53.06,2026-06-29 19:53:58.123537+00:00
1079,Jose,Moore,1992-09-29,34,2012-09-24,165,A,DIGITAL,175,86323 Brandon Lodge Suite 574,Bakerport,PA,26726,2,2.0,Y,Y,N,N,119923.26,0.0,0.0,2026-06-29 19:53:58.123537+00:00
1090,Thomas,Smith,2003-04-09,23,2025-08-13,10,A,DIGITAL,91,1758 Sanders Falls Suite 570,Rebeccaside,AS,69959,3,3.0,Y,Y,N,Y,128724.57,0.0,0.0,2026-06-29 19:53:58.123537+00:00
1112,Mark,Jackson,1949-01-21,77,2020-12-06,66,A,PREMIER,52,53325 Townsend Tunnel,West Katherinechester,HI,64231,2,2.0,N,Y,Y,N,38329.16,2000.0,47.82,2026-06-29 19:53:58.123537+00:00
1128,Tyler,Arnold,1967-06-15,59,2019-04-23,86,A,SMALL_BIZ,342,02336 Travis Burgs Suite 538,East Lisaside,OR,43892,3,3.0,Y,Y,Y,N,89040.47,5000.0,56.93,2026-06-29 19:53:58.123537+00:00
1136,Robert,Wood,1978-11-17,48,2025-06-27,12,A,PREMIER,487,81567 Day Pines Apt. 561,Lake Andrew,WY,82698,4,4.0,Y,Y,Y,Y,141186.78,5000.0,75.56,2026-06-29 19:53:58.123537+00:00
1137,Joseph,Williams,1988-12-15,38,2023-10-12,32,I,DIGITAL,486,6391 Dawson Trail,Kimberlyfort,IL,76239,1,1.0,N,N,N,Y,45874.88,0.0,0.0,2026-06-29 19:53:58.123537+00:00
1161,Alexander,Waters,1985-03-24,41,2020-06-22,72,I,STUDENT,445,25885 Rocha Branch Apt. 171,New Elizabethview,ND,43112,4,4.0,Y,Y,Y,Y,50019.31,5000.0,0.87,2026-06-29 19:53:58.123537+00:00
1163,Jeffrey,Williams,1951-07-07,75,2018-12-26,90,A,MASS,364,2198 Scott Haven,Carpenterborough,CO,55423,1,1.0,N,N,Y,N,1833.35,2000.0,91.67,2026-06-29 19:53:58.123537+00:00
1169,Christina,Fitzgerald,1985-03-11,41,2014-06-01,144,A,WEALTH,326,3928 Smith Ford Suite 769,Evansstad,UT,35415,1,1.0,N,N,N,Y,22273.19,0.0,0.0,2026-06-29 19:53:58.123537+00:00
1185,Debra,Hall,1942-10-08,84,2024-06-06,24,A,SMALL_BIZ,495,95845 Reed Road Suite 296,Johnton,PR,33824,1,1.0,Y,N,N,N,16752.68,0.0,0.0,2026-06-29 19:53:58.123537+00:00
1192,Lisa,Johnson,2000-05-12,26,2024-10-09,20,A,SMALL_BIZ,14,6884 Mackenzie Corners Suite 509,East Rachel,CA,87510,2,2.0,N,Y,N,Y,47718.43,0.0,0.0,2026-06-29 19:53:58.123537+00:00
1193,Edward,Prince,1978-09-02,48,2015-09-02,129,A,MASS,133,9014 Michael Flats,West Nicholas,RI,68221,3,3.0,N,Y,Y,Y,120081.2,25000.0,21.88,2026-06-29 19:53:58.123537+00:00
1194,Patrick,Yu,1985-07-03,41,2012-10-19,164,A,WEALTH,378,3843 Cabrera Walks Suite 258,North Lorimouth,WI,30932,3,3.0,N,Y,Y,Y,86031.35,10000.0,14.66,2026-06-29 19:53:58.123537+00:00
1200,Sally,Stewart,1951-03-21,75,2025-05-30,13,A,SMALL_BIZ,133,1128 Mason Extensions Apt. 727,Kaylaberg,CA,93535,4,3.0,Y,Y,Y,Y,121315.45,15000.0,55.33,2026-06-29 19:53:58.123537+00:00
1203,Scott,Peck,1969-03-25,57,2017-08-16,106,A,WEALTH,404,4463 Reyes Orchard,Ashleymouth,OK,16391,4,4.0,Y,Y,Y,Y,132166.51,2000.0,34.51,2026-06-29 19:53:58.123537+00:00
1216,Kristin,Meyer,1976-09-05,50,2024-07-22,23,A,PREMIER,67,38147 Meza Center,Aaronfurt,VI,92136,1,1.0,Y,N,N,N,75954.6,0.0,0.0,2026-06-29 19:53:58.123537+00:00
1231,Harold,Joseph,1951-07-19,75,2024-06-14,24,I,DIGITAL,115,9134 Phillip Prairie Suite 032,Kimberlyburgh,DE,55974,1,1.0,Y,N,N,N,73090.92,0.0,0.0,2026-06-29 19:53:58.123537+00:00
1232,Kayla,Griffin,1969-08-08,57,2016-02-09,124,A,DIGITAL,376,532 Griffith Heights Apt. 146,North Allenshire,NY,25620,3,2.0,Y,Y,N,Y,181260.83,0.0,0.0,2026-06-29 19:53:58.123537+00:00
1235,Nicole,Young,1977-11-27,49,2011-07-30,179,A,STUDENT,320,29422 Elizabeth Points Suite 950,Port Cory,WY,99760,2,1.0,N,N,Y,Y,31581.93,10000.0,39.43,2026-06-29 19:53:58.123537+00:00
1253,Andrew,Garrett,2007-02-06,19,2011-07-07,179,A,DIGITAL,487,370 Francis Drive Apt. 001,Millerstad,MI,63021,3,2.0,Y,N,Y,Y,35143.05,5000.0,86.48,2026-06-29 19:53:58.123537+00:00
1261,Patricia,Herrera,1973-10-01,53,2020-11-05,67,A,MASS,184,51183 Andrea Harbor Apt. 144,South Christineview,ID,68154,4,4.0,Y,Y,Y,Y,141445.37,10000.0,91.24,2026-06-29 19:53:58.123537+00:00
1263,Jessica,Stewart,1997-06-10,29,2015-12-16,126,A,DIGITAL,59,273 Melissa Stream Suite 885,Johnsonchester,PW,80558,1,1.0,N,N,Y,N,10880.43,15000.0,72.54,2026-06-29 19:53:58.123537+00:00
1264,Gina,Marsh,1977-05-24,49,2014-08-06,142,A,WEALTH,140,470 Natalie River Suite 799,Riveraville,HI,83356,1,0.0,N,N,Y,N,293.01,15000.0,1.95,2026-06-29 19:53:58.123537+00:00
1269,John,Hayes,1969-03-21,57,2018-11-27,91,A,STUDENT,195,65514 Thompson Wells,Port Aaronside,NY,71563,4,3.0,Y,Y,Y,Y,116019.27,15000.0,37.9,2026-06-29 19:53:58.123537+00:00
1272,Vincent,Lee,1943-03-01,83,2018-09-10,93,I,WEALTH,226,335 Wilson Key Apt. 494,Lake Andrewview,GU,57069,1,0.0,N,Y,N,N,44088.84,0.0,0.0,2026-06-29 19:53:58.123537+00:00
1280,Luis,Alexander,1954-05-23,72,2015-08-14,130,A,DIGITAL,430,720 Kelsey Glens,Shelleymouth,CO,32803,3,3.0,Y,Y,Y,N,87605.27,2000.0,22.87,2026-06-29 19:53:58.123537+00:00
1286,Ronald,White,1948-08-03,78,2012-04-17,170,A,WEALTH,419,552 Mackenzie Islands Suite 942,New Matthew,VI,09819,1,1.0,N,Y,N,N,41929.22,0.0,0.0,2026-06-29 19:53:58.123537+00:00
1307,Rebecca,Fields,1996-03-25,30,2024-09-22,21,A,WEALTH,235,79833 Nichole Coves,South Natasha,KY,01216,1,1.0,N,N,Y,N,14400.02,15000.0,96.0,2026-06-29 19:53:58.123537+00:00
1316,Patrick,James,1967-11-28,59,2016-03-27,123,A,WEALTH,413,4151 William Falls,West Daniel,TN,93837,3,1.0,N,Y,Y,Y,52472.31,5000.0,24.81,2026-06-29 19:53:58.123537+00:00
1321,Dawn,Perry,2007-11-01,19,2012-10-02,164,A,SMALL_BIZ,177,93972 Andersen Stream Apt. 056,Robertmouth,RI,94449,3,3.0,N,Y,Y,Y,85028.64,2000.0,7.87,2026-06-29 19:53:58.123537+00:00
1324,Cassandra,Lane,1965-04-18,61,2014-04-06,146,A,SMALL_BIZ,60,56225 Holmes Road,South Alexandermouth,MP,85027,1,1.0,N,N,N,Y,7494.44,0.0,0.0,2026-06-29 19:53:58.123537+00:00
1341,Jose,Haynes,1971-06-02,55,2023-07-17,35,A,DIGITAL,467,6657 Robert Burgs Apt. 261,Port James,VI,76802,1,1.0,Y,N,N,N,79741.41,0.0,0.0,2026-06-29 19:53:58.123537+00:00
1347,Kevin,Reese,1952-09-20,74,2017-06-09,108,A,MASS,285,7498 Ward Station,Kimberlyton,GA,39836,2,2.0,Y,N,Y,N,71586.97,10000.0,38.22,2026-06-29 19:53:58.123537+00:00
1351,Samantha,Walsh,1987-03-30,39,2012-02-07,172,I,SMALL_BIZ,316,43357 Kim Extensions,West Tonyberg,GU,09526,3,3.0,Y,Y,Y,N,68820.77,25000.0,55.69,2026-06-29 19:53:58.123537+00:00
1354,Kaitlyn,Navarro,1967-09-12,59,2023-01-09,41,A,STUDENT,113,2684 Perez Canyon Apt. 690,West Anthony,VA,98369,3,3.0,Y,N,Y,Y,85146.15,2000.0,83.76,2026-06-29 19:53:58.123537+00:00
1361,Diana,Yoder,1998-11-14,28,2013-06-05,156,I,PREMIER,343,8694 Jones Harbors Apt. 657,West Dalefort,MH,72808,1,1.0,N,N,Y,N,4504.36,10000.0,45.04,2026-06-29 19:53:58.123537+00:00
1368,Gregory,Vasquez,2003-09-15,23,2020-08-05,70,I,MASS,264,89192 Gina Harbors,Benjaminberg,NE,84534,2,2.0,N,Y,N,Y,22721.55,0.0,0.0,2026-06-29 19:53:58.123537+00:00
1379,Christopher,Stevens,1977-04-23,49,2025-10-29,8,A,WEALTH,199,2148 Kim Burgs,Lake Brittany,MO,17672,3,2.0,N,Y,Y,Y,102544.64,15000.0,27.93,2026-06-29 19:53:58.123537+00:00
1381,Heather,Mosley,1967-03-25,59,2014-05-04,145,A,SMALL_BIZ,61,4138 Williams Island Suite 405,Tomstad,ID,24473,1,1.0,N,N,Y,N,17368.29,25000.0,69.47,2026-06-29 19:53:58.123537+00:00
1388,Morgan,Hernandez,1972-03-14,54,2021-08-09,58,A,WEALTH,81,9753 Kristen Stravenue Apt. 545,South Kerrybury,UT,84517,2,1.0,Y,N,Y,N,19737.82,15000.0,69.75,2026-06-29 19:53:58.123537+00:00
1393,Daniel,Crawford,1981-02-02,45,2023-09-10,33,A,PREMIER,22,73888 Sarah Club,East Christopher,KS,82492,1,1.0,Y,N,N,N,6194.72,0.0,0.0,2026-06-29 19:53:58.123537+00:00
1401,Adam,White,1942-07-16,84,2018-10-03,92,A,MASS,344,94469 Ricardo Extensions Suite 395,New Tamarahaven,CT,94162,2,2.0,N,Y,N,Y,102780.54,0.0,0.0,2026-06-29 19:53:58.123537+00:00
1408,Kathleen,Fernandez,1947-11-26,79,2016-11-21,115,A,MASS,491,2076 Armstrong Station,Edwardsmouth,CT,96185,2,1.0,N,N,Y,Y,33331.06,15000.0,26.94,2026-06-29 19:53:58.123537+00:00
1435,Michaela,Burgess,1961-11-30,65,2021-12-25,54,A,PREMIER,333,967 Combs Bypass Suite 717,West Christyland,SD,71267,3,3.0,Y,N,Y,Y,102963.95,2000.0,99.73,2026-06-29 19:53:58.123537+00:00
1438,Chad,Barry,1983-12-05,43,2024-04-29,26,A,STUDENT,90,07099 Roman Plains Suite 399,Edwardschester,OH,13426,1,0.0,N,Y,N,N,21419.72,0.0,0.0,2026-06-29 19:53:58.123537+00:00
1451,Lisa,Everett,1995-01-31,31,2025-08-05,10,A,DIGITAL,23,646 Arroyo Branch Apt. 687,Juliastad,DE,83051,3,3.0,Y,N,Y,Y,41785.85,5000.0,92.97,2026-06-29 19:53:58.123537+00:00
1456,Michael,Wallace,1977-10-07,49,2013-06-17,156,I,SMALL_BIZ,373,81063 Caitlin Lakes Suite 480,Pricefurt,KY,93042,4,4.0,Y,Y,Y,Y,172942.88,2000.0,84.27,2026-06-29 19:53:58.123537+00:00
1468,Amber,Martin,1964-07-12,62,2017-01-20,113,A,STUDENT,386,884 Brandy Flat Suite 263,Port Jeffreyport,OR,33955,3,3.0,Y,Y,N,Y,90185.85,0.0,0.0,2026-06-29 19:53:58.123537+00:00
1469,Richard,Porter,1961-09-11,65,2025-03-22,15,I,WEALTH,338,182 Raymond Crossroad Apt. 938,Frankburgh,RI,29105,2,2.0,Y,Y,N,N,56321.54,0.0,0.0,2026-06-29 19:53:58.123537+00:00
1470,Luke,Smith,1951-03-26,75,2018-04-28,98,A,PREMIER,460,9988 Christian Wall,North Nicholas,AZ,41676,1,1.0,Y,N,N,N,78458.48,0.0,0.0,2026-06-29 19:53:58.123537+00:00
1490,Patrick,Spencer,1950-08-31,76,2014-04-07,146,A,SMALL_BIZ,61,187 Garcia Oval,New Laurenside,CO,42271,4,4.0,Y,Y,Y,Y,152103.54,2000.0,91.1,2026-06-29 19:53:58.123537+00:00
1496,Julie,Perkins,2008-02-10,18,2012-06-26,168,A,STUDENT,223,936 Escobar Grove Apt. 151,Lake Dennisfurt,CA,01401,4,4.0,Y,Y,Y,Y,161867.39,2000.0,26.23,2026-06-29 19:53:58.123537+00:00
1503,Karen,Stephens,1953-10-08,73,2012-11-24,163,A,MASS,100,524 Cynthia Park Suite 155,South Martinchester,KS,40631,2,1.0,Y,Y,N,N,129677.17,0.0,0.0,2026-06-29 19:53:58.123537+00:00
1505,Cody,Carpenter,1987-06-01,39,2021-10-04,56,A,SMALL_BIZ,19,5451 Jennifer Vista,Williamsburgh,VT,18588,2,2.0,N,N,Y,Y,59689.37,5000.0,83.7,2026-06-29 19:53:58.123537+00:00
1525,Rachel,Medina,1954-04-29,72,2015-09-11,129,A,DIGITAL,148,60312 Kimberly Common Suite 423,West Martinview,AR,32593,2,2.0,N,Y,N,Y,86824.54,0.0,0.0,2026-06-29 19:53:58.123537+00:00
1541,Joshua,Clarke,1989-04-17,37,2020-03-03,75,A,STUDENT,17,459 Martinez Plain Apt. 680,New Kathleenburgh,AK,58022,1,1.0,N,Y,N,N,39951.31,0.0,0.0,2026-06-29 19:53:58.123537+00:00
1544,Tyler,Fuller,1948-09-23,78,2015-03-26,135,A,WEALTH,162,3604 John Dam Apt. 750,Zunigaton,UT,77887,3,3.0,Y,Y,Y,N,136656.98,2000.0,67.07,2026-06-29 19:53:58.123537+00:00
1558,Anthony,Williams,2007-01-01,19,2016-04-09,122,A,WEALTH,256,7490 Gonzales Oval Apt. 771,Matthewport,NC,75900,1,1.0,N,N,N,Y,20921.07,0.0,0.0,2026-06-29 19:53:58.123537+00:00
1593,Alejandra,Calderon,1990-09-13,36,2025-05-29,13,A,STUDENT,228,06977 Rogers Dam Apt. 863,Ruizfurt,VA,39236,1,1.0,N,N,N,Y,40284.81,0.0,0.0,2026-06-29 19:53:58.123537+00:00
1598,Bridget,Henry,1970-12-08,56,2015-04-14,134,A,STUDENT,117,37362 Angel Isle Suite 620,Jacksonchester,GU,79583,2,2.0,N,N,Y,Y,32615.13,10000.0,59.39,2026-06-29 19:53:58.123537+00:00
1600,Natasha,Giles,1987-03-27,39,2025-11-11,7,I,DIGITAL,156,4589 Smith Ranch,Lake Shawn,WY,22662,1,1.0,N,Y,N,N,39922.68,0.0,0.0,2026-06-29 19:53:58.123537+00:00
1622,Sandra,Holland,1956-07-13,70,2025-08-20,10,A,DIGITAL,8,4975 Haley Springs Suite 238,Annmouth,FL,46121,4,4.0,Y,Y,Y,Y,125294.95,25000.0,60.37,2026-06-29 19:53:58.123537+00:00
1644,Chloe,Juarez,1960-06-12,66,2024-07-28,23,A,PREMIER,128,1194 Emily Stravenue Apt. 639,Osbornland,ME,36110,3,3.0,Y,N,Y,Y,95814.04,25000.0,22.26,2026-06-29 19:53:58.123537+00:00
1649,Sara,Williams,1970-09-24,56,2026-05-03,1,A,MASS,286,02962 Lisa Street Suite 336,Brandonshire,NV,53996,3,2.0,Y,N,Y,Y,109143.52,2000.0,93.56,2026-06-29 19:53:58.123537+00:00
1654,Ashley,Butler,2006-08-03,20,2019-05-04,85,A,STUDENT,357,5933 Ramos Plains Apt. 588,Matthewshire,AZ,88666,4,3.0,Y,Y,Y,Y,78158.11,2000.0,84.26,2026-06-29 19:53:58.123537+00:00
1655,Erica,Clay,1946-08-22,80,2022-12-14,42,A,STUDENT,96,56638 Rebecca Expressway,South Alan,MO,89445,1,1.0,N,N,N,Y,47375.38,0.0,0.0,2026-06-29 19:53:58.123537+00:00
1656,Erin,Long,1943-03-26,83,2021-08-27,58,I,MASS,375,7730 Levine Prairie Suite 077,Lake Donaldchester,ND,12203,1,1.0,N,N,Y,N,7471.51,10000.0,74.72,2026-06-29 19:53:58.123537+00:00
1662,Marcus,Brown,1944-10-02,82,2021-02-03,64,A,STUDENT,439,2247 Amanda Field Apt. 437,North Rachelmouth,SD,69059,3,3.0,Y,Y,N,Y,111503.63,0.0,0.0,2026-06-29 19:53:58.123537+00:00
1667,Kyle,Cohen,1970-06-17,56,2023-07-09,35,A,PREMIER,50,47209 Burns Gardens,Hughesstad,CA,82250,2,2.0,Y,N,N,Y,112572.84,0.0,0.0,2026-06-29 19:53:58.123537+00:00
1687,Michael,Nunez,1982-12-06,44,2026-01-07,5,I,STUDENT,173,442 Daniel Plains,Jillborough,DC,12736,4,4.0,Y,Y,Y,Y,124886.16,15000.0,85.96,2026-06-29 19:53:58.123537+00:00
1697,Angela,Roberts,1990-11-16,36,2020-05-18,73,A,DIGITAL,456,007 Daniel Meadow Suite 802,East Stacey,TX,99353,1,1.0,N,N,Y,N,3872.15,5000.0,77.44,2026-06-29 19:53:58.123537+00:00
1700,Leslie,Brown,1976-11-20,50,2017-10-14,104,A,STUDENT,262,6765 Cohen Point Suite 378,Colonhaven,MI,44291,3,3.0,Y,Y,Y,N,34503.81,2000.0,26.16,2026-06-29 19:53:58.123537+00:00
1707,Lauren,Richard,1990-09-16,36,2023-05-14,37,A,WEALTH,423,117 Barry Estates,Leonfurt,AL,81928,3,2.0,Y,Y,N,Y,146535.21,0.0,0.0,2026-06-29 19:53:58.123537+00:00
1720,Rhonda,Moore,1983-09-11,43,2024-06-25,24,A,PREMIER,114,3150 Karen Square,West Ellen,ME,90613,3,3.0,N,Y,Y,Y,132026.24,25000.0,59.0,2026-06-29 19:53:58.123537+00:00
1729,Alejandro,Drake,1943-06-27,83,2013-08-30,154,A,WEALTH,166,5878 Mario Mountain,North Traci,AK,23991,3,3.0,Y,Y,Y,N,109360.9,25000.0,56.2,2026-06-29 19:53:58.123537+00:00
1735,Alan,Ramirez,1991-04-02,35,2025-01-20,17,A,DIGITAL,103,743 Sharon Station,Port Annafurt,MI,36861,2,2.0,Y,N,Y,N,79379.8,10000.0,12.8,2026-06-29 19:53:58.123537+00:00
1756,Tracy,Mcpherson,1970-12-23,56,2025-05-19,13,A,PREMIER,127,3627 Meyer Stream Apt. 873,South Jennymouth,DC,78157,2,2.0,Y,N,Y,N,78820.72,25000.0,98.33,2026-06-29 19:53:58.123537+00:00
1767,Jennifer,Obrien,1993-11-03,33,2018-07-31,95,A,WEALTH,278,936 Villa Ridges,Stricklandside,AL,22623,4,4.0,Y,Y,Y,Y,71106.38,5000.0,26.63,2026-06-29 19:53:58.123537+00:00
1771,Pamela,Fitzgerald,1977-09-26,49,2025-10-13,8,A,DIGITAL,221,64201 Jill Causeway,Port Gloria,SD,79703,4,4.0,Y,Y,Y,Y,156541.03,2000.0,88.67,2026-06-29 19:53:58.123537+00:00
1787,Paul,Wilson,1974-07-09,52,2022-09-18,45,A,WEALTH,392,792 Miller Keys Suite 137,East Jacquelineshire,NV,79072,4,4.0,Y,Y,Y,Y,66538.64,5000.0,42.1,2026-06-29 19:53:58.123537+00:00
1796,Carla,Franco,2004-01-13,22,2018-09-07,93,A,PREMIER,450,91236 Fitzgerald Mews,Jonathanview,OR,26212,1,1.0,N,N,N,Y,46493.06,0.0,0.0,2026-06-29 19:53:58.123537+00:00
1833,Christine,Duran,2004-09-15,22,2023-01-24,41,A,SMALL_BIZ,146,4580 Austin Street,Gravesmouth,MI,13746,1,0.0,N,N,N,Y,20939.28,0.0,0.0,2026-06-29 19:53:58.123537+00:00
1851,Kristen,Peterson,1954-12-01,72,2025-01-16,17,A,SMALL_BIZ,435,834 Michelle Rapid Apt. 607,Houstonland,MH,70378,2,2.0,N,N,Y,Y,34626.23,5000.0,21.95,2026-06-29 19:53:58.123537+00:00
1858,Michael,Jones,1953-11-01,73,2026-04-04,2,A,MASS,203,76960 Tara Ways,West Travis,MP,69363,1,1.0,Y,N,N,N,1585.73,0.0,0.0,2026-06-29 19:53:58.123537+00:00
1862,Gregory,Smith,1964-04-04,62,2019-10-06,80,A,SMALL_BIZ,236,2875 Ramos Square,Lake Danielton,DE,61462,4,4.0,Y,Y,Y,Y,119395.23,5000.0,51.6,2026-06-29 19:53:58.123537+00:00
1868,Nicholas,Brooks,1994-09-30,32,2014-05-08,145,A,PREMIER,174,7233 Richards Landing,Lake Shellymouth,IL,67741,1,1.0,N,N,N,Y,38430.03,0.0,0.0,2026-06-29 19:53:58.123537+00:00
1869,John,Williams,1981-08-29,45,2026-01-24,5,A,DIGITAL,293,87151 Lisa Branch,South Jacobton,OR,55312,2,2.0,Y,Y,N,N,91045.94,0.0,0.0,2026-06-29 19:53:58.123537+00:00
1883,Patrick,White,1995-05-24,31,2016-03-21,123,A,PREMIER,160,983 Joseph Centers Suite 321,North Monica,MN,90482,1,1.0,N,N,Y,N,11397.22,15000.0,75.98,2026-06-29 19:53:58.123537+00:00
1896,Heidi,Clark,1954-01-28,72,2022-12-24,42,A,MASS,314,7016 Colton Corners Suite 942,Heathermouth,WV,18485,4,4.0,Y,Y,Y,Y,48494.75,15000.0,78.42,2026-06-29 19:53:58.123537+00:00
1916,Natasha,Stevens,1976-09-21,50,2025-01-26,17,A,STUDENT,212,74600 Karen Corners Suite 663,Lake Lauratown,VA,67308,3,3.0,Y,Y,Y,N,99524.92,5000.0,44.86,2026-06-29 19:53:58.123537+00:00
1919,Gregory,Wright,1982-07-25,44,2023-07-29,35,A,WEALTH,291,62595 Susan Lake,Shawnfort,DC,70506,1,1.0,Y,N,N,N,77168.32,0.0,0.0,2026-06-29 19:53:58.123537+00:00
1922,Joshua,Fuller,1957-07-20,69,2024-06-23,24,A,PREMIER,304,1052 Thompson Springs Suite 543,Kevinfort,OH,90152,2,2.0,N,N,Y,Y,40856.55,10000.0,21.7,2026-06-29 19:53:58.123537+00:00
1936,Lisa,Davidson,1988-03-03,38,2023-12-21,30,A,PREMIER,361,151 Randall Shore,Andersontown,MT,70807,3,3.0,Y,N,Y,Y,69554.65,15000.0,95.54,2026-06-29 19:53:58.123537+00:00
1952,Nicole,Stewart,1963-09-27,63,2020-12-20,66,A,STUDENT,4,05267 April Trail Apt. 761,North Cynthia,OH,62800,4,4.0,Y,Y,Y,Y,74285.26,10000.0,6.71,2026-06-29 19:53:58.123537+00:00
1961,Keith,Johnson,2006-12-27,20,2021-02-27,64,A,SMALL_BIZ,325,181 Anderson Point Apt. 613,Thomasbury,SC,38769,4,3.0,Y,Y,Y,Y,89430.11,25000.0,46.74,2026-06-29 19:53:58.123537+00:00
1963,John,Mcdaniel,2002-03-27,24,2021-05-30,61,I,PREMIER,241,0779 Cohen Estate Suite 743,East Margaret,RI,84739,1,1.0,N,Y,N,N,6661.44,0.0,0.0,2026-06-29 19:53:58.123537+00:00
1969,Gregory,Wright,1989-11-04,37,2015-02-22,136,A,STUDENT,27,0695 Banks Stravenue Apt. 524,South Heather,TN,08215,3,3.0,N,Y,Y,Y,9860.09,5000.0,32.7,2026-06-29 19:53:58.123537+00:00
1977,Taylor,Moore,1946-04-24,80,2013-07-12,155,A,MASS,401,51377 Thomas Skyway Apt. 555,Port Williamhaven,IL,14597,2,2.0,N,Y,Y,N,31559.94,5000.0,73.18,2026-06-29 19:53:58.123537+00:00
1987,Erin,King,1959-01-01,67,2018-04-14,98,A,WEALTH,135,926 Warren Fork,Lake Nathaniel,DC,77783,1,1.0,N,Y,N,N,70718.53,0.0,0.0,2026-06-29 19:53:58.123537+00:00
1998,Jane,Gonzalez,1952-12-03,74,2017-01-29,113,A,MASS,281,128 Kevin Orchard,West Johnport,AZ,14568,3,3.0,Y,Y,Y,N,57801.08,5000.0,34.21,2026-06-29 19:53:58.123537+00:00
2002,Gabriel,Carter,1983-04-30,43,2024-06-11,24,A,MASS,99,069 Ann Trail Apt. 417,Angelaborough,AZ,31589,1,0.0,N,N,N,Y,19443.91,0.0,0.0,2026-06-29 19:53:58.123537+00:00
2004,Craig,Brown,1973-07-05,53,2021-07-12,59,A,STUDENT,327,094 Conley Ports,Kellyville,IA,04507,4,4.0,Y,Y,Y,Y,98428.56,5000.0,70.53,2026-06-29 19:53:58.123537+00:00
2010,Michael,Rivera,1966-11-05,60,2012-05-05,169,A,SMALL_BIZ,463,12584 Saunders Freeway,Burnetthaven,VI,37877,3,3.0,N,Y,Y,Y,123675.33,10000.0,39.92,2026-06-29 19:53:58.123537+00:00
2017,Catherine,Ross,1963-04-20,63,2018-02-13,100,A,DIGITAL,277,040 Anderson Port Suite 341,East Margarettown,CT,87405,3,2.0,Y,Y,Y,N,117929.15,2000.0,22.96,2026-06-29 19:53:58.123537+00:00
2029,Heather,Wiggins,1990-02-03,36,2012-11-02,163,A,PREMIER,291,18307 Salazar Brooks Apt. 456,Lake Maryport,PW,30786,2,2.0,N,N,Y,Y,26933.95,25000.0,64.15,2026-06-29 19:53:58.123537+00:00
2036,Amanda,Boone,1941-08-09,85,2012-05-31,169,A,SMALL_BIZ,200,851 Shaw Ports,Nancyport,MP,67957,1,1.0,N,N,N,Y,41460.4,0.0,0.0,2026-06-29 19:53:58.123537+00:00
2040,Vincent,Bryant,2004-08-30,22,2023-12-24,30,A,WEALTH,200,308 Kelly Forges Apt. 002,Chelseaport,NV,49266,4,4.0,Y,Y,Y,Y,147847.05,10000.0,93.38,2026-06-29 19:53:58.123537+00:00
2053,Stephen,Martin,1998-06-05,28,2022-01-28,53,A,PREMIER,59,22044 Smith Burg Apt. 453,Keithfurt,GU,24748,2,2.0,Y,Y,N,N,100558.92,0.0,0.0,2026-06-29 19:53:58.123537+00:00
2062,Heather,Pope,1985-03-24,41,2017-02-02,112,A,DIGITAL,52,298 Myers Path Suite 857,Estesstad,AK,86775,3,3.0,N,Y,Y,Y,73971.83,25000.0,53.15,2026-06-29 19:53:58.123537+00:00
2067,Herbert,Washington,1991-06-06,35,2023-05-05,37,A,SMALL_BIZ,65,8860 Harper Lock,East Dawnmouth,AZ,82000,2,1.0,Y,N,N,Y,82665.18,0.0,0.0,2026-06-29 19:53:58.123537+00:00
2070,Angela,Herrera,1995-12-14,31,2011-10-14,176,A,STUDENT,93,61646 Long Road,East Ryan,IN,87885,4,4.0,Y,Y,Y,Y,144011.63,5000.0,75.0,2026-06-29 19:53:58.123537+00:00
2091,Amy,Jones,1949-11-03,77,2013-02-17,160,A,WEALTH,75,242 Anderson Passage Apt. 150,Martinezside,OK,17121,2,2.0,N,Y,N,Y,84562.34,0.0,0.0,2026-06-29 19:53:58.123537+00:00
2121,Jeff,Torres,1990-12-09,36,2019-12-23,78,A,STUDENT,17,823 Lee Mountains,North Charles,IL,83336,2,2.0,N,N,Y,Y,15783.29,2000.0,34.16,2026-06-29 19:53:58.123537+00:00
2128,Kevin,Patterson,1956-08-21,70,2017-05-22,109,A,MASS,90,34841 Mckinney Coves Apt. 225,Barajasmouth,NV,79139,2,1.0,N,N,Y,Y,41705.77,10000.0,22.62,2026-06-29 19:53:58.123537+00:00
2133,Timothy,Ortega,1952-03-26,74,2014-06-17,144,A,MASS,460,4288 Dickson Views,North Stephanie,WV,56687,2,2.0,N,Y,Y,N,11907.24,2000.0,11.59,2026-06-29 19:53:58.123537+00:00
2137,Andrew,Moore,1948-11-04,78,2013-02-05,160,A,WEALTH,364,62898 Nicholas Crescent Suite 654,Heatherchester,AL,30123,2,1.0,N,Y,N,Y,81174.71,0.0,0.0,2026-06-29 19:53:58.123537+00:00
2157,David,Newton,1967-03-23,59,2024-09-22,21,A,STUDENT,474,38174 Torres Plain Suite 627,Scottmouth,TN,61308,2,2.0,Y,N,Y,N,33778.14,2000.0,13.66,2026-06-29 19:53:58.123537+00:00
2180,Tammy,Thompson,1996-09-10,30,2014-10-05,140,A,MASS,309,996 Joshua Garden,North Deborah,DE,12360,4,4.0,Y,Y,Y,Y,195049.22,15000.0,11.01,2026-06-29 19:53:58.123537+00:00
2184,Joseph,Perkins,1996-03-21,30,2014-10-13,140,A,MASS,177,995 Miller Tunnel Suite 032,South Edward,NH,44089,3,3.0,Y,Y,Y,N,79078.05,25000.0,61.29,2026-06-29 19:53:58.123537+00:00
2193,Deanna,Williams,1996-11-13,30,2022-11-18,43,A,WEALTH,90,68950 Bell Mills Apt. 132,Christopherstad,DC,74459,1,1.0,N,N,N,Y,10304.15,0.0,0.0,2026-06-29 19:53:58.123537+00:00
2206,Gregory,Moreno,2001-06-29,25,2020-07-04,71,I,SMALL_BIZ,419,05847 Richard Harbors Suite 151,South Lauren,AS,91466,1,1.0,N,Y,N,N,44814.0,0.0,0.0,2026-06-29 19:53:58.123537+00:00
2207,Edward,Contreras,1981-08-31,45,2021-08-17,58,A,STUDENT,376,36012 Wong Pine Apt. 709,South Ronaldburgh,PW,90147,2,1.0,N,N,Y,Y,31734.14,5000.0,15.66,2026-06-29 19:53:58.123537+00:00
2212,Timothy,Jones,1989-10-26,37,2023-03-18,39,A,PREMIER,149,87489 Amber Ferry,Port Dan,ID,10886,2,1.0,N,Y,Y,N,79059.27,2000.0,75.87,2026-06-29 19:53:58.123537+00:00
2246,Sherry,Smith,1944-07-20,82,2016-03-08,123,A,STUDENT,292,2187 Nicholas Flat Suite 578,Williamshire,OK,92807,3,3.0,N,Y,Y,Y,55383.82,15000.0,12.61,2026-06-29 19:53:58.123537+00:00
2247,Raymond,Lee,1965-05-21,61,2015-09-14,129,A,STUDENT,391,35312 Erin Green Suite 929,Baxterbury,NV,07024,2,1.0,N,N,Y,Y,9365.4,10000.0,71.0,2026-06-29 19:53:58.123537+00:00
2255,Matthew,Floyd,1985-02-18,41,2025-05-14,13,I,STUDENT,117,5701 Martin Pass Suite 398,Greenmouth,UT,65747,3,0.0,Y,Y,Y,N,117455.21,10000.0,9.26,2026-06-29 19:53:58.123537+00:00
2262,Christopher,White,1960-04-04,66,2016-11-28,115,A,STUDENT,209,29270 Ortega Trail Apt. 661,Port Holly,DE,18443,2,2.0,Y,N,N,Y,99148.7,0.0,0.0,2026-06-29 19:53:58.123537+00:00
2264,Donald,Martinez,2000-03-23,26,2021-03-11,63,A,SMALL_BIZ,189,3321 Charles Trace Suite 701,South Mistybury,MH,75027,1,1.0,N,N,N,Y,45490.49,0.0,0.0,2026-06-29 19:53:58.123537+00:00
2270,Melissa,Roberts,1996-07-06,30,2011-08-11,178,A,DIGITAL,305,2446 Jody Trace,Julieland,NE,94043,3,3.0,N,Y,Y,Y,63927.93,10000.0,56.6,2026-06-29 19:53:58.123537+00:00
2271,Charles,Price,1952-02-03,74,2017-06-12,108,A,DIGITAL,430,211 Kenneth Landing,South Danielside,NV,76375,2,2.0,Y,Y,N,N,131167.39,0.0,0.0,2026-06-29 19:53:58.123537+00:00
2273,Christopher,Dennis,2001-10-18,25,2018-06-04,96,A,SMALL_BIZ,483,99179 Erin Stravenue,Lake Katherine,TX,77187,3,2.0,Y,N,Y,Y,139962.56,25000.0,63.17,2026-06-29 19:53:58.123537+00:00
2289,Julia,Doyle,2007-07-30,19,2025-07-01,11,A,WEALTH,19,061 Martin Key,Catherinechester,VI,76462,2,1.0,N,N,Y,Y,22405.74,25000.0,44.7,2026-06-29 19:53:58.123537+00:00
2299,Alexandra,Hubbard,1965-02-01,61,2019-08-01,82,A,STUDENT,24,56625 Grant Ferry,Port Sierrafurt,NC,38088,3,2.0,Y,Y,N,Y,130034.31,0.0,0.0,2026-06-29 19:53:58.123537+00:00
2308,David,Ponce,1954-08-05,72,2018-06-30,96,A,WEALTH,337,390 Kerry Mountain Apt. 008,New Christianstad,NH,30370,4,4.0,Y,Y,Y,Y,145323.04,25000.0,59.63,2026-06-29 19:53:58.123537+00:00
2325,Rachael,Phillips,1965-06-26,61,2015-01-25,137,I,MASS,103,76198 Glenn Ways Apt. 743,Christianhaven,VI,35263,3,3.0,Y,Y,N,Y,70475.21,0.0,0.0,2026-06-29 19:53:58.123537+00:00
2331,Travis,Johnson,1997-08-28,29,2017-04-27,110,A,MASS,480,17720 Campbell Hills,Andersonberg,NJ,57522,3,3.0,Y,Y,Y,N,94630.72,25000.0,1.05,2026-06-29 19:53:58.123537+00:00
2334,Guy,Bradley,1953-07-16,73,2011-08-23,178,A,STUDENT,103,61969 Figueroa Cliffs Suite 877,Josephville,CO,68100,4,4.0,Y,Y,Y,Y,68611.22,10000.0,20.67,2026-06-29 19:53:58.123537+00:00
2341,Andrea,Phillips,2005-05-10,21,2016-09-09,117,A,PREMIER,126,5592 Lee Hills,Smithside,VA,87177,4,4.0,Y,Y,Y,Y,106956.36,25000.0,75.6,2026-06-29 19:53:58.123537+00:00
2366,Cheryl,Long,1978-10-09,48,2016-02-29,124,A,MASS,283,47567 Samantha Mountains,Johnsonland,KS,63657,1,1.0,Y,N,N,N,63334.16,0.0,0.0,2026-06-29 19:53:58.123537+00:00
2376,Tammy,Gutierrez,1991-12-11,35,2024-09-25,21,A,SMALL_BIZ,134,80061 Mason Springs,Gonzalezville,PA,24134,4,3.0,Y,Y,Y,Y,60379.03,15000.0,10.95,2026-06-29 19:53:58.123537+00:00
2382,Lori,Lopez,1942-05-16,84,2014-09-18,141,I,MASS,295,2277 Salas Walks,South Ronaldchester,PW,06608,4,4.0,Y,Y,Y,Y,31696.8,2000.0,26.51,2026-06-29 19:53:58.123537+00:00
2383,Brittany,Rose,1948-06-30,78,2014-08-08,142,I,DIGITAL,128,84887 Jones Way Apt. 594,South Sarah,WV,55305,4,4.0,Y,Y,Y,Y,113345.04,10000.0,68.22,2026-06-29 19:53:58.123537+00:00
2387,Joshua,Martin,1993-10-01,33,2014-04-18,146,A,MASS,102,77476 Anthony Tunnel Suite 105,South Andrea,ME,79215,1,1.0,N,Y,N,N,34544.11,0.0,0.0,2026-06-29 19:53:58.123537+00:00
2391,Christopher,Reynolds,1959-04-14,67,2025-04-26,14,A,PREMIER,499,43294 Dana Drives Suite 064,Jamieside,ME,47702,3,3.0,N,Y,Y,Y,37201.63,10000.0,64.72,2026-06-29 19:53:58.123537+00:00
2393,Deborah,Dennis,1959-10-03,67,2012-12-12,162,A,WEALTH,317,21548 Weaver Rest Suite 087,Kimberlyfurt,NM,35008,2,2.0,N,Y,N,Y,39605.73,0.0,0.0,2026-06-29 19:53:58.123537+00:00
2396,Jeffrey,Brown,1984-10-17,42,2025-10-18,8,A,WEALTH,396,3558 Rice Row Suite 767,South Lisabury,ME,35476,4,4.0,Y,Y,Y,Y,96102.61,15000.0,53.74,2026-06-29 19:53:58.123537+00:00
2399,Natasha,Adams,1948-04-12,78,2022-06-10,48,A,SMALL_BIZ,254,11595 Charles Plaza Suite 719,Floresland,MO,35462,2,2.0,Y,Y,N,N,59583.62,0.0,0.0,2026-06-29 19:53:58.123537+00:00
2402,Kevin,Knox,1988-06-03,38,2018-08-08,94,A,WEALTH,93,739 Walsh Tunnel Suite 517,New Deanna,VI,91876,1,1.0,N,Y,N,N,19587.23,0.0,0.0,2026-06-29 19:53:58.123537+00:00
2405,Joseph,Jones,1963-11-15,63,2014-02-20,148,A,STUDENT,351,61669 Morgan Inlet Apt. 074,East Brandyville,UT,39183,1,1.0,N,N,Y,N,20086.69,25000.0,80.35,2026-06-29 19:53:58.123537+00:00
2431,James,Richards,1959-08-17,67,2026-05-07,1,A,WEALTH,253,77157 Tyler Cape Apt. 872,Andersonville,NH,66593,1,1.0,N,Y,N,N,23235.65,0.0,0.0,2026-06-29 19:53:58.123537+00:00
2443,David,Daniels,1957-09-30,69,2019-02-18,88,A,MASS,497,1856 Norman Stravenue,Wilsonside,VI,84025,3,3.0,Y,Y,Y,N,72468.77,2000.0,70.96,2026-06-29 19:53:58.123537+00:00
2456,Meagan,Payne,2007-05-01,19,2023-09-23,33,A,STUDENT,103,2519 Thompson Center,North Robert,PA,48322,4,3.0,Y,Y,Y,Y,110207.63,5000.0,56.47,2026-06-29 19:53:58.123537+00:00
2463,Alex,Turner,1972-02-12,54,2019-11-28,79,A,PREMIER,149,46281 Morrison Forest Suite 883,North Ellenville,VA,96410,4,4.0,Y,Y,Y,Y,87470.49,5000.0,1.19,2026-06-29 19:53:58.123537+00:00
2476,Tina,Stokes,1973-05-30,53,2022-10-29,44,I,SMALL_BIZ,231,250 Taylor Stream,West Michaelshire,FM,75196,2,2.0,Y,N,N,Y,62085.75,0.0,0.0,2026-06-29 19:53:58.123537+00:00
2505,Kevin,Horn,1985-01-23,41,2017-12-05,102,A,DIGITAL,148,8466 Cynthia Mills Suite 162,North Isaac,KY,67418,4,4.0,Y,Y,Y,Y,113556.78,15000.0,94.94,2026-06-29 19:53:58.123537+00:00
2527,Christopher,Ramirez,1967-03-26,59,2023-10-31,32,A,STUDENT,22,646 Daniel Turnpike Suite 442,Port Jennifer,AL,10902,4,4.0,Y,Y,Y,Y,85085.04,5000.0,94.69,2026-06-29 19:53:58.123537+00:00
2538,Alexis,Marsh,2003-06-11,23,2013-06-16,156,A,MASS,323,6189 Julie Freeway Suite 931,Sawyerstad,MD,91912,2,2.0,N,Y,N,Y,89675.09,0.0,0.0,2026-06-29 19:53:58.123537+00:00
2560,Maurice,Lewis,1975-07-16,51,2020-03-01,75,A,PREMIER,262,26245 Anderson Hill Apt. 167,North Ana,VA,73198,1,1.0,N,N,Y,N,526.53,25000.0,2.11,2026-06-29 19:53:58.123537+00:00
2572,Rickey,Richards,1977-07-05,49,2023-01-27,41,I,SMALL_BIZ,194,19914 Corey Well,Lake Ashleyton,NJ,14636,4,4.0,Y,Y,Y,Y,68160.64,15000.0,91.16,2026-06-29 19:53:58.123537+00:00
2576,Jose,Spencer,1942-07-13,84,2013-04-17,158,A,PREMIER,32,440 Clark Squares,South Peggystad,MI,36310,1,1.0,N,N,N,Y,43377.92,0.0,0.0,2026-06-29 19:53:58.123537+00:00
2583,Shannon,Davenport,1971-07-26,55,2017-08-03,106,A,WEALTH,365,98446 Hogan Hollow,South Michael,ID,37196,4,4.0,Y,Y,Y,Y,94756.05,2000.0,63.55,2026-06-29 19:53:58.123537+00:00
2599,Ashley,Dennis,1955-02-07,71,2025-07-16,11,A,SMALL_BIZ,427,002 Trevor Field Apt. 040,Trevorport,WA,12076,4,4.0,Y,Y,Y,Y,134517.25,25000.0,52.52,2026-06-29 19:53:58.123537+00:00
2613,Gregory,Barnes,1978-11-10,48,2014-08-08,142,A,DIGITAL,126,0762 Schmidt Groves Suite 998,Port Michaelmouth,CT,83973,3,3.0,N,Y,Y,Y,135072.69,2000.0,18.28,2026-06-29 19:53:58.123537+00:00
2634,Shelby,Johnson,1955-12-09,71,2022-06-06,48,A,DIGITAL,391,847 Johnson Point Apt. 768,East Andrewland,MH,01056,4,4.0,Y,Y,Y,Y,138472.07,15000.0,33.84,2026-06-29 19:53:58.123537+00:00
2641,Jill,Sparks,1982-01-06,44,2013-10-03,152,A,SMALL_BIZ,498,028 Patterson Trace Apt. 053,Petersenside,RI,41125,1,1.0,N,N,Y,N,14146.37,15000.0,94.31,2026-06-29 19:53:58.123537+00:00
2643,Joshua,Harris,1975-10-26,51,2011-11-03,175,A,STUDENT,129,1212 Elizabeth Avenue Apt. 192,Port Matthew,IA,64111,4,4.0,Y,Y,Y,Y,102010.78,25000.0,56.99,2026-06-29 19:53:58.123537+00:00
2645,Ann,Webb,1947-09-23,79,2025-11-30,7,A,STUDENT,431,031 Mark Flats Suite 180,North Nancy,VI,32973,3,3.0,Y,Y,Y,N,99509.24,10000.0,76.7,2026-06-29 19:53:58.123537+00:00
2649,Anna,Day,1957-01-16,69,2017-01-03,113,A,SMALL_BIZ,285,07218 Katherine Spurs,Johnmouth,PR,30334,3,3.0,Y,Y,Y,N,24269.14,2000.0,15.6,2026-06-29 19:53:58.123537+00:00
2660,Samuel,Stanton,1991-08-13,35,2013-12-20,150,A,STUDENT,16,4204 Lee Shores,North Erica,VT,24949,2,2.0,N,Y,Y,N,75431.06,10000.0,89.67,2026-06-29 19:53:58.123537+00:00
2669,Edward,Jones,1942-02-24,84,2017-09-13,105,A,MASS,19,932 Brian Point Suite 565,Pricetown,DE,65668,3,3.0,Y,Y,Y,N,153207.82,15000.0,72.82,2026-06-29 19:53:58.123537+00:00
2672,Angie,Perez,1951-12-22,75,2016-09-19,117,A,PREMIER,446,2118 Ballard Drive Suite 359,Harveyton,ID,49636,3,2.0,N,Y,Y,Y,128644.41,5000.0,72.51,2026-06-29 19:53:58.123537+00:00
2681,Dwayne,Martin,1947-08-12,79,2023-06-23,36,A,MASS,222,866 Aguirre Stream Suite 170,South Tiffany,NH,46307,4,3.0,Y,Y,Y,Y,144063.51,2000.0,87.27,2026-06-29 19:53:58.123537+00:00
2683,Elizabeth,Murphy,1975-10-10,51,2018-01-18,101,A,WEALTH,186,24629 Alvarado Station,Graytown,MN,09977,4,3.0,Y,Y,Y,Y,170739.82,2000.0,64.07,2026-06-29 19:53:58.123537+00:00
2701,Robert,Singleton,1999-11-04,27,2013-06-15,156,A,MASS,313,6450 Autumn Mount Apt. 893,North Carolyn,NV,86128,3,1.0,N,Y,Y,Y,22239.43,2000.0,49.08,2026-06-29 19:53:58.123537+00:00
2707,Mandy,Mason,1986-05-10,40,2012-06-16,168,A,STUDENT,318,5094 Douglas Club,Woodsview,MA,54089,4,3.0,Y,Y,Y,Y,100551.69,25000.0,73.86,2026-06-29 19:53:58.123537+00:00
2728,Arthur,Haynes,1966-10-23,60,2020-04-08,74,A,WEALTH,449,97691 Susan Gardens,New Kaylabury,IN,50511,3,3.0,Y,Y,N,Y,148135.48,0.0,0.0,2026-06-29 19:53:58.123537+00:00
2735,Rachel,Hunter,2000-04-11,26,2022-11-16,43,I,STUDENT,59,888 Powell Courts,South Thomas,MT,88613,4,3.0,Y,Y,Y,Y,118532.76,5000.0,79.54,2026-06-29 19:53:58.123537+00:00
2742,Christopher,Young,2000-08-24,26,2015-12-26,126,A,PREMIER,426,07057 Tyler Gateway,New Katherine,PW,66355,4,4.0,Y,Y,Y,Y,157511.66,2000.0,82.84,2026-06-29 19:53:58.123537+00:00
2746,Jasmin,Hines,1986-04-11,40,2023-11-23,31,A,STUDENT,410,9320 Amy Hollow Apt. 889,Natalieshire,MD,72239,3,3.0,Y,Y,N,Y,55251.11,0.0,0.0,2026-06-29 19:53:58.123537+00:00
2757,Gina,Garcia,1972-08-22,54,2012-09-21,165,A,STUDENT,199,83174 Laurie Green Suite 899,South Juliaside,UT,72788,1,1.0,N,N,N,Y,29850.19,0.0,0.0,2026-06-29 19:53:58.123537+00:00
2760,Kelsey,Turner,2005-10-21,21,2017-06-25,108,A,STUDENT,356,3732 Lindsey Falls,North Aaronview,NM,55537,3,3.0,N,Y,Y,Y,118965.1,2000.0,84.97,2026-06-29 19:53:58.123537+00:00
2764,Emily,Hernandez,1977-02-11,49,2017-03-18,111,A,DIGITAL,203,489 Kevin Port,Stephaniechester,MS,51618,1,1.0,N,N,Y,N,6082.5,15000.0,40.55,2026-06-29 19:53:58.123537+00:00
2771,Benjamin,Rodgers,1981-05-29,45,2016-10-26,116,A,WEALTH,222,865 Taylor Forges,Cartertown,ID,03606,2,2.0,Y,N,N,Y,41489.33,0.0,0.0,2026-06-29 19:53:58.123537+00:00
2780,Darren,Lee,1997-07-23,29,2017-12-15,102,A,MASS,155,196 Schultz Gardens,Martinezberg,AS,82864,3,3.0,Y,N,Y,Y,25859.0,5000.0,27.72,2026-06-29 19:53:58.123537+00:00
2785,Richard,Smith,1986-12-06,40,2015-07-23,131,I,STUDENT,388,4380 Lisa Curve,East Robert,UT,58744,2,2.0,N,Y,N,Y,69070.82,0.0,0.0,2026-06-29 19:53:58.123537+00:00
2801,Jessica,Morales,1952-02-25,74,2023-02-02,40,A,WEALTH,105,121 Haley Causeway,Stuartland,AS,47713,4,4.0,Y,Y,Y,Y,86946.31,5000.0,61.78,2026-06-29 19:53:58.123537+00:00
2813,Destiny,Arnold,1991-04-09,35,2024-09-02,21,A,STUDENT,215,7590 Thompson Overpass,New Stephaniehaven,MS,59432,1,1.0,N,Y,N,N,33232.41,0.0,0.0,2026-06-29 19:53:58.123537+00:00
2814,Evan,Wood,1999-05-05,27,2024-03-05,27,A,WEALTH,490,43165 Stewart Track Suite 754,Sheliaville,SC,97790,4,4.0,Y,Y,Y,Y,120665.63,15000.0,12.09,2026-06-29 19:53:58.123537+00:00
2815,Sharon,Morse,2000-02-03,26,2014-02-07,148,A,DIGITAL,159,9304 Elizabeth Streets Suite 871,East Thomastown,KY,80798,3,3.0,Y,N,Y,Y,94111.48,5000.0,8.48,2026-06-29 19:53:58.123537+00:00
2826,Debra,Patterson,1989-07-03,37,2019-02-14,88,I,WEALTH,197,40051 Jill Green,Stuartborough,MA,03146,2,2.0,N,N,Y,Y,29906.59,10000.0,46.01,2026-06-29 19:53:58.123537+00:00
2843,Alexis,Arroyo,1953-03-29,73,2024-11-15,19,I,DIGITAL,242,1666 Aaron Club Suite 211,Martinport,VA,98775,4,4.0,Y,Y,Y,Y,98332.68,25000.0,94.34,2026-06-29 19:53:58.123537+00:00
2851,Jonathan,Stevenson,1979-06-17,47,2015-03-11,135,A,SMALL_BIZ,416,1808 Tasha Harbor,Frankside,PR,95625,3,3.0,Y,Y,Y,N,142917.62,5000.0,94.56,2026-06-29 19:53:58.123537+00:00
2852,John,Norris,1987-09-13,39,2021-03-14,63,A,WEALTH,354,2358 Jenny Avenue,North David,KS,27566,3,3.0,N,Y,Y,Y,107075.42,10000.0,93.94,2026-06-29 19:53:58.123537+00:00
2864,John,Hill,1961-07-26,65,2024-06-05,24,A,MASS,89,1682 Jerry Plaza,Codyfurt,NE,26446,2,1.0,Y,N,N,Y,91665.36,0.0,0.0,2026-06-29 19:53:58.123537+00:00
2865,Scott,Rowland,1979-02-04,47,2016-02-05,124,A,SMALL_BIZ,162,834 James Land Suite 081,Kennedyborough,LA,27905,1,1.0,Y,N,N,N,38841.47,0.0,0.0,2026-06-29 19:53:58.123537+00:00
2872,Katie,Floyd,1951-11-07,75,2013-10-28,152,I,SMALL_BIZ,357,677 Sanchez Spring,Port Susanview,MS,58275,3,3.0,Y,N,Y,Y,82256.71,2000.0,73.49,2026-06-29 19:53:58.123537+00:00
2873,Eric,Frye,1998-08-07,28,2020-08-04,70,I,MASS,90,464 Carroll Glens Suite 004,North Sethchester,VI,60624,3,3.0,N,Y,Y,Y,119644.88,15000.0,59.26,2026-06-29 19:53:58.123537+00:00
2878,Richard,Schmitt,1969-06-09,57,2022-11-11,43,A,DIGITAL,11,8381 Perkins Square,Thompsonport,SC,01742,3,3.0,Y,Y,N,Y,108756.9,0.0,0.0,2026-06-29 19:53:58.123537+00:00
2880,Jason,Moran,1942-10-18,84,2021-12-30,54,A,DIGITAL,318,229 Perez Estates,Gillland,MD,17355,3,3.0,Y,Y,Y,N,145724.11,10000.0,50.21,2026-06-29 19:53:58.123537+00:00
2882,James,Lewis,1963-04-24,63,2019-11-05,79,I,DIGITAL,78,8883 Kenneth Landing,New Ryanchester,IA,00513,2,2.0,Y,N,Y,N,16426.76,2000.0,33.38,2026-06-29 19:53:58.123537+00:00
2888,Daniel,Taylor,1966-03-30,60,2025-04-08,14,A,MASS,125,486 Grace Spur,Louismouth,GU,89652,1,1.0,N,N,Y,N,1241.97,2000.0,62.1,2026-06-29 19:53:58.123537+00:00
2894,Rebecca,Griffin,1962-07-11,64,2024-03-22,27,A,DIGITAL,27,60649 Wong Crest Suite 658,Sandovalside,DE,95001,2,2.0,Y,N,N,Y,99680.15,0.0,0.0,2026-06-29 19:53:58.123537+00:00
2902,Kimberly,Schmidt,1979-05-14,47,2026-01-09,5,A,PREMIER,487,7417 Donna Corner,Justinport,AZ,78031,1,1.0,N,N,N,Y,25543.26,0.0,0.0,2026-06-29 19:53:58.123537+00:00
2912,Michelle,Hernandez,1965-04-02,61,2024-08-15,22,A,PREMIER,442,301 Malone Coves Apt. 658,New Michael,DC,59298,2,2.0,N,Y,N,Y,104764.71,0.0,0.0,2026-06-29 19:53:58.123537+00:00
2917,Michael,Taylor,2004-03-22,22,2014-09-24,141,A,WEALTH,478,6284 Randall Lights Apt. 283,Henrystad,TX,65605,2,1.0,Y,Y,N,N,145337.74,0.0,0.0,2026-06-29 19:53:58.123537+00:00
2936,Kevin,Garrett,1952-05-15,74,2018-11-30,91,A,DIGITAL,138,40152 Bonilla Square,East Bradton,VA,52717,1,1.0,Y,N,N,N,65507.75,0.0,0.0,2026-06-29 19:53:58.123537+00:00
2937,Manuel,Logan,2002-05-23,24,2015-06-12,132,A,SMALL_BIZ,204,4173 Emily Junctions Apt. 994,Kellifurt,NJ,83844,1,0.0,N,Y,N,N,12129.55,0.0,0.0,2026-06-29 19:53:58.123537+00:00
2950,Barbara,Stephenson,1986-04-09,40,2019-04-01,86,I,PREMIER,176,960 Johnson Spur Suite 194,East Christopherton,WI,29951,1,1.0,N,N,N,Y,38434.29,0.0,0.0,2026-06-29 19:53:58.123537+00:00
2966,Mary,Walker,2008-05-23,18,2014-05-25,145,A,WEALTH,317,7658 Rhonda Center,Goodmanfort,IA,49288,3,2.0,Y,N,Y,Y,82303.14,15000.0,36.38,2026-06-29 19:53:58.123537+00:00
2973,Kenneth,Santana,2005-09-30,21,2025-08-24,10,A,SMALL_BIZ,198,1571 Smith Rapids,Port Kenneth,NM,16259,3,3.0,Y,Y,N,Y,77093.27,0.0,0.0,2026-06-29 19:53:58.123537+00:00
2975,John,Peters,2004-05-06,22,2011-06-30,180,A,PREMIER,66,3131 Amber Route Suite 604,South Randallport,TN,85452,2,1.0,Y,Y,N,N,121812.81,0.0,0.0,2026-06-29 19:53:58.123537+00:00
2979,Peter,Lee,1994-03-04,32,2021-02-16,64,A,DIGITAL,109,3788 Moran Plains Suite 719,Lynnborough,HI,02053,2,2.0,Y,N,Y,N,53736.37,5000.0,60.42,2026-06-29 19:53:58.123537+00:00
2988,Nancy,Holt,1972-09-30,54,2020-03-20,75,A,SMALL_BIZ,329,006 Allen Route,Ericberg,IA,78250,1,1.0,N,N,Y,N,4295.34,5000.0,85.91,2026-06-29 19:53:58.123537+00:00
2991,Mary,Richmond,1999-09-27,27,2021-05-30,61,A,MASS,380,341 Hunt Junctions,New James,MO,06981,3,3.0,N,Y,Y,Y,103088.98,10000.0,57.04,2026-06-29 19:53:58.123537+00:00
3005,Corey,Knapp,1943-02-09,83,2025-08-08,10,A,SMALL_BIZ,64,513 Kelly Courts Apt. 315,Lake Marthabury,NJ,84478,3,2.0,Y,N,Y,Y,33482.34,2000.0,65.79,2026-06-29 19:53:58.123537+00:00
3009,Jason,Townsend,1959-02-15,67,2023-05-01,37,A,SMALL_BIZ,479,8227 Melton Rapid,West Nichole,KS,84181,4,4.0,Y,Y,Y,Y,132576.9,5000.0,93.13,2026-06-29 19:53:58.123537+00:00
3010,Richard,Bailey,1978-02-27,48,2016-04-16,122,A,DIGITAL,439,62489 Laura Brooks,New Anthonyborough,OH,62682,2,2.0,Y,Y,N,N,70093.94,0.0,0.0,2026-06-29 19:53:58.123537+00:00
3017,Regina,Graves,1948-12-17,78,2020-03-03,75,A,PREMIER,68,0287 Ellis Manors,Port Danielle,NH,41534,1,1.0,N,N,N,Y,43433.42,0.0,0.0,2026-06-29 19:53:58.123537+00:00
3033,Valerie,Wright,1950-07-03,76,2024-04-26,26,A,MASS,324,010 Vanessa Gateway,West Alishafort,MT,78190,1,1.0,N,N,N,Y,24536.77,0.0,0.0,2026-06-29 19:53:58.123537+00:00
3047,Michael,Wilson,1982-05-02,44,2022-02-11,52,A,DIGITAL,442,1341 Janet Coves,East Ashley,TN,34516,2,2.0,N,Y,Y,N,14037.37,10000.0,72.1,2026-06-29 19:53:58.123537+00:00
3049,Carolyn,Blake,1990-07-28,36,2015-03-15,135,A,PREMIER,21,3913 Lisa Cliffs Suite 550,West Joshua,AL,69461,3,1.0,Y,Y,Y,N,23989.97,5000.0,66.96,2026-06-29 19:53:58.123537+00:00
3054,Victor,Lopez,1988-11-16,38,2024-08-09,22,A,DIGITAL,154,99264 Melissa Ridges Apt. 258,Kimberlyburgh,MI,08703,4,4.0,Y,Y,Y,Y,188137.23,25000.0,81.8,2026-06-29 19:53:58.123537+00:00
3075,James,Flores,1967-11-26,59,2019-08-23,82,A,PREMIER,351,855 Allison Forks,Lake Lindafort,MA,84024,2,2.0,N,N,Y,Y,39819.73,10000.0,22.47,2026-06-29 19:53:58.123537+00:00
3076,Sheryl,Simmons,1971-07-02,55,2014-06-12,144,I,PREMIER,169,956 Michelle Points,Lake Charlesborough,RI,36356,2,2.0,N,Y,Y,N,13113.88,10000.0,87.29,2026-06-29 19:53:58.123537+00:00
3081,Danielle,Stevenson,2001-10-22,25,2019-08-03,82,A,DIGITAL,270,472 Barber Bridge,Lake Destiny,CT,99812,1,1.0,N,N,N,Y,11007.35,0.0,0.0,2026-06-29 19:53:58.123537+00:00
3101,David,Carson,1979-09-09,47,2013-02-09,160,A,PREMIER,381,9120 Jeffrey Isle Apt. 422,South Kimberly,PA,54016,3,2.0,Y,N,Y,Y,80686.78,2000.0,82.01,2026-06-29 19:53:58.123537+00:00
3102,Angela,Jimenez,2000-09-20,26,2025-08-31,10,A,PREMIER,493,9054 Regina Field,South Brendaport,WA,56758,3,3.0,Y,Y,N,Y,66829.84,0.0,0.0,2026-06-29 19:53:58.123537+00:00
3117,David,Walker,1996-01-04,30,2022-12-16,42,A,MASS,110,803 Richardson Plaza,Millerburgh,DE,80978,3,3.0,Y,N,Y,Y,11853.22,15000.0,25.2,2026-06-29 19:53:58.123537+00:00
3131,Rachel,Kelley,1985-08-31,41,2020-09-21,69,A,WEALTH,337,419 Cantrell Villages,Lake Adamfort,OH,85988,4,4.0,Y,Y,Y,Y,98447.62,25000.0,7.96,2026-06-29 19:53:58.123537+00:00
3154,Ashley,Blackwell,2006-07-02,20,2025-08-12,10,A,DIGITAL,62,9061 Contreras Freeway Apt. 996,East Jeremymouth,HI,44148,3,2.0,Y,Y,Y,N,21528.25,2000.0,99.1,2026-06-29 19:53:58.123537+00:00
3158,Christopher,Morrison,1989-02-25,37,2025-08-23,10,A,WEALTH,269,99160 Megan Rue,Lake Daniel,HI,49204,3,3.0,Y,Y,N,Y,23122.67,0.0,0.0,2026-06-29 19:53:58.123537+00:00
3168,Richard,Peterson,1998-09-07,28,2023-03-10,39,A,MASS,156,740 Clarke Mall Suite 277,Connieport,PW,31709,4,4.0,Y,Y,Y,Y,137258.17,25000.0,5.74,2026-06-29 19:53:58.123537+00:00
3179,Jesse,Williams,1941-09-30,85,2023-04-20,38,A,STUDENT,370,5256 Rebecca Flat,Port Jamesland,AK,55752,2,2.0,N,Y,Y,N,11640.48,10000.0,7.07,2026-06-29 19:53:58.123537+00:00
3185,Jacob,Morris,1988-07-31,38,2012-08-14,166,A,DIGITAL,307,843 Gregory Spur,Port Sarahborough,FL,10981,2,2.0,N,N,Y,Y,29272.91,15000.0,98.94,2026-06-29 19:53:58.123537+00:00
3195,Victor,Hines,1991-03-21,35,2018-08-28,94,A,MASS,156,63812 Nixon Tunnel,Lisaside,AL,77067,4,3.0,Y,Y,Y,Y,50762.66,2000.0,21.22,2026-06-29 19:53:58.123537+00:00
3196,James,Matthews,1962-06-30,64,2026-05-25,1,A,SMALL_BIZ,138,5749 Stevens Summit Apt. 880,West Kevin,KY,02949,3,3.0,N,Y,Y,Y,77260.88,25000.0,34.02,2026-06-29 19:53:58.123537+00:00
3200,Donald,Stewart,1969-08-08,57,2011-11-09,175,A,PREMIER,329,364 Nichols Valleys Suite 496,Rodriguezfurt,AK,70005,2,2.0,Y,Y,N,N,109172.32,0.0,0.0,2026-06-29 19:53:58.123537+00:00
3206,Stacey,Moore,1989-12-24,37,2017-12-12,102,I,SMALL_BIZ,418,41369 Garza Shoals Suite 546,Lisafort,WA,32654,4,4.0,Y,Y,Y,Y,61868.62,10000.0,26.12,2026-06-29 19:53:58.123537+00:00
3210,Crystal,Sutton,1962-02-16,64,2013-11-09,151,A,SMALL_BIZ,382,9296 Wallace Dale,New Maryhaven,LA,34441,1,0.0,N,N,N,Y,44869.56,0.0,0.0,2026-06-29 19:53:58.123537+00:00
3233,Daniel,Hill,1981-04-11,45,2022-10-21,44,A,DIGITAL,125,0314 Blake Club,South Amberfort,TX,80808,1,1.0,N,N,N,Y,3942.44,0.0,0.0,2026-06-29 19:53:58.123537+00:00
3243,Amy,Warren,1991-10-19,35,2018-11-02,91,A,PREMIER,490,411 John Flats,Zacharyborough,LA,43097,1,0.0,Y,N,N,N,52744.07,0.0,0.0,2026-06-29 19:53:58.123537+00:00
3245,Darius,Pruitt,1996-01-20,30,2018-03-07,99,A,MASS,473,90334 Robert Isle Apt. 400,Victoriaborough,UT,47562,2,2.0,N,N,Y,Y,45104.28,5000.0,79.77,2026-06-29 19:53:58.123537+00:00
3247,Jeremiah,Williams,1945-01-03,81,2024-01-24,29,A,STUDENT,172,077 Michael Grove,Schultzfort,GU,91270,4,3.0,Y,Y,Y,Y,96832.46,10000.0,32.08,2026-06-29 19:53:58.123537+00:00
3260,Ashley,Burgess,2000-01-24,26,2014-06-23,144,I,DIGITAL,411,8945 Hines Lodge,New Caseymouth,VT,81242,3,2.0,N,Y,Y,Y,133422.61,5000.0,6.39,2026-06-29 19:53:58.123537+00:00
3262,Connie,Knight,1965-09-03,61,2012-04-20,170,A,STUDENT,274,97872 Dawn Motorway Suite 779,Lake Jeffrey,NV,56947,2,1.0,N,Y,N,Y,95141.41,0.0,0.0,2026-06-29 19:53:58.123537+00:00
3269,Aaron,Wallace,1942-03-30,84,2015-08-01,130,A,PREMIER,467,34985 Stephen Walks Apt. 237,Fisherside,GU,29177,2,2.0,Y,N,N,Y,62897.13,0.0,0.0,2026-06-29 19:53:58.123537+00:00
3273,Stephen,Randolph,1949-07-15,77,2013-08-09,154,A,SMALL_BIZ,71,6159 Darlene Forges,Richardsonberg,IN,97322,4,4.0,Y,Y,Y,Y,90694.35,25000.0,69.3,2026-06-29 19:53:58.123537+00:00
3278,Heather,Lewis,1979-03-24,47,2012-06-07,168,A,DIGITAL,188,157 Sara Court Suite 938,Lake Alexburgh,DE,03680,4,4.0,Y,Y,Y,Y,135942.51,10000.0,81.63,2026-06-29 19:53:58.123537+00:00
3287,Nathaniel,Winters,1996-06-23,30,2019-08-13,82,A,DIGITAL,6,7937 Stephanie Street Apt. 877,West Christina,TX,01685,4,4.0,Y,Y,Y,Y,129474.15,5000.0,87.92,2026-06-29 19:53:58.123537+00:00
3289,Nathan,Lucero,1968-10-04,58,2020-02-23,76,I,STUDENT,257,886 Adam Fords Apt. 617,Garciachester,VT,33324,1,1.0,N,N,Y,N,3343.08,5000.0,66.86,2026-06-29 19:53:58.123537+00:00
3294,Tonya,Thomas,1964-07-02,62,2025-03-10,15,A,SMALL_BIZ,240,495 Lewis Overpass,South Juanstad,CA,45663,3,2.0,Y,Y,N,Y,57691.84,0.0,0.0,2026-06-29 19:53:58.123537+00:00
3297,Nicole,Mooney,1968-01-18,58,2023-10-10,32,A,DIGITAL,139,85532 Hector Light,Josephville,KS,13534,4,4.0,Y,Y,Y,Y,156483.57,25000.0,28.53,2026-06-29 19:53:58.123537+00:00
3303,Shawn,Flowers,1948-08-15,78,2021-01-16,65,A,DIGITAL,138,9561 Miller Rest Apt. 102,Port Angelica,VI,73231,2,2.0,Y,Y,N,N,89232.04,0.0,0.0,2026-06-29 19:53:58.123537+00:00
3307,Lisa,Johnson,1977-10-20,49,2012-12-06,162,A,WEALTH,257,01614 Yvonne Crossing,Rossshire,KS,41803,4,4.0,Y,Y,Y,Y,184490.87,25000.0,34.67,2026-06-29 19:53:58.123537+00:00
3309,Stephanie,Henderson,1946-04-09,80,2015-04-09,134,A,SMALL_BIZ,346,229 Mckinney Harbor Apt. 612,Lake Christopher,VT,20396,3,3.0,Y,Y,Y,N,73573.23,5000.0,28.53,2026-06-29 19:53:58.123537+00:00
3311,Roy,Lawrence,1967-06-21,59,2014-08-07,142,A,PREMIER,258,2528 Daniel Plaza Suite 045,Lake Jamesfort,UT,38836,2,2.0,N,Y,N,Y,49411.65,0.0,0.0,2026-06-29 19:53:58.123537+00:00
3313,Anthony,Haynes,1943-08-09,83,2016-04-04,122,A,STUDENT,445,650 Angelica Extensions Apt. 527,North Reneeton,ND,52631,4,3.0,Y,Y,Y,Y,59917.18,10000.0,25.45,2026-06-29 19:53:58.123537+00:00
3314,Amber,Garcia,1999-03-10,27,2017-03-20,111,A,DIGITAL,78,307 Heather Coves Suite 298,Juliafort,KY,40304,1,1.0,N,N,N,Y,8011.05,0.0,0.0,2026-06-29 19:53:58.123537+00:00
3318,Sandra,Gibson,1990-01-06,36,2022-03-02,51,A,SMALL_BIZ,312,6403 Melissa Mountain Apt. 766,New Shannon,MA,80921,4,3.0,Y,Y,Y,Y,32925.18,2000.0,93.12,2026-06-29 19:53:58.123537+00:00
3334,Thomas,Ramirez,1984-01-09,42,2013-01-28,161,A,WEALTH,188,2110 Petty Dale,South David,OR,42161,4,4.0,Y,Y,Y,Y,100711.95,10000.0,13.3,2026-06-29 19:53:58.123537+00:00
3362,Tracy,Peterson,1972-12-07,54,2012-11-05,163,A,DIGITAL,102,642 David Isle,Port Lorrainetown,PR,45375,2,1.0,N,Y,N,Y,84706.35,0.0,0.0,2026-06-29 19:53:58.123537+00:00
3373,Joseph,Carroll,1957-12-12,69,2018-09-19,93,A,PREMIER,112,441 Mendoza Curve,East Jessicaview,AZ,44307,3,3.0,N,Y,Y,Y,117479.04,5000.0,43.19,2026-06-29 19:53:58.123537+00:00
3413,Shelly,Thompson,1994-01-13,32,2025-09-20,9,A,PREMIER,317,8389 Joshua Estate,Lake Williamport,MH,13398,4,4.0,Y,Y,Y,Y,55548.41,2000.0,51.53,2026-06-29 19:53:58.123537+00:00
3426,Sherry,Gomez,1976-09-01,50,2025-11-04,7,A,PREMIER,252,8098 Brown Mountain,New Kathrynstad,WA,69528,3,3.0,Y,Y,Y,N,84414.31,2000.0,87.82,2026-06-29 19:53:58.123537+00:00
3439,William,Woods,1981-07-28,45,2016-10-13,116,I,DIGITAL,43,449 Ibarra Tunnel Suite 614,West Alyssa,NM,80864,4,4.0,Y,Y,Y,Y,119756.47,15000.0,9.19,2026-06-29 19:53:58.123537+00:00
3457,Stephanie,Scott,2007-02-11,19,2024-03-06,27,A,DIGITAL,184,032 Woodard Court,East Dylan,SC,24025,4,3.0,Y,Y,Y,Y,153143.66,25000.0,72.47,2026-06-29 19:53:58.123537+00:00
3460,Linda,Osborne,1981-01-02,45,2021-09-03,57,A,PREMIER,164,375 Hodges Harbor Apt. 140,Deborahberg,MH,44837,3,2.0,N,Y,Y,Y,38381.26,10000.0,14.03,2026-06-29 19:53:58.123537+00:00
3464,Megan,Robinson,1996-09-13,30,2019-10-09,80,A,STUDENT,109,48371 Erika Ramp Apt. 631,Danielleshire,CA,41035,1,1.0,Y,N,N,N,46104.86,0.0,0.0,2026-06-29 19:53:58.123537+00:00
3469,Eric,Kennedy,1970-09-05,56,2023-08-26,34,I,WEALTH,256,07528 Jessica Village Apt. 626,Port Danielland,TN,29362,4,4.0,Y,Y,Y,Y,153337.93,5000.0,87.08,2026-06-29 19:53:58.123537+00:00
3484,Holly,Davis,1958-11-29,68,2021-02-02,64,I,PREMIER,423,639 Andrew Ford,Underwoodchester,KS,61132,3,2.0,Y,Y,N,Y,130653.98,0.0,0.0,2026-06-29 19:53:58.123537+00:00
3488,Tracey,Parker,1995-07-23,31,2014-12-31,138,A,PREMIER,479,6416 Brown Ways,Jonesport,IN,62751,1,1.0,Y,N,N,N,10026.95,0.0,0.0,2026-06-29 19:53:58.123537+00:00
3506,Donna,Doyle,1955-08-19,71,2016-06-13,120,A,MASS,390,1453 Roach Fork Suite 860,North Haley,KS,00576,3,3.0,Y,Y,Y,N,92440.16,2000.0,8.63,2026-06-29 19:53:58.123537+00:00
3520,Vanessa,Lewis,1981-09-15,45,2012-04-02,170,A,WEALTH,140,39821 Kevin Village Apt. 922,Jennytown,VT,89966,2,2.0,Y,N,Y,N,74297.61,10000.0,84.34,2026-06-29 19:53:58.123537+00:00
3547,Wendy,Swanson,1950-08-03,76,2018-11-12,91,A,DIGITAL,397,98738 Carter Common,Carolynbury,CT,71483,3,3.0,Y,N,Y,Y,109548.58,2000.0,38.52,2026-06-29 19:53:58.123537+00:00
3550,Kevin,Maynard,1999-01-08,27,2012-04-23,170,A,STUDENT,132,9406 Mccall Crossing Apt. 581,Justinview,FL,23820,2,2.0,N,Y,N,Y,85008.79,0.0,0.0,2026-06-29 19:53:58.123537+00:00
3552,Charles,Schmidt,1964-04-07,62,2017-08-21,106,A,MASS,155,392 Wall Shoal,New Thomas,MH,01447,3,2.0,Y,Y,Y,N,101420.43,25000.0,43.32,2026-06-29 19:53:58.123537+00:00
3557,Lauren,Hall,1953-09-22,73,2014-08-28,142,A,MASS,255,463 Brown Spring Apt. 446,Kathrynville,AS,76294,4,4.0,Y,Y,Y,Y,54498.24,15000.0,52.79,2026-06-29 19:53:58.123537+00:00
3566,Deborah,Carroll,1946-12-26,80,2014-01-01,149,A,STUDENT,267,98145 Bobby Prairie Suite 254,Rebeccatown,OH,84086,3,3.0,Y,N,Y,Y,48145.76,15000.0,49.61,2026-06-29 19:53:58.123537+00:00
3613,Clayton,Mclean,2001-02-08,25,2024-10-24,20,A,STUDENT,451,17361 Jason Mission,Bakerchester,VA,11651,3,2.0,Y,Y,N,Y,119182.62,0.0,0.0,2026-06-29 19:53:58.123537+00:00
3615,John,Alvarez,1991-07-02,35,2025-06-27,12,A,WEALTH,13,467 Mark Junctions,Mcphersonbury,KY,52020,3,3.0,Y,N,Y,Y,78468.86,10000.0,10.08,2026-06-29 19:53:58.123537+00:00
3620,Frank,Rodgers,1991-12-18,35,2019-10-16,80,A,DIGITAL,326,669 Carolyn Burg,New Erica,WI,19528,2,1.0,N,Y,Y,N,57375.92,25000.0,37.36,2026-06-29 19:53:58.123537+00:00
3626,Hailey,Bass,1997-06-02,29,2017-12-07,102,A,WEALTH,358,044 Sherman Squares Suite 673,Debrafort,NM,02314,1,1.0,N,Y,N,N,61353.17,0.0,0.0,2026-06-29 19:53:58.123537+00:00
3639,Ralph,Banks,1998-12-02,28,2019-11-05,79,A,SMALL_BIZ,156,324 Michelle Drive Apt. 813,West Christopherville,WI,75133,3,2.0,Y,Y,N,Y,104012.98,0.0,0.0,2026-06-29 19:53:58.123537+00:00
3657,Alexa,Tate,1977-09-02,49,2015-10-10,128,A,SMALL_BIZ,147,018 Mccall Dam,East Ericaport,CA,70702,1,1.0,N,N,Y,N,12971.01,25000.0,51.88,2026-06-29 19:53:58.123537+00:00
3663,Joseph,Perez,1957-04-16,69,2013-09-19,153,A,PREMIER,175,63158 Copeland Pine Suite 323,North Sheila,CO,52918,4,4.0,Y,Y,Y,Y,87195.66,10000.0,39.24,2026-06-29 19:53:58.123537+00:00
3665,Bobby,Klein,1994-02-04,32,2017-02-02,112,A,STUDENT,181,8408 Hall Junctions Apt. 109,Port Brittney,PA,68148,4,4.0,Y,Y,Y,Y,90739.97,10000.0,79.67,2026-06-29 19:53:58.123537+00:00
3681,Peter,Gomez,1961-01-11,65,2026-02-22,4,A,SMALL_BIZ,468,53194 Christina Mountain Suite 959,South William,FL,37294,4,3.0,Y,Y,Y,Y,119900.39,10000.0,56.91,2026-06-29 19:53:58.123537+00:00
3682,Michelle,Williams,1991-10-05,35,2022-10-17,44,A,WEALTH,38,3180 Charles Tunnel,North Rebecca,OR,19833,1,1.0,N,N,N,Y,40118.73,0.0,0.0,2026-06-29 19:53:58.123537+00:00
3691,Melissa,Allen,1987-07-05,39,2012-05-07,169,I,STUDENT,247,82105 Bernard Cliff,Lynnbury,GU,67123,1,1.0,N,N,Y,N,4221.57,5000.0,84.43,2026-06-29 19:53:58.123537+00:00
3698,Jeremiah,Khan,1968-08-16,58,2016-04-23,122,A,SMALL_BIZ,386,6399 Rodney Ramp Apt. 581,East Stephaniefort,VA,76915,4,3.0,Y,Y,Y,Y,134481.68,2000.0,94.69,2026-06-29 19:53:58.123537+00:00
3737,Richard,Harper,1958-08-05,68,2023-07-15,35,A,PREMIER,316,206 Prince Mission,Edwardmouth,MH,84025,1,1.0,Y,N,N,N,53991.82,0.0,0.0,2026-06-29 19:53:58.123537+00:00
3739,Diane,Greer,1995-08-19,31,2024-06-18,24,A,PREMIER,158,7470 Jack Crossroad,Campbellview,VA,68734,1,1.0,N,Y,N,N,13384.15,0.0,0.0,2026-06-29 19:53:58.123537+00:00
3742,Beth,Walsh,1951-03-21,75,2023-03-07,39,A,WEALTH,19,07604 Boyd Flats Suite 267,Daniellestad,WI,90475,3,3.0,Y,Y,Y,N,67525.36,10000.0,50.9,2026-06-29 19:53:58.123537+00:00
3754,Justin,Smith,1942-08-31,84,2023-09-15,33,A,MASS,9,85985 Davis Corner Suite 527,Lake Charles,HI,92856,4,4.0,Y,Y,Y,Y,169480.96,5000.0,73.17,2026-06-29 19:53:58.123537+00:00
3762,Matthew,Bradshaw,1995-07-29,31,2016-03-03,123,A,WEALTH,460,0092 Cameron Cliffs,Lake Angela,RI,37356,2,2.0,N,Y,N,Y,69094.72,0.0,0.0,2026-06-29 19:53:58.123537+00:00
3763,Kimberly,Ross,1949-07-18,77,2024-01-27,29,A,WEALTH,483,89671 Thomas Turnpike,Kristopherfort,AR,85846,1,1.0,N,N,Y,N,9190.65,10000.0,91.91,2026-06-29 19:53:58.123537+00:00
3765,Melissa,Wall,1959-09-16,67,2024-11-25,19,A,DIGITAL,467,5968 Kayla Manor,New Steven,OR,49509,2,2.0,Y,Y,N,N,58916.02,0.0,0.0,2026-06-29 19:53:58.123537+00:00
3782,Emily,Baker,1943-01-06,83,2025-06-18,12,A,STUDENT,118,154 Mark Circles Suite 149,Owensfort,OR,18682,3,3.0,Y,N,Y,Y,126615.28,25000.0,68.99,2026-06-29 19:53:58.123537+00:00
3783,Shawn,Davis,2006-07-02,20,2014-06-14,144,A,DIGITAL,292,31371 Kaylee Viaduct Apt. 075,Buckberg,KY,23063,3,2.0,N,Y,Y,Y,83789.61,25000.0,81.23,2026-06-29 19:53:58.123537+00:00
3792,Beth,Williams,1990-02-17,36,2014-01-03,149,A,DIGITAL,446,74351 Jesus Shoals Apt. 906,West Kyle,PR,36709,3,2.0,Y,Y,N,Y,127157.73,0.0,0.0,2026-06-29 19:53:58.123537+00:00
3805,Kristen,Chapman,2005-10-17,21,2011-10-31,176,A,MASS,225,32143 Soto Well,Chaseside,DC,17180,4,4.0,Y,Y,Y,Y,103532.89,25000.0,66.46,2026-06-29 19:53:58.123537+00:00
3811,Victoria,Shelton,1963-06-17,63,2013-11-12,151,A,DIGITAL,22,318 Phillips Light,Douglasstad,WI,66744,1,1.0,Y,N,N,N,79836.35,0.0,0.0,2026-06-29 19:53:58.123537+00:00
3814,Sharon,Jones,1946-05-17,80,2021-03-16,63,A,PREMIER,148,53068 Micheal Junctions,East Tara,MA,96457,2,2.0,N,Y,N,Y,42212.55,0.0,0.0,2026-06-29 19:53:58.123537+00:00
3823,Deborah,Campbell,1975-10-23,51,2020-11-18,67,A,SMALL_BIZ,228,6185 Mullen Way,Alexandramouth,HI,29251,1,1.0,N,Y,N,N,75807.62,0.0,0.0,2026-06-29 19:53:58.123537+00:00
3828,Kimberly,Stuart,1982-09-25,44,2015-08-04,130,A,PREMIER,382,60823 Hannah Mountains Suite 629,South Jose,UT,52529,4,4.0,Y,Y,Y,Y,79612.09,10000.0,91.61,2026-06-29 19:53:58.123537+00:00
3836,Peter,Luna,1999-08-19,27,2022-10-06,44,A,SMALL_BIZ,101,15489 Dana Place,Port Marvinmouth,OH,08184,3,3.0,N,Y,Y,Y,99042.49,25000.0,10.0,2026-06-29 19:53:58.123537+00:00
3837,Benjamin,Nunez,1963-09-23,63,2018-04-21,98,I,DIGITAL,249,24628 Reeves Islands,South Thomas,MI,27454,1,1.0,N,Y,N,N,69820.38,0.0,0.0,2026-06-29 19:53:58.123537+00:00
3843,Shelia,Payne,1997-02-13,29,2014-10-21,140,A,STUDENT,195,4569 Willis Circles,Kaitlinshire,WA,10936,1,0.0,N,N,Y,N,4517.65,5000.0,90.35,2026-06-29 19:53:58.123537+00:00
3854,David,Leonard,1954-07-02,72,2020-11-10,67,I,WEALTH,431,246 Duncan Summit,New Christina,IN,41257,3,3.0,Y,Y,Y,N,53870.49,2000.0,16.49,2026-06-29 19:53:58.123537+00:00
3878,Melissa,Khan,1963-10-03,63,2013-07-09,155,I,PREMIER,140,756 Benson Valleys Apt. 770,Sandovalchester,CT,23152,4,3.0,Y,Y,Y,Y,165067.16,2000.0,37.79,2026-06-29 19:53:58.123537+00:00
3907,Ashley,Mendez,1953-01-19,73,2020-02-04,76,A,STUDENT,407,148 Gregory Drive,Mendezhaven,ME,23736,3,3.0,Y,Y,Y,N,119385.47,2000.0,18.43,2026-06-29 19:53:58.123537+00:00
3908,Stephanie,Oconnor,1991-02-19,35,2024-08-22,22,A,WEALTH,161,369 Bailey Stream Apt. 685,East Kevin,TX,07841,3,0.0,Y,Y,Y,N,87956.8,25000.0,16.88,2026-06-29 19:53:58.123537+00:00
3929,Bruce,Monroe,1984-03-13,42,2017-05-16,109,A,MASS,360,94854 Blair Ways Apt. 491,South Williamfort,NE,69554,3,2.0,Y,N,Y,Y,96770.49,10000.0,24.14,2026-06-29 19:53:58.123537+00:00
3937,Jessica,Lee,1973-07-07,53,2021-03-30,63,A,MASS,288,45130 Mark Dam Suite 083,Cindyview,FM,97216,1,0.0,N,Y,N,N,75690.09,0.0,0.0,2026-06-29 19:53:58.123537+00:00
3941,David,Mcdaniel,1951-08-30,75,2014-08-01,142,A,STUDENT,301,857 Hernandez Dam Suite 185,Lake Dawnfurt,UT,13097,2,1.0,Y,N,N,Y,79697.99,0.0,0.0,2026-06-29 19:53:58.123537+00:00
3957,Caitlyn,Anderson,1955-11-14,71,2021-06-10,60,I,SMALL_BIZ,404,812 Kyle Corners Apt. 993,Watsonside,NC,43967,2,2.0,N,N,Y,Y,20705.51,10000.0,53.89,2026-06-29 19:53:58.123537+00:00
3959,Joshua,Coleman,2006-05-28,20,2013-04-05,158,A,DIGITAL,13,21229 Grant Route,Joannstad,AS,42146,3,3.0,Y,Y,Y,N,62593.6,2000.0,75.55,2026-06-29 19:53:58.123537+00:00
3974,John,Mendoza,1969-12-23,57,2014-01-23,149,A,SMALL_BIZ,377,2998 Schroeder Mount Suite 629,South Donald,CA,09500,4,4.0,Y,Y,Y,Y,67789.28,2000.0,11.56,2026-06-29 19:53:58.123537+00:00
3982,Steven,Gonzalez,2006-10-05,20,2021-12-30,54,A,WEALTH,429,8235 Monroe Mall Apt. 543,Kathleenton,UT,01242,1,1.0,N,N,N,Y,5297.03,0.0,0.0,2026-06-29 19:53:58.123537+00:00
3991,Scott,King,1996-08-08,30,2025-03-17,15,A,PREMIER,471,84545 Park Light Suite 120,South Joelborough,TX,80280,3,2.0,Y,Y,N,Y,149869.61,0.0,0.0,2026-06-29 19:53:58.123537+00:00
3995,Mark,Lawrence,1970-01-01,56,2016-02-15,124,A,WEALTH,42,244 Jennifer Extensions,Jenniferstad,CO,47569,3,3.0,Y,Y,Y,N,36666.09,5000.0,81.99,2026-06-29 19:53:58.123537+00:00
4003,Sarah,Foster,1997-02-09,29,2023-10-01,32,A,WEALTH,182,239 Catherine Plaza,Lake Scottstad,PR,05237,4,4.0,Y,Y,Y,Y,140651.98,10000.0,99.95,2026-06-29 19:53:58.123537+00:00
4007,Javier,Mitchell,1967-02-01,59,2012-12-22,162,A,DIGITAL,276,969 Danielle Plains Suite 997,West Phillip,NY,15313,4,4.0,Y,Y,Y,Y,120041.1,10000.0,18.61,2026-06-29 19:53:58.123537+00:00
4008,Joseph,Hall,1944-10-12,82,2018-08-25,94,A,SMALL_BIZ,223,36363 Michael Heights Suite 130,Lawsonfurt,MS,52724,4,4.0,Y,Y,Y,Y,125018.42,2000.0,60.46,2026-06-29 19:53:58.123537+00:00
4016,Courtney,Davis,1943-05-01,83,2023-06-22,36,A,MASS,289,44838 Mary Parks Apt. 622,Port Curtismouth,ME,63144,4,4.0,Y,Y,Y,Y,133644.04,2000.0,29.56,2026-06-29 19:53:58.123537+00:00
4032,Rebecca,Hernandez,1981-09-07,45,2017-10-22,104,A,DIGITAL,488,116 Kristine Plain,Lake James,MN,94523,4,4.0,Y,Y,Y,Y,106067.82,10000.0,98.75,2026-06-29 19:53:58.123537+00:00
4033,Sherry,Santiago,1990-02-22,36,2017-05-04,109,A,DIGITAL,340,23785 Reilly Fields Suite 526,North Michelleshire,GU,89362,2,2.0,N,Y,N,Y,62889.75,0.0,0.0,2026-06-29 19:53:58.123537+00:00
4043,Anthony,Chavez,1959-03-27,67,2020-08-13,70,A,SMALL_BIZ,109,792 Anderson Forge Suite 557,Christinaport,CT,69690,1,1.0,N,N,N,Y,18030.8,0.0,0.0,2026-06-29 19:53:58.123537+00:00
4057,Cody,Cook,1958-07-18,68,2019-10-16,80,A,DIGITAL,146,0031 Scott Street,Davidmouth,ME,73595,4,4.0,Y,Y,Y,Y,116845.92,5000.0,86.74,2026-06-29 19:53:58.123537+00:00
4069,Amanda,Ballard,1978-01-25,48,2020-09-08,69,A,MASS,400,314 Lori Lakes Suite 105,New Joshua,NH,80979,1,1.0,Y,N,N,N,31538.58,0.0,0.0,2026-06-29 19:53:58.123537+00:00
4071,Patrick,Edwards,1970-12-29,55,2025-05-15,13,A,DIGITAL,218,542 Erica Pine,Kellytown,KY,92903,2,2.0,Y,Y,N,N,49215.52,0.0,0.0,2026-06-29 19:53:58.123537+00:00
4079,David,Robertson,1969-01-05,57,2022-01-27,53,A,PREMIER,278,551 Jordan Gardens,New Joseph,NV,98504,2,2.0,Y,N,Y,N,10076.4,10000.0,60.69,2026-06-29 19:53:58.123537+00:00
4100,Paul,Brown,1977-03-25,49,2019-03-16,87,A,MASS,257,6700 Cline Curve Apt. 583,Newmanhaven,FM,30500,4,3.0,Y,Y,Y,Y,149617.83,25000.0,43.04,2026-06-29 19:53:58.123537+00:00
4102,Jennifer,Frey,1976-01-30,50,2017-05-26,109,A,MASS,3,38326 Daniel Manor,Patriciafort,IL,25853,1,1.0,N,Y,N,N,24679.3,0.0,0.0,2026-06-29 19:53:58.123537+00:00
4103,Gerald,Larson,1950-01-21,76,2024-07-15,23,A,PREMIER,401,15634 Simpson Harbor Suite 961,Antonioberg,UT,04912,3,3.0,Y,N,Y,Y,31721.75,5000.0,56.06,2026-06-29 19:53:58.123537+00:00
4105,Virginia,Ortiz,1995-03-21,31,2018-02-22,100,A,PREMIER,114,7744 Kristin Drive Suite 870,Tommymouth,DE,88321,2,1.0,Y,N,Y,N,32743.33,15000.0,72.19,2026-06-29 19:53:58.123537+00:00
4113,Karen,Dodson,2000-05-11,26,2016-11-21,115,A,SMALL_BIZ,200,96518 Lori Land Apt. 210,Lake Josephchester,NH,78352,3,3.0,Y,Y,N,Y,97626.35,0.0,0.0,2026-06-29 19:53:58.123537+00:00
4134,Cameron,Morrison,1977-05-04,49,2016-11-19,115,A,DIGITAL,205,73918 Dean Viaduct Suite 689,Shannonmouth,WA,35426,2,1.0,Y,Y,N,N,60950.89,0.0,0.0,2026-06-29 19:53:58.123537+00:00
4137,Dylan,Bryant,1957-08-19,69,2020-05-18,73,A,WEALTH,298,357 White Hill,Nortonstad,AS,86423,2,2.0,N,Y,Y,N,31444.39,25000.0,58.18,2026-06-29 19:53:58.123537+00:00
4139,Ronald,Willis,1995-05-09,31,2019-12-18,78,A,STUDENT,115,65559 Jesse Parkways Apt. 365,West Crystalport,MD,69348,4,4.0,Y,Y,Y,Y,143859.59,15000.0,52.33,2026-06-29 19:53:58.123537+00:00
4146,Francisco,Young,1984-12-14,42,2020-04-29,74,A,WEALTH,189,7956 Linda Harbor,Rosstown,KS,41228,2,2.0,Y,N,Y,N,50053.29,15000.0,85.25,2026-06-29 19:53:58.123537+00:00
4157,Joe,Tran,1960-11-02,66,2025-03-05,15,A,PREMIER,367,6400 Chelsea Summit,South Spencer,PR,92761,2,2.0,Y,N,N,Y,81436.78,0.0,0.0,2026-06-29 19:53:58.123537+00:00
4162,James,Mejia,1994-06-05,32,2012-01-05,173,A,WEALTH,404,8437 Fernando Point,North Richardview,OR,33218,2,2.0,Y,Y,N,N,48214.29,0.0,0.0,2026-06-29 19:53:58.123537+00:00
4182,Barbara,Guerra,1998-05-23,28,2020-11-26,67,A,STUDENT,7,7706 Butler Expressway,Aprilbury,TN,77916,1,1.0,N,Y,N,N,42156.86,0.0,0.0,2026-06-29 19:53:58.123537+00:00
4183,Tiffany,Tran,1954-01-02,72,2011-09-17,177,A,SMALL_BIZ,261,37535 Blevins Dale,Matthewstad,MP,02599,4,3.0,Y,Y,Y,Y,63415.49,2000.0,3.56,2026-06-29 19:53:58.123537+00:00
4184,Phyllis,Richardson,1941-11-19,85,2025-07-26,11,A,WEALTH,245,269 Smith Via Apt. 251,Morganbury,IN,66553,4,4.0,Y,Y,Y,Y,117011.9,5000.0,85.11,2026-06-29 19:53:58.123537+00:00
4186,Steven,Bryant,1962-07-21,64,2025-10-09,8,A,MASS,268,4250 Marcus Shoal Apt. 208,New Anthonyfort,NV,52338,3,3.0,Y,Y,N,Y,98626.95,0.0,0.0,2026-06-29 19:53:58.123537+00:00
4199,Stephen,Lewis,1968-12-17,58,2025-09-03,9,A,WEALTH,291,485 Hester Centers,Mcdowellport,PW,51280,1,0.0,N,N,N,Y,30936.93,0.0,0.0,2026-06-29 19:53:58.123537+00:00
4206,Brian,Bell,1966-06-29,60,2018-09-03,93,A,STUDENT,156,37673 Elizabeth Roads,Lake James,WI,95955,4,3.0,Y,Y,Y,Y,114651.64,2000.0,90.65,2026-06-29 19:53:58.123537+00:00
4208,Cheryl,Anthony,1979-12-22,47,2026-01-12,5,A,WEALTH,51,1106 Brandon Trafficway,South Catherinebury,NY,43311,4,4.0,Y,Y,Y,Y,102731.4,10000.0,73.26,2026-06-29 19:53:58.123537+00:00
4218,Jonathan,Frye,1969-02-07,57,2013-06-14,156,A,MASS,260,0848 Montoya Orchard Apt. 635,North Rebecca,DC,89237,1,1.0,N,Y,N,N,64899.62,0.0,0.0,2026-06-29 19:53:58.123537+00:00
4220,Donald,Wells,1994-08-16,32,2019-03-03,87,A,MASS,445,225 Kristen Fords Apt. 354,Cynthiashire,SC,39713,3,3.0,Y,Y,N,Y,140122.49,0.0,0.0,2026-06-29 19:53:58.123537+00:00
4222,Jonathan,Williams,1990-02-02,36,2012-07-18,167,A,MASS,321,82756 Meghan Lakes Apt. 906,North Steven,NY,81467,4,4.0,Y,Y,Y,Y,147891.47,25000.0,60.93,2026-06-29 19:53:58.123537+00:00
4234,Christine,Gomez,1944-11-06,82,2016-11-11,115,I,DIGITAL,437,51071 Henson Cape Suite 256,Lake Melissaburgh,AS,34356,2,1.0,N,Y,N,Y,123560.6,0.0,0.0,2026-06-29 19:53:58.123537+00:00
4246,Ariel,Wiggins,1962-07-06,64,2023-05-02,37,I,MASS,427,6540 Samuel Greens,New Eugene,PA,80798,4,4.0,Y,Y,Y,Y,69488.83,25000.0,12.09,2026-06-29 19:53:58.123537+00:00
4249,Natalie,Levy,1989-09-11,37,2014-03-22,147,A,DIGITAL,317,568 Beck Stravenue Apt. 640,Katieville,KS,68420,1,1.0,N,Y,N,N,33464.74,0.0,0.0,2026-06-29 19:53:58.123537+00:00
4256,Tara,Mejia,2005-08-20,21,2020-10-08,68,A,MASS,276,2837 Johnson Manor Suite 178,Port Philiphaven,WV,06170,1,1.0,N,Y,N,N,10336.48,0.0,0.0,2026-06-29 19:53:58.123537+00:00
4265,Raymond,Patterson,1980-03-10,46,2021-02-05,64,A,MASS,464,61827 Snyder Forest Apt. 948,Mariahside,KY,45466,1,1.0,N,N,N,Y,49789.72,0.0,0.0,2026-06-29 19:53:58.123537+00:00
4273,Charles,Lewis,1983-11-23,43,2023-11-07,31,A,PREMIER,290,8336 Garcia Unions Apt. 651,Villanuevastad,VT,41777,4,4.0,Y,Y,Y,Y,78559.57,2000.0,54.96,2026-06-29 19:53:58.123537+00:00
4289,Abigail,Jones,1950-12-20,76,2017-01-04,113,A,STUDENT,235,016 Carrie Shoals Suite 999,Brownburgh,OR,01960,4,4.0,Y,Y,Y,Y,122317.78,2000.0,41.9,2026-06-29 19:53:58.123537+00:00
4292,Andrea,White,1952-05-08,74,2022-02-19,52,A,MASS,93,57326 Nicolas Inlet,South Karenburgh,ME,94820,1,1.0,Y,N,N,N,38042.74,0.0,0.0,2026-06-29 19:53:58.123537+00:00
4293,Corey,Pope,1970-05-25,56,2025-10-10,8,A,STUDENT,309,16450 Michelle Port Apt. 270,West Karenfort,WA,62723,3,3.0,Y,Y,N,Y,81070.02,0.0,0.0,2026-06-29 19:53:58.123537+00:00
4298,Lawrence,Brady,1946-12-15,80,2020-04-08,74,A,PREMIER,71,479 Mcclain Ford Apt. 880,New Jason,AL,32154,3,3.0,Y,Y,Y,N,61159.28,25000.0,85.89,2026-06-29 19:53:58.123537+00:00
4313,Jared,Williams,1942-05-14,84,2012-01-11,173,A,DIGITAL,360,1383 Lee Knolls,West Markchester,CO,84089,1,1.0,N,N,Y,N,8650.44,15000.0,57.67,2026-06-29 19:53:58.123537+00:00
4333,Justin,Hines,1965-09-21,61,2016-01-06,125,A,WEALTH,213,7860 Shawna Ports,East Thomas,NE,09759,3,2.0,Y,Y,Y,N,105207.5,10000.0,89.7,2026-06-29 19:53:58.123537+00:00
4350,John,Miller,1996-02-10,30,2023-07-23,35,A,PREMIER,74,4683 Troy Junctions Apt. 096,Thomastown,OK,52160,4,3.0,Y,Y,Y,Y,119144.23,2000.0,62.6,2026-06-29 19:53:58.123537+00:00
4361,Sharon,Stark,1979-11-11,47,2025-04-17,14,A,WEALTH,329,5543 Julie Summit Suite 467,East Theresamouth,AL,57707,4,3.0,Y,Y,Y,Y,117474.44,10000.0,61.5,2026-06-29 19:53:58.123537+00:00
4365,Tina,Taylor,1957-07-16,69,2018-04-02,98,A,WEALTH,224,897 Harry Mills,North Angelaport,CA,59052,2,1.0,Y,Y,N,N,37927.33,0.0,0.0,2026-06-29 19:53:58.123537+00:00
4367,Justin,Cuevas,1967-04-10,59,2025-05-30,13,A,DIGITAL,73,3390 Spencer Plaza Suite 411,Wilsonbury,AR,55540,1,1.0,N,N,N,Y,24725.58,0.0,0.0,2026-06-29 19:53:58.123537+00:00
4370,Jennifer,Brown,1962-09-17,64,2016-02-06,124,A,STUDENT,441,465 Benson Junction Apt. 710,Ramirezburgh,ME,37766,4,4.0,Y,Y,Y,Y,57314.37,25000.0,45.56,2026-06-29 19:53:58.123537+00:00
4374,David,Richardson,2003-02-11,23,2013-08-11,154,A,SMALL_BIZ,85,414 Shawn Court Suite 385,New Gregory,MS,89283,4,4.0,Y,Y,Y,Y,24146.87,10000.0,87.88,2026-06-29 19:53:58.123537+00:00
4377,Rebecca,Salinas,2001-07-16,25,2017-12-13,102,A,MASS,200,62821 Ellis Expressway,Staciemouth,AK,68420,4,3.0,Y,Y,Y,Y,125234.21,10000.0,43.36,2026-06-29 19:53:58.123537+00:00
4383,Taylor,Rodriguez,1963-03-12,63,2014-04-20,146,A,DIGITAL,247,9775 Kimberly Prairie,West Pamela,OH,40814,2,2.0,Y,N,Y,N,61919.64,15000.0,56.02,2026-06-29 19:53:58.123537+00:00
4385,Lisa,Randolph,1988-05-29,38,2023-08-27,34,I,WEALTH,303,97606 Margaret Extensions,Cainland,OR,17016,2,1.0,Y,N,N,Y,71207.93,0.0,0.0,2026-06-29 19:53:58.123537+00:00
4389,Sierra,Wilson,1962-12-01,64,2021-05-17,61,A,DIGITAL,228,100 Wesley Ridges,Micheleville,ND,34706,4,4.0,Y,Y,Y,Y,60532.77,2000.0,94.82,2026-06-29 19:53:58.123537+00:00
4395,Jessica,Chase,1981-10-02,45,2014-04-10,146,I,DIGITAL,37,1154 David Crossing Apt. 814,Kevinfort,AL,81447,1,0.0,Y,N,N,N,71573.65,0.0,0.0,2026-06-29 19:53:58.123537+00:00
4407,Deanna,Farley,1951-12-10,75,2012-12-23,162,I,PREMIER,7,981 Higgins Estates,New Thomashaven,RI,33128,4,4.0,Y,Y,Y,Y,127652.85,2000.0,57.68,2026-06-29 19:53:58.123537+00:00
4412,David,Clark,1963-03-22,63,2022-09-26,45,A,STUDENT,266,278 Mark Island,Wallaceburgh,VA,48031,1,1.0,N,N,N,Y,43734.22,0.0,0.0,2026-06-29 19:53:58.123537+00:00
4447,Christopher,Carrillo,1962-03-06,64,2013-03-18,159,A,DIGITAL,227,70813 Zachary Isle,Pattonside,MS,15143,2,1.0,N,N,Y,Y,52600.16,25000.0,11.4,2026-06-29 19:53:58.123537+00:00
4462,Jamie,Neal,1988-02-13,38,2014-10-24,140,A,STUDENT,363,8911 Derrick Lodge Apt. 868,Andersonshire,NM,53375,4,2.0,Y,Y,Y,Y,48905.5,5000.0,14.61,2026-06-29 19:53:58.123537+00:00
4488,Michelle,Rice,1972-05-29,54,2024-04-18,26,A,DIGITAL,434,01597 Young Fort,South Stephanie,MP,70898,3,3.0,Y,N,Y,Y,102309.93,25000.0,63.97,2026-06-29 19:53:58.123537+00:00
4491,Chelsea,Blackburn,1995-07-03,31,2025-04-03,14,A,PREMIER,95,50244 Austin Fords Apt. 668,Greenestad,UT,62168,2,2.0,N,Y,Y,N,88435.23,25000.0,55.85,2026-06-29 19:53:58.123537+00:00
4493,Christopher,Walker,1963-06-02,63,2017-04-11,110,A,MASS,232,5361 Jeffrey Parkway,South Jaclyn,NE,54078,2,2.0,N,Y,N,Y,134681.14,0.0,0.0,2026-06-29 19:53:58.123537+00:00
4506,Stacey,Martin,1994-09-07,32,2023-12-11,30,A,MASS,479,303 Sharon Points,South Judy,CA,61917,3,3.0,Y,Y,N,Y,42885.93,0.0,0.0,2026-06-29 19:53:58.123537+00:00
4510,Derek,Taylor,1983-04-10,43,2014-12-23,138,I,WEALTH,476,1104 Jamie Square Suite 605,Lopezshire,KY,02070,1,0.0,N,N,N,Y,20440.82,0.0,0.0,2026-06-29 19:53:58.123537+00:00
4512,Jon,Mcdonald,1956-11-18,70,2014-10-06,140,A,SMALL_BIZ,284,26479 Ritter Forks Suite 530,West Markfurt,WI,60994,1,1.0,N,N,Y,N,89.61,2000.0,4.48,2026-06-29 19:53:58.123537+00:00
4523,Kelly,Ibarra,1952-06-09,74,2023-05-20,37,I,WEALTH,13,923 Pruitt Island,East Frank,VT,36229,1,1.0,N,Y,N,N,65067.01,0.0,0.0,2026-06-29 19:53:58.123537+00:00
4527,Daniel,Buchanan,1963-01-03,63,2015-05-18,133,A,PREMIER,97,62458 Emily Port,Stewartbury,SD,09590,2,1.0,N,N,Y,Y,50569.33,15000.0,22.72,2026-06-29 19:53:58.123537+00:00
4541,Michael,Matthews,2003-12-21,23,2020-05-31,73,A,DIGITAL,338,037 Ho Throughway,Avilaberg,GA,72289,4,4.0,Y,Y,Y,Y,92199.14,15000.0,27.18,2026-06-29 19:53:58.123537+00:00
4544,Sierra,Goodman,1953-04-01,73,2024-12-30,18,A,STUDENT,127,9750 Steven Corners,East Markville,MP,19810,2,2.0,Y,N,N,Y,65736.7,0.0,0.0,2026-06-29 19:53:58.123537+00:00
4545,Hunter,Smith,1958-03-24,68,2019-10-23,80,A,WEALTH,349,2072 Rosales Wells,Wrightbury,PA,09582,4,4.0,Y,Y,Y,Y,92381.43,25000.0,85.03,2026-06-29 19:53:58.123537+00:00
4552,Andrew,Martin,1963-08-22,63,2015-07-14,131,A,SMALL_BIZ,354,93671 Brian Crescent,Byrdmouth,DC,33003,3,2.0,Y,Y,N,Y,158437.83,0.0,0.0,2026-06-29 19:53:58.123537+00:00
4563,Edward,Stewart,1992-12-26,34,2014-09-30,141,I,PREMIER,427,75502 Andrea Forges,Arnoldmouth,MH,11861,3,3.0,Y,N,Y,Y,121198.66,15000.0,63.68,2026-06-29 19:53:58.123537+00:00
4566,Elizabeth,Finley,1996-11-16,30,2022-04-10,50,I,WEALTH,379,314 Wanda Forges Suite 291,Lambland,OH,10174,4,4.0,Y,Y,Y,Y,127630.92,5000.0,83.08,2026-06-29 19:53:58.123537+00:00
4576,Mark,Hawkins,1992-08-25,34,2013-02-15,160,A,DIGITAL,309,3620 Fox Roads Apt. 190,Lake Jacobchester,IN,02385,1,1.0,N,N,Y,N,4253.96,5000.0,85.08,2026-06-29 19:53:58.123537+00:00
4577,Kevin,Anderson,1945-05-30,81,2016-02-08,124,A,STUDENT,83,36163 Smith Lock,South Robertoville,WI,94857,1,1.0,Y,N,N,N,19296.21,0.0,0.0,2026-06-29 19:53:58.123537+00:00
4582,David,Graham,1991-09-02,35,2023-01-20,41,A,SMALL_BIZ,120,514 Green Crossroad,Alexandertown,AR,46358,1,1.0,Y,N,N,N,30761.53,0.0,0.0,2026-06-29 19:53:58.123537+00:00
4588,Christopher,Huffman,1999-03-27,27,2024-05-28,25,A,WEALTH,467,8752 Sherman Shoals,Floresberg,KY,30720,3,2.0,Y,N,Y,Y,54798.73,2000.0,21.73,2026-06-29 19:53:58.123537+00:00
4597,Savannah,Tran,1957-03-26,69,2022-01-29,53,A,WEALTH,65,9596 Moses Inlet Apt. 166,Richardborough,IL,64419,2,2.0,Y,N,Y,N,5091.05,5000.0,70.55,2026-06-29 19:53:58.123537+00:00
4598,Lisa,Jackson,1952-05-02,74,2017-09-22,105,A,DIGITAL,483,021 Roberts Track Apt. 078,Port Tammyport,LA,61310,3,3.0,Y,Y,Y,N,78842.09,5000.0,5.14,2026-06-29 19:53:58.123537+00:00
4606,Spencer,Wright,1992-12-10,34,2014-02-17,148,I,MASS,330,2970 Smith Unions Suite 856,Lake Kristen,WA,31719,1,1.0,N,N,Y,N,216.44,5000.0,4.33,2026-06-29 19:53:58.123537+00:00
4610,Michael,Lopez,1975-07-14,51,2025-12-21,6,A,DIGITAL,173,47722 Reed Streets,Howellfurt,GA,25032,1,1.0,N,Y,N,N,60231.11,0.0,0.0,2026-06-29 19:53:58.123537+00:00
4617,Robert,Murray,1972-10-14,54,2018-02-14,100,A,DIGITAL,445,35317 Charles Stravenue Apt. 110,Griffinland,IA,80138,2,2.0,Y,N,N,Y,123695.0,0.0,0.0,2026-06-29 19:53:58.123537+00:00
4618,Tara,Barnes,1975-03-16,51,2013-02-21,160,I,WEALTH,162,42484 Duran Ferry,New Laurie,KS,42094,1,1.0,Y,N,N,N,27546.81,0.0,0.0,2026-06-29 19:53:58.123537+00:00
4634,Keith,Ellis,1949-01-12,77,2018-05-20,97,I,DIGITAL,393,1056 Dean Heights,New John,MA,77027,4,3.0,Y,Y,Y,Y,101849.98,2000.0,22.11,2026-06-29 19:53:58.123537+00:00
4649,Jennifer,Wolf,1955-10-02,71,2021-08-18,58,I,MASS,230,078 Harris Brook Suite 700,Brianstad,DC,86529,2,2.0,Y,N,N,Y,78141.54,0.0,0.0,2026-06-29 19:53:58.123537+00:00
4652,Katrina,Lee,1961-02-08,65,2019-10-25,80,A,DIGITAL,447,00320 Parker Mountain,Brianburgh,NC,68030,2,2.0,Y,N,N,Y,33806.82,0.0,0.0,2026-06-29 19:53:58.123537+00:00
4653,Megan,Mooney,1970-11-09,56,2019-07-26,83,A,SMALL_BIZ,294,5491 Roberts Estate,Ronniemouth,GU,25154,2,0.0,Y,N,Y,N,84886.05,25000.0,70.18,2026-06-29 19:53:58.123537+00:00
4656,Austin,Rodriguez,1969-04-04,57,2021-01-29,65,A,SMALL_BIZ,193,58404 Lopez Gardens Apt. 760,Port Kimberly,PR,57171,1,1.0,Y,N,N,N,59903.21,0.0,0.0,2026-06-29 19:53:58.123537+00:00
4665,Jason,Reid,1982-04-17,44,2016-06-09,120,I,PREMIER,79,1269 Makayla Shoals Suite 633,Knappburgh,CA,18256,3,3.0,Y,Y,Y,N,60922.01,15000.0,84.2,2026-06-29 19:53:58.123537+00:00
4696,Jessica,Webb,1985-10-08,41,2025-04-24,14,I,STUDENT,135,4744 Diana Corners,Kingport,DE,54082,1,1.0,N,N,Y,N,9266.34,15000.0,61.78,2026-06-29 19:53:58.123537+00:00
4702,Pamela,Soto,1980-11-11,46,2020-01-29,77,A,WEALTH,167,03133 Brandon Points,Lake Dianaland,CA,86597,2,2.0,N,Y,N,Y,122727.47,0.0,0.0,2026-06-29 19:53:58.123537+00:00
4704,Hannah,Rodriguez,1980-01-09,46,2023-04-13,38,A,SMALL_BIZ,385,148 Mccormick Knoll Suite 027,Anthonyhaven,CA,03434,3,2.0,Y,N,Y,Y,67654.15,25000.0,16.24,2026-06-29 19:53:58.123537+00:00
4709,Kimberly,Evans,1960-01-17,66,2025-06-25,12,I,STUDENT,485,23370 Parker Viaduct,Valenciaburgh,MS,95139,1,1.0,N,N,N,Y,9766.31,0.0,0.0,2026-06-29 19:53:58.123537+00:00
4717,Rebecca,Hayes,1977-09-13,49,2021-01-10,65,A,PREMIER,488,214 Janet Unions,Baxterside,AS,10802,2,1.0,N,N,Y,Y,65508.43,25000.0,37.37,2026-06-29 19:53:58.123537+00:00
4731,Karen,Webster,1962-06-20,64,2019-01-07,89,A,SMALL_BIZ,294,442 Williams Burg,North Joshua,CA,70034,2,2.0,Y,N,N,Y,93687.22,0.0,0.0,2026-06-29 19:53:58.123537+00:00
4741,Tyler,Gray,1988-03-14,38,2023-03-26,39,A,STUDENT,248,85766 Day Prairie,New Ebony,VT,64051,1,1.0,N,N,N,Y,7888.14,0.0,0.0,2026-06-29 19:53:58.123537+00:00
4742,Christian,Vaughn,1968-06-05,58,2025-02-20,16,A,MASS,490,763 Roberts Forges,Carlsonberg,NJ,82422,3,3.0,Y,N,Y,Y,87264.73,2000.0,16.55,2026-06-29 19:53:58.123537+00:00
4751,Stephen,Wyatt,1957-07-27,69,2018-09-29,93,A,PREMIER,189,100 Willie Cove,Ruizberg,NV,17710,4,4.0,Y,Y,Y,Y,112001.63,25000.0,6.55,2026-06-29 19:53:58.123537+00:00
4754,Casey,Bush,1966-10-18,60,2015-04-17,134,A,PREMIER,480,03955 Ashley Grove Apt. 713,Christopherfurt,UT,06775,2,2.0,Y,Y,N,N,73393.91,0.0,0.0,2026-06-29 19:53:58.123537+00:00
4756,Cynthia,Harris,1972-06-07,54,2025-08-23,10,I,MASS,84,408 Gloria Shores,Taylorland,TN,34202,1,1.0,N,N,N,Y,2376.3,0.0,0.0,2026-06-29 19:53:58.123537+00:00
4763,Sara,Johnston,1981-02-25,45,2023-05-04,37,A,SMALL_BIZ,145,8001 Ronald Squares,Brownshire,UT,23427,4,3.0,Y,Y,Y,Y,81479.83,25000.0,16.02,2026-06-29 19:53:58.123537+00:00
4765,Michelle,Sims,1992-02-26,34,2025-03-06,15,A,WEALTH,33,61568 Kristin Cliffs,Lake Erinchester,SD,58655,2,2.0,Y,Y,N,N,79724.4,0.0,0.0,2026-06-29 19:53:58.123537+00:00
4768,Susan,Rodriguez,1959-07-22,67,2016-04-06,122,A,MASS,174,43209 Simpson Shores,Christinehaven,FL,40412,1,1.0,N,N,N,Y,39901.45,0.0,0.0,2026-06-29 19:53:58.123537+00:00
4775,Trevor,Kelley,1976-07-06,50,2012-06-17,168,A,PREMIER,330,2017 Robin Brook Apt. 876,Meganburgh,AZ,23165,3,2.0,Y,Y,N,Y,87427.97,0.0,0.0,2026-06-29 19:53:58.123537+00:00
4780,Tara,Lopez,1996-10-28,30,2024-07-08,23,A,STUDENT,392,84352 Sullivan Route,North Mariahfurt,DC,25317,4,3.0,Y,Y,Y,Y,103673.67,2000.0,69.18,2026-06-29 19:53:58.123537+00:00
4781,Joseph,Jackson,1950-01-18,76,2013-06-24,156,A,PREMIER,343,3886 Morris Crossing,Thomasville,KS,94465,1,1.0,Y,N,N,N,16809.39,0.0,0.0,2026-06-29 19:53:58.123537+00:00
4785,Hannah,Norris,1945-12-07,81,2012-05-02,169,A,SMALL_BIZ,42,29036 Jackson Ferry Apt. 576,Leeburgh,VA,60197,2,2.0,Y,Y,N,N,115967.06,0.0,0.0,2026-06-29 19:53:58.123537+00:00
4787,Mary,Day,1966-05-13,60,2023-02-20,40,I,DIGITAL,78,20776 Jennifer Stravenue,Andersonborough,FM,96259,3,2.0,Y,N,Y,Y,102456.44,15000.0,56.05,2026-06-29 19:53:58.123537+00:00
4790,Jill,Wells,1972-09-08,54,2020-04-02,74,A,WEALTH,82,5644 Kristen Mission,North Anthony,SC,11874,3,3.0,Y,Y,Y,N,143321.65,25000.0,18.82,2026-06-29 19:53:58.123537+00:00
4797,Reginald,Benson,1973-04-23,53,2013-09-19,153,A,SMALL_BIZ,346,449 Andrew Mountains Suite 506,North Danielle,NH,32771,2,2.0,N,Y,N,Y,25999.34,0.0,0.0,2026-06-29 19:53:58.123537+00:00
4816,Jessica,Aguilar,1990-07-28,36,2025-06-18,12,I,DIGITAL,62,316 Roberts Fort Suite 305,Lake Rachael,ID,80212,4,3.0,Y,Y,Y,Y,122771.03,15000.0,25.23,2026-06-29 19:53:58.123537+00:00
4817,Lauren,Wells,1961-12-06,65,2023-10-10,32,I,WEALTH,90,072 Lopez Groves,North Dennisshire,SD,41361,1,1.0,N,N,Y,N,16140.77,25000.0,64.56,2026-06-29 19:53:58.123537+00:00
4832,Meghan,Anderson,1943-09-03,83,2015-11-03,127,A,MASS,187,98085 Kevin Drive Apt. 586,Crystalchester,TN,22834,1,1.0,N,Y,N,N,14579.72,0.0,0.0,2026-06-29 19:53:58.123537+00:00
4849,Judy,Perkins,1974-08-15,52,2025-06-03,12,A,PREMIER,295,33441 Johnson Mountain Suite 863,Sheltonberg,KY,06135,1,1.0,N,N,Y,N,12337.05,15000.0,82.25,2026-06-29 19:53:58.123537+00:00
4861,Mario,Allen,1942-04-19,84,2016-11-27,115,A,DIGITAL,387,6249 Martinez Plains Apt. 367,West Deborahmouth,TN,95704,1,1.0,N,N,N,Y,20032.03,0.0,0.0,2026-06-29 19:53:58.123537+00:00
4866,Amber,Davis,1995-10-08,31,2022-01-10,53,A,WEALTH,487,30610 Cooper Vista,Barbermouth,IN,12575,4,4.0,Y,Y,Y,Y,112470.97,2000.0,44.88,2026-06-29 19:53:58.123537+00:00
4874,Andrea,Rivera,1993-03-09,33,2025-09-01,9,A,SMALL_BIZ,243,2729 Christina Common Apt. 370,Sarahtown,KS,55052,2,2.0,N,Y,Y,N,68493.42,10000.0,78.36,2026-06-29 19:53:58.123537+00:00
4876,Michael,Smith,1994-03-04,32,2026-01-11,5,A,SMALL_BIZ,252,069 Lewis Point,Marcusland,TX,46667,3,3.0,Y,Y,Y,N,134244.45,2000.0,43.89,2026-06-29 19:53:58.123537+00:00
4878,Brian,Simmons,1972-08-15,54,2014-01-26,149,A,WEALTH,130,199 West Mount,South Katherine,HI,14792,1,1.0,N,Y,N,N,55534.09,0.0,0.0,2026-06-29 19:53:58.123537+00:00
4891,Jimmy,Grant,1974-06-11,52,2013-09-17,153,A,WEALTH,57,314 Thomas Stream,Jacobstad,MD,94341,3,3.0,Y,Y,Y,N,134729.09,2000.0,92.93,2026-06-29 19:53:58.123537+00:00
4898,Melissa,Ramos,1971-02-06,55,2026-05-17,1,A,SMALL_BIZ,485,2394 Cunningham Glens Apt. 609,South Davidfurt,SD,42376,3,3.0,Y,Y,Y,N,107263.63,10000.0,97.53,2026-06-29 19:53:58.123537+00:00
4901,Theresa,Rodriguez,1965-09-19,61,2012-01-13,173,A,SMALL_BIZ,279,3209 Archer Tunnel,East Richard,MS,17623,3,3.0,Y,Y,Y,N,94495.73,5000.0,5.15,2026-06-29 19:53:58.123537+00:00
4902,Timothy,Turner,1975-09-05,51,2018-12-16,90,A,WEALTH,18,4195 Levine Ranch,North Robert,ME,21059,2,2.0,N,Y,Y,N,47940.81,25000.0,62.49,2026-06-29 19:53:58.123537+00:00
4909,Craig,Page,1996-04-27,30,2022-12-04,42,A,STUDENT,135,9098 Curry Gateway,West Lindaville,SD,42671,2,2.0,N,N,Y,Y,22835.75,5000.0,12.1,2026-06-29 19:53:58.123537+00:00
4911,Elizabeth,Hall,1972-07-20,54,2011-07-12,179,I,PREMIER,287,5543 Brown Pine Apt. 676,Lake Jodi,MH,12355,2,2.0,N,N,Y,Y,2415.42,15000.0,9.4,2026-06-29 19:53:58.123537+00:00
4924,Joshua,Mays,1944-10-22,82,2012-10-28,164,I,DIGITAL,321,6564 Flores Square,Lake Sarahtown,AK,62365,3,3.0,N,Y,Y,Y,48819.06,2000.0,10.71,2026-06-29 19:53:58.123537+00:00
4925,Thomas,Wilson,1955-07-21,71,2025-03-14,15,A,SMALL_BIZ,186,05146 Tiffany Burgs Suite 327,Morganfurt,ID,21499,3,3.0,Y,Y,Y,N,25800.54,2000.0,44.18,2026-06-29 19:53:58.123537+00:00
4940,John,Henry,1980-11-21,46,2026-03-24,3,A,MASS,438,0328 Taylor Dale,Cathychester,AS,12984,4,4.0,Y,Y,Y,Y,26415.88,5000.0,45.2,2026-06-29 19:53:58.123537+00:00
4943,Amy,Nunez,1941-12-16,85,2023-05-26,37,I,MASS,273,00584 Larry Islands Apt. 525,Nealmouth,VI,40181,3,2.0,Y,N,Y,Y,42901.83,5000.0,1.73,2026-06-29 19:53:58.123537+00:00
4951,John,Atkinson,1970-10-07,56,2021-10-14,56,A,STUDENT,456,964 Rachael Forges,Garrettside,LA,93278,3,3.0,N,Y,Y,Y,41456.12,15000.0,25.09,2026-06-29 19:53:58.123537+00:00
4975,Kristin,Graham,1967-03-06,59,2013-10-12,152,A,MASS,221,56188 Michael Lodge Suite 259,Lake Amy,OK,20879,3,3.0,Y,N,Y,Y,139523.48,15000.0,98.31,2026-06-29 19:53:58.123537+00:00
4985,Allison,Zavala,1993-02-12,33,2017-05-17,109,A,MASS,55,5337 Roger Well,East Cheryl,TX,30215,1,1.0,Y,N,N,N,55335.19,0.0,0.0,2026-06-29 19:53:58.123537+00:00
4989,Jamie,Morgan,1946-01-08,80,2023-12-12,30,A,WEALTH,77,2100 Carpenter Shore,Aprilton,PR,73564,3,3.0,Y,Y,N,Y,162248.72,0.0,0.0,2026-06-29 19:53:58.123537+00:00
4994,Erin,Thompson,1976-07-21,50,2017-05-11,109,A,STUDENT,316,155 Mckay Path,Jessicastad,MI,09885,3,3.0,Y,Y,Y,N,76411.7,25000.0,65.23,2026-06-29 19:53:58.123537+00:00
4997,Becky,Harmon,1993-03-19,33,2018-07-26,95,A,DIGITAL,404,31762 Ruth Harbors,Andersonton,ID,74356,2,1.0,Y,N,N,Y,40343.31,0.0,0.0,2026-06-29 19:53:58.123537+00:00
4,Debra,Gardner,1943-04-09,83,2014-06-16,144,A,STUDENT,217,6841 Phillips Loop Apt. 517,Troymouth,WV,09411,1,1.0,N,N,Y,N,1050.51,2000.0,52.53,2026-06-29 19:53:58.123537+00:00
7,Christopher,Davis,2005-08-15,21,2016-07-06,119,A,SMALL_BIZ,333,2376 Williams Cliff,Douglaschester,ME,28550,1,1.0,Y,N,N,N,61713.32,0.0,0.0,2026-06-29 19:53:58.123537+00:00
13,Mitchell,Clark,1984-01-30,42,2016-12-06,114,I,PREMIER,374,3468 Thomas Centers,Taylorborough,WI,88577,4,3.0,Y,Y,Y,Y,145142.4,25000.0,57.75,2026-06-29 19:53:58.123537+00:00
21,Brenda,Hurst,1979-02-07,47,2015-05-30,133,A,SMALL_BIZ,137,9117 Rachael Spurs Suite 027,New Tammy,MH,04849,1,1.0,N,Y,N,N,74602.28,0.0,0.0,2026-06-29 19:53:58.123537+00:00
37,Amber,Blair,1969-11-03,57,2014-08-26,142,A,STUDENT,33,7824 Singh Club,Lake Wesleyberg,KS,53519,4,4.0,Y,Y,Y,Y,127441.78,10000.0,38.96,2026-06-29 19:53:58.123537+00:00
39,David,Walker,1970-11-04,56,2019-03-19,87,A,STUDENT,441,5061 Kim Keys,North Danielburgh,MD,00792,2,2.0,Y,N,N,Y,36215.76,0.0,0.0,2026-06-29 19:53:58.123537+00:00
42,John,Caldwell,1999-02-01,27,2012-07-19,167,A,WEALTH,81,72386 Jennifer Knoll Suite 285,Stephenmouth,TN,62175,4,2.0,Y,Y,Y,Y,106019.71,15000.0,91.41,2026-06-29 19:53:58.123537+00:00
59,Joe,Wilson,1981-05-11,45,2021-07-25,59,A,PREMIER,127,86785 Susan Springs,South Rebeccafurt,NC,67097,1,1.0,Y,N,N,N,77958.45,0.0,0.0,2026-06-29 19:53:58.123537+00:00
69,Dennis,Wilson,1985-12-08,41,2025-07-01,11,A,MASS,217,45275 Hayes Courts,Brandonbury,AR,48886,1,1.0,N,N,N,Y,35853.5,0.0,0.0,2026-06-29 19:53:58.123537+00:00
74,Joyce,Arnold,1984-03-05,42,2015-05-26,133,A,DIGITAL,143,1388 Cooper Junctions Apt. 091,Brookefurt,WA,58644,3,3.0,Y,N,Y,Y,106303.07,10000.0,18.8,2026-06-29 19:53:58.123537+00:00
77,Kyle,Nolan,1951-06-01,75,2013-05-23,157,A,PREMIER,475,09966 Patterson Forges,Martintown,ID,85287,1,1.0,N,N,N,Y,47356.02,0.0,0.0,2026-06-29 19:53:58.123537+00:00
83,Lisa,Adams,1995-03-29,31,2024-05-19,25,A,DIGITAL,98,743 Mullins Fort Apt. 894,East Danielhaven,MD,75898,2,1.0,N,N,Y,Y,51633.59,10000.0,9.61,2026-06-29 19:53:58.123537+00:00
90,Daniel,Hamilton,2005-12-24,21,2015-06-14,132,A,WEALTH,62,185 Kathleen Cove,West Jillfort,MH,33223,1,1.0,Y,N,N,N,53217.54,0.0,0.0,2026-06-29 19:53:58.123537+00:00
95,Lee,Charles,1985-12-29,40,2016-06-01,120,A,MASS,203,328 Michelle Track,Lopezbury,TX,76492,1,1.0,N,Y,N,N,32168.2,0.0,0.0,2026-06-29 19:53:58.123537+00:00
99,Aaron,Mitchell,1961-08-27,65,2019-08-31,82,A,MASS,68,9116 Jonathan Run Apt. 031,Lake Stephanieville,MS,54509,2,1.0,Y,Y,N,N,44678.37,0.0,0.0,2026-06-29 19:53:58.123537+00:00
106,James,Horton,1969-04-04,57,2020-11-19,67,A,MASS,145,274 Cervantes Turnpike,New Jerry,LA,39257,4,3.0,Y,Y,Y,Y,51634.4,5000.0,60.03,2026-06-29 19:53:58.123537+00:00
110,Stephen,Solis,1958-03-10,68,2024-02-23,28,A,PREMIER,2,7374 George Lodge Suite 072,South Nicholas,AR,38798,1,1.0,Y,N,N,N,49813.86,0.0,0.0,2026-06-29 19:53:58.123537+00:00
117,Jesse,Benson,1977-09-06,49,2013-07-22,155,A,DIGITAL,350,3043 Nolan Ford,New Manuelshire,MO,65253,4,4.0,Y,Y,Y,Y,82484.12,15000.0,75.65,2026-06-29 19:53:58.123537+00:00
143,Jasmine,Graham,1984-01-28,42,2023-11-08,31,A,WEALTH,357,93922 Anderson Track Suite 772,Bryantstad,NV,88902,4,2.0,Y,Y,Y,Y,152196.93,15000.0,15.5,2026-06-29 19:53:58.123537+00:00
147,Steven,Bishop,2000-07-23,26,2015-02-16,136,A,MASS,108,986 Jennifer Summit,Port Jeffreyshire,MD,81555,3,3.0,Y,N,Y,Y,67858.54,5000.0,43.41,2026-06-29 19:53:58.123537+00:00
148,Melissa,White,1966-11-19,60,2011-12-02,174,A,WEALTH,227,389 Ware Knoll Suite 997,Hudsonfort,OH,82688,4,3.0,Y,Y,Y,Y,173809.65,25000.0,31.37,2026-06-29 19:53:58.123537+00:00
153,Heather,Torres,1947-09-23,79,2014-10-18,140,A,SMALL_BIZ,159,697 Wells Underpass Apt. 712,Kaylastad,MS,55970,1,1.0,Y,N,N,N,29702.91,0.0,0.0,2026-06-29 19:53:58.123537+00:00
165,Brian,Hernandez,1946-06-15,80,2020-11-17,67,A,WEALTH,426,37922 Gillespie Extension Apt. 915,East Jefferyport,IL,72513,3,3.0,Y,Y,N,Y,120361.05,0.0,0.0,2026-06-29 19:53:58.123537+00:00
179,Troy,Miller,2004-08-25,22,2018-12-16,90,I,WEALTH,276,2386 Rogers Loop Apt. 677,Wendystad,OK,47126,2,2.0,N,Y,Y,N,77498.58,2000.0,34.02,2026-06-29 19:53:58.123537+00:00
186,Mark,Steele,1986-05-22,40,2024-04-14,26,A,PREMIER,330,6881 Patricia Forks,Noahville,TX,24176,4,3.0,Y,Y,Y,Y,77531.28,2000.0,3.52,2026-06-29 19:53:58.123537+00:00
187,Lisa,Pierce,1960-10-19,66,2025-08-04,10,A,WEALTH,94,876 Kayla Estates Suite 794,Ramirezton,OH,08355,4,3.0,Y,Y,Y,Y,162059.88,15000.0,0.67,2026-06-29 19:53:58.123537+00:00
202,Amanda,Reed,1974-04-18,52,2013-09-15,153,A,WEALTH,483,0702 Vasquez Passage,Patriciamouth,RI,69108,2,2.0,N,N,Y,Y,68135.41,25000.0,96.66,2026-06-29 19:53:58.123537+00:00
211,Debra,Christian,1964-03-04,62,2021-10-28,56,A,SMALL_BIZ,268,7313 Jones Streets Suite 419,Lake Robertmouth,ME,42113,4,4.0,Y,Y,Y,Y,162613.31,10000.0,66.73,2026-06-29 19:53:58.123537+00:00
216,Heather,Berger,1999-12-14,27,2018-02-09,100,A,WEALTH,292,5331 Goodwin Groves Suite 060,Debbieport,CT,13100,4,4.0,Y,Y,Y,Y,67161.0,2000.0,11.59,2026-06-29 19:53:58.123537+00:00
219,Monica,Harvey,1952-11-17,74,2012-09-01,165,A,MASS,175,184 Blair Loaf,Wagnerfurt,IL,97626,2,2.0,Y,N,N,Y,46690.5,0.0,0.0,2026-06-29 19:53:58.123537+00:00
224,James,Cruz,1958-04-01,68,2024-02-07,28,A,WEALTH,406,58719 Thomas Causeway Suite 925,Port Rebecca,AS,00787,4,3.0,Y,Y,Y,Y,101304.79,15000.0,71.88,2026-06-29 19:53:58.123537+00:00
263,Krista,Camacho,2004-10-31,22,2012-02-20,172,A,PREMIER,31,80204 Joseph Squares,South Lindashire,CA,18149,3,3.0,N,Y,Y,Y,119369.7,5000.0,69.89,2026-06-29 19:53:58.123537+00:00
275,Brenda,Hoffman,1995-11-17,31,2019-10-16,80,A,WEALTH,179,5761 Mccall Orchard Apt. 667,Lake Christopher,VA,21383,1,1.0,N,N,Y,N,2023.65,15000.0,13.49,2026-06-29 19:53:58.123537+00:00
294,Adrian,Burgess,1958-08-11,68,2016-05-20,121,A,STUDENT,75,348 Christine Vista,Nicoleview,KS,70061,1,1.0,N,Y,N,N,71768.16,0.0,0.0,2026-06-29 19:53:58.123537+00:00
295,Jane,Mason,1953-04-06,73,2017-02-28,112,A,STUDENT,261,21318 Robert Manors Suite 405,Reidport,IN,84432,2,0.0,Y,N,Y,N,44793.35,10000.0,42.11,2026-06-29 19:53:58.123537+00:00
305,Dwayne,Gonzalez,1996-02-05,30,2015-01-06,137,A,PREMIER,163,107 Courtney Springs Suite 117,East Elizabethview,AL,84299,3,3.0,Y,Y,Y,N,100614.1,25000.0,18.49,2026-06-29 19:53:58.123537+00:00
312,Chase,Lin,1945-04-21,81,2023-11-24,31,A,SMALL_BIZ,74,435 Fernandez Tunnel Suite 590,Clarkville,FL,69057,4,2.0,Y,Y,Y,Y,79369.21,2000.0,31.5,2026-06-29 19:53:58.123537+00:00
317,William,Thompson,1964-07-02,62,2022-02-23,52,A,STUDENT,19,454 Rodriguez Springs,New Robin,NV,94638,2,1.0,N,N,Y,Y,5599.1,2000.0,21.32,2026-06-29 19:53:58.123537+00:00
328,Henry,Lewis,1965-09-25,61,2016-11-24,115,A,STUDENT,74,214 Fields Way Suite 165,Port Mary,NH,29301,1,1.0,N,N,Y,N,16851.79,25000.0,67.41,2026-06-29 19:53:58.123537+00:00
329,Jeremy,Taylor,2004-12-25,22,2018-09-29,93,A,SMALL_BIZ,131,50710 Sanders Locks Apt. 367,West Barbaraview,DE,16180,2,2.0,Y,N,N,Y,41257.45,0.0,0.0,2026-06-29 19:53:58.123537+00:00
330,Craig,Wise,1946-08-30,80,2024-02-02,28,A,SMALL_BIZ,5,9631 Gutierrez Bypass Suite 087,Christinaland,VI,19993,1,1.0,N,Y,N,N,55047.36,0.0,0.0,2026-06-29 19:53:58.123537+00:00
340,Morgan,Spencer,1958-03-29,68,2021-01-20,65,A,STUDENT,382,7085 Jefferson Expressway Suite 823,Judithview,ID,91481,3,3.0,Y,Y,N,Y,87104.96,0.0,0.0,2026-06-29 19:53:58.123537+00:00
357,Cynthia,Zavala,1967-08-26,59,2018-07-03,95,A,WEALTH,189,04509 Ryan Ville Apt. 533,West Anthony,MO,93595,1,1.0,Y,N,N,N,13799.4,0.0,0.0,2026-06-29 19:53:58.123537+00:00
360,Amy,Li,1963-10-09,63,2012-02-25,172,A,PREMIER,318,008 Garcia Divide,Freemanton,CO,94003,2,1.0,Y,N,Y,N,9866.49,5000.0,3.61,2026-06-29 19:53:58.123537+00:00
363,Bradley,Gonzalez,1972-02-26,54,2015-11-13,127,A,SMALL_BIZ,210,0917 Johnson Junctions,Lake Bethburgh,MS,60987,1,1.0,N,N,Y,N,5770.23,25000.0,23.08,2026-06-29 19:53:58.123537+00:00
371,Christopher,Guerrero,1978-01-14,48,2016-04-13,122,A,SMALL_BIZ,190,7099 Xavier Crest,East Abigailmouth,WV,14534,1,1.0,Y,N,N,N,23289.18,0.0,0.0,2026-06-29 19:53:58.123537+00:00
378,Ashley,Jacobs,1966-01-13,60,2017-03-15,111,A,DIGITAL,403,0242 Ronald Garden,Wrightborough,NH,33188,1,1.0,N,N,Y,N,3697.95,10000.0,36.98,2026-06-29 19:53:58.123537+00:00
403,Darlene,Ray,1943-05-24,83,2012-03-02,171,A,WEALTH,232,09454 Sandra Plain,Rachelborough,OH,97070,4,4.0,Y,Y,Y,Y,103430.8,5000.0,89.29,2026-06-29 19:53:58.123537+00:00
416,Michael,Williams,2006-04-04,20,2014-09-13,141,A,DIGITAL,434,4918 Smith Square,Lake Jorge,WV,45821,4,4.0,Y,Y,Y,Y,132753.15,15000.0,67.5,2026-06-29 19:53:58.123537+00:00
417,Destiny,Ruiz,1974-08-25,52,2024-08-26,22,A,STUDENT,189,6512 Richard Brooks Suite 119,Kelseymouth,IL,84279,3,3.0,N,Y,Y,Y,99721.49,5000.0,94.07,2026-06-29 19:53:58.123537+00:00
421,Joshua,Hays,1975-04-11,51,2022-11-23,43,A,MASS,180,2567 Paula Estate Suite 188,Kellymouth,GU,43520,4,4.0,Y,Y,Y,Y,127283.68,2000.0,14.03,2026-06-29 19:53:58.123537+00:00
434,Erin,Johnson,1997-11-06,29,2013-09-11,153,A,STUDENT,342,953 Carter Ferry Suite 257,Schaeferside,OR,75165,4,3.0,Y,Y,Y,Y,198972.75,5000.0,33.08,2026-06-29 19:53:58.123537+00:00
437,Jill,Brown,2003-03-02,23,2024-07-05,23,A,DIGITAL,392,338 Davis Crossroad Apt. 628,West Jenniferchester,MO,07522,4,3.0,Y,Y,Y,Y,106169.51,10000.0,18.31,2026-06-29 19:53:58.123537+00:00
448,Timothy,Harris,1971-02-17,55,2015-04-26,134,A,SMALL_BIZ,471,6452 Bowman Point,Burchhaven,AL,22599,4,2.0,Y,Y,Y,Y,172103.36,5000.0,92.57,2026-06-29 19:53:58.123537+00:00
452,Kelli,Smith,1989-07-21,37,2012-12-27,162,A,DIGITAL,171,92335 Sweeney Parkways,Stanleyberg,MH,68063,3,3.0,Y,N,Y,Y,79936.67,2000.0,45.44,2026-06-29 19:53:58.123537+00:00
461,Amy,Snyder,1960-07-22,66,2026-03-31,3,A,SMALL_BIZ,162,25546 Peterson Gateway,West Sean,NY,46261,3,3.0,Y,Y,N,Y,76933.14,0.0,0.0,2026-06-29 19:53:58.123537+00:00
462,Taylor,Lee,2004-05-16,22,2024-03-09,27,A,PREMIER,241,844 Smith Viaduct Apt. 450,Elizabethfurt,IL,26168,2,1.0,Y,Y,N,N,79539.09,0.0,0.0,2026-06-29 19:53:58.123537+00:00
478,William,Armstrong,1945-08-18,81,2019-08-30,82,A,SMALL_BIZ,332,3509 Bradley Station,West Jerry,GA,79690,4,4.0,Y,Y,Y,Y,66856.95,5000.0,15.51,2026-06-29 19:53:58.123537+00:00
485,Sarah,Johnson,2004-02-09,22,2012-07-09,167,A,DIGITAL,344,529 Joseph Gateway Suite 650,Duncanberg,NH,87085,4,2.0,Y,Y,Y,Y,141302.22,25000.0,27.28,2026-06-29 19:53:58.123537+00:00
530,Timothy,Freeman,1986-03-01,40,2020-09-08,69,I,PREMIER,326,8320 Rachel Unions,West Kristopher,MS,25794,1,1.0,N,Y,N,N,23596.62,0.0,0.0,2026-06-29 19:53:58.123537+00:00
542,Thomas,Williams,1999-08-27,27,2024-09-24,21,A,MASS,19,043 Thomas Bridge Apt. 889,West Kim,WY,71257,1,0.0,N,Y,N,N,24057.88,0.0,0.0,2026-06-29 19:53:58.123537+00:00
560,Christopher,Santana,1961-01-16,65,2017-04-11,110,A,SMALL_BIZ,188,9366 Krueger Heights,Amberfurt,WY,96789,4,3.0,Y,Y,Y,Y,110489.15,5000.0,18.37,2026-06-29 19:53:58.123537+00:00
571,Lisa,Long,1957-09-25,69,2017-02-06,112,A,WEALTH,89,936 Randolph Expressway Suite 017,Rollinsfort,TN,69941,4,4.0,Y,Y,Y,Y,37701.6,15000.0,45.34,2026-06-29 19:53:58.123537+00:00
587,Darren,Shepard,1969-05-12,57,2025-11-02,7,A,DIGITAL,222,760 Devin Lane Suite 499,Ginaport,IA,59524,1,1.0,N,N,Y,N,250.19,2000.0,12.51,2026-06-29 19:53:58.123537+00:00
609,Mary,Burns,1987-05-14,39,2017-09-09,105,A,WEALTH,63,0238 Faulkner Divide,East Chadstad,RI,10371,4,3.0,Y,Y,Y,Y,112605.51,2000.0,77.92,2026-06-29 19:53:58.123537+00:00
615,Maria,Potter,2007-10-21,19,2013-01-07,161,I,WEALTH,451,4983 Anthony Fords,North Hayley,CT,95279,3,3.0,Y,Y,N,Y,80729.49,0.0,0.0,2026-06-29 19:53:58.123537+00:00
623,Sydney,Floyd,1987-01-02,39,2012-11-28,163,A,PREMIER,292,999 Ryan Key Apt. 595,East Andrea,NJ,85996,2,2.0,N,Y,Y,N,72997.68,15000.0,75.84,2026-06-29 19:53:58.123537+00:00
625,Jennifer,Poole,1999-07-08,27,2015-03-20,135,A,WEALTH,259,36098 Sarah Center Suite 045,Reidville,RI,86275,4,4.0,Y,Y,Y,Y,102914.65,10000.0,82.13,2026-06-29 19:53:58.123537+00:00
630,Jessica,Simon,1941-08-28,85,2023-01-15,41,A,WEALTH,257,35120 Diaz Radial,Silvamouth,WI,62017,3,2.0,Y,N,Y,Y,82130.39,10000.0,77.74,2026-06-29 19:53:58.123537+00:00
634,Matthew,Fleming,1979-06-04,47,2018-09-24,93,A,MASS,477,38790 James Extensions Apt. 082,North Kevin,NC,39002,2,2.0,Y,N,N,Y,87921.54,0.0,0.0,2026-06-29 19:53:58.123537+00:00
643,Lisa,Mcneil,1942-02-11,84,2021-11-13,55,A,DIGITAL,269,046 Garcia Haven Suite 446,Toddhaven,CA,38827,4,3.0,Y,Y,Y,Y,148460.69,10000.0,26.01,2026-06-29 19:53:58.123537+00:00
649,Glenda,Heath,1951-08-20,75,2017-08-19,106,A,SMALL_BIZ,373,119 White Crest,Meyersside,IA,37896,1,1.0,N,Y,N,N,47399.26,0.0,0.0,2026-06-29 19:53:58.123537+00:00
652,Angela,Greene,1960-01-18,66,2012-09-30,165,A,MASS,490,24198 Thomas Estates,Kellystad,HI,05392,1,1.0,Y,N,N,N,11894.12,0.0,0.0,2026-06-29 19:53:58.123537+00:00
659,Kathryn,Best,1965-12-22,61,2021-09-05,57,A,WEALTH,179,7904 Carney Isle Apt. 242,West Carlachester,KS,19810,1,1.0,N,N,N,Y,11752.89,0.0,0.0,2026-06-29 19:53:58.123537+00:00
666,Holly,Blair,1987-02-14,39,2012-06-23,168,A,STUDENT,357,3209 Nicholas Forges,North Keithchester,KY,14702,4,4.0,Y,Y,Y,Y,53681.2,10000.0,69.24,2026-06-29 19:53:58.123537+00:00
672,Kelsey,Johnson,1959-07-01,67,2024-09-18,21,I,PREMIER,494,16328 Julia Lake Apt. 964,New Sharon,NY,83223,3,3.0,Y,Y,N,Y,114743.99,0.0,0.0,2026-06-29 19:53:58.123537+00:00
686,Trevor,Barton,1972-07-28,54,2020-04-26,74,A,SMALL_BIZ,132,42100 Kevin Ramp Suite 117,Roseview,MN,27861,1,1.0,N,Y,N,N,36511.22,0.0,0.0,2026-06-29 19:53:58.123537+00:00
692,Christopher,Morse,2008-04-14,18,2022-02-08,52,A,DIGITAL,245,285 Holmes Port,Kellychester,LA,75455,1,1.0,Y,N,N,N,47447.42,0.0,0.0,2026-06-29 19:53:58.123537+00:00
698,James,Chan,1959-09-18,67,2012-08-08,166,A,MASS,82,359 Williams Avenue Apt. 820,Garciaborough,NC,72774,1,0.0,Y,N,N,N,11506.79,0.0,0.0,2026-06-29 19:53:58.123537+00:00
709,Jonathan,Hess,1984-09-07,42,2020-03-06,75,A,DIGITAL,294,84788 Moran Row Suite 888,Michaelhaven,SC,92846,3,2.0,Y,Y,Y,N,134916.48,2000.0,67.46,2026-06-29 19:53:58.123537+00:00
713,Anthony,Vega,1996-07-17,30,2017-05-20,109,A,PREMIER,233,84929 Brown Trail,Jamiechester,ND,58725,1,1.0,N,N,N,Y,38407.04,0.0,0.0,2026-06-29 19:53:58.123537+00:00
723,Terri,Garcia,1992-11-13,34,2026-05-27,1,A,WEALTH,193,793 Katelyn Ridge Apt. 383,New Sean,NE,73103,4,4.0,Y,Y,Y,Y,123523.5,10000.0,21.5,2026-06-29 19:53:58.123537+00:00
725,Jeffrey,Bradford,1945-03-28,81,2026-05-10,1,A,DIGITAL,276,42995 Amber Mountain,Lake Eric,TN,83230,1,1.0,N,Y,N,N,48608.61,0.0,0.0,2026-06-29 19:53:58.123537+00:00
738,Grant,Novak,2005-11-08,21,2021-03-05,63,A,DIGITAL,418,1927 Grace Landing Suite 874,Johnsonfurt,MS,20578,2,1.0,Y,N,Y,N,10187.55,10000.0,62.11,2026-06-29 19:53:58.123537+00:00
740,Kurt,Barker,1980-12-13,46,2014-02-08,148,A,DIGITAL,155,0665 Reynolds Centers,Anthonystad,RI,03229,3,3.0,Y,N,Y,Y,91659.11,15000.0,65.89,2026-06-29 19:53:58.123537+00:00
741,Stacy,Fry,1950-01-09,76,2022-05-13,49,A,DIGITAL,212,576 Washington Ports Apt. 793,New Kyleview,IN,61012,1,0.0,N,N,N,Y,37325.53,0.0,0.0,2026-06-29 19:53:58.123537+00:00
758,Joseph,Campbell,1989-11-12,37,2022-05-19,49,A,PREMIER,109,27223 Walker Meadow Suite 043,Lake Paul,AZ,44010,2,1.0,Y,N,N,Y,64325.69,0.0,0.0,2026-06-29 19:53:58.123537+00:00
762,Christopher,Anthony,1952-12-08,74,2015-11-05,127,A,MASS,195,435 Lynch Ridges,New Debbie,MD,75621,2,2.0,N,Y,Y,N,81817.36,15000.0,80.39,2026-06-29 19:53:58.123537+00:00
772,Christine,Martinez,1995-02-13,31,2021-08-06,58,I,WEALTH,282,56409 Alexis Ridge,Hicksland,PA,95431,4,3.0,Y,Y,Y,Y,134619.87,15000.0,90.18,2026-06-29 19:53:58.123537+00:00
774,Rodney,Mcneil,1995-08-28,31,2013-05-16,157,A,WEALTH,87,53327 David Trail Suite 668,Lambside,MN,71193,4,4.0,Y,Y,Y,Y,75194.71,2000.0,34.69,2026-06-29 19:53:58.123537+00:00
792,William,Taylor,1952-02-22,74,2016-02-18,124,A,MASS,351,347 Christian Causeway,South Jason,MP,85694,3,3.0,Y,Y,Y,N,85054.75,5000.0,42.8,2026-06-29 19:53:58.123537+00:00
793,Anthony,Lee,1998-07-12,28,2024-08-10,22,A,PREMIER,208,595 Heather Dam,North Steven,FL,26322,4,4.0,Y,Y,Y,Y,147731.66,15000.0,88.3,2026-06-29 19:53:58.123537+00:00
794,John,Bryant,1997-04-18,29,2023-12-23,30,A,STUDENT,244,58233 Jones Square,East Courtneyshire,NM,97677,4,4.0,Y,Y,Y,Y,123841.3,2000.0,52.27,2026-06-29 19:53:58.123537+00:00
808,Deborah,Lynch,1997-12-28,29,2017-01-27,113,I,PREMIER,224,66863 Anderson Square Suite 893,Williamview,VA,94822,4,4.0,Y,Y,Y,Y,60301.18,25000.0,58.87,2026-06-29 19:53:58.123537+00:00
810,Jose,Dawson,1984-05-29,42,2024-05-05,25,A,MASS,16,893 Hudson Overpass Apt. 625,Derrickmouth,MT,10748,4,4.0,Y,Y,Y,Y,121633.91,15000.0,19.4,2026-06-29 19:53:58.123537+00:00
816,Amanda,Glover,1990-03-03,36,2014-10-22,140,A,MASS,79,7717 Flores Rapid,Baldwinshire,VT,39711,1,1.0,N,Y,N,N,57236.78,0.0,0.0,2026-06-29 19:53:58.123537+00:00
822,Kelly,York,1963-09-09,63,2015-05-18,133,A,WEALTH,53,7617 Candice Landing Apt. 103,Richardburgh,MD,63735,2,2.0,N,Y,Y,N,61666.39,15000.0,3.11,2026-06-29 19:53:58.123537+00:00
832,Benjamin,Gonzalez,2006-03-02,20,2017-03-17,111,A,STUDENT,316,829 Hanson Place,Guerrerochester,MD,14662,3,3.0,Y,Y,N,Y,44492.75,0.0,0.0,2026-06-29 19:53:58.123537+00:00
857,Larry,Rodgers,1960-12-16,66,2023-06-13,36,A,PREMIER,51,010 Ward Locks Apt. 549,Millerfort,OK,31034,2,1.0,N,Y,N,Y,57585.86,0.0,0.0,2026-06-29 19:53:58.123537+00:00
873,Vanessa,Brown,1997-09-14,29,2019-10-27,80,A,DIGITAL,328,557 Montgomery Forge,New Alexandraborough,NM,90112,2,2.0,Y,Y,N,N,16569.92,0.0,0.0,2026-06-29 19:53:58.123537+00:00
883,Ann,Harvey,1956-06-05,70,2018-04-09,98,A,STUDENT,59,0904 Tabitha Street,Port Abigailton,FM,50127,3,3.0,N,Y,Y,Y,116655.79,25000.0,55.01,2026-06-29 19:53:58.123537+00:00
885,Matthew,Gallegos,1992-05-13,34,2014-10-19,140,A,STUDENT,303,3392 Loretta Union,Martinezshire,IN,18077,3,2.0,Y,Y,Y,N,67053.71,2000.0,26.66,2026-06-29 19:53:58.123537+00:00
895,David,Hughes,1980-04-02,46,2022-05-22,49,A,STUDENT,259,570 Henderson Key,North Janiceburgh,HI,03945,2,2.0,N,N,Y,Y,21484.97,5000.0,59.78,2026-06-29 19:53:58.123537+00:00
900,Jennifer,Walls,1988-06-28,38,2024-04-30,26,A,DIGITAL,276,1506 Hernandez Light,New Williamside,WY,77247,3,3.0,N,Y,Y,Y,124600.82,2000.0,28.14,2026-06-29 19:53:58.123537+00:00
903,Heather,Morris,2005-09-12,21,2019-01-03,89,A,MASS,397,995 Miller Prairie Suite 770,South Traciland,WA,84938,1,1.0,Y,N,N,N,3328.63,0.0,0.0,2026-06-29 19:53:58.123537+00:00
907,Ellen,Gonzalez,1943-03-09,83,2013-08-28,154,A,MASS,448,3366 Torres Crest,Jeffreyborough,WY,59555,1,1.0,N,N,N,Y,4621.62,0.0,0.0,2026-06-29 19:53:58.123537+00:00
910,Curtis,Parrish,1943-08-28,83,2023-08-20,34,A,SMALL_BIZ,302,06956 Carrie Squares,East Sarah,MH,25492,4,4.0,Y,Y,Y,Y,180256.44,15000.0,66.9,2026-06-29 19:53:58.123537+00:00
914,Andrea,Smith,2006-11-14,20,2016-02-26,124,A,STUDENT,144,665 Wilkerson Gardens Suite 781,Port Vicki,NC,72368,1,1.0,N,N,N,Y,8204.74,0.0,0.0,2026-06-29 19:53:58.123537+00:00
923,Tracy,Armstrong,1982-09-26,44,2021-05-13,61,I,SMALL_BIZ,213,4071 Robinson Creek Apt. 564,West Melissa,HI,97284,1,1.0,N,Y,N,N,-89.96,0.0,0.0,2026-06-29 19:53:58.123537+00:00
927,Jeffery,Goodwin,1963-09-23,63,2016-11-14,115,A,WEALTH,168,42237 Richard Lights,Jeremyborough,TN,96209,1,1.0,N,N,Y,N,9080.09,15000.0,60.53,2026-06-29 19:53:58.123537+00:00
928,Madison,Zavala,1977-01-12,49,2026-05-11,1,A,SMALL_BIZ,48,4201 Victor Trace Apt. 101,New Mirandatown,TX,34895,1,1.0,Y,N,N,N,74849.01,0.0,0.0,2026-06-29 19:53:58.123537+00:00
932,Rhonda,Short,1977-09-08,49,2015-09-17,129,I,WEALTH,138,7484 Glover Locks Suite 451,Gregorystad,NH,18909,4,3.0,Y,Y,Y,Y,113715.15,5000.0,2.26,2026-06-29 19:53:58.123537+00:00
936,Kim,Hancock,1945-11-17,81,2021-06-28,60,A,PREMIER,321,6217 Howe Spring Suite 243,West Josephstad,MT,46495,3,2.0,Y,N,Y,Y,140608.97,25000.0,75.96,2026-06-29 19:53:58.123537+00:00
944,Charles,Reilly,1980-09-22,46,2021-12-12,54,I,SMALL_BIZ,359,200 Brown Run Suite 079,New Renee,NJ,96732,3,3.0,N,Y,Y,Y,87614.92,10000.0,84.58,2026-06-29 19:53:58.123537+00:00
955,Melissa,York,1953-08-23,73,2023-06-03,36,A,STUDENT,289,385 Graves Ranch,East Angelaview,AL,20638,2,2.0,Y,Y,N,N,113941.63,0.0,0.0,2026-06-29 19:53:58.123537+00:00
964,Michael,Torres,2000-04-22,26,2018-05-25,97,A,SMALL_BIZ,14,38940 Kim Street,Erikamouth,MS,14231,3,2.0,Y,Y,Y,N,123074.78,5000.0,14.32,2026-06-29 19:53:58.123537+00:00
975,Tammy,Fitzgerald,2005-01-19,21,2021-04-30,62,A,MASS,111,7360 Allen Views,New Reneeland,WY,02185,2,2.0,Y,Y,N,N,98774.85,0.0,0.0,2026-06-29 19:53:58.123537+00:00
976,Jeffery,Freeman,1973-11-19,53,2016-11-04,115,A,WEALTH,260,25081 Jerry Spring,East Thomas,VI,34343,2,2.0,N,Y,N,Y,55741.09,0.0,0.0,2026-06-29 19:53:58.123537+00:00
977,Brad,Clark,1945-09-14,81,2017-01-01,113,A,WEALTH,217,5447 Scott Park Apt. 447,Nielsenland,NH,41370,3,3.0,Y,Y,Y,N,90842.3,15000.0,40.02,2026-06-29 19:53:58.123537+00:00
995,Lori,White,1981-09-30,45,2023-05-06,37,A,PREMIER,256,6534 Bishop Square Apt. 090,East Meganland,AL,05645,2,1.0,N,Y,Y,N,5704.96,2000.0,63.8,2026-06-29 19:53:58.123537+00:00
1041,Patricia,Adams,1973-06-02,53,2016-10-06,116,A,WEALTH,438,9753 Blake Row,Frederickshire,OK,27835,3,3.0,N,Y,Y,Y,43759.03,15000.0,67.83,2026-06-29 19:53:58.123537+00:00
1048,Travis,Joyce,2001-08-03,25,2024-06-13,24,A,DIGITAL,48,113 Amanda Flat Suite 964,New Mary,WI,57208,2,2.0,Y,N,Y,N,50733.75,15000.0,90.7,2026-06-29 19:53:58.123537+00:00
1057,David,Johnston,1960-03-23,66,2014-03-05,147,A,STUDENT,246,1333 Arnold Center Apt. 103,Goodmantown,AK,19107,1,1.0,N,Y,N,N,67591.41,0.0,0.0,2026-06-29 19:53:58.123537+00:00
1058,Joseph,Young,1956-10-21,70,2012-12-24,162,A,MASS,197,8235 Samuel Mountain,Elizabethstad,NJ,07486,4,3.0,Y,Y,Y,Y,75435.6,10000.0,88.3,2026-06-29 19:53:58.123537+00:00
1059,Dustin,Haley,1970-06-13,56,2017-03-04,111,A,DIGITAL,330,86041 Garcia Fork,Marybury,AS,93992,1,1.0,N,N,N,Y,34690.18,0.0,0.0,2026-06-29 19:53:58.123537+00:00
1068,Emily,Freeman,1993-10-08,33,2016-10-14,116,A,DIGITAL,52,57045 Jillian Fort Apt. 434,Angelastad,MH,74835,3,3.0,Y,Y,N,Y,147284.52,0.0,0.0,2026-06-29 19:53:58.123537+00:00
1088,Aaron,Ochoa,1958-11-24,68,2016-01-08,125,A,DIGITAL,341,841 Stephanie Fort,North Carlmouth,PW,20055,1,1.0,Y,N,N,N,64345.65,0.0,0.0,2026-06-29 19:53:58.123537+00:00
1094,John,Duran,1959-02-10,67,2017-10-15,104,A,WEALTH,73,364 Jeff Expressway,East Matthew,HI,18983,2,2.0,Y,N,Y,N,76715.32,2000.0,90.78,2026-06-29 19:53:58.123537+00:00
1096,Robert,Castaneda,1991-04-08,35,2023-07-23,35,A,SMALL_BIZ,454,7203 Justin Flat Apt. 614,Port Gregory,NY,48499,4,3.0,Y,Y,Y,Y,84023.54,25000.0,77.27,2026-06-29 19:53:58.123537+00:00
1109,Crystal,Williams,1962-05-27,64,2016-04-23,122,A,STUDENT,315,0602 Riley Bypass Suite 940,Erinberg,CT,74645,4,4.0,Y,Y,Y,Y,138142.33,10000.0,36.24,2026-06-29 19:53:58.123537+00:00
1110,Jon,Little,2004-04-18,22,2019-04-06,86,A,WEALTH,483,07773 Amanda Parkway,West Jerryburgh,OR,29390,2,2.0,Y,Y,N,N,64372.21,0.0,0.0,2026-06-29 19:53:58.123537+00:00
1118,Tina,Kramer,1949-12-03,77,2014-12-17,138,I,PREMIER,151,870 Katelyn Light,New Terrenceton,WY,82851,3,3.0,Y,Y,Y,N,36272.22,25000.0,53.92,2026-06-29 19:53:58.123537+00:00
1119,Samuel,Lee,1992-03-10,34,2023-07-05,35,A,DIGITAL,50,43969 York Stravenue,Terrimouth,TX,64808,2,2.0,N,Y,Y,N,74067.28,2000.0,68.44,2026-06-29 19:53:58.123537+00:00
1131,Todd,Garcia,2000-01-06,26,2014-07-04,143,A,WEALTH,420,0211 Daniels Loaf Suite 028,New Natalie,CO,34226,4,4.0,Y,Y,Y,Y,88947.47,15000.0,10.26,2026-06-29 19:53:58.123537+00:00
1138,Shirley,Yu,1946-03-17,80,2016-01-09,125,A,DIGITAL,65,997 Wilson Unions,Stewartborough,GU,37613,3,3.0,N,Y,Y,Y,73741.55,15000.0,19.59,2026-06-29 19:53:58.123537+00:00
1143,Richard,Morgan,1952-08-31,74,2014-03-07,147,A,STUDENT,167,868 Montgomery Drive Apt. 200,Mcintoshstad,VA,89489,4,3.0,Y,Y,Y,Y,111416.77,15000.0,88.61,2026-06-29 19:53:58.123537+00:00
1146,Jessica,Franklin,1992-09-09,34,2017-11-30,103,I,DIGITAL,291,66222 Amy Way,Lake Anthonyville,IA,03242,4,4.0,Y,Y,Y,Y,77411.52,2000.0,95.83,2026-06-29 19:53:58.123537+00:00
1149,Caitlin,Holmes,1990-02-25,36,2026-02-26,4,I,WEALTH,136,830 Joseph Road,South Elizabethfort,MP,24962,2,2.0,N,Y,N,Y,89111.78,0.0,0.0,2026-06-29 19:53:58.123537+00:00
1153,Michael,Taylor,1951-11-10,75,2012-01-20,173,A,PREMIER,203,82080 Wilson Mission Apt. 871,West Jeffrey,NC,94673,3,3.0,N,Y,Y,Y,89600.09,2000.0,31.2,2026-06-29 19:53:58.123537+00:00
1154,Jesse,Shepherd,1966-01-31,60,2020-03-05,75,A,PREMIER,382,42057 Julie Meadows,Ashleystad,OR,24985,4,4.0,Y,Y,Y,Y,132880.05,15000.0,67.12,2026-06-29 19:53:58.123537+00:00
1160,Molly,Perez,1969-05-25,57,2024-06-08,24,A,WEALTH,109,74485 Laura Knolls,Juanburgh,TN,29719,2,1.0,N,Y,Y,N,39283.03,2000.0,53.73,2026-06-29 19:53:58.123537+00:00
1165,Keith,Foster,1975-04-23,51,2014-10-21,140,A,DIGITAL,99,9230 Neal Manors Apt. 901,Delgadohaven,VI,38955,1,1.0,Y,N,N,N,79416.58,0.0,0.0,2026-06-29 19:53:58.123537+00:00
1173,Christina,Branch,1961-11-30,65,2026-03-23,3,A,MASS,15,913 Lisa Islands,North Ericland,RI,02813,4,3.0,Y,Y,Y,Y,73283.1,25000.0,63.64,2026-06-29 19:53:58.123537+00:00
1199,Wendy,Daugherty,1976-08-02,50,2013-07-04,155,A,MASS,50,27760 Ali Dale,Elizabethstad,WV,62217,2,1.0,Y,N,N,Y,37444.04,0.0,0.0,2026-06-29 19:53:58.123537+00:00
1206,Jerry,Hall,1959-05-16,67,2019-12-13,78,A,WEALTH,456,1423 Howard Harbor,Erinstad,VI,85716,2,2.0,Y,Y,N,N,78985.06,0.0,0.0,2026-06-29 19:53:58.123537+00:00
1215,Julia,Wheeler,1962-06-15,64,2020-08-12,70,A,STUDENT,392,13426 Chloe Tunnel,Matthewsstad,NH,12964,2,2.0,Y,N,Y,N,11666.73,10000.0,21.05,2026-06-29 19:53:58.123537+00:00
1227,Danny,Cole,1989-08-15,37,2013-05-02,157,A,SMALL_BIZ,267,142 Cory Burg,Douglasland,VI,30775,2,0.0,N,Y,N,Y,87848.68,0.0,0.0,2026-06-29 19:53:58.123537+00:00
1249,Justin,Lynch,2004-01-23,22,2026-03-16,3,I,PREMIER,281,0470 James Motorway,Lake Haileystad,AK,49887,1,1.0,N,N,N,Y,39065.2,0.0,0.0,2026-06-29 19:53:58.123537+00:00
1266,Courtney,Kirby,1943-07-31,83,2026-03-01,3,A,DIGITAL,357,77146 Knapp Bypass,New Robert,MP,10339,3,2.0,Y,Y,N,Y,157090.53,0.0,0.0,2026-06-29 19:53:58.123537+00:00
1267,Brooke,Hancock,1979-09-30,47,2017-04-20,110,A,DIGITAL,54,47084 Wolfe Glen,Lesliebury,WI,88809,3,3.0,N,Y,Y,Y,23033.76,5000.0,29.6,2026-06-29 19:53:58.123537+00:00
1271,Robin,Wallace,1994-01-30,32,2023-02-04,40,A,WEALTH,472,49354 Jennifer Stravenue,Harrismouth,MT,93756,2,2.0,Y,N,N,Y,75278.01,0.0,0.0,2026-06-29 19:53:58.123537+00:00
1275,Jenny,Stevens,1986-10-30,40,2013-06-21,156,A,SMALL_BIZ,296,0702 Lewis Terrace Suite 238,West Stephenberg,DE,53329,2,2.0,N,Y,Y,N,71450.93,15000.0,2.26,2026-06-29 19:53:58.123537+00:00
1285,Thomas,Lowe,1971-03-20,55,2013-06-06,156,A,STUDENT,115,573 Newton Mountain Suite 641,New Brittanyport,MN,18575,1,1.0,N,N,N,Y,1264.86,0.0,0.0,2026-06-29 19:53:58.123537+00:00
1288,Lisa,Marquez,1982-10-13,44,2016-02-25,124,A,PREMIER,439,211 Dale Prairie,New Andreaton,NY,63686,1,1.0,Y,N,N,N,57714.26,0.0,0.0,2026-06-29 19:53:58.123537+00:00
1303,Brittany,Ford,1979-12-17,47,2018-10-01,92,A,DIGITAL,62,319 Scott Crossroad Apt. 367,Lake Dustinville,MA,46977,3,3.0,Y,Y,N,Y,112997.6,0.0,0.0,2026-06-29 19:53:58.123537+00:00
1328,Tonya,Terrell,1951-01-05,75,2022-05-26,49,A,PREMIER,13,564 Mendez Branch,West Jonathan,MA,70901,4,3.0,Y,Y,Y,Y,160997.95,15000.0,87.73,2026-06-29 19:53:58.123537+00:00
1331,Lauren,Edwards,1946-09-21,80,2020-12-10,66,A,SMALL_BIZ,129,304 Colon Junctions Apt. 947,Mckinneyland,FM,57421,3,3.0,Y,N,Y,Y,67202.18,2000.0,40.76,2026-06-29 19:53:58.123537+00:00
1338,Melissa,Ramirez,1947-01-08,79,2019-01-12,89,A,WEALTH,214,0857 Torres Union Apt. 363,West David,WI,56998,1,1.0,Y,N,N,N,10343.57,0.0,0.0,2026-06-29 19:53:58.123537+00:00
1357,Dalton,Griffin,1942-04-17,84,2012-12-12,162,I,PREMIER,179,3850 Nathan Mission Apt. 445,Jonside,IA,48633,3,3.0,Y,N,Y,Y,71823.29,25000.0,55.22,2026-06-29 19:53:58.123537+00:00
1380,Gregory,Williams,1992-11-05,34,2021-02-25,64,A,WEALTH,162,637 Griffin Pike,West Mark,RI,16828,3,3.0,Y,N,Y,Y,48526.7,25000.0,98.56,2026-06-29 19:53:58.123537+00:00
1394,Linda,Simmons,1995-01-13,31,2014-10-12,140,A,STUDENT,281,2101 Scott Route Suite 520,Janeton,OR,76080,4,4.0,Y,Y,Y,Y,107642.79,25000.0,62.68,2026-06-29 19:53:58.123537+00:00
1404,Robert,Hurley,1984-05-11,42,2019-04-18,86,A,PREMIER,146,8902 Figueroa Street,Port William,WI,98874,3,2.0,Y,N,Y,Y,56111.46,15000.0,69.86,2026-06-29 19:53:58.123537+00:00
1411,Elizabeth,Williams,1973-04-11,53,2014-02-13,148,A,MASS,431,6061 Jones Knoll,Haleymouth,MI,71389,2,2.0,N,Y,Y,N,31504.5,25000.0,46.63,2026-06-29 19:53:58.123537+00:00
1413,Bradley,Yang,1995-06-08,31,2022-10-21,44,A,WEALTH,229,357 Megan Village Apt. 868,East Bruce,NH,96255,4,4.0,Y,Y,Y,Y,110387.85,5000.0,18.39,2026-06-29 19:53:58.123537+00:00
1418,Jeffrey,Ruiz,1999-10-09,27,2017-02-03,112,A,SMALL_BIZ,39,220 Patrick Corner Apt. 350,East Richard,NC,98983,2,2.0,N,N,Y,Y,64135.89,5000.0,87.72,2026-06-29 19:53:58.123537+00:00
1420,Derek,Cortez,1971-12-23,55,2017-04-08,110,I,STUDENT,109,4968 Alvarez Motorway Suite 041,New Christopher,NM,14967,1,1.0,Y,N,N,N,69631.61,0.0,0.0,2026-06-29 19:53:58.123537+00:00
1440,Laura,French,2004-11-16,22,2019-08-01,82,A,STUDENT,129,4659 James Mall Suite 978,South Brenda,AR,69581,2,2.0,Y,N,Y,N,80546.29,2000.0,74.05,2026-06-29 19:53:58.123537+00:00
1442,Pamela,Rodriguez,2004-10-28,22,2021-07-22,59,A,WEALTH,406,3888 Craig Estates,West Morganview,GA,66414,3,3.0,Y,N,Y,Y,57103.93,5000.0,96.92,2026-06-29 19:53:58.123537+00:00
1445,Daniel,Mendoza,2007-03-27,19,2015-01-19,137,I,SMALL_BIZ,144,042 Bonnie Spring Suite 663,North Brentport,MA,26864,4,4.0,Y,Y,Y,Y,122201.28,15000.0,3.1,2026-06-29 19:53:58.123537+00:00
1449,David,Mckinney,1974-01-25,52,2019-05-07,85,I,WEALTH,108,01442 Patricia Lake Suite 657,Fisherfurt,CT,83376,4,4.0,Y,Y,Y,Y,101741.06,5000.0,31.63,2026-06-29 19:53:58.123537+00:00
1450,Kelly,Oliver,1986-12-08,40,2019-06-10,84,A,SMALL_BIZ,427,74342 Anthony Inlet Apt. 988,Lake Susan,AK,33128,2,2.0,N,Y,Y,N,47296.01,2000.0,23.63,2026-06-29 19:53:58.123537+00:00
1454,Tyler,Golden,1959-12-24,67,2021-11-21,55,A,MASS,473,2170 Pacheco Views,Taylorfort,NH,75518,1,1.0,Y,N,N,N,32591.4,0.0,0.0,2026-06-29 19:53:58.123537+00:00
1464,Teresa,Franco,1989-03-07,37,2015-09-30,129,A,PREMIER,9,021 Oliver Trail,Turnermouth,AL,85884,2,1.0,N,Y,N,Y,60750.59,0.0,0.0,2026-06-29 19:53:58.123537+00:00
1478,Amanda,Griffin,1960-02-11,66,2011-10-29,176,A,MASS,97,51009 Gregg Wall,Lake Lisa,NC,57194,4,4.0,Y,Y,Y,Y,128294.98,5000.0,76.1,2026-06-29 19:53:58.123537+00:00
1498,William,Johnston,1988-01-02,38,2013-04-10,158,A,STUDENT,20,9434 Whitney Mount,Lake Judyfurt,FL,95642,4,4.0,Y,Y,Y,Y,160642.06,10000.0,0.43,2026-06-29 19:53:58.123537+00:00
1515,David,Anderson,1951-01-11,75,2014-11-14,139,A,STUDENT,38,29081 Ronald Station Suite 293,Jessicachester,CO,26028,4,4.0,Y,Y,Y,Y,118562.62,5000.0,26.6,2026-06-29 19:53:58.123537+00:00
1523,John,Hudson,1975-01-13,51,2022-05-11,49,A,MASS,212,17421 Matthew Cove Apt. 693,Smithshire,NM,05670,2,2.0,Y,N,N,Y,71393.32,0.0,0.0,2026-06-29 19:53:58.123537+00:00
1530,Derek,Farmer,1949-10-09,77,2013-02-19,160,A,WEALTH,378,26492 Eric Expressway,Cynthiastad,VI,04981,1,1.0,N,Y,N,N,37623.53,0.0,0.0,2026-06-29 19:53:58.123537+00:00
1533,Angela,Roberts,2006-11-23,20,2018-02-11,100,A,DIGITAL,399,995 Lewis Rest Apt. 113,Port Amandaborough,FL,97036,1,1.0,N,Y,N,N,46411.34,0.0,0.0,2026-06-29 19:53:58.123537+00:00
1537,Richard,Garza,1947-03-10,79,2013-08-18,154,A,STUDENT,162,50701 Kendra Bridge Suite 075,East Dustin,DC,89535,3,3.0,Y,N,Y,Y,75682.24,2000.0,95.48,2026-06-29 19:53:58.123537+00:00
1546,Patrick,Shelton,1986-12-03,40,2025-12-28,6,A,STUDENT,52,8988 Jeffrey Rapid Apt. 627,West Colleenport,SD,16093,1,0.0,N,N,Y,N,1822.57,2000.0,91.13,2026-06-29 19:53:58.123537+00:00
1564,Ashley,Valenzuela,1972-05-15,54,2024-05-15,25,A,MASS,185,53091 Jacqueline Stream,Port Seanfurt,MO,23913,1,1.0,Y,N,N,N,20441.92,0.0,0.0,2026-06-29 19:53:58.123537+00:00
1576,Kathryn,White,1983-05-13,43,2018-04-02,98,A,SMALL_BIZ,137,0941 Riggs Park,Port Johnny,MT,73564,1,1.0,N,Y,N,N,21645.11,0.0,0.0,2026-06-29 19:53:58.123537+00:00
1588,Gregory,Phelps,1995-04-30,31,2021-04-26,62,A,DIGITAL,127,296 Jennifer Haven Suite 208,Hallside,ME,29409,1,1.0,N,N,N,Y,43935.56,0.0,0.0,2026-06-29 19:53:58.123537+00:00
1610,Shelby,Ruiz,1999-07-17,27,2023-10-09,32,A,WEALTH,321,3533 Baker Groves Suite 127,Timothyshire,ND,72882,2,2.0,N,Y,Y,N,14728.61,25000.0,21.05,2026-06-29 19:53:58.123537+00:00
1611,Jennifer,Mcdowell,1969-02-27,57,2024-01-15,29,I,STUDENT,414,0047 Vega Mount Apt. 128,New Stephenborough,KY,13574,1,1.0,N,Y,N,N,28483.81,0.0,0.0,2026-06-29 19:53:58.123537+00:00
1615,Derek,Morales,1983-09-17,43,2023-04-17,38,A,SMALL_BIZ,234,648 David Isle Apt. 184,Lake Julie,MS,40400,2,2.0,Y,N,N,Y,73222.34,0.0,0.0,2026-06-29 19:53:58.123537+00:00
1619,Jorge,Mcdaniel,1973-07-17,53,2022-06-16,48,A,DIGITAL,498,733 Meadows Brook,Amberbury,MD,38595,4,4.0,Y,Y,Y,Y,137243.84,25000.0,67.85,2026-06-29 19:53:58.123537+00:00
1648,Jorge,Mccarthy,1956-11-21,70,2012-01-10,173,I,PREMIER,65,9180 Edwards Greens,Williamschester,MP,99560,2,2.0,Y,Y,N,N,73510.77,0.0,0.0,2026-06-29 19:53:58.123537+00:00
1658,Donna,Gibson,1946-12-03,80,2023-11-19,31,A,PREMIER,272,02315 Craig Squares,New Sharonland,FL,41195,3,3.0,Y,N,Y,Y,51983.45,10000.0,56.6,2026-06-29 19:53:58.123537+00:00
1663,Patrick,Ross,1946-03-25,80,2025-09-09,9,I,MASS,370,6774 William Flats,Lake Conniefurt,ID,90899,4,4.0,Y,Y,Y,Y,53163.55,5000.0,76.87,2026-06-29 19:53:58.123537+00:00
1668,Marilyn,Hunt,1950-04-15,76,2021-06-02,60,I,PREMIER,428,6703 Timothy River,West Jesseside,IA,81368,2,2.0,N,N,Y,Y,44166.36,5000.0,24.22,2026-06-29 19:53:58.123537+00:00
1669,Thomas,Hart,1974-04-18,52,2024-09-12,21,A,PREMIER,104,0322 Bowen Ridge,East Nicholasport,FM,26095,2,1.0,N,Y,Y,N,76283.95,5000.0,72.55,2026-06-29 19:53:58.123537+00:00
1675,Mckenzie,Mills,1950-01-20,76,2024-12-16,18,A,MASS,286,08438 Sally Street Suite 399,South Alyssa,WI,32458,2,2.0,Y,Y,N,N,32132.66,0.0,0.0,2026-06-29 19:53:58.123537+00:00
1689,Allen,Waller,1942-06-03,84,2013-02-27,160,A,MASS,282,202 Kayla Knolls Apt. 002,Michaelborough,CO,67536,4,3.0,Y,Y,Y,Y,77116.33,2000.0,90.63,2026-06-29 19:53:58.123537+00:00
1691,Kristy,Lee,1970-09-09,56,2020-10-30,68,A,SMALL_BIZ,166,8813 Joshua Well Apt. 375,Gilbertport,CA,41044,1,0.0,N,Y,N,N,15791.96,0.0,0.0,2026-06-29 19:53:58.123537+00:00
1702,Heidi,Smith,2004-05-26,22,2016-08-30,118,A,DIGITAL,71,67326 Jimmy Circles Suite 936,Brandonfurt,DC,06521,1,1.0,N,N,N,Y,46862.91,0.0,0.0,2026-06-29 19:53:58.123537+00:00
1705,David,Carter,1997-12-08,29,2021-04-16,62,A,STUDENT,470,992 Michael Circle Apt. 415,Karenberg,VT,71725,4,3.0,Y,Y,Y,Y,127033.82,5000.0,76.82,2026-06-29 19:53:58.123537+00:00
1722,Matthew,Taylor,1948-02-22,78,2021-02-22,64,A,PREMIER,244,42599 Jonathan Unions Apt. 193,Jessicaside,OK,67300,2,2.0,N,Y,Y,N,34374.39,25000.0,10.98,2026-06-29 19:53:58.123537+00:00
1724,Matthew,Wagner,1957-12-05,69,2023-07-25,35,A,WEALTH,257,48224 Laura Brook Apt. 595,Nicolemouth,MH,58663,1,1.0,N,N,N,Y,35148.0,0.0,0.0,2026-06-29 19:53:58.123537+00:00
1743,Kim,Barber,1981-03-10,45,2015-02-03,136,A,MASS,281,5076 Parker Pines Apt. 559,New Amanda,NH,64874,1,0.0,N,N,N,Y,43947.92,0.0,0.0,2026-06-29 19:53:58.123537+00:00
1758,Michelle,Wilson,1950-02-28,76,2021-12-31,54,A,PREMIER,178,70404 Stephens Shoals,Hallport,NY,06961,2,2.0,Y,N,N,Y,11775.08,0.0,0.0,2026-06-29 19:53:58.123537+00:00
1760,Carolyn,Ortiz,1966-03-27,60,2025-09-09,9,A,STUDENT,142,4166 Richard Plaza Suite 888,Kristieport,KY,87762,2,2.0,Y,N,N,Y,30183.02,0.0,0.0,2026-06-29 19:53:58.123537+00:00
1765,Michael,Harrell,1974-03-29,52,2013-04-25,158,A,WEALTH,124,14084 Green Loop,West Crystalport,NH,15810,2,2.0,Y,N,Y,N,33592.47,2000.0,81.04,2026-06-29 19:53:58.123537+00:00
1783,Christina,Nguyen,1968-10-11,58,2014-01-05,149,A,DIGITAL,258,431 Jordan Lodge Suite 400,Adamport,IA,59292,1,1.0,N,N,N,Y,5531.83,0.0,0.0,2026-06-29 19:53:58.123537+00:00
1800,Ryan,Bishop,1978-10-10,48,2015-08-29,130,A,MASS,397,923 Alexander Dam Apt. 492,Lindamouth,MD,99452,3,3.0,Y,Y,N,Y,84278.46,0.0,0.0,2026-06-29 19:53:58.123537+00:00
1827,Anthony,Mclaughlin,1946-12-21,80,2020-01-08,77,A,STUDENT,143,18859 Michelle Mount Suite 335,Danashire,AS,41802,3,3.0,Y,N,Y,Y,122424.77,15000.0,18.74,2026-06-29 19:53:58.123537+00:00
1849,Brian,Hunter,1980-10-12,46,2021-08-11,58,I,SMALL_BIZ,149,3702 Jasmine Neck Suite 174,East Laura,ME,94928,4,4.0,Y,Y,Y,Y,117864.22,5000.0,83.26,2026-06-29 19:53:58.123537+00:00
1863,Andrew,Byrd,1997-12-18,29,2025-01-28,17,A,WEALTH,402,79126 Maurice Camp,Richardland,AL,30558,3,3.0,N,Y,Y,Y,38971.51,10000.0,87.73,2026-06-29 19:53:58.123537+00:00
1871,Laura,Salas,1963-06-12,63,2012-04-14,170,A,SMALL_BIZ,440,012 Gary Avenue Apt. 112,Christinaview,CT,83070,3,3.0,Y,Y,Y,N,97031.19,2000.0,6.56,2026-06-29 19:53:58.123537+00:00
1872,Norma,Clark,1998-07-17,28,2025-12-08,6,A,MASS,212,12151 Bradley Plains,Lake Cassandrashire,MA,06962,2,2.0,Y,N,N,Y,54424.05,0.0,0.0,2026-06-29 19:53:58.123537+00:00
1876,Troy,Adams,1988-01-09,38,2022-03-02,51,A,PREMIER,228,27481 Thomas Summit,Glenntown,MA,56549,2,2.0,Y,N,Y,N,90816.16,25000.0,55.55,2026-06-29 19:53:58.123537+00:00
1898,Alec,Cochran,1950-02-02,76,2025-07-25,11,A,WEALTH,463,0809 Castro Drives Apt. 154,Lopeztown,NY,31344,1,1.0,N,N,Y,N,14271.89,25000.0,57.09,2026-06-29 19:53:58.123537+00:00
1908,Donna,Jones,1960-07-04,66,2014-12-19,138,A,DIGITAL,359,692 Terry Spur,South Carlos,MN,11463,2,2.0,N,Y,N,Y,115829.8,0.0,0.0,2026-06-29 19:53:58.123537+00:00
1909,George,Heath,1945-05-04,81,2019-03-24,87,A,MASS,233,874 Murphy Walks,East Tanner,SD,90530,3,3.0,Y,N,Y,Y,31736.09,10000.0,25.33,2026-06-29 19:53:58.123537+00:00
1918,Jennifer,Evans,1972-01-24,54,2021-12-09,54,A,PREMIER,175,3113 Rich Avenue,North Dana,VA,54336,3,3.0,Y,Y,Y,N,95965.45,15000.0,33.64,2026-06-29 19:53:58.123537+00:00
1929,Sally,Murphy,1942-03-18,84,2013-03-14,159,A,STUDENT,150,03056 King Islands,Kelleyfort,PR,40641,1,1.0,N,Y,N,N,32663.98,0.0,0.0,2026-06-29 19:53:58.123537+00:00
1932,Andrew,Garcia,1997-11-15,29,2014-01-13,149,A,WEALTH,368,803 Dawn Mills Apt. 996,Cruzshire,AK,76173,4,4.0,Y,Y,Y,Y,120955.27,15000.0,78.96,2026-06-29 19:53:58.123537+00:00
1942,Gary,Perry,1997-02-16,29,2013-12-29,150,A,DIGITAL,97,1055 Freeman Springs,West David,NV,36385,2,1.0,Y,Y,N,N,106722.79,0.0,0.0,2026-06-29 19:53:58.123537+00:00
1945,Glenn,Morales,1955-10-25,71,2016-10-22,116,A,DIGITAL,6,002 Rodriguez Pines Apt. 816,East Karenbury,IA,34853,4,3.0,Y,Y,Y,Y,146875.91,25000.0,86.25,2026-06-29 19:53:58.123537+00:00
1948,Carol,Bird,1956-02-19,70,2015-12-28,126,A,WEALTH,458,7690 Brittany Way,South Richard,VT,80039,2,1.0,N,Y,N,Y,65115.69,0.0,0.0,2026-06-29 19:53:58.123537+00:00
1949,Veronica,Jefferson,1948-04-24,78,2019-06-28,84,A,STUDENT,93,98374 Perez Grove Apt. 126,Karenton,PW,70796,3,3.0,N,Y,Y,Y,125078.67,2000.0,42.62,2026-06-29 19:53:58.123537+00:00
1950,Carol,Jarvis,1952-12-23,74,2025-10-18,8,A,WEALTH,283,8541 Mary Dale,South Patrick,PW,09939,2,2.0,N,Y,N,Y,46288.72,0.0,0.0,2026-06-29 19:53:58.123537+00:00
1951,Teresa,Benson,1988-02-22,38,2021-08-08,58,A,MASS,116,30819 Robinson Summit Apt. 494,Duanetown,KS,47114,4,4.0,Y,Y,Y,Y,128980.71,25000.0,43.77,2026-06-29 19:53:58.123537+00:00
1953,Matthew,Franklin,1998-07-18,28,2018-09-07,93,A,SMALL_BIZ,122,954 Andrew Extension,North Jasmine,FM,93420,3,3.0,Y,Y,Y,N,88753.56,25000.0,50.06,2026-06-29 19:53:58.123537+00:00
1960,Kathleen,Meyer,1960-02-16,66,2021-02-02,64,A,DIGITAL,242,3799 Jennifer Shoals,Madisonberg,OH,94349,3,3.0,Y,Y,Y,N,88262.07,10000.0,74.04,2026-06-29 19:53:58.123537+00:00
1973,Laura,Smith,1992-06-06,34,2023-09-20,33,A,DIGITAL,316,0256 Young Fall,New David,CT,22012,4,4.0,Y,Y,Y,Y,152170.85,2000.0,67.97,2026-06-29 19:53:58.123537+00:00
1982,Samuel,Scott,1979-05-22,47,2014-05-22,145,A,DIGITAL,296,974 Phillip Wells,Christineton,NJ,00696,3,3.0,Y,Y,Y,N,86807.09,10000.0,70.26,2026-06-29 19:53:58.123537+00:00
1989,Sabrina,Sanders,1993-02-22,33,2021-02-07,64,A,WEALTH,348,2308 Katie Mountain,Lake Raymond,NJ,56867,3,2.0,N,Y,Y,Y,109312.41,25000.0,86.49,2026-06-29 19:53:58.123537+00:00
2006,Adrian,Morrison,1947-12-24,79,2019-04-14,86,A,WEALTH,337,58582 Lee Pine Apt. 280,Sethburgh,TN,28178,3,3.0,Y,Y,N,Y,69197.35,0.0,0.0,2026-06-29 19:53:58.123537+00:00
2014,Thomas,Gutierrez,1982-12-02,44,2021-04-27,62,A,MASS,92,154 Kristin Ridge Apt. 293,Robertburgh,PA,59567,4,3.0,Y,Y,Y,Y,149789.08,15000.0,10.54,2026-06-29 19:53:58.123537+00:00
2018,Ronnie,Huynh,1982-07-14,44,2012-09-14,165,I,DIGITAL,315,32633 Robertson Ramp,Simmonshaven,MO,63756,2,2.0,Y,N,Y,N,37959.74,25000.0,74.12,2026-06-29 19:53:58.123537+00:00
2020,James,Thomas,1990-09-08,36,2015-11-16,127,A,PREMIER,38,67099 Stephanie Fords,East Georgeland,VI,44864,4,4.0,Y,Y,Y,Y,41857.44,5000.0,93.04,2026-06-29 19:53:58.123537+00:00
2023,Gary,Griffin,1978-04-04,48,2024-07-16,23,I,SMALL_BIZ,200,481 Mendez Throughway Apt. 330,New Jimmy,MI,84523,2,2.0,Y,N,Y,N,49049.24,2000.0,83.37,2026-06-29 19:53:58.123537+00:00
2051,Melissa,Long,1988-02-24,38,2014-05-27,145,A,MASS,421,1702 Sellers Viaduct,Dianastad,SD,19834,1,1.0,N,N,N,Y,25907.77,0.0,0.0,2026-06-29 19:53:58.123537+00:00
2064,Michael,Wilson,1959-12-06,67,2021-03-27,63,A,PREMIER,4,5291 Michael Center Suite 830,Cruzside,DC,89413,4,4.0,Y,Y,Y,Y,118614.98,15000.0,28.83,2026-06-29 19:53:58.123537+00:00
2066,Ashley,Hill,1943-01-13,83,2020-01-15,77,A,WEALTH,356,7106 Antonio Rue,East Aaronville,MH,07217,2,2.0,Y,Y,N,N,71233.41,0.0,0.0,2026-06-29 19:53:58.123537+00:00
2075,Evan,Hart,1950-02-14,76,2014-07-26,143,I,STUDENT,113,12013 Julia Street,Huntstad,WI,75172,2,2.0,Y,N,N,Y,56543.17,0.0,0.0,2026-06-29 19:53:58.123537+00:00
2077,Rodney,Landry,1965-11-06,61,2019-08-12,82,A,DIGITAL,351,64167 Frederick Corner,Arianaton,WY,61759,3,3.0,N,Y,Y,Y,81440.52,25000.0,46.92,2026-06-29 19:53:58.123537+00:00
2108,Brian,Paul,2004-10-17,22,2013-12-14,150,I,SMALL_BIZ,394,3754 Joshua Roads,Janetland,VT,33955,3,3.0,Y,Y,Y,N,101360.73,5000.0,10.74,2026-06-29 19:53:58.123537+00:00
2112,Rhonda,Reese,1968-08-28,58,2020-09-07,69,A,SMALL_BIZ,375,3027 May Parks,Pamelaberg,WA,01881,3,3.0,Y,Y,Y,N,127359.1,10000.0,62.49,2026-06-29 19:53:58.123537+00:00
2117,Willie,Farley,1946-07-11,80,2024-01-05,29,A,WEALTH,238,66647 Marvin Spur Suite 199,Wilsonton,NE,78650,1,1.0,N,N,N,Y,53229.31,0.0,0.0,2026-06-29 19:53:58.123537+00:00
2141,John,Wang,1951-09-16,75,2019-02-12,88,A,PREMIER,201,74208 Williams Fall Apt. 912,Makaylaland,MO,84866,2,1.0,N,N,Y,Y,42892.55,10000.0,12.61,2026-06-29 19:53:58.123537+00:00
2150,Robert,Flores,1960-04-15,66,2016-09-22,117,I,WEALTH,297,07335 Gibson Road Suite 122,Madisonfort,MT,84686,3,2.0,Y,Y,N,Y,112900.1,0.0,0.0,2026-06-29 19:53:58.123537+00:00
2164,Carlos,Barnes,1989-07-20,37,2025-01-29,17,I,STUDENT,500,3599 Kristen Mill,East Jeffreyville,FM,60457,3,3.0,Y,Y,Y,N,73370.39,5000.0,31.35,2026-06-29 19:53:58.123537+00:00
2169,Kimberly,Morales,1991-10-16,35,2017-03-22,111,A,WEALTH,459,562 Hart Square Apt. 691,Amyberg,WY,04002,4,4.0,Y,Y,Y,Y,166772.67,25000.0,60.68,2026-06-29 19:53:58.123537+00:00
2188,Deborah,Smith,1974-05-10,52,2022-05-16,49,A,SMALL_BIZ,459,193 Eugene Brooks,Port Katrinaview,MD,04607,1,1.0,N,Y,N,N,11394.61,0.0,0.0,2026-06-29 19:53:58.123537+00:00
2190,John,Stout,1946-02-22,80,2012-07-25,167,A,DIGITAL,156,058 Anna Valleys Apt. 006,Carrollburgh,TX,66380,3,2.0,Y,Y,N,Y,115662.42,0.0,0.0,2026-06-29 19:53:58.123537+00:00
2208,Michael,Garcia,1961-09-11,65,2023-09-08,33,I,MASS,84,63568 Garza Turnpike,Matthewshire,OR,12868,1,1.0,N,N,Y,N,237.79,5000.0,4.76,2026-06-29 19:53:58.123537+00:00
2211,Luke,Myers,1951-06-14,75,2021-04-10,62,A,MASS,215,2339 Brooke Rapids,Taylorfort,VT,63397,2,1.0,Y,N,Y,N,14164.47,5000.0,48.63,2026-06-29 19:53:58.123537+00:00
2217,Amanda,Patel,1969-07-17,57,2018-11-27,91,I,MASS,351,571 Aguilar Throughway Suite 991,Brendaberg,MA,08041,4,4.0,Y,Y,Y,Y,43842.08,15000.0,29.38,2026-06-29 19:53:58.123537+00:00
2218,Bianca,Fisher,1996-07-10,30,2017-03-24,111,A,PREMIER,274,06906 Schneider Fields Apt. 212,Duffychester,SC,50178,4,4.0,Y,Y,Y,Y,116953.41,25000.0,10.56,2026-06-29 19:53:58.123537+00:00
2219,Kaitlin,Warner,1980-03-17,46,2021-11-01,55,I,DIGITAL,7,90658 Edward Forks,North Barbaraview,MS,29679,3,3.0,Y,Y,N,Y,124808.09,0.0,0.0,2026-06-29 19:53:58.123537+00:00
2257,Paul,Clark,2001-03-01,25,2023-01-15,41,A,STUDENT,70,79636 Lawson Dale,West Codyborough,HI,96688,4,4.0,Y,Y,Y,Y,150145.67,25000.0,25.05,2026-06-29 19:53:58.123537+00:00
2261,Sarah,Martin,1947-10-19,79,2016-03-03,123,A,SMALL_BIZ,500,47822 Jessica Freeway,West Amy,WI,03790,1,1.0,Y,N,N,N,8130.49,0.0,0.0,2026-06-29 19:53:58.123537+00:00
2266,David,Richardson,1998-11-28,28,2025-03-04,15,A,WEALTH,225,3958 Palmer Drives Suite 464,East Paulbury,AK,44756,1,1.0,N,N,Y,N,1045.01,25000.0,4.18,2026-06-29 19:53:58.123537+00:00
2284,Karen,Martin,2001-11-25,25,2016-08-04,118,A,MASS,339,74494 Carr Pass,Webbshire,DC,97507,1,1.0,N,Y,N,N,72359.35,0.0,0.0,2026-06-29 19:53:58.123537+00:00
2285,Thomas,Barker,1964-11-22,62,2017-09-28,105,A,STUDENT,134,96187 Julie Village,North Charlesberg,PA,24728,2,1.0,Y,N,N,Y,127218.37,0.0,0.0,2026-06-29 19:53:58.123537+00:00
2294,Robert,Payne,1956-02-20,70,2026-02-04,4,A,SMALL_BIZ,284,6655 Morgan Plaza,Janiceberg,ID,69409,3,2.0,Y,Y,N,Y,124391.1,0.0,0.0,2026-06-29 19:53:58.123537+00:00
2298,Stephen,Jenkins,1988-05-05,38,2021-03-03,63,A,MASS,165,081 Lara Summit Apt. 550,Santoschester,NE,82463,3,3.0,Y,N,Y,Y,53326.12,2000.0,11.48,2026-06-29 19:53:58.123537+00:00
2311,Joseph,Roberson,1960-06-29,66,2024-08-11,22,A,STUDENT,200,557 Smith Glens Apt. 711,Lake Williamborough,NJ,74692,3,2.0,N,Y,Y,Y,66682.36,2000.0,47.46,2026-06-29 19:53:58.123537+00:00
2319,William,Welch,1948-02-29,78,2023-06-11,36,A,SMALL_BIZ,433,8902 Richard Overpass,Lake Brittany,PW,56123,2,2.0,N,N,Y,Y,48666.13,25000.0,41.56,2026-06-29 19:53:58.123537+00:00
2324,Shawn,Welch,1991-03-24,35,2013-06-09,156,A,MASS,222,506 Sandra Squares,North Theresashire,NY,41292,3,3.0,Y,Y,Y,N,90211.32,5000.0,70.04,2026-06-29 19:53:58.123537+00:00
2328,Beth,Garcia,1983-07-13,43,2021-01-05,65,A,PREMIER,322,952 Victor Camp Suite 718,West Alyssaside,VT,90746,4,4.0,Y,Y,Y,Y,90734.06,15000.0,26.61,2026-06-29 19:53:58.123537+00:00
2329,Daniel,Campbell,1972-04-02,54,2020-05-19,73,A,DIGITAL,296,0973 Crystal Court Apt. 281,North Danielton,AS,11846,3,3.0,Y,Y,N,Y,128989.45,0.0,0.0,2026-06-29 19:53:58.123537+00:00
2342,William,Ross,1991-06-02,35,2018-11-20,91,A,WEALTH,287,433 David Via Suite 939,Lake Gina,WI,82980,1,1.0,Y,N,N,N,73410.65,0.0,0.0,2026-06-29 19:53:58.123537+00:00
2345,Stephanie,Freeman,1962-05-14,64,2023-05-04,37,I,MASS,405,630 Michael Via,South Michelle,VT,50614,2,2.0,Y,Y,N,N,80427.52,0.0,0.0,2026-06-29 19:53:58.123537+00:00
2346,Julie,Cabrera,2000-08-22,26,2017-10-23,104,A,SMALL_BIZ,437,406 Joanna Roads,Port Justin,NE,56064,2,0.0,N,N,Y,Y,45268.75,15000.0,31.38,2026-06-29 19:53:58.123537+00:00
2362,Justin,Skinner,2007-09-07,19,2025-02-02,16,A,SMALL_BIZ,127,113 Kara Plains Apt. 813,Hubermouth,TX,84673,3,3.0,Y,Y,Y,N,149364.3,10000.0,29.06,2026-06-29 19:53:58.123537+00:00
2363,Samantha,Williams,1968-06-24,58,2024-11-08,19,A,MASS,244,174 Shelby Shores Suite 548,Danielton,CT,00640,2,2.0,Y,N,Y,N,64538.17,10000.0,3.91,2026-06-29 19:53:58.123537+00:00
2390,Dorothy,Chavez,1954-01-08,72,2011-12-01,174,A,STUDENT,332,4100 Corey Prairie Suite 213,East Amanda,DE,53200,1,1.0,N,N,Y,N,9297.33,10000.0,92.97,2026-06-29 19:53:58.123537+00:00
2392,William,Brown,1951-08-01,75,2018-12-25,90,A,MASS,360,9941 Harris Mission Apt. 882,Jamieberg,ID,13935,1,1.0,N,N,N,Y,10224.9,0.0,0.0,2026-06-29 19:53:58.123537+00:00
2408,Veronica,Conley,1996-05-10,30,2019-12-15,78,A,SMALL_BIZ,109,056 Alan Light Apt. 175,Lopezberg,IL,29768,1,1.0,N,Y,N,N,26656.74,0.0,0.0,2026-06-29 19:53:58.123537+00:00
2411,Tom,Diaz,2007-10-22,19,2015-05-01,133,A,PREMIER,171,5046 Willie Squares Apt. 326,Herreraside,MS,51815,3,3.0,Y,N,Y,Y,64167.84,25000.0,93.0,2026-06-29 19:53:58.123537+00:00
2414,Jessica,Smith,1949-01-17,77,2021-09-20,57,A,MASS,203,281 William Wall,South Cynthiaside,FL,15660,2,2.0,Y,N,N,Y,51051.75,0.0,0.0,2026-06-29 19:53:58.123537+00:00
2430,Eric,Miller,1986-01-25,40,2022-12-17,42,I,WEALTH,183,09899 Ronald Islands,Lesliebury,MS,55684,1,0.0,Y,N,N,N,31446.62,0.0,0.0,2026-06-29 19:53:58.123537+00:00
2437,Ashley,Fuller,1961-08-30,65,2012-10-07,164,A,DIGITAL,394,286 Victoria Mountains Suite 852,Stevensstad,MA,37909,1,0.0,N,N,N,Y,24734.95,0.0,0.0,2026-06-29 19:53:58.123537+00:00
2457,Michele,Williamson,1996-07-17,30,2021-08-27,58,A,WEALTH,244,597 Fuentes Crescent Suite 518,Robinsonstad,CT,49449,2,2.0,N,Y,N,Y,89965.6,0.0,0.0,2026-06-29 19:53:58.123537+00:00
2462,Roger,Johnson,1948-09-06,78,2017-09-16,105,I,WEALTH,270,075 Kevin Freeway,North Michael,OK,75699,2,2.0,Y,N,Y,N,25515.43,15000.0,65.27,2026-06-29 19:53:58.123537+00:00
2484,Brandi,Soto,1995-09-03,31,2014-05-11,145,A,SMALL_BIZ,345,745 Sanchez Mountains,South Gary,OH,31901,1,1.0,N,N,N,Y,13576.7,0.0,0.0,2026-06-29 19:53:58.123537+00:00
2492,Mark,Walker,1956-12-09,70,2020-06-18,72,A,PREMIER,86,926 Cunningham Rapid,Hughesshire,MO,26322,1,1.0,N,N,Y,N,8231.0,15000.0,54.87,2026-06-29 19:53:58.123537+00:00
2494,Tammy,Jones,1946-01-16,80,2024-06-28,24,A,STUDENT,125,155 Elizabeth Summit,Brianborough,IL,87075,1,1.0,Y,N,N,N,45253.8,0.0,0.0,2026-06-29 19:53:58.123537+00:00
2497,Jose,Johnson,1973-01-17,53,2025-03-05,15,A,WEALTH,435,96385 Burke Lake Apt. 625,Flemingstad,LA,68897,2,2.0,Y,N,N,Y,77853.87,0.0,0.0,2026-06-29 19:53:58.123537+00:00
2506,Brian,Ayala,2006-07-30,20,2011-10-23,176,A,WEALTH,177,52293 Monica Creek,South Carolside,WI,47931,2,2.0,N,Y,Y,N,20292.8,15000.0,5.79,2026-06-29 19:53:58.123537+00:00
2510,Toni,Richardson,1970-11-01,56,2024-11-15,19,I,WEALTH,427,33816 Gregory Circle Suite 838,Bondstad,PW,46096,3,2.0,Y,Y,N,Y,134070.36,0.0,0.0,2026-06-29 19:53:58.123537+00:00
2511,Brian,Hall,1954-06-19,72,2018-01-01,101,A,WEALTH,410,354 Mccarthy Row,Ritaberg,NC,74886,3,2.0,Y,N,Y,Y,82882.57,15000.0,39.73,2026-06-29 19:53:58.123537+00:00
2514,Chase,Martinez,1989-09-19,37,2023-08-12,34,A,DIGITAL,81,348 Smith Locks,New Carla,MD,42903,4,4.0,Y,Y,Y,Y,129564.96,15000.0,31.86,2026-06-29 19:53:58.123537+00:00
2516,Catherine,Mendoza,1957-11-08,69,2015-11-08,127,I,MASS,121,000 John Plaza,North Kayleemouth,KY,14903,3,2.0,Y,N,Y,Y,73166.08,25000.0,28.22,2026-06-29 19:53:58.123537+00:00
2591,Jessica,Hays,1951-02-01,75,2023-08-20,34,I,MASS,249,15776 Michael Heights Apt. 551,South Jonathan,PA,31917,2,2.0,Y,N,Y,N,32054.54,5000.0,60.27,2026-06-29 19:53:58.123537+00:00
2605,Kimberly,Mann,1983-09-28,43,2019-02-21,88,A,SMALL_BIZ,143,051 Clarke Roads,Douglasborough,LA,31046,2,2.0,Y,N,N,Y,92825.56,0.0,0.0,2026-06-29 19:53:58.123537+00:00
2616,Todd,Robles,1957-01-10,69,2015-11-06,127,A,PREMIER,175,304 Cunningham Plains,Port Jennifermouth,MP,68224,1,0.0,N,N,Y,N,667.27,2000.0,33.36,2026-06-29 19:53:58.123537+00:00
2631,April,Cox,1978-07-14,48,2021-04-05,62,A,PREMIER,248,764 Santos Key Apt. 795,Jameschester,FM,51131,2,2.0,Y,Y,N,N,94424.34,0.0,0.0,2026-06-29 19:53:58.123537+00:00
2635,Curtis,Sanders,1942-11-01,84,2025-07-08,11,A,MASS,291,149 Daniel Rapids Apt. 361,Port Denisemouth,NM,34551,1,1.0,Y,N,N,N,79675.46,0.0,0.0,2026-06-29 19:53:58.123537+00:00
2655,Adam,Vaughn,1979-05-14,47,2017-07-22,107,A,PREMIER,468,7336 Williams Fields,Jonathanburgh,LA,80986,4,3.0,Y,Y,Y,Y,153051.3,15000.0,83.58,2026-06-29 19:53:58.123537+00:00
2656,Amy,Edwards,1992-01-29,34,2023-05-07,37,A,SMALL_BIZ,473,281 Dominguez Summit Apt. 547,South Patricia,ID,12079,1,0.0,N,N,Y,N,2771.11,10000.0,27.71,2026-06-29 19:53:58.123537+00:00
2665,Alexandra,Harris,1985-01-20,41,2013-08-08,154,A,PREMIER,114,2947 Dana Flat,North Karenfurt,NV,24706,3,3.0,N,Y,Y,Y,95808.62,2000.0,59.37,2026-06-29 19:53:58.123537+00:00
2675,Amber,Hopkins,1968-07-05,58,2015-04-17,134,I,PREMIER,302,69668 Jill Terrace Suite 746,West Christina,MT,74743,3,3.0,Y,Y,N,Y,92629.28,0.0,0.0,2026-06-29 19:53:58.123537+00:00
2712,Christopher,Blair,1972-07-06,54,2013-03-23,159,A,SMALL_BIZ,261,61199 Stone Path,West Derek,TN,58261,2,2.0,N,Y,Y,N,42180.98,2000.0,3.69,2026-06-29 19:53:58.123537+00:00
2719,Heidi,Baker,1953-05-11,73,2015-11-22,127,I,MASS,189,37400 May Fork,West Carol,MH,72630,4,4.0,Y,Y,Y,Y,95998.55,2000.0,55.53,2026-06-29 19:53:58.123537+00:00
2767,Tracy,Richardson,1960-05-13,66,2013-04-21,158,A,DIGITAL,385,1527 Jeffrey Centers,Port Rebekahberg,VI,63138,1,1.0,N,N,N,Y,47753.95,0.0,0.0,2026-06-29 19:53:58.123537+00:00
2793,Tammy,Welch,1943-08-27,83,2024-03-16,27,A,MASS,72,5425 Martin Hills,Lake Joanne,WI,37248,2,2.0,Y,Y,N,N,92285.57,0.0,0.0,2026-06-29 19:53:58.123537+00:00
2798,Jimmy,Morse,1978-10-09,48,2018-10-24,92,A,MASS,167,10812 Joseph Plain,Port Jacob,MS,38688,4,4.0,Y,Y,Y,Y,116391.16,15000.0,93.15,2026-06-29 19:53:58.123537+00:00
2800,Ashley,White,1956-02-13,70,2026-04-17,2,A,DIGITAL,488,35064 Fry Spring,Lake Crystalshire,MN,70363,3,2.0,Y,N,Y,Y,32621.02,5000.0,75.86,2026-06-29 19:53:58.123537+00:00
2802,Robert,Greene,1968-11-10,58,2022-09-12,45,I,STUDENT,198,337 Micheal Fords Apt. 863,Baileychester,ND,20542,2,2.0,N,N,Y,Y,25276.59,10000.0,0.26,2026-06-29 19:53:58.123537+00:00
2803,Daniel,Dyer,1962-11-22,64,2016-11-27,115,I,PREMIER,169,3125 Lewis Wells Suite 053,New Lauren,PW,85013,1,1.0,N,N,Y,N,2454.23,5000.0,49.08,2026-06-29 19:53:58.123537+00:00
2807,Matthew,Marshall,1960-10-24,66,2019-06-09,84,A,PREMIER,96,07206 Adam Parkways,West Ashley,SC,00694,2,2.0,Y,N,N,Y,99826.31,0.0,0.0,2026-06-29 19:53:58.123537+00:00
2821,Wendy,Atkins,1986-11-03,40,2024-06-04,24,I,WEALTH,237,886 Bass Glen Suite 973,Petersburgh,MO,46638,3,2.0,Y,Y,N,Y,163427.25,0.0,0.0,2026-06-29 19:53:58.123537+00:00
2829,Laura,Clark,1964-04-05,62,2025-02-09,16,A,DIGITAL,141,31971 Darryl Motorway Apt. 878,East Melinda,NY,44075,4,3.0,Y,Y,Y,Y,117620.49,5000.0,9.2,2026-06-29 19:53:58.123537+00:00
2830,Charles,Nolan,1947-12-31,78,2021-01-25,65,A,MASS,342,8476 Edwards Bypass Suite 344,Smithview,LA,39615,4,4.0,Y,Y,Y,Y,117819.73,5000.0,30.3,2026-06-29 19:53:58.123537+00:00
2831,Jordan,Phillips,1974-06-05,52,2015-02-21,136,A,WEALTH,211,76644 Wilson Lane Apt. 920,Karenberg,FL,19889,4,4.0,Y,Y,Y,Y,119142.62,15000.0,36.63,2026-06-29 19:53:58.123537+00:00
2835,Cynthia,Alvarez,2004-10-16,22,2013-11-07,151,A,DIGITAL,260,509 Alexandra Harbors,Dominguezchester,KY,84974,2,2.0,Y,Y,N,N,86431.12,0.0,0.0,2026-06-29 19:53:58.123537+00:00
2866,Luis,Mccann,2004-11-07,22,2018-10-06,92,A,DIGITAL,235,9945 Schroeder Burg Suite 276,Lake Johntown,GU,08624,2,1.0,N,Y,N,Y,82231.22,0.0,0.0,2026-06-29 19:53:58.123537+00:00
2879,Theresa,Wang,1965-03-08,61,2023-07-04,35,A,MASS,122,64667 Cheryl Harbor,New Sheryl,MT,17027,2,1.0,Y,N,N,Y,102641.34,0.0,0.0,2026-06-29 19:53:58.123537+00:00
2883,Daniel,Sanchez,1975-03-10,51,2024-04-07,26,A,SMALL_BIZ,20,5503 Proctor Underpass Suite 478,East Whitneytown,AL,63286,1,1.0,Y,N,N,N,35886.01,0.0,0.0,2026-06-29 19:53:58.123537+00:00
2889,Kimberly,Gutierrez,1991-09-23,35,2016-05-01,121,A,PREMIER,465,543 Parrish Fall Suite 412,Jenniferville,WA,11036,2,1.0,Y,Y,N,N,43215.69,0.0,0.0,2026-06-29 19:53:58.123537+00:00
2897,David,Jenkins,1991-08-01,35,2011-11-02,175,A,STUDENT,41,4040 Aguilar Expressway,Lake Rogerbury,CT,43552,4,3.0,Y,Y,Y,Y,50318.34,25000.0,64.03,2026-06-29 19:53:58.123537+00:00
2899,Allen,Kim,2002-08-29,24,2019-02-18,88,A,DIGITAL,218,83971 Mathews Track Suite 871,West Sharon,SC,05200,4,4.0,Y,Y,Y,Y,64200.96,10000.0,71.5,2026-06-29 19:53:58.123537+00:00
2909,Jeffrey,Simmons,1996-12-24,30,2011-10-09,176,A,WEALTH,146,1404 Torres Isle Apt. 760,South Thomasbury,IL,01270,4,3.0,Y,Y,Y,Y,163339.82,25000.0,9.61,2026-06-29 19:53:58.123537+00:00
2916,Roger,Nelson,1955-06-25,71,2016-01-04,125,A,WEALTH,454,8190 Shepherd View,Kennedyshire,MT,59759,2,2.0,Y,N,N,Y,33312.71,0.0,0.0,2026-06-29 19:53:58.123537+00:00
2921,Gregory,Gentry,1996-01-23,30,2012-11-15,163,A,SMALL_BIZ,198,277 Megan Wall Apt. 151,Hamiltonhaven,OH,19967,2,2.0,N,Y,N,Y,80846.62,0.0,0.0,2026-06-29 19:53:58.123537+00:00
2926,Meredith,Gomez,1995-04-27,31,2017-06-18,108,I,MASS,127,9454 Michael Street Apt. 798,Port Luisbury,AZ,83354,4,4.0,Y,Y,Y,Y,84506.94,15000.0,27.05,2026-06-29 19:53:58.123537+00:00
2927,Ryan,Abbott,2004-11-08,22,2023-12-21,30,A,PREMIER,60,9578 Hernandez Brooks,Whiteheadport,MA,86521,4,4.0,Y,Y,Y,Y,147205.05,5000.0,98.73,2026-06-29 19:53:58.123537+00:00
2930,Donald,Wright,1984-11-11,42,2016-04-24,122,A,DIGITAL,449,87487 Peter Hills,Tammytown,MP,18958,1,1.0,N,N,Y,N,2780.49,25000.0,11.12,2026-06-29 19:53:58.123537+00:00
2935,Natasha,Rodriguez,1995-10-13,31,2014-03-14,147,A,SMALL_BIZ,294,663 Tammy Vista,New Adam,MD,33304,4,3.0,Y,Y,Y,Y,88410.33,2000.0,3.7,2026-06-29 19:53:58.123537+00:00
2994,Tonya,Miller,1969-08-10,57,2023-12-19,30,A,STUDENT,378,5638 Rush Plains,Johnland,GU,97627,4,3.0,Y,Y,Y,Y,168746.13,5000.0,45.81,2026-06-29 19:53:58.123537+00:00
2995,John,Simpson,1948-04-07,78,2023-07-07,35,A,PREMIER,303,43420 Jackson Inlet,Lake Cathy,PR,56824,3,3.0,Y,N,Y,Y,116197.43,2000.0,14.28,2026-06-29 19:53:58.123537+00:00
2998,Patrick,Guzman,1976-04-05,50,2025-04-17,14,A,SMALL_BIZ,309,9061 Chase Crossroad Apt. 530,East Robert,OR,72288,1,1.0,N,N,Y,N,1491.86,5000.0,29.84,2026-06-29 19:53:58.123537+00:00
2999,Stephanie,Johnston,1981-01-16,45,2023-05-01,37,A,PREMIER,203,325 Petty Run,Kellymouth,SC,55364,2,1.0,Y,N,N,Y,42321.14,0.0,0.0,2026-06-29 19:53:58.123537+00:00
3002,Melissa,Berry,1964-10-04,62,2023-04-01,38,A,DIGITAL,308,76614 Harding Square Apt. 659,South Robin,IN,00720,4,4.0,Y,Y,Y,Y,119544.84,15000.0,98.27,2026-06-29 19:53:58.123537+00:00
3014,Jacob,Reyes,1962-06-16,64,2018-11-28,91,A,WEALTH,201,16628 Scott Rue,Lake Bryan,ND,12733,3,3.0,Y,Y,Y,N,82157.38,10000.0,34.78,2026-06-29 19:53:58.123537+00:00
3043,Valerie,Lewis,1988-09-02,38,2025-07-22,11,A,WEALTH,285,27712 Alex Causeway Suite 432,North Matthewton,VI,16077,1,1.0,N,Y,N,N,67689.58,0.0,0.0,2026-06-29 19:53:58.123537+00:00
3050,Debra,Simpson,1953-07-04,73,2014-03-12,147,A,SMALL_BIZ,83,25853 Allen Junctions Apt. 299,Lake Rebecca,GU,44887,3,3.0,Y,Y,N,Y,124095.81,0.0,0.0,2026-06-29 19:53:58.123537+00:00
3065,Lindsay,Collins,2005-09-04,21,2025-07-10,11,A,SMALL_BIZ,463,717 Lauren Shores,North Michael,VA,04430,3,3.0,Y,Y,N,Y,113272.2,0.0,0.0,2026-06-29 19:53:58.123537+00:00
3091,John,Barnett,1944-06-28,82,2013-08-08,154,A,STUDENT,377,426 Cynthia Cove,Lake Haroldshire,MN,86249,4,4.0,Y,Y,Y,Y,153857.71,10000.0,55.19,2026-06-29 19:53:58.123537+00:00
3098,Tracy,White,1949-03-19,77,2024-12-13,18,A,WEALTH,395,04703 Jennifer Haven,South Kevinview,KS,26070,3,3.0,Y,Y,Y,N,55127.83,15000.0,7.86,2026-06-29 19:53:58.123537+00:00
3142,Alan,Atkins,1994-03-20,32,2012-10-08,164,I,DIGITAL,80,12341 Tucker Junction Apt. 144,Port Robertshire,IN,05570,4,4.0,Y,Y,Y,Y,106770.44,25000.0,72.5,2026-06-29 19:53:58.123537+00:00
3151,Parker,Gray,1992-02-14,34,2013-07-06,155,A,DIGITAL,243,316 Jennifer Union Apt. 398,East Michael,AR,13686,1,1.0,N,N,Y,N,7432.62,15000.0,49.55,2026-06-29 19:53:58.123537+00:00
3152,Hailey,Meyers,1952-11-29,74,2011-10-15,176,A,SMALL_BIZ,374,87763 Mark Via Apt. 776,North Jeremychester,VA,70781,2,2.0,N,Y,Y,N,54195.52,10000.0,34.35,2026-06-29 19:53:58.123537+00:00
3153,Hunter,Shannon,2003-11-12,23,2020-03-20,75,A,DIGITAL,438,49060 Gray Union,East Sarah,ID,54307,1,1.0,N,N,N,Y,53712.75,0.0,0.0,2026-06-29 19:53:58.123537+00:00
3167,Matthew,Pratt,1986-07-05,40,2021-11-20,55,I,MASS,486,179 Derrick Circle Apt. 514,Oliviafurt,DC,37468,4,4.0,Y,Y,Y,Y,198758.28,25000.0,56.64,2026-06-29 19:53:58.123537+00:00
3169,Andrea,Burns,2004-08-30,22,2022-03-21,51,A,SMALL_BIZ,7,72510 Lewis Tunnel,Patelstad,MT,73468,2,1.0,Y,N,Y,N,32405.63,5000.0,94.5,2026-06-29 19:53:58.123537+00:00
3171,William,Wilson,1986-02-16,40,2016-03-30,123,A,SMALL_BIZ,399,0450 Powers Forks,Gonzalezport,VT,24633,4,3.0,Y,Y,Y,Y,62186.06,25000.0,25.03,2026-06-29 19:53:58.123537+00:00
3181,Catherine,Lopez,1954-09-17,72,2026-03-25,3,A,STUDENT,500,071 David Stravenue,Morganbury,VA,98204,4,4.0,Y,Y,Y,Y,124993.03,2000.0,35.17,2026-06-29 19:53:58.123537+00:00
3198,Teresa,Ford,2003-05-12,23,2024-02-13,28,I,DIGITAL,150,71823 James Brooks Apt. 781,Hollyfort,NV,86826,2,2.0,N,Y,N,Y,122357.24,0.0,0.0,2026-06-29 19:53:58.123537+00:00
3201,Reginald,Smith,2007-10-21,19,2020-12-02,66,A,STUDENT,60,7242 Heather Common Apt. 155,Port Hannahton,GA,25283,1,1.0,N,Y,N,N,54218.03,0.0,0.0,2026-06-29 19:53:58.123537+00:00
3219,Andrew,Dixon,1974-03-24,52,2018-07-01,95,A,PREMIER,159,226 Hampton Spur Apt. 986,Port Robert,AL,43905,1,1.0,N,N,Y,N,1778.92,5000.0,35.58,2026-06-29 19:53:58.123537+00:00
3228,James,Lindsey,1990-08-18,36,2022-06-18,48,A,MASS,74,246 Thomas Terrace,Port Damonton,VI,84355,3,2.0,Y,Y,Y,N,60058.45,5000.0,55.02,2026-06-29 19:53:58.123537+00:00
3237,Debbie,Foster,1978-05-08,48,2020-11-14,67,A,WEALTH,73,053 Kevin Pass,North Kellytown,NJ,45781,3,2.0,N,Y,Y,Y,90633.36,5000.0,21.07,2026-06-29 19:53:58.123537+00:00
3242,Matthew,Gutierrez,1992-01-20,34,2025-12-30,6,A,WEALTH,87,36834 Wade River Apt. 627,Lake Arthur,ID,90057,4,3.0,Y,Y,Y,Y,76923.57,15000.0,67.05,2026-06-29 19:53:58.123537+00:00
3257,Justin,Johnson,1958-12-07,68,2013-04-08,158,A,DIGITAL,393,2562 Sierra Ports,Cookmouth,MH,31529,4,3.0,Y,Y,Y,Y,129858.9,15000.0,21.46,2026-06-29 19:53:58.123537+00:00
3276,Jenny,Gibson,1953-03-10,73,2013-03-03,159,I,SMALL_BIZ,298,56379 Christensen Freeway Apt. 528,Nancychester,MI,52310,4,4.0,Y,Y,Y,Y,75670.16,10000.0,35.76,2026-06-29 19:53:58.123537+00:00
3312,Bobby,Henry,1973-07-18,53,2020-08-30,70,A,PREMIER,301,47633 Gibson Keys,Stephanieborough,IL,29543,1,1.0,Y,N,N,N,48839.15,0.0,0.0,2026-06-29 19:53:58.123537+00:00
3315,Michael,Mata,1987-08-17,39,2020-09-28,69,A,PREMIER,454,75584 Hart Ferry,North John,NH,02868,2,2.0,N,Y,Y,N,95009.99,25000.0,81.12,2026-06-29 19:53:58.123537+00:00
3325,Kelly,Martin,1974-05-24,52,2024-12-13,18,A,MASS,281,486 Sara Garden Apt. 223,Ashleymouth,VT,22498,3,3.0,Y,Y,N,Y,148442.52,0.0,0.0,2026-06-29 19:53:58.123537+00:00
3340,Anita,Hall,1953-12-02,73,2017-08-27,106,A,WEALTH,82,74094 Amber Drives,West Tracyfurt,VT,83764,1,1.0,N,N,N,Y,10305.15,0.0,0.0,2026-06-29 19:53:58.123537+00:00
3348,Ashlee,Wright,1975-11-21,51,2026-03-22,3,A,SMALL_BIZ,380,622 Douglas Plains,Smithtown,DE,93799,1,1.0,N,N,N,Y,55037.73,0.0,0.0,2026-06-29 19:53:58.123537+00:00
3349,Michael,Perez,1991-12-20,35,2024-01-07,29,A,MASS,233,58625 Brian Crest,East Cody,PW,89524,4,3.0,Y,Y,Y,Y,113210.88,5000.0,83.59,2026-06-29 19:53:58.123537+00:00
3363,John,Adams,1976-02-17,50,2020-11-28,67,A,WEALTH,244,50723 Rocha Expressway Suite 582,Lake Andrew,TX,91282,4,4.0,Y,Y,Y,Y,41002.13,10000.0,34.28,2026-06-29 19:53:58.123537+00:00
3374,Catherine,King,1977-06-30,49,2013-09-03,153,A,WEALTH,357,25742 Peter Lakes Apt. 552,Lake Evelynview,WA,93502,3,3.0,Y,Y,N,Y,182656.09,0.0,0.0,2026-06-29 19:53:58.123537+00:00
3402,Shaun,Mcbride,1957-11-04,69,2021-11-24,55,A,MASS,88,4072 Denise Coves Suite 853,Port Caleb,TX,42104,3,2.0,N,Y,Y,Y,48642.05,10000.0,58.31,2026-06-29 19:53:58.123537+00:00
3407,Tiffany,Diaz,1995-10-08,31,2024-02-10,28,I,STUDENT,82,10577 Andrew Valleys Suite 824,North Leroy,TX,66454,3,3.0,Y,Y,N,Y,50695.09,0.0,0.0,2026-06-29 19:53:58.123537+00:00
3409,Christian,Frederick,1988-01-28,38,2012-03-27,171,A,PREMIER,324,6269 David Points Suite 209,East Leah,SD,12187,4,4.0,Y,Y,Y,Y,140606.88,15000.0,62.6,2026-06-29 19:53:58.123537+00:00
3414,Patty,Young,1978-03-15,48,2025-07-18,11,A,PREMIER,293,71458 Ashley Corner,Hallmouth,CA,35793,4,4.0,Y,Y,Y,Y,44140.6,15000.0,32.32,2026-06-29 19:53:58.123537+00:00
3416,Guy,Martinez,1948-04-17,78,2023-09-07,33,A,SMALL_BIZ,324,45482 Joe Shores Suite 975,West James,ME,74329,2,2.0,Y,N,Y,N,72578.41,2000.0,42.39,2026-06-29 19:53:58.123537+00:00
3417,Jennifer,Hernandez,1972-06-24,54,2022-11-03,43,A,DIGITAL,123,55592 Charles Hollow,Gonzalezberg,GU,70781,4,4.0,Y,Y,Y,Y,67494.11,2000.0,86.7,2026-06-29 19:53:58.123537+00:00
3418,Alan,Foley,2003-12-11,23,2015-02-26,136,A,MASS,100,35916 Keller Vista,North Stevenport,MS,38443,4,4.0,Y,Y,Y,Y,63421.26,2000.0,74.93,2026-06-29 19:53:58.123537+00:00
3427,Kara,Walton,1982-01-22,44,2022-03-17,51,A,PREMIER,250,2454 Marshall Oval Suite 210,Port Dakota,CT,37512,1,1.0,Y,N,N,N,21442.79,0.0,0.0,2026-06-29 19:53:58.123537+00:00
3429,Carol,Richardson,1995-06-01,31,2014-07-30,143,I,MASS,325,7695 Brittany River,New Lorichester,UT,39175,3,2.0,N,Y,Y,Y,32870.41,25000.0,95.69,2026-06-29 19:53:58.123537+00:00
3430,Robert,Bennett,1961-06-27,65,2020-07-04,71,A,DIGITAL,153,159 Jimenez Passage,Lake Johnnystad,WV,73598,4,4.0,Y,Y,Y,Y,51996.43,15000.0,75.06,2026-06-29 19:53:58.123537+00:00
3433,Deborah,Turner,1994-06-15,32,2022-09-01,45,A,WEALTH,315,1807 Michelle Mill,Clementshaven,MI,14394,1,1.0,N,N,Y,N,1944.75,2000.0,97.24,2026-06-29 19:53:58.123537+00:00
3443,Andrew,Powell,1956-02-22,70,2019-04-07,86,A,STUDENT,485,69703 Owens Row,East Stephanieburgh,GU,72544,1,1.0,N,Y,N,N,48317.96,0.0,0.0,2026-06-29 19:53:58.123537+00:00
3446,Barry,Maxwell,1974-02-26,52,2022-11-19,43,A,DIGITAL,407,9090 Kevin River,Bergport,NY,36862,2,2.0,Y,Y,N,N,46302.46,0.0,0.0,2026-06-29 19:53:58.123537+00:00
3476,Victoria,Smith,1995-08-19,31,2021-02-26,64,A,PREMIER,173,158 Haynes Falls,North Sarahchester,NY,59495,1,1.0,Y,N,N,N,35996.9,0.0,0.0,2026-06-29 19:53:58.123537+00:00
3480,Christina,Underwood,1980-07-17,46,2026-03-26,3,A,WEALTH,314,67152 Dawn Meadow Suite 269,East Patrick,MT,39580,4,4.0,Y,Y,Y,Y,118517.63,10000.0,96.13,2026-06-29 19:53:58.123537+00:00
3485,Antonio,Phelps,1982-02-15,44,2021-10-08,56,A,PREMIER,166,5746 Jackson Gardens,North Amber,AZ,23794,4,4.0,Y,Y,Y,Y,122990.75,10000.0,2.91,2026-06-29 19:53:58.123537+00:00
3501,Vanessa,Hernandez,1969-05-08,57,2018-10-03,92,A,SMALL_BIZ,40,374 Hodge Green,Stewartton,ID,93921,4,4.0,Y,Y,Y,Y,71895.41,5000.0,22.67,2026-06-29 19:53:58.123537+00:00
3502,Cassandra,Krueger,2000-09-24,26,2015-01-26,137,A,PREMIER,109,115 Alyssa Trafficway Apt. 603,Robertfort,MN,86020,1,1.0,N,N,N,Y,46055.61,0.0,0.0,2026-06-29 19:53:58.123537+00:00
3508,Ryan,Dodson,1982-07-11,44,2020-08-16,70,A,DIGITAL,113,0729 Patricia Manor,Lake Tamaraville,KY,38693,3,3.0,Y,Y,N,Y,101484.61,0.0,0.0,2026-06-29 19:53:58.123537+00:00
3510,Bradley,Cook,1977-08-03,49,2022-10-07,44,A,DIGITAL,400,1647 Stacy Street Apt. 128,Lake Emmamouth,NM,12647,1,0.0,N,N,N,Y,41408.02,0.0,0.0,2026-06-29 19:53:58.123537+00:00
3522,Mark,Gardner,2007-10-09,19,2019-11-09,79,A,DIGITAL,151,20992 Zhang Center,Guerraburgh,PR,56467,3,3.0,Y,Y,N,Y,140041.33,0.0,0.0,2026-06-29 19:53:58.123537+00:00
3525,Emily,Perry,1958-10-16,68,2021-04-19,62,A,PREMIER,349,34094 Parker Place,Danabury,CO,74879,3,3.0,N,Y,Y,Y,91345.12,10000.0,36.73,2026-06-29 19:53:58.123537+00:00
3534,Rhonda,Oliver,2004-10-19,22,2022-04-24,50,A,SMALL_BIZ,2,4208 Nelson Grove Apt. 371,Port Samanthabury,WI,65699,4,3.0,Y,Y,Y,Y,121956.13,15000.0,81.88,2026-06-29 19:53:58.123537+00:00
3544,Deborah,Perry,2007-08-31,19,2025-06-03,12,A,DIGITAL,242,1595 Mccarthy Rest,Popemouth,LA,86866,1,1.0,Y,N,N,N,10932.6,0.0,0.0,2026-06-29 19:53:58.123537+00:00
3549,Lynn,Carter,1962-09-25,64,2016-02-23,124,A,WEALTH,252,627 Matthew Points,Port Felicia,TX,53751,1,1.0,N,Y,N,N,54266.16,0.0,0.0,2026-06-29 19:53:58.123537+00:00
3559,Ana,Ray,1999-01-22,27,2023-08-07,34,A,MASS,106,190 Burns Mills,Nicholaston,ID,80036,2,2.0,N,Y,N,Y,70812.08,0.0,0.0,2026-06-29 19:53:58.123537+00:00
3562,Joseph,Williams,1969-08-23,57,2021-04-21,62,I,WEALTH,491,04966 Amanda Valleys Apt. 320,Jasonton,MS,40700,2,2.0,N,Y,N,Y,51718.38,0.0,0.0,2026-06-29 19:53:58.123537+00:00
3563,Brianna,Rodriguez,1946-02-05,80,2025-08-25,10,A,MASS,467,4611 Frank Ports Apt. 336,South Scottshire,AR,03133,4,4.0,Y,Y,Y,Y,103363.55,10000.0,23.04,2026-06-29 19:53:58.123537+00:00
3582,Mark,Jenkins,1994-02-15,32,2024-06-14,24,I,MASS,128,90332 Davis Streets,Shahfurt,WY,56787,1,0.0,N,Y,N,N,47199.46,0.0,0.0,2026-06-29 19:53:58.123537+00:00
3583,Scott,Harris,1985-09-05,41,2021-08-22,58,A,WEALTH,205,736 Howard Roads,Charlesburgh,VA,53468,1,1.0,N,N,N,Y,9994.56,0.0,0.0,2026-06-29 19:53:58.123537+00:00
3588,Justin,Campbell,1955-02-24,71,2013-02-19,160,A,MASS,157,279 Ford Skyway Apt. 918,Port Laurie,TX,76223,3,2.0,Y,Y,Y,N,12725.89,25000.0,7.91,2026-06-29 19:53:58.123537+00:00
3589,Thomas,Farmer,1953-05-09,73,2022-12-18,42,A,STUDENT,475,6885 Jennifer Mews Apt. 614,West Derekville,IA,68558,2,2.0,Y,Y,N,N,80676.83,0.0,0.0,2026-06-29 19:53:58.123537+00:00
3590,Kevin,Walker,1945-11-12,81,2018-04-09,98,A,STUDENT,94,5009 Garcia Tunnel Apt. 880,West Kerri,KY,03531,4,4.0,Y,Y,Y,Y,166237.13,10000.0,5.28,2026-06-29 19:53:58.123537+00:00
3601,Ashley,Smith,1987-09-12,39,2019-10-03,80,A,WEALTH,344,104 William Pine Apt. 222,Yatesmouth,FM,86277,1,1.0,N,N,Y,N,25.25,2000.0,1.26,2026-06-29 19:53:58.123537+00:00
3631,Rachel,Vargas,2000-09-15,26,2019-05-30,85,A,PREMIER,465,54364 Delgado Harbors,East Kellyside,MI,32491,4,4.0,Y,Y,Y,Y,102937.46,25000.0,11.29,2026-06-29 19:53:58.123537+00:00
3638,Jillian,Ferguson,1949-12-26,77,2012-04-17,170,A,WEALTH,367,91069 Baker Lodge,Barbaramouth,NM,27403,3,3.0,Y,N,Y,Y,75091.03,2000.0,76.52,2026-06-29 19:53:58.123537+00:00
3643,Clayton,Green,1947-02-02,79,2019-04-29,86,A,SMALL_BIZ,166,0315 Alexander Bypass Apt. 767,North Laura,AK,61365,1,1.0,N,N,N,Y,27037.15,0.0,0.0,2026-06-29 19:53:58.123537+00:00
3649,Elizabeth,Johnson,1942-04-07,84,2011-11-24,175,A,PREMIER,461,361 Daniel Fords,Austinfort,OK,27841,1,1.0,N,N,Y,N,8024.82,15000.0,53.5,2026-06-29 19:53:58.123537+00:00
3651,Christopher,Lee,1995-08-16,31,2020-03-25,75,A,STUDENT,129,5776 Jesus Centers Suite 030,Lisaville,AR,08060,3,3.0,Y,Y,N,Y,43444.65,0.0,0.0,2026-06-29 19:53:58.123537+00:00
3653,Kaitlyn,Jacobs,1966-05-20,60,2023-03-28,39,I,STUDENT,324,3922 Benjamin Land,South Lisashire,HI,39069,2,2.0,N,Y,N,Y,58043.87,0.0,0.0,2026-06-29 19:53:58.123537+00:00
3669,Caleb,Adams,2003-06-10,23,2014-03-31,147,A,WEALTH,119,18611 Fields Crescent,Frankberg,VI,50623,1,1.0,Y,N,N,N,16054.18,0.0,0.0,2026-06-29 19:53:58.123537+00:00
3674,Allison,Brown,1966-10-28,60,2022-11-20,43,A,STUDENT,478,6814 Bishop Cove,North Ericside,IN,90530,2,2.0,N,Y,Y,N,17193.89,10000.0,11.11,2026-06-29 19:53:58.123537+00:00
3677,Rickey,Moore,1986-05-07,40,2022-05-22,49,A,MASS,335,6011 Courtney Gateway Suite 021,West Corey,ME,69467,1,1.0,Y,N,N,N,18059.9,0.0,0.0,2026-06-29 19:53:58.123537+00:00
3688,Vincent,White,1966-03-04,60,2019-10-15,80,A,PREMIER,477,367 Shawn Inlet Apt. 334,Deborahborough,GU,62037,4,3.0,Y,Y,Y,Y,173733.61,25000.0,61.38,2026-06-29 19:53:58.123537+00:00
3743,Annette,Phillips,1979-08-07,47,2013-09-06,153,A,SMALL_BIZ,433,182 Orr Dale,Katherinehaven,TN,06911,4,3.0,Y,Y,Y,Y,65077.55,5000.0,89.93,2026-06-29 19:53:58.123537+00:00
3746,Jeffrey,Deleon,1997-09-18,29,2023-07-13,35,A,PREMIER,226,9575 Becker Islands,Foleyshire,MS,36373,3,2.0,Y,Y,N,Y,131790.73,0.0,0.0,2026-06-29 19:53:58.123537+00:00
3751,Jeremy,Lawson,1979-02-14,47,2026-05-01,1,I,SMALL_BIZ,260,54823 Griffith Causeway,Port Ashleyview,FL,45944,1,0.0,N,Y,N,N,40624.45,0.0,0.0,2026-06-29 19:53:58.123537+00:00
3779,Monique,Hardy,1978-09-15,48,2012-11-11,163,A,SMALL_BIZ,124,403 Miller Corner Suite 907,Port Natasha,NY,52480,4,3.0,Y,Y,Y,Y,141558.86,2000.0,77.93,2026-06-29 19:53:58.123537+00:00
3780,Sandra,Hendrix,1996-10-31,30,2025-04-04,14,I,MASS,41,888 Garrison Ways,Brianland,AK,91571,1,1.0,Y,N,N,N,11252.27,0.0,0.0,2026-06-29 19:53:58.123537+00:00
3795,Raymond,Ferguson,1987-03-10,39,2023-11-26,31,A,WEALTH,182,36105 Douglas Brooks Apt. 401,Davidhaven,RI,15909,3,2.0,Y,N,Y,Y,101775.67,10000.0,56.39,2026-06-29 19:53:58.123537+00:00
3807,Richard,Hurley,1971-11-18,55,2021-12-07,54,A,DIGITAL,153,2965 Warren Parks Suite 244,South Michaelhaven,MS,32821,1,1.0,Y,N,N,N,26445.73,0.0,0.0,2026-06-29 19:53:58.123537+00:00
3830,Edward,Hanson,1977-02-23,49,2017-03-24,111,A,MASS,233,95319 Kim Station,South Annaburgh,TX,56811,2,2.0,Y,N,N,Y,104838.29,0.0,0.0,2026-06-29 19:53:58.123537+00:00
3834,Faith,Sparks,1941-07-15,85,2021-02-02,64,A,SMALL_BIZ,322,66772 Nathaniel Trail Apt. 802,South Paulmouth,FM,49712,3,3.0,Y,Y,N,Y,56837.02,0.0,0.0,2026-06-29 19:53:58.123537+00:00
3849,Curtis,Dalton,1982-03-22,44,2021-09-24,57,A,MASS,50,17125 Nicholas Station,South Davidfort,MA,94072,4,3.0,Y,Y,Y,Y,86393.52,25000.0,11.9,2026-06-29 19:53:58.123537+00:00
3869,Derrick,Rivera,1964-10-29,62,2013-12-02,150,A,SMALL_BIZ,26,5535 Gonzalez Lodge Suite 723,Port Heather,LA,11132,1,1.0,N,N,N,Y,34637.34,0.0,0.0,2026-06-29 19:53:58.123537+00:00
3879,Nathan,Hall,1944-05-13,82,2023-06-14,36,A,WEALTH,336,879 Gonzalez Plain Suite 459,Markmouth,PA,56214,2,2.0,Y,N,Y,N,40765.59,15000.0,11.77,2026-06-29 19:53:58.123537+00:00
3895,Ethan,Robbins,1957-11-21,69,2015-05-28,133,A,DIGITAL,296,79648 Mcknight Flat Apt. 492,Lake Jeffreyhaven,RI,39451,4,4.0,Y,Y,Y,Y,106852.38,5000.0,18.1,2026-06-29 19:53:58.123537+00:00
3899,Timothy,Gray,1965-10-28,61,2020-11-08,67,A,PREMIER,288,578 Nathaniel Ford,East Courtneybury,NV,21689,1,0.0,N,N,Y,N,14602.69,25000.0,58.41,2026-06-29 19:53:58.123537+00:00
3905,Sara,Rios,1994-03-26,32,2022-05-10,49,I,DIGITAL,19,534 Tamara Common,Marksbury,NJ,56150,3,3.0,Y,Y,Y,N,97892.45,25000.0,24.65,2026-06-29 19:53:58.123537+00:00
3919,Rachel,Mcdonald,1945-03-16,81,2015-03-03,135,A,WEALTH,151,440 Patrick Walk,Curtisburgh,IN,39330,4,4.0,Y,Y,Y,Y,94078.71,15000.0,83.05,2026-06-29 19:53:58.123537+00:00
3923,Laura,Sanders,1991-12-04,35,2012-12-17,162,A,STUDENT,488,809 Lang Pines,South Sierrashire,ID,68725,3,2.0,Y,Y,Y,N,94596.01,15000.0,69.13,2026-06-29 19:53:58.123537+00:00
3945,Sean,Sharp,1949-08-05,77,2022-04-04,50,A,DIGITAL,47,32619 Randy Fort Suite 693,South Valerie,GU,91528,1,1.0,N,Y,N,N,-269.43,0.0,0.0,2026-06-29 19:53:58.123537+00:00
3950,Kathy,Campbell,1993-07-11,33,2013-01-13,161,A,STUDENT,390,2572 James Island,Port Johnberg,ND,80203,3,3.0,Y,N,Y,Y,58675.91,15000.0,14.85,2026-06-29 19:53:58.123537+00:00
3954,Brittany,Haynes,1950-02-14,76,2024-01-09,29,A,STUDENT,432,104 Moody Garden,Carolville,KY,68077,4,4.0,Y,Y,Y,Y,91089.69,10000.0,38.23,2026-06-29 19:53:58.123537+00:00
3955,Jennifer,Franco,1966-01-23,60,2025-12-04,6,A,SMALL_BIZ,427,9034 Maxwell Meadows Suite 212,Amandashire,NC,61417,3,3.0,Y,Y,Y,N,106202.12,5000.0,83.71,2026-06-29 19:53:58.123537+00:00
3958,Andre,Davis,1988-01-10,38,2018-11-24,91,A,STUDENT,461,72321 Jason Underpass,Port Davidborough,PW,77509,4,4.0,Y,Y,Y,Y,124329.11,10000.0,60.62,2026-06-29 19:53:58.123537+00:00
3966,Jeremy,Martinez,1999-03-30,27,2011-10-28,176,A,STUDENT,472,145 Davidson Wells Apt. 234,East Michael,NV,99273,3,2.0,Y,Y,N,Y,122183.52,0.0,0.0,2026-06-29 19:53:58.123537+00:00
3976,Kayla,Robles,1948-11-24,78,2019-10-08,80,I,WEALTH,327,91289 Donna Views Suite 481,North Brian,AS,25864,2,2.0,Y,N,N,Y,96627.79,0.0,0.0,2026-06-29 19:53:58.123537+00:00
3978,Craig,Ross,1994-08-03,32,2019-10-02,80,A,DIGITAL,336,162 Wilson Isle Apt. 122,Cristianmouth,MN,72294,4,4.0,Y,Y,Y,Y,128720.67,15000.0,21.54,2026-06-29 19:53:58.123537+00:00
3994,Tina,Powell,1973-04-25,53,2011-12-20,174,A,PREMIER,112,84506 Monica Unions Apt. 000,Port Arthur,ME,82590,3,3.0,Y,Y,Y,N,66268.96,15000.0,10.51,2026-06-29 19:53:58.123537+00:00
4000,Aaron,Wright,1983-10-10,43,2015-07-06,131,A,WEALTH,116,00520 Carol Drive Suite 558,North Omarshire,PR,20170,4,3.0,Y,Y,Y,Y,67639.41,5000.0,75.44,2026-06-29 19:53:58.123537+00:00
4011,Sean,Smith,2002-08-04,24,2026-05-06,1,A,PREMIER,263,141 Hall Spur Apt. 377,Jamesborough,MP,26565,2,2.0,N,N,Y,Y,34245.34,25000.0,56.37,2026-06-29 19:53:58.123537+00:00
4018,Karen,Duncan,1957-04-01,69,2021-09-13,57,I,PREMIER,82,8087 Danielle Road Apt. 538,Port Danielle,AR,32700,3,3.0,N,Y,Y,Y,39813.18,2000.0,17.68,2026-06-29 19:53:58.123537+00:00
4027,Jordan,Williams,1953-01-20,73,2023-08-08,34,A,PREMIER,498,82032 Sarah Glen Apt. 435,South Markberg,NC,79553,2,2.0,N,Y,Y,N,11379.05,5000.0,35.89,2026-06-29 19:53:58.123537+00:00
4039,Sarah,Carpenter,1966-10-11,60,2013-02-01,160,A,DIGITAL,224,7527 Melissa Cliff Apt. 037,Lake Markport,IN,79826,2,2.0,Y,N,Y,N,16506.72,25000.0,42.18,2026-06-29 19:53:58.123537+00:00
4044,Alexander,Hoffman,1962-06-03,64,2012-06-15,168,A,WEALTH,362,1390 Anthony Square Suite 480,New David,SC,73794,2,2.0,N,Y,N,Y,83619.18,0.0,0.0,2026-06-29 19:53:58.123537+00:00
4058,Gabriel,Knox,1997-02-07,29,2011-10-26,176,A,SMALL_BIZ,421,0308 Evans Brook,Bennetttown,ND,83521,2,2.0,Y,N,N,Y,71392.44,0.0,0.0,2026-06-29 19:53:58.123537+00:00
4080,Brian,Washington,1958-11-27,68,2017-01-17,113,A,MASS,183,553 Ann Land Suite 293,Arnoldtown,ND,31643,4,3.0,Y,Y,Y,Y,118877.62,15000.0,78.76,2026-06-29 19:53:58.123537+00:00
4083,Nicholas,Grimes,1961-02-21,65,2017-02-07,112,A,STUDENT,379,273 Lawrence Plains,Marcusmouth,CA,17532,3,3.0,Y,Y,N,Y,127587.01,0.0,0.0,2026-06-29 19:53:58.123537+00:00
4117,Seth,Carrillo,1951-10-27,75,2022-02-15,52,I,MASS,156,341 Clark Isle,Salasside,DC,01367,4,4.0,Y,Y,Y,Y,44023.87,10000.0,34.29,2026-06-29 19:53:58.123537+00:00
4125,Mark,Reid,1958-01-13,68,2012-02-11,172,A,WEALTH,112,09653 Becky Extensions,Davidchester,HI,70035,1,1.0,N,Y,N,N,61285.36,0.0,0.0,2026-06-29 19:53:58.123537+00:00
4126,Laura,Perez,1943-09-19,83,2020-07-28,71,A,STUDENT,149,747 Tanner Knolls Suite 681,Robertland,WI,59190,4,3.0,Y,Y,Y,Y,139934.57,25000.0,65.04,2026-06-29 19:53:58.123537+00:00
4131,Megan,Reed,1960-09-10,66,2024-12-28,18,A,STUDENT,275,09876 Whitaker Pike,West Donna,DE,45962,4,4.0,Y,Y,Y,Y,128677.16,10000.0,90.98,2026-06-29 19:53:58.123537+00:00
4140,Olivia,Vaughn,1975-12-18,51,2013-10-20,152,A,PREMIER,307,7472 Perkins Village,Lake Sheila,AZ,14347,1,1.0,N,N,Y,N,9249.48,15000.0,61.66,2026-06-29 19:53:58.123537+00:00
4144,Julie,James,1990-04-29,36,2020-05-31,73,I,SMALL_BIZ,308,662 Davis Crest Suite 266,Port Ryanchester,LA,26535,1,1.0,N,N,Y,N,1302.27,2000.0,65.11,2026-06-29 19:53:58.123537+00:00
4153,Danny,Kent,1967-05-08,59,2017-12-18,102,A,DIGITAL,126,220 Shane Drive Apt. 778,North Davidmouth,NY,77174,4,4.0,Y,Y,Y,Y,151327.21,5000.0,43.33,2026-06-29 19:53:58.123537+00:00
4164,Sherry,Cisneros,1966-04-14,60,2023-08-29,34,A,SMALL_BIZ,87,04332 Avery Forest,New Jenniferfurt,NC,76939,3,2.0,Y,N,Y,Y,76311.43,15000.0,9.62,2026-06-29 19:53:58.123537+00:00
4165,Charles,Smith,1980-11-27,46,2018-01-07,101,A,SMALL_BIZ,174,54819 Leslie Via Apt. 808,Lake Carlview,FL,44073,4,4.0,Y,Y,Y,Y,96051.16,25000.0,10.05,2026-06-29 19:53:58.123537+00:00
4194,Kelly,Tucker,1996-08-26,30,2016-08-29,118,A,SMALL_BIZ,434,404 Hawkins Freeway,Theresachester,VA,14545,1,1.0,N,N,N,Y,50086.3,0.0,0.0,2026-06-29 19:53:58.123537+00:00
4205,Sandra,Norton,1967-08-03,59,2025-06-04,12,A,SMALL_BIZ,426,351 Mason Park,Hernandezview,NC,17873,3,3.0,Y,Y,N,Y,98918.39,0.0,0.0,2026-06-29 19:53:58.123537+00:00
4217,Ashley,Grimes,1972-11-13,54,2020-05-03,73,A,STUDENT,139,63607 Humphrey Fork Suite 822,Lake Kylefort,AK,38628,4,4.0,Y,Y,Y,Y,160539.68,15000.0,37.12,2026-06-29 19:53:58.123537+00:00
4223,Cheryl,Walker,1965-01-22,61,2019-11-13,79,I,DIGITAL,250,0127 William Cliff Suite 964,Port Caitlynberg,AR,71991,4,4.0,Y,Y,Y,Y,159972.42,25000.0,11.04,2026-06-29 19:53:58.123537+00:00
4232,Devin,Williams,1998-06-05,28,2017-07-18,107,A,STUDENT,108,34884 Dustin Courts Suite 031,West Michael,WA,68546,3,3.0,Y,N,Y,Y,69882.48,5000.0,52.94,2026-06-29 19:53:58.123537+00:00
4240,Valerie,Smith,2004-07-25,22,2012-11-26,163,A,WEALTH,158,2868 Kristi Trafficway Suite 086,Michaelside,WI,69966,2,2.0,Y,N,N,Y,61633.64,0.0,0.0,2026-06-29 19:53:58.123537+00:00
4242,Gary,Johnson,1945-02-09,81,2021-12-21,54,A,PREMIER,496,849 Erika Drive Suite 022,Millerfort,WV,13226,3,3.0,Y,Y,Y,N,63302.5,15000.0,27.57,2026-06-29 19:53:58.123537+00:00
4260,Renee,Moses,1977-11-08,49,2020-11-03,67,A,STUDENT,103,440 Kathleen Estates,Perkinstown,WV,46441,2,2.0,Y,N,Y,N,75502.75,2000.0,8.75,2026-06-29 19:53:58.123537+00:00
4263,Dwayne,Ward,1966-07-15,60,2019-12-14,78,A,MASS,354,33898 Margaret Expressway,Port James,NV,43218,3,3.0,Y,Y,Y,N,43577.08,2000.0,71.7,2026-06-29 19:53:58.123537+00:00
4270,Sylvia,Brooks,1960-11-07,66,2020-02-28,76,I,DIGITAL,62,5344 Burton Flats Suite 391,West Jasonview,WI,82162,3,3.0,Y,N,Y,Y,130905.57,15000.0,5.92,2026-06-29 19:53:58.123537+00:00
4276,Jacqueline,Hernandez,1954-01-02,72,2025-08-14,10,A,SMALL_BIZ,35,5823 Schultz Underpass,Melissafort,IN,07018,2,2.0,Y,N,N,Y,48459.03,0.0,0.0,2026-06-29 19:53:58.123537+00:00
4281,Rebecca,Davis,1957-10-08,69,2013-10-01,152,A,MASS,239,397 Rodriguez Causeway Suite 838,South Dwayneborough,PA,36459,3,2.0,Y,Y,Y,N,106842.07,5000.0,20.52,2026-06-29 19:53:58.123537+00:00
4282,Derek,Pennington,1967-10-17,59,2014-10-09,140,A,SMALL_BIZ,170,526 Jeffrey Knoll,North Allison,MP,31660,1,1.0,Y,N,N,N,41803.92,0.0,0.0,2026-06-29 19:53:58.123537+00:00
4295,Renee,Sharp,1994-02-17,32,2019-04-13,86,A,MASS,476,224 Yolanda Via Apt. 954,West Markland,NJ,82683,3,2.0,Y,N,Y,Y,50349.99,5000.0,22.64,2026-06-29 19:53:58.123537+00:00
4304,Suzanne,Collins,1995-05-04,31,2015-08-11,130,A,PREMIER,84,08151 Snyder Roads,West Lisa,KS,93922,2,2.0,Y,N,Y,N,27847.66,5000.0,80.75,2026-06-29 19:53:58.123537+00:00
4309,Joshua,Lewis,1960-01-29,66,2018-10-05,92,I,WEALTH,9,53511 Peter Keys,Baldwinchester,NV,45743,1,1.0,N,Y,N,N,1701.9,0.0,0.0,2026-06-29 19:53:58.123537+00:00
4311,Michael,Morrison,1969-09-23,57,2025-09-18,9,A,MASS,485,12588 Holmes Tunnel Apt. 166,West Jasmine,RI,03367,1,0.0,N,N,Y,N,14975.03,15000.0,99.83,2026-06-29 19:53:58.123537+00:00
4327,Francis,Bradley,1945-12-21,81,2017-04-07,110,A,MASS,15,71118 Mann Squares,Heatherport,TN,52670,1,0.0,N,N,Y,N,6833.43,15000.0,45.56,2026-06-29 19:53:58.123537+00:00
4330,Rebecca,Stevens,1997-11-07,29,2024-01-16,29,A,DIGITAL,81,65844 Graves Knoll,Bettyton,SD,62263,3,3.0,Y,Y,Y,N,84220.76,15000.0,12.72,2026-06-29 19:53:58.123537+00:00
4331,Patrick,Graves,1991-12-14,35,2024-10-12,20,A,MASS,460,60985 John Gardens,Lake Tina,MP,35303,3,3.0,Y,N,Y,Y,93711.63,10000.0,30.03,2026-06-29 19:53:58.123537+00:00
4337,David,Jackson,1966-09-29,60,2018-04-04,98,A,MASS,490,97735 Debra Drives Suite 289,East Matthewborough,IL,82783,1,1.0,N,N,Y,N,2980.82,10000.0,29.81,2026-06-29 19:53:58.123537+00:00
4352,Mitchell,Owens,1966-07-16,60,2022-03-19,51,A,PREMIER,293,17362 Scott Fords Suite 919,Lake Tanyafurt,NE,05246,2,2.0,N,Y,N,Y,89795.81,0.0,0.0,2026-06-29 19:53:58.123537+00:00
4356,Michael,Allen,1984-01-31,42,2025-08-14,10,A,SMALL_BIZ,394,5888 Brittany Prairie,South Phillipchester,GA,33968,1,1.0,N,Y,N,N,35664.08,0.0,0.0,2026-06-29 19:53:58.123537+00:00
4358,Wesley,Rivers,2003-11-18,23,2020-05-12,73,A,MASS,414,5139 Brian Turnpike Apt. 308,Benjaminton,AS,74395,4,4.0,Y,Y,Y,Y,88548.71,25000.0,25.62,2026-06-29 19:53:58.123537+00:00
4368,Brandy,Wright,2005-05-20,21,2021-03-13,63,A,PREMIER,102,18943 Garza Brook,West Krista,MP,51229,1,1.0,N,Y,N,N,66366.85,0.0,0.0,2026-06-29 19:53:58.123537+00:00
4378,Debra,Shelton,1958-11-23,68,2024-01-31,29,I,WEALTH,240,59889 Lopez Vista,Deanside,MI,72158,3,3.0,Y,Y,Y,N,120855.5,25000.0,99.36,2026-06-29 19:53:58.123537+00:00
4379,Dawn,Martin,1944-09-30,82,2018-11-28,91,A,SMALL_BIZ,481,86421 Lyons Fields,Greerbury,OR,44493,3,3.0,Y,Y,N,Y,113343.4,0.0,0.0,2026-06-29 19:53:58.123537+00:00
4386,Michael,Banks,1945-09-14,81,2025-04-30,14,A,MASS,37,621 Jackson Parks,New Michael,PW,20620,3,3.0,Y,Y,Y,N,83677.71,15000.0,14.42,2026-06-29 19:53:58.123537+00:00
4390,Tammy,Schwartz,1943-04-07,83,2015-12-25,126,A,MASS,6,3648 Cruz Garden,North Lucas,SC,18463,2,1.0,N,N,Y,Y,19128.35,2000.0,85.53,2026-06-29 19:53:58.123537+00:00
4408,Sydney,Byrd,2007-03-08,19,2014-10-22,140,A,DIGITAL,300,298 Shawn Forks,Lake James,VA,25936,2,2.0,Y,Y,N,N,12630.82,0.0,0.0,2026-06-29 19:53:58.123537+00:00
4409,Christopher,Trevino,1983-11-04,43,2014-03-21,147,A,STUDENT,223,0052 Jonathan Mountains,Mcdonaldville,NE,80607,1,1.0,N,Y,N,N,77233.31,0.0,0.0,2026-06-29 19:53:58.123537+00:00
4415,Wendy,Reed,1992-01-13,34,2015-11-06,127,A,MASS,298,427 Lisa Lock Suite 701,North Debbieville,VI,54147,4,4.0,Y,Y,Y,Y,157526.75,25000.0,48.11,2026-06-29 19:53:58.123537+00:00
4428,Jessica,Gibbs,1965-12-21,61,2012-06-07,168,A,SMALL_BIZ,165,939 Blair Manor Suite 997,West Christianbury,AS,97164,3,2.0,Y,Y,N,Y,79285.05,0.0,0.0,2026-06-29 19:53:58.123537+00:00
4433,Brittany,Lewis,1947-08-11,79,2022-03-31,51,A,SMALL_BIZ,208,716 Anthony Spring Suite 212,North Davidton,MN,46292,3,3.0,Y,N,Y,Y,123605.36,25000.0,27.52,2026-06-29 19:53:58.123537+00:00
4435,Derrick,King,1973-06-17,53,2011-07-01,179,A,DIGITAL,136,932 Everett Locks,Alexandertown,KY,54207,3,3.0,Y,Y,Y,N,81456.83,25000.0,2.94,2026-06-29 19:53:58.123537+00:00
4442,Kaylee,Anderson,1946-11-05,80,2020-06-20,72,I,PREMIER,47,427 Kramer Spurs,East Thomas,FL,19703,4,4.0,Y,Y,Y,Y,103302.85,10000.0,49.96,2026-06-29 19:53:58.123537+00:00
4449,Hunter,Martinez,1994-02-16,32,2020-12-28,66,A,PREMIER,254,79534 Omar Tunnel,South Jonathanport,NC,15978,3,2.0,N,Y,Y,Y,36049.05,15000.0,16.08,2026-06-29 19:53:58.123537+00:00
4460,Sydney,Alexander,1979-05-08,47,2020-09-08,69,A,SMALL_BIZ,69,37796 Barnes Neck Apt. 732,Jamesborough,DC,02658,3,3.0,Y,Y,Y,N,157013.84,5000.0,84.15,2026-06-29 19:53:58.123537+00:00
4484,Joshua,Reynolds,1957-11-13,69,2012-02-17,172,A,DIGITAL,16,88323 Rivera Trafficway,Aliciaton,WA,42166,1,0.0,Y,N,N,N,62699.87,0.0,0.0,2026-06-29 19:53:58.123537+00:00
4513,Ellen,Patterson,1946-01-11,80,2021-10-26,56,A,DIGITAL,188,746 Kenneth Court,West Jason,AK,36769,3,3.0,Y,N,Y,Y,73859.72,10000.0,68.98,2026-06-29 19:53:58.123537+00:00
4519,Joseph,Hardin,1952-12-03,74,2011-12-04,174,A,SMALL_BIZ,103,137 Maria Shoal,Kellyfurt,WY,01979,3,2.0,Y,Y,N,Y,84869.46,0.0,0.0,2026-06-29 19:53:58.123537+00:00
4524,Jennifer,Hendricks,1945-05-30,81,2023-08-22,34,A,MASS,288,761 Krause Summit,Michaeltown,PW,11341,2,2.0,N,N,Y,Y,9202.85,5000.0,75.79,2026-06-29 19:53:58.123537+00:00
4530,Cristina,Morgan,1951-10-25,75,2021-08-07,58,A,STUDENT,15,4387 Valerie Shore,South Daniel,MD,10857,1,1.0,N,Y,N,N,78383.97,0.0,0.0,2026-06-29 19:53:58.123537+00:00
4531,Eric,George,1999-12-05,27,2012-06-12,168,A,WEALTH,97,83594 Boone Ranch,Brookeport,AK,68017,3,3.0,Y,Y,Y,N,82906.61,5000.0,82.28,2026-06-29 19:53:58.123537+00:00
4532,Hailey,Cruz,1995-04-09,31,2020-03-20,75,A,PREMIER,422,872 Henderson Groves Suite 860,South Christyland,AL,28493,1,1.0,N,N,Y,N,1785.42,2000.0,89.27,2026-06-29 19:53:58.123537+00:00
4549,James,Cherry,1941-08-04,85,2019-07-17,83,A,WEALTH,130,558 Hernandez Ways Apt. 130,Davidport,LA,08568,4,4.0,Y,Y,Y,Y,156816.77,2000.0,59.56,2026-06-29 19:53:58.123537+00:00
4558,Laura,Moore,2003-03-20,23,2018-07-25,95,A,STUDENT,134,35228 Michael Village,Whitetown,VT,97357,3,3.0,N,Y,Y,Y,92933.06,2000.0,9.03,2026-06-29 19:53:58.123537+00:00
4571,Lori,Miller,1988-09-06,38,2013-10-31,152,A,MASS,237,1757 Shelton Common Suite 909,North Kendrashire,RI,91584,2,1.0,N,N,Y,Y,42452.38,2000.0,86.8,2026-06-29 19:53:58.123537+00:00
4578,Laura,Thompson,1997-07-22,29,2011-07-04,179,A,MASS,30,3232 Tucker Lane,Amberview,MA,44328,2,2.0,N,N,Y,Y,5555.9,5000.0,53.54,2026-06-29 19:53:58.123537+00:00
4587,Sally,Carroll,1990-08-01,36,2025-06-24,12,A,MASS,352,91703 Lewis Parkway Apt. 516,Ayalafurt,PR,90930,1,1.0,N,Y,N,N,53490.48,0.0,0.0,2026-06-29 19:53:58.123537+00:00
4595,Adam,Welch,1968-01-10,58,2024-07-06,23,A,DIGITAL,22,6048 Fitzgerald Causeway Suite 804,West Sarahtown,MT,55913,1,1.0,N,N,N,Y,41760.75,0.0,0.0,2026-06-29 19:53:58.123537+00:00
4607,Daniel,Dudley,1978-06-26,48,2025-11-21,7,I,WEALTH,73,9048 Thomas Well,Wagnerfurt,MT,65902,3,3.0,Y,Y,N,Y,107244.29,0.0,0.0,2026-06-29 19:53:58.123537+00:00
4622,Patrick,Jackson,2005-05-13,21,2017-06-12,108,A,MASS,104,390 Jonathan Park Apt. 688,New Brandon,DC,05900,3,3.0,Y,N,Y,Y,93405.9,2000.0,34.47,2026-06-29 19:53:58.123537+00:00
4624,Brittany,Vance,1955-03-03,71,2020-09-09,69,A,STUDENT,466,587 Bethany Way,North Patriciaberg,RI,61880,2,1.0,N,N,Y,Y,70734.52,15000.0,94.87,2026-06-29 19:53:58.123537+00:00
4629,Samuel,Montgomery,2008-04-15,18,2012-06-05,168,A,DIGITAL,288,6542 Denise Motorway,Elliottmouth,NE,15139,3,3.0,N,Y,Y,Y,101207.38,15000.0,90.32,2026-06-29 19:53:58.123537+00:00
4632,Richard,Jones,1982-11-19,44,2020-01-04,77,A,PREMIER,387,30675 Jennifer Roads Suite 620,Port John,TX,77952,3,3.0,N,Y,Y,Y,101827.37,5000.0,26.67,2026-06-29 19:53:58.123537+00:00
4638,Linda,Liu,1952-08-28,74,2021-01-14,65,A,PREMIER,454,537 Elizabeth Ways Apt. 845,Gonzalezport,PR,41610,4,4.0,Y,Y,Y,Y,110358.7,25000.0,93.56,2026-06-29 19:53:58.123537+00:00
4645,Joel,Larson,1986-03-01,40,2019-07-24,83,A,DIGITAL,187,690 Dunn Junction,Schneiderfurt,AS,10605,1,1.0,N,N,N,Y,12528.7,0.0,0.0,2026-06-29 19:53:58.123537+00:00
4657,Pamela,Martinez,1991-10-01,35,2017-11-14,103,I,STUDENT,438,35682 Cook Crest Suite 399,Port Karen,IL,98680,2,1.0,Y,Y,N,N,76279.22,0.0,0.0,2026-06-29 19:53:58.123537+00:00
4660,Angelica,Hickman,1986-01-23,40,2025-09-25,9,A,WEALTH,145,363 Chapman Dam,East Megan,KY,81281,2,2.0,Y,Y,N,N,84305.53,0.0,0.0,2026-06-29 19:53:58.123537+00:00
4664,Sheila,White,1969-12-30,56,2014-02-24,148,I,DIGITAL,39,28130 Jennifer Falls Suite 247,New Mark,IA,14411,2,1.0,N,Y,N,Y,88603.2,0.0,0.0,2026-06-29 19:53:58.123537+00:00
4677,Angela,Jackson,1962-12-30,63,2021-07-24,59,A,STUDENT,362,465 Diaz Well,Port Roberta,CO,69410,2,0.0,Y,Y,N,N,30273.44,0.0,0.0,2026-06-29 19:53:58.123537+00:00
4683,Danielle,Kelly,1973-02-01,53,2022-11-24,43,I,DIGITAL,96,7207 Cunningham Villages Apt. 662,Port Markshire,DC,23930,4,4.0,Y,Y,Y,Y,188738.33,25000.0,6.55,2026-06-29 19:53:58.123537+00:00
4685,Kristine,Murray,1990-07-20,36,2013-03-01,159,A,STUDENT,212,75314 Dominguez Shore Apt. 810,Chavezmouth,NY,25121,4,4.0,Y,Y,Y,Y,98917.93,10000.0,6.08,2026-06-29 19:53:58.123537+00:00
4689,Christopher,Cobb,1949-11-08,77,2014-09-27,141,A,MASS,387,2256 Jacob Track,Davidhaven,NH,64145,3,2.0,Y,Y,Y,N,45545.23,5000.0,2.39,2026-06-29 19:53:58.123537+00:00
4715,Chelsea,Prince,1980-08-09,46,2022-05-25,49,A,WEALTH,223,2133 Travis Coves,Schneiderbury,WV,22401,4,3.0,Y,Y,Y,Y,130015.98,5000.0,46.6,2026-06-29 19:53:58.123537+00:00
4725,Sabrina,Ray,1977-08-03,49,2015-08-06,130,A,MASS,290,709 Ramirez Port Suite 210,Port Alfredfurt,NH,21255,3,3.0,Y,Y,N,Y,153024.47,0.0,0.0,2026-06-29 19:53:58.123537+00:00
4727,Ashley,Singleton,1999-07-18,27,2024-01-29,29,I,DIGITAL,108,6472 Williams Wells,East Shannon,IL,00760,2,2.0,N,Y,N,Y,77838.08,0.0,0.0,2026-06-29 19:53:58.123537+00:00
4729,Sandy,Richards,1951-05-24,75,2024-05-05,25,A,STUDENT,175,6457 Anthony Row Apt. 520,Lisafort,GA,67617,4,3.0,Y,Y,Y,Y,74521.21,5000.0,83.57,2026-06-29 19:53:58.123537+00:00
4733,Andrew,Garner,1954-07-26,72,2021-07-14,59,A,PREMIER,161,68215 Lewis Mountain,Bryantburgh,NV,94585,2,2.0,Y,N,N,Y,16009.35,0.0,0.0,2026-06-29 19:53:58.123537+00:00
4734,Breanna,Smith,1949-08-28,77,2015-02-01,136,I,WEALTH,385,59429 Gonzales Expressway Suite 057,Wayneshire,MH,54111,1,1.0,N,N,N,Y,28301.68,0.0,0.0,2026-06-29 19:53:58.123537+00:00
4740,Chad,Cooper,1989-05-15,37,2014-07-28,143,A,SMALL_BIZ,2,2089 Jeremy Mountain,Aliciaville,MO,70392,1,1.0,N,N,Y,N,68.86,2000.0,3.44,2026-06-29 19:53:58.123537+00:00
4748,Jacob,Reed,1957-07-13,69,2018-10-05,92,A,SMALL_BIZ,420,729 Roberts Union Suite 234,Port Andrew,HI,85843,4,4.0,Y,Y,Y,Y,162298.23,2000.0,89.37,2026-06-29 19:53:58.123537+00:00
4750,Dennis,Romero,1986-12-21,40,2012-02-16,172,A,PREMIER,15,671 Deborah Loaf Suite 195,Phillipberg,ND,34593,4,3.0,Y,Y,Y,Y,202419.64,15000.0,10.34,2026-06-29 19:53:58.123537+00:00
4761,Curtis,Schultz,2004-01-16,22,2019-02-01,88,A,SMALL_BIZ,166,3855 William Cove,North Stevenfort,MI,20706,2,2.0,N,N,Y,Y,53671.59,10000.0,73.41,2026-06-29 19:53:58.123537+00:00
4764,Tyler,Green,1980-01-10,46,2012-02-28,172,A,STUDENT,29,0817 Harold Cliffs Apt. 492,Alvaradofurt,NE,39658,1,1.0,N,N,Y,N,9317.84,25000.0,37.27,2026-06-29 19:53:58.123537+00:00
4779,Stephanie,Lee,1983-03-18,43,2013-03-04,159,A,SMALL_BIZ,344,6700 Amanda Parkways Apt. 603,Rollinsberg,IN,25314,4,4.0,Y,Y,Y,Y,68507.28,2000.0,91.82,2026-06-29 19:53:58.123537+00:00
4783,Cheryl,Ramsey,1999-10-10,27,2024-10-31,20,A,STUDENT,19,92445 Nathan River,Lisatown,AL,05992,3,2.0,Y,N,Y,Y,55945.85,2000.0,69.55,2026-06-29 19:53:58.123537+00:00
4798,Edward,Johnson,1952-11-14,74,2025-06-05,12,A,MASS,238,809 Walters Dam,Gilesmouth,IA,09698,3,3.0,Y,Y,N,Y,68133.98,0.0,0.0,2026-06-29 19:53:58.123537+00:00
4810,Lindsey,Brandt,1948-12-04,78,2013-12-25,150,I,SMALL_BIZ,291,53394 Phillips Harbors Suite 962,West Thomasfort,AR,32176,2,2.0,Y,Y,N,N,40958.64,0.0,0.0,2026-06-29 19:53:58.123537+00:00
4812,Mandy,Malone,1945-02-04,81,2026-02-01,4,I,WEALTH,380,3648 Michelle Mountain Apt. 599,West Sherryville,NH,97716,2,1.0,N,Y,N,Y,48575.76,0.0,0.0,2026-06-29 19:53:58.123537+00:00
4821,Tara,Anderson,1989-09-29,37,2011-11-07,175,A,PREMIER,375,2878 Brooks Junction,Dennisland,NV,27001,2,2.0,Y,N,N,Y,102264.39,0.0,0.0,2026-06-29 19:53:58.123537+00:00
4859,Sydney,Parker,1975-01-28,51,2022-10-26,44,I,SMALL_BIZ,1,2509 Chelsea Lodge Suite 592,Jenniferbury,CA,87752,4,4.0,Y,Y,Y,Y,139376.03,10000.0,88.16,2026-06-29 19:53:58.123537+00:00
4890,Jamie,Dennis,1991-04-22,35,2020-10-29,68,A,DIGITAL,21,639 Smith Coves Suite 427,Jerrymouth,MT,11987,2,2.0,Y,N,Y,N,75224.89,2000.0,31.41,2026-06-29 19:53:58.123537+00:00
4896,Ricardo,Hernandez,1965-01-05,61,2021-11-30,55,A,DIGITAL,366,8866 Jimenez Pike Apt. 722,Port Danielleton,AZ,96761,1,1.0,Y,N,N,N,61983.95,0.0,0.0,2026-06-29 19:53:58.123537+00:00
4904,Robert,Stevenson,1962-02-06,64,2016-01-28,125,A,PREMIER,45,17306 Smith Knolls Apt. 310,North Sarah,SD,30701,1,1.0,N,Y,N,N,4320.02,0.0,0.0,2026-06-29 19:53:58.123537+00:00
4908,Joshua,Campbell,2006-06-22,20,2021-05-02,61,A,WEALTH,338,53112 Amanda Junctions,Timothymouth,MA,24140,2,2.0,Y,N,N,Y,94966.91,0.0,0.0,2026-06-29 19:53:58.123537+00:00
4913,Jennifer,Rice,1999-05-18,27,2023-07-09,35,A,SMALL_BIZ,360,38288 Thomas Squares,North Bryanmouth,MA,26561,1,1.0,N,Y,N,N,4158.32,0.0,0.0,2026-06-29 19:53:58.123537+00:00
4922,Holly,Garcia,1955-01-25,71,2012-06-03,168,A,STUDENT,75,004 Smith Valleys,Alanborough,AS,80513,4,4.0,Y,Y,Y,Y,99271.6,5000.0,36.07,2026-06-29 19:53:58.123537+00:00
4926,Julie,Lawrence,1948-08-27,78,2021-10-13,56,A,WEALTH,31,1080 Miles Vista,South Nancy,CA,70686,2,2.0,Y,Y,N,N,31808.67,0.0,0.0,2026-06-29 19:53:58.123537+00:00
4941,Matthew,Perez,1949-07-28,77,2014-06-11,144,A,WEALTH,198,989 Gibbs Squares,Mcdonaldview,AZ,20485,4,4.0,Y,Y,Y,Y,98495.83,15000.0,20.33,2026-06-29 19:53:58.123537+00:00
4942,Michelle,Yoder,1971-06-20,55,2017-09-29,105,A,WEALTH,173,272 Carol Circles,West Janestad,MH,46936,1,0.0,N,N,N,Y,30512.83,0.0,0.0,2026-06-29 19:53:58.123537+00:00
4945,Denise,Caldwell,1975-01-09,51,2011-09-17,177,A,MASS,305,4820 Brandon Extension,New Davidview,MD,58377,4,4.0,Y,Y,Y,Y,151242.08,25000.0,68.48,2026-06-29 19:53:58.123537+00:00
4966,Nicole,Hill,1963-04-28,63,2023-09-23,33,A,MASS,27,50450 Cooper Roads,North Marietown,MH,75850,3,3.0,Y,Y,N,Y,68342.54,0.0,0.0,2026-06-29 19:53:58.123537+00:00
4973,Melissa,Fowler,1965-10-06,61,2013-10-19,152,A,DIGITAL,21,24305 Phillips Mountains Suite 839,Ramirezview,WV,69249,1,1.0,Y,N,N,N,56496.85,0.0,0.0,2026-06-29 19:53:58.123537+00:00
4978,Margaret,Marshall,1943-04-28,83,2014-07-12,143,A,PREMIER,284,51833 Morgan Street,Cabrerahaven,VI,28459,3,2.0,Y,Y,Y,N,87543.46,10000.0,99.31,2026-06-29 19:53:58.123537+00:00
4983,Mark,Stevens,1997-10-21,29,2018-12-31,90,A,WEALTH,114,79318 Wilson Harbors,Lake Cathy,CT,49503,4,4.0,Y,Y,Y,Y,124234.3,15000.0,9.15,2026-06-29 19:53:58.123537+00:00
4984,Anna,Cook,1953-08-15,73,2012-03-26,171,I,STUDENT,85,994 Tyler Mall,Kimberlyview,FL,73875,2,2.0,Y,N,N,Y,116881.55,0.0,0.0,2026-06-29 19:53:58.123537+00:00
4993,Jose,Sellers,1986-07-03,40,2011-12-10,174,A,MASS,165,525 Friedman Springs,Saraport,MP,04191,4,2.0,Y,Y,Y,Y,182799.06,2000.0,42.96,2026-06-29 19:53:58.123537+00:00
4996,Alicia,Flowers,1964-09-23,62,2011-11-14,175,I,SMALL_BIZ,40,7796 Roberts Loop Suite 940,Birdton,OH,95188,4,3.0,Y,Y,Y,Y,80130.26,5000.0,70.59,2026-06-29 19:53:58.123537+00:00
4998,Melissa,Patterson,2005-08-10,21,2016-05-16,121,A,DIGITAL,161,379 Cochran Prairie Suite 756,North Louismouth,PR,14015,1,1.0,N,Y,N,N,71273.74,0.0,0.0,2026-06-29 19:53:58.123537+00:00
5000,Jillian,Porter,1963-01-16,63,2018-03-17,99,A,DIGITAL,195,69931 Gregory Common Apt. 644,Lake Chelseatown,KY,31556,2,2.0,N,Y,N,Y,38212.02,0.0,0.0,2026-06-29 19:53:58.123537+00:00
5,Lisa,Smith,1956-04-05,70,2020-04-12,74,A,PREMIER,112,76965 Gentry Lodge Suite 600,Lake Jeffery,WA,41759,3,3.0,N,Y,Y,Y,90242.39,2000.0,62.09,2026-06-29 19:53:58.123537+00:00
24,Bryan,James,1994-07-23,32,2017-10-15,104,A,WEALTH,139,16781 Linda Mountain,Doyletown,HI,42425,3,3.0,N,Y,Y,Y,105280.01,25000.0,55.86,2026-06-29 19:53:58.123537+00:00
25,Tasha,Valencia,2008-03-25,18,2019-05-21,85,A,SMALL_BIZ,167,04053 Charlene Harbors Apt. 050,Morrismouth,AL,69656,3,2.0,Y,Y,Y,N,75657.33,15000.0,5.13,2026-06-29 19:53:58.123537+00:00
34,Christopher,Tucker,2000-04-25,26,2025-08-13,10,I,DIGITAL,261,56345 Teresa Mall,South George,VI,69730,3,3.0,Y,Y,N,Y,147053.08,0.0,0.0,2026-06-29 19:53:58.123537+00:00
41,Jeremy,Whitehead,1946-04-01,80,2020-11-26,67,A,SMALL_BIZ,175,669 Wagner Green Apt. 001,Christopherview,DC,34237,2,2.0,N,N,Y,Y,61894.57,25000.0,54.71,2026-06-29 19:53:58.123537+00:00
44,Lindsey,Lee,1973-02-27,53,2023-03-13,39,I,STUDENT,391,43903 Dudley Mews Apt. 285,Montgomeryfurt,NE,94438,3,3.0,Y,Y,N,Y,169433.98,0.0,0.0,2026-06-29 19:53:58.123537+00:00
46,Tracey,Garcia,1990-05-04,36,2021-07-15,59,A,SMALL_BIZ,260,950 Sharp Mall Suite 573,Hutchinsonview,OH,98737,2,1.0,Y,N,N,Y,27152.69,0.0,0.0,2026-06-29 19:53:58.123537+00:00
52,Richard,Brown,1974-01-11,52,2014-09-05,141,A,PREMIER,375,02693 Watson Freeway,New Christineberg,ID,91091,1,1.0,N,N,Y,N,11889.98,15000.0,79.27,2026-06-29 19:53:58.123537+00:00
54,Susan,Cowan,1971-12-23,55,2017-10-19,104,I,SMALL_BIZ,244,67415 Julie Hills Suite 876,North Sarah,MH,55559,1,1.0,N,N,N,Y,12096.75,0.0,0.0,2026-06-29 19:53:58.123537+00:00
57,Wesley,Farrell,1945-04-27,81,2020-03-16,75,A,SMALL_BIZ,160,7093 Henry Trace Suite 028,North Laurenport,TN,10556,2,2.0,N,Y,Y,N,79401.27,5000.0,28.07,2026-06-29 19:53:58.123537+00:00
73,Adam,Wise,1969-11-14,57,2015-08-14,130,A,STUDENT,230,94849 Lopez Walk,Joymouth,NH,63449,1,0.0,N,N,Y,N,9772.5,10000.0,97.73,2026-06-29 19:53:58.123537+00:00
112,Jennifer,Wagner,2001-03-20,25,2020-08-18,70,A,STUDENT,362,4298 Katelyn Forges Apt. 395,New Michael,WA,92013,2,1.0,Y,Y,N,N,13741.34,0.0,0.0,2026-06-29 19:53:58.123537+00:00
114,John,Walsh,1973-04-17,53,2015-05-11,133,A,STUDENT,19,96103 Smith Mountains Apt. 689,North Apriltown,LA,14854,2,2.0,N,Y,N,Y,82882.87,0.0,0.0,2026-06-29 19:53:58.123537+00:00
121,Michael,Molina,1966-12-23,60,2011-07-31,179,A,PREMIER,92,1279 Garcia Meadows,Lake Susan,AL,54297,2,2.0,N,Y,Y,N,56059.47,5000.0,46.57,2026-06-29 19:53:58.123537+00:00
127,Derek,Murray,1943-04-23,83,2021-01-29,65,A,PREMIER,338,86874 Davis Trail Apt. 599,Riosmouth,OH,52555,3,3.0,Y,N,Y,Y,73549.58,15000.0,26.39,2026-06-29 19:53:58.123537+00:00
137,Susan,Sanders,1962-05-23,64,2021-08-05,58,A,SMALL_BIZ,224,4126 Patricia Skyway Suite 574,Amyville,NY,98263,4,4.0,Y,Y,Y,Y,121491.71,2000.0,11.58,2026-06-29 19:53:58.123537+00:00
139,Melissa,Burke,1948-04-26,78,2023-01-06,41,A,MASS,221,6223 Ryan Corner,South Matthew,MH,33834,1,1.0,N,N,Y,N,5740.87,10000.0,57.41,2026-06-29 19:53:58.123537+00:00
152,Travis,Mcguire,1987-10-05,39,2021-02-15,64,A,PREMIER,420,5777 Lewis Stravenue Apt. 658,Morrisborough,TN,09623,2,2.0,Y,N,N,Y,102889.43,0.0,0.0,2026-06-29 19:53:58.123537+00:00
162,Monique,Andrews,1999-09-05,27,2018-10-24,92,A,PREMIER,234,95617 Estrada Lakes Suite 892,East Heather,MN,17493,3,2.0,Y,Y,N,Y,51409.64,0.0,0.0,2026-06-29 19:53:58.123537+00:00
172,Brittney,Carter,1941-09-02,85,2018-03-18,99,A,DIGITAL,197,76309 Bryant Prairie Apt. 666,New Victorshire,NM,66462,3,3.0,Y,Y,N,Y,153043.62,0.0,0.0,2026-06-29 19:53:58.123537+00:00
177,Kaitlyn,Carroll,1952-08-10,74,2016-01-30,125,A,STUDENT,195,9241 Thomas Neck,North Monica,NE,90742,3,3.0,Y,N,Y,Y,36854.7,25000.0,17.59,2026-06-29 19:53:58.123537+00:00
189,Vanessa,Sandoval,1968-07-27,58,2019-03-03,87,A,MASS,173,78049 Poole Dale,New Jaimeside,AS,25710,4,4.0,Y,Y,Y,Y,74688.03,10000.0,54.13,2026-06-29 19:53:58.123537+00:00
194,Andrea,Davis,1952-02-07,74,2019-09-16,81,A,PREMIER,487,449 Kristin Flats,Burnsfort,GA,95880,3,3.0,N,Y,Y,Y,97529.05,15000.0,58.64,2026-06-29 19:53:58.123537+00:00
197,Tina,Sanchez,1959-10-23,67,2023-12-11,30,A,STUDENT,486,895 Charles Knoll,Kimberlybury,OK,63943,2,2.0,Y,N,Y,N,25812.95,2000.0,88.55,2026-06-29 19:53:58.123537+00:00
198,Sandra,Romero,1978-06-05,48,2017-03-19,111,I,SMALL_BIZ,132,65046 Stephanie Loop,Port Douglas,VI,65310,3,2.0,Y,N,Y,Y,103356.61,25000.0,70.62,2026-06-29 19:53:58.123537+00:00
203,Stanley,Morris,1978-06-20,48,2019-08-07,82,A,PREMIER,304,254 Daniel Ramp Apt. 847,Kellyland,NY,70887,1,1.0,N,N,Y,N,862.72,5000.0,17.25,2026-06-29 19:53:58.123537+00:00
204,Ashley,Hall,1954-02-17,72,2021-11-23,55,I,PREMIER,357,9478 Brian Via Apt. 463,Jenkinshaven,IA,63158,2,2.0,Y,N,N,Y,83185.03,0.0,0.0,2026-06-29 19:53:58.123537+00:00
207,Benjamin,Shaw,2007-03-16,19,2018-11-18,91,A,PREMIER,260,82310 Thomas Spurs Suite 199,Leslieview,AZ,44337,3,2.0,N,Y,Y,Y,88710.5,25000.0,71.55,2026-06-29 19:53:58.123537+00:00
233,Kenneth,Burgess,1990-07-23,36,2012-11-01,163,A,DIGITAL,111,8473 Michael Turnpike Suite 065,New Donna,AK,44447,2,2.0,Y,N,N,Y,123251.06,0.0,0.0,2026-06-29 19:53:58.123537+00:00
235,Maria,Scott,1977-01-21,49,2025-02-12,16,A,STUDENT,145,744 Arthur Island,Brianstad,MH,11631,1,1.0,Y,N,N,N,63505.82,0.0,0.0,2026-06-29 19:53:58.123537+00:00
259,Alexis,Tyler,1985-10-12,41,2011-11-16,175,A,PREMIER,352,30277 Gabriela Common Suite 931,Mooreton,MP,43755,2,2.0,N,Y,Y,N,6161.36,2000.0,78.77,2026-06-29 19:53:58.123537+00:00
266,Christopher,Franklin,2002-06-10,24,2012-08-02,166,A,SMALL_BIZ,207,73397 Christopher Well Apt. 149,South Eric,GU,72800,2,2.0,N,N,Y,Y,42486.03,10000.0,32.77,2026-06-29 19:53:58.123537+00:00
272,Ronald,Ortega,1969-05-12,57,2012-11-28,163,A,DIGITAL,241,8497 Kelly Glens,South Jessicahaven,DE,39142,1,1.0,N,Y,N,N,22114.91,0.0,0.0,2026-06-29 19:53:58.123537+00:00
282,Sarah,Gallegos,1984-07-20,42,2011-11-19,175,A,WEALTH,212,4513 Gina Trafficway Apt. 501,Ruthmouth,ME,63703,4,4.0,Y,Y,Y,Y,148114.72,10000.0,32.9,2026-06-29 19:53:58.123537+00:00
284,Molly,Knight,1964-04-04,62,2011-08-01,178,A,SMALL_BIZ,227,505 Jared Way Apt. 841,West Kaitlynport,CT,17170,4,4.0,Y,Y,Y,Y,147670.04,10000.0,25.41,2026-06-29 19:53:58.123537+00:00
285,Cynthia,Johnson,1968-05-05,58,2013-08-10,154,A,DIGITAL,137,4045 Mark Prairie,East Leah,FL,62474,3,3.0,Y,Y,N,Y,91215.98,0.0,0.0,2026-06-29 19:53:58.123537+00:00
291,Erika,Tucker,1970-04-18,56,2015-09-19,129,A,WEALTH,478,30970 Charlotte Prairie,West Steven,AR,83194,2,1.0,Y,N,N,Y,31178.24,0.0,0.0,2026-06-29 19:53:58.123537+00:00
293,Jason,Taylor,1942-01-03,84,2015-12-27,126,I,WEALTH,242,812 Chapman Inlet Apt. 528,Nicholashaven,AK,55851,1,1.0,N,N,Y,N,1863.36,5000.0,37.27,2026-06-29 19:53:58.123537+00:00
296,Charles,Hensley,1997-04-29,29,2023-07-08,35,A,PREMIER,142,803 Warren Row Suite 371,South Jessica,VI,69429,2,2.0,N,Y,N,Y,44068.21,0.0,0.0,2026-06-29 19:53:58.123537+00:00
316,Dale,Nolan,1951-08-07,75,2012-05-31,169,A,WEALTH,489,9877 Martin Run,New Brianna,NE,26081,4,3.0,Y,Y,Y,Y,80344.36,15000.0,76.6,2026-06-29 19:53:58.123537+00:00
334,Erica,Young,1970-10-25,56,2017-08-14,106,A,WEALTH,433,378 Laura Crest Apt. 518,Lake Johnshire,AS,03572,1,0.0,Y,N,N,N,32308.34,0.0,0.0,2026-06-29 19:53:58.123537+00:00
346,Debra,Moody,2003-11-09,23,2024-01-04,29,A,STUDENT,187,713 Huerta Radial,Smithtown,VI,90979,4,4.0,Y,Y,Y,Y,162823.84,5000.0,59.34,2026-06-29 19:53:58.123537+00:00
350,Daniel,Roberts,1990-03-20,36,2019-05-13,85,A,STUDENT,257,056 Curtis Run,Durhammouth,SC,05031,1,1.0,N,Y,N,N,4935.78,0.0,0.0,2026-06-29 19:53:58.123537+00:00
373,Molly,Gomez,1965-01-16,61,2012-02-14,172,A,PREMIER,352,830 Anna Pine,Andrewchester,SC,62728,1,1.0,N,N,N,Y,9703.62,0.0,0.0,2026-06-29 19:53:58.123537+00:00
374,Tina,Gould,2008-05-13,18,2015-08-03,130,A,SMALL_BIZ,184,219 Jessica Isle Apt. 719,Johnsonstad,NM,38936,1,1.0,N,N,N,Y,16556.51,0.0,0.0,2026-06-29 19:53:58.123537+00:00
383,Justin,Hendricks,1971-05-23,55,2026-05-10,1,A,STUDENT,129,14931 James Dale Apt. 938,West Matthewbury,AL,84673,1,1.0,N,Y,N,N,590.47,0.0,0.0,2026-06-29 19:53:58.123537+00:00
390,Miguel,Lara,1943-04-03,83,2019-10-03,80,A,STUDENT,56,561 Gomez Junctions Suite 777,Annaview,MA,66705,2,1.0,N,Y,N,Y,78412.61,0.0,0.0,2026-06-29 19:53:58.123537+00:00
399,Andrea,Martinez,1958-04-13,68,2020-12-18,66,A,SMALL_BIZ,167,745 Devin Summit Suite 193,Salazarburgh,GA,86347,2,2.0,Y,Y,N,N,77956.19,0.0,0.0,2026-06-29 19:53:58.123537+00:00
422,Theresa,Long,1987-01-29,39,2013-04-06,158,A,DIGITAL,290,3906 Gillespie Glen Suite 739,North Edward,SC,33976,3,3.0,Y,Y,N,Y,112737.85,0.0,0.0,2026-06-29 19:53:58.123537+00:00
425,Thomas,Bryant,1950-09-03,76,2016-06-16,120,A,WEALTH,215,4308 Johnson Hill Apt. 831,Henryborough,DC,39914,2,2.0,N,Y,N,Y,119780.43,0.0,0.0,2026-06-29 19:53:58.123537+00:00
426,Mark,Austin,1982-02-09,44,2019-03-07,87,A,DIGITAL,190,07290 Ruiz Valleys,Lake Danielville,NH,08490,3,1.0,N,Y,Y,Y,45427.72,10000.0,92.26,2026-06-29 19:53:58.123537+00:00
431,Thomas,Coffey,1987-08-04,39,2011-11-21,175,A,WEALTH,140,480 Gilmore Common,East Kelseyhaven,AK,40161,2,2.0,Y,Y,N,N,132704.18,0.0,0.0,2026-06-29 19:53:58.123537+00:00
438,Mark,Bates,1950-09-29,76,2014-08-01,142,I,MASS,62,877 Justin Drive,Rachelview,CT,92753,4,4.0,Y,Y,Y,Y,151534.53,15000.0,43.82,2026-06-29 19:53:58.123537+00:00
457,Nicole,Thompson,2002-09-04,24,2014-02-06,148,A,DIGITAL,89,36242 Oliver Springs,Kristenton,AL,18250,4,4.0,Y,Y,Y,Y,157736.73,2000.0,80.44,2026-06-29 19:53:58.123537+00:00
466,Christopher,Caldwell,1996-11-24,30,2019-03-06,87,A,MASS,40,126 Mitchell Square,Evansberg,PW,82842,4,4.0,Y,Y,Y,Y,91137.68,2000.0,4.26,2026-06-29 19:53:58.123537+00:00
474,Robert,Dunn,1991-08-03,35,2020-07-11,71,I,DIGITAL,363,44750 Spencer Island Apt. 566,Kimberlyhaven,PA,80709,4,4.0,Y,Y,Y,Y,107992.93,5000.0,54.98,2026-06-29 19:53:58.123537+00:00
493,Joshua,Pineda,1958-01-27,68,2016-08-27,118,A,STUDENT,193,3593 Rodriguez Lock,Lake Melodymouth,AL,83312,3,3.0,Y,N,Y,Y,36592.35,5000.0,0.05,2026-06-29 19:53:58.123537+00:00
496,Carla,Warner,1948-04-02,78,2011-12-28,174,A,MASS,347,26642 Sanchez Station Suite 966,Analand,AZ,44315,1,1.0,N,N,Y,N,11396.58,15000.0,75.98,2026-06-29 19:53:58.123537+00:00
502,Nichole,Buck,1945-07-29,81,2025-08-22,10,A,STUDENT,271,77491 Katie Mews,Cooktown,UT,88041,2,2.0,Y,Y,N,N,26397.3,0.0,0.0,2026-06-29 19:53:58.123537+00:00
504,Kristi,Flores,2004-07-29,22,2021-07-04,59,A,MASS,27,03208 Melanie Glens,Port Kaylatown,PA,90332,4,4.0,Y,Y,Y,Y,111681.07,25000.0,22.52,2026-06-29 19:53:58.123537+00:00
506,Kevin,Zimmerman,1973-03-20,53,2024-02-29,28,A,PREMIER,146,461 Benjamin Divide,Lake Gary,NH,90916,2,2.0,Y,N,N,Y,129773.32,0.0,0.0,2026-06-29 19:53:58.123537+00:00
508,John,Harris,1978-10-30,48,2013-06-28,156,I,WEALTH,47,44433 Mckee Lane Apt. 908,Samuelbury,WI,97253,3,3.0,N,Y,Y,Y,17482.54,10000.0,48.93,2026-06-29 19:53:58.123537+00:00
512,Timothy,Booth,1990-01-07,36,2019-10-30,80,A,DIGITAL,15,4986 Derrick Station,Leonbury,HI,90590,1,0.0,N,Y,N,N,18791.5,0.0,0.0,2026-06-29 19:53:58.123537+00:00
524,Gary,Norton,1984-06-25,42,2018-10-23,92,I,SMALL_BIZ,74,14031 Raymond Mall Apt. 624,Williamsonside,NC,95263,1,1.0,N,N,Y,N,5764.38,10000.0,57.64,2026-06-29 19:53:58.123537+00:00
525,Tracy,Stark,1952-10-31,74,2022-03-27,51,I,PREMIER,315,67148 Stevens Divide Suite 785,East Sue,FL,78836,2,2.0,Y,Y,N,N,48573.29,0.0,0.0,2026-06-29 19:53:58.123537+00:00
535,Randy,Watson,1996-02-10,30,2015-06-24,132,A,MASS,417,013 Lori Harbor Apt. 360,Tristanborough,HI,13917,4,4.0,Y,Y,Y,Y,66149.59,2000.0,3.5,2026-06-29 19:53:58.123537+00:00
536,Veronica,Perez,1968-09-10,58,2019-12-02,78,I,SMALL_BIZ,238,54959 Becky Trace,Larsonville,PA,50167,4,4.0,Y,Y,Y,Y,129898.89,25000.0,87.22,2026-06-29 19:53:58.123537+00:00
538,Nicholas,Tran,1992-05-19,34,2012-11-19,163,A,SMALL_BIZ,398,483 Johnson Port Apt. 168,North Katelynmouth,MH,87222,3,3.0,Y,Y,N,Y,132798.92,0.0,0.0,2026-06-29 19:53:58.123537+00:00
549,Samuel,Roberson,2006-10-08,20,2012-04-16,170,A,PREMIER,221,157 Nathan Junction Apt. 849,Jenniferstad,GA,82120,1,1.0,Y,N,N,N,49521.42,0.0,0.0,2026-06-29 19:53:58.123537+00:00
559,Mark,Cruz,1947-09-23,79,2020-05-30,73,A,PREMIER,65,8846 Sean Valleys Suite 787,Michellehaven,TN,03523,1,1.0,N,Y,N,N,43546.19,0.0,0.0,2026-06-29 19:53:58.123537+00:00
565,Daniel,Torres,1981-04-11,45,2014-05-29,145,A,SMALL_BIZ,143,856 Moore Run Suite 424,South Kyle,NY,98072,4,3.0,Y,Y,Y,Y,102729.58,25000.0,67.45,2026-06-29 19:53:58.123537+00:00
568,Malik,Valentine,2006-10-06,20,2013-07-09,155,A,MASS,397,89676 Kenneth Turnpike,Thomasburgh,CT,48024,2,1.0,N,N,Y,Y,61682.04,5000.0,78.54,2026-06-29 19:53:58.123537+00:00
573,Stephanie,Murray,1987-03-02,39,2019-09-12,81,A,SMALL_BIZ,178,26165 Welch Curve Suite 933,Brownville,FM,39538,1,1.0,Y,N,N,N,19795.87,0.0,0.0,2026-06-29 19:53:58.123537+00:00
586,Angel,Garcia,1975-01-08,51,2016-08-20,118,A,STUDENT,328,4711 Jason Dale Apt. 723,New Jenniferside,KS,52879,4,3.0,Y,Y,Y,Y,110489.35,5000.0,20.05,2026-06-29 19:53:58.123537+00:00
589,Samuel,Horton,1973-11-05,53,2018-08-05,94,A,DIGITAL,83,75102 Fernandez Stream,Alexisborough,IA,22559,3,2.0,Y,Y,N,Y,64181.19,0.0,0.0,2026-06-29 19:53:58.123537+00:00
607,Albert,Taylor,1945-01-30,81,2016-11-05,115,A,DIGITAL,390,836 Browning Trail,Port Mary,WY,47146,3,3.0,Y,Y,Y,N,93414.96,15000.0,82.15,2026-06-29 19:53:58.123537+00:00
617,Victoria,Rowe,1996-03-18,30,2018-01-15,101,A,WEALTH,495,590 Golden Club,Vernonborough,WV,58040,2,2.0,Y,N,Y,N,11764.77,2000.0,62.0,2026-06-29 19:53:58.123537+00:00
622,Michele,Duke,1960-11-16,66,2015-06-24,132,A,WEALTH,188,95458 Jessica Plains,Jeffreybury,MA,66066,3,3.0,Y,N,Y,Y,35107.93,2000.0,76.24,2026-06-29 19:53:58.123537+00:00
629,Stephanie,Murphy,2004-03-23,22,2016-12-30,114,A,DIGITAL,102,69156 Harper Mews,Port Alexandraburgh,NM,56169,2,2.0,N,N,Y,Y,44171.84,15000.0,89.59,2026-06-29 19:53:58.123537+00:00
633,Matthew,Lane,1959-06-26,67,2023-11-06,31,A,STUDENT,458,31432 Miller Mills,Lake Stevenville,FL,64683,1,1.0,N,Y,N,N,66409.47,0.0,0.0,2026-06-29 19:53:58.123537+00:00
641,Jane,Smith,1957-03-06,69,2021-04-08,62,A,STUDENT,243,489 Kelly Skyway,Jillmouth,FL,46612,2,2.0,N,Y,N,Y,84228.14,0.0,0.0,2026-06-29 19:53:58.123537+00:00
646,Karen,Anderson,1950-09-05,76,2023-01-11,41,I,DIGITAL,10,47223 Mcintyre Cape,Evansland,PA,63810,4,4.0,Y,Y,Y,Y,110673.62,25000.0,48.93,2026-06-29 19:53:58.123537+00:00
650,Karen,Lawrence,1947-04-20,79,2012-12-27,162,A,STUDENT,107,720 Williams Well,East Kelly,KY,26187,1,1.0,N,N,Y,N,8821.17,10000.0,88.21,2026-06-29 19:53:58.123537+00:00
655,Brian,Hurst,1991-08-06,35,2015-11-25,127,A,STUDENT,248,184 Shaw Way Suite 302,East Brittanyland,ND,21333,1,1.0,N,N,Y,N,18665.53,25000.0,74.66,2026-06-29 19:53:58.123537+00:00
657,Tiffany,Hatfield,1981-04-14,45,2019-05-16,85,A,MASS,395,6547 Walker Club Suite 914,Michaelton,IL,50947,1,1.0,N,N,N,Y,47024.47,0.0,0.0,2026-06-29 19:53:58.123537+00:00
660,Carlos,Baker,1993-02-07,33,2011-09-27,177,A,MASS,63,064 Timothy River Suite 034,Gainesbury,CA,14725,1,1.0,N,Y,N,N,72085.81,0.0,0.0,2026-06-29 19:53:58.123537+00:00
670,Alexandra,Logan,1952-06-20,74,2025-09-15,9,A,PREMIER,212,12683 Lucas Vista,North Sandraland,WV,72073,3,3.0,Y,Y,N,Y,158061.01,0.0,0.0,2026-06-29 19:53:58.123537+00:00
689,Stephanie,Smith,1997-09-28,29,2024-07-29,23,A,DIGITAL,313,1569 Collins Plaza,Blackwellfort,CA,60480,2,1.0,N,N,Y,Y,7814.88,5000.0,44.53,2026-06-29 19:53:58.123537+00:00
695,Ashley,Graham,1996-06-05,30,2012-08-09,166,A,MASS,299,457 Harrison Highway Apt. 465,New Jasonfurt,IA,26799,1,1.0,N,N,Y,N,2278.05,5000.0,45.56,2026-06-29 19:53:58.123537+00:00
704,Erica,Green,1965-04-29,61,2019-02-24,88,A,STUDENT,411,25588 Mullen Harbors,Port Michaelborough,WI,09036,1,1.0,N,N,Y,N,8481.61,10000.0,84.82,2026-06-29 19:53:58.123537+00:00
710,Rachel,Ramos,1942-12-14,84,2012-06-14,168,A,DIGITAL,168,9711 Russo Corners Suite 946,Lake Mikaylaton,MS,77690,3,3.0,Y,Y,N,Y,69872.02,0.0,0.0,2026-06-29 19:53:58.123537+00:00
719,Michael,Stephens,2007-10-12,19,2023-02-26,40,A,STUDENT,31,918 Daniels Street Suite 987,Carrieborough,UT,23886,4,3.0,Y,Y,Y,Y,126881.87,2000.0,66.05,2026-06-29 19:53:58.123537+00:00
730,Kyle,Henry,2000-07-23,26,2018-11-01,91,A,MASS,97,051 Jensen Inlet Suite 359,Brooksbury,MP,38131,3,3.0,Y,Y,N,Y,176767.43,0.0,0.0,2026-06-29 19:53:58.123537+00:00
737,Stacy,Conner,1950-08-20,76,2013-11-03,151,A,PREMIER,72,896 Baker Plaza Apt. 844,New Morganside,MP,56582,3,2.0,N,Y,Y,Y,38354.47,15000.0,64.44,2026-06-29 19:53:58.123537+00:00
750,Craig,Mendoza,1966-11-12,60,2019-08-21,82,A,STUDENT,212,4793 Jackson Extensions,Port Christine,AS,98438,4,4.0,Y,Y,Y,Y,83082.49,2000.0,64.66,2026-06-29 19:53:58.123537+00:00
755,Timothy,Johnson,1981-04-16,45,2020-08-23,70,A,MASS,194,9514 Murphy Trail,New Tom,IL,50788,1,1.0,N,N,N,Y,29755.54,0.0,0.0,2026-06-29 19:53:58.123537+00:00
756,Pamela,Moore,2004-08-19,22,2013-12-14,150,A,PREMIER,97,96618 Amanda Garden Apt. 684,Port Taylor,GA,26109,4,4.0,Y,Y,Y,Y,191687.39,25000.0,9.27,2026-06-29 19:53:58.123537+00:00
764,Jackson,Mcclure,1947-08-07,79,2019-08-10,82,A,MASS,263,3836 Russell Key Suite 031,North Garyland,IA,29926,1,1.0,N,N,Y,N,786.74,2000.0,39.34,2026-06-29 19:53:58.123537+00:00
778,Kristin,Dean,1972-03-09,54,2024-07-09,23,A,PREMIER,212,99915 Lauren Hollow Apt. 405,New Michaelland,VT,32238,1,1.0,N,N,Y,N,737.64,15000.0,4.92,2026-06-29 19:53:58.123537+00:00
780,Sheila,Buckley,1980-11-18,46,2022-10-21,44,A,DIGITAL,259,392 Peterson Rapid Suite 042,Anthonyland,NH,37617,4,4.0,Y,Y,Y,Y,104773.28,10000.0,3.99,2026-06-29 19:53:58.123537+00:00
791,Lori,Robertson,1992-05-17,34,2024-06-05,24,A,WEALTH,290,260 Robertson Ferry Apt. 879,Jenniferland,ME,11593,3,3.0,N,Y,Y,Y,55617.58,2000.0,64.03,2026-06-29 19:53:58.123537+00:00
795,Joshua,Colon,2002-12-31,23,2022-01-01,53,A,SMALL_BIZ,88,792 Arnold Mountain,Bairdside,GU,20997,1,1.0,N,N,Y,N,22847.37,25000.0,91.39,2026-06-29 19:53:58.123537+00:00
798,Frank,Kline,1980-10-23,46,2016-09-15,117,A,DIGITAL,462,29811 Alejandro Avenue,Johnborough,OR,16182,1,1.0,Y,N,N,N,26028.32,0.0,0.0,2026-06-29 19:53:58.123537+00:00
804,Kevin,Rasmussen,1958-05-27,68,2023-07-02,35,A,STUDENT,428,08028 Shelly Forge Apt. 148,West Crystal,PR,12606,1,1.0,N,N,N,Y,10095.75,0.0,0.0,2026-06-29 19:53:58.123537+00:00
805,Nicholas,Bailey,1984-07-21,42,2017-10-24,104,A,MASS,197,19768 John Lake,North Jonathanstad,CO,87876,1,1.0,Y,N,N,N,45701.37,0.0,0.0,2026-06-29 19:53:58.123537+00:00
815,Ashley,Lee,1943-11-10,83,2022-01-20,53,I,DIGITAL,366,386 Schmidt Plains,South Dean,OR,54851,3,3.0,Y,N,Y,Y,43789.14,10000.0,58.45,2026-06-29 19:53:58.123537+00:00
831,Cynthia,Powell,1947-05-23,79,2020-08-28,70,A,MASS,484,68886 Contreras Tunnel Suite 205,Lake Lorimouth,NJ,70622,3,3.0,Y,N,Y,Y,85065.85,25000.0,76.21,2026-06-29 19:53:58.123537+00:00
833,Marco,Whitaker,1966-06-28,60,2011-09-13,177,A,PREMIER,70,64124 Frye Landing,Ericstad,VT,64243,1,1.0,N,Y,N,N,8718.56,0.0,0.0,2026-06-29 19:53:58.123537+00:00
836,Madison,Evans,1980-12-06,46,2013-12-25,150,A,SMALL_BIZ,499,366 Hanson Gateway,Brianatown,NC,36092,4,4.0,Y,Y,Y,Y,147490.43,25000.0,55.48,2026-06-29 19:53:58.123537+00:00
840,Jessica,Anderson,1968-07-08,58,2014-11-24,139,A,STUDENT,401,1285 Jason Pass,Antonioport,MP,14679,3,2.0,Y,Y,Y,N,35942.22,10000.0,36.76,2026-06-29 19:53:58.123537+00:00
841,Gary,Richardson,1990-09-03,36,2020-04-15,74,A,WEALTH,144,37008 Jimenez Landing Apt. 900,East Eric,VA,56981,1,1.0,N,Y,N,N,74864.82,0.0,0.0,2026-06-29 19:53:58.123537+00:00
867,Samantha,Rodriguez,2006-09-17,20,2013-06-09,156,A,MASS,35,914 Harmon Spurs,New Jacobtown,VI,67466,3,3.0,Y,Y,Y,N,126129.39,15000.0,65.06,2026-06-29 19:53:58.123537+00:00
880,Christopher,Munoz,1978-10-26,48,2011-06-29,180,A,PREMIER,135,4512 Michele Junctions Suite 916,Julieland,MI,86468,3,2.0,Y,Y,Y,N,30698.48,2000.0,79.66,2026-06-29 19:53:58.123537+00:00
887,Donald,Love,1944-07-23,82,2013-12-09,150,A,PREMIER,94,9117 Chloe Way,East Jeremy,VT,43265,4,4.0,Y,Y,Y,Y,77501.52,15000.0,49.39,2026-06-29 19:53:58.123537+00:00
890,Robert,House,1989-07-07,37,2013-02-05,160,A,WEALTH,326,4682 Ricardo Lane,New Tracy,IL,69075,1,1.0,N,N,N,Y,6674.71,0.0,0.0,2026-06-29 19:53:58.123537+00:00
901,Claudia,Roberts,1983-11-15,43,2014-06-27,144,A,WEALTH,290,99974 Hull Cove,Rodriguezshire,MH,08685,3,2.0,Y,N,Y,Y,136405.2,25000.0,21.65,2026-06-29 19:53:58.123537+00:00
905,Julie,Skinner,1986-03-11,40,2017-09-19,105,A,SMALL_BIZ,226,5886 Wright Creek,Elizabethside,NH,07902,1,1.0,Y,N,N,N,70031.77,0.0,0.0,2026-06-29 19:53:58.123537+00:00
909,Kenneth,Molina,1997-09-23,29,2021-10-17,56,A,PREMIER,398,26549 Miller Passage Apt. 978,Micheleland,NV,78897,2,2.0,Y,N,N,Y,74055.03,0.0,0.0,2026-06-29 19:53:58.123537+00:00
911,Julia,Hoffman,1991-01-14,35,2024-05-23,25,A,SMALL_BIZ,313,266 Smith Villages Apt. 075,West Anneshire,OK,04050,1,1.0,N,N,Y,N,238.46,2000.0,11.92,2026-06-29 19:53:58.123537+00:00
912,Lauren,Roberts,1957-05-30,69,2023-03-11,39,A,DIGITAL,316,0810 West Centers Apt. 796,Coreymouth,PA,21763,3,3.0,Y,Y,Y,N,75168.65,2000.0,77.26,2026-06-29 19:53:58.123537+00:00
913,Paul,Frye,1986-01-04,40,2025-04-24,14,A,DIGITAL,413,653 Roberts Groves,Hannahside,ID,78351,2,2.0,Y,N,N,Y,99265.94,0.0,0.0,2026-06-29 19:53:58.123537+00:00
921,Jenna,Moore,1958-07-30,68,2016-06-03,120,I,DIGITAL,390,227 Kathryn Manor,Jacksonbury,MI,24121,1,1.0,N,N,N,Y,10207.68,0.0,0.0,2026-06-29 19:53:58.123537+00:00
924,Louis,Robinson,1965-06-25,61,2023-03-10,39,A,PREMIER,325,93032 Cody Trace Apt. 701,Port Victoria,MP,92354,4,3.0,Y,Y,Y,Y,105870.43,10000.0,98.83,2026-06-29 19:53:58.123537+00:00
952,Kaitlin,Berger,2004-12-08,22,2016-01-14,125,A,PREMIER,161,7080 Williams Falls,Holmesstad,NV,35788,2,2.0,N,N,Y,Y,7092.91,5000.0,48.94,2026-06-29 19:53:58.123537+00:00
956,Steven,Dunn,2003-12-17,23,2026-04-29,2,A,WEALTH,180,2684 Rodriguez Wells,Lindseymouth,PA,07740,1,1.0,N,N,Y,N,3768.44,10000.0,37.68,2026-06-29 19:53:58.123537+00:00
958,David,Rios,1974-02-18,52,2016-06-04,120,A,STUDENT,352,222 David Passage,South Cindyborough,WY,42476,1,1.0,Y,N,N,N,53441.44,0.0,0.0,2026-06-29 19:53:58.123537+00:00
969,Andrea,Stephens,1981-01-08,45,2025-01-04,17,A,SMALL_BIZ,305,881 Miles Port Suite 322,Port Martha,NC,05612,3,3.0,N,Y,Y,Y,44176.89,25000.0,28.8,2026-06-29 19:53:58.123537+00:00
979,Mario,Padilla,1944-08-08,82,2026-02-13,4,A,STUDENT,79,58156 Jones Extensions Suite 225,New Jamesmouth,MT,17610,4,4.0,Y,Y,Y,Y,86711.64,5000.0,42.29,2026-06-29 19:53:58.123537+00:00
983,Michael,Parrish,2002-04-11,24,2019-03-12,87,A,MASS,358,3851 Williams Lodge Suite 593,Brianville,AR,61029,1,1.0,Y,N,N,N,16947.34,0.0,0.0,2026-06-29 19:53:58.123537+00:00
986,Michael,Love,1955-08-31,71,2014-04-12,146,A,MASS,342,195 Cook Shores,Julieview,OH,39921,3,3.0,N,Y,Y,Y,50847.92,2000.0,92.22,2026-06-29 19:53:58.123537+00:00
992,Andrew,Ball,1981-08-24,45,2019-11-25,79,A,MASS,414,7015 Martin Locks,New Brianstad,DC,59561,2,1.0,Y,N,Y,N,78389.13,15000.0,40.02,2026-06-29 19:53:58.123537+00:00
1000,Kristen,Gordon,1982-09-05,44,2012-01-27,173,A,PREMIER,242,55501 Carl Rapid Apt. 499,Davidborough,FM,44656,1,1.0,N,Y,N,N,5391.26,0.0,0.0,2026-06-29 19:53:58.123537+00:00
1006,Thomas,Hall,1948-01-15,78,2013-06-27,156,A,DIGITAL,412,541 Neal Circle,New Troy,PR,06217,3,3.0,Y,N,Y,Y,14064.2,5000.0,41.91,2026-06-29 19:53:58.123537+00:00
1031,Jose,Russell,2003-10-13,23,2020-01-25,77,A,DIGITAL,231,925 Melanie Courts,Dawnbury,NJ,28445,4,3.0,Y,Y,Y,Y,103737.54,10000.0,12.48,2026-06-29 19:53:58.123537+00:00
1051,Gina,Thompson,1975-02-27,51,2017-05-13,109,I,SMALL_BIZ,203,7830 Colleen Trace Suite 410,West Kathleen,KY,33317,1,1.0,N,N,Y,N,1717.09,5000.0,34.34,2026-06-29 19:53:58.123537+00:00
1063,Brian,Cervantes,1968-03-08,58,2021-10-16,56,A,STUDENT,258,5183 Johns Ranch Apt. 461,North Danny,KS,05826,1,1.0,N,Y,N,N,20055.81,0.0,0.0,2026-06-29 19:53:58.123537+00:00
1064,Shannon,Cook,1973-06-02,53,2020-11-20,67,A,MASS,93,0077 Laurie Run,Welchville,WA,04587,3,2.0,N,Y,Y,Y,75516.64,10000.0,62.87,2026-06-29 19:53:58.123537+00:00
1074,Michael,Matthews,1971-04-20,55,2024-05-12,25,A,STUDENT,486,3749 Brenda Green,Tylerland,ND,84564,3,3.0,N,Y,Y,Y,26564.48,5000.0,27.31,2026-06-29 19:53:58.123537+00:00
1082,Michelle,Nguyen,1943-05-29,83,2021-05-22,61,A,STUDENT,441,21775 Shepherd Hills,Tommyburgh,AK,37210,1,1.0,N,N,N,Y,7734.25,0.0,0.0,2026-06-29 19:53:58.123537+00:00
1083,Amber,Nelson,1973-05-23,53,2026-01-13,5,A,MASS,361,6979 Heather Dam,Rossview,IA,75947,3,3.0,Y,Y,Y,N,79547.92,25000.0,37.13,2026-06-29 19:53:58.123537+00:00
1084,Heidi,Thompson,1971-04-18,55,2025-12-15,6,I,STUDENT,52,3007 Jared Forge,South Vincentborough,TN,82720,3,3.0,N,Y,Y,Y,43313.24,10000.0,42.03,2026-06-29 19:53:58.123537+00:00
1091,Jerry,Smith,1970-05-01,56,2015-11-11,127,I,SMALL_BIZ,486,84099 Jacob Locks,South Richardview,OK,73614,2,2.0,Y,N,N,Y,58501.2,0.0,0.0,2026-06-29 19:53:58.123537+00:00
1093,Peter,Gray,1952-06-06,74,2022-06-27,48,A,STUDENT,114,001 Carroll Mountains,Reyeston,AR,23951,1,1.0,N,Y,N,N,38345.62,0.0,0.0,2026-06-29 19:53:58.123537+00:00
1098,Jacob,Smith,1959-09-22,67,2020-10-12,68,A,DIGITAL,355,1136 Coleman Ridges,South Jenniferhaven,NH,67969,3,3.0,Y,Y,N,Y,147539.96,0.0,0.0,2026-06-29 19:53:58.123537+00:00
1108,Thomas,Maldonado,1976-05-28,50,2026-02-21,4,A,STUDENT,483,42385 Jon River,Floresstad,LA,47091,3,2.0,Y,N,Y,Y,52455.3,25000.0,25.17,2026-06-29 19:53:58.123537+00:00
1116,Wendy,Garrett,1982-12-09,44,2025-05-18,13,A,STUDENT,282,0129 John Corner Apt. 868,Pattersonmouth,MI,50754,3,3.0,Y,Y,Y,N,30884.06,10000.0,76.08,2026-06-29 19:53:58.123537+00:00
1141,Daniel,Fowler,1991-09-08,35,2017-09-07,105,I,MASS,467,470 Eric Views,Lake Katrina,WA,33994,4,3.0,Y,Y,Y,Y,62549.03,10000.0,68.0,2026-06-29 19:53:58.123537+00:00
1151,Lynn,Norris,1998-10-28,28,2011-10-25,176,A,DIGITAL,142,49244 Johnson Summit,Reynoldsland,PR,45799,1,1.0,Y,N,N,N,4324.37,0.0,0.0,2026-06-29 19:53:58.123537+00:00
1155,Samantha,Navarro,1947-08-26,79,2017-06-15,108,A,MASS,11,721 Timothy Falls,Ramseyfurt,NM,12605,2,2.0,N,Y,Y,N,51683.21,10000.0,97.8,2026-06-29 19:53:58.123537+00:00
1174,Brady,Meyers,1971-02-13,55,2013-08-31,154,A,DIGITAL,438,7960 Bennett Gardens,North Brittany,NH,76089,2,2.0,N,Y,Y,N,8796.84,15000.0,17.05,2026-06-29 19:53:58.123537+00:00
1178,Andrew,Clark,1948-12-12,78,2018-03-16,99,A,WEALTH,467,261 Nathaniel Courts,Craigville,ND,49107,2,2.0,Y,N,N,Y,50363.53,0.0,0.0,2026-06-29 19:53:58.123537+00:00
1179,Alexandra,Green,1977-07-15,49,2014-07-13,143,A,STUDENT,411,04896 Graham Plaza Suite 695,Ellenmouth,MH,50024,2,1.0,Y,N,Y,N,49654.67,15000.0,78.32,2026-06-29 19:53:58.123537+00:00
1180,Donald,Hale,1973-11-08,53,2022-05-19,49,A,MASS,312,76294 Andrew Drive Apt. 722,New Kevinview,HI,25067,4,4.0,Y,Y,Y,Y,155003.94,2000.0,63.46,2026-06-29 19:53:58.123537+00:00
1187,Jacob,Mason,1999-07-25,27,2019-06-03,84,A,PREMIER,173,75547 David Harbor,New Matthew,IA,83036,2,2.0,N,Y,Y,N,45867.02,2000.0,25.96,2026-06-29 19:53:58.123537+00:00
1201,David,Stewart,1978-10-31,48,2025-08-22,10,A,SMALL_BIZ,461,263 Shannon Ranch,Christopherstad,SD,45610,3,2.0,Y,N,Y,Y,97531.34,25000.0,97.08,2026-06-29 19:53:58.123537+00:00
1204,Joshua,Maxwell,2001-05-25,25,2025-05-31,13,A,MASS,300,0882 Eddie Landing Apt. 139,Jenniferburgh,MD,94884,4,4.0,Y,Y,Y,Y,86688.61,15000.0,13.6,2026-06-29 19:53:58.123537+00:00
1207,Hailey,Woods,1987-07-18,39,2016-11-06,115,A,PREMIER,445,30165 Randall Motorway Suite 578,Port Nathanshire,CA,55643,2,2.0,Y,N,N,Y,54938.14,0.0,0.0,2026-06-29 19:53:58.123537+00:00
1209,Devin,Lee,1998-08-01,28,2018-10-27,92,A,DIGITAL,71,199 Michelle Ridges Suite 989,Murphyshire,UT,10955,1,1.0,Y,N,N,N,36214.83,0.0,0.0,2026-06-29 19:53:58.123537+00:00
1213,Stephen,Wright,1974-04-26,52,2016-05-03,121,A,MASS,325,506 Davis Plains,North Oscarfort,PR,70636,3,3.0,N,Y,Y,Y,52503.49,15000.0,65.72,2026-06-29 19:53:58.123537+00:00
1214,Jill,James,1968-08-13,58,2012-02-11,172,A,WEALTH,141,085 Heidi Ridges Suite 675,Hopkinsfurt,OK,41980,2,2.0,Y,N,Y,N,21857.08,2000.0,48.69,2026-06-29 19:53:58.123537+00:00
1217,Bobby,Forbes,1971-10-01,55,2023-10-30,32,A,SMALL_BIZ,220,6754 Michael Ports,Lewistown,IA,60376,4,4.0,Y,Y,Y,Y,110921.82,5000.0,35.24,2026-06-29 19:53:58.123537+00:00
1226,Rebecca,Hogan,1958-03-31,68,2021-10-23,56,A,PREMIER,153,60446 Andre Mills Suite 457,New Colleenchester,TX,63006,4,4.0,Y,Y,Y,Y,134366.95,25000.0,43.25,2026-06-29 19:53:58.123537+00:00
1245,Kelly,Taylor,1970-02-14,56,2019-09-14,81,A,PREMIER,402,91929 Harrison Square,Ramirezview,AS,47673,1,1.0,N,N,Y,N,1002.01,2000.0,50.1,2026-06-29 19:53:58.123537+00:00
1259,Mark,Morgan,1943-06-11,83,2014-02-10,148,A,WEALTH,379,395 Daniel Trafficway,Walshmouth,SC,90595,2,2.0,Y,N,Y,N,62603.45,5000.0,44.82,2026-06-29 19:53:58.123537+00:00
1297,Laura,Nguyen,1948-05-21,78,2023-09-08,33,A,PREMIER,50,618 Tyler Islands Suite 576,South Denise,WY,57337,2,2.0,Y,N,N,Y,89937.96,0.0,0.0,2026-06-29 19:53:58.123537+00:00
1312,Valerie,Powell,1947-06-22,79,2011-08-12,178,I,PREMIER,199,96965 Walker Spur Suite 375,East Savannahtown,NM,18476,2,2.0,N,Y,Y,N,45667.44,2000.0,43.23,2026-06-29 19:53:58.123537+00:00
1317,Thomas,Lopez,1978-01-05,48,2021-05-16,61,A,WEALTH,309,10232 Natalie Estate Apt. 399,Lake Amber,FM,66991,4,4.0,Y,Y,Y,Y,115664.2,10000.0,10.15,2026-06-29 19:53:58.123537+00:00
1329,Christian,Wu,1993-09-03,33,2018-06-05,96,A,PREMIER,344,920 Ramirez Lakes Suite 912,North Mary,AS,59840,1,1.0,N,N,Y,N,10991.01,15000.0,73.27,2026-06-29 19:53:58.123537+00:00
1337,Claudia,Mitchell,2007-11-05,19,2023-07-23,35,A,SMALL_BIZ,341,5498 Courtney Lock,New Meghanfurt,ME,73144,2,2.0,Y,N,Y,N,35838.65,2000.0,50.38,2026-06-29 19:53:58.123537+00:00
1340,Brittany,Hernandez,1948-12-18,78,2014-02-04,148,A,DIGITAL,318,0727 Todd Turnpike,South Nathaniel,NV,54520,4,4.0,Y,Y,Y,Y,124859.88,5000.0,1.26,2026-06-29 19:53:58.123537+00:00
1343,Sarah,Moore,1947-02-23,79,2013-08-27,154,I,SMALL_BIZ,494,315 Duran Orchard,West Jamesbury,SD,88253,4,4.0,Y,Y,Y,Y,44807.79,2000.0,20.22,2026-06-29 19:53:58.123537+00:00
1348,Noah,Thornton,1991-11-26,35,2019-06-08,84,A,DIGITAL,300,713 Stephen Spurs,West Elizabeth,WV,34991,3,3.0,Y,Y,Y,N,55137.93,10000.0,10.23,2026-06-29 19:53:58.123537+00:00
1356,Emily,Decker,1953-07-18,73,2019-08-29,82,I,WEALTH,279,211 Clarke Roads,Simpsonstad,NC,59691,4,4.0,Y,Y,Y,Y,92697.85,25000.0,80.42,2026-06-29 19:53:58.123537+00:00
1362,Paula,Dominguez,1979-06-02,47,2025-12-02,6,A,DIGITAL,464,105 Jenkins Curve Suite 246,North Henry,WI,45081,1,1.0,N,N,Y,N,1613.34,2000.0,80.67,2026-06-29 19:53:58.123537+00:00
1395,Erika,Nguyen,1995-11-11,31,2026-02-21,4,A,DIGITAL,384,58085 Christopher Square Apt. 504,East Margaretmouth,AR,10437,2,1.0,N,N,Y,Y,53626.67,15000.0,83.22,2026-06-29 19:53:58.123537+00:00
1400,Cheyenne,Strickland,1948-03-10,78,2024-02-18,28,A,STUDENT,237,159 Herrera Branch,Galvanside,MS,15762,2,2.0,N,Y,Y,N,56440.17,5000.0,65.86,2026-06-29 19:53:58.123537+00:00
1409,Donna,Hill,1956-03-07,70,2022-12-25,42,A,PREMIER,161,725 Lindsay Mews Suite 365,Langshire,KS,77760,4,4.0,Y,Y,Y,Y,118634.28,5000.0,20.53,2026-06-29 19:53:58.123537+00:00
1414,Kristen,Washington,2003-06-16,23,2014-02-11,148,A,WEALTH,283,8776 Colin Cove,Lake Colleenchester,DC,34719,3,2.0,Y,Y,N,Y,114842.57,0.0,0.0,2026-06-29 19:53:58.123537+00:00
1417,Corey,Rojas,1993-09-06,33,2016-05-10,121,A,MASS,376,1212 Franklin Stream Suite 641,Michaelberg,DE,89426,2,2.0,Y,Y,N,N,67520.46,0.0,0.0,2026-06-29 19:53:58.123537+00:00
1423,Matthew,Tanner,1972-03-19,54,2014-01-16,149,A,WEALTH,115,94824 Mckenzie Springs Apt. 188,Port Jesseview,MO,59723,3,3.0,N,Y,Y,Y,53489.37,25000.0,2.75,2026-06-29 19:53:58.123537+00:00
1424,Dana,Carr,1981-12-07,45,2023-04-09,38,A,DIGITAL,238,1693 Henry Pass,North Kathleenfurt,IA,65809,2,2.0,Y,N,Y,N,10568.01,2000.0,31.79,2026-06-29 19:53:58.123537+00:00
1430,Thomas,Mack,2007-03-01,19,2012-02-02,172,I,PREMIER,113,7283 Jeffrey Summit Apt. 260,East Derek,TN,58893,1,1.0,N,N,Y,N,8023.42,10000.0,80.23,2026-06-29 19:53:58.123537+00:00
1452,Stephen,Miller,1945-11-20,81,2024-10-17,20,A,DIGITAL,323,6124 Frye Union Suite 859,Grayport,WY,56577,3,2.0,Y,Y,Y,N,34355.68,25000.0,45.05,2026-06-29 19:53:58.123537+00:00
1462,Kayla,Williams,1973-12-07,53,2025-12-21,6,A,WEALTH,306,69313 John Flats Suite 528,West Elizabethborough,HI,97584,1,1.0,N,Y,N,N,75729.15,0.0,0.0,2026-06-29 19:53:58.123537+00:00
1466,David,Green,1944-04-01,82,2016-03-19,123,A,STUDENT,50,62802 Meadows Turnpike Suite 228,Victorfurt,OR,64291,2,2.0,N,Y,Y,N,66822.03,2000.0,74.06,2026-06-29 19:53:58.123537+00:00
1475,Kyle,Morales,1950-10-31,76,2019-09-17,81,A,WEALTH,69,09207 Scott Square,Moralesstad,TN,62543,2,1.0,Y,N,Y,N,48605.08,15000.0,52.25,2026-06-29 19:53:58.123537+00:00
1479,William,Lee,1986-06-26,40,2012-10-17,164,A,STUDENT,268,593 Franklin Rest Suite 384,Johnview,VI,51744,3,3.0,Y,Y,N,Y,82424.85,0.0,0.0,2026-06-29 19:53:58.123537+00:00
1481,Melissa,Wood,1965-09-06,61,2013-09-12,153,A,SMALL_BIZ,412,464 Estes Mission Suite 310,East Victoriachester,OH,80334,4,4.0,Y,Y,Y,Y,98236.73,15000.0,97.5,2026-06-29 19:53:58.123537+00:00
1485,Peggy,Taylor,2006-07-03,20,2017-10-24,104,A,STUDENT,142,491 Sara Flats Apt. 495,North Adamchester,FM,92270,4,4.0,Y,Y,Y,Y,108288.14,5000.0,86.82,2026-06-29 19:53:58.123537+00:00
1497,Courtney,Alvarez,1979-05-21,47,2024-06-11,24,A,MASS,114,282 Freeman Lane,Jamesshire,AS,73960,4,4.0,Y,Y,Y,Y,127951.28,10000.0,80.06,2026-06-29 19:53:58.123537+00:00
1502,Willie,Miranda,1976-12-22,50,2025-06-16,12,A,PREMIER,104,30710 Bennett Canyon,South Shannonport,CT,49357,3,2.0,Y,Y,Y,N,52319.15,15000.0,71.88,2026-06-29 19:53:58.123537+00:00
1506,April,Watson,1996-08-26,30,2011-09-07,177,A,SMALL_BIZ,1,679 Robert Dale Suite 341,Frenchland,PR,40087,4,4.0,Y,Y,Y,Y,104362.01,10000.0,41.84,2026-06-29 19:53:58.123537+00:00
1516,Kristen,Jones,1946-10-04,80,2021-10-18,56,A,MASS,485,5562 Barbara Haven,Perrychester,PR,92768,3,3.0,Y,N,Y,Y,125435.46,2000.0,5.59,2026-06-29 19:53:58.123537+00:00
1531,Billy,Murphy,1988-09-15,38,2019-10-20,80,A,SMALL_BIZ,124,934 Coleman Harbors,Isaacborough,FL,42332,3,3.0,Y,N,Y,Y,61757.51,10000.0,68.32,2026-06-29 19:53:58.123537+00:00
1540,Jessica,Ramirez,1949-09-19,77,2023-12-29,30,A,PREMIER,270,83406 Nicholas Road Suite 364,Charlesside,PR,62586,1,1.0,Y,N,N,N,11634.35,0.0,0.0,2026-06-29 19:53:58.123537+00:00
1543,Joshua,Tate,1968-08-03,58,2018-09-20,93,A,WEALTH,500,15836 Bernard Squares,New Madison,NC,96792,1,1.0,Y,N,N,N,46060.85,0.0,0.0,2026-06-29 19:53:58.123537+00:00
1547,Cole,Jones,1951-09-22,75,2020-10-08,68,A,STUDENT,442,2333 Daniel Parks Apt. 900,South Donald,GU,89624,2,2.0,Y,N,Y,N,13128.13,15000.0,29.06,2026-06-29 19:53:58.123537+00:00
1552,Antonio,Hawkins,1966-09-15,60,2018-05-07,97,A,MASS,438,5422 Elizabeth Corner,Beckerhaven,DE,51395,1,1.0,N,Y,N,N,52802.03,0.0,0.0,2026-06-29 19:53:58.123537+00:00
1554,Tony,Rodriguez,1950-07-03,76,2022-03-02,51,I,STUDENT,352,8200 Avila Square Apt. 445,South Colinport,GU,53919,1,1.0,N,N,Y,N,14648.31,15000.0,97.66,2026-06-29 19:53:58.123537+00:00
1562,Renee,Jones,1984-11-29,42,2020-04-30,74,A,PREMIER,111,346 Zimmerman Junction Suite 015,Sandraberg,TN,82842,2,2.0,Y,N,N,Y,47176.43,0.0,0.0,2026-06-29 19:53:58.123537+00:00
1572,Cody,Rogers,1947-08-27,79,2024-01-31,29,A,DIGITAL,328,42804 Cassandra River Suite 476,East Cynthia,NH,64542,4,4.0,Y,Y,Y,Y,193072.53,15000.0,74.37,2026-06-29 19:53:58.123537+00:00
1578,Judy,Mcdonald,1955-10-05,71,2025-11-04,7,A,SMALL_BIZ,301,267 Castaneda Villages Suite 339,Andersonshire,OR,74562,1,1.0,N,N,Y,N,2969.59,5000.0,59.39,2026-06-29 19:53:58.123537+00:00
1583,Robert,Colon,1945-10-22,81,2014-07-12,143,A,PREMIER,33,446 Robinson Brooks Apt. 912,New Tracymouth,PW,68610,4,4.0,Y,Y,Y,Y,121714.28,2000.0,12.55,2026-06-29 19:53:58.123537+00:00
1587,Derek,Green,1943-12-21,83,2013-11-13,151,A,SMALL_BIZ,477,88885 James Overpass Apt. 193,West Michelleside,WY,02735,4,3.0,Y,Y,Y,Y,177929.78,25000.0,79.04,2026-06-29 19:53:58.123537+00:00
1599,Leslie,Coleman,1966-08-06,60,2025-08-23,10,A,MASS,188,521 Thomas Forges Suite 639,Shellyside,NM,37456,4,4.0,Y,Y,Y,Y,96942.78,10000.0,67.32,2026-06-29 19:53:58.123537+00:00
1602,Mckenzie,Bates,2006-04-07,20,2020-07-12,71,A,MASS,147,4722 Chase Loop,Kristyton,FL,02166,4,3.0,Y,Y,Y,Y,186429.35,10000.0,95.24,2026-06-29 19:53:58.123537+00:00
1616,Christopher,Moore,1983-08-03,43,2016-03-03,123,A,MASS,359,62738 Scott Views Apt. 670,Thomastown,RI,11054,2,2.0,N,N,Y,Y,50995.41,5000.0,52.62,2026-06-29 19:53:58.123537+00:00
1621,Shirley,Wilkerson,1953-09-05,73,2024-07-25,23,A,SMALL_BIZ,5,93141 Caldwell Spurs Apt. 612,New Jeff,OH,12420,2,2.0,N,Y,N,Y,56026.23,0.0,0.0,2026-06-29 19:53:58.123537+00:00
1630,Erica,Barnes,2008-03-02,18,2015-09-17,129,A,WEALTH,395,19950 Claudia Underpass,Jacksonview,VI,55349,3,3.0,N,Y,Y,Y,96944.62,15000.0,44.25,2026-06-29 19:53:58.123537+00:00
1631,Kelly,Green,1968-11-10,58,2013-09-01,153,A,SMALL_BIZ,18,742 Norton Haven,Lake Mark,OR,13073,2,2.0,N,Y,N,Y,63786.71,0.0,0.0,2026-06-29 19:53:58.123537+00:00
1643,Julie,Howe,1999-11-22,27,2023-12-11,30,A,SMALL_BIZ,306,15463 Jimenez Manors,North Jay,NE,02112,4,4.0,Y,Y,Y,Y,130665.89,2000.0,59.77,2026-06-29 19:53:58.123537+00:00
1646,Edward,Farrell,2008-02-16,18,2022-11-19,43,A,SMALL_BIZ,31,6973 Mark Motorway,North William,KY,44711,2,2.0,N,Y,Y,N,72700.1,10000.0,1.73,2026-06-29 19:53:58.123537+00:00
1650,Todd,Vasquez,1965-05-18,61,2022-01-25,53,A,WEALTH,376,1288 Sara Views,Sancheztown,VA,74987,4,3.0,Y,Y,Y,Y,123637.86,15000.0,10.62,2026-06-29 19:53:58.123537+00:00
1664,Michelle,Davis,1953-06-02,73,2025-11-20,7,A,WEALTH,98,426 Sara Mews Apt. 891,West Matthew,PA,99423,4,3.0,Y,Y,Y,Y,95408.43,10000.0,82.19,2026-06-29 19:53:58.123537+00:00
1672,Gina,Moore,1972-07-18,54,2014-11-01,139,I,PREMIER,188,84554 Cynthia Valleys Suite 244,Reedborough,WY,81746,4,4.0,Y,Y,Y,Y,165818.57,15000.0,15.06,2026-06-29 19:53:58.123537+00:00
1684,Amanda,Smith,1999-11-21,27,2013-01-28,161,I,SMALL_BIZ,55,457 Robert Ways Apt. 530,West Ebony,DC,57252,1,1.0,N,Y,N,N,8806.09,0.0,0.0,2026-06-29 19:53:58.123537+00:00
1688,Kevin,Martinez,1987-09-28,39,2017-05-20,109,A,STUDENT,308,00429 Bennett Field,Port Davidborough,TX,00729,4,4.0,Y,Y,Y,Y,170822.54,2000.0,86.55,2026-06-29 19:53:58.123537+00:00
1693,Jacqueline,Maynard,1952-08-14,74,2013-10-06,152,A,STUDENT,475,87039 Luna Stream,Fredbury,TN,48045,4,3.0,Y,Y,Y,Y,92477.39,5000.0,11.84,2026-06-29 19:53:58.123537+00:00
1694,Brenda,Harris,1973-01-29,53,2024-04-26,26,A,MASS,493,16980 Arnold Forks,Courtneyborough,TX,93807,4,4.0,Y,Y,Y,Y,172176.09,15000.0,72.66,2026-06-29 19:53:58.123537+00:00
1695,Brent,Smith,1979-08-23,47,2023-12-06,30,A,WEALTH,1,44626 Cox Crossing,Elizabethmouth,DC,30517,2,2.0,N,N,Y,Y,48428.95,15000.0,19.34,2026-06-29 19:53:58.123537+00:00
1696,Tiffany,Allison,1983-09-23,43,2022-02-16,52,A,MASS,306,72748 Gibson Ranch Apt. 705,Sandraview,MS,13428,4,4.0,Y,Y,Y,Y,91498.54,25000.0,42.51,2026-06-29 19:53:58.123537+00:00
1713,Christina,Martinez,1945-10-03,81,2017-11-30,103,A,SMALL_BIZ,335,38061 Mendoza Rapid Apt. 438,North Alexborough,CT,00850,2,2.0,N,Y,Y,N,43393.73,5000.0,18.65,2026-06-29 19:53:58.123537+00:00
1723,Robert,Mack,1998-05-06,28,2018-01-15,101,A,STUDENT,205,382 Terri Mews,New Patrick,WY,45888,3,3.0,N,Y,Y,Y,96083.09,2000.0,69.99,2026-06-29 19:53:58.123537+00:00
1725,Kari,Ward,1947-03-15,79,2017-01-17,113,A,DIGITAL,247,742 Smith Knolls,Bradleyfurt,GA,49615,4,4.0,Y,Y,Y,Y,102619.54,10000.0,4.08,2026-06-29 19:53:58.123537+00:00
1726,Karen,Fisher,1986-01-17,40,2013-10-02,152,A,WEALTH,203,3539 Valentine Unions,Richardville,NH,21686,1,1.0,N,Y,N,N,19971.57,0.0,0.0,2026-06-29 19:53:58.123537+00:00
1742,Anthony,Hogan,1992-03-18,34,2013-11-16,151,A,DIGITAL,105,55677 Lopez Loop,West Christine,GA,82530,1,1.0,N,N,Y,N,5917.49,10000.0,59.17,2026-06-29 19:53:58.123537+00:00
1745,Brandon,Curtis,1983-07-02,43,2016-10-11,116,A,WEALTH,299,360 Daniel Islands Apt. 323,Port Cindy,WV,38270,3,2.0,Y,N,Y,Y,79764.04,10000.0,4.11,2026-06-29 19:53:58.123537+00:00
1748,Amanda,Larson,2001-05-30,25,2020-11-08,67,A,PREMIER,239,01618 Jacob Turnpike Apt. 879,Ericborough,TX,37544,4,4.0,Y,Y,Y,Y,124546.38,25000.0,83.21,2026-06-29 19:53:58.123537+00:00
1762,Kevin,Tucker,1966-05-19,60,2026-04-11,2,I,DIGITAL,78,15525 Davis Mountain Apt. 211,South Stephanie,CT,72956,2,1.0,Y,N,Y,N,19692.87,5000.0,29.39,2026-06-29 19:53:58.123537+00:00
1766,Ariel,Mccullough,1969-06-20,57,2020-01-15,77,A,WEALTH,497,627 Gibson Fields,Lake Jack,AZ,03716,3,3.0,Y,Y,N,Y,143931.79,0.0,0.0,2026-06-29 19:53:58.123537+00:00
1769,Mark,Marsh,1971-07-31,55,2024-05-31,25,A,SMALL_BIZ,410,5104 Joseph Dam Suite 846,Aprilshire,OR,27918,1,1.0,N,Y,N,N,40931.83,0.0,0.0,2026-06-29 19:53:58.123537+00:00
1789,Olivia,Adams,1968-10-16,58,2014-12-23,138,A,DIGITAL,34,499 Patrick Ferry,East Brettmouth,GA,16404,4,4.0,Y,Y,Y,Y,102902.48,5000.0,97.18,2026-06-29 19:53:58.123537+00:00
1798,Jocelyn,Hart,1975-09-07,51,2012-03-02,171,A,STUDENT,199,3644 Reyes Flats,New Lauraton,MS,56389,2,2.0,N,Y,Y,N,75119.56,15000.0,64.19,2026-06-29 19:53:58.123537+00:00
1799,David,Taylor,1961-08-19,65,2017-05-22,109,A,DIGITAL,150,494 Sandra Lodge,Larrystad,CA,43941,4,4.0,Y,Y,Y,Y,133774.16,25000.0,23.9,2026-06-29 19:53:58.123537+00:00
1805,Emily,Gutierrez,1973-06-02,53,2024-12-08,18,A,DIGITAL,202,002 Lindsey Fork Apt. 870,Valentineshire,PR,50884,1,1.0,N,N,N,Y,3888.56,0.0,0.0,2026-06-29 19:53:58.123537+00:00
1806,Kathryn,Medina,2001-06-22,25,2021-12-25,54,A,WEALTH,13,322 Ortega Rapid Apt. 557,East Gregory,FL,24650,4,4.0,Y,Y,Y,Y,125811.11,25000.0,46.18,2026-06-29 19:53:58.123537+00:00
1811,Jeffrey,Smith,2004-03-20,22,2018-02-14,100,A,PREMIER,362,908 Turner Branch,North James,MI,29589,2,2.0,Y,Y,N,N,133500.26,0.0,0.0,2026-06-29 19:53:58.123537+00:00
1813,Jennifer,Young,1982-08-04,44,2016-01-06,125,A,SMALL_BIZ,406,59739 Ford Causeway,Prattland,AZ,51508,3,1.0,N,Y,Y,Y,102647.32,2000.0,84.24,2026-06-29 19:53:58.123537+00:00
1819,Jeremy,Mills,1958-11-20,68,2019-12-29,78,A,MASS,321,2972 John Ridges,New Philliptown,GA,17426,2,2.0,Y,Y,N,N,82647.49,0.0,0.0,2026-06-29 19:53:58.123537+00:00
1845,Laura,Brown,1971-04-13,55,2015-02-12,136,I,STUDENT,295,74126 Angel Estates Suite 745,Joneshaven,OK,83765,2,2.0,Y,Y,N,N,89707.92,0.0,0.0,2026-06-29 19:53:58.123537+00:00
1852,Tina,Greene,1986-03-28,40,2021-11-08,55,A,WEALTH,24,742 Mark Overpass,North Kyle,SD,17681,2,2.0,N,N,Y,Y,20549.74,15000.0,54.93,2026-06-29 19:53:58.123537+00:00
1853,Sylvia,Jensen,1963-09-05,63,2020-02-13,76,I,STUDENT,413,35611 Lee Courts Suite 756,New Seth,ND,20130,4,4.0,Y,Y,Y,Y,117692.95,2000.0,72.55,2026-06-29 19:53:58.123537+00:00
1854,Shawn,Mccormick,1969-07-17,57,2013-11-29,151,I,PREMIER,328,7108 Fritz Lock,Jorgefurt,MN,04016,2,1.0,Y,N,Y,N,25687.84,15000.0,71.99,2026-06-29 19:53:58.123537+00:00
1855,Adam,Walker,1944-04-26,82,2014-10-06,140,I,MASS,405,6414 Thomas Creek,Melissaland,VT,03463,4,4.0,Y,Y,Y,Y,89733.66,25000.0,60.94,2026-06-29 19:53:58.123537+00:00
1884,Michael,Miller,1957-02-26,69,2021-02-12,64,A,MASS,240,697 Estrada Lane,Garciamouth,SD,48272,2,2.0,N,Y,Y,N,44138.07,2000.0,68.81,2026-06-29 19:53:58.123537+00:00
1886,Charles,Johnson,2003-07-28,23,2012-12-16,162,A,PREMIER,296,9500 Torres Circles Suite 006,East Alanfort,WI,86498,3,3.0,Y,Y,Y,N,54302.92,10000.0,56.3,2026-06-29 19:53:58.123537+00:00
1887,Mark,Turner,1954-11-29,72,2014-06-04,144,A,SMALL_BIZ,457,384 James Mountains Apt. 787,East Michelleborough,GU,07267,2,2.0,Y,Y,N,N,48231.0,0.0,0.0,2026-06-29 19:53:58.123537+00:00
1895,Latoya,Edwards,1989-11-24,37,2018-05-17,97,A,STUDENT,126,73375 Dakota Extension,Lyonsbury,DE,68870,1,0.0,Y,N,N,N,51026.26,0.0,0.0,2026-06-29 19:53:58.123537+00:00
1902,Crystal,Morrison,2005-04-25,21,2016-06-01,120,A,DIGITAL,366,45758 Walker Place,Crosbyhaven,AK,48607,3,3.0,Y,Y,N,Y,124681.36,0.0,0.0,2026-06-29 19:53:58.123537+00:00
1914,Joshua,Smith,1975-02-27,51,2021-09-15,57,A,MASS,285,9687 Sarah Trace Suite 201,Fosterland,CO,07291,2,2.0,Y,N,Y,N,33741.61,25000.0,50.85,2026-06-29 19:53:58.123537+00:00
1924,Victoria,Tran,1956-01-18,70,2018-11-08,91,A,DIGITAL,158,665 Justin Green,Andrebury,HI,93642,1,1.0,Y,N,N,N,459.52,0.0,0.0,2026-06-29 19:53:58.123537+00:00
1926,Johnny,Hunter,1963-05-02,63,2018-03-21,99,A,MASS,254,48900 Smith Park Apt. 876,West Anthony,DC,73843,3,2.0,Y,N,Y,Y,114140.69,25000.0,45.32,2026-06-29 19:53:58.123537+00:00
1927,Heather,Brady,1972-06-15,54,2012-07-31,167,A,PREMIER,112,009 Taylor Fort,Ericburgh,PR,42037,3,2.0,Y,Y,N,Y,170633.06,0.0,0.0,2026-06-29 19:53:58.123537+00:00
1928,Melissa,Sanders,1967-01-11,59,2022-08-14,46,A,DIGITAL,339,175 Laura Forks,Ryanfurt,SD,78425,3,1.0,Y,Y,Y,N,124369.49,5000.0,68.44,2026-06-29 19:53:58.123537+00:00
1972,William,Moss,1952-09-24,74,2018-01-28,101,I,PREMIER,436,942 Gross Flat Apt. 003,East Claireville,MA,41065,1,1.0,N,N,N,Y,57999.99,0.0,0.0,2026-06-29 19:53:58.123537+00:00
1993,Jessica,Davis,1969-01-25,57,2024-07-25,23,A,MASS,139,3344 Cheryl Corners Apt. 802,West Jamesshire,KS,19580,1,1.0,Y,N,N,N,-189.65,0.0,0.0,2026-06-29 19:53:58.123537+00:00
2003,Matthew,Richards,1966-10-19,60,2015-08-15,130,I,STUDENT,48,37660 Hector Path,Markborough,OH,37223,1,1.0,N,N,Y,N,1575.22,2000.0,78.76,2026-06-29 19:53:58.123537+00:00
2025,Christopher,Graham,1991-12-16,35,2021-05-01,61,A,STUDENT,363,7076 Castillo Avenue,West Jasmine,RI,16605,3,3.0,Y,N,Y,Y,93504.72,25000.0,63.89,2026-06-29 19:53:58.123537+00:00
2032,Melissa,Stokes,1984-07-05,42,2019-11-15,79,A,MASS,274,751 Copeland Ranch Apt. 058,East Robert,OR,62261,4,4.0,Y,Y,Y,Y,86046.78,5000.0,52.91,2026-06-29 19:53:58.123537+00:00
2047,Tony,Myers,1999-06-22,27,2014-02-28,148,A,PREMIER,19,293 Stephen Forest,Katiemouth,MP,23058,4,3.0,Y,Y,Y,Y,102402.67,2000.0,44.78,2026-06-29 19:53:58.123537+00:00
2054,Kelly,Thomas,1950-09-16,76,2021-11-15,55,I,PREMIER,412,928 Trevor Orchard Apt. 433,Taylorburgh,TX,03266,4,4.0,Y,Y,Y,Y,122905.71,10000.0,70.06,2026-06-29 19:53:58.123537+00:00
2056,Erika,Hinton,1990-02-16,36,2020-01-29,77,A,MASS,62,318 Emily Greens Suite 649,Meganfurt,FM,92323,2,2.0,N,Y,Y,N,41457.61,10000.0,53.37,2026-06-29 19:53:58.123537+00:00
2065,Elizabeth,Hicks,1947-01-11,79,2018-10-15,92,A,SMALL_BIZ,334,2602 Hill Squares Apt. 173,Christinaberg,VA,59566,4,4.0,Y,Y,Y,Y,173389.57,5000.0,85.41,2026-06-29 19:53:58.123537+00:00
2081,Corey,Weiss,1977-07-20,49,2014-08-15,142,A,STUDENT,413,457 Davis Crossroad,Smithbury,NJ,63442,1,1.0,N,Y,N,N,42224.49,0.0,0.0,2026-06-29 19:53:58.123537+00:00
2084,Charles,Scott,1950-02-06,76,2020-10-09,68,I,WEALTH,264,55952 Jason Turnpike,North Matthew,VT,87302,1,1.0,N,Y,N,N,68295.73,0.0,0.0,2026-06-29 19:53:58.123537+00:00
2095,Kristopher,Nicholson,1953-04-07,73,2022-05-10,49,A,PREMIER,355,161 Chapman Wall,Barbarachester,CO,60895,3,3.0,Y,N,Y,Y,82251.43,15000.0,70.54,2026-06-29 19:53:58.123537+00:00
2113,Kara,Sanchez,1989-05-04,37,2021-12-21,54,A,DIGITAL,184,94365 Garner Via,Rogersstad,KS,94160,3,3.0,N,Y,Y,Y,12963.07,5000.0,30.32,2026-06-29 19:53:58.123537+00:00
2115,Catherine,Oconnell,1976-11-15,50,2020-07-30,71,A,SMALL_BIZ,157,52995 Miller Unions,Simshaven,NC,47479,4,3.0,Y,Y,Y,Y,133837.41,10000.0,90.37,2026-06-29 19:53:58.123537+00:00
2129,Daniel,Gonzales,1953-09-12,73,2023-08-07,34,I,STUDENT,364,64197 Perez Burg Apt. 607,Port Kellyhaven,NH,05446,2,1.0,Y,Y,N,N,37842.92,0.0,0.0,2026-06-29 19:53:58.123537+00:00
2131,James,Lopez,1965-07-23,61,2024-06-23,24,A,PREMIER,333,932 Jessica Prairie,Kaitlynside,AZ,05884,1,1.0,N,Y,N,N,60067.97,0.0,0.0,2026-06-29 19:53:58.123537+00:00
2135,Kathy,Macias,1989-05-08,37,2016-05-03,121,A,PREMIER,191,824 Morton Stravenue,East Jennifermouth,MO,82241,3,3.0,Y,N,Y,Y,111762.22,2000.0,9.39,2026-06-29 19:53:58.123537+00:00
2136,Megan,Price,1975-02-11,51,2025-04-08,14,I,WEALTH,257,518 Valdez Forks Suite 534,Garyhaven,WA,48420,1,1.0,N,N,N,Y,29581.17,0.0,0.0,2026-06-29 19:53:58.123537+00:00
2143,Lisa,Haynes,1954-10-14,72,2022-01-11,53,A,PREMIER,357,415 Lisa Tunnel Apt. 147,Terrihaven,WA,69028,2,1.0,Y,Y,N,N,68140.61,0.0,0.0,2026-06-29 19:53:58.123537+00:00
2144,Victoria,Garza,1975-02-23,51,2014-03-12,147,A,DIGITAL,448,4725 Sanchez Viaduct Suite 555,Smithmouth,OR,99343,4,4.0,Y,Y,Y,Y,152242.0,25000.0,60.36,2026-06-29 19:53:58.123537+00:00
2146,Ronald,Jensen,2007-11-06,19,2025-05-08,13,I,SMALL_BIZ,278,29285 John Via,East Pattyton,NM,98285,3,3.0,Y,Y,Y,N,130663.95,15000.0,10.85,2026-06-29 19:53:58.123537+00:00
2174,Eddie,Stephenson,1957-06-14,69,2012-01-28,173,I,WEALTH,183,3302 Perez Ports Suite 992,Curryton,PW,26850,2,2.0,Y,N,Y,N,87175.3,15000.0,65.47,2026-06-29 19:53:58.123537+00:00
2175,Krystal,Day,2003-08-13,23,2015-07-11,131,A,PREMIER,312,32839 Robert Summit,Lisaton,WV,42255,3,3.0,Y,N,Y,Y,41306.66,10000.0,7.46,2026-06-29 19:53:58.123537+00:00
2178,Jennifer,Ortiz,1988-10-03,38,2019-09-07,81,A,WEALTH,347,846 Bauer Trafficway Suite 569,East Rachelfurt,PR,46516,2,2.0,N,Y,Y,N,47419.82,10000.0,13.84,2026-06-29 19:53:58.123537+00:00
2187,Michelle,Lopez,1953-08-26,73,2014-04-02,146,I,WEALTH,148,948 Raymond Gateway,West Jessica,FM,90456,3,3.0,Y,Y,Y,N,90875.29,25000.0,58.42,2026-06-29 19:53:58.123537+00:00
2191,Alison,Acosta,2006-07-04,20,2012-12-26,162,A,MASS,34,9701 Stephanie Avenue Apt. 479,Beverlyton,MI,11925,2,2.0,N,N,Y,Y,41408.76,15000.0,17.71,2026-06-29 19:53:58.123537+00:00
2194,Douglas,Burton,1958-02-17,68,2012-09-26,165,A,SMALL_BIZ,291,667 Wilson Rapids,East Jamesborough,PR,92928,2,2.0,Y,N,N,Y,94931.1,0.0,0.0,2026-06-29 19:53:58.123537+00:00
2197,Sean,Martin,1973-09-05,53,2019-11-20,79,A,STUDENT,156,1087 Jennings Pike Suite 078,Donovanside,AS,11668,4,4.0,Y,Y,Y,Y,122693.25,2000.0,29.01,2026-06-29 19:53:58.123537+00:00
2200,Mary,Thomas,1961-05-16,65,2019-02-14,88,A,PREMIER,335,9240 Jeremiah Well Suite 986,Robertport,NC,02190,4,4.0,Y,Y,Y,Y,101153.06,25000.0,82.93,2026-06-29 19:53:58.123537+00:00
2220,Victoria,Smith,1957-04-01,69,2011-07-14,179,A,MASS,191,695 Perkins Shore,Ariasland,MH,57765,4,4.0,Y,Y,Y,Y,67650.62,25000.0,28.97,2026-06-29 19:53:58.123537+00:00
2226,Nathan,Miles,1943-04-04,83,2025-11-19,7,A,DIGITAL,473,57359 Sims Plains,West Patriciachester,NV,39143,3,3.0,Y,Y,Y,N,89355.13,2000.0,51.89,2026-06-29 19:53:58.123537+00:00
2236,Adrienne,Spence,1951-12-31,74,2026-01-03,5,A,PREMIER,101,690 Anthony Burg Suite 512,Drakeville,PW,97132,4,4.0,Y,Y,Y,Y,94299.17,5000.0,77.42,2026-06-29 19:53:58.123537+00:00
2237,Christine,Robinson,1949-11-16,77,2014-08-26,142,I,SMALL_BIZ,263,1271 Mitchell Shoals Apt. 883,Katherineside,NV,88618,2,2.0,N,Y,Y,N,46264.89,10000.0,15.39,2026-06-29 19:53:58.123537+00:00
2245,Anne,Tyler,2006-12-04,20,2019-12-01,78,I,STUDENT,400,35613 Amanda Divide Suite 719,Meganstad,IL,06365,4,4.0,Y,Y,Y,Y,172013.16,10000.0,24.66,2026-06-29 19:53:58.123537+00:00
2254,Zachary,Chandler,1952-04-12,74,2025-11-13,7,I,MASS,195,568 Briana Garden,Waynebury,MT,45138,4,3.0,Y,Y,Y,Y,110450.88,10000.0,66.56,2026-06-29 19:53:58.123537+00:00
2267,Nathaniel,Fleming,1998-02-03,28,2025-09-10,9,A,PREMIER,74,54681 Day Junctions,Thomasmouth,OH,65845,2,2.0,N,Y,N,Y,90467.18,0.0,0.0,2026-06-29 19:53:58.123537+00:00
2268,Nancy,Fleming,1975-05-22,51,2015-05-31,133,A,SMALL_BIZ,303,86233 Jones Way Apt. 179,Amandatown,UT,36364,1,0.0,N,N,Y,N,14713.93,15000.0,98.09,2026-06-29 19:53:58.123537+00:00
2274,Kayla,Gonzalez,2002-12-17,24,2025-04-02,14,A,WEALTH,342,855 Fernando Parks,Wellsstad,MN,87212,1,1.0,N,N,Y,N,4635.59,5000.0,92.71,2026-06-29 19:53:58.123537+00:00
2290,Stephen,Hernandez,1962-09-12,64,2013-09-26,153,A,STUDENT,338,0278 Grace Ramp Apt. 147,Andersonhaven,RI,87265,3,3.0,Y,Y,N,Y,45216.71,0.0,0.0,2026-06-29 19:53:58.123537+00:00
2291,Tara,Russell,1999-05-26,27,2013-03-09,159,A,SMALL_BIZ,85,9265 Willie Road Suite 888,Annberg,ND,16069,4,4.0,Y,Y,Y,Y,109076.52,10000.0,18.67,2026-06-29 19:53:58.123537+00:00
2292,Shannon,Wall,1976-05-17,50,2011-07-19,179,A,DIGITAL,160,7271 Cochran Shores Apt. 463,Karenside,AR,72294,3,3.0,Y,Y,Y,N,92446.5,5000.0,71.1,2026-06-29 19:53:58.123537+00:00
2297,Wayne,Parrish,1942-07-30,84,2024-11-12,19,A,WEALTH,303,1309 Emily Forks Apt. 972,Lake Rebeccaton,WI,24354,1,1.0,N,Y,N,N,69513.12,0.0,0.0,2026-06-29 19:53:58.123537+00:00
2300,Ross,Thompson,1949-02-01,77,2014-02-11,148,A,MASS,415,27771 Brian Meadow Suite 608,Port Theresa,TN,70971,3,3.0,N,Y,Y,Y,41733.19,5000.0,81.01,2026-06-29 19:53:58.123537+00:00
2305,Sara,Garcia,1974-10-01,52,2022-09-15,45,I,STUDENT,44,5671 Sarah Club,West Vincent,ME,40591,4,3.0,Y,Y,Y,Y,135259.01,10000.0,6.39,2026-06-29 19:53:58.123537+00:00
2307,Shawn,James,1969-09-03,57,2014-10-25,140,A,PREMIER,276,4858 Jose Fall,Sandersport,FL,26120,2,1.0,N,Y,N,Y,48538.69,0.0,0.0,2026-06-29 19:53:58.123537+00:00
2332,Charles,Mcdaniel,1946-06-03,80,2025-10-19,8,A,STUDENT,437,117 Gabriel Fort,Nguyenshire,ND,92086,4,4.0,Y,Y,Y,Y,128136.78,5000.0,44.65,2026-06-29 19:53:58.123537+00:00
2340,Joseph,Olson,1990-04-01,36,2025-07-06,11,A,DIGITAL,59,0217 Brown Isle Apt. 836,Schroedershire,CT,02724,1,1.0,N,Y,N,N,17391.94,0.0,0.0,2026-06-29 19:53:58.123537+00:00
2344,Brandy,Miranda,1960-04-28,66,2017-05-08,109,A,DIGITAL,140,38606 Park Corners,New David,CA,69676,2,2.0,N,Y,Y,N,12102.12,5000.0,85.97,2026-06-29 19:53:58.123537+00:00
2351,Marcus,Gibbs,1943-07-01,83,2014-03-05,147,A,DIGITAL,58,166 Dougherty Common Suite 489,New Hollyville,VT,29194,1,1.0,Y,N,N,N,886.03,0.0,0.0,2026-06-29 19:53:58.123537+00:00
2352,Diane,Watson,1965-06-17,61,2012-07-28,167,I,PREMIER,268,783 Eugene Circle,Carsonmouth,VT,11861,2,2.0,N,Y,N,Y,49525.51,0.0,0.0,2026-06-29 19:53:58.123537+00:00
2368,Christine,Johnson,1949-08-17,77,2017-01-25,113,A,SMALL_BIZ,63,630 Marc Village,Lake Christine,MP,05113,3,3.0,Y,Y,Y,N,78974.81,2000.0,4.14,2026-06-29 19:53:58.123537+00:00
2374,Joseph,Jackson,1982-07-18,44,2023-08-12,34,A,WEALTH,378,60511 Emily Knoll Apt. 583,Dennishaven,AR,07360,1,1.0,Y,N,N,N,58235.31,0.0,0.0,2026-06-29 19:53:58.123537+00:00
2377,Allison,Lane,1971-06-05,55,2013-04-25,158,A,MASS,216,871 Cindy Lodge Apt. 213,Danielsland,SC,85122,1,1.0,N,N,N,Y,58208.36,0.0,0.0,2026-06-29 19:53:58.123537+00:00
2386,Miranda,Palmer,1965-11-08,61,2026-01-14,5,A,MASS,89,869 Harrison Viaduct,West Kevinview,SC,90642,1,1.0,N,N,Y,N,3922.94,15000.0,26.15,2026-06-29 19:53:58.123537+00:00
2397,Cameron,Garcia,1943-11-19,83,2015-06-18,132,A,PREMIER,115,31197 Montes Wells Suite 304,Jameston,MP,65787,2,2.0,N,Y,N,Y,100497.37,0.0,0.0,2026-06-29 19:53:58.123537+00:00
2419,Susan,Rose,2001-09-26,25,2018-03-12,99,A,WEALTH,73,532 Lisa Park Suite 151,Jenkinsville,WV,64506,2,1.0,N,Y,N,Y,73899.15,0.0,0.0,2026-06-29 19:53:58.123537+00:00
2426,Lauren,Smith,1961-11-01,65,2015-10-16,128,I,PREMIER,97,167 Judith Mills,Buchananview,CA,01218,1,1.0,N,N,Y,N,4651.11,10000.0,46.51,2026-06-29 19:53:58.123537+00:00
2429,Justin,Trevino,1958-05-03,68,2016-09-18,117,A,WEALTH,60,500 Corey Lakes,Carlsonborough,TX,46805,3,3.0,Y,Y,N,Y,103315.74,0.0,0.0,2026-06-29 19:53:58.123537+00:00
2449,Brian,Harris,1986-09-04,40,2022-07-09,47,A,DIGITAL,495,871 Carlson Pines,East Pamela,DE,77640,2,2.0,Y,Y,N,N,84856.17,0.0,0.0,2026-06-29 19:53:58.123537+00:00
2453,Cassandra,Martinez,1949-03-06,77,2011-06-29,180,A,PREMIER,153,6548 Brady Circle Apt. 636,Apriltown,AL,84633,3,3.0,N,Y,Y,Y,84518.35,15000.0,24.04,2026-06-29 19:53:58.123537+00:00
2460,Elizabeth,Haley,1973-05-24,53,2015-10-26,128,A,PREMIER,21,458 Foley Plaza Suite 285,Coffeyborough,IL,12990,3,3.0,Y,Y,Y,N,105574.33,5000.0,95.56,2026-06-29 19:53:58.123537+00:00
2464,Christine,Williams,1984-09-17,42,2024-10-25,20,A,PREMIER,465,97921 Tara Corners,Johnsonside,NH,39869,3,2.0,Y,Y,N,Y,113277.66,0.0,0.0,2026-06-29 19:53:58.123537+00:00
2467,Jasmin,Myers,1975-03-16,51,2016-09-10,117,A,STUDENT,25,592 Grant Mews Suite 149,South Brendaside,UT,02505,1,0.0,N,Y,N,N,46431.12,0.0,0.0,2026-06-29 19:53:58.123537+00:00
2475,Daniel,Villa,1952-02-27,74,2012-12-06,162,A,MASS,301,10488 Shannon Grove Apt. 192,Hendersonmouth,VT,83055,2,2.0,Y,Y,N,N,115001.95,0.0,0.0,2026-06-29 19:53:58.123537+00:00
2500,Joe,Jones,1985-12-07,41,2024-08-04,22,A,DIGITAL,366,32287 Wright Drive Apt. 056,Turnerhaven,FL,85317,1,1.0,Y,N,N,N,2736.12,0.0,0.0,2026-06-29 19:53:58.123537+00:00
2501,Jacqueline,Cannon,2005-01-02,21,2024-12-24,18,I,PREMIER,217,50448 Ashlee Mountains,Port Joan,AZ,03374,3,3.0,N,Y,Y,Y,99357.21,25000.0,80.97,2026-06-29 19:53:58.123537+00:00
2508,Brett,Cannon,1990-12-06,36,2019-09-25,81,A,STUDENT,437,17992 Stephen Camp,Meganfort,MH,95780,2,2.0,N,Y,Y,N,75845.65,5000.0,86.39,2026-06-29 19:53:58.123537+00:00
2519,Shelly,Deleon,1956-04-01,70,2022-02-16,52,A,PREMIER,414,011 Joseph Divide Apt. 588,Hallview,MD,88639,3,3.0,Y,Y,Y,N,88570.03,15000.0,16.05,2026-06-29 19:53:58.123537+00:00
2531,Patricia,Livingston,1943-03-27,83,2020-07-28,71,A,WEALTH,376,139 Higgins Branch,Port Rachel,AS,08672,3,3.0,Y,N,Y,Y,104523.45,5000.0,2.75,2026-06-29 19:53:58.123537+00:00
2533,Ryan,Patterson,1964-05-02,62,2023-11-11,31,A,PREMIER,435,53841 Kimberly Fall Suite 097,Isaiahfurt,AK,90880,3,3.0,Y,Y,N,Y,145893.75,0.0,0.0,2026-06-29 19:53:58.123537+00:00
2534,Brian,Rodriguez,1990-05-07,36,2022-06-18,48,A,WEALTH,394,422 Anderson Camp,Kristenbury,VT,01590,2,2.0,N,Y,N,Y,127263.39,0.0,0.0,2026-06-29 19:53:58.123537+00:00
2535,Erica,Garrison,1967-06-30,59,2022-04-02,50,A,DIGITAL,428,30504 Daniels Mountains Suite 345,Parkborough,VA,83615,1,1.0,N,N,N,Y,10344.63,0.0,0.0,2026-06-29 19:53:58.123537+00:00
2536,Ashley,Carroll,2004-05-02,22,2018-05-28,97,I,MASS,259,67499 Robin Junction Apt. 991,Ramosbury,NH,56981,3,1.0,Y,N,Y,Y,116395.71,15000.0,44.35,2026-06-29 19:53:58.123537+00:00
2541,Lisa,Franklin,1985-08-29,41,2023-03-01,39,A,WEALTH,212,3404 Nelson Hill,Port Stephenberg,WV,12137,1,1.0,Y,N,N,N,10828.41,0.0,0.0,2026-06-29 19:53:58.123537+00:00
2549,Michelle,Riley,1944-01-27,82,2021-09-13,57,A,MASS,215,5768 Pamela Junctions,Carlosburgh,CA,37716,2,2.0,Y,N,N,Y,65433.12,0.0,0.0,2026-06-29 19:53:58.123537+00:00
2550,Bruce,Klein,1944-04-20,82,2022-03-11,51,A,SMALL_BIZ,381,6505 Porter Park Suite 453,East Robinhaven,WY,55180,1,1.0,Y,N,N,N,52672.57,0.0,0.0,2026-06-29 19:53:58.123537+00:00
2553,William,Young,1946-09-06,80,2018-02-10,100,A,WEALTH,330,93267 Padilla Union Apt. 082,Byrdtown,NJ,46113,4,3.0,Y,Y,Y,Y,123678.32,10000.0,82.87,2026-06-29 19:53:58.123537+00:00
2554,Mackenzie,Perry,1963-04-27,63,2017-01-11,113,I,STUDENT,404,36082 Holmes Keys Suite 584,Kellystad,WY,83414,1,1.0,N,N,Y,N,525.92,10000.0,5.26,2026-06-29 19:53:58.123537+00:00
2568,John,Oconnor,1991-08-14,35,2013-03-18,159,A,WEALTH,153,9253 Logan Pike Apt. 355,East Monicachester,WY,87312,3,3.0,Y,Y,N,Y,95107.67,0.0,0.0,2026-06-29 19:53:58.123537+00:00
2569,Michael,Wagner,2000-06-19,26,2016-11-20,115,A,WEALTH,174,938 Bell Road,Zunigaton,MO,89708,1,0.0,Y,N,N,N,71879.35,0.0,0.0,2026-06-29 19:53:58.123537+00:00
2575,Rachel,Walter,1983-11-17,43,2023-01-07,41,A,SMALL_BIZ,218,98310 Brian Spur,Edwardmouth,AK,27030,1,1.0,Y,N,N,N,67917.16,0.0,0.0,2026-06-29 19:53:58.123537+00:00
2578,Veronica,Anderson,1970-05-25,56,2021-10-14,56,A,MASS,347,148 Alicia Causeway,Port Richard,IN,84433,4,3.0,Y,Y,Y,Y,140549.94,15000.0,85.59,2026-06-29 19:53:58.123537+00:00
2618,Kari,Mitchell,1949-01-07,77,2024-08-18,22,A,WEALTH,132,9836 Beck Garden Apt. 885,New Markberg,KY,06109,1,1.0,N,N,Y,N,4865.36,5000.0,97.31,2026-06-29 19:53:58.123537+00:00
2619,Elaine,Wilson,2006-06-09,20,2016-05-06,121,I,PREMIER,278,0244 Hernandez Prairie Apt. 481,Kennethton,SD,48447,3,3.0,Y,Y,N,Y,95470.32,0.0,0.0,2026-06-29 19:53:58.123537+00:00
2627,Garrett,Harris,1968-12-12,58,2020-01-12,77,A,DIGITAL,123,2354 Griffin Ville Suite 383,Jimenezberg,WA,74857,3,3.0,Y,Y,N,Y,83138.33,0.0,0.0,2026-06-29 19:53:58.123537+00:00
2646,John,Smith,2002-04-21,24,2019-06-12,84,A,PREMIER,83,753 Eric Harbor Suite 943,North Michael,SC,19115,2,2.0,N,Y,N,Y,59254.9,0.0,0.0,2026-06-29 19:53:58.123537+00:00
2648,Theresa,Sanders,1948-09-30,78,2014-10-31,140,A,WEALTH,358,5836 Jacobs Union Apt. 896,Mcdowellside,CA,01564,2,2.0,N,N,Y,Y,47608.07,10000.0,23.87,2026-06-29 19:53:58.123537+00:00
2661,George,Pratt,1944-02-09,82,2017-10-26,104,A,SMALL_BIZ,64,15064 Morrow Light Suite 139,Joneston,NJ,52352,4,4.0,Y,Y,Y,Y,112969.15,25000.0,35.68,2026-06-29 19:53:58.123537+00:00
2663,Kelly,Weeks,1961-05-16,65,2017-12-26,102,A,SMALL_BIZ,5,88348 Rios Ways Apt. 018,Larrytown,UT,21623,4,4.0,Y,Y,Y,Y,132091.72,5000.0,70.89,2026-06-29 19:53:58.123537+00:00
2671,Bruce,Harrison,1977-07-08,49,2016-06-05,120,A,PREMIER,101,68920 Tina Junction,North Cheryl,VI,45695,2,2.0,Y,N,Y,N,29451.19,2000.0,0.1,2026-06-29 19:53:58.123537+00:00
2676,Jessica,Ramirez,1946-09-06,80,2013-10-06,152,A,DIGITAL,133,584 Jason Isle Apt. 621,North Keith,NJ,72635,4,4.0,Y,Y,Y,Y,80730.07,15000.0,11.14,2026-06-29 19:53:58.123537+00:00
2686,Megan,Moses,1977-01-17,49,2024-09-01,21,A,PREMIER,201,8548 Collins Fords,North Joannaburgh,WA,08230,1,1.0,N,N,Y,N,1025.31,2000.0,51.27,2026-06-29 19:53:58.123537+00:00
2689,Michael,Johnson,1978-11-14,48,2017-12-26,102,A,PREMIER,470,11724 Frazier Turnpike Apt. 465,Lake Joshua,MS,11176,1,1.0,N,N,N,Y,57475.66,0.0,0.0,2026-06-29 19:53:58.123537+00:00
2690,Elizabeth,Chandler,1965-12-28,61,2018-06-11,96,A,DIGITAL,169,2673 Elizabeth Wells,West Bradley,NH,22130,1,1.0,N,N,Y,N,8601.35,10000.0,86.01,2026-06-29 19:53:58.123537+00:00
2691,Whitney,Ayers,1955-10-25,71,2019-11-04,79,A,SMALL_BIZ,321,5602 Pope Vista Apt. 406,North Jennifer,RI,50978,4,4.0,Y,Y,Y,Y,185184.4,15000.0,88.86,2026-06-29 19:53:58.123537+00:00
2692,Julie,Smith,1967-02-12,59,2014-02-28,148,A,WEALTH,222,098 Hayes Alley,North Tinabury,ID,05650,3,1.0,Y,Y,N,Y,88457.75,0.0,0.0,2026-06-29 19:53:58.123537+00:00
2700,Eric,Fitzgerald,1943-06-04,83,2024-10-30,20,A,DIGITAL,32,436 Wade Valleys,Jessicachester,OK,02086,4,4.0,Y,Y,Y,Y,135504.21,5000.0,11.74,2026-06-29 19:53:58.123537+00:00
2713,Tammy,Wang,1953-12-06,73,2020-04-23,74,A,WEALTH,247,27690 Samuel Lock Suite 433,Port Stephen,WY,68905,2,2.0,Y,Y,N,N,41134.95,0.0,0.0,2026-06-29 19:53:58.123537+00:00
2724,William,Gallegos,1955-05-23,71,2021-12-05,54,A,MASS,97,206 Kenneth Hills,New Ryanhaven,HI,27332,2,2.0,Y,N,N,Y,79411.84,0.0,0.0,2026-06-29 19:53:58.123537+00:00
2730,Craig,Gentry,1963-12-01,63,2021-02-26,64,A,SMALL_BIZ,118,4258 Miller Loop,Davisberg,GA,95385,1,1.0,Y,N,N,N,76354.82,0.0,0.0,2026-06-29 19:53:58.123537+00:00
2738,James,Compton,2006-02-28,20,2025-07-22,11,A,DIGITAL,146,226 Ramos Landing,Jeffreyside,ID,62402,3,3.0,Y,Y,N,Y,182756.68,0.0,0.0,2026-06-29 19:53:58.123537+00:00
2748,Lori,Cross,1993-04-19,33,2024-11-20,19,A,DIGITAL,407,52156 Tyrone Point,North Laura,IN,36631,1,1.0,N,N,N,Y,1752.49,0.0,0.0,2026-06-29 19:53:58.123537+00:00
2750,Jeffrey,Franklin,1991-02-06,35,2020-03-28,75,A,MASS,307,09559 Cole Crescent Suite 369,South Carlosland,AS,17564,1,1.0,N,N,N,Y,22828.6,0.0,0.0,2026-06-29 19:53:58.123537+00:00
2759,Shawn,Tucker,1979-12-30,46,2017-03-21,111,A,DIGITAL,165,625 Ross Plaza Apt. 360,South Levi,FM,98096,4,2.0,Y,Y,Y,Y,71647.0,2000.0,32.84,2026-06-29 19:53:58.123537+00:00
2770,Mark,Fields,1965-05-27,61,2011-10-02,176,A,STUDENT,173,2021 Jeffrey Prairie,New Ronaldburgh,AK,66536,2,1.0,Y,N,Y,N,10827.53,5000.0,34.45,2026-06-29 19:53:58.123537+00:00
2776,Tiffany,Little,1966-06-20,60,2013-09-05,153,A,STUDENT,330,2548 Darrell Spurs Apt. 317,Suzannehaven,PW,64705,3,2.0,Y,N,Y,Y,101381.68,25000.0,52.95,2026-06-29 19:53:58.123537+00:00
2778,Roberto,Johnson,2003-08-18,23,2022-09-01,45,A,MASS,20,381 Mitchell Trafficway,East Angela,WI,45961,2,2.0,N,Y,N,Y,28055.42,0.0,0.0,2026-06-29 19:53:58.123537+00:00
2782,Nicholas,Kennedy,1957-10-27,69,2023-05-30,37,I,SMALL_BIZ,379,39619 Gina Passage Apt. 078,Port William,MT,60026,4,3.0,Y,Y,Y,Y,149861.11,25000.0,7.52,2026-06-29 19:53:58.123537+00:00
2788,Keith,Joseph,1963-03-29,63,2012-06-10,168,A,WEALTH,120,695 Schneider Lock,Hernandezberg,VI,39968,2,1.0,N,N,Y,Y,47445.57,10000.0,90.57,2026-06-29 19:53:58.123537+00:00
2805,Troy,Marshall,1967-10-07,59,2024-04-21,26,A,DIGITAL,54,88177 Emily Drive Apt. 103,New Rachel,CO,11302,2,0.0,N,Y,Y,N,6279.2,2000.0,16.65,2026-06-29 19:53:58.123537+00:00
2808,Patrick,Delgado,1953-01-12,73,2025-01-09,17,A,WEALTH,146,102 Thompson Canyon,Mckenzieville,DC,18926,4,3.0,Y,Y,Y,Y,129507.76,25000.0,40.47,2026-06-29 19:53:58.123537+00:00
2809,Dana,Montgomery,2006-10-06,20,2017-08-11,106,A,MASS,338,614 John Plaza,Nelsonport,MA,97944,4,4.0,Y,Y,Y,Y,178051.46,2000.0,80.45,2026-06-29 19:53:58.123537+00:00
2823,Deborah,Ferguson,1949-08-06,77,2023-01-28,41,A,MASS,359,87377 Thompson Row,Kylebury,AS,42261,4,2.0,Y,Y,Y,Y,148354.85,2000.0,98.69,2026-06-29 19:53:58.123537+00:00
2825,Kayla,Cox,1968-03-08,58,2023-10-04,32,A,DIGITAL,92,34622 Erickson Harbors Suite 287,East Maria,CT,96223,1,1.0,N,N,N,Y,9124.73,0.0,0.0,2026-06-29 19:53:58.123537+00:00
2834,Michael,Carter,1956-04-19,70,2017-01-08,113,A,WEALTH,231,52845 Donna Crescent Suite 870,Greeneview,OH,92398,3,1.0,N,Y,Y,Y,33613.85,2000.0,3.84,2026-06-29 19:53:58.123537+00:00
2839,Julie,Ferrell,1958-11-15,68,2022-04-01,50,A,MASS,59,3942 Hernandez Bypass,Middletonville,OK,38957,1,1.0,Y,N,N,N,43888.58,0.0,0.0,2026-06-29 19:53:58.123537+00:00
2846,Rebecca,Larsen,1972-04-07,54,2025-02-08,16,A,SMALL_BIZ,201,598 Williams Squares Suite 175,West Sean,VI,56410,4,3.0,Y,Y,Y,Y,141484.33,2000.0,46.32,2026-06-29 19:53:58.123537+00:00
2850,Tara,Brown,1991-02-26,35,2024-07-04,23,A,DIGITAL,227,30224 Natalie Mountain,North Ralph,IA,95659,1,1.0,N,N,N,Y,34051.85,0.0,0.0,2026-06-29 19:53:58.123537+00:00
2854,Mariah,Brown,1947-08-12,79,2014-04-29,146,I,WEALTH,393,04763 Alan Corners Apt. 205,West Josephshire,NC,36985,1,1.0,N,N,Y,N,8204.18,15000.0,54.69,2026-06-29 19:53:58.123537+00:00
2862,Carolyn,Vasquez,1941-07-11,85,2022-09-30,45,A,STUDENT,203,5948 Sydney Loaf Suite 920,Traceyfurt,CT,90992,1,1.0,N,Y,N,N,60463.83,0.0,0.0,2026-06-29 19:53:58.123537+00:00
2881,Marc,Gibbs,1961-03-29,65,2017-01-23,113,A,DIGITAL,192,9914 Jose Crescent,Bensonton,MI,53473,4,4.0,Y,Y,Y,Y,87925.76,2000.0,96.46,2026-06-29 19:53:58.123537+00:00
2884,Jennifer,Harrison,1963-04-19,63,2018-08-24,94,A,SMALL_BIZ,450,691 Brian Isle,South Sarahside,IL,48461,4,3.0,Y,Y,Y,Y,79919.76,15000.0,54.93,2026-06-29 19:53:58.123537+00:00
2892,Kelly,Johnson,1958-12-17,68,2019-05-31,85,A,MASS,94,8280 Elizabeth Summit,Michaelchester,PA,53019,1,1.0,N,N,Y,N,5964.08,15000.0,39.76,2026-06-29 19:53:58.123537+00:00
2896,Jane,Scott,1963-10-21,63,2021-08-07,58,I,STUDENT,282,1168 Tara Forges Apt. 413,Richardsonshire,FL,56671,1,1.0,N,N,N,Y,44966.18,0.0,0.0,2026-06-29 19:53:58.123537+00:00
2905,Shannon,Gilmore,1970-05-13,56,2015-08-15,130,A,DIGITAL,420,06121 Robert Garden,Ethanville,FM,75901,1,1.0,N,Y,N,N,70336.62,0.0,0.0,2026-06-29 19:53:58.123537+00:00
2924,Lauren,Ward,1954-04-15,72,2026-03-10,3,A,SMALL_BIZ,341,623 Roth Ports,Paulland,NH,42007,3,2.0,Y,Y,Y,N,51564.7,25000.0,61.51,2026-06-29 19:53:58.123537+00:00
2929,Stephanie,Hill,1967-08-08,59,2018-07-10,95,A,SMALL_BIZ,301,81697 Cook Wells,Crystalport,MO,35306,1,1.0,N,N,Y,N,12269.27,15000.0,81.8,2026-06-29 19:53:58.123537+00:00
2932,Leah,Cline,1992-07-24,34,2012-05-27,169,A,STUDENT,496,595 Jessica Highway Apt. 074,Jeffreyborough,GU,84294,1,1.0,N,Y,N,N,77834.01,0.0,0.0,2026-06-29 19:53:58.123537+00:00
2938,Austin,Wiggins,1963-09-16,63,2024-10-01,20,A,PREMIER,87,111 Keith Glen Suite 174,South Josechester,ID,46715,4,3.0,Y,Y,Y,Y,103335.42,15000.0,99.27,2026-06-29 19:53:58.123537+00:00
2955,Timothy,Cooper,1963-02-06,63,2020-01-10,77,I,STUDENT,267,79434 Kelsey Park,West Amandatown,NV,90407,3,3.0,Y,N,Y,Y,32650.16,5000.0,17.64,2026-06-29 19:53:58.123537+00:00
2965,Raymond,Pugh,1999-07-30,27,2019-01-08,89,I,SMALL_BIZ,385,654 Alexandria Islands Apt. 805,Port James,IL,20654,3,2.0,Y,Y,Y,N,127098.92,2000.0,99.34,2026-06-29 19:53:58.123537+00:00
2971,Karen,Hernandez,1982-11-28,44,2024-01-26,29,A,WEALTH,379,926 Williams Forks,West Noahborough,VI,41004,3,2.0,Y,Y,Y,N,48086.31,10000.0,41.24,2026-06-29 19:53:58.123537+00:00
2984,Donna,Evans,1983-08-09,43,2018-07-09,95,A,SMALL_BIZ,70,6416 Smith Mountains,Diazfort,VI,31806,1,1.0,N,Y,N,N,39758.27,0.0,0.0,2026-06-29 19:53:58.123537+00:00
2989,Jeffrey,Garcia,1994-09-20,32,2022-10-21,44,A,DIGITAL,115,163 Smith Curve,Sandersborough,NV,82620,2,2.0,N,Y,Y,N,50674.45,25000.0,36.52,2026-06-29 19:53:58.123537+00:00
3013,Jennifer,Fowler,1997-01-04,29,2012-12-31,162,A,WEALTH,348,44622 Kathleen Fields Suite 999,Thomasstad,IA,68172,1,1.0,Y,N,N,N,31127.37,0.0,0.0,2026-06-29 19:53:58.123537+00:00
3029,Courtney,Oneal,1998-04-20,28,2020-02-27,76,A,DIGITAL,18,5535 Kaitlin Freeway,Ericashire,GA,08309,4,3.0,Y,Y,Y,Y,77244.77,5000.0,4.31,2026-06-29 19:53:58.123537+00:00
3045,Sophia,Thomas,1979-09-02,47,2024-07-23,23,A,SMALL_BIZ,420,220 Veronica Estates,Bryantown,NV,22103,1,1.0,N,N,Y,N,3920.38,5000.0,78.41,2026-06-29 19:53:58.123537+00:00
3055,Valerie,Schultz,1968-05-21,58,2014-11-14,139,A,MASS,338,3702 Glenn Cape,Garybury,MN,80863,4,4.0,Y,Y,Y,Y,81030.11,25000.0,75.55,2026-06-29 19:53:58.123537+00:00
3059,Rebecca,Elliott,1967-04-09,59,2011-11-26,175,A,SMALL_BIZ,420,2141 Laura Views,Heathermouth,CT,67897,1,1.0,N,N,Y,N,11291.45,15000.0,75.28,2026-06-29 19:53:58.123537+00:00
3069,Darren,Spencer,1967-07-18,59,2018-03-04,99,A,SMALL_BIZ,357,81440 Pamela Loop,Amyfort,WV,17465,1,1.0,N,Y,N,N,42302.05,0.0,0.0,2026-06-29 19:53:58.123537+00:00
3070,John,Roth,1964-02-28,62,2016-12-11,114,A,SMALL_BIZ,191,463 Sanders Mission Suite 142,Kevinfurt,TX,32418,3,2.0,Y,Y,N,Y,101939.42,0.0,0.0,2026-06-29 19:53:58.123537+00:00
3073,April,Alvarado,1997-09-15,29,2012-12-18,162,A,PREMIER,494,72287 Kara Common,Mitchellhaven,NC,86369,3,2.0,N,Y,Y,Y,63809.42,15000.0,35.81,2026-06-29 19:53:58.123537+00:00
3096,Randall,Dominguez,1981-09-12,45,2020-11-02,67,A,STUDENT,483,613 Vasquez Falls Suite 183,New Justin,CA,12468,4,4.0,Y,Y,Y,Y,46342.93,15000.0,60.21,2026-06-29 19:53:58.123537+00:00
3099,Jonathan,Becker,1963-06-05,63,2025-07-26,11,A,SMALL_BIZ,41,6981 Alex Glen,Bowmanside,GU,44872,1,1.0,N,Y,N,N,2568.81,0.0,0.0,2026-06-29 19:53:58.123537+00:00
3114,Amanda,Montgomery,1987-05-15,39,2017-08-09,106,A,MASS,497,7733 Martin Fords Suite 252,Colemantown,MO,34333,2,2.0,Y,N,Y,N,54340.46,25000.0,1.4,2026-06-29 19:53:58.123537+00:00
3124,Micheal,Smith,2008-06-06,18,2024-08-24,22,A,WEALTH,252,25662 Thompson Springs Apt. 053,West Christopherbury,HI,65298,2,2.0,N,Y,N,Y,105103.81,0.0,0.0,2026-06-29 19:53:58.123537+00:00
3125,Steve,Page,1995-06-16,31,2013-08-21,154,A,STUDENT,264,54662 Jesse Plains Suite 158,West Brandon,CO,25239,4,3.0,Y,Y,Y,Y,115754.09,2000.0,0.18,2026-06-29 19:53:58.123537+00:00
3127,Robert,Butler,1965-02-19,61,2025-07-17,11,A,DIGITAL,394,56236 Williams Street,New Robert,IL,56062,3,3.0,N,Y,Y,Y,75264.5,5000.0,38.82,2026-06-29 19:53:58.123537+00:00
3137,Joshua,Reese,1967-05-09,59,2021-06-10,60,A,WEALTH,492,103 Ashley Ranch,North Michelebury,MD,63715,3,3.0,N,Y,Y,Y,101284.16,25000.0,13.81,2026-06-29 19:53:58.123537+00:00
3140,Leslie,Fitzpatrick,1950-03-28,76,2025-05-20,13,A,WEALTH,257,3035 Vega Well,East Jeremyville,AS,56116,1,1.0,Y,N,N,N,35152.86,0.0,0.0,2026-06-29 19:53:58.123537+00:00
3144,Jason,Pittman,1955-02-03,71,2013-09-26,153,A,PREMIER,348,080 Nelson Estates,Valenzuelafurt,NH,20655,4,4.0,Y,Y,Y,Y,61104.83,25000.0,33.05,2026-06-29 19:53:58.123537+00:00
3147,Edwin,Perry,1979-02-19,47,2024-12-05,18,I,PREMIER,390,2524 Patrick Loaf Suite 387,Port Jimmy,MI,11731,1,1.0,N,N,Y,N,9406.08,15000.0,62.71,2026-06-29 19:53:58.123537+00:00
3164,Andrea,Anderson,1972-03-07,54,2012-09-08,165,A,PREMIER,1,07305 Hopkins Hollow Apt. 398,South Craigchester,KY,22419,3,3.0,Y,Y,Y,N,46389.0,25000.0,79.27,2026-06-29 19:53:58.123537+00:00
3166,Norman,Johnson,1966-12-30,59,2024-12-25,18,A,STUDENT,52,43327 David Bypass Apt. 908,Jamesmouth,GA,43390,1,1.0,N,N,Y,N,393.35,5000.0,7.87,2026-06-29 19:53:58.123537+00:00
3175,Eric,Sims,1999-10-16,27,2020-09-13,69,A,PREMIER,301,5185 Robert Viaduct Apt. 425,Jonathanshire,TX,37579,4,3.0,Y,Y,Y,Y,154930.17,15000.0,66.75,2026-06-29 19:53:58.123537+00:00
3192,Christopher,Chapman,1942-04-18,84,2022-08-05,46,I,DIGITAL,2,85731 Juarez Tunnel Suite 708,West Gabriellastad,AZ,66830,2,2.0,N,Y,N,Y,53595.87,0.0,0.0,2026-06-29 19:53:58.123537+00:00
3212,Michelle,Wood,1990-01-18,36,2023-07-14,35,A,WEALTH,113,84088 Patterson Haven Suite 494,Cooperstad,OK,98298,4,4.0,Y,Y,Y,Y,107791.15,2000.0,48.41,2026-06-29 19:53:58.123537+00:00
3214,Jesus,Wiggins,1955-07-11,71,2016-05-10,121,A,DIGITAL,229,36550 Tanya Land,West Victoria,IL,04600,3,3.0,Y,Y,Y,N,78676.55,15000.0,62.18,2026-06-29 19:53:58.123537+00:00
3221,Patricia,Mullen,1974-05-20,52,2020-06-24,72,A,PREMIER,74,12161 Michele Brook Suite 558,Sandrafurt,OK,86280,2,2.0,N,Y,Y,N,53853.12,5000.0,89.4,2026-06-29 19:53:58.123537+00:00
3229,Rodney,Cardenas,1960-05-31,66,2023-04-15,38,A,PREMIER,491,791 Johnson Orchard,Karabury,VT,56738,3,2.0,N,Y,Y,Y,77579.28,2000.0,20.11,2026-06-29 19:53:58.123537+00:00
3230,Douglas,Johnson,1942-03-23,84,2015-05-21,133,A,SMALL_BIZ,419,88977 Munoz Route,Harrisonton,VT,44009,2,2.0,Y,Y,N,N,108455.24,0.0,0.0,2026-06-29 19:53:58.123537+00:00
3235,David,Parrish,1950-02-07,76,2025-10-02,8,A,PREMIER,11,714 Francis Loop,Johnsonland,AS,21714,3,1.0,Y,N,Y,Y,75239.45,25000.0,5.48,2026-06-29 19:53:58.123537+00:00
3240,Caleb,Jones,1989-07-19,37,2013-06-16,156,A,DIGITAL,472,687 Dixon River Suite 355,Micheletown,SD,41676,3,3.0,Y,N,Y,Y,63481.9,5000.0,36.61,2026-06-29 19:53:58.123537+00:00
3249,Katelyn,Santiago,1975-01-11,51,2016-04-22,122,I,STUDENT,419,2214 Collins Springs Apt. 874,Morganland,MS,23762,2,1.0,N,N,Y,Y,15299.37,2000.0,2.46,2026-06-29 19:53:58.123537+00:00
3253,Rachel,Martin,1980-06-15,46,2016-12-24,114,A,MASS,76,668 Gilbert Motorway Apt. 562,West Veronica,NH,05337,3,3.0,Y,N,Y,Y,71194.09,2000.0,79.85,2026-06-29 19:53:58.123537+00:00
3268,Anthony,Williams,1948-09-04,78,2011-06-30,180,A,STUDENT,243,959 Rodriguez Mews,Blakefurt,FM,64387,4,3.0,Y,Y,Y,Y,108377.84,5000.0,76.3,2026-06-29 19:53:58.123537+00:00
3274,David,Fields,2007-05-15,19,2025-02-18,16,A,WEALTH,376,931 Anthony Lights,Jamesville,NJ,79446,2,2.0,N,Y,N,Y,111335.56,0.0,0.0,2026-06-29 19:53:58.123537+00:00
3280,Alexander,Merritt,1972-09-10,54,2014-02-06,148,A,DIGITAL,392,33574 Rivera Valley,Conwaystad,GA,93296,2,2.0,N,Y,N,Y,70824.24,0.0,0.0,2026-06-29 19:53:58.123537+00:00
3281,Nancy,Mckinney,1985-06-25,41,2025-10-20,8,A,SMALL_BIZ,72,390 Williams Shores Suite 804,Johnsonburgh,VI,71406,3,1.0,Y,Y,N,Y,144675.64,0.0,0.0,2026-06-29 19:53:58.123537+00:00
3298,Barbara,Scott,1977-12-09,49,2019-03-30,87,A,PREMIER,186,6950 Rodriguez Inlet Apt. 606,Jaketon,PA,25851,4,4.0,Y,Y,Y,Y,76070.71,5000.0,67.89,2026-06-29 19:53:58.123537+00:00
3308,Jacob,Parsons,1943-07-29,83,2013-04-18,158,A,WEALTH,372,3096 Williams Hollow Apt. 116,Michaelville,AS,59408,1,1.0,Y,N,N,N,72909.96,0.0,0.0,2026-06-29 19:53:58.123537+00:00
3316,Benjamin,Freeman,1974-05-05,52,2011-11-24,175,A,SMALL_BIZ,119,1587 Jennifer Well,Meyerberg,TX,20786,2,2.0,Y,N,Y,N,38653.94,25000.0,98.93,2026-06-29 19:53:58.123537+00:00
3328,Rebecca,Barton,1993-06-19,33,2023-07-12,35,A,STUDENT,187,31267 Fowler Freeway Suite 248,Masonview,NY,48314,1,1.0,N,N,Y,N,9950.39,10000.0,99.5,2026-06-29 19:53:58.123537+00:00
3330,Sean,Haynes,1998-02-21,28,2014-11-26,139,A,MASS,243,17389 Christopher Mall,North Brandyshire,WY,67527,3,2.0,N,Y,Y,Y,59445.67,25000.0,5.26,2026-06-29 19:53:58.123537+00:00
3335,Cameron,Baker,1978-10-30,48,2017-10-15,104,I,MASS,43,5162 Jones Greens Apt. 227,Parkerport,MP,37538,3,3.0,N,Y,Y,Y,117431.79,25000.0,32.78,2026-06-29 19:53:58.123537+00:00
3337,David,Martin,2002-03-26,24,2024-07-20,23,I,STUDENT,330,71067 Gonzalez Loop Apt. 616,Sarahberg,HI,06210,2,2.0,N,Y,N,Y,71632.73,0.0,0.0,2026-06-29 19:53:58.123537+00:00
3338,Sean,Barajas,1979-09-16,47,2021-05-28,61,A,SMALL_BIZ,421,467 Le Cove Apt. 408,East Kevin,AK,75851,4,3.0,Y,Y,Y,Y,95718.53,2000.0,2.03,2026-06-29 19:53:58.123537+00:00
3352,Michelle,Goodman,1967-09-03,59,2020-07-15,71,A,STUDENT,397,82959 Faulkner Bridge Suite 419,East Robin,NV,98274,2,2.0,N,Y,Y,N,28555.92,25000.0,5.04,2026-06-29 19:53:58.123537+00:00
3360,Haley,Dominguez,1967-05-12,59,2024-06-26,24,A,DIGITAL,426,567 Strong Oval,West Davidfort,IN,06681,3,3.0,N,Y,Y,Y,115406.81,10000.0,90.93,2026-06-29 19:53:58.123537+00:00
3369,Amy,Morris,1987-07-12,39,2016-11-18,115,A,WEALTH,443,75684 Franklin Lodge Apt. 512,New Deannaton,FL,38815,4,3.0,Y,Y,Y,Y,165091.14,5000.0,12.08,2026-06-29 19:53:58.123537+00:00
3376,Sarah,Gibson,1954-02-24,72,2025-06-05,12,A,DIGITAL,488,526 Maria Inlet,Chelseaton,IN,72671,3,3.0,Y,Y,N,Y,138347.3,0.0,0.0,2026-06-29 19:53:58.123537+00:00
3377,Joshua,Bradley,2007-11-17,19,2020-03-12,75,A,MASS,417,9446 Williamson Wells,Heatherchester,MH,11134,2,2.0,N,Y,N,Y,70816.27,0.0,0.0,2026-06-29 19:53:58.123537+00:00
3381,Amy,Adams,1998-04-02,28,2015-08-18,130,A,STUDENT,219,80617 Jamie Ports Apt. 198,East Stephanie,HI,40257,2,2.0,N,Y,Y,N,61852.88,5000.0,45.44,2026-06-29 19:53:58.123537+00:00
3388,Christopher,Yang,1982-10-13,44,2025-09-23,9,A,SMALL_BIZ,9,509 Monique Vista,North Aaronmouth,OR,57581,2,2.0,Y,Y,N,N,53893.82,0.0,0.0,2026-06-29 19:53:58.123537+00:00
3395,Joseph,Macias,1966-12-17,60,2019-07-26,83,I,WEALTH,212,07142 Torres Shoals,Hullville,NH,61523,2,1.0,Y,N,N,Y,85946.13,0.0,0.0,2026-06-29 19:53:58.123537+00:00
3404,Christopher,Scott,1990-01-04,36,2025-01-20,17,A,STUDENT,330,990 Robert Route Suite 036,South Ericbury,MA,76096,2,2.0,Y,N,N,Y,98863.0,0.0,0.0,2026-06-29 19:53:58.123537+00:00
3419,Andrew,Wagner,1992-11-01,34,2019-02-23,88,A,SMALL_BIZ,400,578 Mendoza Islands,South Danielland,TX,02511,1,0.0,N,Y,N,N,53537.02,0.0,0.0,2026-06-29 19:53:58.123537+00:00
3435,Steven,Khan,1974-02-07,52,2018-06-13,96,A,PREMIER,99,6961 Debra Ramp Apt. 237,Harrisonberg,NM,94693,2,2.0,Y,N,Y,N,49606.75,10000.0,88.44,2026-06-29 19:53:58.123537+00:00
3447,Carlos,Donaldson,1990-04-24,36,2019-12-10,78,A,WEALTH,453,72645 Raymond Ranch,Port Samantha,DC,18548,4,4.0,Y,Y,Y,Y,87964.98,15000.0,53.13,2026-06-29 19:53:58.123537+00:00
3462,Teresa,Esparza,2004-06-19,22,2015-12-22,126,A,STUDENT,408,604 Novak Road,Powellborough,KS,55834,3,2.0,Y,Y,N,Y,136937.31,0.0,0.0,2026-06-29 19:53:58.123537+00:00
3471,Susan,Chapman,2000-05-22,26,2018-10-30,92,A,DIGITAL,308,97434 Davis Village Apt. 071,North Andrew,NV,13913,4,4.0,Y,Y,Y,Y,169187.91,10000.0,25.61,2026-06-29 19:53:58.123537+00:00
3473,Mark,Bennett,1952-07-16,74,2013-11-12,151,A,PREMIER,330,3157 Keller Estate Apt. 852,East Gregoryland,AZ,53475,1,0.0,N,Y,N,N,49563.05,0.0,0.0,2026-06-29 19:53:58.123537+00:00
3491,Charles,Townsend,1971-07-27,55,2013-09-19,153,A,MASS,169,828 Keith Islands,New Thomas,AR,31695,1,1.0,N,Y,N,N,24349.44,0.0,0.0,2026-06-29 19:53:58.123537+00:00
3505,Madison,Mason,1941-09-03,85,2018-09-10,93,I,STUDENT,390,7155 Mary Knoll Suite 026,Jodimouth,GU,89649,4,4.0,Y,Y,Y,Y,117250.17,15000.0,34.72,2026-06-29 19:53:58.123537+00:00
3512,Robin,Lynch,2000-05-01,26,2025-05-08,13,A,SMALL_BIZ,158,7953 Baker Drive Apt. 379,North Jessicamouth,MS,76473,1,1.0,Y,N,N,N,49301.09,0.0,0.0,2026-06-29 19:53:58.123537+00:00
3515,Joseph,Schmidt,2002-01-31,24,2015-04-13,134,I,MASS,15,015 Bernard Passage Apt. 722,North Russellmouth,UT,66099,3,3.0,Y,Y,Y,N,86586.09,5000.0,85.76,2026-06-29 19:53:58.123537+00:00
3519,Danielle,Torres,2005-04-25,21,2023-05-06,37,A,WEALTH,261,577 Vargas Islands,East Wandaport,CO,63886,4,4.0,Y,Y,Y,Y,68118.79,5000.0,91.68,2026-06-29 19:53:58.123537+00:00
3524,David,Curry,2004-11-28,22,2011-10-19,176,A,STUDENT,253,819 Yvonne Path Apt. 548,Kristiton,SD,04568,4,3.0,Y,Y,Y,Y,140670.8,5000.0,69.81,2026-06-29 19:53:58.123537+00:00
3560,Andrea,Evans,1987-10-02,39,2015-12-04,126,A,DIGITAL,472,1138 Elizabeth Shores Suite 062,Fryport,WV,77721,1,1.0,N,N,N,Y,1094.47,0.0,0.0,2026-06-29 19:53:58.123537+00:00
3565,Ann,Bauer,1959-03-14,67,2020-04-21,74,A,MASS,159,31002 Wells Port,West Heather,AZ,15026,3,3.0,Y,Y,N,Y,129120.8,0.0,0.0,2026-06-29 19:53:58.123537+00:00
3568,Susan,Shields,1988-12-08,38,2014-01-06,149,A,STUDENT,496,7947 Bennett Lodge,South Timothy,PW,19932,4,4.0,Y,Y,Y,Y,45008.81,25000.0,23.99,2026-06-29 19:53:58.123537+00:00
3576,Jack,Davidson,1958-06-09,68,2013-05-27,157,A,WEALTH,181,36659 Martin Vista Apt. 361,Nicholsonhaven,RI,49930,4,4.0,Y,Y,Y,Y,142416.11,2000.0,97.47,2026-06-29 19:53:58.123537+00:00
3599,Sandra,Burton,1979-12-23,47,2025-04-13,14,A,STUDENT,279,850 Watson Union,Port Michaelchester,CT,71714,3,2.0,Y,N,Y,Y,42572.35,25000.0,58.3,2026-06-29 19:53:58.123537+00:00
3600,Susan,Murphy,2006-12-24,20,2011-07-17,179,A,PREMIER,387,85195 Porter Lights Suite 733,Allisonstad,AK,82280,3,2.0,N,Y,Y,Y,86737.62,25000.0,19.88,2026-06-29 19:53:58.123537+00:00
3603,Brenda,Fuller,1958-04-27,68,2023-06-30,36,A,PREMIER,139,601 Lori Points Suite 470,Nathanberg,GU,43219,2,2.0,N,N,Y,Y,3895.67,2000.0,83.1,2026-06-29 19:53:58.123537+00:00
3608,Jesse,Delacruz,1948-05-28,78,2024-11-08,19,A,STUDENT,74,057 Weaver Islands Apt. 443,Paulview,OH,69772,3,3.0,Y,Y,N,Y,120120.21,0.0,0.0,2026-06-29 19:53:58.123537+00:00
3614,John,George,1982-06-24,44,2012-11-19,163,A,PREMIER,127,3005 Patrick Knolls Suite 512,Coleport,NY,29825,4,4.0,Y,Y,Y,Y,131842.65,2000.0,80.67,2026-06-29 19:53:58.123537+00:00
3616,Katherine,Chandler,1960-01-21,66,2013-12-25,150,A,WEALTH,29,084 Kline Landing,Sarahtown,CO,62586,4,3.0,Y,Y,Y,Y,125578.45,25000.0,68.88,2026-06-29 19:53:58.123537+00:00
3618,William,Perez,2000-12-13,26,2012-12-25,162,I,STUDENT,134,50315 Jessica Ways Suite 245,Fordville,WV,02415,3,2.0,Y,Y,Y,N,81791.62,15000.0,42.1,2026-06-29 19:53:58.123537+00:00
3644,Bradley,Henry,1978-04-08,48,2023-11-05,31,A,STUDENT,317,34203 Theresa Junction Apt. 247,Christopherburgh,NJ,44675,3,3.0,N,Y,Y,Y,76670.62,25000.0,17.95,2026-06-29 19:53:58.123537+00:00
3647,Kathleen,Murray,1983-12-17,43,2012-09-07,165,A,WEALTH,479,642 Elizabeth Way Suite 174,New Stephen,DE,57791,4,3.0,Y,Y,Y,Y,200382.28,25000.0,44.58,2026-06-29 19:53:58.123537+00:00
3662,Richard,Hart,1976-01-21,50,2019-05-26,85,A,MASS,397,0514 Jennifer Trafficway,South Monicaville,VI,31790,2,2.0,N,Y,Y,N,85251.87,25000.0,27.29,2026-06-29 19:53:58.123537+00:00
3668,Daisy,Mays,1942-08-18,84,2020-10-21,68,A,STUDENT,153,1177 Patricia Ramp,Lake Johnchester,DE,72172,2,2.0,Y,N,N,Y,36959.95,0.0,0.0,2026-06-29 19:53:58.123537+00:00
3671,Allison,Smith,1949-10-25,77,2019-10-13,80,A,MASS,200,411 Jeremy Points Apt. 484,North Beverlyborough,VI,56488,1,1.0,N,Y,N,N,10796.36,0.0,0.0,2026-06-29 19:53:58.123537+00:00
3678,Jennifer,Richardson,1957-10-02,69,2017-10-02,104,A,MASS,216,902 Brock Forks Suite 767,New Danielleshire,SD,40075,4,4.0,Y,Y,Y,Y,122588.14,15000.0,88.6,2026-06-29 19:53:58.123537+00:00
3680,Morgan,Short,1993-08-20,33,2012-09-18,165,A,DIGITAL,105,9470 Alexander Key Apt. 068,Terryburgh,NV,29331,4,4.0,Y,Y,Y,Y,155690.03,2000.0,74.59,2026-06-29 19:53:58.123537+00:00
3685,Nicholas,Jenkins,1943-01-19,83,2012-10-02,164,A,SMALL_BIZ,22,91453 Regina Prairie Suite 543,Lake Shawnbury,UT,05804,1,1.0,N,Y,N,N,13891.9,0.0,0.0,2026-06-29 19:53:58.123537+00:00
3690,Haley,Johnson,1997-03-20,29,2012-05-29,169,A,SMALL_BIZ,351,767 Smith Mission Apt. 198,North Ashley,IL,81044,3,3.0,Y,Y,N,Y,180673.61,0.0,0.0,2026-06-29 19:53:58.123537+00:00
3708,Jason,Richardson,1941-09-12,85,2020-10-03,68,A,MASS,400,9468 Tracey Mills,Coffeyview,MI,92088,2,2.0,N,Y,Y,N,30007.08,10000.0,79.86,2026-06-29 19:53:58.123537+00:00
3713,Jennifer,David,1968-10-11,58,2014-01-13,149,A,MASS,41,00078 Patrick Springs Apt. 109,Angelafort,AL,93876,4,2.0,Y,Y,Y,Y,112661.7,2000.0,0.68,2026-06-29 19:53:58.123537+00:00
3717,Maria,Mccoy,1968-10-10,58,2022-08-21,46,A,SMALL_BIZ,392,09011 James Flat Suite 439,Lake Jonathan,IN,00651,2,2.0,Y,Y,N,N,139091.02,0.0,0.0,2026-06-29 19:53:58.123537+00:00
3719,Brandon,Steele,1970-08-29,56,2023-04-15,38,A,MASS,302,387 Reynolds Tunnel,Lake Sharonborough,AK,28543,4,4.0,Y,Y,Y,Y,137197.87,10000.0,42.63,2026-06-29 19:53:58.123537+00:00
3725,Michael,Roth,1956-02-20,70,2024-11-17,19,A,PREMIER,278,7815 Thornton Radial,North Ashley,GU,67747,1,1.0,Y,N,N,N,72147.19,0.0,0.0,2026-06-29 19:53:58.123537+00:00
3728,Marie,Roberts,1983-02-09,43,2026-03-03,3,A,PREMIER,175,615 Ward Camp Suite 955,North Tamarachester,MD,65172,2,2.0,Y,Y,N,N,84466.91,0.0,0.0,2026-06-29 19:53:58.123537+00:00
3738,Robert,Weber,1979-11-13,47,2025-07-21,11,A,MASS,338,762 Bradshaw Trafficway,Davisside,IL,68895,4,4.0,Y,Y,Y,Y,141818.64,25000.0,86.64,2026-06-29 19:53:58.123537+00:00
3741,Christopher,Boyd,1992-06-25,34,2024-03-26,27,I,WEALTH,9,5358 Alice Road Apt. 254,West Sharonfort,OH,91660,3,3.0,N,Y,Y,Y,92779.56,2000.0,80.66,2026-06-29 19:53:58.123537+00:00
3752,Rebecca,Santos,1963-04-27,63,2021-05-17,61,I,PREMIER,284,427 Lamb Light,Lake Timothy,MA,38717,2,2.0,Y,N,N,Y,66310.84,0.0,0.0,2026-06-29 19:53:58.123537+00:00
3755,Elizabeth,Jarvis,1964-08-01,62,2017-07-27,107,A,STUDENT,368,63391 Richard Mount Suite 253,East Kathryntown,CT,12503,3,2.0,N,Y,Y,Y,48133.8,10000.0,69.81,2026-06-29 19:53:58.123537+00:00
3769,James,Salazar,1955-01-11,71,2012-09-13,165,A,WEALTH,426,947 Sheila Point,Davidport,MI,64809,1,1.0,N,Y,N,N,13269.27,0.0,0.0,2026-06-29 19:53:58.123537+00:00
3774,Robert,Thomas,1980-07-07,46,2018-02-07,100,A,STUDENT,409,6641 Robert Overpass Apt. 682,Lake Kimberly,NM,17596,2,2.0,N,N,Y,Y,12286.57,10000.0,92.84,2026-06-29 19:53:58.123537+00:00
3776,Juan,Martin,1974-09-03,52,2018-02-04,100,I,MASS,138,41449 Morgan Streets Apt. 043,Timothyshire,GA,84384,1,1.0,N,N,N,Y,32983.53,0.0,0.0,2026-06-29 19:53:58.123537+00:00
3777,Donald,Powell,1989-05-08,37,2018-03-10,99,I,DIGITAL,169,392 Zachary Ferry Suite 853,Cassandraport,PR,67556,1,1.0,N,N,Y,N,4041.27,25000.0,16.17,2026-06-29 19:53:58.123537+00:00
3785,Richard,Mcdonald,1955-01-25,71,2025-02-25,16,A,STUDENT,134,1221 Bell Fort Suite 309,Travismouth,KS,13854,2,2.0,N,Y,N,Y,6498.65,0.0,0.0,2026-06-29 19:53:58.123537+00:00
3793,Bradley,Roth,1999-05-21,27,2015-11-17,127,A,PREMIER,354,81783 White Mills Apt. 447,Lake Suzanne,AK,97511,3,3.0,Y,N,Y,Y,10956.78,2000.0,97.47,2026-06-29 19:53:58.123537+00:00
3796,Joyce,Porter,2003-08-24,23,2024-12-28,18,A,SMALL_BIZ,286,9650 Clark Street Suite 252,Hughesfort,GA,10736,1,1.0,Y,N,N,N,29728.53,0.0,0.0,2026-06-29 19:53:58.123537+00:00
3797,Charles,Flowers,1975-11-21,51,2025-02-21,16,A,PREMIER,173,2335 Santiago Course,Jordanfort,IN,87685,1,1.0,N,N,N,Y,37806.98,0.0,0.0,2026-06-29 19:53:58.123537+00:00
3815,Raymond,Bryant,1979-09-21,47,2016-05-16,121,A,WEALTH,115,621 Olivia Corners Apt. 427,Thomaschester,IN,95352,2,2.0,N,Y,N,Y,36733.69,0.0,0.0,2026-06-29 19:53:58.123537+00:00
3817,Chelsea,Roberts,1959-06-25,67,2017-11-26,103,A,DIGITAL,342,4430 Andrews Lake Suite 087,West Todd,MI,04340,2,1.0,Y,N,N,Y,73106.18,0.0,0.0,2026-06-29 19:53:58.123537+00:00
3819,Austin,Jacobs,1944-01-09,82,2016-06-04,120,I,DIGITAL,15,24249 Cross Divide Apt. 962,Stevenfort,SC,97448,4,4.0,Y,Y,Y,Y,93354.33,10000.0,22.01,2026-06-29 19:53:58.123537+00:00
3822,Matthew,Moss,1950-03-14,76,2024-08-27,22,A,DIGITAL,145,304 Wheeler Plaza Apt. 815,Port Juliashire,NJ,86526,2,2.0,Y,N,Y,N,70696.41,10000.0,48.94,2026-06-29 19:53:58.123537+00:00
3835,Nicole,Alvarado,1966-03-11,60,2021-11-12,55,A,DIGITAL,301,6546 Leah Grove,Vincentborough,OH,36807,3,3.0,Y,Y,N,Y,131640.58,0.0,0.0,2026-06-29 19:53:58.123537+00:00
3840,Donald,Serrano,1972-05-10,54,2017-05-15,109,A,PREMIER,223,04040 Lewis Center,Port Cliffordside,NC,41411,2,2.0,Y,Y,N,N,38002.83,0.0,0.0,2026-06-29 19:53:58.123537+00:00
3857,Joseph,Johnson,1988-09-14,38,2020-03-04,75,A,PREMIER,288,84801 Fernandez Road Suite 490,Lake Michael,MS,19901,4,4.0,Y,Y,Y,Y,51228.31,5000.0,9.08,2026-06-29 19:53:58.123537+00:00
3863,Heidi,Schneider,1959-04-19,67,2024-02-14,28,A,WEALTH,210,9676 Medina Mountains,Bryantmouth,PW,56141,3,3.0,Y,Y,Y,N,112378.65,25000.0,73.08,2026-06-29 19:53:58.123537+00:00
3864,Laura,Johnson,1948-10-19,78,2025-09-01,9,A,STUDENT,106,91448 Brooks Pine,Wilsonhaven,WV,39475,1,1.0,Y,N,N,N,31693.27,0.0,0.0,2026-06-29 19:53:58.123537+00:00
3889,Joanne,Jackson,1966-01-12,60,2019-03-06,87,A,WEALTH,150,3353 Jason Green,Harringtontown,VT,71723,1,1.0,N,Y,N,N,45350.95,0.0,0.0,2026-06-29 19:53:58.123537+00:00
3893,Adrian,Torres,1951-02-01,75,2024-01-15,29,A,WEALTH,373,12384 Blackburn Ridge Apt. 137,Shannonbury,HI,35226,1,1.0,N,N,N,Y,2242.84,0.0,0.0,2026-06-29 19:53:58.123537+00:00
3897,Stephen,Buchanan,1976-03-29,50,2012-10-15,164,A,STUDENT,56,25324 Shannon Ford Suite 158,Michaelchester,ME,56182,2,2.0,N,Y,Y,N,72773.7,5000.0,22.55,2026-06-29 19:53:58.123537+00:00
3901,Elizabeth,Chavez,1975-09-21,51,2023-01-22,41,A,DIGITAL,207,001 Hernandez Way,North Robert,KS,06918,4,4.0,Y,Y,Y,Y,112988.67,25000.0,40.0,2026-06-29 19:53:58.123537+00:00
3922,Edward,Burnett,2002-10-17,24,2015-02-12,136,A,MASS,268,85304 William Parkway Suite 117,East Jamesborough,VI,77754,1,0.0,Y,N,N,N,41797.01,0.0,0.0,2026-06-29 19:53:58.123537+00:00
3931,Sandra,Brewer,1960-02-16,66,2015-12-31,126,I,MASS,49,29457 Mendez Canyon,Morganland,VA,51655,4,4.0,Y,Y,Y,Y,67362.77,2000.0,20.78,2026-06-29 19:53:58.123537+00:00
3935,Kimberly,Blair,1951-06-28,75,2020-02-07,76,A,MASS,421,60002 Mitchell Junctions,Goldenview,VI,54393,2,2.0,N,Y,N,Y,49466.56,0.0,0.0,2026-06-29 19:53:58.123537+00:00
3938,Adam,Perry,1982-07-02,44,2014-06-02,144,A,PREMIER,304,322 Henry Stream Suite 757,Quinnfurt,SC,01348,4,3.0,Y,Y,Y,Y,149928.03,2000.0,60.78,2026-06-29 19:53:58.123537+00:00
3944,David,White,1949-01-16,77,2017-07-01,107,A,DIGITAL,87,5847 Joel Loaf Apt. 391,West Mikefurt,IL,01642,3,3.0,Y,Y,N,Y,108626.49,0.0,0.0,2026-06-29 19:53:58.123537+00:00
3951,Kristine,Vega,1948-03-22,78,2015-09-25,129,A,STUDENT,202,23216 Ryan Overpass,Powellshire,TX,07410,4,4.0,Y,Y,Y,Y,87346.52,25000.0,0.45,2026-06-29 19:53:58.123537+00:00
3963,Michael,Martin,2003-10-24,23,2017-10-16,104,A,DIGITAL,227,4625 Myers Garden,East Edward,ND,02148,3,3.0,Y,N,Y,Y,29197.5,10000.0,42.58,2026-06-29 19:53:58.123537+00:00
3977,Anthony,Pruitt,1975-12-10,51,2012-01-26,173,A,MASS,50,206 Melissa Walk,Leonburgh,IN,30224,4,4.0,Y,Y,Y,Y,123808.74,10000.0,10.46,2026-06-29 19:53:58.123537+00:00
4002,Lindsey,Evans,1982-05-25,44,2018-12-23,90,A,SMALL_BIZ,226,1293 Davis Keys,Melissaport,AR,42510,4,4.0,Y,Y,Y,Y,109438.86,15000.0,88.25,2026-06-29 19:53:58.123537+00:00
4010,Brooke,Aguilar,2006-04-13,20,2021-06-25,60,A,STUDENT,425,67627 Bell Lakes,Carolburgh,PR,33410,2,2.0,N,Y,Y,N,20300.37,10000.0,62.35,2026-06-29 19:53:58.123537+00:00
4012,Frederick,Jordan,1989-02-27,37,2025-01-30,17,A,MASS,112,40380 Allen Stravenue Apt. 695,North David,NC,94643,2,2.0,Y,Y,N,N,14704.91,0.0,0.0,2026-06-29 19:53:58.123537+00:00
4013,Anthony,Mcdonald,2007-09-09,19,2021-05-05,61,A,PREMIER,473,89096 Terry Neck Suite 363,Maldonadoberg,MA,89939,4,4.0,Y,Y,Y,Y,71833.62,15000.0,53.45,2026-06-29 19:53:58.123537+00:00
4017,Sherry,Lloyd,2003-11-10,23,2025-06-18,12,I,MASS,360,564 Mary Fort,New Jon,VA,18040,2,2.0,Y,Y,N,N,131719.92,0.0,0.0,2026-06-29 19:53:58.123537+00:00
4028,Clayton,Kirby,1973-04-08,53,2018-07-20,95,A,PREMIER,216,8999 Collins Branch Apt. 703,Hilltown,DE,92709,4,4.0,Y,Y,Y,Y,95438.71,5000.0,40.71,2026-06-29 19:53:58.123537+00:00
4035,Jonathan,Tyler,1965-04-02,61,2022-02-18,52,A,MASS,235,303 Julie Pike,West Harry,RI,49918,2,1.0,N,Y,Y,N,96748.42,25000.0,82.24,2026-06-29 19:53:58.123537+00:00
4040,Danielle,White,1999-01-16,27,2021-04-25,62,A,DIGITAL,351,908 Carter Creek Apt. 613,Michaelton,IL,10112,3,3.0,N,Y,Y,Y,128248.44,5000.0,0.32,2026-06-29 19:53:58.123537+00:00
4045,Tina,Kelly,1948-05-04,78,2013-08-12,154,A,WEALTH,66,5108 Donald Oval,Loriberg,HI,21103,3,3.0,N,Y,Y,Y,58251.64,5000.0,34.57,2026-06-29 19:53:58.123537+00:00
4076,Chad,Miller,1988-01-15,38,2016-09-24,117,A,PREMIER,63,66357 Albert Run,Joshuashire,KS,01064,1,1.0,N,N,Y,N,13691.57,15000.0,91.28,2026-06-29 19:53:58.123537+00:00
4081,Denise,Turner,1944-10-13,82,2020-05-09,73,A,WEALTH,167,699 Melody Spring,South Andrea,MD,50749,4,4.0,Y,Y,Y,Y,87602.53,25000.0,62.84,2026-06-29 19:53:58.123537+00:00
4082,Betty,White,1950-08-06,76,2019-05-27,85,A,STUDENT,58,835 Emily Skyway,Michaeltown,IL,89050,2,1.0,N,N,Y,Y,8890.48,5000.0,21.16,2026-06-29 19:53:58.123537+00:00
4094,Ethan,Lopez,1988-01-16,38,2021-07-25,59,I,SMALL_BIZ,132,6270 Michelle Locks Apt. 672,East Amanda,GU,42744,1,1.0,N,N,Y,N,1575.26,25000.0,6.3,2026-06-29 19:53:58.123537+00:00
4101,Alexis,Wells,1992-06-11,34,2026-02-06,4,A,STUDENT,205,3921 Joseph Flat,West Nataliehaven,NJ,53580,4,3.0,Y,Y,Y,Y,172733.76,10000.0,13.13,2026-06-29 19:53:58.123537+00:00
4118,Tiffany,Fleming,1982-09-06,44,2022-06-24,48,A,WEALTH,346,096 Jerry Port Suite 875,Copelandberg,IA,47467,3,2.0,Y,N,Y,Y,36020.03,10000.0,74.63,2026-06-29 19:53:58.123537+00:00
4127,Duane,Hanson,1989-09-04,37,2018-12-30,90,A,SMALL_BIZ,206,452 Stacey Hill Suite 672,Harrisberg,AS,52770,2,1.0,Y,N,Y,N,20822.94,15000.0,11.22,2026-06-29 19:53:58.123537+00:00
4136,Lauren,Caldwell,1987-06-20,39,2022-10-06,44,A,SMALL_BIZ,89,684 Mark Shore,West Jessica,CO,43703,4,4.0,Y,Y,Y,Y,17701.27,10000.0,24.47,2026-06-29 19:53:58.123537+00:00
4138,Morgan,Moss,1975-02-23,51,2021-05-09,61,A,WEALTH,211,171 Moody Forges Suite 052,New Kelsey,MD,53538,4,4.0,Y,Y,Y,Y,99370.86,25000.0,94.94,2026-06-29 19:53:58.123537+00:00
4142,Joshua,Cole,1950-05-23,76,2018-08-22,94,A,DIGITAL,292,87990 Heather Orchard,Yuville,OK,79011,1,1.0,N,N,N,Y,34833.18,0.0,0.0,2026-06-29 19:53:58.123537+00:00
4149,Tonya,Holmes,2004-09-19,22,2019-12-11,78,A,PREMIER,106,786 Lauren Trail Apt. 091,West Randy,GA,69814,3,3.0,N,Y,Y,Y,140166.4,5000.0,54.45,2026-06-29 19:53:58.123537+00:00
4150,Belinda,Glass,1975-12-22,51,2012-03-24,171,A,WEALTH,126,777 Carol Plaza Apt. 020,Davisside,WV,19186,2,2.0,N,Y,Y,N,76066.22,25000.0,71.19,2026-06-29 19:53:58.123537+00:00
4154,Emily,Grant,1975-07-10,51,2020-11-28,67,A,PREMIER,384,872 David Land Suite 379,New Benjaminshire,MT,16756,3,3.0,Y,N,Y,Y,81409.79,2000.0,2.87,2026-06-29 19:53:58.123537+00:00
4156,Nathan,Robles,1947-02-04,79,2015-11-25,127,A,WEALTH,491,8917 Richard Islands Suite 383,Gwendolynside,IL,73402,2,2.0,Y,Y,N,N,125723.94,0.0,0.0,2026-06-29 19:53:58.123537+00:00
4158,Danielle,Miller,2003-09-14,23,2021-03-09,63,I,SMALL_BIZ,13,57965 Jill Brook Suite 813,New Timothy,NM,93174,1,1.0,N,N,Y,N,159.44,2000.0,7.97,2026-06-29 19:53:58.123537+00:00
4166,Teresa,Barnett,1987-08-28,39,2017-12-29,102,A,WEALTH,108,44247 Michael Rapid,South Claire,AS,87438,3,3.0,N,Y,Y,Y,131359.87,15000.0,64.14,2026-06-29 19:53:58.123537+00:00
4188,Colin,Chambers,1981-10-31,45,2023-03-10,39,A,WEALTH,90,8749 Mata Springs Apt. 540,Trevorborough,NJ,40165,2,2.0,Y,N,Y,N,43463.59,2000.0,79.52,2026-06-29 19:53:58.123537+00:00
4190,Ryan,Thompson,1981-03-03,45,2025-07-06,11,A,DIGITAL,159,77137 George Ville,North Isabellabury,ME,21862,2,2.0,Y,Y,N,N,111884.46,0.0,0.0,2026-06-29 19:53:58.123537+00:00
4211,Laura,Brown,1956-09-23,70,2023-09-05,33,A,PREMIER,244,4320 Harrison Fields,Michaelmouth,NH,26980,4,3.0,Y,Y,Y,Y,129084.43,10000.0,16.89,2026-06-29 19:53:58.123537+00:00
4215,Anna,Murphy,1975-04-09,51,2023-03-16,39,A,STUDENT,413,595 Branch Rapid Suite 084,New Christopherfort,AL,89486,4,4.0,Y,Y,Y,Y,212680.69,15000.0,85.08,2026-06-29 19:53:58.123537+00:00
4219,Jessica,Chung,1992-10-23,34,2017-08-28,106,A,MASS,488,2125 Sheila Mountain,North Jeffreyside,AZ,05915,4,1.0,Y,Y,Y,Y,96568.15,15000.0,21.91,2026-06-29 19:53:58.123537+00:00
4233,Sean,Hill,1963-11-14,63,2018-02-19,100,A,MASS,81,7337 Reynolds Orchard,Jacquelinemouth,NE,60554,1,1.0,N,Y,N,N,51737.65,0.0,0.0,2026-06-29 19:53:58.123537+00:00
4235,Jamie,White,1965-11-22,61,2017-05-31,109,A,MASS,490,146 Garner Fall Apt. 218,Lake Kathrynside,MA,86105,3,3.0,Y,Y,N,Y,77852.1,0.0,0.0,2026-06-29 19:53:58.123537+00:00
4238,Carol,Preston,1990-06-10,36,2021-06-05,60,A,MASS,190,52646 Wilson Road,Andrewburgh,WA,27822,4,4.0,Y,Y,Y,Y,132786.04,5000.0,21.47,2026-06-29 19:53:58.123537+00:00
4239,Craig,Maxwell,1948-03-04,78,2012-09-25,165,A,MASS,373,50442 Nielsen Drive Apt. 760,North Audrey,PW,14722,2,2.0,Y,N,Y,N,34852.45,5000.0,42.04,2026-06-29 19:53:58.123537+00:00
4243,Jesus,Roth,1989-07-14,37,2017-01-09,113,A,SMALL_BIZ,413,26933 Michael Highway,South Justinhaven,KY,67356,2,2.0,Y,N,Y,N,55504.78,2000.0,3.16,2026-06-29 19:53:58.123537+00:00
4251,Justin,Blanchard,1982-11-15,44,2011-12-20,174,A,DIGITAL,167,85325 Jaime Port,Kevintown,CT,07180,1,0.0,N,N,Y,N,1747.02,2000.0,87.35,2026-06-29 19:53:58.123537+00:00
4290,Angel,Larson,1972-06-10,54,2018-05-27,97,A,STUDENT,474,747 Rodney Highway,West Thomasstad,NY,07847,1,1.0,N,N,N,Y,3782.39,0.0,0.0,2026-06-29 19:53:58.123537+00:00
4297,Nathan,Pierce,1975-03-15,51,2014-08-24,142,A,MASS,120,22330 Hammond Harbor Suite 214,Kristychester,MP,97255,4,4.0,Y,Y,Y,Y,111072.22,15000.0,72.44,2026-06-29 19:53:58.123537+00:00
4299,Jane,Davis,1987-09-27,39,2018-07-05,95,A,WEALTH,14,0946 Charles Mountain,Andersonfort,MS,49437,3,2.0,N,Y,Y,Y,62928.15,10000.0,0.04,2026-06-29 19:53:58.123537+00:00
4300,Brent,Riddle,1978-09-29,48,2012-02-26,172,A,WEALTH,26,243 Stephanie Drives,East Eric,CT,41082,4,4.0,Y,Y,Y,Y,115167.15,25000.0,54.35,2026-06-29 19:53:58.123537+00:00
4305,Willie,Jackson,1945-01-26,81,2012-12-02,162,I,PREMIER,482,093 Mccall Loaf,Watersmouth,NY,49861,1,1.0,N,N,N,Y,14198.73,0.0,0.0,2026-06-29 19:53:58.123537+00:00
4307,Colleen,Roberson,1982-09-12,44,2019-07-01,83,A,DIGITAL,47,4887 Cisneros Alley Apt. 364,North Nicholasville,MT,18108,1,1.0,N,N,N,Y,38207.74,0.0,0.0,2026-06-29 19:53:58.123537+00:00
4324,Michelle,Moore,1966-10-28,60,2020-07-24,71,A,PREMIER,255,35018 Sherry Manors Apt. 505,West Stephen,UT,56372,3,3.0,Y,Y,Y,N,116746.05,25000.0,71.82,2026-06-29 19:53:58.123537+00:00
4346,Matthew,Allen,1959-02-27,67,2014-06-28,144,A,STUDENT,296,51187 Stephanie Landing Apt. 183,Morriston,AL,64012,2,2.0,Y,N,Y,N,32637.51,25000.0,74.61,2026-06-29 19:53:58.123537+00:00
4348,Michael,Brown,2006-10-03,20,2014-04-11,146,A,STUDENT,378,789 Meyer Mission,Barbarafort,AK,40014,3,3.0,N,Y,Y,Y,127305.3,10000.0,72.17,2026-06-29 19:53:58.123537+00:00
4375,Sarah,Campbell,1978-04-10,48,2012-11-13,163,A,SMALL_BIZ,78,1097 Nicholson Spring Apt. 919,East Roger,WV,36534,1,1.0,N,N,Y,N,95.04,5000.0,1.9,2026-06-29 19:53:58.123537+00:00
4380,Anthony,Rice,1984-11-29,42,2023-08-30,34,A,PREMIER,129,6302 David Garden Suite 717,New Ryan,RI,82819,3,3.0,Y,N,Y,Y,59977.67,15000.0,19.97,2026-06-29 19:53:58.123537+00:00
4396,Jennifer,Burch,1994-01-09,32,2016-08-15,118,I,MASS,487,1541 Debra Keys Apt. 677,New Samantha,CO,89668,3,3.0,Y,N,Y,Y,121831.05,2000.0,79.34,2026-06-29 19:53:58.123537+00:00
4397,Donna,Lewis,1965-02-02,61,2024-10-25,20,A,MASS,58,623 Thompson Loop,Jacobsonview,MP,16326,1,1.0,Y,N,N,N,18592.74,0.0,0.0,2026-06-29 19:53:58.123537+00:00
4401,Marie,Casey,1987-12-15,39,2024-10-31,20,A,DIGITAL,446,174 Diana Tunnel,Michellebury,SC,75968,2,1.0,N,Y,N,Y,113069.21,0.0,0.0,2026-06-29 19:53:58.123537+00:00
4420,Penny,Tyler,2001-10-21,25,2015-02-07,136,A,SMALL_BIZ,465,273 Nathaniel Shoal Suite 633,Port Deborah,MO,08848,3,3.0,Y,N,Y,Y,48278.28,15000.0,58.13,2026-06-29 19:53:58.123537+00:00
4421,Carl,Holland,1973-07-27,53,2023-05-29,37,A,STUDENT,93,67160 Brandy Forge,Michaelborough,WV,99932,4,4.0,Y,Y,Y,Y,119458.07,2000.0,32.08,2026-06-29 19:53:58.123537+00:00
4431,Ashlee,Hull,1989-10-03,37,2012-07-25,167,A,SMALL_BIZ,413,90158 Mariah Cove Suite 393,Robertland,TN,71069,1,1.0,N,Y,N,N,24479.88,0.0,0.0,2026-06-29 19:53:58.123537+00:00
4437,Jessica,Davis,1985-03-05,41,2012-12-03,162,A,DIGITAL,492,974 Brown Heights Suite 265,East Brittanyborough,IL,90338,4,4.0,Y,Y,Y,Y,155143.49,5000.0,4.19,2026-06-29 19:53:58.123537+00:00
4438,Ashley,Walton,1962-02-03,64,2025-07-11,11,A,PREMIER,58,575 Dean Canyon Suite 440,Port Mark,AS,24485,3,2.0,Y,Y,N,Y,158217.81,0.0,0.0,2026-06-29 19:53:58.123537+00:00
4448,Stephanie,Powers,1963-07-10,63,2014-04-20,146,A,STUDENT,80,342 Davis Trail Suite 126,Allenmouth,NH,56760,4,4.0,Y,Y,Y,Y,51500.23,15000.0,49.55,2026-06-29 19:53:58.123537+00:00
4458,Michael,Hale,1943-09-15,83,2017-07-23,107,A,WEALTH,190,057 Schultz Branch,Comptonland,NM,21534,4,4.0,Y,Y,Y,Y,55392.76,10000.0,37.43,2026-06-29 19:53:58.123537+00:00
4465,Melissa,Mendez,1961-07-28,65,2026-03-22,3,A,WEALTH,138,5820 Kelly Brooks,Port Elizabethbury,GU,43488,4,3.0,Y,Y,Y,Y,150936.51,2000.0,33.37,2026-06-29 19:53:58.123537+00:00
4466,Anita,Hudson,2002-11-15,24,2020-10-01,68,A,WEALTH,317,1769 Davis Bridge Apt. 165,Jennifermouth,ID,37270,4,4.0,Y,Y,Y,Y,85136.93,2000.0,1.04,2026-06-29 19:53:58.123537+00:00
4474,Erica,Sandoval,1959-03-02,67,2019-05-03,85,A,WEALTH,111,12603 Suzanne Camp,Harrisside,VI,60330,3,3.0,Y,Y,Y,N,94857.88,25000.0,2.03,2026-06-29 19:53:58.123537+00:00
4486,Donald,Mclaughlin,1979-06-14,47,2023-10-08,32,A,PREMIER,485,52145 Brown Village Suite 896,New Courtney,IA,54119,1,1.0,N,N,Y,N,49.02,15000.0,0.33,2026-06-29 19:53:58.123537+00:00
4500,Lacey,Hinton,1997-03-07,29,2011-12-24,174,A,SMALL_BIZ,318,5054 Black Forge,Bradyborough,IL,80302,4,3.0,Y,Y,Y,Y,172289.45,15000.0,17.99,2026-06-29 19:53:58.123537+00:00
4521,Lisa,Robles,2004-11-27,22,2023-06-02,36,I,MASS,484,96073 Suzanne Knolls,South Ronaldstad,ID,23691,2,1.0,N,Y,N,Y,74158.32,0.0,0.0,2026-06-29 19:53:58.123537+00:00
4522,Shawn,Martin,2002-12-12,24,2011-09-26,177,A,WEALTH,223,171 Williams Flat,Charlenemouth,NV,61872,1,1.0,Y,N,N,N,44695.28,0.0,0.0,2026-06-29 19:53:58.123537+00:00
4557,Jesse,Lopez,1981-07-16,45,2016-03-18,123,A,MASS,275,100 Shawn Squares Apt. 160,Sherylstad,FM,45942,2,1.0,Y,N,N,Y,57469.66,0.0,0.0,2026-06-29 19:53:58.123537+00:00
4569,Diana,Wolf,1955-03-18,71,2013-01-31,161,A,PREMIER,292,65065 Samuel Points,Johnsonhaven,KS,42010,3,3.0,Y,N,Y,Y,107227.11,10000.0,14.99,2026-06-29 19:53:58.123537+00:00
4585,Caleb,Mitchell,1953-10-02,73,2016-01-19,125,A,STUDENT,280,93120 Lewis Forge,Laraside,AR,84389,2,2.0,N,Y,N,Y,22675.2,0.0,0.0,2026-06-29 19:53:58.123537+00:00
4589,Richard,Lynch,1971-05-29,55,2023-10-21,32,A,SMALL_BIZ,252,28815 Gregory Track,East Gerald,IA,39685,2,1.0,N,N,Y,Y,20265.98,2000.0,28.31,2026-06-29 19:53:58.123537+00:00
4592,Robert,Smith,1945-04-24,81,2024-07-18,23,A,DIGITAL,74,822 Michael Brook Suite 527,Fordville,NV,53539,1,1.0,N,N,Y,N,1249.68,2000.0,62.48,2026-06-29 19:53:58.123537+00:00
4602,Walter,Orozco,2001-02-01,25,2024-08-25,22,A,DIGITAL,371,345 Daniel Drive,Andersonbury,SD,63730,4,4.0,Y,Y,Y,Y,87095.73,10000.0,79.67,2026-06-29 19:53:58.123537+00:00
4604,William,Reid,1968-10-17,58,2022-08-20,46,A,STUDENT,100,838 Oneal Courts,Andreamouth,WV,23332,4,4.0,Y,Y,Y,Y,102708.53,25000.0,29.78,2026-06-29 19:53:58.123537+00:00
4608,Kylie,Harris,1954-03-19,72,2021-05-24,61,A,STUDENT,334,55474 Scott Bridge,Rileyton,MI,74233,4,4.0,Y,Y,Y,Y,111816.69,2000.0,25.11,2026-06-29 19:53:58.123537+00:00
4614,Mitchell,Perkins,1969-10-18,57,2020-11-16,67,A,MASS,382,798 Whitaker Inlet Apt. 465,Mitchellchester,WI,06661,2,2.0,Y,N,N,Y,130156.73,0.0,0.0,2026-06-29 19:53:58.123537+00:00
4621,Peter,Richardson,1996-07-22,30,2013-09-27,153,I,PREMIER,170,4213 Olson Neck Apt. 183,Sandersfurt,GU,51010,4,3.0,Y,Y,Y,Y,90946.12,25000.0,22.55,2026-06-29 19:53:58.123537+00:00
4633,Laurie,Boone,1975-08-07,51,2023-06-20,36,A,WEALTH,243,6696 Ramos Lodge,Autumnshire,CO,85500,1,1.0,Y,N,N,N,46052.04,0.0,0.0,2026-06-29 19:53:58.123537+00:00
4637,Leslie,Sparks,1977-04-01,49,2015-06-13,132,A,SMALL_BIZ,291,66995 Valencia Road,Candiceshire,NV,04853,1,1.0,N,N,Y,N,1613.8,2000.0,80.69,2026-06-29 19:53:58.123537+00:00
4642,Johnny,Meyer,1953-06-29,73,2019-06-20,84,A,MASS,365,6302 Johnson Knoll Suite 619,Christianland,ME,62303,1,1.0,N,N,Y,N,13602.33,15000.0,90.68,2026-06-29 19:53:58.123537+00:00
4647,Joel,Hernandez,1964-10-12,62,2026-03-05,3,A,WEALTH,164,501 Lindsay Islands,West Thomas,CA,35249,1,1.0,Y,N,N,N,26004.71,0.0,0.0,2026-06-29 19:53:58.123537+00:00
4655,David,Kennedy,1989-10-18,37,2011-10-13,176,A,WEALTH,19,66738 David Lakes,North Mitchell,MD,19538,1,1.0,N,N,Y,N,3100.3,15000.0,20.67,2026-06-29 19:53:58.123537+00:00
4670,Tara,Roberts,1941-11-25,85,2023-11-18,31,A,STUDENT,63,2782 Deleon Rue Apt. 807,Dominguezstad,IA,52799,4,4.0,Y,Y,Y,Y,119753.61,15000.0,65.19,2026-06-29 19:53:58.123537+00:00
4675,Eric,Barton,1983-12-03,43,2018-05-27,97,A,WEALTH,165,9135 Cynthia Hill,Paulport,DE,84055,2,2.0,Y,N,N,Y,124661.9,0.0,0.0,2026-06-29 19:53:58.123537+00:00
4684,Allison,Paul,1950-12-12,76,2018-01-11,101,A,DIGITAL,203,5784 Johnson Walk Suite 402,Lake Kaylafurt,NC,44478,2,2.0,N,N,Y,Y,44759.52,5000.0,33.29,2026-06-29 19:53:58.123537+00:00
4686,Linda,Duncan,1965-05-15,61,2015-12-21,126,A,DIGITAL,219,60365 Henderson Square Apt. 637,Gutierrezfort,WI,25447,3,3.0,N,Y,Y,Y,62704.06,15000.0,45.12,2026-06-29 19:53:58.123537+00:00
4691,Benjamin,Wells,2007-03-06,19,2017-11-11,103,A,SMALL_BIZ,31,851 Bell Mall,New Rebecca,MS,04863,3,3.0,N,Y,Y,Y,27054.74,15000.0,15.78,2026-06-29 19:53:58.123537+00:00
4694,Leslie,Brown,1996-11-29,30,2017-12-23,102,A,MASS,302,12565 Mays Hills Suite 117,New Mary,AS,85949,4,4.0,Y,Y,Y,Y,195986.71,10000.0,97.16,2026-06-29 19:53:58.123537+00:00
4695,Kevin,Murphy,1953-08-27,73,2018-02-17,100,A,SMALL_BIZ,349,8050 Hardy Junctions Suite 071,South Terri,GA,22984,2,2.0,N,N,Y,Y,14822.02,15000.0,55.56,2026-06-29 19:53:58.123537+00:00
4699,Jill,Ramos,1999-09-27,27,2018-11-24,91,A,MASS,280,346 Krystal Shoals Suite 344,Lake Christyfurt,NJ,91030,3,3.0,Y,N,Y,Y,23440.11,2000.0,78.88,2026-06-29 19:53:58.123537+00:00
4716,Lori,Evans,1998-02-25,28,2024-01-01,29,A,SMALL_BIZ,31,02181 Scott Passage Suite 249,Hensonland,WV,73063,4,3.0,Y,Y,Y,Y,96023.33,5000.0,41.63,2026-06-29 19:53:58.123537+00:00
4724,Valerie,Vasquez,1946-12-24,80,2015-02-27,136,A,MASS,372,87310 Michaela Loop Apt. 869,Kennedyberg,WA,01356,1,1.0,N,N,N,Y,48561.61,0.0,0.0,2026-06-29 19:53:58.123537+00:00
4739,Natasha,Evans,1944-05-09,82,2016-05-18,121,A,PREMIER,243,6740 Cole Cliffs Apt. 107,South Sonia,GA,95770,3,3.0,N,Y,Y,Y,66494.04,2000.0,6.02,2026-06-29 19:53:58.123537+00:00
4757,Samantha,Ortiz,1977-05-13,49,2023-09-12,33,A,MASS,490,8400 Brandon Ramp,West Kendra,OR,30317,1,1.0,N,Y,N,N,65672.17,0.0,0.0,2026-06-29 19:53:58.123537+00:00
4772,Kristina,Todd,2005-10-19,21,2026-03-09,3,A,STUDENT,422,813 Alvarez Lights,Michaelhaven,TN,40856,4,2.0,Y,Y,Y,Y,155572.61,2000.0,52.58,2026-06-29 19:53:58.123537+00:00
4784,Adrian,Chang,1965-05-08,61,2018-05-19,97,A,STUDENT,252,9792 Dominguez Mall Apt. 192,Johnton,NE,80980,2,2.0,Y,N,N,Y,90514.15,0.0,0.0,2026-06-29 19:53:58.123537+00:00
4795,Brett,Lee,1948-09-19,78,2023-11-07,31,A,PREMIER,199,9708 Brittany Shores,New Davidborough,VA,37689,2,2.0,N,Y,Y,N,60651.67,15000.0,4.57,2026-06-29 19:53:58.123537+00:00
4802,Cody,Sanchez,1982-01-07,44,2011-12-09,174,A,DIGITAL,256,73789 Andrews Parkway,Janiceside,HI,15004,1,1.0,Y,N,N,N,62512.0,0.0,0.0,2026-06-29 19:53:58.123537+00:00
4805,Ethan,Rodriguez,1943-10-23,83,2018-03-24,99,I,WEALTH,288,41189 Michelle Forge Suite 157,Port Jasminetown,MO,97758,2,2.0,Y,Y,N,N,54018.53,0.0,0.0,2026-06-29 19:53:58.123537+00:00
4815,Karina,Thomas,1955-11-16,71,2020-04-04,74,A,MASS,73,863 Jason Valleys,Daniellefort,TN,40794,2,2.0,N,N,Y,Y,25967.82,5000.0,97.83,2026-06-29 19:53:58.123537+00:00
4818,Jared,White,1953-07-27,73,2020-09-11,69,A,PREMIER,372,8723 Andrea Corners,Harrismouth,KS,36432,2,2.0,Y,Y,N,N,81066.12,0.0,0.0,2026-06-29 19:53:58.123537+00:00
4827,Ronnie,Koch,1969-03-15,57,2018-08-20,94,A,DIGITAL,411,349 Hensley Plains Apt. 521,Longtown,GU,85203,4,3.0,Y,Y,Y,Y,114437.41,2000.0,84.75,2026-06-29 19:53:58.123537+00:00
4830,Kara,Gonzales,1972-01-21,54,2011-11-04,175,A,STUDENT,428,809 Michelle Loop,North Marchaven,NE,23093,3,3.0,N,Y,Y,Y,112792.24,25000.0,87.5,2026-06-29 19:53:58.123537+00:00
4839,Jennifer,Smith,1959-11-14,67,2014-04-15,146,A,DIGITAL,417,6902 Garcia Throughway,North Kathleenmouth,VT,28701,4,3.0,Y,Y,Y,Y,75443.55,10000.0,13.96,2026-06-29 19:53:58.123537+00:00
4852,Stephanie,Bender,1961-08-09,65,2026-03-31,3,A,PREMIER,167,353 Laura Parks,Davidfurt,IA,51039,1,0.0,N,Y,N,N,65987.64,0.0,0.0,2026-06-29 19:53:58.123537+00:00
4854,Sandra,Cabrera,1957-11-26,69,2012-03-31,171,A,SMALL_BIZ,420,77104 Brian Well Suite 333,Jamesfurt,CA,30946,3,2.0,N,Y,Y,Y,92716.91,2000.0,18.3,2026-06-29 19:53:58.123537+00:00
4858,Mike,Green,1985-11-08,41,2019-10-10,80,I,SMALL_BIZ,459,51401 Anthony Alley,Sandramouth,HI,59454,2,1.0,Y,N,N,Y,14446.28,0.0,0.0,2026-06-29 19:53:58.123537+00:00
4863,Brandi,Padilla,1982-03-05,44,2015-03-24,135,A,DIGITAL,13,53303 Henderson Rapids,Lake Elizabeth,MI,40033,2,1.0,Y,Y,N,N,44817.26,0.0,0.0,2026-06-29 19:53:58.123537+00:00
4864,Eddie,Brown,1999-04-30,27,2017-12-07,102,A,MASS,62,821 Mckenzie Ford,Jacobfort,FL,02675,4,3.0,Y,Y,Y,Y,134812.62,15000.0,39.85,2026-06-29 19:53:58.123537+00:00
4873,Erik,Davis,1942-08-28,84,2015-11-20,127,A,MASS,180,9747 King River,Baileyburgh,PA,70286,2,2.0,Y,N,N,Y,60691.86,0.0,0.0,2026-06-29 19:53:58.123537+00:00
4892,Robert,Jackson,1969-10-03,57,2018-10-26,92,A,PREMIER,102,5249 Sarah Avenue Apt. 396,East Dustin,MN,07139,3,2.0,Y,Y,Y,N,67925.1,15000.0,83.32,2026-06-29 19:53:58.123537+00:00
4894,Phillip,Hatfield,1972-03-26,54,2025-09-14,9,A,WEALTH,23,786 Robert Trail,South Louis,TN,95704,1,1.0,N,N,N,Y,4589.16,0.0,0.0,2026-06-29 19:53:58.123537+00:00
4900,Belinda,Fowler,1997-02-02,29,2021-05-16,61,I,PREMIER,363,0630 Teresa Manors Suite 638,Kellychester,RI,20395,1,1.0,Y,N,N,N,42959.93,0.0,0.0,2026-06-29 19:53:58.123537+00:00
4903,Michelle,Cain,1951-03-31,75,2015-01-01,137,A,STUDENT,360,48371 Stephenson Glen,Port Scotthaven,AL,24196,1,1.0,N,N,Y,N,544.64,15000.0,3.63,2026-06-29 19:53:58.123537+00:00
4915,Andrew,Bradford,1968-08-20,58,2024-05-30,25,A,PREMIER,269,9032 Lori Ville,North Stephen,PW,93719,4,4.0,Y,Y,Y,Y,85655.16,2000.0,0.91,2026-06-29 19:53:58.123537+00:00
4918,Michelle,Wilson,1995-03-27,31,2014-04-10,146,A,DIGITAL,97,443 Jennifer Mountains,North Erinview,ND,07012,2,2.0,N,N,Y,Y,15884.72,10000.0,39.65,2026-06-29 19:53:58.123537+00:00
4923,Cindy,Gaines,1971-06-03,55,2023-11-05,31,A,WEALTH,263,85219 Blake Ports Apt. 687,Rebeccaburgh,LA,42972,2,2.0,Y,N,Y,N,58908.95,2000.0,13.64,2026-06-29 19:53:58.123537+00:00
4936,Kathleen,Espinoza,1950-09-17,76,2018-06-22,96,A,STUDENT,44,05104 Shelton Fall,Juanside,GU,12772,2,2.0,Y,N,N,Y,53584.71,0.0,0.0,2026-06-29 19:53:58.123537+00:00
4938,Christina,Daugherty,1987-09-27,39,2013-02-23,160,A,WEALTH,144,8111 Hill Turnpike Suite 267,North Kellytown,PW,88094,1,1.0,N,Y,N,N,1620.66,0.0,0.0,2026-06-29 19:53:58.123537+00:00
4946,Dennis,Walter,1961-02-17,65,2023-05-27,37,I,MASS,475,3243 Watson Alley Apt. 095,Onealside,OK,09621,3,3.0,Y,Y,N,Y,97042.48,0.0,0.0,2026-06-29 19:53:58.123537+00:00
4947,Madison,Myers,2006-01-29,20,2013-11-29,151,A,STUDENT,98,078 Belinda Springs,Beckerfort,DC,05993,2,2.0,N,Y,N,Y,34485.1,0.0,0.0,2026-06-29 19:53:58.123537+00:00
4955,Michael,Krause,2003-08-25,23,2014-09-26,141,A,DIGITAL,61,739 Cuevas Run Apt. 002,Laneland,NE,15612,2,2.0,Y,N,Y,N,49394.43,15000.0,90.1,2026-06-29 19:53:58.123537+00:00
4986,Zachary,Evans,2001-05-09,25,2014-04-07,146,A,SMALL_BIZ,158,042 Jeremy Summit Apt. 723,New Jamesview,MN,54619,3,2.0,Y,Y,N,Y,87538.44,0.0,0.0,2026-06-29 19:53:58.123537+00:00
4987,John,Smith,1944-07-21,82,2017-09-15,105,A,WEALTH,110,60114 Charles Street Apt. 303,East Melindafort,ID,40707,4,4.0,Y,Y,Y,Y,100709.53,2000.0,57.96,2026-06-29 19:53:58.123537+00:00
4990,Richard,Butler,1990-03-05,36,2025-11-30,7,A,STUDENT,385,326 Lee Views,West Daniel,TN,03596,4,4.0,Y,Y,Y,Y,134935.48,2000.0,98.36,2026-06-29 19:53:58.123537+00:00
6,Matthew,Moore,1995-06-25,31,2021-11-27,55,A,STUDENT,14,484 Christopher Port Apt. 225,Lake Josephstad,NJ,77554,2,2.0,N,N,Y,Y,16143.97,15000.0,94.2,2026-06-29 19:53:58.123537+00:00
10,Michelle,Ray,1997-01-22,29,2020-09-19,69,A,MASS,143,90878 Donna Shoals Suite 767,North Stephaniemouth,NY,20925,1,1.0,N,N,N,Y,8962.0,0.0,0.0,2026-06-29 19:53:58.123537+00:00
15,Frank,Gray,1952-12-15,74,2022-05-15,49,A,STUDENT,151,887 Joseph Glen Suite 039,Christopherchester,RI,93205,3,3.0,Y,Y,Y,N,69730.06,10000.0,48.72,2026-06-29 19:53:58.123537+00:00
18,Jason,Hahn,1962-08-17,64,2015-06-26,132,A,PREMIER,438,27023 Andrea Meadow,Lopezville,HI,82083,1,0.0,N,N,Y,N,8210.94,10000.0,82.11,2026-06-29 19:53:58.123537+00:00
31,Kimberly,Moreno,1992-07-30,34,2019-07-16,83,A,DIGITAL,127,92176 Rivera Orchard Suite 022,New Adam,VT,46377,2,1.0,Y,N,N,Y,96470.62,0.0,0.0,2026-06-29 19:53:58.123537+00:00
36,Joseph,Brennan,1973-05-02,53,2019-09-10,81,A,SMALL_BIZ,82,99872 Alexander Ford Suite 399,Brooksshire,AS,16000,4,4.0,Y,Y,Y,Y,105693.13,5000.0,10.77,2026-06-29 19:53:58.123537+00:00
38,Wanda,Santos,1954-12-20,72,2016-02-21,124,A,STUDENT,240,961 Nicholas Way Suite 374,Port Dylanland,NC,64868,4,4.0,Y,Y,Y,Y,149985.63,15000.0,65.84,2026-06-29 19:53:58.123537+00:00
45,Rodney,Owens,1947-12-26,79,2017-12-02,102,A,PREMIER,446,54760 Murphy Common Apt. 101,Davidburgh,TN,18428,2,2.0,N,N,Y,Y,43888.61,5000.0,1.42,2026-06-29 19:53:58.123537+00:00
55,Eric,Phillips,1978-09-23,48,2022-03-17,51,A,MASS,271,02358 Shawn Trafficway Apt. 258,New Joseph,WI,73814,3,3.0,Y,Y,Y,N,24724.01,10000.0,86.2,2026-06-29 19:53:58.123537+00:00
63,Leslie,Walton,1986-06-29,40,2015-12-19,126,I,PREMIER,464,9017 Harris Coves Apt. 986,South Wendy,SD,02726,1,1.0,Y,N,N,N,71257.89,0.0,0.0,2026-06-29 19:53:58.123537+00:00
65,Joseph,Mahoney,1946-05-26,80,2014-09-02,141,A,SMALL_BIZ,249,5694 Katie Pike Suite 104,Port Territon,IL,98083,1,1.0,N,N,N,Y,13886.65,0.0,0.0,2026-06-29 19:53:58.123537+00:00
66,Mike,Moore,2000-07-04,26,2024-08-10,22,A,DIGITAL,371,1188 Alexander Gardens Apt. 695,Levyland,OH,44389,2,1.0,Y,N,N,Y,104673.47,0.0,0.0,2026-06-29 19:53:58.123537+00:00
76,Mary,Aguilar,2002-01-20,24,2019-08-18,82,A,PREMIER,334,360 Nichols Mill Apt. 020,Lake Jennifer,OH,72476,1,1.0,N,N,Y,N,1417.23,5000.0,28.34,2026-06-29 19:53:58.123537+00:00
80,Eric,Spears,1968-09-19,58,2020-09-30,69,A,DIGITAL,195,3129 Roberto Manor,West Joseph,NM,67136,3,3.0,Y,N,Y,Y,127709.89,25000.0,85.59,2026-06-29 19:53:58.123537+00:00
86,Andrew,Lee,1994-10-11,32,2014-11-20,139,A,PREMIER,300,3293 Thornton Falls,Goodwinbury,NY,22369,4,4.0,Y,Y,Y,Y,142930.7,5000.0,37.09,2026-06-29 19:53:58.123537+00:00
97,David,Fisher,1968-06-14,58,2015-11-26,127,A,PREMIER,235,7986 Ramos Meadow,Penaland,ID,19868,2,2.0,Y,Y,N,N,67214.43,0.0,0.0,2026-06-29 19:53:58.123537+00:00
105,Melissa,Jones,1957-11-23,69,2018-07-31,95,I,PREMIER,456,50732 Brady Rapid Apt. 394,North John,UT,98857,1,1.0,Y,N,N,N,57397.65,0.0,0.0,2026-06-29 19:53:58.123537+00:00
115,Courtney,Hill,1992-10-19,34,2019-04-08,86,A,WEALTH,66,5872 Robert Inlet,North Antonioside,PR,43992,1,1.0,N,N,N,Y,16800.17,0.0,0.0,2026-06-29 19:53:58.123537+00:00
116,Joseph,Flores,1946-09-07,80,2015-10-02,128,I,MASS,461,249 Claudia Lodge Apt. 841,Ericaside,WI,44375,2,2.0,N,N,Y,Y,57125.93,25000.0,64.52,2026-06-29 19:53:58.123537+00:00
136,Daniel,Johnson,1996-05-20,30,2025-11-18,7,A,STUDENT,98,1645 Allison Divide Suite 322,North Thomas,FL,36049,3,2.0,Y,Y,Y,N,94017.99,25000.0,18.34,2026-06-29 19:53:58.123537+00:00
144,Joseph,Morton,1990-08-27,36,2025-11-22,7,A,DIGITAL,216,88521 Shari Haven,Ryanton,IN,93689,3,2.0,Y,Y,Y,N,42878.15,10000.0,65.02,2026-06-29 19:53:58.123537+00:00
161,Heidi,Martinez,2006-10-07,20,2019-09-30,81,A,WEALTH,26,8841 Porter Corner,Lake Cathy,CA,69484,3,3.0,Y,Y,Y,N,151217.5,5000.0,86.46,2026-06-29 19:53:58.123537+00:00
163,Jack,Williams,1972-12-09,54,2018-01-23,101,A,SMALL_BIZ,272,53596 Washington Estate Suite 847,Robertstad,MD,04934,4,4.0,Y,Y,Y,Y,162121.66,5000.0,10.23,2026-06-29 19:53:58.123537+00:00
166,Victoria,Wilson,1979-03-15,47,2016-01-09,125,I,DIGITAL,381,45052 Caroline Branch Suite 047,Port Robert,RI,63179,4,2.0,Y,Y,Y,Y,109322.59,5000.0,86.01,2026-06-29 19:53:58.123537+00:00
169,Christine,Lynch,2007-10-28,19,2016-01-18,125,A,MASS,226,23848 Wallace Lights,Port Mercedesland,OH,99585,4,4.0,Y,Y,Y,Y,102952.78,10000.0,78.33,2026-06-29 19:53:58.123537+00:00
173,Jacqueline,Gibson,1956-12-31,69,2022-01-14,53,A,SMALL_BIZ,110,5278 Michael Lights,North Marvin,ME,88412,1,1.0,Y,N,N,N,57412.4,0.0,0.0,2026-06-29 19:53:58.123537+00:00
178,Haley,Lyons,1960-10-29,66,2013-05-06,157,A,MASS,153,583 Ricky Green,Port Ronald,WV,68119,4,4.0,Y,Y,Y,Y,89014.99,10000.0,18.57,2026-06-29 19:53:58.123537+00:00
185,Michael,Cook,1974-06-09,52,2012-11-07,163,A,STUDENT,289,2514 Grace Lane Apt. 709,Clarkfort,GU,02324,2,2.0,N,N,Y,Y,61174.43,5000.0,81.75,2026-06-29 19:53:58.123537+00:00
190,Jacob,Cox,1977-11-04,49,2017-08-27,106,A,MASS,386,53425 Peterson Corners,East Lisa,NE,94856,3,3.0,Y,N,Y,Y,18258.12,10000.0,95.8,2026-06-29 19:53:58.123537+00:00
195,Steven,Wilson,2007-12-21,19,2025-02-09,16,A,PREMIER,319,77905 Kevin Fords,East James,SD,42299,4,4.0,Y,Y,Y,Y,76197.79,2000.0,12.97,2026-06-29 19:53:58.123537+00:00
199,Joshua,Tyler,2000-05-27,26,2024-05-19,25,I,DIGITAL,311,51826 Sherri Trail,West Bradley,MT,16933,2,2.0,N,Y,Y,N,49557.05,15000.0,32.08,2026-06-29 19:53:58.123537+00:00
206,Elizabeth,Hoover,1995-11-08,31,2017-04-01,110,A,MASS,273,0931 Paul Curve,Rossbury,IN,15832,3,3.0,Y,Y,Y,N,112556.64,15000.0,72.48,2026-06-29 19:53:58.123537+00:00
214,Samantha,Bright,1946-01-28,80,2020-11-27,67,A,MASS,437,64342 Horne Station,Port Davidfort,MD,38727,3,3.0,Y,Y,N,Y,125638.55,0.0,0.0,2026-06-29 19:53:58.123537+00:00
225,Ashley,Andrews,1973-11-12,53,2015-01-11,137,A,MASS,114,8779 Randall Skyway Apt. 737,Shawnbury,NC,95090,3,2.0,Y,Y,Y,N,51649.54,2000.0,22.18,2026-06-29 19:53:58.123537+00:00
226,Tiffany,Barrett,2008-01-01,18,2015-11-23,127,A,MASS,340,46948 Dawson Wells,East Jasonberg,HI,30404,4,4.0,Y,Y,Y,Y,115735.33,10000.0,42.52,2026-06-29 19:53:58.123537+00:00
230,Erica,Le,1984-02-22,42,2020-10-02,68,A,MASS,129,84779 Suzanne Passage,Doylebury,NH,09695,4,2.0,Y,Y,Y,Y,139109.96,10000.0,97.0,2026-06-29 19:53:58.123537+00:00
236,Lindsay,Francis,1996-09-28,30,2018-09-05,93,A,MASS,117,567 Smith Turnpike Apt. 016,Lindseybury,AZ,03651,4,3.0,Y,Y,Y,Y,31364.59,10000.0,57.42,2026-06-29 19:53:58.123537+00:00
238,Jennifer,Whitney,2006-03-31,20,2024-04-27,26,A,DIGITAL,141,00040 Kelly Loop Suite 549,Cruzborough,LA,96419,1,1.0,N,N,Y,N,20542.79,25000.0,82.17,2026-06-29 19:53:58.123537+00:00
256,Molly,Murphy,1955-05-16,71,2014-09-17,141,A,PREMIER,210,34902 Stacey Neck,Jessechester,OK,94362,4,4.0,Y,Y,Y,Y,35913.02,5000.0,99.86,2026-06-29 19:53:58.123537+00:00
258,John,Thompson,1951-03-09,75,2013-06-06,156,A,SMALL_BIZ,145,90596 Frazier Rue,Ericshire,LA,25258,2,2.0,N,Y,Y,N,12293.52,10000.0,49.56,2026-06-29 19:53:58.123537+00:00
265,Gina,Henry,1973-08-01,53,2017-06-25,108,I,WEALTH,64,01749 Christopher Mission Suite 607,North Jackson,CT,92991,4,4.0,Y,Y,Y,Y,151717.82,10000.0,11.34,2026-06-29 19:53:58.123537+00:00
274,Colin,Rodgers,1997-03-21,29,2012-11-18,163,I,SMALL_BIZ,417,6017 Todd Creek,North Rachelfort,OH,33324,2,2.0,Y,Y,N,N,41765.96,0.0,0.0,2026-06-29 19:53:58.123537+00:00
288,Eric,Williamson,1947-03-08,79,2012-04-10,170,A,SMALL_BIZ,82,0895 Sabrina Light,Port Denise,CT,70507,1,1.0,N,N,N,Y,42917.88,0.0,0.0,2026-06-29 19:53:58.123537+00:00
289,Ebony,Tucker,1986-08-24,40,2015-07-20,131,A,STUDENT,209,92704 Andrew Inlet Apt. 866,Robertsonmouth,AZ,65990,2,2.0,N,Y,Y,N,55495.92,25000.0,79.23,2026-06-29 19:53:58.123537+00:00
324,Philip,Larson,2006-04-29,20,2021-11-29,55,A,DIGITAL,126,157 Elizabeth Loop Suite 070,Emilyside,FL,46320,2,1.0,N,Y,Y,N,23990.04,15000.0,68.2,2026-06-29 19:53:58.123537+00:00
327,Debbie,Henderson,1987-05-31,39,2019-05-06,85,A,STUDENT,350,0685 Laura Unions,East John,RI,39424,3,3.0,N,Y,Y,Y,52291.8,2000.0,43.81,2026-06-29 19:53:58.123537+00:00
333,Lisa,Martin,1997-03-10,29,2022-12-29,42,A,SMALL_BIZ,493,4913 Miller Turnpike Suite 094,Lake Lisa,IL,87095,2,2.0,N,Y,Y,N,15840.4,5000.0,90.93,2026-06-29 19:53:58.123537+00:00
342,Rebecca,Hernandez,1992-08-14,34,2015-07-24,131,A,SMALL_BIZ,98,2324 John Drive,Lake Jamesstad,AS,97777,1,1.0,N,N,N,Y,50496.89,0.0,0.0,2026-06-29 19:53:58.123537+00:00
361,Steven,Dominguez,1953-03-22,73,2023-02-11,40,A,STUDENT,114,146 Smith Village,East Beckystad,VI,47785,3,3.0,Y,Y,Y,N,78463.61,2000.0,24.37,2026-06-29 19:53:58.123537+00:00
372,Ronald,Norris,1962-01-10,64,2020-06-24,72,A,WEALTH,487,5203 Sheila Spring,Rogersshire,DE,70850,4,4.0,Y,Y,Y,Y,124429.06,25000.0,85.02,2026-06-29 19:53:58.123537+00:00
375,Michael,Owen,1946-07-09,80,2020-12-31,66,A,MASS,98,4069 Pamela Gateway Suite 673,Johnmouth,WA,49346,2,2.0,N,Y,Y,N,91849.97,15000.0,97.41,2026-06-29 19:53:58.123537+00:00
380,Raymond,Banks,1979-12-11,47,2019-05-23,85,A,STUDENT,111,14762 Sean Glens,Ryanbury,VA,45564,3,3.0,N,Y,Y,Y,66916.8,15000.0,20.86,2026-06-29 19:53:58.123537+00:00
384,Melissa,Hayes,1974-05-27,52,2013-04-27,158,I,SMALL_BIZ,444,37227 Angela Lakes,Rachaelshire,HI,48348,2,2.0,N,Y,N,Y,78718.04,0.0,0.0,2026-06-29 19:53:58.123537+00:00
409,Theresa,Anderson,1990-09-06,36,2024-05-01,25,I,WEALTH,50,934 Amanda Burg,Port Andrew,IA,51005,3,3.0,Y,Y,Y,N,73347.01,15000.0,22.92,2026-06-29 19:53:58.123537+00:00
410,Luis,Owens,1966-04-26,60,2019-11-14,79,A,DIGITAL,285,41575 Neal Drive Suite 686,Lake Lisafort,NV,95951,3,2.0,Y,Y,N,Y,136544.91,0.0,0.0,2026-06-29 19:53:58.123537+00:00
420,Angela,Jones,1979-09-13,47,2014-05-24,145,A,PREMIER,93,986 Welch Radial,Richardtown,MP,59599,2,2.0,Y,N,Y,N,9937.77,10000.0,48.63,2026-06-29 19:53:58.123537+00:00
423,Sheila,Fischer,1994-09-30,32,2016-07-19,119,A,PREMIER,73,694 Patricia Corner,Perrychester,KY,63863,3,3.0,Y,Y,N,Y,96613.53,0.0,0.0,2026-06-29 19:53:58.123537+00:00
424,Vincent,Williams,1954-10-30,72,2019-02-01,88,A,PREMIER,383,9352 Peterson Lakes,Lake Jasmine,ND,33002,3,3.0,N,Y,Y,Y,46078.62,10000.0,59.36,2026-06-29 19:53:58.123537+00:00
445,Erica,James,1959-10-24,67,2013-04-23,158,A,SMALL_BIZ,328,298 Shelia Island,Juantown,TX,13483,3,2.0,Y,N,Y,Y,86149.98,25000.0,29.6,2026-06-29 19:53:58.123537+00:00
458,Randy,Simpson,2003-02-08,23,2026-05-14,1,A,SMALL_BIZ,39,90672 Benson Tunnel Suite 095,Norrisburgh,MP,38153,4,3.0,Y,Y,Y,Y,141934.01,15000.0,47.42,2026-06-29 19:53:58.123537+00:00
459,Sara,Mcdowell,2004-03-29,22,2025-11-04,7,A,WEALTH,387,180 Preston Dale Apt. 223,West Kimberlyshire,NJ,45621,3,3.0,Y,Y,N,Y,14862.44,0.0,0.0,2026-06-29 19:53:58.123537+00:00
463,Stephen,Scott,1949-01-14,77,2013-11-30,151,A,MASS,303,511 Brittany Rue Apt. 387,Dianastad,MD,74405,3,3.0,Y,N,Y,Y,116987.55,25000.0,53.44,2026-06-29 19:53:58.123537+00:00
483,Julie,Lane,1968-01-08,58,2023-09-02,33,A,DIGITAL,305,350 Perry Estate,East Dawn,NH,36982,4,4.0,Y,Y,Y,Y,178680.3,10000.0,34.99,2026-06-29 19:53:58.123537+00:00
487,Victoria,Reyes,1984-10-06,42,2017-10-05,104,A,STUDENT,186,1434 Heather Ville,South Charles,FL,93727,1,1.0,N,N,N,Y,16818.91,0.0,0.0,2026-06-29 19:53:58.123537+00:00
497,Richard,Young,1944-10-02,82,2022-07-16,47,A,WEALTH,313,272 Lopez Street,Vasquezfort,RI,68219,3,2.0,Y,Y,N,Y,150696.0,0.0,0.0,2026-06-29 19:53:58.123537+00:00
501,Jeffrey,Turner,1951-02-02,75,2021-05-04,61,A,WEALTH,394,5644 Brenda Summit,Kimberlyberg,KS,28181,4,3.0,Y,Y,Y,Y,147859.92,15000.0,13.69,2026-06-29 19:53:58.123537+00:00
507,Anna,Faulkner,1995-06-24,31,2025-02-19,16,I,MASS,231,61054 Gary Light Apt. 284,Kellymouth,OR,19128,4,4.0,Y,Y,Y,Y,138604.18,5000.0,58.45,2026-06-29 19:53:58.123537+00:00
513,Alexis,Giles,1963-10-19,63,2025-10-07,8,I,SMALL_BIZ,333,53070 Mcclain Union,New Bradport,VT,69557,2,2.0,Y,N,N,Y,44859.96,0.0,0.0,2026-06-29 19:53:58.123537+00:00
514,Yvonne,Mendoza,2005-12-12,21,2013-03-29,159,I,DIGITAL,20,15083 Sarah Harbor Suite 129,New Victoria,WA,33461,3,3.0,N,Y,Y,Y,43770.38,10000.0,18.15,2026-06-29 19:53:58.123537+00:00
518,Terrance,Franco,1948-02-06,78,2026-02-17,4,A,STUDENT,482,419 Parker Stream Apt. 092,Roberthaven,WY,27011,3,3.0,Y,Y,Y,N,69778.99,10000.0,38.99,2026-06-29 19:53:58.123537+00:00
548,Jennifer,Mason,1950-11-13,76,2026-03-28,3,A,MASS,411,28074 Lee Flats Apt. 595,New Kathrynview,GA,69275,4,4.0,Y,Y,Y,Y,64930.01,10000.0,37.12,2026-06-29 19:53:58.123537+00:00
551,Joshua,Riddle,1993-04-26,33,2011-12-07,174,A,PREMIER,168,202 Dawn Mount,South Leonard,CT,86192,4,2.0,Y,Y,Y,Y,123199.71,25000.0,40.69,2026-06-29 19:53:58.123537+00:00
558,Anthony,Gomez,1978-08-29,48,2017-07-30,107,A,PREMIER,74,1558 Smith Locks,Davidfurt,VI,23798,4,4.0,Y,Y,Y,Y,166695.9,2000.0,2.5,2026-06-29 19:53:58.123537+00:00
562,Kevin,Snyder,1966-12-31,59,2013-07-24,155,A,SMALL_BIZ,231,8452 Kemp Square Apt. 188,West Robertmouth,PR,37843,4,4.0,Y,Y,Y,Y,145977.54,15000.0,60.27,2026-06-29 19:53:58.123537+00:00
588,Stanley,Clark,1950-12-25,76,2016-02-22,124,A,PREMIER,266,42491 Moore Flat Apt. 777,Jeanview,FL,24238,3,3.0,Y,Y,Y,N,102755.47,10000.0,31.21,2026-06-29 19:53:58.123537+00:00
595,Brittany,Price,1982-08-20,44,2014-06-08,144,I,DIGITAL,338,255 Natalie Mission,Marktown,KS,51762,4,3.0,Y,Y,Y,Y,132827.57,10000.0,86.41,2026-06-29 19:53:58.123537+00:00
603,William,Barnes,1953-10-03,73,2021-11-01,55,A,DIGITAL,226,72346 Michael Canyon Suite 117,New Ericberg,DC,07401,1,1.0,N,Y,N,N,23474.03,0.0,0.0,2026-06-29 19:53:58.123537+00:00
610,Kathleen,Carter,1947-01-12,79,2011-12-14,174,A,DIGITAL,73,090 Christy Lakes,Taylorfurt,RI,32158,2,2.0,Y,Y,N,N,104502.44,0.0,0.0,2026-06-29 19:53:58.123537+00:00
613,Madeline,Richardson,1949-02-21,77,2023-01-20,41,A,STUDENT,370,544 Pierce Inlet,Wheelertown,NV,36024,2,2.0,Y,Y,N,N,94597.38,0.0,0.0,2026-06-29 19:53:58.123537+00:00
620,Brian,Bell,1955-05-03,71,2014-07-30,143,A,MASS,275,804 Russell Avenue,Robinsonburgh,NY,49165,3,3.0,Y,Y,N,Y,54658.38,0.0,0.0,2026-06-29 19:53:58.123537+00:00
677,Michelle,Sanchez,1975-08-01,51,2012-02-23,172,A,STUDENT,379,5844 Cooper Mountain Apt. 371,Jamesburgh,NH,66297,1,1.0,N,Y,N,N,32497.7,0.0,0.0,2026-06-29 19:53:58.123537+00:00
685,Kevin,Dean,1954-12-08,72,2019-11-26,79,I,MASS,84,5289 Owen Estates Suite 597,East Sara,LA,45048,1,1.0,N,N,N,Y,21589.0,0.0,0.0,2026-06-29 19:53:58.123537+00:00
694,Cody,Anderson,2006-10-14,20,2012-10-03,164,A,WEALTH,386,363 Jerry Land,New Markburgh,FL,78448,2,2.0,N,N,Y,Y,10468.79,10000.0,48.87,2026-06-29 19:53:58.123537+00:00
702,Heidi,Williams,1987-06-16,39,2023-10-26,32,A,WEALTH,79,9376 Brown Wall Apt. 566,Danielborough,PA,14881,1,0.0,Y,N,N,N,61573.34,0.0,0.0,2026-06-29 19:53:58.123537+00:00
703,Christopher,Wright,1997-06-30,29,2016-05-19,121,A,WEALTH,360,9687 Griffin Rue Suite 654,Amberville,NY,64520,4,4.0,Y,Y,Y,Y,129590.57,15000.0,47.07,2026-06-29 19:53:58.123537+00:00
711,Maria,Rivera,1950-02-13,76,2024-12-28,18,A,PREMIER,349,95108 Stacy Track,Lambertfurt,MO,68687,4,3.0,Y,Y,Y,Y,194947.43,5000.0,81.17,2026-06-29 19:53:58.123537+00:00
714,Jacob,Ramirez,1953-01-25,73,2014-09-10,141,A,WEALTH,234,315 Sarah Passage Apt. 489,Johnland,HI,07123,2,2.0,Y,Y,N,N,130909.99,0.0,0.0,2026-06-29 19:53:58.123537+00:00
716,Andrea,Brown,1961-04-06,65,2017-08-20,106,I,SMALL_BIZ,12,75079 Young Fork Apt. 404,Velasquezchester,UT,84894,2,2.0,Y,Y,N,N,2852.25,0.0,0.0,2026-06-29 19:53:58.123537+00:00
720,Wayne,Price,1973-12-18,53,2025-02-08,16,A,PREMIER,147,68687 Deborah Ford,Richardsonfort,ND,48740,4,4.0,Y,Y,Y,Y,69821.17,25000.0,0.22,2026-06-29 19:53:58.123537+00:00
724,Lisa,Stark,1985-07-02,41,2015-06-20,132,A,DIGITAL,335,8735 Daniel Rapids,South Sheriview,PW,78728,2,2.0,N,Y,N,Y,36603.94,0.0,0.0,2026-06-29 19:53:58.123537+00:00
727,Linda,Wolfe,1953-04-16,73,2020-04-30,74,A,PREMIER,153,61033 Joshua Point Suite 736,Danielside,KY,79885,3,3.0,N,Y,Y,Y,39155.46,15000.0,25.58,2026-06-29 19:53:58.123537+00:00
729,Jacob,Travis,1979-04-03,47,2019-11-22,79,A,DIGITAL,236,8500 Taylor Springs,Meganhaven,SD,93830,4,4.0,Y,Y,Y,Y,165311.97,5000.0,96.07,2026-06-29 19:53:58.123537+00:00
742,Tammy,Johnson,1967-09-23,59,2026-04-28,2,A,PREMIER,286,352 Heather Trafficway,Mortontown,OR,16852,4,3.0,Y,Y,Y,Y,77178.93,2000.0,30.96,2026-06-29 19:53:58.123537+00:00
748,Aaron,Cruz,1958-09-08,68,2013-02-06,160,A,DIGITAL,435,6266 Herrera Lake Suite 553,Robinsonfort,NE,57328,4,3.0,Y,Y,Y,Y,79891.31,5000.0,86.39,2026-06-29 19:53:58.123537+00:00
761,James,Johnson,1985-11-05,41,2020-06-11,72,A,WEALTH,469,3164 Kylie Rest,Lake Jamesstad,MT,41195,2,1.0,Y,Y,N,N,65343.57,0.0,0.0,2026-06-29 19:53:58.123537+00:00
768,Angela,Randall,2006-07-12,20,2020-04-15,74,I,SMALL_BIZ,75,471 Alvarez Islands,Snowtown,ND,06585,2,2.0,Y,N,N,Y,6884.13,0.0,0.0,2026-06-29 19:53:58.123537+00:00
773,Tracey,Stanton,1992-03-22,34,2014-01-26,149,A,MASS,391,867 Hudson Rest Apt. 819,Lake Ashleyside,GU,89890,2,2.0,Y,N,Y,N,81408.55,10000.0,50.4,2026-06-29 19:53:58.123537+00:00
775,Courtney,Flowers,1970-08-30,56,2026-05-15,1,A,DIGITAL,72,431 Matthew Mill Suite 103,Lake Kendramouth,MA,75640,3,3.0,N,Y,Y,Y,61877.12,10000.0,21.38,2026-06-29 19:53:58.123537+00:00
781,Justin,Nichols,1979-03-11,47,2012-12-30,162,A,PREMIER,317,53968 Walton Ferry Suite 682,New Coreyside,CT,22188,4,4.0,Y,Y,Y,Y,79904.19,25000.0,93.31,2026-06-29 19:53:58.123537+00:00
785,Julie,Mccall,1963-09-13,63,2015-01-13,137,A,STUDENT,147,3099 Wendy Row Suite 913,West Lorimouth,ID,93494,1,1.0,N,N,N,Y,20092.84,0.0,0.0,2026-06-29 19:53:58.123537+00:00
789,Robert,Brewer,1996-10-26,30,2015-07-06,131,A,MASS,418,674 Mendoza Walks Apt. 698,Fletchertown,MH,12165,4,3.0,Y,Y,Y,Y,107533.23,10000.0,73.01,2026-06-29 19:53:58.123537+00:00
801,Joseph,Ortiz,1984-11-12,42,2021-08-07,58,A,DIGITAL,476,415 Michael Wells Apt. 851,Youngfort,NC,10104,2,1.0,Y,Y,N,N,74133.07,0.0,0.0,2026-06-29 19:53:58.123537+00:00
803,Carolyn,Smith,2002-07-24,24,2021-02-23,64,A,PREMIER,154,81235 Perez Common Suite 766,East Shawnfurt,OH,76917,3,3.0,Y,Y,N,Y,67605.57,0.0,0.0,2026-06-29 19:53:58.123537+00:00
807,William,Bates,1968-02-06,58,2013-01-06,161,I,SMALL_BIZ,499,55724 Avila Extension Apt. 396,Lake Tammy,FL,03856,3,3.0,Y,Y,N,Y,124278.82,0.0,0.0,2026-06-29 19:53:58.123537+00:00
813,Jennifer,Rios,1985-09-29,41,2021-08-24,58,A,DIGITAL,349,40565 Earl Knoll,Kelleyton,TX,97406,4,3.0,Y,Y,Y,Y,125376.12,25000.0,87.76,2026-06-29 19:53:58.123537+00:00
814,Robert,Price,2008-04-27,18,2015-05-12,133,I,PREMIER,396,590 Evelyn Mountain,West Peterfurt,PA,09413,3,3.0,Y,Y,Y,N,137751.99,15000.0,29.92,2026-06-29 19:53:58.123537+00:00
824,Vincent,Dillon,1946-04-06,80,2024-10-04,20,A,WEALTH,7,928 Anne Brooks Suite 370,Lake Jeremyfort,VT,51936,1,1.0,N,N,Y,N,1963.45,2000.0,98.17,2026-06-29 19:53:58.123537+00:00
855,Vanessa,Phillips,1958-08-20,68,2014-12-09,138,A,STUDENT,331,8914 David Radial,Stuartbury,CO,42448,2,2.0,Y,Y,N,N,115428.97,0.0,0.0,2026-06-29 19:53:58.123537+00:00
858,Brandon,Christian,1947-11-09,79,2022-10-20,44,A,STUDENT,383,262 Mcdonald Manor,South Heatherport,DE,66749,1,1.0,Y,N,N,N,10733.76,0.0,0.0,2026-06-29 19:53:58.123537+00:00
860,Christopher,Briggs,1983-02-25,43,2024-08-05,22,A,SMALL_BIZ,302,8309 Morris Flat,Gonzalezview,OR,18148,3,3.0,Y,N,Y,Y,90409.4,25000.0,74.04,2026-06-29 19:53:58.123537+00:00
866,Gabrielle,Roberson,1965-07-08,61,2011-12-03,174,A,WEALTH,50,5618 Simmons Ports Apt. 583,South Sherry,RI,58582,2,2.0,N,Y,N,Y,42683.25,0.0,0.0,2026-06-29 19:53:58.123537+00:00
869,Katrina,Ray,1988-09-11,38,2021-08-09,58,I,SMALL_BIZ,56,9927 Craig Spring,Hortonfurt,MI,60263,2,2.0,Y,Y,N,N,91128.16,0.0,0.0,2026-06-29 19:53:58.123537+00:00
870,Elizabeth,Morgan,1979-05-07,47,2026-01-29,5,I,SMALL_BIZ,125,659 Ramos Island Suite 767,Lake Elizabeth,AS,82638,4,4.0,Y,Y,Y,Y,85221.17,15000.0,63.09,2026-06-29 19:53:58.123537+00:00
876,Jeffrey,Schneider,2006-06-28,20,2012-03-29,171,A,PREMIER,361,672 Smith Rest,Martinfort,AR,11428,2,2.0,Y,N,N,Y,94380.95,0.0,0.0,2026-06-29 19:53:58.123537+00:00
881,William,Clark,1982-12-20,44,2016-01-13,125,A,STUDENT,495,36338 Espinoza Pass,Cookton,NV,39109,3,3.0,N,Y,Y,Y,69895.79,10000.0,12.62,2026-06-29 19:53:58.123537+00:00
898,Shawn,Anderson,2006-01-19,20,2025-12-20,6,I,DIGITAL,43,130 Tracy Tunnel Apt. 990,West Christopher,AL,88655,2,2.0,N,N,Y,Y,34720.68,2000.0,11.36,2026-06-29 19:53:58.123537+00:00
908,Justin,King,1991-10-02,35,2013-11-21,151,A,MASS,179,019 Pamela Views,North Pennybury,OH,22078,1,0.0,N,N,N,Y,50402.67,0.0,0.0,2026-06-29 19:53:58.123537+00:00
916,Janet,Holland,1997-02-05,29,2025-02-01,16,A,MASS,294,51807 Collins Greens Suite 760,West Mollyberg,AS,45748,3,2.0,Y,Y,N,Y,116237.47,0.0,0.0,2026-06-29 19:53:58.123537+00:00
929,Sean,Conway,1942-01-30,84,2021-06-21,60,A,SMALL_BIZ,341,72278 Margaret Falls Apt. 253,West Joseph,ND,71855,3,3.0,N,Y,Y,Y,108064.7,2000.0,79.15,2026-06-29 19:53:58.123537+00:00
945,Kevin,Miller,1948-08-08,78,2023-03-25,39,A,WEALTH,336,48591 Barton Burg,Michelleburgh,FM,39286,2,2.0,N,Y,Y,N,52879.62,2000.0,23.92,2026-06-29 19:53:58.123537+00:00
950,Angela,Peters,1966-06-28,60,2025-08-27,10,A,SMALL_BIZ,68,524 Rebecca Crest Suite 874,Kelleymouth,MT,84137,1,1.0,N,N,Y,N,19505.88,25000.0,78.02,2026-06-29 19:53:58.123537+00:00
954,Mary,Lee,1952-04-10,74,2014-10-14,140,I,SMALL_BIZ,347,72972 Kristen Trail,Lake Darren,NC,85429,4,3.0,Y,Y,Y,Y,144241.58,15000.0,57.94,2026-06-29 19:53:58.123537+00:00
957,Corey,Swanson,1960-12-18,66,2012-06-30,168,A,SMALL_BIZ,384,29780 Little Street,Lake Joseph,MD,83276,2,2.0,Y,N,N,Y,122730.87,0.0,0.0,2026-06-29 19:53:58.123537+00:00
959,Rachel,Stewart,1948-03-12,78,2020-09-24,69,A,PREMIER,460,23272 Kevin Dam,Charlesfurt,PR,08090,4,3.0,Y,Y,Y,Y,139444.06,10000.0,47.68,2026-06-29 19:53:58.123537+00:00
968,Bonnie,Sullivan,1975-06-22,51,2011-12-15,174,A,WEALTH,58,1871 Mann Turnpike,Port Jamesborough,AR,30622,2,2.0,N,Y,N,Y,71251.01,0.0,0.0,2026-06-29 19:53:58.123537+00:00
971,Jessica,Carter,1956-06-14,70,2023-01-04,41,A,WEALTH,441,630 Amy Walk Suite 919,Amyfort,AZ,61802,4,4.0,Y,Y,Y,Y,74409.1,25000.0,77.76,2026-06-29 19:53:58.123537+00:00
974,Sean,White,1952-08-08,74,2019-02-28,88,A,PREMIER,301,0968 Jordan Rue Suite 987,South Heatherfurt,WY,21248,4,3.0,Y,Y,Y,Y,127441.15,25000.0,46.36,2026-06-29 19:53:58.123537+00:00
984,Cassandra,Shaw,1974-02-09,52,2018-09-07,93,A,PREMIER,126,312 Susan Extension Suite 449,Sarahtown,IA,89754,1,1.0,N,N,Y,N,6380.57,10000.0,63.81,2026-06-29 19:53:58.123537+00:00
988,Jason,Martin,1973-10-02,53,2018-08-20,94,A,SMALL_BIZ,6,9612 Rogers Pines Suite 558,Jamesfort,OR,79285,2,2.0,N,N,Y,Y,30263.09,25000.0,92.78,2026-06-29 19:53:58.123537+00:00
1005,Kathleen,Horton,1980-12-15,46,2022-07-20,47,A,SMALL_BIZ,462,230 Jordan Loop,Rogerstad,WI,04417,1,1.0,N,N,Y,N,11828.86,15000.0,78.86,2026-06-29 19:53:58.123537+00:00
1032,Kelly,Arroyo,1948-08-16,78,2012-07-27,167,A,WEALTH,62,083 Kathleen Common,Barkerhaven,MT,59179,4,4.0,Y,Y,Y,Y,122529.81,5000.0,59.02,2026-06-29 19:53:58.123537+00:00
1042,Renee,Porter,2004-12-11,22,2021-09-06,57,A,PREMIER,237,86157 Joyce Ways,Port Phillip,ID,59407,3,3.0,Y,Y,Y,N,98240.99,10000.0,33.03,2026-06-29 19:53:58.123537+00:00
1045,Emma,Alvarado,1948-08-21,78,2025-03-21,15,I,SMALL_BIZ,323,92223 Rebecca Throughway,North Brian,NM,78419,2,2.0,N,Y,Y,N,35669.75,5000.0,65.69,2026-06-29 19:53:58.123537+00:00
1087,Scott,Diaz,1977-08-25,49,2023-06-30,36,A,DIGITAL,363,67763 Cruz Way Suite 273,Smithmouth,MN,48707,3,3.0,Y,Y,N,Y,49272.88,0.0,0.0,2026-06-29 19:53:58.123537+00:00
1103,Stephanie,Brown,1963-08-14,63,2024-01-28,29,I,PREMIER,425,979 Johnny Mountains,Ewingmouth,KY,06859,1,1.0,Y,N,N,N,24493.02,0.0,0.0,2026-06-29 19:53:58.123537+00:00
1121,Kenneth,Terry,1974-01-02,52,2018-01-06,101,I,WEALTH,433,946 Michael Radial Apt. 745,West Jenniferchester,RI,47493,3,3.0,Y,N,Y,Y,71711.89,2000.0,63.42,2026-06-29 19:53:58.123537+00:00
1133,Michael,Obrien,1988-06-23,38,2015-04-23,134,A,WEALTH,154,4493 Owens Haven Apt. 034,South Sherri,NH,72230,2,2.0,N,Y,N,Y,92421.77,0.0,0.0,2026-06-29 19:53:58.123537+00:00
1157,Rebecca,Larson,1987-09-11,39,2020-02-01,76,A,DIGITAL,69,3193 Bridges Tunnel,Lauriebury,CO,89278,1,1.0,N,N,Y,N,8381.76,10000.0,83.82,2026-06-29 19:53:58.123537+00:00
1168,Anita,Freeman,1950-03-24,76,2013-07-02,155,A,MASS,422,46935 Martinez Ridges,Arnoldborough,TN,65615,3,3.0,Y,Y,Y,N,97892.57,15000.0,53.28,2026-06-29 19:53:58.123537+00:00
1183,Alan,Price,1945-01-18,81,2021-04-04,62,A,MASS,347,3088 Hansen Lodge,South Melissaville,ME,39855,1,1.0,Y,N,N,N,79379.36,0.0,0.0,2026-06-29 19:53:58.123537+00:00
1184,Donna,Lin,1959-09-02,67,2024-03-14,27,I,STUDENT,53,096 John Parks Suite 790,West Stephanietown,NC,72039,2,2.0,Y,N,N,Y,77210.27,0.0,0.0,2026-06-29 19:53:58.123537+00:00
1202,Kathy,Beard,2000-06-04,26,2022-05-03,49,A,DIGITAL,182,33098 Williams Walk Apt. 429,Karafort,AR,38796,1,1.0,Y,N,N,N,66999.68,0.0,0.0,2026-06-29 19:53:58.123537+00:00
1208,Jennifer,Brooks,1975-02-23,51,2020-07-06,71,A,STUDENT,153,294 Gonzalez Courts,Mccarthymouth,CO,50889,3,3.0,N,Y,Y,Y,9327.77,2000.0,44.58,2026-06-29 19:53:58.123537+00:00
1223,Sharon,Horton,1949-01-27,77,2023-02-09,40,A,SMALL_BIZ,450,50464 Davis Square Suite 426,Lisaside,ND,39617,4,4.0,Y,Y,Y,Y,115466.98,10000.0,71.36,2026-06-29 19:53:58.123537+00:00
1236,Robert,Miller,1980-12-11,46,2018-08-03,94,A,SMALL_BIZ,56,5959 Duncan Extensions,Chadmouth,DE,57304,3,2.0,Y,Y,N,Y,75146.28,0.0,0.0,2026-06-29 19:53:58.123537+00:00
1237,Amy,Harvey,1981-09-12,45,2015-02-21,136,I,PREMIER,354,4917 Madeline Shoal,Morganport,MP,71990,3,3.0,Y,Y,N,Y,91838.36,0.0,0.0,2026-06-29 19:53:58.123537+00:00
1240,Samantha,Williams,1997-08-21,29,2015-12-11,126,A,DIGITAL,356,74813 Mike Forest,South Rebekah,KY,08759,2,2.0,N,Y,N,Y,28556.75,0.0,0.0,2026-06-29 19:53:58.123537+00:00
1241,Emily,Carr,1969-06-05,57,2014-02-24,148,I,MASS,216,80075 Richardson Divide Suite 548,New Ronald,WA,49745,2,2.0,Y,N,N,Y,74645.82,0.0,0.0,2026-06-29 19:53:58.123537+00:00
1244,Nicholas,Jones,1961-07-18,65,2016-12-27,114,I,SMALL_BIZ,317,35068 Lewis Ramp Apt. 939,Johnsonberg,VI,55849,1,1.0,N,N,Y,N,13088.82,25000.0,52.36,2026-06-29 19:53:58.123537+00:00
1246,Alison,Warren,1988-01-12,38,2015-08-02,130,A,DIGITAL,312,18686 Aguilar Mountains,Saraville,GU,83237,1,1.0,N,Y,N,N,70826.88,0.0,0.0,2026-06-29 19:53:58.123537+00:00
1254,Lauren,Duarte,1949-05-23,77,2024-02-22,28,A,PREMIER,371,95166 Chad Keys,Reidfort,KY,73574,2,2.0,Y,N,N,Y,80767.21,0.0,0.0,2026-06-29 19:53:58.123537+00:00
1255,Ann,Walsh,1969-03-26,57,2016-06-20,120,A,MASS,330,871 Cook Parkway Suite 053,New Courtneychester,MA,72091,3,3.0,N,Y,Y,Y,20580.04,25000.0,21.77,2026-06-29 19:53:58.123537+00:00
1258,Jennifer,Gilbert,1987-06-11,39,2016-08-01,118,A,MASS,185,5009 Williams Grove Suite 071,Lake Luke,AS,38234,4,3.0,Y,Y,Y,Y,121434.2,10000.0,91.01,2026-06-29 19:53:58.123537+00:00
1273,Alexandra,Rowe,2003-05-17,23,2022-06-02,48,A,MASS,336,39798 Dalton Parkways Apt. 107,Wyattton,MD,87810,1,1.0,N,N,N,Y,32838.71,0.0,0.0,2026-06-29 19:53:58.123537+00:00
1276,Adam,Randolph,1989-04-22,37,2019-04-14,86,A,SMALL_BIZ,448,895 Tracey Cliffs Apt. 330,Kennethville,NJ,79799,4,3.0,Y,Y,Y,Y,62583.72,15000.0,61.2,2026-06-29 19:53:58.123537+00:00
1283,Janet,Campbell,1962-10-30,64,2013-08-08,154,A,PREMIER,385,1251 Martin Shore,Goldenhaven,PA,89193,4,4.0,Y,Y,Y,Y,104738.24,10000.0,79.72,2026-06-29 19:53:58.123537+00:00
1294,Nicole,Chavez,1986-01-21,40,2023-04-05,38,A,MASS,187,3345 Brown Skyway,North Sandrastad,MP,78244,1,1.0,Y,N,N,N,28881.1,0.0,0.0,2026-06-29 19:53:58.123537+00:00
1298,Amanda,Morales,1985-01-01,41,2023-04-24,38,A,PREMIER,175,089 Hahn Fort,East Rogerton,NH,61894,4,4.0,Y,Y,Y,Y,100555.3,5000.0,29.9,2026-06-29 19:53:58.123537+00:00
1301,Kristin,Stephens,1994-01-14,32,2017-12-26,102,A,DIGITAL,421,3401 Justin Mill,Sharpville,OH,10275,4,4.0,Y,Y,Y,Y,125995.92,25000.0,4.69,2026-06-29 19:53:58.123537+00:00
1304,Gregory,Blanchard,1978-09-06,48,2023-10-03,32,A,WEALTH,423,73997 Beck Brooks,Ericaview,MP,92349,3,3.0,Y,Y,Y,N,89375.48,10000.0,92.3,2026-06-29 19:53:58.123537+00:00
1308,Edward,Schmidt,1941-07-03,85,2013-09-05,153,A,DIGITAL,494,95264 Olson Well,Sarachester,UT,25833,1,1.0,Y,N,N,N,50547.82,0.0,0.0,2026-06-29 19:53:58.123537+00:00
1350,Erika,Nixon,2003-08-13,23,2018-03-09,99,A,PREMIER,79,963 Teresa Gardens Apt. 385,Piercebury,MO,75357,1,1.0,N,Y,N,N,17009.55,0.0,0.0,2026-06-29 19:53:58.123537+00:00
1355,Matthew,Vaughn,1980-12-07,46,2014-05-26,145,A,PREMIER,403,62895 Joshua Highway,Lisaville,SC,10561,1,1.0,N,N,Y,N,1208.57,2000.0,60.43,2026-06-29 19:53:58.123537+00:00
1363,Sharon,Fowler,1958-06-19,68,2018-06-16,96,A,PREMIER,350,245 Miller Harbor,Carrhaven,PR,39614,1,1.0,N,N,Y,N,11469.28,25000.0,45.88,2026-06-29 19:53:58.123537+00:00
1367,Scott,Vasquez,2005-07-07,21,2015-06-10,132,A,WEALTH,23,3159 Alexandra Ranch,Thomasmouth,NY,98935,3,3.0,N,Y,Y,Y,86053.02,2000.0,60.43,2026-06-29 19:53:58.123537+00:00
1370,Dakota,Jones,2002-08-20,24,2022-03-01,51,A,STUDENT,4,04954 William Loaf Suite 567,Jeremyhaven,MT,54109,1,1.0,N,Y,N,N,25430.59,0.0,0.0,2026-06-29 19:53:58.123537+00:00
1372,Sarah,Ortega,1951-06-19,75,2021-01-16,65,A,SMALL_BIZ,218,87001 Nicholas Heights Suite 521,Port Edward,MO,20630,3,3.0,Y,N,Y,Y,122529.98,15000.0,1.21,2026-06-29 19:53:58.123537+00:00
1373,Rebecca,Andrews,1959-05-05,67,2021-12-07,54,I,STUDENT,425,0370 Williams Views Apt. 955,Frankstad,IN,67038,1,1.0,Y,N,N,N,35283.52,0.0,0.0,2026-06-29 19:53:58.123537+00:00
1374,Tracy,Graham,1976-01-08,50,2025-07-06,11,A,SMALL_BIZ,419,7843 Davis Cove,Hollandland,MP,89142,2,2.0,N,Y,N,Y,99493.25,0.0,0.0,2026-06-29 19:53:58.123537+00:00
1375,Kristen,Fernandez,1998-01-15,28,2023-02-21,40,A,PREMIER,236,691 Jennifer Mountains Apt. 887,Sabrinahaven,WV,12090,1,0.0,N,N,N,Y,32140.5,0.0,0.0,2026-06-29 19:53:58.123537+00:00
1376,Lisa,Olson,1941-09-17,85,2025-09-22,9,I,PREMIER,45,623 Steven Grove,New Deborahland,OK,48218,1,1.0,N,N,N,Y,7290.41,0.0,0.0,2026-06-29 19:53:58.123537+00:00
1391,Gerald,Williams,1988-06-23,38,2013-06-09,156,A,MASS,347,638 Gregory Inlet,Port Natalie,OH,07649,2,2.0,N,Y,N,Y,111692.81,0.0,0.0,2026-06-29 19:53:58.123537+00:00
1396,Derrick,Copeland,2006-11-15,20,2020-01-31,77,I,DIGITAL,212,750 Randall Unions,East Ashleeshire,NM,32781,4,4.0,Y,Y,Y,Y,130088.26,15000.0,94.87,2026-06-29 19:53:58.123537+00:00
1399,Sara,Williams,1978-07-27,48,2018-01-13,101,A,PREMIER,93,85577 Thomas Brooks,Bridgesstad,NJ,56367,2,2.0,N,N,Y,Y,41414.55,25000.0,59.11,2026-06-29 19:53:58.123537+00:00
1406,Kimberly,Bailey,2005-02-27,21,2020-11-05,67,A,MASS,316,1864 Smith Pines,Joycemouth,AZ,22858,4,2.0,Y,Y,Y,Y,81093.4,2000.0,53.52,2026-06-29 19:53:58.123537+00:00
1434,Christopher,Castillo,1961-04-23,65,2021-02-24,64,A,WEALTH,470,2683 Laura Ford,Amandaborough,NM,88767,1,1.0,N,N,Y,N,4677.36,10000.0,46.77,2026-06-29 19:53:58.123537+00:00
1448,Bryan,Reed,1987-01-24,39,2015-08-17,130,I,SMALL_BIZ,59,58623 Jarvis Divide,East Madison,PW,17688,1,1.0,N,N,N,Y,50619.49,0.0,0.0,2026-06-29 19:53:58.123537+00:00
1463,Garrett,Glass,1965-02-24,61,2018-04-17,98,A,DIGITAL,194,0794 Scott Square Apt. 608,East Mauriceton,MO,04518,4,4.0,Y,Y,Y,Y,166591.18,2000.0,45.79,2026-06-29 19:53:58.123537+00:00
1477,Jeffrey,Walls,1984-06-16,42,2020-03-12,75,A,STUDENT,449,727 Melvin Radial,South Sherristad,RI,91471,1,1.0,N,Y,N,N,5478.79,0.0,0.0,2026-06-29 19:53:58.123537+00:00
1484,Keith,Shaffer,2007-12-29,18,2023-06-25,36,A,STUDENT,217,02394 Kyle Curve,North Natalieport,AZ,16433,2,2.0,Y,N,N,Y,54634.38,0.0,0.0,2026-06-29 19:53:58.123537+00:00
1491,Mary,Torres,1944-04-27,82,2023-10-26,32,A,WEALTH,401,04063 Mary Fields,Jacksonhaven,CT,84674,1,1.0,N,N,Y,N,10161.42,15000.0,67.74,2026-06-29 19:53:58.123537+00:00
1508,Jacob,Prince,1951-11-06,75,2014-10-15,140,A,SMALL_BIZ,203,4718 Cunningham Shoals Apt. 390,Benjaminton,NY,53955,3,3.0,N,Y,Y,Y,55456.31,15000.0,23.16,2026-06-29 19:53:58.123537+00:00
1510,Daniel,Stevens,1978-06-01,48,2022-10-10,44,A,PREMIER,282,59535 Courtney Stravenue,Davidchester,MT,53342,1,1.0,N,N,Y,N,6812.72,25000.0,27.25,2026-06-29 19:53:58.123537+00:00
1526,Jason,Gordon,2006-09-20,20,2012-12-17,162,A,SMALL_BIZ,384,54642 Michael Port Apt. 271,Lake Albert,ME,36523,4,4.0,Y,Y,Y,Y,148617.66,10000.0,35.35,2026-06-29 19:53:58.123537+00:00
1529,Daniel,Rollins,1955-11-06,71,2014-11-19,139,A,DIGITAL,485,17215 Amanda Greens Suite 440,North Louisbury,SD,12315,4,2.0,Y,Y,Y,Y,121636.41,10000.0,31.97,2026-06-29 19:53:58.123537+00:00
1553,Janice,Henry,1999-02-18,27,2016-01-05,125,A,WEALTH,93,63502 Justin Corner Apt. 611,Nancyton,WA,51583,1,1.0,Y,N,N,N,52012.01,0.0,0.0,2026-06-29 19:53:58.123537+00:00
1568,Christina,Cox,1992-09-26,34,2016-07-22,119,A,DIGITAL,400,38405 Logan Glen Apt. 931,Robinsonbury,WA,25681,2,1.0,Y,N,N,Y,66025.75,0.0,0.0,2026-06-29 19:53:58.123537+00:00
1571,Jeremiah,Newton,2008-03-27,18,2017-06-27,108,A,STUDENT,147,55674 Turner Vista Apt. 730,South Johnport,NH,05502,3,3.0,N,Y,Y,Y,61884.0,25000.0,35.42,2026-06-29 19:53:58.123537+00:00
1579,Christina,Hammond,2004-04-12,22,2019-06-09,84,A,WEALTH,86,617 Omar Circles,Port Tracey,MP,25336,4,3.0,Y,Y,Y,Y,102362.04,15000.0,84.26,2026-06-29 19:53:58.123537+00:00
1594,Johnathan,Wilkerson,2005-02-12,21,2025-05-22,13,A,DIGITAL,303,869 Bonnie Corner,New Natashaville,PW,62700,2,1.0,N,Y,N,Y,134139.75,0.0,0.0,2026-06-29 19:53:58.123537+00:00
1603,Kristina,Allen,2004-07-11,22,2021-10-17,56,A,PREMIER,353,69663 Dunn Meadow,East Tamaratown,MP,34704,4,4.0,Y,Y,Y,Y,133128.88,10000.0,8.65,2026-06-29 19:53:58.123537+00:00
1604,Susan,Cox,1978-07-10,48,2016-02-08,124,A,MASS,5,6740 Harvey Valley Apt. 692,Mariaville,CO,45975,1,1.0,Y,N,N,N,57469.81,0.0,0.0,2026-06-29 19:53:58.123537+00:00
1620,James,Perry,1996-11-18,30,2023-06-02,36,A,MASS,65,2663 Warren Road Apt. 228,North Jacobbury,SD,62421,1,1.0,Y,N,N,N,18104.43,0.0,0.0,2026-06-29 19:53:58.123537+00:00
1634,Jennifer,Erickson,1987-12-03,39,2021-09-26,57,A,SMALL_BIZ,493,29890 Martin Mall,New Timothyburgh,FM,41911,2,2.0,Y,N,N,Y,27375.89,0.0,0.0,2026-06-29 19:53:58.123537+00:00
1651,David,Davis,1998-02-28,28,2024-06-03,24,A,SMALL_BIZ,194,54077 Ryan Vista Apt. 682,West Jasonhaven,CO,18196,4,4.0,Y,Y,Y,Y,99209.01,15000.0,67.38,2026-06-29 19:53:58.123537+00:00
1653,Brenda,Silva,1959-10-08,67,2024-10-12,20,A,SMALL_BIZ,225,28171 Amy Divide,New Josephborough,ID,34168,2,1.0,Y,Y,N,N,85337.81,0.0,0.0,2026-06-29 19:53:58.123537+00:00
1659,Adam,Booker,2005-06-27,21,2020-05-09,73,A,MASS,420,5845 Lee Springs,Maryport,WA,01405,3,3.0,Y,Y,N,Y,128171.35,0.0,0.0,2026-06-29 19:53:58.123537+00:00
1660,Mark,Dennis,1985-06-15,41,2025-09-04,9,A,MASS,233,0656 Karen Green,Port Carolynstad,TX,21164,3,3.0,Y,Y,Y,N,35540.76,2000.0,29.04,2026-06-29 19:53:58.123537+00:00
1673,Alicia,Roberts,1974-09-05,52,2020-11-18,67,I,PREMIER,477,920 Justin Path Apt. 923,Bishopburgh,MN,89271,2,1.0,N,Y,Y,N,87341.67,25000.0,47.35,2026-06-29 19:53:58.123537+00:00
1676,Charles,Williams,1961-04-15,65,2012-03-15,171,A,MASS,407,99787 Maria Circles,Port Patricktown,UT,87037,2,0.0,Y,N,N,Y,38981.43,0.0,0.0,2026-06-29 19:53:58.123537+00:00
1678,Jonathan,Miller,1979-07-31,47,2015-04-09,134,A,SMALL_BIZ,37,18789 Rebecca Centers Suite 299,Drewberg,MI,45874,3,3.0,Y,N,Y,Y,17929.54,15000.0,55.54,2026-06-29 19:53:58.123537+00:00
1683,Julie,Munoz,1954-01-12,72,2014-04-02,146,A,STUDENT,384,36375 Robert Island Apt. 335,Port Laurafurt,IA,95804,3,3.0,N,Y,Y,Y,55725.34,2000.0,83.79,2026-06-29 19:53:58.123537+00:00
1686,Carolyn,Tucker,1999-09-12,27,2025-11-24,7,I,PREMIER,86,009 Rivera Vista Apt. 029,New Crystal,UT,35168,3,3.0,Y,Y,N,Y,145797.55,0.0,0.0,2026-06-29 19:53:58.123537+00:00
1690,Deborah,Santos,1999-01-16,27,2014-08-12,142,A,WEALTH,392,2314 Alison Haven,Jerrybury,AL,46451,2,2.0,Y,Y,N,N,102710.65,0.0,0.0,2026-06-29 19:53:58.123537+00:00
1708,Kara,Estrada,1983-02-26,43,2015-09-15,129,A,STUDENT,329,11997 Thomas Pike Suite 256,West Rickchester,OH,71659,2,2.0,N,Y,N,Y,47326.61,0.0,0.0,2026-06-29 19:53:58.123537+00:00
1721,William,Oconnor,1961-01-23,65,2018-01-28,101,A,WEALTH,76,695 Deanna Lakes,West Emily,MT,78255,4,3.0,Y,Y,Y,Y,133888.39,25000.0,68.02,2026-06-29 19:53:58.123537+00:00
1740,David,Braun,1990-01-26,36,2022-07-13,47,A,MASS,231,2155 Taylor Glens Apt. 169,New Nicolefort,MI,74857,2,2.0,Y,N,N,Y,121276.56,0.0,0.0,2026-06-29 19:53:58.123537+00:00
1788,Richard,Washington,1945-07-21,81,2018-06-04,96,A,WEALTH,114,784 Stephen Manor,Williamsonbury,RI,28761,4,4.0,Y,Y,Y,Y,104577.88,15000.0,4.17,2026-06-29 19:53:58.123537+00:00
1794,Aaron,Marshall,2002-07-24,24,2018-03-25,99,A,STUDENT,329,53293 Jonathon Fort,Lake Zachary,FL,20985,2,2.0,Y,Y,N,N,62164.24,0.0,0.0,2026-06-29 19:53:58.123537+00:00
1810,Alan,Ford,1992-12-10,34,2021-11-21,55,A,SMALL_BIZ,376,50218 Dougherty Junctions Apt. 194,West Christopherchester,WV,32756,4,2.0,Y,Y,Y,Y,101034.08,2000.0,4.87,2026-06-29 19:53:58.123537+00:00
1837,Erica,Hansen,1983-06-12,43,2012-06-21,168,A,WEALTH,432,319 Melissa Light Suite 116,Port Michael,MA,23955,1,1.0,N,N,N,Y,39161.02,0.0,0.0,2026-06-29 19:53:58.123537+00:00
1838,Cody,Walton,1961-04-01,65,2017-03-07,111,A,MASS,242,727 Hanna Forge,Port Michellemouth,NC,97602,4,4.0,Y,Y,Y,Y,41208.9,5000.0,17.02,2026-06-29 19:53:58.123537+00:00
1842,Curtis,Larson,1963-06-25,63,2014-05-12,145,A,PREMIER,293,4296 Lewis Turnpike Apt. 954,Millermouth,AS,33775,1,1.0,N,N,Y,N,4358.4,10000.0,43.58,2026-06-29 19:53:58.123537+00:00
1848,Miguel,Smith,1962-03-04,64,2016-08-09,118,A,WEALTH,414,5848 Tanner Trail Suite 620,Cordovabury,VT,85305,4,4.0,Y,Y,Y,Y,157052.47,15000.0,91.0,2026-06-29 19:53:58.123537+00:00
1850,Robert,Gonzalez,1997-06-12,29,2024-04-20,26,A,PREMIER,13,25514 Spencer Pass Suite 018,New Brenda,AL,80657,4,4.0,Y,Y,Y,Y,98706.26,25000.0,59.26,2026-06-29 19:53:58.123537+00:00
1861,Nicole,Higgins,1954-09-29,72,2014-02-01,148,A,SMALL_BIZ,70,925 Murphy Cove,Jonesport,PR,91216,2,2.0,Y,Y,N,N,59188.19,0.0,0.0,2026-06-29 19:53:58.123537+00:00
1867,Drew,Glass,2000-05-05,26,2012-06-19,168,A,PREMIER,497,12595 Lee Square,Kellyborough,WA,80423,2,2.0,Y,N,Y,N,10582.0,10000.0,2.37,2026-06-29 19:53:58.123537+00:00
1873,Elizabeth,Brown,1946-12-12,80,2018-07-06,95,A,DIGITAL,191,68921 Rodgers Greens Suite 074,Gilbertport,PA,81604,4,4.0,Y,Y,Y,Y,161233.07,15000.0,13.05,2026-06-29 19:53:58.123537+00:00
1879,Ashley,Walls,1961-12-29,64,2024-09-30,21,A,MASS,398,2077 Conley Loaf Apt. 256,South Maria,CO,12274,3,3.0,Y,Y,Y,N,97777.75,5000.0,51.66,2026-06-29 19:53:58.123537+00:00
1881,Brandy,Marshall,1971-04-10,55,2016-09-25,117,A,DIGITAL,371,8299 Ruiz Pike Apt. 419,Masonfurt,NY,06166,3,2.0,Y,Y,Y,N,129288.29,25000.0,92.71,2026-06-29 19:53:58.123537+00:00
1905,Patricia,Davis,1979-08-25,47,2018-03-24,99,A,PREMIER,234,0696 Allison Parkways,Kimberlyside,NM,77290,3,3.0,Y,Y,N,Y,124645.55,0.0,0.0,2026-06-29 19:53:58.123537+00:00
1920,Stephen,Bartlett,2001-10-15,25,2022-06-06,48,A,SMALL_BIZ,121,937 Manuel Keys,Rodriguezside,PA,74176,2,2.0,N,Y,Y,N,64127.62,10000.0,67.92,2026-06-29 19:53:58.123537+00:00
1921,Phillip,Bautista,1953-10-13,73,2019-12-22,78,A,SMALL_BIZ,477,501 Spencer Crossing Apt. 270,South Morgan,VT,53627,2,2.0,N,Y,N,Y,91687.05,0.0,0.0,2026-06-29 19:53:58.123537+00:00
1931,Donald,Hoover,1957-09-22,69,2025-08-30,10,A,MASS,292,48161 Jaime Meadow,New Andrea,GU,97016,4,3.0,Y,Y,Y,Y,95882.99,2000.0,13.14,2026-06-29 19:53:58.123537+00:00
1939,John,Davis,2003-09-21,23,2017-01-29,113,A,SMALL_BIZ,163,6509 Johnson Camp,Petersenstad,FM,91497,4,4.0,Y,Y,Y,Y,185955.94,15000.0,44.91,2026-06-29 19:53:58.123537+00:00
1984,Debra,House,1987-08-15,39,2021-11-17,55,A,PREMIER,86,189 Bobby Crest,South Jimmyburgh,WI,12913,1,1.0,N,N,N,Y,8509.15,0.0,0.0,2026-06-29 19:53:58.123537+00:00
1992,Patrick,Parker,2006-04-29,20,2021-04-25,62,A,STUDENT,471,355 Joseph Mountains Suite 079,Longbury,FM,55408,1,1.0,N,N,N,Y,51526.12,0.0,0.0,2026-06-29 19:53:58.123537+00:00
1995,Raymond,Parker,1991-08-28,35,2025-05-13,13,A,WEALTH,396,9733 Vicki Orchard,Lake Tammymouth,FL,26349,4,4.0,Y,Y,Y,Y,70980.75,15000.0,39.8,2026-06-29 19:53:58.123537+00:00
2000,Ian,Malone,1953-12-05,73,2012-05-15,169,A,STUDENT,54,627 Hatfield Plaza,Richardschester,ND,26601,2,2.0,N,Y,Y,N,39240.36,10000.0,64.85,2026-06-29 19:53:58.123537+00:00
2013,Lisa,Richardson,1960-03-19,66,2021-12-03,54,I,WEALTH,171,40501 Lisa Trail Suite 819,Melissastad,NH,41748,4,3.0,Y,Y,Y,Y,89989.89,5000.0,21.07,2026-06-29 19:53:58.123537+00:00
2033,Christopher,Davis,1956-06-20,70,2013-03-20,159,A,WEALTH,390,63017 Lori Course Apt. 959,South Angela,IA,94419,2,2.0,N,Y,N,Y,47315.38,0.0,0.0,2026-06-29 19:53:58.123537+00:00
2037,Michael,Shelton,2007-02-20,19,2016-04-04,122,A,WEALTH,44,88299 Cynthia Place Apt. 766,West Jonathanhaven,WA,01558,2,1.0,Y,Y,N,N,90996.22,0.0,0.0,2026-06-29 19:53:58.123537+00:00
2039,Steven,Thomas,1967-12-23,59,2019-07-10,83,A,DIGITAL,13,7259 Reyes Groves Apt. 122,Jaredmouth,GU,33450,3,2.0,Y,Y,Y,N,116255.61,15000.0,92.91,2026-06-29 19:53:58.123537+00:00
2044,Janet,Bennett,1997-01-04,29,2018-11-16,91,A,WEALTH,61,172 Payne Station Apt. 311,Piercestad,ME,04918,1,1.0,N,N,Y,N,357.54,2000.0,17.88,2026-06-29 19:53:58.123537+00:00
2068,Ashley,Garcia,1984-09-04,42,2017-12-16,102,A,SMALL_BIZ,139,19885 Martin Corner,Taylorberg,NM,05770,2,1.0,N,N,Y,Y,40299.88,5000.0,30.85,2026-06-29 19:53:58.123537+00:00
2073,Henry,George,2006-03-11,20,2024-11-18,19,A,DIGITAL,61,58920 Lynch Bridge,Deborahfurt,GU,89168,2,2.0,Y,N,Y,N,44684.31,25000.0,54.8,2026-06-29 19:53:58.123537+00:00
2078,Sophia,Stone,1941-07-01,85,2015-12-22,126,A,DIGITAL,82,60843 Maria Course,West Paula,WY,77999,1,0.0,Y,N,N,N,29202.23,0.0,0.0,2026-06-29 19:53:58.123537+00:00
2085,Ricardo,Miller,1967-01-26,59,2024-12-21,18,A,DIGITAL,370,870 Williams Causeway,New Amy,SC,80700,1,1.0,N,N,Y,N,15830.06,25000.0,63.32,2026-06-29 19:53:58.123537+00:00
2099,Brooke,Atkinson,2006-05-06,20,2019-06-04,84,A,SMALL_BIZ,488,286 Steele Shoals,Robinsonmouth,OK,74055,3,3.0,Y,Y,Y,N,94551.14,25000.0,65.01,2026-06-29 19:53:58.123537+00:00
2104,Wayne,Hill,2007-07-27,19,2023-05-27,37,A,SMALL_BIZ,447,8910 Kristin Corners Apt. 409,West Lawrenceside,CT,53062,1,1.0,Y,N,N,N,72090.28,0.0,0.0,2026-06-29 19:53:58.123537+00:00
2107,Christopher,Blair,1962-06-11,64,2012-11-01,163,I,WEALTH,23,91684 Carroll Extension Suite 349,Denisemouth,GU,80966,3,3.0,Y,Y,N,Y,45435.52,0.0,0.0,2026-06-29 19:53:58.123537+00:00
2114,Madeline,Beard,1991-01-01,35,2025-09-04,9,I,SMALL_BIZ,47,36069 Lee Hills,Andersonchester,OR,90635,4,3.0,Y,Y,Y,Y,74373.45,2000.0,50.21,2026-06-29 19:53:58.123537+00:00
2130,Michael,Hamilton,1997-09-22,29,2013-11-26,151,A,DIGITAL,172,445 Fields Lodge Suite 631,Davidborough,TX,13663,4,4.0,Y,Y,Y,Y,144752.45,2000.0,83.81,2026-06-29 19:53:58.123537+00:00
2134,Andrea,Marsh,1959-04-20,67,2017-10-09,104,A,SMALL_BIZ,217,091 James Park Suite 262,New Stephen,AR,39266,1,1.0,N,N,N,Y,51559.91,0.0,0.0,2026-06-29 19:53:58.123537+00:00
2138,Joel,Gregory,1974-12-28,52,2022-12-09,42,A,MASS,232,00325 Bennett Orchard,East Christophershire,VT,68452,2,2.0,Y,N,Y,N,25139.32,10000.0,58.15,2026-06-29 19:53:58.123537+00:00
2158,Rhonda,Pena,1949-07-22,77,2020-03-29,75,A,MASS,94,04516 Kelly Ridge,West Chadside,WV,95072,3,3.0,Y,Y,Y,N,32345.99,2000.0,56.36,2026-06-29 19:53:58.123537+00:00
2168,Teresa,Martin,1987-05-14,39,2024-06-22,24,A,STUDENT,170,933 Alex Mission,Chaneystad,PR,63605,4,2.0,Y,Y,Y,Y,93488.32,5000.0,22.33,2026-06-29 19:53:58.123537+00:00
2177,Miguel,Miller,1964-10-08,62,2020-07-08,71,A,DIGITAL,12,28995 Angela Summit Apt. 432,Sarafurt,MA,02486,3,2.0,Y,Y,N,Y,100448.32,0.0,0.0,2026-06-29 19:53:58.123537+00:00
2179,Brian,Cabrera,1982-06-17,44,2016-05-01,121,A,STUDENT,202,57434 Vargas Land,Phillipsbury,FL,62720,1,1.0,N,N,Y,N,633.58,2000.0,31.68,2026-06-29 19:53:58.123537+00:00
2209,Sarah,Cochran,2002-11-17,24,2021-05-12,61,A,DIGITAL,164,400 Melinda Cape,Shaneport,AZ,02093,3,3.0,Y,Y,N,Y,173909.43,0.0,0.0,2026-06-29 19:53:58.123537+00:00
2213,Joshua,Davis,1980-03-16,46,2025-10-21,8,A,SMALL_BIZ,480,912 Bryan Roads Suite 533,Danielport,OR,49961,4,4.0,Y,Y,Y,Y,157918.55,5000.0,84.3,2026-06-29 19:53:58.123537+00:00
2223,Melissa,Bonilla,1961-03-27,65,2013-08-22,154,A,DIGITAL,408,491 Roberts Light Suite 052,Meganbury,SD,88801,4,4.0,Y,Y,Y,Y,77954.45,15000.0,87.97,2026-06-29 19:53:58.123537+00:00
2228,Christian,Jones,1943-07-07,83,2016-12-09,114,A,DIGITAL,419,673 Jon Center Apt. 095,South Michael,SD,57699,3,3.0,Y,Y,N,Y,124031.22,0.0,0.0,2026-06-29 19:53:58.123537+00:00
2239,Lawrence,May,1996-03-14,30,2018-06-24,96,A,PREMIER,155,1189 Chavez Mountains Apt. 799,New Alyssa,NY,33437,2,2.0,N,Y,N,Y,73584.22,0.0,0.0,2026-06-29 19:53:58.123537+00:00
2242,Julian,Weaver,1998-03-19,28,2011-11-28,175,A,SMALL_BIZ,180,8343 Megan Road,Ruizport,CA,52298,1,1.0,Y,N,N,N,23128.13,0.0,0.0,2026-06-29 19:53:58.123537+00:00
2251,Kelly,Hernandez,1980-10-10,46,2024-03-14,27,A,DIGITAL,472,108 Jessica Meadows Apt. 924,Carlashire,KY,62037,2,1.0,Y,N,Y,N,77761.0,5000.0,94.5,2026-06-29 19:53:58.123537+00:00
2252,Christopher,Higgins,1972-07-08,54,2024-09-11,21,I,MASS,358,563 Melissa Square Suite 258,Deborahhaven,DC,08893,1,1.0,N,N,Y,N,22236.68,25000.0,88.95,2026-06-29 19:53:58.123537+00:00
2263,Thomas,Scott,1993-03-18,33,2015-05-04,133,I,DIGITAL,439,4124 Joshua Place Suite 288,East Maria,WA,95402,3,3.0,N,Y,Y,Y,84925.18,2000.0,80.95,2026-06-29 19:53:58.123537+00:00
2265,Michele,Morales,1979-08-06,47,2012-01-30,173,A,SMALL_BIZ,252,23016 Stanton Turnpike Apt. 021,North Marissa,MO,31323,1,1.0,Y,N,N,N,25552.26,0.0,0.0,2026-06-29 19:53:58.123537+00:00
2269,Joyce,Sanchez,1983-01-27,43,2021-02-04,64,A,PREMIER,187,6035 Miles Fields Apt. 255,Timothyside,CO,63743,4,4.0,Y,Y,Y,Y,80490.08,15000.0,70.17,2026-06-29 19:53:58.123537+00:00
2276,Joshua,Johnson,1988-07-17,38,2018-08-05,94,A,WEALTH,56,9757 Carter Club,North Crystalstad,OK,73648,1,0.0,N,N,N,Y,59774.35,0.0,0.0,2026-06-29 19:53:58.123537+00:00
2277,Danielle,Flores,1951-12-05,75,2018-07-02,95,A,WEALTH,255,4562 Gregory Cliff Suite 914,North Mariafurt,KS,25385,4,4.0,Y,Y,Y,Y,174627.83,10000.0,54.41,2026-06-29 19:53:58.123537+00:00
2303,Wanda,Shaffer,2003-06-22,23,2024-04-10,26,A,MASS,29,116 Tanya Streets,Brewerberg,WI,15642,1,0.0,Y,N,N,N,-374.03,0.0,0.0,2026-06-29 19:53:58.123537+00:00
2320,Courtney,Green,1994-01-14,32,2024-01-25,29,A,STUDENT,173,969 Jennifer Plaza Suite 001,Simonmouth,ID,70997,2,2.0,N,N,Y,Y,14424.34,25000.0,39.26,2026-06-29 19:53:58.123537+00:00
2321,James,Davis,1978-07-15,48,2025-08-23,10,I,STUDENT,411,901 William Brook Apt. 105,East Lukebury,OH,09716,1,1.0,N,N,N,Y,6261.13,0.0,0.0,2026-06-29 19:53:58.123537+00:00
2337,James,Johnson,1991-03-09,35,2025-04-24,14,A,SMALL_BIZ,105,757 Ortiz Overpass,Grayport,FL,08529,4,2.0,Y,Y,Y,Y,100762.48,15000.0,64.55,2026-06-29 19:53:58.123537+00:00
2353,Lucas,Smith,1993-09-19,33,2013-04-25,158,A,MASS,255,031 William Trafficway Apt. 321,Sarahmouth,PR,22232,3,3.0,Y,N,Y,Y,98469.46,10000.0,42.54,2026-06-29 19:53:58.123537+00:00
2354,Laura,Roach,1963-07-11,63,2018-06-07,96,I,STUDENT,63,843 Lee Villages,Port Nicole,PW,22401,4,3.0,Y,Y,Y,Y,150984.29,25000.0,67.13,2026-06-29 19:53:58.123537+00:00
2369,Daniel,Morris,1944-09-11,82,2011-08-24,178,A,WEALTH,199,16704 Joseph Port Apt. 224,Port Robinchester,PR,57494,2,2.0,N,Y,Y,N,53517.65,25000.0,62.3,2026-06-29 19:53:58.123537+00:00
2375,David,Atkins,1950-09-21,76,2018-05-13,97,A,SMALL_BIZ,217,18009 Sanchez Stream Apt. 665,South Jeffery,MH,42102,1,1.0,N,N,Y,N,21694.5,25000.0,86.78,2026-06-29 19:53:58.123537+00:00
2384,Larry,Gibson,1999-01-03,27,2022-11-01,43,A,STUDENT,352,713 Julia Mountain,New Michael,AR,20439,3,3.0,Y,Y,Y,N,97567.39,25000.0,79.82,2026-06-29 19:53:58.123537+00:00
2385,Robin,Robinson,1951-10-23,75,2019-01-07,89,A,WEALTH,245,206 Hughes Brooks,New Rachel,TX,83052,4,4.0,Y,Y,Y,Y,107626.02,5000.0,81.68,2026-06-29 19:53:58.123537+00:00
2389,John,Shannon,2000-03-12,26,2022-08-09,46,A,STUDENT,115,9730 Curry Oval,North Amandaside,CT,32591,2,2.0,Y,N,N,Y,84023.6,0.0,0.0,2026-06-29 19:53:58.123537+00:00
2418,Natalie,Shelton,1984-04-14,42,2025-11-22,7,A,DIGITAL,46,1743 Katherine Square Apt. 400,Reginaldborough,TX,82678,3,3.0,Y,N,Y,Y,42725.42,25000.0,17.37,2026-06-29 19:53:58.123537+00:00
2423,Laura,Roberts,1971-12-23,55,2025-12-07,6,A,STUDENT,161,44099 Bell Track Suite 061,Colinhaven,NY,82643,2,2.0,N,Y,N,Y,25256.69,0.0,0.0,2026-06-29 19:53:58.123537+00:00
2436,Derek,Spencer,1987-04-10,39,2014-06-20,144,A,STUDENT,93,6760 Kayla Trail Suite 401,Port Keithburgh,WV,06823,2,2.0,Y,N,N,Y,126187.02,0.0,0.0,2026-06-29 19:53:58.123537+00:00
2448,Bruce,Yang,1973-10-01,53,2016-06-07,120,A,PREMIER,205,555 Cameron Avenue Suite 878,South Paultown,FL,79681,1,0.0,N,N,N,Y,17910.83,0.0,0.0,2026-06-29 19:53:58.123537+00:00
2470,Phillip,Hendricks,1992-08-01,34,2016-01-04,125,A,SMALL_BIZ,369,572 Willie Shoal Suite 121,Taylorstad,MN,07163,3,2.0,N,Y,Y,Y,80936.6,10000.0,71.15,2026-06-29 19:53:58.123537+00:00
2503,Andrea,Potts,1982-07-10,44,2012-09-10,165,A,WEALTH,60,8292 Lewis Roads Suite 393,Pacefort,IL,37484,1,1.0,N,Y,N,N,53240.8,0.0,0.0,2026-06-29 19:53:58.123537+00:00
2513,Vicki,Smith,1994-08-19,32,2019-12-19,78,A,SMALL_BIZ,248,46898 Garrison Roads Apt. 277,Sydneytown,VI,43526,4,4.0,Y,Y,Y,Y,154777.68,15000.0,83.86,2026-06-29 19:53:58.123537+00:00
2521,Brian,Mccullough,1988-03-29,38,2019-01-01,89,A,PREMIER,288,74993 Laura Center,Lake Sarahville,CO,17623,3,3.0,N,Y,Y,Y,115962.38,15000.0,81.1,2026-06-29 19:53:58.123537+00:00
2522,Joshua,Harris,1988-10-04,38,2020-10-07,68,A,MASS,175,72344 Ramsey Oval,Frankfurt,OH,99812,3,3.0,Y,N,Y,Y,113477.3,25000.0,96.24,2026-06-29 19:53:58.123537+00:00
2525,Debra,Chavez,2007-01-04,19,2021-11-28,55,A,WEALTH,410,595 Janet Expressway,Port Justin,DC,91534,2,1.0,N,N,Y,Y,7084.85,5000.0,34.43,2026-06-29 19:53:58.123537+00:00
2537,Patrick,Reese,1976-04-04,50,2013-11-30,151,A,MASS,191,59377 Justin Mission Suite 415,New Nicholas,MO,04838,4,4.0,Y,Y,Y,Y,176766.9,10000.0,86.06,2026-06-29 19:53:58.123537+00:00
2543,Scott,Owens,1953-06-21,73,2018-05-24,97,I,PREMIER,227,27651 Schwartz Estate Suite 100,Munoztown,MP,36162,2,1.0,Y,N,Y,N,35779.78,5000.0,45.64,2026-06-29 19:53:58.123537+00:00
2559,William,Norman,1982-04-18,44,2023-07-18,35,A,STUDENT,277,6249 Brooke Plains Suite 187,Garrettside,TX,24080,2,2.0,N,Y,N,Y,51877.89,0.0,0.0,2026-06-29 19:53:58.123537+00:00
2571,Margaret,Martinez,1969-07-21,57,2019-12-26,78,A,MASS,342,4558 Barrera Street Apt. 166,South Johnview,UT,98901,4,4.0,Y,Y,Y,Y,129230.86,5000.0,29.94,2026-06-29 19:53:58.123537+00:00
2573,Justin,Edwards,1950-09-30,76,2015-05-17,133,A,PREMIER,168,89818 Erik Glens Apt. 078,South Melissa,SC,79998,3,3.0,N,Y,Y,Y,98471.46,15000.0,59.09,2026-06-29 19:53:58.123537+00:00
2579,Rebecca,Gomez,1999-07-28,27,2025-03-12,15,A,STUDENT,287,619 Robin Branch,North Sean,AL,51343,3,3.0,Y,Y,Y,N,118328.56,25000.0,99.42,2026-06-29 19:53:58.123537+00:00
2584,Dennis,White,1960-11-15,66,2018-08-10,94,A,SMALL_BIZ,263,63252 Cruz Corner Apt. 352,Jenniferville,MN,37642,4,4.0,Y,Y,Y,Y,91583.09,2000.0,89.71,2026-06-29 19:53:58.123537+00:00
2589,Bethany,Anthony,1979-04-15,47,2024-11-16,19,A,PREMIER,268,12417 Harvey Union Apt. 648,Fowlerport,NE,92147,3,3.0,Y,N,Y,Y,114819.72,10000.0,73.5,2026-06-29 19:53:58.123537+00:00
2594,Keith,Hardin,1970-11-24,56,2024-09-12,21,A,DIGITAL,94,80024 Cesar Walk,North Alexishaven,GA,95946,1,1.0,N,Y,N,N,51437.03,0.0,0.0,2026-06-29 19:53:58.123537+00:00
2604,William,Hill,1990-03-23,36,2016-05-15,121,A,STUDENT,24,1596 Turner Ports Apt. 051,South Michaelhaven,ND,50144,2,2.0,N,Y,Y,N,8247.33,15000.0,5.04,2026-06-29 19:53:58.123537+00:00
2608,Cynthia,Smith,2000-04-15,26,2012-01-09,173,A,DIGITAL,490,24653 Tommy Turnpike,Lake Madison,OR,99210,3,2.0,N,Y,Y,Y,74282.48,15000.0,54.59,2026-06-29 19:53:58.123537+00:00
2615,Hector,Evans,1973-12-07,53,2021-04-16,62,A,WEALTH,302,41521 Angela Manor Suite 417,West Kevinstad,WA,81539,2,2.0,N,N,Y,Y,54928.59,5000.0,43.88,2026-06-29 19:53:58.123537+00:00
2625,Rita,Adams,1971-02-06,55,2017-06-09,108,A,WEALTH,458,80133 Thomas Bridge,North Patriciaville,PR,39593,2,1.0,N,Y,Y,N,53921.6,5000.0,15.51,2026-06-29 19:53:58.123537+00:00
2642,Larry,Morris,1954-07-05,72,2020-07-11,71,A,PREMIER,478,8198 Ramirez Pike Suite 466,Ashleyborough,MN,21556,4,3.0,Y,Y,Y,Y,95024.35,25000.0,21.11,2026-06-29 19:53:58.123537+00:00
2651,Tracy,Wright,1952-10-30,74,2024-05-23,25,A,SMALL_BIZ,485,77230 Jordan Hill Apt. 620,North Michael,OR,16740,1,1.0,N,N,Y,N,887.9,2000.0,44.4,2026-06-29 19:53:58.123537+00:00
2653,Katrina,King,1979-06-16,47,2014-12-16,138,A,SMALL_BIZ,165,40081 Frank Divide Apt. 280,South Lesliefurt,ME,22412,2,2.0,N,Y,N,Y,81397.62,0.0,0.0,2026-06-29 19:53:58.123537+00:00
2659,Katherine,Martin,1988-05-04,38,2017-02-04,112,A,WEALTH,276,41710 Carolyn Turnpike,Justinburgh,FM,20499,1,1.0,N,N,N,Y,34873.79,0.0,0.0,2026-06-29 19:53:58.123537+00:00
2662,Amy,Ross,1974-02-18,52,2022-08-31,46,I,STUDENT,184,0081 William Locks Suite 032,Port Stephaniemouth,NM,98499,4,2.0,Y,Y,Y,Y,151292.08,25000.0,70.02,2026-06-29 19:53:58.123537+00:00
2667,Sara,Cortez,1972-07-03,54,2025-06-16,12,A,DIGITAL,47,884 Edwards Estates Suite 305,South Patriciatown,NY,10393,3,3.0,Y,Y,Y,N,17180.37,25000.0,15.61,2026-06-29 19:53:58.123537+00:00
2693,Adam,Collins,1971-02-10,55,2019-05-04,85,A,MASS,127,57510 Brenda Shoal,New Vanessa,PW,07250,1,1.0,Y,N,N,N,18053.05,0.0,0.0,2026-06-29 19:53:58.123537+00:00
2704,Melanie,Stewart,1942-08-11,84,2023-12-25,30,A,WEALTH,50,7299 Jackson Trafficway Suite 071,Fuentestown,AS,78638,4,4.0,Y,Y,Y,Y,100703.22,15000.0,99.36,2026-06-29 19:53:58.123537+00:00
2715,Mary,May,1990-01-06,36,2015-03-04,135,A,PREMIER,66,18114 Denise Springs,Dudleyville,GU,82092,4,3.0,Y,Y,Y,Y,129942.17,10000.0,16.81,2026-06-29 19:53:58.123537+00:00
2716,Katelyn,Anderson,2001-11-21,25,2014-05-05,145,A,STUDENT,492,4722 Rachel Fields Apt. 859,New Patricia,OH,65803,4,3.0,Y,Y,Y,Y,151994.7,10000.0,59.58,2026-06-29 19:53:58.123537+00:00
2721,Marie,Johnson,1971-08-14,55,2020-11-26,67,I,PREMIER,122,77565 Colon Plain Suite 691,South Markview,GU,57392,2,2.0,Y,N,N,Y,84596.06,0.0,0.0,2026-06-29 19:53:58.123537+00:00
2729,Alan,Fisher,1983-08-31,43,2024-06-16,24,A,DIGITAL,472,78381 Atkins Hollow Suite 376,Rodriguezville,OH,93811,4,4.0,Y,Y,Y,Y,103451.42,10000.0,22.87,2026-06-29 19:53:58.123537+00:00
2732,Barbara,Graham,1995-09-16,31,2018-04-20,98,A,SMALL_BIZ,193,428 Christopher Shoal,Lake Robert,OR,94574,1,1.0,N,N,Y,N,1620.27,2000.0,81.01,2026-06-29 19:53:58.123537+00:00
2752,Robin,Brewer,1982-05-26,44,2022-09-14,45,A,STUDENT,151,20160 Reyes Lights,Anthonyport,PR,99300,2,2.0,N,N,Y,Y,40269.83,2000.0,13.66,2026-06-29 19:53:58.123537+00:00
2761,Cassandra,Lang,1958-10-27,68,2020-12-13,66,A,WEALTH,138,9268 Amy Valleys Suite 309,New Courtneyburgh,IL,29300,3,3.0,Y,Y,N,Y,121411.23,0.0,0.0,2026-06-29 19:53:58.123537+00:00
2775,Stephen,Jones,1990-07-31,36,2019-04-20,86,A,PREMIER,151,58595 Mandy Cliffs Apt. 264,Toddshire,OH,34116,1,1.0,N,N,Y,N,2744.09,5000.0,54.88,2026-06-29 19:53:58.123537+00:00
2779,Denise,Andrade,2005-03-01,21,2015-04-28,134,A,MASS,101,935 Nelson Circle Apt. 561,Christopherton,AS,35487,4,3.0,Y,Y,Y,Y,64907.11,5000.0,52.01,2026-06-29 19:53:58.123537+00:00
2812,Christopher,Wood,1979-08-20,47,2018-07-13,95,A,WEALTH,81,7691 Jeffrey Spring,Berrytown,AL,83770,3,3.0,N,Y,Y,Y,68536.55,2000.0,51.39,2026-06-29 19:53:58.123537+00:00
2822,Jordan,Baldwin,1946-03-16,80,2017-09-17,105,A,SMALL_BIZ,47,0258 Martin Forest,New Lindseyburgh,NH,31575,1,1.0,N,Y,N,N,53844.83,0.0,0.0,2026-06-29 19:53:58.123537+00:00
2824,Jessica,Carter,1943-01-30,83,2018-08-30,94,A,WEALTH,314,8078 Brown Curve Suite 930,Stevenfurt,ME,30966,1,1.0,N,N,Y,N,2604.12,10000.0,26.04,2026-06-29 19:53:58.123537+00:00
2868,Scott,Little,1961-11-25,65,2025-04-17,14,A,PREMIER,35,18205 Kevin Locks,Madisonhaven,UT,76132,1,1.0,Y,N,N,N,67049.35,0.0,0.0,2026-06-29 19:53:58.123537+00:00
2869,Kimberly,Hines,1977-07-29,49,2014-03-20,147,A,MASS,393,624 Mora Path Apt. 140,Lake Danielleville,KY,63807,4,3.0,Y,Y,Y,Y,75781.98,10000.0,14.84,2026-06-29 19:53:58.123537+00:00
2875,Thomas,Chase,1959-07-17,67,2025-05-29,13,A,PREMIER,312,5878 Harrington Row Suite 685,New Johnberg,OR,72631,3,3.0,Y,Y,N,Y,57378.44,0.0,0.0,2026-06-29 19:53:58.123537+00:00
2876,Matthew,Gomez,1961-10-31,65,2013-08-27,154,A,WEALTH,262,27311 Carrie Estate Apt. 804,South Cassandraborough,NH,54769,2,2.0,Y,Y,N,N,98925.24,0.0,0.0,2026-06-29 19:53:58.123537+00:00
2898,Brandon,Rice,1968-01-17,58,2018-09-30,93,A,MASS,85,792 Nelson Extension Apt. 712,North Victoriahaven,NH,16039,4,4.0,Y,Y,Y,Y,68038.75,15000.0,13.99,2026-06-29 19:53:58.123537+00:00
2901,Cynthia,Navarro,1974-06-15,52,2020-01-25,77,A,SMALL_BIZ,104,500 Ramirez Rest Apt. 422,Lake Joshua,CO,76848,3,3.0,N,Y,Y,Y,79143.4,10000.0,0.71,2026-06-29 19:53:58.123537+00:00
2904,Karen,Wang,1982-05-13,44,2026-04-21,2,A,WEALTH,259,625 Kenneth Key Apt. 696,North Samuel,NH,91800,2,2.0,N,Y,Y,N,44491.8,5000.0,28.69,2026-06-29 19:53:58.123537+00:00
2906,Charles,Holland,1990-12-31,35,2021-03-12,63,A,WEALTH,219,74198 William Via Suite 731,Hartmouth,ND,09515,1,1.0,N,N,N,Y,26011.14,0.0,0.0,2026-06-29 19:53:58.123537+00:00
2911,Kayla,Andrews,1972-02-28,54,2021-06-01,60,A,DIGITAL,80,7000 Jones Wells,Mclaughlinland,NV,37035,4,4.0,Y,Y,Y,Y,80271.47,5000.0,69.45,2026-06-29 19:53:58.123537+00:00
2920,Jamie,James,1971-06-05,55,2017-06-12,108,A,SMALL_BIZ,353,64748 Aaron Crossroad,South Lorrainefort,CO,92256,4,4.0,Y,Y,Y,Y,132699.28,2000.0,60.94,2026-06-29 19:53:58.123537+00:00
2944,Diana,Diaz,2001-12-25,25,2013-05-27,157,A,PREMIER,231,04085 Henry Streets Suite 575,West Lorifurt,RI,48944,1,1.0,N,Y,N,N,42552.77,0.0,0.0,2026-06-29 19:53:58.123537+00:00
2946,Jeffrey,Anderson,1998-07-28,28,2014-06-02,144,A,DIGITAL,133,1446 Weaver Walks,East Meganburgh,NE,79617,4,3.0,Y,Y,Y,Y,179828.43,15000.0,44.15,2026-06-29 19:53:58.123537+00:00
2948,Daniel,Perez,1968-07-19,58,2024-09-20,21,A,SMALL_BIZ,86,16394 Lori Lodge Suite 112,South Kevin,IL,09530,2,2.0,N,N,Y,Y,51256.05,5000.0,96.93,2026-06-29 19:53:58.123537+00:00
2970,Gabriel,Walters,1966-07-31,60,2012-12-25,162,A,SMALL_BIZ,228,98078 Eugene Street,South Anthonyport,WY,94180,2,2.0,Y,Y,N,N,81899.22,0.0,0.0,2026-06-29 19:53:58.123537+00:00
2990,Carol,Cox,2008-04-30,18,2020-06-28,72,I,MASS,45,8669 Justin Dale Suite 542,Dianamouth,MI,89224,1,1.0,N,N,Y,N,3812.22,5000.0,76.24,2026-06-29 19:53:58.123537+00:00
3023,Yvonne,Ramos,1979-09-09,47,2012-09-18,165,A,SMALL_BIZ,439,1922 Lee Underpass Suite 619,New Lauramouth,NC,60405,4,3.0,Y,Y,Y,Y,97232.72,25000.0,79.24,2026-06-29 19:53:58.123537+00:00
3027,Cheryl,Massey,1957-10-26,69,2011-10-20,176,I,PREMIER,61,5663 Foster Street Suite 335,Rebekahberg,WV,96939,4,4.0,Y,Y,Y,Y,122052.42,15000.0,39.11,2026-06-29 19:53:58.123537+00:00
3034,Tina,Mueller,1977-07-22,49,2013-05-30,157,A,MASS,6,716 Washington Underpass,New Trevorberg,UT,93582,1,1.0,N,N,Y,N,21934.16,25000.0,87.74,2026-06-29 19:53:58.123537+00:00
3046,Leonard,Smith,1977-08-23,49,2021-08-27,58,A,DIGITAL,495,99043 Daniel Manors Apt. 077,Frankmouth,MA,33094,4,3.0,Y,Y,Y,Y,129640.31,2000.0,16.94,2026-06-29 19:53:58.123537+00:00
3048,Alyssa,Cross,2006-12-21,20,2020-08-24,70,A,PREMIER,285,14531 Micheal Mountains,Christinaside,SC,57585,4,4.0,Y,Y,Y,Y,80264.04,25000.0,29.4,2026-06-29 19:53:58.123537+00:00
3051,Sophia,Berry,1949-07-01,77,2012-10-26,164,A,PREMIER,44,874 Jenkins Islands,New Raymond,IL,90177,2,1.0,Y,N,N,Y,51149.6,0.0,0.0,2026-06-29 19:53:58.123537+00:00
3058,Allison,Smith,1952-10-12,74,2025-11-12,7,A,STUDENT,108,21005 Brandy Via,South Julia,NE,53871,3,3.0,Y,N,Y,Y,70506.46,5000.0,19.93,2026-06-29 19:53:58.123537+00:00
3066,Henry,Stone,1961-01-06,65,2016-09-11,117,A,WEALTH,43,994 Sullivan Ridge,Michaelfurt,GA,09375,4,4.0,Y,Y,Y,Y,121294.28,25000.0,15.51,2026-06-29 19:53:58.123537+00:00
3067,Carrie,Osborn,2001-10-21,25,2018-11-30,91,A,SMALL_BIZ,74,520 Herrera Walks,Port Jennifershire,GU,55700,2,2.0,N,Y,N,Y,39526.24,0.0,0.0,2026-06-29 19:53:58.123537+00:00
3083,Marcia,Russo,2006-02-02,20,2012-04-09,170,A,STUDENT,179,92594 Watson Place,Conleyville,KY,69012,4,4.0,Y,Y,Y,Y,107723.33,10000.0,51.88,2026-06-29 19:53:58.123537+00:00
3087,Alexis,Weeks,1955-05-06,71,2021-01-16,65,A,STUDENT,305,28409 Suzanne Stream,Douglasbury,MN,04353,1,1.0,Y,N,N,N,35801.22,0.0,0.0,2026-06-29 19:53:58.123537+00:00
3090,Nathan,Monroe,2007-08-16,19,2023-10-27,32,A,SMALL_BIZ,65,4301 Jones Wall,Port Bradleymouth,CA,97677,1,1.0,N,N,Y,N,14719.07,25000.0,58.88,2026-06-29 19:53:58.123537+00:00
3095,Lisa,Freeman,1960-02-15,66,2024-12-06,18,A,STUDENT,147,405 Jonathan Burgs Apt. 650,Hillside,GU,19980,2,2.0,Y,N,Y,N,21956.85,25000.0,60.98,2026-06-29 19:53:58.123537+00:00
3112,John,Rice,1999-11-14,27,2012-07-11,167,A,DIGITAL,264,52409 Jasmine Freeway,Deanmouth,MO,11137,1,1.0,N,Y,N,N,40803.99,0.0,0.0,2026-06-29 19:53:58.123537+00:00
3115,Mitchell,Thomas,1952-11-15,74,2025-05-28,13,A,SMALL_BIZ,128,25573 Keith View Suite 936,Jacobhaven,PA,76424,3,3.0,Y,Y,Y,N,70265.64,25000.0,71.51,2026-06-29 19:53:58.123537+00:00
3128,Paul,Cox,1990-08-19,36,2018-02-10,100,A,DIGITAL,241,4707 Church Causeway Apt. 100,Davidland,FM,87843,2,2.0,N,Y,Y,N,17400.15,25000.0,64.32,2026-06-29 19:53:58.123537+00:00
3138,Richard,Casey,1979-03-28,47,2013-10-25,152,A,PREMIER,216,131 Jeffrey Course,Leetown,SC,79091,4,4.0,Y,Y,Y,Y,84270.66,15000.0,62.3,2026-06-29 19:53:58.123537+00:00
3157,Suzanne,Flores,1994-06-26,32,2021-06-20,60,I,PREMIER,443,4220 Wang Points,Williamville,OR,92465,3,2.0,N,Y,Y,Y,24826.66,5000.0,78.21,2026-06-29 19:53:58.123537+00:00
3159,Patricia,Butler,1995-01-17,31,2011-09-23,177,I,DIGITAL,173,5459 Smith Corner Apt. 075,Krystalside,SD,61526,4,3.0,Y,Y,Y,Y,178053.11,2000.0,5.49,2026-06-29 19:53:58.123537+00:00
3189,Karen,Brown,2006-05-10,20,2015-03-31,135,I,PREMIER,85,17706 Nguyen Coves Suite 904,Amystad,TN,18012,3,2.0,Y,N,Y,Y,72996.62,5000.0,99.53,2026-06-29 19:53:58.123537+00:00
3194,Mary,Hayes,1945-11-27,81,2015-05-29,133,A,WEALTH,258,6151 Brenda Gateway Apt. 043,Stephenfurt,MD,81757,3,3.0,Y,N,Y,Y,52628.41,5000.0,58.11,2026-06-29 19:53:58.123537+00:00
3199,Douglas,Christensen,2001-09-23,25,2018-03-27,99,A,MASS,475,81989 Stephanie Hills,Lake Thomasside,NE,43334,3,3.0,Y,Y,N,Y,82608.48,0.0,0.0,2026-06-29 19:53:58.123537+00:00
3204,Philip,Torres,1964-02-03,62,2011-10-25,176,I,MASS,370,9176 Kathleen Court Suite 300,New Jill,IL,96523,3,3.0,Y,N,Y,Y,92240.68,5000.0,23.52,2026-06-29 19:53:58.123537+00:00
3215,Teresa,Buchanan,1962-06-07,64,2025-02-24,16,A,MASS,76,70336 Sophia Spring Suite 947,New Natalie,TN,50620,4,4.0,Y,Y,Y,Y,85257.2,15000.0,88.89,2026-06-29 19:53:58.123537+00:00
3217,Cynthia,Maddox,1950-01-04,76,2016-04-16,122,A,DIGITAL,97,54290 Huynh Freeway Apt. 892,Stewartfurt,HI,25849,1,1.0,N,N,Y,N,2707.51,5000.0,54.15,2026-06-29 19:53:58.123537+00:00
3227,Carla,Martinez,1984-10-05,42,2025-10-11,8,A,DIGITAL,128,810 Robinson Meadow,Lopezbury,ID,79035,2,2.0,Y,Y,N,N,84006.72,0.0,0.0,2026-06-29 19:53:58.123537+00:00
3234,Shawn,Martin,1959-12-24,67,2022-01-10,53,A,SMALL_BIZ,137,325 Jackson Road,Lake Alicia,WY,18005,2,1.0,Y,N,Y,N,14145.69,5000.0,61.82,2026-06-29 19:53:58.123537+00:00
3236,Leslie,Le,1978-07-07,48,2016-12-28,114,A,STUDENT,152,96097 Moore Rue Suite 521,Miamouth,NY,48539,3,3.0,Y,Y,N,Y,81247.03,0.0,0.0,2026-06-29 19:53:58.123537+00:00
3252,Adrian,Miles,1955-06-26,71,2020-03-08,75,A,PREMIER,442,268 Reed Pass Suite 410,Lake Jenniferfort,GA,21233,3,3.0,Y,Y,Y,N,62214.92,10000.0,67.86,2026-06-29 19:53:58.123537+00:00
3288,Malik,Fowler,1990-02-22,36,2019-07-23,83,A,SMALL_BIZ,486,46297 Mark Station,Jamesland,FM,65623,3,3.0,Y,Y,N,Y,115080.29,0.0,0.0,2026-06-29 19:53:58.123537+00:00
3321,David,Huffman,1968-12-31,57,2011-08-24,178,A,PREMIER,457,6798 Shea Park Suite 088,Port Joseph,HI,14904,3,3.0,Y,N,Y,Y,53369.55,15000.0,22.69,2026-06-29 19:53:58.123537+00:00
3323,Paul,Buckley,1972-07-10,54,2021-11-21,55,A,DIGITAL,291,8299 Philip Locks,Huffmanbury,SC,41255,1,1.0,N,N,N,Y,47157.41,0.0,0.0,2026-06-29 19:53:58.123537+00:00
3329,Matthew,Vega,1944-06-06,82,2014-03-20,147,A,PREMIER,92,749 Thomas Lock,South Ryanmouth,WY,47088,2,1.0,N,N,Y,Y,29640.05,5000.0,69.21,2026-06-29 19:53:58.123537+00:00
3333,Alicia,Benson,1988-04-26,38,2011-10-18,176,A,MASS,206,83563 Julia Haven Suite 164,Perryview,NE,67468,4,4.0,Y,Y,Y,Y,153336.15,25000.0,71.83,2026-06-29 19:53:58.123537+00:00
3342,Daniel,Wade,1945-07-06,81,2023-04-01,38,A,SMALL_BIZ,48,8037 Phelps Courts,Wuview,GU,43747,3,3.0,Y,N,Y,Y,39630.2,15000.0,2.8,2026-06-29 19:53:58.123537+00:00
3346,Linda,Thomas,1983-12-05,43,2019-07-27,83,A,WEALTH,169,5981 Bryant Camp Suite 108,Leslieview,AR,91313,3,3.0,Y,Y,N,Y,17742.64,0.0,0.0,2026-06-29 19:53:58.123537+00:00
3384,Russell,Hall,1983-04-28,43,2015-08-17,130,A,STUDENT,224,2342 Sara Summit Apt. 893,Baxterton,AS,01002,1,1.0,N,N,Y,N,679.59,2000.0,33.98,2026-06-29 19:53:58.123537+00:00
3386,Angela,Stewart,1997-10-27,29,2013-10-02,152,I,SMALL_BIZ,146,5209 Katie Overpass Apt. 815,Port Anna,TX,04677,2,2.0,N,N,Y,Y,71946.37,25000.0,68.09,2026-06-29 19:53:58.123537+00:00
3393,Christopher,Marquez,1955-10-15,71,2012-12-26,162,I,STUDENT,196,6468 Daniel Ramp,Wilsonstad,AS,14686,4,3.0,Y,Y,Y,Y,126676.7,15000.0,81.92,2026-06-29 19:53:58.123537+00:00
3394,Patrick,Gilbert,1971-02-21,55,2022-07-08,47,A,WEALTH,487,5344 Heath Prairie Apt. 301,East Jane,VT,64655,2,2.0,Y,N,N,Y,93601.14,0.0,0.0,2026-06-29 19:53:58.123537+00:00
3399,Jamie,Edwards,1966-10-17,60,2023-04-01,38,A,PREMIER,461,0183 Rivers Hollow Apt. 932,Chadstad,SD,93450,4,4.0,Y,Y,Y,Y,127413.57,5000.0,42.65,2026-06-29 19:53:58.123537+00:00
3401,Andrew,Mcconnell,1981-09-20,45,2018-07-01,95,A,STUDENT,420,4362 Tina Streets,Amberville,TN,11638,1,1.0,N,Y,N,N,53635.29,0.0,0.0,2026-06-29 19:53:58.123537+00:00
3421,Mary,Berry,1950-05-10,76,2024-05-06,25,A,DIGITAL,322,83241 Sarah Curve,Robertotown,MS,29887,2,2.0,Y,N,N,Y,30198.11,0.0,0.0,2026-06-29 19:53:58.123537+00:00
3455,Sandy,Snyder,1972-11-12,54,2026-02-16,4,I,MASS,204,261 Anthony Islands Suite 907,Evansfurt,TN,59578,4,3.0,Y,Y,Y,Y,118960.09,25000.0,23.56,2026-06-29 19:53:58.123537+00:00
3456,Rachel,Jensen,1946-11-06,80,2018-05-07,97,A,DIGITAL,415,42334 Santiago Gardens,Leonstad,AL,20102,1,1.0,Y,N,N,N,29840.5,0.0,0.0,2026-06-29 19:53:58.123537+00:00
3465,Eric,Garcia,2005-07-21,21,2018-06-02,96,A,PREMIER,288,57751 Abigail Route Apt. 444,New Wanda,KS,43002,4,4.0,Y,Y,Y,Y,127129.5,2000.0,92.98,2026-06-29 19:53:58.123537+00:00
3467,Francisco,Olson,1963-09-07,63,2012-09-13,165,A,SMALL_BIZ,388,421 Rodriguez Mall Suite 943,East Brian,IN,16520,2,2.0,Y,Y,N,N,83431.33,0.0,0.0,2026-06-29 19:53:58.123537+00:00
3468,Lee,Small,2003-09-11,23,2012-06-24,168,A,MASS,102,4149 Shawn Park,Lake James,SD,78579,3,3.0,Y,Y,Y,N,49526.29,15000.0,84.24,2026-06-29 19:53:58.123537+00:00
3472,Justin,Bishop,1968-08-24,58,2024-02-29,28,A,DIGITAL,296,823 Barrett Stream,Ericton,MH,09622,1,1.0,N,N,Y,N,24640.21,25000.0,98.56,2026-06-29 19:53:58.123537+00:00
3492,Jennifer,Graham,1987-07-27,39,2020-02-18,76,A,MASS,358,9995 Fox Squares Apt. 324,East Kendra,MS,44656,2,1.0,N,Y,N,Y,63602.54,0.0,0.0,2026-06-29 19:53:58.123537+00:00
3499,Ruth,Knight,1969-10-15,57,2016-03-09,123,A,MASS,393,147 Johnson Rue Suite 928,Nicholasfort,ND,93597,4,3.0,Y,Y,Y,Y,176728.45,25000.0,64.81,2026-06-29 19:53:58.123537+00:00
3500,Krista,Best,1988-05-19,38,2011-08-08,178,A,MASS,286,1337 Daniel Field,Markton,OR,87386,2,1.0,Y,Y,N,N,58207.21,0.0,0.0,2026-06-29 19:53:58.123537+00:00
3511,Latoya,Wells,1968-10-12,58,2020-11-04,67,A,PREMIER,143,03010 James Port,Smithmouth,WV,14317,3,3.0,Y,N,Y,Y,51616.07,5000.0,26.71,2026-06-29 19:53:58.123537+00:00
3516,Shannon,Sanders,1944-03-17,82,2025-09-10,9,I,WEALTH,181,990 Diane Place Suite 467,Henryton,NH,42177,1,1.0,N,N,N,Y,55755.05,0.0,0.0,2026-06-29 19:53:58.123537+00:00
3517,Leah,Hill,1970-04-20,56,2025-10-16,8,A,STUDENT,44,42969 Murray Radial,New Erin,IN,35883,4,4.0,Y,Y,Y,Y,48841.38,5000.0,2.19,2026-06-29 19:53:58.123537+00:00
3528,Morgan,Farrell,1946-02-01,80,2026-02-25,4,A,PREMIER,273,619 Jacqueline Terrace Apt. 029,Travisberg,RI,25680,4,3.0,Y,Y,Y,Y,142257.67,2000.0,73.52,2026-06-29 19:53:58.123537+00:00
3533,Paul,Lopez,1994-05-09,32,2016-10-04,116,A,MASS,327,3909 Alexis Trace,Port Holly,PW,29217,2,2.0,Y,N,Y,N,11826.49,10000.0,10.66,2026-06-29 19:53:58.123537+00:00
3541,Roberta,Snyder,1956-09-06,70,2021-04-17,62,A,MASS,452,920 Samuel Cove,Kathleenport,IN,07547,4,4.0,Y,Y,Y,Y,112806.16,10000.0,42.95,2026-06-29 19:53:58.123537+00:00
3546,Anna,Wilson,1997-12-21,29,2020-05-12,73,A,DIGITAL,269,431 Benjamin Dale,West Michael,HI,94257,4,3.0,Y,Y,Y,Y,73744.89,15000.0,50.16,2026-06-29 19:53:58.123537+00:00
3553,Kevin,Johnson,1946-07-11,80,2016-02-03,124,A,STUDENT,397,789 Danielle Canyon,Lake Alexisland,OR,40917,1,1.0,Y,N,N,N,54411.33,0.0,0.0,2026-06-29 19:53:58.123537+00:00
3573,Keith,Wright,1981-01-26,45,2025-01-28,17,I,MASS,8,09015 Reynolds Station,South Katelynmouth,FM,71736,4,3.0,Y,Y,Y,Y,86488.77,10000.0,68.42,2026-06-29 19:53:58.123537+00:00
3579,Susan,Andrews,1950-05-26,76,2014-09-29,141,A,PREMIER,366,55841 Gonzalez Spring Suite 470,Michelleshire,TN,03556,4,4.0,Y,Y,Y,Y,139752.38,5000.0,28.56,2026-06-29 19:53:58.123537+00:00
3612,Vickie,Day,2003-01-04,23,2017-08-05,106,A,PREMIER,35,06048 Cunningham Key,Whiteport,NH,75590,1,1.0,N,N,N,Y,1448.93,0.0,0.0,2026-06-29 19:53:58.123537+00:00
3622,Brandon,White,1996-08-01,30,2014-12-26,138,A,DIGITAL,262,5402 Timothy Skyway Apt. 972,North Dominique,AL,13369,2,2.0,Y,N,Y,N,14586.65,15000.0,93.23,2026-06-29 19:53:58.123537+00:00
3627,George,Johnson,1952-02-24,74,2017-02-17,112,A,WEALTH,417,2710 Rivers Ranch,Coreyfort,OH,65233,2,2.0,Y,N,N,Y,31007.31,0.0,0.0,2026-06-29 19:53:58.123537+00:00
3634,Mary,Wallace,1971-07-30,55,2014-01-21,149,A,STUDENT,439,29165 Brian Street,West Maryton,NH,83033,1,1.0,N,Y,N,N,24117.61,0.0,0.0,2026-06-29 19:53:58.123537+00:00
3636,Kenneth,Barton,1997-06-23,29,2014-06-02,144,A,WEALTH,263,561 Lindsey Fort,Georgefurt,AS,88721,4,4.0,Y,Y,Y,Y,105787.6,2000.0,59.67,2026-06-29 19:53:58.123537+00:00
3641,John,Williams,2000-03-02,26,2023-05-30,37,A,STUDENT,338,776 Dwayne Greens,Lake Christopher,NH,44965,4,3.0,Y,Y,Y,Y,120634.41,10000.0,51.94,2026-06-29 19:53:58.123537+00:00
3645,Kristy,Hale,1997-08-18,29,2013-07-29,155,A,PREMIER,16,5426 Rogers Points,South John,SC,87037,2,1.0,N,Y,Y,N,70344.04,25000.0,68.14,2026-06-29 19:53:58.123537+00:00
3646,Scott,Henderson,1947-06-25,79,2013-09-11,153,A,DIGITAL,50,0924 Baker Canyon Apt. 004,East Aaron,DE,44736,4,4.0,Y,Y,Y,Y,144016.1,5000.0,32.62,2026-06-29 19:53:58.123537+00:00
3655,Kelly,Carter,1994-09-25,32,2019-01-04,89,A,WEALTH,69,9873 Santos Land,East Erin,HI,57946,3,3.0,N,Y,Y,Y,76988.6,5000.0,91.96,2026-06-29 19:53:58.123537+00:00
3679,Jason,Collins,1990-01-30,36,2019-05-16,85,A,MASS,455,21691 Denise Villages,Jamestown,NY,68543,2,2.0,Y,N,N,Y,85351.0,0.0,0.0,2026-06-29 19:53:58.123537+00:00
3692,Kathy,Kelly,2002-11-23,24,2014-08-10,142,A,WEALTH,357,45794 Barrett Roads,South Sheilafurt,CT,57852,4,4.0,Y,Y,Y,Y,155123.0,10000.0,38.16,2026-06-29 19:53:58.123537+00:00
3701,Vincent,Russell,1967-07-30,59,2018-05-18,97,A,WEALTH,93,824 Robert Rapid,Colinmouth,IN,45738,2,2.0,Y,Y,N,N,112075.89,0.0,0.0,2026-06-29 19:53:58.123537+00:00
3702,Patricia,Smith,1978-07-06,48,2024-05-19,25,A,MASS,180,82487 Gates Ford Apt. 090,South Danielmouth,ND,12251,4,4.0,Y,Y,Y,Y,82804.07,5000.0,47.3,2026-06-29 19:53:58.123537+00:00
3706,Joseph,Campbell,1973-02-17,53,2021-12-22,54,I,WEALTH,362,118 Byrd Port,Shieldsville,RI,97822,2,2.0,Y,N,Y,N,42163.89,15000.0,19.82,2026-06-29 19:53:58.123537+00:00
3714,Charles,Hayes,1982-02-17,44,2019-01-14,89,A,STUDENT,119,12215 Joyce Harbor Suite 558,South Robert,PA,78507,2,2.0,Y,N,N,Y,109936.66,0.0,0.0,2026-06-29 19:53:58.123537+00:00
3723,Eric,Bryant,1999-11-11,27,2011-11-24,175,I,WEALTH,95,09083 Henry Island Suite 799,Lake Ashlee,TX,51688,2,2.0,N,Y,N,Y,105621.31,0.0,0.0,2026-06-29 19:53:58.123537+00:00
3735,Calvin,Roberts,2008-01-13,18,2020-02-27,76,A,PREMIER,128,2907 Nathan Points,North Donnachester,SC,39757,3,3.0,N,Y,Y,Y,84121.14,15000.0,93.35,2026-06-29 19:53:58.123537+00:00
3736,Jennifer,Chavez,1979-12-15,47,2025-06-09,12,A,MASS,173,7348 Harmon Isle,Andrewhaven,AL,64720,4,4.0,Y,Y,Y,Y,149501.87,10000.0,87.45,2026-06-29 19:53:58.123537+00:00
3747,Anne,Yu,1993-07-02,33,2017-11-26,103,A,MASS,133,527 Brown Stravenue,Owentown,RI,03054,4,3.0,Y,Y,Y,Y,141973.34,15000.0,8.58,2026-06-29 19:53:58.123537+00:00
3766,Aaron,Contreras,1952-06-30,74,2022-09-18,45,A,PREMIER,312,2998 Suzanne Valleys,New Courtneyport,CO,22675,3,2.0,Y,Y,N,Y,106915.67,0.0,0.0,2026-06-29 19:53:58.123537+00:00
3772,Joan,Brown,1983-09-10,43,2012-07-31,167,I,STUDENT,258,358 Elizabeth Walks,East Jacob,TX,73329,1,1.0,Y,N,N,N,744.45,0.0,0.0,2026-06-29 19:53:58.123537+00:00
3786,Jamie,Ferrell,2003-08-11,23,2018-06-01,96,A,MASS,61,30533 Angela Station Apt. 210,Brittanytown,IA,17136,4,4.0,Y,Y,Y,Y,141793.87,5000.0,85.83,2026-06-29 19:53:58.123537+00:00
3791,Kurt,Watkins,2001-03-19,25,2019-08-16,82,A,STUDENT,365,51664 Paul Corners,East Robert,NJ,81640,1,1.0,N,N,N,Y,30534.53,0.0,0.0,2026-06-29 19:53:58.123537+00:00
3794,Brian,Hayes,1970-05-18,56,2015-09-27,129,A,DIGITAL,264,380 Angela Unions Apt. 660,Fuentesfort,TX,02428,3,2.0,Y,N,Y,Y,97543.46,5000.0,8.58,2026-06-29 19:53:58.123537+00:00
3800,Amy,Navarro,2006-09-22,20,2014-01-19,149,A,SMALL_BIZ,428,349 Bradley Mount Apt. 490,Heatherport,OK,27737,2,1.0,N,Y,Y,N,43785.31,25000.0,10.6,2026-06-29 19:53:58.123537+00:00
3802,Nancy,Ryan,1970-01-13,56,2023-10-26,32,I,SMALL_BIZ,393,354 Andre Brook Apt. 049,East Josephberg,SC,69177,4,2.0,Y,Y,Y,Y,83443.03,25000.0,12.07,2026-06-29 19:53:58.123537+00:00
3816,Brittany,Barton,1981-04-19,45,2012-01-29,173,A,MASS,311,249 Heather Turnpike,New Dylan,NC,82405,1,1.0,N,Y,N,N,26505.05,0.0,0.0,2026-06-29 19:53:58.123537+00:00
3820,Amy,Proctor,1990-05-17,36,2021-05-15,61,A,STUDENT,276,73288 Moore Parkway Suite 202,West David,ME,41182,4,3.0,Y,Y,Y,Y,149391.5,25000.0,93.36,2026-06-29 19:53:58.123537+00:00
3826,Richard,Myers,1953-06-27,73,2024-11-04,19,A,MASS,45,22678 Juan Green Apt. 470,Gonzalesfort,DE,57504,4,4.0,Y,Y,Y,Y,178708.43,15000.0,34.08,2026-06-29 19:53:58.123537+00:00
3831,Jennifer,Moore,2002-10-25,24,2019-01-14,89,A,SMALL_BIZ,398,719 Chavez Plains,West Hollyton,KS,30880,4,4.0,Y,Y,Y,Y,160504.74,15000.0,92.02,2026-06-29 19:53:58.123537+00:00
3838,Gregory,Francis,1952-09-28,74,2024-11-29,19,A,MASS,68,908 Johnson Gateway Suite 428,Williamsland,NC,82178,2,1.0,N,Y,Y,N,75120.25,10000.0,58.2,2026-06-29 19:53:58.123537+00:00
3842,Melanie,Clarke,1987-04-15,39,2022-07-09,47,A,PREMIER,215,545 Combs Burg Apt. 571,Navarrotown,CT,36914,3,3.0,Y,Y,N,Y,48071.71,0.0,0.0,2026-06-29 19:53:58.123537+00:00
3846,Sarah,Thompson,1992-07-05,34,2022-04-08,50,A,DIGITAL,449,9859 Martinez Neck Suite 860,Schmidtfurt,WA,49763,4,4.0,Y,Y,Y,Y,160030.52,25000.0,39.51,2026-06-29 19:53:58.123537+00:00
3859,Mark,Rodriguez,1971-11-20,55,2016-05-13,121,A,WEALTH,415,1744 Mitchell Club Apt. 850,Krystalchester,VA,12216,4,4.0,Y,Y,Y,Y,134123.3,2000.0,21.05,2026-06-29 19:53:58.123537+00:00
3866,Thomas,Brown,1949-08-31,77,2020-04-26,74,A,STUDENT,277,86515 Hensley Streets Suite 515,South Stephanietown,CO,27010,1,1.0,N,N,Y,N,864.34,2000.0,43.22,2026-06-29 19:53:58.123537+00:00
3871,William,Sparks,1963-03-25,63,2023-01-08,41,A,STUDENT,203,70801 Scott Neck Suite 150,Hernandezhaven,VI,80721,4,4.0,Y,Y,Y,Y,117126.38,2000.0,76.77,2026-06-29 19:53:58.123537+00:00
3873,Matthew,Yang,1974-07-03,52,2016-07-13,119,A,MASS,212,78826 Johnson Loaf Suite 636,Fordborough,NJ,34885,1,1.0,N,Y,N,N,36216.39,0.0,0.0,2026-06-29 19:53:58.123537+00:00
3887,Dana,Alexander,1956-05-15,70,2018-03-10,99,I,MASS,141,79221 Anthony Cliffs Suite 237,New Joshua,LA,83060,2,2.0,Y,N,Y,N,75546.85,2000.0,50.88,2026-06-29 19:53:58.123537+00:00
3890,Susan,Fox,1966-03-15,60,2014-08-11,142,A,DIGITAL,496,2556 Xavier Dale Apt. 583,West Sandraberg,VA,62978,2,2.0,N,Y,Y,N,36444.56,25000.0,50.16,2026-06-29 19:53:58.123537+00:00
3892,Bryan,Gonzalez,1990-11-15,36,2014-05-01,145,A,STUDENT,126,67965 Julie Flats,South Marc,KY,92331,3,3.0,Y,Y,Y,N,73746.22,15000.0,59.95,2026-06-29 19:53:58.123537+00:00
3900,Mark,Montgomery,1999-04-18,27,2025-07-18,11,I,WEALTH,304,409 Douglas Fork Apt. 011,South Brian,AZ,64820,2,2.0,Y,Y,N,N,94624.04,0.0,0.0,2026-06-29 19:53:58.123537+00:00
3903,Scott,Martinez,1978-04-19,48,2014-03-14,147,I,PREMIER,393,08274 Stacey Harbors Suite 309,Thomasport,TN,49014,1,1.0,Y,N,N,N,69800.0,0.0,0.0,2026-06-29 19:53:58.123537+00:00
3910,Joel,Jackson,1957-04-27,69,2019-09-15,81,A,STUDENT,285,6788 Carter Divide Suite 242,Stacyview,NY,51833,4,4.0,Y,Y,Y,Y,129558.38,15000.0,15.12,2026-06-29 19:53:58.123537+00:00
3911,John,Lane,1985-04-06,41,2021-12-20,54,A,PREMIER,218,95332 Franklin Street Apt. 998,Port Johnmouth,DC,46855,1,1.0,Y,N,N,N,8543.33,0.0,0.0,2026-06-29 19:53:58.123537+00:00
3912,Angela,Parker,2001-06-03,25,2014-07-10,143,A,WEALTH,66,9201 Joshua Springs Apt. 210,Patriciafort,MS,90766,3,3.0,N,Y,Y,Y,69648.85,10000.0,86.65,2026-06-29 19:53:58.123537+00:00
3921,Bethany,Grant,2001-06-24,25,2016-05-14,121,I,STUDENT,333,66653 Hill Rue,Waltersberg,TN,10944,4,4.0,Y,Y,Y,Y,70307.17,5000.0,44.04,2026-06-29 19:53:58.123537+00:00
3928,Willie,Lopez,1988-09-20,38,2017-01-16,113,A,DIGITAL,241,6493 Mcbride Drives,Port Brittany,AR,21490,2,2.0,N,N,Y,Y,54594.87,25000.0,95.44,2026-06-29 19:53:58.123537+00:00
3936,Andrew,Turner,1980-10-23,46,2016-09-07,117,A,MASS,320,9843 Nichols Plains,Port Randyberg,GU,70017,2,2.0,Y,N,Y,N,39860.48,25000.0,2.91,2026-06-29 19:53:58.123537+00:00
3940,Brandon,Hernandez,2006-04-22,20,2013-08-28,154,A,MASS,289,7850 Kelli Ports Suite 499,East Ryanland,PW,06961,1,1.0,Y,N,N,N,69291.01,0.0,0.0,2026-06-29 19:53:58.123537+00:00
3947,Jessica,Johnson,1954-10-03,72,2020-10-13,68,A,MASS,40,17308 Robert Loop Suite 035,Lyonsborough,AZ,82798,1,1.0,Y,N,N,N,66770.66,0.0,0.0,2026-06-29 19:53:58.123537+00:00
3948,Matthew,Herrera,1979-10-22,47,2017-12-04,102,A,STUDENT,414,247 Brooks Stravenue,Jacobhaven,PR,56267,4,4.0,Y,Y,Y,Y,69354.95,10000.0,61.7,2026-06-29 19:53:58.123537+00:00
3969,Jennifer,Mitchell,1984-07-04,42,2014-10-19,140,A,MASS,321,608 Schwartz Union,North Tyler,AR,30995,3,3.0,N,Y,Y,Y,130171.25,25000.0,2.13,2026-06-29 19:53:58.123537+00:00
3970,Christina,Velez,1958-03-22,68,2013-05-08,157,A,SMALL_BIZ,475,43112 Dana Prairie,Lake Walterport,NE,83592,2,1.0,N,Y,Y,N,41570.7,15000.0,56.07,2026-06-29 19:53:58.123537+00:00
3972,Kyle,Brown,1966-03-09,60,2024-10-24,20,A,PREMIER,20,65507 Parrish Shoals,Goodmanton,MP,39026,1,1.0,N,Y,N,N,10215.5,0.0,0.0,2026-06-29 19:53:58.123537+00:00
3973,Whitney,Watson,1971-02-28,55,2021-08-04,58,A,STUDENT,458,53283 Nathan Walk Apt. 236,East Susan,MD,77636,3,3.0,Y,Y,N,Y,93652.28,0.0,0.0,2026-06-29 19:53:58.123537+00:00
3996,Brent,Chapman,1992-01-30,34,2023-05-09,37,A,MASS,429,7136 Simmons Stravenue Suite 666,Johnsonton,PW,47856,4,4.0,Y,Y,Y,Y,81711.44,15000.0,43.98,2026-06-29 19:53:58.123537+00:00
3997,Johnny,Smith,1986-02-23,40,2013-05-06,157,A,SMALL_BIZ,387,07412 Adam Roads Apt. 497,Cunninghamport,WV,87276,3,3.0,N,Y,Y,Y,81320.29,10000.0,31.17,2026-06-29 19:53:58.123537+00:00
4019,Kimberly,West,1981-05-21,45,2024-09-10,21,A,MASS,173,218 Jessica Hills,North Oliviaburgh,AR,75506,4,4.0,Y,Y,Y,Y,142987.83,2000.0,71.22,2026-06-29 19:53:58.123537+00:00
4022,Lisa,York,2003-08-27,23,2019-01-27,89,A,PREMIER,225,057 Casey Divide,Brettland,MP,71564,4,4.0,Y,Y,Y,Y,138915.7,2000.0,18.42,2026-06-29 19:53:58.123537+00:00
4024,Shannon,Beard,1950-10-02,76,2022-10-18,44,I,SMALL_BIZ,205,2010 Mary Throughway Suite 183,Mirandaland,WI,56788,1,1.0,N,Y,N,N,74188.49,0.0,0.0,2026-06-29 19:53:58.123537+00:00
4030,Christopher,Moore,1947-08-16,79,2021-02-26,64,A,DIGITAL,263,566 Rhodes Groves,South John,PW,06195,3,3.0,Y,N,Y,Y,56818.74,2000.0,50.35,2026-06-29 19:53:58.123537+00:00
4038,Angela,Cook,2001-05-16,25,2021-10-18,56,A,MASS,42,0481 Berg Viaduct,North Benjamin,AS,71724,4,4.0,Y,Y,Y,Y,175949.08,10000.0,64.26,2026-06-29 19:53:58.123537+00:00
4055,Jason,Cortez,1989-05-18,37,2013-02-06,160,A,MASS,223,79574 Mark Ports,East Kimberlyhaven,IL,00926,3,3.0,N,Y,Y,Y,50604.29,10000.0,79.89,2026-06-29 19:53:58.123537+00:00
4062,Todd,Buck,1945-09-22,81,2022-10-06,44,A,SMALL_BIZ,376,47304 Denise Mountains Suite 977,Lake Michael,MS,73333,4,3.0,Y,Y,Y,Y,103388.03,15000.0,83.35,2026-06-29 19:53:58.123537+00:00
4064,Crystal,Payne,1977-07-21,49,2022-09-22,45,A,STUDENT,260,465 Browning Unions,Haynesport,NH,15852,2,1.0,Y,Y,N,N,64375.53,0.0,0.0,2026-06-29 19:53:58.123537+00:00
4070,Randy,Montgomery,1958-03-04,68,2026-01-15,5,I,STUDENT,498,084 Foster Summit,North Lauraport,GU,55722,3,3.0,Y,Y,Y,N,97851.48,25000.0,49.04,2026-06-29 19:53:58.123537+00:00
4092,Brian,Sanders,1969-07-18,57,2021-12-10,54,A,MASS,475,59486 Miller Alley,Turnerstad,PR,83126,2,1.0,Y,Y,N,N,68289.95,0.0,0.0,2026-06-29 19:53:58.123537+00:00
4095,Sylvia,Yates,1953-03-18,73,2015-11-17,127,A,WEALTH,495,75040 Gonzalez Corners,Port Maryfurt,IL,16682,3,3.0,Y,Y,N,Y,133670.83,0.0,0.0,2026-06-29 19:53:58.123537+00:00
4097,Christina,Price,1968-05-16,58,2022-11-19,43,A,STUDENT,438,80128 Ian Lights,New Amy,UT,67409,2,1.0,N,N,Y,Y,26766.95,10000.0,39.62,2026-06-29 19:53:58.123537+00:00
4106,Lisa,Jones,1959-02-13,67,2013-12-09,150,A,SMALL_BIZ,167,8220 Cooper Trafficway,Justinview,DC,08769,2,2.0,N,N,Y,Y,40760.24,5000.0,61.77,2026-06-29 19:53:58.123537+00:00
4112,Karen,Gordon,1949-10-04,77,2019-10-22,80,A,DIGITAL,273,91292 Harrington Run,North Ann,DC,12145,3,3.0,Y,Y,Y,N,106485.59,15000.0,90.63,2026-06-29 19:53:58.123537+00:00
4114,Ruben,Torres,1944-08-25,82,2021-07-28,59,A,PREMIER,339,963 Walsh Crescent,West Lisabury,WV,97127,2,2.0,N,Y,Y,N,13060.15,2000.0,92.42,2026-06-29 19:53:58.123537+00:00
4116,Daniel,Blackburn,1954-09-05,72,2024-08-14,22,A,PREMIER,107,083 Kerr Station Suite 903,North Thomasside,PW,46682,4,2.0,Y,Y,Y,Y,35398.15,5000.0,52.53,2026-06-29 19:53:58.123537+00:00
4120,John,Carter,1993-04-26,33,2022-11-21,43,A,STUDENT,181,594 Lucas Falls Apt. 033,Jillmouth,CA,11009,2,2.0,N,Y,N,Y,65880.61,0.0,0.0,2026-06-29 19:53:58.123537+00:00
4123,Jennifer,Pena,1946-05-14,80,2018-07-28,95,A,WEALTH,472,23313 Alexander Tunnel Apt. 469,Whitakermouth,NM,47827,4,3.0,Y,Y,Y,Y,122268.3,10000.0,56.46,2026-06-29 19:53:58.123537+00:00
4132,Sabrina,Moses,1953-01-12,73,2015-04-13,134,A,DIGITAL,440,37221 Albert Estate,Port James,TX,83013,3,3.0,Y,N,Y,Y,121569.28,15000.0,84.52,2026-06-29 19:53:58.123537+00:00
4133,Margaret,Clark,1959-01-08,67,2017-11-13,103,A,WEALTH,147,854 Dean Cliffs Apt. 161,Hendrixfort,VA,51506,2,2.0,N,N,Y,Y,30346.44,2000.0,58.32,2026-06-29 19:53:58.123537+00:00
4143,Benjamin,Davis,1950-09-15,76,2017-02-10,112,A,SMALL_BIZ,47,6170 Richards Ways,Lopezport,TN,64177,4,3.0,Y,Y,Y,Y,68815.6,2000.0,79.04,2026-06-29 19:53:58.123537+00:00
4151,Lisa,Smith,1952-09-24,74,2013-04-19,158,A,DIGITAL,408,8994 Santiago Neck Apt. 608,Port Stephanie,MA,49715,1,1.0,N,N,N,Y,24908.04,0.0,0.0,2026-06-29 19:53:58.123537+00:00
4168,Christopher,Davis,2002-11-14,24,2015-12-14,126,A,WEALTH,461,8251 Roberto Ranch,Natalieland,IN,46945,1,1.0,N,N,Y,N,4715.51,5000.0,94.31,2026-06-29 19:53:58.123537+00:00
4181,Kathryn,Howard,1950-05-20,76,2024-08-20,22,A,DIGITAL,299,6282 Campbell Mountain Apt. 710,Wrightland,VA,86177,4,4.0,Y,Y,Y,Y,115308.84,15000.0,77.82,2026-06-29 19:53:58.123537+00:00
4191,Matthew,Matthews,1950-12-07,76,2025-07-23,11,A,DIGITAL,143,486 Ann Crescent,South Charles,MT,06681,4,4.0,Y,Y,Y,Y,70570.56,5000.0,92.12,2026-06-29 19:53:58.123537+00:00
4197,Andrew,Navarro,1997-02-18,29,2022-02-01,52,A,STUDENT,35,216 Daniel Street,Bryanshire,AK,26377,4,4.0,Y,Y,Y,Y,125081.82,2000.0,8.48,2026-06-29 19:53:58.123537+00:00
4201,Mark,Griffith,1952-05-29,74,2019-11-05,79,I,SMALL_BIZ,480,3806 Bryan Rue,Scottville,AK,62884,3,2.0,Y,Y,N,Y,127262.1,0.0,0.0,2026-06-29 19:53:58.123537+00:00
4203,Ian,Barker,2004-10-28,22,2023-09-04,33,A,DIGITAL,21,3714 Mckay Haven,South Anthony,MS,44658,4,4.0,Y,Y,Y,Y,161022.9,5000.0,24.91,2026-06-29 19:53:58.123537+00:00
4231,Lauren,Mccoy,1956-10-03,70,2025-03-26,15,A,WEALTH,53,2707 Harrison Road Suite 268,Rachelfort,DE,34064,2,2.0,Y,N,Y,N,34775.58,10000.0,37.39,2026-06-29 19:53:58.123537+00:00
4241,Sherri,Fleming,1963-07-03,63,2015-11-22,127,A,WEALTH,3,62887 Allen Lock,East Brenda,NH,58264,3,2.0,Y,N,Y,Y,82023.9,2000.0,7.29,2026-06-29 19:53:58.123537+00:00
4253,Sarah,Erickson,1972-07-23,54,2019-09-16,81,A,SMALL_BIZ,200,97120 Brandon Station,East Joseph,ND,01382,2,2.0,N,N,Y,Y,38948.42,15000.0,30.2,2026-06-29 19:53:58.123537+00:00
4254,Anthony,Hall,1981-01-05,45,2016-12-14,114,A,DIGITAL,144,9329 Kirk Camp Suite 828,North Kristi,CO,46955,2,2.0,N,Y,Y,N,73709.14,10000.0,79.82,2026-06-29 19:53:58.123537+00:00
4255,Alec,Long,1991-10-22,35,2012-06-21,168,A,PREMIER,52,45838 Eric Oval Suite 921,Margarettown,MO,51043,4,4.0,Y,Y,Y,Y,74316.69,25000.0,93.6,2026-06-29 19:53:58.123537+00:00
4258,Natalie,Patterson,1964-10-27,62,2025-06-24,12,A,SMALL_BIZ,38,867 Jacob Locks Suite 927,West Jeremyfort,VI,13732,1,1.0,N,N,Y,N,1458.8,2000.0,72.94,2026-06-29 19:53:58.123537+00:00
4264,Tamara,Hudson,1946-03-24,80,2012-05-17,169,A,PREMIER,446,102 Quinn Valleys,Emilychester,PW,33316,1,1.0,N,N,Y,N,15738.73,25000.0,62.95,2026-06-29 19:53:58.123537+00:00
4279,Michael,Smith,1969-09-30,57,2021-08-02,58,A,STUDENT,473,35040 Kevin Drives,East Randall,NV,12512,4,4.0,Y,Y,Y,Y,150325.95,25000.0,61.77,2026-06-29 19:53:58.123537+00:00
4296,Ryan,Mejia,1987-06-24,39,2019-12-05,78,A,DIGITAL,156,96838 Dana Ridge,West Stephanieberg,MP,25221,3,3.0,Y,N,Y,Y,104232.66,15000.0,55.16,2026-06-29 19:53:58.123537+00:00
4306,Brian,Arnold,1992-01-03,34,2013-11-30,151,A,SMALL_BIZ,163,191 Sellers Coves Suite 294,West Jamesshire,NC,52439,3,2.0,Y,Y,Y,N,69324.26,5000.0,42.24,2026-06-29 19:53:58.123537+00:00
4320,Michael,Leach,1996-12-23,30,2018-04-22,98,A,STUDENT,213,47350 Wilson Center,Mezamouth,TN,25358,4,4.0,Y,Y,Y,Y,84087.96,2000.0,64.64,2026-06-29 19:53:58.123537+00:00
4323,Julia,Harrison,2000-09-06,26,2021-09-20,57,A,MASS,451,46209 Perez Springs Suite 582,Davidbury,KS,87626,3,3.0,N,Y,Y,Y,68352.55,15000.0,36.06,2026-06-29 19:53:58.123537+00:00
4341,Erin,Horn,1959-05-08,67,2013-09-30,153,A,SMALL_BIZ,49,946 Parsons Streets Apt. 197,Davisport,ME,73125,2,2.0,Y,N,Y,N,80390.14,2000.0,69.81,2026-06-29 19:53:58.123537+00:00
4343,Christine,Singh,2007-07-29,19,2025-09-01,9,I,DIGITAL,116,6878 Floyd Vista Suite 991,New Juan,DE,43218,2,2.0,N,Y,N,Y,85472.91,0.0,0.0,2026-06-29 19:53:58.123537+00:00
4344,John,Collins,2003-10-27,23,2013-09-09,153,I,SMALL_BIZ,338,2122 Morris Isle,East Mariestad,IN,80013,4,3.0,Y,Y,Y,Y,133757.84,2000.0,69.36,2026-06-29 19:53:58.123537+00:00
4353,Anne,Adams,1990-04-02,36,2025-02-27,16,A,MASS,97,26257 Bright Views Apt. 651,Port Ericastad,VT,80721,3,3.0,Y,Y,N,Y,86258.36,0.0,0.0,2026-06-29 19:53:58.123537+00:00
4359,Juan,Miller,1945-10-01,81,2014-08-08,142,A,WEALTH,340,16764 Michael Mountain,Lake Brooketown,MT,54541,4,4.0,Y,Y,Y,Y,147599.58,25000.0,59.93,2026-06-29 19:53:58.123537+00:00
4372,Andrew,Ferguson,2005-11-17,21,2021-08-23,58,A,STUDENT,118,8013 Matthew Village,North Davidville,PR,59319,1,1.0,N,N,Y,N,13667.62,15000.0,91.12,2026-06-29 19:53:58.123537+00:00
4376,Tara,Ramirez,1951-12-21,75,2016-11-25,115,A,DIGITAL,143,1258 Megan Well,Hamiltonshire,PA,12035,4,4.0,Y,Y,Y,Y,62678.4,10000.0,73.85,2026-06-29 19:53:58.123537+00:00
4384,Brandon,Hines,2002-07-12,24,2021-02-14,64,A,WEALTH,403,544 David Island,New Jacobville,FL,92879,4,4.0,Y,Y,Y,Y,71609.95,2000.0,17.41,2026-06-29 19:53:58.123537+00:00
4391,Kathryn,Rice,1949-10-05,77,2025-03-11,15,A,STUDENT,160,5152 Melanie Estate,West Christopherhaven,TN,12468,4,4.0,Y,Y,Y,Y,160274.39,25000.0,93.7,2026-06-29 19:53:58.123537+00:00
4392,Victoria,Kerr,1983-07-15,43,2012-10-14,164,A,SMALL_BIZ,307,0918 Gonzales Mews Apt. 128,Andrewfurt,WA,20949,1,0.0,N,N,Y,N,2192.44,15000.0,14.62,2026-06-29 19:53:58.123537+00:00
4411,Kimberly,Mendoza,1959-01-20,67,2024-04-24,26,A,STUDENT,311,3178 Jeffrey Fords,Lake Angelica,VA,51138,3,3.0,N,Y,Y,Y,45905.05,5000.0,31.46,2026-06-29 19:53:58.123537+00:00
4413,Hannah,Hernandez,2006-06-21,20,2014-09-21,141,A,PREMIER,309,935 Cruz Road Apt. 636,New Sethton,NY,28714,1,0.0,N,N,Y,N,22642.38,25000.0,90.57,2026-06-29 19:53:58.123537+00:00
4418,Nicholas,Nicholson,2005-09-12,21,2017-07-13,107,A,STUDENT,443,607 Kevin Flat Suite 723,Benjaminberg,MA,69549,3,3.0,Y,N,Y,Y,51757.78,10000.0,19.96,2026-06-29 19:53:58.123537+00:00
4423,Todd,Stewart,1948-06-30,78,2015-01-06,137,A,SMALL_BIZ,234,087 Jennifer Circle,New Christine,UT,30389,3,3.0,Y,Y,Y,N,78125.44,25000.0,33.26,2026-06-29 19:53:58.123537+00:00
4424,Kelsey,Delgado,1998-11-23,28,2025-08-29,10,A,SMALL_BIZ,177,9984 Johnson Spur Suite 418,Brandyside,PA,37736,1,1.0,N,N,Y,N,9104.26,10000.0,91.04,2026-06-29 19:53:58.123537+00:00
4426,Brian,Mueller,1967-04-24,59,2017-06-23,108,A,WEALTH,358,53338 Nash Drive,Jenningsstad,FM,69744,1,1.0,Y,N,N,N,51494.22,0.0,0.0,2026-06-29 19:53:58.123537+00:00
4434,Michael,Lopez,1963-01-01,63,2019-08-27,82,I,SMALL_BIZ,96,65612 Williams Lakes,Dakotamouth,ME,83680,2,2.0,Y,N,N,Y,76317.36,0.0,0.0,2026-06-29 19:53:58.123537+00:00
4444,Amanda,Alvarez,1988-02-01,38,2025-11-13,7,A,STUDENT,182,10723 Yvonne Ridges Suite 949,Carpentertown,PA,82823,3,2.0,Y,Y,Y,N,126483.12,25000.0,38.94,2026-06-29 19:53:58.123537+00:00
4452,Sandra,Castillo,1979-03-20,47,2018-04-18,98,A,PREMIER,152,16244 Mark Burg Suite 044,Amandaton,FL,28131,1,1.0,N,N,Y,N,3259.69,10000.0,32.6,2026-06-29 19:53:58.123537+00:00
4457,Arthur,Hodge,1964-10-11,62,2021-10-17,56,A,SMALL_BIZ,408,9114 Smith Centers,South Henry,DE,26307,1,1.0,N,Y,N,N,77852.57,0.0,0.0,2026-06-29 19:53:58.123537+00:00
4461,Debra,Taylor,1948-11-08,78,2020-12-18,66,A,STUDENT,297,65674 Bell Cape,Brownstad,NM,55916,1,1.0,N,Y,N,N,47832.5,0.0,0.0,2026-06-29 19:53:58.123537+00:00
4467,Sandra,Gutierrez,1963-12-18,63,2017-05-12,109,A,STUDENT,224,285 Lisa Forge Suite 934,New Kellytown,MT,54380,4,2.0,Y,Y,Y,Y,99978.19,2000.0,60.38,2026-06-29 19:53:58.123537+00:00
4485,Eddie,Carr,1961-11-19,65,2025-05-07,13,A,SMALL_BIZ,62,7948 Stewart Parkway,Kevinchester,MO,89955,1,1.0,N,Y,N,N,37558.38,0.0,0.0,2026-06-29 19:53:58.123537+00:00
4495,Eric,Lambert,1953-10-16,73,2023-11-09,31,A,STUDENT,31,30495 Brandon Divide Apt. 896,New Frank,NH,83572,1,1.0,Y,N,N,N,41745.25,0.0,0.0,2026-06-29 19:53:58.123537+00:00
4509,Dennis,Mcknight,1992-04-30,34,2014-06-17,144,A,DIGITAL,309,40786 Garner Spring Apt. 670,Watsonton,TN,85082,1,1.0,N,N,N,Y,48798.46,0.0,0.0,2026-06-29 19:53:58.123537+00:00
4511,Jason,Rich,1968-05-17,58,2026-04-13,2,A,WEALTH,402,4386 Cox Union,Reedton,RI,61946,4,4.0,Y,Y,Y,Y,165961.36,25000.0,31.51,2026-06-29 19:53:58.123537+00:00
4515,Chelsea,Potter,1951-01-02,75,2018-08-17,94,A,MASS,31,4092 Rogers Road,Banksland,IL,27262,4,4.0,Y,Y,Y,Y,160366.5,10000.0,94.09,2026-06-29 19:53:58.123537+00:00
4518,Kayla,Cabrera,1956-12-15,70,2020-03-02,75,I,STUDENT,202,961 Norman Rest Apt. 181,Port Billychester,WI,47935,4,4.0,Y,Y,Y,Y,105603.7,5000.0,0.76,2026-06-29 19:53:58.123537+00:00
4538,Julia,Williams,1978-07-12,48,2023-07-15,35,A,STUDENT,328,707 White Harbor Apt. 380,Jasonstad,MT,15586,1,1.0,N,Y,N,N,41059.95,0.0,0.0,2026-06-29 19:53:58.123537+00:00
4539,Charles,Wyatt,2002-11-19,24,2026-01-19,5,A,PREMIER,473,25915 Keller Rue,Meganburgh,VT,96715,4,4.0,Y,Y,Y,Y,112964.5,25000.0,11.92,2026-06-29 19:53:58.123537+00:00
4546,Daniel,Thompson,1998-12-02,28,2013-09-21,153,A,DIGITAL,482,593 Olson Rapids,Johnstad,NE,90945,2,1.0,Y,N,N,Y,18037.83,0.0,0.0,2026-06-29 19:53:58.123537+00:00
4562,Sandra,Friedman,1960-08-22,66,2012-07-21,167,A,WEALTH,56,023 Murray Shoals Suite 851,Robinbury,MN,82905,2,2.0,N,Y,N,Y,80832.09,0.0,0.0,2026-06-29 19:53:58.123537+00:00
4580,Abigail,Parsons,1973-09-05,53,2023-11-26,31,A,STUDENT,369,66258 Lewis Plains Suite 945,Rosehaven,UT,01244,1,1.0,N,N,Y,N,82.49,15000.0,0.55,2026-06-29 19:53:58.123537+00:00
4590,Hannah,Davis,2006-12-07,20,2015-08-20,130,A,MASS,326,878 Dominguez Spring Suite 095,Joshuashire,NH,48786,3,3.0,Y,Y,N,Y,110731.96,0.0,0.0,2026-06-29 19:53:58.123537+00:00
4601,Gregory,Peters,2004-01-15,22,2024-04-15,26,A,MASS,173,9937 Joshua Light,East Sabrina,VI,70157,4,3.0,Y,Y,Y,Y,143294.82,10000.0,28.89,2026-06-29 19:53:58.123537+00:00
4615,Amanda,Garcia,1941-11-29,85,2024-11-24,19,A,SMALL_BIZ,206,8155 Lara Canyon Suite 906,Deanfurt,UT,78902,1,1.0,N,Y,N,N,7928.66,0.0,0.0,2026-06-29 19:53:58.123537+00:00
4619,Amber,Evans,1998-08-28,28,2021-02-01,64,A,SMALL_BIZ,322,969 Adam Tunnel Suite 882,South Lauratown,AS,70616,4,4.0,Y,Y,Y,Y,150845.32,2000.0,26.46,2026-06-29 19:53:58.123537+00:00
4623,Clinton,Morris,1999-10-09,27,2020-01-24,77,A,DIGITAL,158,4353 Palmer Springs,Raymondfurt,NV,74202,2,2.0,N,N,Y,Y,47121.45,10000.0,6.92,2026-06-29 19:53:58.123537+00:00
4640,Stephen,Sanders,1952-06-24,74,2013-07-28,155,A,SMALL_BIZ,202,7655 Mark Viaduct Suite 132,Danabury,GU,93825,3,3.0,Y,Y,N,Y,113538.07,0.0,0.0,2026-06-29 19:53:58.123537+00:00
4646,Julia,Rodriguez,1973-03-25,53,2023-12-04,30,A,STUDENT,144,79983 Mays Trail Suite 597,Patrickbury,IA,31869,4,4.0,Y,Y,Y,Y,102513.02,10000.0,44.74,2026-06-29 19:53:58.123537+00:00
4648,Rose,Williams,2005-10-26,21,2023-04-02,38,A,SMALL_BIZ,123,78238 Williams Manor,North Gabrielle,IL,29413,2,2.0,Y,N,Y,N,15755.36,2000.0,99.52,2026-06-29 19:53:58.123537+00:00
4651,Tammy,Howard,1984-09-16,42,2011-10-01,176,A,SMALL_BIZ,42,8033 Kelly Mills Apt. 732,Bradshawview,NV,36416,1,1.0,N,N,N,Y,30748.92,0.0,0.0,2026-06-29 19:53:58.123537+00:00
4658,Kevin,Novak,1956-12-17,70,2025-03-14,15,A,SMALL_BIZ,176,4375 Jeffrey Mountain,North Theresa,WV,13827,3,3.0,Y,N,Y,Y,58119.69,10000.0,96.96,2026-06-29 19:53:58.123537+00:00
4661,Kevin,Johnson,1996-04-30,30,2017-01-27,113,A,WEALTH,471,9248 Alexandra Drive Apt. 103,Lake Katiestad,PA,83181,3,3.0,Y,N,Y,Y,85604.36,15000.0,42.85,2026-06-29 19:53:58.123537+00:00
4666,Anthony,Porter,1985-09-14,41,2018-01-18,101,A,PREMIER,443,623 Hester Island,Port Kevinhaven,AR,65151,2,2.0,Y,N,N,Y,45365.86,0.0,0.0,2026-06-29 19:53:58.123537+00:00
4667,Amber,Cohen,1973-09-04,53,2017-04-16,110,A,SMALL_BIZ,7,626 Ashley Plain,Chasefurt,AL,83370,4,3.0,Y,Y,Y,Y,164479.25,25000.0,55.25,2026-06-29 19:53:58.123537+00:00
4672,Joyce,Foster,2001-10-02,25,2012-05-01,169,I,DIGITAL,47,319 John Forge Suite 929,Salazarbury,NJ,38354,2,2.0,Y,N,Y,N,40982.09,2000.0,34.66,2026-06-29 19:53:58.123537+00:00
4681,Melissa,Williams,1964-01-01,62,2012-04-08,170,A,DIGITAL,450,6938 Evans Wall Suite 014,Lake Michael,SD,98773,1,1.0,Y,N,N,N,33794.1,0.0,0.0,2026-06-29 19:53:58.123537+00:00
4688,Amanda,Walker,1963-10-29,63,2018-10-10,92,A,SMALL_BIZ,456,7781 Frazier Drive,East Travis,NM,43174,2,2.0,Y,Y,N,N,80756.35,0.0,0.0,2026-06-29 19:53:58.123537+00:00
4693,Thomas,Smith,1994-09-18,32,2018-08-26,94,A,PREMIER,382,1340 Arthur View,North Christopher,OR,72457,2,2.0,Y,Y,N,N,106544.87,0.0,0.0,2026-06-29 19:53:58.123537+00:00
4697,Craig,Cunningham,1995-06-24,31,2019-02-16,88,A,WEALTH,184,285 Vega Crest,Randyside,AL,32140,4,3.0,Y,Y,Y,Y,165519.32,10000.0,54.99,2026-06-29 19:53:58.123537+00:00
4706,Sarah,Fletcher,1977-02-01,49,2014-12-24,138,A,WEALTH,446,3089 Rachel Turnpike Apt. 753,Porterborough,CA,90622,1,1.0,Y,N,N,N,43853.92,0.0,0.0,2026-06-29 19:53:58.123537+00:00
4712,Mark,Mckinney,1996-09-09,30,2024-10-06,20,A,PREMIER,255,03650 Williams Station,Port Michael,NH,54489,1,1.0,N,N,N,Y,3018.5,0.0,0.0,2026-06-29 19:53:58.123537+00:00
4720,Jamie,Crawford,1994-05-31,32,2023-05-07,37,I,WEALTH,252,84096 Montoya Fall,New David,NJ,58532,2,2.0,N,Y,Y,N,50222.26,2000.0,0.63,2026-06-29 19:53:58.123537+00:00
4726,Laura,Douglas,2000-12-14,26,2011-10-30,176,A,PREMIER,229,2863 Blankenship Hill,Lake Kaylee,IN,69334,4,4.0,Y,Y,Y,Y,132115.63,2000.0,36.25,2026-06-29 19:53:58.123537+00:00
4738,Melissa,Love,1996-11-08,30,2023-05-23,37,A,MASS,365,626 Gina Port,Timothytown,DE,71283,1,1.0,Y,N,N,N,50187.26,0.0,0.0,2026-06-29 19:53:58.123537+00:00
4743,Ashley,Clark,1975-08-21,51,2020-06-08,72,A,MASS,310,2629 Cole Knolls Apt. 466,Harveyshire,LA,44331,3,3.0,Y,N,Y,Y,129501.06,25000.0,18.17,2026-06-29 19:53:58.123537+00:00
4755,Daniel,Kidd,1969-02-09,57,2012-01-05,173,I,MASS,102,3133 Gregory Harbor,North Katherine,MI,16904,3,2.0,Y,Y,Y,N,86222.95,15000.0,8.9,2026-06-29 19:53:58.123537+00:00
4773,Kimberly,Cannon,1997-09-17,29,2023-09-26,33,A,WEALTH,82,1956 Joshua Courts,Martinborough,SD,01068,4,2.0,Y,Y,Y,Y,100750.33,25000.0,15.96,2026-06-29 19:53:58.123537+00:00
4782,Diana,Jackson,1944-02-21,82,2015-05-26,133,A,STUDENT,35,42734 Anthony Mountains,West Bailey,UT,50385,4,3.0,Y,Y,Y,Y,147311.18,25000.0,55.23,2026-06-29 19:53:58.123537+00:00
4788,Christina,Garcia,1945-06-23,81,2018-09-10,93,I,SMALL_BIZ,382,59635 Sharp Bypass,Port Mariahfurt,AL,91049,3,3.0,N,Y,Y,Y,116389.21,25000.0,25.3,2026-06-29 19:53:58.123537+00:00
4791,Michelle,Andrews,1991-05-14,35,2026-02-26,4,A,MASS,101,102 Jason Junctions Apt. 749,South Sarah,IN,48583,3,3.0,N,Y,Y,Y,71588.71,15000.0,95.0,2026-06-29 19:53:58.123537+00:00
4794,Jason,Barnes,2001-02-14,25,2021-02-14,64,A,WEALTH,105,576 Tammy Fort,North Kristi,AL,81640,1,0.0,Y,N,N,N,69324.24,0.0,0.0,2026-06-29 19:53:58.123537+00:00
4796,Grace,Lewis,1967-02-14,59,2017-12-05,102,A,DIGITAL,389,52901 Donovan Summit Suite 299,New Alan,PA,09672,3,2.0,Y,N,Y,Y,44860.89,15000.0,16.81,2026-06-29 19:53:58.123537+00:00
4803,Tammy,Johnson,1963-11-03,63,2023-05-24,37,I,SMALL_BIZ,168,051 Armstrong Hill,Port Emily,MH,94311,2,2.0,Y,N,N,Y,49222.77,0.0,0.0,2026-06-29 19:53:58.123537+00:00
4809,Laura,Lutz,1993-04-24,33,2022-08-01,46,A,PREMIER,156,967 Cesar Rapids,New Heidishire,WI,88344,2,2.0,Y,N,Y,N,67747.67,5000.0,59.96,2026-06-29 19:53:58.123537+00:00
4822,Michael,Fernandez,2005-01-02,21,2023-10-31,32,A,DIGITAL,34,22007 Brandi Neck,West Barryfurt,PR,64816,1,0.0,Y,N,N,N,78086.34,0.0,0.0,2026-06-29 19:53:58.123537+00:00
4828,David,Ford,2007-03-12,19,2021-07-21,59,A,SMALL_BIZ,140,149 Monroe Mission,Sotofort,AS,51125,1,1.0,Y,N,N,N,52739.88,0.0,0.0,2026-06-29 19:53:58.123537+00:00
4833,Richard,Mclaughlin,1970-10-13,56,2012-02-21,172,A,WEALTH,421,062 Jeffrey Shore,Lake Tiffany,TX,29835,1,1.0,N,N,Y,N,4563.37,5000.0,91.27,2026-06-29 19:53:58.123537+00:00
4840,Julia,Vasquez,1945-11-28,81,2013-12-22,150,A,SMALL_BIZ,278,9225 Mccarty Loop Suite 860,West Ashleyville,UT,46036,4,4.0,Y,Y,Y,Y,185582.32,5000.0,81.95,2026-06-29 19:53:58.123537+00:00
4844,John,Rodriguez,1989-05-08,37,2017-07-04,107,A,PREMIER,176,43856 Julie Ranch,Fernandezhaven,MO,27338,1,1.0,N,Y,N,N,62910.93,0.0,0.0,2026-06-29 19:53:58.123537+00:00
4853,Timothy,Scott,1999-07-21,27,2019-08-29,82,A,STUDENT,480,394 Harper Street,Kaylaport,OK,95410,4,4.0,Y,Y,Y,Y,130825.15,2000.0,44.54,2026-06-29 19:53:58.123537+00:00
4870,Mark,Taylor,1946-03-08,80,2015-05-27,133,A,WEALTH,318,0654 Anita River Suite 424,East Danielletown,AZ,41451,1,1.0,N,N,Y,N,9972.21,10000.0,99.72,2026-06-29 19:53:58.123537+00:00
4877,Danny,Johnson,1986-01-30,40,2024-10-19,20,A,PREMIER,493,7155 Becky Vista Suite 902,East Melissa,NY,14277,1,1.0,N,Y,N,N,27191.3,0.0,0.0,2026-06-29 19:53:58.123537+00:00
4879,Anna,Boyd,1943-01-25,83,2012-10-05,164,A,PREMIER,126,34631 Joanna Mission,New Johnborough,PA,44234,2,2.0,N,N,Y,Y,51386.43,25000.0,89.22,2026-06-29 19:53:58.123537+00:00
4883,Amanda,Brooks,1985-05-14,41,2015-06-09,132,A,DIGITAL,315,02715 Sally Village Apt. 693,Leonardmouth,OR,02035,3,3.0,Y,Y,N,Y,107070.37,0.0,0.0,2026-06-29 19:53:58.123537+00:00
4885,Robin,Molina,1996-02-02,30,2024-10-14,20,A,STUDENT,228,3013 Eaton Center,Aguirrebury,MD,64887,4,3.0,Y,Y,Y,Y,67738.43,2000.0,97.05,2026-06-29 19:53:58.123537+00:00
4910,Andrea,Schmidt,1974-07-11,52,2014-05-29,145,A,SMALL_BIZ,95,61836 Tara Branch Apt. 966,West Dawn,MA,31674,1,1.0,Y,N,N,N,13560.34,0.0,0.0,2026-06-29 19:53:58.123537+00:00
4914,Amanda,Kaiser,1960-01-25,66,2023-06-12,36,A,MASS,31,578 Patrick Cape,North Howardview,AL,83449,3,3.0,N,Y,Y,Y,67556.28,15000.0,22.58,2026-06-29 19:53:58.123537+00:00
4934,Sandra,Grant,1988-10-20,38,2011-10-30,176,A,WEALTH,396,9470 Allison Land Suite 928,South Brenda,KY,96788,3,3.0,Y,Y,N,Y,99376.86,0.0,0.0,2026-06-29 19:53:58.123537+00:00
4950,Evelyn,Kelly,1942-10-29,84,2023-06-09,36,I,STUDENT,218,174 Kimberly Ridges,Tracyburgh,MT,65279,3,3.0,Y,Y,N,Y,185860.46,0.0,0.0,2026-06-29 19:53:58.123537+00:00
8,Lindsay,Blair,1998-04-10,28,2020-06-30,72,I,WEALTH,113,81372 Brittany Divide Apt. 093,Danielleberg,ME,88473,2,2.0,Y,Y,N,N,55845.66,0.0,0.0,2026-06-29 19:53:58.123537+00:00
9,Nicholas,Arnold,1977-06-02,49,2026-01-03,5,A,PREMIER,389,95014 Hurst Point,Anthonychester,TX,85227,1,1.0,N,N,Y,N,3831.75,5000.0,76.63,2026-06-29 19:53:58.123537+00:00
14,Deborah,Lynch,1959-05-19,67,2025-06-18,12,A,PREMIER,499,466 Garcia Knoll Apt. 496,New Brandonfurt,VI,67767,1,1.0,N,Y,N,N,5410.07,0.0,0.0,2026-06-29 19:53:58.123537+00:00
20,Joseph,Wright,2002-10-06,24,2018-05-03,97,A,DIGITAL,190,44834 Kristen Pass,Wilsonland,MD,37814,4,4.0,Y,Y,Y,Y,102635.66,25000.0,32.65,2026-06-29 19:53:58.123537+00:00
28,Nancy,Baker,1971-11-22,55,2025-09-20,9,A,STUDENT,449,0240 Edwards Circles,Littleview,PR,62710,3,2.0,Y,Y,N,Y,141682.17,0.0,0.0,2026-06-29 19:53:58.123537+00:00
47,Michelle,Wright,1968-06-19,58,2016-07-20,119,A,DIGITAL,192,251 George Isle Suite 679,North Donnamouth,WI,22769,3,2.0,Y,Y,N,Y,129301.85,0.0,0.0,2026-06-29 19:53:58.123537+00:00
49,Scott,Callahan,1958-03-25,68,2025-04-06,14,A,PREMIER,307,204 William Divide Apt. 633,Nicoleland,CA,69603,2,2.0,Y,Y,N,N,88923.92,0.0,0.0,2026-06-29 19:53:58.123537+00:00
58,Christopher,Lopez,1952-01-15,74,2025-10-28,8,A,WEALTH,461,164 Olson Ville,South Michael,SD,23986,3,2.0,Y,Y,Y,N,56989.12,2000.0,98.13,2026-06-29 19:53:58.123537+00:00
60,Brooke,Harvey,2001-02-20,25,2015-03-01,135,A,MASS,11,4605 Edwards Square,Wilsonland,IN,27639,1,1.0,N,Y,N,N,45901.11,0.0,0.0,2026-06-29 19:53:58.123537+00:00
62,John,Foster,1955-03-06,71,2022-03-05,51,A,SMALL_BIZ,324,697 Fox Ports Suite 319,Spearston,MI,21739,3,3.0,Y,Y,Y,N,63604.31,2000.0,31.19,2026-06-29 19:53:58.123537+00:00
67,Cheryl,Archer,1997-05-08,29,2021-12-26,54,A,DIGITAL,402,947 William Run Apt. 265,Matthewborough,ID,90137,4,4.0,Y,Y,Y,Y,151996.82,10000.0,26.94,2026-06-29 19:53:58.123537+00:00
78,Rachel,Clark,1994-10-30,32,2024-04-30,26,A,DIGITAL,209,677 Louis Lock,Harrisbury,CA,51942,4,3.0,Y,Y,Y,Y,144839.56,5000.0,68.84,2026-06-29 19:53:58.123537+00:00
81,Lisa,Keith,1999-06-02,27,2026-01-20,5,I,MASS,475,580 Smith Course,Paulmouth,PA,61691,2,2.0,N,N,Y,Y,11692.03,25000.0,41.97,2026-06-29 19:53:58.123537+00:00
85,Steven,Torres,1956-05-24,70,2023-09-03,33,A,PREMIER,383,89513 Smith Forest Suite 838,Mitchellborough,AK,69713,1,1.0,Y,N,N,N,7806.99,0.0,0.0,2026-06-29 19:53:58.123537+00:00
87,Tammy,Ramirez,1963-06-26,63,2024-05-20,25,A,STUDENT,81,54818 Wilson Fork Apt. 178,Brownmouth,MP,59362,4,3.0,Y,Y,Y,Y,44740.77,25000.0,53.69,2026-06-29 19:53:58.123537+00:00
91,Catherine,Dixon,1990-04-21,36,2016-03-03,123,A,STUDENT,305,6502 Flores Meadow,East Sandraport,WA,98221,2,2.0,N,Y,Y,N,4127.16,5000.0,19.76,2026-06-29 19:53:58.123537+00:00
103,Loretta,Potter,1983-11-24,43,2016-06-28,120,A,PREMIER,342,8533 Kimberly Parks,West Spencermouth,MI,33985,1,1.0,Y,N,N,N,54880.49,0.0,0.0,2026-06-29 19:53:58.123537+00:00
113,Phyllis,Manning,1997-02-19,29,2019-08-31,82,I,PREMIER,39,77049 Barbara Mall Suite 819,Michaelfurt,VI,44592,1,1.0,Y,N,N,N,20559.43,0.0,0.0,2026-06-29 19:53:58.123537+00:00
120,Melissa,Cannon,1980-08-16,46,2021-11-12,55,A,DIGITAL,500,9067 Martinez Islands,Lake Richard,WI,83755,1,1.0,N,Y,N,N,58327.8,0.0,0.0,2026-06-29 19:53:58.123537+00:00
128,Jason,Murphy,1944-11-10,82,2017-02-22,112,I,MASS,143,56006 Matthew Key Apt. 517,Nealstad,CA,77182,1,1.0,N,N,N,Y,55083.65,0.0,0.0,2026-06-29 19:53:58.123537+00:00
145,Ryan,Simon,1977-07-19,49,2018-09-14,93,A,SMALL_BIZ,384,8947 Brown Lights,Lake Brittany,NC,45109,1,1.0,N,N,Y,N,1794.5,2000.0,89.73,2026-06-29 19:53:58.123537+00:00
150,Alejandro,Vaughan,1988-06-20,38,2015-08-12,130,A,SMALL_BIZ,44,5951 Camacho Trafficway Apt. 967,Lake Heiditown,TN,67511,2,1.0,Y,N,N,Y,77300.88,0.0,0.0,2026-06-29 19:53:58.123537+00:00
154,Alyssa,Coleman,1980-06-15,46,2018-07-20,95,A,DIGITAL,13,032 Sherman Loaf,Jenniferstad,MD,70233,3,2.0,Y,Y,N,Y,132669.7,0.0,0.0,2026-06-29 19:53:58.123537+00:00
170,Jared,Clark,1991-01-28,35,2025-08-17,10,A,DIGITAL,140,0591 Joshua Ferry Suite 627,East Jacobbury,IA,07752,2,2.0,N,N,Y,Y,42778.86,10000.0,64.84,2026-06-29 19:53:58.123537+00:00
176,Margaret,Jones,1984-11-18,42,2025-01-15,17,A,WEALTH,464,702 Grimes Pike,Jeffreyshire,FM,73474,2,2.0,Y,N,Y,N,37338.96,10000.0,88.3,2026-06-29 19:53:58.123537+00:00
188,Marcus,Cordova,1971-12-19,55,2016-03-07,123,A,WEALTH,168,73315 Davis Manors Apt. 426,West Maryview,NV,11978,2,2.0,N,N,Y,Y,52843.86,15000.0,41.61,2026-06-29 19:53:58.123537+00:00
210,Terrance,Costa,1985-05-12,41,2013-10-17,152,A,SMALL_BIZ,79,1114 Jennifer Crescent,West Jacqueline,NY,41363,1,1.0,N,Y,N,N,13447.94,0.0,0.0,2026-06-29 19:53:58.123537+00:00
212,Norman,Stewart,1998-08-06,28,2024-04-23,26,A,STUDENT,414,0340 Debra Underpass Apt. 761,Johnsonville,IL,85730,1,1.0,N,Y,N,N,895.63,0.0,0.0,2026-06-29 19:53:58.123537+00:00
217,Kelly,Brooks,1944-07-28,82,2023-05-15,37,A,MASS,15,6018 Tracey Harbor Apt. 544,Torresfort,IA,31711,3,3.0,Y,N,Y,Y,63143.55,15000.0,33.73,2026-06-29 19:53:58.123537+00:00
223,Danielle,Coleman,1964-08-23,62,2020-04-03,74,A,SMALL_BIZ,244,561 Thompson Mount,West Christopherview,WY,23368,4,4.0,Y,Y,Y,Y,126315.01,10000.0,94.15,2026-06-29 19:53:58.123537+00:00
232,Scott,Riley,1984-10-17,42,2016-02-06,124,A,SMALL_BIZ,275,45820 Thomas Court,Whiteview,NV,91304,3,3.0,N,Y,Y,Y,78128.13,15000.0,59.62,2026-06-29 19:53:58.123537+00:00
241,Lynn,Bentley,1986-07-15,40,2020-03-18,75,I,PREMIER,447,81595 Kyle Coves Suite 071,Scottchester,TX,36483,2,2.0,N,Y,Y,N,54468.07,5000.0,21.09,2026-06-29 19:53:58.123537+00:00
244,Kevin,Ortiz,1996-09-08,30,2025-01-21,17,A,WEALTH,59,488 Castro Row,Waltonfort,MO,87805,2,2.0,Y,N,Y,N,87754.44,25000.0,94.37,2026-06-29 19:53:58.123537+00:00
251,Amy,Levine,1948-02-24,78,2021-09-20,57,A,MASS,292,82769 Chambers Point Suite 089,Mckenzieburgh,WA,85057,2,2.0,N,Y,N,Y,56010.93,0.0,0.0,2026-06-29 19:53:58.123537+00:00
257,Aaron,Garrison,1951-05-18,75,2024-12-03,18,I,MASS,17,31182 Holder Court Suite 659,Codyland,SD,19517,4,4.0,Y,Y,Y,Y,98919.71,10000.0,32.12,2026-06-29 19:53:58.123537+00:00
273,Sandra,Jones,1966-07-27,60,2013-10-07,152,I,MASS,93,6817 Bradley Place,West Jeffreystad,OK,62420,3,3.0,N,Y,Y,Y,80447.34,2000.0,0.61,2026-06-29 19:53:58.123537+00:00
298,Jenna,Butler,1980-01-25,46,2020-01-17,77,A,PREMIER,145,059 Ortiz Dale,New Kyletown,PW,58242,4,3.0,Y,Y,Y,Y,160654.51,2000.0,33.14,2026-06-29 19:53:58.123537+00:00
300,Samantha,Davis,1982-11-27,44,2023-11-26,31,A,DIGITAL,229,26794 Ryan Burg Apt. 541,New Frank,VT,31091,3,1.0,Y,Y,Y,N,112851.4,5000.0,42.99,2026-06-29 19:53:58.123537+00:00
319,Justin,Ortiz,1952-02-16,74,2017-01-19,113,A,DIGITAL,383,8715 Navarro Fields Apt. 179,North Laura,IL,84537,3,3.0,Y,Y,N,Y,141377.04,0.0,0.0,2026-06-29 19:53:58.123537+00:00
336,Lindsey,Harrison,1977-04-08,49,2016-02-09,124,A,DIGITAL,196,4166 Davis Neck,Cohenview,GA,00757,1,1.0,Y,N,N,N,43512.19,0.0,0.0,2026-06-29 19:53:58.123537+00:00
341,Melissa,Mitchell,1948-05-13,78,2024-02-10,28,A,DIGITAL,311,39855 Eric Ford Suite 508,New Troy,DE,61167,2,2.0,Y,Y,N,N,24997.36,0.0,0.0,2026-06-29 19:53:58.123537+00:00
343,Jeffrey,Hayes,1970-10-20,56,2025-08-11,10,A,SMALL_BIZ,387,6280 Gonzalez Fork Suite 006,Melissamouth,WI,43239,1,1.0,N,N,N,Y,31115.77,0.0,0.0,2026-06-29 19:53:58.123537+00:00
349,Mary,Dunn,1946-10-19,80,2015-04-23,134,A,DIGITAL,403,860 Benson Oval,Jacquelineville,WV,08002,1,1.0,N,Y,N,N,14718.13,0.0,0.0,2026-06-29 19:53:58.123537+00:00
364,Zachary,Hays,1944-04-19,82,2025-05-31,13,A,PREMIER,485,20487 Pamela Village,South Krista,MA,30317,4,4.0,Y,Y,Y,Y,76192.25,5000.0,76.79,2026-06-29 19:53:58.123537+00:00
370,Carrie,Short,1990-03-16,36,2012-09-01,165,A,STUDENT,209,6478 Reyes Isle Apt. 845,Lake Erinport,IA,75682,3,2.0,Y,Y,Y,N,122255.23,25000.0,37.69,2026-06-29 19:53:58.123537+00:00
381,Jill,Porter,1958-03-20,68,2013-03-08,159,A,DIGITAL,404,5647 Caleb Courts Suite 885,South Richard,NJ,84005,2,1.0,N,Y,Y,N,45822.53,10000.0,2.21,2026-06-29 19:53:58.123537+00:00
387,Melissa,Joseph,1977-10-25,49,2024-10-14,20,A,DIGITAL,380,8019 Cruz Camp Apt. 412,West Kennethville,FM,21270,4,4.0,Y,Y,Y,Y,126676.06,5000.0,14.21,2026-06-29 19:53:58.123537+00:00
393,Teresa,Day,1996-08-26,30,2012-08-03,166,A,MASS,235,598 Robin Trace,Lake Aaronbury,NV,94973,1,1.0,Y,N,N,N,73622.38,0.0,0.0,2026-06-29 19:53:58.123537+00:00
395,Hunter,Burch,1993-10-07,33,2021-01-13,65,A,SMALL_BIZ,56,313 Cindy Bypass,Lake Thomas,MN,77578,1,1.0,N,N,Y,N,4838.3,5000.0,96.77,2026-06-29 19:53:58.123537+00:00
407,Scott,Washington,1946-05-19,80,2012-05-20,169,A,MASS,489,77186 Richard Street,Navarrohaven,MT,09676,1,1.0,N,N,N,Y,15292.35,0.0,0.0,2026-06-29 19:53:58.123537+00:00
428,Amanda,Erickson,1964-01-11,62,2023-11-06,31,I,DIGITAL,81,43049 Anthony Mountain,North Andrewfurt,WI,61922,3,3.0,N,Y,Y,Y,81369.04,10000.0,22.64,2026-06-29 19:53:58.123537+00:00
435,Andrew,Edwards,2005-01-07,21,2013-02-16,160,A,DIGITAL,203,739 Davis Road Suite 032,Lake Timothy,MP,04450,1,1.0,N,N,Y,N,5525.5,10000.0,55.26,2026-06-29 19:53:58.123537+00:00
440,Kelsey,Le,1964-06-05,62,2016-10-10,116,A,WEALTH,273,12581 Ellen Ville,Longfurt,IN,35359,3,3.0,N,Y,Y,Y,82401.8,5000.0,20.1,2026-06-29 19:53:58.123537+00:00
469,Alexander,Valdez,1961-09-20,65,2022-04-10,50,A,WEALTH,466,633 Sanders Cliffs,Littleshire,AS,72234,2,1.0,Y,Y,N,N,36733.04,0.0,0.0,2026-06-29 19:53:58.123537+00:00
503,Tyler,Compton,1983-06-07,43,2017-11-11,103,A,DIGITAL,411,67486 Jefferson Locks,Lynnborough,WI,43098,3,3.0,Y,Y,N,Y,80090.3,0.0,0.0,2026-06-29 19:53:58.123537+00:00
531,Alexander,Moreno,1941-12-07,85,2019-09-20,81,A,MASS,383,883 Mason Freeway Suite 444,North Dorothyborough,WV,17840,4,4.0,Y,Y,Y,Y,96274.1,25000.0,72.06,2026-06-29 19:53:58.123537+00:00
540,Ariel,Hodge,1970-07-25,56,2023-03-12,39,A,PREMIER,162,9704 Hill Squares,Marcusville,TX,53522,3,3.0,N,Y,Y,Y,107292.32,10000.0,53.76,2026-06-29 19:53:58.123537+00:00
544,Leonard,Ali,1943-09-12,83,2025-05-06,13,A,SMALL_BIZ,170,136 Troy Bypass,North Tanyahaven,GU,47400,3,2.0,Y,Y,Y,N,74227.56,15000.0,1.39,2026-06-29 19:53:58.123537+00:00
552,Shelley,Reynolds,1974-05-12,52,2016-10-18,116,I,MASS,229,04578 Vanessa Gardens Apt. 456,Lake Nathan,AR,29163,3,3.0,Y,Y,N,Y,43203.95,0.0,0.0,2026-06-29 19:53:58.123537+00:00
567,Lisa,Villarreal,1963-07-28,63,2016-06-25,120,A,STUDENT,199,69615 Nelson Keys Apt. 364,Charlestown,AS,04858,2,2.0,Y,Y,N,N,82539.08,0.0,0.0,2026-06-29 19:53:58.123537+00:00
569,Tamara,Novak,1954-12-13,72,2016-03-05,123,I,DIGITAL,314,1967 Pamela Lodge Apt. 586,Jimmyview,TX,28261,3,2.0,N,Y,Y,Y,70446.91,15000.0,31.86,2026-06-29 19:53:58.123537+00:00
579,Michael,Woodard,1977-11-30,49,2023-04-15,38,A,WEALTH,412,9565 Brent Causeway,Port Douglas,MN,02273,3,3.0,Y,Y,Y,N,52549.47,5000.0,27.77,2026-06-29 19:53:58.123537+00:00
581,Deborah,Williams,1985-07-20,41,2016-10-14,116,A,MASS,204,293 Shelby Street Apt. 240,Thompsonhaven,CO,81380,1,1.0,N,Y,N,N,56360.37,0.0,0.0,2026-06-29 19:53:58.123537+00:00
585,Kelsey,Chapman,1971-05-11,55,2017-04-29,110,A,SMALL_BIZ,265,9513 Bianca Meadow,Lake Stephaniemouth,MD,20022,3,3.0,Y,N,Y,Y,73192.28,10000.0,66.56,2026-06-29 19:53:58.123537+00:00
591,Erica,Martin,1998-05-21,28,2021-02-26,64,A,PREMIER,129,945 Glenn Passage,Michaelville,TX,73463,3,2.0,Y,Y,N,Y,34155.99,0.0,0.0,2026-06-29 19:53:58.123537+00:00
592,Greg,Moore,2007-05-31,19,2015-02-17,136,A,DIGITAL,321,33861 Robert Square Suite 616,South Margaretmouth,KY,32090,1,1.0,N,Y,N,N,65997.04,0.0,0.0,2026-06-29 19:53:58.123537+00:00
593,Jesse,Sullivan,1979-01-01,47,2025-10-15,8,A,PREMIER,258,3671 Tyrone Green,Smithstad,IA,10738,4,3.0,Y,Y,Y,Y,150799.25,25000.0,87.93,2026-06-29 19:53:58.123537+00:00
612,Andrea,Wilson,1991-03-29,35,2022-12-01,42,A,DIGITAL,493,024 Myers Ridges Apt. 385,Jennyburgh,AK,10125,3,2.0,Y,Y,Y,N,40108.46,2000.0,16.97,2026-06-29 19:53:58.123537+00:00
619,Gabriel,Taylor,1989-02-09,37,2020-12-05,66,A,MASS,254,9256 Smith Well,South Jose,RI,65973,4,3.0,Y,Y,Y,Y,73492.99,10000.0,40.43,2026-06-29 19:53:58.123537+00:00
628,Zachary,Ramirez,2000-06-16,26,2012-11-17,163,A,MASS,407,9559 Medina Estate,Fordton,UT,54139,2,2.0,Y,N,Y,N,79348.48,25000.0,96.69,2026-06-29 19:53:58.123537+00:00
631,Michael,Brown,1972-03-16,54,2021-05-25,61,A,PREMIER,71,438 Ho Shore Suite 337,Ashleyhaven,UT,95023,2,2.0,Y,N,N,Y,107421.76,0.0,0.0,2026-06-29 19:53:58.123537+00:00
632,Russell,Lewis,1977-04-18,49,2014-09-27,141,I,WEALTH,266,87870 Ann Corners,North Jenniferbury,WY,62531,4,3.0,Y,Y,Y,Y,127333.83,10000.0,41.15,2026-06-29 19:53:58.123537+00:00
642,Jeremy,Frazier,1973-06-08,53,2013-06-21,156,A,SMALL_BIZ,27,047 Buchanan Inlet,Lake Daniel,MP,47781,1,1.0,N,N,N,Y,10434.67,0.0,0.0,2026-06-29 19:53:58.123537+00:00
651,Leonard,Taylor,1967-03-22,59,2025-11-10,7,A,SMALL_BIZ,245,91731 Lee Dale,Deborahtown,TN,68104,3,3.0,Y,N,Y,Y,63127.37,25000.0,22.52,2026-06-29 19:53:58.123537+00:00
654,April,Hicks,1985-08-08,41,2015-12-28,126,A,SMALL_BIZ,396,5100 Jason Wall Suite 857,Johnfort,SD,31535,3,3.0,Y,Y,Y,N,74393.01,5000.0,29.45,2026-06-29 19:53:58.123537+00:00
661,Kristina,Hunter,1944-02-28,82,2012-05-23,169,A,WEALTH,459,6539 Lopez Course,Port Judymouth,KY,24560,1,1.0,N,Y,N,N,14055.32,0.0,0.0,2026-06-29 19:53:58.123537+00:00
668,Kyle,Harmon,1971-11-13,55,2020-07-28,71,A,DIGITAL,26,373 Theresa Unions Apt. 759,South Kyle,AR,11555,2,2.0,Y,Y,N,N,74927.75,0.0,0.0,2026-06-29 19:53:58.123537+00:00
674,Spencer,Ward,1980-02-16,46,2012-08-21,166,A,SMALL_BIZ,103,1320 Allen Course Apt. 920,North Kimberly,MT,59432,3,3.0,Y,N,Y,Y,70864.19,10000.0,44.72,2026-06-29 19:53:58.123537+00:00
684,Angela,Smith,1998-02-04,28,2016-05-16,121,A,WEALTH,140,306 Cross Creek,Shelbyhaven,VA,26948,4,4.0,Y,Y,Y,Y,144324.61,25000.0,25.9,2026-06-29 19:53:58.123537+00:00
687,Kathleen,Sanchez,1954-08-02,72,2024-12-03,18,A,PREMIER,378,579 Cruz Crossroad,Wheelerborough,IA,74755,4,4.0,Y,Y,Y,Y,129302.18,15000.0,85.87,2026-06-29 19:53:58.123537+00:00
691,Travis,Brown,1976-12-27,50,2015-01-16,137,A,WEALTH,343,427 Rivera Island Apt. 672,Lake Brittanystad,AZ,50810,3,3.0,Y,Y,N,Y,109182.2,0.0,0.0,2026-06-29 19:53:58.123537+00:00
696,Jose,Edwards,2006-02-03,20,2015-01-09,137,A,MASS,335,36305 Navarro Mountain Suite 607,East Margaretmouth,AK,60333,3,3.0,Y,Y,Y,N,129283.13,2000.0,39.62,2026-06-29 19:53:58.123537+00:00
700,Tami,Clark,1968-09-22,58,2019-06-27,84,A,SMALL_BIZ,470,752 Robert Inlet Apt. 528,East William,PW,53415,4,3.0,Y,Y,Y,Y,87683.98,25000.0,50.92,2026-06-29 19:53:58.123537+00:00
726,Mary,Bruce,1994-11-30,32,2016-10-13,116,I,DIGITAL,373,76777 Nixon Skyway,Lake Carolyn,CA,70332,1,0.0,N,Y,N,N,73422.41,0.0,0.0,2026-06-29 19:53:58.123537+00:00
732,James,Anderson,1941-07-15,85,2025-03-08,15,A,STUDENT,393,693 Penny Coves Suite 538,Bankstown,DE,57496,4,4.0,Y,Y,Y,Y,166329.57,25000.0,24.79,2026-06-29 19:53:58.123537+00:00
735,Susan,Brooks,1998-03-16,28,2024-04-30,26,A,DIGITAL,380,87408 Caleb Views,North Gloria,OK,79292,2,1.0,Y,N,N,Y,26178.54,0.0,0.0,2026-06-29 19:53:58.123537+00:00
753,George,Bennett,2005-04-02,21,2012-08-06,166,A,WEALTH,434,1528 Young Plaza,Adamchester,PR,11921,4,4.0,Y,Y,Y,Y,108770.17,5000.0,72.24,2026-06-29 19:53:58.123537+00:00
757,James,Terry,1948-04-10,78,2014-07-23,143,A,WEALTH,107,0451 William Villages,Hallton,AK,23746,2,1.0,N,Y,N,Y,50975.7,0.0,0.0,2026-06-29 19:53:58.123537+00:00
763,Tracy,Guerrero,1962-02-24,64,2017-06-02,108,A,SMALL_BIZ,184,51747 Thompson Groves,Ellisfurt,MN,41747,4,4.0,Y,Y,Y,Y,83251.04,2000.0,21.61,2026-06-29 19:53:58.123537+00:00
765,Jose,Marshall,1966-03-29,60,2018-02-21,100,A,PREMIER,412,3421 Mitchell Pass Apt. 545,Robertshaven,NC,93846,2,2.0,Y,N,N,Y,93798.41,0.0,0.0,2026-06-29 19:53:58.123537+00:00
771,Wayne,Lester,2001-12-22,25,2022-02-23,52,A,DIGITAL,195,4690 James Loaf Apt. 105,Millermouth,IA,23568,3,2.0,N,Y,Y,Y,63907.3,5000.0,86.7,2026-06-29 19:53:58.123537+00:00
776,Robin,Jones,1958-10-08,68,2025-01-28,17,A,WEALTH,95,697 Vanessa Ways Suite 342,North Jose,KY,44203,1,1.0,N,N,Y,N,1846.62,15000.0,12.31,2026-06-29 19:53:58.123537+00:00
777,Mark,Hill,1967-06-30,59,2017-06-02,108,A,STUDENT,18,58606 Dawn Trace,Port Claudiahaven,CT,72794,4,3.0,Y,Y,Y,Y,146785.79,2000.0,55.37,2026-06-29 19:53:58.123537+00:00
786,Lisa,Turner,2001-08-04,25,2011-10-17,176,I,SMALL_BIZ,346,529 Farmer Port Apt. 496,Teresamouth,MD,72561,1,1.0,N,Y,N,N,43864.69,0.0,0.0,2026-06-29 19:53:58.123537+00:00
797,Gregory,Harrell,1966-06-12,60,2020-05-08,73,I,STUDENT,471,7430 Moore Brooks Suite 814,Lisaville,OR,66789,2,2.0,N,Y,Y,N,46912.29,2000.0,13.08,2026-06-29 19:53:58.123537+00:00
802,Katrina,Smith,1942-11-01,84,2023-02-17,40,A,DIGITAL,301,29158 Jennings Villages,New Michaelland,PW,16326,3,2.0,Y,Y,N,Y,84943.63,0.0,0.0,2026-06-29 19:53:58.123537+00:00
826,Robert,Hudson,1950-09-11,76,2014-06-24,144,I,STUDENT,267,5677 Walls Loaf Suite 324,Port Kellyport,FL,55363,2,2.0,N,Y,N,Y,99120.47,0.0,0.0,2026-06-29 19:53:58.123537+00:00
827,Leslie,Baldwin,2002-03-26,24,2018-04-26,98,A,DIGITAL,72,7574 Mcguire Pines,Ericamouth,OH,49222,4,4.0,Y,Y,Y,Y,82066.68,25000.0,2.7,2026-06-29 19:53:58.123537+00:00
842,Nancy,Scott,1985-01-28,41,2012-01-18,173,A,PREMIER,478,7843 Ronald Glens,Robertbury,CA,08609,3,3.0,Y,Y,N,Y,142671.31,0.0,0.0,2026-06-29 19:53:58.123537+00:00
849,James,Gonzalez,1949-02-17,77,2013-01-28,161,A,WEALTH,38,901 Alvarado Viaduct Suite 335,Thomasshire,MA,03990,2,1.0,Y,Y,N,N,53171.21,0.0,0.0,2026-06-29 19:53:58.123537+00:00
851,Tyler,Clark,1961-04-12,65,2012-01-29,173,A,SMALL_BIZ,215,47824 Summers Port,Port Davidfort,ID,74914,1,1.0,N,N,Y,N,8918.41,25000.0,35.67,2026-06-29 19:53:58.123537+00:00
854,Jennifer,Garcia,1947-07-12,79,2019-02-15,88,I,DIGITAL,332,23345 Darrell Harbor Apt. 776,Stevenchester,GU,57791,4,4.0,Y,Y,Y,Y,143301.85,15000.0,28.78,2026-06-29 19:53:58.123537+00:00
861,Suzanne,Nelson,1953-09-28,73,2017-06-20,108,A,DIGITAL,177,186 Donna Island Suite 863,Rachelview,AS,78025,4,3.0,Y,Y,Y,Y,64906.59,15000.0,30.4,2026-06-29 19:53:58.123537+00:00
878,Sergio,Wilson,1971-07-07,55,2024-04-08,26,A,STUDENT,53,999 Jennifer Cape Suite 189,East Geraldbury,CT,73279,2,2.0,N,Y,Y,N,13867.32,2000.0,9.56,2026-06-29 19:53:58.123537+00:00
884,Jennifer,Wilson,1973-03-11,53,2021-04-17,62,A,WEALTH,317,465 Kimberly Ford,South Christopher,AZ,39721,4,3.0,Y,Y,Y,Y,151995.99,10000.0,56.27,2026-06-29 19:53:58.123537+00:00
931,Sierra,Cruz,1962-12-29,63,2025-02-25,16,A,DIGITAL,496,6312 Peterson Freeway,Shawnshire,VT,89685,3,2.0,Y,Y,Y,N,71247.68,2000.0,61.33,2026-06-29 19:53:58.123537+00:00
941,Jonathan,Hughes,1980-01-05,46,2014-11-20,139,A,SMALL_BIZ,185,14822 Charles Stream,Reneemouth,WV,91970,3,3.0,N,Y,Y,Y,111777.17,15000.0,77.39,2026-06-29 19:53:58.123537+00:00
942,Andre,Nunez,1983-09-19,43,2017-12-13,102,A,MASS,341,0583 Brown Estate Apt. 884,New Edward,VA,70241,2,2.0,Y,N,Y,N,17887.11,25000.0,28.2,2026-06-29 19:53:58.123537+00:00
960,Kevin,Silva,1971-09-07,55,2020-09-07,69,A,PREMIER,302,6199 Miller Pass Apt. 863,North John,IN,58971,1,1.0,Y,N,N,N,12048.31,0.0,0.0,2026-06-29 19:53:58.123537+00:00
966,Amanda,Baker,1999-01-09,27,2013-07-30,155,A,DIGITAL,383,6774 Wright Creek Apt. 674,Jorgehaven,OK,06065,1,0.0,N,N,Y,N,1629.05,2000.0,81.45,2026-06-29 19:53:58.123537+00:00
981,Desiree,Diaz,1977-12-17,49,2014-01-31,149,A,DIGITAL,275,91828 Eric Orchard,Barrettchester,PW,87137,3,3.0,Y,Y,Y,N,31813.91,2000.0,56.23,2026-06-29 19:53:58.123537+00:00
985,Chris,Schneider,1950-10-20,76,2013-12-17,150,A,PREMIER,233,1638 Richard Falls Suite 794,New Heatherton,NH,27845,3,3.0,Y,Y,N,Y,50026.93,0.0,0.0,2026-06-29 19:53:58.123537+00:00
989,Bradley,Berry,1997-04-29,29,2011-10-29,176,A,MASS,268,6809 Rivera Cove,Mitchellport,VT,62730,4,4.0,Y,Y,Y,Y,108021.34,10000.0,86.48,2026-06-29 19:53:58.123537+00:00
1007,Nancy,Ortiz,1999-01-17,27,2015-09-19,129,A,WEALTH,36,044 Jeffery Lakes,New Ambershire,OR,32143,2,2.0,N,Y,Y,N,74216.93,10000.0,59.79,2026-06-29 19:53:58.123537+00:00
1009,Diamond,Watts,1949-05-21,77,2011-08-07,178,A,PREMIER,189,25277 Mills Mountain Suite 564,Tanyashire,HI,65284,3,3.0,Y,Y,N,Y,114600.93,0.0,0.0,2026-06-29 19:53:58.123537+00:00
1011,Rodney,Diaz,1958-06-26,68,2024-03-30,27,A,WEALTH,189,95238 Theresa Rest Suite 142,Lake Ruthbury,TN,42197,1,1.0,Y,N,N,N,54981.09,0.0,0.0,2026-06-29 19:53:58.123537+00:00
1015,Donna,Adkins,1990-10-15,36,2024-03-30,27,A,MASS,1,71872 Mckee View,Lake Jacobchester,NY,28524,2,1.0,N,Y,N,Y,85644.5,0.0,0.0,2026-06-29 19:53:58.123537+00:00
1027,Randall,Willis,1993-09-23,33,2016-10-04,116,I,SMALL_BIZ,426,80911 Green Creek Suite 824,Bryantstad,TX,34468,1,1.0,Y,N,N,N,58161.13,0.0,0.0,2026-06-29 19:53:58.123537+00:00
1043,Monique,Clark,1954-11-14,72,2022-06-18,48,A,PREMIER,7,371 Jones Meadows,Amandaside,AK,60283,2,2.0,N,N,Y,Y,18422.55,5000.0,78.65,2026-06-29 19:53:58.123537+00:00
1050,Timothy,Fernandez,1945-02-13,81,2023-06-01,36,A,DIGITAL,474,893 Bobby Underpass Apt. 898,North Timothybury,FL,95833,1,1.0,N,N,Y,N,231.6,10000.0,2.32,2026-06-29 19:53:58.123537+00:00
1067,Debra,Thompson,1954-10-27,72,2020-01-31,77,A,MASS,393,63447 Santos Ferry Suite 969,New Emily,GU,20255,1,0.0,N,N,N,Y,36692.44,0.0,0.0,2026-06-29 19:53:58.123537+00:00
1069,Patrick,Mitchell,1990-11-02,36,2024-10-05,20,A,MASS,274,90300 Krystal Underpass,East Catherineland,DE,84766,2,2.0,Y,Y,N,N,52544.6,0.0,0.0,2026-06-29 19:53:58.123537+00:00
1097,Dana,Williamson,1953-09-17,73,2015-10-24,128,A,WEALTH,6,0990 Harper Stream Apt. 892,Port Megan,CA,08348,3,3.0,N,Y,Y,Y,112407.02,2000.0,11.04,2026-06-29 19:53:58.123537+00:00
1104,Theodore,Lee,1993-06-17,33,2012-07-21,167,I,DIGITAL,232,4132 Lee Station Apt. 150,East Christina,ID,06376,2,1.0,N,N,Y,Y,15796.08,10000.0,51.59,2026-06-29 19:53:58.123537+00:00
1107,Steven,Wise,1990-11-29,36,2011-12-28,174,A,WEALTH,83,612 Victoria Lodge Suite 521,North Heathermouth,IL,10866,2,2.0,N,Y,N,Y,89108.13,0.0,0.0,2026-06-29 19:53:58.123537+00:00
1120,Dennis,Roach,1987-09-02,39,2016-10-31,116,A,DIGITAL,327,72492 Debra Gateway,East Kevin,AL,52068,1,1.0,Y,N,N,N,1686.49,0.0,0.0,2026-06-29 19:53:58.123537+00:00
1124,Kenneth,Baker,1946-02-08,80,2013-10-20,152,A,DIGITAL,190,2427 Patton Cliffs,Port Amber,NM,84443,3,3.0,Y,Y,Y,N,81697.73,10000.0,67.45,2026-06-29 19:53:58.123537+00:00
1126,Melissa,Parsons,1953-12-03,73,2011-10-09,176,A,WEALTH,239,673 Mario Pike,Gordonview,NC,09901,3,3.0,Y,Y,Y,N,93782.48,5000.0,28.43,2026-06-29 19:53:58.123537+00:00
1129,Danielle,Rodriguez,1982-07-25,44,2016-04-20,122,A,SMALL_BIZ,177,524 Matthew Canyon Apt. 451,Lake Raymondfurt,WV,53903,4,2.0,Y,Y,Y,Y,120199.07,25000.0,50.87,2026-06-29 19:53:58.123537+00:00
1132,Diane,Fox,1979-10-01,47,2023-12-19,30,A,STUDENT,352,6917 Stephanie Lakes Suite 836,Lake Kimberlymouth,IA,73602,3,2.0,N,Y,Y,Y,59873.45,2000.0,38.44,2026-06-29 19:53:58.123537+00:00
1135,Laurie,Brown,2001-02-07,25,2012-09-06,165,A,STUDENT,347,74565 Lee Plaza,Hartport,MP,30167,3,3.0,Y,Y,N,Y,124123.96,0.0,0.0,2026-06-29 19:53:58.123537+00:00
1139,Amanda,Lopez,1947-12-31,78,2022-04-23,50,A,PREMIER,350,0210 Olivia Via,South Christina,RI,55510,1,1.0,N,Y,N,N,34861.63,0.0,0.0,2026-06-29 19:53:58.123537+00:00
1145,Mark,Watson,1962-08-10,64,2026-04-13,2,A,WEALTH,58,46583 Drake Rapids,Lake Juliaville,MT,88336,1,1.0,N,Y,N,N,37833.96,0.0,0.0,2026-06-29 19:53:58.123537+00:00
1150,Kevin,Walker,2008-01-18,18,2015-12-29,126,I,STUDENT,312,18765 Henry Ferry,West Daniel,NY,51563,1,1.0,N,N,Y,N,433.55,15000.0,2.89,2026-06-29 19:53:58.123537+00:00
1152,Angela,Howe,1959-12-24,67,2019-10-01,80,I,STUDENT,312,5914 Gregory Club,Lake Timothyview,MI,49973,3,3.0,Y,N,Y,Y,91536.18,10000.0,99.36,2026-06-29 19:53:58.123537+00:00
1166,Ashley,Williams,1950-05-07,76,2012-09-20,165,A,DIGITAL,17,46719 Bryan Station Suite 739,Port Allisonstad,ID,45089,3,3.0,Y,Y,N,Y,76907.02,0.0,0.0,2026-06-29 19:53:58.123537+00:00
1171,Emily,Henderson,2003-05-29,23,2012-10-29,164,A,DIGITAL,492,0186 Bonnie Walk,Port Kayla,PR,99557,1,1.0,N,Y,N,N,32232.08,0.0,0.0,2026-06-29 19:53:58.123537+00:00
1177,Alexander,Benson,1999-09-12,27,2023-09-22,33,A,PREMIER,443,373 Padilla Common Suite 353,Michaelview,NE,97557,4,4.0,Y,Y,Y,Y,160676.34,25000.0,88.46,2026-06-29 19:53:58.123537+00:00
1188,Andrew,Wright,1972-03-05,54,2025-04-23,14,A,MASS,134,8340 Nancy Crossing,West Michaelshire,NC,05899,1,0.0,N,N,Y,N,1538.13,5000.0,30.76,2026-06-29 19:53:58.123537+00:00
1195,Jeremy,Allen,1982-07-11,44,2020-10-27,68,A,MASS,372,496 Michelle Camp Apt. 230,North Daniel,VA,80234,3,3.0,N,Y,Y,Y,61000.87,10000.0,8.7,2026-06-29 19:53:58.123537+00:00
1196,Renee,Murphy,1951-09-22,75,2025-12-20,6,I,SMALL_BIZ,274,2662 Torres Loop,Woodstown,GU,34210,2,2.0,N,Y,N,Y,72049.65,0.0,0.0,2026-06-29 19:53:58.123537+00:00
1212,Valerie,Camacho,1945-12-03,81,2025-04-27,14,A,PREMIER,250,203 Thomas Path Suite 794,North Mollymouth,PW,38308,1,0.0,N,N,N,Y,2105.78,0.0,0.0,2026-06-29 19:53:58.123537+00:00
1222,Shannon,Sharp,1951-01-08,75,2023-11-15,31,A,SMALL_BIZ,376,197 Hunter Springs Suite 674,East James,WY,70918,1,1.0,N,N,Y,N,930.03,2000.0,46.5,2026-06-29 19:53:58.123537+00:00
1252,Chelsea,Erickson,1974-06-28,52,2014-03-05,147,A,PREMIER,428,2292 Olson Bypass Apt. 598,Michaelmouth,PW,41702,2,2.0,Y,Y,N,N,35106.47,0.0,0.0,2026-06-29 19:53:58.123537+00:00
1257,Mario,Smith,1962-02-10,64,2019-01-18,89,A,PREMIER,417,58828 Johnson Freeway,Christopherland,OR,77605,3,3.0,N,Y,Y,Y,70675.54,25000.0,57.82,2026-06-29 19:53:58.123537+00:00
1287,Mary,Lyons,1981-06-06,45,2020-05-01,73,A,WEALTH,228,3255 Gates Freeway,Lake James,SD,28492,1,1.0,N,Y,N,N,75089.23,0.0,0.0,2026-06-29 19:53:58.123537+00:00
1290,Lisa,Gillespie,1972-09-10,54,2013-06-16,156,A,PREMIER,207,968 Amy Grove,East Kathy,SD,68567,4,3.0,Y,Y,Y,Y,36652.17,10000.0,17.11,2026-06-29 19:53:58.123537+00:00
1292,Jeffrey,Callahan,1972-09-02,54,2014-12-12,138,A,STUDENT,494,409 Gina Mountains Apt. 290,Solomonview,FL,20548,1,1.0,N,N,N,Y,3889.49,0.0,0.0,2026-06-29 19:53:58.123537+00:00
1295,Michael,Murray,1943-07-09,83,2018-08-01,94,A,WEALTH,170,1070 Wilson Glens Apt. 223,Patriciashire,MT,02008,4,4.0,Y,Y,Y,Y,27527.97,25000.0,13.07,2026-06-29 19:53:58.123537+00:00
1300,Lisa,Garza,1967-03-17,59,2016-07-28,119,A,PREMIER,460,7884 Thomas Bypass Suite 420,North Aprilfurt,VI,67442,4,4.0,Y,Y,Y,Y,121355.15,5000.0,60.36,2026-06-29 19:53:58.123537+00:00
1313,Mike,Dunn,1950-01-14,76,2015-11-18,127,A,STUDENT,452,805 Smith Ferry Apt. 470,East Danielle,UT,11521,1,1.0,N,N,Y,N,1456.49,10000.0,14.56,2026-06-29 19:53:58.123537+00:00
1322,Cassandra,Simmons,1972-01-17,54,2023-04-05,38,A,SMALL_BIZ,333,1279 Lara Squares Apt. 130,Tiffanymouth,DC,42598,1,1.0,N,N,N,Y,46470.99,0.0,0.0,2026-06-29 19:53:58.123537+00:00
1323,Andrea,Cole,1953-07-15,73,2019-02-02,88,I,STUDENT,356,249 Shaffer Mount,North Randy,NE,72340,2,2.0,Y,N,Y,N,31614.83,10000.0,71.55,2026-06-29 19:53:58.123537+00:00
1326,Tiffany,Carroll,1978-01-31,48,2016-12-18,114,A,SMALL_BIZ,383,2912 Elliott Court,Madisonbury,KY,47600,4,4.0,Y,Y,Y,Y,170869.45,25000.0,65.71,2026-06-29 19:53:58.123537+00:00
1327,Timothy,Vaughn,1988-09-19,38,2013-03-06,159,A,WEALTH,414,09269 Wagner Run Apt. 310,Port Sherri,NY,45176,1,1.0,N,N,Y,N,578.32,2000.0,28.92,2026-06-29 19:53:58.123537+00:00
1330,Judith,Horne,1947-06-02,79,2018-07-16,95,A,MASS,385,442 Mary Freeway Apt. 995,Fritzport,FL,57950,2,2.0,N,Y,N,Y,73191.8,0.0,0.0,2026-06-29 19:53:58.123537+00:00
1342,Michelle,Cooper,1973-12-24,53,2023-06-01,36,A,STUDENT,280,724 Wheeler Corners Suite 648,South Cole,AS,69354,1,1.0,N,Y,N,N,45226.29,0.0,0.0,2026-06-29 19:53:58.123537+00:00
1358,James,Johnson,1956-03-11,70,2015-09-19,129,A,SMALL_BIZ,170,421 Bonnie Fort Apt. 547,Julieshire,NY,30960,1,1.0,N,N,Y,N,396.01,2000.0,19.8,2026-06-29 19:53:58.123537+00:00
1365,Fernando,Jones,1993-01-26,33,2016-04-25,122,A,SMALL_BIZ,145,7327 David Field,Leblancside,WA,93989,2,2.0,N,Y,N,Y,103162.19,0.0,0.0,2026-06-29 19:53:58.123537+00:00
1386,Brian,French,2008-03-18,18,2012-01-16,173,A,STUDENT,45,4896 Hawkins Curve,Copelandfort,MS,80271,1,1.0,N,N,N,Y,1345.95,0.0,0.0,2026-06-29 19:53:58.123537+00:00
1390,Samantha,Williams,1985-04-18,41,2018-07-09,95,A,MASS,492,6729 Robert Corner,Jennifertown,HI,66448,1,1.0,N,N,Y,N,3606.19,10000.0,36.06,2026-06-29 19:53:58.123537+00:00
1407,David,Moreno,1941-10-18,85,2015-01-02,137,I,SMALL_BIZ,300,4471 Durham Knolls,East Loriville,MD,97065,2,1.0,N,N,Y,Y,20434.54,25000.0,31.58,2026-06-29 19:53:58.123537+00:00
1419,Dustin,Reilly,1973-12-11,53,2024-10-10,20,A,SMALL_BIZ,16,492 Castro Meadow Suite 744,Lopezport,MA,59686,1,1.0,N,N,N,Y,46283.68,0.0,0.0,2026-06-29 19:53:58.123537+00:00
1422,Derek,York,1987-11-14,39,2012-05-19,169,A,SMALL_BIZ,397,767 Gonzalez Road Apt. 918,Haynesmouth,PA,75691,4,1.0,Y,Y,Y,Y,40221.94,10000.0,27.84,2026-06-29 19:53:58.123537+00:00
1433,Stephanie,Anderson,1942-04-29,84,2022-05-29,49,A,STUDENT,465,514 Cooper Trail Suite 444,Port Wendy,MH,85171,3,3.0,N,Y,Y,Y,48696.91,15000.0,98.94,2026-06-29 19:53:58.123537+00:00
1437,Mitchell,Marshall,1968-08-25,58,2023-04-10,38,A,SMALL_BIZ,135,73822 Hampton Canyon,Ryanside,UT,98224,2,2.0,Y,Y,N,N,103511.19,0.0,0.0,2026-06-29 19:53:58.123537+00:00
1459,Mark,Watkins,1964-06-16,62,2021-02-16,64,A,STUDENT,74,9760 Espinoza Bridge,Peggychester,AK,06311,1,1.0,N,N,N,Y,30406.72,0.0,0.0,2026-06-29 19:53:58.123537+00:00
1487,Carl,Choi,1999-08-13,27,2026-03-18,3,A,DIGITAL,190,846 Thompson Parks Apt. 457,Leestad,NY,96097,3,3.0,Y,N,Y,Y,94633.16,15000.0,79.62,2026-06-29 19:53:58.123537+00:00
1488,Robert,Rocha,1992-02-24,34,2012-10-22,164,A,MASS,158,13549 Lawrence Light,Hillchester,WY,38618,4,4.0,Y,Y,Y,Y,116487.67,10000.0,34.35,2026-06-29 19:53:58.123537+00:00
1509,Alicia,Patel,1982-08-04,44,2023-11-23,31,A,STUDENT,8,5714 Steven Radial,North Caitlin,VA,24450,2,2.0,Y,N,Y,N,58120.16,2000.0,93.81,2026-06-29 19:53:58.123537+00:00
1512,Lisa,Preston,1962-05-14,64,2016-11-24,115,A,STUDENT,494,714 Patricia Inlet Suite 288,Sullivanchester,NY,67465,2,2.0,Y,N,N,Y,64140.95,0.0,0.0,2026-06-29 19:53:58.123537+00:00
1514,Jeffrey,Vincent,1943-06-02,83,2023-08-23,34,A,DIGITAL,209,1372 Daniel Expressway Apt. 144,Bautistachester,NE,66587,4,4.0,Y,Y,Y,Y,96765.08,15000.0,44.88,2026-06-29 19:53:58.123537+00:00
1517,Brad,Rodriguez,1993-05-24,33,2022-10-15,44,A,MASS,449,51031 Farrell Burg Suite 033,Port Stacyview,MT,63946,3,2.0,Y,N,Y,Y,118813.19,5000.0,55.08,2026-06-29 19:53:58.123537+00:00
1524,Alexis,Robinson,1948-02-18,78,2020-02-12,76,A,STUDENT,5,6745 Steven Stravenue Suite 096,Wendyberg,MN,54709,4,4.0,Y,Y,Y,Y,71859.78,2000.0,94.66,2026-06-29 19:53:58.123537+00:00
1534,Chad,Randall,1998-10-19,28,2014-04-22,146,A,PREMIER,347,12652 Aaron Centers,Campbellside,OH,87138,2,2.0,N,N,Y,Y,44428.17,2000.0,57.59,2026-06-29 19:53:58.123537+00:00
1538,Tiffany,Brown,1948-04-22,78,2025-04-17,14,A,WEALTH,94,931 Palmer Isle Suite 873,Brianstad,IN,71291,3,3.0,N,Y,Y,Y,88299.38,5000.0,89.25,2026-06-29 19:53:58.123537+00:00
1542,Thomas,Morrison,1984-08-17,42,2017-06-17,108,A,WEALTH,441,03089 Nielsen Street Suite 602,Mccartyfort,AR,26574,1,1.0,N,N,Y,N,21482.44,25000.0,85.93,2026-06-29 19:53:58.123537+00:00
1548,Laura,Harris,1991-11-06,35,2022-12-10,42,A,STUDENT,135,94195 James Overpass Suite 552,Lake Alanstad,RI,22657,1,1.0,Y,N,N,N,18753.81,0.0,0.0,2026-06-29 19:53:58.123537+00:00
1559,Judy,Johnson,1997-07-25,29,2016-09-11,117,I,STUDENT,369,43092 Moore Via Suite 824,North Lindastad,FL,09713,3,3.0,Y,N,Y,Y,88660.43,25000.0,87.53,2026-06-29 19:53:58.123537+00:00
1566,Ashley,Stokes,1966-10-19,60,2017-04-24,110,A,MASS,445,93872 Hodge Mountains Suite 933,Christineburgh,LA,22419,1,1.0,N,N,Y,N,2673.94,15000.0,17.83,2026-06-29 19:53:58.123537+00:00
1580,Courtney,Boyd,1970-07-20,56,2019-12-08,78,A,DIGITAL,373,35796 Kyle Greens,Andrewmouth,NH,77086,1,0.0,N,N,N,Y,58043.77,0.0,0.0,2026-06-29 19:53:58.123537+00:00
1590,Michelle,Lester,1947-02-11,79,2020-06-19,72,A,STUDENT,430,39074 Wright Ports Suite 920,Port Teresa,HI,16680,4,3.0,Y,Y,Y,Y,136111.08,15000.0,21.29,2026-06-29 19:53:58.123537+00:00
1595,Lindsay,Murphy,1957-06-10,69,2013-04-25,158,A,SMALL_BIZ,384,275 Tyler Branch Apt. 410,Lake James,PR,51175,3,3.0,Y,Y,N,Y,118513.19,0.0,0.0,2026-06-29 19:53:58.123537+00:00
1597,Gregory,Booker,1969-10-28,57,2013-08-23,154,A,MASS,466,85540 Todd Terrace,Justinfort,VI,03495,2,2.0,Y,Y,N,N,96003.43,0.0,0.0,2026-06-29 19:53:58.123537+00:00
1608,Ruth,Welch,1955-08-03,71,2024-10-08,20,A,DIGITAL,367,6115 Schmidt Haven Suite 384,North Aprilland,MP,08644,3,3.0,Y,Y,Y,N,84153.01,2000.0,0.69,2026-06-29 19:53:58.123537+00:00
1609,Richard,Johnson,2000-05-31,26,2022-12-05,42,A,WEALTH,113,3310 Carson Views,Samueltown,ID,11803,2,1.0,N,Y,N,Y,102116.73,0.0,0.0,2026-06-29 19:53:58.123537+00:00
1614,Brett,May,1971-11-10,55,2011-11-25,175,A,DIGITAL,70,8808 Stevenson Rapid Suite 652,South Melissaborough,UT,84383,3,3.0,Y,Y,N,Y,82979.5,0.0,0.0,2026-06-29 19:53:58.123537+00:00
1623,Terri,Gonzalez,1983-06-23,43,2025-01-07,17,A,MASS,216,153 Belinda Isle,Port Teresa,ID,91227,3,3.0,Y,Y,N,Y,9924.86,0.0,0.0,2026-06-29 19:53:58.123537+00:00
1629,Melissa,Greene,1974-08-07,52,2013-06-07,156,A,PREMIER,63,3036 Albert Brook,Courtneytown,GU,96612,2,1.0,N,N,Y,Y,54356.48,10000.0,13.08,2026-06-29 19:53:58.123537+00:00
1635,Cody,Brown,1990-10-23,36,2015-04-25,134,I,DIGITAL,323,0997 Santos Throughway Suite 161,North Debra,DE,60705,3,3.0,Y,Y,N,Y,92673.36,0.0,0.0,2026-06-29 19:53:58.123537+00:00
1637,Carmen,Goodman,2004-06-04,22,2025-12-02,6,A,PREMIER,130,415 Paul Crossing Suite 518,North Robin,IN,20309,3,3.0,Y,Y,N,Y,177338.64,0.0,0.0,2026-06-29 19:53:58.123537+00:00
1645,Patricia,Stewart,1959-03-01,67,2016-02-28,124,A,PREMIER,352,4184 Maria Divide Suite 405,West Derek,PA,29472,1,1.0,Y,N,N,N,51181.84,0.0,0.0,2026-06-29 19:53:58.123537+00:00
1652,Gary,Hicks,1999-08-29,27,2014-03-09,147,A,MASS,461,0650 Payne Views,Jasonchester,FM,39529,2,2.0,Y,Y,N,N,74195.37,0.0,0.0,2026-06-29 19:53:58.123537+00:00
1657,Mary,Hernandez,1981-01-16,45,2025-09-06,9,A,STUDENT,469,3632 Christopher Key Suite 612,West Jessicaland,VA,23533,1,1.0,Y,N,N,N,55189.25,0.0,0.0,2026-06-29 19:53:58.123537+00:00
1661,Ashley,Lewis,1990-09-09,36,2025-10-09,8,A,WEALTH,376,3076 Griffin Shoal Suite 001,Stevenchester,PW,51050,4,4.0,Y,Y,Y,Y,83466.0,5000.0,4.49,2026-06-29 19:53:58.123537+00:00
1704,Matthew,Guzman,1956-03-18,70,2025-01-19,17,A,MASS,48,324 Greene Street,Lake Davidland,LA,87055,4,3.0,Y,Y,Y,Y,157304.07,15000.0,56.76,2026-06-29 19:53:58.123537+00:00
1711,Nicole,Kelly,1944-08-23,82,2011-10-05,176,A,MASS,451,7064 Bradford Ranch Apt. 057,Simmonsland,LA,02116,3,3.0,N,Y,Y,Y,72209.14,25000.0,61.11,2026-06-29 19:53:58.123537+00:00
1733,April,Phillips,1989-04-14,37,2021-05-05,61,A,MASS,87,70660 Snyder Light Suite 273,North Jessica,GA,96387,1,1.0,N,N,Y,N,8050.94,10000.0,80.51,2026-06-29 19:53:58.123537+00:00
1734,Angela,Torres,1968-06-04,58,2021-08-25,58,A,STUDENT,75,18987 Daniel Drives,Gabrielleview,MI,09744,2,2.0,Y,N,N,Y,124782.83,0.0,0.0,2026-06-29 19:53:58.123537+00:00
1750,April,Wright,1986-07-18,40,2022-02-23,52,A,SMALL_BIZ,437,9567 Blevins Points,Montoyachester,DE,20762,2,2.0,N,Y,N,Y,28534.48,0.0,0.0,2026-06-29 19:53:58.123537+00:00
1754,Brianna,Stone,1966-03-26,60,2019-05-05,85,A,PREMIER,96,58425 Christopher Plains Suite 422,North Ann,NY,28792,4,3.0,Y,Y,Y,Y,138632.38,5000.0,7.95,2026-06-29 19:53:58.123537+00:00
1759,Julie,Raymond,1955-09-27,71,2018-07-21,95,A,MASS,321,62958 Samantha Village,Mendozashire,MO,86558,1,0.0,N,Y,N,N,54720.78,0.0,0.0,2026-06-29 19:53:58.123537+00:00
1777,John,Thornton,1942-10-06,84,2023-03-25,39,A,WEALTH,382,48869 Parker Plains,North Davidtown,TN,80773,2,2.0,N,Y,N,Y,100550.77,0.0,0.0,2026-06-29 19:53:58.123537+00:00
1779,Michelle,Johnson,1968-05-30,58,2012-02-29,172,A,DIGITAL,95,83437 John Junctions,South Michelle,AS,55133,1,1.0,N,N,N,Y,3549.85,0.0,0.0,2026-06-29 19:53:58.123537+00:00
1790,John,Peters,2006-01-16,20,2021-07-24,59,A,STUDENT,251,46813 John Forest,Gonzalezport,OK,18282,2,2.0,Y,N,Y,N,86657.21,25000.0,70.09,2026-06-29 19:53:58.123537+00:00
1807,Chris,Johnson,1994-03-29,32,2021-03-04,63,A,STUDENT,460,0175 Thomas Road,East Bruce,MH,80979,4,4.0,Y,Y,Y,Y,103335.83,2000.0,96.41,2026-06-29 19:53:58.123537+00:00
1808,Emily,Gomez,1997-03-28,29,2021-07-05,59,A,WEALTH,47,78573 Dennis Stravenue Apt. 948,Timothymouth,CO,35714,1,1.0,N,Y,N,N,11518.36,0.0,0.0,2026-06-29 19:53:58.123537+00:00
1814,Juan,Conway,1974-07-29,52,2016-11-26,115,A,WEALTH,282,453 Miles Isle Suite 026,Bushville,PR,23070,1,1.0,N,Y,N,N,30212.65,0.0,0.0,2026-06-29 19:53:58.123537+00:00
1820,Erica,Braun,1993-11-25,33,2014-05-09,145,A,DIGITAL,492,65012 Poole Hill,Lake Erikaport,MH,13191,1,1.0,N,Y,N,N,45196.47,0.0,0.0,2026-06-29 19:53:58.123537+00:00
1821,Johnny,Castro,1987-12-03,39,2019-06-10,84,A,STUDENT,392,97137 Castillo Road Apt. 864,West Steventown,KY,20350,4,4.0,Y,Y,Y,Y,132393.05,10000.0,96.54,2026-06-29 19:53:58.123537+00:00
1823,Ryan,Carney,1944-12-19,82,2025-06-30,12,A,PREMIER,312,3187 Debbie Rue Suite 098,East Cameron,MT,18686,4,3.0,Y,Y,Y,Y,142712.17,25000.0,25.66,2026-06-29 19:53:58.123537+00:00
1829,Connie,Davis,1952-07-06,74,2016-02-16,124,A,SMALL_BIZ,179,54712 Proctor Avenue,Grayport,OH,48335,2,2.0,N,Y,Y,N,23903.01,2000.0,75.08,2026-06-29 19:53:58.123537+00:00
1832,Matthew,Bauer,1964-04-28,62,2012-04-20,170,A,PREMIER,214,0101 Barbara Key,Lake Kevinport,VA,22870,3,2.0,Y,Y,N,Y,88564.13,0.0,0.0,2026-06-29 19:53:58.123537+00:00
1840,Nichole,Harvey,1967-03-19,59,2023-05-09,37,A,STUDENT,212,4740 Wood Brook,South Leslie,DE,96989,2,2.0,Y,Y,N,N,68265.6,0.0,0.0,2026-06-29 19:53:58.123537+00:00
1841,Krista,Gibson,1964-03-30,62,2025-06-23,12,A,SMALL_BIZ,108,7047 Barnett Curve Apt. 728,Zimmermanstad,NM,52986,1,1.0,Y,N,N,N,35743.08,0.0,0.0,2026-06-29 19:53:58.123537+00:00
1846,Susan,Webster,1962-05-16,64,2017-12-28,102,A,DIGITAL,315,3848 Jesus Extensions,Curtismouth,WI,15649,3,3.0,N,Y,Y,Y,130778.72,5000.0,14.76,2026-06-29 19:53:58.123537+00:00
1870,Amanda,Clarke,1982-10-06,44,2014-04-24,146,A,DIGITAL,305,99262 Kathryn Loaf,New Kaylastad,NV,78308,2,2.0,Y,Y,N,N,34703.42,0.0,0.0,2026-06-29 19:53:58.123537+00:00
1874,Deanna,Hicks,1975-07-27,51,2022-09-12,45,I,DIGITAL,269,3916 Brandon Locks Suite 165,Johnsonland,MI,17019,4,3.0,Y,Y,Y,Y,55536.22,2000.0,12.88,2026-06-29 19:53:58.123537+00:00
1882,Taylor,Ortiz,1983-02-08,43,2017-11-05,103,I,WEALTH,366,925 Barron Spurs Apt. 419,Keithville,SC,48155,2,2.0,Y,N,N,Y,100160.55,0.0,0.0,2026-06-29 19:53:58.123537+00:00
1892,William,Juarez,1985-05-25,41,2018-07-13,95,A,STUDENT,287,592 Alexis Circles,New Dawn,MD,17570,3,3.0,N,Y,Y,Y,94587.05,10000.0,9.69,2026-06-29 19:53:58.123537+00:00
1903,Tina,Harris,1982-03-20,44,2024-06-03,24,A,PREMIER,499,751 Reid Pines,Walkerview,RI,40592,1,1.0,N,N,N,Y,19652.98,0.0,0.0,2026-06-29 19:53:58.123537+00:00
1906,Antonio,Barker,1948-06-24,78,2019-09-27,81,A,WEALTH,119,73322 Ricky Extensions,Tinaside,AK,61268,2,2.0,Y,Y,N,N,68382.87,0.0,0.0,2026-06-29 19:53:58.123537+00:00
1912,Ryan,Mckinney,1950-03-13,76,2014-07-23,143,I,MASS,310,6746 Peterson Lake Suite 519,Jesseberg,MA,36783,1,0.0,N,N,N,Y,18502.28,0.0,0.0,2026-06-29 19:53:58.123537+00:00
1930,Carlos,Kelley,1991-08-26,35,2018-09-21,93,A,DIGITAL,106,8331 Emily Brook Apt. 157,Port Dana,FL,01335,1,1.0,N,N,N,Y,9893.86,0.0,0.0,2026-06-29 19:53:58.123537+00:00
1937,Peter,Parker,1989-06-28,37,2024-11-14,19,A,PREMIER,441,64389 Brown Landing Apt. 359,Lake Tara,AR,18211,1,0.0,N,N,Y,N,196.8,5000.0,3.94,2026-06-29 19:53:58.123537+00:00
1944,Sheila,Martinez,1955-05-15,71,2019-07-28,83,A,MASS,447,3648 Megan Corner,Edwardstown,FM,66107,4,4.0,Y,Y,Y,Y,147252.5,25000.0,13.96,2026-06-29 19:53:58.123537+00:00
1954,Danielle,Hall,1980-09-08,46,2017-03-12,111,A,MASS,211,00039 Mckenzie Creek,New Brandonshire,HI,73782,1,1.0,N,Y,N,N,10476.41,0.0,0.0,2026-06-29 19:53:58.123537+00:00
1956,Joann,Todd,2001-07-29,25,2016-02-05,124,I,SMALL_BIZ,189,4220 Dunn Flats,Lake Abigail,NJ,08710,2,2.0,Y,Y,N,N,131130.3,0.0,0.0,2026-06-29 19:53:58.123537+00:00
1958,Benjamin,Mclean,1951-08-27,75,2014-07-16,143,A,MASS,239,001 Walker Courts,North Ryanton,PA,58358,3,2.0,N,Y,Y,Y,72518.12,15000.0,92.06,2026-06-29 19:53:58.123537+00:00
1965,Molly,Jones,1971-02-17,55,2011-07-31,179,A,WEALTH,181,19731 Cox Falls Suite 542,Samanthachester,WA,51978,1,1.0,N,N,N,Y,21864.86,0.0,0.0,2026-06-29 19:53:58.123537+00:00
1971,Teresa,Sanders,1993-11-01,33,2012-09-07,165,A,WEALTH,43,6844 Jones Trail Apt. 191,Duranfurt,FL,19395,3,3.0,Y,Y,N,Y,124730.02,0.0,0.0,2026-06-29 19:53:58.123537+00:00
1979,Shelby,Waller,1974-06-02,52,2025-04-20,14,I,MASS,44,22699 Davis Wells,Port Mandyburgh,PA,99719,3,3.0,Y,Y,Y,N,104151.94,10000.0,52.92,2026-06-29 19:53:58.123537+00:00
1980,Danielle,Chapman,1966-06-29,60,2018-10-17,92,I,WEALTH,386,52030 Fitzgerald Oval,Port Dustinfort,MI,94682,1,1.0,N,Y,N,N,58868.85,0.0,0.0,2026-06-29 19:53:58.123537+00:00
1985,Austin,Li,1990-10-12,36,2015-02-08,136,A,WEALTH,155,5686 Kenneth Overpass,Peckshire,AR,94088,2,2.0,N,Y,Y,N,80551.72,10000.0,55.74,2026-06-29 19:53:58.123537+00:00
1986,Heidi,Brewer,1983-10-07,43,2021-07-31,59,A,DIGITAL,195,859 Powers Mount,New Normaland,IA,82118,4,3.0,Y,Y,Y,Y,113433.07,5000.0,96.17,2026-06-29 19:53:58.123537+00:00
1996,Aaron,Jones,2007-08-15,19,2023-09-02,33,A,SMALL_BIZ,345,3134 Glover Square,Bryanborough,NC,67724,2,1.0,N,N,Y,Y,17596.59,15000.0,92.17,2026-06-29 19:53:58.123537+00:00
1999,Shannon,Olsen,1953-09-07,73,2025-08-22,10,A,PREMIER,7,4033 Salazar Manors,North Nicholemouth,AZ,43536,4,4.0,Y,Y,Y,Y,109638.7,15000.0,65.42,2026-06-29 19:53:58.123537+00:00
2022,Kevin,Nunez,1950-01-21,76,2023-05-18,37,A,SMALL_BIZ,328,5006 Curtis Field,Lake Rhondamouth,PW,03584,2,2.0,Y,Y,N,N,67229.61,0.0,0.0,2026-06-29 19:53:58.123537+00:00
2035,Stephanie,Ray,1966-02-16,60,2024-03-21,27,A,WEALTH,339,996 Martin Bypass Suite 882,Dustinmouth,TX,79324,4,3.0,Y,Y,Y,Y,84579.67,15000.0,87.47,2026-06-29 19:53:58.123537+00:00
2048,Melinda,Ritter,2007-06-11,19,2021-04-29,62,A,WEALTH,335,16515 Simmons Vista,Youngborough,NV,49772,1,1.0,Y,N,N,N,73070.08,0.0,0.0,2026-06-29 19:53:58.123537+00:00
2049,Erica,Mooney,1978-03-15,48,2016-07-10,119,A,STUDENT,24,77876 Rivers Street Suite 324,Johnsonfort,WV,05164,3,2.0,N,Y,Y,Y,64220.8,15000.0,79.57,2026-06-29 19:53:58.123537+00:00
2052,Betty,Trujillo,1950-04-06,76,2022-09-18,45,A,STUDENT,88,6934 Lopez Throughway Apt. 283,Collierland,ID,01548,4,4.0,Y,Y,Y,Y,137520.12,10000.0,45.21,2026-06-29 19:53:58.123537+00:00
2057,Ronald,Skinner,1951-05-20,75,2025-09-01,9,A,DIGITAL,165,9494 Kayla Heights Suite 265,Bonniemouth,IN,58169,3,2.0,N,Y,Y,Y,59170.96,25000.0,73.3,2026-06-29 19:53:58.123537+00:00
2069,Laura,Lopez,1945-09-29,81,2025-01-18,17,A,WEALTH,123,84952 Mccall Camp,Lake Jillianstad,TN,15203,1,1.0,N,N,Y,N,198.69,15000.0,1.32,2026-06-29 19:53:58.123537+00:00
2072,David,Mullins,1989-04-24,37,2023-04-12,38,A,MASS,215,0554 Smith Oval,Reginaland,MH,23218,4,4.0,Y,Y,Y,Y,105496.56,25000.0,96.19,2026-06-29 19:53:58.123537+00:00
2076,Tina,Hunter,1998-07-15,28,2012-01-05,173,I,MASS,28,211 Mclean Well Apt. 028,Port Brianshire,IL,79747,3,3.0,N,Y,Y,Y,112952.08,15000.0,69.75,2026-06-29 19:53:58.123537+00:00
2096,Jackie,Grimes,1974-04-18,52,2019-05-20,85,A,MASS,70,8371 Clark Circle Apt. 763,South Teresaview,AS,66766,4,3.0,Y,Y,Y,Y,136721.95,15000.0,52.56,2026-06-29 19:53:58.123537+00:00
2100,Albert,Palmer,1973-06-10,53,2013-05-24,157,A,STUDENT,497,451 Chavez Brooks,South Charlesport,GU,66364,2,2.0,Y,N,N,Y,81572.19,0.0,0.0,2026-06-29 19:53:58.123537+00:00
2101,Nicholas,Moss,1951-11-29,75,2013-05-17,157,I,PREMIER,211,646 Lloyd Valleys Apt. 572,Amandamouth,MS,94539,1,1.0,N,Y,N,N,74348.88,0.0,0.0,2026-06-29 19:53:58.123537+00:00
2102,Terri,Zimmerman,1945-01-12,81,2022-04-24,50,A,DIGITAL,303,4398 Parks Forge Apt. 700,Raychester,AR,94757,4,4.0,Y,Y,Y,Y,110711.75,10000.0,29.88,2026-06-29 19:53:58.123537+00:00
2116,Alexandra,Walker,1986-09-07,40,2024-08-24,22,A,STUDENT,383,2463 Arthur Flat Suite 584,New Dianeview,ID,05987,4,4.0,Y,Y,Y,Y,82713.87,5000.0,10.58,2026-06-29 19:53:58.123537+00:00
2127,Eric,Douglas,1949-10-15,77,2018-10-05,92,A,WEALTH,317,7309 Christine Fall,New Dustin,SC,01334,1,1.0,Y,N,N,N,45438.78,0.0,0.0,2026-06-29 19:53:58.123537+00:00
2140,Kathleen,Wright,1960-11-19,66,2018-09-27,93,I,DIGITAL,457,71513 Dustin Prairie,North Amyborough,WY,55596,2,2.0,N,Y,N,Y,67040.47,0.0,0.0,2026-06-29 19:53:58.123537+00:00
2145,David,Johnson,1984-01-01,42,2014-11-29,139,A,SMALL_BIZ,12,925 Robert Track,Port Jeremytown,MT,71598,3,2.0,Y,Y,Y,N,54599.94,15000.0,85.71,2026-06-29 19:53:58.123537+00:00
2147,Richard,Torres,1947-08-02,79,2012-04-01,170,A,MASS,216,1515 Michelle Underpass Suite 217,North Williamhaven,CA,25950,1,1.0,N,Y,N,N,44799.21,0.0,0.0,2026-06-29 19:53:58.123537+00:00
2162,Natalie,Castaneda,1978-05-17,48,2015-04-05,134,A,STUDENT,363,113 Tucker Ville,West Brianburgh,NM,34817,2,2.0,Y,N,N,Y,132722.43,0.0,0.0,2026-06-29 19:53:58.123537+00:00
2163,Patricia,West,2002-03-31,24,2026-01-14,5,A,MASS,76,370 Angela Plain Suite 772,Smithborough,IL,25230,2,2.0,N,N,Y,Y,39923.85,2000.0,10.36,2026-06-29 19:53:58.123537+00:00
2167,Joy,Sanders,1994-09-18,32,2021-11-03,55,A,MASS,80,818 Palmer Pine,Porterfort,NH,10154,4,4.0,Y,Y,Y,Y,92000.2,2000.0,52.8,2026-06-29 19:53:58.123537+00:00
2171,Krystal,Gibson,1988-03-03,38,2024-08-09,22,A,SMALL_BIZ,58,931 Clay Well Apt. 657,Dawnmouth,NY,53503,3,3.0,Y,Y,Y,N,56521.85,5000.0,26.63,2026-06-29 19:53:58.123537+00:00
2172,Kevin,Robinson,1988-11-28,38,2019-04-29,86,A,PREMIER,72,911 Cross Well,Lopezville,CT,31723,2,2.0,N,Y,N,Y,35896.72,0.0,0.0,2026-06-29 19:53:58.123537+00:00
2181,Tiffany,Osborne,2006-08-03,20,2019-07-05,83,A,PREMIER,466,043 Berry Track Suite 084,East Kelsey,DC,33329,4,4.0,Y,Y,Y,Y,137359.19,5000.0,95.27,2026-06-29 19:53:58.123537+00:00
2183,Cynthia,Pierce,1985-04-18,41,2024-06-20,24,A,MASS,198,96747 Peterson Forge,South Dylanmouth,RI,63470,1,1.0,N,N,N,Y,11940.36,0.0,0.0,2026-06-29 19:53:58.123537+00:00
2189,Phillip,Franklin,1952-05-28,74,2014-02-21,148,A,STUDENT,307,44400 Jeremy Crossroad Apt. 472,Edwardport,IN,07492,1,1.0,N,N,N,Y,11184.53,0.0,0.0,2026-06-29 19:53:58.123537+00:00
2192,Nicholas,Smith,1995-08-17,31,2020-06-28,72,I,PREMIER,4,882 Hunter Well Apt. 202,Martinhaven,MH,16533,2,2.0,Y,N,N,Y,73684.39,0.0,0.0,2026-06-29 19:53:58.123537+00:00
2195,Susan,Rodriguez,1942-05-25,84,2025-11-27,7,A,DIGITAL,96,780 Johnson Route,Traviston,MA,17910,3,2.0,Y,Y,N,Y,126831.88,0.0,0.0,2026-06-29 19:53:58.123537+00:00
2198,Brian,Holt,1963-09-20,63,2013-10-17,152,I,DIGITAL,14,7926 Hannah Throughway,Williamfort,WY,44289,4,4.0,Y,Y,Y,Y,116016.83,15000.0,74.75,2026-06-29 19:53:58.123537+00:00
2204,Stephanie,Howard,1948-11-14,78,2013-01-03,161,A,STUDENT,247,4707 Michael Ramp,Josephberg,TN,49327,4,4.0,Y,Y,Y,Y,88640.6,10000.0,63.87,2026-06-29 19:53:58.123537+00:00
2224,Maria,Brown,2002-08-28,24,2015-02-09,136,A,STUDENT,365,30838 Jorge Via Apt. 091,Michelleview,GA,21885,3,3.0,N,Y,Y,Y,103695.22,10000.0,76.09,2026-06-29 19:53:58.123537+00:00
2229,Edward,White,1979-08-17,47,2023-08-18,34,A,MASS,89,92687 Jones Stravenue Apt. 884,Danielberg,MN,30742,1,1.0,N,N,N,Y,57220.37,0.0,0.0,2026-06-29 19:53:58.123537+00:00
2231,Kimberly,Dominguez,1969-01-23,57,2016-07-10,119,A,DIGITAL,439,59655 Alyssa Pass Apt. 017,Perkinsfurt,FM,52091,1,1.0,N,Y,N,N,30495.33,0.0,0.0,2026-06-29 19:53:58.123537+00:00
2234,Angela,Gallegos,1987-01-16,39,2024-07-23,23,I,SMALL_BIZ,391,91677 Kristin Pine,Fostershire,WV,36797,3,3.0,Y,Y,Y,N,78628.87,5000.0,6.17,2026-06-29 19:53:58.123537+00:00
2243,Katherine,Parker,1945-11-13,81,2020-05-25,73,A,DIGITAL,434,39889 Stephanie Station,Salazarhaven,ND,63636,4,2.0,Y,Y,Y,Y,90322.51,15000.0,57.57,2026-06-29 19:53:58.123537+00:00
2248,Terri,Park,1991-11-12,35,2022-04-26,50,I,DIGITAL,367,7101 Suzanne Pass,Lake Maria,IN,11455,2,1.0,Y,N,N,Y,84619.17,0.0,0.0,2026-06-29 19:53:58.123537+00:00
2256,Melissa,Jordan,1964-03-16,62,2016-11-12,115,A,MASS,64,1492 Campbell Avenue Apt. 810,Lake Fredericktown,FM,06823,4,3.0,Y,Y,Y,Y,117351.88,10000.0,66.55,2026-06-29 19:53:58.123537+00:00
2258,Elijah,Burton,1982-05-21,44,2012-08-10,166,A,SMALL_BIZ,148,83388 Amy Junction Suite 786,Jensenborough,VA,07633,1,1.0,Y,N,N,N,49765.19,0.0,0.0,2026-06-29 19:53:58.123537+00:00
2282,Monica,Warren,1961-06-24,65,2022-02-11,52,A,PREMIER,339,0919 Sims Crescent,Port Frank,MD,97796,2,2.0,Y,Y,N,N,46360.99,0.0,0.0,2026-06-29 19:53:58.123537+00:00
2301,Patrick,Bruce,1981-05-07,45,2019-08-03,82,A,SMALL_BIZ,175,927 Rebecca Knoll,Rogersstad,HI,80442,1,1.0,Y,N,N,N,7342.09,0.0,0.0,2026-06-29 19:53:58.123537+00:00
2309,Lori,Padilla,2002-09-24,24,2017-08-26,106,A,WEALTH,137,05673 Stacy Bypass,Cruzberg,MI,54477,4,3.0,Y,Y,Y,Y,107436.53,2000.0,45.95,2026-06-29 19:53:58.123537+00:00
2310,Nicholas,Walker,1991-02-23,35,2011-08-09,178,A,STUDENT,12,5343 Sanchez Locks,Brianchester,NJ,11199,1,1.0,N,Y,N,N,11867.98,0.0,0.0,2026-06-29 19:53:58.123537+00:00
2312,John,Mccullough,1994-10-06,32,2017-09-04,105,I,WEALTH,52,804 Elaine Path Suite 567,New Theresa,PR,56898,1,1.0,N,N,N,Y,11375.6,0.0,0.0,2026-06-29 19:53:58.123537+00:00
2327,Joshua,Donovan,1993-02-08,33,2021-04-29,62,I,SMALL_BIZ,391,797 Martin Fall Suite 762,New Samantha,NM,66246,2,2.0,N,Y,Y,N,66136.13,5000.0,79.74,2026-06-29 19:53:58.123537+00:00
2333,Rebekah,Stokes,1966-08-19,60,2016-03-02,123,A,STUDENT,373,870 Rice Rapid,Catherinehaven,OK,65776,4,4.0,Y,Y,Y,Y,122498.88,10000.0,81.72,2026-06-29 19:53:58.123537+00:00
2347,Ruben,Bradley,1983-03-24,43,2020-07-20,71,A,PREMIER,29,9538 Powell Port Suite 644,East Christopher,GA,41581,2,2.0,N,Y,Y,N,57216.73,2000.0,52.53,2026-06-29 19:53:58.123537+00:00
2349,Brenda,Carter,1943-10-03,83,2019-02-13,88,A,MASS,344,8878 Mccarthy Trail Apt. 812,Nicholasfort,PR,55122,2,2.0,N,Y,N,Y,70638.3,0.0,0.0,2026-06-29 19:53:58.123537+00:00
2355,Carolyn,Rose,1979-02-13,47,2017-03-30,111,A,MASS,427,50757 Joseph View Suite 126,Davidhaven,NV,74829,1,1.0,N,N,Y,N,3708.27,5000.0,74.17,2026-06-29 19:53:58.123537+00:00
2359,Veronica,Fisher,1995-04-10,31,2018-12-06,90,A,WEALTH,131,56761 Michael Haven,West Amandaborough,ME,23951,3,3.0,Y,Y,N,Y,80910.99,0.0,0.0,2026-06-29 19:53:58.123537+00:00
2371,Rebecca,Mayo,2001-12-10,25,2016-12-29,114,A,MASS,108,129 Dixon Isle,New Ronald,KS,69332,2,1.0,N,Y,N,Y,58454.08,0.0,0.0,2026-06-29 19:53:58.123537+00:00
2372,Jordan,Glover,2004-01-28,22,2024-06-09,24,I,SMALL_BIZ,163,886 Nancy Crescent,New Michael,KY,30659,1,1.0,N,N,N,Y,3264.51,0.0,0.0,2026-06-29 19:53:58.123537+00:00
2378,Marc,Simon,1985-10-17,41,2026-01-21,5,A,SMALL_BIZ,168,4619 Roger Inlet,Jesusfort,ID,03676,1,1.0,N,Y,N,N,71412.08,0.0,0.0,2026-06-29 19:53:58.123537+00:00
2388,Deborah,Thomas,1962-01-26,64,2024-06-19,24,A,MASS,94,05425 Alyssa Mews Apt. 550,Ruizside,KS,30280,2,2.0,Y,N,Y,N,18927.51,10000.0,35.32,2026-06-29 19:53:58.123537+00:00
2394,Richard,Wheeler,1969-10-21,57,2015-11-17,127,A,DIGITAL,46,614 Logan Trafficway,Lowebury,MP,08897,1,1.0,N,Y,N,N,11691.42,0.0,0.0,2026-06-29 19:53:58.123537+00:00
2417,James,Blevins,1965-07-28,61,2022-08-06,46,A,STUDENT,253,2666 Scott Cliff Suite 570,New Brettmouth,GU,80067,2,2.0,N,Y,Y,N,45645.32,10000.0,29.16,2026-06-29 19:53:58.123537+00:00
2421,Kyle,Williams,1969-06-13,57,2026-04-26,2,A,MASS,383,552 Amanda Fall Apt. 766,Dennisland,NV,04423,4,3.0,Y,Y,Y,Y,127296.08,5000.0,11.0,2026-06-29 19:53:58.123537+00:00
2425,Cindy,Beck,1951-07-23,75,2025-11-29,7,A,STUDENT,437,43152 Madison Row Apt. 580,New Angela,MA,11989,1,1.0,Y,N,N,N,4636.43,0.0,0.0,2026-06-29 19:53:58.123537+00:00
2427,Brittany,Brown,1944-03-27,82,2015-09-18,129,A,DIGITAL,94,28344 Bryan Oval,Port Carl,AK,67223,3,3.0,Y,Y,Y,N,28116.62,2000.0,0.57,2026-06-29 19:53:58.123537+00:00
2439,Lawrence,Donovan,1950-10-11,76,2018-01-30,101,A,WEALTH,192,39511 Wells Mills,Rhondafort,NE,23618,1,1.0,N,N,N,Y,2706.7,0.0,0.0,2026-06-29 19:53:58.123537+00:00
2440,Ronald,Fisher,1989-03-26,37,2018-06-24,96,A,MASS,79,74027 Noah Crossroad Apt. 922,Rogersstad,OH,82190,1,0.0,Y,N,N,N,7834.06,0.0,0.0,2026-06-29 19:53:58.123537+00:00
2442,Christina,Turner,1969-09-10,57,2022-10-07,44,A,WEALTH,322,11723 Pena Lock Apt. 380,North Jimmyville,NM,14369,3,2.0,N,Y,Y,Y,84017.82,2000.0,3.07,2026-06-29 19:53:58.123537+00:00
2446,Brian,Gallegos,1972-04-29,54,2012-04-20,170,A,MASS,409,5085 Beard Glen Suite 553,Lake Brettton,KY,20604,1,1.0,N,N,N,Y,55313.35,0.0,0.0,2026-06-29 19:53:58.123537+00:00
2451,Kevin,Collins,1986-10-05,40,2024-03-15,27,A,WEALTH,400,910 Garcia Trafficway,Port Melissamouth,PA,88065,2,1.0,Y,N,Y,N,1734.43,2000.0,63.9,2026-06-29 19:53:58.123537+00:00
2455,David,Sullivan,1971-03-24,55,2012-04-27,170,A,MASS,341,733 Morgan Station,Hicksbury,RI,63790,2,1.0,Y,N,N,Y,31735.43,0.0,0.0,2026-06-29 19:53:58.123537+00:00
2493,John,Warner,2004-07-05,22,2025-04-01,14,A,WEALTH,242,41598 Velasquez Radial,Ellisshire,KS,70548,1,1.0,N,Y,N,N,24759.0,0.0,0.0,2026-06-29 19:53:58.123537+00:00
2495,Sarah,Porter,1980-01-15,46,2024-03-21,27,A,STUDENT,425,160 Oliver Manor,West Donaldmouth,CO,55086,4,2.0,Y,Y,Y,Y,194445.15,10000.0,95.15,2026-06-29 19:53:58.123537+00:00
2496,Heidi,Rodriguez,1968-03-28,58,2012-05-02,169,A,MASS,5,50206 Brown Mission Apt. 024,Port Mckenzietown,MI,28639,3,3.0,Y,Y,Y,N,120009.04,10000.0,92.32,2026-06-29 19:53:58.123537+00:00
2523,Jerry,Harmon,1950-09-05,76,2026-01-18,5,A,STUDENT,137,880 Lane Square Apt. 981,Vangtown,SD,02772,1,1.0,N,N,N,Y,21938.34,0.0,0.0,2026-06-29 19:53:58.123537+00:00
2526,Arthur,Ramirez,1949-02-22,77,2018-12-07,90,A,PREMIER,401,24414 Barry Field Apt. 788,Manuelbury,AK,43374,1,1.0,N,N,N,Y,37868.06,0.0,0.0,2026-06-29 19:53:58.123537+00:00
2546,Hector,Miranda,1962-07-13,64,2012-06-11,168,A,DIGITAL,223,737 Paul Extensions Suite 555,New Michaelland,IN,97779,1,1.0,Y,N,N,N,1943.21,0.0,0.0,2026-06-29 19:53:58.123537+00:00
2548,Brandon,Wilson,1951-05-02,75,2020-09-16,69,A,STUDENT,30,158 Julia Inlet Apt. 656,Jenniferfurt,RI,63784,4,4.0,Y,Y,Y,Y,191199.01,15000.0,35.95,2026-06-29 19:53:58.123537+00:00
2566,Kelly,Sanchez,1959-07-12,67,2023-12-18,30,A,SMALL_BIZ,260,7746 Christopher Corner Apt. 843,Port Christopherbury,MI,68420,4,3.0,Y,Y,Y,Y,130649.68,15000.0,39.14,2026-06-29 19:53:58.123537+00:00
2574,Tonya,Johnston,1946-12-14,80,2017-10-09,104,A,MASS,233,324 Rebecca Underpass,North Danaburgh,DC,45732,2,2.0,Y,N,Y,N,30395.3,25000.0,53.97,2026-06-29 19:53:58.123537+00:00
2582,Joanne,Kelly,2008-02-05,18,2012-03-01,171,I,DIGITAL,74,41765 John Brook Apt. 919,North Michael,DE,20758,3,2.0,Y,N,Y,Y,58493.43,2000.0,75.65,2026-06-29 19:53:58.123537+00:00
2588,Kenneth,Peterson,2004-10-15,22,2012-12-08,162,A,PREMIER,190,042 Lisa Mall Apt. 340,South Raymondborough,FM,13112,3,3.0,Y,Y,Y,N,51869.31,2000.0,87.72,2026-06-29 19:53:58.123537+00:00
2598,Marissa,Johnson,1995-01-09,31,2011-08-04,178,A,MASS,401,72858 Ashley Shores Apt. 340,Lake Toni,MO,06433,1,1.0,N,N,N,Y,37424.79,0.0,0.0,2026-06-29 19:53:58.123537+00:00
2600,Kenneth,Rodriguez,1976-05-22,50,2023-11-21,31,A,DIGITAL,259,36528 Kathleen Fields,Port Kimberly,MD,65043,2,2.0,Y,N,Y,N,18957.51,25000.0,72.63,2026-06-29 19:53:58.123537+00:00
2614,Brandy,Little,1959-02-12,67,2017-03-01,111,A,PREMIER,414,3402 Christie Unions Apt. 206,West Zachary,IL,22647,4,3.0,Y,Y,Y,Y,144516.31,25000.0,0.86,2026-06-29 19:53:58.123537+00:00
2620,Daniel,Terry,1972-08-17,54,2016-03-31,123,A,DIGITAL,94,07372 Allison Pass Apt. 257,Pedromouth,SD,36876,4,4.0,Y,Y,Y,Y,71599.98,15000.0,13.49,2026-06-29 19:53:58.123537+00:00
2622,Jimmy,Carter,1974-04-07,52,2017-08-21,106,I,PREMIER,315,8248 Kenneth Highway,Cliffordville,MO,99004,4,4.0,Y,Y,Y,Y,117036.61,15000.0,40.19,2026-06-29 19:53:58.123537+00:00
2623,Kirsten,Brown,1975-06-29,51,2024-10-06,20,A,PREMIER,366,9489 Clements Canyon Suite 496,Jordanton,AR,03267,1,1.0,N,N,N,Y,10559.02,0.0,0.0,2026-06-29 19:53:58.123537+00:00
2624,Louis,Myers,1993-03-14,33,2015-05-24,133,I,WEALTH,51,8978 Mallory Burg,New Anthonyville,NV,04902,4,3.0,Y,Y,Y,Y,132934.66,2000.0,31.44,2026-06-29 19:53:58.123537+00:00
2628,Christina,Rivera,1983-05-21,43,2025-08-18,10,A,WEALTH,261,57937 Cardenas Union Apt. 288,Michaelberg,OR,91724,3,3.0,Y,N,Y,Y,61351.32,25000.0,78.32,2026-06-29 19:53:58.123537+00:00
2640,Alexis,Greer,1992-07-27,34,2017-09-08,105,A,PREMIER,1,049 Mcgee Radial,Jamesbury,PR,31482,2,2.0,N,Y,Y,N,47539.84,15000.0,52.53,2026-06-29 19:53:58.123537+00:00
2664,Christina,Watson,1986-10-30,40,2019-04-14,86,A,MASS,480,431 Kimberly Port,Josephville,IN,96670,4,4.0,Y,Y,Y,Y,105482.97,10000.0,16.35,2026-06-29 19:53:58.123537+00:00
2673,Joshua,Hoover,1983-08-15,43,2025-05-02,13,A,WEALTH,88,69986 Trevor Park,Karentown,IN,14843,4,4.0,Y,Y,Y,Y,102786.91,2000.0,43.32,2026-06-29 19:53:58.123537+00:00
2685,Larry,Boyd,1967-04-28,59,2018-07-27,95,A,WEALTH,273,692 Carlos Unions Apt. 142,Patrickborough,MN,13232,1,1.0,N,Y,N,N,9012.05,0.0,0.0,2026-06-29 19:53:58.123537+00:00
2687,Jennifer,Larsen,2004-11-02,22,2023-12-05,30,A,PREMIER,451,0964 Bennett Falls,Annaland,ND,22757,4,3.0,Y,Y,Y,Y,128480.86,2000.0,32.86,2026-06-29 19:53:58.123537+00:00
2688,Kristina,Jennings,1979-01-16,47,2018-10-20,92,A,SMALL_BIZ,116,2366 Jennifer Mount Suite 147,East Meganview,SD,08653,3,3.0,Y,Y,N,Y,180748.54,0.0,0.0,2026-06-29 19:53:58.123537+00:00
2697,Michelle,Pennington,2006-07-22,20,2023-10-10,32,A,SMALL_BIZ,229,17611 Alexander Ville,West Morgan,ND,13715,4,3.0,Y,Y,Y,Y,151777.76,5000.0,42.26,2026-06-29 19:53:58.123537+00:00
2703,James,Mendez,1977-12-11,49,2026-02-28,4,A,STUDENT,27,191 Vargas View,Sarahshire,PW,51938,3,2.0,N,Y,Y,Y,90629.8,5000.0,57.65,2026-06-29 19:53:58.123537+00:00
2706,Richard,Monroe,1976-02-01,50,2025-07-10,11,A,WEALTH,197,435 Obrien Shore,Lake Jennifer,NJ,61554,4,4.0,Y,Y,Y,Y,200776.75,25000.0,69.66,2026-06-29 19:53:58.123537+00:00
2731,Jacob,Johnson,1962-01-04,64,2018-06-15,96,A,DIGITAL,247,09597 Ortiz Isle Suite 206,Ramosville,HI,35661,2,2.0,Y,N,Y,N,30542.84,2000.0,31.23,2026-06-29 19:53:58.123537+00:00
2736,Stephanie,Morales,1969-09-11,57,2023-01-14,41,A,WEALTH,100,49467 Traci Unions,Graytown,SC,54943,1,1.0,Y,N,N,N,63530.33,0.0,0.0,2026-06-29 19:53:58.123537+00:00
2741,Aaron,Hernandez,1972-03-23,54,2013-12-15,150,A,PREMIER,91,140 Holland Dale,Angelaside,FM,27375,4,4.0,Y,Y,Y,Y,120372.61,5000.0,66.19,2026-06-29 19:53:58.123537+00:00
2744,Thomas,Cooper,1998-02-24,28,2017-01-27,113,A,DIGITAL,157,1306 George Common Apt. 384,Lake Justin,MO,30096,2,2.0,Y,Y,N,N,105301.83,0.0,0.0,2026-06-29 19:53:58.123537+00:00
2754,Ronald,Mitchell,1964-03-30,62,2021-03-31,63,A,DIGITAL,436,4346 Baldwin Bridge,Samanthaland,FM,67933,3,3.0,Y,Y,Y,N,51790.83,25000.0,57.9,2026-06-29 19:53:58.123537+00:00
2768,Johnny,Rogers,2001-01-23,25,2021-09-24,57,A,WEALTH,266,711 Mark Locks,Mariefort,UT,96116,2,2.0,N,Y,N,Y,99856.36,0.0,0.0,2026-06-29 19:53:58.123537+00:00
2772,Cody,Acosta,1958-02-24,68,2012-09-28,165,A,WEALTH,163,5099 Veronica Port Suite 555,Heathertown,LA,64583,1,1.0,N,N,N,Y,13093.39,0.0,0.0,2026-06-29 19:53:58.123537+00:00
2773,Joshua,Bonilla,1983-11-24,43,2017-12-03,102,A,PREMIER,92,6613 Jeffrey Walks Suite 019,Paulfort,ID,12558,2,2.0,N,Y,Y,N,28154.79,2000.0,28.06,2026-06-29 19:53:58.123537+00:00
2817,Carrie,Fritz,1972-05-22,54,2015-02-23,136,A,STUDENT,104,6204 Jennifer Prairie,Brianmouth,KY,09488,4,4.0,Y,Y,Y,Y,104441.38,15000.0,69.78,2026-06-29 19:53:58.123537+00:00
2818,Vincent,Rodriguez,1994-11-15,32,2026-01-01,5,A,MASS,104,5871 Brandon Center,East Dylanborough,FM,18290,1,1.0,N,Y,N,N,31614.32,0.0,0.0,2026-06-29 19:53:58.123537+00:00
2819,Samantha,Moore,1981-12-16,45,2016-06-07,120,A,WEALTH,33,09046 Watts Crest,New Richard,IA,10282,4,3.0,Y,Y,Y,Y,115474.87,10000.0,87.03,2026-06-29 19:53:58.123537+00:00
2827,Jose,Bryan,1949-10-20,77,2013-09-01,153,A,SMALL_BIZ,292,64035 Scott Forest Apt. 036,East Patrickberg,MO,29594,4,4.0,Y,Y,Y,Y,151491.62,2000.0,87.21,2026-06-29 19:53:58.123537+00:00
2833,Earl,Roberts,1981-04-26,45,2022-11-06,43,A,STUDENT,393,975 Taylor Prairie,Hermanhaven,AL,14305,2,2.0,N,N,Y,Y,43435.68,5000.0,53.26,2026-06-29 19:53:58.123537+00:00
2838,Kevin,Silva,1943-05-15,83,2014-08-25,142,A,DIGITAL,204,717 Anne Place,Davenportshire,NC,46664,2,2.0,Y,Y,N,N,85976.62,0.0,0.0,2026-06-29 19:53:58.123537+00:00
2847,Alexandria,Perez,1998-02-26,28,2023-03-05,39,A,SMALL_BIZ,391,4001 Vincent Passage,North Kellyport,DE,70560,3,3.0,N,Y,Y,Y,9549.36,10000.0,7.81,2026-06-29 19:53:58.123537+00:00
2849,Angela,Nichols,1963-07-27,63,2012-06-29,168,A,DIGITAL,366,223 Andrew Corners Apt. 512,East Thomas,AK,92724,3,3.0,Y,N,Y,Y,127219.7,10000.0,25.42,2026-06-29 19:53:58.123537+00:00
2853,Chelsea,Arnold,1972-01-18,54,2012-02-03,172,A,PREMIER,307,76931 Johnson Mountain,Chelsealand,PA,19719,3,3.0,Y,N,Y,Y,58502.61,5000.0,60.24,2026-06-29 19:53:58.123537+00:00
2856,Steven,Herrera,1980-09-24,46,2020-02-29,76,A,PREMIER,9,051 Nichole Ridges Suite 013,West Sherriside,MH,98045,2,1.0,N,N,Y,Y,27778.78,25000.0,60.25,2026-06-29 19:53:58.123537+00:00
2857,Cynthia,Gonzalez,1993-11-04,33,2016-03-31,123,A,PREMIER,173,2729 Turner Estates,Carrillohaven,FL,24861,3,3.0,Y,N,Y,Y,82346.3,15000.0,15.74,2026-06-29 19:53:58.123537+00:00
2861,Christina,Bryant,1954-07-17,72,2023-07-06,35,I,STUDENT,321,43653 Jose Rapids Suite 032,Jessicaview,WV,38439,3,2.0,Y,Y,Y,N,129494.7,5000.0,63.54,2026-06-29 19:53:58.123537+00:00
2877,Ronald,Long,1991-06-03,35,2018-03-14,99,A,STUDENT,301,86329 Long Parks Suite 849,North Marcia,NM,92906,3,3.0,N,Y,Y,Y,125320.35,5000.0,81.24,2026-06-29 19:53:58.123537+00:00
2885,Donna,Watts,2006-07-22,20,2012-03-05,171,A,MASS,163,06125 Wendy Lodge Apt. 579,West Lisa,DE,91475,2,2.0,N,Y,Y,N,59236.92,15000.0,92.54,2026-06-29 19:53:58.123537+00:00
2900,Lauren,Tyler,1943-08-23,83,2019-01-05,89,A,MASS,147,757 Jason Heights,Michaelberg,WV,49265,3,3.0,N,Y,Y,Y,61612.93,2000.0,41.22,2026-06-29 19:53:58.123537+00:00
2903,Christopher,Nielsen,1994-12-30,31,2024-02-12,28,A,WEALTH,86,82619 Rhonda Junction Apt. 698,West Anamouth,CA,01969,3,3.0,Y,N,Y,Y,45370.11,10000.0,60.66,2026-06-29 19:53:58.123537+00:00
2918,Mary,Brooks,2001-09-18,25,2018-01-18,101,I,DIGITAL,391,0714 Angela Springs Apt. 621,Rachaelbury,NC,88865,3,3.0,Y,Y,Y,N,108829.87,2000.0,97.55,2026-06-29 19:53:58.123537+00:00
2931,Eric,Neal,1979-04-26,47,2013-05-26,157,A,WEALTH,130,765 Anne Station Apt. 749,Port Zachary,NH,76840,2,2.0,N,N,Y,Y,19308.14,5000.0,29.34,2026-06-29 19:53:58.123537+00:00
2934,Tammy,Harmon,1953-01-16,73,2025-06-16,12,A,SMALL_BIZ,446,712 Parsons Turnpike Suite 267,West Jason,CO,87338,3,2.0,Y,Y,Y,N,101065.77,25000.0,93.88,2026-06-29 19:53:58.123537+00:00
2949,Mark,Dickson,1953-11-11,73,2021-04-29,62,A,PREMIER,194,5261 Hancock Falls,South Carolburgh,FM,64790,4,3.0,Y,Y,Y,Y,120474.05,25000.0,66.53,2026-06-29 19:53:58.123537+00:00
2952,Austin,Bullock,1980-04-22,46,2025-06-07,12,A,PREMIER,32,528 Willis Greens,East Rachelfort,AK,40354,3,3.0,N,Y,Y,Y,121001.22,25000.0,76.25,2026-06-29 19:53:58.123537+00:00
2957,Amy,Wilson,1955-11-20,71,2020-10-04,68,A,STUDENT,220,690 Schwartz Plains,New Steve,AK,02700,3,3.0,Y,Y,N,Y,143545.53,0.0,0.0,2026-06-29 19:53:58.123537+00:00
2959,Lindsay,Freeman,2001-04-16,25,2015-04-20,134,A,DIGITAL,482,756 Randy Walks Apt. 319,East John,ND,23390,2,2.0,Y,N,N,Y,128300.88,0.0,0.0,2026-06-29 19:53:58.123537+00:00
2969,Stacey,Schmidt,1965-10-15,61,2014-12-05,138,I,SMALL_BIZ,185,30750 Owen Mountains,East Patriciachester,AZ,62368,1,1.0,N,N,Y,N,4883.31,10000.0,48.83,2026-06-29 19:53:58.123537+00:00
2976,Christie,Chung,1962-05-15,64,2025-04-05,14,A,MASS,427,7758 Jesse Meadow,Stacychester,KY,60765,2,1.0,N,Y,Y,N,13437.71,10000.0,13.64,2026-06-29 19:53:58.123537+00:00
2982,Emily,Hodges,1951-08-31,75,2018-02-07,100,A,MASS,113,6953 Walker Road,Brucefurt,TN,34495,4,4.0,Y,Y,Y,Y,90888.63,5000.0,29.15,2026-06-29 19:53:58.123537+00:00
2983,Larry,Garcia,1942-03-19,84,2013-03-29,159,A,SMALL_BIZ,244,55166 Thomas Plain,Nguyenbury,AR,77753,4,4.0,Y,Y,Y,Y,122526.67,25000.0,85.41,2026-06-29 19:53:58.123537+00:00
3001,Phillip,Garner,2002-01-16,24,2017-10-13,104,A,DIGITAL,256,01444 Wilson Causeway,Sarahchester,NC,81753,3,3.0,Y,Y,Y,N,110067.32,5000.0,73.76,2026-06-29 19:53:58.123537+00:00
3003,Lisa,Fuller,1976-07-07,50,2025-07-08,11,A,SMALL_BIZ,341,847 Stone Street Apt. 187,Justintown,SC,56838,1,1.0,Y,N,N,N,8285.49,0.0,0.0,2026-06-29 19:53:58.123537+00:00
3011,Melissa,Cook,1996-02-16,30,2024-02-03,28,A,MASS,418,147 Stacie Falls Apt. 063,New Chelsea,TN,30164,1,0.0,N,N,N,Y,11275.79,0.0,0.0,2026-06-29 19:53:58.123537+00:00
3016,Susan,Morris,2001-07-04,25,2022-10-01,44,A,SMALL_BIZ,439,3089 Torres Ports Suite 243,Danielview,RI,74335,1,1.0,N,N,Y,N,8136.84,10000.0,81.37,2026-06-29 19:53:58.123537+00:00
3020,Jose,Baldwin,2000-03-30,26,2017-07-11,107,A,MASS,460,49597 Black Expressway Apt. 247,North Sandrachester,DC,83198,2,2.0,N,Y,N,Y,113262.68,0.0,0.0,2026-06-29 19:53:58.123537+00:00
3037,Steven,Andrews,1978-08-12,48,2026-03-09,3,A,MASS,356,0486 Evan Center,Riveraside,HI,71441,2,2.0,Y,N,Y,N,78723.73,25000.0,24.78,2026-06-29 19:53:58.123537+00:00
3039,Ann,Hansen,2005-05-08,21,2014-01-17,149,A,SMALL_BIZ,360,61590 White Manors,Jonesberg,TN,41766,3,3.0,Y,Y,N,Y,129013.48,0.0,0.0,2026-06-29 19:53:58.123537+00:00
3052,Rick,Horton,2005-01-27,21,2017-04-09,110,A,MASS,187,24761 Lance Greens Apt. 833,Anthonyhaven,OK,63400,3,3.0,Y,Y,N,Y,114337.45,0.0,0.0,2026-06-29 19:53:58.123537+00:00
3061,Michael,Wiggins,1953-09-02,73,2014-09-30,141,A,DIGITAL,491,62154 Long Street Suite 797,Rodriguezmouth,NJ,83312,4,3.0,Y,Y,Y,Y,158078.81,15000.0,71.3,2026-06-29 19:53:58.123537+00:00
3064,Benjamin,Medina,1996-05-12,30,2011-12-11,174,A,STUDENT,131,3556 Benjamin Spur,New Johnathan,LA,49016,2,2.0,N,N,Y,Y,29256.16,5000.0,41.66,2026-06-29 19:53:58.123537+00:00
3078,Kevin,Gay,1979-02-04,47,2020-08-02,70,A,DIGITAL,445,87960 Alex Crescent,Matthewhaven,IA,99795,4,4.0,Y,Y,Y,Y,112622.93,25000.0,8.51,2026-06-29 19:53:58.123537+00:00
3079,Holly,Rose,1993-02-16,33,2022-12-28,42,A,PREMIER,51,646 David Circles,New John,MP,29708,4,3.0,Y,Y,Y,Y,65497.78,5000.0,90.58,2026-06-29 19:53:58.123537+00:00
3085,Corey,Dodson,1988-05-02,38,2025-01-28,17,A,PREMIER,88,52602 Gordon Rest,Russellbury,TN,45963,2,2.0,N,Y,Y,N,43118.61,2000.0,96.41,2026-06-29 19:53:58.123537+00:00
3088,Sandra,Smith,1955-04-18,71,2021-10-10,56,A,STUDENT,66,5641 Patrick Drives,North Sandy,GA,59730,4,4.0,Y,Y,Y,Y,73662.19,10000.0,31.27,2026-06-29 19:53:58.123537+00:00
3089,Marie,Joyce,1957-08-06,69,2023-08-18,34,A,SMALL_BIZ,263,96773 Kristin Fork Apt. 511,South Kimberly,TX,28406,3,2.0,Y,Y,Y,N,84322.96,15000.0,45.12,2026-06-29 19:53:58.123537+00:00
3113,Tamara,Brown,1978-10-19,48,2013-08-18,154,A,WEALTH,254,48781 Michael Mountains Apt. 563,Mortonton,NY,20339,4,4.0,Y,Y,Y,Y,98816.52,10000.0,67.65,2026-06-29 19:53:58.123537+00:00
3116,Patrick,Hart,1948-06-11,78,2014-12-23,138,I,MASS,154,557 Gonzalez Drive,Lake Meganberg,WV,74165,1,1.0,N,N,Y,N,19752.78,25000.0,79.01,2026-06-29 19:53:58.123537+00:00
3118,Charles,Banks,1983-08-02,43,2019-11-25,79,A,DIGITAL,473,1541 Franklin Alley Suite 413,Michaelton,ME,94805,1,1.0,N,N,Y,N,638.84,2000.0,31.94,2026-06-29 19:53:58.123537+00:00
3121,Vanessa,Gibson,1982-07-15,44,2016-08-21,118,A,MASS,153,9889 Joshua Rapid Suite 176,Sandrabury,DC,79905,3,3.0,Y,Y,Y,N,25907.1,10000.0,88.41,2026-06-29 19:53:58.123537+00:00
3132,Dawn,Lewis,1992-09-04,34,2017-07-31,107,I,DIGITAL,182,39668 Lambert Prairie,South John,DE,96236,3,3.0,N,Y,Y,Y,38301.07,5000.0,62.27,2026-06-29 19:53:58.123537+00:00
3133,Denise,Evans,1950-12-17,76,2013-02-10,160,I,PREMIER,184,563 King Lodge,South Robert,NY,39783,3,3.0,Y,N,Y,Y,110506.06,2000.0,89.11,2026-06-29 19:53:58.123537+00:00
3134,Cindy,Williams,1997-04-17,29,2023-01-17,41,A,PREMIER,98,087 Steven Court Suite 174,East Michaelberg,NV,01184,3,1.0,Y,N,Y,Y,125053.84,10000.0,84.1,2026-06-29 19:53:58.123537+00:00
3145,Brandy,Clayton,1965-10-22,61,2025-01-20,17,A,STUDENT,378,3316 Hancock Route Suite 661,East Joanna,DC,55304,4,4.0,Y,Y,Y,Y,168501.43,5000.0,40.23,2026-06-29 19:53:58.123537+00:00
3160,James,Ramirez,1952-10-26,74,2024-03-10,27,A,PREMIER,262,1327 Sandy Square,East Stephanie,MA,89729,2,1.0,Y,Y,N,N,57109.54,0.0,0.0,2026-06-29 19:53:58.123537+00:00
3170,Samantha,Miller,1959-05-11,67,2025-02-11,16,A,MASS,185,2749 Davis Route,Port Steven,NY,74047,2,2.0,Y,Y,N,N,59534.45,0.0,0.0,2026-06-29 19:53:58.123537+00:00
3184,Teresa,Graves,1951-02-18,75,2019-07-30,83,A,STUDENT,477,343 Hawkins Pike Apt. 483,East Scottburgh,MA,90918,3,2.0,Y,N,Y,Y,70425.01,2000.0,21.59,2026-06-29 19:53:58.123537+00:00
3188,Alyssa,Pena,1996-09-23,30,2022-06-18,48,A,WEALTH,351,27388 Diana Wells,Sloanview,CO,32699,3,3.0,Y,Y,Y,N,141343.05,25000.0,79.94,2026-06-29 19:53:58.123537+00:00
3197,Steven,Murray,1944-05-08,82,2016-10-02,116,I,DIGITAL,115,775 Yates Island,Fischerfort,PA,33665,4,3.0,Y,Y,Y,Y,135872.13,25000.0,7.52,2026-06-29 19:53:58.123537+00:00
3202,Gerald,Watkins,1994-07-06,32,2021-05-12,61,A,SMALL_BIZ,310,3365 Torres Gardens Apt. 249,North Rachelshire,IL,49896,1,1.0,N,N,N,Y,12316.14,0.0,0.0,2026-06-29 19:53:58.123537+00:00
3203,Peter,Hernandez,1953-10-24,73,2012-11-26,163,A,PREMIER,485,99944 Brown Summit,Doristown,DC,97052,1,1.0,N,Y,N,N,20218.58,0.0,0.0,2026-06-29 19:53:58.123537+00:00
3208,Keith,Young,1963-02-25,63,2018-08-08,94,A,MASS,498,2642 Austin Isle,Jamesshire,NJ,34594,1,1.0,N,N,N,Y,55459.67,0.0,0.0,2026-06-29 19:53:58.123537+00:00
3209,Robert,Smith,2004-09-10,22,2023-06-24,36,A,SMALL_BIZ,445,770 Richard Cliffs,Kayleebury,LA,44951,3,3.0,Y,N,Y,Y,78455.83,5000.0,92.93,2026-06-29 19:53:58.123537+00:00
3216,Mark,Lee,1978-09-04,48,2020-02-07,76,A,WEALTH,93,88505 Nathan Lakes,West Michael,MO,23606,4,4.0,Y,Y,Y,Y,107414.36,2000.0,60.75,2026-06-29 19:53:58.123537+00:00
3222,Kimberly,Moody,1959-04-25,67,2018-03-13,99,A,DIGITAL,233,218 Jeffrey Circles,West Reneefort,AK,70057,3,3.0,Y,N,Y,Y,58208.43,25000.0,46.32,2026-06-29 19:53:58.123537+00:00
3225,Joseph,Flores,1973-10-27,53,2013-09-02,153,A,WEALTH,197,368 Robinson Cliffs Suite 406,East Barbarastad,DE,00530,3,3.0,Y,Y,Y,N,61894.36,2000.0,60.67,2026-06-29 19:53:58.123537+00:00
3231,Christian,Marshall,1985-02-24,41,2022-11-12,43,A,DIGITAL,72,3952 Roberts Alley Apt. 635,East Kenneth,OH,34759,1,1.0,Y,N,N,N,46413.7,0.0,0.0,2026-06-29 19:53:58.123537+00:00
3248,Elijah,Harrell,1956-03-01,70,2014-12-17,138,A,SMALL_BIZ,218,6018 Santiago Park Apt. 651,Aaronstad,NY,78386,1,1.0,N,Y,N,N,49579.02,0.0,0.0,2026-06-29 19:53:58.123537+00:00
3250,Travis,Caldwell,1942-10-13,84,2022-11-29,43,A,PREMIER,139,129 David River Apt. 495,New Donald,NJ,13795,2,1.0,Y,Y,N,N,151134.55,0.0,0.0,2026-06-29 19:53:58.123537+00:00
3251,Billy,Lawrence,1988-03-13,38,2019-09-12,81,A,MASS,416,417 Meyer Highway,West Cameronton,PW,04461,3,3.0,Y,Y,N,Y,125187.62,0.0,0.0,2026-06-29 19:53:58.123537+00:00
3259,Linda,Newton,1953-11-16,73,2012-02-11,172,A,SMALL_BIZ,499,76336 Garcia Shoals,West Carlshire,PW,39113,2,2.0,N,Y,N,Y,42389.47,0.0,0.0,2026-06-29 19:53:58.123537+00:00
3270,Colton,Richardson,1990-04-26,36,2025-10-30,8,A,DIGITAL,151,862 Jennifer Street Suite 611,South Jessicamouth,AL,85389,3,3.0,N,Y,Y,Y,85052.32,5000.0,89.8,2026-06-29 19:53:58.123537+00:00
3272,Kenneth,Johnson,1960-04-01,66,2021-03-29,63,A,DIGITAL,424,33563 Arnold Mills Suite 233,Vargasmouth,WA,12721,3,2.0,Y,N,Y,Y,121109.23,15000.0,59.04,2026-06-29 19:53:58.123537+00:00
3277,Joshua,Johnson,2000-11-18,26,2021-11-09,55,I,STUDENT,446,8213 Vanessa Isle,Port Marthatown,OK,16494,4,2.0,Y,Y,Y,Y,181673.85,25000.0,44.29,2026-06-29 19:53:58.123537+00:00
3282,Joseph,Lambert,1989-08-27,37,2014-07-07,143,A,SMALL_BIZ,486,59975 Lawrence Track,East Charlesburgh,FM,66099,2,2.0,Y,N,Y,N,69658.66,15000.0,58.35,2026-06-29 19:53:58.123537+00:00
3284,Anna,Vincent,2008-03-18,18,2012-02-24,172,I,SMALL_BIZ,356,427 Cherry Common,New Justinchester,ND,33574,4,3.0,Y,Y,Y,Y,165715.63,5000.0,23.37,2026-06-29 19:53:58.123537+00:00
3293,Erin,Preston,1971-09-10,55,2019-07-15,83,A,DIGITAL,201,0540 Nathan Ford Suite 394,Port James,WI,88436,3,2.0,Y,N,Y,Y,102950.46,2000.0,49.8,2026-06-29 19:53:58.123537+00:00
3296,Laura,Summers,1979-12-05,47,2026-01-25,5,A,DIGITAL,28,36899 Amanda Expressway,Nicholsonfort,MI,57862,4,3.0,Y,Y,Y,Y,52047.29,10000.0,4.38,2026-06-29 19:53:58.123537+00:00
3299,Jodi,Sutton,1978-05-16,48,2025-07-19,11,A,PREMIER,123,3508 Kelly Branch Apt. 083,North Katieton,PA,71485,3,2.0,Y,Y,Y,N,56439.3,10000.0,73.92,2026-06-29 19:53:58.123537+00:00
3327,Todd,Smith,1997-08-05,29,2014-06-18,144,A,MASS,83,23103 Vincent Rue,Morrisonborough,NE,37743,2,2.0,N,Y,N,Y,102964.32,0.0,0.0,2026-06-29 19:53:58.123537+00:00
3331,Donald,Yang,2002-07-28,24,2013-01-02,161,A,SMALL_BIZ,474,42315 Austin Courts,New Josephborough,WI,21310,2,1.0,N,N,Y,Y,19548.57,25000.0,48.58,2026-06-29 19:53:58.123537+00:00
3336,Richard,Calhoun,2005-01-18,21,2016-10-28,116,A,STUDENT,231,6854 Oconnor Flat Suite 478,Martinezfort,VI,58226,4,4.0,Y,Y,Y,Y,130100.45,25000.0,26.15,2026-06-29 19:53:58.123537+00:00
3343,Nicole,Taylor,1980-09-21,46,2011-08-16,178,A,WEALTH,329,26478 Parker Pines,Bennettberg,FM,98744,3,3.0,Y,Y,N,Y,59907.8,0.0,0.0,2026-06-29 19:53:58.123537+00:00
3347,Michelle,Jones,1949-12-30,76,2019-02-05,88,A,MASS,310,67991 Danielle Locks,Millerhaven,TN,75634,4,4.0,Y,Y,Y,Y,61314.32,2000.0,76.14,2026-06-29 19:53:58.123537+00:00
3350,Ryan,Harrell,1959-01-28,67,2012-05-19,169,A,DIGITAL,486,7327 Heather Mountains Apt. 714,Jessicahaven,WI,18185,3,3.0,N,Y,Y,Y,72087.05,15000.0,14.59,2026-06-29 19:53:58.123537+00:00
3359,Stacy,Dixon,1963-05-29,63,2016-02-02,124,I,WEALTH,269,92756 Ramos Viaduct,New Lisastad,ND,60500,1,1.0,N,N,Y,N,1845.13,15000.0,12.3,2026-06-29 19:53:58.123537+00:00
3367,Donna,Tate,1959-03-05,67,2017-10-24,104,A,MASS,341,20677 Michael Harbor Apt. 626,East Evan,MD,43252,4,4.0,Y,Y,Y,Y,92022.07,2000.0,92.54,2026-06-29 19:53:58.123537+00:00
3378,Ronald,Holden,1954-11-02,72,2012-04-01,170,A,MASS,460,781 Abbott Trail Apt. 233,West Garyfort,OK,48266,1,1.0,Y,N,N,N,258.63,0.0,0.0,2026-06-29 19:53:58.123537+00:00
3382,Gloria,Harris,1994-01-04,32,2025-04-20,14,A,PREMIER,475,68831 William Fall,Lake Donald,KY,34794,3,3.0,N,Y,Y,Y,45242.25,2000.0,6.25,2026-06-29 19:53:58.123537+00:00
3385,Joseph,Tran,1982-12-01,44,2020-01-02,77,A,SMALL_BIZ,353,314 Delacruz Point Apt. 570,Morrisbury,HI,04574,2,2.0,N,N,Y,Y,30678.51,5000.0,32.37,2026-06-29 19:53:58.123537+00:00
3387,Mandy,Harris,1956-03-22,70,2023-07-06,35,A,PREMIER,413,160 Michael Forest Apt. 005,Mariahfurt,IN,88698,2,2.0,N,Y,Y,N,37282.6,5000.0,72.16,2026-06-29 19:53:58.123537+00:00
3389,Todd,Davis,2007-01-23,19,2015-07-07,131,A,PREMIER,255,77032 Davis Walks,Lake Thomaschester,NV,93484,4,3.0,Y,Y,Y,Y,138957.25,2000.0,31.45,2026-06-29 19:53:58.123537+00:00
3390,Stephen,Martin,1998-02-17,28,2014-10-15,140,A,PREMIER,325,577 Larry Shores Apt. 215,Leebury,NV,32418,3,3.0,Y,Y,Y,N,109895.51,10000.0,96.58,2026-06-29 19:53:58.123537+00:00
3391,Daniel,Allen,1953-02-12,73,2014-10-11,140,A,STUDENT,413,66269 Timothy Extension,Watersville,AR,84173,3,3.0,Y,Y,Y,N,37029.39,15000.0,28.56,2026-06-29 19:53:58.123537+00:00
3400,Kelly,Hall,1968-08-19,58,2015-03-15,135,A,PREMIER,14,097 William Bypass Apt. 620,Port Eric,IL,07116,2,1.0,N,Y,N,Y,113014.29,0.0,0.0,2026-06-29 19:53:58.123537+00:00
3412,Brett,Pena,1957-01-08,69,2012-11-12,163,A,PREMIER,224,17755 Hernandez Street Apt. 714,Crawfordville,ND,71380,3,2.0,Y,Y,N,Y,105343.41,0.0,0.0,2026-06-29 19:53:58.123537+00:00
3422,Gregory,Rodriguez,1960-03-15,66,2015-02-27,136,A,PREMIER,236,61672 Mills Neck,Phelpsburgh,VI,00539,3,3.0,Y,Y,Y,N,77051.03,25000.0,46.7,2026-06-29 19:53:58.123537+00:00
3425,Amber,Powell,1986-11-19,40,2017-05-20,109,I,MASS,468,60361 Santana Curve,Smithport,NV,61642,2,2.0,N,Y,N,Y,85177.32,0.0,0.0,2026-06-29 19:53:58.123537+00:00
3437,Kenneth,Brown,2001-08-04,25,2025-04-04,14,A,DIGITAL,111,48057 Mark Parkway Suite 454,East Larryville,TN,43107,2,1.0,N,Y,N,Y,59899.47,0.0,0.0,2026-06-29 19:53:58.123537+00:00
3450,Preston,Williams,1947-09-26,79,2017-03-20,111,A,WEALTH,103,67969 Shannon Cliffs,Oconnorview,VI,53304,3,3.0,N,Y,Y,Y,62663.53,5000.0,9.8,2026-06-29 19:53:58.123537+00:00
3451,James,Hudson,1961-10-14,65,2025-09-18,9,A,MASS,460,12567 Deborah Lane Apt. 774,West Megan,NE,45410,4,3.0,Y,Y,Y,Y,145183.04,5000.0,25.51,2026-06-29 19:53:58.123537+00:00
3453,Aaron,Jones,1958-08-02,68,2025-02-26,16,A,MASS,301,7938 Jimenez Lake,Austinbury,OK,72947,2,2.0,Y,Y,N,N,75602.22,0.0,0.0,2026-06-29 19:53:58.123537+00:00
3458,Lisa,Rivera,1978-11-30,48,2024-10-03,20,A,DIGITAL,337,7833 Vargas Neck Apt. 863,New Mary,ND,46391,1,1.0,Y,N,N,N,35686.63,0.0,0.0,2026-06-29 19:53:58.123537+00:00
3461,Ryan,Nelson,1957-12-04,69,2023-08-25,34,A,SMALL_BIZ,169,3032 Wilson Squares Suite 383,South Michael,AL,90166,4,4.0,Y,Y,Y,Y,90981.48,5000.0,58.03,2026-06-29 19:53:58.123537+00:00
3463,Laurie,Scott,1944-12-05,82,2020-04-26,74,A,STUDENT,34,41861 Lisa Shoal,Fordhaven,AR,80863,3,3.0,Y,Y,N,Y,86224.29,0.0,0.0,2026-06-29 19:53:58.123537+00:00
3470,David,Young,1943-07-17,83,2025-06-23,12,A,WEALTH,62,4927 Garrett Crescent,Hamptonborough,MI,04086,1,1.0,N,N,N,Y,21180.42,0.0,0.0,2026-06-29 19:53:58.123537+00:00
3489,Eduardo,Moore,1963-05-17,63,2015-01-30,137,A,MASS,453,7188 Sullivan Rapid,Lake Roy,NY,79389,2,2.0,N,Y,N,Y,69307.15,0.0,0.0,2026-06-29 19:53:58.123537+00:00
3493,Sherri,Arnold,1949-09-15,77,2021-02-06,64,I,STUDENT,236,0485 Gina Unions,North John,IL,68317,4,4.0,Y,Y,Y,Y,181314.12,10000.0,90.74,2026-06-29 19:53:58.123537+00:00
3495,James,Jones,1943-10-05,83,2013-10-28,152,A,SMALL_BIZ,229,064 Delgado Green Suite 609,Mahoneyhaven,VI,33604,4,4.0,Y,Y,Y,Y,150685.71,2000.0,34.76,2026-06-29 19:53:58.123537+00:00
3496,Johnny,Lopez,1943-08-05,83,2024-03-20,27,A,STUDENT,271,578 Barrett Plain,North Timothyfort,TN,71508,3,2.0,Y,Y,Y,N,146338.6,2000.0,3.55,2026-06-29 19:53:58.123537+00:00
3504,Lauren,Watson,1983-10-21,43,2022-02-07,52,A,WEALTH,54,97027 Nelson Creek Apt. 316,Lake Reneestad,ID,94749,1,1.0,N,N,N,Y,19139.25,0.0,0.0,2026-06-29 19:53:58.123537+00:00
3521,Darrell,Young,1985-10-18,41,2015-10-12,128,A,PREMIER,333,4234 Robert Mission Apt. 281,South Lisamouth,SC,88920,2,2.0,Y,Y,N,N,106020.96,0.0,0.0,2026-06-29 19:53:58.123537+00:00
3532,Joshua,Miller,1949-09-02,77,2021-06-15,60,A,WEALTH,106,5582 Benjamin Field,Johnview,OH,29692,4,4.0,Y,Y,Y,Y,79568.89,10000.0,41.52,2026-06-29 19:53:58.123537+00:00
3536,Hannah,Lee,1964-05-30,62,2019-04-12,86,A,SMALL_BIZ,157,5792 Williams Crest Apt. 643,Christinamouth,CT,17769,1,1.0,Y,N,N,N,54159.02,0.0,0.0,2026-06-29 19:53:58.123537+00:00
3537,Michael,Peterson,2007-11-23,19,2022-10-15,44,A,DIGITAL,162,0069 Max Mount Suite 126,North William,HI,19040,1,0.0,N,Y,N,N,13878.21,0.0,0.0,2026-06-29 19:53:58.123537+00:00
3538,Dale,Hunt,1967-07-29,59,2022-10-12,44,A,DIGITAL,96,435 Tyler Forks Apt. 750,Sharonville,VI,88572,2,2.0,N,Y,Y,N,58879.3,10000.0,41.45,2026-06-29 19:53:58.123537+00:00
3540,Carl,Kaiser,1993-04-24,33,2022-08-24,46,A,WEALTH,172,526 Steven Circle Apt. 355,East Trevor,ID,11246,2,2.0,N,Y,Y,N,45006.03,10000.0,13.76,2026-06-29 19:53:58.123537+00:00
3554,Jennifer,Kane,2007-03-27,19,2016-05-18,121,A,PREMIER,139,685 John Rapids,South James,PA,17740,1,1.0,N,N,Y,N,1596.36,2000.0,79.82,2026-06-29 19:53:58.123537+00:00
3556,Matthew,Beasley,1947-11-13,79,2015-06-07,132,A,WEALTH,439,17701 Jessica Fork Suite 466,Annaland,HI,26832,4,4.0,Y,Y,Y,Y,165833.09,10000.0,68.93,2026-06-29 19:53:58.123537+00:00
3561,Billy,Ellison,2001-06-23,25,2022-09-18,45,A,MASS,450,554 Robertson Tunnel Suite 957,Oliverburgh,MI,67641,4,4.0,Y,Y,Y,Y,90556.07,10000.0,62.27,2026-06-29 19:53:58.123537+00:00
3567,Andre,Robinson,1999-07-23,27,2020-11-25,67,A,STUDENT,63,58848 Morgan Glen,New Angelshire,WI,09444,4,3.0,Y,Y,Y,Y,106515.9,25000.0,65.99,2026-06-29 19:53:58.123537+00:00
3577,David,Williams,1949-07-12,77,2021-07-02,59,A,PREMIER,129,2218 Williams Forges Apt. 065,Bryantburgh,NM,32290,3,2.0,Y,Y,N,Y,161127.68,0.0,0.0,2026-06-29 19:53:58.123537+00:00
3580,Maria,Smith,1985-03-01,41,2022-03-11,51,A,SMALL_BIZ,101,990 Bush Trafficway,Garciaburgh,MT,47724,1,1.0,N,Y,N,N,37234.55,0.0,0.0,2026-06-29 19:53:58.123537+00:00
3581,Drew,Ramsey,1948-08-28,78,2014-07-27,143,A,MASS,113,22907 Brian Via Suite 582,East Jeremy,MA,16758,2,2.0,N,Y,Y,N,70648.63,25000.0,83.24,2026-06-29 19:53:58.123537+00:00
3584,Michael,Berg,1984-01-15,42,2014-07-29,143,I,MASS,306,50493 Kennedy Mountain,Lewisside,MA,62410,2,2.0,N,Y,N,Y,93750.35,0.0,0.0,2026-06-29 19:53:58.123537+00:00
3585,Tracy,Avery,1998-12-25,28,2021-05-15,61,A,STUDENT,224,299 Alyssa Inlet Apt. 508,Butlermouth,AS,84918,1,1.0,Y,N,N,N,55748.57,0.0,0.0,2026-06-29 19:53:58.123537+00:00
3586,Ryan,Moore,1970-10-19,56,2015-04-02,134,A,STUDENT,72,33892 Victor Pass,Terrimouth,CO,03606,4,4.0,Y,Y,Y,Y,135258.33,25000.0,71.43,2026-06-29 19:53:58.123537+00:00
3598,Sarah,Foley,1957-11-10,69,2025-10-11,8,A,STUDENT,263,3338 Gates Centers,South Malloryton,CO,98813,3,2.0,N,Y,Y,Y,50091.75,25000.0,11.37,2026-06-29 19:53:58.123537+00:00
3605,Pamela,Nguyen,1966-12-12,60,2020-10-22,68,A,STUDENT,247,45292 Castro Unions Apt. 211,Chadbury,SD,31492,2,2.0,N,Y,N,Y,65944.91,0.0,0.0,2026-06-29 19:53:58.123537+00:00
3609,Wendy,Jones,1955-03-23,71,2017-08-22,106,I,DIGITAL,115,7753 Ashley Bridge,East Lisaport,FM,36759,1,1.0,Y,N,N,N,42531.55,0.0,0.0,2026-06-29 19:53:58.123537+00:00
3611,Collin,Scott,1990-12-09,36,2014-10-01,140,A,WEALTH,320,4870 Burton Mountain Suite 085,East Jeremy,RI,56359,3,3.0,Y,Y,N,Y,70393.82,0.0,0.0,2026-06-29 19:53:58.123537+00:00
3621,Elizabeth,Lee,2007-03-13,19,2020-01-08,77,A,DIGITAL,420,3936 Richard Mountains,Loganshire,FL,59699,1,1.0,Y,N,N,N,4696.09,0.0,0.0,2026-06-29 19:53:58.123537+00:00
3624,Anthony,Swanson,1971-08-09,55,2020-09-20,69,I,MASS,342,99119 Amber Pike Apt. 371,Smithfort,VA,30605,1,1.0,N,N,Y,N,1407.66,25000.0,5.63,2026-06-29 19:53:58.123537+00:00
3629,Robert,Hamilton,1952-01-18,74,2012-07-31,167,A,STUDENT,200,0987 Lisa Skyway Suite 964,West Josephville,MI,00766,4,4.0,Y,Y,Y,Y,109859.45,5000.0,79.49,2026-06-29 19:53:58.123537+00:00
3637,Bonnie,Hogan,1972-08-20,54,2012-11-05,163,I,SMALL_BIZ,78,0865 Robert Radial Suite 923,Port Julia,RI,64594,3,1.0,N,Y,Y,Y,45705.82,25000.0,3.37,2026-06-29 19:53:58.123537+00:00
3656,Dylan,Barnett,1952-02-29,74,2019-08-19,82,A,DIGITAL,130,24223 Brandon Radial Apt. 686,North Tammymouth,AZ,82167,2,2.0,N,Y,N,Y,62949.35,0.0,0.0,2026-06-29 19:53:58.123537+00:00
3658,Keith,Howell,1951-07-31,75,2023-10-15,32,A,SMALL_BIZ,83,9563 Thomas Creek,Kevinland,UT,67132,3,2.0,N,Y,Y,Y,64365.09,15000.0,24.66,2026-06-29 19:53:58.123537+00:00
3660,Aaron,Green,1943-04-02,83,2020-06-06,72,I,SMALL_BIZ,492,1676 Howard Cape,Fergusonview,AR,80220,2,2.0,N,Y,N,Y,84934.91,0.0,0.0,2026-06-29 19:53:58.123537+00:00
3684,Susan,Pruitt,1987-04-07,39,2015-11-16,127,A,STUDENT,246,3356 Thomas Highway Apt. 839,West Brian,OK,16269,1,1.0,N,N,N,Y,1316.82,0.0,0.0,2026-06-29 19:53:58.123537+00:00
3687,Kelsey,Cross,1975-05-05,51,2025-03-09,15,I,WEALTH,245,63661 Jones Mission,Patrickburgh,OK,77974,1,1.0,Y,N,N,N,22963.0,0.0,0.0,2026-06-29 19:53:58.123537+00:00
3689,Teresa,Owens,2007-04-21,19,2016-06-08,120,A,DIGITAL,274,870 Campbell Inlet Apt. 320,Lake Jeffrey,VT,92522,4,4.0,Y,Y,Y,Y,63490.18,5000.0,12.11,2026-06-29 19:53:58.123537+00:00
3696,Catherine,Gonzalez,1994-03-30,32,2019-08-12,82,A,PREMIER,122,9782 White Lakes,Stevenhaven,KS,80663,4,3.0,Y,Y,Y,Y,163760.03,10000.0,59.85,2026-06-29 19:53:58.123537+00:00
3700,Katherine,Murphy,1982-06-27,44,2019-01-09,89,A,PREMIER,40,48650 Walker Forge Suite 140,Jacksonberg,MP,33598,3,3.0,Y,N,Y,Y,81467.97,10000.0,85.26,2026-06-29 19:53:58.123537+00:00
3705,John,Bennett,1981-07-02,45,2025-04-12,14,I,PREMIER,129,7107 Briana Lakes,Reeseville,LA,50385,2,2.0,Y,Y,N,N,96308.9,0.0,0.0,2026-06-29 19:53:58.123537+00:00
3707,Jenny,Perry,2007-01-31,19,2013-04-11,158,A,DIGITAL,228,501 Gabriel Square,Leonardborough,PA,16281,2,2.0,N,N,Y,Y,11368.78,15000.0,31.98,2026-06-29 19:53:58.123537+00:00
3709,Brian,Collins,1994-07-24,32,2013-06-27,156,A,SMALL_BIZ,126,2556 Michael Islands Suite 824,North Michael,HI,02505,1,1.0,N,N,N,Y,48743.65,0.0,0.0,2026-06-29 19:53:58.123537+00:00
3711,Jeremiah,Sanders,1960-09-16,66,2019-07-15,83,A,PREMIER,28,4703 Emily Fields Apt. 522,West Eduardo,ME,73222,4,3.0,Y,Y,Y,Y,60276.25,10000.0,61.71,2026-06-29 19:53:58.123537+00:00
3748,Andrew,Grant,1945-02-28,81,2020-10-09,68,A,DIGITAL,323,75434 Wright Mount Apt. 779,Amyside,IA,32134,3,3.0,Y,N,Y,Y,95732.82,5000.0,64.71,2026-06-29 19:53:58.123537+00:00
3759,Melvin,Mccoy,1978-05-20,48,2020-01-14,77,A,SMALL_BIZ,213,724 Courtney Green,Powellview,WI,62144,4,4.0,Y,Y,Y,Y,108490.23,25000.0,72.5,2026-06-29 19:53:58.123537+00:00
3760,Anna,Stokes,2003-05-13,23,2014-09-21,141,I,MASS,74,71251 Elizabeth Ranch,Adkinsside,PA,85251,3,2.0,Y,Y,Y,N,35611.07,25000.0,28.01,2026-06-29 19:53:58.123537+00:00
3773,Crystal,Gonzalez,1968-10-24,58,2014-02-18,148,A,SMALL_BIZ,215,666 Green Crossing Suite 181,Sydneyside,PA,57240,2,2.0,N,N,Y,Y,42499.71,10000.0,83.75,2026-06-29 19:53:58.123537+00:00
3775,Joshua,Smith,1990-05-26,36,2014-10-12,140,A,SMALL_BIZ,269,9785 Reed Lakes,New Ericborough,AZ,84044,3,3.0,Y,N,Y,Y,75550.03,2000.0,1.26,2026-06-29 19:53:58.123537+00:00
3789,Taylor,Payne,2007-02-13,19,2016-03-25,123,A,DIGITAL,449,0991 Martinez Loop,Knightville,NV,32533,1,1.0,N,N,N,Y,15632.97,0.0,0.0,2026-06-29 19:53:58.123537+00:00
3798,Patricia,Chapman,1984-04-22,42,2024-08-04,22,A,SMALL_BIZ,24,58155 Samantha Isle,Debrahaven,NV,57994,3,2.0,Y,Y,N,Y,115099.06,0.0,0.0,2026-06-29 19:53:58.123537+00:00
3803,Gregory,Maldonado,2000-03-23,26,2024-02-22,28,A,PREMIER,78,8316 Berry Union Apt. 230,Morganchester,MA,66958,3,3.0,Y,N,Y,Y,20364.25,25000.0,2.95,2026-06-29 19:53:58.123537+00:00
3813,Richard,Hernandez,2004-04-09,22,2021-09-26,57,A,PREMIER,178,181 Hernandez Squares Suite 181,Spencerchester,FL,14630,3,2.0,Y,Y,Y,N,123141.57,25000.0,13.91,2026-06-29 19:53:58.123537+00:00
3833,Amanda,Maldonado,1991-09-22,35,2023-04-14,38,I,MASS,98,41028 Gutierrez Causeway Suite 134,Ryanmouth,NC,08001,4,4.0,Y,Y,Y,Y,115368.89,2000.0,2.09,2026-06-29 19:53:58.123537+00:00
3851,April,Huber,1943-03-18,83,2021-02-15,64,A,DIGITAL,340,0026 Harris Corners,East Jacob,MP,44966,3,1.0,Y,Y,Y,N,63957.89,2000.0,6.97,2026-06-29 19:53:58.123537+00:00
3852,Alexis,Flores,2005-02-10,21,2019-10-29,80,A,DIGITAL,238,303 Peter Run,West Christian,OR,13363,3,3.0,Y,Y,Y,N,114265.59,2000.0,12.51,2026-06-29 19:53:58.123537+00:00
3853,Mallory,Walker,1974-03-04,52,2021-08-20,58,A,MASS,357,3162 Clay Fall Apt. 824,North Lisa,VA,71733,1,1.0,N,Y,N,N,5851.64,0.0,0.0,2026-06-29 19:53:58.123537+00:00
3855,Sara,Wilson,1975-10-25,51,2020-02-05,76,A,SMALL_BIZ,121,713 Shannon Grove,Nealland,ME,68415,1,1.0,N,N,N,Y,26176.7,0.0,0.0,2026-06-29 19:53:58.123537+00:00
3856,Brandon,Boyd,1973-09-24,53,2018-09-18,93,A,MASS,260,126 Elizabeth Glen Apt. 256,Kellyfort,AK,19686,4,4.0,Y,Y,Y,Y,157037.99,15000.0,70.75,2026-06-29 19:53:58.123537+00:00
3860,Olivia,Roth,1990-04-30,36,2016-12-13,114,I,WEALTH,134,7178 Martinez Lights,Lake Danielle,KS,33836,2,2.0,Y,Y,N,N,37302.24,0.0,0.0,2026-06-29 19:53:58.123537+00:00
3874,Matthew,Chapman,1986-05-02,40,2019-07-26,83,I,PREMIER,19,8835 Erin Ports Suite 308,Samuelside,NH,09114,1,1.0,N,N,N,Y,33725.8,0.0,0.0,2026-06-29 19:53:58.123537+00:00
3888,Edward,Smith,2005-02-07,21,2021-01-31,65,A,PREMIER,136,5449 Joseph Field,Hartbury,NH,40883,2,2.0,N,Y,N,Y,95617.86,0.0,0.0,2026-06-29 19:53:58.123537+00:00
3902,Jessica,Long,2001-10-07,25,2019-10-02,80,A,STUDENT,371,841 James Brook Suite 272,West Alexland,SC,36813,2,2.0,Y,Y,N,N,47468.64,0.0,0.0,2026-06-29 19:53:58.123537+00:00
3904,Grace,Gonzalez,1972-11-24,54,2012-06-08,168,A,WEALTH,160,886 Mcneil Way,Hensleybury,NE,87397,4,3.0,Y,Y,Y,Y,108855.21,10000.0,61.33,2026-06-29 19:53:58.123537+00:00
3917,Mallory,Valencia,1953-08-01,73,2018-02-26,100,A,DIGITAL,384,03429 Amber Corner Suite 929,Lake Sandramouth,MI,21857,3,3.0,Y,Y,Y,N,105872.67,15000.0,22.83,2026-06-29 19:53:58.123537+00:00
3924,Amy,Thompson,1994-06-17,32,2024-05-13,25,A,STUDENT,310,3250 Angela Locks,South Patrick,PA,32493,1,1.0,N,N,Y,N,2435.76,5000.0,48.72,2026-06-29 19:53:58.123537+00:00
3927,Jason,Singh,1979-08-11,47,2016-09-13,117,A,PREMIER,163,582 Young Port Suite 788,New Jonathanside,FM,40644,4,4.0,Y,Y,Y,Y,107871.31,10000.0,95.26,2026-06-29 19:53:58.123537+00:00
3934,Mikayla,Johnson,1990-04-06,36,2024-11-23,19,A,SMALL_BIZ,8,9545 Wheeler Street,North Josephport,RI,86320,4,4.0,Y,Y,Y,Y,92456.1,10000.0,12.57,2026-06-29 19:53:58.123537+00:00
3939,Brittney,Davis,1972-12-26,54,2014-08-18,142,A,SMALL_BIZ,111,81296 Jimmy Square Suite 799,Ramireztown,MO,31463,2,2.0,N,Y,Y,N,16715.97,5000.0,48.73,2026-06-29 19:53:58.123537+00:00
3942,Steven,Keller,1988-06-01,38,2018-05-11,97,I,MASS,295,714 Rachel Mountain Suite 534,North Tiffany,ID,02613,1,1.0,N,Y,N,N,22976.23,0.0,0.0,2026-06-29 19:53:58.123537+00:00
3943,Julie,Davis,1945-01-28,81,2020-07-12,71,A,SMALL_BIZ,447,15175 John Prairie,Lake Paige,MO,71635,4,4.0,Y,Y,Y,Y,81775.11,5000.0,59.67,2026-06-29 19:53:58.123537+00:00
3946,Kathleen,Randolph,1985-10-28,41,2025-04-19,14,A,DIGITAL,85,53604 Pope Vista Suite 739,Jeffreymouth,KY,99662,4,4.0,Y,Y,Y,Y,113649.73,25000.0,26.24,2026-06-29 19:53:58.123537+00:00
3962,Anthony,Branch,2000-12-28,26,2023-02-08,40,A,WEALTH,192,00535 Kevin Plains,Garyberg,MH,70704,4,4.0,Y,Y,Y,Y,127477.48,10000.0,54.03,2026-06-29 19:53:58.123537+00:00
3968,Maria,Cohen,1958-12-25,68,2024-05-19,25,A,WEALTH,23,61550 Foster Coves,Lake Janet,ND,36456,3,3.0,Y,N,Y,Y,96206.05,25000.0,80.12,2026-06-29 19:53:58.123537+00:00
3975,John,Hamilton,1948-08-15,78,2023-12-22,30,A,PREMIER,215,8042 Hall Valley Apt. 421,Port Johnhaven,IN,31287,3,3.0,Y,Y,Y,N,94575.38,25000.0,22.1,2026-06-29 19:53:58.123537+00:00
3984,Brandon,Berg,1956-11-05,70,2012-09-05,165,A,DIGITAL,374,99624 Powell Lock Apt. 774,Johnstad,AL,99210,3,3.0,N,Y,Y,Y,79996.46,15000.0,81.28,2026-06-29 19:53:58.123537+00:00
3985,Joshua,Evans,1965-09-07,61,2019-05-29,85,A,DIGITAL,228,368 Lynn Bypass,Walltown,IN,57416,1,1.0,N,N,Y,N,2832.12,10000.0,28.32,2026-06-29 19:53:58.123537+00:00
3993,Mariah,Lyons,1980-09-11,46,2019-04-26,86,A,STUDENT,321,048 Angela Square,Johnsonview,GA,08718,1,1.0,N,Y,N,N,42183.53,0.0,0.0,2026-06-29 19:53:58.123537+00:00
3998,Amy,David,1985-05-20,41,2020-03-23,75,A,MASS,28,870 Fowler Falls,North Jacobville,AZ,74200,2,2.0,N,Y,N,Y,33971.62,0.0,0.0,2026-06-29 19:53:58.123537+00:00
4005,Gina,Cervantes,1954-10-20,72,2020-04-18,74,A,WEALTH,425,95278 Barbara Alley Apt. 886,South Jackfurt,ND,35554,4,4.0,Y,Y,Y,Y,149903.41,25000.0,87.3,2026-06-29 19:53:58.123537+00:00
4015,Eric,Ortega,1947-06-16,79,2012-04-23,170,A,DIGITAL,240,7676 White Springs,Harrisshire,KS,91171,4,4.0,Y,Y,Y,Y,121655.38,15000.0,10.96,2026-06-29 19:53:58.123537+00:00
4023,Patricia,Torres,2006-07-07,20,2025-05-03,13,A,STUDENT,295,1219 Pope Hill Apt. 442,Lake Miketown,DC,29335,1,1.0,N,Y,N,N,18019.46,0.0,0.0,2026-06-29 19:53:58.123537+00:00
4026,Samuel,Smith,1970-12-29,55,2019-01-19,89,I,WEALTH,348,48841 Coleman Green Suite 926,Haleyfurt,SC,17069,1,1.0,N,Y,N,N,17700.52,0.0,0.0,2026-06-29 19:53:58.123537+00:00
4050,Karen,Wallace,1973-08-14,53,2026-04-08,2,A,DIGITAL,454,19820 Danielle Ports,Port Renee,TN,84209,4,4.0,Y,Y,Y,Y,89753.13,25000.0,27.99,2026-06-29 19:53:58.123537+00:00
4061,Ashley,Morales,1960-11-11,66,2011-11-29,175,A,PREMIER,239,978 Moreno Passage Suite 369,Leehaven,FL,89429,2,1.0,Y,Y,N,N,129124.32,0.0,0.0,2026-06-29 19:53:58.123537+00:00
4074,Brian,Mcdaniel,1989-11-21,37,2021-08-17,58,A,DIGITAL,264,159 Soto Fort,Fordburgh,PR,78653,3,3.0,Y,N,Y,Y,114495.28,25000.0,94.65,2026-06-29 19:53:58.123537+00:00
4078,Jamie,Edwards,1993-03-02,33,2023-07-16,35,A,MASS,218,085 Rasmussen Keys,New Tracyville,NM,63057,2,2.0,N,Y,N,Y,124011.46,0.0,0.0,2026-06-29 19:53:58.123537+00:00
4086,Lance,Henderson,1942-06-15,84,2023-04-14,38,A,WEALTH,458,71454 Hamilton Drive,Skinnerport,WV,89774,2,2.0,Y,N,Y,N,71188.42,15000.0,33.15,2026-06-29 19:53:58.123537+00:00
4104,Kristen,Smith,2004-08-03,22,2018-02-11,100,A,MASS,137,8829 Jessica Hill Suite 883,Zunigaland,WI,72565,4,4.0,Y,Y,Y,Y,119417.83,5000.0,91.53,2026-06-29 19:53:58.123537+00:00
4115,Matthew,Thomas,1966-02-09,60,2021-03-21,63,A,SMALL_BIZ,250,1923 Pham Loaf,East Jason,MI,03228,4,3.0,Y,Y,Y,Y,93520.12,5000.0,90.95,2026-06-29 19:53:58.123537+00:00
4119,Christopher,Gonzales,1983-01-31,43,2023-08-29,34,A,DIGITAL,320,7466 Warren Loop Apt. 170,Mezaton,WA,80165,3,3.0,Y,Y,Y,N,146205.45,25000.0,86.75,2026-06-29 19:53:58.123537+00:00
4122,Noah,Jackson,1999-08-15,27,2019-10-09,80,A,STUDENT,381,85871 Alexander Roads Apt. 131,North Amanda,WA,17590,2,2.0,Y,N,N,Y,38401.01,0.0,0.0,2026-06-29 19:53:58.123537+00:00
4129,Kristin,Yang,1998-12-19,28,2024-05-14,25,A,STUDENT,143,5017 Douglas Mountain Apt. 885,Garciaburgh,AZ,29065,4,4.0,Y,Y,Y,Y,57060.1,15000.0,26.42,2026-06-29 19:53:58.123537+00:00
4130,Randy,Wells,1975-12-23,51,2022-02-27,52,A,SMALL_BIZ,55,6698 Marie Plaza,New Amymouth,CT,47592,2,2.0,Y,Y,N,N,13738.89,0.0,0.0,2026-06-29 19:53:58.123537+00:00
4161,Brianna,Collier,1962-03-20,64,2024-05-31,25,A,WEALTH,367,0454 Bailey Knoll,Millertown,WV,69126,1,1.0,N,Y,N,N,56787.69,0.0,0.0,2026-06-29 19:53:58.123537+00:00
4167,Alexander,Holland,1969-10-08,57,2012-11-11,163,A,MASS,329,2135 Mullen Fields,Owensside,PR,17793,4,4.0,Y,Y,Y,Y,160403.55,15000.0,72.88,2026-06-29 19:53:58.123537+00:00
4171,Kelsey,Harrison,2003-04-16,23,2020-04-24,74,A,WEALTH,359,7698 Rodriguez Squares Suite 040,West Chrismouth,MN,95415,4,3.0,Y,Y,Y,Y,68517.24,15000.0,7.0,2026-06-29 19:53:58.123537+00:00
4193,Joseph,Anderson,1959-03-15,67,2022-05-27,49,A,WEALTH,292,2945 Moore Shoal,New Ginamouth,MS,19012,3,3.0,N,Y,Y,Y,40692.27,10000.0,64.7,2026-06-29 19:53:58.123537+00:00
4196,Megan,Richardson,1998-02-06,28,2013-08-08,154,A,WEALTH,321,80816 Angel Inlet,Ellisonchester,LA,81390,4,4.0,Y,Y,Y,Y,103493.02,5000.0,7.53,2026-06-29 19:53:58.123537+00:00
4200,Theodore,Thompson,1950-08-09,76,2024-02-19,28,A,DIGITAL,132,1908 Morris Keys Suite 433,New Jillchester,PA,03292,1,1.0,N,N,N,Y,56842.72,0.0,0.0,2026-06-29 19:53:58.123537+00:00
4209,Lisa,Miller,2000-11-05,26,2013-02-13,160,A,MASS,405,3107 Austin Turnpike,Lake Kevinberg,UT,79884,3,3.0,Y,Y,N,Y,86367.94,0.0,0.0,2026-06-29 19:53:58.123537+00:00
4224,Kenneth,Arellano,1953-10-06,73,2018-06-23,96,A,STUDENT,241,070 Mitchell Route Apt. 283,Jenniferland,AL,01860,1,1.0,N,N,Y,N,2788.6,5000.0,55.77,2026-06-29 19:53:58.123537+00:00
4225,Samuel,Warren,1993-12-30,32,2022-05-10,49,A,DIGITAL,34,202 Hall Ferry Apt. 923,Phillipbury,VA,90019,4,4.0,Y,Y,Y,Y,125942.51,15000.0,70.09,2026-06-29 19:53:58.123537+00:00
4229,Patricia,Galvan,2007-10-20,19,2026-05-10,1,A,DIGITAL,110,83859 Patricia Plaza Suite 115,South Kellyberg,AK,67299,1,1.0,N,N,N,Y,37871.93,0.0,0.0,2026-06-29 19:53:58.123537+00:00
4245,Derek,Kim,1941-07-14,85,2012-09-21,165,A,DIGITAL,339,294 Lopez Meadows,North Rodneymouth,KS,91421,4,3.0,Y,Y,Y,Y,93629.78,10000.0,13.55,2026-06-29 19:53:58.123537+00:00
4247,Robert,Burnett,1945-06-24,81,2013-11-05,151,A,MASS,219,82060 Victor Wall Suite 970,Lake Susan,NH,83727,2,2.0,Y,N,N,Y,91306.43,0.0,0.0,2026-06-29 19:53:58.123537+00:00
4248,Daniel,Lewis,2003-01-23,23,2012-09-01,165,A,STUDENT,287,0907 Brent View Suite 578,West Brandonport,VT,03729,3,3.0,N,Y,Y,Y,103003.4,15000.0,67.01,2026-06-29 19:53:58.123537+00:00
4268,Joseph,Frazier,1957-09-06,69,2018-08-20,94,A,MASS,171,447 Cory Fork Suite 039,North George,KY,85659,1,0.0,N,N,N,Y,7718.03,0.0,0.0,2026-06-29 19:53:58.123537+00:00
4269,Eileen,Hudson,1989-07-04,37,2025-10-04,8,A,MASS,310,91600 Harrison Burgs,Annettefurt,IN,55538,1,1.0,N,N,N,Y,55189.63,0.0,0.0,2026-06-29 19:53:58.123537+00:00
4271,Travis,Bennett,1956-07-26,70,2011-07-14,179,A,WEALTH,203,978 Richard Mill,South Cynthia,SD,12332,3,3.0,N,Y,Y,Y,58707.71,25000.0,15.71,2026-06-29 19:53:58.123537+00:00
4274,Rachel,White,1966-12-01,60,2015-04-19,134,A,STUDENT,448,625 Gomez Drives Apt. 997,North Lindaside,VT,82450,1,1.0,N,N,Y,N,3186.62,5000.0,63.73,2026-06-29 19:53:58.123537+00:00
4277,Melissa,Jones,1994-05-16,32,2016-01-30,125,A,STUDENT,48,42295 Marshall Junction Apt. 224,East Jennifershire,UT,36906,1,1.0,N,Y,N,N,73116.78,0.0,0.0,2026-06-29 19:53:58.123537+00:00
4284,Wendy,Hawkins,1972-01-29,54,2022-09-28,45,A,STUDENT,400,1047 Robert Isle,West David,AS,99088,4,4.0,Y,Y,Y,Y,71093.43,2000.0,33.96,2026-06-29 19:53:58.123537+00:00
4288,Laura,Dyer,1986-06-13,40,2024-08-26,22,A,DIGITAL,133,53307 Melinda Parks,Bowmanfort,MT,70941,1,1.0,N,N,N,Y,9918.05,0.0,0.0,2026-06-29 19:53:58.123537+00:00
4303,Bonnie,Nolan,2004-08-23,22,2019-01-28,89,A,DIGITAL,260,3593 Martinez Forges,Josephburgh,MI,94294,1,1.0,N,N,Y,N,592.6,2000.0,29.63,2026-06-29 19:53:58.123537+00:00
4308,Eric,King,1956-10-23,70,2021-05-16,61,A,WEALTH,131,061 Nathan Freeway Suite 846,Jenniferside,WI,14837,1,0.0,Y,N,N,N,68176.95,0.0,0.0,2026-06-29 19:53:58.123537+00:00
4310,Alicia,Rodriguez,1950-04-25,76,2022-09-01,45,A,WEALTH,205,9588 Clay Garden Apt. 962,Port Bethanyfort,FL,22745,1,1.0,N,Y,N,N,35996.72,0.0,0.0,2026-06-29 19:53:58.123537+00:00
4314,Jeffery,Anderson,2004-04-10,22,2021-11-14,55,I,WEALTH,9,86378 Young Hills,Longberg,PR,53044,4,4.0,Y,Y,Y,Y,105394.37,10000.0,32.49,2026-06-29 19:53:58.123537+00:00
4316,Jennifer,Williams,2000-03-02,26,2015-02-15,136,A,STUDENT,5,587 Wood Grove,Hodgesmouth,MP,61189,2,1.0,N,Y,N,Y,124749.32,0.0,0.0,2026-06-29 19:53:58.123537+00:00
4334,Scott,Reynolds,1958-07-23,68,2021-04-11,62,A,DIGITAL,439,748 Wood Shores Suite 825,East Deborah,NV,17230,3,2.0,Y,Y,N,Y,72159.42,0.0,0.0,2026-06-29 19:53:58.123537+00:00
4345,Carolyn,Fleming,1996-06-22,30,2012-10-02,164,A,SMALL_BIZ,499,48163 Rodriguez Track Apt. 454,Allisonfort,ID,05012,1,1.0,N,N,N,Y,19906.15,0.0,0.0,2026-06-29 19:53:58.123537+00:00
4347,Veronica,Valentine,1950-06-20,76,2025-11-24,7,A,MASS,217,30369 William Unions,West Sharonmouth,WV,70352,3,2.0,Y,Y,Y,N,51985.44,25000.0,26.52,2026-06-29 19:53:58.123537+00:00
4393,Cindy,Bell,1954-10-15,72,2014-06-12,144,A,SMALL_BIZ,225,4835 Kevin Junction Suite 071,East Brian,KY,09503,2,1.0,N,Y,Y,N,35177.59,15000.0,0.27,2026-06-29 19:53:58.123537+00:00
4394,Gregory,Le,1951-10-27,75,2023-01-23,41,A,STUDENT,381,0520 Justin Common Suite 766,Amandaview,AS,22626,4,4.0,Y,Y,Y,Y,145016.33,5000.0,8.73,2026-06-29 19:53:58.123537+00:00
4399,James,Boyd,1971-02-25,55,2021-12-03,54,A,MASS,116,5946 White Viaduct Suite 770,Tracyfort,KS,59768,4,4.0,Y,Y,Y,Y,80474.3,10000.0,50.63,2026-06-29 19:53:58.123537+00:00
4402,Ronald,Hunter,1956-08-07,70,2014-11-14,139,A,SMALL_BIZ,494,3242 Jones Ridge Suite 052,West Melissa,MP,76431,4,2.0,Y,Y,Y,Y,125841.25,10000.0,70.39,2026-06-29 19:53:58.123537+00:00
4404,Jacob,Lawson,2006-11-21,20,2012-03-03,171,A,SMALL_BIZ,376,17955 Matthew Views Apt. 182,North Adam,WA,50673,4,4.0,Y,Y,Y,Y,90984.82,2000.0,91.8,2026-06-29 19:53:58.123537+00:00
4410,Ryan,Zimmerman,1986-02-16,40,2024-01-19,29,A,PREMIER,400,28573 Patrick Village,Jeremyview,OK,00915,3,3.0,Y,Y,Y,N,52279.87,5000.0,84.88,2026-06-29 19:53:58.123537+00:00
4419,Jason,Douglas,1982-11-22,44,2026-04-22,2,A,WEALTH,417,72476 Matthews Path Apt. 810,Wallaceborough,WI,14957,3,3.0,Y,N,Y,Y,93891.03,2000.0,30.62,2026-06-29 19:53:58.123537+00:00
4440,Ashley,Mills,1984-11-09,42,2017-07-19,107,A,STUDENT,276,27440 Howard Burgs,East Kelli,NM,45770,2,2.0,Y,N,N,Y,104012.8,0.0,0.0,2026-06-29 19:53:58.123537+00:00
4450,Chad,Wilkinson,1944-07-20,82,2013-04-18,158,A,DIGITAL,449,8525 Austin Neck,Hannahborough,TN,77038,3,3.0,Y,N,Y,Y,64509.67,25000.0,78.58,2026-06-29 19:53:58.123537+00:00
4451,Nicholas,Kaiser,1993-05-22,33,2018-09-29,93,A,SMALL_BIZ,416,29121 Dawn Mountains,Shirleyport,NM,65357,2,1.0,N,N,Y,Y,67551.51,10000.0,91.51,2026-06-29 19:53:58.123537+00:00
4471,Brianna,Mullins,1967-12-28,59,2025-05-02,13,I,SMALL_BIZ,142,53467 Jennifer Point Suite 559,West Williamshire,GA,41234,3,1.0,Y,Y,N,Y,31566.41,0.0,0.0,2026-06-29 19:53:58.123537+00:00
4475,Brandon,Murphy,1979-02-06,47,2013-09-02,153,A,MASS,276,2056 Lowe Knolls,East Jennifer,CT,80880,2,1.0,N,Y,N,Y,56516.45,0.0,0.0,2026-06-29 19:53:58.123537+00:00
4476,Thomas,Mcconnell,1969-08-21,57,2020-07-10,71,A,MASS,120,76801 Jacob Key,South Austin,MH,13159,1,1.0,Y,N,N,N,19476.58,0.0,0.0,2026-06-29 19:53:58.123537+00:00
4480,Darius,Mendoza,1950-02-20,76,2021-10-20,56,A,STUDENT,62,8771 Lisa Mountain Suite 169,Gilmoreville,OK,30899,1,1.0,N,Y,N,N,77240.56,0.0,0.0,2026-06-29 19:53:58.123537+00:00
4487,Danny,Gross,1965-04-30,61,2013-07-11,155,A,WEALTH,196,7312 James Harbors Apt. 774,Chelseafurt,NC,90467,3,3.0,N,Y,Y,Y,89897.95,5000.0,77.47,2026-06-29 19:53:58.123537+00:00
4489,Brandi,Burton,1981-05-07,45,2014-05-01,145,A,PREMIER,160,7688 Mark Key,Armstrongton,GU,49394,3,3.0,Y,Y,Y,N,113658.9,15000.0,17.26,2026-06-29 19:53:58.123537+00:00
4490,Angela,Jordan,1997-09-28,29,2025-11-13,7,A,SMALL_BIZ,221,06907 Marvin Isle Suite 128,Robertmouth,MT,65451,4,4.0,Y,Y,Y,Y,103275.92,5000.0,7.82,2026-06-29 19:53:58.123537+00:00
4528,Sara,Williams,1981-09-27,45,2024-05-09,25,I,STUDENT,383,5276 Hernandez Landing,Lake Brandonfurt,NY,31141,3,3.0,N,Y,Y,Y,120121.52,10000.0,36.99,2026-06-29 19:53:58.123537+00:00
4529,Amanda,Knapp,1965-08-05,61,2019-07-28,83,A,DIGITAL,329,666 Morales Bridge Suite 105,Port Pamela,GA,07840,1,1.0,N,Y,N,N,39370.01,0.0,0.0,2026-06-29 19:53:58.123537+00:00
4547,Jorge,Koch,1986-12-28,40,2021-09-17,57,A,WEALTH,354,1733 Steven Drives,South Toddshire,NH,46742,4,4.0,Y,Y,Y,Y,104338.25,2000.0,95.23,2026-06-29 19:53:58.123537+00:00
4570,Amanda,Rosales,1944-03-14,82,2015-07-23,131,I,MASS,441,18559 Gordon Ridge Suite 637,Samanthaview,SC,82008,3,3.0,Y,Y,N,Y,93018.86,0.0,0.0,2026-06-29 19:53:58.123537+00:00
4572,Maria,Casey,1998-06-22,28,2012-11-24,163,A,WEALTH,195,1737 Brianna Skyway,East Jessicabury,AS,52200,4,3.0,Y,Y,Y,Y,135339.47,25000.0,51.16,2026-06-29 19:53:58.123537+00:00
4574,Molly,Stephens,1989-02-21,37,2019-07-10,83,A,SMALL_BIZ,100,213 Allen Gateway Apt. 831,Warehaven,MN,56358,2,1.0,Y,Y,N,N,76128.75,0.0,0.0,2026-06-29 19:53:58.123537+00:00
4593,Aaron,Smith,1987-08-07,39,2013-12-30,150,A,WEALTH,132,0489 Morrison Fork,Ashleyfurt,TX,47157,1,1.0,N,N,N,Y,24987.48,0.0,0.0,2026-06-29 19:53:58.123537+00:00
4594,Amber,Lee,2004-03-20,22,2022-08-25,46,A,SMALL_BIZ,11,5706 Lin Roads Apt. 922,North Gregoryborough,IA,98509,1,1.0,Y,N,N,N,27497.35,0.0,0.0,2026-06-29 19:53:58.123537+00:00
4599,Bryan,Hayes,1993-08-22,33,2022-12-09,42,A,WEALTH,236,33090 Woods Causeway,Port Sheri,OK,52066,4,4.0,Y,Y,Y,Y,164539.06,10000.0,70.51,2026-06-29 19:53:58.123537+00:00
4620,Emma,Ewing,1985-10-04,41,2014-02-23,148,I,PREMIER,44,3665 Melissa Trail Apt. 506,Nicholsport,KS,48779,4,2.0,Y,Y,Y,Y,105096.97,10000.0,41.62,2026-06-29 19:53:58.123537+00:00
4626,Sean,Evans,1983-08-02,43,2011-08-17,178,A,MASS,156,984 Hill Place,Port Justin,GA,45563,1,1.0,N,N,N,Y,7436.77,0.0,0.0,2026-06-29 19:53:58.123537+00:00
4630,Angela,Larson,1973-12-12,53,2019-11-18,79,A,SMALL_BIZ,144,233 Johnson Dale Suite 248,Lake Michael,ND,16149,2,2.0,N,Y,N,Y,86174.96,0.0,0.0,2026-06-29 19:53:58.123537+00:00
4631,Jonathan,Bell,1962-01-22,64,2021-08-18,58,A,PREMIER,340,82665 Dunn Vista Apt. 751,South Georgemouth,NH,38176,4,4.0,Y,Y,Y,Y,107342.07,15000.0,25.51,2026-06-29 19:53:58.123537+00:00
4644,Blake,Olson,1954-03-21,72,2021-06-03,60,A,STUDENT,457,00158 Haynes Pike,Rebeccamouth,WY,77293,3,3.0,Y,N,Y,Y,84715.36,15000.0,42.46,2026-06-29 19:53:58.123537+00:00
4663,Tim,Stewart,1982-06-12,44,2017-12-30,102,A,PREMIER,12,273 Salazar Drives Apt. 112,East Rhondaville,MA,07503,4,4.0,Y,Y,Y,Y,117307.38,15000.0,3.06,2026-06-29 19:53:58.123537+00:00
4671,Gabriel,Poole,1990-04-23,36,2014-09-29,141,A,DIGITAL,471,3935 Christopher Springs,Michaelburgh,UT,11786,3,3.0,Y,Y,Y,N,24920.6,25000.0,17.15,2026-06-29 19:53:58.123537+00:00
4679,Richard,Madden,1989-03-31,37,2016-02-26,124,A,WEALTH,95,030 Summers Square Apt. 359,Haynestown,SD,71403,4,2.0,Y,Y,Y,Y,96738.84,10000.0,59.22,2026-06-29 19:53:58.123537+00:00
4701,Jason,Foster,1945-11-13,81,2016-02-14,124,A,SMALL_BIZ,181,171 Bass Locks Suite 394,New Michael,GA,20852,1,1.0,N,Y,N,N,63117.78,0.0,0.0,2026-06-29 19:53:58.123537+00:00
4711,Ann,Mcdowell,1980-07-16,46,2018-01-09,101,A,DIGITAL,139,3159 Little Rest Suite 748,Port Madelineville,AK,25599,4,4.0,Y,Y,Y,Y,148129.53,10000.0,19.22,2026-06-29 19:53:58.123537+00:00
4714,Douglas,Alexander,1997-12-10,29,2012-04-03,170,A,DIGITAL,98,327 Turner Mountain,Townsendton,FL,20806,2,2.0,Y,N,N,Y,25760.84,0.0,0.0,2026-06-29 19:53:58.123537+00:00
4728,Barbara,Wood,1997-04-29,29,2018-02-18,100,I,MASS,325,51080 Moore Viaduct Apt. 593,Markstad,ME,34162,4,4.0,Y,Y,Y,Y,134095.31,25000.0,54.68,2026-06-29 19:53:58.123537+00:00
4752,Katie,Gray,1977-12-26,49,2017-10-13,104,A,WEALTH,321,113 Vincent Roads,Santanaborough,MN,16369,4,4.0,Y,Y,Y,Y,168176.24,2000.0,25.85,2026-06-29 19:53:58.123537+00:00
4771,Tammy,Shaffer,2001-01-01,25,2011-10-22,176,A,WEALTH,329,8597 Williams Garden Suite 389,Rodneystad,TX,02988,2,2.0,Y,N,N,Y,63570.7,0.0,0.0,2026-06-29 19:53:58.123537+00:00
4793,Keith,Baker,1961-06-29,65,2013-08-22,154,A,WEALTH,15,350 Suzanne Trace,Port Scottfurt,WV,57794,4,3.0,Y,Y,Y,Y,123234.31,25000.0,52.94,2026-06-29 19:53:58.123537+00:00
4806,Blake,Hicks,1977-09-15,49,2017-03-03,111,A,SMALL_BIZ,439,085 Derek View,Smithburgh,KY,92607,2,2.0,Y,Y,N,N,19145.29,0.0,0.0,2026-06-29 19:53:58.123537+00:00
4807,Tyler,Lopez,2000-10-04,26,2021-04-06,62,A,STUDENT,55,52194 Butler Plains Apt. 328,North Christopher,NM,47698,3,2.0,N,Y,Y,Y,87516.13,25000.0,80.18,2026-06-29 19:53:58.123537+00:00
4811,Jonathan,Sanchez,1973-03-31,53,2011-08-02,178,A,PREMIER,189,037 Mayer Gardens,New Victor,TN,66177,1,1.0,Y,N,N,N,65615.21,0.0,0.0,2026-06-29 19:53:58.123537+00:00
4820,Steven,Cardenas,1973-01-01,53,2012-08-31,166,A,MASS,12,15675 Christy Mill,Christopherburgh,TX,86719,1,1.0,N,Y,N,N,58160.68,0.0,0.0,2026-06-29 19:53:58.123537+00:00
4824,Amanda,Nielsen,1948-11-21,78,2025-09-27,9,A,WEALTH,212,269 Sellers Fork Apt. 794,Johnsonburgh,DE,07497,4,4.0,Y,Y,Y,Y,127097.89,15000.0,80.24,2026-06-29 19:53:58.123537+00:00
4838,Tammy,Ortiz,1952-01-22,74,2014-10-31,140,A,MASS,240,853 Monica Row Apt. 808,Codymouth,FM,33303,3,3.0,Y,N,Y,Y,55130.46,2000.0,58.16,2026-06-29 19:53:58.123537+00:00
4847,Melissa,Cruz,1943-01-16,83,2025-09-26,9,I,PREMIER,422,633 Knight Key,Port Michaela,IA,46238,2,2.0,Y,Y,N,N,76960.91,0.0,0.0,2026-06-29 19:53:58.123537+00:00
4848,Lori,Taylor,1991-12-09,35,2020-11-08,67,A,STUDENT,279,06343 Sanchez Forges Apt. 205,Kerrfurt,GU,15765,1,1.0,N,N,Y,N,9530.3,10000.0,95.3,2026-06-29 19:53:58.123537+00:00
4865,Nicole,Le,1945-06-01,81,2013-07-19,155,A,SMALL_BIZ,37,44796 Howard Mount Apt. 358,Patriciaberg,WV,23760,3,3.0,Y,N,Y,Y,7504.45,5000.0,43.02,2026-06-29 19:53:58.123537+00:00
4868,Tammy,Hernandez,1981-06-15,45,2022-12-07,42,A,SMALL_BIZ,306,84524 David Center,New Lancemouth,AK,14908,1,1.0,N,N,Y,N,1091.18,25000.0,4.36,2026-06-29 19:53:58.123537+00:00
4872,Jeffrey,Forbes,1962-05-14,64,2025-09-05,9,A,SMALL_BIZ,252,12276 Little Grove Suite 728,Danielmouth,NH,43589,3,2.0,Y,N,Y,Y,73915.91,2000.0,91.08,2026-06-29 19:53:58.123537+00:00
4884,Karen,Walker,1974-11-03,52,2017-11-23,103,A,PREMIER,351,8469 Kenneth Courts Apt. 779,Jerrymouth,VI,03955,3,3.0,Y,Y,Y,N,30744.09,10000.0,68.58,2026-06-29 19:53:58.123537+00:00
4889,Adam,Porter,1983-03-02,43,2016-06-15,120,A,WEALTH,90,301 Chandler Crest,Blaketon,NM,68081,3,3.0,N,Y,Y,Y,92383.28,10000.0,87.13,2026-06-29 19:53:58.123537+00:00
4897,Stephanie,Howell,1950-03-15,76,2026-03-01,3,A,PREMIER,85,1082 Williams Corner Suite 982,Smithmouth,SC,48312,4,3.0,Y,Y,Y,Y,188413.72,2000.0,50.36,2026-06-29 19:53:58.123537+00:00
4917,Diana,Ramirez,2000-04-29,26,2016-02-17,124,A,DIGITAL,164,59718 Brewer Shoal,East Tracyburgh,PR,82556,1,1.0,N,N,N,Y,30206.34,0.0,0.0,2026-06-29 19:53:58.123537+00:00
4919,Julie,Rice,1968-05-21,58,2016-02-17,124,A,WEALTH,246,7299 Moore Mount Suite 578,Port Michael,GU,08991,3,3.0,N,Y,Y,Y,68111.37,5000.0,6.65,2026-06-29 19:53:58.123537+00:00
4937,Daniel,Johnson,1972-11-04,54,2025-08-05,10,I,SMALL_BIZ,21,1895 Hill Mission Apt. 665,Cassidyview,GA,76673,4,4.0,Y,Y,Y,Y,158269.08,25000.0,80.66,2026-06-29 19:53:58.123537+00:00
4948,Carrie,Hines,1944-01-16,82,2026-04-23,2,A,DIGITAL,423,8870 Melissa Junctions Suite 072,Nicoleton,VA,36131,2,1.0,N,Y,N,Y,118199.76,0.0,0.0,2026-06-29 19:53:58.123537+00:00
4952,Kaitlyn,Rich,2002-10-03,24,2016-12-06,114,A,DIGITAL,352,14858 Banks Cliffs Suite 464,Kaitlynchester,AL,91226,4,4.0,Y,Y,Y,Y,69746.45,5000.0,98.17,2026-06-29 19:53:58.123537+00:00
4961,Jeremy,Hernandez,1996-01-12,30,2016-03-18,123,A,STUDENT,37,4271 Nguyen Hills,Levyside,AS,91456,1,0.0,Y,N,N,N,56843.7,0.0,0.0,2026-06-29 19:53:58.123537+00:00
4964,Elizabeth,Walls,1989-04-03,37,2015-02-23,136,A,WEALTH,233,754 Jennifer Shoals,Janetfort,FL,62983,1,0.0,N,N,Y,N,16933.16,25000.0,67.73,2026-06-29 19:53:58.123537+00:00
4972,Tyler,Garcia,1981-03-04,45,2022-11-26,43,I,DIGITAL,402,3630 Webb Ridges,East Cory,NY,91228,1,1.0,N,N,N,Y,34136.71,0.0,0.0,2026-06-29 19:53:58.123537+00:00
4974,Steven,Perez,1992-07-28,34,2023-08-10,34,A,PREMIER,58,4810 Ricardo Inlet Suite 602,Wrightborough,OH,97482,3,2.0,Y,N,Y,Y,76534.3,15000.0,87.76,2026-06-29 19:53:58.123537+00:00
4980,Timothy,Sharp,2008-02-24,18,2022-09-20,45,A,STUDENT,316,944 Elizabeth Gardens Apt. 269,Port Williamfurt,KY,72372,4,4.0,Y,Y,Y,Y,136980.04,25000.0,70.39,2026-06-29 19:53:58.123537+00:00
4982,Scott,Nicholson,1942-07-24,84,2014-04-05,146,A,WEALTH,64,3506 Brooks Crescent Suite 517,Richardview,MN,96342,3,3.0,Y,N,Y,Y,62663.93,25000.0,64.15,2026-06-29 19:53:58.123537+00:00
4995,Kimberly,Green,1987-12-25,39,2023-02-17,40,A,STUDENT,106,728 Melody Curve,Owensland,WY,83542,1,1.0,N,N,Y,N,1780.31,5000.0,35.61,2026-06-29 19:53:58.123537+00:00
4999,James,Douglas,1958-09-26,68,2011-08-16,178,A,MASS,128,9530 Mendez Island Apt. 526,Pottsshire,NJ,93204,1,1.0,Y,N,N,N,37669.13,0.0,0.0,2026-06-29 19:53:58.123537+00:00
22,Whitney,Hicks,1968-04-01,58,2014-10-06,140,A,STUDENT,326,93808 Justin Station,East Maryburgh,DE,50365,4,4.0,Y,Y,Y,Y,46065.53,2000.0,61.69,2026-06-29 19:53:58.123537+00:00
26,Erin,Herrera,1942-04-05,84,2022-03-30,51,A,DIGITAL,421,764 Rivas Junction,West Mark,MH,01520,3,2.0,Y,N,Y,Y,84551.6,2000.0,69.74,2026-06-29 19:53:58.123537+00:00
79,Kimberly,Henson,1958-03-18,68,2013-01-09,161,A,DIGITAL,443,546 Francis Garden,Port Michaelhaven,NE,70467,2,1.0,Y,Y,N,N,76085.48,0.0,0.0,2026-06-29 19:53:58.123537+00:00
88,Tina,Herrera,1984-06-20,42,2017-06-14,108,A,PREMIER,436,03606 Burns Orchard,New Monicaburgh,KY,78763,2,2.0,Y,Y,N,N,136214.97,0.0,0.0,2026-06-29 19:53:58.123537+00:00
96,Kyle,Ortiz,1989-09-18,37,2015-12-21,126,A,WEALTH,162,35630 Rebecca Estate,South Thomas,MD,88022,4,4.0,Y,Y,Y,Y,178915.57,25000.0,94.96,2026-06-29 19:53:58.123537+00:00
100,Diana,Marshall,1970-04-17,56,2020-02-22,76,A,DIGITAL,190,10848 Miller Light Suite 002,Macdonaldport,MT,77982,1,1.0,N,Y,N,N,49799.62,0.0,0.0,2026-06-29 19:53:58.123537+00:00
101,Thomas,Santana,1971-02-12,55,2014-09-05,141,A,WEALTH,427,6788 Flores Mountains,Port Maria,PW,10482,1,0.0,N,N,Y,N,2469.52,15000.0,16.46,2026-06-29 19:53:58.123537+00:00
107,Diana,Smith,1974-08-12,52,2015-02-17,136,A,SMALL_BIZ,176,414 Rios Village Apt. 908,Lisamouth,AR,99322,3,3.0,Y,Y,Y,N,47715.55,10000.0,88.58,2026-06-29 19:53:58.123537+00:00
122,Robert,Adkins,1998-09-02,28,2025-09-18,9,I,WEALTH,411,72990 Clark Plaza Apt. 767,Taylorburgh,PR,57963,1,1.0,N,N,Y,N,1023.2,5000.0,20.46,2026-06-29 19:53:58.123537+00:00
124,Matthew,Shelton,1970-09-10,56,2011-12-04,174,A,WEALTH,447,036 Peter Coves,Jenniferstad,AZ,87417,4,4.0,Y,Y,Y,Y,51043.09,2000.0,63.09,2026-06-29 19:53:58.123537+00:00
134,Holly,Wang,1979-04-11,47,2014-09-28,141,A,SMALL_BIZ,403,2812 Knight Way Apt. 620,Meyersview,RI,67249,4,2.0,Y,Y,Y,Y,92358.65,5000.0,36.13,2026-06-29 19:53:58.123537+00:00
142,Daniel,Yu,1998-05-30,28,2023-10-04,32,A,MASS,342,260 Dawn Mission Suite 795,East Michelle,WA,37529,2,2.0,Y,Y,N,N,73681.5,0.0,0.0,2026-06-29 19:53:58.123537+00:00
149,Matthew,Beard,1955-09-14,71,2023-05-24,37,A,STUDENT,243,08100 Julia Fall,Contreraston,MO,24382,3,3.0,Y,N,Y,Y,23864.05,25000.0,27.19,2026-06-29 19:53:58.123537+00:00
158,Tiffany,Warren,1973-12-06,53,2022-04-20,50,A,WEALTH,125,51640 Dixon Ways,Port Kevinhaven,CT,12350,3,3.0,Y,Y,N,Y,61856.23,0.0,0.0,2026-06-29 19:53:58.123537+00:00
215,Corey,Schultz,1991-07-11,35,2017-12-18,102,A,MASS,452,48223 Dawn Hill Apt. 116,Richardbury,NC,78829,4,4.0,Y,Y,Y,Y,93371.36,5000.0,11.56,2026-06-29 19:53:58.123537+00:00
220,Douglas,Murray,1957-08-17,69,2025-02-09,16,I,STUDENT,6,1611 Hensley Camp,Thompsonfort,NY,85184,3,3.0,Y,Y,Y,N,95570.95,15000.0,12.88,2026-06-29 19:53:58.123537+00:00
222,Eric,Alexander,2001-11-14,25,2021-08-07,58,A,WEALTH,285,223 Stephanie Ferry,Peterfort,DC,45880,2,1.0,Y,N,N,Y,37771.65,0.0,0.0,2026-06-29 19:53:58.123537+00:00
228,Tyler,Strong,1944-10-11,82,2020-07-15,71,A,WEALTH,382,037 Rollins Mill,New David,IN,27877,4,4.0,Y,Y,Y,Y,40514.79,10000.0,44.78,2026-06-29 19:53:58.123537+00:00
234,Amber,Mata,1953-04-05,73,2013-06-18,156,A,MASS,371,7912 Lisa Estate,New Michaelside,GU,87196,4,3.0,Y,Y,Y,Y,80023.58,2000.0,5.76,2026-06-29 19:53:58.123537+00:00
246,Derek,Chavez,1948-01-02,78,2024-09-22,21,I,DIGITAL,77,7676 Benson Locks Apt. 919,New Jakestad,GA,50380,1,1.0,Y,N,N,N,77625.91,0.0,0.0,2026-06-29 19:53:58.123537+00:00
253,Elizabeth,May,1998-04-23,28,2018-04-10,98,I,DIGITAL,321,07961 Kelly Neck Suite 784,West Travis,MT,38240,4,4.0,Y,Y,Y,Y,76610.52,5000.0,98.12,2026-06-29 19:53:58.123537+00:00
261,Julie,Alvarez,1991-03-09,35,2019-05-04,85,A,WEALTH,59,779 Jessica Shores Suite 912,Ramoshaven,NM,63432,1,1.0,Y,N,N,N,69237.05,0.0,0.0,2026-06-29 19:53:58.123537+00:00
264,Tamara,Brown,1976-06-05,50,2018-04-28,98,A,STUDENT,384,37026 Kim Courts Suite 963,Louisland,OR,27962,4,4.0,Y,Y,Y,Y,112005.25,2000.0,32.73,2026-06-29 19:53:58.123537+00:00
270,Jennifer,Lewis,1985-02-06,41,2022-12-18,42,A,DIGITAL,493,865 Jose Street Suite 144,New Teresa,KS,19499,4,3.0,Y,Y,Y,Y,146072.0,2000.0,39.65,2026-06-29 19:53:58.123537+00:00
277,Jennifer,Schmitt,1991-10-05,35,2024-06-10,24,A,MASS,211,57016 Jennifer Street,Higginsmouth,AR,30186,2,2.0,N,Y,N,Y,102170.62,0.0,0.0,2026-06-29 19:53:58.123537+00:00
279,Daniel,Bruce,1985-06-28,41,2014-11-01,139,A,WEALTH,46,06658 Robertson Garden,North Katherine,KY,56939,3,3.0,Y,Y,N,Y,128989.19,0.0,0.0,2026-06-29 19:53:58.123537+00:00
292,Randall,Greene,1986-03-10,40,2012-03-02,171,A,STUDENT,362,86210 Franco Lodge Suite 828,South Amyshire,MS,01978,1,1.0,N,N,N,Y,43177.09,0.0,0.0,2026-06-29 19:53:58.123537+00:00
301,Brianna,Warren,1998-01-26,28,2015-02-13,136,A,MASS,171,92389 Taylor Knolls,Rodneyhaven,WA,55717,2,2.0,N,N,Y,Y,45753.39,5000.0,38.84,2026-06-29 19:53:58.123537+00:00
303,Daniel,Hicks,1952-10-03,74,2019-02-08,88,A,SMALL_BIZ,123,614 Ashley Walks,North Brandonville,NE,51911,4,3.0,Y,Y,Y,Y,154682.26,5000.0,12.65,2026-06-29 19:53:58.123537+00:00
323,Donald,Bailey,1963-10-29,63,2020-03-08,75,A,MASS,184,438 Anderson Shoals,South Markborough,VA,13218,3,3.0,Y,N,Y,Y,78619.33,2000.0,46.27,2026-06-29 19:53:58.123537+00:00
332,Nicholas,Martin,1992-10-31,34,2013-06-12,156,A,WEALTH,484,627 Knapp Ferry Apt. 009,Brownmouth,KS,64480,1,1.0,N,Y,N,N,79234.09,0.0,0.0,2026-06-29 19:53:58.123537+00:00
335,Kaitlyn,Cole,1971-04-02,55,2015-09-28,129,A,WEALTH,437,046 Campbell Greens Apt. 581,Coreybury,RI,33919,1,1.0,Y,N,N,N,31521.57,0.0,0.0,2026-06-29 19:53:58.123537+00:00
347,Maria,Horton,1950-09-17,76,2015-10-09,128,A,PREMIER,466,82898 Lauren Squares Apt. 396,Shawnstad,PR,26093,2,2.0,N,Y,N,Y,58556.13,0.0,0.0,2026-06-29 19:53:58.123537+00:00
353,John,Thomas,1942-08-05,84,2019-03-07,87,A,WEALTH,494,3831 Gabriella Parkways Apt. 438,Hollyton,WI,78000,2,1.0,N,Y,Y,N,38457.29,25000.0,55.06,2026-06-29 19:53:58.123537+00:00
354,John,Butler,1970-04-01,56,2020-08-30,70,A,DIGITAL,441,26597 Hughes Forge,East Ginaville,DC,09959,4,3.0,Y,Y,Y,Y,122961.49,10000.0,91.72,2026-06-29 19:53:58.123537+00:00
377,Carlos,Osborne,1993-11-02,33,2012-01-04,173,I,PREMIER,403,919 Mark Lodge,Feliciaville,KS,08744,2,1.0,Y,N,Y,N,27374.68,10000.0,84.83,2026-06-29 19:53:58.123537+00:00
385,Christopher,Fleming,2001-09-13,25,2018-02-17,100,A,PREMIER,184,0287 Harper Bridge Suite 264,North Matthewtown,IA,77526,3,3.0,Y,Y,Y,N,118611.83,5000.0,94.1,2026-06-29 19:53:58.123537+00:00
400,Wayne,Jackson,1961-10-12,65,2019-06-13,84,A,MASS,233,94431 Christopher Flat,Victoriamouth,MA,58110,2,2.0,Y,N,Y,N,28808.84,5000.0,22.66,2026-06-29 19:53:58.123537+00:00
401,Donna,Le,2004-07-30,22,2013-10-16,152,A,PREMIER,407,72566 Anderson Gateway,South Daniellechester,MI,59056,1,0.0,Y,N,N,N,43873.78,0.0,0.0,2026-06-29 19:53:58.123537+00:00
405,Keith,Frye,1974-11-10,52,2020-11-05,67,A,WEALTH,374,7427 Shawn Lake Suite 452,Castroland,AR,79349,1,1.0,Y,N,N,N,60227.7,0.0,0.0,2026-06-29 19:53:58.123537+00:00
415,Sierra,Wagner,1962-03-01,64,2011-11-02,175,A,DIGITAL,80,56286 Tyler Pass Apt. 384,Popeland,IA,97359,2,2.0,Y,N,Y,N,75285.79,5000.0,57.16,2026-06-29 19:53:58.123537+00:00
418,Ryan,Khan,1977-06-13,49,2024-02-17,28,A,STUDENT,116,95078 Sanchez Walk,Gabrielleshire,AK,05474,1,1.0,Y,N,N,N,50212.2,0.0,0.0,2026-06-29 19:53:58.123537+00:00
432,Becky,Griffith,1993-12-11,33,2023-01-26,41,A,PREMIER,177,766 Roberta Crossroad,West Edwinchester,NJ,26974,3,3.0,N,Y,Y,Y,91596.53,2000.0,30.18,2026-06-29 19:53:58.123537+00:00
436,Robert,Hampton,1951-08-21,75,2021-10-16,56,A,PREMIER,105,507 Michael Trafficway,New Chelseafurt,VA,87982,3,3.0,Y,Y,N,Y,73205.83,0.0,0.0,2026-06-29 19:53:58.123537+00:00
450,John,Santiago,1982-09-28,44,2020-03-30,75,A,WEALTH,302,272 Marie Square,Melindaberg,TN,73718,3,2.0,Y,Y,N,Y,87875.29,0.0,0.0,2026-06-29 19:53:58.123537+00:00
484,Bryce,Mcknight,1944-07-11,82,2016-08-18,118,A,MASS,287,94587 Hudson Circle,West Lindsey,NJ,17423,1,1.0,N,Y,N,N,55970.36,0.0,0.0,2026-06-29 19:53:58.123537+00:00
494,Lisa,Barnes,1990-01-25,36,2013-03-04,159,A,DIGITAL,426,240 Ball Bypass Suite 925,Port Jimmy,AZ,13494,2,2.0,N,Y,N,Y,94214.29,0.0,0.0,2026-06-29 19:53:58.123537+00:00
517,William,Crawford,1965-07-24,61,2015-05-24,133,A,PREMIER,132,8517 Heather Springs Suite 773,Port Paulview,VI,51752,4,3.0,Y,Y,Y,Y,99673.15,25000.0,59.56,2026-06-29 19:53:58.123537+00:00
520,Jose,Donovan,1956-04-25,70,2013-09-01,153,A,DIGITAL,155,422 Melissa Greens Suite 054,Troyfurt,MI,66604,2,2.0,Y,N,Y,N,15202.06,25000.0,46.28,2026-06-29 19:53:58.123537+00:00
543,Rachel,Elliott,1946-06-22,80,2025-04-19,14,A,MASS,183,8398 James Burg Apt. 773,East Brettside,WY,73241,1,1.0,N,N,N,Y,13127.24,0.0,0.0,2026-06-29 19:53:58.123537+00:00
550,Stephanie,Sanders,1964-04-23,62,2022-12-18,42,A,STUDENT,151,522 Timothy Crossroad,Donaldhaven,NJ,84794,1,1.0,N,Y,N,N,11107.97,0.0,0.0,2026-06-29 19:53:58.123537+00:00
556,Kyle,Ward,1948-08-18,78,2011-07-27,179,A,PREMIER,344,5052 Brandon Circles Apt. 704,East Stephanie,MN,75201,3,3.0,Y,N,Y,Y,90663.45,15000.0,21.62,2026-06-29 19:53:58.123537+00:00
563,Robert,Washington,1945-09-24,81,2017-12-22,102,A,WEALTH,391,4557 Walsh Burgs,Burketon,NJ,58430,1,1.0,N,Y,N,N,21263.05,0.0,0.0,2026-06-29 19:53:58.123537+00:00
606,Leonard,Hayes,1974-04-19,52,2013-08-01,154,A,SMALL_BIZ,441,77334 Savannah Station Apt. 718,Port Theresa,SC,70141,1,1.0,N,N,N,Y,53162.26,0.0,0.0,2026-06-29 19:53:58.123537+00:00
624,Michelle,Martinez,2003-01-18,23,2026-04-19,2,A,MASS,284,09018 Tyler Hollow,Wrightland,DE,10929,4,3.0,Y,Y,Y,Y,69777.42,15000.0,53.16,2026-06-29 19:53:58.123537+00:00
626,Tracy,Ray,1992-07-05,34,2021-07-30,59,A,STUDENT,349,82865 Hudson Village Suite 872,Markstad,ME,16155,2,2.0,Y,N,N,Y,72089.37,0.0,0.0,2026-06-29 19:53:58.123537+00:00
639,Nathan,Mckee,1985-05-07,41,2015-03-24,135,A,MASS,345,08212 Smith Villages Suite 645,South Edwin,OK,17261,4,3.0,Y,Y,Y,Y,143383.79,15000.0,54.64,2026-06-29 19:53:58.123537+00:00
667,Christopher,Hamilton,1998-03-15,28,2012-05-09,169,A,PREMIER,316,94103 Snyder Pines Apt. 693,Lake Jessica,WI,95278,3,3.0,Y,N,Y,Y,109230.63,25000.0,48.31,2026-06-29 19:53:58.123537+00:00
673,Caleb,Joseph,1995-07-26,31,2015-07-20,131,A,WEALTH,335,182 Bass Greens,West Heatherstad,RI,43582,1,1.0,N,N,N,Y,10957.61,0.0,0.0,2026-06-29 19:53:58.123537+00:00
675,Michael,Scott,1974-12-18,52,2019-12-12,78,A,MASS,147,4822 Spencer Parks Apt. 900,Cherylbury,AZ,91985,3,3.0,Y,Y,Y,N,53388.3,5000.0,24.57,2026-06-29 19:53:58.123537+00:00
699,Frank,Owens,1980-08-31,46,2013-10-22,152,A,SMALL_BIZ,395,927 Ashley Parkways,New Mary,CT,80501,2,2.0,Y,N,N,Y,104206.96,0.0,0.0,2026-06-29 19:53:58.123537+00:00
708,Nathan,Mccoy,1950-04-01,76,2023-10-12,32,A,PREMIER,425,1084 Brenda Crossing Apt. 820,East Emilyview,AZ,82063,3,3.0,Y,Y,N,Y,25938.98,0.0,0.0,2026-06-29 19:53:58.123537+00:00
715,Christine,Sanchez,2000-09-05,26,2012-01-03,173,A,STUDENT,237,13424 Kelly Road,Martinezhaven,OK,63723,1,1.0,N,N,N,Y,39378.99,0.0,0.0,2026-06-29 19:53:58.123537+00:00
722,Victoria,Moreno,1993-08-26,33,2012-05-13,169,A,MASS,457,1002 Stewart Trail,Nelsonmouth,SD,77510,4,3.0,Y,Y,Y,Y,61240.72,10000.0,26.93,2026-06-29 19:53:58.123537+00:00
728,Jackie,Meza,2002-09-23,24,2011-11-29,175,A,WEALTH,273,1329 Smith Freeway Suite 724,Powellborough,PA,72686,3,3.0,Y,Y,N,Y,147970.27,0.0,0.0,2026-06-29 19:53:58.123537+00:00
731,Jeffery,Fox,1947-07-16,79,2014-12-17,138,A,PREMIER,415,64996 Jennifer Oval Suite 997,Thomasburgh,FL,91941,3,3.0,N,Y,Y,Y,22861.66,25000.0,12.88,2026-06-29 19:53:58.123537+00:00
744,Donald,Mcgee,1979-05-20,47,2025-06-19,12,A,PREMIER,498,77381 Stacy Turnpike,North Cheryl,ND,32399,2,2.0,N,N,Y,Y,46363.06,25000.0,59.76,2026-06-29 19:53:58.123537+00:00
745,Gary,Mcclure,1957-06-08,69,2026-02-22,4,A,STUDENT,164,668 Julie Isle Apt. 005,Samanthaborough,ND,15684,1,1.0,N,Y,N,N,23510.73,0.0,0.0,2026-06-29 19:53:58.123537+00:00
747,John,Jones,1971-06-01,55,2015-06-13,132,A,DIGITAL,387,1446 Davis Ranch,Johnnymouth,CO,05158,2,2.0,Y,N,Y,N,7019.08,2000.0,69.18,2026-06-29 19:53:58.123537+00:00
751,Gloria,Martin,1999-05-20,27,2021-03-15,63,A,DIGITAL,199,4073 Hernandez Road Suite 175,Petersonfort,OR,75439,3,2.0,Y,N,Y,Y,58859.27,5000.0,76.72,2026-06-29 19:53:58.123537+00:00
754,Rachael,Davis,1990-07-14,36,2019-08-26,82,A,STUDENT,371,9146 Noah Hills Apt. 573,South Ronald,NC,35907,2,2.0,Y,Y,N,N,98217.99,0.0,0.0,2026-06-29 19:53:58.123537+00:00
760,Ronald,Phillips,1951-10-13,75,2016-11-15,115,A,SMALL_BIZ,310,45135 Phillips Manor Apt. 600,Mooreview,FM,01952,3,2.0,N,Y,Y,Y,63300.46,10000.0,48.02,2026-06-29 19:53:58.123537+00:00
770,Thomas,Miller,1973-04-21,53,2024-08-23,22,I,MASS,79,801 Danielle Trace Apt. 326,Jacobburgh,VT,90434,3,3.0,Y,N,Y,Y,96569.14,2000.0,55.74,2026-06-29 19:53:58.123537+00:00
779,Robert,Hernandez,1976-07-02,50,2017-10-01,104,A,PREMIER,363,429 Stout Tunnel Suite 412,Port Robert,NV,18281,4,4.0,Y,Y,Y,Y,59782.12,2000.0,56.37,2026-06-29 19:53:58.123537+00:00
782,Patrick,Washington,1964-07-12,62,2017-08-14,106,A,SMALL_BIZ,250,59117 Banks Freeway Apt. 702,Paulabury,NM,78955,1,1.0,Y,N,N,N,19734.66,0.0,0.0,2026-06-29 19:53:58.123537+00:00
783,Joshua,Thomas,1982-04-16,44,2012-01-19,173,A,STUDENT,283,43775 White Land Apt. 717,North Gail,MD,30702,4,4.0,Y,Y,Y,Y,106853.48,25000.0,14.94,2026-06-29 19:53:58.123537+00:00
784,Benjamin,Preston,1982-04-09,44,2021-11-02,55,A,PREMIER,272,32569 Nelson Track,Sabrinaland,ID,31419,1,1.0,N,N,Y,N,6900.44,10000.0,69.0,2026-06-29 19:53:58.123537+00:00
788,Terri,Ramos,1999-09-15,27,2013-06-30,156,A,DIGITAL,124,27034 Johnny Way Apt. 526,Harrischester,ME,22407,2,2.0,N,Y,N,Y,134331.11,0.0,0.0,2026-06-29 19:53:58.123537+00:00
796,David,Johnson,1975-05-02,51,2020-12-20,66,I,WEALTH,331,842 Brittany Lights,Murphyport,KS,90455,3,2.0,Y,Y,Y,N,106726.68,25000.0,70.22,2026-06-29 19:53:58.123537+00:00
820,Matthew,Davis,1953-10-03,73,2021-08-18,58,A,PREMIER,68,47863 Pittman Terrace Apt. 362,Sextonbury,AR,66240,3,3.0,Y,Y,Y,N,27099.98,10000.0,99.34,2026-06-29 19:53:58.123537+00:00
821,Kurt,French,1965-04-18,61,2022-08-05,46,A,WEALTH,230,45446 Lara Gateway,Port Bryan,WA,06005,2,1.0,N,N,Y,Y,78160.83,25000.0,87.38,2026-06-29 19:53:58.123537+00:00
843,Virginia,Stanley,1977-04-26,49,2012-03-19,171,A,STUDENT,280,33854 Sean Mews,Youngstad,OH,45439,1,1.0,N,N,N,Y,52822.15,0.0,0.0,2026-06-29 19:53:58.123537+00:00
852,Aaron,Powers,2004-01-04,22,2016-06-03,120,A,MASS,360,5068 Murray Meadow Apt. 273,South Andrewstad,AR,20650,4,3.0,Y,Y,Y,Y,69680.95,2000.0,44.2,2026-06-29 19:53:58.123537+00:00
859,Michael,Kim,1985-12-07,41,2014-01-13,149,A,WEALTH,192,95661 Lori Wall Apt. 892,Lake Andrefort,MD,66385,2,2.0,Y,N,Y,N,10526.83,2000.0,13.44,2026-06-29 19:53:58.123537+00:00
864,Robert,Garza,2004-08-20,22,2013-11-13,151,A,MASS,160,81816 Miller Overpass,Wadeville,AL,30111,3,3.0,Y,Y,N,Y,139455.26,0.0,0.0,2026-06-29 19:53:58.123537+00:00
874,Melinda,Christian,1984-08-06,42,2013-10-31,152,A,WEALTH,15,906 Jacob Shore,West Joycebury,WI,40682,3,3.0,Y,N,Y,Y,65717.15,10000.0,91.55,2026-06-29 19:53:58.123537+00:00
875,Travis,Allen,1999-09-28,27,2012-08-09,166,A,WEALTH,304,747 Danielle Heights,Freemanville,VT,58152,1,0.0,Y,N,N,N,24860.49,0.0,0.0,2026-06-29 19:53:58.123537+00:00
877,Stephen,Solis,1968-07-05,58,2014-12-30,138,A,MASS,386,15667 Bryan Way,New Stevenmouth,DE,01452,2,2.0,Y,Y,N,N,147449.6,0.0,0.0,2026-06-29 19:53:58.123537+00:00
882,Michael,Brown,1986-06-24,40,2025-09-01,9,A,STUDENT,199,50191 Diaz Locks Suite 706,Austinfort,NM,66990,2,2.0,N,N,Y,Y,55731.17,25000.0,43.0,2026-06-29 19:53:58.123537+00:00
891,Kelsey,Hayes,1997-08-07,29,2020-04-10,74,A,STUDENT,86,54145 Sarah Tunnel,Pughside,KY,62998,1,1.0,Y,N,N,N,31188.94,0.0,0.0,2026-06-29 19:53:58.123537+00:00
893,Savannah,Roberson,1977-01-09,49,2012-03-19,171,I,STUDENT,28,5253 Beth Roads,West Kent,KY,87369,4,2.0,Y,Y,Y,Y,176628.67,25000.0,89.62,2026-06-29 19:53:58.123537+00:00
896,William,Cruz,1981-09-22,45,2024-08-28,22,A,WEALTH,351,1494 Martin Path Suite 926,West Georgehaven,VI,99646,3,2.0,Y,Y,N,Y,119907.29,0.0,0.0,2026-06-29 19:53:58.123537+00:00
897,Kathryn,Hill,2007-02-12,19,2025-02-25,16,A,SMALL_BIZ,431,56820 William Brooks,Davidsontown,PA,66238,4,4.0,Y,Y,Y,Y,54770.53,25000.0,41.0,2026-06-29 19:53:58.123537+00:00
902,Tina,Santos,1964-08-16,62,2021-07-09,59,A,STUDENT,262,737 Heidi Ridges Apt. 125,Hunterhaven,UT,27208,1,1.0,N,N,Y,N,16361.32,25000.0,65.45,2026-06-29 19:53:58.123537+00:00
918,Gregory,Fleming,2006-02-05,20,2015-11-17,127,I,WEALTH,471,16538 Velasquez Valleys Apt. 907,Myersfurt,NM,47244,1,1.0,N,N,N,Y,35441.22,0.0,0.0,2026-06-29 19:53:58.123537+00:00
920,David,Silva,1970-03-15,56,2019-10-17,80,A,DIGITAL,75,5077 Ryan Islands,Lake Laurachester,WA,67554,3,3.0,N,Y,Y,Y,89596.86,5000.0,85.17,2026-06-29 19:53:58.123537+00:00
922,Brent,Randolph,1951-10-16,75,2016-04-21,122,A,WEALTH,73,70182 James Trail Apt. 002,Michellebury,AZ,36599,3,3.0,Y,Y,N,Y,86247.37,0.0,0.0,2026-06-29 19:53:58.123537+00:00
930,Susan,Fleming,1982-08-10,44,2020-10-03,68,A,PREMIER,408,6965 Kennedy Locks,Larryshire,MI,78635,3,3.0,Y,N,Y,Y,41943.58,2000.0,12.76,2026-06-29 19:53:58.123537+00:00
939,Stephen,Rivera,1991-07-14,35,2013-10-13,152,A,SMALL_BIZ,466,382 Nicholas Lodge Suite 400,New Sierrafort,NM,29518,1,1.0,N,Y,N,N,33169.5,0.0,0.0,2026-06-29 19:53:58.123537+00:00
943,Christine,Avila,1977-04-28,49,2021-01-22,65,A,PREMIER,203,614 Ryan Turnpike,Lake Sean,NH,84122,3,2.0,Y,Y,N,Y,88822.28,0.0,0.0,2026-06-29 19:53:58.123537+00:00
946,Randall,Guerrero,1992-10-06,34,2018-01-07,101,A,PREMIER,110,404 Katrina Parks Apt. 408,Freemanshire,WV,46280,3,2.0,Y,N,Y,Y,28850.44,2000.0,32.22,2026-06-29 19:53:58.123537+00:00
947,Derek,Myers,1973-03-31,53,2019-06-13,84,A,DIGITAL,304,6992 Brittany Rue,South Crystal,OR,04940,4,4.0,Y,Y,Y,Y,97231.17,2000.0,30.2,2026-06-29 19:53:58.123537+00:00
949,Laura,Daniel,1986-11-13,40,2025-02-16,16,I,SMALL_BIZ,176,427 Henry Ville,Ramirezchester,MA,32221,1,0.0,N,Y,N,N,9249.35,0.0,0.0,2026-06-29 19:53:58.123537+00:00
951,Candice,Medina,1949-09-30,77,2011-07-26,179,A,DIGITAL,197,1011 Brandon Common,Burnettmouth,KS,92286,2,2.0,Y,Y,N,N,41200.49,0.0,0.0,2026-06-29 19:53:58.123537+00:00
963,Dennis,Quinn,1970-09-17,56,2024-01-09,29,A,DIGITAL,284,675 Perkins Mills Suite 157,East Jesse,IN,66238,3,3.0,Y,Y,Y,N,51389.78,15000.0,8.38,2026-06-29 19:53:58.123537+00:00
972,Randy,Shaw,1972-08-16,54,2019-02-08,88,I,MASS,280,4491 Amy Common Apt. 154,South Kimberly,HI,42827,1,1.0,N,N,Y,N,13030.15,15000.0,86.87,2026-06-29 19:53:58.123537+00:00
980,Mary,Baker,1976-06-03,50,2023-11-13,31,A,MASS,41,3728 Nicole Parkway Suite 012,Ninaberg,AR,06154,1,1.0,N,Y,N,N,30185.84,0.0,0.0,2026-06-29 19:53:58.123537+00:00
991,Hector,Mullen,1945-03-28,81,2015-05-06,133,A,SMALL_BIZ,454,834 Hensley Haven Apt. 275,Christopherland,VA,42673,2,2.0,Y,N,Y,N,61837.3,10000.0,95.19,2026-06-29 19:53:58.123537+00:00
1003,Bradley,Moreno,1976-06-19,50,2017-01-06,113,I,SMALL_BIZ,164,22905 Campbell Court Suite 105,Jimenezberg,RI,28878,4,4.0,Y,Y,Y,Y,40401.21,15000.0,68.22,2026-06-29 19:53:58.123537+00:00
1004,Kristine,James,1956-11-12,70,2023-06-17,36,A,STUDENT,191,75204 Webb Canyon Suite 830,Myersmouth,FM,33093,4,3.0,Y,Y,Y,Y,135018.65,10000.0,24.39,2026-06-29 19:53:58.123537+00:00
1016,Evan,Lewis,1971-05-31,55,2021-12-03,54,I,SMALL_BIZ,373,2420 Williams Route Apt. 169,Butlertown,MA,35322,2,1.0,Y,N,N,Y,108290.14,0.0,0.0,2026-06-29 19:53:58.123537+00:00
1021,Christina,Meyer,1967-03-29,59,2026-03-06,3,A,SMALL_BIZ,459,584 Nichols Center Apt. 227,Krausetown,DC,13057,2,2.0,N,N,Y,Y,12517.51,25000.0,30.31,2026-06-29 19:53:58.123537+00:00
1023,James,Sandoval,1984-05-22,42,2018-01-14,101,I,STUDENT,69,08425 Hutchinson Key Suite 237,West Jason,KS,74624,2,2.0,Y,N,Y,N,43609.37,15000.0,61.87,2026-06-29 19:53:58.123537+00:00
1029,Robyn,Bailey,1960-07-20,66,2023-11-14,31,A,PREMIER,484,5158 Eric Forest Apt. 947,Johnsonshire,NE,59151,1,1.0,N,Y,N,N,35527.47,0.0,0.0,2026-06-29 19:53:58.123537+00:00
1030,Catherine,Lee,2006-01-11,20,2015-08-13,130,I,STUDENT,56,612 Cunningham Plaza Apt. 344,West Patrickshire,MP,50892,4,4.0,Y,Y,Y,Y,86474.54,15000.0,29.14,2026-06-29 19:53:58.123537+00:00
1044,Christine,Moore,1955-01-28,71,2015-03-20,135,A,DIGITAL,102,20465 Nguyen Island Suite 636,South James,VT,72837,4,3.0,Y,Y,Y,Y,146987.27,15000.0,47.28,2026-06-29 19:53:58.123537+00:00
1047,Travis,Galloway,1973-10-21,53,2020-10-01,68,A,PREMIER,34,33704 Ware Grove,Lake Andreamouth,AR,95409,3,3.0,Y,Y,N,Y,88295.69,0.0,0.0,2026-06-29 19:53:58.123537+00:00
1049,Jeffrey,Ray,2002-11-11,24,2015-09-03,129,I,PREMIER,483,7619 Mcclure Manor,Lake Jenniferside,CT,66708,3,3.0,N,Y,Y,Y,34714.34,2000.0,24.17,2026-06-29 19:53:58.123537+00:00
1052,Steve,Norris,2006-12-01,20,2021-11-27,55,A,WEALTH,350,4249 Davis Park,Anafort,WA,65960,4,3.0,Y,Y,Y,Y,146182.63,15000.0,62.04,2026-06-29 19:53:58.123537+00:00
1053,Bianca,Nguyen,1942-04-14,84,2014-08-20,142,I,MASS,110,283 Brian Circles,Scottland,PA,12784,2,1.0,N,Y,N,Y,23387.84,0.0,0.0,2026-06-29 19:53:58.123537+00:00
1056,Nathan,Dickerson,1955-08-06,71,2021-12-11,54,A,SMALL_BIZ,152,0849 Barrett Corners,Goodmantown,PW,34482,4,4.0,Y,Y,Y,Y,113183.9,5000.0,68.86,2026-06-29 19:53:58.123537+00:00
1070,Gary,Morton,1983-10-25,43,2013-08-26,154,A,DIGITAL,295,7550 Paula Plaza Apt. 888,South Christophermouth,SD,11674,4,4.0,Y,Y,Y,Y,120625.03,10000.0,13.69,2026-06-29 19:53:58.123537+00:00
1077,Dakota,Brown,1946-11-09,80,2013-12-24,150,A,STUDENT,113,749 Douglas Shore,New Maureen,MT,47770,1,1.0,Y,N,N,N,43412.11,0.0,0.0,2026-06-29 19:53:58.123537+00:00
1078,Anthony,Sanders,2000-05-12,26,2019-09-03,81,A,WEALTH,1,0763 Thomas Spurs,South Keith,WI,26872,1,1.0,N,Y,N,N,42601.08,0.0,0.0,2026-06-29 19:53:58.123537+00:00
1080,Kyle,Wright,1985-05-13,41,2024-09-12,21,I,MASS,31,52160 Kenneth Expressway Suite 409,Port Mary,OR,27178,4,4.0,Y,Y,Y,Y,169453.57,25000.0,67.67,2026-06-29 19:53:58.123537+00:00
1081,David,Roberson,1960-07-13,66,2020-11-01,67,A,STUDENT,361,892 Navarro Circle,East Ryanshire,CO,54552,3,3.0,N,Y,Y,Y,23344.96,2000.0,78.05,2026-06-29 19:53:58.123537+00:00
1092,Ann,Foster,1966-07-11,60,2017-08-19,106,A,STUDENT,17,529 Stevens Ranch Suite 718,Lake Rubenside,AZ,64741,2,1.0,Y,Y,N,N,57090.41,0.0,0.0,2026-06-29 19:53:58.123537+00:00
1100,Jessica,Hall,1959-07-12,67,2022-02-28,52,A,PREMIER,198,97039 Dennis Turnpike Suite 338,Port Anthonyland,KS,88017,4,3.0,Y,Y,Y,Y,64136.13,5000.0,52.56,2026-06-29 19:53:58.123537+00:00
1113,Kristina,Smith,1959-12-28,67,2013-04-10,158,A,DIGITAL,210,168 Nicole Park,East Pamelafort,TX,76596,2,2.0,Y,N,Y,N,14772.4,5000.0,30.56,2026-06-29 19:53:58.123537+00:00
1114,Thomas,Carlson,1944-04-21,82,2023-03-07,39,A,MASS,339,09514 Smith Field Suite 204,East Cynthiaport,AL,37696,1,1.0,N,Y,N,N,64766.05,0.0,0.0,2026-06-29 19:53:58.123537+00:00
1117,Jacqueline,Moody,1945-06-30,81,2021-02-08,64,A,PREMIER,185,3320 Mills Court,Romerostad,ID,11693,3,3.0,Y,Y,Y,N,87511.39,2000.0,11.8,2026-06-29 19:53:58.123537+00:00
1127,Dominique,Ryan,1957-06-28,69,2022-03-31,51,A,MASS,289,2807 Gilmore Hills,Mirandatown,DE,55594,3,3.0,Y,Y,Y,N,108649.27,10000.0,20.42,2026-06-29 19:53:58.123537+00:00
1130,Mary,Anderson,1976-07-18,50,2012-06-26,168,A,STUDENT,117,592 Clark Route,West Virginiahaven,IA,21875,3,3.0,N,Y,Y,Y,79786.0,15000.0,51.63,2026-06-29 19:53:58.123537+00:00
1140,Colleen,White,1976-09-29,50,2015-03-15,135,A,SMALL_BIZ,76,9812 Bradley Mountains,Mooremouth,DE,49058,3,2.0,Y,N,Y,Y,75433.26,25000.0,85.97,2026-06-29 19:53:58.123537+00:00
1147,Katie,Howe,1979-03-22,47,2014-09-06,141,A,PREMIER,289,96399 Washington Fields Suite 881,Randyside,FL,34588,2,2.0,Y,N,Y,N,48004.97,2000.0,57.1,2026-06-29 19:53:58.123537+00:00
1148,Seth,Sanders,1958-07-07,68,2025-11-02,7,A,MASS,445,295 Danny Spring,Patrickland,AZ,25970,4,4.0,Y,Y,Y,Y,62861.26,5000.0,74.49,2026-06-29 19:53:58.123537+00:00
1158,Barbara,Miller,1961-08-13,65,2022-05-24,49,I,MASS,138,2387 Gordon Brooks,North Joycefort,GU,88850,4,3.0,Y,Y,Y,Y,28939.44,10000.0,48.46,2026-06-29 19:53:58.123537+00:00
1159,Michael,Montoya,1945-03-28,81,2022-12-28,42,I,STUDENT,331,2770 Moreno Land Apt. 539,East Rosemouth,PR,40917,3,3.0,N,Y,Y,Y,67427.52,10000.0,82.76,2026-06-29 19:53:58.123537+00:00
1162,Blake,Fernandez,1967-02-12,59,2016-01-14,125,A,STUDENT,406,964 Wolfe Points Suite 254,Linfort,MA,31457,4,4.0,Y,Y,Y,Y,73737.92,5000.0,95.09,2026-06-29 19:53:58.123537+00:00
1167,Warren,Ayala,1968-03-27,58,2012-10-04,164,I,MASS,361,43595 Joe Fork,Lake Sarahstad,PW,35681,4,4.0,Y,Y,Y,Y,90101.6,10000.0,72.37,2026-06-29 19:53:58.123537+00:00
1170,Kimberly,Morris,1957-12-27,69,2012-07-23,167,A,DIGITAL,191,13983 Samantha Camp Apt. 565,Mercadoburgh,TN,27101,3,3.0,N,Y,Y,Y,116534.29,15000.0,23.74,2026-06-29 19:53:58.123537+00:00
1190,Colleen,Young,1964-09-22,62,2016-09-27,117,A,PREMIER,413,55773 Jose Junction Suite 362,East Christopher,SC,28237,3,2.0,N,Y,Y,Y,106127.48,5000.0,59.3,2026-06-29 19:53:58.123537+00:00
1191,Lisa,Garrett,2007-01-12,19,2018-12-20,90,A,SMALL_BIZ,164,77898 Michele Spurs,Arnoldmouth,PW,01924,2,1.0,N,Y,Y,N,73972.04,2000.0,76.01,2026-06-29 19:53:58.123537+00:00
1230,Ariana,Keller,1992-12-18,34,2025-02-05,16,A,DIGITAL,85,9979 Harper Island Suite 756,Nicholaschester,NM,49932,4,4.0,Y,Y,Y,Y,113261.48,15000.0,44.16,2026-06-29 19:53:58.123537+00:00
1233,David,Harris,1983-06-18,43,2013-03-30,159,A,DIGITAL,64,6539 Ray Bypass,West Stephenside,IL,33994,4,4.0,Y,Y,Y,Y,151302.15,25000.0,86.4,2026-06-29 19:53:58.123537+00:00
1242,Kristin,Thompson,1987-10-28,39,2020-05-13,73,A,SMALL_BIZ,267,94856 Paul Lodge Suite 313,Goodmanhaven,MO,32881,4,4.0,Y,Y,Y,Y,136756.92,25000.0,23.72,2026-06-29 19:53:58.123537+00:00
1243,Sarah,Davis,1971-12-31,54,2020-02-16,76,A,WEALTH,426,815 Richardson Road,Smithton,HI,73280,1,1.0,N,N,N,Y,11946.96,0.0,0.0,2026-06-29 19:53:58.123537+00:00
1265,Tara,Ramirez,2000-12-26,26,2016-10-06,116,A,WEALTH,333,9493 Steven Square Suite 578,Johnton,WA,22604,2,2.0,Y,N,N,Y,99071.37,0.0,0.0,2026-06-29 19:53:58.123537+00:00
1270,Kevin,Rodriguez,2005-03-10,21,2014-09-18,141,A,STUDENT,15,641 Allen Mills Apt. 228,Markchester,WY,76451,4,3.0,Y,Y,Y,Y,139969.27,15000.0,4.09,2026-06-29 19:53:58.123537+00:00
1274,Lynn,Hurley,1951-02-03,75,2024-06-30,24,A,SMALL_BIZ,445,8704 Miguel Square Suite 769,Mendozabury,DC,49422,2,2.0,Y,N,Y,N,20128.58,5000.0,23.18,2026-06-29 19:53:58.123537+00:00
1279,Patricia,Flores,1980-03-09,46,2016-02-23,124,A,WEALTH,178,15008 Kramer Islands Suite 914,Bellchester,MH,65557,2,2.0,Y,Y,N,N,98895.6,0.0,0.0,2026-06-29 19:53:58.123537+00:00
1281,Joshua,Smith,1949-05-17,77,2013-09-19,153,A,PREMIER,330,196 Jon Course Apt. 004,South Natalie,MN,84629,2,2.0,Y,N,N,Y,125176.86,0.0,0.0,2026-06-29 19:53:58.123537+00:00
1282,Jamie,Bell,1983-03-25,43,2019-02-28,88,A,WEALTH,437,1010 Novak Squares Apt. 958,Port Nicholashaven,RI,27069,3,3.0,Y,Y,N,Y,108958.07,0.0,0.0,2026-06-29 19:53:58.123537+00:00
1289,Terri,Campos,1986-06-09,40,2019-06-13,84,A,MASS,61,30913 Crystal Rest,Shorttown,GA,02844,3,2.0,Y,Y,Y,N,145409.48,10000.0,52.98,2026-06-29 19:53:58.123537+00:00
1291,Gabrielle,Mckinney,1972-11-12,54,2018-04-15,98,A,STUDENT,282,8805 Tucker Viaduct,Masonmouth,MT,73440,3,3.0,Y,N,Y,Y,112203.42,5000.0,1.34,2026-06-29 19:53:58.123537+00:00
1293,Philip,Lyons,1982-10-29,44,2025-02-09,16,A,STUDENT,288,980 Kevin Loaf Apt. 639,West Paulafurt,MI,67281,3,3.0,Y,N,Y,Y,78080.78,10000.0,74.15,2026-06-29 19:53:58.123537+00:00
1299,Amy,Dickson,1969-03-11,57,2020-10-02,68,A,STUDENT,268,172 Lyons Road,Dominguezville,NY,66898,2,2.0,N,N,Y,Y,52531.53,25000.0,95.25,2026-06-29 19:53:58.123537+00:00
1305,Lisa,Wise,1946-02-26,80,2013-02-10,160,A,PREMIER,388,36432 Micheal Terrace Apt. 632,Hayesmouth,KS,94830,1,1.0,N,N,Y,N,2333.8,5000.0,46.68,2026-06-29 19:53:58.123537+00:00
1306,Donna,Davis,1966-11-17,60,2018-11-12,91,I,SMALL_BIZ,429,399 Trevor Plain Apt. 607,Lake Melissafort,WA,89639,1,1.0,N,N,N,Y,11876.45,0.0,0.0,2026-06-29 19:53:58.123537+00:00
1309,James,Maldonado,1967-08-15,59,2020-02-11,76,A,STUDENT,377,50546 Doyle Way,Vincentside,MP,02009,2,2.0,N,Y,N,Y,76125.09,0.0,0.0,2026-06-29 19:53:58.123537+00:00
1311,Toni,Cooper,2004-09-10,22,2017-12-22,102,A,SMALL_BIZ,297,2438 Kristina Gardens,Clineburgh,TN,36224,3,3.0,Y,Y,Y,N,85295.46,5000.0,74.18,2026-06-29 19:53:58.123537+00:00
1315,Joe,Park,1999-03-12,27,2024-05-28,25,A,MASS,204,06108 Stewart Valleys,Brownville,OR,25194,4,3.0,Y,Y,Y,Y,124961.29,10000.0,95.6,2026-06-29 19:53:58.123537+00:00
1319,Dennis,Jones,2008-04-26,18,2021-06-27,60,A,MASS,365,199 Acevedo Turnpike Apt. 763,Lake Danielville,CT,46086,1,1.0,Y,N,N,N,38741.63,0.0,0.0,2026-06-29 19:53:58.123537+00:00
1339,Michaela,Smith,1950-05-16,76,2015-09-07,129,A,STUDENT,28,1921 Walker Loaf,Tinachester,NH,30865,3,3.0,Y,Y,N,Y,69088.35,0.0,0.0,2026-06-29 19:53:58.123537+00:00
1359,Diane,Houston,1947-08-26,79,2025-06-28,12,A,MASS,112,7600 White Canyon Apt. 965,Jillhaven,FM,82895,1,1.0,Y,N,N,N,24620.06,0.0,0.0,2026-06-29 19:53:58.123537+00:00
1364,Ronald,Berger,2003-04-24,23,2015-08-13,130,A,PREMIER,198,519 Hunt Spurs,South Judy,FL,70384,2,2.0,Y,Y,N,N,95523.5,0.0,0.0,2026-06-29 19:53:58.123537+00:00
1377,Michael,Maldonado,1979-07-01,47,2025-06-10,12,A,DIGITAL,407,37086 Sara Hollow,Bradfordshire,CO,07588,1,1.0,Y,N,N,N,21881.58,0.0,0.0,2026-06-29 19:53:58.123537+00:00
1382,Christopher,Chen,1983-09-28,43,2016-11-06,115,A,SMALL_BIZ,369,789 Simpson Knolls Apt. 600,Marthamouth,WV,40322,4,3.0,Y,Y,Y,Y,110868.43,25000.0,86.91,2026-06-29 19:53:58.123537+00:00
1385,Mary,Cole,1962-02-09,64,2019-06-16,84,A,MASS,403,40297 William Ports Suite 389,Johnsonchester,TN,34576,2,2.0,N,N,Y,Y,59082.4,5000.0,79.1,2026-06-29 19:53:58.123537+00:00
1432,John,Hansen,1996-07-07,30,2018-03-29,99,A,DIGITAL,22,2288 Edward Trace Apt. 974,Port Anthonyburgh,RI,30713,3,2.0,Y,Y,Y,N,90301.64,10000.0,59.63,2026-06-29 19:53:58.123537+00:00
1444,Jenna,Harris,1978-12-06,48,2012-06-28,168,A,DIGITAL,118,21015 Adam Mall,Port Juliefort,AS,67969,3,3.0,N,Y,Y,Y,111930.69,10000.0,86.95,2026-06-29 19:53:58.123537+00:00
1446,Susan,Clark,2004-05-30,22,2020-02-23,76,A,DIGITAL,81,0944 Robertson Corner Suite 493,Smithland,MO,11211,2,1.0,N,N,Y,Y,61057.82,25000.0,74.08,2026-06-29 19:53:58.123537+00:00
1458,Deanna,Jenkins,1957-01-21,69,2025-08-16,10,A,WEALTH,88,123 Guerra Rue,Lake Jason,AZ,51987,3,3.0,Y,Y,Y,N,113054.66,10000.0,58.06,2026-06-29 19:53:58.123537+00:00
1460,Sean,Torres,1988-03-06,38,2024-01-19,29,A,STUDENT,338,199 Berry Field,Josephland,SD,85811,3,3.0,Y,Y,Y,N,85240.2,15000.0,3.54,2026-06-29 19:53:58.123537+00:00
1471,Mark,Thornton,1990-12-20,36,2026-01-17,5,A,STUDENT,216,9148 Perry Harbors Apt. 730,New Garrettville,ND,74094,1,1.0,N,N,Y,N,4159.57,10000.0,41.6,2026-06-29 19:53:58.123537+00:00
1472,Sherry,Hooper,1973-03-30,53,2015-10-25,128,A,SMALL_BIZ,272,3281 Ware Road,South Travisland,NY,73449,3,2.0,N,Y,Y,Y,77476.83,15000.0,81.85,2026-06-29 19:53:58.123537+00:00
1473,Annette,Meadows,1979-12-06,47,2013-09-07,153,I,WEALTH,405,716 Shawn Unions Suite 753,Jonathonborough,TX,12769,4,2.0,Y,Y,Y,Y,93725.68,25000.0,46.58,2026-06-29 19:53:58.123537+00:00
1482,Michael,Madden,1966-06-21,60,2015-09-27,129,A,MASS,55,75714 Gregory Landing Suite 291,Reedfort,OK,33287,4,4.0,Y,Y,Y,Y,170241.08,15000.0,5.1,2026-06-29 19:53:58.123537+00:00
1494,Robert,Vasquez,1985-04-18,41,2024-10-22,20,A,DIGITAL,200,16734 Angela Green Apt. 678,Mossmouth,NY,37167,4,4.0,Y,Y,Y,Y,140032.27,5000.0,0.87,2026-06-29 19:53:58.123537+00:00
1499,Brian,Flores,1998-02-14,28,2013-12-02,150,A,WEALTH,315,7848 Johnson Island Suite 413,Lake Andrewfurt,MO,06315,2,2.0,Y,N,N,Y,55934.69,0.0,0.0,2026-06-29 19:53:58.123537+00:00
1511,Sandra,Mendoza,1946-08-11,80,2023-09-15,33,A,MASS,494,8566 Megan Terrace,Lake Edwinside,MA,40313,3,3.0,Y,Y,Y,N,111755.42,15000.0,88.34,2026-06-29 19:53:58.123537+00:00
1527,Bridget,Gonzales,1988-11-28,38,2016-12-15,114,A,STUDENT,477,8629 Romero Field,Lake William,LA,42854,3,3.0,Y,Y,Y,N,103731.26,10000.0,32.42,2026-06-29 19:53:58.123537+00:00
1536,Samuel,Barrett,1974-06-07,52,2013-01-22,161,A,PREMIER,435,9465 Alexis Hills Suite 073,West Steven,CO,54076,1,1.0,Y,N,N,N,22226.21,0.0,0.0,2026-06-29 19:53:58.123537+00:00
1555,Gina,Armstrong,1986-09-19,40,2021-05-03,61,A,SMALL_BIZ,139,42517 David Valleys Suite 881,North Nathaniel,PW,46390,2,2.0,Y,N,N,Y,5893.34,0.0,0.0,2026-06-29 19:53:58.123537+00:00
1556,William,Myers,1973-05-18,53,2024-03-27,27,A,WEALTH,101,21261 Brittany Square,South Hannahton,VT,18436,3,3.0,N,Y,Y,Y,65997.25,5000.0,98.68,2026-06-29 19:53:58.123537+00:00
1560,Connor,Reed,2001-03-18,25,2016-07-31,119,I,MASS,129,101 Allen Ford,West Kristina,CT,45364,3,3.0,N,Y,Y,Y,84563.79,10000.0,31.64,2026-06-29 19:53:58.123537+00:00
1581,Edward,Jennings,1965-11-24,61,2013-09-11,153,A,SMALL_BIZ,359,15227 Daniel Springs Suite 465,Sharonfurt,MN,31524,1,1.0,N,N,N,Y,13076.93,0.0,0.0,2026-06-29 19:53:58.123537+00:00
1589,Andrew,Heath,2006-01-23,20,2018-09-27,93,A,WEALTH,321,6343 Fisher Parkway,Lake Michael,GU,32478,1,1.0,Y,N,N,N,23706.09,0.0,0.0,2026-06-29 19:53:58.123537+00:00
1606,Phillip,Spence,1967-07-09,59,2025-01-23,17,A,STUDENT,192,395 Edward Mountain,Woodwardburgh,TX,51002,2,2.0,Y,N,Y,N,14990.89,5000.0,53.28,2026-06-29 19:53:58.123537+00:00
1607,Mackenzie,Young,1958-08-12,68,2012-11-01,163,A,STUDENT,224,11906 Avery Forks,Stephensburgh,TX,31368,2,1.0,Y,N,N,Y,70956.21,0.0,0.0,2026-06-29 19:53:58.123537+00:00
1612,Holly,Hunter,1996-06-12,30,2023-10-16,32,A,MASS,333,8005 Orozco Pass,Leeside,TN,38314,1,1.0,N,N,Y,N,3286.81,15000.0,21.91,2026-06-29 19:53:58.123537+00:00
1628,Kimberly,Roberts,1954-04-04,72,2024-05-07,25,A,DIGITAL,459,42056 Shaw Motorway Apt. 526,Stewartfurt,MI,23630,2,1.0,N,Y,Y,N,87510.9,15000.0,96.14,2026-06-29 19:53:58.123537+00:00
1633,Dean,Morris,1972-03-09,54,2011-08-24,178,A,SMALL_BIZ,107,63528 Nancy Parkway Apt. 823,West Jameston,TN,20435,4,4.0,Y,Y,Y,Y,41965.22,5000.0,29.82,2026-06-29 19:53:58.123537+00:00
1636,Rebekah,Barajas,1963-10-17,63,2014-12-29,138,A,SMALL_BIZ,480,2666 Adams Dam,East Natalie,PR,30336,1,1.0,Y,N,N,N,33795.35,0.0,0.0,2026-06-29 19:53:58.123537+00:00
1642,Bradley,Anderson,1950-12-28,76,2013-03-26,159,I,PREMIER,497,929 Kyle Union Suite 680,Taylorfort,TN,75284,2,1.0,Y,N,N,Y,91194.42,0.0,0.0,2026-06-29 19:53:58.123537+00:00
1671,Billy,Peterson,1970-07-30,56,2017-11-05,103,A,SMALL_BIZ,251,0376 Jay Estates,Elijahville,NE,76563,2,2.0,Y,N,Y,N,42721.09,5000.0,9.67,2026-06-29 19:53:58.123537+00:00
1677,Cody,Guerrero,1948-09-13,78,2017-10-30,104,A,STUDENT,137,93587 Todd Circle,North Brian,VA,46553,1,1.0,N,Y,N,N,42997.02,0.0,0.0,2026-06-29 19:53:58.123537+00:00
1679,Dorothy,White,1975-03-22,51,2013-03-10,159,A,DIGITAL,492,349 Gina Fords,Lake Krista,HI,89254,3,2.0,Y,Y,N,Y,63929.67,0.0,0.0,2026-06-29 19:53:58.123537+00:00
1681,Spencer,Santiago,1961-06-07,65,2020-04-01,74,A,WEALTH,98,7447 Alexander Roads,North Marymouth,PW,84414,4,3.0,Y,Y,Y,Y,139460.9,10000.0,93.16,2026-06-29 19:53:58.123537+00:00
1692,Thomas,Johnson,1961-08-26,65,2018-05-28,97,A,STUDENT,280,84088 Jenkins Forges Apt. 285,North Edwin,AR,06903,2,2.0,N,N,Y,Y,13418.22,10000.0,57.83,2026-06-29 19:53:58.123537+00:00
1712,Patricia,Johnson,1952-02-13,74,2023-11-04,31,A,PREMIER,446,0054 Angela Forge,Vanessaview,AZ,73572,3,2.0,Y,N,Y,Y,110796.69,15000.0,80.47,2026-06-29 19:53:58.123537+00:00
1730,Leroy,Holden,2004-09-17,22,2012-10-02,164,A,PREMIER,344,73540 Bowman Flats,Kimberlytown,AS,13074,1,1.0,N,N,N,Y,37953.67,0.0,0.0,2026-06-29 19:53:58.123537+00:00
1738,Kimberly,Sullivan,1988-03-21,38,2024-09-24,21,A,STUDENT,475,49785 Noble Way,Port Melanie,IN,19481,3,3.0,N,Y,Y,Y,119636.06,15000.0,21.75,2026-06-29 19:53:58.123537+00:00
1741,Andrea,Boyd,1960-07-06,66,2012-11-15,163,I,MASS,108,1187 Megan Mill Suite 989,North Robertside,AZ,20540,2,2.0,Y,N,Y,N,60127.34,25000.0,34.33,2026-06-29 19:53:58.123537+00:00
1744,Brian,Watson,2007-08-13,19,2013-02-19,160,A,SMALL_BIZ,358,2580 Manning Drive,North Evan,WI,25664,3,2.0,N,Y,Y,Y,101136.54,15000.0,10.33,2026-06-29 19:53:58.123537+00:00
1764,Jason,Fuentes,2001-05-28,25,2024-10-02,20,A,STUDENT,492,3424 Jamie Ridges,New Nancy,SC,62697,4,4.0,Y,Y,Y,Y,158150.86,15000.0,82.48,2026-06-29 19:53:58.123537+00:00
1768,Steven,Cole,1992-07-16,34,2019-01-08,89,A,SMALL_BIZ,71,52358 Maldonado Ranch,Youngside,IL,87796,2,2.0,Y,N,N,Y,71072.52,0.0,0.0,2026-06-29 19:53:58.123537+00:00
1772,Jasmine,Armstrong,1984-10-07,42,2024-05-29,25,A,SMALL_BIZ,478,017 Johnson Lane Apt. 533,Brownville,PA,83572,2,2.0,Y,N,N,Y,18914.28,0.0,0.0,2026-06-29 19:53:58.123537+00:00
1773,Ann,Martinez,1994-10-31,32,2022-01-16,53,I,MASS,35,986 Calhoun Green,South John,HI,75004,2,2.0,N,Y,Y,N,78656.73,5000.0,4.23,2026-06-29 19:53:58.123537+00:00
1776,Sharon,White,2001-07-31,25,2013-04-14,158,A,WEALTH,493,768 Chang Groves,Maryberg,MD,45039,3,3.0,Y,N,Y,Y,80164.79,10000.0,98.89,2026-06-29 19:53:58.123537+00:00
1778,Lindsay,Lawson,2000-12-17,26,2018-02-12,100,A,DIGITAL,399,5317 Watts Ridges Suite 962,Bakerborough,IN,39892,1,0.0,Y,N,N,N,31878.04,0.0,0.0,2026-06-29 19:53:58.123537+00:00
1786,Karen,Willis,1949-08-06,77,2014-07-06,143,I,DIGITAL,99,52156 Donald Skyway,West Nicole,PR,65483,3,3.0,Y,Y,Y,N,61996.75,15000.0,85.59,2026-06-29 19:53:58.123537+00:00
1797,Crystal,Richards,1966-12-17,60,2016-09-24,117,A,STUDENT,203,590 Sarah Falls,Stacybury,AR,77083,4,4.0,Y,Y,Y,Y,101478.38,10000.0,44.08,2026-06-29 19:53:58.123537+00:00
1804,Deborah,Smith,1942-07-22,84,2021-10-23,56,A,PREMIER,93,5810 Chris Land Suite 475,East Josestad,NM,31313,4,4.0,Y,Y,Y,Y,186265.63,25000.0,27.83,2026-06-29 19:53:58.123537+00:00
1809,Michael,Thompson,1995-12-12,31,2023-11-01,31,A,SMALL_BIZ,333,90921 Julie Canyon,New Jasonburgh,NM,34874,1,0.0,N,Y,N,N,29155.79,0.0,0.0,2026-06-29 19:53:58.123537+00:00
1812,Michael,Davis,1960-04-29,66,2025-03-27,15,A,PREMIER,269,953 White Trafficway Suite 600,Ericksonport,PR,18851,2,2.0,N,N,Y,Y,50120.59,25000.0,66.67,2026-06-29 19:53:58.123537+00:00
1817,Ariel,Fleming,1978-06-17,48,2021-05-02,61,A,SMALL_BIZ,27,7993 Joseph Station Suite 492,Harrishaven,RI,85712,4,4.0,Y,Y,Y,Y,85676.68,10000.0,17.79,2026-06-29 19:53:58.123537+00:00
1818,David,Brown,1979-05-10,47,2012-06-19,168,A,MASS,374,2828 Phyllis Fields Apt. 551,South Randall,VA,78363,2,2.0,N,N,Y,Y,52637.33,10000.0,12.22,2026-06-29 19:53:58.123537+00:00
1834,Christopher,Brown,1983-05-22,43,2020-02-16,76,A,WEALTH,384,3445 Butler Villages,West Troy,OH,18338,1,1.0,N,N,Y,N,3796.39,15000.0,25.31,2026-06-29 19:53:58.123537+00:00
1847,Kimberly,Hernandez,1962-05-05,64,2024-09-11,21,A,STUDENT,374,546 Hernandez Ranch,Port Dianeport,ME,14432,4,4.0,Y,Y,Y,Y,142020.28,10000.0,15.89,2026-06-29 19:53:58.123537+00:00
1864,Daniel,Boyle,1966-11-17,60,2023-03-28,39,A,STUDENT,154,8100 James Route,Jasonshire,ID,15004,4,3.0,Y,Y,Y,Y,144320.22,25000.0,50.39,2026-06-29 19:53:58.123537+00:00
1875,Marc,Brooks,1974-11-23,52,2018-06-01,96,A,PREMIER,192,632 Sherman Fords,West Alan,ND,86446,4,4.0,Y,Y,Y,Y,96212.74,2000.0,64.52,2026-06-29 19:53:58.123537+00:00
1894,Kristi,Todd,1973-04-11,53,2019-03-09,87,A,MASS,73,268 Natasha Green Apt. 550,Lake Kennethmouth,AL,02078,3,3.0,Y,Y,N,Y,61601.96,0.0,0.0,2026-06-29 19:53:58.123537+00:00
1900,Amanda,Nguyen,1968-07-07,58,2023-02-08,40,A,WEALTH,201,40917 Kim Square,Rebeccafort,PR,40512,3,3.0,Y,Y,N,Y,136177.08,0.0,0.0,2026-06-29 19:53:58.123537+00:00
1911,Stephanie,Glenn,1973-07-14,53,2012-07-07,167,A,WEALTH,237,4231 Diana Lane,West Kimberly,KY,67726,2,2.0,N,Y,Y,N,62908.54,25000.0,14.33,2026-06-29 19:53:58.123537+00:00
1915,Reginald,Aguirre,1951-01-19,75,2012-06-11,168,A,MASS,273,172 Joseph Locks Apt. 385,Davidstad,CT,04323,3,3.0,Y,Y,Y,N,77298.61,25000.0,91.03,2026-06-29 19:53:58.123537+00:00
1923,Helen,Bowen,1961-01-17,65,2025-02-27,16,A,MASS,285,60748 Knight River Apt. 588,New Todd,OH,99530,2,1.0,N,N,Y,Y,62517.68,25000.0,18.71,2026-06-29 19:53:58.123537+00:00
1933,Peter,Jones,1961-03-14,65,2019-06-20,84,A,STUDENT,5,3019 Jose Spring Apt. 748,West Corey,OH,28459,1,1.0,N,N,N,Y,20836.99,0.0,0.0,2026-06-29 19:53:58.123537+00:00
1934,Eric,Howard,1992-08-25,34,2021-08-06,58,A,WEALTH,434,6720 Shelton Springs,Port Deannatown,CT,35969,3,2.0,Y,N,Y,Y,34126.64,15000.0,32.45,2026-06-29 19:53:58.123537+00:00
1938,Kelsey,Wang,1945-01-01,81,2011-07-24,179,I,DIGITAL,222,6479 Chen Isle Apt. 335,West Patrickton,UT,13903,2,2.0,N,N,Y,Y,25428.82,10000.0,91.33,2026-06-29 19:53:58.123537+00:00
1946,Stephen,Jones,1962-09-05,64,2017-04-18,110,A,DIGITAL,370,22013 Charles Burg,East Samantha,VI,80649,1,1.0,N,N,Y,N,709.31,5000.0,14.19,2026-06-29 19:53:58.123537+00:00
1957,Nicholas,Phillips,1983-01-06,43,2012-05-20,169,A,SMALL_BIZ,41,4496 Hunter Vista Apt. 466,West Toddview,NY,35486,4,4.0,Y,Y,Y,Y,102881.14,15000.0,54.81,2026-06-29 19:53:58.123537+00:00
1974,Katherine,Dorsey,1967-01-17,59,2024-03-25,27,A,MASS,8,5693 Jessica Stream Apt. 387,Daniellechester,AS,59392,2,2.0,Y,N,N,Y,49922.83,0.0,0.0,2026-06-29 19:53:58.123537+00:00
1983,William,Burns,2002-09-01,24,2022-04-07,50,A,PREMIER,329,0733 Robinson Crescent Apt. 909,Lake Jason,CO,68761,2,2.0,N,Y,N,Y,66191.61,0.0,0.0,2026-06-29 19:53:58.123537+00:00
1990,April,Lopez,1980-10-05,46,2024-12-06,18,A,SMALL_BIZ,490,04415 Daniels Dale Apt. 727,Ashleyview,PR,83006,4,3.0,Y,Y,Y,Y,200799.21,25000.0,69.68,2026-06-29 19:53:58.123537+00:00
1991,Johnny,Turner,1969-10-29,57,2023-11-14,31,A,STUDENT,327,898 Paul Falls,Port Katelyn,SD,50469,1,1.0,N,N,N,Y,56484.34,0.0,0.0,2026-06-29 19:53:58.123537+00:00
2001,Riley,Sims,1958-11-13,68,2024-12-13,18,A,MASS,113,6260 Quinn Drive Suite 453,Greenefurt,RI,55118,1,1.0,N,N,Y,N,7485.64,10000.0,74.86,2026-06-29 19:53:58.123537+00:00
2011,Holly,Hardy,1948-03-15,78,2018-04-22,98,A,MASS,83,813 Horton Falls Apt. 415,Johnsonstad,DC,16553,3,3.0,Y,Y,N,Y,137895.04,0.0,0.0,2026-06-29 19:53:58.123537+00:00
2015,Susan,Hess,1954-01-30,72,2026-03-15,3,A,WEALTH,476,354 Moran Ramp Suite 726,West April,MN,44510,3,2.0,Y,N,Y,Y,89312.74,25000.0,69.54,2026-06-29 19:53:58.123537+00:00
2016,Brandon,Aguirre,1942-08-09,84,2016-11-11,115,A,DIGITAL,331,30972 Sutton Trail,New Randy,CO,75575,2,2.0,N,Y,Y,N,82543.22,25000.0,89.41,2026-06-29 19:53:58.123537+00:00
2019,Mercedes,Stein,2003-11-09,23,2026-03-19,3,A,WEALTH,367,815 Rachel Unions Apt. 221,West Jamesfurt,AZ,42012,1,1.0,N,Y,N,N,51454.81,0.0,0.0,2026-06-29 19:53:58.123537+00:00
2024,John,Lewis,1949-03-29,77,2021-05-17,61,A,SMALL_BIZ,169,41029 Ryan Loaf,Port Jennifermouth,IL,54996,1,0.0,N,Y,N,N,7363.5,0.0,0.0,2026-06-29 19:53:58.123537+00:00
2026,Sarah,Orr,1989-06-12,37,2013-11-18,151,A,WEALTH,224,77326 Marquez Wells Suite 810,Jillhaven,OR,38557,2,2.0,N,Y,N,Y,127399.93,0.0,0.0,2026-06-29 19:53:58.123537+00:00
2027,Jonathan,Alvarez,1992-10-31,34,2014-10-11,140,A,STUDENT,116,691 Rhonda Fords Suite 052,Dominicchester,TN,77292,4,4.0,Y,Y,Y,Y,120990.43,25000.0,45.22,2026-06-29 19:53:58.123537+00:00
2030,Caroline,Schneider,2003-12-02,23,2022-12-03,42,A,MASS,350,30223 Debra Groves,East Nathanielland,IN,26498,1,1.0,Y,N,N,N,29659.96,0.0,0.0,2026-06-29 19:53:58.123537+00:00
2043,Jasmine,Mendoza,1949-10-06,77,2026-05-12,1,A,MASS,29,5597 Jones Knolls,Davidberg,AL,91977,2,1.0,Y,N,N,Y,71217.4,0.0,0.0,2026-06-29 19:53:58.123537+00:00
2046,Isabella,Williams,1990-07-30,36,2023-07-31,35,A,DIGITAL,380,3123 Hansen Path Suite 209,Christopherview,LA,36695,3,3.0,Y,N,Y,Y,79725.43,15000.0,56.67,2026-06-29 19:53:58.123537+00:00
2055,Jill,Smith,1956-02-09,70,2022-08-27,46,I,MASS,416,9876 Best Freeway Apt. 087,North Robertbury,MA,80218,1,1.0,N,Y,N,N,45813.76,0.0,0.0,2026-06-29 19:53:58.123537+00:00
2061,Hailey,Blevins,1957-08-17,69,2018-10-12,92,A,WEALTH,125,99520 Clark Court Suite 042,Mathewsfort,MN,82297,2,2.0,Y,N,N,Y,42948.81,0.0,0.0,2026-06-29 19:53:58.123537+00:00
2071,April,Richards,1995-11-28,31,2018-10-12,92,A,STUDENT,487,516 Barron Meadow Apt. 575,Heatherport,MA,23175,4,4.0,Y,Y,Y,Y,77835.92,2000.0,10.75,2026-06-29 19:53:58.123537+00:00
2074,Lauren,Martinez,1953-07-19,73,2019-10-07,80,I,STUDENT,186,7634 Anderson Plain,Gabriellaberg,PA,41725,4,4.0,Y,Y,Y,Y,54758.14,10000.0,13.64,2026-06-29 19:53:58.123537+00:00
2080,Valerie,Bell,1988-01-23,38,2019-04-16,86,A,DIGITAL,223,59695 Mccullough Ranch,Lake Sarahside,AR,72126,1,1.0,N,Y,N,N,26950.51,0.0,0.0,2026-06-29 19:53:58.123537+00:00
2098,Michael,Figueroa,2004-11-27,22,2017-04-20,110,A,DIGITAL,454,91575 Ewing Landing Suite 961,Karlaside,HI,30770,3,3.0,Y,N,Y,Y,83482.7,15000.0,4.83,2026-06-29 19:53:58.123537+00:00
2119,Amber,Miranda,2002-09-24,24,2015-03-20,135,A,SMALL_BIZ,238,72361 David Views,North Brandonville,PA,44291,2,1.0,N,Y,N,Y,48318.63,0.0,0.0,2026-06-29 19:53:58.123537+00:00
2151,Brett,Garner,1944-09-04,82,2012-02-06,172,A,WEALTH,304,282 Trevino Ville Apt. 420,Daviston,CO,98437,3,3.0,Y,Y,N,Y,169359.88,0.0,0.0,2026-06-29 19:53:58.123537+00:00
2160,Jessica,Mayo,1978-02-10,48,2016-08-09,118,A,MASS,295,37488 Brown Junction Suite 800,Taylorburgh,VI,43636,3,3.0,Y,Y,N,Y,160496.06,0.0,0.0,2026-06-29 19:53:58.123537+00:00
2165,Andrew,Greene,2003-11-21,23,2019-01-03,89,A,MASS,63,105 Mark Ways,South Victoriaburgh,DC,76057,2,2.0,Y,Y,N,N,77613.06,0.0,0.0,2026-06-29 19:53:58.123537+00:00
2176,Amanda,Smith,1958-03-05,68,2023-10-10,32,I,STUDENT,270,93513 Jesus Rapids Suite 920,East Michelleborough,SD,07065,4,3.0,Y,Y,Y,Y,164246.39,2000.0,85.95,2026-06-29 19:53:58.123537+00:00
2182,Julie,Reyes,1993-10-13,33,2013-01-29,161,A,WEALTH,76,9097 Todd Rest Apt. 716,Dustinfort,KS,30110,4,3.0,Y,Y,Y,Y,96384.92,5000.0,93.32,2026-06-29 19:53:58.123537+00:00
2185,Eric,Hall,1995-08-11,31,2022-09-21,45,A,WEALTH,448,6802 Ortiz Square Suite 554,Melissaville,AS,96677,1,1.0,N,N,Y,N,102.33,2000.0,5.12,2026-06-29 19:53:58.123537+00:00
2186,Rachel,Davis,1990-02-24,36,2016-12-27,114,I,DIGITAL,373,2308 Morris Rue Suite 364,Brandyfort,ME,63978,2,2.0,Y,N,N,Y,98753.06,0.0,0.0,2026-06-29 19:53:58.123537+00:00
2196,Jasmine,Harris,1990-10-23,36,2016-07-15,119,A,STUDENT,252,860 Sanchez Mall,Tristanport,DE,14323,1,1.0,Y,N,N,N,56923.03,0.0,0.0,2026-06-29 19:53:58.123537+00:00
2202,Natasha,Cruz,1985-05-26,41,2014-11-10,139,A,PREMIER,62,199 Stephanie Drive Apt. 111,Parksberg,MP,68941,3,3.0,Y,Y,Y,N,86278.0,5000.0,90.92,2026-06-29 19:53:58.123537+00:00
2215,Robert,Leon,1969-11-20,57,2021-11-01,55,A,PREMIER,307,43456 Patel Lights Suite 115,New Nathan,NJ,30008,2,1.0,N,Y,N,Y,42869.4,0.0,0.0,2026-06-29 19:53:58.123537+00:00
2221,Samantha,Brown,1978-11-25,48,2025-10-11,8,A,WEALTH,175,9088 Bryan Ville,East Juliatown,OH,92867,1,1.0,N,Y,N,N,26733.39,0.0,0.0,2026-06-29 19:53:58.123537+00:00
2222,Michelle,Fuentes,1964-11-23,62,2024-02-25,28,A,DIGITAL,80,44656 Johnson Square Suite 299,Pamelaport,RI,87956,3,2.0,Y,Y,Y,N,108437.96,25000.0,76.29,2026-06-29 19:53:58.123537+00:00
2230,Holly,Evans,1991-04-23,35,2022-08-26,46,A,PREMIER,382,28690 Castillo Views Suite 873,Brittneyview,WY,38660,4,4.0,Y,Y,Y,Y,93233.12,5000.0,41.02,2026-06-29 19:53:58.123537+00:00
2235,Jenna,Henderson,2003-01-27,23,2018-12-23,90,A,PREMIER,397,028 Bridget Mountain,Lake Thomasshire,AS,47078,4,4.0,Y,Y,Y,Y,122035.13,2000.0,74.63,2026-06-29 19:53:58.123537+00:00
2249,Judith,Garcia,1948-01-06,78,2017-07-26,107,A,DIGITAL,462,6378 Christopher Camp Suite 671,Lake James,NM,70202,2,2.0,N,Y,Y,N,10547.33,15000.0,43.91,2026-06-29 19:53:58.123537+00:00
2272,Steven,Day,1972-06-18,54,2012-11-19,163,A,MASS,392,4060 Kyle Shores,Lake Donald,RI,65520,3,3.0,Y,Y,N,Y,35706.22,0.0,0.0,2026-06-29 19:53:58.123537+00:00
2281,Chad,Sullivan,1984-01-30,42,2012-09-26,165,A,DIGITAL,156,48863 Contreras Radial Apt. 216,East Trevor,TN,84202,2,1.0,N,Y,N,Y,62358.71,0.0,0.0,2026-06-29 19:53:58.123537+00:00
2283,Maria,Davis,1986-05-10,40,2015-05-12,133,A,WEALTH,406,34899 Yvonne Way Apt. 926,Christinaburgh,OH,99458,3,3.0,Y,N,Y,Y,108767.42,10000.0,96.53,2026-06-29 19:53:58.123537+00:00
2306,Antonio,Roberts,1971-03-31,55,2020-02-29,76,A,MASS,59,34993 Ball Loop Suite 191,East Shelby,AL,44153,3,3.0,Y,Y,N,Y,99268.28,0.0,0.0,2026-06-29 19:53:58.123537+00:00
2314,Carol,Rogers,1996-03-17,30,2023-09-22,33,A,DIGITAL,315,3389 Smith Skyway,West Glennberg,HI,58118,2,2.0,N,N,Y,Y,58630.92,15000.0,17.61,2026-06-29 19:53:58.123537+00:00
2318,Zachary,Kim,1953-02-17,73,2024-12-23,18,A,DIGITAL,320,30818 Jennifer Trail Suite 260,Lake Kevin,WY,26259,1,1.0,Y,N,N,N,15960.78,0.0,0.0,2026-06-29 19:53:58.123537+00:00
2322,Brittney,Johnson,1970-10-19,56,2020-11-14,67,A,WEALTH,108,4697 Houston Roads,Christinefurt,UT,86891,4,4.0,Y,Y,Y,Y,144133.79,5000.0,77.59,2026-06-29 19:53:58.123537+00:00
2357,Patricia,Fisher,1999-02-07,27,2012-08-09,166,I,DIGITAL,74,544 Garner Knoll,Blackberg,FM,43486,1,1.0,N,N,Y,N,8212.64,15000.0,54.75,2026-06-29 19:53:58.123537+00:00
2360,Mark,Reyes,1949-10-21,77,2014-01-16,149,A,WEALTH,274,206 Angela Meadow,East Johnmouth,WY,13552,4,3.0,Y,Y,Y,Y,138575.31,10000.0,68.35,2026-06-29 19:53:58.123537+00:00
2373,Charles,Murphy,1948-11-30,78,2025-08-14,10,A,PREMIER,141,1625 Mckinney Centers Apt. 786,Woodsberg,WV,72243,3,3.0,Y,Y,N,Y,108058.37,0.0,0.0,2026-06-29 19:53:58.123537+00:00
2380,Donna,Moss,1978-11-29,48,2024-07-06,23,A,SMALL_BIZ,228,47673 Brandon Ridge,South Kellyfurt,CA,81348,3,3.0,Y,N,Y,Y,29637.58,25000.0,45.24,2026-06-29 19:53:58.123537+00:00
2395,Ryan,Maldonado,1976-12-20,50,2018-11-08,91,I,STUDENT,61,232 Daniel Isle,New Vanessaport,TX,85364,2,2.0,Y,Y,N,N,143440.51,0.0,0.0,2026-06-29 19:53:58.123537+00:00
2400,Michael,Roberts,1955-04-10,71,2023-03-19,39,A,WEALTH,439,420 Krause Via Apt. 395,New Alexanderfort,NV,16624,2,2.0,Y,Y,N,N,60707.75,0.0,0.0,2026-06-29 19:53:58.123537+00:00
2401,Clinton,Gordon,1981-06-11,45,2022-06-09,48,A,MASS,373,36412 Jarvis Valleys Suite 189,Andrewville,TX,94129,1,1.0,Y,N,N,N,31540.06,0.0,0.0,2026-06-29 19:53:58.123537+00:00
2407,John,Rodriguez,1980-07-24,46,2018-10-10,92,A,MASS,499,83892 Ryan Stream Apt. 241,Watsonfort,ID,67067,2,2.0,N,Y,N,Y,17572.21,0.0,0.0,2026-06-29 19:53:58.123537+00:00
2410,Shaun,Navarro,1961-11-24,65,2022-06-22,48,A,PREMIER,49,44380 Jones Islands Suite 277,Port Kelly,MP,38201,4,2.0,Y,Y,Y,Y,93845.41,2000.0,3.72,2026-06-29 19:53:58.123537+00:00
2413,Rachel,Larson,1993-05-20,33,2024-04-10,26,A,PREMIER,130,56609 Nelson Light,Stephensstad,AS,46103,1,1.0,N,Y,N,N,49339.23,0.0,0.0,2026-06-29 19:53:58.123537+00:00
2434,Kevin,Collins,1948-01-25,78,2015-05-22,133,A,MASS,289,2843 Kevin Hill,Lake Lori,FL,36584,2,1.0,Y,Y,N,N,86272.48,0.0,0.0,2026-06-29 19:53:58.123537+00:00
2438,Nancy,Kim,1978-01-23,48,2017-02-05,112,A,MASS,14,58939 Thompson Ports Suite 237,Curtisland,TX,14217,3,2.0,Y,Y,Y,N,44665.37,10000.0,0.74,2026-06-29 19:53:58.123537+00:00
2444,Karina,Long,1979-05-21,47,2015-11-13,127,I,MASS,486,62128 Robert Ramp,Barryshire,MS,31995,2,2.0,N,N,Y,Y,6628.08,5000.0,30.3,2026-06-29 19:53:58.123537+00:00
2447,Connor,Roberts,1985-01-12,41,2016-06-19,120,A,STUDENT,488,34599 Todd Trail,Ortegachester,GA,88037,2,2.0,Y,N,Y,N,61134.11,10000.0,61.34,2026-06-29 19:53:58.123537+00:00
2468,Michael,Ball,1945-09-11,81,2021-04-11,62,A,PREMIER,263,01184 Michael Ferry Suite 405,South Christinahaven,OK,18243,1,1.0,Y,N,N,N,52606.24,0.0,0.0,2026-06-29 19:53:58.123537+00:00
2477,Rachel,Thompson,1990-07-30,36,2015-01-08,137,A,MASS,495,5951 Morgan Lane Apt. 403,Josephview,AK,53548,1,1.0,Y,N,N,N,17478.23,0.0,0.0,2026-06-29 19:53:58.123537+00:00
2480,Mary,Mclean,1992-08-19,34,2020-07-15,71,A,PREMIER,3,71312 Williams Forks Apt. 653,Youngbury,MH,74582,2,2.0,Y,N,Y,N,41886.01,5000.0,72.92,2026-06-29 19:53:58.123537+00:00
2482,Johnny,Kim,1979-12-07,47,2014-06-21,144,I,WEALTH,355,1313 Coffey Station Suite 611,West Hayley,VI,93882,1,1.0,N,N,Y,N,1081.82,5000.0,21.64,2026-06-29 19:53:58.123537+00:00
2489,Angelica,Taylor,1965-01-30,61,2020-09-19,69,A,SMALL_BIZ,124,1002 Peterson Park Suite 877,North Ryanton,DC,40516,3,3.0,Y,Y,N,Y,95862.03,0.0,0.0,2026-06-29 19:53:58.123537+00:00
2512,Julie,Beasley,1980-12-05,46,2014-11-17,139,I,MASS,354,39688 Brown Causeway Apt. 569,New Brianna,NV,91131,4,4.0,Y,Y,Y,Y,77446.83,25000.0,57.17,2026-06-29 19:53:58.123537+00:00
2517,John,Stephens,1949-09-09,77,2012-08-20,166,A,PREMIER,184,91031 Alicia Mission,New Jasmine,RI,90338,3,2.0,Y,Y,N,Y,136506.46,0.0,0.0,2026-06-29 19:53:58.123537+00:00
2518,Michael,Herman,1974-08-26,52,2022-06-17,48,A,SMALL_BIZ,82,45554 Smith Bypass Suite 805,Adamville,GA,78025,3,3.0,N,Y,Y,Y,94356.31,15000.0,94.22,2026-06-29 19:53:58.123537+00:00
2532,Brittany,Todd,2002-04-16,24,2023-07-31,35,I,SMALL_BIZ,187,3142 Robinson Plain,Lake Edgar,VT,36715,4,4.0,Y,Y,Y,Y,115593.93,5000.0,55.76,2026-06-29 19:53:58.123537+00:00
2542,Manuel,Baker,1949-10-26,77,2019-12-21,78,A,STUDENT,407,59667 Jenkins Crossing,New James,MI,31950,1,1.0,Y,N,N,N,36545.48,0.0,0.0,2026-06-29 19:53:58.123537+00:00
2567,Michael,Bryant,1957-10-11,69,2022-12-10,42,A,PREMIER,388,6002 Harris Bridge,Meaganhaven,SD,37623,1,1.0,N,N,Y,N,1214.99,10000.0,12.15,2026-06-29 19:53:58.123537+00:00
2592,Barbara,Gilbert,1955-08-10,71,2019-03-27,87,A,DIGITAL,402,49279 Susan Tunnel,Lake Nicholas,PR,65954,1,1.0,N,N,N,Y,5776.26,0.0,0.0,2026-06-29 19:53:58.123537+00:00
2593,David,Hill,1948-02-27,78,2015-09-27,129,A,PREMIER,480,906 Bolton Bypass,Robertchester,LA,27701,1,0.0,N,Y,N,N,37913.12,0.0,0.0,2026-06-29 19:53:58.123537+00:00
2603,Christian,Mcguire,1949-04-17,77,2016-10-07,116,A,WEALTH,120,610 Powers Drive,Valdezmouth,GU,19585,2,2.0,Y,Y,N,N,72453.87,0.0,0.0,2026-06-29 19:53:58.123537+00:00
2606,Ryan,Randolph,1962-08-01,64,2025-04-14,14,A,DIGITAL,363,41146 Michael Ports,Karenville,FL,66185,2,1.0,N,Y,N,Y,72308.35,0.0,0.0,2026-06-29 19:53:58.123537+00:00
2612,Aaron,Jones,1998-12-02,28,2022-09-02,45,A,DIGITAL,493,700 Carlson Tunnel,North Carol,PA,08161,1,1.0,N,N,Y,N,6167.09,25000.0,24.67,2026-06-29 19:53:58.123537+00:00
2633,Renee,Rivera,1956-11-09,70,2023-06-12,36,A,STUDENT,494,6763 Guerra Bypass Suite 606,Dennisberg,FL,97349,1,1.0,N,N,N,Y,16914.33,0.0,0.0,2026-06-29 19:53:58.123537+00:00
2644,Thomas,Carter,1959-03-13,67,2021-04-11,62,A,MASS,432,325 Charles Village,East Thomas,CT,75832,1,1.0,N,Y,N,N,22376.95,0.0,0.0,2026-06-29 19:53:58.123537+00:00
2650,Theresa,Davis,1963-10-07,63,2023-07-27,35,A,DIGITAL,313,4935 Berry Crescent Apt. 975,Blairfort,TN,97721,3,3.0,Y,Y,Y,N,112702.78,15000.0,63.56,2026-06-29 19:53:58.123537+00:00
2652,Thomas,Sharp,1950-12-17,76,2020-09-08,69,A,SMALL_BIZ,232,14305 Wilson Brook Suite 050,West Christopher,NC,27128,1,1.0,N,N,N,Y,56025.92,0.0,0.0,2026-06-29 19:53:58.123537+00:00
2657,Jeanne,Robertson,1985-03-05,41,2016-04-16,122,I,PREMIER,462,132 Mike Isle,Hodgestown,AR,13845,2,2.0,N,Y,Y,N,15158.3,25000.0,15.36,2026-06-29 19:53:58.123537+00:00
2658,Christopher,Garcia,1999-01-08,27,2026-04-20,2,I,WEALTH,285,188 William Street Suite 359,East Lindsaymouth,AL,36879,4,3.0,Y,Y,Y,Y,187323.49,5000.0,48.17,2026-06-29 19:53:58.123537+00:00
2666,April,King,1982-08-18,44,2022-02-24,52,A,MASS,349,76979 Williams Trace,Michaelberg,AK,43510,4,4.0,Y,Y,Y,Y,127071.58,5000.0,76.69,2026-06-29 19:53:58.123537+00:00
2668,Alice,Calderon,1998-08-07,28,2013-07-05,155,A,SMALL_BIZ,114,81595 Thompson Mission,Wadehaven,NJ,75016,1,1.0,N,N,N,Y,27722.93,0.0,0.0,2026-06-29 19:53:58.123537+00:00
2678,Kelsey,Vargas,1992-10-25,34,2016-06-01,120,A,SMALL_BIZ,12,37183 Arnold Freeway,New Stephaniebury,NJ,08461,4,4.0,Y,Y,Y,Y,65778.31,15000.0,44.32,2026-06-29 19:53:58.123537+00:00
2679,Monica,Barnett,1960-01-25,66,2023-07-14,35,A,STUDENT,130,6820 Villarreal Common Apt. 794,Lake Lynnchester,MI,81715,2,2.0,N,Y,Y,N,85695.29,25000.0,66.95,2026-06-29 19:53:58.123537+00:00
2680,Krista,Hays,1973-03-17,53,2013-12-30,150,A,PREMIER,481,47271 Danielle Hills,Clarkebury,GU,77900,3,3.0,Y,Y,N,Y,96683.05,0.0,0.0,2026-06-29 19:53:58.123537+00:00
2696,Johnny,Garrett,1944-06-07,82,2021-11-12,55,A,STUDENT,318,1140 Mary Canyon Apt. 731,South Elizabethburgh,MS,63500,1,1.0,Y,N,N,N,6161.39,0.0,0.0,2026-06-29 19:53:58.123537+00:00
2705,Brenda,Blackburn,1989-01-05,37,2025-01-01,17,A,DIGITAL,443,85132 Anna Stravenue Suite 137,New Amy,PA,42230,1,1.0,Y,N,N,N,29292.43,0.0,0.0,2026-06-29 19:53:58.123537+00:00
2710,Joshua,Bell,1997-08-17,29,2011-07-16,179,A,PREMIER,53,3707 Wilcox Groves,Reedton,AK,98747,2,2.0,Y,Y,N,N,16511.76,0.0,0.0,2026-06-29 19:53:58.123537+00:00
2711,Heather,Knight,1964-05-14,62,2019-12-19,78,A,STUDENT,405,57720 Pitts Cove Apt. 616,Nicholasfurt,PA,88460,3,2.0,Y,Y,Y,N,47990.32,2000.0,20.97,2026-06-29 19:53:58.123537+00:00
2720,Michael,May,1974-04-24,52,2020-02-15,76,A,STUDENT,337,13383 Stanley Way,Nelsonside,MH,35589,2,2.0,Y,N,N,Y,54152.3,0.0,0.0,2026-06-29 19:53:58.123537+00:00
2722,Amanda,Clark,1997-06-01,29,2017-03-30,111,A,WEALTH,177,1655 Donald Falls Suite 642,Norrismouth,CA,76563,1,1.0,N,N,Y,N,3516.25,5000.0,70.33,2026-06-29 19:53:58.123537+00:00
2723,Lisa,Hogan,1988-07-15,38,2016-08-31,118,A,SMALL_BIZ,466,6342 James Fords Apt. 562,Singhborough,NJ,12789,3,3.0,Y,Y,N,Y,92763.16,0.0,0.0,2026-06-29 19:53:58.123537+00:00
2740,Katie,Solis,2006-07-02,20,2016-02-08,124,A,STUDENT,126,959 Patton Crest,Port Josephmouth,WV,67878,4,3.0,Y,Y,Y,Y,130147.86,2000.0,84.31,2026-06-29 19:53:58.123537+00:00
2755,Austin,Mullen,1967-05-29,59,2023-09-29,33,I,DIGITAL,373,35443 Justin Pike Suite 328,North Ryan,WV,20907,3,3.0,Y,Y,N,Y,108535.17,0.0,0.0,2026-06-29 19:53:58.123537+00:00
2756,Faith,Flowers,1969-09-30,57,2013-12-06,150,A,SMALL_BIZ,315,827 Tina Passage Suite 502,Lake Jenniferchester,AR,66257,4,2.0,Y,Y,Y,Y,108964.05,25000.0,79.17,2026-06-29 19:53:58.123537+00:00
2758,Alexander,Flores,1999-04-11,27,2023-06-24,36,I,MASS,256,82883 Patterson Causeway,South Nancystad,MD,33402,2,2.0,Y,N,N,Y,51913.6,0.0,0.0,2026-06-29 19:53:58.123537+00:00
2765,Brittany,Gonzalez,1964-01-29,62,2025-06-05,12,A,WEALTH,456,0269 Patricia Pass Apt. 405,Curtisfort,IN,27705,1,1.0,N,N,Y,N,1370.46,2000.0,68.52,2026-06-29 19:53:58.123537+00:00
2786,Joseph,George,1969-04-01,57,2013-06-05,156,A,WEALTH,335,4014 Garcia Drive,Davisbury,WA,94486,1,1.0,Y,N,N,N,26749.52,0.0,0.0,2026-06-29 19:53:58.123537+00:00
2795,Leslie,Craig,1966-03-24,60,2015-11-05,127,A,WEALTH,415,8577 Gary Point,South Jasmineville,PA,84397,4,4.0,Y,Y,Y,Y,165568.91,15000.0,45.92,2026-06-29 19:53:58.123537+00:00
2796,Garrett,Bell,1943-06-22,83,2020-10-23,68,A,MASS,116,2856 Matthew Row,Lake Karenbury,WA,55129,1,1.0,N,Y,N,N,32314.94,0.0,0.0,2026-06-29 19:53:58.123537+00:00
2810,Yolanda,Greene,1950-10-10,76,2020-09-26,69,A,WEALTH,30,13842 Wilcox Flat,East Andrew,NV,27149,3,3.0,Y,Y,N,Y,122169.43,0.0,0.0,2026-06-29 19:53:58.123537+00:00
2816,Patricia,Clark,1963-02-11,63,2015-11-11,127,A,DIGITAL,310,411 Alvarez Green Suite 940,Port Johnland,MT,05859,1,0.0,N,N,N,Y,11946.79,0.0,0.0,2026-06-29 19:53:58.123537+00:00
2820,Adam,Johnson,1972-06-16,54,2025-11-06,7,A,STUDENT,169,9717 Tammy Curve Suite 782,West Michaelfurt,NH,96864,1,1.0,N,Y,N,N,1923.68,0.0,0.0,2026-06-29 19:53:58.123537+00:00
2828,Gary,Gutierrez,1991-12-24,35,2013-02-27,160,A,SMALL_BIZ,485,424 Edward Alley,Josephland,IN,49267,4,4.0,Y,Y,Y,Y,151639.4,15000.0,35.82,2026-06-29 19:53:58.123537+00:00
2840,George,Cooper,1968-09-06,58,2020-09-18,69,A,MASS,344,8520 Mills Greens,Blairtown,ND,45471,4,3.0,Y,Y,Y,Y,143158.81,15000.0,28.13,2026-06-29 19:53:58.123537+00:00
2841,Leon,Brooks,1951-12-08,75,2024-03-17,27,A,WEALTH,237,244 Boyd Heights,North Andrew,TX,99087,3,2.0,Y,Y,Y,N,127072.75,15000.0,36.86,2026-06-29 19:53:58.123537+00:00
2845,Debra,Kelly,1993-08-13,33,2023-04-07,38,A,DIGITAL,151,1592 Donald Crest Apt. 588,Bookertown,AS,33669,1,1.0,N,Y,N,N,62464.76,0.0,0.0,2026-06-29 19:53:58.123537+00:00
2855,Bruce,Perez,2001-12-31,24,2019-04-15,86,A,MASS,466,857 Anthony Crossroad Suite 397,Bakerville,MO,64127,1,1.0,N,N,Y,N,2701.65,15000.0,18.01,2026-06-29 19:53:58.123537+00:00
2859,Ashley,Perkins,1955-11-24,71,2018-10-04,92,A,SMALL_BIZ,86,4362 James Radial,South Brian,MS,56254,3,3.0,Y,N,Y,Y,88762.76,5000.0,4.56,2026-06-29 19:53:58.123537+00:00
2870,Luke,Moreno,1955-10-11,71,2018-12-23,90,A,PREMIER,365,93954 Manuel Forks,Taylorchester,NM,61632,3,3.0,Y,Y,Y,N,73942.51,2000.0,38.08,2026-06-29 19:53:58.123537+00:00
2871,Chelsea,Duncan,1948-05-21,78,2015-12-20,126,I,MASS,492,79325 Baker Cape Suite 184,Williamfurt,GA,26681,2,2.0,Y,Y,N,N,45801.13,0.0,0.0,2026-06-29 19:53:58.123537+00:00
2893,Kristi,Dawson,1993-03-22,33,2012-07-03,167,A,PREMIER,446,8973 Daniel Fords Apt. 995,Hughesfurt,OK,62807,2,2.0,Y,N,Y,N,47965.94,25000.0,21.55,2026-06-29 19:53:58.123537+00:00
2910,Emily,Nguyen,1958-11-01,68,2014-10-25,140,A,PREMIER,171,6212 Davis Mountain Apt. 640,East Norma,WY,35693,4,4.0,Y,Y,Y,Y,99333.4,2000.0,79.33,2026-06-29 19:53:58.123537+00:00
2913,Hunter,Johnson,1993-04-12,33,2014-07-26,143,A,WEALTH,208,449 Mcconnell Spurs,Brownshire,IL,37338,1,1.0,Y,N,N,N,68972.14,0.0,0.0,2026-06-29 19:53:58.123537+00:00
2923,Kara,Stewart,1974-04-05,52,2020-07-06,71,A,SMALL_BIZ,362,709 Allen Walks Suite 943,New Manuel,OK,45365,4,4.0,Y,Y,Y,Y,159373.48,25000.0,40.94,2026-06-29 19:53:58.123537+00:00
2940,Alexis,Prince,1976-09-05,50,2013-11-06,151,A,STUDENT,214,7179 Young Junction Suite 323,South Stacey,ID,60452,1,1.0,N,Y,N,N,27144.06,0.0,0.0,2026-06-29 19:53:58.123537+00:00
2942,Amanda,Taylor,2007-05-18,19,2024-04-06,26,A,MASS,96,815 Maria Stravenue Apt. 929,Port Gerald,KS,22098,3,3.0,Y,Y,Y,N,66521.91,15000.0,21.2,2026-06-29 19:53:58.123537+00:00
2947,Christopher,Davis,2004-08-15,22,2014-11-09,139,A,SMALL_BIZ,468,9328 Palmer Groves,South Michelle,SD,43461,1,1.0,N,N,Y,N,3881.26,25000.0,15.53,2026-06-29 19:53:58.123537+00:00
2958,Sandra,Rogers,1960-03-15,66,2022-12-15,42,I,SMALL_BIZ,456,2599 White Coves Suite 926,Port Heatherburgh,MI,08939,1,1.0,N,N,N,Y,16129.69,0.0,0.0,2026-06-29 19:53:58.123537+00:00
2960,Elizabeth,Peterson,1978-04-08,48,2021-05-21,61,A,WEALTH,313,6093 Stein Tunnel Apt. 820,West Tiffanyton,NE,65881,3,2.0,Y,N,Y,Y,145037.3,10000.0,67.97,2026-06-29 19:53:58.123537+00:00
2961,Michael,May,1976-04-08,50,2012-06-06,168,A,MASS,413,18603 Daniel Inlet,Floresport,PA,79234,3,3.0,Y,Y,N,Y,109725.62,0.0,0.0,2026-06-29 19:53:58.123537+00:00
2962,Jeremy,Ellis,2006-02-16,20,2013-05-16,157,A,WEALTH,446,4577 Brandon Point Apt. 508,West Michaelstad,KY,20548,1,1.0,N,N,Y,N,537.97,2000.0,26.9,2026-06-29 19:53:58.123537+00:00
2977,Douglas,Carson,1945-06-17,81,2017-08-12,106,I,WEALTH,87,054 Perez Squares Suite 153,West Jameshaven,NE,32230,2,2.0,N,Y,Y,N,10278.85,2000.0,9.65,2026-06-29 19:53:58.123537+00:00
2978,Stephanie,Sanchez,1992-09-19,34,2023-07-13,35,A,WEALTH,340,438 Tony Canyon Apt. 552,Janetton,GU,29519,2,2.0,N,Y,N,Y,88391.62,0.0,0.0,2026-06-29 19:53:58.123537+00:00
2985,Shawn,Jones,1949-11-09,77,2022-07-29,47,A,PREMIER,408,5171 Howard Expressway Suite 149,Lake Jennifershire,WY,03321,2,2.0,N,Y,N,Y,77547.08,0.0,0.0,2026-06-29 19:53:58.123537+00:00
2993,Johnathan,Romero,1990-01-01,36,2015-08-10,130,A,DIGITAL,437,9619 Maria Fields,West Brandonbury,IN,41708,3,2.0,N,Y,Y,Y,51017.9,10000.0,46.64,2026-06-29 19:53:58.123537+00:00
3006,Melissa,King,1995-03-21,31,2022-05-14,49,I,SMALL_BIZ,425,746 Burch Streets Suite 000,Port David,MS,52403,2,1.0,Y,Y,N,N,121847.66,0.0,0.0,2026-06-29 19:53:58.123537+00:00
3007,Teresa,Wright,1996-04-27,30,2016-08-15,118,I,MASS,361,771 Kristin Well,West Jenniferberg,KY,16000,3,2.0,Y,N,Y,Y,23045.96,2000.0,80.07,2026-06-29 19:53:58.123537+00:00
3018,Amanda,Sanders,1979-01-16,47,2022-10-12,44,A,SMALL_BIZ,156,356 Christensen Stravenue,New Tamara,DC,76732,4,3.0,Y,Y,Y,Y,161179.24,25000.0,98.31,2026-06-29 19:53:58.123537+00:00
3026,Jason,Smith,1956-08-15,70,2021-02-26,64,A,PREMIER,183,0731 Brown Islands,Sandershaven,IL,58074,2,2.0,N,N,Y,Y,53916.65,2000.0,67.92,2026-06-29 19:53:58.123537+00:00
3031,Mitchell,Mccullough,1995-04-27,31,2015-06-04,132,A,SMALL_BIZ,382,27876 Kendra Square Suite 057,New Patriciaton,OR,10352,1,1.0,N,Y,N,N,20530.57,0.0,0.0,2026-06-29 19:53:58.123537+00:00
3032,Michael,Rubio,2004-04-06,22,2016-04-07,122,A,WEALTH,443,2966 Lewis Drives,New Daniellemouth,DE,69605,1,1.0,N,N,Y,N,1398.33,2000.0,69.92,2026-06-29 19:53:58.123537+00:00
3035,Lawrence,Aguirre,1975-06-28,51,2018-08-03,94,A,PREMIER,63,29139 Denise Circle Apt. 392,West Ashleymouth,IA,28597,3,3.0,Y,N,Y,Y,86339.7,2000.0,97.41,2026-06-29 19:53:58.123537+00:00
3036,Jennifer,Newman,1981-12-18,45,2022-03-26,51,A,DIGITAL,12,956 Ashley Union,Port Cynthia,NY,86487,4,4.0,Y,Y,Y,Y,154180.21,10000.0,18.83,2026-06-29 19:53:58.123537+00:00
3041,Jennifer,Hudson,1987-03-09,39,2012-06-19,168,A,PREMIER,366,7265 Shirley Route,Lake Jaredstad,TX,91861,1,1.0,N,Y,N,N,39152.65,0.0,0.0,2026-06-29 19:53:58.123537+00:00
3063,Gregory,Hernandez,1988-10-25,38,2024-08-12,22,A,SMALL_BIZ,319,68218 King Well,Doyleview,OK,20733,3,3.0,Y,Y,N,Y,121095.62,0.0,0.0,2026-06-29 19:53:58.123537+00:00
3072,Renee,Zimmerman,2003-03-16,23,2023-08-03,34,A,MASS,404,898 Bridget Underpass,West Toddport,IN,97618,2,2.0,N,N,Y,Y,20317.6,2000.0,85.6,2026-06-29 19:53:58.123537+00:00
3074,Bailey,Patel,1962-12-20,64,2019-05-11,85,A,PREMIER,139,27865 Williams Harbor Apt. 688,Lake Charlesport,MT,74339,4,4.0,Y,Y,Y,Y,152565.09,25000.0,33.12,2026-06-29 19:53:58.123537+00:00
3077,Andrew,Garcia,1970-08-24,56,2012-09-19,165,I,MASS,466,9464 Woods Falls,Sharpville,VI,99453,3,2.0,Y,Y,Y,N,128044.71,25000.0,63.63,2026-06-29 19:53:58.123537+00:00
3086,Charles,Harris,2001-04-11,25,2022-02-12,52,A,DIGITAL,177,6232 Randy Tunnel,West Samantha,CT,77044,1,1.0,Y,N,N,N,66045.55,0.0,0.0,2026-06-29 19:53:58.123537+00:00
3093,Natasha,Doyle,1983-06-12,43,2014-07-19,143,A,SMALL_BIZ,312,77840 Suzanne Trafficway,Merrittmouth,ME,70983,4,3.0,Y,Y,Y,Y,108456.98,25000.0,50.78,2026-06-29 19:53:58.123537+00:00
3103,Taylor,Rodriguez,1950-01-03,76,2026-05-05,1,I,SMALL_BIZ,70,4639 White Glens Suite 632,Port Stephanietown,IL,66298,2,1.0,Y,N,Y,N,47128.26,25000.0,37.89,2026-06-29 19:53:58.123537+00:00
3106,Blake,Peck,1951-01-21,75,2020-05-25,73,A,STUDENT,98,288 Benjamin Knolls,Andrewstad,MO,80909,1,1.0,Y,N,N,N,60383.95,0.0,0.0,2026-06-29 19:53:58.123537+00:00
3107,Jason,Stewart,1992-11-12,34,2014-04-23,146,A,SMALL_BIZ,218,2173 Adam Motorway,Port Joechester,DC,96512,2,2.0,Y,N,N,Y,61420.48,0.0,0.0,2026-06-29 19:53:58.123537+00:00
3123,Greg,Coffey,1951-03-02,75,2020-12-29,66,A,WEALTH,182,61534 Jesse Lodge,Wellsville,TN,23446,2,2.0,Y,N,Y,N,82822.77,15000.0,80.63,2026-06-29 19:53:58.123537+00:00
3139,Taylor,Parrish,1954-09-29,72,2017-08-17,106,A,SMALL_BIZ,366,0788 Herrera Skyway Apt. 893,New Ericborough,CO,76523,4,3.0,Y,Y,Y,Y,122530.21,10000.0,1.54,2026-06-29 19:53:58.123537+00:00
3143,Lawrence,Winters,1945-01-09,81,2024-03-17,27,A,PREMIER,393,0155 Monica Springs Suite 376,East Antonioside,CT,57621,1,1.0,N,N,N,Y,53804.4,0.0,0.0,2026-06-29 19:53:58.123537+00:00
3148,Eric,Tran,1977-02-26,49,2020-09-18,69,A,STUDENT,79,1848 Joe Summit Suite 733,Justinville,MT,71465,4,4.0,Y,Y,Y,Y,64716.39,2000.0,6.04,2026-06-29 19:53:58.123537+00:00
3149,Hannah,Mckee,1972-12-13,54,2026-02-28,4,A,DIGITAL,128,5495 Travis Prairie,Rodriguezborough,HI,04475,4,3.0,Y,Y,Y,Y,85569.88,15000.0,71.68,2026-06-29 19:53:58.123537+00:00
3150,Dwayne,Wallace,2006-11-21,20,2021-05-24,61,A,MASS,359,31033 Wright Streets,Port Paul,OR,10647,4,4.0,Y,Y,Y,Y,158529.88,5000.0,64.22,2026-06-29 19:53:58.123537+00:00
3155,Casey,Taylor,2007-09-03,19,2024-09-18,21,A,PREMIER,141,190 Yvonne Square Apt. 333,Amychester,AK,08593,2,2.0,Y,N,Y,N,20983.74,15000.0,44.78,2026-06-29 19:53:58.123537+00:00
3156,Edward,Haney,1961-08-06,65,2017-05-12,109,A,WEALTH,10,560 Miranda Plains,Josetown,MO,75089,3,3.0,Y,Y,Y,N,56572.18,10000.0,85.13,2026-06-29 19:53:58.123537+00:00
3163,Karen,Wolf,1970-07-01,56,2012-02-04,172,A,DIGITAL,164,685 Ann Walk,South Sandrahaven,MO,35472,1,1.0,N,N,N,Y,9483.18,0.0,0.0,2026-06-29 19:53:58.123537+00:00
3173,Laurie,Maxwell,1966-07-05,60,2013-10-15,152,A,DIGITAL,300,443 Shannon Lakes,Robertsonland,PW,62276,4,4.0,Y,Y,Y,Y,94242.56,2000.0,14.88,2026-06-29 19:53:58.123537+00:00
3176,Morgan,Hartman,1999-11-14,27,2018-05-13,97,A,DIGITAL,361,209 Carlos Shoals,Robinsonside,AK,18197,4,4.0,Y,Y,Y,Y,68922.61,5000.0,17.59,2026-06-29 19:53:58.123537+00:00
3178,Christopher,Bean,1991-06-23,35,2012-09-13,165,I,MASS,372,93842 Villanueva Heights Apt. 088,Cohenland,NV,39882,2,2.0,Y,N,N,Y,95541.21,0.0,0.0,2026-06-29 19:53:58.123537+00:00
3182,Michelle,Brown,1960-10-16,66,2021-07-30,59,A,WEALTH,323,61050 Chung Green Apt. 684,Jaredland,AZ,73483,4,4.0,Y,Y,Y,Y,123522.1,2000.0,48.13,2026-06-29 19:53:58.123537+00:00
3220,Cindy,Miller,1947-11-24,79,2022-09-06,45,A,WEALTH,352,467 Pamela Way,South Edward,PA,95391,3,3.0,Y,Y,N,Y,127365.04,0.0,0.0,2026-06-29 19:53:58.123537+00:00
3232,Connie,Peters,2002-06-12,24,2013-09-10,153,A,DIGITAL,158,7908 Craig Falls,Hernandezborough,OK,33502,3,3.0,Y,Y,Y,N,31448.57,5000.0,28.05,2026-06-29 19:53:58.123537+00:00
3241,Shelby,Young,1951-08-25,75,2019-04-16,86,A,SMALL_BIZ,453,93093 Bryant Burg,Fernandezbury,NE,72515,2,1.0,N,Y,N,Y,102628.17,0.0,0.0,2026-06-29 19:53:58.123537+00:00
3254,Rose,Garner,1955-09-30,71,2019-06-28,84,A,SMALL_BIZ,408,835 Mary Mountain Apt. 662,Lisamouth,NC,19583,2,2.0,Y,Y,N,N,33686.15,0.0,0.0,2026-06-29 19:53:58.123537+00:00
3256,Matthew,Murphy,1954-12-31,71,2020-07-21,71,A,DIGITAL,47,01007 Robert Common,North Darren,MI,55082,2,2.0,Y,N,N,Y,115224.31,0.0,0.0,2026-06-29 19:53:58.123537+00:00
3258,William,Sullivan,1981-12-01,45,2021-03-17,63,A,MASS,254,89824 Laura Grove Apt. 514,Bakerborough,WV,35369,2,2.0,Y,N,Y,N,55457.82,15000.0,38.71,2026-06-29 19:53:58.123537+00:00
3261,Olivia,Meyers,1997-04-18,29,2021-07-19,59,A,WEALTH,215,8470 Beth Overpass Apt. 109,Lake Carolineport,ID,33092,1,0.0,N,N,Y,N,750.85,10000.0,7.51,2026-06-29 19:53:58.123537+00:00
3263,William,Collins,2000-09-28,26,2015-04-03,134,A,STUDENT,421,616 Jordan Mountains Apt. 571,Wilsonberg,AZ,16373,2,2.0,N,Y,Y,N,80431.08,10000.0,76.96,2026-06-29 19:53:58.123537+00:00
3264,Matthew,Porter,1955-12-29,70,2014-03-10,147,A,PREMIER,298,6748 Wilson Pass,Christopherfurt,IN,55689,4,4.0,Y,Y,Y,Y,101368.53,15000.0,72.29,2026-06-29 19:53:58.123537+00:00
3266,Timothy,Carlson,1991-12-31,34,2025-03-24,15,A,SMALL_BIZ,45,701 John Shores,Port Pamela,OK,40422,2,1.0,N,Y,N,Y,51543.68,0.0,0.0,2026-06-29 19:53:58.123537+00:00
3275,Nicole,Frederick,2005-04-20,21,2023-04-26,38,I,MASS,28,52074 Julie Mews,Yolandaside,SD,16874,3,2.0,Y,Y,Y,N,56541.99,10000.0,6.16,2026-06-29 19:53:58.123537+00:00
3279,Benjamin,Reynolds,1968-02-16,58,2017-02-13,112,A,DIGITAL,40,582 Thomas Courts,Annchester,NH,68351,3,3.0,N,Y,Y,Y,135152.18,15000.0,46.3,2026-06-29 19:53:58.123537+00:00
3285,Latoya,Baldwin,1978-12-09,48,2021-12-23,54,A,PREMIER,80,68310 Tapia Key Suite 423,West Jessica,VI,48935,2,2.0,Y,Y,N,N,90799.57,0.0,0.0,2026-06-29 19:53:58.123537+00:00
3291,Susan,Miller,1986-10-06,40,2017-07-29,107,A,PREMIER,268,74838 Ronald Drives,East Donaldport,SC,88748,3,3.0,Y,Y,N,Y,120506.98,0.0,0.0,2026-06-29 19:53:58.123537+00:00
3304,Aaron,Leon,2001-06-21,25,2014-04-20,146,A,STUDENT,405,5860 Dustin Isle Apt. 670,West Debbie,NV,58726,1,1.0,N,N,N,Y,21386.71,0.0,0.0,2026-06-29 19:53:58.123537+00:00
3306,Richard,Bryan,2005-02-23,21,2015-02-05,136,A,PREMIER,183,9612 Roman Terrace,East Jennifer,ID,93906,4,4.0,Y,Y,Y,Y,114222.55,15000.0,36.57,2026-06-29 19:53:58.123537+00:00
3320,Melissa,Robinson,1962-04-01,64,2023-01-31,41,A,MASS,185,7291 Cox Pass Suite 289,Port Kelly,NE,63759,2,1.0,N,N,Y,Y,29542.72,15000.0,97.15,2026-06-29 19:53:58.123537+00:00
3339,Carl,Tyler,1966-07-03,60,2015-06-01,132,A,DIGITAL,437,13600 Warner Mission,Lake Leah,MH,73443,4,3.0,Y,Y,Y,Y,122276.04,5000.0,81.46,2026-06-29 19:53:58.123537+00:00
3375,Tonya,Smith,2006-03-31,20,2023-08-15,34,A,STUDENT,194,5940 Jessica Turnpike Suite 143,Trujilloshire,CT,24328,2,2.0,N,Y,Y,N,21106.49,2000.0,35.58,2026-06-29 19:53:58.123537+00:00
3397,Mary,Obrien,1974-12-04,52,2020-09-03,69,I,STUDENT,146,7492 Wolfe Creek Apt. 290,Davidstad,NJ,10434,3,3.0,Y,Y,N,Y,66683.21,0.0,0.0,2026-06-29 19:53:58.123537+00:00
3405,Wendy,Mendoza,1956-10-21,70,2016-12-16,114,A,STUDENT,220,93998 Adams Branch Apt. 208,Teresaburgh,MN,39250,1,1.0,N,N,N,Y,52639.67,0.0,0.0,2026-06-29 19:53:58.123537+00:00
3406,Deanna,George,1952-10-13,74,2024-03-23,27,A,SMALL_BIZ,89,479 Julia Estates Suite 802,Ballardview,CA,76842,3,2.0,Y,N,Y,Y,92660.8,25000.0,43.1,2026-06-29 19:53:58.123537+00:00
3411,Larry,Meyer,2002-11-10,24,2014-11-28,139,A,MASS,105,1867 Snyder Extension,Andersonshire,OK,67007,2,1.0,Y,N,Y,N,82866.61,5000.0,78.42,2026-06-29 19:53:58.123537+00:00
3424,Steven,Lindsey,1966-10-11,60,2011-07-02,179,A,DIGITAL,48,191 William Mountain Apt. 326,Cortezchester,AS,28426,2,2.0,N,Y,Y,N,58356.98,2000.0,53.89,2026-06-29 19:53:58.123537+00:00
3434,Jeremy,Gonzales,1957-11-14,69,2011-09-26,177,A,PREMIER,82,59110 Stacie Corners,Garybury,NY,66585,3,3.0,Y,Y,Y,N,25983.4,5000.0,88.45,2026-06-29 19:53:58.123537+00:00
3442,Joseph,Johnson,1951-04-09,75,2022-02-05,52,A,WEALTH,382,6953 Daniels Ridges,East Gabriel,OK,90569,4,4.0,Y,Y,Y,Y,122968.47,10000.0,18.3,2026-06-29 19:53:58.123537+00:00
3449,Douglas,Herman,1989-11-25,37,2015-06-23,132,A,STUDENT,56,98562 Cory Common,Watsonchester,MP,78717,3,3.0,Y,Y,N,Y,111136.76,0.0,0.0,2026-06-29 19:53:58.123537+00:00
3454,Timothy,Jones,1999-01-12,27,2015-06-14,132,A,STUDENT,424,5510 Davis Meadows Apt. 894,Belindaport,DE,32650,2,2.0,N,N,Y,Y,38339.34,25000.0,12.28,2026-06-29 19:53:58.123537+00:00
3474,Laura,Smith,1947-01-17,79,2012-09-18,165,A,WEALTH,146,5937 Banks Key Suite 305,Townsendland,UT,99300,3,3.0,Y,Y,Y,N,57329.2,15000.0,58.38,2026-06-29 19:53:58.123537+00:00
3482,Christina,Fox,1948-09-11,78,2020-05-05,73,A,SMALL_BIZ,496,7494 David Key Apt. 730,Barnettfort,OH,91223,1,1.0,N,N,Y,N,5708.44,15000.0,38.06,2026-06-29 19:53:58.123537+00:00
3483,Calvin,Obrien,1997-03-22,29,2015-09-25,129,A,STUDENT,53,635 Solis Pine Suite 214,Coletown,AK,95016,1,1.0,N,N,Y,N,14948.82,15000.0,99.66,2026-06-29 19:53:58.123537+00:00
3497,Raymond,Fletcher,1974-10-31,52,2021-04-24,62,I,SMALL_BIZ,251,14337 Perry Trafficway Apt. 672,West James,NJ,54202,3,3.0,N,Y,Y,Y,47190.86,5000.0,77.73,2026-06-29 19:53:58.123537+00:00
3523,Christopher,Lucas,1954-11-28,72,2021-09-17,57,A,DIGITAL,305,08205 Anthony Skyway,Brooksbury,ND,11865,4,4.0,Y,Y,Y,Y,151522.92,15000.0,29.1,2026-06-29 19:53:58.123537+00:00
3526,Frank,Davis,2002-03-10,24,2014-07-15,143,A,PREMIER,113,533 Reynolds Pike Apt. 371,Lake Krystalfort,MN,90865,2,2.0,N,Y,N,Y,34317.85,0.0,0.0,2026-06-29 19:53:58.123537+00:00
3531,Kimberly,Marshall,1949-08-17,77,2022-12-01,42,A,SMALL_BIZ,422,41253 Bianca Park,Ronaldshire,MN,78737,3,3.0,Y,Y,N,Y,119757.92,0.0,0.0,2026-06-29 19:53:58.123537+00:00
3539,James,Walsh,1995-11-18,31,2014-08-29,142,A,DIGITAL,493,094 Richards Forges,Melissatown,MI,09115,2,2.0,N,N,Y,Y,38639.51,10000.0,44.44,2026-06-29 19:53:58.123537+00:00
3542,Dawn,Gonzalez,1993-02-19,33,2017-04-08,110,A,SMALL_BIZ,390,762 Jennifer Curve Apt. 260,South Johnville,WY,08030,1,1.0,N,N,Y,N,963.41,2000.0,48.17,2026-06-29 19:53:58.123537+00:00
3558,Andrea,Weaver,1960-01-07,66,2024-01-17,29,A,STUDENT,380,156 Young Ramp,North Daniel,HI,13813,2,1.0,N,Y,N,Y,38064.45,0.0,0.0,2026-06-29 19:53:58.123537+00:00
3564,Michael,Weaver,1973-06-13,53,2018-06-28,96,A,MASS,201,80695 James Rest,North Travisfurt,PA,29729,4,4.0,Y,Y,Y,Y,177042.67,10000.0,9.14,2026-06-29 19:53:58.123537+00:00
3569,Adam,Mills,1975-08-22,51,2026-04-03,2,A,PREMIER,497,3836 Chase Villages,Lake Morgan,NY,43450,1,0.0,N,N,N,Y,18017.02,0.0,0.0,2026-06-29 19:53:58.123537+00:00
3570,Kimberly,Lopez,1959-10-21,67,2023-05-07,37,I,SMALL_BIZ,76,403 Penny Manors,Eugeneland,CO,59349,1,1.0,N,N,Y,N,409.09,10000.0,4.09,2026-06-29 19:53:58.123537+00:00
3578,Jessica,Sutton,2008-05-13,18,2022-08-08,46,A,MASS,403,7672 Williams Loop,North Brenda,NV,89647,3,3.0,Y,Y,N,Y,79800.87,0.0,0.0,2026-06-29 19:53:58.123537+00:00
3595,Corey,Atkins,1966-05-03,60,2015-04-17,134,A,PREMIER,468,9415 Villarreal Shoals Suite 511,Lake Tomville,OH,10844,1,1.0,Y,N,N,N,32615.09,0.0,0.0,2026-06-29 19:53:58.123537+00:00
3597,Rachel,King,2005-08-14,21,2013-02-01,160,A,STUDENT,465,877 Carter Shores,New Nicholas,AS,29143,3,3.0,Y,Y,N,Y,101720.53,0.0,0.0,2026-06-29 19:53:58.123537+00:00
3602,Kirk,Duran,1954-06-14,72,2013-02-09,160,A,STUDENT,236,33482 Collin Spring,South Samuel,NH,23385,3,3.0,Y,N,Y,Y,139798.14,5000.0,11.37,2026-06-29 19:53:58.123537+00:00
3625,Katherine,Juarez,1990-01-01,36,2016-12-16,114,A,MASS,342,1274 Michael Valleys,Martinezside,WY,30680,1,1.0,N,N,Y,N,2893.56,15000.0,19.29,2026-06-29 19:53:58.123537+00:00
3628,Robert,Miller,1953-03-22,73,2024-01-25,29,I,PREMIER,146,3811 Carpenter Springs Suite 672,North Danielshire,NE,19717,4,4.0,Y,Y,Y,Y,177552.94,15000.0,62.28,2026-06-29 19:53:58.123537+00:00
3642,Charles,Ryan,1998-12-30,27,2019-08-08,82,I,SMALL_BIZ,270,56337 Desiree Viaduct,Jessicaburgh,GU,86547,4,4.0,Y,Y,Y,Y,173468.73,10000.0,50.54,2026-06-29 19:53:58.123537+00:00
3659,Billy,Hamilton,1944-05-03,82,2017-02-24,112,A,DIGITAL,45,5930 Mike Stream Apt. 384,Johnfurt,IN,94037,1,1.0,N,Y,N,N,9755.23,0.0,0.0,2026-06-29 19:53:58.123537+00:00
3686,Barbara,Briggs,1960-03-27,66,2015-10-29,128,A,WEALTH,260,6985 Melinda Shoal Apt. 073,Julietown,AK,62360,2,2.0,N,Y,Y,N,30890.84,25000.0,71.85,2026-06-29 19:53:58.123537+00:00
3694,Donald,Garcia,1967-12-09,59,2014-10-20,140,A,PREMIER,225,4484 Goodwin Fort,Port Haileyside,NM,74797,4,3.0,Y,Y,Y,Y,128420.95,5000.0,22.32,2026-06-29 19:53:58.123537+00:00
3703,Wendy,Johnson,1953-11-15,73,2023-09-24,33,A,MASS,67,1850 Ramos Inlet Apt. 250,Mooreborough,NH,07172,1,1.0,N,Y,N,N,70211.83,0.0,0.0,2026-06-29 19:53:58.123537+00:00
3718,Travis,Foster,1993-08-13,33,2016-07-10,119,A,PREMIER,256,87870 Baker Plain,Nicolechester,TN,52226,2,1.0,Y,Y,N,N,86083.91,0.0,0.0,2026-06-29 19:53:58.123537+00:00
3720,Kimberly,Smith,1949-04-19,77,2013-05-30,157,A,PREMIER,31,56142 Angela Creek Apt. 592,Thomasland,MD,77895,3,3.0,Y,Y,N,Y,159780.9,0.0,0.0,2026-06-29 19:53:58.123537+00:00
3724,Cory,Thompson,1962-12-15,64,2022-08-10,46,A,STUDENT,27,09335 Gerald Route,Garciaton,PW,74968,4,4.0,Y,Y,Y,Y,168225.27,10000.0,83.99,2026-06-29 19:53:58.123537+00:00
3726,Ashley,Washington,1975-08-07,51,2014-03-24,147,I,PREMIER,466,202 Carr Fall Apt. 296,East Marcuston,IA,10064,4,4.0,Y,Y,Y,Y,69421.28,2000.0,92.66,2026-06-29 19:53:58.123537+00:00
3729,Kevin,Spencer,2006-01-07,20,2013-03-21,159,A,WEALTH,401,969 Willis Roads Apt. 687,New Steve,NC,84077,3,3.0,Y,N,Y,Y,104035.34,2000.0,98.31,2026-06-29 19:53:58.123537+00:00
3731,Roberta,Doyle,1957-05-26,69,2024-05-12,25,A,STUDENT,238,511 Kyle Fork,Heatherville,KS,93597,1,1.0,Y,N,N,N,33103.27,0.0,0.0,2026-06-29 19:53:58.123537+00:00
3734,Lynn,Romero,1987-10-18,39,2011-10-05,176,A,PREMIER,144,4335 Brown Courts,West Jessicashire,GA,32288,3,3.0,Y,Y,N,Y,44797.8,0.0,0.0,2026-06-29 19:53:58.123537+00:00
3740,Julie,Lowe,1984-06-27,42,2022-10-27,44,A,MASS,434,964 Ortiz Plaza Apt. 626,Christopherport,CA,23868,4,3.0,Y,Y,Y,Y,174845.81,10000.0,91.13,2026-06-29 19:53:58.123537+00:00
3753,Diane,Hoffman,2001-09-09,25,2019-04-02,86,A,PREMIER,488,533 Evans Shoal Apt. 257,Williamsonville,OK,97003,2,1.0,N,Y,Y,N,36565.55,2000.0,41.44,2026-06-29 19:53:58.123537+00:00
3756,Ryan,Johnson,2001-12-09,25,2019-12-09,78,A,MASS,56,48729 Lisa Springs Suite 189,South Michelle,MD,82024,3,2.0,Y,Y,Y,N,22031.3,15000.0,9.01,2026-06-29 19:53:58.123537+00:00
3764,Kendra,Atkinson,1951-06-22,75,2020-04-03,74,A,DIGITAL,189,6088 Medina Cove Apt. 073,Paulfurt,KY,77311,4,4.0,Y,Y,Y,Y,74319.73,15000.0,42.35,2026-06-29 19:53:58.123537+00:00
3767,Rebecca,Price,1975-12-03,51,2020-06-12,72,A,STUDENT,367,2062 Justin Expressway Suite 174,Josephfurt,MP,32240,2,2.0,Y,Y,N,N,63626.12,0.0,0.0,2026-06-29 19:53:58.123537+00:00
3771,Deborah,Miller,1966-08-18,60,2012-04-29,170,A,SMALL_BIZ,41,180 Miranda Squares Suite 874,Port Aliciachester,TX,41911,3,3.0,Y,Y,Y,N,139146.6,5000.0,4.96,2026-06-29 19:53:58.123537+00:00
3781,Carl,Strickland,1979-05-17,47,2025-05-27,13,A,PREMIER,469,77769 Hays Harbor,Heatherborough,GU,78037,3,3.0,Y,Y,N,Y,149822.11,0.0,0.0,2026-06-29 19:53:58.123537+00:00
3788,Robert,Bryan,1966-12-09,60,2014-10-03,140,A,SMALL_BIZ,452,13023 Dylan Land Apt. 788,New Coreymouth,MD,14100,4,4.0,Y,Y,Y,Y,20734.6,5000.0,8.82,2026-06-29 19:53:58.123537+00:00
3801,Catherine,Hall,1974-05-29,52,2022-05-26,49,A,WEALTH,359,28096 Davis Manor,South Shannon,IL,57932,1,1.0,N,N,N,Y,38035.83,0.0,0.0,2026-06-29 19:53:58.123537+00:00
3812,Matthew,Zhang,1985-09-05,41,2011-09-17,177,A,WEALTH,266,649 Foley Spur,Port Staceymouth,CO,39582,1,1.0,N,N,N,Y,26822.07,0.0,0.0,2026-06-29 19:53:58.123537+00:00
3818,Eric,Mcclain,1978-02-13,48,2011-09-25,177,I,PREMIER,106,554 Perez Green,Thompsonshire,DC,63769,2,1.0,Y,N,N,Y,27011.41,0.0,0.0,2026-06-29 19:53:58.123537+00:00
3824,Stephen,Patrick,1971-10-07,55,2019-08-19,82,A,WEALTH,152,528 Mendoza Pass Suite 510,South Katherineport,NV,13290,2,2.0,Y,N,Y,N,44916.35,5000.0,29.04,2026-06-29 19:53:58.123537+00:00
3825,Scott,Kelly,2002-08-28,24,2021-11-11,55,A,WEALTH,456,5949 Stephens Forges Apt. 914,East Cody,NH,44560,4,3.0,Y,Y,Y,Y,142311.48,10000.0,88.28,2026-06-29 19:53:58.123537+00:00
3827,Diane,Johnson,1954-08-16,72,2022-12-18,42,A,SMALL_BIZ,343,860 Troy Plains Suite 077,Davidville,MA,57146,2,2.0,Y,Y,N,N,81539.85,0.0,0.0,2026-06-29 19:53:58.123537+00:00
3844,Dakota,Sullivan,2001-11-22,25,2020-01-13,77,A,SMALL_BIZ,179,21831 Scott Expressway,Kelleyland,HI,66334,3,3.0,Y,N,Y,Y,38710.28,5000.0,89.63,2026-06-29 19:53:58.123537+00:00
3881,Margaret,Lloyd,2000-04-10,26,2024-08-30,22,A,PREMIER,38,193 Walter Circles,West Maria,ND,38648,2,2.0,Y,Y,N,N,51178.12,0.0,0.0,2026-06-29 19:53:58.123537+00:00
3885,Brenda,Carney,1976-08-26,50,2017-03-16,111,I,STUDENT,440,54029 Christina Path Apt. 320,Stephanieport,MA,80302,2,2.0,N,N,Y,Y,56783.15,10000.0,39.85,2026-06-29 19:53:58.123537+00:00
3918,Grant,Jones,1970-11-21,56,2014-04-11,146,A,WEALTH,5,618 Padilla Squares Apt. 288,Smithborough,PR,65794,1,1.0,N,Y,N,N,72529.49,0.0,0.0,2026-06-29 19:53:58.123537+00:00
3932,Audrey,Rodriguez,1996-01-27,30,2024-03-31,27,A,STUDENT,81,97462 Anderson Port Apt. 175,East Jacquelineton,DE,28962,2,2.0,N,Y,Y,N,60246.03,10000.0,64.85,2026-06-29 19:53:58.123537+00:00
3933,Frank,Clark,1945-12-10,81,2023-12-13,30,A,SMALL_BIZ,287,128 Mcgee Street Suite 373,South James,VI,65196,3,2.0,N,Y,Y,Y,98021.27,5000.0,44.37,2026-06-29 19:53:58.123537+00:00
3949,Natalie,Shepherd,1985-09-25,41,2018-04-14,98,A,SMALL_BIZ,242,63153 Crystal Burg,New Ashleybury,WY,96681,2,2.0,Y,N,N,Y,85205.56,0.0,0.0,2026-06-29 19:53:58.123537+00:00
3961,Anthony,David,2003-05-26,23,2014-08-27,142,A,DIGITAL,316,13939 Zachary Springs Apt. 802,North Stephen,VT,36290,4,4.0,Y,Y,Y,Y,92674.98,5000.0,79.12,2026-06-29 19:53:58.123537+00:00
3980,Lisa,Santiago,1977-12-18,49,2019-03-15,87,A,SMALL_BIZ,87,84131 Brooks River Apt. 678,Burgesstown,DE,69031,2,2.0,N,N,Y,Y,37135.51,10000.0,23.66,2026-06-29 19:53:58.123537+00:00
3987,Amanda,Rice,1979-05-10,47,2014-03-15,147,A,WEALTH,89,855 Berry Trafficway,Wagnershire,TX,74455,2,2.0,N,N,Y,Y,54058.9,15000.0,25.12,2026-06-29 19:53:58.123537+00:00
3992,Madeline,Miller,1970-10-20,56,2017-05-12,109,A,SMALL_BIZ,45,45812 Hopkins Crest Suite 410,Mitchelltown,AZ,45315,1,1.0,N,N,Y,N,3849.16,15000.0,25.66,2026-06-29 19:53:58.123537+00:00
4009,Isaac,Mclaughlin,1953-02-28,73,2016-04-19,122,A,DIGITAL,176,6510 Kimberly Avenue,Port Donald,SC,24628,2,2.0,Y,Y,N,N,104643.34,0.0,0.0,2026-06-29 19:53:58.123537+00:00
4048,Amanda,Shaw,1956-05-13,70,2019-06-20,84,A,STUDENT,37,2069 Rodriguez Falls,Ryanport,NV,27884,3,3.0,Y,Y,N,Y,117234.03,0.0,0.0,2026-06-29 19:53:58.123537+00:00
4049,Derrick,Green,1982-08-20,44,2024-08-15,22,I,SMALL_BIZ,380,581 Lee Forges,East Stephanie,MT,89138,1,1.0,N,N,Y,N,3686.6,5000.0,73.73,2026-06-29 19:53:58.123537+00:00
4063,David,Green,1991-07-29,35,2023-01-05,41,A,PREMIER,83,1014 Hodges Glens Apt. 189,Kochbury,AR,95867,2,2.0,N,N,Y,Y,28959.5,2000.0,8.08,2026-06-29 19:53:58.123537+00:00
4075,Heidi,James,1973-07-02,53,2016-11-17,115,A,WEALTH,25,56530 Robinson Shore,South Jeremiah,MN,71618,3,3.0,Y,Y,Y,N,63435.48,25000.0,67.03,2026-06-29 19:53:58.123537+00:00
4089,Linda,Johnson,1956-04-12,70,2023-02-23,40,I,PREMIER,40,3638 Randall Lock,Carolville,MS,27373,4,3.0,Y,Y,Y,Y,32834.11,2000.0,43.66,2026-06-29 19:53:58.123537+00:00
4090,Mike,Lindsey,1950-04-05,76,2024-04-10,26,A,PREMIER,76,117 Lucas Island,Kimberlytown,MD,24772,3,3.0,Y,N,Y,Y,15496.35,10000.0,22.48,2026-06-29 19:53:58.123537+00:00
4093,Jeremy,Brown,1963-11-14,63,2020-07-25,71,A,WEALTH,206,92626 Karen Throughway Suite 978,Christinaborough,UT,74330,3,1.0,Y,N,Y,Y,38622.27,5000.0,34.32,2026-06-29 19:53:58.123537+00:00
4099,Wesley,Frye,1966-06-13,60,2025-12-30,6,A,WEALTH,141,6714 John Meadow,Brianfurt,FM,23383,1,1.0,Y,N,N,N,35701.94,0.0,0.0,2026-06-29 19:53:58.123537+00:00
4108,Timothy,Perez,1956-10-27,70,2022-10-28,44,A,STUDENT,216,064 Garcia Dam,Port Michael,WA,92648,3,3.0,Y,Y,N,Y,124911.86,0.0,0.0,2026-06-29 19:53:58.123537+00:00
4110,Terri,Reid,1944-09-17,82,2019-10-04,80,A,MASS,175,50496 Anna Crossroad,Perrystad,NC,96862,4,4.0,Y,Y,Y,Y,35071.4,2000.0,14.28,2026-06-29 19:53:58.123537+00:00
4148,Philip,Montoya,1985-09-05,41,2018-12-13,90,A,MASS,68,004 Keller Groves Apt. 929,Gordonfort,VA,75395,2,2.0,N,Y,Y,N,32219.87,15000.0,43.31,2026-06-29 19:53:58.123537+00:00
4152,Allen,Holt,1956-11-25,70,2024-10-01,20,A,STUDENT,329,61684 Allen Fields Suite 880,West Bruceton,LA,66009,3,3.0,N,Y,Y,Y,57453.67,2000.0,67.91,2026-06-29 19:53:58.123537+00:00
4163,Richard,White,1942-08-16,84,2023-12-14,30,A,DIGITAL,434,4920 Hernandez Springs,North Joseph,ND,87634,3,3.0,Y,N,Y,Y,72945.83,5000.0,78.82,2026-06-29 19:53:58.123537+00:00
4173,Kelly,Taylor,1970-04-17,56,2019-09-02,81,A,DIGITAL,268,414 Mary Flat,Lake Timothyside,FM,98794,4,3.0,Y,Y,Y,Y,109663.12,15000.0,52.07,2026-06-29 19:53:58.123537+00:00
4174,Christy,Moore,1977-04-15,49,2019-12-16,78,A,DIGITAL,451,15791 Lauren Path,Jonesside,HI,35835,1,1.0,N,N,N,Y,34332.74,0.0,0.0,2026-06-29 19:53:58.123537+00:00
4175,Allison,Fernandez,1982-02-26,44,2023-03-14,39,I,SMALL_BIZ,150,6141 Andrew Vista,Rodneyville,NV,91018,3,3.0,Y,N,Y,Y,81958.42,5000.0,38.39,2026-06-29 19:53:58.123537+00:00
4177,Danielle,Harrington,1976-12-10,50,2021-08-31,58,A,SMALL_BIZ,226,9006 Vaughn Ramp Apt. 225,Lake Kevinview,MH,53275,2,2.0,Y,Y,N,N,63018.96,0.0,0.0,2026-06-29 19:53:58.123537+00:00
4179,Ashley,Mosley,1965-10-24,61,2024-01-30,29,A,DIGITAL,312,803 Jordan Wells,Nicholsport,MO,54583,1,1.0,N,N,N,Y,10697.66,0.0,0.0,2026-06-29 19:53:58.123537+00:00
4180,David,Harding,1943-01-21,83,2020-05-12,73,A,MASS,327,78275 Barker Trafficway,Port Bianca,NM,81327,4,4.0,Y,Y,Y,Y,169987.1,25000.0,36.92,2026-06-29 19:53:58.123537+00:00
4185,Steven,Rogers,1950-10-26,76,2012-07-29,167,A,MASS,330,09157 Anthony Ford,North Adamton,DE,66734,3,3.0,N,Y,Y,Y,79602.47,25000.0,32.35,2026-06-29 19:53:58.123537+00:00
4187,Devin,Phillips,1988-10-18,38,2021-07-02,59,A,WEALTH,332,55580 Doris Parkway Suite 223,New Jennifer,LA,56392,3,3.0,Y,Y,Y,N,122231.92,2000.0,14.61,2026-06-29 19:53:58.123537+00:00
4189,Juan,Franklin,1997-06-03,29,2019-09-19,81,A,PREMIER,343,20803 John Roads,East Mary,MH,25141,2,2.0,Y,N,Y,N,78724.27,10000.0,22.98,2026-06-29 19:53:58.123537+00:00
4198,Sara,Roach,1945-09-26,81,2017-06-12,108,A,SMALL_BIZ,276,42391 Christine Ports,South Joshua,NC,63140,4,4.0,Y,Y,Y,Y,87160.44,5000.0,38.28,2026-06-29 19:53:58.123537+00:00
4210,Nicole,Manning,1953-12-12,73,2012-09-11,165,A,DIGITAL,245,0167 Hebert Creek Apt. 248,Ramirezbury,OR,34584,3,2.0,Y,Y,Y,N,77431.49,15000.0,79.32,2026-06-29 19:53:58.123537+00:00
4212,Antonio,Jones,1979-08-25,47,2014-06-20,144,A,STUDENT,302,806 Cheryl Park Suite 456,Kendraberg,CO,21653,1,1.0,N,Y,N,N,60202.36,0.0,0.0,2026-06-29 19:53:58.123537+00:00
4214,Vanessa,Miller,1958-09-02,68,2021-12-10,54,A,PREMIER,369,3093 Richard Valleys,Lake Jodyport,NJ,80396,4,4.0,Y,Y,Y,Y,140096.84,15000.0,70.68,2026-06-29 19:53:58.123537+00:00
4216,Donald,Bradley,1961-02-14,65,2023-08-02,34,I,PREMIER,129,26073 Green Streets,North Heather,AS,84292,4,4.0,Y,Y,Y,Y,79137.63,10000.0,11.08,2026-06-29 19:53:58.123537+00:00
4221,Christopher,Winters,1995-05-30,31,2023-08-03,34,A,MASS,141,2258 Saunders Trafficway,South Mary,KS,04126,4,4.0,Y,Y,Y,Y,113871.0,25000.0,24.62,2026-06-29 19:53:58.123537+00:00
4226,Monica,Hernandez,2000-07-15,26,2015-02-06,136,A,SMALL_BIZ,156,614 Brittney Circle,Lake Richardmouth,NY,50020,4,3.0,Y,Y,Y,Y,93328.07,25000.0,49.34,2026-06-29 19:53:58.123537+00:00
4236,Amber,Cook,1996-09-28,30,2020-05-09,73,A,SMALL_BIZ,305,2786 Elizabeth Lights,East Tammy,PR,42212,1,1.0,N,N,N,Y,22027.55,0.0,0.0,2026-06-29 19:53:58.123537+00:00
4252,Janet,Richard,1974-06-23,52,2022-11-26,43,A,SMALL_BIZ,304,51770 Sandra Ville Apt. 785,New Shelbyfort,WI,80518,2,2.0,N,Y,Y,N,10136.01,25000.0,19.42,2026-06-29 19:53:58.123537+00:00
4261,Christina,Mcclain,2007-11-08,19,2016-07-07,119,A,WEALTH,126,23614 Ruiz Islands Suite 571,Johnshire,MA,41788,1,1.0,N,N,Y,N,2390.64,5000.0,47.81,2026-06-29 19:53:58.123537+00:00
4262,Kathleen,Sanchez,2005-10-19,21,2016-11-06,115,I,SMALL_BIZ,134,03545 Wilson Field,North Richardville,VI,14705,4,4.0,Y,Y,Y,Y,93579.89,2000.0,69.95,2026-06-29 19:53:58.123537+00:00
4266,Brian,Payne,2002-09-23,24,2023-10-15,32,A,SMALL_BIZ,453,812 Marcus Roads,Lake Hollytown,MO,39541,4,3.0,Y,Y,Y,Y,49132.53,25000.0,11.88,2026-06-29 19:53:58.123537+00:00
4278,Bill,Jacobson,1990-11-19,36,2011-12-20,174,A,STUDENT,82,51140 Hall Alley Apt. 517,Lake Leslie,FM,19945,3,3.0,Y,Y,N,Y,169050.37,0.0,0.0,2026-06-29 19:53:58.123537+00:00
4283,Susan,Mclean,1960-05-10,66,2021-08-11,58,A,SMALL_BIZ,295,04007 Amy Inlet,Larsenland,MA,74560,1,1.0,N,N,N,Y,6664.27,0.0,0.0,2026-06-29 19:53:58.123537+00:00
4285,Meredith,Valencia,2007-04-15,19,2018-03-22,99,A,PREMIER,206,0566 Valerie Neck Apt. 487,Keithborough,TN,81667,2,2.0,N,Y,Y,N,31474.52,15000.0,86.41,2026-06-29 19:53:58.123537+00:00
4286,Brittney,Henderson,1947-05-15,79,2020-05-05,73,A,PREMIER,320,6633 Rios Fords,Port Rachelstad,IN,04932,1,1.0,N,N,N,Y,47840.01,0.0,0.0,2026-06-29 19:53:58.123537+00:00
4291,Christopher,Cooper,1941-07-25,85,2018-02-16,100,A,DIGITAL,396,80903 John Skyway,Elizabethbury,AS,84140,3,2.0,Y,Y,Y,N,60254.78,5000.0,74.96,2026-06-29 19:53:58.123537+00:00
4302,Amy,Bennett,1981-12-13,45,2014-09-17,141,I,STUDENT,418,7169 Ramsey Viaduct,Lake Micheleton,ME,23371,4,4.0,Y,Y,Y,Y,112977.81,15000.0,67.72,2026-06-29 19:53:58.123537+00:00
4317,Clayton,Rogers,1993-07-16,33,2013-06-09,156,A,DIGITAL,72,14374 Nathan Flat Apt. 755,West Dianabury,VT,60659,2,2.0,Y,N,Y,N,22966.21,2000.0,13.61,2026-06-29 19:53:58.123537+00:00
4321,David,Jones,1947-12-03,79,2019-07-04,83,A,DIGITAL,90,0533 Michael Skyway,Deanbury,WV,54261,1,1.0,N,N,Y,N,1088.14,2000.0,54.41,2026-06-29 19:53:58.123537+00:00
4339,Robert,Taylor,1951-05-01,75,2014-09-20,141,A,DIGITAL,113,96517 Mark Motorway,New Jason,NE,90456,2,2.0,N,N,Y,Y,45634.24,2000.0,41.53,2026-06-29 19:53:58.123537+00:00
4349,Jose,Harris,1977-02-09,49,2014-11-05,139,I,SMALL_BIZ,25,162 Fletcher Underpass,Lake Bradleytown,AL,59732,3,3.0,N,Y,Y,Y,63370.91,5000.0,86.53,2026-06-29 19:53:58.123537+00:00
4355,Kelsey,Valenzuela,1994-12-03,32,2015-06-29,132,A,STUDENT,226,5761 Smith Lodge Apt. 556,Alyssaburgh,NY,80046,3,3.0,Y,Y,N,Y,111494.79,0.0,0.0,2026-06-29 19:53:58.123537+00:00
4362,Matthew,Hodges,1962-01-06,64,2012-10-17,164,A,DIGITAL,49,857 Faulkner Turnpike,Haileytown,ID,12948,4,4.0,Y,Y,Y,Y,37763.76,10000.0,56.77,2026-06-29 19:53:58.123537+00:00
4373,Shelby,Short,1987-06-21,39,2013-04-23,158,A,DIGITAL,192,544 Brendan Port,South Stephanie,WY,96861,2,2.0,N,Y,Y,N,80311.07,10000.0,33.06,2026-06-29 19:53:58.123537+00:00
4381,Lori,Walker,1994-11-12,32,2024-07-19,23,A,DIGITAL,473,41083 Martin Wells Apt. 167,North Tiffanyfort,PA,52418,3,3.0,Y,Y,Y,N,130755.36,15000.0,37.45,2026-06-29 19:53:58.123537+00:00
4398,Danielle,Townsend,1957-03-18,69,2014-01-04,149,A,WEALTH,300,783 Hannah Passage,Butlerton,WY,80167,4,3.0,Y,Y,Y,Y,142120.2,10000.0,68.55,2026-06-29 19:53:58.123537+00:00
4416,Ashlee,Love,2007-11-05,19,2024-04-16,26,A,WEALTH,368,9812 Trevor Lodge Suite 894,Rayville,NV,38648,4,4.0,Y,Y,Y,Y,167441.23,15000.0,46.06,2026-06-29 19:53:58.123537+00:00
4430,Micheal,Patterson,2004-04-03,22,2021-05-01,61,A,PREMIER,171,2574 Douglas Fall Apt. 868,East Angela,DE,19532,3,2.0,Y,N,Y,Y,117563.34,10000.0,32.58,2026-06-29 19:53:58.123537+00:00
4453,Robert,Hoffman,1989-02-15,37,2011-07-05,179,I,STUDENT,248,694 James Center,West Katherinemouth,NY,65595,2,2.0,Y,N,Y,N,72708.29,5000.0,10.92,2026-06-29 19:53:58.123537+00:00
4454,Elizabeth,Graham,1967-12-31,58,2016-02-07,124,A,STUDENT,283,94680 Keith Skyway,West Derekside,UT,14353,3,3.0,N,Y,Y,Y,72654.64,15000.0,2.36,2026-06-29 19:53:58.123537+00:00
4468,Mark,Green,1970-08-11,56,2015-12-11,126,A,PREMIER,287,516 Amanda Brooks Suite 070,Dominguezshire,IA,55026,3,3.0,Y,Y,Y,N,62981.56,10000.0,22.87,2026-06-29 19:53:58.123537+00:00
4479,Patricia,Duncan,1948-06-07,78,2011-08-11,178,A,STUDENT,28,49651 Moreno Fords Suite 271,East Dana,WY,12429,3,1.0,N,Y,Y,Y,105455.47,15000.0,5.16,2026-06-29 19:53:58.123537+00:00
4481,Rachel,Stone,1944-05-24,82,2016-05-13,121,A,STUDENT,33,8092 Jennifer Lodge,Michaelstad,LA,18944,3,3.0,N,Y,Y,Y,105447.11,25000.0,21.77,2026-06-29 19:53:58.123537+00:00
4482,Kristen,Wood,1954-05-27,72,2020-11-22,67,A,SMALL_BIZ,83,7622 Clark Hollow Suite 667,New Rebeccamouth,SC,77244,1,1.0,N,Y,N,N,64630.45,0.0,0.0,2026-06-29 19:53:58.123537+00:00
4494,Nicole,Phillips,1977-10-22,49,2017-01-09,113,A,STUDENT,132,83607 Perez Forges Suite 488,West Paulfort,VT,89884,3,2.0,Y,N,Y,Y,99969.45,15000.0,26.48,2026-06-29 19:53:58.123537+00:00
4499,Randy,Underwood,1987-12-06,39,2023-06-10,36,A,PREMIER,490,5951 John Throughway,Michaelmouth,MT,14125,1,1.0,N,N,N,Y,47302.98,0.0,0.0,2026-06-29 19:53:58.123537+00:00
4505,Brian,Perez,1961-09-24,65,2024-01-17,29,A,STUDENT,20,55565 Elizabeth Throughway Apt. 084,Masonhaven,WY,98210,1,1.0,Y,N,N,N,17270.7,0.0,0.0,2026-06-29 19:53:58.123537+00:00
4507,Juan,Myers,1996-02-06,30,2020-08-01,70,A,MASS,350,111 Harrison Spring Suite 235,North Tonyaside,AR,30915,1,1.0,N,N,Y,N,8902.38,15000.0,59.35,2026-06-29 19:53:58.123537+00:00
4517,Shelly,Thompson,1966-04-18,60,2012-04-29,170,A,STUDENT,289,95571 Anthony Crest Apt. 017,Williambury,CO,76264,2,2.0,Y,N,N,Y,77098.08,0.0,0.0,2026-06-29 19:53:58.123537+00:00
4533,Jonathan,Hunter,1992-04-17,34,2015-09-11,129,A,SMALL_BIZ,261,44641 Richard Turnpike,Josephbury,MS,11225,2,2.0,N,Y,N,Y,121968.21,0.0,0.0,2026-06-29 19:53:58.123537+00:00
4535,Charles,Lopez,1971-09-25,55,2022-12-20,42,A,DIGITAL,51,31179 Edwards Knolls Suite 055,Jensenbury,NV,32878,1,1.0,N,Y,N,N,39158.1,0.0,0.0,2026-06-29 19:53:58.123537+00:00
4542,Michael,George,1982-12-28,44,2015-04-01,134,A,WEALTH,424,45632 Lee Fields,Thompsonfurt,PA,13143,2,2.0,Y,N,N,Y,91469.88,0.0,0.0,2026-06-29 19:53:58.123537+00:00
4548,Regina,Singh,1967-02-13,59,2025-10-13,8,A,WEALTH,194,230 Brooke Meadows,South Nicholasborough,WI,35020,3,3.0,Y,N,Y,Y,52989.07,5000.0,65.87,2026-06-29 19:53:58.123537+00:00
4550,Rebecca,Smith,1961-03-20,65,2018-02-04,100,A,SMALL_BIZ,355,6892 Norris Plains Apt. 155,Kingland,KS,86356,3,3.0,Y,N,Y,Y,119848.54,15000.0,74.8,2026-06-29 19:53:58.123537+00:00
4555,Claire,Mckee,1987-03-06,39,2018-11-26,91,A,MASS,86,04221 Long River Suite 975,North Edwinville,ID,81583,3,3.0,Y,N,Y,Y,41417.5,5000.0,74.5,2026-06-29 19:53:58.123537+00:00
4559,Robert,Blackwell,1965-07-10,61,2013-10-13,152,I,WEALTH,422,721 Hays Manors Suite 287,South Brandonburgh,PR,86208,2,2.0,Y,N,N,Y,30464.16,0.0,0.0,2026-06-29 19:53:58.123537+00:00
4564,Richard,Graham,1992-03-28,34,2021-12-13,54,A,PREMIER,391,2598 Ashley Islands Apt. 414,North Brian,IN,12432,4,4.0,Y,Y,Y,Y,77113.18,10000.0,83.4,2026-06-29 19:53:58.123537+00:00
4567,Matthew,Green,1944-05-10,82,2017-02-11,112,A,STUDENT,394,30606 Brock Summit,East Vanessafort,NM,78718,1,1.0,N,N,Y,N,9173.16,10000.0,91.73,2026-06-29 19:53:58.123537+00:00
4568,Andrea,Davis,1975-12-15,51,2021-02-17,64,A,DIGITAL,394,30376 Woods River Apt. 017,Adamborough,OH,46554,4,4.0,Y,Y,Y,Y,98894.86,15000.0,45.18,2026-06-29 19:53:58.123537+00:00
4573,Elizabeth,Stephenson,1966-06-03,60,2015-11-28,127,A,STUDENT,33,373 Shelton Knoll Suite 646,Bassfort,SD,95783,4,4.0,Y,Y,Y,Y,45676.16,10000.0,92.62,2026-06-29 19:53:58.123537+00:00
4575,Kenneth,Smith,1977-05-22,49,2026-04-13,2,A,PREMIER,447,5474 Cooper Mountains,South Kelseyside,WY,21518,4,4.0,Y,Y,Y,Y,148080.39,25000.0,33.12,2026-06-29 19:53:58.123537+00:00
4581,Juan,Berg,2005-10-17,21,2021-01-02,65,I,MASS,20,9287 Katherine Loaf,Allenland,PR,85078,3,3.0,Y,N,Y,Y,29953.3,2000.0,23.68,2026-06-29 19:53:58.123537+00:00
4583,Henry,Bishop,1950-02-26,76,2015-11-28,127,A,PREMIER,289,00015 Craig Hills,West Clayton,IL,74604,4,4.0,Y,Y,Y,Y,122507.97,10000.0,36.62,2026-06-29 19:53:58.123537+00:00
4591,Daniel,Dunn,1952-04-08,74,2021-11-28,55,A,DIGITAL,233,144 Martinez Corners,Jenniferport,NC,32874,3,3.0,N,Y,Y,Y,131347.32,25000.0,8.88,2026-06-29 19:53:58.123537+00:00
4600,Lynn,Avila,1977-04-08,49,2017-12-09,102,A,WEALTH,488,85037 Ryan Forges Apt. 449,Lake Laura,ME,92462,3,3.0,Y,Y,Y,N,89575.62,2000.0,39.6,2026-06-29 19:53:58.123537+00:00
4603,James,Olsen,1986-08-05,40,2024-08-29,22,I,DIGITAL,112,0948 Long Rest Apt. 021,Port Holly,CO,19367,2,2.0,N,N,Y,Y,5516.93,2000.0,34.15,2026-06-29 19:53:58.123537+00:00
4613,Paul,Curtis,2005-04-26,21,2018-09-07,93,A,SMALL_BIZ,106,2259 Robert Vista Apt. 497,West Markland,ID,35837,4,3.0,Y,Y,Y,Y,170752.3,10000.0,6.71,2026-06-29 19:53:58.123537+00:00
4616,Kayla,Howell,1985-04-27,41,2015-06-19,132,A,DIGITAL,211,41688 Medina Place,Port Shane,IL,98887,3,1.0,Y,N,Y,Y,141183.44,10000.0,39.02,2026-06-29 19:53:58.123537+00:00
4625,Carrie,Lambert,1952-05-18,74,2016-05-10,121,I,WEALTH,174,445 Michael Flat,New Sonya,TX,73275,4,4.0,Y,Y,Y,Y,141737.1,10000.0,92.06,2026-06-29 19:53:58.123537+00:00
4650,Molly,Carlson,1968-07-06,58,2020-04-28,74,A,PREMIER,140,77858 Stewart Fields Apt. 467,Vazquezport,VA,59137,2,2.0,Y,Y,N,N,43779.42,0.0,0.0,2026-06-29 19:53:58.123537+00:00
4659,Bradley,Webb,1950-04-21,76,2020-05-15,73,A,SMALL_BIZ,134,40658 Torres Views Suite 008,East Margaret,WY,63746,3,3.0,Y,Y,N,Y,93528.24,0.0,0.0,2026-06-29 19:53:58.123537+00:00
4668,Carolyn,Nguyen,1963-04-24,63,2020-05-26,73,I,STUDENT,37,8391 Howell Vista,West Victoriaborough,GU,58384,1,1.0,N,Y,N,N,47983.58,0.0,0.0,2026-06-29 19:53:58.123537+00:00
4669,Jesse,Perez,1947-12-13,79,2023-10-14,32,A,SMALL_BIZ,448,84267 Keith Throughway Apt. 410,Lake David,RI,85523,3,3.0,N,Y,Y,Y,93090.17,5000.0,68.19,2026-06-29 19:53:58.123537+00:00
4676,John,Reed,1977-05-29,49,2019-08-18,82,I,DIGITAL,244,43775 Vance Locks,Thomasside,NV,18167,3,3.0,N,Y,Y,Y,47153.85,25000.0,38.35,2026-06-29 19:53:58.123537+00:00
4687,Rachel,Harris,1954-11-08,72,2015-10-22,128,A,SMALL_BIZ,124,516 Taylor Station,Andersonbury,UT,42752,3,2.0,Y,N,Y,Y,42375.97,25000.0,82.57,2026-06-29 19:53:58.123537+00:00
4703,Matthew,Lynch,1970-04-20,56,2025-12-26,6,A,WEALTH,232,000 Ronald Centers Suite 536,East Patricia,FL,19119,2,2.0,Y,N,Y,N,71281.53,2000.0,97.16,2026-06-29 19:53:58.123537+00:00
4708,George,Phillips,1976-06-20,50,2024-12-26,18,A,SMALL_BIZ,464,39044 David Square Apt. 078,Jakeland,VA,70492,2,1.0,N,Y,Y,N,64812.09,25000.0,89.37,2026-06-29 19:53:58.123537+00:00
4710,Elizabeth,Ramsey,1991-10-24,35,2024-12-06,18,A,PREMIER,9,2150 Wells Fords Apt. 715,Andreabury,NE,60129,2,1.0,N,Y,Y,N,17300.57,10000.0,30.62,2026-06-29 19:53:58.123537+00:00
4721,Peter,Mills,2000-01-14,26,2019-04-18,86,A,SMALL_BIZ,82,203 Jackson Mill,Lake Marcushaven,MA,20178,1,1.0,N,N,Y,N,7767.97,10000.0,77.68,2026-06-29 19:53:58.123537+00:00
4722,Danielle,Clark,1947-01-20,79,2022-04-28,50,A,SMALL_BIZ,317,66800 Patrick Isle,South Amandaberg,MN,57591,3,3.0,Y,Y,Y,N,137657.55,25000.0,1.28,2026-06-29 19:53:58.123537+00:00
4723,Melinda,Wilson,1975-03-06,51,2022-09-16,45,A,STUDENT,67,4973 Jones Shoals,Brayborough,NY,21968,2,2.0,Y,N,N,Y,82210.05,0.0,0.0,2026-06-29 19:53:58.123537+00:00
4735,Melissa,Rollins,2005-09-17,21,2019-06-09,84,A,PREMIER,271,36485 Karen Passage,Tamarahaven,WY,46513,2,1.0,N,Y,Y,N,47192.72,25000.0,19.72,2026-06-29 19:53:58.123537+00:00
4747,Michelle,Hoover,1957-12-29,68,2021-03-13,63,A,DIGITAL,405,1041 Heather Circle,Kennethborough,MI,52224,3,3.0,Y,Y,N,Y,114030.11,0.0,0.0,2026-06-29 19:53:58.123537+00:00
4753,Kenneth,Boyd,1941-10-21,85,2025-02-15,16,A,STUDENT,228,00564 Walker Extension Apt. 226,North Daniel,KS,89409,3,2.0,Y,Y,Y,N,130673.25,15000.0,39.89,2026-06-29 19:53:58.123537+00:00
4770,Travis,Chavez,2001-04-21,25,2013-07-07,155,A,WEALTH,280,855 Mitchell Field,South Kevin,NV,92667,4,4.0,Y,Y,Y,Y,83590.87,25000.0,69.63,2026-06-29 19:53:58.123537+00:00
4774,Jared,Gordon,1943-11-05,83,2016-01-16,125,A,DIGITAL,123,140 Hall Mall,Lake Crystalstad,AL,99545,3,3.0,Y,N,Y,Y,54379.32,5000.0,27.46,2026-06-29 19:53:58.123537+00:00
4823,Daniel,Andrews,1948-12-28,78,2012-01-16,173,A,PREMIER,20,8571 Wilcox Views Apt. 926,Paulview,LA,27465,2,2.0,N,Y,Y,N,42207.03,15000.0,53.89,2026-06-29 19:53:58.123537+00:00
4829,Vincent,Adams,2008-06-06,18,2025-01-12,17,A,SMALL_BIZ,230,312 Meredith Lake,Reneehaven,KS,89939,1,1.0,Y,N,N,N,26785.86,0.0,0.0,2026-06-29 19:53:58.123537+00:00
4834,Kayla,Dunlap,1992-09-07,34,2025-05-31,13,A,DIGITAL,192,617 Bishop Alley Suite 558,East Joseph,MI,92791,3,2.0,Y,N,Y,Y,87414.98,25000.0,22.17,2026-06-29 19:53:58.123537+00:00
4837,Shirley,Williams,1975-08-26,51,2015-07-11,131,A,WEALTH,90,73382 Justin Shoals Suite 435,West Eric,MH,16710,4,4.0,Y,Y,Y,Y,16392.43,2000.0,3.92,2026-06-29 19:53:58.123537+00:00
4843,John,Carter,1942-09-16,84,2019-03-27,87,A,WEALTH,386,0876 Rodriguez Fort,North Teresaview,GU,26443,4,4.0,Y,Y,Y,Y,138012.26,25000.0,26.13,2026-06-29 19:53:58.123537+00:00
4855,Gabrielle,Wright,2006-08-23,20,2019-03-05,87,A,STUDENT,180,160 Jackson Burg Apt. 885,New Donnaport,PR,88401,4,4.0,Y,Y,Y,Y,67618.26,10000.0,71.39,2026-06-29 19:53:58.123537+00:00
4856,Mary,Benton,1949-06-12,77,2012-12-07,162,A,SMALL_BIZ,385,442 Silva Plains,West Maria,AL,19139,4,4.0,Y,Y,Y,Y,53825.33,10000.0,15.84,2026-06-29 19:53:58.123537+00:00
4857,Nicole,Flores,1947-01-07,79,2012-12-03,162,A,SMALL_BIZ,330,6830 Jonathan Rue Suite 556,Walterville,MN,76973,1,1.0,N,N,Y,N,2017.52,15000.0,13.45,2026-06-29 19:53:58.123537+00:00
4869,Alyssa,Mason,2001-03-01,25,2013-08-03,154,A,WEALTH,192,25497 Patrick Overpass Suite 856,West Leslie,ME,49038,2,2.0,N,N,Y,Y,15653.07,10000.0,44.55,2026-06-29 19:53:58.123537+00:00
4880,Jennifer,Reese,1972-03-12,54,2011-12-07,174,I,WEALTH,195,513 Kurt Meadows,Fordstad,CT,89146,3,3.0,Y,Y,N,Y,121169.81,0.0,0.0,2026-06-29 19:53:58.123537+00:00
4881,David,Moss,1953-04-08,73,2026-03-01,3,A,DIGITAL,310,97510 Taylor Knoll,East Lindaborough,NE,02805,4,4.0,Y,Y,Y,Y,103655.1,15000.0,6.93,2026-06-29 19:53:58.123537+00:00
4888,Mandy,Johnson,1998-08-01,28,2015-12-18,126,A,MASS,300,0094 Rodney Field Suite 531,Petersenshire,MI,02555,2,2.0,Y,Y,N,N,143906.77,0.0,0.0,2026-06-29 19:53:58.123537+00:00
4899,Cindy,Kennedy,1998-11-10,28,2015-07-06,131,A,WEALTH,255,896 Chapman Way Suite 725,Ortegaburgh,MT,58025,4,3.0,Y,Y,Y,Y,85913.85,2000.0,69.86,2026-06-29 19:53:58.123537+00:00
4905,Daniel,Miller,1966-11-04,60,2013-10-06,152,I,WEALTH,206,83614 Samuel Squares,Port Robert,WA,97113,2,2.0,N,N,Y,Y,61619.9,10000.0,66.84,2026-06-29 19:53:58.123537+00:00
4916,Hunter,Martin,1996-03-14,30,2026-04-21,2,I,STUDENT,272,0448 Amber Course Apt. 807,Valeriehaven,WY,53792,1,1.0,Y,N,N,N,26163.35,0.0,0.0,2026-06-29 19:53:58.123537+00:00
4927,Robert,Norman,1972-10-03,54,2021-03-22,63,A,PREMIER,446,003 Mckenzie Shoal,South Daniel,GU,66290,4,4.0,Y,Y,Y,Y,150751.24,25000.0,86.29,2026-06-29 19:53:58.123537+00:00
4929,Gabriela,Jensen,1992-06-12,34,2025-07-06,11,A,WEALTH,231,1861 Dickerson Inlet,Wilsonville,MS,27282,2,2.0,N,N,Y,Y,58454.43,15000.0,74.07,2026-06-29 19:53:58.123537+00:00
4931,Daisy,Underwood,1984-11-27,42,2024-02-07,28,A,STUDENT,487,71753 Ray Walks,Alexandrachester,CT,54589,3,3.0,N,Y,Y,Y,94959.88,2000.0,20.55,2026-06-29 19:53:58.123537+00:00
4949,Jordan,Estrada,1978-06-10,48,2024-02-15,28,A,SMALL_BIZ,211,4466 Butler Well,East Kyle,SD,42664,3,3.0,N,Y,Y,Y,69425.85,5000.0,34.03,2026-06-29 19:53:58.123537+00:00
4956,Katie,Orozco,2005-06-22,21,2021-03-03,63,A,SMALL_BIZ,127,87524 Kenneth Spring Apt. 878,Maryfurt,DE,29030,3,3.0,N,Y,Y,Y,90236.74,2000.0,79.74,2026-06-29 19:53:58.123537+00:00
4957,Jacqueline,Neal,1951-12-24,75,2024-02-24,28,A,DIGITAL,455,8012 Kenneth Gardens Apt. 706,Jessicachester,UT,87026,1,1.0,N,N,N,Y,27560.72,0.0,0.0,2026-06-29 19:53:58.123537+00:00
4960,Caroline,Pacheco,2002-08-26,24,2022-07-05,47,A,STUDENT,175,6103 Sheila Prairie,Lake Michael,TX,40105,1,1.0,N,N,Y,N,2002.8,5000.0,40.06,2026-06-29 19:53:58.123537+00:00
4965,Andrea,Davis,1999-04-12,27,2014-12-17,138,A,STUDENT,291,3704 Wolf Tunnel,West Keith,MN,66408,4,3.0,Y,Y,Y,Y,122058.61,10000.0,40.74,2026-06-29 19:53:58.123537+00:00
4976,Kelsey,Henderson,1990-12-12,36,2026-04-09,2,A,DIGITAL,317,74683 John Pine,Aaronhaven,PW,10949,2,2.0,N,Y,N,Y,58750.84,0.0,0.0,2026-06-29 19:53:58.123537+00:00
4979,Karen,Castillo,1965-09-21,61,2023-07-05,35,A,DIGITAL,88,4823 Wade Manors,South Paulside,MO,66354,1,1.0,N,Y,N,N,12981.89,0.0,0.0,2026-06-29 19:53:58.123537+00:00
3,Jeffery,Wagner,1969-10-04,57,2011-12-08,174,A,SMALL_BIZ,380,617 Angela Inlet Suite 034,Lindaborough,IN,24593,1,1.0,N,Y,N,N,6742.79,0.0,0.0,2026-06-29 19:53:58.123537+00:00
11,Jeremy,Roberts,1988-09-11,38,2012-03-04,171,A,MASS,53,6694 Ryan Spur Apt. 943,Wagnerstad,MH,96023,2,2.0,N,Y,Y,N,70346.36,15000.0,24.58,2026-06-29 19:53:58.123537+00:00
19,Diana,Foster,2000-03-16,26,2016-03-08,123,A,WEALTH,143,17756 Alan Avenue,Lake Bonnieland,NH,49812,4,3.0,Y,Y,Y,Y,148796.54,25000.0,26.96,2026-06-29 19:53:58.123537+00:00
29,Rita,Harrell,1975-01-11,51,2014-02-26,148,A,DIGITAL,336,40790 Walters Plains,East Amyhaven,DE,76201,2,2.0,Y,N,Y,N,15781.69,25000.0,32.71,2026-06-29 19:53:58.123537+00:00
30,Chelsea,Hernandez,1961-06-27,65,2021-01-08,65,A,SMALL_BIZ,235,45676 Gonzales Cliffs,Davidshire,MO,97205,1,1.0,N,Y,N,N,42999.82,0.0,0.0,2026-06-29 19:53:58.123537+00:00
40,Jerry,Robinson,1964-02-22,62,2020-04-07,74,A,SMALL_BIZ,454,60040 Renee Orchard,New Sarah,RI,71428,4,4.0,Y,Y,Y,Y,117760.87,25000.0,27.34,2026-06-29 19:53:58.123537+00:00
48,Robert,Ramirez,1954-03-27,72,2018-03-08,99,A,STUDENT,489,85407 Brian Greens,West Ashleyland,DC,37577,2,2.0,Y,N,N,Y,124134.8,0.0,0.0,2026-06-29 19:53:58.123537+00:00
50,Yvette,Huff,1978-05-13,48,2012-03-30,171,A,PREMIER,58,33308 Carter Corners Suite 366,Lake Henrytown,SC,79785,4,4.0,Y,Y,Y,Y,196621.6,10000.0,17.64,2026-06-29 19:53:58.123537+00:00
61,Alexandra,Donovan,1969-07-30,57,2020-03-13,75,A,STUDENT,113,22451 Nathaniel Rest Suite 192,East Daniellechester,MH,74885,2,2.0,Y,Y,N,N,67649.99,0.0,0.0,2026-06-29 19:53:58.123537+00:00
64,Yolanda,Ferrell,1946-05-09,80,2018-04-30,98,A,PREMIER,264,536 Robert Drive Apt. 306,West Robert,IL,84540,3,3.0,Y,N,Y,Y,90414.82,5000.0,8.2,2026-06-29 19:53:58.123537+00:00
72,Meghan,Davis,1974-03-22,52,2024-12-30,18,A,PREMIER,128,165 Gutierrez Key Apt. 822,Rodriguezshire,SD,43465,3,3.0,Y,N,Y,Y,62319.52,2000.0,41.34,2026-06-29 19:53:58.123537+00:00
89,Tara,White,2004-06-02,22,2013-03-18,159,I,STUDENT,35,5571 Sandra Haven,Woodsview,UT,48144,2,2.0,Y,N,Y,N,46360.33,15000.0,69.64,2026-06-29 19:53:58.123537+00:00
94,Michael,Jones,1991-03-15,35,2021-06-30,60,A,SMALL_BIZ,367,268 Ashley Ways Apt. 192,Lake Ashley,KY,12333,3,3.0,Y,N,Y,Y,130179.83,10000.0,60.63,2026-06-29 19:53:58.123537+00:00
102,Christopher,Robertson,1994-10-28,32,2014-01-08,149,A,STUDENT,414,42389 Michael Summit,Melanietown,NH,10497,3,3.0,Y,N,Y,Y,65367.05,2000.0,32.25,2026-06-29 19:53:58.123537+00:00
104,James,Johnson,1986-07-26,40,2014-11-04,139,A,SMALL_BIZ,54,98249 Eric View,New Susan,MH,72443,1,1.0,N,N,N,Y,47235.33,0.0,0.0,2026-06-29 19:53:58.123537+00:00
118,Rick,Daniels,1988-10-26,38,2012-06-12,168,A,MASS,400,31064 Sean Rest,Moorechester,NC,97570,4,3.0,Y,Y,Y,Y,151423.02,10000.0,94.61,2026-06-29 19:53:58.123537+00:00
130,Andrew,Ryan,1958-05-24,68,2012-09-17,165,A,SMALL_BIZ,432,74812 Robertson Oval Apt. 008,West Zacharyshire,PA,02063,1,1.0,N,N,Y,N,1078.46,2000.0,53.92,2026-06-29 19:53:58.123537+00:00
132,Stefanie,Gonzalez,1985-02-27,41,2022-09-28,45,A,STUDENT,493,6358 Patrick Ramp,Lake Jackville,WI,31422,1,1.0,N,N,Y,N,2598.4,5000.0,51.97,2026-06-29 19:53:58.123537+00:00
138,Hannah,Burton,1989-05-25,37,2012-08-16,166,A,STUDENT,352,393 Wilkerson Camp Apt. 544,Lake Danielle,NY,70021,4,3.0,Y,Y,Y,Y,63504.04,2000.0,50.74,2026-06-29 19:53:58.123537+00:00
146,Mariah,Miller,1959-06-22,67,2024-03-12,27,A,WEALTH,281,54616 Vargas Highway,Reesemouth,SD,59779,1,1.0,N,Y,N,N,72131.0,0.0,0.0,2026-06-29 19:53:58.123537+00:00
157,Jacob,Robinson,1977-05-24,49,2022-11-11,43,A,SMALL_BIZ,357,6443 Brandy Circles Suite 663,North Deniseborough,MS,19518,3,3.0,Y,Y,Y,N,44521.27,10000.0,35.79,2026-06-29 19:53:58.123537+00:00
159,James,Perez,1960-06-14,66,2012-12-27,162,A,PREMIER,399,73965 Timothy Road Apt. 959,Alexanderfort,UT,08521,2,2.0,Y,Y,N,N,74491.88,0.0,0.0,2026-06-29 19:53:58.123537+00:00
182,Emily,Adams,2005-03-11,21,2026-05-27,1,A,PREMIER,200,649 Hanson Isle,Bankshaven,AZ,89334,4,3.0,Y,Y,Y,Y,161069.25,25000.0,26.28,2026-06-29 19:53:58.123537+00:00
192,Samuel,Wolfe,1978-04-15,48,2025-04-30,14,I,PREMIER,488,5056 William Harbor,Lake Alexander,GA,62211,2,2.0,Y,Y,N,N,142634.44,0.0,0.0,2026-06-29 19:53:58.123537+00:00
200,William,Hoover,1969-04-17,57,2025-06-05,12,A,DIGITAL,494,665 Tina Forest Suite 816,North Kelly,NV,30127,4,4.0,Y,Y,Y,Y,127205.14,15000.0,38.24,2026-06-29 19:53:58.123537+00:00
209,Jennifer,Ortiz,1976-09-23,50,2018-04-22,98,A,PREMIER,222,997 Martin Crossing Suite 878,South Lisaside,VI,33173,4,4.0,Y,Y,Y,Y,67644.78,2000.0,13.47,2026-06-29 19:53:58.123537+00:00
213,Monique,Johnson,1989-08-23,37,2022-10-26,44,A,WEALTH,224,27383 Elizabeth Pike,South Franciscobury,MD,62121,4,4.0,Y,Y,Y,Y,160107.95,5000.0,95.41,2026-06-29 19:53:58.123537+00:00
229,Catherine,Gomez,1960-08-31,66,2023-05-29,37,I,MASS,360,48118 Elizabeth Valleys,New Denise,IN,68327,1,1.0,N,N,Y,N,926.91,2000.0,46.35,2026-06-29 19:53:58.123537+00:00
231,Courtney,Berger,1985-08-27,41,2023-12-31,30,A,SMALL_BIZ,99,611 Rogers Forges,New Johnborough,VA,15454,1,1.0,N,Y,N,N,1495.61,0.0,0.0,2026-06-29 19:53:58.123537+00:00
243,Jeffrey,Brown,1979-02-08,47,2025-02-22,16,I,DIGITAL,495,448 Smith Avenue,Patrickside,KS,53608,3,3.0,Y,Y,N,Y,43109.5,0.0,0.0,2026-06-29 19:53:58.123537+00:00
268,Alyssa,Chavez,1963-04-12,63,2026-04-30,2,A,STUDENT,21,195 Brown Drive,Sullivanborough,AS,92616,4,4.0,Y,Y,Y,Y,60346.31,10000.0,42.36,2026-06-29 19:53:58.123537+00:00
271,Matthew,Chavez,1971-09-30,55,2014-11-25,139,A,SMALL_BIZ,421,088 Holly Vista Apt. 151,South Elizabeth,TN,54902,3,3.0,N,Y,Y,Y,112224.57,10000.0,61.33,2026-06-29 19:53:58.123537+00:00
280,Audrey,Aguirre,1966-02-12,60,2022-11-13,43,A,MASS,60,608 Clay Lights Suite 937,Cindytown,LA,37548,1,0.0,N,Y,N,N,75529.38,0.0,0.0,2026-06-29 19:53:58.123537+00:00
283,Jacqueline,Parker,1959-05-30,67,2014-03-08,147,A,STUDENT,186,427 Johnson Estate,New Mark,AL,58751,4,4.0,Y,Y,Y,Y,133869.37,2000.0,51.47,2026-06-29 19:53:58.123537+00:00
286,Robert,Peterson,1991-06-25,35,2014-09-13,141,A,MASS,225,060 Gutierrez Loop,South Christopherport,MP,16635,2,1.0,Y,N,N,Y,82701.95,0.0,0.0,2026-06-29 19:53:58.123537+00:00
287,Kimberly,Bradley,1966-04-14,60,2022-04-03,50,A,PREMIER,15,4365 Christopher Inlet,Heatherview,MN,55644,4,4.0,Y,Y,Y,Y,78142.11,25000.0,70.31,2026-06-29 19:53:58.123537+00:00
304,Jessica,Fuentes,2002-03-09,24,2016-09-13,117,A,DIGITAL,439,5430 Cody Path Suite 627,Michelleburgh,AS,01057,4,4.0,Y,Y,Y,Y,51390.45,2000.0,30.27,2026-06-29 19:53:58.123537+00:00
309,Courtney,Hernandez,1983-05-02,43,2024-05-20,25,A,STUDENT,495,32945 Fox Parks Suite 047,Andersonfurt,VA,36407,3,2.0,Y,Y,N,Y,90016.48,0.0,0.0,2026-06-29 19:53:58.123537+00:00
315,Marc,Alvarez,1995-10-01,31,2021-03-19,63,I,MASS,437,65720 Obrien Center,Joanneton,NJ,67796,4,4.0,Y,Y,Y,Y,57683.35,15000.0,25.64,2026-06-29 19:53:58.123537+00:00
321,Erika,Mitchell,1945-11-27,81,2012-11-24,163,A,WEALTH,86,995 Brown Avenue Suite 125,New Priscilla,AR,85653,4,4.0,Y,Y,Y,Y,140527.53,10000.0,70.47,2026-06-29 19:53:58.123537+00:00
322,Rebecca,Marks,1989-12-24,37,2021-04-14,62,A,PREMIER,24,746 Harold Passage,Stewartland,CA,98393,2,2.0,Y,N,Y,N,3309.55,10000.0,10.71,2026-06-29 19:53:58.123537+00:00
345,Nicholas,Johnson,1957-04-15,69,2026-04-30,2,A,MASS,404,262 Sharon Shores,South Victoriastad,PR,03133,2,2.0,Y,Y,N,N,145503.1,0.0,0.0,2026-06-29 19:53:58.123537+00:00
348,Shane,Smith,1950-10-16,76,2022-01-06,53,A,SMALL_BIZ,213,961 April Mission,New Ericafurt,AZ,96038,2,2.0,Y,Y,N,N,21269.28,0.0,0.0,2026-06-29 19:53:58.123537+00:00
355,Theresa,Jones,1986-01-01,40,2012-10-07,164,A,STUDENT,188,0423 Troy Island,Port Christophermouth,RI,22358,2,2.0,Y,N,N,Y,118925.11,0.0,0.0,2026-06-29 19:53:58.123537+00:00
362,Bryan,Parsons,1983-10-26,43,2023-08-06,34,A,SMALL_BIZ,422,4201 Kathryn Rapid Apt. 232,North Nicholasstad,CT,79150,2,2.0,Y,Y,N,N,57872.71,0.0,0.0,2026-06-29 19:53:58.123537+00:00
366,Michelle,Rivera,1965-05-29,61,2023-02-20,40,A,STUDENT,70,29069 Torres Flat,Rogerview,DC,59362,1,1.0,Y,N,N,N,20725.49,0.0,0.0,2026-06-29 19:53:58.123537+00:00
369,April,Owen,1974-10-28,52,2025-04-12,14,A,WEALTH,336,058 Spencer Plaza Apt. 739,East Kari,RI,97873,3,3.0,Y,Y,Y,N,65098.55,25000.0,28.69,2026-06-29 19:53:58.123537+00:00
396,Brian,Martinez,1970-06-23,56,2025-01-28,17,I,PREMIER,461,16575 Flores Hollow Suite 328,North Ginafort,TN,98571,2,1.0,N,N,Y,Y,53103.43,5000.0,90.84,2026-06-29 19:53:58.123537+00:00
397,Marcus,Fletcher,1951-09-29,75,2013-12-12,150,I,STUDENT,76,1531 Gray Brooks,West Kelly,MN,49863,4,4.0,Y,Y,Y,Y,100987.17,5000.0,90.65,2026-06-29 19:53:58.123537+00:00
398,Patty,Singleton,1964-09-03,62,2025-07-11,11,A,MASS,320,6068 Joseph Falls Suite 053,Port Alicia,GA,83030,2,1.0,Y,Y,N,N,78184.43,0.0,0.0,2026-06-29 19:53:58.123537+00:00
406,Gail,Evans,1973-11-06,53,2023-06-30,36,I,WEALTH,161,56899 Erica Brook,Amandafort,NH,00556,3,3.0,Y,Y,Y,N,94063.1,2000.0,37.7,2026-06-29 19:53:58.123537+00:00
408,Larry,Higgins,1955-02-28,71,2020-07-16,71,A,PREMIER,47,0946 Diaz Views Suite 977,Port Lawrencefurt,ME,35762,4,3.0,Y,Y,Y,Y,110132.47,15000.0,66.9,2026-06-29 19:53:58.123537+00:00
427,Jodi,Evans,1952-05-18,74,2026-04-08,2,A,STUDENT,306,7658 Gibson Lakes Suite 903,South Courtney,VI,95951,3,3.0,N,Y,Y,Y,114572.38,25000.0,58.91,2026-06-29 19:53:58.123537+00:00
429,Micheal,Nunez,1961-07-30,65,2023-08-30,34,A,SMALL_BIZ,42,5396 Clarke Corners Suite 382,Christopherfort,PR,18990,2,2.0,Y,Y,N,N,13171.86,0.0,0.0,2026-06-29 19:53:58.123537+00:00
443,Jared,Bush,1961-06-06,65,2015-10-20,128,A,WEALTH,10,83127 Williams Plain,East Michael,LA,71366,4,4.0,Y,Y,Y,Y,81595.11,15000.0,60.97,2026-06-29 19:53:58.123537+00:00
444,Sarah,Pope,1962-09-25,64,2016-09-10,117,A,MASS,295,5248 Paul Bridge,West Lindsay,ME,14641,2,2.0,N,N,Y,Y,13315.54,10000.0,21.06,2026-06-29 19:53:58.123537+00:00
451,Brian,Gutierrez,1977-01-26,49,2021-01-03,65,A,PREMIER,203,349 Jade Loaf Apt. 898,Newmanview,RI,42942,1,1.0,N,N,N,Y,57994.61,0.0,0.0,2026-06-29 19:53:58.123537+00:00
453,Richard,Donovan,1978-05-13,48,2025-05-08,13,A,PREMIER,262,49909 Brown Mountain Suite 202,Larsonhaven,RI,89922,2,1.0,N,Y,N,Y,23694.63,0.0,0.0,2026-06-29 19:53:58.123537+00:00
454,James,Maynard,2000-05-05,26,2018-08-12,94,I,STUDENT,262,5481 Anna Ridges,South Conniehaven,KY,44696,3,3.0,Y,Y,N,Y,102998.21,0.0,0.0,2026-06-29 19:53:58.123537+00:00
455,Rebecca,Davis,1963-01-04,63,2021-02-15,64,A,MASS,373,749 Williams Cape Apt. 628,Reedside,MP,03400,1,1.0,N,N,Y,N,1496.54,10000.0,14.97,2026-06-29 19:53:58.123537+00:00
456,Jennifer,Zuniga,1979-12-16,47,2019-06-23,84,A,DIGITAL,53,200 Michael Unions Apt. 197,Michellemouth,NV,42641,4,4.0,Y,Y,Y,Y,194589.24,5000.0,90.88,2026-06-29 19:53:58.123537+00:00
464,Krystal,Bradley,1953-12-19,73,2022-06-24,48,A,STUDENT,38,118 Michelle Station Suite 774,South Brett,KS,72001,2,2.0,Y,N,Y,N,10149.04,5000.0,78.21,2026-06-29 19:53:58.123537+00:00
488,Nicholas,Vega,1999-10-03,27,2025-01-06,17,A,MASS,93,64974 Dunn Circle Suite 764,Frankchester,SC,31008,4,4.0,Y,Y,Y,Y,133439.85,15000.0,2.16,2026-06-29 19:53:58.123537+00:00
490,Allison,Luna,1953-06-13,73,2019-07-04,83,I,DIGITAL,40,11874 Anthony Glens Apt. 007,Lake James,CA,96441,4,4.0,Y,Y,Y,Y,122007.52,15000.0,29.3,2026-06-29 19:53:58.123537+00:00
492,Amanda,Morrow,1986-08-13,40,2019-08-12,82,A,PREMIER,339,5141 Boyd Key Apt. 560,Davidberg,NH,62646,1,1.0,Y,N,N,N,67109.32,0.0,0.0,2026-06-29 19:53:58.123537+00:00
498,Brian,Gordon,1956-01-18,70,2024-05-17,25,A,DIGITAL,274,7810 Smith Spurs Apt. 408,Lake Michael,VT,91545,3,3.0,Y,Y,N,Y,141098.37,0.0,0.0,2026-06-29 19:53:58.123537+00:00
515,James,Herman,1957-09-29,69,2020-07-04,71,A,SMALL_BIZ,426,82039 Mckenzie Circle Apt. 786,Griffinmouth,MA,00577,4,4.0,Y,Y,Y,Y,29140.7,5000.0,48.26,2026-06-29 19:53:58.123537+00:00
516,Oscar,Ferguson,1978-06-24,48,2023-01-22,41,A,WEALTH,316,57603 Garrison Fords Apt. 614,West Thomas,CO,47200,4,4.0,Y,Y,Y,Y,121331.39,15000.0,58.89,2026-06-29 19:53:58.123537+00:00
521,Elijah,Rivera,1980-04-17,46,2017-09-20,105,A,DIGITAL,215,287 Melissa Knoll Apt. 443,East Mackenziemouth,MH,94454,1,1.0,N,Y,N,N,23588.8,0.0,0.0,2026-06-29 19:53:58.123537+00:00
526,Brian,Johnson,1977-10-24,49,2021-01-24,65,A,STUDENT,214,341 Kimberly Garden,Matthewberg,LA,63196,4,4.0,Y,Y,Y,Y,135718.45,10000.0,19.52,2026-06-29 19:53:58.123537+00:00
529,Nathaniel,Williamson,1942-02-07,84,2019-01-13,89,A,STUDENT,11,675 Kelly Radial Suite 977,East Codyfort,AL,47736,4,3.0,Y,Y,Y,Y,90623.88,2000.0,24.33,2026-06-29 19:53:58.123537+00:00
546,John,Davenport,1946-08-24,80,2013-11-30,151,A,WEALTH,174,6111 Robertson Fort,West Karen,AZ,79001,1,1.0,N,Y,N,N,43368.56,0.0,0.0,2026-06-29 19:53:58.123537+00:00
547,Martin,Campos,1967-07-26,59,2024-11-12,19,A,SMALL_BIZ,255,61216 Davies Port Suite 810,North Calebborough,IN,91726,3,3.0,Y,Y,N,Y,77541.88,0.0,0.0,2026-06-29 19:53:58.123537+00:00
555,Jodi,Stewart,1989-03-04,37,2020-12-12,66,I,STUDENT,223,967 Jackie Squares Suite 339,Hunterton,NV,15336,2,2.0,Y,N,Y,N,29290.9,25000.0,3.12,2026-06-29 19:53:58.123537+00:00
566,Christine,Brock,2005-01-22,21,2016-06-12,120,A,PREMIER,377,148 Barnes Road,Hayesbury,NV,22814,3,3.0,Y,N,Y,Y,66689.41,2000.0,97.67,2026-06-29 19:53:58.123537+00:00
572,Brittany,Gardner,1949-02-13,77,2019-11-26,79,A,PREMIER,415,801 Bryce Ford,Lake Michaelshire,FL,27747,1,0.0,Y,N,N,N,41050.72,0.0,0.0,2026-06-29 19:53:58.123537+00:00
575,Robert,Porter,1996-05-11,30,2023-05-12,37,I,DIGITAL,365,4190 Gonzalez Mountain Apt. 296,Middletonton,MA,01891,2,2.0,Y,Y,N,N,113927.88,0.0,0.0,2026-06-29 19:53:58.123537+00:00
576,Donna,Espinoza,1983-12-04,43,2015-02-06,136,I,MASS,261,37246 Ingram Valley Suite 048,Monicaland,OR,78248,4,3.0,Y,Y,Y,Y,66766.71,15000.0,24.49,2026-06-29 19:53:58.123537+00:00
577,Vicki,Mendoza,1994-05-11,32,2012-08-05,166,A,DIGITAL,406,91694 Kathryn Curve Apt. 538,Chadmouth,MA,63206,3,3.0,Y,Y,N,Y,34897.43,0.0,0.0,2026-06-29 19:53:58.123537+00:00
578,Samantha,Holt,1968-05-06,58,2019-01-18,89,I,WEALTH,14,83378 Philip Roads Apt. 592,Perryfurt,MS,84970,1,1.0,N,N,Y,N,3297.26,10000.0,32.97,2026-06-29 19:53:58.123537+00:00
583,Alex,Green,2006-03-12,20,2017-11-29,103,A,STUDENT,38,72221 Barajas Freeway,West Brent,CT,51927,4,3.0,Y,Y,Y,Y,73692.16,10000.0,15.98,2026-06-29 19:53:58.123537+00:00
590,Lisa,Wilson,1962-11-10,64,2015-12-21,126,A,MASS,486,163 Kathleen Green,Fullerstad,VI,34641,1,1.0,N,N,Y,N,10787.68,15000.0,71.92,2026-06-29 19:53:58.123537+00:00
594,Ryan,Johnson,1953-11-06,73,2021-01-16,65,A,STUDENT,483,91678 Edwards Spurs,Vaughnfort,KS,02371,4,4.0,Y,Y,Y,Y,83836.77,15000.0,82.99,2026-06-29 19:53:58.123537+00:00
600,Megan,Williamson,1980-10-26,46,2016-09-05,117,A,SMALL_BIZ,280,14914 Renee Knolls Suite 409,Fordfurt,FL,41301,1,1.0,N,N,N,Y,4006.5,0.0,0.0,2026-06-29 19:53:58.123537+00:00
601,Kenneth,Mendez,1996-01-04,30,2022-01-08,53,A,WEALTH,126,4040 Moore Skyway Suite 703,Johnmouth,NE,50355,4,4.0,Y,Y,Y,Y,54734.95,5000.0,10.5,2026-06-29 19:53:58.123537+00:00
604,Jacob,Reid,1950-09-23,76,2017-03-19,111,A,WEALTH,105,39002 Williams Tunnel Apt. 474,Thompsonshire,AR,93338,1,0.0,N,Y,N,N,8108.49,0.0,0.0,2026-06-29 19:53:58.123537+00:00
605,Zoe,Peters,1987-12-13,39,2021-02-12,64,A,MASS,442,2633 Madeline Gardens Suite 651,East Jenniferside,ID,07456,1,1.0,N,N,N,Y,45953.73,0.0,0.0,2026-06-29 19:53:58.123537+00:00
608,William,Simpson,1996-02-10,30,2025-11-13,7,A,STUDENT,55,56441 Catherine Springs Apt. 547,New Peter,OR,74630,2,2.0,N,Y,N,Y,23294.04,0.0,0.0,2026-06-29 19:53:58.123537+00:00
614,Jennifer,Payne,1996-08-09,30,2012-02-10,172,A,DIGITAL,256,870 Erika Extension,Lake Denisemouth,MA,81155,3,1.0,N,Y,Y,Y,84732.65,15000.0,61.97,2026-06-29 19:53:58.123537+00:00
636,Scott,Smith,1949-10-25,77,2024-04-14,26,A,STUDENT,173,7434 Jeffrey Circle,Joannefort,OK,22857,4,4.0,Y,Y,Y,Y,49578.57,10000.0,15.76,2026-06-29 19:53:58.123537+00:00
638,Sarah,Hill,1985-01-15,41,2013-11-11,151,A,WEALTH,418,796 Kidd Lodge,North Christopher,NV,01640,1,1.0,Y,N,N,N,79749.16,0.0,0.0,2026-06-29 19:53:58.123537+00:00
665,Cynthia,Davenport,1977-06-06,49,2017-04-27,110,A,DIGITAL,104,8945 Daniel Rapids Apt. 246,Jonesshire,RI,78280,2,2.0,Y,Y,N,N,99470.21,0.0,0.0,2026-06-29 19:53:58.123537+00:00
669,Jean,Miles,1991-02-11,35,2013-04-09,158,A,DIGITAL,327,180 Davis Pine Suite 370,South Bryantown,CT,01309,1,1.0,N,Y,N,N,26893.61,0.0,0.0,2026-06-29 19:53:58.123537+00:00
705,Richard,Chavez,2007-11-12,19,2011-12-15,174,A,DIGITAL,349,6508 Morris Manor,Norrisbury,ND,64777,3,2.0,Y,Y,Y,N,124938.94,2000.0,54.51,2026-06-29 19:53:58.123537+00:00
707,Maria,Haas,1950-11-09,76,2011-09-02,177,A,PREMIER,470,6562 Nancy Viaduct Suite 039,East Tiffany,NV,89643,1,1.0,N,Y,N,N,38988.31,0.0,0.0,2026-06-29 19:53:58.123537+00:00
712,Gary,Berry,1944-05-08,82,2018-05-14,97,A,PREMIER,461,1335 Mary Haven Suite 760,Lake Veronica,WV,75174,1,0.0,N,N,N,Y,43756.07,0.0,0.0,2026-06-29 19:53:58.123537+00:00
721,Jeffery,Huang,1953-07-16,73,2016-03-31,123,I,DIGITAL,393,22664 Heather Landing Apt. 945,Tammymouth,IN,13351,1,1.0,N,Y,N,N,67174.09,0.0,0.0,2026-06-29 19:53:58.123537+00:00
733,Megan,Morris,1989-07-11,37,2025-03-13,15,A,DIGITAL,35,44556 White Falls,North Kevin,ND,81114,4,3.0,Y,Y,Y,Y,138856.91,15000.0,1.24,2026-06-29 19:53:58.123537+00:00
736,Craig,Turner,2004-08-06,22,2017-05-23,109,I,WEALTH,120,45287 Taylor Ports,North Kimberly,HI,72917,4,4.0,Y,Y,Y,Y,64647.61,25000.0,7.07,2026-06-29 19:53:58.123537+00:00
743,Tammy,Walker,1981-11-07,45,2025-03-25,15,A,SMALL_BIZ,348,4714 John Run Apt. 211,Port Cynthiaton,DC,57760,4,3.0,Y,Y,Y,Y,105559.67,2000.0,22.58,2026-06-29 19:53:58.123537+00:00
749,Nicole,Snyder,1990-07-29,36,2025-12-12,6,I,SMALL_BIZ,74,186 Larry Estates Apt. 635,Lake Nathanielborough,ID,11865,3,1.0,Y,Y,Y,N,111774.33,15000.0,26.06,2026-06-29 19:53:58.123537+00:00
766,Bryan,Goodwin,1956-08-25,70,2015-07-01,131,A,MASS,469,382 Hernandez Ways Suite 309,West Hannah,WV,45016,4,4.0,Y,Y,Y,Y,58327.64,5000.0,58.66,2026-06-29 19:53:58.123537+00:00
767,Maurice,Weaver,1986-03-18,40,2012-10-08,164,A,MASS,212,1734 Fisher Vista,Port Ryanside,VA,75737,2,2.0,N,Y,N,Y,52653.85,0.0,0.0,2026-06-29 19:53:58.123537+00:00
769,Amanda,Camacho,1996-04-28,30,2017-09-26,105,A,STUDENT,479,32854 Jose Crossroad,South Lori,SC,17941,3,2.0,N,Y,Y,Y,70719.4,10000.0,74.72,2026-06-29 19:53:58.123537+00:00
800,Tammie,Vincent,1952-05-28,74,2020-01-11,77,I,STUDENT,289,416 Emily Ramp Apt. 624,New Joycemouth,VI,15529,3,3.0,Y,Y,N,Y,116800.35,0.0,0.0,2026-06-29 19:53:58.123537+00:00
806,Erica,Holloway,1958-05-17,68,2018-06-15,96,A,SMALL_BIZ,371,07661 Smith Squares,South Ginafurt,OH,96670,4,4.0,Y,Y,Y,Y,163206.32,10000.0,33.05,2026-06-29 19:53:58.123537+00:00
835,David,Reyes,1987-12-16,39,2016-08-17,118,A,MASS,226,5557 Wright Spur Apt. 282,New Carlos,DC,87328,2,2.0,N,N,Y,Y,51341.54,5000.0,81.55,2026-06-29 19:53:58.123537+00:00
838,Matthew,Valenzuela,2000-12-25,26,2026-05-05,1,A,WEALTH,161,899 Thompson Grove Suite 463,East Jessicaview,WY,18823,3,3.0,Y,Y,N,Y,110671.49,0.0,0.0,2026-06-29 19:53:58.123537+00:00
845,Thomas,Hernandez,1966-12-20,60,2019-08-28,82,A,WEALTH,409,0670 Jimenez River Apt. 445,Jillfort,MD,86233,3,2.0,N,Y,Y,Y,76587.18,10000.0,41.2,2026-06-29 19:53:58.123537+00:00
846,Kevin,Stanley,1988-01-26,38,2020-11-22,67,A,WEALTH,345,13156 Clark Spring Apt. 242,Brockmouth,PA,95555,4,4.0,Y,Y,Y,Y,110643.01,5000.0,93.76,2026-06-29 19:53:58.123537+00:00
847,Catherine,Taylor,1985-11-16,41,2015-07-09,131,A,SMALL_BIZ,156,468 Watson Forest,Port Alexandershire,AL,25716,2,2.0,N,Y,Y,N,54204.75,25000.0,77.4,2026-06-29 19:53:58.123537+00:00
850,James,Warner,1959-02-10,67,2019-04-18,86,A,STUDENT,206,87000 Amanda Dam,East Vanessa,MI,31406,3,2.0,N,Y,Y,Y,93951.39,5000.0,29.99,2026-06-29 19:53:58.123537+00:00
862,Lauren,Banks,1967-05-02,59,2024-03-07,27,A,PREMIER,152,220 Lamb Trafficway Apt. 558,North Alex,AS,46336,4,3.0,Y,Y,Y,Y,111850.51,2000.0,54.96,2026-06-29 19:53:58.123537+00:00
863,Heather,Brown,1994-11-19,32,2013-03-06,159,A,PREMIER,426,6344 Jennifer Wall Apt. 885,West Tina,PW,72109,3,3.0,Y,N,Y,Y,103829.36,5000.0,48.6,2026-06-29 19:53:58.123537+00:00
872,Erica,Cruz,1958-02-22,68,2016-08-24,118,A,WEALTH,119,52173 Carl Forge Apt. 587,Port Courtney,NC,02474,2,2.0,N,N,Y,Y,40480.78,2000.0,37.23,2026-06-29 19:53:58.123537+00:00
892,Dennis,Porter,1985-08-10,41,2025-10-03,8,I,DIGITAL,96,4741 Coleman Forest,Josephtown,MI,60563,2,1.0,Y,N,N,Y,18986.04,0.0,0.0,2026-06-29 19:53:58.123537+00:00
906,Lindsey,Mills,1960-08-24,66,2024-02-17,28,I,WEALTH,53,4211 Carr Ranch,New Earlfurt,MD,88504,3,2.0,Y,Y,Y,N,51231.03,5000.0,99.64,2026-06-29 19:53:58.123537+00:00
917,Carrie,Parsons,1992-01-31,34,2019-08-24,82,A,SMALL_BIZ,418,7125 Evans Keys Suite 795,New Peterview,OK,81146,2,2.0,Y,N,Y,N,21777.82,15000.0,73.96,2026-06-29 19:53:58.123537+00:00
925,William,Perry,1953-10-23,73,2012-07-04,167,A,WEALTH,264,7412 Garcia Cove Apt. 340,South Baileyland,OR,40361,4,4.0,Y,Y,Y,Y,59940.88,2000.0,12.17,2026-06-29 19:53:58.123537+00:00
948,Susan,Thomas,1994-12-03,32,2019-08-19,82,I,SMALL_BIZ,228,840 Hale Vista Suite 330,Thomasville,ME,13932,3,3.0,Y,Y,Y,N,102128.17,15000.0,85.84,2026-06-29 19:53:58.123537+00:00
965,Catherine,Wilkinson,1978-06-14,48,2014-02-10,148,A,DIGITAL,266,8120 Jacobs Locks,West Amber,FM,75792,4,4.0,Y,Y,Y,Y,111064.78,5000.0,91.94,2026-06-29 19:53:58.123537+00:00
973,Lindsay,Mendez,1985-11-21,41,2024-02-21,28,A,WEALTH,489,15272 Cesar Crest Suite 341,Reyesbury,ND,21300,1,1.0,N,Y,N,N,11361.21,0.0,0.0,2026-06-29 19:53:58.123537+00:00
987,Lisa,Cortez,1949-06-02,77,2014-12-05,138,A,PREMIER,7,636 Sara Street Apt. 584,Stuartfort,AL,87154,4,4.0,Y,Y,Y,Y,143990.18,15000.0,54.89,2026-06-29 19:53:58.123537+00:00
997,Jerry,Cruz,1971-11-15,55,2020-04-20,74,I,STUDENT,346,91535 Stephen Prairie,South Charles,OR,61318,1,1.0,N,N,N,Y,46166.02,0.0,0.0,2026-06-29 19:53:58.123537+00:00
1002,Kimberly,Banks,1996-12-07,30,2024-11-14,19,A,DIGITAL,165,00848 Edwards Extensions,Ericamouth,VT,57314,4,4.0,Y,Y,Y,Y,89792.81,15000.0,40.67,2026-06-29 19:53:58.123537+00:00
1013,Mitchell,Peters,1994-01-02,32,2018-09-08,93,I,DIGITAL,4,699 Michael Route Suite 303,Mullinsmouth,NC,13987,1,1.0,N,N,Y,N,2084.71,10000.0,20.85,2026-06-29 19:53:58.123537+00:00
1026,Eric,Shea,1957-07-09,69,2011-06-30,180,A,MASS,134,8694 Catherine Neck Suite 134,Lauriemouth,IA,91761,4,4.0,Y,Y,Y,Y,111826.53,25000.0,52.6,2026-06-29 19:53:58.123537+00:00
1033,Nancy,Li,1995-04-15,31,2025-10-06,8,A,DIGITAL,232,9718 Parks Station,West Jeremyshire,OH,88747,4,3.0,Y,Y,Y,Y,63601.0,15000.0,34.96,2026-06-29 19:53:58.123537+00:00
1038,Stephanie,Black,1956-11-23,70,2016-03-14,123,A,PREMIER,365,54064 Julie Pines,East Melissa,OK,66148,2,2.0,Y,Y,N,N,133581.67,0.0,0.0,2026-06-29 19:53:58.123537+00:00
1039,John,Davis,1942-02-21,84,2023-11-27,31,A,WEALTH,263,0627 Jeremiah Dam,Nelsonborough,MS,12187,4,4.0,Y,Y,Y,Y,168002.96,15000.0,65.12,2026-06-29 19:53:58.123537+00:00
1065,Sarah,Scott,1965-09-04,61,2019-11-07,79,A,STUDENT,113,17528 Garcia Ferry Apt. 400,East Lawrenceborough,NM,93397,2,2.0,Y,N,Y,N,76785.4,15000.0,88.29,2026-06-29 19:53:58.123537+00:00
1066,Michelle,Mccarty,1942-10-27,84,2013-04-19,158,A,PREMIER,415,7842 Michael Road Apt. 264,North Cynthia,OR,18783,2,2.0,N,Y,N,Y,8775.31,0.0,0.0,2026-06-29 19:53:58.123537+00:00
1071,Ashley,Sweeney,1964-02-05,62,2020-11-27,67,A,DIGITAL,91,880 Perez Village Apt. 714,Walkermouth,LA,19178,1,1.0,N,N,Y,N,282.4,5000.0,5.65,2026-06-29 19:53:58.123537+00:00
1072,Jeremy,Stewart,1946-04-09,80,2013-11-27,151,A,SMALL_BIZ,358,74026 Cooper Islands,West Michael,AR,22193,1,1.0,N,Y,N,N,-26.79,0.0,0.0,2026-06-29 19:53:58.123537+00:00
1085,Cynthia,Elliott,1981-07-12,45,2020-11-26,67,I,MASS,70,92118 Spencer Terrace Apt. 626,Kimmouth,WA,88608,4,4.0,Y,Y,Y,Y,172916.9,25000.0,35.44,2026-06-29 19:53:58.123537+00:00
1099,Jacob,Garcia,1944-10-25,82,2019-06-22,84,A,MASS,403,91277 Matthew Skyway,Cookhaven,UT,82226,3,3.0,Y,N,Y,Y,80961.2,10000.0,83.28,2026-06-29 19:53:58.123537+00:00
1101,Matthew,Collins,1951-08-03,75,2018-11-08,91,A,DIGITAL,453,69441 Lynn Trafficway,East Lisa,AL,04899,4,2.0,Y,Y,Y,Y,84580.0,15000.0,7.69,2026-06-29 19:53:58.123537+00:00
1106,Kelsey,Ramos,1992-12-15,34,2015-03-16,135,A,PREMIER,38,9316 Deanna Drives Suite 863,Amandamouth,GU,55446,4,3.0,Y,Y,Y,Y,177160.59,25000.0,88.06,2026-06-29 19:53:58.123537+00:00
1123,Robin,Spencer,1959-12-09,67,2023-11-23,31,I,PREMIER,329,313 Sherman Fords Suite 476,Mcguirebury,NM,62420,2,2.0,Y,N,Y,N,64742.7,5000.0,28.04,2026-06-29 19:53:58.123537+00:00
1134,Jason,Henry,1946-03-29,80,2025-05-14,13,A,SMALL_BIZ,18,0178 Erica Road Suite 147,North Shaun,PW,71439,3,2.0,Y,Y,Y,N,142825.9,25000.0,79.1,2026-06-29 19:53:58.123537+00:00
1144,Scott,Gomez,1952-02-02,74,2026-05-21,1,A,WEALTH,470,741 Nelson Route Apt. 180,West Sierra,AL,94532,4,4.0,Y,Y,Y,Y,92753.58,10000.0,13.83,2026-06-29 19:53:58.123537+00:00
1156,Gerald,Petersen,1989-12-20,37,2023-04-27,38,A,MASS,144,70224 Benjamin Expressway Suite 210,North Andrea,MP,24964,2,2.0,N,Y,Y,N,20622.27,5000.0,49.64,2026-06-29 19:53:58.123537+00:00
1176,Stacy,Mcintosh,1949-01-07,77,2012-04-21,170,A,MASS,334,28194 Karen Coves,East Brianaberg,AR,64477,3,3.0,Y,N,Y,Y,62917.41,15000.0,91.29,2026-06-29 19:53:58.123537+00:00
1182,Kristina,Williamson,1952-11-25,74,2015-09-23,129,A,WEALTH,130,30735 Garcia Forest Suite 187,Kingfort,NY,78137,2,2.0,Y,N,N,Y,70025.01,0.0,0.0,2026-06-29 19:53:58.123537+00:00
1189,Phillip,Moore,1976-12-17,50,2016-06-19,120,A,DIGITAL,77,0653 Walters Forest Apt. 966,Buckborough,ME,79593,3,3.0,Y,Y,Y,N,104237.59,25000.0,33.14,2026-06-29 19:53:58.123537+00:00
1218,Jill,Grant,1976-03-30,50,2017-05-23,109,A,WEALTH,197,4508 Adam Locks,New Jorge,DE,58452,2,2.0,N,Y,Y,N,74615.98,15000.0,30.9,2026-06-29 19:53:58.123537+00:00
1219,Brandon,Carter,1976-01-27,50,2020-11-24,67,A,STUDENT,103,47202 Veronica Prairie,Hartfort,AL,74099,3,3.0,Y,Y,Y,N,106316.01,25000.0,78.58,2026-06-29 19:53:58.123537+00:00
1224,Shannon,White,1950-07-23,76,2017-08-29,106,I,DIGITAL,53,1245 Christopher Meadows Apt. 124,Port Angelaville,UT,54167,3,3.0,N,Y,Y,Y,86438.86,2000.0,12.27,2026-06-29 19:53:58.123537+00:00
1225,James,Gibson,1981-01-15,45,2022-02-14,52,A,STUDENT,157,1092 Scott Falls,Julieport,AL,87586,1,1.0,Y,N,N,N,34785.52,0.0,0.0,2026-06-29 19:53:58.123537+00:00
1234,Stephen,Foley,1983-03-15,43,2015-04-08,134,A,WEALTH,449,5095 Diane Forest,Josephstad,DE,27958,2,2.0,Y,N,Y,N,64311.44,15000.0,8.26,2026-06-29 19:53:58.123537+00:00
1238,Brandon,Hernandez,1978-11-05,48,2023-10-20,32,A,WEALTH,195,0355 Mcintosh Fork Apt. 312,East Lindaland,VA,24704,1,1.0,N,Y,N,N,35287.01,0.0,0.0,2026-06-29 19:53:58.123537+00:00
1251,April,Welch,1950-03-08,76,2019-11-19,79,A,DIGITAL,2,245 Joseph Lakes Suite 897,East Lori,MN,78534,4,2.0,Y,Y,Y,Y,82013.27,15000.0,72.86,2026-06-29 19:53:58.123537+00:00
1256,Juan,Tyler,1942-04-01,84,2014-06-29,144,A,MASS,136,876 Sean Mountain,Oliviaton,AL,32732,1,1.0,N,Y,N,N,72826.01,0.0,0.0,2026-06-29 19:53:58.123537+00:00
1260,Laura,Brewer,1986-07-19,40,2025-02-27,16,A,PREMIER,5,2234 Conner Centers,Johnsonfort,WY,10326,4,4.0,Y,Y,Y,Y,100457.91,25000.0,79.9,2026-06-29 19:53:58.123537+00:00
1268,Leonard,Johnson,1991-11-04,35,2022-01-04,53,A,STUDENT,348,2119 Jones Corners Apt. 945,South Michael,WV,69358,1,1.0,N,Y,N,N,46187.59,0.0,0.0,2026-06-29 19:53:58.123537+00:00
1277,Christopher,Owens,1987-07-10,39,2020-05-10,73,A,STUDENT,353,63166 Bridges Oval Apt. 003,South Brenda,KS,58261,4,3.0,Y,Y,Y,Y,132309.02,25000.0,63.18,2026-06-29 19:53:58.123537+00:00
1296,Cassandra,Anderson,1952-12-07,74,2022-12-12,42,A,SMALL_BIZ,337,552 Pamela Radial Suite 094,Jasontown,AS,96835,4,3.0,Y,Y,Y,Y,183788.18,10000.0,81.06,2026-06-29 19:53:58.123537+00:00
1310,Robin,Torres,1962-09-14,64,2019-12-31,78,A,STUDENT,248,547 White Burgs Apt. 892,West Lauren,IN,87247,2,2.0,N,N,Y,Y,57729.36,15000.0,68.44,2026-06-29 19:53:58.123537+00:00
1314,Lori,Howard,1945-01-19,81,2021-12-25,54,A,STUDENT,469,8006 Smith Spur,Ramirezberg,OK,30752,3,3.0,Y,Y,Y,N,107388.46,10000.0,17.6,2026-06-29 19:53:58.123537+00:00
1318,Mary,Moore,1967-04-05,59,2025-04-13,14,A,MASS,432,59784 Lisa Walks,Port Kellybury,SC,42925,3,2.0,N,Y,Y,Y,21214.93,2000.0,32.42,2026-06-29 19:53:58.123537+00:00
1332,Kimberly,Harrison,1945-01-10,81,2016-08-12,118,A,SMALL_BIZ,402,105 Michael Expressway,North Monicahaven,OR,95900,3,2.0,Y,N,Y,Y,113455.65,25000.0,38.18,2026-06-29 19:53:58.123537+00:00
1333,Jessica,Fisher,1975-11-03,51,2018-06-28,96,A,STUDENT,17,31166 Poole Villages Suite 636,North Brandon,TX,39220,4,4.0,Y,Y,Y,Y,68863.11,5000.0,82.41,2026-06-29 19:53:58.123537+00:00
1336,Gary,Williams,1945-08-09,81,2018-07-20,95,A,DIGITAL,262,73336 Darrell Mountains Suite 760,Jasonmouth,AZ,27358,4,4.0,Y,Y,Y,Y,112816.57,15000.0,89.32,2026-06-29 19:53:58.123537+00:00
1345,Jason,Navarro,1970-12-25,56,2021-01-01,65,A,DIGITAL,493,89758 Lewis Square,West Brianport,WI,35619,4,3.0,Y,Y,Y,Y,90169.07,5000.0,51.2,2026-06-29 19:53:58.123537+00:00
1346,Karla,Wilson,1964-08-11,62,2021-01-26,65,A,PREMIER,194,66130 Harris Haven Suite 396,Lake Lisatown,LA,67994,1,1.0,Y,N,N,N,12857.65,0.0,0.0,2026-06-29 19:53:58.123537+00:00
1360,Jean,Wilson,2005-03-04,21,2021-01-03,65,A,WEALTH,288,7805 Wright Turnpike,New George,NY,24930,1,1.0,N,Y,N,N,12104.08,0.0,0.0,2026-06-29 19:53:58.123537+00:00
1369,Jeffery,Schneider,1951-02-17,75,2022-12-16,42,A,DIGITAL,498,835 Campbell Route,West Debbie,AR,67226,4,4.0,Y,Y,Y,Y,65361.56,10000.0,48.89,2026-06-29 19:53:58.123537+00:00
1384,Bryan,Fernandez,1981-03-20,45,2018-10-15,92,A,MASS,476,69514 Robert Estates,North Bethanyberg,MI,94674,3,3.0,Y,Y,N,Y,155772.09,0.0,0.0,2026-06-29 19:53:58.123537+00:00
1397,Brittany,Rogers,1994-08-17,32,2022-11-22,43,A,DIGITAL,83,5610 Peters Underpass,Amberbury,MA,78639,3,2.0,Y,N,Y,Y,55189.61,15000.0,21.33,2026-06-29 19:53:58.123537+00:00
1402,Olivia,Butler,1947-06-19,79,2021-03-19,63,A,PREMIER,102,49415 Winters Ports,South Steven,TX,59989,3,3.0,Y,Y,N,Y,52029.75,0.0,0.0,2026-06-29 19:53:58.123537+00:00
1403,Heather,Harris,1995-08-03,31,2023-01-06,41,A,MASS,183,978 Ashley Garden Apt. 907,Taylormouth,OH,39665,4,4.0,Y,Y,Y,Y,101801.18,5000.0,4.63,2026-06-29 19:53:58.123537+00:00
1405,Hector,Porter,1982-05-25,44,2012-01-19,173,A,DIGITAL,163,8407 Jose Crescent,East Yvonneville,MT,89514,2,2.0,Y,N,Y,N,60583.52,5000.0,46.8,2026-06-29 19:53:58.123537+00:00
1412,Ryan,Cook,1984-09-11,42,2015-09-29,129,A,SMALL_BIZ,376,3402 Watts Vista Suite 991,New Stephenville,NM,41632,2,2.0,Y,N,N,Y,102943.15,0.0,0.0,2026-06-29 19:53:58.123537+00:00
1415,Jennifer,Watkins,1949-04-08,77,2024-11-04,19,A,SMALL_BIZ,311,57182 Rogers Falls,Wilsontown,MO,69984,3,1.0,Y,Y,Y,N,57076.88,2000.0,1.83,2026-06-29 19:53:58.123537+00:00
1416,Erica,Nguyen,1963-05-01,63,2014-06-15,144,I,DIGITAL,457,5658 Johnson Ferry Apt. 037,Brandymouth,ID,56115,2,2.0,N,Y,N,Y,71866.66,0.0,0.0,2026-06-29 19:53:58.123537+00:00
1453,Sue,Rodriguez,2001-08-26,25,2015-10-17,128,I,STUDENT,76,4782 Brandon Fields,Alvaradohaven,IA,47955,3,3.0,N,Y,Y,Y,135356.1,10000.0,31.4,2026-06-29 19:53:58.123537+00:00
1455,Kelly,Montes,1976-05-17,50,2020-11-06,67,A,WEALTH,307,53238 Brown Port,Mitchelltown,AS,56766,2,2.0,N,Y,N,Y,61532.53,0.0,0.0,2026-06-29 19:53:58.123537+00:00
1461,George,Green,1950-05-02,76,2023-04-08,38,A,DIGITAL,371,450 Ryan Burg,South Jesse,AL,76797,2,2.0,N,N,Y,Y,27984.95,5000.0,94.8,2026-06-29 19:53:58.123537+00:00
1483,Jessica,Wallace,2000-01-26,26,2012-10-18,164,A,SMALL_BIZ,300,15866 Frost Via Apt. 725,Markburgh,VI,69935,3,3.0,Y,N,Y,Y,61992.14,10000.0,56.53,2026-06-29 19:53:58.123537+00:00
1486,Jared,Wells,1980-10-30,46,2012-10-10,164,A,DIGITAL,212,9307 David Trafficway Suite 821,South Cassandra,AK,94103,3,3.0,Y,Y,N,Y,71707.85,0.0,0.0,2026-06-29 19:53:58.123537+00:00
1495,David,Ramirez,1987-07-30,39,2015-02-21,136,A,PREMIER,422,512 Ricky Crossroad Suite 873,Smithview,KY,81583,2,2.0,Y,Y,N,N,95545.61,0.0,0.0,2026-06-29 19:53:58.123537+00:00
1500,Frank,Nelson,2000-05-03,26,2013-07-06,155,I,MASS,365,036 Evelyn Drive Suite 237,Andrewport,IL,20690,1,1.0,N,Y,N,N,19719.01,0.0,0.0,2026-06-29 19:53:58.123537+00:00
1507,Renee,Garcia,1973-12-23,53,2016-07-26,119,A,MASS,400,687 Mendoza Course,East Jennifer,NJ,56686,2,2.0,N,N,Y,Y,46903.08,15000.0,7.76,2026-06-29 19:53:58.123537+00:00
1522,Michael,Martin,2004-08-04,22,2025-08-23,10,I,WEALTH,325,54069 Wood Harbor,South Melissa,OH,23628,4,3.0,Y,Y,Y,Y,86110.01,25000.0,59.46,2026-06-29 19:53:58.123537+00:00
1528,Michael,Gray,2005-08-29,21,2014-03-10,147,A,MASS,182,91660 Horton Spurs,Lake Bethanyshire,PW,30009,3,3.0,Y,N,Y,Y,41319.78,25000.0,34.5,2026-06-29 19:53:58.123537+00:00
1535,Harry,Lutz,1973-05-12,53,2021-08-15,58,A,STUDENT,4,362 Nancy Garden,New Theresa,MS,36677,1,1.0,N,N,Y,N,1767.91,5000.0,35.36,2026-06-29 19:53:58.123537+00:00
1549,Jose,Cooper,1985-11-07,41,2018-10-21,92,A,WEALTH,491,0839 Margaret Drives Suite 303,South Williambury,SC,65641,1,1.0,N,Y,N,N,21430.68,0.0,0.0,2026-06-29 19:53:58.123537+00:00
1550,Stephanie,Johnson,1999-02-02,27,2019-08-24,82,A,MASS,95,2946 Dwayne Knoll Suite 981,East James,GU,15885,3,3.0,Y,Y,N,Y,124103.33,0.0,0.0,2026-06-29 19:53:58.123537+00:00
1563,Andrew,Nguyen,1961-12-02,65,2016-07-11,119,A,SMALL_BIZ,50,7720 Jennifer Square Apt. 688,New Barbaraview,IN,41588,4,3.0,Y,Y,Y,Y,28276.16,10000.0,9.83,2026-06-29 19:53:58.123537+00:00
1569,Melanie,Cobb,1970-09-14,56,2018-11-26,91,A,MASS,345,96233 Nelson Spring Suite 938,East Tammy,IL,58927,3,2.0,N,Y,Y,Y,89391.68,15000.0,97.13,2026-06-29 19:53:58.123537+00:00
1574,Kevin,Brock,1994-10-19,32,2021-03-18,63,I,PREMIER,41,179 Smith Isle,Rileymouth,IL,13568,2,2.0,Y,N,Y,N,86843.82,25000.0,57.36,2026-06-29 19:53:58.123537+00:00
1577,Michelle,Ray,1942-09-27,84,2021-12-25,54,A,MASS,455,3698 Connie Keys Apt. 405,West Tyler,LA,75219,3,3.0,N,Y,Y,Y,88045.91,15000.0,17.27,2026-06-29 19:53:58.123537+00:00
1584,Carolyn,Sullivan,1984-10-10,42,2015-04-26,134,A,PREMIER,14,074 Richard Road Apt. 175,North Stevenstad,KY,59671,1,1.0,N,N,Y,N,7543.39,25000.0,30.17,2026-06-29 19:53:58.123537+00:00
1586,Ryan,Lucas,1972-08-03,54,2019-11-04,79,A,MASS,317,39081 Daniel Skyway,Scottmouth,RI,44050,3,3.0,N,Y,Y,Y,60814.08,5000.0,4.83,2026-06-29 19:53:58.123537+00:00
1591,Diane,Davis,1968-10-04,58,2016-11-29,115,A,PREMIER,340,703 Cynthia Run,New Walter,ND,80147,3,2.0,Y,Y,N,Y,146989.17,0.0,0.0,2026-06-29 19:53:58.123537+00:00
1601,Lori,Smith,1965-10-23,61,2022-03-02,51,A,STUDENT,418,6680 Lee Junction Suite 107,South Williamchester,MI,42929,3,3.0,N,Y,Y,Y,16614.49,5000.0,6.1,2026-06-29 19:53:58.123537+00:00
1618,Laura,Flores,1998-03-27,28,2021-09-20,57,A,PREMIER,497,27221 Allen Cliff,Phillipsville,RI,78375,1,1.0,N,Y,N,N,26195.56,0.0,0.0,2026-06-29 19:53:58.123537+00:00
1625,Micheal,Valentine,1958-12-03,68,2012-10-26,164,A,MASS,42,7991 Justin Points,South Courtneytown,MS,45954,4,3.0,Y,Y,Y,Y,126548.42,15000.0,66.75,2026-06-29 19:53:58.123537+00:00
1627,David,Reeves,1971-11-21,55,2021-07-16,59,A,PREMIER,279,386 Dunn Spurs Suite 073,Deborahberg,CT,70940,4,3.0,Y,Y,Y,Y,132297.17,10000.0,63.85,2026-06-29 19:53:58.123537+00:00
1641,Logan,Moreno,2000-04-23,26,2013-06-16,156,A,STUDENT,62,45823 Wayne Creek,Garzafurt,WA,58057,1,1.0,N,Y,N,N,46682.74,0.0,0.0,2026-06-29 19:53:58.123537+00:00
1685,Thomas,Holt,1949-04-23,77,2014-01-19,149,A,SMALL_BIZ,235,73226 Sherry Mission,Lake Zachary,AK,17547,4,3.0,Y,Y,Y,Y,77480.87,5000.0,51.5,2026-06-29 19:53:58.123537+00:00
1698,Brittany,Carr,1974-02-25,52,2018-09-28,93,A,MASS,114,88148 Weaver Rapids,Paulmouth,KS,10161,3,3.0,N,Y,Y,Y,106858.42,15000.0,11.5,2026-06-29 19:53:58.123537+00:00
1709,Catherine,Garcia,1950-02-21,76,2014-06-19,144,A,SMALL_BIZ,414,650 Malone Lane Suite 062,Jeremyfort,GU,41057,4,2.0,Y,Y,Y,Y,125198.81,25000.0,63.3,2026-06-29 19:53:58.123537+00:00
1710,Kevin,Clark,1969-05-12,57,2026-04-26,2,A,PREMIER,400,27064 Collins Pines,Port Ashley,SD,74787,2,2.0,N,Y,Y,N,59536.69,10000.0,86.35,2026-06-29 19:53:58.123537+00:00
1714,Matthew,Kelly,1956-07-03,70,2015-05-03,133,A,SMALL_BIZ,399,92009 Darryl Rapids,North Gina,OH,46248,4,3.0,Y,Y,Y,Y,158543.03,15000.0,21.84,2026-06-29 19:53:58.123537+00:00
1715,Joseph,Hernandez,1944-08-14,82,2024-08-01,22,A,PREMIER,157,38223 Lewis Island,Erinberg,NH,91202,3,3.0,Y,Y,N,Y,67951.64,0.0,0.0,2026-06-29 19:53:58.123537+00:00
1717,Stephen,Skinner,2003-07-29,23,2018-01-08,101,A,MASS,258,871 Melissa Passage Suite 839,Andersonton,MO,92671,4,3.0,Y,Y,Y,Y,65839.19,15000.0,19.66,2026-06-29 19:53:58.123537+00:00
1718,Cheryl,Casey,1948-12-03,78,2013-01-26,161,A,DIGITAL,26,568 Gomez Inlet,South Steven,GU,84252,3,3.0,Y,N,Y,Y,13050.21,25000.0,32.79,2026-06-29 19:53:58.123537+00:00
1736,Isabella,Griffin,1976-11-07,50,2025-03-22,15,I,DIGITAL,388,062 Belinda Island Apt. 795,Brownburgh,MI,08462,2,1.0,Y,N,Y,N,68874.95,2000.0,30.1,2026-06-29 19:53:58.123537+00:00
1737,Kristina,Pearson,1955-03-27,71,2019-08-12,82,A,PREMIER,379,30206 Lauren Bridge,Jasonhaven,LA,44644,1,1.0,N,Y,N,N,72758.83,0.0,0.0,2026-06-29 19:53:58.123537+00:00
1746,Jillian,Chavez,1949-11-06,77,2015-12-08,126,A,PREMIER,131,0903 Rodriguez Grove Apt. 333,East Ashleyfurt,WA,05170,3,3.0,Y,Y,Y,N,87538.46,10000.0,86.09,2026-06-29 19:53:58.123537+00:00
1751,Mackenzie,Ward,1963-06-16,63,2020-03-06,75,A,PREMIER,10,28180 Susan Ridges,Michaelview,TN,36503,2,2.0,N,Y,N,Y,24019.11,0.0,0.0,2026-06-29 19:53:58.123537+00:00
1752,Maria,Miller,1948-01-21,78,2022-02-08,52,A,DIGITAL,195,2640 Rodriguez Stravenue,Melissashire,CO,26405,3,3.0,Y,N,Y,Y,42701.32,2000.0,5.59,2026-06-29 19:53:58.123537+00:00
1753,Thomas,Griffin,1945-08-28,81,2024-09-29,21,A,MASS,249,265 Eric Radial,Shannonshire,OR,17722,3,3.0,N,Y,Y,Y,95068.65,10000.0,92.36,2026-06-29 19:53:58.123537+00:00
1763,Brittany,Williams,1994-07-02,32,2013-08-11,154,A,SMALL_BIZ,71,63458 Butler Spurs Suite 710,Michaelfurt,NY,98668,4,4.0,Y,Y,Y,Y,130494.39,15000.0,30.7,2026-06-29 19:53:58.123537+00:00
1775,Jaime,Alvarez,1945-01-12,81,2019-12-31,78,A,DIGITAL,373,47608 Lisa Burg Suite 354,Williamsfort,OR,60816,1,1.0,N,N,Y,N,5610.99,15000.0,37.41,2026-06-29 19:53:58.123537+00:00
1780,Michele,Stewart,1970-10-09,56,2017-09-05,105,I,STUDENT,291,3916 Jacob Greens Suite 893,East Todd,MO,12058,1,1.0,N,N,Y,N,4591.28,10000.0,45.91,2026-06-29 19:53:58.123537+00:00
1782,Christopher,Parker,1951-02-21,75,2015-04-21,134,I,MASS,41,1772 Paula Dale,South Michaelville,IA,39815,3,3.0,Y,Y,N,Y,100357.28,0.0,0.0,2026-06-29 19:53:58.123537+00:00
1792,Tammy,Brooks,1984-02-02,42,2014-07-11,143,A,WEALTH,398,88069 Joshua Ville,North Kevinhaven,FL,09666,3,2.0,Y,N,Y,Y,14565.94,2000.0,32.3,2026-06-29 19:53:58.123537+00:00
1795,Teresa,Smith,1997-01-21,29,2015-10-22,128,A,STUDENT,56,308 Miles Spring Suite 036,Aliciaton,AL,90706,1,1.0,Y,N,N,N,45999.93,0.0,0.0,2026-06-29 19:53:58.123537+00:00
1802,Shawn,Sanchez,1959-01-01,67,2022-09-20,45,A,SMALL_BIZ,265,21696 Heather Meadows Suite 979,Port Kelly,VI,42410,2,1.0,N,Y,Y,N,70460.74,2000.0,66.39,2026-06-29 19:53:58.123537+00:00
1822,Danielle,Hahn,1971-11-27,55,2025-06-25,12,A,WEALTH,255,4786 Michael Ramp Suite 301,East Paul,ME,15949,3,3.0,Y,Y,Y,N,126046.64,5000.0,50.29,2026-06-29 19:53:58.123537+00:00
1824,Steven,Ward,1959-11-07,67,2021-08-21,58,A,DIGITAL,302,24084 Pamela Parks,Audreyhaven,IA,35233,4,3.0,Y,Y,Y,Y,92964.3,2000.0,6.04,2026-06-29 19:53:58.123537+00:00
1825,Jeffrey,Ramirez,1992-05-06,34,2024-09-03,21,A,WEALTH,210,32528 Hill Burg Apt. 913,East Edwin,NE,03183,3,3.0,N,Y,Y,Y,71327.36,2000.0,10.68,2026-06-29 19:53:58.123537+00:00
1826,Adam,Lee,1969-08-20,57,2018-03-09,99,A,STUDENT,308,91658 Paul Forest,Kristyland,DC,80894,4,4.0,Y,Y,Y,Y,45386.81,2000.0,10.07,2026-06-29 19:53:58.123537+00:00
1835,Melanie,Brown,1943-09-22,83,2016-03-01,123,A,PREMIER,48,459 Anderson Causeway Suite 011,Smithberg,NE,68447,3,2.0,Y,N,Y,Y,82793.61,5000.0,67.41,2026-06-29 19:53:58.123537+00:00
1836,Scott,Turner,1950-01-13,76,2025-03-15,15,A,MASS,189,7761 Brandon Prairie Suite 637,Petersonstad,TN,58542,1,1.0,N,N,Y,N,10449.64,15000.0,69.66,2026-06-29 19:53:58.123537+00:00
1839,Donna,Smith,1957-02-09,69,2020-06-08,72,I,SMALL_BIZ,441,93411 Stephanie Lodge Suite 628,Brandonshire,MO,60304,3,3.0,Y,Y,N,Y,130027.87,0.0,0.0,2026-06-29 19:53:58.123537+00:00
1843,James,Berry,1946-01-06,80,2023-04-08,38,A,PREMIER,248,08044 Michael Plain Apt. 510,South Elizabethfort,AZ,95139,4,3.0,Y,Y,Y,Y,172093.21,15000.0,45.71,2026-06-29 19:53:58.123537+00:00
1857,Jody,Harris,2005-04-24,21,2016-06-08,120,A,PREMIER,59,807 Weaver Landing,Chelsealand,TX,81343,3,3.0,Y,N,Y,Y,33854.0,5000.0,70.8,2026-06-29 19:53:58.123537+00:00
1859,Kelly,Lee,1943-07-03,83,2013-03-17,159,I,DIGITAL,100,6161 Pearson Center Apt. 860,Alexandermouth,AZ,96310,3,3.0,Y,N,Y,Y,81763.5,5000.0,40.19,2026-06-29 19:53:58.123537+00:00
1860,Bradley,Johnson,1980-09-24,46,2022-11-29,43,A,SMALL_BIZ,246,700 Randall Field Suite 464,Hernandezstad,AZ,84606,1,1.0,N,N,Y,N,982.47,2000.0,49.12,2026-06-29 19:53:58.123537+00:00
1878,Michelle,Foster,1956-03-14,70,2014-07-09,143,A,DIGITAL,175,138 Andrew Rue Apt. 874,East Stephanieshire,OR,30967,3,3.0,N,Y,Y,Y,80652.71,10000.0,82.72,2026-06-29 19:53:58.123537+00:00
1885,Dawn,Hartman,1997-12-11,29,2019-02-21,88,A,STUDENT,393,0975 Rodriguez Underpass,Lake Wendy,FM,74379,3,3.0,Y,Y,N,Y,87208.56,0.0,0.0,2026-06-29 19:53:58.123537+00:00
1889,Karen,Singh,2008-05-09,18,2026-05-21,1,A,STUDENT,164,260 Lopez Crest,New Carriefurt,MP,70769,4,3.0,Y,Y,Y,Y,187844.48,10000.0,79.81,2026-06-29 19:53:58.123537+00:00
1893,Jeremy,Curry,1951-06-30,75,2017-06-03,108,A,DIGITAL,278,2145 Shelton Path Suite 716,South Tamara,CT,65224,3,3.0,N,Y,Y,Y,69116.75,10000.0,2.83,2026-06-29 19:53:58.123537+00:00
1897,Nicholas,Ray,1971-08-22,55,2019-10-27,80,A,WEALTH,26,0942 Marisa Loaf,Cindyshire,OR,42973,2,2.0,Y,N,Y,N,40303.67,25000.0,26.55,2026-06-29 19:53:58.123537+00:00
1899,Robert,Jennings,1997-05-22,29,2016-07-23,119,A,PREMIER,197,9354 Watkins Rue Suite 075,Kellyborough,ND,72141,2,2.0,N,N,Y,Y,9176.84,10000.0,31.46,2026-06-29 19:53:58.123537+00:00
1904,Jacob,Rodriguez,1967-08-31,59,2019-06-19,84,A,STUDENT,68,836 Jennifer Canyon Apt. 984,Deannaside,HI,66572,1,1.0,N,N,N,Y,48689.42,0.0,0.0,2026-06-29 19:53:58.123537+00:00
1910,Daniel,Herrera,1969-01-07,57,2013-10-31,152,A,PREMIER,244,660 Mcfarland Lodge Suite 420,Johnsonfort,CT,30809,2,2.0,Y,N,N,Y,73088.07,0.0,0.0,2026-06-29 19:53:58.123537+00:00
1925,Daniel,Miranda,2008-03-05,18,2012-08-19,166,A,STUDENT,56,8273 Miles Brooks Suite 168,New Heather,GA,35382,4,4.0,Y,Y,Y,Y,206122.86,10000.0,21.66,2026-06-29 19:53:58.123537+00:00
1935,Emily,Robinson,1956-01-04,70,2012-01-02,173,A,PREMIER,190,427 Sarah Extensions,New Ashleystad,ND,90456,1,1.0,N,N,Y,N,18826.42,25000.0,75.31,2026-06-29 19:53:58.123537+00:00
1940,Matthew,Lee,1969-09-28,57,2026-04-01,2,A,WEALTH,196,433 Jones Gardens,Robinsonton,NE,15922,4,4.0,Y,Y,Y,Y,67906.74,10000.0,62.06,2026-06-29 19:53:58.123537+00:00
1947,Miguel,Jones,1996-02-06,30,2021-03-09,63,A,DIGITAL,44,99726 John Port Apt. 300,Port James,ND,91626,4,4.0,Y,Y,Y,Y,134383.95,25000.0,4.62,2026-06-29 19:53:58.123537+00:00
1962,John,Ryan,1998-03-27,28,2016-06-07,120,A,STUDENT,28,3959 Edwin Lake,Josephtown,MA,95968,2,2.0,N,Y,Y,N,66940.62,15000.0,20.22,2026-06-29 19:53:58.123537+00:00
1966,Donald,Harris,1954-05-21,72,2020-12-14,66,A,DIGITAL,19,8615 Sara Lake Suite 110,Port Marytown,MO,90499,3,2.0,N,Y,Y,Y,56146.73,10000.0,19.29,2026-06-29 19:53:58.123537+00:00
1968,Jessica,Collins,1957-04-28,69,2012-08-27,166,A,PREMIER,323,00366 Lowery Branch Suite 328,Harveyside,CA,46551,2,1.0,N,Y,Y,N,92185.44,15000.0,95.52,2026-06-29 19:53:58.123537+00:00
1976,Nicholas,Obrien,1972-07-22,54,2018-04-04,98,I,SMALL_BIZ,229,425 May Ranch,Mckenziebury,WI,18138,1,1.0,Y,N,N,N,30950.23,0.0,0.0,2026-06-29 19:53:58.123537+00:00
1978,Vincent,Swanson,1954-03-13,72,2011-09-06,177,A,WEALTH,93,6943 Robyn Haven Apt. 097,Shawberg,NH,67690,2,2.0,Y,Y,N,N,25433.97,0.0,0.0,2026-06-29 19:53:58.123537+00:00
2007,Sarah,Kennedy,2007-08-12,19,2022-11-06,43,A,PREMIER,357,6870 Philip Village,West Melissa,NJ,19135,4,4.0,Y,Y,Y,Y,104055.77,25000.0,14.27,2026-06-29 19:53:58.123537+00:00
2009,Shelley,Ortega,2008-06-14,18,2023-09-05,33,A,SMALL_BIZ,233,580 Kristen Pike Suite 116,Port Franklinton,VI,98034,3,3.0,Y,Y,Y,N,91621.99,25000.0,46.78,2026-06-29 19:53:58.123537+00:00
2041,Elizabeth,Solis,1981-10-15,45,2013-08-31,154,I,SMALL_BIZ,158,9171 Michael Islands Apt. 846,South Edwardport,NJ,11705,2,2.0,Y,N,N,Y,46830.34,0.0,0.0,2026-06-29 19:53:58.123537+00:00
2042,Kyle,Mooney,1988-08-03,38,2020-06-04,72,A,WEALTH,495,927 Kristina Corner,Medinaborough,GU,31864,2,2.0,Y,N,N,Y,76359.17,0.0,0.0,2026-06-29 19:53:58.123537+00:00
2059,Debra,Watkins,1945-01-03,81,2026-02-11,4,A,PREMIER,141,7480 Kevin Parkways,Pinedashire,AZ,69327,2,2.0,Y,Y,N,N,86535.12,0.0,0.0,2026-06-29 19:53:58.123537+00:00
2063,Michelle,Santos,1985-08-11,41,2023-02-03,40,A,DIGITAL,9,5997 Dawson Street Apt. 918,New Jonathanstad,KY,66134,1,1.0,N,N,Y,N,322.84,2000.0,16.14,2026-06-29 19:53:58.123537+00:00
2083,Jason,Howard,2005-08-21,21,2020-06-22,72,A,STUDENT,91,8366 Lucas River Suite 718,East Kimberly,OR,43515,2,2.0,Y,N,N,Y,92393.57,0.0,0.0,2026-06-29 19:53:58.123537+00:00
2103,Jasmine,White,1958-03-08,68,2020-07-27,71,A,MASS,8,919 Jessica Views,Rodgerstown,MO,57167,1,1.0,N,N,Y,N,2020.42,10000.0,20.2,2026-06-29 19:53:58.123537+00:00
2106,Stacey,Russell,1961-12-09,65,2024-04-15,26,A,STUDENT,485,4379 Morse Tunnel,Grossberg,MA,40347,2,2.0,N,Y,Y,N,76291.48,2000.0,31.13,2026-06-29 19:53:58.123537+00:00
2109,Nancy,Hayden,1978-08-14,48,2018-11-04,91,A,WEALTH,272,266 Schmitt Landing,Lake Alyssafort,VT,01060,3,2.0,N,Y,Y,Y,37505.01,15000.0,91.82,2026-06-29 19:53:58.123537+00:00
2118,Nathaniel,Wilson,1969-10-24,57,2017-02-22,112,A,SMALL_BIZ,208,0695 Nancy Station Apt. 717,Port Davidhaven,DC,19242,2,2.0,N,Y,N,Y,74812.56,0.0,0.0,2026-06-29 19:53:58.123537+00:00
2120,Kelly,Lewis,1949-05-22,77,2015-12-15,126,I,SMALL_BIZ,37,22695 Shaffer Extensions Apt. 948,Janetfurt,CO,96104,4,4.0,Y,Y,Y,Y,110674.44,10000.0,36.48,2026-06-29 19:53:58.123537+00:00
2122,Margaret,Johnson,2004-01-04,22,2021-01-30,65,A,MASS,358,517 Valdez Bypass,Martintown,KS,66074,1,1.0,N,N,N,Y,7877.46,0.0,0.0,2026-06-29 19:53:58.123537+00:00
2126,Willie,Hernandez,1974-06-16,52,2012-10-02,164,A,PREMIER,57,246 Sandoval Shoals,South Wendyside,PA,82304,3,3.0,Y,Y,Y,N,20738.05,2000.0,11.06,2026-06-29 19:53:58.123537+00:00
2132,Julie,Santana,1944-03-10,82,2017-05-17,109,A,SMALL_BIZ,390,997 Jose Spring,New Brandon,KY,47733,2,1.0,N,Y,N,Y,111753.58,0.0,0.0,2026-06-29 19:53:58.123537+00:00
2148,Matthew,Mendoza,1983-12-03,43,2014-12-11,138,A,MASS,97,11827 Brown Rue,South Jim,WV,48598,3,3.0,N,Y,Y,Y,87075.18,15000.0,86.34,2026-06-29 19:53:58.123537+00:00
2149,Kevin,Adams,1975-08-26,51,2021-02-04,64,A,DIGITAL,428,9898 Emily Plaza Suite 824,Laurentown,PW,25199,4,4.0,Y,Y,Y,Y,86188.05,2000.0,70.7,2026-06-29 19:53:58.123537+00:00
2153,Michael,Torres,1953-11-16,73,2025-08-21,10,A,STUDENT,68,0637 Chris Shore Apt. 661,Catherineside,GA,24244,4,3.0,Y,Y,Y,Y,112343.98,10000.0,50.33,2026-06-29 19:53:58.123537+00:00
2154,Andrea,Atkins,1947-12-25,79,2011-09-11,177,I,MASS,117,113 Benjamin Canyon Suite 899,North Melissaview,AS,34013,1,0.0,Y,N,N,N,27474.3,0.0,0.0,2026-06-29 19:53:58.123537+00:00
2155,Michael,Maxwell,1963-09-07,63,2022-07-20,47,A,MASS,395,249 Jones Junction Suite 135,Makaylafurt,ID,74237,4,2.0,Y,Y,Y,Y,103206.23,15000.0,3.4,2026-06-29 19:53:58.123537+00:00
2156,Debra,Clark,1976-12-03,50,2017-01-12,113,A,MASS,146,0127 Susan Inlet,New Susanfort,MI,04391,3,2.0,N,Y,Y,Y,80554.45,2000.0,75.51,2026-06-29 19:53:58.123537+00:00
2199,Mallory,Garcia,1983-07-14,43,2013-04-29,158,A,MASS,154,1403 Miller Springs,Shannonton,AL,81576,1,1.0,N,Y,N,N,69237.56,0.0,0.0,2026-06-29 19:53:58.123537+00:00
2203,Daniel,Jackson,2000-09-24,26,2023-10-07,32,A,WEALTH,497,556 Wilson Ranch,Lake Jacquelinebury,OR,86395,2,1.0,N,Y,Y,N,72391.74,10000.0,84.71,2026-06-29 19:53:58.123537+00:00
2205,Sandra,Gillespie,1982-09-28,44,2013-04-03,158,A,MASS,322,120 Burton Lake,Adamshire,AL,63238,2,2.0,Y,Y,N,N,121707.42,0.0,0.0,2026-06-29 19:53:58.123537+00:00
2216,Desiree,Sanchez,1963-11-01,63,2023-06-16,36,A,STUDENT,166,75526 Michael Center Suite 701,South John,KS,79183,4,4.0,Y,Y,Y,Y,110364.76,2000.0,2.96,2026-06-29 19:53:58.123537+00:00
2225,Jane,Bennett,1950-09-22,76,2025-11-04,7,A,WEALTH,236,23074 Roberts Squares Suite 340,North Mariamouth,SD,38508,4,4.0,Y,Y,Y,Y,78854.58,10000.0,57.5,2026-06-29 19:53:58.123537+00:00
2233,Alex,Wall,1991-10-25,35,2018-12-31,90,I,DIGITAL,67,9925 John Roads Apt. 211,South Justinchester,RI,58075,3,3.0,Y,Y,N,Y,109521.59,0.0,0.0,2026-06-29 19:53:58.123537+00:00
2241,Christian,Morrison,1954-07-16,72,2013-02-08,160,A,STUDENT,462,639 Peterson Springs,Port Amy,UT,68360,4,4.0,Y,Y,Y,Y,69407.7,2000.0,47.55,2026-06-29 19:53:58.123537+00:00
2260,Kimberly,Miller,1978-02-23,48,2025-12-11,6,A,WEALTH,146,806 Villa Courts,Denniston,CT,86443,3,3.0,N,Y,Y,Y,116398.16,5000.0,12.75,2026-06-29 19:53:58.123537+00:00
2279,Thomas,Brown,1965-09-17,61,2017-11-27,103,A,PREMIER,256,382 Amy Drives,Rileyside,KS,57095,1,1.0,N,Y,N,N,29203.94,0.0,0.0,2026-06-29 19:53:58.123537+00:00
2286,Michael,Schwartz,1952-04-04,74,2021-11-19,55,A,STUDENT,280,7141 Richard Ford,Reevesmouth,AZ,52364,3,3.0,Y,N,Y,Y,59621.3,15000.0,66.05,2026-06-29 19:53:58.123537+00:00
2293,Tara,Davis,1949-11-30,77,2018-03-12,99,A,WEALTH,392,118 Jennifer Stravenue,Lake Allison,MO,44441,3,3.0,Y,Y,N,Y,107450.76,0.0,0.0,2026-06-29 19:53:58.123537+00:00
2295,Michael,Farley,1952-08-14,74,2017-02-14,112,A,STUDENT,241,9006 Mcclain Garden,East Michael,DE,57657,1,1.0,N,Y,N,N,79257.82,0.0,0.0,2026-06-29 19:53:58.123537+00:00
2304,Christina,Jenkins,1948-06-12,78,2021-03-07,63,A,DIGITAL,121,02781 Jacob Extensions Suite 485,North Victor,HI,56446,3,3.0,Y,Y,N,Y,142013.03,0.0,0.0,2026-06-29 19:53:58.123537+00:00
2317,Daisy,Madden,1980-03-16,46,2013-05-31,157,A,PREMIER,153,7842 Edwards Mountain Suite 362,North Timville,TX,15273,3,3.0,Y,Y,Y,N,64937.17,2000.0,87.11,2026-06-29 19:53:58.123537+00:00
2323,Christian,Reyes,1988-11-24,38,2025-03-23,15,A,SMALL_BIZ,422,5218 Amy Island Suite 448,Youngside,NJ,08764,2,2.0,N,Y,N,Y,60302.85,0.0,0.0,2026-06-29 19:53:58.123537+00:00
2338,Edwin,Camacho,1943-01-13,83,2019-02-15,88,A,MASS,331,6450 Johnson Flat Apt. 814,Jenniferburgh,CA,03911,4,4.0,Y,Y,Y,Y,134189.89,15000.0,11.65,2026-06-29 19:53:58.123537+00:00
2339,Mark,Robinson,1949-03-07,77,2014-09-23,141,A,SMALL_BIZ,308,016 Roberts Wall,Jasonland,RI,30021,2,2.0,Y,N,Y,N,26641.19,10000.0,47.89,2026-06-29 19:53:58.123537+00:00
2343,Gloria,Clay,1954-06-05,72,2014-01-26,149,A,SMALL_BIZ,464,83954 Ryan Islands Apt. 609,Julieview,MN,90997,3,3.0,Y,Y,Y,N,30750.67,15000.0,23.01,2026-06-29 19:53:58.123537+00:00
2348,Caleb,Jackson,1966-07-19,60,2020-12-05,66,A,STUDENT,153,50785 Scott Station,West Adam,AS,24408,3,3.0,Y,N,Y,Y,106530.04,15000.0,85.19,2026-06-29 19:53:58.123537+00:00
2350,Tammy,Bell,1996-11-16,30,2021-02-11,64,A,WEALTH,483,249 Susan Inlet,Knighttown,GA,48533,3,3.0,Y,N,Y,Y,48259.09,10000.0,27.74,2026-06-29 19:53:58.123537+00:00
2358,Luke,Gonzalez,1992-02-26,34,2016-03-25,123,A,DIGITAL,497,77185 Miller Place Suite 700,Port Angelaside,KY,47377,1,1.0,N,Y,N,N,38422.16,0.0,0.0,2026-06-29 19:53:58.123537+00:00
2364,Cody,Lang,1984-09-09,42,2012-07-11,167,A,MASS,11,133 Sosa Mission,West Sherichester,TX,52539,1,1.0,Y,N,N,N,50068.7,0.0,0.0,2026-06-29 19:53:58.123537+00:00
2365,Karen,Ross,1989-12-12,37,2015-08-03,130,A,SMALL_BIZ,340,23866 Jackson Motorway Suite 224,Christophermouth,MI,27644,3,2.0,Y,N,Y,Y,50729.92,2000.0,52.64,2026-06-29 19:53:58.123537+00:00
2367,Melinda,Coffey,1988-02-25,38,2018-04-10,98,A,SMALL_BIZ,491,17067 Veronica Oval Suite 069,Meyermouth,OK,81304,4,4.0,Y,Y,Y,Y,68649.82,15000.0,37.9,2026-06-29 19:53:58.123537+00:00
2370,George,Lee,1987-07-24,39,2017-12-28,102,A,MASS,155,4064 Martin Pine,Russellhaven,AL,01084,4,3.0,Y,Y,Y,Y,194239.15,10000.0,43.71,2026-06-29 19:53:58.123537+00:00
2379,Kenneth,Miller,1956-08-15,70,2015-06-05,132,A,PREMIER,329,062 Michelle Fork,West Coryview,MH,07417,3,2.0,Y,N,Y,Y,115446.92,2000.0,10.12,2026-06-29 19:53:58.123537+00:00
2381,Teresa,Brown,1955-04-15,71,2012-08-27,166,I,PREMIER,206,36219 James Lodge Apt. 654,New Kenneth,DE,85300,2,2.0,N,Y,Y,N,26034.0,25000.0,94.18,2026-06-29 19:53:58.123537+00:00
2398,Jennifer,Myers,1956-08-30,70,2020-09-28,69,A,DIGITAL,485,75047 Owens Circle,Torresville,KS,16795,4,4.0,Y,Y,Y,Y,160530.29,15000.0,89.76,2026-06-29 19:53:58.123537+00:00
2403,Chad,Lopez,1957-06-24,69,2016-03-11,123,A,PREMIER,149,60898 Christina Brook,New Gary,NE,27756,1,1.0,N,Y,N,N,39809.02,0.0,0.0,2026-06-29 19:53:58.123537+00:00
2420,Pamela,Myers,1959-04-08,67,2021-08-15,58,A,MASS,23,72751 Cortez Drive,Port Jonathanport,NV,68832,3,3.0,N,Y,Y,Y,75047.58,15000.0,74.77,2026-06-29 19:53:58.123537+00:00
2432,Thomas,Gomez,1946-11-25,80,2014-10-03,140,I,PREMIER,179,314 Hansen Mission,Taylorfurt,PA,86882,3,3.0,N,Y,Y,Y,22911.3,10000.0,19.16,2026-06-29 19:53:58.123537+00:00
2458,Jack,Cardenas,1970-06-17,56,2020-12-24,66,A,PREMIER,388,3459 Alexander Station Apt. 348,North Gerald,MT,29090,2,2.0,Y,N,Y,N,41478.13,15000.0,93.99,2026-06-29 19:53:58.123537+00:00
2471,Thomas,Hopkins,1984-09-18,42,2017-02-08,112,A,MASS,131,049 Velasquez Squares Suite 094,Lake Daniel,UT,76396,2,2.0,Y,Y,N,N,92027.41,0.0,0.0,2026-06-29 19:53:58.123537+00:00
2473,Stephanie,Bailey,1950-03-01,76,2016-04-28,122,I,DIGITAL,403,778 Torres Land,Lake Michellefort,WI,05274,2,1.0,Y,Y,N,N,75983.49,0.0,0.0,2026-06-29 19:53:58.123537+00:00
2474,Brady,Christian,1982-11-11,44,2017-07-07,107,A,PREMIER,43,8733 Daniel Point,Jameston,DE,30752,1,1.0,N,Y,N,N,35433.05,0.0,0.0,2026-06-29 19:53:58.123537+00:00
2478,Robert,Brown,2001-04-14,25,2022-10-07,44,A,DIGITAL,41,3258 Massey Plain,Mcphersonfort,CA,21736,3,3.0,Y,Y,Y,N,44061.6,10000.0,84.23,2026-06-29 19:53:58.123537+00:00
2485,Lisa,Barry,1986-04-16,40,2014-07-12,143,A,MASS,45,63386 Ruben Drives,East Shannon,KY,87823,1,1.0,Y,N,N,N,57350.01,0.0,0.0,2026-06-29 19:53:58.123537+00:00
2487,Rhonda,May,1953-11-27,73,2022-05-19,49,A,SMALL_BIZ,497,6226 Thomas Branch,Port Heatherfort,KY,22680,1,1.0,N,N,N,Y,1496.86,0.0,0.0,2026-06-29 19:53:58.123537+00:00
2488,Ashley,Wells,1974-09-25,52,2023-11-28,31,I,DIGITAL,247,995 Smith Dam,Tamiport,AL,74092,2,2.0,Y,Y,N,N,77619.65,0.0,0.0,2026-06-29 19:53:58.123537+00:00
2507,Michelle,Fleming,1995-11-07,31,2019-06-17,84,I,STUDENT,113,77014 William Ramp Apt. 044,Harrisside,MA,17256,4,2.0,Y,Y,Y,Y,92559.19,25000.0,90.26,2026-06-29 19:53:58.123537+00:00
2509,Ronald,Taylor,1988-02-01,38,2017-11-25,103,I,DIGITAL,453,3335 Diaz Fields Apt. 946,North Tracihaven,MP,70641,3,2.0,Y,N,Y,Y,77804.06,10000.0,97.91,2026-06-29 19:53:58.123537+00:00
2547,David,Mccoy,1959-12-29,66,2024-06-15,24,A,PREMIER,339,6509 David Roads,Port Conniestad,MT,75081,3,3.0,N,Y,Y,Y,84826.34,5000.0,95.44,2026-06-29 19:53:58.123537+00:00
2551,Erika,Mathews,1958-11-06,68,2015-05-01,133,A,PREMIER,424,62784 Cynthia View,Bateston,MD,83093,2,1.0,Y,N,N,Y,54662.93,0.0,0.0,2026-06-29 19:53:58.123537+00:00
2562,Chris,Walls,2008-05-05,18,2012-08-29,166,A,PREMIER,15,155 Angela Passage Suite 697,Margaretbury,NC,38935,1,1.0,N,N,Y,N,7465.99,10000.0,74.66,2026-06-29 19:53:58.123537+00:00
2564,Melanie,Rose,1969-07-02,57,2022-06-05,48,A,SMALL_BIZ,217,090 Rowe Road Apt. 805,West Robert,AK,27003,4,2.0,Y,Y,Y,Y,88923.29,2000.0,29.48,2026-06-29 19:53:58.123537+00:00
2570,Cassie,Cole,2002-10-09,24,2021-03-27,63,I,STUDENT,120,06738 Edwards Drive Suite 873,Martinville,OH,39266,3,3.0,N,Y,Y,Y,108410.3,2000.0,52.95,2026-06-29 19:53:58.123537+00:00
2580,Jennifer,Wilson,1968-06-12,58,2019-10-19,80,A,MASS,300,95800 Joyce Mountains Suite 411,Williamsmouth,GA,94867,2,2.0,Y,N,N,Y,99914.15,0.0,0.0,2026-06-29 19:53:58.123537+00:00
2581,Brittany,Jensen,2001-08-13,25,2024-11-22,19,A,WEALTH,353,894 Sullivan Estate,New Marissamouth,NY,68514,1,1.0,Y,N,N,N,50997.61,0.0,0.0,2026-06-29 19:53:58.123537+00:00
2585,Sharon,Miller,1992-10-22,34,2025-02-28,16,A,SMALL_BIZ,109,185 Danny Brooks Apt. 892,North Robertborough,KY,65339,3,1.0,N,Y,Y,Y,95932.76,15000.0,30.75,2026-06-29 19:53:58.123537+00:00
2586,Mitchell,Banks,2001-06-30,25,2020-05-06,73,A,PREMIER,383,5418 Emily Springs,Davidborough,SC,55298,2,1.0,Y,N,Y,N,3015.34,15000.0,16.38,2026-06-29 19:53:58.123537+00:00
2595,Sandra,Estrada,2007-09-28,19,2022-09-24,45,A,PREMIER,63,7997 Joshua Skyway Suite 857,Lauraport,MA,21951,1,1.0,N,Y,N,N,71433.72,0.0,0.0,2026-06-29 19:53:58.123537+00:00
2596,Mary,Fischer,1950-12-09,76,2014-07-30,143,A,PREMIER,446,0833 Marshall Canyon,East Meredith,FM,25617,2,2.0,N,Y,N,Y,68560.19,0.0,0.0,2026-06-29 19:53:58.123537+00:00
2597,Susan,Fernandez,1943-04-29,83,2024-12-14,18,A,WEALTH,294,772 Hernandez Loop Apt. 746,Sanchezhaven,KY,83502,3,3.0,N,Y,Y,Y,117283.88,25000.0,76.06,2026-06-29 19:53:58.123537+00:00
2602,Victoria,Dennis,1959-02-12,67,2024-05-21,25,A,SMALL_BIZ,167,2568 Griffin Place,Jasonmouth,MA,73886,3,3.0,N,Y,Y,Y,72982.64,2000.0,35.69,2026-06-29 19:53:58.123537+00:00
2607,Mckenzie,Guerrero,1994-09-13,32,2016-03-24,123,A,STUDENT,331,5339 Nunez Knolls Suite 460,Bryanmouth,FM,66329,4,4.0,Y,Y,Y,Y,115068.81,2000.0,87.52,2026-06-29 19:53:58.123537+00:00
2629,Jennifer,Lang,1982-01-09,44,2011-10-15,176,A,WEALTH,487,511 Michael Prairie Suite 728,Nicholsland,WY,69887,4,3.0,Y,Y,Y,Y,114484.49,25000.0,86.93,2026-06-29 19:53:58.123537+00:00
2632,Amanda,Heath,1954-10-15,72,2013-10-31,152,A,SMALL_BIZ,120,1138 Edwards Corners Apt. 029,East Andrewfort,DC,03936,4,4.0,Y,Y,Y,Y,160316.22,10000.0,0.09,2026-06-29 19:53:58.123537+00:00
2636,Kevin,Hall,1973-12-23,53,2013-10-31,152,A,PREMIER,434,717 Edwards Centers Apt. 483,East Benjaminfurt,TN,10496,3,2.0,Y,Y,Y,N,101793.2,10000.0,35.92,2026-06-29 19:53:58.123537+00:00
2638,David,Yang,1994-01-08,32,2021-04-07,62,A,STUDENT,87,2580 Rodriguez Trafficway Apt. 116,East Kelseyville,HI,43546,2,2.0,Y,Y,N,N,139653.36,0.0,0.0,2026-06-29 19:53:58.123537+00:00
2654,Edward,Morris,1962-05-11,64,2016-07-13,119,A,WEALTH,492,723 Garcia Drive,Garrettberg,SD,94754,2,2.0,N,Y,N,Y,67157.84,0.0,0.0,2026-06-29 19:53:58.123537+00:00
2670,Jacob,Benson,2006-12-12,20,2016-02-22,124,A,SMALL_BIZ,362,8898 Miller Key,New Philipmouth,TN,73708,1,1.0,Y,N,N,N,57453.6,0.0,0.0,2026-06-29 19:53:58.123537+00:00
2674,Kevin,Weber,1999-08-27,27,2020-03-17,75,A,SMALL_BIZ,379,9532 Graves Parkways,Alejandraview,TN,18854,2,2.0,Y,Y,N,N,89251.48,0.0,0.0,2026-06-29 19:53:58.123537+00:00
2684,Ann,Bennett,1975-01-06,51,2013-03-29,159,A,SMALL_BIZ,115,23767 Ryan Land,South Carlosfurt,LA,36769,3,2.0,Y,Y,Y,N,89116.2,5000.0,66.07,2026-06-29 19:53:58.123537+00:00
2694,Jon,Dorsey,1947-10-18,79,2016-12-28,114,A,DIGITAL,491,0562 Cunningham Islands Suite 197,Jamieside,OK,46230,1,1.0,N,N,N,Y,6449.48,0.0,0.0,2026-06-29 19:53:58.123537+00:00
2698,Tracy,Wells,2008-04-21,18,2020-12-03,66,A,PREMIER,499,2643 Salazar Knoll Apt. 511,Millerville,MP,38638,3,3.0,Y,Y,Y,N,30682.1,10000.0,25.61,2026-06-29 19:53:58.123537+00:00
2709,Gerald,Francis,1954-10-20,72,2019-01-12,89,A,WEALTH,265,704 Norton Fords,East Steven,TX,99573,2,2.0,N,Y,N,Y,29181.78,0.0,0.0,2026-06-29 19:53:58.123537+00:00
2714,Nicholas,Miller,1994-05-03,32,2014-09-26,141,A,DIGITAL,125,5173 Dawn Terrace Suite 177,New Andreamouth,KS,78426,4,3.0,Y,Y,Y,Y,127149.15,2000.0,24.55,2026-06-29 19:53:58.123537+00:00
2727,Brenda,Watson,1953-12-25,73,2013-07-29,155,A,WEALTH,169,529 Morse Ranch Suite 501,Ruizfort,IA,28359,2,2.0,Y,N,N,Y,82351.84,0.0,0.0,2026-06-29 19:53:58.123537+00:00
2733,Johnny,Brooks,1968-03-31,58,2023-12-07,30,A,DIGITAL,423,877 Fernandez Views,Harrisbury,MD,02256,2,2.0,N,Y,Y,N,9884.37,5000.0,5.51,2026-06-29 19:53:58.123537+00:00
2743,John,Cohen,1955-02-11,71,2012-11-01,163,A,WEALTH,336,0813 Cochran Station Suite 763,Port Codymouth,CA,33095,3,3.0,Y,Y,Y,N,154867.88,25000.0,93.56,2026-06-29 19:53:58.123537+00:00
2745,Holly,Durham,1973-01-12,53,2021-09-26,57,A,MASS,415,6124 Peter Drive Apt. 789,Ginaport,AR,35908,2,1.0,Y,Y,N,N,72633.23,0.0,0.0,2026-06-29 19:53:58.123537+00:00
2747,Kathryn,Anderson,1947-11-29,79,2013-05-29,157,A,SMALL_BIZ,34,1368 Scott Route Apt. 681,New Carlos,CO,63835,3,3.0,Y,N,Y,Y,11270.47,10000.0,70.98,2026-06-29 19:53:58.123537+00:00
2749,Charles,Freeman,1969-12-09,57,2017-05-14,109,A,STUDENT,194,4769 Flores Center,North Calvin,NC,44696,3,3.0,Y,N,Y,Y,70325.65,5000.0,25.46,2026-06-29 19:53:58.123537+00:00
2763,Kristen,Pollard,1977-05-03,49,2016-12-07,114,A,DIGITAL,113,7761 Adams Track Apt. 421,North Courtneytown,MH,56612,1,1.0,N,Y,N,N,53949.36,0.0,0.0,2026-06-29 19:53:58.123537+00:00
2777,Tina,Miller,2000-08-02,26,2017-03-10,111,A,DIGITAL,51,38143 Stein Shoals Suite 335,North Matthewstad,AS,19894,1,0.0,N,Y,N,N,22144.79,0.0,0.0,2026-06-29 19:53:58.123537+00:00
2794,Jared,Mercer,1979-02-06,47,2016-08-22,118,A,MASS,483,05119 Christopher Station Suite 504,North Crystalhaven,VT,17221,2,2.0,Y,N,N,Y,43856.1,0.0,0.0,2026-06-29 19:53:58.123537+00:00
2797,Andrew,Mcpherson,1970-05-27,56,2026-05-07,1,A,SMALL_BIZ,386,44045 Shaw Greens,Maciasmouth,MD,57787,1,1.0,N,N,N,Y,22224.29,0.0,0.0,2026-06-29 19:53:58.123537+00:00
2811,Mark,Wright,1990-07-18,36,2025-08-05,10,A,PREMIER,88,359 Long Cliff,Lake Robertville,MH,37327,2,2.0,Y,N,Y,N,42074.68,15000.0,2.14,2026-06-29 19:53:58.123537+00:00
2836,Julia,Neal,1970-12-17,56,2015-11-21,127,I,PREMIER,38,514 Rodgers Glen,Port Douglasshire,KS,84848,1,1.0,N,N,Y,N,4905.81,15000.0,32.71,2026-06-29 19:53:58.123537+00:00
2858,James,Daniels,1949-04-16,77,2012-09-25,165,A,DIGITAL,491,32230 Sloan Centers Apt. 268,Port Craig,ID,35576,2,2.0,N,Y,N,Y,38449.08,0.0,0.0,2026-06-29 19:53:58.123537+00:00
2874,Kristina,Chan,2007-03-24,19,2021-03-28,63,A,SMALL_BIZ,247,03499 Cowan Circles,West Davidshire,GA,53303,3,3.0,Y,N,Y,Y,85081.5,25000.0,71.61,2026-06-29 19:53:58.123537+00:00
2891,Ashley,Farmer,1947-05-22,79,2015-02-24,136,A,STUDENT,447,6330 Frank Isle Suite 373,Port Peterchester,RI,66194,1,1.0,N,N,N,Y,11925.86,0.0,0.0,2026-06-29 19:53:58.123537+00:00
2895,Taylor,Murray,2000-10-03,26,2014-03-28,147,A,DIGITAL,65,61573 Young Loop Apt. 906,Lake Amber,WI,51160,2,2.0,N,Y,Y,N,57632.45,5000.0,29.48,2026-06-29 19:53:58.123537+00:00
2908,Autumn,Smith,1970-06-18,56,2011-10-24,176,A,MASS,195,503 Bradley Throughway,East Marcshire,PW,14433,2,2.0,N,N,Y,Y,4300.77,10000.0,28.17,2026-06-29 19:53:58.123537+00:00
2925,Stephen,Smith,1958-08-06,68,2013-02-28,160,A,MASS,310,013 Meza Dale Apt. 063,South Lauren,MO,53623,1,0.0,Y,N,N,N,44775.16,0.0,0.0,2026-06-29 19:53:58.123537+00:00
2941,Daniel,Alvarez,1947-08-31,79,2026-03-26,3,A,SMALL_BIZ,221,24304 Hunter Meadows,Crystalland,VT,25115,3,2.0,Y,N,Y,Y,82051.64,10000.0,44.47,2026-06-29 19:53:58.123537+00:00
2943,Larry,Harrison,1981-11-28,45,2020-12-28,66,A,DIGITAL,250,2434 Norton Hills Apt. 680,South Rachelton,OH,27503,1,1.0,Y,N,N,N,41567.31,0.0,0.0,2026-06-29 19:53:58.123537+00:00
2951,Robert,Stanley,1992-05-27,34,2013-06-15,156,I,WEALTH,249,4391 Adam Radial Apt. 371,Bassbury,MN,37475,4,3.0,Y,Y,Y,Y,114083.58,2000.0,37.05,2026-06-29 19:53:58.123537+00:00
2956,Barbara,Hayes,1983-08-13,43,2023-09-05,33,A,WEALTH,243,6344 Kimberly Ferry,Lake Maryshire,AK,77426,1,1.0,N,N,N,Y,59635.19,0.0,0.0,2026-06-29 19:53:58.123537+00:00
2972,Michele,Ramirez,2004-08-13,22,2020-08-02,70,A,MASS,220,13513 Delacruz Rest Apt. 746,South Edwinberg,NE,68510,3,2.0,Y,Y,Y,N,94790.61,25000.0,49.68,2026-06-29 19:53:58.123537+00:00
2981,Jodi,Blackburn,2001-04-18,25,2013-05-01,157,A,DIGITAL,476,708 Ryan Courts Suite 222,Kaneton,AZ,97491,4,4.0,Y,Y,Y,Y,149860.39,25000.0,18.92,2026-06-29 19:53:58.123537+00:00
3004,Anthony,Bradley,1993-08-04,33,2021-06-21,60,A,STUDENT,164,22458 Hernandez Park Apt. 305,Simmonsside,SD,98499,3,3.0,Y,Y,Y,N,63382.88,10000.0,71.65,2026-06-29 19:53:58.123537+00:00
3008,Stephen,Ritter,1971-05-17,55,2012-03-15,171,A,MASS,79,2998 Morgan Track,Markstad,MO,69920,2,1.0,Y,Y,N,N,83077.21,0.0,0.0,2026-06-29 19:53:58.123537+00:00
3015,Michael,Shaffer,1959-03-23,67,2022-01-16,53,A,SMALL_BIZ,145,920 Steven Terrace Suite 809,Port Deannastad,VI,19103,1,1.0,N,Y,N,N,11222.86,0.0,0.0,2026-06-29 19:53:58.123537+00:00
3019,Christopher,Harper,1988-02-05,38,2014-06-15,144,A,STUDENT,71,17922 Mckenzie Walks,Gutierrezview,CA,69509,3,2.0,Y,N,Y,Y,43803.11,25000.0,13.57,2026-06-29 19:53:58.123537+00:00
3024,Elizabeth,Hill,1944-03-22,82,2019-08-31,82,A,SMALL_BIZ,403,273 Mcdaniel Fall Apt. 261,North Hunterton,ID,16417,2,2.0,N,Y,Y,N,65299.22,25000.0,17.84,2026-06-29 19:53:58.123537+00:00
3030,Jasmine,Holden,2007-02-03,19,2022-08-19,46,A,WEALTH,251,9889 Romero Dale Suite 584,Parsonsberg,ID,40324,3,3.0,Y,N,Y,Y,77233.7,15000.0,92.81,2026-06-29 19:53:58.123537+00:00
3053,Cody,Kelly,1950-10-09,76,2016-08-11,118,A,WEALTH,484,653 Caleb Route Apt. 911,Bowersside,MT,98458,4,3.0,Y,Y,Y,Y,149248.28,5000.0,70.57,2026-06-29 19:53:58.123537+00:00
3062,Audrey,Vance,2002-08-20,24,2020-06-08,72,A,STUDENT,184,41009 Owens Estate,Julieland,UT,92437,1,1.0,N,N,Y,N,4860.49,5000.0,97.21,2026-06-29 19:53:58.123537+00:00
3082,Kevin,Lopez,1977-04-15,49,2012-03-12,171,I,STUDENT,421,3604 Craig Bypass,South Madison,KS,05911,4,4.0,Y,Y,Y,Y,148838.09,5000.0,12.6,2026-06-29 19:53:58.123537+00:00
3084,Gregory,Wood,1990-12-21,36,2019-04-23,86,A,STUDENT,139,10079 Jones Ports Apt. 180,Melissashire,WY,78007,3,3.0,Y,Y,Y,N,114977.88,5000.0,29.23,2026-06-29 19:53:58.123537+00:00
3094,Robert,Gutierrez,1959-10-04,67,2021-10-15,56,I,DIGITAL,225,66262 Lopez Haven,Longberg,CO,74590,1,1.0,N,N,N,Y,49420.47,0.0,0.0,2026-06-29 19:53:58.123537+00:00
3104,Jack,Farmer,1956-10-23,70,2023-12-02,30,A,STUDENT,351,3651 Stephanie Fords,East Steve,KY,35207,1,1.0,Y,N,N,N,18412.94,0.0,0.0,2026-06-29 19:53:58.123537+00:00
3109,James,Schneider,2003-04-03,23,2016-09-17,117,A,SMALL_BIZ,312,08723 Rita Square Suite 178,Lake Calvinborough,CA,23398,1,1.0,N,N,Y,N,895.33,5000.0,17.91,2026-06-29 19:53:58.123537+00:00
3119,Deanna,Campbell,2002-07-07,24,2025-06-21,12,A,PREMIER,479,56657 Ronald Springs,Port Melissa,WV,54594,1,1.0,N,Y,N,N,56688.56,0.0,0.0,2026-06-29 19:53:58.123537+00:00
3122,Amanda,Ward,2003-02-03,23,2013-10-10,152,A,PREMIER,180,4649 Day Unions,West Amy,MI,78544,2,2.0,Y,N,N,Y,19552.95,0.0,0.0,2026-06-29 19:53:58.123537+00:00
3126,Richard,Larsen,1977-10-09,49,2014-11-16,139,A,PREMIER,468,7574 Christine Loaf,East Kevinton,CA,11920,1,1.0,N,N,N,Y,27830.64,0.0,0.0,2026-06-29 19:53:58.123537+00:00
3130,James,Russo,1956-01-11,70,2014-05-04,145,I,STUDENT,416,42946 Walton Streets Apt. 713,New Peter,FM,07820,3,3.0,Y,Y,Y,N,45739.17,10000.0,95.26,2026-06-29 19:53:58.123537+00:00
3136,Scott,Benson,1976-02-29,50,2014-03-07,147,A,PREMIER,83,89708 Thomas Village,Lake Patriciahaven,GU,14443,1,1.0,N,N,Y,N,4535.51,15000.0,30.24,2026-06-29 19:53:58.123537+00:00
3165,Jessica,Smith,2007-01-12,19,2020-10-20,68,A,DIGITAL,147,742 Bell Plain,East Melissa,WA,89470,2,2.0,Y,Y,N,N,67978.96,0.0,0.0,2026-06-29 19:53:58.123537+00:00
3172,Daniel,Jones,1995-10-23,31,2023-07-09,35,A,STUDENT,191,7148 Anthony Streets Suite 576,Port Wayne,MD,64718,3,3.0,N,Y,Y,Y,47247.74,5000.0,46.71,2026-06-29 19:53:58.123537+00:00
3180,Alyssa,Alvarez,1946-10-24,80,2016-04-08,122,A,DIGITAL,99,09966 Frank Ramp,South Jesseport,WV,63680,4,3.0,Y,Y,Y,Y,129740.45,25000.0,97.69,2026-06-29 19:53:58.123537+00:00
3183,Gregory,Gonzalez,1953-11-18,73,2011-08-02,178,A,WEALTH,35,928 Graham Village Apt. 956,West Ashley,NC,28445,1,1.0,N,Y,N,N,55199.85,0.0,0.0,2026-06-29 19:53:58.123537+00:00
3186,Cynthia,Vargas,2007-12-14,19,2013-11-30,151,A,MASS,24,107 Lopez Orchard,Hooperhaven,ND,37509,3,3.0,Y,Y,Y,N,80360.37,15000.0,82.32,2026-06-29 19:53:58.123537+00:00
3187,Justin,Simmons,1981-10-17,45,2019-01-18,89,A,SMALL_BIZ,98,0821 Courtney Rest,East Mistyshire,AS,96581,2,2.0,N,Y,N,Y,56973.99,0.0,0.0,2026-06-29 19:53:58.123537+00:00
3190,Jessica,Harvey,1945-09-12,81,2016-08-16,118,A,WEALTH,288,443 Adams Circle,Mooreland,SC,91538,3,3.0,N,Y,Y,Y,61672.97,5000.0,10.19,2026-06-29 19:53:58.123537+00:00
3191,Kathy,Moran,1996-04-11,30,2012-09-06,165,A,WEALTH,311,096 Tracy Locks,Lake Keithstad,MT,47200,2,2.0,N,Y,N,Y,55580.2,0.0,0.0,2026-06-29 19:53:58.123537+00:00
3207,Suzanne,Jones,2006-06-02,20,2012-05-19,169,I,DIGITAL,375,446 Gordon Parkways,Payneville,MO,82514,2,2.0,N,Y,Y,N,78065.06,2000.0,48.48,2026-06-29 19:53:58.123537+00:00
3211,David,Campbell,1970-03-26,56,2013-04-22,158,A,SMALL_BIZ,132,132 Jonathan Corners Apt. 883,West Matthew,FL,83905,2,2.0,Y,Y,N,N,32975.52,0.0,0.0,2026-06-29 19:53:58.123537+00:00
3218,Joel,Weiss,1956-10-30,70,2020-05-02,73,A,SMALL_BIZ,93,8498 Heather Station,West Bonniestad,DE,25074,3,3.0,Y,Y,N,Y,74128.99,0.0,0.0,2026-06-29 19:53:58.123537+00:00
3224,Mark,Summers,1958-01-05,68,2020-12-07,66,A,SMALL_BIZ,385,3643 Miller Camp,East Tiffany,HI,43129,4,3.0,Y,Y,Y,Y,150717.3,10000.0,34.71,2026-06-29 19:53:58.123537+00:00
3244,Eric,Carson,1984-06-28,42,2017-05-25,109,A,PREMIER,316,62433 Lyons Key Apt. 339,Lake Jessicaburgh,PA,52994,1,0.0,N,Y,N,N,73998.04,0.0,0.0,2026-06-29 19:53:58.123537+00:00
3246,Deanna,Grant,1958-12-17,68,2015-01-22,137,A,STUDENT,78,527 Vanessa Road Suite 152,Williamsshire,NY,22689,4,4.0,Y,Y,Y,Y,85873.76,10000.0,27.04,2026-06-29 19:53:58.123537+00:00
3265,Stephen,Myers,1989-09-22,37,2022-03-26,51,A,STUDENT,296,3693 Castillo Ports Suite 403,East Robert,NH,05786,3,3.0,Y,Y,N,Y,88501.15,0.0,0.0,2026-06-29 19:53:58.123537+00:00
3267,Sharon,Jones,1994-10-03,32,2021-06-10,60,A,PREMIER,105,3610 Amy Crescent,Thomaschester,MH,02141,1,1.0,N,N,Y,N,6108.48,15000.0,40.72,2026-06-29 19:53:58.123537+00:00
3286,Christopher,Richardson,1991-03-29,35,2015-10-07,128,A,STUDENT,385,1913 Patton Land Suite 227,South Daniel,PR,32367,1,1.0,N,Y,N,N,38918.6,0.0,0.0,2026-06-29 19:53:58.123537+00:00
3292,Sandy,Brewer,1958-06-16,68,2013-07-18,155,I,SMALL_BIZ,109,3046 Stephanie Neck,Stephenborough,KS,88533,1,0.0,N,Y,N,N,39301.16,0.0,0.0,2026-06-29 19:53:58.123537+00:00
3301,Alexandra,Weiss,1966-07-03,60,2025-06-20,12,A,STUDENT,6,44485 Margaret Mountain Apt. 749,Veronicaland,MT,76442,4,4.0,Y,Y,Y,Y,186737.11,15000.0,73.78,2026-06-29 19:53:58.123537+00:00
3310,Heidi,Evans,1965-06-11,61,2017-07-02,107,A,WEALTH,460,0631 Laura Islands Suite 511,Jacksonborough,CT,58168,3,0.0,Y,Y,Y,N,67550.3,5000.0,18.76,2026-06-29 19:53:58.123537+00:00
3317,Amy,Miller,2002-03-08,24,2018-07-29,95,A,SMALL_BIZ,83,703 Natalie Prairie Apt. 046,Matthewfort,OH,82408,3,3.0,Y,N,Y,Y,44350.08,15000.0,38.39,2026-06-29 19:53:58.123537+00:00
3326,Daniel,Moore,1960-12-09,66,2016-06-07,120,A,PREMIER,233,9342 Jessica Forest,West Juliehaven,VA,18933,3,3.0,N,Y,Y,Y,29435.42,15000.0,45.19,2026-06-29 19:53:58.123537+00:00
3332,Samuel,Richardson,2004-12-01,22,2019-11-20,79,A,STUDENT,250,401 Garcia Roads Apt. 435,Hernandezburgh,MI,09231,4,4.0,Y,Y,Y,Y,92662.29,2000.0,9.59,2026-06-29 19:53:58.123537+00:00
3345,Cory,Hughes,1973-04-19,53,2018-08-19,94,A,WEALTH,394,23435 Lopez Underpass,Michaelberg,MO,93383,4,3.0,Y,Y,Y,Y,11584.52,15000.0,38.13,2026-06-29 19:53:58.123537+00:00
3353,Krystal,Oneal,1950-01-08,76,2020-08-30,70,I,MASS,405,55027 Rodriguez Loaf,Joneshaven,KY,80046,1,1.0,N,Y,N,N,23199.14,0.0,0.0,2026-06-29 19:53:58.123537+00:00
3355,Ryan,Johnson,1960-10-05,66,2023-01-09,41,A,SMALL_BIZ,217,3815 Amanda Port,Colemanhaven,KY,62895,3,3.0,Y,Y,N,Y,105541.18,0.0,0.0,2026-06-29 19:53:58.123537+00:00
3357,Phillip,Marshall,1984-06-18,42,2017-01-01,113,A,PREMIER,141,12246 Taylor Stravenue,Danielchester,NJ,12500,4,4.0,Y,Y,Y,Y,191722.67,25000.0,74.56,2026-06-29 19:53:58.123537+00:00
3361,Donna,Berry,2003-05-12,23,2020-07-08,71,A,WEALTH,176,4269 Morrison Green Suite 536,Port Anthonyland,ID,72024,3,3.0,Y,Y,N,Y,143318.29,0.0,0.0,2026-06-29 19:53:58.123537+00:00
3364,William,Edwards,1959-08-31,67,2015-10-20,128,A,SMALL_BIZ,224,91595 Calderon Route,Port Amber,LA,46472,3,3.0,Y,N,Y,Y,98771.36,5000.0,13.65,2026-06-29 19:53:58.123537+00:00
3365,Ashlee,Bailey,2002-03-07,24,2025-01-09,17,I,PREMIER,288,558 Kaitlin Club,Murraytown,AR,37948,2,2.0,N,Y,Y,N,55396.62,10000.0,77.04,2026-06-29 19:53:58.123537+00:00
3368,Kayla,Phillips,2001-02-26,25,2013-07-26,155,A,PREMIER,78,50077 Lewis Estates,West Ianburgh,MP,69840,2,2.0,Y,Y,N,N,71648.88,0.0,0.0,2026-06-29 19:53:58.123537+00:00
3370,Glenn,Hardy,1994-12-16,32,2020-03-02,75,A,SMALL_BIZ,209,2432 Sherman Ranch,Catherineberg,OH,16396,1,1.0,Y,N,N,N,4500.7,0.0,0.0,2026-06-29 19:53:58.123537+00:00
3371,Jamie,Tyler,2000-03-11,26,2021-01-06,65,A,SMALL_BIZ,2,6028 Carpenter Brooks Apt. 314,Colemouth,NJ,47348,3,3.0,Y,N,Y,Y,84576.29,2000.0,13.91,2026-06-29 19:53:58.123537+00:00
3379,Paul,Wilson,1981-05-16,45,2018-08-06,94,A,PREMIER,359,7026 Hansen Shoals,South Kyleside,MT,27696,4,3.0,Y,Y,Y,Y,70902.09,25000.0,54.64,2026-06-29 19:53:58.123537+00:00
3383,Alejandro,Morgan,2001-03-17,25,2019-12-11,78,A,WEALTH,192,267 Jenna Views,Mollyside,CT,95761,2,2.0,N,Y,N,Y,62698.4,0.0,0.0,2026-06-29 19:53:58.123537+00:00
3392,Carol,Hughes,1962-02-28,64,2020-02-20,76,I,WEALTH,109,544 Barrett Harbors,Elizabethberg,PW,86059,3,3.0,Y,N,Y,Y,61364.05,15000.0,74.85,2026-06-29 19:53:58.123537+00:00
3398,Carolyn,Hale,1966-06-24,60,2021-12-26,54,I,MASS,430,2411 Kristen Landing,Port William,OH,62509,1,1.0,N,Y,N,N,66096.87,0.0,0.0,2026-06-29 19:53:58.123537+00:00
3420,Brandon,Moore,1945-04-20,81,2013-07-03,155,A,SMALL_BIZ,27,0916 Timothy Tunnel,Susanchester,AK,80235,2,2.0,N,N,Y,Y,59830.45,25000.0,18.32,2026-06-29 19:53:58.123537+00:00
3423,Karen,Jones,1958-02-14,68,2021-01-15,65,A,PREMIER,73,832 Buck Forge Suite 611,Ramseyville,NV,29562,4,3.0,Y,Y,Y,Y,103381.18,2000.0,29.23,2026-06-29 19:53:58.123537+00:00
3436,Brett,Gould,1972-07-13,54,2017-09-10,105,A,STUDENT,12,044 Jacqueline Valleys Apt. 369,North Martin,TX,18504,4,4.0,Y,Y,Y,Y,116626.81,5000.0,9.85,2026-06-29 19:53:58.123537+00:00
3440,Timothy,Gomez,2004-01-25,22,2024-06-13,24,I,MASS,141,5092 John Corners,Gavinberg,ND,45298,4,4.0,Y,Y,Y,Y,125247.01,5000.0,85.43,2026-06-29 19:53:58.123537+00:00
3448,Donna,Gonzales,2003-12-31,22,2017-02-16,112,A,STUDENT,383,58658 Jason Lane Apt. 062,Gibsonhaven,PA,24306,2,2.0,N,N,Y,Y,11903.89,15000.0,28.79,2026-06-29 19:53:58.123537+00:00
3452,Edward,Payne,1969-06-20,57,2023-10-24,32,A,WEALTH,86,92457 Evans Prairie,Lake Deborah,PW,24474,3,2.0,Y,Y,Y,N,131242.71,15000.0,61.26,2026-06-29 19:53:58.123537+00:00
3459,Elizabeth,Conley,1986-01-15,40,2019-05-08,85,A,DIGITAL,400,96846 Hall Terrace,Rubenland,MT,73522,4,4.0,Y,Y,Y,Y,51775.62,25000.0,89.47,2026-06-29 19:53:58.123537+00:00
3478,Michael,Armstrong,1987-06-06,39,2023-10-29,32,A,SMALL_BIZ,155,56910 Garcia Corner,Hooperchester,SD,54317,2,2.0,Y,N,Y,N,26738.78,10000.0,14.45,2026-06-29 19:53:58.123537+00:00
3479,Mark,Williams,1944-03-14,82,2024-10-23,20,A,MASS,205,671 Autumn Club Suite 004,Natashahaven,WY,12400,2,2.0,Y,N,Y,N,14240.7,10000.0,70.17,2026-06-29 19:53:58.123537+00:00
3486,Lisa,Howard,1986-01-17,40,2021-11-09,55,A,DIGITAL,88,33336 Tyler Mews Apt. 040,Amberville,AS,45520,4,4.0,Y,Y,Y,Y,164506.53,10000.0,86.96,2026-06-29 19:53:58.123537+00:00
3494,Jason,Kennedy,1980-11-11,46,2025-06-23,12,I,MASS,442,7356 Gould Points Suite 878,Warrenhaven,MT,07872,3,2.0,Y,Y,N,Y,109239.98,0.0,0.0,2026-06-29 19:53:58.123537+00:00
3518,Robert,Shaw,1996-01-21,30,2019-08-24,82,A,DIGITAL,78,980 Clark Springs,Port Brianna,DC,27932,2,1.0,Y,Y,N,N,31694.38,0.0,0.0,2026-06-29 19:53:58.123537+00:00
3535,Victoria,Martin,2006-06-10,20,2022-12-04,42,A,STUDENT,465,712 Carl Wall Apt. 534,Margarethaven,PR,10977,3,2.0,Y,Y,Y,N,65828.97,15000.0,10.64,2026-06-29 19:53:58.123537+00:00
3543,Adam,Kelly,1944-04-20,82,2018-03-31,99,A,WEALTH,299,450 Nicholas Points,Port Maria,OK,85978,4,4.0,Y,Y,Y,Y,174443.68,25000.0,97.0,2026-06-29 19:53:58.123537+00:00
3545,Michelle,Miller,1997-08-08,29,2025-12-15,6,I,PREMIER,291,62408 Mccullough Trail,East Andrew,WY,60429,1,1.0,N,N,N,Y,51037.11,0.0,0.0,2026-06-29 19:53:58.123537+00:00
3555,Melissa,Cox,2003-11-23,23,2020-06-26,72,A,SMALL_BIZ,328,6439 Campbell Ridges Suite 804,Port Alejandroton,MI,56064,3,3.0,Y,Y,N,Y,138748.08,0.0,0.0,2026-06-29 19:53:58.123537+00:00
3572,Max,Sullivan,1954-05-21,72,2019-05-13,85,A,MASS,250,3227 Holland Shoal,East Kevinview,NV,98436,2,2.0,N,N,Y,Y,21934.22,2000.0,25.27,2026-06-29 19:53:58.123537+00:00
3575,Richard,Lee,1974-11-01,52,2026-01-29,5,I,PREMIER,251,958 Erin Avenue,Erikashire,OH,12072,2,2.0,Y,Y,N,N,52730.17,0.0,0.0,2026-06-29 19:53:58.123537+00:00
3587,Kaitlin,Warren,1993-11-04,33,2023-12-05,30,A,MASS,70,451 Timothy Ranch,North Robert,NH,92350,4,4.0,Y,Y,Y,Y,48087.95,2000.0,38.21,2026-06-29 19:53:58.123537+00:00
3594,Duane,Adams,1978-06-16,48,2021-01-24,65,A,WEALTH,493,460 Jessica Summit,Edwardshaven,TX,37829,3,1.0,Y,Y,Y,N,52479.48,5000.0,36.01,2026-06-29 19:53:58.123537+00:00
3596,Richard,Brown,1976-02-04,50,2016-02-13,124,A,WEALTH,46,69455 Colon Harbors Apt. 244,East Evan,VI,93682,4,3.0,Y,Y,Y,Y,64716.77,25000.0,5.87,2026-06-29 19:53:58.123537+00:00
3606,Katherine,Patel,1998-12-18,28,2016-10-24,116,A,PREMIER,63,834 Gabriela Path,Staceymouth,IA,63712,2,2.0,Y,N,N,Y,25640.75,0.0,0.0,2026-06-29 19:53:58.123537+00:00
3617,Victoria,Flynn,2003-07-19,23,2018-10-17,92,A,WEALTH,248,3244 Riley Valleys,Griffinchester,DE,89284,2,1.0,N,N,Y,Y,55794.19,15000.0,49.05,2026-06-29 19:53:58.123537+00:00
3619,Heather,Michael,1980-01-23,46,2011-06-29,180,A,SMALL_BIZ,316,0892 Steven Turnpike,South Bobbyshire,UT,13527,3,2.0,Y,Y,Y,N,88729.47,25000.0,74.04,2026-06-29 19:53:58.123537+00:00
3630,Jennifer,Reeves,1988-05-15,38,2013-12-20,150,A,PREMIER,331,220 Kaitlin Square,Michaelborough,NE,35234,3,3.0,Y,Y,Y,N,68455.08,25000.0,53.29,2026-06-29 19:53:58.123537+00:00
3652,Kristen,Ryan,2005-05-07,21,2012-12-15,162,A,SMALL_BIZ,38,31071 Foster Flat Apt. 902,Keithside,IL,07119,4,4.0,Y,Y,Y,Y,139968.96,10000.0,43.67,2026-06-29 19:53:58.123537+00:00
3654,Lawrence,Chambers,1989-09-05,37,2026-03-27,3,A,MASS,56,2520 Patricia Port Apt. 413,Marieville,ND,70025,2,2.0,N,Y,N,Y,84012.07,0.0,0.0,2026-06-29 19:53:58.123537+00:00
3661,Matthew,Ward,1957-12-12,69,2016-08-22,118,A,DIGITAL,18,7471 Burnett Extensions Apt. 724,Rachelville,CO,81569,1,1.0,N,N,Y,N,9006.34,15000.0,60.04,2026-06-29 19:53:58.123537+00:00
3667,Christine,Buchanan,1998-11-04,28,2019-10-26,80,I,PREMIER,292,4063 Coffey Run,Dennisport,MD,23049,3,3.0,Y,Y,N,Y,65755.24,0.0,0.0,2026-06-29 19:53:58.123537+00:00
3670,Peter,Davenport,1944-08-21,82,2013-04-26,158,A,MASS,12,9616 Lee Fall Apt. 231,Ericborough,MI,39505,4,4.0,Y,Y,Y,Y,144724.41,15000.0,27.22,2026-06-29 19:53:58.123537+00:00
3675,Cameron,Horton,1959-06-08,67,2013-10-19,152,A,MASS,205,919 Sellers Forges Suite 375,Martinchester,SD,10656,3,3.0,Y,Y,N,Y,171819.3,0.0,0.0,2026-06-29 19:53:58.123537+00:00
3693,Leslie,Fletcher,1996-12-31,29,2015-05-03,133,A,SMALL_BIZ,219,1784 Gaines Well Suite 939,Justinmouth,NJ,18555,3,3.0,Y,N,Y,Y,120835.19,15000.0,26.31,2026-06-29 19:53:58.123537+00:00
3699,Stephanie,Hull,1998-10-06,28,2022-04-13,50,I,PREMIER,448,26353 Fischer Mount Suite 501,New Ronald,TN,65187,2,2.0,Y,Y,N,N,61152.1,0.0,0.0,2026-06-29 19:53:58.123537+00:00
3712,Brenda,Avila,1973-06-22,53,2023-12-29,30,A,SMALL_BIZ,487,0568 Ricky Fields,New David,AR,60678,2,2.0,N,N,Y,Y,66914.65,15000.0,50.61,2026-06-29 19:53:58.123537+00:00
3730,Kimberly,Cooper,1994-09-04,32,2026-03-10,3,A,PREMIER,284,51335 Mckenzie Overpass Suite 625,Stephaniehaven,FM,98041,3,3.0,N,Y,Y,Y,64563.14,25000.0,75.66,2026-06-29 19:53:58.123537+00:00
3744,Ashley,Sparks,1993-03-26,33,2024-09-23,21,A,WEALTH,30,61143 Carolyn Expressway Suite 529,South Andrewfurt,RI,62930,4,3.0,Y,Y,Y,Y,87382.44,5000.0,26.47,2026-06-29 19:53:58.123537+00:00
3749,Stephen,Butler,1951-11-17,75,2021-01-15,65,A,STUDENT,336,82090 Johnathan Drive Suite 778,North Taylorfort,CA,92390,2,2.0,N,Y,Y,N,58020.54,5000.0,81.82,2026-06-29 19:53:58.123537+00:00
3758,Donna,Davis,1977-12-21,49,2013-09-04,153,A,DIGITAL,105,9556 Christopher Forest Suite 191,East Jesse,PR,34172,2,1.0,Y,N,N,Y,70498.92,0.0,0.0,2026-06-29 19:53:58.123537+00:00
3770,Anthony,Dougherty,1996-09-01,30,2023-10-10,32,A,SMALL_BIZ,372,2980 Gina Way Apt. 372,Lake Eric,AZ,05660,2,2.0,Y,N,Y,N,21544.18,2000.0,0.39,2026-06-29 19:53:58.123537+00:00
3784,Michael,Arias,1950-05-19,76,2025-05-21,13,I,DIGITAL,398,49870 Aaron Island,South Caroline,KY,54794,2,1.0,N,Y,N,Y,74853.02,0.0,0.0,2026-06-29 19:53:58.123537+00:00
3787,Christian,Martin,2002-04-20,24,2021-08-09,58,A,WEALTH,259,0657 Butler Lodge Suite 322,Marksville,UT,43127,3,3.0,Y,N,Y,Y,60337.84,25000.0,14.79,2026-06-29 19:53:58.123537+00:00
3799,James,Stone,1996-12-02,30,2013-01-06,161,A,WEALTH,467,90896 Guzman View,Port Kaylaburgh,MA,73848,1,1.0,N,N,Y,N,5778.24,15000.0,38.52,2026-06-29 19:53:58.123537+00:00
3809,Aaron,Fernandez,1994-07-31,32,2016-12-08,114,A,STUDENT,261,4592 Frances Forks Suite 419,New Jaredtown,IA,01102,2,2.0,Y,Y,N,N,110632.98,0.0,0.0,2026-06-29 19:53:58.123537+00:00
3839,Ian,Mills,1998-08-10,28,2015-06-30,132,I,STUDENT,439,298 William Hill,South Jasonberg,NH,39428,1,1.0,N,N,Y,N,8161.97,15000.0,54.41,2026-06-29 19:53:58.123537+00:00
3841,John,Lynn,1982-06-15,44,2014-04-05,146,A,STUDENT,313,284 Evelyn Plains,Kington,MP,00905,3,2.0,N,Y,Y,Y,68777.08,15000.0,77.83,2026-06-29 19:53:58.123537+00:00
3845,Sabrina,Lopez,1958-12-17,68,2021-09-13,57,A,SMALL_BIZ,489,5459 Melissa Pike,New Maryfurt,UT,86983,1,1.0,N,Y,N,N,35039.99,0.0,0.0,2026-06-29 19:53:58.123537+00:00
3850,Jennifer,Wood,2004-06-10,22,2013-01-27,161,A,MASS,215,093 Torres Trail,Frazierfort,WV,33600,4,3.0,Y,Y,Y,Y,164647.08,10000.0,26.91,2026-06-29 19:53:58.123537+00:00
3861,Alice,Allen,1973-05-16,53,2024-02-10,28,A,WEALTH,373,406 Jonathan Stream Suite 822,Port Sethland,NJ,97448,3,3.0,Y,Y,Y,N,107303.38,5000.0,38.75,2026-06-29 19:53:58.123537+00:00
3868,Alison,Gates,1950-03-09,76,2024-02-03,28,A,MASS,393,51614 Michael Lodge Suite 296,New Rachel,IA,42418,1,1.0,N,N,Y,N,366.41,2000.0,18.32,2026-06-29 19:53:58.123537+00:00
3872,Kenneth,Jackson,1971-08-17,55,2018-02-01,100,A,MASS,411,514 Adam Prairie Apt. 286,Port Zachary,GU,51631,1,1.0,N,N,Y,N,9148.14,15000.0,60.99,2026-06-29 19:53:58.123537+00:00
3875,Logan,Marquez,2006-02-11,20,2023-05-17,37,A,PREMIER,257,055 Alexis Bypass Apt. 005,Ritaborough,UT,06380,3,3.0,Y,Y,N,Y,154609.04,0.0,0.0,2026-06-29 19:53:58.123537+00:00
3876,David,Rubio,1982-08-09,44,2014-02-21,148,A,PREMIER,81,523 Patrick Knolls,Carterport,IA,25665,1,1.0,N,N,Y,N,4649.31,25000.0,18.6,2026-06-29 19:53:58.123537+00:00
3880,Susan,Anderson,1984-11-11,42,2014-12-14,138,A,SMALL_BIZ,449,9468 Maria Branch,Ryanmouth,ME,48728,2,2.0,N,N,Y,Y,52136.83,5000.0,17.33,2026-06-29 19:53:58.123537+00:00
3882,Adam,Morgan,1999-09-05,27,2012-07-10,167,A,PREMIER,8,3888 Luis Ford Suite 858,Toddhaven,PW,35441,2,2.0,Y,N,N,Y,67813.5,0.0,0.0,2026-06-29 19:53:58.123537+00:00
3884,Kevin,Rosales,1953-09-11,73,2012-12-26,162,A,SMALL_BIZ,302,349 Russell Spurs,East Devin,MS,45165,4,4.0,Y,Y,Y,Y,83546.65,10000.0,73.23,2026-06-29 19:53:58.123537+00:00
3891,Amy,Velasquez,1995-06-14,31,2014-01-25,149,A,WEALTH,146,831 Bruce Extension,Kathyview,NC,64126,2,1.0,N,N,Y,Y,21092.44,15000.0,55.22,2026-06-29 19:53:58.123537+00:00
3896,Frederick,Ruiz,1972-07-10,54,2011-11-08,175,I,DIGITAL,229,045 Rebecca Path Suite 247,Kennethhaven,RI,23040,1,0.0,N,Y,N,N,63485.88,0.0,0.0,2026-06-29 19:53:58.123537+00:00
3906,Sara,Nguyen,2006-04-03,20,2025-10-06,8,A,PREMIER,138,23717 Christopher Heights Suite 331,Michaelburgh,VA,12115,4,3.0,Y,Y,Y,Y,134641.4,2000.0,72.72,2026-06-29 19:53:58.123537+00:00
3926,April,Hunter,2004-06-14,22,2024-09-09,21,A,DIGITAL,269,3222 Hall Station,Michaelville,AK,71996,2,2.0,N,Y,N,Y,72073.41,0.0,0.0,2026-06-29 19:53:58.123537+00:00
3956,Diana,Trujillo,1945-11-30,81,2022-07-24,47,I,WEALTH,287,1438 Greene Cliffs,Vickiefurt,OK,70458,2,1.0,Y,N,Y,N,76378.98,2000.0,66.32,2026-06-29 19:53:58.123537+00:00
3964,Bruce,George,1956-12-15,70,2018-11-15,91,A,DIGITAL,3,24652 Stephens Fords,West Nicholas,NM,91318,2,2.0,N,Y,N,Y,59419.48,0.0,0.0,2026-06-29 19:53:58.123537+00:00
3965,Tamara,Reynolds,1945-08-12,81,2022-03-19,51,A,MASS,49,33549 Sara Corner,Davidborough,MT,13928,2,2.0,N,N,Y,Y,13799.47,10000.0,39.8,2026-06-29 19:53:58.123537+00:00
3979,Evan,Black,1992-08-22,34,2012-10-31,164,A,MASS,429,783 Michael Walk Apt. 804,Richardsonmouth,MI,20557,3,3.0,Y,N,Y,Y,57153.24,25000.0,71.49,2026-06-29 19:53:58.123537+00:00
3988,Ruben,King,1965-04-19,61,2017-11-04,103,A,MASS,141,5672 Teresa Divide,Karenfort,NY,80701,2,1.0,N,Y,N,Y,106314.59,0.0,0.0,2026-06-29 19:53:58.123537+00:00
3990,James,Powell,1986-06-14,40,2024-07-02,23,I,STUDENT,477,6013 Edgar Parks,Watsonside,IL,65134,4,4.0,Y,Y,Y,Y,112677.55,15000.0,76.26,2026-06-29 19:53:58.123537+00:00
3999,Katherine,Hodge,1946-01-16,80,2022-02-26,52,A,DIGITAL,143,8589 Christopher Crossing,South Courtney,AS,92230,4,4.0,Y,Y,Y,Y,92160.35,5000.0,66.45,2026-06-29 19:53:58.123537+00:00
4001,Kristen,Williams,2008-04-27,18,2012-06-21,168,A,DIGITAL,91,814 Miller Points Suite 242,South Christine,NY,27099,2,2.0,Y,N,N,Y,90110.47,0.0,0.0,2026-06-29 19:53:58.123537+00:00
4020,Theresa,Estes,1951-04-25,75,2013-02-28,160,A,DIGITAL,468,0380 Elizabeth Mews,Lake Matthew,MN,45039,4,2.0,Y,Y,Y,Y,139357.42,15000.0,10.28,2026-06-29 19:53:58.123537+00:00
4021,Connie,Oconnell,1990-06-19,36,2019-07-05,83,A,DIGITAL,240,9674 Kelly Parks Apt. 126,Lake Zacharymouth,WY,05834,3,3.0,N,Y,Y,Y,84008.08,10000.0,21.08,2026-06-29 19:53:58.123537+00:00
4025,Sara,Duncan,1965-05-06,61,2019-02-23,88,A,MASS,371,442 Wells Freeway,East Michael,PW,18957,4,4.0,Y,Y,Y,Y,90863.91,5000.0,97.89,2026-06-29 19:53:58.123537+00:00
4031,Brittany,Moody,2001-03-09,25,2021-07-20,59,A,STUDENT,495,515 Coleman Fort,Michaelmouth,MO,96156,2,2.0,Y,N,Y,N,6836.23,2000.0,37.91,2026-06-29 19:53:58.123537+00:00
4042,Patrick,Wright,1960-06-15,66,2020-08-02,70,A,PREMIER,242,451 Cox Turnpike,Port Michael,AS,18877,4,4.0,Y,Y,Y,Y,152724.65,2000.0,57.77,2026-06-29 19:53:58.123537+00:00
4046,Richard,Daniels,1992-05-31,34,2023-10-22,32,A,WEALTH,396,60908 Mitchell Ranch Suite 841,Josephfort,NY,10758,1,1.0,Y,N,N,N,24566.77,0.0,0.0,2026-06-29 19:53:58.123537+00:00
4047,Audrey,Clarke,1949-11-14,77,2018-12-27,90,A,SMALL_BIZ,374,167 Derek Inlet,Ericmouth,VI,01681,2,2.0,N,Y,Y,N,78717.95,2000.0,83.41,2026-06-29 19:53:58.123537+00:00
4051,Cindy,Brown,1980-01-25,46,2017-10-30,104,I,DIGITAL,189,17931 Davila Mews Apt. 071,Campbellmouth,MO,32389,4,3.0,Y,Y,Y,Y,64767.17,10000.0,7.59,2026-06-29 19:53:58.123537+00:00
4054,Yolanda,Marks,1981-09-02,45,2023-08-25,34,A,WEALTH,97,529 Billy Corners,South Kelsey,NJ,21215,4,4.0,Y,Y,Y,Y,162256.75,15000.0,57.33,2026-06-29 19:53:58.123537+00:00
4067,Kristin,Franco,1976-02-16,50,2026-05-04,1,A,WEALTH,133,0324 Quinn Overpass Suite 163,New Heathertown,WI,71435,4,4.0,Y,Y,Y,Y,180838.37,5000.0,91.78,2026-06-29 19:53:58.123537+00:00
4073,Daniel,Austin,1962-07-02,64,2021-05-02,61,A,MASS,486,799 Waters Alley,Lake Ernest,MI,22089,2,1.0,N,Y,N,Y,123769.28,0.0,0.0,2026-06-29 19:53:58.123537+00:00
4087,Matthew,Stafford,1965-11-22,61,2022-10-09,44,A,WEALTH,353,737 Kyle Flat Apt. 319,Stevensview,LA,37762,2,2.0,N,Y,Y,N,42691.62,5000.0,23.07,2026-06-29 19:53:58.123537+00:00
4091,Melissa,Lopez,2000-03-04,26,2023-03-06,39,A,WEALTH,263,424 Christian Hills,Port Tammy,AL,11754,3,3.0,Y,N,Y,Y,109642.46,10000.0,45.26,2026-06-29 19:53:58.123537+00:00
4098,Jenna,Garcia,1948-06-08,78,2014-02-16,148,A,MASS,294,4305 Dixon Trace Apt. 146,South Mark,WI,11041,3,3.0,Y,Y,Y,N,89513.89,25000.0,90.46,2026-06-29 19:53:58.123537+00:00
4109,Paul,Goodwin,1964-08-27,62,2020-04-10,74,I,STUDENT,200,063 Powell Roads Apt. 998,New Reginaberg,WY,88364,1,1.0,N,N,Y,N,14058.75,25000.0,56.24,2026-06-29 19:53:58.123537+00:00
4111,Willie,Collins,1966-03-07,60,2015-06-10,132,A,WEALTH,78,75476 Erin Place Apt. 045,Quinnchester,SC,46261,1,1.0,N,Y,N,N,48381.51,0.0,0.0,2026-06-29 19:53:58.123537+00:00
4124,Catherine,Hughes,1945-07-25,81,2024-02-15,28,I,WEALTH,311,160 Vickie Knolls,New Matthewfort,ND,62067,2,2.0,N,Y,N,Y,78348.07,0.0,0.0,2026-06-29 19:53:58.123537+00:00
4135,Andrea,Smith,1956-01-23,70,2022-01-01,53,A,STUDENT,425,218 Johnson Wells,East Lance,MA,87468,3,2.0,Y,Y,Y,N,104865.0,5000.0,97.43,2026-06-29 19:53:58.123537+00:00
4147,Theresa,Galloway,1979-07-19,47,2013-01-11,161,A,DIGITAL,242,44815 Isabella Ridge Apt. 365,Debbieberg,MH,11598,4,4.0,Y,Y,Y,Y,36068.2,10000.0,4.01,2026-06-29 19:53:58.123537+00:00
4155,Paul,Smith,1995-03-24,31,2018-08-31,94,A,STUDENT,241,937 Jacqueline Manor,Dianahaven,NH,30816,4,3.0,Y,Y,Y,Y,73325.7,15000.0,30.8,2026-06-29 19:53:58.123537+00:00
4169,Jeffrey,Campbell,1997-10-26,29,2026-04-22,2,A,DIGITAL,388,7408 Bradley Shores,North Erinborough,WA,21339,1,1.0,Y,N,N,N,71439.87,0.0,0.0,2026-06-29 19:53:58.123537+00:00
4195,Kimberly,Martinez,1997-06-08,29,2016-04-01,122,A,SMALL_BIZ,104,789 Long Key,New Valerie,MD,75203,4,4.0,Y,Y,Y,Y,125380.59,10000.0,63.43,2026-06-29 19:53:58.123537+00:00
4213,Alexis,Krueger,1970-04-25,56,2016-03-04,123,A,MASS,292,98870 Kelly Hill Apt. 711,Mcneilmouth,RI,38317,1,1.0,N,Y,N,N,22006.76,0.0,0.0,2026-06-29 19:53:58.123537+00:00
4230,Tammy,Stewart,1975-03-21,51,2019-08-27,82,A,MASS,164,224 Harris Branch,Port Hollyfurt,AZ,77777,4,4.0,Y,Y,Y,Y,119205.98,10000.0,87.48,2026-06-29 19:53:58.123537+00:00
4237,Trevor,Graves,1992-10-15,34,2013-02-01,160,A,DIGITAL,478,087 Wood Route,Lake Robert,MN,98987,4,4.0,Y,Y,Y,Y,98476.69,15000.0,95.06,2026-06-29 19:53:58.123537+00:00
4244,Christopher,Thompson,2003-12-12,23,2021-11-29,55,A,MASS,10,44440 Davenport Tunnel Suite 477,East Douglas,DE,09871,3,3.0,Y,Y,Y,N,79832.18,10000.0,72.1,2026-06-29 19:53:58.123537+00:00
4267,Bradley,Dominguez,1989-07-15,37,2018-08-12,94,A,MASS,240,096 Jason Camp,North Alecbury,VI,88724,1,1.0,N,N,Y,N,1023.49,2000.0,51.17,2026-06-29 19:53:58.123537+00:00
4275,Isaiah,Brown,1948-07-30,78,2019-07-04,83,A,WEALTH,145,52680 Becker Corners,New Steven,OK,39240,3,3.0,Y,Y,N,Y,153741.46,0.0,0.0,2026-06-29 19:53:58.123537+00:00
4280,Robin,Dixon,1992-09-12,34,2019-07-24,83,A,PREMIER,393,91259 Gomez Crest,Lake Margaret,SC,62196,3,3.0,Y,N,Y,Y,43018.28,2000.0,86.16,2026-06-29 19:53:58.123537+00:00
4287,Stephanie,Allen,1952-09-17,74,2012-03-07,171,I,PREMIER,116,699 Moreno Circle,Smithtown,SD,72398,2,1.0,N,Y,N,Y,80731.22,0.0,0.0,2026-06-29 19:53:58.123537+00:00
4294,Michael,Lozano,1990-02-07,36,2014-01-15,149,I,STUDENT,179,1592 Taylor Mews Apt. 300,Port Patriciaview,RI,89746,3,3.0,Y,N,Y,Y,74147.13,5000.0,16.19,2026-06-29 19:53:58.123537+00:00
4329,Angela,Richardson,1975-01-24,51,2016-12-18,114,A,PREMIER,277,7499 Michael Underpass Suite 037,Latoyaview,WA,21873,4,4.0,Y,Y,Y,Y,75605.15,25000.0,31.88,2026-06-29 19:53:58.123537+00:00
4332,William,Long,2003-10-16,23,2012-09-29,165,A,WEALTH,34,221 Robert Cliffs,North Courtneyport,PW,16618,4,4.0,Y,Y,Y,Y,68454.15,15000.0,20.21,2026-06-29 19:53:58.123537+00:00
4340,Diamond,Dominguez,1997-01-06,29,2016-08-12,118,A,DIGITAL,116,05251 Wayne Trace Apt. 910,Stephenport,MP,10174,2,1.0,Y,Y,N,N,61392.47,0.0,0.0,2026-06-29 19:53:58.123537+00:00
4351,Allison,Sullivan,1997-05-25,29,2024-02-23,28,A,DIGITAL,83,564 Joseph Lock Suite 569,Jenniferfurt,AS,96886,4,4.0,Y,Y,Y,Y,123795.33,2000.0,8.68,2026-06-29 19:53:58.123537+00:00
4357,Meredith,Long,1966-04-30,60,2018-07-14,95,A,MASS,457,2769 Joseph Well,Smithborough,MA,33746,4,4.0,Y,Y,Y,Y,140810.08,5000.0,9.35,2026-06-29 19:53:58.123537+00:00
4360,Amanda,Odonnell,1964-06-27,62,2017-01-03,113,A,STUDENT,135,734 Gibson Skyway,East Richard,FM,05528,3,2.0,Y,Y,Y,N,99465.52,5000.0,19.57,2026-06-29 19:53:58.123537+00:00
4366,Vanessa,Baker,1966-02-21,60,2022-03-12,51,A,STUDENT,94,74667 Allen Courts Apt. 048,Acevedochester,PR,66848,2,2.0,N,Y,N,Y,75351.0,0.0,0.0,2026-06-29 19:53:58.123537+00:00
4369,Lisa,Turner,2001-08-09,25,2025-07-12,11,A,STUDENT,308,53452 Gilbert Islands,North Anthony,VT,52774,4,4.0,Y,Y,Y,Y,70551.1,10000.0,68.06,2026-06-29 19:53:58.123537+00:00
4371,Kayla,Perez,1979-06-14,47,2014-10-09,140,A,PREMIER,410,93166 Megan Circles Apt. 038,East Michael,NY,56546,3,3.0,Y,N,Y,Y,16037.04,15000.0,14.5,2026-06-29 19:53:58.123537+00:00
4388,David,Parker,1998-11-12,28,2014-02-23,148,A,SMALL_BIZ,379,699 Ferguson Port,Port John,SC,84302,2,2.0,Y,Y,N,N,101836.2,0.0,0.0,2026-06-29 19:53:58.123537+00:00
4417,Michelle,White,1986-01-17,40,2021-09-18,57,A,MASS,332,76468 Gibbs Stravenue,New Traceymouth,VA,62798,1,0.0,N,N,N,Y,55096.57,0.0,0.0,2026-06-29 19:53:58.123537+00:00
4432,Andre,Mahoney,1964-06-02,62,2017-11-17,103,A,MASS,52,5778 Jones Cliff Apt. 398,Andrewville,CA,74868,4,3.0,Y,Y,Y,Y,112313.81,15000.0,97.29,2026-06-29 19:53:58.123537+00:00
4443,Anthony,Haley,1985-03-05,41,2021-07-23,59,A,MASS,75,1285 Delacruz Rest,Gabrielhaven,WI,78319,2,2.0,N,N,Y,Y,55997.41,10000.0,92.96,2026-06-29 19:53:58.123537+00:00
4445,Mary,Boyle,1977-12-26,49,2016-09-30,117,A,WEALTH,54,229 Judy Prairie,Ochoaview,OK,80969,2,0.0,N,Y,Y,N,22162.36,15000.0,92.24,2026-06-29 19:53:58.123537+00:00
4455,Brittany,Mclean,1968-05-08,58,2020-01-11,77,I,WEALTH,96,07865 Johnson Ford,Sheilamouth,ID,53112,2,2.0,N,Y,N,Y,83378.68,0.0,0.0,2026-06-29 19:53:58.123537+00:00
4459,Jocelyn,Proctor,1972-12-30,53,2012-01-20,173,A,MASS,277,18373 Rodriguez Fields,South Phyllis,GU,48510,3,2.0,Y,N,Y,Y,53876.01,25000.0,15.59,2026-06-29 19:53:58.123537+00:00
4469,Julie,Parker,2001-11-12,25,2025-04-07,14,I,MASS,245,2411 Daniel Stravenue,Lake Michaelburgh,PA,81226,3,3.0,Y,Y,Y,N,74746.22,2000.0,79.11,2026-06-29 19:53:58.123537+00:00
4473,Nicole,Wiley,1971-09-13,55,2014-11-13,139,A,WEALTH,361,3826 Daniel Valleys Apt. 217,Newmanbury,DE,15079,3,3.0,Y,Y,Y,N,29824.56,25000.0,22.91,2026-06-29 19:53:58.123537+00:00
4478,Joseph,Wright,1976-06-28,50,2024-04-16,26,A,SMALL_BIZ,301,74468 Benjamin Islands,South Valerieborough,VT,23167,4,4.0,Y,Y,Y,Y,125020.7,5000.0,47.17,2026-06-29 19:53:58.123537+00:00
4496,James,Ellis,1950-08-02,76,2024-04-16,26,A,PREMIER,87,858 Michael Stravenue,New Timothy,DE,94448,1,1.0,N,N,N,Y,23289.1,0.0,0.0,2026-06-29 19:53:58.123537+00:00
4497,Diana,Smith,1953-10-04,73,2017-07-22,107,A,PREMIER,3,3352 Bright Groves Apt. 092,Holmesfort,IA,88579,1,0.0,N,N,Y,N,23014.03,25000.0,92.06,2026-06-29 19:53:58.123537+00:00
4504,Joseph,Chaney,2001-01-26,25,2012-06-13,168,A,STUDENT,77,80246 Gary Unions Suite 661,Deannashire,ME,38626,3,3.0,Y,Y,N,Y,82342.56,0.0,0.0,2026-06-29 19:53:58.123537+00:00
4508,Jessica,Molina,1953-08-18,73,2022-09-14,45,A,DIGITAL,461,624 Silva Extensions Suite 731,Port Joshua,AS,83468,1,1.0,N,N,N,Y,4075.71,0.0,0.0,2026-06-29 19:53:58.123537+00:00
4514,Alex,Chase,1972-01-23,54,2025-05-28,13,A,WEALTH,97,0212 Bowers Stream Suite 743,North Brandontown,PR,22011,1,1.0,N,N,Y,N,2028.9,5000.0,40.58,2026-06-29 19:53:58.123537+00:00
4520,Amber,Ellis,1994-07-31,32,2012-03-09,171,A,DIGITAL,230,04107 Jackson Knoll Suite 541,Millsmouth,MO,83509,1,0.0,N,N,N,Y,6402.33,0.0,0.0,2026-06-29 19:53:58.123537+00:00
4525,Steven,Parsons,1958-11-03,68,2024-08-31,22,A,MASS,255,1310 Sherri Mountains Suite 650,Rochamouth,TN,47782,4,3.0,Y,Y,Y,Y,136833.24,5000.0,6.68,2026-06-29 19:53:58.123537+00:00
4534,Todd,Burton,1991-01-14,35,2025-08-15,10,A,STUDENT,190,6628 Michelle Greens Suite 052,Alvaradoburgh,PA,17390,2,2.0,Y,Y,N,N,77601.7,0.0,0.0,2026-06-29 19:53:58.123537+00:00
4536,Brandon,Schmidt,1950-03-15,76,2012-10-09,164,A,DIGITAL,365,18676 Stacey Road Suite 225,West Robertshire,MT,72603,4,3.0,Y,Y,Y,Y,71648.21,10000.0,72.61,2026-06-29 19:53:58.123537+00:00
4543,Daniel,Garcia,1990-10-01,36,2024-11-16,19,A,WEALTH,23,4097 Hudson Roads Suite 911,Kiddburgh,AZ,35409,2,2.0,N,N,Y,Y,37636.41,25000.0,55.25,2026-06-29 19:53:58.123537+00:00
4554,Nancy,Lopez,1964-11-24,62,2020-08-15,70,I,WEALTH,35,4612 Bush Mountains Suite 335,South Nicoleside,MO,49042,1,1.0,N,N,N,Y,43784.36,0.0,0.0,2026-06-29 19:53:58.123537+00:00
4556,Jason,Meza,1968-02-09,58,2020-12-16,66,A,SMALL_BIZ,367,873 Theresa Knoll Apt. 090,Josephstad,MN,59451,1,1.0,Y,N,N,N,26200.83,0.0,0.0,2026-06-29 19:53:58.123537+00:00
4612,Shelley,Smith,1988-12-10,38,2022-11-22,43,A,DIGITAL,483,6584 William Station,Chadstad,MD,41146,3,3.0,Y,N,Y,Y,91784.35,25000.0,23.66,2026-06-29 19:53:58.123537+00:00
4627,Andrew,Adams,1950-08-21,76,2024-05-06,25,A,DIGITAL,84,9159 Hart Valley Suite 085,Lake Shannon,LA,46288,3,3.0,Y,Y,N,Y,160399.4,0.0,0.0,2026-06-29 19:53:58.123537+00:00
4628,Robert,Garza,1973-04-30,53,2022-11-25,43,A,STUDENT,467,8662 Jones Village,Brewerfurt,WY,06827,4,4.0,Y,Y,Y,Y,102324.47,5000.0,14.36,2026-06-29 19:53:58.123537+00:00
4635,Raymond,Perkins,2004-09-19,22,2016-08-11,118,A,WEALTH,300,31084 Freeman Dam Suite 251,Port Dominiqueside,SC,96997,2,1.0,Y,N,Y,N,65092.06,5000.0,54.31,2026-06-29 19:53:58.123537+00:00
4639,Mary,Downs,1963-05-18,63,2014-01-15,149,A,DIGITAL,70,865 Frye Motorway,Gordonfort,LA,74869,3,2.0,Y,N,Y,Y,77608.09,10000.0,99.55,2026-06-29 19:53:58.123537+00:00
4643,Natalie,Berry,1993-02-02,33,2011-07-01,179,I,STUDENT,410,288 Cody Pass,South Jennifer,KY,26540,1,1.0,N,N,Y,N,1979.06,5000.0,39.58,2026-06-29 19:53:58.123537+00:00
4654,Wayne,Castillo,1970-06-08,56,2019-12-27,78,I,WEALTH,103,35056 Chris Course Apt. 608,Port Mariaberg,MS,19879,4,4.0,Y,Y,Y,Y,85908.52,10000.0,98.39,2026-06-29 19:53:58.123537+00:00
4680,Christopher,Jones,1963-06-12,63,2016-12-25,114,A,PREMIER,91,6666 Cynthia Center Apt. 068,New Joanna,CA,21143,2,1.0,Y,N,N,Y,68943.48,0.0,0.0,2026-06-29 19:53:58.123537+00:00
4682,Shane,Parker,1962-02-28,64,2012-11-15,163,A,SMALL_BIZ,64,9230 Jeffrey Land Suite 597,Tracyhaven,NC,54012,4,4.0,Y,Y,Y,Y,37631.72,15000.0,46.57,2026-06-29 19:53:58.123537+00:00
4692,Robin,Jones,1977-05-01,49,2014-02-07,148,A,PREMIER,346,088 Jennifer Summit,Linview,AK,20780,2,2.0,N,Y,N,Y,60347.92,0.0,0.0,2026-06-29 19:53:58.123537+00:00
4713,Sonia,Harmon,1964-11-03,62,2019-03-31,87,A,MASS,425,10421 Lam Spur,Weberhaven,ME,91443,3,2.0,Y,Y,N,Y,72340.97,0.0,0.0,2026-06-29 19:53:58.123537+00:00
4719,Sara,Cochran,1961-07-16,65,2025-11-22,7,A,STUDENT,483,0264 Cole Ranch,Angelahaven,ID,94766,4,4.0,Y,Y,Y,Y,49348.77,15000.0,55.67,2026-06-29 19:53:58.123537+00:00
4730,Christopher,Calderon,1956-04-19,70,2023-04-07,38,A,SMALL_BIZ,100,59621 Howard Field,Donaldport,CT,68388,1,1.0,N,N,N,Y,39406.41,0.0,0.0,2026-06-29 19:53:58.123537+00:00
4732,Kayla,Caldwell,1972-08-16,54,2022-08-31,46,A,DIGITAL,251,953 Miller Manors,Davisfurt,MH,47098,2,2.0,Y,N,N,Y,57307.97,0.0,0.0,2026-06-29 19:53:58.123537+00:00
4736,Leslie,Martinez,1962-01-31,64,2021-02-17,64,A,STUDENT,462,926 Steele Junction,Brownville,GU,39787,3,2.0,Y,Y,N,Y,114691.34,0.0,0.0,2026-06-29 19:53:58.123537+00:00
4745,Tiffany,Skinner,1977-12-22,49,2026-01-16,5,A,MASS,376,883 Michael Village,Lake Heather,GA,72156,2,2.0,Y,N,N,Y,44840.52,0.0,0.0,2026-06-29 19:53:58.123537+00:00
4749,Kelly,Long,2000-04-06,26,2012-12-31,162,A,MASS,105,403 Melanie Prairie,Shannonchester,CA,08217,4,4.0,Y,Y,Y,Y,113732.66,10000.0,52.75,2026-06-29 19:53:58.123537+00:00
4786,Annette,Moore,1997-09-10,29,2015-07-20,131,A,STUDENT,461,097 Olson Alley,New Davidside,HI,09970,1,1.0,N,Y,N,N,14707.3,0.0,0.0,2026-06-29 19:53:58.123537+00:00
4799,Joel,Barry,1981-04-29,45,2023-02-13,40,A,STUDENT,456,98477 Amy Summit,North Amberhaven,MH,33291,2,2.0,N,Y,Y,N,40357.71,25000.0,11.51,2026-06-29 19:53:58.123537+00:00
4804,Christopher,Goodwin,1972-05-27,54,2020-09-01,69,A,STUDENT,386,88004 Moore Rest,New Sarah,ND,68229,4,4.0,Y,Y,Y,Y,81422.66,15000.0,17.22,2026-06-29 19:53:58.123537+00:00
4813,Rachel,White,1961-02-17,65,2023-03-23,39,A,MASS,214,795 Benjamin Fords Apt. 714,Brockland,VT,42287,3,3.0,N,Y,Y,Y,66991.62,5000.0,78.51,2026-06-29 19:53:58.123537+00:00
4814,Alexis,Peterson,1951-02-26,75,2021-02-26,64,A,MASS,395,13891 Terrell River Suite 461,Kevinmouth,SC,31172,2,2.0,N,Y,N,Y,64232.1,0.0,0.0,2026-06-29 19:53:58.123537+00:00
4819,Cody,Leblanc,1984-06-22,42,2016-10-04,116,I,STUDENT,356,759 Johnson Locks,Port Anthony,AR,95401,1,1.0,N,Y,N,N,26485.89,0.0,0.0,2026-06-29 19:53:58.123537+00:00
4836,Jerry,Fernandez,1954-09-19,72,2016-05-09,121,A,MASS,377,467 Whitehead Square,Campbellport,AS,95095,2,2.0,N,Y,Y,N,33426.21,2000.0,2.09,2026-06-29 19:53:58.123537+00:00
4845,Ashley,Osborne,1941-10-25,85,2019-03-11,87,A,STUDENT,175,5069 Jones Club,East Johnbury,DE,70029,1,1.0,Y,N,N,N,11059.49,0.0,0.0,2026-06-29 19:53:58.123537+00:00
4846,David,Yates,2008-06-10,18,2013-04-20,158,A,STUDENT,72,54831 Edward Viaduct,Khanside,NC,09841,2,2.0,N,Y,Y,N,21596.08,10000.0,52.98,2026-06-29 19:53:58.123537+00:00
4850,Jessica,Singh,1977-02-16,49,2023-01-10,41,A,STUDENT,341,22523 Theresa Knolls,East Kristenborough,NH,37722,4,4.0,Y,Y,Y,Y,112185.27,10000.0,23.45,2026-06-29 19:53:58.123537+00:00
4860,Jordan,Abbott,2006-08-31,20,2014-04-24,146,I,WEALTH,74,11956 Stephanie Mountain Suite 265,New Rodneychester,CA,87446,4,4.0,Y,Y,Y,Y,83420.58,15000.0,27.09,2026-06-29 19:53:58.123537+00:00
4862,Marc,Harding,1969-02-25,57,2011-12-09,174,A,DIGITAL,278,148 Ryan Walk Suite 172,Port Timothy,IA,17486,2,1.0,N,Y,N,Y,119555.01,0.0,0.0,2026-06-29 19:53:58.123537+00:00
4875,Shawna,Fuller,1978-04-09,48,2021-09-25,57,A,PREMIER,217,71425 Wolfe Pines Suite 273,Walshstad,DC,35019,3,3.0,Y,Y,N,Y,145350.26,0.0,0.0,2026-06-29 19:53:58.123537+00:00
4886,Tara,Torres,1962-05-26,64,2022-04-24,50,I,DIGITAL,238,070 Jessica Islands,Nunezmouth,MT,51067,4,3.0,Y,Y,Y,Y,146487.18,25000.0,33.76,2026-06-29 19:53:58.123537+00:00
4887,Scott,Huerta,1953-05-25,73,2013-08-23,154,A,STUDENT,335,1457 Lisa Brooks,Perkinsmouth,ID,67729,1,1.0,N,Y,N,N,43300.67,0.0,0.0,2026-06-29 19:53:58.123537+00:00
4893,Kara,Martinez,2004-06-25,22,2022-10-13,44,A,DIGITAL,3,56726 Mary Loop Apt. 716,North Elizabeth,ME,43806,1,1.0,Y,N,N,N,46588.97,0.0,0.0,2026-06-29 19:53:58.123537+00:00
4895,Jane,Hughes,1975-08-15,51,2024-02-17,28,A,DIGITAL,175,219 Costa Ford Suite 815,East Ann,DE,25826,2,2.0,N,Y,Y,N,12150.05,2000.0,37.74,2026-06-29 19:53:58.123537+00:00
4920,Tyler,Garcia,1941-10-09,85,2025-08-08,10,A,DIGITAL,199,213 Sherry Gateway,Morganbury,ID,93087,3,3.0,N,Y,Y,Y,72720.67,10000.0,13.14,2026-06-29 19:53:58.123537+00:00
4928,Paul,Ho,1948-07-10,78,2020-11-22,67,A,PREMIER,99,260 Kathleen Vista Apt. 738,Georgeborough,FL,16513,4,4.0,Y,Y,Y,Y,105769.99,25000.0,20.9,2026-06-29 19:53:58.123537+00:00
4932,Albert,Martinez,1963-07-06,63,2016-12-06,114,A,SMALL_BIZ,447,43846 Joseph Row,North Melissa,NV,80512,3,2.0,Y,N,Y,Y,62006.46,25000.0,71.07,2026-06-29 19:53:58.123537+00:00
4944,Michael,Camacho,1989-06-26,37,2016-12-15,114,A,MASS,323,92595 Patricia Light,Owensfort,PW,03844,3,2.0,Y,Y,N,Y,173558.17,0.0,0.0,2026-06-29 19:53:58.123537+00:00
4954,Paul,Smith,2001-06-06,25,2023-10-10,32,A,DIGITAL,409,4700 Schwartz Extension Apt. 911,Kelseyshire,VT,41096,3,2.0,Y,Y,Y,N,56481.25,25000.0,27.41,2026-06-29 19:53:58.123537+00:00
4962,Thomas,Diaz,1966-03-02,60,2012-07-21,167,A,WEALTH,417,48777 Pena Hill Apt. 723,South Jacob,WY,64698,1,1.0,N,Y,N,N,56528.92,0.0,0.0,2026-06-29 19:53:58.123537+00:00
4963,Paul,Carter,1995-08-06,31,2019-09-12,81,A,PREMIER,35,4086 Lucas Cove Apt. 709,Port Andrewport,PA,49248,3,3.0,Y,Y,N,Y,153777.95,0.0,0.0,2026-06-29 19:53:58.123537+00:00
4970,Amy,Jones,2002-10-03,24,2013-02-23,160,A,PREMIER,434,529 Jones Glens,West Mollyburgh,AR,46296,2,2.0,Y,N,Y,N,6500.39,2000.0,15.06,2026-06-29 19:53:58.123537+00:00
4988,Jamie,Mendoza,1985-03-22,41,2017-02-12,112,A,PREMIER,210,414 Williams Neck,Lake Hector,PW,95032,3,3.0,Y,N,Y,Y,123868.75,10000.0,73.32,2026-06-29 19:53:58.123537+00:00
43,Selena,Duncan,1955-11-05,71,2013-06-18,156,A,SMALL_BIZ,449,9829 Anthony Island,Woodsfort,TN,79251,4,4.0,Y,Y,Y,Y,63788.51,25000.0,25.41,2026-06-29 19:53:58.123537+00:00
71,Cynthia,Baker,1989-07-27,37,2014-07-12,143,A,PREMIER,207,820 Mark Harbor,Alexanderchester,KY,75781,1,1.0,Y,N,N,N,54567.49,0.0,0.0,2026-06-29 19:53:58.123537+00:00
75,Charles,Ware,1970-02-22,56,2011-08-20,178,A,PREMIER,227,95936 Sandra Prairie,Christophermouth,AK,54904,3,1.0,Y,Y,N,Y,100011.71,0.0,0.0,2026-06-29 19:53:58.123537+00:00
108,Daniel,Coleman,1991-10-21,35,2022-12-23,42,A,STUDENT,251,159 Mary Crest Apt. 377,North Brian,AR,63848,3,3.0,Y,Y,Y,N,56681.53,10000.0,51.17,2026-06-29 19:53:58.123537+00:00
109,April,Williams,1953-04-11,73,2025-10-12,8,A,PREMIER,325,9391 Thomas Oval Suite 003,Michaelhaven,TX,66577,1,1.0,N,N,Y,N,8215.78,10000.0,82.16,2026-06-29 19:53:58.123537+00:00
125,Tanner,Anderson,1968-07-31,58,2013-12-14,150,A,DIGITAL,103,242 Heather Loop,Jeffreybury,UT,22346,1,1.0,Y,N,N,N,73409.5,0.0,0.0,2026-06-29 19:53:58.123537+00:00
126,Phillip,Elliott,1983-03-08,43,2011-11-22,175,A,MASS,421,5552 Rodriguez Crest Apt. 705,Tinatown,MN,21005,4,4.0,Y,Y,Y,Y,223227.89,25000.0,85.84,2026-06-29 19:53:58.123537+00:00
129,Karen,Decker,1992-06-29,34,2017-02-22,112,A,MASS,329,6164 Jones Drive,Carrillobury,FL,19000,2,2.0,N,Y,N,Y,41139.39,0.0,0.0,2026-06-29 19:53:58.123537+00:00
131,Debra,Harrington,2008-06-25,18,2016-09-16,117,A,PREMIER,60,140 Jay Station,West Virginiaside,MP,97635,4,4.0,Y,Y,Y,Y,49728.65,5000.0,17.06,2026-06-29 19:53:58.123537+00:00
151,Tracy,Chang,1947-03-25,79,2022-03-26,51,I,SMALL_BIZ,325,51719 Moore Isle,East Deniseview,IL,31304,1,1.0,Y,N,N,N,66613.68,0.0,0.0,2026-06-29 19:53:58.123537+00:00
160,Amanda,Hill,1953-07-07,73,2011-09-14,177,A,DIGITAL,412,331 Tina Lock,South Lisa,MT,03084,2,2.0,N,Y,N,Y,42482.42,0.0,0.0,2026-06-29 19:53:58.123537+00:00
168,Scott,Dalton,1976-07-02,50,2018-03-18,99,A,STUDENT,249,366 Harris Mill Suite 874,Rebeccastad,NV,15766,3,2.0,Y,Y,Y,N,120636.26,5000.0,7.28,2026-06-29 19:53:58.123537+00:00
171,Glenn,Jones,1985-09-27,41,2013-10-31,152,A,STUDENT,42,3353 Salazar Mountains Suite 980,Brightburgh,NY,24867,3,3.0,Y,N,Y,Y,36886.37,25000.0,45.79,2026-06-29 19:53:58.123537+00:00
174,Kristin,Weber,1987-07-18,39,2025-04-10,14,A,WEALTH,170,7117 Flores Prairie Suite 245,Lake Natashaside,NH,88397,4,3.0,Y,Y,Y,Y,145238.44,2000.0,79.05,2026-06-29 19:53:58.123537+00:00
175,Ronald,Stephens,1985-10-15,41,2025-06-02,12,A,WEALTH,32,0513 Riley Mall,Whiteberg,ND,14493,1,0.0,N,N,N,Y,38969.42,0.0,0.0,2026-06-29 19:53:58.123537+00:00
191,Kathleen,Harris,1992-03-03,34,2020-10-26,68,A,PREMIER,241,84155 Megan Ports,Joshuaberg,VI,82870,1,1.0,Y,N,N,N,12053.42,0.0,0.0,2026-06-29 19:53:58.123537+00:00
193,Chelsea,Allen,1949-08-17,77,2026-01-03,5,I,SMALL_BIZ,36,674 Macias Isle Apt. 946,Bowmanmouth,WV,39065,3,3.0,Y,N,Y,Y,61128.45,2000.0,32.4,2026-06-29 19:53:58.123537+00:00
196,Jennifer,Hicks,1997-03-30,29,2018-12-04,90,A,DIGITAL,243,016 Ramirez Viaduct,East Johnberg,ND,08145,1,0.0,N,Y,N,N,14829.11,0.0,0.0,2026-06-29 19:53:58.123537+00:00
201,Brenda,Duarte,1960-06-10,66,2015-12-11,126,A,STUDENT,14,87143 James Branch,North Robin,MA,97354,1,1.0,N,N,N,Y,11357.39,0.0,0.0,2026-06-29 19:53:58.123537+00:00
208,Morgan,Alexander,1981-01-12,45,2024-06-18,24,A,PREMIER,435,2413 Edward Ferry,Mendozaville,AR,52517,2,2.0,Y,N,N,Y,82599.62,0.0,0.0,2026-06-29 19:53:58.123537+00:00
218,Ashlee,Sparks,1951-03-31,75,2019-06-01,84,A,DIGITAL,250,750 Lucero Underpass,South Andrew,PW,98494,2,2.0,N,N,Y,Y,55326.22,25000.0,10.36,2026-06-29 19:53:58.123537+00:00
240,Shawn,Chambers,1942-06-04,84,2019-06-30,84,A,SMALL_BIZ,445,795 Christopher Parkways,East Elizabethville,WY,50840,1,1.0,N,N,N,Y,29313.62,0.0,0.0,2026-06-29 19:53:58.123537+00:00
247,Sonya,Barnes,1986-05-31,40,2022-07-30,47,A,PREMIER,128,9931 Graham Prairie,Brucetown,NC,47036,3,3.0,Y,N,Y,Y,131043.93,5000.0,75.78,2026-06-29 19:53:58.123537+00:00
252,James,Martinez,1965-07-10,61,2017-06-06,108,A,STUDENT,492,36698 Kristin Ferry Suite 644,Lake Rebecca,PA,37918,4,4.0,Y,Y,Y,Y,157920.64,5000.0,29.29,2026-06-29 19:53:58.123537+00:00
267,Cynthia,Kelley,1945-11-22,81,2015-08-05,130,A,STUDENT,253,40061 Alexandria Isle,Meghanshire,NE,53304,4,3.0,Y,Y,Y,Y,177418.18,15000.0,99.86,2026-06-29 19:53:58.123537+00:00
278,Becky,Lewis,1981-09-19,45,2016-09-26,117,A,MASS,340,360 Kimberly Gardens Suite 873,Port Bruce,FL,23804,3,2.0,N,Y,Y,Y,86611.29,5000.0,50.35,2026-06-29 19:53:58.123537+00:00
290,Kari,Wilson,1971-02-09,55,2015-07-26,131,A,PREMIER,237,27578 Farley Flats Suite 805,South James,AR,73213,4,4.0,Y,Y,Y,Y,209714.21,2000.0,81.62,2026-06-29 19:53:58.123537+00:00
297,Samantha,Atkins,1944-04-29,82,2011-10-09,176,A,MASS,479,5624 Wheeler Harbor,Johnville,NM,71885,1,1.0,Y,N,N,N,15483.74,0.0,0.0,2026-06-29 19:53:58.123537+00:00
310,Kevin,Hill,1946-01-25,80,2018-02-01,100,A,PREMIER,448,64212 Rodney Parkways,Susanfort,WI,07095,3,1.0,Y,N,Y,Y,82672.77,2000.0,48.55,2026-06-29 19:53:58.123537+00:00
320,Kristina,Holland,1964-02-29,62,2020-05-29,73,A,PREMIER,390,6196 Michele Light Suite 021,Port Andrewton,GA,65868,4,3.0,Y,Y,Y,Y,149361.12,10000.0,80.02,2026-06-29 19:53:58.123537+00:00
326,Maria,Rodgers,1995-12-22,31,2021-06-27,60,A,DIGITAL,41,7647 Barnes Row Suite 573,New Dawn,NJ,39935,3,3.0,Y,N,Y,Y,126089.88,10000.0,21.46,2026-06-29 19:53:58.123537+00:00
331,Benjamin,Rogers,1997-06-11,29,2024-09-03,21,A,SMALL_BIZ,280,87884 Chavez Port,West Kimberly,NH,46142,3,3.0,Y,N,Y,Y,112935.41,5000.0,42.84,2026-06-29 19:53:58.123537+00:00
337,Stacey,Joyce,1997-06-11,29,2016-12-23,114,I,STUDENT,152,0030 Christopher Circles,Davisstad,OR,73689,3,3.0,Y,N,Y,Y,95707.49,5000.0,71.67,2026-06-29 19:53:58.123537+00:00
338,Patrick,Rose,1972-06-03,54,2015-09-11,129,A,PREMIER,425,49476 Brewer Courts,Brittanystad,VI,66830,3,3.0,Y,Y,Y,N,99312.02,2000.0,21.8,2026-06-29 19:53:58.123537+00:00
344,Brian,Shaw,1964-11-29,62,2011-11-21,175,A,SMALL_BIZ,50,293 Johnson Meadow Apt. 587,South Andrew,AR,48629,1,1.0,Y,N,N,N,30414.1,0.0,0.0,2026-06-29 19:53:58.123537+00:00
358,Kristina,Cooper,1958-06-27,68,2011-09-25,177,A,STUDENT,196,1049 Gray Crest,Sanchezstad,TN,10281,2,2.0,Y,Y,N,N,59468.85,0.0,0.0,2026-06-29 19:53:58.123537+00:00
368,Terri,Crawford,2001-06-06,25,2017-04-04,110,I,WEALTH,301,176 Victoria Plains Apt. 954,South Mitchellton,CT,51405,3,2.0,N,Y,Y,Y,88054.08,5000.0,8.41,2026-06-29 19:53:58.123537+00:00
376,Douglas,Lawson,1987-01-04,39,2025-09-14,9,A,PREMIER,340,597 Anna Falls Suite 327,East Sylvia,IN,64598,1,1.0,N,N,Y,N,5896.26,25000.0,23.59,2026-06-29 19:53:58.123537+00:00
379,Nathan,Hines,1986-12-27,40,2025-08-24,10,A,PREMIER,425,18434 Jacob Wall,Baldwinchester,WA,74102,4,4.0,Y,Y,Y,Y,157763.66,15000.0,58.68,2026-06-29 19:53:58.123537+00:00
382,Jose,Green,1967-06-02,59,2019-11-14,79,A,MASS,440,5608 Pamela Turnpike,Pennyhaven,TX,81873,3,3.0,Y,Y,N,Y,147956.5,0.0,0.0,2026-06-29 19:53:58.123537+00:00
386,Michael,Brown,1998-02-20,28,2016-04-04,122,A,PREMIER,90,8146 Wright Island,Port Kim,OR,68210,1,1.0,N,N,N,Y,34427.7,0.0,0.0,2026-06-29 19:53:58.123537+00:00
389,Dominic,Tyler,1949-08-15,77,2014-06-28,144,A,WEALTH,399,173 Lauren Mount Suite 063,Daniellebury,MT,73551,4,4.0,Y,Y,Y,Y,150538.72,5000.0,22.26,2026-06-29 19:53:58.123537+00:00
392,Alicia,Hammond,2008-06-18,18,2022-03-20,51,A,SMALL_BIZ,402,4502 Wall Loaf,Bowmanberg,DE,63335,2,2.0,N,N,Y,Y,11200.8,10000.0,64.91,2026-06-29 19:53:58.123537+00:00
411,Colin,Roberts,1959-05-31,67,2015-03-10,135,A,SMALL_BIZ,63,33569 Conway Brooks,New Josephmouth,NV,52109,1,1.0,N,N,Y,N,856.24,2000.0,42.81,2026-06-29 19:53:58.123537+00:00
414,Xavier,Jimenez,1992-08-14,34,2018-12-04,90,A,MASS,54,2644 Charles Rapids Apt. 891,Erinmouth,IL,45019,4,4.0,Y,Y,Y,Y,43798.56,15000.0,9.61,2026-06-29 19:53:58.123537+00:00
430,Laura,Swanson,2007-02-22,19,2020-03-13,75,A,SMALL_BIZ,218,35821 Solis Extensions,Fryebury,VI,04326,2,2.0,Y,N,Y,N,61488.5,5000.0,15.77,2026-06-29 19:53:58.123537+00:00
439,Glen,Barr,1976-09-11,50,2016-03-03,123,A,SMALL_BIZ,221,18743 Christina Heights Suite 429,East Peter,IA,96100,3,3.0,Y,Y,N,Y,56745.88,0.0,0.0,2026-06-29 19:53:58.123537+00:00
446,Stephanie,Ballard,2007-02-28,19,2023-09-13,33,I,PREMIER,208,27715 Holland Junction Apt. 909,Lake Shannonview,NM,75201,1,1.0,Y,N,N,N,36064.62,0.0,0.0,2026-06-29 19:53:58.123537+00:00
449,Heather,Taylor,1977-07-29,49,2025-05-30,13,A,WEALTH,433,286 Soto Turnpike Apt. 030,Jonesside,CA,56088,4,3.0,Y,Y,Y,Y,115511.94,5000.0,15.56,2026-06-29 19:53:58.123537+00:00
467,Marcus,Wright,1953-11-14,73,2013-08-03,154,A,STUDENT,305,359 Rodriguez Street,Port Julia,KS,43464,4,4.0,Y,Y,Y,Y,100352.52,15000.0,63.78,2026-06-29 19:53:58.123537+00:00
471,Paula,Padilla,1968-08-26,58,2018-12-27,90,A,DIGITAL,491,485 Paul Roads Apt. 354,Hernandezburgh,KS,05158,1,1.0,Y,N,N,N,37420.28,0.0,0.0,2026-06-29 19:53:58.123537+00:00
475,Elizabeth,Robinson,1973-01-13,53,2019-07-05,83,A,STUDENT,268,658 Dillon Parks,East James,LA,24314,2,2.0,Y,N,N,Y,46490.53,0.0,0.0,2026-06-29 19:53:58.123537+00:00
482,Lindsay,Cummings,1945-05-11,81,2018-05-22,97,A,MASS,159,14412 Morgan Estates Apt. 924,Paultown,NC,87708,2,2.0,Y,N,Y,N,74331.36,10000.0,24.74,2026-06-29 19:53:58.123537+00:00
491,Andrew,Evans,1956-05-30,70,2011-07-17,179,A,STUDENT,395,204 Allen Mall Suite 041,North Brian,AZ,88482,2,2.0,Y,N,N,Y,16010.11,0.0,0.0,2026-06-29 19:53:58.123537+00:00
495,Alexis,Harris,1992-10-25,34,2024-09-03,21,A,SMALL_BIZ,225,91400 Fred Stravenue,Davidville,WY,77470,2,1.0,Y,N,N,Y,128995.79,0.0,0.0,2026-06-29 19:53:58.123537+00:00
505,Nicholas,Webster,1969-05-20,57,2013-09-19,153,A,MASS,284,7885 Olivia Locks Apt. 907,Greenview,MH,79042,1,1.0,Y,N,N,N,59152.3,0.0,0.0,2026-06-29 19:53:58.123537+00:00
511,Jacob,Gill,1981-11-20,45,2024-07-10,23,A,DIGITAL,198,044 Smith Fort Suite 383,Nicholasfurt,PA,99524,4,4.0,Y,Y,Y,Y,79621.17,15000.0,51.05,2026-06-29 19:53:58.123537+00:00
522,Victor,Pena,1966-12-10,60,2023-12-03,30,A,PREMIER,57,763 Hurley Extensions,Martinmouth,AS,61495,4,4.0,Y,Y,Y,Y,146107.25,5000.0,42.55,2026-06-29 19:53:58.123537+00:00
527,Elizabeth,Duran,1998-03-21,28,2025-08-04,10,A,STUDENT,500,55822 Angela Views,Christopherland,WY,79624,1,1.0,Y,N,N,N,45841.7,0.0,0.0,2026-06-29 19:53:58.123537+00:00
528,Jesse,Mann,1969-02-13,57,2024-01-23,29,A,STUDENT,279,67769 Margaret Crescent Apt. 164,Johnborough,ID,52962,1,1.0,N,Y,N,N,76661.34,0.0,0.0,2026-06-29 19:53:58.123537+00:00
534,James,Fox,1947-12-11,79,2013-09-17,153,A,DIGITAL,23,680 Benjamin Stream,North Michellemouth,TX,91856,3,3.0,Y,Y,N,Y,69558.98,0.0,0.0,2026-06-29 19:53:58.123537+00:00
539,George,Porter,1945-04-02,81,2011-08-19,178,A,MASS,104,3530 Robinson Underpass,Tammyburgh,ME,89257,1,0.0,N,Y,N,N,13437.22,0.0,0.0,2026-06-29 19:53:58.123537+00:00
553,Christopher,Montgomery,1987-01-11,39,2021-05-07,61,A,DIGITAL,354,780 Rogers Ridges Apt. 277,Lake Davidton,WA,40579,2,1.0,Y,Y,N,N,55869.86,0.0,0.0,2026-06-29 19:53:58.123537+00:00
554,Christopher,Moore,1994-12-17,32,2022-02-16,52,A,WEALTH,22,799 Dominguez Keys Suite 964,North Jasontown,PR,59199,2,2.0,Y,N,N,Y,71426.32,0.0,0.0,2026-06-29 19:53:58.123537+00:00
557,Jacob,Cole,1959-07-26,67,2013-06-20,156,A,MASS,263,238 Lindsey Fort,North Richard,CA,57042,1,1.0,N,N,N,Y,11128.25,0.0,0.0,2026-06-29 19:53:58.123537+00:00
564,John,Weber,1946-08-24,80,2015-03-31,135,A,STUDENT,188,553 Vickie Cliffs Suite 314,East Thomasstad,OR,23492,3,3.0,Y,Y,Y,N,54959.36,2000.0,13.14,2026-06-29 19:53:58.123537+00:00
570,Travis,Johnston,1961-01-07,65,2021-11-09,55,A,DIGITAL,63,07043 Kristy Cape,Ellisburgh,FL,74079,1,1.0,N,Y,N,N,4806.4,0.0,0.0,2026-06-29 19:53:58.123537+00:00
574,Kelly,Schwartz,1988-12-13,38,2018-01-12,101,A,STUDENT,278,690 Wells Light,North Eduardochester,TN,99833,1,1.0,Y,N,N,N,30450.89,0.0,0.0,2026-06-29 19:53:58.123537+00:00
580,Christopher,Mack,1977-06-18,49,2021-01-04,65,A,STUDENT,453,047 Christine Points Apt. 337,West Douglasville,IL,62402,3,3.0,N,Y,Y,Y,31385.76,15000.0,43.19,2026-06-29 19:53:58.123537+00:00
584,Beverly,Johnston,1975-09-15,51,2019-03-25,87,A,SMALL_BIZ,38,97451 Janet Locks,Lisaland,NE,01053,4,3.0,Y,Y,Y,Y,86679.44,15000.0,93.83,2026-06-29 19:53:58.123537+00:00
596,Karen,Stokes,1988-09-15,38,2014-07-24,143,A,STUDENT,22,42509 Long Lodge Apt. 385,Ethanhaven,HI,25382,4,4.0,Y,Y,Y,Y,185970.98,10000.0,25.68,2026-06-29 19:53:58.123537+00:00
598,Jose,Huffman,1963-05-02,63,2018-04-26,98,A,SMALL_BIZ,108,76366 Wayne Court Apt. 716,Michellemouth,PA,99772,1,1.0,N,N,Y,N,20034.27,25000.0,80.14,2026-06-29 19:53:58.123537+00:00
611,Gary,Ellis,1959-11-27,67,2019-07-06,83,A,MASS,485,106 Perez Forest,South Patrick,MD,28865,4,4.0,Y,Y,Y,Y,37285.01,15000.0,55.97,2026-06-29 19:53:58.123537+00:00
640,Kevin,Lyons,1952-07-31,74,2017-05-27,109,A,STUDENT,158,501 John Glens,Weavershire,MD,04047,1,1.0,N,N,Y,N,1882.72,2000.0,94.14,2026-06-29 19:53:58.123537+00:00
644,Chad,Reyes,1969-10-14,57,2013-06-18,156,A,DIGITAL,421,2888 Evans Island,New Cheryltown,KS,31726,2,2.0,N,Y,N,Y,67538.26,0.0,0.0,2026-06-29 19:53:58.123537+00:00
645,Lawrence,Ibarra,1990-06-14,36,2013-01-07,161,A,PREMIER,294,2715 Houston Estates Suite 125,Lake Jameshaven,TX,28100,1,1.0,N,N,N,Y,14110.31,0.0,0.0,2026-06-29 19:53:58.123537+00:00
647,Alyssa,Smith,2008-01-07,18,2013-08-15,154,A,WEALTH,78,06323 Hurley Fords Apt. 521,New Matthewhaven,ID,84407,3,3.0,Y,Y,N,Y,165028.58,0.0,0.0,2026-06-29 19:53:58.123537+00:00
648,Jennifer,Fuller,1985-01-15,41,2018-01-21,101,A,WEALTH,257,826 Erik Corners Suite 510,Kathyshire,VT,90819,1,1.0,N,Y,N,N,3089.89,0.0,0.0,2026-06-29 19:53:58.123537+00:00
653,Hannah,Abbott,1982-03-14,44,2023-02-10,40,A,STUDENT,176,2831 Sarah Port,Snydershire,MI,14491,3,3.0,Y,N,Y,Y,98404.9,25000.0,88.47,2026-06-29 19:53:58.123537+00:00
656,Daniel,Porter,2005-06-14,21,2018-11-15,91,A,MASS,286,2511 Caitlin Pike,Lake Monicaland,AR,20716,2,2.0,Y,N,N,Y,83391.24,0.0,0.0,2026-06-29 19:53:58.123537+00:00
658,Michelle,Carroll,2004-01-24,22,2013-06-17,156,A,SMALL_BIZ,361,423 Moore Glens Suite 676,East Robert,UT,63656,3,2.0,Y,Y,Y,N,35721.22,25000.0,37.17,2026-06-29 19:53:58.123537+00:00
663,Christina,Ramirez,1947-01-06,79,2019-06-30,84,A,SMALL_BIZ,41,8364 Baker Points Suite 597,Greenstad,VA,38832,4,4.0,Y,Y,Y,Y,39964.22,15000.0,10.29,2026-06-29 19:53:58.123537+00:00
664,James,Morton,1962-04-03,64,2019-02-13,88,A,SMALL_BIZ,132,786 House Track,Jessehaven,CT,44220,3,3.0,Y,Y,Y,N,56413.02,2000.0,19.11,2026-06-29 19:53:58.123537+00:00
680,Robert,Cortez,1969-08-03,57,2016-04-16,122,I,SMALL_BIZ,493,7701 Mcdowell Crescent,West Kaitlynhaven,CT,83955,2,2.0,Y,Y,N,N,99425.07,0.0,0.0,2026-06-29 19:53:58.123537+00:00
683,Steven,Campbell,2005-05-31,21,2012-07-08,167,A,STUDENT,253,5398 Riddle Harbor,West Melissaburgh,NE,95031,4,4.0,Y,Y,Y,Y,113034.47,25000.0,32.56,2026-06-29 19:53:58.123537+00:00
693,Jaclyn,Watson,2001-08-10,25,2019-03-31,87,A,PREMIER,134,15685 Brandt Extension,Goodmanberg,CT,68382,3,3.0,N,Y,Y,Y,76098.97,5000.0,9.14,2026-06-29 19:53:58.123537+00:00
717,James,Wilkerson,1960-03-27,66,2013-07-15,155,I,PREMIER,382,771 Martinez Circles Apt. 917,Griffithfort,AL,87776,2,2.0,N,N,Y,Y,18757.72,5000.0,3.11,2026-06-29 19:53:58.123537+00:00
759,Ashley,Larsen,1957-05-29,69,2012-03-25,171,I,SMALL_BIZ,387,3535 Frank Throughway Suite 493,Port Lisastad,VI,27923,2,2.0,Y,Y,N,N,78828.63,0.0,0.0,2026-06-29 19:53:58.123537+00:00
799,Justin,Hughes,1991-09-02,35,2021-10-07,56,A,MASS,24,504 Allen Well Apt. 719,New Angela,SD,01283,3,2.0,Y,Y,N,Y,97396.16,0.0,0.0,2026-06-29 19:53:58.123537+00:00
809,Caleb,Mcneil,1961-06-28,65,2013-02-07,160,A,MASS,310,7057 Margaret Unions,Port Robert,MS,45912,1,1.0,N,Y,N,N,64034.88,0.0,0.0,2026-06-29 19:53:58.123537+00:00
812,Leah,Greene,2001-10-08,25,2023-07-04,35,I,STUDENT,482,040 John Via,Cooperport,MP,96886,2,1.0,Y,N,Y,N,63382.73,5000.0,26.91,2026-06-29 19:53:58.123537+00:00
817,William,Bruce,2002-03-24,24,2021-07-07,59,A,SMALL_BIZ,200,691 Bond Station,Buckleyside,VA,12026,1,1.0,N,Y,N,N,77540.48,0.0,0.0,2026-06-29 19:53:58.123537+00:00
818,Howard,Davis,1997-10-24,29,2024-07-26,23,A,PREMIER,47,24527 Johnson Camp Suite 550,Russellview,LA,70529,2,2.0,N,N,Y,Y,18386.62,10000.0,61.05,2026-06-29 19:53:58.123537+00:00
819,Lindsey,Hines,1950-01-23,76,2015-05-08,133,A,WEALTH,185,13498 Lewis Summit,New Elizabeth,CA,41220,2,2.0,Y,N,Y,N,64726.09,10000.0,53.26,2026-06-29 19:53:58.123537+00:00
823,Brandy,Blackburn,1973-01-06,53,2024-05-31,25,A,MASS,284,1566 Blake Landing Suite 275,Mooreburgh,AK,21965,4,4.0,Y,Y,Y,Y,107788.45,15000.0,29.25,2026-06-29 19:53:58.123537+00:00
829,Joshua,Juarez,1984-01-01,42,2011-07-24,179,A,DIGITAL,223,51187 Moreno Garden Suite 144,Ortegamouth,ME,58820,3,2.0,N,Y,Y,Y,85950.1,2000.0,67.11,2026-06-29 19:53:58.123537+00:00
839,Stacy,Hull,1965-07-24,61,2014-04-20,146,A,MASS,150,274 Gina Views,New Zacharyland,FL,18639,3,3.0,Y,Y,Y,N,86218.87,5000.0,64.37,2026-06-29 19:53:58.123537+00:00
856,Gregg,Williams,1972-08-06,54,2012-12-23,162,A,MASS,495,70844 Price Route,Allenborough,SC,71499,1,1.0,N,N,N,Y,42717.73,0.0,0.0,2026-06-29 19:53:58.123537+00:00
871,Cody,Stanley,1976-07-15,50,2021-12-10,54,A,STUDENT,82,4126 Hart Lodge Suite 707,Lake Lori,MH,48746,1,1.0,N,N,N,Y,38896.57,0.0,0.0,2026-06-29 19:53:58.123537+00:00
888,Cheryl,Lopez,1989-11-01,37,2013-01-31,161,A,STUDENT,199,353 Rebecca Gateway,Ryanside,PR,60847,4,4.0,Y,Y,Y,Y,96213.93,15000.0,54.85,2026-06-29 19:53:58.123537+00:00
889,Stephen,Harrington,2003-10-25,23,2017-05-08,109,A,STUDENT,197,0409 Garcia Underpass Suite 716,New Elizabeth,ND,23202,2,2.0,N,N,Y,Y,54224.56,15000.0,59.02,2026-06-29 19:53:58.123537+00:00
899,Kaitlyn,Evans,1969-02-22,57,2021-12-07,54,A,DIGITAL,150,60322 Williams Avenue,Wellston,AL,31037,1,1.0,Y,N,N,N,15172.34,0.0,0.0,2026-06-29 19:53:58.123537+00:00
904,Timothy,Duncan,1949-03-23,77,2016-09-29,117,A,STUDENT,422,53363 Hanson Crescent,Whiteview,AL,44856,2,2.0,Y,N,N,Y,93475.5,0.0,0.0,2026-06-29 19:53:58.123537+00:00
915,Kimberly,Berg,1958-05-01,68,2020-09-30,69,A,DIGITAL,166,6232 Rogers Pines,North Deborahville,GA,97196,2,2.0,N,Y,Y,N,11868.29,2000.0,7.61,2026-06-29 19:53:58.123537+00:00
938,Deborah,Case,2006-11-24,20,2023-01-21,41,I,WEALTH,1,92220 Jennifer Inlet,Port Vincentchester,PW,78111,1,1.0,Y,N,N,N,31625.39,0.0,0.0,2026-06-29 19:53:58.123537+00:00
962,Jeffrey,Singh,1941-10-25,85,2015-03-01,135,A,DIGITAL,127,4225 Gonzalez Forge Suite 485,New Jasonmouth,MP,35736,4,4.0,Y,Y,Y,Y,60627.32,10000.0,58.58,2026-06-29 19:53:58.123537+00:00
967,Charles,Smith,2000-11-15,26,2012-08-18,166,A,SMALL_BIZ,28,67788 Jimmy Valleys Apt. 492,Lake Erica,AL,01773,4,4.0,Y,Y,Y,Y,117480.9,10000.0,94.31,2026-06-29 19:53:58.123537+00:00
990,Benjamin,Armstrong,1952-04-14,74,2020-11-18,67,A,DIGITAL,191,77854 Murray Neck,Johnsonton,NC,84088,2,2.0,Y,N,Y,N,31061.46,10000.0,35.65,2026-06-29 19:53:58.123537+00:00
993,Christopher,Cole,1985-10-29,41,2015-09-20,129,A,STUDENT,33,08546 Lisa Manors,Sarahchester,AZ,52893,1,1.0,Y,N,N,N,54346.22,0.0,0.0,2026-06-29 19:53:58.123537+00:00
996,Jennifer,Cooper,1985-09-08,41,2015-06-09,132,A,MASS,81,2776 Smith Way,Sarahburgh,MI,08683,3,3.0,Y,Y,Y,N,88098.64,5000.0,0.44,2026-06-29 19:53:58.123537+00:00
1001,David,Munoz,1949-05-13,77,2018-09-07,93,A,DIGITAL,92,5210 Benjamin Trace,New Amy,NJ,00716,3,3.0,Y,Y,N,Y,147772.33,0.0,0.0,2026-06-29 19:53:58.123537+00:00
1008,Kristine,Lane,1954-02-26,72,2022-01-26,53,I,MASS,168,960 Jessica Orchard,Gordonhaven,MO,49461,2,2.0,N,Y,Y,N,33135.28,2000.0,60.01,2026-06-29 19:53:58.123537+00:00
1010,Eric,Pearson,1962-08-28,64,2016-11-23,115,A,STUDENT,402,93252 Summers Inlet,Devinburgh,WV,23187,4,4.0,Y,Y,Y,Y,125843.41,10000.0,39.28,2026-06-29 19:53:58.123537+00:00
1014,Maxwell,Thornton,1958-06-30,68,2016-01-24,125,A,DIGITAL,278,5107 Drake Road Apt. 886,Blackwellland,MN,73220,1,1.0,N,N,N,Y,57307.15,0.0,0.0,2026-06-29 19:53:58.123537+00:00
1018,Tamara,Smith,1988-11-04,38,2013-11-20,151,A,WEALTH,493,3118 Gill Stream Suite 019,Nicholsborough,MI,03121,2,2.0,N,Y,N,Y,88852.69,0.0,0.0,2026-06-29 19:53:58.123537+00:00
1022,Sonya,Wilkins,1989-03-02,37,2020-05-27,73,A,SMALL_BIZ,44,6725 Shane Fields,Jonathanview,MI,16612,3,3.0,Y,Y,N,Y,178065.87,0.0,0.0,2026-06-29 19:53:58.123537+00:00
1025,Gavin,Johnson,1976-01-19,50,2014-12-12,138,I,WEALTH,340,22120 Jessica Bridge Apt. 342,East Jeremyside,NJ,84464,2,2.0,N,Y,N,Y,104749.53,0.0,0.0,2026-06-29 19:53:58.123537+00:00
1028,Casey,Davis,1976-03-06,50,2022-06-26,48,I,MASS,232,5351 William Green,Robertshire,IL,29471,2,2.0,N,Y,N,Y,45438.52,0.0,0.0,2026-06-29 19:53:58.123537+00:00
1035,Susan,Ellis,1993-01-28,33,2022-10-16,44,A,DIGITAL,414,708 Brandon Freeway,Shawnview,IN,11946,1,1.0,Y,N,N,N,51321.55,0.0,0.0,2026-06-29 19:53:58.123537+00:00
1036,Anthony,Wilson,1972-05-11,54,2020-03-30,75,A,SMALL_BIZ,357,04924 Johnson Trace,Port Tabithaside,SC,47525,1,1.0,N,N,N,Y,17238.99,0.0,0.0,2026-06-29 19:53:58.123537+00:00
1060,Gregory,Porter,1951-07-06,75,2023-07-06,35,A,SMALL_BIZ,411,30403 Elizabeth Ville,Amyland,NY,16005,4,4.0,Y,Y,Y,Y,167851.57,10000.0,72.11,2026-06-29 19:53:58.123537+00:00
1073,Deanna,Nelson,1961-01-04,65,2015-06-25,132,A,SMALL_BIZ,359,08185 Le Stream,Port Markland,KS,31387,2,2.0,N,N,Y,Y,43541.66,10000.0,63.8,2026-06-29 19:53:58.123537+00:00
1076,Shelby,Haynes,1990-04-02,36,2021-05-14,61,A,PREMIER,47,37025 Reed View Suite 348,West Dannystad,NH,60061,2,2.0,Y,N,N,Y,12788.95,0.0,0.0,2026-06-29 19:53:58.123537+00:00
1086,Kyle,Reed,1976-07-24,50,2021-01-11,65,A,SMALL_BIZ,492,9734 Norman Loop,Lindatown,AZ,81794,4,2.0,Y,Y,Y,Y,72462.29,2000.0,16.59,2026-06-29 19:53:58.123537+00:00
1095,Gail,Mitchell,2002-06-16,24,2023-07-16,35,A,DIGITAL,178,55176 Perry Ridges Apt. 649,Anthonyburgh,MT,19836,1,1.0,N,N,N,Y,11049.99,0.0,0.0,2026-06-29 19:53:58.123537+00:00
1111,Michelle,Robinson,1954-10-21,72,2024-09-24,21,A,STUDENT,456,7052 Lane Knoll Apt. 841,Port Heather,OR,83351,1,1.0,N,N,N,Y,24627.14,0.0,0.0,2026-06-29 19:53:58.123537+00:00
1115,Eric,Davis,1966-05-17,60,2012-10-28,164,A,DIGITAL,50,21785 Mccarty Route,Lake Katherine,ID,52921,2,2.0,N,Y,Y,N,18580.71,2000.0,9.41,2026-06-29 19:53:58.123537+00:00
1125,Dana,Gray,1966-02-01,60,2011-07-02,179,A,DIGITAL,229,82612 Davenport Prairie,Westshire,PA,38062,2,2.0,Y,N,Y,N,47472.13,15000.0,37.09,2026-06-29 19:53:58.123537+00:00
1142,Elizabeth,Andrade,1965-06-22,61,2018-05-02,97,A,PREMIER,199,64607 Michael Alley Suite 652,Rebeccaton,AZ,34625,4,4.0,Y,Y,Y,Y,121298.51,15000.0,71.41,2026-06-29 19:53:58.123537+00:00
1164,Sean,Larson,1990-07-04,36,2017-05-08,109,A,DIGITAL,400,516 Gilbert Station,South Brandonview,MH,36958,4,4.0,Y,Y,Y,Y,152111.97,15000.0,34.52,2026-06-29 19:53:58.123537+00:00
1175,Katherine,Farrell,1954-11-14,72,2017-01-24,113,A,DIGITAL,332,8854 Jose Row Suite 458,New Mario,MO,27476,4,4.0,Y,Y,Y,Y,90052.68,25000.0,23.04,2026-06-29 19:53:58.123537+00:00
1186,Cory,Stewart,1966-12-31,59,2026-01-22,5,I,MASS,351,856 Renee Center,Connorhaven,IA,36735,1,1.0,N,N,Y,N,14671.59,25000.0,58.69,2026-06-29 19:53:58.123537+00:00
1205,Kathryn,Salazar,1948-08-23,78,2014-03-31,147,A,PREMIER,241,7031 Morales Shoals Apt. 013,West Terry,PR,63534,3,3.0,Y,Y,N,Y,137535.26,0.0,0.0,2026-06-29 19:53:58.123537+00:00
1211,Vanessa,Todd,1969-03-01,57,2022-07-26,47,A,MASS,442,7165 Kennedy Spring,Jordanside,ND,43736,3,3.0,Y,Y,Y,N,80758.98,25000.0,47.59,2026-06-29 19:53:58.123537+00:00
1220,Maria,Murray,1968-02-28,58,2016-01-13,125,A,PREMIER,457,7400 Yolanda Junctions,Dylantown,WY,77732,3,3.0,Y,Y,N,Y,175131.75,0.0,0.0,2026-06-29 19:53:58.123537+00:00
1228,Patrick,Moody,1965-10-22,61,2019-04-22,86,A,MASS,223,9290 Brown Path Apt. 942,Wilsonbury,VA,35234,3,3.0,N,Y,Y,Y,39855.5,2000.0,48.91,2026-06-29 19:53:58.123537+00:00
1247,Daniel,Blair,1988-02-10,38,2020-08-15,70,A,STUDENT,499,2911 Roy Cape Apt. 470,East Christopher,OR,49916,3,2.0,N,Y,Y,Y,102928.9,25000.0,42.94,2026-06-29 19:53:58.123537+00:00
1248,Timothy,Barker,1983-08-19,43,2026-03-21,3,A,SMALL_BIZ,210,5912 Wilson Coves Suite 447,Susanbury,MO,45313,1,1.0,N,N,N,Y,47293.02,0.0,0.0,2026-06-29 19:53:58.123537+00:00
1250,Wanda,Gomez,1962-09-11,64,2019-04-30,86,A,SMALL_BIZ,478,20358 Kimberly Trail,Downsmouth,CO,82086,3,3.0,Y,Y,Y,N,139516.37,10000.0,55.87,2026-06-29 19:53:58.123537+00:00
1262,Robert,Newton,1963-12-11,63,2023-03-09,39,A,SMALL_BIZ,48,34148 Devon Street,Port Lynn,MN,71218,1,1.0,Y,N,N,N,23826.67,0.0,0.0,2026-06-29 19:53:58.123537+00:00
1284,Christina,Morgan,1957-11-23,69,2012-07-21,167,A,DIGITAL,170,52121 Krystal Forest Suite 300,Williamsbury,SD,21435,1,1.0,N,Y,N,N,15173.2,0.0,0.0,2026-06-29 19:53:58.123537+00:00
1302,Christian,Galvan,1957-04-24,69,2021-05-17,61,I,PREMIER,131,3946 Nathan Street,New Laurenhaven,MO,83966,3,3.0,N,Y,Y,Y,84342.59,10000.0,0.95,2026-06-29 19:53:58.123537+00:00
1320,Tommy,Kim,1942-07-18,84,2022-04-02,50,A,DIGITAL,108,4562 Crystal Ridges,Lake Gregory,NM,25465,3,3.0,N,Y,Y,Y,51743.66,2000.0,80.4,2026-06-29 19:53:58.123537+00:00
1344,Kaylee,Young,1974-09-20,52,2026-04-25,2,A,WEALTH,91,98386 Ray Lodge Apt. 498,Robertshire,CO,08826,3,3.0,Y,Y,N,Y,165150.11,0.0,0.0,2026-06-29 19:53:58.123537+00:00
1352,Samantha,Garrison,2005-07-21,21,2017-12-06,102,A,WEALTH,405,6907 Alexis Spring,Williamsshire,NE,61432,3,3.0,Y,Y,Y,N,98972.62,2000.0,14.48,2026-06-29 19:53:58.123537+00:00
1353,Corey,Pena,1963-12-07,63,2015-06-23,132,A,PREMIER,402,593 Cox Shoal,Morachester,UT,88698,1,0.0,N,Y,N,N,69398.66,0.0,0.0,2026-06-29 19:53:58.123537+00:00
1366,Marvin,Brown,1993-07-22,33,2017-03-14,111,A,MASS,264,2596 Pugh Parkway,Chadview,TN,58401,1,1.0,N,Y,N,N,16790.96,0.0,0.0,2026-06-29 19:53:58.123537+00:00
1378,Susan,Davis,1968-05-01,58,2020-12-03,66,A,STUDENT,421,423 Flynn Parkways Apt. 762,North Jennifer,MH,36553,1,1.0,N,N,Y,N,2937.25,10000.0,29.37,2026-06-29 19:53:58.123537+00:00
1387,Lindsay,Contreras,1944-05-11,82,2013-04-03,158,A,WEALTH,203,59490 Juarez Gardens Suite 627,South Charlesstad,AZ,08129,1,1.0,N,N,N,Y,52490.1,0.0,0.0,2026-06-29 19:53:58.123537+00:00
1392,Stephen,Jackson,1962-01-30,64,2023-05-01,37,A,PREMIER,284,30532 Taylor Causeway,North Cynthiaside,SC,14523,4,4.0,Y,Y,Y,Y,89306.0,15000.0,98.49,2026-06-29 19:53:58.123537+00:00
1398,Robert,Horton,1949-07-31,77,2013-08-06,154,A,STUDENT,428,5091 Pierce Knolls Suite 364,Lake Selenastad,NC,43831,4,4.0,Y,Y,Y,Y,89578.59,2000.0,63.81,2026-06-29 19:53:58.123537+00:00
1410,Gina,Schmitt,1954-06-21,72,2023-05-17,37,I,SMALL_BIZ,379,366 Timothy Lodge,Williamhaven,CO,69421,1,1.0,N,N,Y,N,14343.61,15000.0,95.62,2026-06-29 19:53:58.123537+00:00
1421,James,Martinez,1983-11-02,43,2026-01-16,5,A,STUDENT,458,944 Lopez Points Apt. 963,West Trevor,MH,01956,1,1.0,N,N,N,Y,50573.8,0.0,0.0,2026-06-29 19:53:58.123537+00:00
1427,Jessica,Fitzgerald,1997-07-26,29,2015-08-28,130,A,STUDENT,72,291 Madison Parkway,Lake Rachelside,NM,36935,3,2.0,Y,Y,N,Y,79917.98,0.0,0.0,2026-06-29 19:53:58.123537+00:00
1429,Ashley,Smith,1981-02-20,45,2013-09-17,153,A,SMALL_BIZ,375,6729 Hill Drive,Loriburgh,PR,18642,2,2.0,Y,N,N,Y,56329.6,0.0,0.0,2026-06-29 19:53:58.123537+00:00
1431,Timothy,Yates,1943-09-29,83,2019-06-01,84,A,DIGITAL,33,5834 Powers Cliffs,Robinsonhaven,AS,91649,1,0.0,N,N,N,Y,7946.24,0.0,0.0,2026-06-29 19:53:58.123537+00:00
1436,Kelsey,Sawyer,1943-02-16,83,2018-04-11,98,A,SMALL_BIZ,496,35625 Smith Ford,Kathrynport,DE,07714,1,1.0,Y,N,N,N,70194.66,0.0,0.0,2026-06-29 19:53:58.123537+00:00
1439,Ronald,Nelson,1963-10-18,63,2011-12-24,174,A,MASS,301,3296 Charles Summit Suite 320,Port Johntown,PR,52448,1,1.0,N,Y,N,N,53565.33,0.0,0.0,2026-06-29 19:53:58.123537+00:00
1443,Michael,Thompson,1965-12-26,61,2020-09-22,69,A,STUDENT,452,61601 Elizabeth Road,Hernandezside,RI,83228,1,1.0,Y,N,N,N,37356.25,0.0,0.0,2026-06-29 19:53:58.123537+00:00
1447,Michael,Adams,1991-05-29,35,2014-11-08,139,A,SMALL_BIZ,118,38988 Adam Port,Madisonside,NC,17082,3,3.0,Y,Y,Y,N,73306.31,15000.0,32.99,2026-06-29 19:53:58.123537+00:00
1457,Bryan,Wiggins,1984-09-07,42,2015-11-03,127,A,PREMIER,111,0421 Wilson Divide,New Shannon,AS,98927,2,2.0,N,Y,Y,N,52482.51,2000.0,36.47,2026-06-29 19:53:58.123537+00:00
1474,Jessica,Mccullough,1971-02-10,55,2021-10-09,56,A,MASS,302,18698 Nicole Trail Apt. 185,New Sarah,AR,03767,3,2.0,N,Y,Y,Y,120984.39,25000.0,51.39,2026-06-29 19:53:58.123537+00:00
1476,Christopher,Brown,1997-10-30,29,2018-02-22,100,A,DIGITAL,466,7290 Joseph Shoal Apt. 865,South Paulfort,TX,86898,4,4.0,Y,Y,Y,Y,132731.05,5000.0,86.57,2026-06-29 19:53:58.123537+00:00
1480,Sherry,Kerr,1962-10-12,64,2020-07-08,71,A,PREMIER,193,662 Patricia Stravenue,North Jamesmouth,IN,51743,1,1.0,N,N,N,Y,1069.31,0.0,0.0,2026-06-29 19:53:58.123537+00:00
1489,Jennifer,Fischer,1969-04-06,57,2019-10-13,80,A,SMALL_BIZ,204,460 Hughes Skyway,Proctorton,NJ,17971,4,4.0,Y,Y,Y,Y,128072.71,10000.0,73.45,2026-06-29 19:53:58.123537+00:00
1492,Anthony,Smith,1978-12-18,48,2018-05-28,97,A,PREMIER,110,781 Thompson Light Suite 141,Nortonburgh,MT,87536,3,2.0,Y,Y,Y,N,38872.26,15000.0,72.32,2026-06-29 19:53:58.123537+00:00
1493,Mary,Kennedy,1959-02-02,67,2025-10-02,8,A,MASS,411,07321 Shannon Shores Apt. 151,Prestontown,PA,53336,1,1.0,Y,N,N,N,70722.35,0.0,0.0,2026-06-29 19:53:58.123537+00:00
1501,Michael,Roberts,1969-08-06,57,2025-02-05,16,A,DIGITAL,328,27846 Justin Centers Suite 837,Brookeview,VT,47230,1,1.0,Y,N,N,N,11831.89,0.0,0.0,2026-06-29 19:53:58.123537+00:00
1504,Gail,Turner,1999-12-11,27,2023-10-29,32,A,STUDENT,358,214 Ashley Inlet,Port Joshua,MH,08594,1,1.0,N,N,Y,N,510.69,5000.0,10.21,2026-06-29 19:53:58.123537+00:00
1518,Brian,Wilson,1994-08-16,32,2019-02-24,88,I,SMALL_BIZ,227,2248 Bell Junctions Suite 034,West Laura,CO,58052,4,4.0,Y,Y,Y,Y,59140.15,5000.0,98.11,2026-06-29 19:53:58.123537+00:00
1519,Elizabeth,Webster,1958-06-11,68,2012-06-23,168,A,DIGITAL,388,003 Velasquez Road,West Nicolebury,SD,29241,4,4.0,Y,Y,Y,Y,140625.34,10000.0,39.97,2026-06-29 19:53:58.123537+00:00
1520,Jamie,Santana,1993-11-28,33,2025-03-20,15,I,SMALL_BIZ,236,437 Henry Circle Suite 368,Jasonburgh,NY,52796,4,4.0,Y,Y,Y,Y,120379.93,10000.0,51.49,2026-06-29 19:53:58.123537+00:00
1521,Christopher,Singleton,1953-11-14,73,2016-09-25,117,A,WEALTH,60,341 Lindsay Dam Suite 641,Gomezton,NE,39410,2,2.0,N,N,Y,Y,49936.2,25000.0,33.03,2026-06-29 19:53:58.123537+00:00
1532,Caroline,Collins,1949-03-30,77,2015-09-21,129,A,DIGITAL,104,55385 Bailey Parkway Suite 991,East Sarahfort,NH,90160,1,1.0,N,Y,N,N,58895.05,0.0,0.0,2026-06-29 19:53:58.123537+00:00
1539,Brooke,Ewing,2006-10-30,20,2016-07-17,119,A,MASS,204,677 Emma Well Suite 379,Gilesberg,OH,05632,1,1.0,N,Y,N,N,39232.29,0.0,0.0,2026-06-29 19:53:58.123537+00:00
1557,Christina,Gomez,1974-08-20,52,2025-12-22,6,A,WEALTH,413,4697 Dixon Fields Suite 931,Lindseyborough,UT,40337,3,2.0,Y,Y,N,Y,87329.72,0.0,0.0,2026-06-29 19:53:58.123537+00:00
1561,Donna,Wright,1965-06-08,61,2016-09-24,117,A,WEALTH,51,999 Saunders Views Apt. 903,Port Paulmouth,WI,23608,4,3.0,Y,Y,Y,Y,172888.67,25000.0,84.12,2026-06-29 19:53:58.123537+00:00
1565,Brianna,Odom,1959-05-10,67,2021-11-15,55,I,MASS,11,92526 Craig Lakes,Heathermouth,MA,58699,1,1.0,Y,N,N,N,59818.39,0.0,0.0,2026-06-29 19:53:58.123537+00:00
1567,Matthew,Shaw,1948-03-12,78,2021-07-24,59,A,STUDENT,295,395 Lee Road,Shellyfort,UT,90952,2,2.0,Y,N,N,Y,12998.0,0.0,0.0,2026-06-29 19:53:58.123537+00:00
1570,Karl,Williams,1997-10-17,29,2019-06-26,84,A,SMALL_BIZ,229,35805 Cheyenne Village Suite 981,Stephanieside,AL,42898,2,2.0,N,Y,N,Y,21752.36,0.0,0.0,2026-06-29 19:53:58.123537+00:00
1573,Thomas,Clark,1945-12-31,80,2023-06-11,36,A,SMALL_BIZ,314,047 Daniel Ville,East Veronicachester,VI,01933,2,2.0,N,N,Y,Y,40112.47,2000.0,94.23,2026-06-29 19:53:58.123537+00:00
1575,James,Morales,1970-06-30,56,2019-07-19,83,A,DIGITAL,161,271 Stephanie Expressway,West Michael,NC,37503,1,1.0,N,Y,N,N,32654.99,0.0,0.0,2026-06-29 19:53:58.123537+00:00
1582,Lucas,Greer,1961-08-11,65,2017-12-26,102,A,DIGITAL,86,0428 Mason Island Apt. 136,Taylormouth,AK,73982,3,3.0,Y,N,Y,Y,57115.2,5000.0,31.3,2026-06-29 19:53:58.123537+00:00
1596,Kaitlin,Young,1980-08-22,46,2017-04-22,110,A,STUDENT,328,490 Ryan Islands Suite 168,Hernandezbury,CA,79250,4,4.0,Y,Y,Y,Y,64397.02,2000.0,52.77,2026-06-29 19:53:58.123537+00:00
1605,Michelle,Mathews,1995-11-29,31,2013-04-24,158,A,MASS,306,2927 Crystal Lodge Apt. 480,Ryanfort,PW,80270,2,2.0,N,N,Y,Y,56495.44,5000.0,19.41,2026-06-29 19:53:58.123537+00:00
1613,Lisa,Rojas,1965-01-24,61,2020-06-21,72,A,MASS,212,576 Gonzalez Rest,East Mark,DC,92156,3,3.0,Y,Y,Y,N,120628.78,10000.0,36.95,2026-06-29 19:53:58.123537+00:00
1626,Ryan,Mora,1949-05-09,77,2022-03-18,51,A,PREMIER,137,74726 White Hollow,South Ambermouth,NM,20048,4,4.0,Y,Y,Y,Y,121993.4,25000.0,88.66,2026-06-29 19:53:58.123537+00:00
1632,Mike,Sutton,1982-11-16,44,2025-01-10,17,A,SMALL_BIZ,395,888 Lambert Ports,Grantport,CT,91462,2,2.0,Y,Y,N,N,30997.64,0.0,0.0,2026-06-29 19:53:58.123537+00:00
1638,Christine,Turner,1944-07-16,82,2015-04-11,134,A,DIGITAL,185,670 Petersen Cove,Phillipville,AL,08149,1,1.0,Y,N,N,N,62920.23,0.0,0.0,2026-06-29 19:53:58.123537+00:00
1640,William,Conrad,1980-05-20,46,2015-05-17,133,I,MASS,8,981 Megan Meadows,Lisafort,GA,88415,1,1.0,N,Y,N,N,41007.81,0.0,0.0,2026-06-29 19:53:58.123537+00:00
1647,Brian,Hernandez,1985-07-15,41,2023-05-26,37,A,SMALL_BIZ,79,61691 Zavala Glens,Lake Jeanette,KY,45748,1,1.0,N,N,N,Y,5940.03,0.0,0.0,2026-06-29 19:53:58.123537+00:00
1666,David,Henry,1991-11-29,35,2021-03-31,63,I,MASS,210,94618 Ford Orchard Apt. 641,West Samanthaton,KS,87266,4,4.0,Y,Y,Y,Y,72557.24,10000.0,90.82,2026-06-29 19:53:58.123537+00:00
1670,Lisa,Austin,1969-11-01,57,2022-10-11,44,A,DIGITAL,51,9227 Christopher Ramp Apt. 467,Cherylfort,MP,81236,3,3.0,Y,Y,Y,N,110795.16,5000.0,68.09,2026-06-29 19:53:58.123537+00:00
1674,Tim,Hernandez,1970-10-17,56,2025-01-09,17,A,PREMIER,240,8180 Robert Shoal Apt. 567,Barrettburgh,SC,14257,4,4.0,Y,Y,Y,Y,34270.51,5000.0,31.46,2026-06-29 19:53:58.123537+00:00
1680,Christopher,Mcdowell,1953-09-12,73,2017-05-09,109,A,PREMIER,372,58330 Ricardo Cliffs,East Donald,NM,55885,2,2.0,Y,N,Y,N,65987.34,2000.0,27.74,2026-06-29 19:53:58.123537+00:00
1703,Maurice,Hall,1960-10-14,66,2014-05-11,145,A,STUDENT,128,820 Parker Radial,Jenniferchester,HI,97628,4,2.0,Y,Y,Y,Y,170347.31,5000.0,38.71,2026-06-29 19:53:58.123537+00:00
1706,Marissa,Nunez,1989-02-25,37,2025-10-22,8,A,SMALL_BIZ,167,0324 Ian Haven,South Stephaniemouth,OR,94117,4,3.0,Y,Y,Y,Y,123573.87,25000.0,86.75,2026-06-29 19:53:58.123537+00:00
1727,Robert,Ortiz,1956-10-11,70,2023-06-14,36,A,STUDENT,316,36798 Thomas Loaf Apt. 015,South Sally,ID,61859,4,4.0,Y,Y,Y,Y,119377.78,5000.0,51.41,2026-06-29 19:53:58.123537+00:00
1731,Katherine,Keller,1952-07-02,74,2012-05-28,169,A,MASS,179,465 Medina Cove,East Tammy,GA,03399,3,3.0,Y,Y,N,Y,69660.28,0.0,0.0,2026-06-29 19:53:58.123537+00:00
1732,Brian,Welch,1984-06-20,42,2024-12-14,18,A,MASS,305,52501 Samuel Rapids Suite 950,Steventon,AL,52980,4,4.0,Y,Y,Y,Y,137531.94,15000.0,35.26,2026-06-29 19:53:58.123537+00:00
1739,Benjamin,Cook,1954-09-17,72,2015-12-28,126,A,PREMIER,176,30999 Nicholson Rest Suite 264,Gallaghertown,NJ,03176,2,2.0,N,N,Y,Y,56343.02,10000.0,63.81,2026-06-29 19:53:58.123537+00:00
1747,Vanessa,Cunningham,2007-05-07,19,2023-07-04,35,A,MASS,103,720 Harris Cliffs Suite 676,East Wesley,NE,47542,3,3.0,N,Y,Y,Y,126628.22,15000.0,93.38,2026-06-29 19:53:58.123537+00:00
1749,Kristen,Espinoza,1964-12-18,62,2015-09-26,129,A,PREMIER,199,7551 Roberson Shore Suite 983,East Chelsea,OR,09971,4,4.0,Y,Y,Y,Y,97455.44,25000.0,22.1,2026-06-29 19:53:58.123537+00:00
1761,Billy,Hernandez,1949-08-03,77,2020-01-08,77,A,WEALTH,456,49886 Phelps Forges Suite 845,East Robertburgh,NM,54965,4,4.0,Y,Y,Y,Y,156653.76,15000.0,51.97,2026-06-29 19:53:58.123537+00:00
1770,Jesse,Foster,1986-01-05,40,2017-08-08,106,A,MASS,353,9728 Christine Dam,Brayland,ME,00557,3,3.0,Y,N,Y,Y,80979.83,10000.0,58.41,2026-06-29 19:53:58.123537+00:00
1781,Cory,Jackson,1958-09-21,68,2013-03-14,159,A,STUDENT,119,4815 Hayden Meadows Apt. 639,Lake Alicehaven,MA,46498,3,1.0,Y,Y,N,Y,110858.04,0.0,0.0,2026-06-29 19:53:58.123537+00:00
1784,Peter,Flores,1943-04-24,83,2012-05-12,169,A,SMALL_BIZ,333,2395 Jacob Port Apt. 823,Port David,NM,16060,2,2.0,Y,Y,N,N,107943.54,0.0,0.0,2026-06-29 19:53:58.123537+00:00
1785,Nicholas,Carey,1969-02-24,57,2016-04-29,122,A,WEALTH,252,968 Donna Trail,Kyleland,LA,39134,1,1.0,N,N,Y,N,3588.1,15000.0,23.92,2026-06-29 19:53:58.123537+00:00
1791,Richard,Miller,1994-02-05,32,2016-01-13,125,A,WEALTH,455,30164 Joanne Burg,New Holly,WV,86674,4,4.0,Y,Y,Y,Y,110446.34,25000.0,29.68,2026-06-29 19:53:58.123537+00:00
1793,Amanda,Henderson,2007-07-04,19,2023-02-27,40,A,SMALL_BIZ,161,06244 Allison Terrace,North Elizabethchester,WI,55497,2,1.0,N,Y,N,Y,45235.69,0.0,0.0,2026-06-29 19:53:58.123537+00:00
1803,Steve,Greene,2007-05-09,19,2016-08-02,118,A,SMALL_BIZ,232,7223 Leslie Trail,Johnsonmouth,OR,37952,4,4.0,Y,Y,Y,Y,102115.89,5000.0,97.82,2026-06-29 19:53:58.123537+00:00
1815,James,Nicholson,1988-11-09,38,2014-08-11,142,A,DIGITAL,468,82459 Gillespie Expressway Apt. 972,Hannahside,GU,34922,1,1.0,N,N,N,Y,57767.7,0.0,0.0,2026-06-29 19:53:58.123537+00:00
1830,Brittany,Sims,1973-08-25,53,2023-07-19,35,A,PREMIER,342,8689 Raymond Parkway Suite 512,Wangton,WA,12993,2,1.0,N,Y,Y,N,63445.95,15000.0,91.31,2026-06-29 19:53:58.123537+00:00
1844,Robert,Hardy,1984-03-11,42,2015-04-25,134,A,WEALTH,312,81330 Allen Pine,North Karenton,ND,64924,3,2.0,Y,N,Y,Y,43358.03,10000.0,19.14,2026-06-29 19:53:58.123537+00:00
1856,John,Navarro,1956-12-02,70,2020-10-18,68,A,MASS,260,1371 Jenna Village,Gravesshire,FL,20613,4,4.0,Y,Y,Y,Y,171434.19,10000.0,55.24,2026-06-29 19:53:58.123537+00:00
1866,Whitney,Keith,2004-07-19,22,2026-01-25,5,I,STUDENT,351,58250 Lloyd Harbors,North Michelle,DE,21484,1,0.0,Y,N,N,N,73374.47,0.0,0.0,2026-06-29 19:53:58.123537+00:00
1877,Brandy,Johnson,1968-05-09,58,2025-03-26,15,A,WEALTH,464,9993 Natalie Row,New Stevenview,MO,49618,3,3.0,Y,N,Y,Y,61241.81,25000.0,10.6,2026-06-29 19:53:58.123537+00:00
1880,Dennis,Miller,1966-07-22,60,2019-09-14,81,A,PREMIER,421,085 Karen Falls Suite 198,South Dylan,WY,01350,3,3.0,N,Y,Y,Y,44206.93,10000.0,75.58,2026-06-29 19:53:58.123537+00:00
1888,Joshua,Thornton,1996-02-18,30,2021-09-08,57,A,DIGITAL,99,1182 Welch Meadows,Port Paulburgh,VT,95807,1,1.0,N,N,N,Y,15412.16,0.0,0.0,2026-06-29 19:53:58.123537+00:00
1891,Richard,Carpenter,1993-12-16,33,2017-07-07,107,A,DIGITAL,141,456 Morgan Roads,Kimfort,OR,89660,2,2.0,Y,N,N,Y,56147.04,0.0,0.0,2026-06-29 19:53:58.123537+00:00
1901,Sandra,Hernandez,1943-01-18,83,2023-03-17,39,A,STUDENT,183,51314 Aguilar Estate,East Tiffany,NY,49879,1,1.0,N,Y,N,N,63825.32,0.0,0.0,2026-06-29 19:53:58.123537+00:00
1917,Keith,Ibarra,1980-02-03,46,2022-06-28,48,I,STUDENT,82,461 Mendez Burg Apt. 452,Douglasville,NH,87472,4,4.0,Y,Y,Y,Y,130304.14,2000.0,16.14,2026-06-29 19:53:58.123537+00:00
1941,Nicole,Robles,1986-04-23,40,2014-10-12,140,A,DIGITAL,340,706 Christina Ville Suite 801,Langland,MT,50910,2,2.0,N,N,Y,Y,37843.63,15000.0,5.24,2026-06-29 19:53:58.123537+00:00
1943,Anna,Lopez,1948-09-15,78,2016-05-15,121,A,MASS,431,427 Kathleen Skyway Apt. 375,Cainside,MT,58341,3,2.0,Y,Y,N,Y,77970.81,0.0,0.0,2026-06-29 19:53:58.123537+00:00
1959,Jocelyn,Murphy,1981-07-24,45,2025-08-08,10,A,STUDENT,456,1518 Karen View Suite 288,West Christopherview,NV,96690,4,4.0,Y,Y,Y,Y,71769.38,5000.0,58.61,2026-06-29 19:53:58.123537+00:00
1964,Patrick,Morris,1989-09-11,37,2020-07-24,71,A,WEALTH,294,13135 Carl Stream Suite 751,Adamsland,PA,24803,2,2.0,Y,Y,N,N,135673.63,0.0,0.0,2026-06-29 19:53:58.123537+00:00
1967,Marie,Frederick,1947-08-22,79,2020-05-01,73,A,SMALL_BIZ,402,1057 Mccarty Circle Apt. 713,North Reginashire,ME,84284,3,3.0,Y,Y,Y,N,107274.29,10000.0,7.29,2026-06-29 19:53:58.123537+00:00
1970,Cynthia,Nelson,1960-08-10,66,2018-03-06,99,A,SMALL_BIZ,320,1536 Ramirez Forges,South Franktown,AK,33017,1,1.0,N,N,N,Y,8605.64,0.0,0.0,2026-06-29 19:53:58.123537+00:00
1975,Jessica,Scott,1981-05-14,45,2013-10-08,152,A,STUDENT,90,42823 Tammy Vista,Joetown,UT,33416,3,2.0,Y,N,Y,Y,70071.76,15000.0,17.15,2026-06-29 19:53:58.123537+00:00
1981,Sandra,Cruz,1968-11-17,58,2012-01-26,173,A,DIGITAL,339,827 Anita Radial Apt. 457,Silvaburgh,OK,56339,1,1.0,N,N,N,Y,2442.17,0.0,0.0,2026-06-29 19:53:58.123537+00:00
1988,Mckenzie,Smith,1981-11-01,45,2025-09-09,9,A,WEALTH,7,89994 James Shore Suite 029,South Williamside,SC,29045,2,2.0,Y,Y,N,N,55123.92,0.0,0.0,2026-06-29 19:53:58.123537+00:00
1994,Maxwell,Thomas,1984-02-11,42,2023-01-29,41,A,MASS,336,807 Irwin Shoal Apt. 967,New Joelborough,FM,68748,2,2.0,N,Y,N,Y,72420.49,0.0,0.0,2026-06-29 19:53:58.123537+00:00
2005,Brandi,Huerta,1991-11-11,35,2011-08-07,178,A,PREMIER,439,3081 Gonzalez Heights,North Andrewmouth,AK,18132,3,3.0,Y,N,Y,Y,74246.21,2000.0,0.87,2026-06-29 19:53:58.123537+00:00
2008,Nathan,Wu,1964-01-27,62,2017-11-24,103,A,MASS,240,54137 Victoria Fall,East Samuelfurt,LA,30900,2,2.0,N,Y,Y,N,56533.55,10000.0,56.78,2026-06-29 19:53:58.123537+00:00
2012,Carolyn,Melton,2000-12-25,26,2013-07-24,155,A,MASS,398,0598 Richard Creek Apt. 447,Caldwellville,UT,37995,1,1.0,N,N,Y,N,5792.81,10000.0,57.93,2026-06-29 19:53:58.123537+00:00
2031,Jill,James,1966-10-01,60,2022-03-12,51,A,PREMIER,324,66076 Adams Course Apt. 434,Mayside,IN,34904,2,1.0,N,Y,N,Y,96991.69,0.0,0.0,2026-06-29 19:53:58.123537+00:00
2038,Carolyn,Walker,1994-11-10,32,2019-03-31,87,A,SMALL_BIZ,98,87001 Robert Cliff Apt. 201,Harrismouth,MO,79543,1,1.0,Y,N,N,N,53011.84,0.0,0.0,2026-06-29 19:53:58.123537+00:00
2045,Maria,Clark,2007-03-24,19,2016-06-17,120,I,WEALTH,482,275 Kathy Meadows Apt. 622,Port Katrina,MA,02095,1,1.0,Y,N,N,N,53789.85,0.0,0.0,2026-06-29 19:53:58.123537+00:00
2050,Allison,Campbell,1992-04-04,34,2017-04-28,110,A,PREMIER,89,119 Mark Stravenue,Williamborough,MO,93882,1,1.0,Y,N,N,N,38457.11,0.0,0.0,2026-06-29 19:53:58.123537+00:00
2058,Terri,White,2003-07-13,23,2012-12-03,162,A,STUDENT,89,5494 Mark Mountain Suite 491,Elizabethburgh,FL,21069,4,3.0,Y,Y,Y,Y,108211.22,10000.0,77.95,2026-06-29 19:53:58.123537+00:00
2060,Richard,Johnson,2006-06-18,20,2020-11-04,67,A,DIGITAL,357,7822 Berry Street,West David,MP,66008,4,3.0,Y,Y,Y,Y,73069.86,10000.0,20.34,2026-06-29 19:53:58.123537+00:00
2082,Kevin,Wall,1957-05-18,69,2014-04-18,146,A,PREMIER,54,887 Amber Motorway Apt. 650,Port Connieland,WA,22930,4,4.0,Y,Y,Y,Y,125079.01,5000.0,8.71,2026-06-29 19:53:58.123537+00:00
2086,Heather,Herrera,1958-07-10,68,2017-11-01,103,A,WEALTH,102,072 Sara Rapids Apt. 446,Lawsonshire,DE,06780,2,1.0,Y,N,Y,N,67393.79,10000.0,64.09,2026-06-29 19:53:58.123537+00:00
2087,Wanda,Terry,1946-03-21,80,2022-06-03,48,A,DIGITAL,399,379 Joseph Walks,Smithfort,OK,11130,1,1.0,N,N,N,Y,43641.42,0.0,0.0,2026-06-29 19:53:58.123537+00:00
2088,Diane,Hoover,1954-05-25,72,2017-01-15,113,A,DIGITAL,51,235 Brian Oval Apt. 049,Morenoton,MA,42839,3,3.0,Y,Y,Y,N,146564.79,15000.0,87.55,2026-06-29 19:53:58.123537+00:00
2089,Eric,Riddle,1982-01-08,44,2017-10-01,104,I,DIGITAL,193,75353 Hodges Hill,Lake John,MN,88244,2,2.0,N,Y,N,Y,93161.96,0.0,0.0,2026-06-29 19:53:58.123537+00:00
2090,Cassandra,Jones,1970-07-18,56,2011-11-17,175,A,WEALTH,300,89465 King Mill Apt. 989,Lake Alexis,NE,16086,1,1.0,Y,N,N,N,52603.57,0.0,0.0,2026-06-29 19:53:58.123537+00:00
2093,Alejandro,Bennett,1999-09-14,27,2014-11-10,139,A,WEALTH,369,43027 Chavez River,Lake Williamview,WI,36481,1,1.0,N,N,Y,N,684.98,2000.0,34.25,2026-06-29 19:53:58.123537+00:00
2094,Daniel,Frost,2006-05-25,20,2017-02-20,112,A,MASS,104,97967 Phillips Loop Apt. 331,East Michael,GU,24274,2,1.0,Y,N,Y,N,33736.65,15000.0,56.42,2026-06-29 19:53:58.123537+00:00
2097,Peggy,Jackson,1978-06-11,48,2020-07-21,71,A,WEALTH,215,4312 Jill Falls Suite 259,Gibsonport,TN,65756,2,2.0,N,Y,N,Y,112349.84,0.0,0.0,2026-06-29 19:53:58.123537+00:00
2105,Nicole,Cervantes,1970-02-24,56,2025-07-16,11,A,MASS,223,339 Smith Highway,West Rickey,IA,24662,2,2.0,N,Y,Y,N,59567.67,5000.0,23.5,2026-06-29 19:53:58.123537+00:00
2111,Pamela,Wolfe,1975-12-30,50,2026-05-18,1,A,WEALTH,124,8825 Cruz Manor Apt. 282,Brandonhaven,FL,73222,3,3.0,N,Y,Y,Y,88085.15,25000.0,60.26,2026-06-29 19:53:58.123537+00:00
2124,Michael,Smith,1982-09-24,44,2016-05-23,121,A,STUDENT,451,44568 Wilkerson Corner,Robertside,PR,64449,4,4.0,Y,Y,Y,Y,165514.92,10000.0,55.8,2026-06-29 19:53:58.123537+00:00
2139,Joan,Hamilton,1964-05-31,62,2026-01-21,5,A,SMALL_BIZ,485,66717 Angela Forge,South Cassandra,CT,28505,2,2.0,N,Y,Y,N,46004.5,25000.0,27.81,2026-06-29 19:53:58.123537+00:00
2142,John,Hoover,1999-05-23,27,2026-04-28,2,A,PREMIER,56,796 Jonathan Rapid Apt. 231,Cherryview,MP,71193,1,1.0,N,N,Y,N,1626.58,2000.0,81.33,2026-06-29 19:53:58.123537+00:00
2152,Rebekah,Garcia,1955-09-11,71,2018-07-14,95,A,STUDENT,228,39180 Bailey Road Suite 644,Lake Gerald,PR,76074,2,1.0,N,Y,Y,N,75212.42,5000.0,1.14,2026-06-29 19:53:58.123537+00:00
2159,Sara,Jones,1954-04-02,72,2022-01-01,53,A,DIGITAL,122,24282 Victoria Glens Apt. 907,East Tinabury,AK,21093,4,3.0,Y,Y,Y,Y,174381.07,25000.0,50.65,2026-06-29 19:53:58.123537+00:00
2161,Bradley,Lee,1955-01-10,71,2022-03-30,51,A,MASS,190,9309 Laura Flat Apt. 153,New Monica,HI,28792,1,1.0,N,N,Y,N,9449.08,25000.0,37.8,2026-06-29 19:53:58.123537+00:00
2170,Ernest,Robinson,1959-09-06,67,2014-03-27,147,A,STUDENT,374,36675 Cynthia Falls,Hallfort,NH,78534,2,2.0,Y,N,N,Y,62074.42,0.0,0.0,2026-06-29 19:53:58.123537+00:00
2173,George,Williams,1988-12-10,38,2019-09-23,81,A,MASS,13,490 Charles Streets Apt. 380,East Codyshire,DC,34201,4,3.0,Y,Y,Y,Y,142764.0,15000.0,71.92,2026-06-29 19:53:58.123537+00:00
2210,Aaron,Fitzpatrick,1989-02-23,37,2012-08-18,166,I,MASS,84,8896 Timothy Fork Suite 707,Port Tina,NE,24420,3,2.0,Y,Y,N,Y,188789.98,0.0,0.0,2026-06-29 19:53:58.123537+00:00
2227,Mary,Harrell,1985-11-23,41,2012-08-03,166,A,MASS,160,798 Yolanda Mews Suite 552,Zacharystad,IN,04698,1,1.0,N,N,N,Y,58016.19,0.0,0.0,2026-06-29 19:53:58.123537+00:00
2232,Nicole,Johnson,1960-09-14,66,2013-10-25,152,A,SMALL_BIZ,117,156 Pamela Roads Suite 592,Lauramouth,NH,85449,2,2.0,Y,N,Y,N,77820.81,2000.0,16.62,2026-06-29 19:53:58.123537+00:00
2238,Anita,Skinner,1953-10-19,73,2022-08-14,46,A,WEALTH,61,56797 William Plaza Suite 762,Heathershire,OK,53154,3,2.0,N,Y,Y,Y,123721.89,25000.0,82.28,2026-06-29 19:53:58.123537+00:00
2240,Linda,Lucas,1996-11-30,30,2013-12-13,150,A,PREMIER,401,159 Joshua Fields,Bowmanberg,OR,14264,4,4.0,Y,Y,Y,Y,163152.82,5000.0,97.39,2026-06-29 19:53:58.123537+00:00
2250,Brenda,Reyes,1995-08-05,31,2013-09-24,153,A,PREMIER,499,38364 Stanley Squares Apt. 739,Jonathanville,MT,52614,3,3.0,Y,Y,N,Y,160612.69,0.0,0.0,2026-06-29 19:53:58.123537+00:00
2253,Destiny,Mack,2000-09-29,26,2023-07-15,35,A,WEALTH,345,23814 Kristen Unions Suite 909,Youngbury,ID,14629,1,1.0,N,N,Y,N,3365.27,15000.0,22.44,2026-06-29 19:53:58.123537+00:00
2259,Douglas,Harrell,1974-10-28,52,2023-06-30,36,A,PREMIER,168,9886 Brian Avenue,West Elizabethhaven,ID,47579,2,2.0,Y,N,N,Y,99408.3,0.0,0.0,2026-06-29 19:53:58.123537+00:00
2278,Omar,Mayer,1943-08-04,83,2020-06-16,72,A,PREMIER,51,61424 Meyer River Suite 175,Martinton,OH,80947,1,1.0,N,N,Y,N,5001.94,25000.0,20.01,2026-06-29 19:53:58.123537+00:00
2280,Gabriela,Nelson,1999-08-25,27,2025-09-13,9,A,DIGITAL,196,6828 Hill Rue,Lake Tasha,PW,80725,3,3.0,N,Y,Y,Y,81181.58,25000.0,12.5,2026-06-29 19:53:58.123537+00:00
2288,Christina,Morris,1946-09-15,80,2021-06-15,60,A,WEALTH,162,47442 Lee Forks Suite 390,South Davidborough,MT,91487,4,3.0,Y,Y,Y,Y,129500.55,2000.0,7.95,2026-06-29 19:53:58.123537+00:00
2296,Alexis,Cervantes,2006-08-06,20,2020-02-05,76,A,STUDENT,29,37799 Gomez Centers,Lindsayshire,MI,22336,4,4.0,Y,Y,Y,Y,120011.29,25000.0,99.37,2026-06-29 19:53:58.123537+00:00
2302,Justin,Oliver,1987-08-16,39,2018-01-06,101,A,WEALTH,177,6733 Frank Extensions,Port Aaron,LA,71386,4,4.0,Y,Y,Y,Y,109005.97,10000.0,58.62,2026-06-29 19:53:58.123537+00:00
2313,Eric,Brooks,1969-04-07,57,2011-09-21,177,A,MASS,255,880 Vicki Shores Apt. 539,West Natalieborough,HI,14930,3,3.0,N,Y,Y,Y,135405.85,15000.0,8.82,2026-06-29 19:53:58.123537+00:00
2316,Maria,Solis,1954-05-26,72,2021-02-07,64,A,STUDENT,110,25032 Moses Mission,Huntville,NM,82951,2,2.0,Y,N,N,Y,94931.0,0.0,0.0,2026-06-29 19:53:58.123537+00:00
2330,Troy,Ward,2001-06-05,25,2012-11-15,163,A,SMALL_BIZ,493,2063 Simpson Shoals,Johnview,AZ,33658,1,1.0,N,N,N,Y,19649.43,0.0,0.0,2026-06-29 19:53:58.123537+00:00
2335,Theresa,Chaney,1982-02-19,44,2011-12-17,174,A,DIGITAL,124,2974 Weber Summit Apt. 617,Port Laurenburgh,UT,57946,3,3.0,Y,Y,N,Y,60307.14,0.0,0.0,2026-06-29 19:53:58.123537+00:00
2336,Amy,Moore,1973-11-29,53,2020-08-25,70,A,WEALTH,211,90157 Jessica Hill,Earlland,OR,13608,1,1.0,N,N,Y,N,9494.75,10000.0,94.95,2026-06-29 19:53:58.123537+00:00
2356,Cathy,Ware,1948-05-21,78,2015-08-22,130,A,SMALL_BIZ,381,326 Perry Ranch Apt. 168,Vazquezside,CT,93036,4,3.0,Y,Y,Y,Y,82138.55,15000.0,44.84,2026-06-29 19:53:58.123537+00:00
2361,Dawn,Chase,1980-02-10,46,2015-09-29,129,A,MASS,280,88724 Katherine Turnpike Apt. 243,West Adam,MA,05276,2,2.0,N,Y,N,Y,52449.15,0.0,0.0,2026-06-29 19:53:58.123537+00:00
2404,Alexander,Wells,2001-10-12,25,2013-08-09,154,A,STUDENT,231,325 Escobar Pike Suite 022,East Pamelaview,AS,34036,3,2.0,Y,Y,Y,N,100159.26,2000.0,35.95,2026-06-29 19:53:58.123537+00:00
2406,Brooke,Montes,1986-12-30,39,2024-03-20,27,A,PREMIER,6,228 Baker Streets Suite 762,Davismouth,DE,96361,4,4.0,Y,Y,Y,Y,104897.96,10000.0,39.72,2026-06-29 19:53:58.123537+00:00
2412,Jennifer,Vance,1942-05-26,84,2016-10-01,116,A,MASS,311,2717 Gutierrez Heights,Faulknerburgh,AS,91368,2,2.0,Y,N,N,Y,10343.04,0.0,0.0,2026-06-29 19:53:58.123537+00:00
2415,Donna,Thomas,2007-01-22,19,2024-04-06,26,A,DIGITAL,496,8868 Eric Manors Apt. 471,Dominiqueland,TN,31147,4,4.0,Y,Y,Y,Y,93789.28,15000.0,62.37,2026-06-29 19:53:58.123537+00:00
2422,Cheryl,Hamilton,1976-05-02,50,2016-08-11,118,A,MASS,463,88947 Cole Points,Martinhaven,VI,86477,1,1.0,Y,N,N,N,6213.39,0.0,0.0,2026-06-29 19:53:58.123537+00:00
2424,Gina,Owens,2006-06-11,20,2018-12-07,90,A,MASS,378,5257 Sandoval Stravenue,Carlsonmouth,OH,88731,4,4.0,Y,Y,Y,Y,165333.85,15000.0,39.86,2026-06-29 19:53:58.123537+00:00
2441,Angelica,Bernard,1968-12-23,58,2011-11-26,175,A,WEALTH,426,30451 Martin Lodge Suite 371,New Lisafurt,KY,12279,2,1.0,Y,N,Y,N,77075.55,2000.0,45.51,2026-06-29 19:53:58.123537+00:00
2445,Lindsey,Golden,1968-06-27,58,2011-07-31,179,A,DIGITAL,442,088 Christine Ford Apt. 186,Port Cassandrashire,SD,15225,4,4.0,Y,Y,Y,Y,73255.73,5000.0,27.48,2026-06-29 19:53:58.123537+00:00
2450,Tyler,Walker,1951-02-24,75,2022-07-15,47,A,PREMIER,11,25157 Robinson Canyon,West Amberhaven,KY,75030,3,2.0,Y,N,Y,Y,28414.64,5000.0,47.58,2026-06-29 19:53:58.123537+00:00
2454,Thomas,Wall,1947-12-25,79,2014-07-16,143,A,SMALL_BIZ,413,8584 Shelby Key,North Ryanborough,RI,98648,4,4.0,Y,Y,Y,Y,83871.21,2000.0,25.41,2026-06-29 19:53:58.123537+00:00
2459,Judith,Payne,1985-07-16,41,2014-01-14,149,A,STUDENT,96,80287 Marcus Shoal,Davidmouth,IA,58212,4,4.0,Y,Y,Y,Y,152995.96,2000.0,39.38,2026-06-29 19:53:58.123537+00:00
2465,Taylor,Sharp,2002-04-06,24,2025-11-08,7,A,DIGITAL,66,9503 Huynh Passage Apt. 533,West Matthew,MI,80347,1,1.0,N,N,Y,N,6890.87,10000.0,68.91,2026-06-29 19:53:58.123537+00:00
2466,Michael,Foley,1960-01-17,66,2026-02-19,4,A,DIGITAL,268,370 Stephanie Grove,East Susanville,PR,67092,4,4.0,Y,Y,Y,Y,71635.89,5000.0,46.03,2026-06-29 19:53:58.123537+00:00
2469,Kristin,Ramirez,1964-03-22,62,2022-02-28,52,A,WEALTH,212,917 Ortiz Manor Suite 007,North Jason,GA,92829,2,2.0,Y,N,N,Y,58651.98,0.0,0.0,2026-06-29 19:53:58.123537+00:00
2479,Melanie,Jones,1982-06-27,44,2013-03-13,159,A,SMALL_BIZ,55,7307 Dan Estate Suite 296,Shannonbury,OH,59174,3,3.0,Y,N,Y,Y,98200.97,5000.0,91.72,2026-06-29 19:53:58.123537+00:00
2481,Nicholas,Zhang,1963-01-04,63,2021-11-30,55,A,PREMIER,88,443 Wood Port,Port Markburgh,NM,55732,2,1.0,N,N,Y,Y,70578.95,15000.0,73.63,2026-06-29 19:53:58.123537+00:00
2483,Fernando,Cervantes,1960-08-28,66,2014-06-29,144,I,MASS,317,52858 Jennifer Cape Apt. 107,Lake Billyfort,MH,65234,1,1.0,N,N,N,Y,25246.96,0.0,0.0,2026-06-29 19:53:58.123537+00:00
2490,Nicholas,Jones,1945-12-28,81,2017-11-13,103,A,DIGITAL,45,87275 Reid Coves Apt. 913,Port Jeffreyside,MS,99492,3,3.0,Y,N,Y,Y,29508.53,5000.0,57.55,2026-06-29 19:53:58.123537+00:00
2491,Kenneth,Wilson,1946-09-23,80,2023-03-01,39,A,DIGITAL,243,4622 Derek Groves,Nicholasbury,RI,53271,2,2.0,N,Y,N,Y,102894.85,0.0,0.0,2026-06-29 19:53:58.123537+00:00
2498,Matthew,Hubbard,1964-02-21,62,2015-05-20,133,I,PREMIER,250,17078 Emily Coves,Fisherbury,TN,98707,2,2.0,Y,N,N,Y,43292.71,0.0,0.0,2026-06-29 19:53:58.123537+00:00
2502,Stephanie,George,1943-11-11,83,2026-02-15,4,A,STUDENT,33,787 Logan Harbors Apt. 574,New Barbara,IL,19869,4,3.0,Y,Y,Y,Y,104553.66,10000.0,73.85,2026-06-29 19:53:58.123537+00:00
2515,Michael,Rios,1953-08-04,73,2012-02-22,172,A,PREMIER,407,39295 Mcdaniel Summit Suite 509,Donnaberg,MD,52078,4,3.0,Y,Y,Y,Y,137025.85,15000.0,94.46,2026-06-29 19:53:58.123537+00:00
2520,Alison,Adams,1961-02-06,65,2021-03-29,63,A,WEALTH,59,315 Jason Lakes,Lake Jennifer,ID,24302,2,2.0,N,Y,N,Y,79018.25,0.0,0.0,2026-06-29 19:53:58.123537+00:00
2524,Lisa,Thomas,1955-08-12,71,2017-01-17,113,A,STUDENT,343,389 Justin Lakes Apt. 564,North Dennis,KY,55751,4,3.0,Y,Y,Y,Y,153232.63,2000.0,42.01,2026-06-29 19:53:58.123537+00:00
2529,Jack,Jordan,1944-06-19,82,2014-07-24,143,A,MASS,81,630 Brown Roads Apt. 168,Rosebury,IA,87290,1,1.0,Y,N,N,N,51411.34,0.0,0.0,2026-06-29 19:53:58.123537+00:00
2539,John,Daniels,2005-03-16,21,2012-10-07,164,A,DIGITAL,386,109 Alyssa Plains,New Michael,ID,60164,1,1.0,N,N,N,Y,23384.59,0.0,0.0,2026-06-29 19:53:58.123537+00:00
2540,Christina,Ward,1964-02-08,62,2017-05-18,109,A,WEALTH,404,67898 Sarah Prairie Suite 223,West Davidville,CT,87289,2,2.0,N,N,Y,Y,58477.99,10000.0,10.03,2026-06-29 19:53:58.123537+00:00
2544,Megan,Robinson,2006-03-16,20,2018-08-27,94,A,SMALL_BIZ,413,366 Austin Lights,Millerburgh,WV,05665,1,1.0,N,N,Y,N,9891.44,25000.0,39.57,2026-06-29 19:53:58.123537+00:00
2545,Joshua,Bishop,1945-06-01,81,2025-06-30,12,A,PREMIER,174,5188 Joseph Mount Apt. 101,Lake Anthonyton,AL,30800,1,1.0,Y,N,N,N,46386.4,0.0,0.0,2026-06-29 19:53:58.123537+00:00
2552,Caroline,Bailey,1965-03-01,61,2022-03-17,51,A,STUDENT,472,87340 Ricky Orchard,Petershire,MI,20315,2,2.0,Y,N,Y,N,27270.33,2000.0,41.59,2026-06-29 19:53:58.123537+00:00
2555,Douglas,Nguyen,1984-06-30,42,2024-07-22,23,A,SMALL_BIZ,177,93199 William Locks,West Nathan,IN,12760,2,2.0,Y,N,Y,N,9428.47,15000.0,5.81,2026-06-29 19:53:58.123537+00:00
2557,Christy,Martin,1973-01-10,53,2026-01-05,5,A,PREMIER,276,90004 Damon Radial,New Paul,WA,05705,3,3.0,Y,Y,N,Y,107417.42,0.0,0.0,2026-06-29 19:53:58.123537+00:00
2558,Rhonda,Johnson,1944-06-24,82,2025-05-15,13,A,SMALL_BIZ,369,421 Wilcox Crescent,West Davidborough,DE,24551,1,1.0,N,N,N,Y,20913.07,0.0,0.0,2026-06-29 19:53:58.123537+00:00
2561,Jessica,James,1997-02-23,29,2011-12-23,174,A,STUDENT,175,610 Jackson Falls Suite 591,Alexanderchester,MH,57722,3,2.0,Y,Y,Y,N,37718.51,25000.0,17.04,2026-06-29 19:53:58.123537+00:00
2563,Autumn,Kelley,1956-07-15,70,2019-01-01,89,A,DIGITAL,427,0487 Rebecca Ways Suite 284,North Alexanderchester,NH,96146,3,3.0,N,Y,Y,Y,45579.35,25000.0,6.06,2026-06-29 19:53:58.123537+00:00
2565,Alice,Alexander,1944-12-08,82,2018-07-15,95,A,SMALL_BIZ,31,6389 Chen Causeway,Burtonborough,VT,87185,1,1.0,N,N,N,Y,58575.19,0.0,0.0,2026-06-29 19:53:58.123537+00:00
2587,William,Chapman,1966-11-28,60,2018-01-12,101,A,PREMIER,309,567 Gordon Loop,Meganton,NM,81651,3,2.0,Y,Y,Y,N,92249.81,15000.0,55.29,2026-06-29 19:53:58.123537+00:00
2590,Lucas,White,1970-01-29,56,2016-04-21,122,A,MASS,157,14913 Tony Port,Stevenburgh,MO,18770,4,4.0,Y,Y,Y,Y,151143.43,25000.0,26.52,2026-06-29 19:53:58.123537+00:00
2601,Sean,Reynolds,1988-10-24,38,2024-02-04,28,A,WEALTH,342,03951 Myers Plain Suite 871,New Michael,AK,32419,3,3.0,N,Y,Y,Y,98809.38,15000.0,4.01,2026-06-29 19:53:58.123537+00:00
2609,Sherry,Nunez,1950-08-30,76,2017-02-06,112,A,STUDENT,388,38928 Rogers Ramp Apt. 856,North Stephanie,ND,84121,1,1.0,N,N,N,Y,59610.83,0.0,0.0,2026-06-29 19:53:58.123537+00:00
2610,Lisa,Gross,1959-04-07,67,2013-10-01,152,A,DIGITAL,385,519 Steven Station Suite 152,Port Kimberlymouth,AZ,67042,1,1.0,Y,N,N,N,44387.57,0.0,0.0,2026-06-29 19:53:58.123537+00:00
2611,Nancy,Tapia,1960-06-04,66,2014-06-15,144,I,PREMIER,62,606 Pugh Pine Suite 496,Christopherbury,MN,86932,1,1.0,N,N,Y,N,2574.12,10000.0,25.74,2026-06-29 19:53:58.123537+00:00
2617,Timothy,Davis,1967-10-08,59,2016-10-25,116,A,WEALTH,13,86739 Greene Burg,New Roberttown,SD,64284,1,1.0,N,Y,N,N,50355.08,0.0,0.0,2026-06-29 19:53:58.123537+00:00
2621,Timothy,Ballard,1988-09-17,38,2023-01-12,41,A,DIGITAL,158,3446 Frank Highway,South Andrewchester,PW,85285,1,1.0,Y,N,N,N,26230.27,0.0,0.0,2026-06-29 19:53:58.123537+00:00
2630,Rhonda,Wang,1947-07-16,79,2022-01-02,53,A,PREMIER,163,4380 Wallace Haven Suite 214,Lisaton,ME,88706,3,3.0,Y,Y,N,Y,123214.21,0.0,0.0,2026-06-29 19:53:58.123537+00:00
2677,Laura,Matthews,1959-02-09,67,2013-01-06,161,A,STUDENT,374,1003 Kristi Island,New Christopher,AR,34649,2,2.0,N,Y,N,Y,13435.37,0.0,0.0,2026-06-29 19:53:58.123537+00:00
2682,Paula,Williams,2000-02-02,26,2016-04-24,122,I,PREMIER,349,5658 Contreras Station Suite 946,Dominguezborough,OH,85084,2,2.0,N,Y,N,Y,42095.46,0.0,0.0,2026-06-29 19:53:58.123537+00:00
2699,Lindsey,Johnson,2000-02-10,26,2022-09-08,45,A,WEALTH,161,195 Kent Greens Suite 230,Port Jessicaborough,NM,15370,4,4.0,Y,Y,Y,Y,89260.42,2000.0,21.07,2026-06-29 19:53:58.123537+00:00
2708,Scott,Hill,1990-05-01,36,2012-09-28,165,A,SMALL_BIZ,481,468 Alexander Mountain Suite 340,Staceyberg,WV,90802,2,2.0,N,Y,Y,N,73974.09,10000.0,45.29,2026-06-29 19:53:58.123537+00:00
2717,Gregory,Taylor,1945-01-24,81,2022-01-08,53,A,MASS,299,88870 Kyle Inlet,Lake Stevenfort,ID,66172,3,3.0,N,Y,Y,Y,64276.02,5000.0,80.22,2026-06-29 19:53:58.123537+00:00
2725,Kiara,Scott,1994-09-16,32,2012-11-04,163,A,SMALL_BIZ,355,13482 Richardson Isle,East Amandamouth,OH,25753,1,1.0,Y,N,N,N,77872.61,0.0,0.0,2026-06-29 19:53:58.123537+00:00
2726,Darius,Barrett,1972-10-28,54,2011-12-17,174,A,STUDENT,290,957 Larry Stravenue,Youngfort,AK,80213,2,2.0,Y,N,Y,N,17179.74,5000.0,39.7,2026-06-29 19:53:58.123537+00:00
2751,Matthew,Morrow,1992-12-07,34,2016-12-30,114,A,PREMIER,391,752 Shawn Extensions Suite 863,Lake Rebekahbury,KY,26979,4,4.0,Y,Y,Y,Y,120475.2,15000.0,61.84,2026-06-29 19:53:58.123537+00:00
2753,Jason,Graham,1950-09-28,76,2014-04-18,146,A,DIGITAL,28,4272 Brown Camp,Greenfort,CO,53427,4,3.0,Y,Y,Y,Y,41749.37,15000.0,37.6,2026-06-29 19:53:58.123537+00:00
2762,Thomas,Rogers,1971-08-29,55,2017-01-19,113,A,SMALL_BIZ,472,5461 White Station,Nathanielmouth,CT,76736,2,1.0,Y,N,N,Y,87724.66,0.0,0.0,2026-06-29 19:53:58.123537+00:00
2769,Amy,White,1961-05-01,65,2023-09-17,33,A,STUDENT,22,3650 Harmon Gardens Apt. 407,Catherinetown,AL,56364,1,1.0,Y,N,N,N,17037.31,0.0,0.0,2026-06-29 19:53:58.123537+00:00
2774,Margaret,Conley,1987-08-27,39,2015-02-18,136,A,MASS,331,829 Lewis Plains Apt. 024,Lake Geneton,IL,44163,3,3.0,Y,N,Y,Y,85403.68,15000.0,23.14,2026-06-29 19:53:58.123537+00:00
2781,Willie,Dickerson,1958-12-23,68,2016-01-06,125,A,DIGITAL,362,6751 Jones Crossroad,Littlemouth,OR,73854,2,2.0,Y,N,N,Y,98787.17,0.0,0.0,2026-06-29 19:53:58.123537+00:00
2784,Cassandra,Browning,1960-01-15,66,2021-07-04,59,A,MASS,401,97901 Espinoza Viaduct Apt. 397,Lake Jacob,KY,23175,1,1.0,N,N,N,Y,45794.34,0.0,0.0,2026-06-29 19:53:58.123537+00:00
2791,Steven,Newton,1964-09-11,62,2018-02-13,100,A,SMALL_BIZ,214,1091 Ward Haven Apt. 980,Adamport,GA,11933,4,4.0,Y,Y,Y,Y,113529.85,5000.0,23.12,2026-06-29 19:53:58.123537+00:00
2832,Holly,Carroll,1971-04-14,55,2023-03-28,39,A,MASS,40,23918 Kevin Lakes,Lake Robinton,WA,54416,3,2.0,Y,N,Y,Y,79161.53,2000.0,65.28,2026-06-29 19:53:58.123537+00:00
2842,Gary,Fox,1999-06-22,27,2018-09-24,93,A,STUDENT,337,612 Smith Forest Suite 222,Paulview,MO,94061,3,2.0,Y,Y,Y,N,143134.16,5000.0,81.82,2026-06-29 19:53:58.123537+00:00
2848,Raymond,Garcia,1955-01-23,71,2021-05-26,61,A,DIGITAL,226,3880 Ford Neck Apt. 243,New Alexander,OK,41884,3,3.0,Y,Y,N,Y,58331.38,0.0,0.0,2026-06-29 19:53:58.123537+00:00
2860,Olivia,Waters,1999-03-09,27,2013-02-25,160,A,STUDENT,56,97242 Samuel Field Suite 629,South Matthewberg,GA,58221,3,3.0,Y,Y,Y,N,105641.42,25000.0,25.14,2026-06-29 19:53:58.123537+00:00
2867,Cameron,Reynolds,1973-01-05,53,2013-12-03,150,A,SMALL_BIZ,418,58790 Wagner Center Suite 067,West Jeanette,PA,91278,2,2.0,Y,N,Y,N,5446.0,25000.0,22.12,2026-06-29 19:53:58.123537+00:00
2886,Joshua,Lawson,2002-05-21,24,2018-10-03,92,I,STUDENT,406,488 Miller Junction,Halemouth,MO,06447,4,4.0,Y,Y,Y,Y,51987.83,5000.0,72.51,2026-06-29 19:53:58.123537+00:00
2887,Danielle,Hill,1966-08-14,60,2013-01-01,161,A,PREMIER,118,53220 Fowler Ports,Evelynville,NV,30904,1,0.0,N,N,Y,N,1357.77,2000.0,67.89,2026-06-29 19:53:58.123537+00:00
2890,Kent,Gonzalez,1951-08-30,75,2013-09-25,153,I,SMALL_BIZ,357,43865 Rick Pike,Christopherchester,VA,04095,4,3.0,Y,Y,Y,Y,95295.58,10000.0,68.67,2026-06-29 19:53:58.123537+00:00
2915,Leslie,Hall,2005-06-14,21,2016-05-17,121,A,MASS,329,32412 Mitchell Manors,North Jenniferbury,ME,70762,2,2.0,N,N,Y,Y,28476.89,25000.0,73.62,2026-06-29 19:53:58.123537+00:00
2919,Jodi,James,1971-03-27,55,2022-08-03,46,A,SMALL_BIZ,179,55565 Jorge Shores Suite 765,Benjaminchester,AR,45512,2,2.0,Y,N,Y,N,78306.4,25000.0,40.89,2026-06-29 19:53:58.123537+00:00
2922,Katherine,Martinez,1990-01-12,36,2013-04-22,158,A,DIGITAL,245,785 Diane Shore Suite 388,Haroldborough,NC,50325,1,1.0,Y,N,N,N,27686.65,0.0,0.0,2026-06-29 19:53:58.123537+00:00
2933,Robert,Moore,1985-10-10,41,2017-01-13,113,A,STUDENT,158,140 Zachary Creek,Mannport,HI,19273,1,1.0,N,N,N,Y,53880.2,0.0,0.0,2026-06-29 19:53:58.123537+00:00
2945,Tim,Goodman,1982-08-08,44,2022-03-06,51,A,DIGITAL,103,6823 Dana Highway,Seanville,DE,07498,3,3.0,N,Y,Y,Y,93150.64,5000.0,17.82,2026-06-29 19:53:58.123537+00:00
2953,James,White,1967-04-16,59,2012-03-16,171,A,SMALL_BIZ,299,95656 Michael Oval,New Jason,CA,24509,1,1.0,N,Y,N,N,2296.81,0.0,0.0,2026-06-29 19:53:58.123537+00:00
2954,Laura,Martin,1951-01-26,75,2011-12-31,174,A,DIGITAL,268,8929 Banks Isle,Silvahaven,ND,52733,2,1.0,Y,N,Y,N,56532.49,10000.0,10.91,2026-06-29 19:53:58.123537+00:00
2963,Kenneth,Marks,1948-12-08,78,2019-09-14,81,A,SMALL_BIZ,428,15899 Emily Divide,Michelleside,KS,78309,2,1.0,Y,N,Y,N,75761.18,15000.0,13.07,2026-06-29 19:53:58.123537+00:00
2967,Michael,Burke,1942-08-12,84,2022-06-07,48,A,STUDENT,212,000 Tracy Field Suite 379,West Grace,WV,76432,2,2.0,N,Y,N,Y,59999.65,0.0,0.0,2026-06-29 19:53:58.123537+00:00
2968,Alicia,Mcbride,1951-08-29,75,2024-04-26,26,A,PREMIER,327,027 Dennis Ranch Suite 060,Westhaven,IA,61216,2,2.0,Y,N,Y,N,77207.46,25000.0,56.38,2026-06-29 19:53:58.123537+00:00
2974,Taylor,Taylor,2006-08-13,20,2024-10-28,20,A,SMALL_BIZ,74,1735 Vasquez Drives,Katherineport,WV,79539,4,3.0,Y,Y,Y,Y,156022.62,2000.0,84.51,2026-06-29 19:53:58.123537+00:00
2987,Patricia,Rodriguez,2007-09-07,19,2017-03-07,111,A,SMALL_BIZ,176,0837 Brandon Lock,Williamhaven,TX,84981,4,4.0,Y,Y,Y,Y,105993.37,10000.0,3.46,2026-06-29 19:53:58.123537+00:00
2992,Michelle,Ramirez,1969-09-28,57,2021-01-03,65,A,SMALL_BIZ,483,7429 Nathan Villages Suite 842,Rebeccaport,RI,54639,2,2.0,Y,N,N,Y,91725.73,0.0,0.0,2026-06-29 19:53:58.123537+00:00
2996,Dalton,Norman,1981-02-03,45,2021-06-03,60,I,WEALTH,217,6625 Marissa Extensions Suite 164,Hardymouth,IN,85455,4,4.0,Y,Y,Y,Y,126657.13,15000.0,3.54,2026-06-29 19:53:58.123537+00:00
2997,Mary,Bennett,1988-12-17,38,2019-11-09,79,A,SMALL_BIZ,479,6288 Harrell Knolls Apt. 021,Olsonside,VI,00893,2,1.0,Y,Y,N,N,42879.64,0.0,0.0,2026-06-29 19:53:58.123537+00:00
3000,Michael,Chambers,1949-05-12,77,2022-11-21,43,I,WEALTH,162,354 Bruce Flat Apt. 678,Yorkchester,PR,92719,1,1.0,N,N,Y,N,8002.45,15000.0,53.35,2026-06-29 19:53:58.123537+00:00
3012,Mary,Perez,1982-10-15,44,2022-07-12,47,A,PREMIER,281,45550 Jose Junction,North Erica,NM,87430,1,1.0,N,N,Y,N,3757.02,5000.0,75.14,2026-06-29 19:53:58.123537+00:00
3021,Samantha,Garcia,1977-03-10,49,2017-05-29,109,A,DIGITAL,412,2080 Wong Valley Suite 835,Jamesside,CO,02424,3,3.0,Y,N,Y,Y,70058.13,10000.0,70.77,2026-06-29 19:53:58.123537+00:00
3022,Paige,Carter,2005-07-19,21,2023-08-23,34,A,SMALL_BIZ,334,28164 Jeffrey Ways Apt. 963,Amymouth,WI,75826,4,3.0,Y,Y,Y,Y,153813.44,5000.0,69.88,2026-06-29 19:53:58.123537+00:00
3025,Tonya,Sanchez,1974-08-15,52,2023-12-03,30,A,WEALTH,348,172 Rebecca Trail Apt. 229,Port Tracy,MT,10667,2,2.0,N,Y,N,Y,18649.94,0.0,0.0,2026-06-29 19:53:58.123537+00:00
3028,Ashley,Gutierrez,1969-04-06,57,2019-09-18,81,A,STUDENT,223,915 Alan Point,Robertside,WI,68093,2,2.0,Y,Y,N,N,92594.2,0.0,0.0,2026-06-29 19:53:58.123537+00:00
3040,Mikayla,Hernandez,1945-05-07,81,2016-09-04,117,A,STUDENT,65,101 James Mountain,East Rachelfurt,OK,88839,1,1.0,Y,N,N,N,13247.81,0.0,0.0,2026-06-29 19:53:58.123537+00:00
3044,Emily,Rivera,1971-10-13,55,2019-07-10,83,A,WEALTH,33,75022 Baird Fork Apt. 169,Dustinstad,VA,93280,4,4.0,Y,Y,Y,Y,83287.9,10000.0,11.38,2026-06-29 19:53:58.123537+00:00
3057,Brian,Brooks,1982-02-07,44,2026-02-20,4,A,STUDENT,467,6069 Tyler Spurs Apt. 183,Kristiborough,ND,37030,3,3.0,N,Y,Y,Y,147372.87,25000.0,71.08,2026-06-29 19:53:58.123537+00:00
3071,Michael,Rangel,1954-02-09,72,2017-07-09,107,A,STUDENT,84,73125 Carroll Tunnel Suite 614,Orozcostad,MO,15002,3,3.0,Y,Y,N,Y,141413.35,0.0,0.0,2026-06-29 19:53:58.123537+00:00
3080,Kurt,Matthews,1944-04-12,82,2025-08-13,10,I,WEALTH,488,90692 Rasmussen Dam,Erintown,OR,23825,1,1.0,N,N,N,Y,26084.56,0.0,0.0,2026-06-29 19:53:58.123537+00:00
3100,Amanda,Mitchell,2003-11-04,23,2017-06-06,108,A,PREMIER,85,82467 Curtis Parkway,East Rebeccastad,SC,35098,1,1.0,Y,N,N,N,69086.78,0.0,0.0,2026-06-29 19:53:58.123537+00:00
3105,Christina,Kim,1995-07-09,31,2015-02-05,136,A,SMALL_BIZ,64,14821 Heather Tunnel Suite 901,Melaniefort,IA,96596,4,4.0,Y,Y,Y,Y,147162.07,10000.0,97.83,2026-06-29 19:53:58.123537+00:00
3108,Matthew,Clements,1979-08-08,47,2025-08-22,10,A,SMALL_BIZ,177,3665 Kaitlyn Glens Apt. 026,East Johnton,SC,60276,3,3.0,Y,N,Y,Y,8671.52,10000.0,20.15,2026-06-29 19:53:58.123537+00:00
3110,Kelly,Brown,1967-09-16,59,2013-10-10,152,A,DIGITAL,346,88198 Kimberly Haven,West Alexandra,NE,20144,4,4.0,Y,Y,Y,Y,139495.1,15000.0,57.02,2026-06-29 19:53:58.123537+00:00
3111,Diane,Gonzales,1953-10-25,73,2014-05-22,145,A,DIGITAL,90,98771 Bennett Crossing Apt. 018,Port Jessicabury,MD,56820,3,3.0,Y,Y,Y,N,88318.27,25000.0,20.49,2026-06-29 19:53:58.123537+00:00
3120,Kaitlin,Vega,1982-10-07,44,2018-03-14,99,A,PREMIER,183,596 Donna Isle Suite 081,New Marcoside,GU,66513,4,3.0,Y,Y,Y,Y,158098.82,5000.0,68.2,2026-06-29 19:53:58.123537+00:00
3135,Eric,Cruz,1956-01-16,70,2019-09-21,81,A,DIGITAL,203,032 Smith Trail Suite 162,West Stephanie,NM,44844,3,2.0,Y,Y,N,Y,25810.59,0.0,0.0,2026-06-29 19:53:58.123537+00:00
3141,Nancy,Lowe,1982-07-08,44,2022-06-17,48,A,DIGITAL,57,39790 Chambers Parkway,Davismouth,MT,92667,3,3.0,Y,Y,N,Y,65239.43,0.0,0.0,2026-06-29 19:53:58.123537+00:00
3146,Keith,Garcia,1973-04-27,53,2021-12-26,54,A,WEALTH,149,837 Lopez Harbors,Lake Jennifer,VA,99931,3,3.0,N,Y,Y,Y,66239.88,25000.0,85.07,2026-06-29 19:53:58.123537+00:00
3161,Tracy,Bullock,1976-05-11,50,2025-02-25,16,A,MASS,57,64277 Nathaniel Harbors Suite 214,East Karentown,FM,22481,4,4.0,Y,Y,Y,Y,35981.36,15000.0,25.0,2026-06-29 19:53:58.123537+00:00
3162,Kristopher,Cole,1944-12-22,82,2015-01-20,137,A,MASS,483,572 Cook Ridge,East Victoriafurt,AS,59817,1,1.0,N,N,N,Y,30008.82,0.0,0.0,2026-06-29 19:53:58.123537+00:00
3174,Alexander,Roman,1999-05-11,27,2011-08-20,178,A,PREMIER,67,6810 Kenneth Plains,North Dylan,MA,82781,1,1.0,N,N,Y,N,2446.41,5000.0,48.93,2026-06-29 19:53:58.123537+00:00
3177,Janet,Gonzalez,1948-07-31,78,2013-04-23,158,A,PREMIER,483,5421 James Village,Garciaview,NJ,19919,1,1.0,N,N,N,Y,31012.13,0.0,0.0,2026-06-29 19:53:58.123537+00:00
3205,Jeremy,Tucker,2005-06-27,21,2019-09-08,81,A,STUDENT,151,862 William Coves Apt. 775,Jasonhaven,NC,23048,3,1.0,Y,Y,Y,N,83573.59,2000.0,96.53,2026-06-29 19:53:58.123537+00:00
3213,Sergio,Butler,2006-07-05,20,2012-06-06,168,A,DIGITAL,298,9858 Cochran Walks,New Darin,CT,69907,2,2.0,N,Y,N,Y,44068.0,0.0,0.0,2026-06-29 19:53:58.123537+00:00
3223,Melanie,Brown,1959-12-31,66,2013-08-16,154,A,PREMIER,371,80088 Brittany Street Apt. 447,New Theresa,OK,81644,2,1.0,N,Y,N,Y,71234.71,0.0,0.0,2026-06-29 19:53:58.123537+00:00
3226,Amanda,Holloway,2007-07-03,19,2020-07-06,71,I,PREMIER,391,7575 Lisa Knoll,West Ryanchester,CA,69294,2,2.0,N,Y,Y,N,67753.37,10000.0,12.14,2026-06-29 19:53:58.123537+00:00
3239,Nicole,Brown,1979-05-22,47,2019-12-21,78,A,DIGITAL,181,925 Melissa Course Suite 112,Shaneside,NV,35341,1,1.0,Y,N,N,N,33490.24,0.0,0.0,2026-06-29 19:53:58.123537+00:00
3255,William,Moore,1960-05-06,66,2019-10-16,80,A,PREMIER,296,1986 Shelby Mountain,Sawyershire,CO,43673,3,3.0,Y,N,Y,Y,70951.82,25000.0,7.44,2026-06-29 19:53:58.123537+00:00
3271,Judy,Watson,1984-10-03,42,2025-12-22,6,A,STUDENT,498,7269 Murray Mountains,Markmouth,TX,66655,4,3.0,Y,Y,Y,Y,102602.98,5000.0,89.76,2026-06-29 19:53:58.123537+00:00
3283,Hannah,Patrick,2006-01-09,20,2014-04-18,146,I,WEALTH,370,025 Martin Brook,North Matthew,NM,66300,4,4.0,Y,Y,Y,Y,172717.11,15000.0,20.04,2026-06-29 19:53:58.123537+00:00
3290,Emily,Preston,1992-11-24,34,2013-09-10,153,A,WEALTH,477,1692 Diane Cliff Apt. 904,Lake Corey,VT,07870,1,1.0,Y,N,N,N,56115.88,0.0,0.0,2026-06-29 19:53:58.123537+00:00
3300,Mark,Copeland,1994-04-08,32,2018-10-15,92,A,STUDENT,55,2589 Baker Hills Suite 531,West Michaelside,CO,66138,4,4.0,Y,Y,Y,Y,142965.37,25000.0,61.04,2026-06-29 19:53:58.123537+00:00
3305,Drew,Jones,1975-04-17,51,2013-02-05,160,A,PREMIER,162,2809 Perry Village,South Josemouth,MH,01635,1,1.0,N,N,N,Y,14936.27,0.0,0.0,2026-06-29 19:53:58.123537+00:00
3319,Tracey,Johnson,1991-09-05,35,2015-02-03,136,A,MASS,230,120 Christopher Prairie Apt. 491,Kleinside,WI,66024,4,4.0,Y,Y,Y,Y,79338.08,2000.0,21.56,2026-06-29 19:53:58.123537+00:00
3322,Sean,Shaw,1993-10-21,33,2025-06-12,12,A,DIGITAL,107,08311 Hunter Extension Apt. 317,Matthewville,IN,37519,4,3.0,Y,Y,Y,Y,76103.06,15000.0,15.29,2026-06-29 19:53:58.123537+00:00
3324,Brenda,Wolfe,1985-04-15,41,2012-03-20,171,A,PREMIER,413,64232 Angela Plaza,Lake Jessicafurt,NE,70997,2,2.0,Y,N,Y,N,74015.18,5000.0,57.58,2026-06-29 19:53:58.123537+00:00
3341,Jacqueline,Smith,1951-05-14,75,2013-06-23,156,I,PREMIER,115,882 Brown Lodge,Port Sandychester,LA,53304,3,3.0,Y,N,Y,Y,27355.0,2000.0,38.76,2026-06-29 19:53:58.123537+00:00
3344,Laurie,Lopez,2003-03-07,23,2024-04-30,26,A,PREMIER,44,474 Jennifer Points,South Tamara,NE,25837,2,2.0,N,Y,N,Y,111048.81,0.0,0.0,2026-06-29 19:53:58.123537+00:00
3351,Emily,Galvan,1993-10-16,33,2011-11-26,175,A,SMALL_BIZ,110,559 Beverly Trafficway Suite 970,South Ernest,SD,84909,3,3.0,N,Y,Y,Y,68183.45,10000.0,32.68,2026-06-29 19:53:58.123537+00:00
3354,Eric,George,1984-10-10,42,2022-10-05,44,A,DIGITAL,28,1306 Jason Trail,Lake Christy,OR,90649,2,0.0,Y,N,N,Y,24248.54,0.0,0.0,2026-06-29 19:53:58.123537+00:00
3356,Patricia,Thomas,1945-12-08,81,2012-10-03,164,A,SMALL_BIZ,91,6501 Allison Causeway,Cohenmouth,GA,12362,2,2.0,Y,N,N,Y,34115.65,0.0,0.0,2026-06-29 19:53:58.123537+00:00
3358,Kevin,Nichols,1995-07-19,31,2025-03-04,15,A,MASS,448,35696 Miller Stream Suite 462,New Amanda,UT,16396,4,4.0,Y,Y,Y,Y,85253.12,15000.0,94.55,2026-06-29 19:53:58.123537+00:00
3366,Zachary,Jenkins,1962-01-06,64,2023-10-23,32,A,PREMIER,371,1664 Lewis Grove Apt. 249,Lake Lisa,ND,68362,2,2.0,Y,N,N,Y,74892.15,0.0,0.0,2026-06-29 19:53:58.123537+00:00
3372,Deborah,Crawford,1997-02-15,29,2014-03-22,147,A,SMALL_BIZ,231,08119 Mendez Valley Suite 075,New Michaelfort,GU,31372,4,3.0,Y,Y,Y,Y,113439.11,15000.0,80.99,2026-06-29 19:53:58.123537+00:00
3380,Laurie,Brown,1953-08-16,73,2016-11-17,115,A,WEALTH,211,539 Randall Village Apt. 481,Jenkinsport,VT,20578,4,4.0,Y,Y,Y,Y,146514.1,5000.0,65.44,2026-06-29 19:53:58.123537+00:00
3410,Michele,Ramirez,1971-11-06,55,2015-11-12,127,A,SMALL_BIZ,470,220 Mcdonald Lodge,New Joshua,MN,60143,2,2.0,Y,Y,N,N,32917.83,0.0,0.0,2026-06-29 19:53:58.123537+00:00
3415,Jennifer,Jones,1995-08-10,31,2014-05-28,145,A,SMALL_BIZ,376,0607 Baker Row Apt. 379,New Cathyport,PA,81315,4,4.0,Y,Y,Y,Y,95236.47,5000.0,30.79,2026-06-29 19:53:58.123537+00:00
3428,Wesley,Porter,1976-07-24,50,2017-07-28,107,A,DIGITAL,352,08967 Lori Court,South Brandonshire,DE,18222,4,3.0,Y,Y,Y,Y,50173.42,25000.0,41.76,2026-06-29 19:53:58.123537+00:00
3431,James,Smith,1966-07-10,60,2016-03-07,123,A,SMALL_BIZ,291,304 Cooper Summit,Robinsonbury,CO,24239,2,1.0,N,Y,Y,N,91986.23,25000.0,86.78,2026-06-29 19:53:58.123537+00:00
3438,Denise,Hamilton,1972-08-26,54,2017-04-04,110,A,DIGITAL,16,2908 Brianna Forest,Port Andreaville,ID,47752,3,3.0,Y,Y,Y,N,124510.51,5000.0,14.38,2026-06-29 19:53:58.123537+00:00
3441,Gabriel,Gay,1954-06-15,72,2025-03-30,15,A,PREMIER,179,890 Kelly Plains,Port Tina,KS,62395,1,1.0,N,N,N,Y,23401.37,0.0,0.0,2026-06-29 19:53:58.123537+00:00
3466,Julia,Barnes,1977-10-26,49,2016-11-26,115,A,STUDENT,458,66575 Smith Mountain Apt. 094,Adamton,FL,03375,4,4.0,Y,Y,Y,Y,90956.68,10000.0,23.49,2026-06-29 19:53:58.123537+00:00
3475,Christopher,Cordova,1977-09-11,49,2018-11-03,91,I,PREMIER,459,308 Randall Camp Apt. 555,North Michaelmouth,WV,28263,4,4.0,Y,Y,Y,Y,155129.83,2000.0,65.08,2026-06-29 19:53:58.123537+00:00
3481,Peter,Holder,1954-05-16,72,2014-01-09,149,A,MASS,357,9676 Aguilar Ridges Suite 671,Traceyfurt,ID,79970,1,1.0,N,N,Y,N,5103.48,10000.0,51.03,2026-06-29 19:53:58.123537+00:00
3487,Janice,Morales,1975-08-02,51,2015-11-15,127,A,SMALL_BIZ,462,234 Willie Plains,Mcgeemouth,KY,24708,4,4.0,Y,Y,Y,Y,119907.7,10000.0,49.71,2026-06-29 19:53:58.123537+00:00
3490,David,Rodriguez,1946-10-25,80,2020-04-04,74,A,PREMIER,485,9882 Green Street Apt. 237,North Thomas,TN,96655,2,2.0,Y,N,Y,N,76152.53,10000.0,37.0,2026-06-29 19:53:58.123537+00:00
3498,Mark,Levy,1963-03-04,63,2013-06-22,156,I,SMALL_BIZ,248,783 Rachel Cliffs,West Stacyberg,IA,68845,3,3.0,Y,N,Y,Y,32183.59,2000.0,83.47,2026-06-29 19:53:58.123537+00:00
3509,Jennifer,Payne,1995-02-09,31,2018-04-12,98,I,WEALTH,445,02775 Adams Cove,New Barbaramouth,NC,47939,3,1.0,Y,Y,Y,N,46572.36,5000.0,49.23,2026-06-29 19:53:58.123537+00:00
3514,Benjamin,Perez,1961-08-11,65,2021-03-21,63,A,DIGITAL,9,67230 Rebecca Ridge,West Nicolefurt,PW,86561,3,2.0,N,Y,Y,Y,76744.66,15000.0,17.48,2026-06-29 19:53:58.123537+00:00
3530,Daniel,Hayes,2004-10-05,22,2025-11-21,7,A,WEALTH,202,5148 Andrea Turnpike Apt. 479,Lake Sheila,DE,55982,3,3.0,N,Y,Y,Y,86291.22,5000.0,36.2,2026-06-29 19:53:58.123537+00:00
3548,Antonio,Conley,1964-04-26,62,2020-10-24,68,A,MASS,412,1697 Erin Road Apt. 444,East Angelica,NY,43818,3,3.0,Y,Y,N,Y,132078.32,0.0,0.0,2026-06-29 19:53:58.123537+00:00
3551,Noah,Hernandez,1950-08-31,76,2015-05-06,133,A,MASS,187,0401 Courtney Trace,Carriefort,MO,21206,3,2.0,N,Y,Y,Y,59012.52,25000.0,29.94,2026-06-29 19:53:58.123537+00:00
3571,Jason,Estrada,1978-03-06,48,2012-05-17,169,A,STUDENT,495,875 Murray Ville,Littleport,ME,51152,2,2.0,Y,Y,N,N,86487.41,0.0,0.0,2026-06-29 19:53:58.123537+00:00
3592,Samuel,Anderson,1959-07-23,67,2018-08-28,94,A,SMALL_BIZ,161,15272 Livingston Mission Apt. 820,Lake Megan,PR,34209,4,3.0,Y,Y,Y,Y,129297.19,5000.0,27.3,2026-06-29 19:53:58.123537+00:00
3593,Patrick,Downs,1993-10-26,33,2021-02-11,64,A,WEALTH,182,23535 Chen Lake Suite 142,Port Jeremyside,MH,31278,4,4.0,Y,Y,Y,Y,130491.94,10000.0,7.65,2026-06-29 19:53:58.123537+00:00
3604,Annette,Kelly,1986-05-15,40,2025-10-27,8,A,MASS,305,47684 Amanda Stream Apt. 015,Johnport,NH,01033,4,4.0,Y,Y,Y,Y,150376.41,10000.0,57.96,2026-06-29 19:53:58.123537+00:00
3607,Anna,Norris,1974-07-13,52,2017-12-01,102,I,SMALL_BIZ,368,4834 Andersen Rapid,Davisport,VA,00563,1,0.0,N,N,N,Y,41431.4,0.0,0.0,2026-06-29 19:53:58.123537+00:00
3623,Kenneth,Brown,1996-12-01,30,2014-06-09,144,A,DIGITAL,244,89782 Tapia Point Apt. 522,Port Adam,SD,80692,3,3.0,Y,Y,N,Y,83056.2,0.0,0.0,2026-06-29 19:53:58.123537+00:00
3632,Mark,Chavez,2005-12-08,21,2020-03-24,75,A,WEALTH,452,92644 Hughes Common,North Kevinchester,WV,34082,3,3.0,Y,Y,Y,N,81323.55,10000.0,1.67,2026-06-29 19:53:58.123537+00:00
3633,Donna,Lewis,1997-01-06,29,2020-05-10,73,A,MASS,5,020 Wheeler Summit,Christineville,KS,75050,2,1.0,N,Y,Y,N,74290.86,5000.0,21.57,2026-06-29 19:53:58.123537+00:00
3635,Sara,Yates,1962-08-24,64,2020-07-14,71,A,MASS,463,864 Jason Haven,Michaelberg,PW,47145,4,4.0,Y,Y,Y,Y,138433.0,2000.0,86.53,2026-06-29 19:53:58.123537+00:00
3640,Brian,White,1989-03-23,37,2023-09-04,33,A,SMALL_BIZ,248,288 Benjamin Squares Apt. 639,New Jessica,PR,22974,2,2.0,N,Y,Y,N,56127.6,2000.0,11.75,2026-06-29 19:53:58.123537+00:00
3648,Matthew,Johnson,1987-02-21,39,2026-04-20,2,A,MASS,390,885 Katherine Drive,Leeland,MN,58698,4,3.0,Y,Y,Y,Y,207982.83,25000.0,66.99,2026-06-29 19:53:58.123537+00:00
3664,Michael,Underwood,1963-01-15,63,2021-05-10,61,A,WEALTH,98,33803 Joseph Hollow Apt. 546,Hernandezshire,OR,63741,4,4.0,Y,Y,Y,Y,129912.67,15000.0,14.7,2026-06-29 19:53:58.123537+00:00
3666,Jared,Ortiz,1983-05-14,43,2012-04-12,170,A,PREMIER,225,2796 Daniel Plains Suite 922,East Anthony,LA,19643,2,2.0,Y,N,Y,N,41201.97,5000.0,3.81,2026-06-29 19:53:58.123537+00:00
3672,Melody,Thompson,1983-05-28,43,2015-05-08,133,A,PREMIER,447,346 Pamela Plains,West Kelly,MS,71980,3,3.0,Y,Y,Y,N,87519.75,15000.0,95.86,2026-06-29 19:53:58.123537+00:00
3673,Sarah,Black,2005-01-13,21,2018-12-05,90,A,PREMIER,274,211 Sharon Ports,North Joshua,TX,19538,3,3.0,N,Y,Y,Y,64427.67,25000.0,14.85,2026-06-29 19:53:58.123537+00:00
3676,George,Duncan,1982-12-20,44,2015-11-23,127,A,STUDENT,358,952 Angela Fork Suite 379,Port Laurie,TX,30160,2,2.0,N,Y,Y,N,28737.77,10000.0,30.04,2026-06-29 19:53:58.123537+00:00
3683,Emma,Morgan,1968-07-05,58,2014-11-28,139,A,MASS,37,95911 Miller Hollow Apt. 327,North Travis,ID,06212,2,2.0,N,Y,Y,N,14303.6,5000.0,18.89,2026-06-29 19:53:58.123537+00:00
3695,Alicia,Griffith,1947-10-30,79,2020-06-09,72,A,MASS,100,7369 Chelsey Dale,Jonesport,AS,04754,2,2.0,Y,Y,N,N,66320.87,0.0,0.0,2026-06-29 19:53:58.123537+00:00
3704,Daniel,Anderson,1948-08-23,78,2023-02-08,40,I,WEALTH,337,98765 Mark Parks,Williamport,UT,60643,4,1.0,Y,Y,Y,Y,137071.74,2000.0,61.07,2026-06-29 19:53:58.123537+00:00
3716,Kelly,Stone,1988-01-31,38,2024-04-12,26,A,PREMIER,121,713 Mitchell Bypass Suite 629,Nicholaschester,NV,62361,1,1.0,Y,N,N,N,17826.74,0.0,0.0,2026-06-29 19:53:58.123537+00:00
3721,Veronica,Meyer,1944-04-25,82,2014-05-15,145,A,WEALTH,10,85478 Jones Ways Suite 729,Millertown,VA,94780,3,3.0,Y,N,Y,Y,113744.25,2000.0,86.57,2026-06-29 19:53:58.123537+00:00
3722,Nicole,Davis,1955-02-08,71,2017-04-26,110,I,WEALTH,23,0877 Hinton Mews,Emilyport,NY,52632,4,4.0,Y,Y,Y,Y,99051.86,25000.0,63.51,2026-06-29 19:53:58.123537+00:00
3727,Anna,Barrera,1998-04-08,28,2017-10-27,104,A,MASS,415,618 Thomas Points,Ellisshire,PW,83672,3,3.0,Y,Y,N,Y,90376.43,0.0,0.0,2026-06-29 19:53:58.123537+00:00
3733,Curtis,Wood,1982-08-30,44,2013-05-05,157,A,SMALL_BIZ,474,6844 David Ridge,South Pattyberg,AZ,23812,1,1.0,N,N,N,Y,19306.63,0.0,0.0,2026-06-29 19:53:58.123537+00:00
3745,Pamela,Rodriguez,1998-11-24,28,2025-09-17,9,A,MASS,460,8273 Copeland Cape,Michaelstad,AR,78576,1,1.0,N,N,Y,N,1730.5,5000.0,34.61,2026-06-29 19:53:58.123537+00:00
3750,Gordon,Lewis,2001-03-24,25,2021-01-24,65,I,PREMIER,336,3664 Scott Overpass,Lisaburgh,CA,46069,3,3.0,Y,Y,N,Y,73874.92,0.0,0.0,2026-06-29 19:53:58.123537+00:00
3757,Richard,Hines,1995-05-26,31,2023-03-10,39,A,WEALTH,58,2231 Karen Port Apt. 675,Caldwellmouth,ID,14638,2,2.0,Y,N,Y,N,55893.63,25000.0,16.1,2026-06-29 19:53:58.123537+00:00
3761,Nicole,Miranda,1948-01-28,78,2023-11-19,31,A,STUDENT,404,624 Christopher Pass,Harrellville,WY,50545,3,3.0,Y,N,Y,Y,52373.64,10000.0,45.82,2026-06-29 19:53:58.123537+00:00
3768,Tina,Hughes,2008-05-20,18,2013-03-26,159,A,STUDENT,365,4526 Hunter Points,Matthewhaven,IN,30862,1,1.0,N,Y,N,N,1217.08,0.0,0.0,2026-06-29 19:53:58.123537+00:00
3778,Caitlyn,Cooper,1999-04-24,27,2021-07-04,59,A,DIGITAL,234,52966 Banks Haven,Fordville,CT,71777,3,2.0,Y,Y,N,Y,106602.34,0.0,0.0,2026-06-29 19:53:58.123537+00:00
3808,Kimberly,Thomas,1957-04-19,69,2017-07-14,107,A,PREMIER,289,783 Richard Extension Suite 991,Tammyborough,AR,10606,3,3.0,Y,Y,N,Y,65120.46,0.0,0.0,2026-06-29 19:53:58.123537+00:00
3810,Henry,Soto,1947-02-22,79,2024-01-12,29,A,MASS,197,08172 Kara Ford Apt. 568,Turnerborough,WY,18660,3,3.0,Y,N,Y,Y,63583.2,5000.0,10.38,2026-06-29 19:53:58.123537+00:00
3821,William,Carter,1981-07-28,45,2021-10-21,56,A,WEALTH,427,2440 Rebecca Stream,Hernandezberg,VI,18382,4,3.0,Y,Y,Y,Y,110653.67,15000.0,75.82,2026-06-29 19:53:58.123537+00:00
3829,Teresa,Simpson,1945-09-29,81,2020-11-08,67,I,MASS,81,769 Johnson Station Suite 225,Danieltown,OR,88266,1,1.0,Y,N,N,N,5031.21,0.0,0.0,2026-06-29 19:53:58.123537+00:00
3832,Barbara,Snyder,1997-05-16,29,2016-04-07,122,A,PREMIER,222,1195 Lawson Pines,South Mariochester,NV,36094,1,1.0,Y,N,N,N,1986.08,0.0,0.0,2026-06-29 19:53:58.123537+00:00
3848,Heather,Cooper,2004-11-16,22,2014-10-18,140,A,STUDENT,183,3559 Patrick Loaf,Downsborough,MS,93660,1,1.0,N,Y,N,N,70609.97,0.0,0.0,2026-06-29 19:53:58.123537+00:00
3858,Kyle,Nguyen,1997-09-03,29,2014-08-17,142,A,MASS,346,2556 Kathleen Street Apt. 020,West Raymondton,DC,69377,2,2.0,N,N,Y,Y,37465.93,5000.0,43.17,2026-06-29 19:53:58.123537+00:00
3862,Brandon,Moyer,1970-01-18,56,2024-03-12,27,A,SMALL_BIZ,420,305 Richard Mills,Tammyshire,TN,83805,1,1.0,N,N,N,Y,10379.74,0.0,0.0,2026-06-29 19:53:58.123537+00:00
3865,Christina,Gould,1965-03-14,61,2018-04-21,98,A,STUDENT,313,75418 Robinson Place,Mitchellside,KS,90159,2,2.0,N,Y,Y,N,59992.1,10000.0,73.43,2026-06-29 19:53:58.123537+00:00
3867,Timothy,Nelson,1990-07-27,36,2013-06-15,156,A,WEALTH,47,12028 Michael Crescent,Erintown,MD,44760,2,2.0,Y,N,N,Y,48656.02,0.0,0.0,2026-06-29 19:53:58.123537+00:00
3870,Ronnie,Brown,1995-09-13,31,2023-07-26,35,A,MASS,275,347 Stacey Burg,West James,KS,85433,4,4.0,Y,Y,Y,Y,187474.95,2000.0,93.84,2026-06-29 19:53:58.123537+00:00
3877,Lisa,Patterson,2002-06-29,24,2025-12-04,6,A,PREMIER,118,01951 Jones Underpass Suite 812,Joeland,DC,59613,3,3.0,N,Y,Y,Y,50216.05,15000.0,27.99,2026-06-29 19:53:58.123537+00:00
3886,Melissa,Mooney,1974-05-13,52,2018-12-11,90,I,WEALTH,263,906 Shaw Fort,East Phyllisshire,OK,69176,2,2.0,Y,Y,N,N,73400.42,0.0,0.0,2026-06-29 19:53:58.123537+00:00
3894,Alan,Davis,1947-09-12,79,2017-02-12,112,A,STUDENT,366,8382 Mark Forest,East Ryan,MH,90348,2,2.0,N,Y,Y,N,41192.42,2000.0,1.38,2026-06-29 19:53:58.123537+00:00
3898,Manuel,Francis,2001-10-12,25,2018-08-26,94,I,MASS,74,72678 Mathis Lodge Suite 070,Port Julie,IN,07292,1,1.0,N,N,N,Y,51129.89,0.0,0.0,2026-06-29 19:53:58.123537+00:00
3909,Brenda,Bowman,1995-01-19,31,2021-04-18,62,A,MASS,237,4455 Gina Locks,South Alexischester,PR,33962,1,1.0,N,Y,N,N,59322.4,0.0,0.0,2026-06-29 19:53:58.123537+00:00
3913,Deanna,Mclaughlin,1969-06-27,57,2018-10-15,92,A,DIGITAL,267,50908 Martinez Cliff,Lake Mark,VT,87744,1,1.0,N,N,N,Y,57002.58,0.0,0.0,2026-06-29 19:53:58.123537+00:00
3916,Cheryl,Hardy,1995-10-24,31,2023-01-19,41,A,DIGITAL,321,2369 Young Shoal Suite 763,New Amanda,ND,31307,2,1.0,N,N,Y,Y,23211.42,25000.0,36.91,2026-06-29 19:53:58.123537+00:00
3920,Daniel,Henry,1976-10-19,50,2018-11-30,91,A,STUDENT,166,3907 Harrington Drive Suite 037,Vasquezmouth,ND,43117,1,1.0,N,N,Y,N,9823.21,25000.0,39.29,2026-06-29 19:53:58.123537+00:00
3930,Kayla,Harris,1991-10-13,35,2026-05-16,1,A,SMALL_BIZ,49,0495 Jefferson Ford,New Rachelshire,DC,59894,1,1.0,Y,N,N,N,62458.76,0.0,0.0,2026-06-29 19:53:58.123537+00:00
3952,Matthew,Smith,1983-05-22,43,2013-08-03,154,I,SMALL_BIZ,243,074 Roberts Court,Johnshire,MN,95032,1,1.0,N,N,N,Y,13308.87,0.0,0.0,2026-06-29 19:53:58.123537+00:00
3960,Michael,Parker,1965-07-18,61,2016-05-12,121,A,SMALL_BIZ,178,59783 Edwards Alley,Robinsonfurt,NV,81756,4,4.0,Y,Y,Y,Y,176165.56,15000.0,59.04,2026-06-29 19:53:58.123537+00:00
3967,Rachel,Peterson,1960-05-06,66,2021-03-10,63,A,PREMIER,332,227 Jones Trail,Louisport,AS,86330,2,2.0,N,Y,Y,N,69878.58,10000.0,58.14,2026-06-29 19:53:58.123537+00:00
3981,Anthony,Cortez,1971-06-29,55,2013-09-13,153,I,STUDENT,8,895 Benjamin Brook Apt. 463,Brooksside,PA,49355,4,2.0,Y,Y,Y,Y,49209.62,2000.0,0.45,2026-06-29 19:53:58.123537+00:00
3983,John,Murray,1944-05-02,82,2018-04-01,98,A,PREMIER,99,244 Krystal Oval Suite 991,North Nathan,LA,21267,4,3.0,Y,Y,Y,Y,114398.44,5000.0,8.09,2026-06-29 19:53:58.123537+00:00
3986,Jane,Johnson,1995-02-27,31,2014-02-06,148,I,STUDENT,102,668 Frazier Locks,East Elizabeth,VI,66252,1,1.0,N,N,Y,N,7468.16,15000.0,49.79,2026-06-29 19:53:58.123537+00:00
3989,Adam,Gonzalez,1943-06-25,83,2013-04-15,158,A,PREMIER,175,48001 Rebecca Junctions Apt. 802,South Peter,CT,41647,3,3.0,Y,Y,Y,N,92551.97,5000.0,69.77,2026-06-29 19:53:58.123537+00:00
4004,Danielle,Wong,1982-02-06,44,2026-04-03,2,A,MASS,396,0488 Park Village,Taramouth,AS,53084,2,1.0,N,Y,N,Y,44581.09,0.0,0.0,2026-06-29 19:53:58.123537+00:00
4006,Kelly,Jenkins,1967-02-06,59,2019-10-17,80,A,PREMIER,487,0748 Stephen Curve Apt. 709,East Kimberlyton,AS,08275,3,2.0,Y,Y,N,Y,79530.72,0.0,0.0,2026-06-29 19:53:58.123537+00:00
4014,Amber,Jackson,1976-01-13,50,2023-09-21,33,A,SMALL_BIZ,324,769 Briggs Ports,North Beckyville,OK,32563,3,2.0,Y,N,Y,Y,10650.05,2000.0,54.72,2026-06-29 19:53:58.123537+00:00
4029,Christopher,Larson,1997-11-29,29,2017-02-28,112,A,STUDENT,206,73422 Chan Freeway,Scotttown,WY,60492,3,3.0,Y,Y,N,Y,78346.65,0.0,0.0,2026-06-29 19:53:58.123537+00:00
4041,Sara,Miles,1984-05-15,42,2024-09-09,21,I,PREMIER,245,76022 Harold Stream,Andrewfurt,ME,84953,3,3.0,Y,N,Y,Y,36572.48,2000.0,50.44,2026-06-29 19:53:58.123537+00:00
4052,Maria,Willis,1961-08-01,65,2014-09-09,141,A,STUDENT,422,93190 Julian Fork,Berryfurt,MA,45330,4,4.0,Y,Y,Y,Y,128380.4,15000.0,27.04,2026-06-29 19:53:58.123537+00:00
4053,Michael,Campos,1992-03-09,34,2022-04-21,50,I,PREMIER,331,670 Kimberly Squares,Watkinsfurt,WA,98375,4,4.0,Y,Y,Y,Y,97331.62,25000.0,50.69,2026-06-29 19:53:58.123537+00:00
4056,Tina,Williams,2001-06-01,25,2016-08-03,118,A,WEALTH,335,53682 Schultz Groves,West Penny,SD,37564,2,0.0,Y,N,N,Y,62229.57,0.0,0.0,2026-06-29 19:53:58.123537+00:00
4059,Duane,Martinez,1960-02-23,66,2015-12-31,126,I,MASS,491,263 Ross Springs,Port Teresa,ID,38921,3,2.0,Y,N,Y,Y,30485.08,15000.0,22.11,2026-06-29 19:53:58.123537+00:00
4065,Michelle,Murray,2005-07-27,21,2022-05-16,49,I,PREMIER,249,7109 Seth Dam Suite 804,Port Jennifer,DE,50972,3,3.0,Y,Y,Y,N,15499.46,10000.0,60.19,2026-06-29 19:53:58.123537+00:00
4066,Christopher,Nelson,1978-06-02,48,2012-12-07,162,A,WEALTH,395,4746 Ayers Forest Apt. 481,North Gabrielle,IL,74642,2,2.0,N,Y,N,Y,61308.57,0.0,0.0,2026-06-29 19:53:58.123537+00:00
4072,Matthew,Green,2001-04-15,25,2012-11-02,163,A,SMALL_BIZ,41,49985 Brenda Station,North Emily,HI,09343,1,1.0,Y,N,N,N,38202.64,0.0,0.0,2026-06-29 19:53:58.123537+00:00
4077,Marissa,Medina,1987-03-27,39,2012-05-31,169,A,MASS,26,49054 Andrew Shoals,New Jacob,DC,51469,1,1.0,N,N,Y,N,3694.74,5000.0,73.89,2026-06-29 19:53:58.123537+00:00
4084,Angela,Graham,1994-02-13,32,2022-07-16,47,A,DIGITAL,44,430 Holly Landing Apt. 334,North Kyle,PW,79921,3,3.0,Y,Y,Y,N,139728.82,10000.0,84.31,2026-06-29 19:53:58.123537+00:00
4085,Kristina,Baker,1974-10-28,52,2012-03-27,171,A,DIGITAL,373,1959 Harris Green Suite 262,Port Daisy,TN,14424,1,1.0,N,N,Y,N,4036.47,5000.0,80.73,2026-06-29 19:53:58.123537+00:00
4088,Kyle,Flores,1979-10-06,47,2023-03-01,39,A,SMALL_BIZ,421,455 Joseph Parkways,West Justinchester,DE,08506,1,1.0,N,Y,N,N,54507.94,0.0,0.0,2026-06-29 19:53:58.123537+00:00
4096,Heather,Wells,1970-03-07,56,2024-08-21,22,A,STUDENT,134,58926 Conrad Springs Apt. 002,South James,ND,45305,3,3.0,N,Y,Y,Y,85704.52,2000.0,85.55,2026-06-29 19:53:58.123537+00:00
4121,Tracy,Johnson,1984-06-21,42,2022-07-25,47,A,WEALTH,392,550 James Parkways Suite 824,Alexafurt,ME,02394,1,0.0,N,Y,N,N,16937.03,0.0,0.0,2026-06-29 19:53:58.123537+00:00
4128,Nicole,Smith,1956-11-11,70,2024-02-20,28,I,MASS,385,85529 Richards Hollow,Miguelton,GU,82933,1,1.0,N,N,Y,N,5153.1,25000.0,20.61,2026-06-29 19:53:58.123537+00:00
4141,Leonard,Riley,1945-07-28,81,2026-04-22,2,A,PREMIER,167,97785 Wilson Valleys,South Mathew,FL,04776,2,2.0,N,Y,Y,N,32369.3,2000.0,38.8,2026-06-29 19:53:58.123537+00:00
4145,Rebecca,Decker,1958-06-02,68,2015-06-27,132,I,STUDENT,262,54233 Nicholas Mill,Johnfort,CT,45456,2,1.0,N,Y,Y,N,54844.21,10000.0,91.61,2026-06-29 19:53:58.123537+00:00
4160,Darlene,Lee,1991-10-24,35,2024-04-06,26,A,SMALL_BIZ,394,79443 Barnes Drives,Lawsonhaven,PA,57074,2,2.0,Y,N,N,Y,60507.3,0.0,0.0,2026-06-29 19:53:58.123537+00:00
4170,Craig,Mendez,1995-08-11,31,2019-07-28,83,A,MASS,353,168 Jones Expressway,South Javierstad,MS,13011,4,4.0,Y,Y,Y,Y,177128.61,5000.0,93.87,2026-06-29 19:53:58.123537+00:00
4178,Leah,Patterson,1946-05-11,80,2011-12-12,174,A,DIGITAL,381,580 Daniel Forges,Annetteton,AR,39494,1,1.0,N,Y,N,N,51688.39,0.0,0.0,2026-06-29 19:53:58.123537+00:00
4192,Nicole,Gentry,1971-08-05,55,2023-08-05,34,I,SMALL_BIZ,101,8100 Pamela Radial,West Kelseyhaven,AZ,23673,3,2.0,Y,Y,N,Y,51658.06,0.0,0.0,2026-06-29 19:53:58.123537+00:00
4202,Christopher,Meyer,1994-04-04,32,2011-07-26,179,A,DIGITAL,354,2303 Cohen Grove Apt. 275,Port Clinton,NH,14358,4,4.0,Y,Y,Y,Y,96115.27,10000.0,15.77,2026-06-29 19:53:58.123537+00:00
4207,Stacy,Davis,1979-03-05,47,2021-11-26,55,A,DIGITAL,125,232 Ryan Vista,Petersfurt,TX,17640,1,1.0,N,Y,N,N,25263.51,0.0,0.0,2026-06-29 19:53:58.123537+00:00
4227,Joshua,Gardner,1976-12-30,49,2017-07-17,107,A,MASS,327,5353 Eugene Ford Apt. 429,Amandamouth,MD,78764,1,1.0,N,N,N,Y,56023.5,0.0,0.0,2026-06-29 19:53:58.123537+00:00
4228,James,Kelley,1944-02-06,82,2017-11-23,103,A,DIGITAL,100,5383 Carly Points Suite 731,Davidview,PA,07279,4,4.0,Y,Y,Y,Y,126985.26,15000.0,73.07,2026-06-29 19:53:58.123537+00:00
4259,Kathleen,Brown,1975-06-05,51,2021-11-30,55,A,DIGITAL,448,229 Phelps Circles Suite 759,East Pamelahaven,NM,68154,2,2.0,Y,N,Y,N,1780.97,2000.0,39.47,2026-06-29 19:53:58.123537+00:00
4301,Amanda,Stokes,1964-04-01,62,2015-01-06,137,A,WEALTH,102,550 Mendez Gateway,Scottberg,TN,63128,3,3.0,N,Y,Y,Y,88642.37,5000.0,53.69,2026-06-29 19:53:58.123537+00:00
4312,David,Burton,1954-08-23,72,2011-08-23,178,I,WEALTH,485,79156 Thomas Rapid,West Marie,IA,11212,1,1.0,N,N,Y,N,2108.84,15000.0,14.06,2026-06-29 19:53:58.123537+00:00
4318,James,Fleming,1944-08-22,82,2015-04-10,134,A,PREMIER,32,959 Morrison Burgs Apt. 012,Port Shannontown,DC,46407,4,4.0,Y,Y,Y,Y,34539.01,15000.0,65.13,2026-06-29 19:53:58.123537+00:00
4319,Laura,Hall,1996-10-03,30,2016-08-17,118,A,SMALL_BIZ,339,88984 Rachel Springs,Barronborough,NC,41162,4,4.0,Y,Y,Y,Y,121320.42,10000.0,96.05,2026-06-29 19:53:58.123537+00:00
4322,Carmen,Perry,1943-01-10,83,2013-11-27,151,I,SMALL_BIZ,415,37635 Ashley Forges,Rogerschester,OR,95663,3,3.0,Y,Y,N,Y,120589.6,0.0,0.0,2026-06-29 19:53:58.123537+00:00
4325,David,Glover,1991-09-05,35,2019-05-30,85,A,WEALTH,321,727 Alexander Plaza Suite 876,North Ericshire,NJ,81811,1,1.0,N,Y,N,N,59509.07,0.0,0.0,2026-06-29 19:53:58.123537+00:00
4335,Cassandra,Lopez,2007-02-17,19,2021-09-15,57,A,MASS,244,03828 Rhodes Estates,Davidchester,WI,96031,2,1.0,N,Y,Y,N,50939.01,2000.0,18.23,2026-06-29 19:53:58.123537+00:00
4336,Alan,Holland,1956-07-19,70,2017-09-16,105,A,DIGITAL,166,7955 Tonya Row,East Davidton,AK,67217,3,3.0,N,Y,Y,Y,10366.43,25000.0,24.46,2026-06-29 19:53:58.123537+00:00
4338,David,Phillips,1950-07-07,76,2024-08-25,22,I,WEALTH,253,5710 Newton Meadows Apt. 549,North Patricia,LA,86157,3,3.0,Y,Y,N,Y,100938.59,0.0,0.0,2026-06-29 19:53:58.123537+00:00
4342,Amanda,Vasquez,1984-02-13,42,2025-09-26,9,A,MASS,455,83472 Miranda Alley Apt. 282,West Andrew,CT,55741,1,1.0,Y,N,N,N,8962.15,0.0,0.0,2026-06-29 19:53:58.123537+00:00
4363,Shelby,Johnston,1981-06-02,45,2016-04-23,122,A,PREMIER,62,96609 Cynthia Ford Apt. 742,Benjaminmouth,WI,12905,1,1.0,N,N,Y,N,8885.04,25000.0,35.54,2026-06-29 19:53:58.123537+00:00
4364,Hunter,Castaneda,1968-02-04,58,2024-02-01,28,A,DIGITAL,448,9247 Knight Vista,New Steventown,AZ,62662,2,2.0,N,Y,N,Y,89020.25,0.0,0.0,2026-06-29 19:53:58.123537+00:00
4382,Barbara,Ross,1971-04-15,55,2018-04-01,98,A,PREMIER,387,1461 Wesley Avenue Apt. 608,Veronicabury,KS,02287,1,1.0,N,Y,N,N,14957.23,0.0,0.0,2026-06-29 19:53:58.123537+00:00
4400,Michael,Wells,1982-03-22,44,2011-07-06,179,A,PREMIER,375,7295 Cox Harbors,New Cindyfurt,MN,66193,3,2.0,Y,Y,N,Y,89324.9,0.0,0.0,2026-06-29 19:53:58.123537+00:00
4403,Christopher,Williams,2006-08-12,20,2018-06-30,96,A,PREMIER,327,06170 Raymond Ways,Port Emily,AL,92268,1,1.0,N,N,N,Y,24436.24,0.0,0.0,2026-06-29 19:53:58.123537+00:00
4406,Corey,Henry,1998-09-04,28,2017-03-05,111,A,SMALL_BIZ,429,176 Thompson Plain Suite 613,Lake Megan,AK,16806,4,4.0,Y,Y,Y,Y,129895.72,15000.0,17.29,2026-06-29 19:53:58.123537+00:00
4414,William,Walters,2005-04-17,21,2025-03-18,15,A,STUDENT,49,16084 John Knoll Suite 564,Kellyshire,OK,45186,2,2.0,Y,N,Y,N,73881.2,10000.0,22.21,2026-06-29 19:53:58.123537+00:00
4425,Donna,Robinson,1963-03-13,63,2011-09-10,177,A,MASS,229,526 Gerald Junction,Nathanielmouth,CT,19396,3,3.0,Y,Y,N,Y,89450.5,0.0,0.0,2026-06-29 19:53:58.123537+00:00
4427,Maria,Wells,1985-12-23,41,2014-11-29,139,A,DIGITAL,108,5456 Armstrong Isle,Chaneychester,MD,99379,2,2.0,Y,N,Y,N,24528.32,25000.0,19.98,2026-06-29 19:53:58.123537+00:00
4429,Ashley,Lloyd,1944-07-05,82,2016-03-29,123,A,MASS,400,7172 Carlson Inlet,Johnborough,OR,70612,3,3.0,N,Y,Y,Y,90266.9,15000.0,23.45,2026-06-29 19:53:58.123537+00:00
4436,Alexis,Dean,1970-08-11,56,2013-11-07,151,A,MASS,173,05046 Phillip Street,Port Michaelside,NY,55108,3,3.0,Y,Y,N,Y,139291.36,0.0,0.0,2026-06-29 19:53:58.123537+00:00
4441,Tracy,Webb,1955-12-09,71,2013-12-13,150,I,STUDENT,357,5313 Hines Inlet,Jacobfurt,NC,33558,1,1.0,N,N,Y,N,5519.26,15000.0,36.8,2026-06-29 19:53:58.123537+00:00
4456,Lisa,Cruz,2000-10-09,26,2012-10-26,164,A,SMALL_BIZ,295,405 Harrington Squares Apt. 420,Ronaldmouth,DE,15324,2,2.0,Y,N,Y,N,81387.04,5000.0,97.85,2026-06-29 19:53:58.123537+00:00
4464,Robert,Clark,1952-04-24,74,2013-11-22,151,A,SMALL_BIZ,179,7458 Steve Extension,Mollystad,NJ,23861,4,3.0,Y,Y,Y,Y,105782.22,15000.0,24.33,2026-06-29 19:53:58.123537+00:00
4470,Peggy,Salazar,1958-09-26,68,2012-07-30,167,I,PREMIER,350,67800 Andrew Avenue Apt. 901,Amandahaven,FL,76837,2,1.0,Y,N,Y,N,79842.11,10000.0,19.06,2026-06-29 19:53:58.123537+00:00
4477,Amanda,Townsend,2007-09-16,19,2021-06-21,60,A,WEALTH,74,89861 Lawson Via,South Chasefort,VT,58488,1,1.0,N,Y,N,N,32892.01,0.0,0.0,2026-06-29 19:53:58.123537+00:00
4483,Michele,Martinez,1973-02-26,53,2020-03-23,75,A,DIGITAL,308,1496 Zachary Harbor,Lake Laurenmouth,MP,39294,4,4.0,Y,Y,Y,Y,175122.0,2000.0,99.85,2026-06-29 19:53:58.123537+00:00
4492,Kenneth,Green,1958-12-26,68,2016-11-13,115,A,DIGITAL,117,0406 Katelyn Crossroad,Reneeport,WI,13100,4,3.0,Y,Y,Y,Y,148385.54,2000.0,9.74,2026-06-29 19:53:58.123537+00:00
4498,Bethany,Gordon,1957-01-13,69,2018-03-20,99,A,MASS,15,832 Rosales Mountains Apt. 273,Brockberg,ID,47880,4,4.0,Y,Y,Y,Y,87796.08,10000.0,88.81,2026-06-29 19:53:58.123537+00:00
4501,Penny,Carroll,1985-02-11,41,2022-02-03,52,A,STUDENT,112,8044 Pamela Green,Guzmanland,ID,12498,4,4.0,Y,Y,Y,Y,99768.75,10000.0,39.41,2026-06-29 19:53:58.123537+00:00
4502,Susan,Hernandez,1960-04-16,66,2022-09-23,45,A,SMALL_BIZ,468,0252 Chelsey Highway,Salinasport,HI,98012,4,4.0,Y,Y,Y,Y,157605.36,2000.0,62.35,2026-06-29 19:53:58.123537+00:00
4503,Elaine,Freeman,1995-05-29,31,2012-10-29,164,A,STUDENT,91,65305 Cohen Ranch Apt. 342,Rioschester,MS,95845,3,2.0,N,Y,Y,Y,39778.17,10000.0,74.81,2026-06-29 19:53:58.123537+00:00
4516,Brian,Ramirez,1962-08-10,64,2024-11-23,19,A,STUDENT,47,662 Smith Passage Suite 228,North Kara,MT,86436,2,1.0,N,Y,Y,N,28886.59,15000.0,20.88,2026-06-29 19:53:58.123537+00:00
4526,Dawn,Vazquez,1948-04-19,78,2025-03-05,15,A,SMALL_BIZ,358,0876 Gutierrez Cliff,West Sarahbury,VI,42741,1,0.0,Y,N,N,N,54471.15,0.0,0.0,2026-06-29 19:53:58.123537+00:00
4537,Heidi,Haas,2006-03-19,20,2012-02-12,172,A,SMALL_BIZ,105,72567 Smith Row,Jeffreyfurt,DC,83626,2,1.0,Y,N,Y,N,39339.6,5000.0,20.66,2026-06-29 19:53:58.123537+00:00
4540,Heather,Yates,1999-04-23,27,2018-09-21,93,A,SMALL_BIZ,60,21695 Alexander Flats,Bobbyhaven,UT,58943,4,4.0,Y,Y,Y,Y,136371.61,25000.0,52.47,2026-06-29 19:53:58.123537+00:00
4551,William,Carpenter,1975-02-20,51,2019-03-24,87,I,SMALL_BIZ,393,8459 Crystal Ramp Suite 829,New Dawnport,PA,71345,4,3.0,Y,Y,Y,Y,155358.58,2000.0,22.08,2026-06-29 19:53:58.123537+00:00
4553,Nicholas,Romero,1999-02-14,27,2020-08-24,70,A,SMALL_BIZ,59,3628 Hansen Hollow Apt. 234,East Johnbury,WA,20533,2,2.0,Y,Y,N,N,134215.49,0.0,0.0,2026-06-29 19:53:58.123537+00:00
4561,Sara,Hernandez,1985-04-25,41,2020-01-13,77,A,DIGITAL,266,926 Murray Radial,New Fernando,FM,34430,1,1.0,N,Y,N,N,59880.83,0.0,0.0,2026-06-29 19:53:58.123537+00:00
4565,Eric,Ortiz,1972-07-12,54,2022-03-27,51,A,DIGITAL,224,3947 Henry Stream Suite 599,West Kayla,VI,24089,1,1.0,N,N,N,Y,5372.19,0.0,0.0,2026-06-29 19:53:58.123537+00:00
4584,Duane,Jones,1989-05-21,37,2017-12-30,102,A,STUDENT,62,291 Dominguez Trail,Lake Michael,TX,64119,3,3.0,Y,N,Y,Y,65859.07,5000.0,3.95,2026-06-29 19:53:58.123537+00:00
4596,John,Moreno,1963-05-18,63,2014-03-02,147,A,SMALL_BIZ,451,6813 Nathan Path,South Dana,PR,26666,3,3.0,Y,Y,N,Y,106186.11,0.0,0.0,2026-06-29 19:53:58.123537+00:00
4605,Robin,Brady,2000-09-01,26,2025-11-11,7,A,WEALTH,281,923 Dennis Camp,Lake Michealfurt,MO,33998,2,1.0,N,N,Y,Y,28358.01,5000.0,11.79,2026-06-29 19:53:58.123537+00:00
4611,Bryan,Woods,1990-11-18,36,2022-05-10,49,A,SMALL_BIZ,197,583 Reynolds Course Apt. 339,South Jonathan,MO,70184,1,1.0,N,N,N,Y,53438.01,0.0,0.0,2026-06-29 19:53:58.123537+00:00
4641,Bruce,Larsen,1960-11-29,66,2020-06-20,72,I,SMALL_BIZ,101,0054 Larson Locks,West David,LA,56571,2,1.0,N,N,Y,Y,24418.87,10000.0,75.63,2026-06-29 19:53:58.123537+00:00
4662,Darryl,Kent,1950-12-28,76,2023-02-05,40,A,SMALL_BIZ,468,37820 Hannah Manor,North Douglas,OR,03087,2,1.0,Y,Y,N,N,116891.55,0.0,0.0,2026-06-29 19:53:58.123537+00:00
4673,Sarah,Jones,1985-08-09,41,2025-08-11,10,A,PREMIER,222,769 Jeffrey Well,Grayton,WI,38228,4,4.0,Y,Y,Y,Y,123040.86,2000.0,38.42,2026-06-29 19:53:58.123537+00:00
4674,Sandra,Bowman,1989-07-15,37,2018-07-15,95,A,DIGITAL,26,0956 Robinson Extensions Suite 535,Lake Dennisview,VT,89284,1,1.0,Y,N,N,N,25815.46,0.0,0.0,2026-06-29 19:53:58.123537+00:00
4698,Timothy,Carter,1948-09-07,78,2017-10-30,104,A,MASS,256,1911 Grant Lodge,Markchester,NY,74191,1,1.0,N,N,N,Y,4992.42,0.0,0.0,2026-06-29 19:53:58.123537+00:00
4705,Timothy,Ray,1977-02-25,49,2019-10-04,80,A,PREMIER,448,38718 Craig Plain,North David,PR,76066,3,3.0,Y,Y,N,Y,105567.88,0.0,0.0,2026-06-29 19:53:58.123537+00:00
4707,Amber,Ortiz,1952-06-17,74,2021-12-30,54,A,WEALTH,188,556 Jones Canyon Suite 326,East Collinfort,MO,56930,4,4.0,Y,Y,Y,Y,183492.85,5000.0,74.0,2026-06-29 19:53:58.123537+00:00
4737,Brian,Schmidt,1989-12-18,37,2012-02-14,172,A,PREMIER,231,228 Cervantes Trace,Taraton,KS,01166,1,1.0,N,N,N,Y,13534.7,0.0,0.0,2026-06-29 19:53:58.123537+00:00
4746,Stephanie,Cole,1970-04-25,56,2016-12-17,114,A,STUDENT,410,935 Mark Brooks Suite 023,Snyderville,GU,50309,1,1.0,N,N,N,Y,19765.66,0.0,0.0,2026-06-29 19:53:58.123537+00:00
4758,Tabitha,Johnson,1959-04-15,67,2026-01-15,5,A,PREMIER,445,50038 Steven Parkways Suite 426,South Toddstad,FM,39145,4,3.0,Y,Y,Y,Y,104885.83,15000.0,95.17,2026-06-29 19:53:58.123537+00:00
4759,Derek,Baird,1986-05-01,40,2019-08-25,82,A,MASS,73,81453 Spencer Flat Apt. 918,North William,SC,96102,3,2.0,Y,N,Y,Y,93045.72,10000.0,40.83,2026-06-29 19:53:58.123537+00:00
4767,Christina,Gibson,1992-08-24,34,2015-08-23,130,I,SMALL_BIZ,121,87886 Macdonald Loaf Suite 862,West Chad,SD,81504,4,4.0,Y,Y,Y,Y,100393.62,15000.0,53.79,2026-06-29 19:53:58.123537+00:00
4769,Katie,Medina,1988-11-07,38,2023-11-21,31,A,MASS,385,16142 Garcia Mountain Apt. 013,Robinsonview,VI,23703,4,4.0,Y,Y,Y,Y,100223.03,15000.0,10.4,2026-06-29 19:53:58.123537+00:00
4776,Suzanne,Walker,1971-03-09,55,2022-08-22,46,I,WEALTH,22,889 John Turnpike,Hudsonburgh,MN,97837,2,2.0,Y,N,Y,N,33659.51,2000.0,0.95,2026-06-29 19:53:58.123537+00:00
4777,Kathleen,Cole,1957-03-04,69,2017-07-12,107,A,DIGITAL,487,68700 Elizabeth Islands Apt. 620,Roberthaven,AL,53638,4,4.0,Y,Y,Y,Y,130122.47,2000.0,10.55,2026-06-29 19:53:58.123537+00:00
4778,Jennifer,Jacobs,1997-01-22,29,2012-11-23,163,A,STUDENT,164,27511 Lauren Harbors,Wongbury,VI,37160,1,1.0,N,Y,N,N,24478.64,0.0,0.0,2026-06-29 19:53:58.123537+00:00
4789,Karen,Stephens,1983-12-27,43,2013-08-24,154,A,MASS,285,05726 Linda Village,East Lori,WI,18052,1,1.0,N,N,N,Y,30494.73,0.0,0.0,2026-06-29 19:53:58.123537+00:00
4800,Ashley,Gonzalez,1969-03-27,57,2013-07-06,155,A,STUDENT,13,949 Grace Trail Suite 553,Davidburgh,MP,99836,3,3.0,Y,Y,N,Y,74649.5,0.0,0.0,2026-06-29 19:53:58.123537+00:00
4801,Alejandro,Marshall,2005-09-14,21,2020-03-11,75,A,DIGITAL,425,22182 Marcus Orchard,Danielsville,MT,12032,1,1.0,Y,N,N,N,52300.66,0.0,0.0,2026-06-29 19:53:58.123537+00:00
4825,Amber,Sullivan,1947-08-01,79,2023-07-04,35,A,STUDENT,460,9666 Robert View,Wilsonfort,MI,80261,4,4.0,Y,Y,Y,Y,96104.18,2000.0,12.87,2026-06-29 19:53:58.123537+00:00
4826,Catherine,Herrera,1992-03-28,34,2015-10-01,128,A,MASS,364,435 Kimberly Rue Apt. 366,New Colton,AK,67804,2,1.0,N,Y,N,Y,53137.82,0.0,0.0,2026-06-29 19:53:58.123537+00:00
4831,Tiffany,Rodriguez,1985-07-13,41,2026-01-21,5,A,DIGITAL,367,3618 Dylan Trail Apt. 572,Lake Madelineside,MT,27184,1,0.0,Y,N,N,N,41927.16,0.0,0.0,2026-06-29 19:53:58.123537+00:00
4835,Jessica,Anderson,1954-12-31,71,2020-07-23,71,A,SMALL_BIZ,283,87209 Sheri Orchard Suite 014,Jeffreychester,FL,88194,1,0.0,N,N,Y,N,1612.94,10000.0,16.13,2026-06-29 19:53:58.123537+00:00
4867,Denise,Palmer,1975-06-17,51,2025-03-23,15,A,MASS,339,6338 Lawson Stream Suite 229,Olsonview,GA,17552,4,3.0,Y,Y,Y,Y,78809.45,5000.0,97.91,2026-06-29 19:53:58.123537+00:00
4871,Dana,Lee,1956-09-22,70,2025-02-08,16,A,SMALL_BIZ,315,6694 Arnold Row,West Coreyport,OR,94604,1,1.0,N,N,N,Y,23646.28,0.0,0.0,2026-06-29 19:53:58.123537+00:00
4882,Michael,Martinez,2003-06-25,23,2017-11-11,103,A,MASS,159,59111 Mclaughlin Isle,Emilyfort,SD,78397,3,3.0,Y,Y,N,Y,27432.82,0.0,0.0,2026-06-29 19:53:58.123537+00:00
4906,Johnny,Rodgers,1994-06-18,32,2017-12-12,102,A,DIGITAL,62,3824 John Expressway,New Jose,CA,08123,1,1.0,N,N,Y,N,4825.33,10000.0,48.25,2026-06-29 19:53:58.123537+00:00
4912,Kristina,Mason,1956-08-03,70,2021-08-04,58,A,DIGITAL,76,862 Fleming Plains Apt. 831,Brittanytown,RI,16112,1,1.0,N,N,N,Y,28446.93,0.0,0.0,2026-06-29 19:53:58.123537+00:00
4930,William,Garcia,1991-10-28,35,2012-04-01,170,I,SMALL_BIZ,465,007 Amy Vista,New Kimberlyhaven,FM,86717,4,4.0,Y,Y,Y,Y,92728.17,10000.0,36.58,2026-06-29 19:53:58.123537+00:00
4935,Alexandra,Smith,1986-10-13,40,2023-12-24,30,A,STUDENT,16,89072 Jose Road,Gonzalezside,MS,71472,4,4.0,Y,Y,Y,Y,133162.2,5000.0,49.34,2026-06-29 19:53:58.123537+00:00
4939,Erica,Koch,1951-11-07,75,2024-10-28,20,A,MASS,429,979 Amanda Locks Apt. 674,Hansonmouth,VI,82707,4,4.0,Y,Y,Y,Y,118380.43,15000.0,78.7,2026-06-29 19:53:58.123537+00:00
4953,Jill,Roberson,1951-01-03,75,2016-04-16,122,A,SMALL_BIZ,278,30324 Villanueva Dale,New Jonathanview,HI,39687,4,3.0,Y,Y,Y,Y,144472.11,5000.0,43.0,2026-06-29 19:53:58.123537+00:00
4958,Becky,Roberts,1983-01-12,43,2024-05-28,25,A,MASS,126,03919 Smith Fields Apt. 247,North Kevin,AL,85809,4,4.0,Y,Y,Y,Y,140051.23,15000.0,70.18,2026-06-29 19:53:58.123537+00:00
4959,Jeffrey,Smith,1998-10-17,28,2018-12-31,90,A,SMALL_BIZ,139,9796 John Forest,Herreramouth,CT,01407,4,4.0,Y,Y,Y,Y,125988.6,10000.0,57.8,2026-06-29 19:53:58.123537+00:00
4968,Roger,Haley,1996-06-12,30,2020-03-21,75,A,WEALTH,161,49607 Kelly Centers Apt. 038,Vazquezstad,RI,30748,1,1.0,N,N,Y,N,1079.69,2000.0,53.98,2026-06-29 19:53:58.123537+00:00
4971,Lindsay,Anderson,1971-07-30,55,2018-11-03,91,A,PREMIER,281,692 White Shoal Apt. 034,Port Dustinshire,MA,07604,3,3.0,Y,Y,N,Y,90112.52,0.0,0.0,2026-06-29 19:53:58.123537+00:00
4977,Michael,Alexander,1972-06-25,54,2013-08-07,154,A,STUDENT,182,60413 Olivia Keys Suite 501,Port Heather,ND,14107,1,1.0,N,N,Y,N,17335.85,25000.0,69.34,2026-06-29 19:53:58.123537+00:00
4992,Catherine,Russell,1989-11-12,37,2023-12-17,30,A,SMALL_BIZ,252,64469 Sullivan Hills Suite 740,Haletown,ND,54002,1,0.0,Y,N,N,N,18276.15,0.0,0.0,2026-06-29 19:53:58.123537+00:00
